actor1,event_count,inter1,top_admin1,top_sub_event,total_fatalities
Military Forces of Myanmar (2021-),42827,State forces,Sagaing,Armed clash,31250
Protesters (Myanmar),18163,Protesters,Sagaing,Peaceful protest,515
Unidentified Armed Group (Myanmar),6990,Political militia,Yangon,Remote explosive/landmine/IED,4294
Military Forces of Myanmar (2016-2021),3617,State forces,Rakhine,Armed clash,3334
Civilians (Myanmar),2228,Civilians,Sagaing,Other,1
Military Forces of Myanmar (2011-2016),2164,State forces,Shan-North,Armed clash,2747
KIO/KIA: Kachin Independence Organization/Kachin Independence Army,1709,Rebel group,Kachin,Armed clash,3610
Unidentified Anti-Coup Armed Group,1569,Political militia,Sagaing,Armed clash,2572
ULA/AA: United League of Arakan/Arakan Army,1470,Rebel group,Rakhine,Armed clash,4400
KNU/KNLA: Karen National Union/Karen National Liberation Army,1459,Rebel group,Kayin,Armed clash,4565
PSLF/TNLA: Palaung State Liberation Front/Ta'ang National Liberation Army,808,Rebel group,Shan-North,Armed clash,801
Police Forces of Myanmar (2021-),738,State forces,Magway,Arrests,101
People's Defense Force - Myaing,565,Political militia,Magway,Armed clash,1145
MNTJP/MNDAA: Myanmar National Truth and Justice Party/Myanmar National Democratic Alliance Army,522,Rebel group,Shan-North,Armed clash,961
RCSS/SSA-S: Restoration Council of Shan State/Shan State Army-South,389,Rebel group,Shan-North,Armed clash,80
Pyu Saw Htee,319,Political militia,Sagaing,Attack,174
PDF: People's Defense Force,278,Political militia,Sagaing,Armed clash,487
Government of Myanmar (2021-) State Administration Council,271,State forces,Nay Pyi Taw,Other,0
KNDF: Karenni Nationalities Defense Force,243,Political militia,Kayah,Armed clash,762
Rioters (Myanmar),241,Rioters,Rakhine,Mob violence,328
People's Defense Force - Yesagyo,237,Political militia,Magway,Armed clash,354
SSPP/SSA-N: Shan State Progress Party/Shan State Army-North,214,Rebel group,Shan-South,Armed clash,37
People's Defense Force - Thayarwady District,197,Political militia,Bago-West,Armed clash,733
CNF/CNA: Chin National Front/Chin National Army,186,Rebel group,Chin,Armed clash,702
Natogyi People's Defense Force,184,Political militia,Mandalay,Air/drone strike,417
People's Defense Force - Shwebo District,174,Political militia,Sagaing,Armed clash,511
People's Defense Force - Pyay District,173,Political militia,Bago-West,Armed clash,272
People's Defense Force - Launglon,159,Political militia,Tanintharyi,Armed clash,296
Military Forces of Myanmar (1988-2011),156,State forces,Kayin,Armed clash,718
KNPP/KA: Karenni National Progressive Party/Karenni Army,151,Rebel group,Kayah,Armed clash,863
People's Defense Force - Kalay,135,Political militia,Sagaing,Armed clash,592
Military Forces of Myanmar (2021-) People's Militia Force,135,State forces,Kachin,Attack,84
People's Defense Force - Myingyan District,133,Political militia,Mandalay,Armed clash,557
ARSA: Arakan Rohingya Salvation Army,121,Rebel group,Rakhine,Armed clash,377
People's Defense Force - Monywa District,116,Political militia,Sagaing,Armed clash,311
Police Forces of Myanmar (2021-) Prison Guards,114,State forces,Mandalay,Attack,56
Military Forces of Myanmar (2021-) Border Guard Force,114,State forces,Kayin,Shelling/artillery/missile attack,79
People's Defense Force - Myeik District,113,Political militia,Tanintharyi,Armed clash,268
People's Defense Force - South Monywa,109,Political militia,Sagaing,Armed clash,210
People's Defense Force - Gangaw District,109,Political militia,Magway,Armed clash,325
Ye Bi Lu Aphwe: Ye Ogre Group,107,Political militia,Mon,Armed clash,194
MBT: Myingyan Black Tiger,105,Political militia,Magway,Armed clash,361
People's Defense Force - Ye-U,98,Political militia,Sagaing,Armed clash,155
MSPDF: Myaung Special People's Defense Force,94,Political militia,Sagaing,Air/drone strike,153
Kani People's Defense Force - KLG,94,Political militia,Sagaing,Armed clash,510
Unicorn Guerrilla Force,91,Political militia,Sagaing,Air/drone strike,94
People's Defense Force - Chaung-U,91,Political militia,Sagaing,Remote explosive/landmine/IED,399
Zero Guerrilla Force - Myingyan,90,Political militia,Sagaing,Armed clash,466
PNO/PNA: Pa-Oh National Organization/Pa-Oh National Army,89,Political militia,Shan-South,Attack,136
People's Defense Force - Mandalay,88,Political militia,Mandalay,Armed clash,158
People's Defense Force - Pakokku,87,Political militia,Magway,Armed clash,161
People's Defense Force - Pakokku District,86,Political militia,Magway,Armed clash,232
Chinland Defense Force - Mindat,82,Political militia,Chin,Armed clash,193
People's Defense Force - Madaya,78,Political militia,Mandalay,Remote explosive/landmine/IED,168
KNDO: Karen National Defense Organization,77,Rebel group,Kayin,Armed clash,235
People's Defense Force - Yinmarbin District,77,Political militia,Sagaing,Armed clash,190
Brotherhood Alliance,77,Rebel group,Shan-North,Armed clash,60
People's Defense Force - Minbu District,75,Political militia,Magway,Armed clash,291
Police Forces of Myanmar (2016-2021),75,State forces,Rakhine,Attack,34
CDSOM: Civilians Defense Security Organization Myaung,74,Political militia,Sagaing,Armed clash,344
PPDF: People's Defense Force - Paungde,73,Political militia,Bago-West,Armed clash,98
People's Defense Force - Taze,70,Political militia,Sagaing,Armed clash,389
Kanbalu UG: Kanbalu Underground Warriors,65,Political militia,Sagaing,Armed clash,71
27 Revolution Forces - Myingyan,63,Political militia,Mandalay,Air/drone strike,138
People's Defense Force - Taungtha,61,Political militia,Mandalay,Armed clash,173
People's Defense Force - Phyu,60,Political militia,Bago-East,Air/drone strike,79
People's Defense Force - Shwebo,60,Political militia,Sagaing,Armed clash,110
MDDS: Myingyan District Drone Strike,59,Political militia,Mandalay,Air/drone strike,71
Black Eagle Defense Force-MMU,59,Political militia,Sagaing,Remote explosive/landmine/IED,139
PAFD: People's Army to Fight Dictatorship,59,Political militia,Sagaing,Remote explosive/landmine/IED,119
Black Wolf People's Defense Force,59,Political militia,Sagaing,Armed clash,71
YDF: Yaw Defense Force,59,Political militia,Magway,Armed clash,458
CNO/CNDF: Chin National Organization/Chin National Defense Force,59,Political militia,Chin,Armed clash,179
People's Defense Force - Tanintharyi,58,Political militia,Tanintharyi,Armed clash,86
Chinland Defense Force - Hakha,58,Political militia,Chin,Armed clash,143
Police Forces of Myanmar (2021-) Border Guard Police,58,State forces,Rakhine,Change to group/activity,23
UGP-OKPO: Underground Guerrilla Forces - Okpo,57,Political militia,Bago-West,Armed clash,127
People's Defense Force - Thayet District,57,Political militia,Magway,Armed clash,287
MRDA: Myanmar's Royal Dragon Army,56,Political militia,Sagaing,Armed clash,284
PRDF: Palaw Regional Defense Force,56,Political militia,Tanintharyi,Air/drone strike,61
People's Security Force,56,Political militia,Sagaing,Armed clash,50
Chin Brotherhood Alliance,55,Political militia,Chin,Armed clash,35
People's Defense Force - Palaw,55,Political militia,Tanintharyi,Armed clash,111
Chindwin Attack Force,55,Political militia,Sagaing,Armed clash,209
People's Defense Force - Myinmu,55,Political militia,Sagaing,Remote explosive/landmine/IED,148
PLA: People's Liberation Army,54,Political militia,Sagaing,Armed clash,242
People's Defense Force - Tamu,54,Political militia,Sagaing,Armed clash,210
Area 71 People's Defense Force (Monywa),54,Political militia,Sagaing,Armed clash,45
Chinland Defense Force - Matupi,54,Political militia,Chin,Armed clash,215
ABSDF: All Burma Students' Democratic Front,53,Rebel group,Sagaing,Armed clash,120
People's Defense Force - Pauk,52,Political militia,Magway,Remote explosive/landmine/IED,166
People's Defense Force - Mingin,52,Political militia,Sagaing,Armed clash,216
KRF: Kyaikhto Revolution Force,52,Political militia,Mon,Armed clash,71
People's Defense Force - Tigyaing,52,Political militia,Sagaing,Remote explosive/landmine/IED,271
People's Defense Force - Nay Pyi Taw,51,Political militia,Nay Pyi Taw,Armed clash,154
GZP-Mandalay: Generation Z Power (Mandalay),50,Political militia,Mandalay,Armed clash,68
People's Defense Force - Beikthano,50,Political militia,Magway,Remote explosive/landmine/IED,49
Kaw Thoo Lei Army,49,Political militia,Tanintharyi,Armed clash,90
Na Gar Ni Pyauk Kyar Tatphwe - Myingyan: Red Dragon Guerrilla Force - Myingyan,49,Political militia,Mandalay,Remote explosive/landmine/IED,188
People's Defense Force - Monywa,49,Political militia,Sagaing,Armed clash,87
DGRF: Dawei Guerrilla Revolution Force,48,Political militia,Tanintharyi,Armed clash,121
Young Force-UG,48,Political militia,Magway,Armed clash,18
People's Defense Force - Yenangyaung,48,Political militia,Magway,Armed clash,62
Government of Myanmar (2016-),48,State forces,Nay Pyi Taw,Other,0
Chinland Defense Force - Kanpetlet,48,Political militia,Chin,Armed clash,155
CDM: Civic Defense Militia - Siyin,47,Political militia,Chin,Remote explosive/landmine/IED,158
SNA: Shanni Nationalities Army,46,Political militia,Sagaing,Abduction/forced disappearance,17
UWSP/UWSA: United Wa State Party/United Wa State Army,46,Rebel group,Shan-North,Other,25
People's Defense Force - Khin-U,46,Political militia,Sagaing,Remote explosive/landmine/IED,136
BHA: Brave Heart Army,46,Political militia,Sagaing,Armed clash,62
MSRF: Mon State Revolutionary Force,46,Political militia,Mon,Armed clash,178
People's Defense Force - Sagaing District,45,Political militia,Sagaing,Armed clash,81
MNRF: Moe Nyo Revolution Force,45,Political militia,Sagaing,Remote explosive/landmine/IED,77
Southern YSO PDF: Southern Yesagyo People's Defense Force,44,Political militia,Magway,Armed clash,208
People's Defense Force - Budalin,43,Political militia,Sagaing,Armed clash,123
Phoenix DF: Phoenix Defense Force (Nattalin),43,Political militia,Bago-West,Armed clash,65
ADPRA: Anti-Dictatorship People's Revolution Army,43,Political militia,Sagaing,Armed clash,144
Taung Nyo Sit Kyaung: Taung Nyo Column,43,Political militia,Mon,Armed clash,84
YA: Yangon Army,43,Political militia,Yangon,Remote explosive/landmine/IED,2
People's Defense Force - Gangaw Battalion,42,Political militia,Magway,Remote explosive/landmine/IED,151
Dark Shadow,42,Political militia,Yangon,Remote explosive/landmine/IED,6
DKPDF: Dog Killers People's Defense Force Myinmu,41,Political militia,Sagaing,Armed clash,116
Wild Tiger Shwebo Local People's Defense Force,41,Political militia,Sagaing,Air/drone strike,134
People's Defense Force - Myohla,41,Political militia,Kachin,Armed clash,87
People's Defense Force - Kale District,41,Political militia,Sagaing,Armed clash,118
People's Defense Force - Salin,41,Political militia,Magway,Armed clash,75
People's Defense Force - Demoso,41,Political militia,Kayah,Armed clash,162
CDF-KKG: Chinland Defense Force - Kalay-Kabaw-Gangaw,40,Political militia,Sagaing,Armed clash,153
BWM: Brave Warriors for Myanmar,40,Political militia,Bago-East,Shelling/artillery/missile attack,201
BLPA: Black Leopard Army,39,Political militia,Sagaing,Armed clash,83
Chindwin Brothers,39,Political militia,Sagaing,Air/drone strike,33
People's Defense Force - Kanbalu District,39,Political militia,Sagaing,Armed clash,209
People's Defense Force - Pekon,39,Political militia,Shan-South,Armed clash,97
YPDF: Ye People's Defense Force,38,Political militia,Mon,Remote explosive/landmine/IED,41
PPDF: Pale People's Defense Force,38,Political militia,Sagaing,Armed clash,151
DDT: Dawei Defense Team,38,Political militia,Tanintharyi,Armed clash,54
Police Forces of Myanmar (2016-2021) Border Guard Police,38,State forces,Rakhine,Armed clash,25
People's Defense Force - Katha,37,Political militia,Sagaing,Armed clash,158
PRA: People's Revolution Army,37,Political militia,Sagaing,Armed clash,183
Earthquake People's Defense Force,36,Political militia,Magway,Armed clash,63
People's Defense Force - Kawthoung,36,Political militia,Tanintharyi,Armed clash,51
Danger Force LDF,36,Political militia,Sagaing,Armed clash,56
NMD: No More Dictatorship People's Defense Force,35,Political militia,Mandalay,Remote explosive/landmine/IED,0
PKDF MMU: People's Knight Defense Force - Myinmu,35,Political militia,Sagaing,Armed clash,34
Police Forces of Myanmar (2011-2016),35,State forces,Rakhine,Attack,68
Nat Soe Myay Auk Taw Hlan Yay Tatphwe: Demon Underground Revolutionary Force,35,Political militia,Mandalay,Remote explosive/landmine/IED,75
People's Defense Force - Kyaukhtu,35,Political militia,Magway,Armed clash,138
HPDF: Homalin People's Defense Force,35,Political militia,Sagaing,Armed clash,30
Mon State Mount Taungnyo People Guerrilla Force,34,Political militia,Mon,Armed clash,137
EGF: Eagle Guerrilla Force - Shwebo,34,Political militia,Sagaing,Armed clash,82
People's Defense Force - Kawlin,34,Political militia,Sagaing,Armed clash,136
People's Defense Force - Pyinoolwin District,33,Political militia,Mandalay,Armed clash,66
People's Defense Force - Myeik,33,Political militia,Tanintharyi,Armed clash,58
Theik Di Shin Taik Nei Pyi Thu Kar Kwei Yay Tatphwe: Theik Di Shin Area People's Defense Force,33,Political militia,Sagaing,Remote explosive/landmine/IED,50
NMSP-AD/NMLA-AD: New Mon State Party - Anti-military Dictatorship/Mon National Liberation Army - Anti-military Dictatorship,33,Rebel group,Mon,Armed clash,125
People's Defense Force - Yinmarbin,33,Political militia,Sagaing,Armed clash,177
TGYR: Youth Guerrilla Counter Revolution,32,Political militia,Mandalay,Armed clash,134
Bo Lin Yone Tatphwe: Bo Eagle Force,32,Political militia,Mandalay,Armed clash,118
Zomi Federal Union/People's Defense Force - Zoland,32,Political militia,Chin,Armed clash,49
Taungoo Kha Yaing Pyi Thu Kar Kwei Yae Tat Ma Taw Tat Yin Ahmat 3501: Taungoo District People's Defense Force Battalion 3501,31,Political militia,Bago-East,Armed clash,138
Thway Thauk Aphwe: Blood Comrades Group (Pro-Military),31,Political militia,Mandalay,Attack,46
FRF: Freedom Revolution Force,31,Political militia,Sagaing,Armed clash,83
Bagan Ogre Force,31,Political militia,Mandalay,Armed clash,47
People's Defense Force - Kyunsu,31,Political militia,Tanintharyi,Armed clash,30
People's Defense Force - Thandaung,31,Political militia,Kayin,Armed clash,134
WTRF: Wundwin Township Revolution Force,31,Political militia,Mandalay,Armed clash,42
People's Defense Force - Ngazun,30,Political militia,Mandalay,Armed clash,100
KDDF: Kyaukse District Defense Force,30,Political militia,Mandalay,Remote explosive/landmine/IED,38
OF: Operation Flame,30,Political militia,Yangon,Remote explosive/landmine/IED,2
People's Defense Force - Bago,29,Political militia,Bago-East,Remote explosive/landmine/IED,16
People's Defense Force - Tamu District,29,Political militia,Sagaing,Armed clash,36
Pu War Ni Sit Kyaung: Red Bandana Column,29,Political militia,Bago-East,Armed clash,109
NRDF: Natogyi Regional Defense Force,29,Political militia,Mandalay,Armed clash,53
People's Defense Force - Takaung,28,Political militia,Mandalay,Remote explosive/landmine/IED,146
USBA: United States Of Burma Army,28,Political militia,Magway,Armed clash,116
FLA: Freeland Attack Force,28,Political militia,Yangon,Remote explosive/landmine/IED,2
People's Defense Force - Kani,28,Political militia,Sagaing,Armed clash,88
ACDF: Asho Chin Defense Force,28,Political militia,Magway,Armed clash,100
Government of Myanmar (2011-2016),28,State forces,Rakhine,Change to group/activity,0
Dawei Kha Yaing Tat Paung Su: Dawei District Joint Forces,27,Political militia,Tanintharyi,Armed clash,124
People's Defense Force - Mawlaik District,27,Political militia,Sagaing,Armed clash,96
People's Defense Force - North Okkalapa,27,Political militia,Yangon,Remote explosive/landmine/IED,1
CGF: Chauk Guerrilla Force,27,Political militia,Magway,Armed clash,79
Chindwin Toe Na Yar People's Defense Force,27,Political militia,Sagaing,Armed clash,28
MRA: Myaung Revolutionary Army,27,Political militia,Sagaing,Remote explosive/landmine/IED,150
PRA Magway: People's Revolution Alliance,27,Political militia,Magway,Armed clash,119
Phoenix SGG,27,Political militia,Sagaing,Air/drone strike,39
People's Defense Force - Kayan,27,Political militia,Yangon,Shelling/artillery/missile attack,41
SSTF: Salingyi Special Task Force,27,Political militia,Sagaing,Air/drone strike,14
BNRA: Burma National Revolutionary Army,27,Political militia,Sagaing,Armed clash,77
People's Defense Force - Kanbalu,27,Political militia,Sagaing,Armed clash,40
Myaung People's Defense Force TGR,26,Political militia,Sagaing,Remote explosive/landmine/IED,91
YGF: Ye Guerrilla Force,26,Political militia,Mon,Armed clash,34
People's Defense Force - Tabayin,26,Political militia,Sagaing,Remote explosive/landmine/IED,79
MVRF: Myaing Villages Revolution Front,26,Political militia,Magway,Armed clash,36
People's Defense Force - Natmauk,26,Political militia,Magway,Armed clash,70
People's Defense Force - Dawei District,25,Political militia,Tanintharyi,Armed clash,104
NTDF: Northern Thandaung Defense Force,25,Political militia,Bago-East,Armed clash,103
Eagle Force,25,Political militia,Magway,Remote explosive/landmine/IED,42
People's Defense Force - Saw Township,25,Political militia,Magway,Armed clash,91
People's Defense Force - Yedashe,25,Political militia,Bago-East,Armed clash,122
People's Defense Force - Myeik District Battalion 2,25,Political militia,Tanintharyi,Armed clash,80
PSR: People's Servant Revolution - Wetlet,25,Political militia,Sagaing,Armed clash,40
Daw Na Column,24,Political militia,Mon,Armed clash,93
Du Ya Ka Sit Kyaung: Du Ya Ka Column,24,Political militia,Tanintharyi,Armed clash,118
People's Defense Force - Nat Taung Dragon,24,Political militia,Sagaing,Remote explosive/landmine/IED,78
Golden Eagle Force - Monywa-V2,24,Political militia,Sagaing,Armed clash,48
Mya Nan Dar Sit Sin Yay (Mandalay): Mya Nan Dar Operation (Mandalay),24,Political militia,Mandalay,Air/drone strike,22
People's Defense Force - Sagaing,24,Political militia,Sagaing,Remote explosive/landmine/IED,41
People's Defense Force - Myaung,24,Political militia,Sagaing,Remote explosive/landmine/IED,81
People's Defense Force - Bago Region,24,Political militia,Bago-East,Remote explosive/landmine/IED,55
Yaw Defense Force (Htilin),24,Political militia,Magway,Armed clash,52
KSO: Khin U Support Organization,24,Political militia,Sagaing,Armed clash,114
Black Dragon GBK People's Defense Force,24,Political militia,Bago-West,Armed clash,46
Shar Htoo Waw Drone Nee Pyin Nyar Aphwe: Shar Htoo Waw Drone Technical Team,24,Political militia,Sagaing,Air/drone strike,12
Rakhine Ethnic Militia (Myanmar),23,Identity militia,Rakhine,Armed clash,169
YPPDF: Yephyu People's Defense Force,23,Political militia,Tanintharyi,Armed clash,116
NSPPDF: Northern Seikphyu People Defense Force,23,Political militia,Magway,Armed clash,83
YRA - Tilin: Yaw Revolution Army - Tilin,23,Political militia,Magway,Armed clash,61
Kayin Force - Tanintharyi,23,Political militia,Tanintharyi,Armed clash,26
King Cobra-Khin U,22,Political militia,Sagaing,Armed clash,37
YPDF: Yaw People's Defense Force,22,Political militia,Magway,Armed clash,58
Nga Pyae Ma Pyauk Kyar Tatphwe: Climbing Perch Guerilla Force,22,Political militia,Magway,Armed clash,48
MSRU: Mon State Revolutionary Union,22,Political militia,Mon,Armed clash,16
People's Defense Force - Magway District,22,Political militia,Magway,Armed clash,77
Thayarwady Galon Tatphwe: Thayarwady Galon Force,22,Political militia,Bago-West,Armed clash,30
Military Forces of Myanmar (2011-2016) Border Guard Force,21,State forces,Kayin,Armed clash,17
DPLF/DPLA: Danu People's Liberation Front/Danu People's Liberation Army,21,Political militia,Shan-South,Armed clash,54
People's Defense Force - Magway,21,Political militia,Magway,Armed clash,30
ACPLF: Anti-Coup People's Liberation Force,21,Political militia,Yangon,Remote explosive/landmine/IED,8
Taw Gyi Mway Hauk Tatphwe: King Cobra Force,21,Political militia,Tanintharyi,Remote explosive/landmine/IED,107
DKBA (Buddhist): Democratic Karen Buddhist Army (2016-),20,Political militia,Kayin,Armed clash,8
People's Defense Force - Wetlet,20,Political militia,Sagaing,Remote explosive/landmine/IED,131
Gyobingauk Hero Pyauk Kyar Tatphwe: Gyobingauk Hero Guerrilla Force,20,Political militia,Bago-West,Armed clash,51
PDAF: People's Defense Air Force,20,Political militia,Sagaing,Air/drone strike,0
People's Defense Force - Kawlin District,20,Political militia,Sagaing,Armed clash,116
BLDF: Burma Liberation Democratic Front,20,Political militia,Sagaing,Armed clash,48
BDF: Brother Defense Force - Yinmarbin,20,Political militia,Sagaing,Armed clash,35
MGW: Magway Guerrilla Warfare,20,Political militia,Magway,Attack,24
Tha Pyay Nyo Pyauk Kyar Tatphwe: Tha Pyay Nyo Guerrilla Force,20,Political militia,Sagaing,Armed clash,31
YSTF: Ye Special Task Forces,20,Political militia,Mon,Armed clash,5
FRF CHU: Farmers Revolution Force CHU,20,Political militia,Sagaing,Remote explosive/landmine/IED,137
AST-MDY: Aung Si Taw - Mandalay,20,Political militia,Mandalay,Remote explosive/landmine/IED,7
Kyaukse Na Gar Ni Pyauk Kyar Tatphwe: Kyaukse Red Dragon Guerrilla Force,19,Political militia,Mandalay,Armed clash,96
Bo Tiger People Defense Force (Wetlet),19,Political militia,Sagaing,Armed clash,88
CDSOM Drone Team,19,Political militia,Sagaing,Air/drone strike,29
Buffalo Soldiers Freedom Force (SBLDF),19,Political militia,Sagaing,Armed clash,37
ZRA: Zomi Revolutionary Army,19,Political militia,Chin,Armed clash,6
ARA: Ayadaw Revolutionary Alliance,19,Political militia,Sagaing,Remote explosive/landmine/IED,38
KRU: Karenni Revolution Union,19,Political militia,Kayah,Armed clash,52
BGS Drone Force - Ayadaw,19,Political militia,Sagaing,Air/drone strike,9
PNLO/PNLA: Pa-Oh National Liberation Organization/Pa-Oh National Liberation Army,19,Rebel group,Shan-South,Armed clash,54
People's Defense Force - Shwe Tan Myay,19,Political militia,Bago-West,Armed clash,46
People's Defense Force - Patheingyi,19,Political militia,Mandalay,Armed clash,48
From Zero to Hero,19,Political militia,Yangon,Remote explosive/landmine/IED,8
People's Defense Force - Hkamti District,19,Political militia,Sagaing,Armed clash,54
People's Defense Force - Htilin,19,Political militia,Magway,Armed clash,92
People's Defense Force - Myingyan,19,Political militia,Mandalay,Armed clash,60
TPC: Taze People Comrades,18,Political militia,Sagaing,Remote explosive/landmine/IED,67
People's Defense Force - Myitnge,18,Political militia,Mandalay,Armed clash,37
TPDF: Thaton People's Defense Force,18,Political militia,Mon,Armed clash,19
CDF: Chinland Defense Force,18,Political militia,Chin,Armed clash,48
T5 Wings,18,Political militia,Tanintharyi,Air/drone strike,24
BTZ GBK People's Defense Force,18,Political militia,Bago-West,Armed clash,32
C&T Shwebo: Crocodile & Tigers Shwebo,18,Political militia,Sagaing,Armed clash,56
TPLF: Tavoy People Liberation Force,18,Political militia,Tanintharyi,Air/drone strike,99
Monywa The Boys,18,Political militia,Sagaing,Armed clash,51
MC-KC DF: Myit Chay- Kyun Chaung Defense Force,18,Political militia,Magway,Remote explosive/landmine/IED,73
People's Defense Force - Mandalay District,18,Political militia,Mandalay,Armed clash,52
People's Defense Force - Indaw,18,Political militia,Sagaing,Armed clash,29
Military Forces of Myanmar (2016-2021) People's Militia Force,18,State forces,Shan-North,Attack,5
Myaing U.A.V Fighter,18,Political militia,Magway,Air/drone strike,11
Black Peacock Guerrilla,18,Political militia,Sagaing,Remote explosive/landmine/IED,51
SAF: Student Armed Force,18,Political militia,Sagaing,Armed clash,116
Kaung Kin Revolution Force - Madaya,18,Political militia,Mandalay,Air/drone strike,29
Bat Ma Lite Pyauk Kyar Aphwe Tanintharyi Township: Impartial Guerrilla Group Tanintharyi Township,18,Political militia,Tanintharyi,Armed clash,13
KPDF: Kachin Region People's Defense Force,18,Political militia,Kachin,Armed clash,47
MGN 35 Pyauk Kyar Tatphwe: MGN 35 Guerrilla Force,17,Political militia,Mandalay,Remote explosive/landmine/IED,64
ASF: Aung San Force,17,Political militia,Sagaing,Armed clash,22
DNLA: Dawei National Liberation Army,17,Political militia,Tanintharyi,Armed clash,81
Pyapon District People's Defense Force Ayeyar Baydar,17,Political militia,Ayeyarwady,Remote explosive/landmine/IED,6
SPGF: Southern Pauk Guerrilla Force,17,Political militia,Magway,Armed clash,104
UURF: Urban Underground Revolution Force - YSO,17,Political militia,Magway,Armed clash,35
Tha Khin Daung Nyo Pyauk Kyar Tatphwe: Master Brown Peacock Guerrilla Force,17,Political militia,Sagaing,Armed clash,11
Cobra Column,17,Political militia,Kayin,Armed clash,29
ULF: Union Liberation Front,17,Political militia,Sagaing,Armed clash,91
People's Defense Force - Nattalin,16,Political militia,Bago-West,Armed clash,28
PSGF: Pakokku Special Guerrilla Force,16,Political militia,Magway,Armed clash,73
MRTF: Middle Revolution Task Force,16,Political militia,Magway,Air/drone strike,17
DKBA (Benevolent): Democratic Karen Benevolent Army (2010-),16,Rebel group,Kayin,Armed clash,4
Daung Sit Aung Local People's Defense Force,16,Political militia,Magway,Armed clash,25
OSTF: One Star Task Force,16,Political militia,Sagaing,Armed clash,50
Kyaukse Kha Yaing Drone Tatphwe: Kyaukse District Drone Force,16,Political militia,Mandalay,Air/drone strike,76
People's Defense Force - Kamma,16,Political militia,Magway,Remote explosive/landmine/IED,5
Kyar Hnyat People's Defense Force,16,Political militia,Mandalay,Remote explosive/landmine/IED,22
People's Defense Force - Minhla,16,Political militia,Bago-West,Remote explosive/landmine/IED,12
OPRF: Oppressed People's Revolutionary Force,16,Political militia,Magway,Armed clash,7
Myeik District People's Defense Force Collective Column 1,16,Political militia,Tanintharyi,Armed clash,14
People's Defense Force - Thanlyin,16,Political militia,Yangon,Armed clash,7
Taungoo Kha Yaing Pyi Thu Kar Kwei Yae Tat Ma Taw Tat Yin Ahmat 3502: Taungoo District People's Defense Force Battalion 3502,16,Political militia,Bago-East,Armed clash,105
TYC-PDF: Daung Min Operation Thayetchaung People's Defense Force,16,Political militia,Tanintharyi,Armed clash,55
TYK Pyauk Kyar Tatphwe: TYK Guerrilla Force,16,Political militia,Magway,Remote explosive/landmine/IED,7
Taw Bone Gyi Pyi Thu Kar Kwei Yay Aphwe: Taw Bone Gyi People's Defense Force,16,Political militia,Tanintharyi,Remote explosive/landmine/IED,22
Albino Tiger Column,16,Political militia,Kayin,Armed clash,69
Aye Yar Daung,16,Political militia,Magway,Armed clash,42
Pale Jokers People's Defense Force,15,Political militia,Sagaing,Armed clash,22
LLSBF: Launglon Steel Butterfly Force,15,Political militia,Tanintharyi,Air/drone strike,14
Naung Yoe Special Guerrilla Force,15,Political militia,Mandalay,Armed clash,43
Pu Ri Yakha Nyi Naung Sit Kyaung: Pu Ri Yakha Brother Column,15,Political militia,Tanintharyi,Armed clash,19
Nei See Ma Char Shwebo Thar Aphwe: Shwebo Fighters without Borders Group,15,Political militia,Sagaing,Air/drone strike,21
Chinland Defense Force - Thantlang,15,Political militia,Chin,Armed clash,62
Ah Htoo Commando Tat Yin - Taung Paing Taing: Special Commando Battalion - Southern Region,15,Political militia,Bago-East,Air/drone strike,36
Wings of Kalay,15,Political militia,Sagaing,Air/drone strike,10
SDDF: Sagaing District Drone Force,15,Political militia,Sagaing,Air/drone strike,32
People's Defense Force Western District Yangon,15,Political militia,Yangon,Remote explosive/landmine/IED,0
DMSA: Dar Ma Sai Army,15,Political militia,Sagaing,Armed clash,34
ALP/ALA: Arakan Liberation Party/Arakan Liberation Army,15,Rebel group,Rakhine,Abduction/forced disappearance,1
Taw Gyi Mway Pway: King Viper,15,Political militia,Mandalay,Remote explosive/landmine/IED,66
CGF-HTY: Civil Guerrilla Force-HTY,15,Political militia,Yangon,Remote explosive/landmine/IED,3
Guerrilla Warfare - K.P.K,15,Political militia,Sagaing,Remote explosive/landmine/IED,76
SRF: Student Revolution Force,15,Political militia,Sagaing,Armed clash,70
People's Defense Force - Paungbyin,15,Political militia,Sagaing,Armed clash,75
People's Defense Force - Thayetchaung,15,Political militia,Tanintharyi,Armed clash,63
Snake Eyes - People's Defense Force (Shwebo),15,Political militia,Sagaing,Remote explosive/landmine/IED,22
Shwebo Crocodile,15,Political militia,Sagaing,Air/drone strike,30
Chindwin Dynamite,15,Political militia,Sagaing,Armed clash,12
UGFK: Urban Guerrilla Force Kalay,15,Political militia,Sagaing,Armed clash,32
MBPDF: Mobye People's Defense Force,15,Political militia,Shan-South,Armed clash,19
Chauk Revolution Army - Yay Nan Myay,15,Political militia,Magway,Armed clash,49
RFF: Regional Friend Fighters,15,Political militia,Sagaing,Remote explosive/landmine/IED,28
Lin Yone Nyi Naung Pyauk Kyar Tatphwe (Sagaing): Eagle Brothers Guerrilla Force (Sagaing),14,Political militia,Sagaing,Armed clash,52
FDPDF: Fire Dragon People's Defense Force,14,Political militia,Bago-East,Armed clash,23
CRA: Chaung U Revolution Army,14,Political militia,Sagaing,Armed clash,26
PBUG: Peacock Brother Urban Guerrilla,14,Political militia,Magway,Armed clash,19
SRSF: Snipe Rangers Force,14,Political militia,Sagaing,Armed clash,26
Shwe Chan Thar Pyauk Kyar Tatphwe: Shwe Chan Thar Guerrilla Force (Myingyan),14,Political militia,Mandalay,Remote explosive/landmine/IED,64
Cho Maing Maing Yinmarbin-Kani Mahar Meik Tat Paung Su: Cho Maing Maing Yinmarbin-Kani Joint Forces,14,Political militia,Sagaing,Remote explosive/landmine/IED,67
Wun Pa Lway Pyauk Kyar Tatphwe - Myaing: Wolf Guerrilla Force - Myaing,14,Political militia,Magway,Armed clash,28
Yesagyo Battalions,14,Political militia,Mandalay,Armed clash,28
People's Defense Force - Yangon,14,Political militia,Yangon,Remote explosive/landmine/IED,26
Phoenix Special Guerrilla Force,14,Political militia,Magway,Armed clash,21
People's Defense Force - Kawa,14,Political militia,Bago-East,Armed clash,7
People's Defense Force - Mandalay District Battalion 3,14,Political militia,Mandalay,Remote explosive/landmine/IED,17
TTA: Taungtha Youth Guerrilla Force,14,Political militia,Mandalay,Armed clash,28
RTGF: Royal Tiger Guerrilla Force,14,Political militia,Sagaing,Air/drone strike,26
GTR-MMU: Ghost Team Ranger Myinmu,14,Political militia,Sagaing,Armed clash,6
GHF: God's Hand Forces,14,Political militia,Yangon,Remote explosive/landmine/IED,0
NMSP/MNLA: New Mon State Party/Mon National Liberation Army,14,Rebel group,Kayin,Armed clash,0
People's Defense Force - Salingyi,14,Political militia,Sagaing,Armed clash,54
Myo Pya Pyauk Kyar Tatphwe - Twantay: Urban Guerrilla Force - Twantay,13,Political militia,Yangon,Attack,16
MDF: Maraland Defense Force,13,Political militia,Chin,Armed clash,10
MYPDF: Myauk Yamar People's Defense Force,13,Political militia,Sagaing,Remote explosive/landmine/IED,33
Peacock Drone Team - Myaung,13,Political militia,Sagaing,Air/drone strike,32
Phaung Daing Phaung Daing Group,13,Political militia,Sagaing,Looting/property destruction,8
Bo Kyar Soe Ta Ko Taw Pyauk Kyar Aphwe: Bo Aggressive Tiger Solo Guerrilla Group,13,Political militia,Magway,Remote explosive/landmine/IED,31
Yadanarbon Tat Oo: Yadanarbon Front,13,Political militia,Mandalay,Air/drone strike,3
People Defense Force - Myay Latt,13,Political militia,Mandalay,Armed clash,66
Black Cobra Force Pakokku,13,Political militia,Magway,Air/drone strike,21
Police Forces of Myanmar (2011-2016) Border Guard Police,13,State forces,Rakhine,Attack,2
PDO/PDA: People's Democratic Organization/People's Democratic Army,13,Political militia,Magway,Armed clash,67
People's Defense Force - Bago District,13,Political militia,Bago-East,Armed clash,16
Royal Falcon Guerrilla Force,13,Political militia,Sagaing,Air/drone strike,1
Oak Awe Column (Dawei),13,Political militia,Tanintharyi,Armed clash,42
Myanmar Defense Force - Taze Tiger,13,Political militia,Sagaing,Armed clash,48
BHA: Ba Htoo Army,13,Political militia,Tanintharyi,Armed clash,39
YUG: Yangon Urban Guerrillas,13,Political militia,Yangon,Remote explosive/landmine/IED,2
Rohingya Muslim Militia (Myanmar),13,Identity militia,Rakhine,Attack,37
Special Force Column - People's Defense Force Commando Battalion,13,Political militia,Bago-East,Air/drone strike,27
UDF: United Democratic Force,13,Political militia,Kayin,Armed clash,11
True Fighter MMU People's Defense Force,13,Political militia,Sagaing,Grenade,25
BRR: Burma Revolution Rangers,13,Political militia,Magway,Armed clash,13
People Defense Force - Yangon Region,13,Political militia,Mon,Armed clash,7
Hlatsee Tat Khwe: Lightning Unit,12,Political militia,Sagaing,Armed clash,25
Sayar San People's Defense Force,12,Political militia,Sagaing,Armed clash,34
Hero Fighter - Salingyi,12,Political militia,Sagaing,Armed clash,8
MG6 Guerrilla Force,12,Political militia,Magway,Armed clash,58
DUGF: Dragon Urban Guerrilla Force,12,Political militia,Sagaing,Air/drone strike,22
People's Defense Force - Yebyu,12,Political militia,Tanintharyi,Armed clash,40
Monywa Nat Soe Aphwe: Monywa Evil Spirit Group,12,Political militia,Sagaing,Armed clash,20
RMA: Ramonnya Mon Army,12,Political militia,Mon,Armed clash,24
People's Defense Force - Waw,12,Political militia,Bago-East,Armed clash,7
Hnalone Hla Lu Maik Gyi Myar A Phwe: Big Beautiful Hearted Hoodlums,12,Political militia,Mandalay,Armed clash,25
KBDF: Kanbauk Defense Force,12,Political militia,Tanintharyi,Armed clash,22
MDF: Myaung Drone Force,12,Political militia,Sagaing,Air/drone strike,5
PSDA: People Security And Defense Army,12,Political militia,Shan-North,Armed clash,37
CAF-SPUPDF: Central Armed Forces - SeikPhyu People's Defense Force,12,Political militia,Magway,Armed clash,50
YRG: Yesagyo Revolution Group,12,Political militia,Magway,Remote explosive/landmine/IED,14
NTG: Northern Tigers Group - Sagaing Region,12,Political militia,Sagaing,Air/drone strike,6
ASTF: Anonymous Special Task Force,12,Political militia,Magway,Air/drone strike,8
Chinland Defense Force - Hualngoram,12,Political militia,Chin,Armed clash,0
Nei See Ma Char Sagaing Thar Aphwe: Sagaing Natives without Borders Group,12,Political militia,Sagaing,Remote explosive/landmine/IED,20
Burma Rangers (Shwebo),12,Political militia,Sagaing,Remote explosive/landmine/IED,69
Dragon Squad - TNI,12,Political militia,Tanintharyi,Air/drone strike,16
Dawei Collective Column,12,Political militia,Tanintharyi,Armed clash,21
SJPDF: Shwe Joe Phyu People's Defense Force,12,Political militia,Mandalay,Armed clash,10
USO: Urban Special Operation,12,Political militia,Yangon,Shelling/artillery/missile attack,5
KNO/KNA: Kuki National Organization/Kuki National Army,12,Rebel group,Sagaing,Armed clash,38
PSTF: Pathein Special Task Force,12,Political militia,Ayeyarwady,Remote explosive/landmine/IED,6
Sittaung Myo Pya Pyauk Kyar Aphwe (NPT): Sittaung Urban Guerrilla Group (Nay Pyi Taw),12,Political militia,Nay Pyi Taw,Remote explosive/landmine/IED,18
KDFC: Ka'Sar Doh Federal Column,12,Political militia,Tanintharyi,Armed clash,45
People's Defense Force - Nyaung-U,12,Political militia,Mandalay,Armed clash,35
K.T.Z.D.F: Kenni Twilight Zone Defense Force,12,Political militia,Bago-East,Armed clash,22
People's Defense Force - Ayadaw,12,Political militia,Sagaing,Armed clash,24
People's Defense Force - Pwintbyu,11,Political militia,Magway,Remote explosive/landmine/IED,22
Ywangan People's Defense Force,11,Political militia,Shan-South,Armed clash,13
Young Wolf Local People's Defense Force,11,Political militia,Sagaing,Air/drone strike,12
People's Defense Force - Tada-U,11,Political militia,Mandalay,Armed clash,10
Soul Takers - Yangon Underground Force,11,Political militia,Yangon,Armed clash,6
MLPDF: Mawlaik People's Defense Force,11,Political militia,Sagaing,Remote explosive/landmine/IED,18
NA-B: Northern Alliance,11,Rebel group,Shan-North,Armed clash,44
GALON People's Defense Force (Tabayin),11,Political militia,Sagaing,Armed clash,18
MBTT: Myaung Bo Tauk Tun,11,Political militia,Sagaing,Remote explosive/landmine/IED,26
Myo Pya Kywet: Urban Rat,11,Political militia,Yangon,Remote explosive/landmine/IED,0
YDPB: Yangon District People's Brigade,11,Political militia,Yangon,Remote explosive/landmine/IED,10
Nway Oo Guerrilla Force,11,Political militia,Tanintharyi,Armed clash,38
Wolf Guerrilla Local People's Defense Force Ye-U,11,Political militia,Sagaing,Armed clash,2
Ah Nyar Mine Aphwe: Upland Mine Group,11,Political militia,Sagaing,Remote explosive/landmine/IED,51
Warazein Tatphwe: Lightning Weapon Force,11,Political militia,Bago-East,Armed clash,28
KNPLF: Karenni Nationalities People's Liberation Front,11,Political militia,Kayah,Armed clash,38
TGR Women Drone Force,11,Political militia,Sagaing,Air/drone strike,6
Black Leopard (Wetlet),11,Political militia,Sagaing,Armed clash,57
KDDF: Kawthoung District Defense Force,11,Political militia,Tanintharyi,Armed clash,11
Monywa Lightning People's Defense Force,11,Political militia,Sagaing,Armed clash,36
HRD: Human Rights Defenders,11,Political militia,Yangon,Remote explosive/landmine/IED,3
MKPDF: Min Kin People Defense Force,11,Political militia,Sagaing,Armed clash,33
People's Defense Force - Loikaw,11,Political militia,Kayah,Air/drone strike,21
People's Defense Force - Bilin,11,Political militia,Mon,Remote explosive/landmine/IED,14
RTF: Royal Tiger Force,11,Political militia,Sagaing,Armed clash,14
CHU LDF: Chaung U Local Defense Force,11,Political militia,Sagaing,Remote explosive/landmine/IED,40
People's Defense Force - Thabeikkyin,11,Political militia,Mandalay,Remote explosive/landmine/IED,17
Daung Nyi Naung PDF: Peacock Brothers People's Defense Force,11,Political militia,Magway,Armed clash,15
Chinland Defense Force - Tonzang,11,Political militia,Chin,Armed clash,20
SOF: Special Operation Force,11,Political militia,Mon,Armed clash,11
Bo Japan Gyi (T.T.T) - Shwebo People's Defense Force,11,Political militia,Sagaing,Remote explosive/landmine/IED,22
DGF - LC: Democratic Guerrilla Force - Lower Chindwin,11,Political militia,Sagaing,Armed clash,33
SBDF: Shwe Bo Defense Force,11,Political militia,Sagaing,Remote explosive/landmine/IED,13
STA: Special Task Agency of Burma,11,Political militia,Yangon,Remote explosive/landmine/IED,10
Taik Nei Sun PDF: Area Kite People's Defense Force,10,Political militia,Sagaing,Shelling/artillery/missile attack,16
Alpha Bats (Fixed Wing) Drone Tatphwe: Alpha Bats (Fixed Wing) Drone Force,10,Political militia,Mon,Air/drone strike,17
Daung Min Thar Yedashe People's Defense Force,10,Political militia,Bago-East,Remote explosive/landmine/IED,44
Justice Soldier- People's Defense Force,10,Political militia,Kayin,Air/drone strike,15
AFF: Anonymous Fighter Force,10,Political militia,Yangon,Remote explosive/landmine/IED,3
Military Forces of India (2014-),10,External/Other forces,Sagaing,Air/drone strike,7
CFG: Chindwin Fighter Group,10,Political militia,Sagaing,Armed clash,8
Mother Son Yangon Force,10,Political militia,Yangon,Remote explosive/landmine/IED,3
Pyi Thu Kar Kwei Yay Tat Ma Taw Tat Yin-7805 Tat Khwe-4 UG: People's Defense Force Battalion-7805 Company-4 UG,10,Political militia,Mon,Armed clash,12
People's Defense Force - Thegon,10,Political militia,Bago-West,Armed clash,23
Natmauk Galon People's Defense Force,10,Political militia,Magway,Armed clash,45
Police Forces of Myanmar (2011-2016) Border Area Immigration Scrutinization and Supervision Bureau (NaSaKa),10,State forces,Rakhine,Attack,6
BHSRF: Black Hawk Seikphyu Revolution Front,10,Political militia,Magway,Shelling/artillery/missile attack,0
Twayt Yar Thin Chaing Dar Ma Saing Pyauk Kyar Aphwe: Kill on Sight Guerrilla Group,10,Political militia,Sagaing,Armed clash,24
KRA: Kyaukse Revolution Army,10,Political militia,Mandalay,Attack,12
People's Defense Force - Upper Minhla,10,Political militia,Magway,Armed clash,39
Special Movement Battalion,10,Political militia,Mandalay,Armed clash,90
Special.9-People's Defense Force,10,Political militia,Sagaing,Remote explosive/landmine/IED,45
YFC: Ye-U Freedom Comrades,10,Political militia,Sagaing,Air/drone strike,2
Military Forces of Myanmar (2016-2021) Border Guard Force,10,State forces,Kayin,Armed clash,11
Future Hero,10,Political militia,Sagaing,Air/drone strike,7
KDF: Karenni Democratic Front,10,Political militia,Kayah,Armed clash,60
Galon Column,10,Political militia,Kayin,Armed clash,27
FBGA: Fighter Brotherhood Guerrilla Army,10,Political militia,Sagaing,Armed clash,0
Crocodile Column,10,Political militia,Tanintharyi,Armed clash,1
MGPDF: Myaing Garuda People's Defense Force,10,Political militia,Magway,Armed clash,11
Wild Elephant Guerrilla Forces (Thabeikkyin),10,Political militia,Mandalay,Air/drone strike,6
People's Defense Force - Shwegu,10,Political militia,Kachin,Air/drone strike,3
Ah Hmat 3 Ah Htoo Hloke Shar Tat Yin: No.3 Special Operation Battalion,10,Political militia,Mandalay,Armed clash,98
Taung Pan Ni People's Defense Force: Red Wing People's Defense Force,10,Political militia,Tanintharyi,Armed clash,12
MTHSF: Mon Thaton Special Forces,10,Political militia,Mon,Remote explosive/landmine/IED,0
KTLA-TCJF (Tanintharyi),10,Political militia,Tanintharyi,Armed clash,9
Dragon Brothers GBK,10,Political militia,Bago-West,Armed clash,16
People's Defense Force - Sinbaungwe,10,Political militia,Magway,Remote explosive/landmine/IED,24
Sar Taung Moe Kyoe Pyi Thu Kar Kwei Yay Tatphwe: Sar Taung Thunder People's Defense Force,10,Political militia,Sagaing,Armed clash,12
Monywa Bandula Hnint A Phwe Thar Myar LDF: Monywa Bandula and Members LDF,10,Political militia,Sagaing,Armed clash,52
KSO: Khin U Special Force Organization,10,Political militia,Sagaing,Air/drone strike,27
Royal Peacock Column,10,Political militia,Bago-East,Armed clash,41
Zarmani Guerrilla Force,10,Political militia,Sagaing,Remote explosive/landmine/IED,28
People's Defense Force - Southern Pauk,9,Political militia,Magway,Armed clash,16
Cobra One PKU,9,Political militia,Magway,Shelling/artillery/missile attack,7
NRG: National Revolutionary Guards,9,Political militia,Sagaing,Armed clash,17
AFTF: Anyar Federal Task Force,9,Political militia,Mandalay,Armed clash,15
People's Defense Force - Bokpyin,9,Political militia,Tanintharyi,Armed clash,15
KMD 18: Kyi Myin Daing 18,9,Political militia,Yangon,Remote explosive/landmine/IED,0
Taungoo Kha Yaing Pyi Thu Kar Kwei Yae Tat Ma Taw: Taungoo District People's Defense Force,9,Political militia,Bago-East,Armed clash,17
PENTAGRAM (Five-Pointed Star),9,Political militia,Sagaing,Remote explosive/landmine/IED,16
DSNDF/DSNDA: Danu State National Defense Front/ Danu State National Defense Army,9,Political militia,Shan-South,Armed clash,23
Super Fighter People's Defense Force,9,Political militia,Magway,Armed clash,10
Phoenix Wings,9,Political militia,Sagaing,Armed clash,7
Karen People's Defense Force (Palaw),9,Political militia,Tanintharyi,Armed clash,9
People's Defense Force - Natogyi (PaKaPha),9,Political militia,Mandalay,Armed clash,17
Myeik District People's Defense Force Collective Column 2,9,Political militia,Tanintharyi,Armed clash,20
People Defense Force - Aung Lan,9,Political militia,Magway,Remote explosive/landmine/IED,30
9 Stars UG - Bago Region,9,Political militia,Bago-East,Armed clash,12
JMPDF: Justice Mandalay People Defense Force,9,Political militia,Mandalay,Remote explosive/landmine/IED,4
PPGF: Popa Production & Guerrilla Force,9,Political militia,Mandalay,Armed clash,14
KSP: Karenni State Police,9,Political militia,Kayah,Abduction/forced disappearance,8
People's Defense Force - Thayet,9,Political militia,Magway,Remote explosive/landmine/IED,11
M7PDA: M7 People's Defense Army,9,Political militia,Sagaing,Armed clash,44
GD: Guerrilla Dawei,9,Political militia,Tanintharyi,Attack,7
Myinmu Lightning Guerrilla Force,9,Political militia,Sagaing,Armed clash,24
Viper King Column (Natmauk People's Defense Organization),9,Political militia,Magway,Remote explosive/landmine/IED,15
Eagle Brigade,9,Political militia,Magway,Air/drone strike,7
People's Defense Force - Shwebo District Battalion 23,9,Political militia,Sagaing,Remote explosive/landmine/IED,26
GOE: Ghost of Enemies Revolution Force,9,Political militia,Magway,Air/drone strike,6
Bar Ma Hti Let Net Gyi Pyauk Kyar Tatphwe: Bar Ma Hti Heavy Weapon Guerrilla Force,9,Political militia,Magway,Shelling/artillery/missile attack,4
PRF: Pauk Revolution Front,9,Political militia,Magway,Armed clash,19
Yoma GBK People's Defense Force,9,Political militia,Bago-West,Armed clash,29
NLA: National Liberation Army,9,Political militia,Sagaing,Armed clash,19
KRRC: Kamma Regional Revolution Coalition,9,Political militia,Magway,Air/drone strike,11
PKU UG: Pakokku Underground,9,Political militia,Magway,Armed clash,15
SRA: Salingyi Revolution Army,9,Political militia,Sagaing,Armed clash,13
GTF: Golden Triangle Force,8,Political militia,Sagaing,Armed clash,14
People's Defense Force - Mogoke,8,Political militia,Mandalay,Armed clash,101
Monywa Nightking,8,Political militia,Sagaing,Remote explosive/landmine/IED,4
Aung San's Land Natmauk,8,Political militia,Magway,Armed clash,32
TRF: Taze Revolution Force,8,Political militia,Sagaing,Remote explosive/landmine/IED,12
UFM: Unity Force Monywa,8,Political militia,Sagaing,Armed clash,6
LSRPDF: Laung She Regional People Defense Force,8,Political militia,Magway,Armed clash,11
People's Defense Force - Mawlamyine,8,Political militia,Mon,Remote explosive/landmine/IED,2
MDF - Shwebo: Myanmar Defense Force - Shwebo,8,Political militia,Sagaing,Armed clash,29
People's Defense Organization - Oktwin,8,Political militia,Bago-East,Armed clash,31
People's Defense Force - Wuntho,8,Political militia,Sagaing,Abduction/forced disappearance,17
YUPA: Yangon UG People Army,8,Political militia,Yangon,Remote explosive/landmine/IED,0
Hlat Ta Pyet Sun Nyo Pyauk Kyar Tatphwe: Snap Kite Guerrilla Force,8,Political militia,Sagaing,Remote explosive/landmine/IED,32
BFFC: Borderless Freedom Federal Column,8,Political militia,Magway,Air/drone strike,4
DRF: Dictator Revolt Front,8,Political militia,Yangon,Remote explosive/landmine/IED,1
Myingyan District Army 803,8,Political militia,Mandalay,Armed clash,20
HRDF: Hlaingtharya Region Defense Force,8,Political militia,Yangon,Remote explosive/landmine/IED,0
RUC: Rangoon Urban Column,8,Political militia,Yangon,Remote explosive/landmine/IED,0
Na Gar Nyi Naung Pyi Thu Kar Kwei Yay Tatphwe: Dragon Brothers People's Defense Force - Madaya,8,Political militia,Mandalay,Remote explosive/landmine/IED,12
Cat Claw Group,8,Political militia,Sagaing,Air/drone strike,13
LPDF-Sintgaing: Local People's Defense Force Sintgaing,8,Political militia,Mandalay,Remote explosive/landmine/IED,4
Chinland Defense Force - Paletwa,8,Political militia,Chin,Armed clash,19
Nei See Ma Char Zarmani Pyauk Kyar Tatphwe: Without Borders Zarmani Guerrilla Force,8,Political militia,Sagaing,Armed clash,12
Alin Tan Pyauk Kyar Tatphwe (Myaing): Light Guerrilla Force (Myaing),8,Political militia,Magway,Air/drone strike,2
Mandalay Ranger Force - People's Defense Force,8,Political militia,Mandalay,Armed clash,8
ASG: Aung San Generation Monywa,8,Political militia,Sagaing,Armed clash,7
SDDF: Saw Dragon Drone Force,8,Political militia,Kayin,Air/drone strike,13
PTTF: Peace Takers Task Force,8,Political militia,Sagaing,Armed clash,5
Flying Dragon Force,8,Political militia,Sagaing,Air/drone strike,13
People's Defense Force - Pinlebu,8,Political militia,Sagaing,Armed clash,16
Me Hmaung Pyauk Kyar Tatphwe: Dark Guerrilla Force,8,Political militia,Sagaing,Armed clash,32
Eagle Guerrilla Group,8,Political militia,Magway,Remote explosive/landmine/IED,13
Northern District People's Defense Force,8,Political militia,Yangon,Remote explosive/landmine/IED,1
GBKPDF: Gyobingauk People's Defense Force,8,Political militia,Bago-West,Armed clash,15
WOH: War Of Hunter Revolution Force,8,Political militia,Yangon,Remote explosive/landmine/IED,0
People's Defense Force - Singu,8,Political militia,Mandalay,Armed clash,56
Shwe Nyar Myae People Defense Force,8,Political militia,Magway,Armed clash,14
DGWCF: Delta Guerrilla Warfare Collective Forces,8,Political militia,Ayeyarwady,Remote explosive/landmine/IED,3
MTGF: Myingyan Twenty one Guerilla Force,8,Political militia,Mandalay,Armed clash,29
STF MDY: Special Task Force - Mandalay,8,Political militia,Mandalay,Attack,6
Monywa Inventor People's Defense Force,8,Political militia,Sagaing,Armed clash,18
FTR: Free Tiger Rangers,8,Political militia,Yangon,Remote explosive/landmine/IED,0
Black Vote Fighter,8,Political militia,Sagaing,Armed clash,29
VOMDY-Front Warrior,7,Political militia,Mandalay,Remote explosive/landmine/IED,3
PRF: Patheingyi Revolution Force,7,Political militia,Mandalay,Attack,3
Ayeyarwady Dolphins,7,Political militia,Ayeyarwady,Armed clash,1
Ah Phyu Yaung PDF: White People's Defense Force,7,Political militia,Sagaing,Armed clash,10
Central Region Task Force,7,Political militia,Kayah,Armed clash,38
LPDF-TGO: Local People's Defense Force Taungoo,7,Political militia,Bago-East,Grenade,19
Kyaikhto People's Defense Force,7,Political militia,Mon,Grenade,1
People's Defense Force - Taungnoo District,7,Political militia,Bago-East,Armed clash,17
UGF: Urban Guerrilla Force - MDY,7,Political militia,Mandalay,Attack,5
Bo Sar Pyauk Kyar Tatphwe: Bo Sar Guerrilla Force,7,Political militia,Mandalay,Air/drone strike,18
Pekhon People's Defense Force - 2,7,Political militia,Shan-South,Armed clash,24
UG Black K,7,Political militia,Kachin,Armed clash,3
YRF: Youth Revolution Force,7,Political militia,Magway,Armed clash,27
People's Defense Force - Banmauk,7,Political militia,Sagaing,Remote explosive/landmine/IED,19
YRF: Young Revolution Front,7,Political militia,Magway,Armed clash,16
People's Defense Force - Bogale,7,Political militia,Ayeyarwady,Attack,2
N-YSO Guerrilla Force,7,Political militia,Magway,Armed clash,3
Police Forces of Myanmar (1988-2011),7,State forces,Shan-East,Attack,15
People's Defense Force - Dawei,7,Political militia,Tanintharyi,Armed clash,32
Chinland Defense Force - Daai,7,Political militia,Chin,Abduction/forced disappearance,3
Police Forces of Myanmar (1988-2011) Border Area Immigration Scrutinization and Supervision Bureau (NaSaKa),7,State forces,Rakhine,Attack,1
Hyper UAV Force,7,Political militia,Magway,Air/drone strike,6
DDPDF: Dawei District People's Defense Frontier,7,Political militia,Tanintharyi,Armed clash,64
NDRF: Ngwe Dwin Revolution Force,7,Political militia,Sagaing,Armed clash,13
YFA: Yangon Federal Army,7,Political militia,Yangon,Remote explosive/landmine/IED,25
SRAF - MWA: Special Regional Attacks Forces - Monywa,7,Political militia,Sagaing,Armed clash,24
Budalin Ninja,7,Political militia,Sagaing,Armed clash,7
RDF PKU: Royal Defense Force PKU,7,Political militia,Magway,Armed clash,6
Black Cobra Column,7,Political militia,Tanintharyi,Armed clash,0
Sittaung Myit Wan Yedashe Sit Sin Yay Aphwe: Sittaung River Basin Yedashe Operation Force,7,Political militia,Bago-East,Armed clash,31
FFGF: Freedom Fighter Guerrilla Force,7,Political militia,Mandalay,Armed clash,18
Daung Thway Ni Pyauk Kyar Tatphwe - YSO: Peacock Red Blood Guerrilla Force - YSO,7,Political militia,Magway,Air/drone strike,35
GYG: Generation Y Guerrilla,7,Political militia,Yangon,Remote explosive/landmine/IED,2
TRF: Tartay Revolution Force,7,Political militia,Magway,Armed clash,19
GRA: Guerrilla Force of Mandalay,7,Political militia,Mandalay,Grenade,6
CNDF: Chindwin National Defense Force,7,Political militia,Chin,Armed clash,25
People's Defense Force - Thein Za Yat,7,Political militia,Mon,Attack,8
Bamar Army,7,Political militia,Magway,Armed clash,76
TR: THU RAIN,7,Political militia,Magway,Armed clash,20
MDA - AGF: Madaya - The Authentic Genes Force,7,Political militia,Mandalay,Remote explosive/landmine/IED,12
ABCF: Anya Brother Collective Force,7,Political militia,Sagaing,Armed clash,12
Ye Baw Nyi Naung PDF: Comrade Brothers People's Defense Force,7,Political militia,Magway,Armed clash,0
TDPDF: People's Defense Force Taung Dwin Region - Mingin,7,Political militia,Sagaing,Shelling/artillery/missile attack,20
Daung Nyi Naung Sit Kyaung: Peacock Brothers Column,7,Political militia,Tanintharyi,Armed clash,16
A Mi Myay Special Task Force,7,Political militia,Sagaing,Remote explosive/landmine/IED,25
G-20 UBPO: G-20 Urban Burma Phoenix Organization,7,Political militia,Yangon,Remote explosive/landmine/IED,0
RG: Red Giant,7,Political militia,Magway,Air/drone strike,9
Federal Wings,7,Political militia,Kayin,Air/drone strike,11
96 Soldiers People's Defense Force,7,Political militia,Sagaing,Armed clash,16
ROM: Rangers of Mandalay,7,Political militia,Mandalay,Remote explosive/landmine/IED,6
Mahura Shwebo Thar: Mahura Shwebo Natives,7,Political militia,Sagaing,Armed clash,14
Daung Min - People's Defense Force,7,Political militia,Sagaing,Armed clash,10
Royal Eagle People Defense Force - Pale,7,Political militia,Sagaing,Armed clash,6
People's Defense Force - Laung Shey,7,Political militia,Magway,Armed clash,14
Guardians UG,7,Political militia,Yangon,Remote explosive/landmine/IED,0
Muslim Militia (Myanmar),7,Identity militia,Rakhine,Abduction/forced disappearance,8
People's Defense Force - Taloke,7,Political militia,Mandalay,Armed clash,51
ACID Army People's Defense Force Mandalay,7,Political militia,Mandalay,Grenade,5
CGYDF: Chindwin Galon Yazar Guerrilla Defense Force,7,Political militia,Sagaing,Remote explosive/landmine/IED,16
Pyi Thu Kyei Ta Pwint PDF: People's Star People's Defense Force,7,Political militia,Mandalay,Armed clash,42
MTPDF: MyoThit People's Defense Force,7,Political militia,Magway,Armed clash,29
Southern Gangaw People's Defense Force,6,Political militia,Magway,Armed clash,15
DBTF: Dragon Brothers Task Force,6,Political militia,Sagaing,Armed clash,13
8+ Ah Nyar Myay Sit Sin Yay Aphwe: 8+ Ah Nyar Myay Operation Forces,6,Political militia,Magway,Armed clash,23
PKU N PDF: Pakokku North People's Defense Force,6,Political militia,Magway,Armed clash,18
People's Defense Force - T1,6,Political militia,Tanintharyi,Armed clash,43
Venom Commando,6,Political militia,Kayin,Armed clash,25
Nay La Set Kyar - Shwebo People's Defense Force,6,Political militia,Sagaing,Armed clash,17
Kale Myo Myo Pya Pyauk Kyar Si Man Chet UG Aphwe: Kale Town Urban Guerrilla Scheme UG Group,6,Political militia,Sagaing,Remote explosive/landmine/IED,37
SSTF: Spring Special Task Force,6,Political militia,Sagaing,Armed clash,39
KNLP/KNLA: Kayan New Land Party/Kayan New Land Army,6,Political militia,Mon,Armed clash,21
Seven Ravens Column,6,Political militia,Bago-East,Armed clash,20
Special Forces 11 - People's Defense Force,6,Political militia,Sagaing,Armed clash,20
Fight Peacock Explosive Local People Defense Force,6,Political militia,Mandalay,Armed clash,30
Area 14,6,Political militia,Ayeyarwady,Remote explosive/landmine/IED,0
MRF-Nattalin: Myanmar Revolution Force Nattalin,6,Political militia,Bago-West,Armed clash,14
SBFA: Shwebo Federal Army,6,Political militia,Sagaing,Armed clash,10
Nway Oo Takhon People's Defense Force,6,Political militia,Mandalay,Armed clash,13
PKU STF: Pakokku Special Task Force,6,Political militia,Magway,Armed clash,22
Yoma Yar Zar,6,Political militia,Sagaing,Armed clash,9
Military Forces of Myanmar (2011-2016) People's Militia Force,6,State forces,Shan-North,Armed clash,0
Black Dragon Special Task Force,6,Political militia,Sagaing,Air/drone strike,9
Alawaka Myo Pya Pyauk Kyar Tatphwe: Alawaka Urban Guerrilla Force,6,Political militia,Magway,Shelling/artillery/missile attack,31
Sit Kyun Ma Khan Mway Soe Ta Thaik PDF: A Nest of Venomous Snakes That Do Not Accept Being Military Slaves People's Defense Force,6,Political militia,Sagaing,Armed clash,10
Unidentified Communal Militia (Myanmar),6,Identity militia,Mandalay,Attack,7
STF (Ngazun): Special Task Force (Ngazun),6,Political militia,Mandalay,Remote explosive/landmine/IED,39
Budalin Township Tat Paung Su Sit Kyaung: Budalin Township Joint Force Column,6,Political militia,Sagaing,Armed clash,26
Victor Hidden Force (Myaing),6,Political militia,Magway,Shelling/artillery/missile attack,1
Ma Ta Htaung - Ta Kaung Phwar (Tabayin) Aphwe: One in a Thousand (Tabayin) Group,6,Political militia,Sagaing,Air/drone strike,4
No Chair Guerrilla Group,6,Political militia,Magway,Remote explosive/landmine/IED,2
Eagle Guerrilla Forces - Budalin People's Defense Force,6,Political militia,Sagaing,Air/drone strike,11
Shwebo Ahr Man Myo Pya Pyauk Kyar: Shwebo Vigor Urban Guerrilla,6,Political militia,Sagaing,Armed clash,29
FFP: Fight for People,6,Political militia,Sagaing,Armed clash,16
PKU-GZ: Pakokku Generation Z,6,Political militia,Magway,Armed clash,13
PRF: People's Revolution Front,6,Political militia,Magway,Armed clash,5
Bagan Bo Cho People's Defense Force,6,Political militia,Mandalay,Air/drone strike,10
PWDF: Pathein Western Defense Force,6,Political militia,Ayeyarwady,Armed clash,15
PUGF: Pakokku Urban Guerrilla Force,6,Political militia,Magway,Armed clash,16
NGUFF: Never Give Up Fox Force - Mandalay,6,Political militia,Mandalay,Remote explosive/landmine/IED,6
Monywa Peregrine People's Defense Force,6,Political militia,Sagaing,Remote explosive/landmine/IED,13
IPDF: Inntakaw People's Defense Force,6,Political militia,Bago-East,Remote explosive/landmine/IED,4
Monywa Ranger Group/Truth Army,6,Political militia,Sagaing,Remote explosive/landmine/IED,14
SMPDF: Southern Magway People's Defense Force,6,Political militia,Magway,Shelling/artillery/missile attack,20
Tiger Brother Myittha People's Defense Force,6,Political militia,Mandalay,Remote explosive/landmine/IED,77
TYF: Thongwa Youth Force,6,Political militia,Yangon,Remote explosive/landmine/IED,1
Thein Hnget Pyauk Kyar Aphwe: Eagle Guerrilla Group,6,Political militia,Sagaing,Armed clash,5
Myanmar Defense Force - Hydra Force,6,Political militia,Sagaing,Armed clash,8
YRPA: Yaw Regional People's Defense Force's Alliance,6,Political militia,Magway,Remote explosive/landmine/IED,32
Thanmani Force - Monywa People's Defense Force,6,Political militia,Sagaing,Armed clash,8
People's Defense Force - Kalewa,6,Political militia,Sagaing,Armed clash,13
Lion Battalion Commando Special Force,6,Political militia,Kayin,Armed clash,7
Myingyan Ranger,6,Political militia,Mandalay,Armed clash,26
Tein Ta Man Lay Kyaung Sit Sin Yay: God of Cloud Air Operations,6,Political militia,Sagaing,Air/drone strike,0
People's Defense Force - Kawthoung District,6,Political militia,Tanintharyi,Armed clash,12
HRS: Hawk Revolutionary Squad,6,Political militia,Mon,Armed clash,26
TTTP: Taw Twin Tup Pee Local People's Defense Force,6,Political militia,Sagaing,Armed clash,20
People's Defense Force - Chauk,6,Political militia,Magway,Armed clash,25
People's Defense Force - Bago District Battalion 3704 (Giant Dragon Column),6,Political militia,Bago-East,Armed clash,45
KCGF - Mandalay: Kings Cobra Guerilla Force - Mandalay,6,Political militia,Mandalay,Remote explosive/landmine/IED,2
BPDF: Burmese Peacock Defense Force,6,Political militia,Magway,Armed clash,1
21 Bagan - People's Defense Force,6,Political militia,Mandalay,Armed clash,4
ARF - KU: Armed Revolutionary Force - Khin U,6,Political militia,Sagaing,Armed clash,12
Pakokku Urban Guerrilla Force - Unit 2,6,Political militia,Magway,Remote explosive/landmine/IED,6
Pale Guerrilla Force,6,Political militia,Sagaing,Armed clash,10
Pale People's Defense Force - Headquarters,6,Political militia,Sagaing,Armed clash,35
Pauk Based On Revolution Force - Bo Ta Say Aphwe: Pauk Based On Revolution Force - Bo Ta Say Group,6,Political militia,Magway,Armed clash,5
MDF: Myanmar Defense Force,5,Political militia,Sagaing,Armed clash,32
Private Security Forces (Myanmar),5,External/Other forces,Kachin,Attack,3
CAF: Civil Armed Force,5,Political militia,Sagaing,Air/drone strike,9
ZRA-EC: Zomi Revolutionary Army-Eastern Command,5,Political militia,Chin,Armed clash,3
Zin Yaw Ni Ahtoo Pyauk Kyar Tatphwe: Red-Billed Gull Special Guerrilla Force,5,Political militia,Sagaing,Armed clash,13
Ah Lel Paing Taing - Karenni (Kayah) Sit Day Tha Kwel Tat Yin Myar Pu Paung Sit Kyaung: Joint Column of Battalions from the Central Region - Karenni (Kayah) Sub-Military Region,5,Political militia,Shan-South,Armed clash,3
Naung Yoe Army,5,Political militia,Sagaing,Armed clash,8
Yenanthar Column,5,Political militia,Magway,Armed clash,20
Chinland Defense Force - Zotung,5,Political militia,Chin,Armed clash,4
YUGA: Yangon Urban Guerrilla Army,5,Political militia,Yangon,Remote explosive/landmine/IED,5
MRF: Mahar Revolution Force,5,Political militia,Mandalay,Armed clash,31
21KPG: 21 Guerrilla Force - Kyaukpadaung,5,Political militia,Mandalay,Grenade,1
Military Forces of Myanmar (1988-2011) Border Guard Force,5,State forces,Kayin,Armed clash,3
YVRF: Youth Vigor Revolution Force,5,Political militia,Sagaing,Armed clash,2
MHG: Monywa Heroes Group,5,Political militia,Sagaing,Attack,4
Chauk Thakhin Phoe Hla Gyi Tatphwe: Chauk Thakhin Phoe Hla Gyi Force,5,Political militia,Magway,Armed clash,13
Chin Defense Force - Asho,5,Political militia,Magway,Armed clash,8
CRB: Chindwin Rocket Brothers,5,Political militia,Sagaing,Shelling/artillery/missile attack,49
MUA: Myaung Union Army,5,Political militia,Sagaing,Remote explosive/landmine/IED,7
RTC: Royal Thunder Column,5,Political militia,Bago-East,Armed clash,4
Kyar Nyi Naung Local PDF: Tiger Brothers Local People's Defense Force,5,Political militia,Sagaing,Air/drone strike,6
Chindwin Tiger Force,5,Political militia,Sagaing,Remote explosive/landmine/IED,33
ABRF - Madaya: Ayeyarwady Brothers Revolution Force - Madaya,5,Political militia,Mandalay,Air/drone strike,11
Yan Gyi Aung Local People's Defense Force,5,Political militia,Mandalay,Remote explosive/landmine/IED,0
RGF: Ramonya Guerrilla Force,5,Political militia,Mon,Armed clash,3
Red Dragon Revolution Force - Myanaung,5,Political militia,Ayeyarwady,Remote explosive/landmine/IED,0
Byu Har 21: Strategy 21,5,Political militia,Bago-West,Armed clash,14
Monywa Ninja,5,Political militia,Sagaing,Armed clash,3
Mandalay UG Wolf Army,5,Political militia,Mandalay,Grenade,0
Myaung Women Warriors,5,Political militia,Sagaing,Remote explosive/landmine/IED,35
Saing Naing Taik Nei Pyi Thu Kar Kwei Yay Aphwe: Saing Naing Area People's Defense Force,5,Political militia,Sagaing,Remote explosive/landmine/IED,8
One More Sit Kyaung (MGN District): One More Column (Myingyan District),5,Political militia,Mandalay,Armed clash,20
BIA: Burmese Independent Army (Tabayin),5,Political militia,Sagaing,Armed clash,4
People's Defense Force - Monyo,5,Political militia,Bago-West,Remote explosive/landmine/IED,5
People's Defense Force - Mogaung,5,Political militia,Kachin,Air/drone strike,1
GZDF: Generation Z Defense Force & Supply Army,5,Political militia,Yangon,Remote explosive/landmine/IED,0
BOB: Battalion of Budalin,5,Political militia,Sagaing,Armed clash,15
People's Defense Force - Minbu-Saku,5,Political militia,Magway,Remote explosive/landmine/IED,1
People's Defense Force - Meiktila,5,Political militia,Mandalay,Air/drone strike,7
People's Defense Force - Western Command,5,Political militia,Magway,Remote explosive/landmine/IED,41
BLDF: Brothers of Lands Defense Force - Khin U,5,Political militia,Sagaing,Remote explosive/landmine/IED,50
TYCPDGF: Thayetchaung People Defense Guerrilla Force,5,Political militia,Tanintharyi,Armed clash,6
TYF: Tanintharyi Yoma Force,5,Political militia,Tanintharyi,Remote explosive/landmine/IED,0
The KING Peacock,5,Political militia,Mandalay,Remote explosive/landmine/IED,20
SRF: Sintkaing Revolution Force,5,Political militia,Mandalay,Armed clash,17
People's Defense Force - Kyaukse,5,Political militia,Mandalay,Remote explosive/landmine/IED,13
BFRAF: Burma Final Revolution Armed Forces,5,Political militia,Yangon,Grenade,2
Taung Pan Ni Ah Htoo Pyauk Kyar Tatphwe: Red Wing Special Guerrilla Force,5,Political militia,Sagaing,Armed clash,0
BDF: Bago Defense Force,5,Political militia,Bago-East,Remote explosive/landmine/IED,1
People's Defense Force - Zalun,5,Political militia,Ayeyarwady,Remote explosive/landmine/IED,2
B.21 KANI-People's Defense Force,5,Political militia,Sagaing,Armed clash,2
Thanlyin Myay Auk Pyauk Kyar Tatphwe: Thanlyin Underground Guerrilla Force,5,Political militia,Yangon,Remote explosive/landmine/IED,1
The Blood Line,5,Political militia,Yangon,Grenade,0
BPDF: Bawlakhe People's Defense Force,5,Political militia,Kayah,Armed clash,20
TRDF: Twantay Royal Defense Force,5,Political militia,Yangon,Remote explosive/landmine/IED,1
BPO: Burma Phoenix Organization,5,Political militia,Yangon,Remote explosive/landmine/IED,2
BR: Banmauk Revolution,5,Political militia,Sagaing,Armed clash,13
Salin Myo Myo Pya Pyauk Kyar Kyar Pauk Aphwe: Salin Town Urban Guerrilla Tiger Cub Group,5,Political militia,Magway,Remote explosive/landmine/IED,6
Sagaing District Battalion 2 Company 1,5,Political militia,Sagaing,Air/drone strike,4
Black Falcon Urban Guerrilla Force,5,Political militia,Sagaing,Armed clash,15
Black Shadow - People's Defense Force,5,Political militia,Sagaing,Armed clash,19
People's Defense Force - Sidotaya,5,Political militia,Magway,Armed clash,24
People's Defense Force - Shwebo District Battalion 3,5,Political militia,Sagaing,Armed clash,27
Eagle Brothers Knight Force - Ayadaw,5,Political militia,Sagaing,Armed clash,7
Eagles Army-HPDF,5,Political militia,Sagaing,Armed clash,31
Black Cheetah People's Defense Force,5,Political militia,Magway,Armed clash,0
FFF: Fight For Federal,5,Political militia,Sagaing,Remote explosive/landmine/IED,5
People's Defense Force - Ponenawaddy,5,Political militia,Magway,Armed clash,13
Daung Sit Thei Pyauk Kyar Tatphwe (Natmauk): Peacock Warrior Guerrilla Force (Natmauk),5,Political militia,Magway,Attack,20
People's Defense Force - Paukkhaung,5,Political militia,Bago-West,Armed clash,4
People's Defense Force - Okpho,5,Political militia,Bago-West,Attack,2
People's Defense Force - Nyaunglebin,5,Political militia,Bago-East,Remote explosive/landmine/IED,2
Spring Dhamma People's Defense Force,5,Political militia,Tanintharyi,Attack,6
T5 Federal Column,5,Political militia,Tanintharyi,Armed clash,22
TKF AMA: Truth Keeping Force - Amarapura,5,Political militia,Mandalay,Remote explosive/landmine/IED,3
BRA: Bamar Revolution Army,5,Political militia,Bago-West,Armed clash,8
Hlatsee Mone Taing LDF: Lightning Storm LDF,5,Political militia,Sagaing,Armed clash,13
MRTF: Middle Revolutionary Technical Front,5,Political militia,Sagaing,Air/drone strike,5
KR: Kawlin Revolution,5,Political militia,Sagaing,Remote explosive/landmine/IED,27
KURDAF: Khin-U Region Defense Alliance Force,5,Political militia,Sagaing,Armed clash,23
Unidentified Armed Group (Bangladesh),5,Political militia,Rakhine,Armed clash,3
KORL: Knights Of The Red Land,5,Political militia,Sagaing,Remote explosive/landmine/IED,6
KPC: KNU/KNLA Peace Council,5,Political militia,Kayin,Armed clash,9
Anyar Myay Tat Paung Su: Anyar Land Joint Forces,5,Political militia,Magway,Armed clash,17
URF: Urban Revolutionary Front,5,Political militia,Yangon,Grenade,4
PUGF: Pyay Underground Force,5,Political militia,Bago-West,Remote explosive/landmine/IED,1
Alpha Column,5,Political militia,Bago-West,Armed clash,21
KPDF: Karenni People's Defense Force,5,Political militia,Kayah,Armed clash,26
Pauk Taung Paing Kyee Kan Aphwe: Southern Pauk Crow Group,5,Political militia,Magway,Air/drone strike,2
SGDF: Sky Ghost Drone Force,5,Political militia,Tanintharyi,Air/drone strike,2
Phoenix Ranger,5,Political militia,Magway,Shelling/artillery/missile attack,10
PPC: People's Power Coalition,5,Political militia,Magway,Armed clash,39
JPRF: Joe Phyu Revolution Force,5,Political militia,Shan-South,Armed clash,17
SGZPDF: Salingyi Generation-Z People's Defense Force,5,Political militia,Sagaing,Armed clash,12
PSC/NDAA-ESS: Peace and Solidarity Committee/National Democratic Alliance Army-Eastern Shan State,5,Political militia,Shan-East,Other,10
Ayadaw Rocket Local People's Defense Force,5,Political militia,Sagaing,Armed clash,3
DPDF: Danu People's Defense Force,5,Political militia,Shan-South,Armed clash,20
White Dragon Battalion (South Division),5,Political militia,Kayin,Armed clash,17
IR: Indaw Revolution,5,Political militia,Sagaing,Armed clash,0
MUPDF: Myanmar Underground People's Defense Force,4,Political militia,Yangon,Remote explosive/landmine/IED,0
Yinmarbin District Battalion 16 People's Defense Force,4,Political militia,Sagaing,Armed clash,12
Military Forces of Myanmar (1988-2011) People's Militia Force,4,State forces,Shan-South,Armed clash,4
Special Force Paung,4,Political militia,Mon,Remote explosive/landmine/IED,2
YDF Htilin Battalion - 3 SSN,4,Political militia,Magway,Armed clash,4
People's Defense Force - Tactics 33,4,Political militia,Tanintharyi,Armed clash,3
People's Defense Force - Taungdwingyi Region,4,Political militia,Magway,Remote explosive/landmine/IED,7
People's Defense Force - Nyaung-U District,4,Political militia,Mandalay,Remote explosive/landmine/IED,3
SSPDF: Southern Shan State People's Defense Force,4,Political militia,Shan-South,Remote explosive/landmine/IED,15
People's Defense Force - Taunggyi,4,Political militia,Shan-South,Remote explosive/landmine/IED,7
Sun Ye Aphwe: Kite Group (Pro-Military),4,Political militia,Tanintharyi,Attack,3
Swallow People's Defense Force - Magway,4,Political militia,Magway,Armed clash,2
Red Wolves of Mogok,4,Political militia,Mandalay,Armed clash,11
SBTF: Salingyi Border Task Force,4,Political militia,Sagaing,Armed clash,7
People's Defense Force - Thaton District Battalion 2,4,Political militia,Mon,Armed clash,6
People's Defense Force - Puta-O,4,Political militia,Kachin,Armed clash,1
People's Defense Force - Pyin Oo Lwin,4,Political militia,Mandalay,Grenade,7
PDRF: People's Dictatorship Revolutionary Force,4,Political militia,Sagaing,Remote explosive/landmine/IED,3
Solo Aung Gyi People's Defense Force,4,Political militia,Sagaing,Armed clash,1
Maw Gyun - STF: Mawlamyinegyun Special Task Force,4,Political militia,Ayeyarwady,Remote explosive/landmine/IED,0
People's Defense Force - Sintgaing,4,Political militia,Mandalay,Remote explosive/landmine/IED,12
T-PDF: Tanintharyi Region People's Defense Force,4,Political militia,Tanintharyi,Attack,23
PGC - MMU: People's Guerrillas Commando - Myinmu,4,Political militia,Sagaing,Armed clash,11
WAGF: West Ayeyar Guerrilla Force,4,Political militia,Magway,Remote explosive/landmine/IED,20
People's Defense Force - Shwepyithar,4,Political militia,Yangon,Attack,1
Northern Yesagyo Guerrilla Force,4,Political militia,Magway,Remote explosive/landmine/IED,16
Magway Taing Drone Aphwe: Magway Region Drone Group,4,Political militia,Magway,Armed clash,38
Shwebo Myo Nei PaKaPha Taik Nei 4: Shwebo Township People's Defense Force Area 4,4,Political militia,Sagaing,Remote explosive/landmine/IED,15
SNO: Special Nway Oo,4,Political militia,Yangon,Remote explosive/landmine/IED,0
Mon - Tanintharyi Nyi Naung Drone Tat Paung Su: Mon - Tanintharyi Brotherhood Drone Joint Force,4,Political militia,Mon,Air/drone strike,4
TDF: Tanintharyi Defense Force,4,Political militia,Tanintharyi,Attack,2
Ramanya Pu Twe Sit Kyaung: Ramanya Joint Column,4,Political militia,Mon,Armed clash,3
SKE: Sun King Envoy Monywa,4,Political militia,Sagaing,Armed clash,2
People's Defense Force - Kyaukpadaung,4,Political militia,Mandalay,Remote explosive/landmine/IED,0
TZPDF: Thazi People's Defense Force,4,Political militia,Mandalay,Remote explosive/landmine/IED,1
Taik Daung Pyi Thu Kar Kwei Yay Tatphwe: Fight Peacock People's Defense Force,4,Political militia,Mandalay,Remote explosive/landmine/IED,23
NPRF: Northwest Plains Revolutionary Forces,4,Political militia,Sagaing,Armed clash,17
Tatkon Urban Guerrilla,4,Political militia,Nay Pyi Taw,Remote explosive/landmine/IED,0
Pwe Taing Kyaw Great Weapon Force,4,Political militia,Sagaing,Shelling/artillery/missile attack,0
People's Defense Force - Kawhmu,4,Political militia,Yangon,Armed clash,13
People's Defense Force - Katha District,4,Political militia,Sagaing,Armed clash,28
People's Force,4,Political militia,Yangon,Remote explosive/landmine/IED,10
People's Defense Force Southern Military Region,4,Political militia,Bago-East,Armed clash,19
People's Defense Force - Hlegu,4,Political militia,Yangon,Attack,1
People's Defense Force - Hopin Region,4,Political militia,Kachin,Attack,22
Ranger Army,4,Political militia,Sagaing,Remote explosive/landmine/IED,7
People's Defense Force - Hpasawng,4,Political militia,Kayah,Armed clash,11
Who Am I People Defense Force,4,Political militia,Sagaing,Grenade,8
Mother Son Mandalay Force,4,Political militia,Mandalay,Remote explosive/landmine/IED,0
People's Defense Force - Twantay,4,Political militia,Yangon,Armed clash,2
Phoenix Defense Force - Taze,4,Political militia,Sagaing,Remote explosive/landmine/IED,8
Red Eagle Kanbalu People's Defense Force,4,Political militia,Sagaing,Armed clash,5
Yangon-E UG,4,Political militia,Yangon,Remote explosive/landmine/IED,1
Myo Pya Pyauk Kyar Tatphwe: Urban Guerrilla Force - Hinthada,4,Political militia,Bago-East,Remote explosive/landmine/IED,4
USF: Urban Special Force,4,Political militia,Yangon,Shelling/artillery/missile attack,0
USDP: Union Solidarity and Development Party,4,Political militia,Magway,Looting/property destruction,0
Mon State People's Defense Force,4,Political militia,Mon,Remote explosive/landmine/IED,2
Pakokku Ranger,4,Political militia,Magway,Armed clash,11
People's Defense Force - Mohnyin,4,Political militia,Kachin,Armed clash,7
Palaw Sit Kyaung (1): Palaw Column (1),4,Political militia,Tanintharyi,Armed clash,2
Na Gar Nyi Naung Pyauk Kyar Tatphwe: Dragon Brothers Guerrilla Force,4,Political militia,Magway,Remote explosive/landmine/IED,31
SDGF: South Dagon Guerrilla Force,4,Political militia,Yangon,Attack,3
Red Dragon Special Attack Force,4,Political militia,Magway,Armed clash,22
Monywa People's Defense Force (Demo),4,Political militia,Sagaing,Armed clash,0
SE: Southern Eagle People's Defense Force,4,Political militia,Kayin,Armed clash,28
SSDA: Salingyi Spaceman Drone Army,4,Political militia,Sagaing,Armed clash,0
People's Defense Force - Kyauktaga,4,Political militia,Bago-East,Armed clash,7
11BRF: 11 Brothers Revolution Forces,4,Political militia,Sagaing,Armed clash,23
EDF: Eastern Defense Force,4,Political militia,Tanintharyi,Armed clash,21
JBF: Justice Bringer Force,4,Political militia,Yangon,Remote explosive/landmine/IED,0
Delta Force - Taungtha,4,Political militia,Sagaing,Armed clash,5
BPDF-Yoma: Bago People's Defense Force - Yoma,4,Political militia,Bago-East,Change to group/activity,1
BNT: Bo Nay Toe Special Guerrilla Forces,4,Political militia,Sagaing,Armed clash,13
BGF: Burmese Guerrilla Force,4,Political militia,Mandalay,Armed clash,98
Loikaw Local People's Defense Force,4,Political militia,Kayah,Armed clash,26
M.P.L People's Defense Force,4,Political militia,Magway,Armed clash,6
FPF: Federal Polaris Force,4,Political militia,Tanintharyi,Armed clash,5
Ayeyar Na Gar Nyi Naung: Ayeyar Dragon Brother,4,Political militia,Ayeyarwady,Remote explosive/landmine/IED,0
MCRF: Myinmu Civil Revolution Force,4,Political militia,Sagaing,Armed clash,23
MDA: Magway Division Army,4,Political militia,Magway,Remote explosive/landmine/IED,0
MDF-YGN: Myanmar Defense Force - Yangon,4,Political militia,Yangon,Remote explosive/landmine/IED,1
Fire Dragon Guerrilla Force,4,Political militia,Sagaing,Armed clash,3
MDPDF: Magway Division People's Defense Force,4,Political militia,Magway,Armed clash,25
Flying Star Force,4,Political militia,Tanintharyi,Armed clash,9
MEDF: Mountain Eagle Defense Force,4,Political militia,Chin,Remote explosive/landmine/IED,11
Hlatsee Pyauk Kyar Aphwe - Wetlet: Lightning Guerrilla Group - Wetlet,4,Political militia,Sagaing,Armed clash,11
GOM: God of Myaing People's Defense Force,4,Political militia,Magway,Armed clash,16
Labutta Special Task Force,4,Political militia,Ayeyarwady,Remote explosive/landmine/IED,0
BWDF: Black Wolf Defense Force - Monywa,4,Political militia,Sagaing,Air/drone strike,4
HRF: Hmawbi Revolution Force,4,Political militia,Yangon,Grenade,0
JPGF: Joe Phyu Guerrilla Force,4,Political militia,Shan-South,Remote explosive/landmine/IED,2
CAF-MGPDF: Central Armed Forces - Magway People's Defense Force,4,Political militia,Magway,Remote explosive/landmine/IED,0
DBPDF: Dragon Brothers' People's Defense Force,4,Political militia,Bago-West,Remote explosive/landmine/IED,1
Budalin Daung Man Aphwe: Budalin Prideful Peacock Group,4,Political militia,Sagaing,Armed clash,0
Brave Eagles YGN (UG),4,Political militia,Yangon,Remote explosive/landmine/IED,0
Brave Brothers People's Defense Force,4,Political militia,Sagaing,Shelling/artillery/missile attack,0
Karenni Commando,4,Political militia,Kayah,Armed clash,18
KGZ: Karenni Generation Z,4,Political militia,Kayah,Attack,0
DKDF: Dragon Kyaukse Defense Force,4,Political militia,Mandalay,Looting/property destruction,1
DLC: Democratic Local Coalition,4,Political militia,Sagaing,Air/drone strike,1
Black Wolf People's Defense Force - MDY,4,Political militia,Magway,Armed clash,6
DRM: Dragon Rangers Mandalay,4,Political militia,Mandalay,Remote explosive/landmine/IED,10
Black Tiger Pyauk Kyar Tatphwe: Black Tiger Guerrilla Force,4,Political militia,Bago-West,Attack,4
Knight Commanders,4,Political militia,Sagaing,Armed clash,3
Black God Pyauk Kyar Tatphwe: Black God Guerrilla Force,4,Political militia,Magway,Armed clash,13
Ba Thu Kyawal Column,4,Political militia,Sagaing,Armed clash,13
Dawei Kha Yaing Pyi Thu Kar Kwei Yae Pu Paung Tat: Dawei District People's Defense Joint Force,4,Political militia,Tanintharyi,Armed clash,2
Kyonpyaw Myo Pya Pyauk Kyar Tatphwe: Kyonpyaw Urban Guerrilla Force,4,Political militia,Ayeyarwady,Remote explosive/landmine/IED,1
MP-9: Myingyan Pitohui-9,4,Political militia,Mandalay,Remote explosive/landmine/IED,12
KPDF2: Kani People's Defense Force,4,Political militia,Sagaing,Armed clash,22
925 Pyauk Kyar Aphwe: 925 Guerrilla Group,4,Political militia,Mandalay,Air/drone strike,16
AFM: Anonymous Force Mandalay,4,Political militia,Mandalay,Grenade,6
HGF: Hpa-An Guerrilla Force,4,Political militia,Kayin,Remote explosive/landmine/IED,4
5/ Commando Force,4,Political militia,Sagaing,Armed clash,11
GZ Special Task Force - Wetlet,4,Political militia,Sagaing,Armed clash,9
Southern Dawei People's Defense Force,3,Political militia,Tanintharyi,Armed clash,0
Joe Kyar Ni Tatphwe (Beikthano): Flamingo Force (Beikthano),3,Political militia,Magway,Armed clash,2
Spring UAV Force - G3,3,Political militia,Kayin,Air/drone strike,3
Spring Dove,3,Political militia,Sagaing,Shelling/artillery/missile attack,2
Special Underground,3,Political militia,Sagaing,Armed clash,0
Bagan-Nyaung Oo People's Defense Force,3,Political militia,Mandalay,Armed clash,2
Nan Tet Min Taw Hlan Yay In Ahr Su: King Revolution Force (Wetlet),3,Political militia,Sagaing,Air/drone strike,2
Special Air Raid Force,3,Political militia,Magway,Air/drone strike,1
Daw Na Tat Khwe - 6: Daw Na Company - 6,3,Political militia,Tanintharyi,Armed clash,5
Bama Lu Nge Kun Yet Myo Pya Pyauk Kyar Sit Tatphwe: Bama Youth Network Urban Guerrilla Force,3,Political militia,Yangon,Remote explosive/landmine/IED,0
Southern District People's Defense Force,3,Political militia,Yangon,Armed clash,3
Shwebo Myo Nei PaKaPha Taik Nei 5: Shwebo Township People's Defense Force Area 5,3,Political militia,Sagaing,Armed clash,4
Bee Column,3,Political militia,Shan-South,Armed clash,22
Na Gar Min Pyi Thu Kar Kwei Yay Tat Khwe: Dragon King People's Defense Unit,3,Political militia,Sagaing,Armed clash,2
Black Eagle Drone Force,3,Political militia,Magway,Air/drone strike,0
Daung Ni People's Defense Force,3,Political militia,Sagaing,Armed clash,3
MRGF: Myaing Rural Guerilla Force,3,Political militia,Magway,Armed clash,11
People's Defense Force - Maubin,3,Political militia,Ayeyarwady,Change to group/activity,1
Black Grim Reaper Group,3,Political militia,Bago-West,Attack,5
Set Kyar Kar Kwei Yae Tatphwe: Set Kyar Defense Force,3,Political militia,Magway,Armed clash,1
People's Defense Force - Kyunhla,3,Political militia,Sagaing,Armed clash,6
Seikphyu Bar Ma Hti People's Defense Force,3,Political militia,Magway,Remote explosive/landmine/IED,21
Nay Pyi Taw People's Defense Force - Battalion 902,3,Political militia,Magway,Armed clash,8
Strategy No.81 - Yaw Strategy,3,Political militia,Magway,Armed clash,0
ARSC: Anyar Region Strategic Command,3,Political militia,Magway,Change to group/activity,3
Black Hero Local People's Defense Force,3,Political militia,Sagaing,Remote explosive/landmine/IED,2
NWPDF: North Western People's Defense Force,3,Political militia,Sagaing,Remote explosive/landmine/IED,7
TSG: Tamu Security Group,3,Political militia,Sagaing,Armed clash,9
Depeyin Local Mobile Team,3,Political militia,Sagaing,Armed clash,9
MVPRF: Myaing Villages People's Revolution Force,3,Political militia,Magway,Armed clash,7
TR: Tigyaing Revolution,3,Political militia,Sagaing,Remote explosive/landmine/IED,8
ABN: Ayadaw Bone Naing People's Defense Force,3,Political militia,Sagaing,Remote explosive/landmine/IED,6
NHPDF: Nawnghkio People's Defense Force,3,Political militia,Shan-North,Remote explosive/landmine/IED,2
TPA: The Phoenix Army,3,Political militia,Sagaing,Armed clash,24
TLWDF: Tha Lar Wati Defense Force,3,Political militia,Sagaing,Armed clash,4
BRF: Burmese Revolution Force,3,Political militia,Sagaing,Armed clash,4
TGU: The Grand Unsung,3,Political militia,Yangon,Remote explosive/landmine/IED,0
People's Defense Force - Meiktila District,3,Political militia,Sagaing,Armed clash,10
MPDF: Myittha People's Defense Force,3,Political militia,Mandalay,Remote explosive/landmine/IED,0
NPDF: National People's Defense Force - Yinmarbin,3,Political militia,Sagaing,Remote explosive/landmine/IED,3
TDG: Taung Dwin Gyi Special Guerrilla Force,3,Political militia,Magway,Attack,6
BTT: Bo Tun Tauk Local People's Defense Force,3,Political militia,Sagaing,Remote explosive/landmine/IED,7
Galon Pyauk Kyar Tatphwe - Myaing: Galon Guerrilla Force - Myaing,3,Political militia,Magway,Air/drone strike,0
Day Wa Yet Kha Tatphwe: Day Wa Yet Kha Force,3,Political militia,Magway,Armed clash,0
LGRF: Lightning Guerrilla Revolution Force,3,Political militia,Sagaing,Remote explosive/landmine/IED,21
NSCN-K: National Socialist Council of Nagaland - Khaplang,3,Political militia,Sagaing,Armed clash,5
People's Defense Force - Bago District Battalion 3702,3,Political militia,Bago-East,Armed clash,14
MPRF: Mindon People Revolution Force,3,Political militia,Magway,Remote explosive/landmine/IED,2
NSSAA: Northern Shan State Alliance Army,3,Political militia,Shan-North,Grenade,0
MTPDO: Mindon Township People Defense Organization,3,Political militia,Magway,Armed clash,16
People's Defense Force - Kyaiklat,3,Political militia,Ayeyarwady,Remote explosive/landmine/IED,0
Saw Bwar Gyi Myaung People's Defense Force,3,Political militia,Sagaing,Armed clash,4
BMT: Budalin Mobile Team,3,Political militia,Sagaing,Armed clash,6
Red Falcon People's Defense Force,3,Political militia,Ayeyarwady,Attack,5
PSTF: Pakokku Special Task Force,3,Political militia,Sagaing,Armed clash,3
Kan Tar Ya Thein Hnget: Desert Eagle,3,Political militia,Sagaing,Remote explosive/landmine/IED,10
DDPDF: Dawei Dragon People's Defense Force,3,Political militia,Tanintharyi,Remote explosive/landmine/IED,3
MRF: Monywa Revolution Force,3,Political militia,Sagaing,Armed clash,0
PSR: People Shadow Ranger,3,Political militia,Bago-West,Remote explosive/landmine/IED,0
SBA: Southern Brothers Army,3,Political militia,Tanintharyi,Looting/property destruction,2
44st-UG: 44st Urban Guerrillas,3,Political militia,Yangon,Armed clash,0
SAF: Special Attacking Force - Upper Burma,3,Political militia,Sagaing,Armed clash,12
Kalemyo Guerrilla Force,3,Political militia,Sagaing,Armed clash,3
Ka Sei Do Kyar Aphwe: Ka Sei Do Tiger Group,3,Political militia,Tanintharyi,Attack,2
Golden Eagle People's Defense Force,3,Political militia,Sagaing,Air/drone strike,2
PNDF: Pa-Oh National Defense Force,3,Political militia,Kayah,Armed clash,3
SGF: Special Guerrilla Force,3,Political militia,Tanintharyi,Attack,2
Byu Har 19: Strategy 19,3,Political militia,Bago-East,Remote explosive/landmine/IED,0
Red Dragon Column,3,Political militia,Mon,Armed clash,3
MRO/CDF-Matupi: Matupi Revolutionary Organisation/Chin Defense Force - Matupi,3,Political militia,Chin,Abduction/forced disappearance,0
Pyan Hlwar LPDF: Swallow Local People's Defense Force,3,Political militia,Tanintharyi,Remote explosive/landmine/IED,1
CDF: Chindwin Defense Force,3,Political militia,Sagaing,Armed clash,5
KRDA: Kalay Region Defense Association,3,Political militia,Sagaing,Armed clash,3
KPP: Kalay Township People's Police,3,Political militia,Sagaing,Abduction/forced disappearance,0
CGF-YGN: Civil Guerrilla Force-YGN,3,Political militia,Yangon,Shelling/artillery/missile attack,2
RSO: Rohingya Solidarity Organization,3,Political militia,Rakhine,Armed clash,5
PRFK: People Revolution Force Kyaukse,3,Political militia,Mandalay,Attack,2
RFPPDF: Rocket Fighter Pauk People's Defense Force,3,Political militia,Magway,Armed clash,26
KNA: Karen National Army,3,Rebel group,Kayin,Change to group/activity,0
Police Forces of India (2014-) Assam Rifles,3,External/Other forces,Sagaing,Armed clash,10
Nga Moe Yeik Sit Kyaung: Nga Moe Yeik Column,3,Political militia,Sagaing,Armed clash,11
Oak Awe UG Group (Salay),3,Political militia,Magway,Shelling/artillery/missile attack,4
People's Defense Force - Yangon-East District,3,Political militia,Yangon,Remote explosive/landmine/IED,0
Black Leopard UG,3,Political militia,Bago-East,Armed clash,30
Ngazun's HEROS,3,Political militia,Mandalay,Remote explosive/landmine/IED,0
Pathein Myo Pya Pyauk Kyar Taw Hlan Yay Tatphwe: Pathein Urban Guerrilla Revolution Force,3,Political militia,Ayeyarwady,Remote explosive/landmine/IED,1
STPDF: Sagaing Township People's Defense Force,3,Political militia,Sagaing,Remote explosive/landmine/IED,12
8 Stars Myingyan Pyauk Kyar Tatphwe: 8 Stars Myingyan Guerrilla Force,3,Political militia,Mandalay,Armed clash,5
No.52 Strategy People's Defense Force - Paw Oo Column,3,Political militia,Sagaing,Armed clash,46
People's Defense Force - Mandalay Region,3,Political militia,Mandalay,Shelling/artillery/missile attack,0
Khut Daung Man LPDF: Peacock Pride Local People's Defense Force,3,Political militia,Sagaing,Armed clash,7
SSTF: Security & Special Task Force CDM People's Police,3,Political militia,Mandalay,Armed clash,51
Khin U-Dynamite Squad,3,Political militia,Sagaing,Armed clash,17
SRF: Spring Revolution Flames,3,Political militia,Yangon,Attack,2
Bo Sa Kar Pyauk Kyar Tatphwe: Bo Sa Kar Guerrilla Force,3,Political militia,Magway,Armed clash,0
DKBA (Buddhist): Democratic Karen Buddhist Army (1994-2010),3,Political militia,Kayin,Abduction/forced disappearance,1
Pa Tee Ta Lone Pyauk Kyar Tatphwe: One Bead Guerrilla Force,3,Political militia,Tanintharyi,Remote explosive/landmine/IED,10
One Way Revolution Force,3,Political militia,Sagaing,Remote explosive/landmine/IED,2
Operation MoMo,3,Political militia,Sagaing,Armed clash,6
Phoenix Urban Guerrilla,3,Political militia,Nay Pyi Taw,Grenade,0
PADF: People Anti-Fascist Defense Force,3,Political militia,Sagaing,Air/drone strike,0
SPDF: Shwedaung People's Defense Force,3,Political militia,Bago-West,Remote explosive/landmine/IED,1
People's Defense Force - Mahlaing,3,Political militia,Mandalay,Attack,2
SJF: Shwebo Justice Force,3,Political militia,Sagaing,Armed clash,16
KMDF: Kamma Defense Force,3,Political militia,Magway,Remote explosive/landmine/IED,3
PDC: People's Defense Comrade,3,Political militia,Sagaing,Remote explosive/landmine/IED,1
NBPDF: Northern Brothers People's Defense Force,3,Political militia,Kachin,Shelling/artillery/missile attack,0
NPDF: Naga People's Defense Force,3,Political militia,Sagaing,Armed clash,19
Fox Army-HPDF,3,Political militia,Sagaing,Looting/property destruction,0
People's Defense Force - Northern Taze,3,Political militia,Sagaing,Remote explosive/landmine/IED,2
WSTF: Wakema Special Task Force,3,Political militia,Ayeyarwady,Remote explosive/landmine/IED,1
Moe Kyoe Pyi Thu Kar Kwei Yae Tatphwe: Thunder People's Defense Force,3,Political militia,Sagaing,Remote explosive/landmine/IED,20
WPF: West Plains Force,3,Political militia,Magway,Armed clash,7
WMWGF: We Must Win Guerrilla Force,3,Political militia,Sagaing,Armed clash,3
YRF: Yangon Revolution Force,3,Political militia,Yangon,Grenade,0
People's Defense Force - Htantabin,3,Political militia,Bago-East,Remote explosive/landmine/IED,2
Alawaka Local People's Defense Force,3,Political militia,Sagaing,Air/drone strike,0
Urban Revolutionary Force,3,Political militia,Bago-East,Remote explosive/landmine/IED,0
Urban Owls,3,Political militia,Yangon,Attack,3
Fox Ranger P.D.F MYG,3,Political militia,Magway,Remote explosive/landmine/IED,8
Mon State Spring Revolution Front,3,Political militia,Mon,Attack,2
YRG: Yangon Revolution Group,3,Political militia,Yangon,Remote explosive/landmine/IED,1
G4G Defense Force,3,Political militia,Sagaing,Remote explosive/landmine/IED,2
Angry Bird Drone Rangers,3,Political militia,Mon,Air/drone strike,4
UTF: Urban Task Force Aung Ban,3,Political militia,Shan-South,Grenade,4
YUF: Yangon Underground Force,3,Political militia,Yangon,Grenade,0
Anonymous Urban Guerrillas,3,Political militia,Bago-East,Remote explosive/landmine/IED,2
Anti-Fascist Armed Force,3,Political militia,Yangon,Remote explosive/landmine/IED,1
MPF: Mandalay Phoenix Force,3,Political militia,Mandalay,Grenade,4
URF: Urban Revolutionary Force - Bhamo,3,Political militia,Kachin,Remote explosive/landmine/IED,0
Magway Division Army Hidden Dragon,3,Political militia,Magway,Remote explosive/landmine/IED,0
Monywa Satan Group,3,Political militia,Sagaing,Armed clash,8
Hmaw Ba Yin Sit Kyaung (YMBY): Magic King Column (YMBY),3,Political militia,Shan-South,Attack,4
YUG: Ye-Ngan Urban Guerrillas,3,Political militia,Shan-South,Attack,2
MoJoe Guerrilla - Madaya People Defense Force,3,Political militia,Mandalay,Remote explosive/landmine/IED,0
Way Hin Tatphwe (Yebyu): Sky Force (Yebyu),3,Political militia,Tanintharyi,Armed clash,4
UGP: Urban Guerrillas of Pindaya,3,Political militia,Shan-South,Remote explosive/landmine/IED,1
MLRU: Monywa Local Revolutoin Union,3,Political militia,Sagaing,Remote explosive/landmine/IED,0
MPDF: Mon Peace Defense Force,3,Political militia,Mon,Armed clash,1
YPDF-DYNAMITE: Yephyu People's Defense Force - DYNAMITE,3,Political militia,Tanintharyi,Remote explosive/landmine/IED,1
Maw Kun Nyi Naung,3,Political militia,Sagaing,Remote explosive/landmine/IED,21
YOM: Youths Of Mandalay,3,Political militia,Mandalay,Armed clash,7
YNRF: Yaw National Revolution Force - Htilin,3,Political militia,Magway,Remote explosive/landmine/IED,2
People's Defense Force - Myaung Township T.G.R,3,Political militia,Sagaing,Air/drone strike,7
YMTG: Yoma Tiger People's Defense Force Ayeyarwady,3,Political militia,Ayeyarwady,Remote explosive/landmine/IED,2
MO 07 (Eagles),3,Political militia,Yangon,Remote explosive/landmine/IED,1
People's Defense Force - Kangyidaunt,3,Political militia,Ayeyarwady,Remote explosive/landmine/IED,0
Hero Army (Khin-U),3,Political militia,Sagaing,Air/drone strike,15
YDF: Ye Defense Force,3,Political militia,Mon,Armed clash,0
HPLDF: Homalin People's Local Defense Force,3,Political militia,Sagaing,Remote explosive/landmine/IED,7
Mine Min Thar Myay Auk Pyauk Kyar Tatphwe: Mine Prince Underground Guerrilla Force,3,Political militia,Sagaing,Armed clash,3
MKCDF: Mountain Knights Civilian Defense Force,3,Political militia,Nay Pyi Taw,Shelling/artillery/missile attack,53
GOD: Gods of Death,3,Political militia,Yangon,Remote explosive/landmine/IED,1
Ah Nauk Paing Taing Myay Auk Sit Sin Yay Mahar Meik Ahtoo Tatphwe: Western Underground Allied Special Task Force,3,Political militia,Magway,Remote explosive/landmine/IED,8
Hero Tiger Force,3,Political militia,Sagaing,Armed clash,0
Wings Of ShweBo - Drone Force,3,Political militia,Sagaing,Air/drone strike,0
MGN Hta Hnaung Myay Guerrilla Force,3,Political militia,Mandalay,Armed clash,11
Wimoutti Freedom Rebel Group,3,Political militia,Yangon,Remote explosive/landmine/IED,2
Ah Nyar Myay Local Defense Force,3,Political militia,Magway,Armed clash,3
People's Defense Force - Myitkyina,3,Political militia,Kachin,Shelling/artillery/missile attack,0
Min Thar Gyi Pyi Thu Kar Kwei Yay Aphwe - Wetlet: Prince People's Defense Force - Wetlet,3,Political militia,Sagaing,Shelling/artillery/missile attack,0
GEDF: Golden Eagle Defense Force,3,Political militia,Mandalay,Armed clash,11
People's Defense Force - Padaung Yoma,3,Political militia,Bago-West,Remote explosive/landmine/IED,0
Golden Deer Hunter Taungdwin People's Defense Force,3,Political militia,Sagaing,Remote explosive/landmine/IED,10
People's Defense Force - Pyapon,3,Political militia,Ayeyarwady,Change to group/activity,0
True Arrow Special Task Force - Ayadaw,3,Political militia,Sagaing,Armed clash,11
The Secret Warrior Kawlin,3,Political militia,Sagaing,Armed clash,6
Triple Two Task Force,3,Political militia,Sagaing,Remote explosive/landmine/IED,15
People's Defense Force - Dagon Seikkan,3,Political militia,Yangon,Attack,3
People's Defense Force - Ruby Land,3,Political militia,Mandalay,Armed clash,5
Triangle 3T People's Defense Force,3,Political militia,Magway,Remote explosive/landmine/IED,0
Local Lark Guerrilla Revolution Force,3,Political militia,Sagaing,Armed clash,9
Myaing Warriors,3,Political militia,Magway,Armed clash,2
Myin Hpyu Shin Pyauk Kyar Aphwe: White Horse Guerrilla Force,3,Political militia,Sagaing,Remote explosive/landmine/IED,0
Together Urban Force,3,Political militia,Yangon,Attack,0
FRT: Freedom Rangers Tamu,3,Political militia,Sagaing,Armed clash,10
Thway Thauk Revolution Forces,3,Political militia,Magway,Armed clash,7
Ayeyarwady Daung Taman People's Defense Force,3,Political militia,Ayeyarwady,Remote explosive/landmine/IED,0
Ayeyar Nyi Naung Myo Pya Pyauk Kyar Aphwe: Ayeyar Brother Urban Guerrilla Group,3,Political militia,Bago-West,Armed clash,4
Myanmar Revolution Rangers Force,3,Political militia,Mandalay,Remote explosive/landmine/IED,1
MBH: Monywa Brave Hearts,3,Political militia,Sagaing,Remote explosive/landmine/IED,7
FGF: Falcons Guerrilla Force,3,Political militia,Bago-East,Armed clash,16
The Red Revolters,3,Political militia,Magway,Armed clash,8
YYF: Yenanthar Youth Force,3,Political militia,Magway,Armed clash,11
ADF: Anyar Defense Force,3,Political militia,Sagaing,Armed clash,7
FFF: Fight for Freedom,3,Political militia,Sagaing,Armed clash,33
Myaing Nyi Nyut Yay Tat Paung Su: Myaing Unity Joint Force,3,Political militia,Magway,Armed clash,6
Myaung Villages Coalition,3,Political militia,Sagaing,Armed clash,5
People's Defense Force - Hinthada,3,Political militia,Ayeyarwady,Remote explosive/landmine/IED,1
Taw Kyee Kan Pyi Thu Kar Kwei Yae Tatphwe: Rook People's Defense Force,3,Political militia,Sagaing,Armed clash,35
Done Pyan Local PDF - Budalin: Rocket Local People's Defense Force - Budalin,3,Political militia,Sagaing,Shelling/artillery/missile attack,3
Thanlyin Dragon Force,3,Political militia,Yangon,Attack,5
BER: Black Eagle Ranger - Yangon,3,Political militia,Yangon,Remote explosive/landmine/IED,0
MBDF: Myaylatt Bamar Defense Force,3,Political militia,Nay Pyi Taw,Armed clash,24
Myaing Ah Nauk Lwin Pyin Aphwe: Myaing Western Plains Group,3,Political militia,Magway,Armed clash,6
Mudon People's Defense Force,3,Political militia,Mon,Remote explosive/landmine/IED,0
GPDF: Garuda People's Defense Force,2,Political militia,Mandalay,Grenade,8
RA: Royal Alliance,2,Political militia,Sagaing,Armed clash,8
Ghost Rider Special Task Force - MDY,2,Political militia,Mandalay,Remote explosive/landmine/IED,3
Dragon Warrior (Mandalay),2,Political militia,Mandalay,Attack,5
DEF-PDF: Dawei East Forest People's Defense Force,2,Political militia,Tanintharyi,Armed clash,4
R-14 UG,2,Political militia,Ayeyarwady,Remote explosive/landmine/IED,1
GOBA: God Of Burmese Army,2,Political militia,Magway,Armed clash,0
People's Defense Force - Myar Village,2,Political militia,Bago-East,Armed clash,7
Pon Na Waddy Ahtoo Pyauk Kyar Tatphwe: Pon Na Waddy Special Guerrilla Force,2,Political militia,Magway,Armed clash,9
GOS: God of Snake,2,Political militia,Sagaing,Remote explosive/landmine/IED,0
Defense Team Pakokku,2,Political militia,Magway,Armed clash,2
Pyi Thu Bat Taw Thar Pyauk Kyar Tatphwe: People's Backer Guerrilla Force,2,Political militia,Mandalay,Armed clash,3
People's Defense Force - Shwegyin,2,Political militia,Bago-East,Attack,0
ENNO/ENDA: Eastern Naga National Organization/Eastern Naga Defense Army,2,Political militia,Kachin,Abduction/forced disappearance,0
Chindwin Ranger,2,Political militia,Sagaing,Armed clash,1
People's Defense Force - Mingaladon,2,Political militia,Yangon,Change to group/activity,0
DDF: Dawei Defense Force,2,Political militia,Tanintharyi,Air/drone strike,4
FFJ-Yesagyo: Fight For Justice Yesagyo,2,Political militia,Magway,Remote explosive/landmine/IED,0
DDF: Daik- U Defense Force,2,Political militia,Bago-East,Armed clash,1
People's Defense Force - Myaungmya District,2,Political militia,Ayeyarwady,Remote explosive/landmine/IED,0
FFD: Force for Federal Democracy,2,Political militia,Kayah,Armed clash,0
Police Forces of Myanmar (2016-2021) Prison Guards,2,State forces,Rakhine,Attack,1
Pyin Sa Man Pyi Thu Kar Kwei Yay Aphwe: Pyin Sa Man People's Defense Force,2,Political militia,Sagaing,Remote explosive/landmine/IED,2
People's Defense Force - Pathein,2,Political militia,Ayeyarwady,Change to group/activity,2
Police Forces of Bangladesh (2024-2026) Border Guards Bangladesh,2,External/Other forces,Rakhine,Armed clash,0
DTF: Dawei Tiger Force,2,Political militia,Tanintharyi,Attack,1
Falcon People's Defense Force TYC,2,Political militia,Tanintharyi,Looting/property destruction,0
People's Defense Force - Nyaung Paung Yin Village,2,Political militia,Sagaing,Armed clash,8
Doh Nyi Naung Mahar Meik Myar: Our Brother Alliances,2,Political militia,Sagaing,Remote explosive/landmine/IED,0
People's Defense Force - Thayarwady,2,Political militia,Bago-West,Armed clash,45
DYAF: Dawei Youth Armed Force,2,Political militia,Tanintharyi,Remote explosive/landmine/IED,2
Federal Freedom UG,2,Political militia,Mon,Grenade,0
GPDF: God Of Monywa People's Defense Force,2,Political militia,Sagaing,Remote explosive/landmine/IED,10
Daung Ah Lan Hlwint Myi Say Ta Man: Peacock Flag Raising Say Ta Man,2,Political militia,Magway,Shelling/artillery/missile attack,0
People's Defense Force - Paung,2,Political militia,Mon,Remote explosive/landmine/IED,0
Federal Liberation Army,2,Political militia,Yangon,Armed clash,0
People's Defense Force - Yamethin,2,Political militia,Mandalay,Remote explosive/landmine/IED,15
Daung Yazar (UG),2,Political militia,Sagaing,Remote explosive/landmine/IED,0
People's Defense Force - Theinni,2,Political militia,Shan-North,Armed clash,0
People's Defense Force - Thongwa,2,Political militia,Yangon,Change to group/activity,2
People's Defense Force - Wundwin,2,Political militia,Mandalay,Armed clash,1
People's Defense Force - Thaton District Battalion 3,2,Political militia,Mon,Armed clash,10
People's Defense Force - Thaton District,2,Political militia,Mon,Remote explosive/landmine/IED,1
People's Defense Force - Nam Mar,2,Political militia,Kachin,Armed clash,5
People's Defense Force Column 1,2,Political militia,Magway,Armed clash,2
DFJ: Drop For Justice,2,Political militia,Mandalay,Armed clash,0
GYZ: Generation .Y. Z,2,Political militia,Sagaing,Armed clash,6
Garuda People's Defense Force - Shwebo,2,Political militia,Sagaing,Air/drone strike,2
People's Defense Force - Thanbyuzayat,2,Political militia,Mon,Armed clash,1
G2B: Golden Garuda Battalion,2,Political militia,Bago-West,Remote explosive/landmine/IED,6
Phoenix Guerrilla Force,2,Political militia,Magway,Armed clash,0
Phoenix Group,2,Political militia,Bago-East,Attack,2
Garuda People's Defense Force (Natmauk),2,Political militia,Magway,Abduction/forced disappearance,1
Garuda King Monywa,2,Political militia,Sagaing,Shelling/artillery/missile attack,6
Free Fighter Force,2,Political militia,Yangon,Grenade,0
People's Power Defense Force,2,Political militia,Magway,Armed clash,10
People's Defense Force Twantay - Ranger,2,Political militia,Yangon,Remote explosive/landmine/IED,0
People's Defense Force Little Hero,2,Political militia,Yangon,Shelling/artillery/missile attack,0
People's Defense Force Hpruso,2,Political militia,Kayah,Armed clash,4
Galon Yazar Pyauk Kyar Tatphwe: Galon Yazar Guerrilla Force,2,Political militia,Yangon,Remote explosive/landmine/IED,0
People's Defense Force - Mingun,2,Political militia,Sagaing,Air/drone strike,0
MRG: Myay Latt Area Guerrilla Force,2,Political militia,Magway,Armed clash,5
RDDF: Red Dragon Defense Force,2,Political militia,Mandalay,Armed clash,4
White Peacock Column,2,Political militia,Bago-East,Armed clash,2
Wetlet People's Defense Force Battalion 2,2,Political militia,Sagaing,Remote explosive/landmine/IED,14
Ah Yeit Maet Pyauk Kyar Tatphwe: Shadowless Guerrilla Force,2,Political militia,Bago-West,Attack,2
WRF: Wetlet Revolution Front,2,Political militia,Sagaing,Armed clash,5
WLDF: War Lord Defense Force - Shwe Bo,2,Political militia,Sagaing,Armed clash,5
Ahtoo Myo Pya Pyauk Kyar Tatphwe - Taungoo: Special Urban Guerrilla Force - Taungoo,2,Political militia,Bago-East,Attack,1
Air Force One,2,Political militia,Sagaing,Air/drone strike,4
Urban Justice,2,Political militia,Yangon,Grenade,2
Upper Chindwin Guerrilla Group,2,Political militia,Sagaing,Remote explosive/landmine/IED,0
Alawaka and Thway Thauk Myar (Bilin): Alawaka and Comrades (Bilin),2,Political militia,Mon,Remote explosive/landmine/IED,1
Ultimate Revolutionary Movement Team,2,Political militia,Yangon,Armed clash,3
USSFU: United Southern Shan Federal Union,2,Political militia,Shan-South,Armed clash,22
URO: Unity Rocket Organization,2,Political militia,Magway,Shelling/artillery/missile attack,2
UMCD: Union of Myanmar Civil Defense,2,Political militia,Yangon,Remote explosive/landmine/IED,4
Anyar Thar Lay (SGG),2,Political militia,Sagaing,Air/drone strike,0
UHF: Urban Hunter Force,2,Political militia,Sagaing,Air/drone strike,0
Area-21 Revolution Network,2,Political militia,Sagaing,Remote explosive/landmine/IED,10
Ayadaw Myo Nei Kyar Thit Nat Pyauk Kyar Tatphwe: Ayadaw Township Black Leopard Guerrilla Force,2,Political militia,Magway,Air/drone strike,8
Ayadaw Naung Yoe,2,Political militia,Sagaing,Armed clash,2
Twenty-four Drone,2,Political militia,Sagaing,Air/drone strike,0
Ayar Brother Force Local People's Defense Force,2,Political militia,Magway,Shelling/artillery/missile attack,3
Tiger Army,2,Political militia,Sagaing,Attack,1
Three Stars People's Defense Force,2,Political militia,Sagaing,Armed clash,1
The Value of Young Men,2,Political militia,Mandalay,Attack,4
The Light of Union,2,Political militia,Yangon,Grenade,0
Thay Min Ta Man Myo Pya Pyauk Kyar Tatphwe: God of Death Urban Guerrilla Force,2,Political militia,Sagaing,Abduction/forced disappearance,2
Thay Min Hmat Tan: Death Note,2,Political militia,Mandalay,Attack,0
Thaw Thi Kho,2,Political militia,Kayin,Armed clash,16
Thaton Urban Special Task Force,2,Political militia,Mon,Remote explosive/landmine/IED,0
Thaton Ahtoo Pyauk Kyar Tatphwe: Thaton Special Guerrilla Force,2,Political militia,Mon,Attack,4
Ah Nyar Myay Taik Nei Tat Paung Su: Ah Nyar Myay Area Joint Forces,2,Political militia,Magway,Shelling/artillery/missile attack,8
Ah Nyar Myay Special Commando Defense Force,2,Political militia,Sagaing,Shelling/artillery/missile attack,6
CM-SRDF: Civilian Military-Sagaing Region Defense Force,2,Political militia,Yangon,Air/drone strike,2
Wings Of The Irrawaddy,2,Political militia,Sagaing,Air/drone strike,0
Zo Army,2,Political militia,Sagaing,Armed clash,5
Zigon People's Defense Force,2,Political militia,Bago-West,Armed clash,4
Zeyar Thway Kyar Yine LPDF: Zeyar Blood Wild Tiger Local People's Defense Force,2,Political militia,Sagaing,Remote explosive/landmine/IED,9
Zayar7 - Sagaing ARA,2,Political militia,Sagaing,Remote explosive/landmine/IED,3
Zayar Nyi Naung Pyauk Kyar Aphwe: Zayar Brother Guerrilla Group,2,Political militia,Sagaing,Armed clash,3
Zarmani Pyauk Kyar Tatphwe - Myaing: Zarmani Guerrilla Force - Myaing,2,Political militia,Mandalay,Remote explosive/landmine/IED,4
Zamani Revolution Force/MMU Myaung,2,Political militia,Sagaing,Armed clash,1
Yoma Fighter Sit Kyaung: Yoma Fighter Column,2,Political militia,Nay Pyi Taw,Other,16
Yoma Fighter People's Defense Force-Yinmarbin,2,Political militia,Sagaing,Other,0
Yinmarbin People's Defense Force - Bo Thurein,2,Political militia,Sagaing,Remote explosive/landmine/IED,0
Yenanchaung Local People's Defense Force - Phay Kan Kaung,2,Political militia,Magway,Armed clash,6
A Net Yaung Thay Min PDF: Black God of Death People's Defense Force,2,Political militia,Mandalay,Armed clash,4
Yaung Ni Shwebo Local Defense Force,2,Political militia,Sagaing,Air/drone strike,0
Yangon Defense Force Black Fox,2,Political militia,Yangon,Remote explosive/landmine/IED,1
Yae Na Gar Aphwe: Water Dragon Group,2,Political militia,Sagaing,Remote explosive/landmine/IED,1
Yae Na Gar (Chaung-U Pyi Thu Kar Kwei Yay Aphwe): Water Dragon (Chaung- U People's Defense Force),2,Political militia,Sagaing,Air/drone strike,2
AF2: Ayadaw Falcon Force,2,Political militia,Sagaing,Remote explosive/landmine/IED,27
YUA: Yangon UG Association,2,Political militia,Yangon,Remote explosive/landmine/IED,0
YRAF: Youth Revolution Attack Force,2,Political militia,Sagaing,Armed clash,11
YPGF: Yadanarbon Phoenix Guerilla Force,2,Political militia,Mandalay,Remote explosive/landmine/IED,4
ARFOM: Armed Revolutionary Force of Mandalay,2,Political militia,Mandalay,Remote explosive/landmine/IED,0
YPDF North: Ye People's Defense Force North,2,Political militia,Mon,Armed clash,1
YNO Mandalay People's Defense Force,2,Political militia,Mandalay,Grenade,0
YLF: Yangon Liberation Force,2,Political militia,Yangon,Attack,2
YFPDF: Young Fighters People's Defense Force of Myaung,2,Political militia,Mandalay,Remote explosive/landmine/IED,15
Adventure Youth Guerrilla Force,2,Political militia,Sagaing,Air/drone strike,0
YDPF: Young Defense Power Force,2,Political militia,Yangon,Remote explosive/landmine/IED,0
Y3 Underground Revolutionary Force,2,Political militia,Magway,Remote explosive/landmine/IED,4
Wolf Brothers People's Defense Force,2,Political militia,Mandalay,Armed clash,1
BBF: Badassess Burma Force,2,Political militia,Magway,Armed clash,7
Taw Moke Soe Pyauk Kyar Aphwe: Jungle Hunters Guerrilla Group,2,Political militia,Sagaing,Armed clash,0
Tat Yin 1102 - Ah Lel Paing Taing Sit Htar Na Choke: Battalion 1102 - Central Military Headquarters,2,Political militia,Kayah,Armed clash,2
BFRA: Bee Fighters Revolution Army Wetlet,2,Political militia,Sagaing,Armed clash,21
Bo Galon,2,Political militia,Sagaing,Armed clash,2
SSLRU: Southern Shan Local Revolution Union,2,Political militia,Shan-South,Other,0
SSLP/SSFF: Shan State Liberation Party/Shan State Front for Federal,2,Political militia,Shan-South,Change to group/activity,12
Bo Kyar Gyi Aphwe - Tabayin: Bo Tiger Group - Tabayin,2,Political militia,Sagaing,Armed clash,0
Bo Kyauk Khe Pyauk Kyar Aphwe: Bo Kyauk Khe Guerrilla Group,2,Political militia,Bago-East,Armed clash,1
SRF: Special Ranger Force,2,Political militia,Sagaing,Armed clash,0
Bo Let Yar Aphwe (Myaing): Bo Let Yar Group (Myaing),2,Political militia,Magway,Air/drone strike,4
Bo Lin Mway Aphwe: Bo Rat Snake Group,2,Political militia,Magway,Remote explosive/landmine/IED,2
Bo Lin Yaung Pyi Thu Kar Kwei Yay Aphwe (DaPaYa): Bo Lin Yaung People's Defense Force (DaPaYa),2,Political militia,Sagaing,Air/drone strike,1
SPDF: Seven People Defense Force,2,Political militia,Sagaing,Remote explosive/landmine/IED,1
SLN-LPDF: Salin Local People's Defense Force,2,Political militia,Magway,Disrupted weapons use,8
SHYG-PDF: South Shan Youths Groups People's Defense Force,2,Political militia,Shan-South,Armed clash,0
SHED: Special Humanitarian Encounter Defense,2,Political militia,Yangon,Remote explosive/landmine/IED,7
SGF: Special Guerrilla Force Monywa,2,Political militia,Sagaing,Armed clash,3
SGF: Singu Guerrillas Force,2,Political militia,Mandalay,Armed clash,11
SDF: Special Defense Force,2,Political militia,Sagaing,Shelling/artillery/missile attack,0
Boe Taw Ni People's Defense Force,2,Political militia,Sagaing,Remote explosive/landmine/IED,4
SBLPDF: Shwe Be Lone People's Defense Force,2,Political militia,Tanintharyi,Air/drone strike,7
Brethren Guerrilla Force,2,Political militia,Mandalay,Armed clash,17
Royal Phoenix People's Defense Force,2,Political militia,Sagaing,Grenade,0
Royal Diamond - Budalin People's Defense Force,2,Political militia,Sagaing,Remote explosive/landmine/IED,27
Buddhist Militia (Myanmar),2,Identity militia,Mon,Armed clash,0
Burma Gunstars,2,Political militia,Yangon,Armed clash,2
Byu Har 17: Strategy 17,2,Political militia,Magway,Armed clash,0
Red Code Revolution Team,2,Political militia,Sagaing,Remote explosive/landmine/IED,0
CDF-KKG: Chinland Defense Force - Kalay-Kabaw-Gangaw Battalion 3,2,Political militia,Sagaing,Armed clash,11
RUR: Rangoon Urban Revolutionaries,2,Political militia,Yangon,Attack,1
CGDF: Chindwin GZ Defense Force,2,Political militia,Sagaing,Armed clash,6
RKDF: Ranger Kalay Defense Force,2,Political militia,Sagaing,Armed clash,17
Blue Rose Tatphwe: Blue Rose Force,2,Political militia,Sagaing,Armed clash,0
SSRY: Southern Shan Revolution Youth - Eagle Force,2,Political militia,Shan-South,Armed clash,24
Black Wolf - People's Defense Force (Khin-U),2,Political militia,Sagaing,Air/drone strike,5
Bagan Sit Thei (Nyaung-U Myo Nei Ahtoo Chay Hmone Yay Tat): Bagan Warriors (Nyaung-U Township Special Assault Force),2,Political militia,Mandalay,Attack,4
Tactic of MUSE,2,Political militia,Shan-North,Armed clash,0
BHFM: Black Hawk Force Myinmu,2,Political militia,Sagaing,Attack,3
TRFFJ: The Revolutionary Force For Justice,2,Political militia,Mon,Remote explosive/landmine/IED,0
BRA: Burmese Rangers Army LDF,2,Political militia,Yangon,Grenade,3
BS: Broken System,2,Political militia,Yangon,Remote explosive/landmine/IED,0
TGF: Tanintharyi Guerrilla Force,2,Political militia,Tanintharyi,Change to group/activity,0
BWS: Black Wolf Soldiers,2,Political militia,Sagaing,Remote explosive/landmine/IED,3
Swallow Column,2,Political militia,Kayin,Armed clash,41
Ba Gyi Aung Pyauk Kyar Tatphwe: Ba Gyi Aung Guerrilla Force,2,Political militia,Sagaing,Shelling/artillery/missile attack,10
Sun Ye Revolution Force: Kite Revolution Force,2,Political militia,Sagaing,Armed clash,3
Ba Htoo Sit Kyaung: Ba Htoo Column,2,Political militia,Tanintharyi,Armed clash,16
Spring Warriors Column,2,Political militia,Bago-East,Armed clash,0
Spring Bees UAV Force,2,Political militia,Bago-West,Air/drone strike,4
Special Force 22,2,Political militia,Shan-South,Remote explosive/landmine/IED,0
SSUG: South Side Underground People's Defense Force,2,Political militia,Yangon,Remote explosive/landmine/IED,0
Bahan's Guerrilla Force (Bahan - People's Defense Force),2,Political militia,Yangon,Attack,1
Black Dragon Force Pyapon,2,Political militia,Ayeyarwady,Remote explosive/landmine/IED,2
Sin Phyu Kyun Myo Pya Pyauk Kyar Tatphwe: Sin Phyu Kyun Urban Guerrilla Force,2,Political militia,Magway,Grenade,0
Simple People's Defense Force,2,Political militia,Bago-West,Remote explosive/landmine/IED,2
Black Eagle Force - Thongwa,2,Political militia,Mon,Shelling/artillery/missile attack,0
Black Eagle People's Defense Force - Bagan,2,Political militia,Mandalay,Armed clash,17
Shwe Gyo Hpyu: Golden White Dove,2,Political militia,Mandalay,Armed clash,2
Scorpion People's Defense Force (Myaing),2,Political militia,Magway,Armed clash,6
Salingyi Tha Man Kyar Pyauk Kyar Tatphwe: Salingyi Tiger Guerrilla Force,2,Political militia,Sagaing,Disrupted weapons use,4
Salingyi Myo Nei Let Yone Tat: Salingyi Township Armed Force,2,Political militia,Sagaing,Armed clash,7
Salin Myo Pya Pyauk Kyar Tatphwe: Salin Urban Guerrilla Force,2,Political militia,Magway,Remote explosive/landmine/IED,0
SWDF: Southern Warriors Defense Force,2,Political militia,Tanintharyi,Armed clash,6
Black Tiger UG Team,2,Political militia,Yangon,Remote explosive/landmine/IED,0
Sein Baydar - KBU (PaKaPha),2,Political militia,Sagaing,Armed clash,57
Daung Man (Shwebo): Prideful Peacock (Shwebo),2,Political militia,Sagaing,Air/drone strike,2
NSCN-Ang Mai: National Socialist Council of Nagaland - Ang Mai,2,Political militia,Sagaing,Change to group/activity,3
PSP Drone Force: Pekhon Sky Predators Drone Force,2,Political militia,Shan-South,Air/drone strike,6
KBU-Taw Lay,2,Political militia,Sagaing,Armed clash,0
MGF: Myingyan Guerrilla Force,2,Political militia,Mandalay,Armed clash,8
MFG: Monywa Fighter Group,2,Political militia,Sagaing,Remote explosive/landmine/IED,3
Monywa Dynamite - Special Task Force,2,Political militia,Sagaing,Armed clash,10
KDF: Kyaukpadaung Defense Force,2,Political militia,Mandalay,Remote explosive/landmine/IED,1
Pakokku Myo Nei Ah Chay Saik Su Hpwe Mhu Tat Yin Tatphwe: Pakokku Township Based Consolidated Battalion Force,2,Political militia,Magway,Armed clash,10
Pakokku District Local People's Defense Force,2,Political militia,Magway,Armed clash,20
Monywa Phoenix Warrior,2,Political militia,Sagaing,Remote explosive/landmine/IED,1
PSGF: Palaw Shadow Guerrilla Force,2,Political militia,Tanintharyi,Remote explosive/landmine/IED,5
IGF: Immortal Guerrilla Force - Monywa,2,Political militia,Sagaing,Armed clash,0
KNLA-TCSJF: KNLA-Tiger Commando Special Joint Force,2,Political militia,Tanintharyi,Armed clash,5
Monywa UG,2,Political militia,Sagaing,Armed clash,9
MCF: Monywa Commando Force,2,Political militia,Sagaing,Armed clash,2
PRF: People's Revolution Force,2,Political militia,Sagaing,Armed clash,14
KPDF1: Kani People's Defense Force,2,Political militia,Sagaing,Armed clash,8
KPGF: Khin U Phoenix Guerrilla Force,2,Political militia,Sagaing,Armed clash,3
Myaung Fighter Defense Force,2,Political militia,Mandalay,Remote explosive/landmine/IED,3
KSTF: Kyonpyaw Special Task Force,2,Political militia,Ayeyarwady,Grenade,1
Moe Kyoe Sit Kyaung: Thunder Column,2,Political militia,Mandalay,Armed clash,26
Paungde Township People's Defense Organisation,2,Political militia,Bago-West,Attack,3
KB2: People's Defense Force - Kanbalu District Battalion 2,2,Political militia,Sagaing,Armed clash,6
Min Kun Taik Nei Pyi Thu Kar Kwei Yay Tatphwe: Min Kun Area People's Defense Force,2,Political militia,Sagaing,Armed clash,5
Mahura Dragon People's Defense Force,2,Political militia,Sagaing,Other,0
People's Defense Force - Daik-U,2,Political militia,Bago-East,Remote explosive/landmine/IED,0
People's Defense Force - Dagon Myothit (North),2,Political militia,Yangon,Remote explosive/landmine/IED,0
ILDF: Irrawaddy Local Defense Force,2,Political militia,Ayeyarwady,Grenade,0
Meithei Kathe Ethnic Militia (Myanmar),2,Identity militia,Sagaing,Remote explosive/landmine/IED,2
IUF: Inya Urban Force,2,Political militia,Yangon,Attack,2
People's Defense Force - Bhamo,2,Political militia,Kachin,Change to group/activity,0
MMRF: Myinmu Revolution Force,2,Political militia,Sagaing,Air/drone strike,6
J-URF: Justice - Underground Revolution Force,2,Political militia,Mandalay,Remote explosive/landmine/IED,1
MLA: Mon Liberation Army,2,Political militia,Mon,Other,0
People's Defense Force - 7th Brigade,2,Political militia,Magway,Armed clash,17
People's Defense Army-Yinmarbin Hmone Gyi,2,Political militia,Sagaing,Armed clash,0
People Network,2,Political militia,Yangon,Remote explosive/landmine/IED,0
MIU: Myanmar Independence Unit,2,Political militia,Yangon,Attack,1
MGN TIGER,2,Political militia,Mandalay,Attack,3
Joker Pyauk Kyar Tatphwe: Joker Guerrilla Force,2,Political militia,Magway,Air/drone strike,6
Min Kha Sit Kyaung: Min Kha Column,2,Political militia,Mandalay,Abduction/forced disappearance,7
Lu Kyan Gyi Ahtoo Pyauk Kyar Tatphwe: The Villian Special Guerrilla Force,2,Political militia,Mandalay,Armed clash,4
PPDF: Pa-Oh People's Defense Force (Kham Dom),2,Political militia,Mon,Air/drone strike,0
Local People's Defense Force Theinzayat,2,Political militia,Mon,Armed clash,2
Nighthawks,2,Political militia,Bago-East,Air/drone strike,4
Lay Pway Mone Taing People's Defense Force (Tabayin): Whirlwind People's Defense Force (Tabayin),2,Political militia,Sagaing,Remote explosive/landmine/IED,19
Kloud,2,Political militia,Kayin,Armed clash,3
Last Battle People's Defense Force,2,Political militia,Yangon,Remote explosive/landmine/IED,0
NLGRF: Narapati Local Guerrilla Revolution Force,2,Political militia,Sagaing,Attack,16
Nay Pyi Taw People's Defense Force - Battalion 901,2,Political militia,Kayin,Armed clash,0
Nay Pyi Taw People's Defense Force - Battalion 804,2,Political militia,Kayin,Armed clash,4
NOK Guerilla Force,2,Political militia,Yangon,Remote explosive/landmine/IED,0
NOKA UG,2,Political militia,Yangon,Remote explosive/landmine/IED,0
Kyar Pauk Aphwe: Kyar Pauk Group,2,Political militia,Magway,Remote explosive/landmine/IED,0
People's Defense Force - Kyaw,2,Political militia,Magway,Armed clash,3
LPF: Launglone Peninsula Force,2,Political militia,Tanintharyi,Armed clash,9
NSF: National Special Force,2,Political militia,Kayin,Change to group/activity,0
Na Gar Ni Pyauk Kyar Tatphwe: Red Dragon Guerrilla Force,2,Political militia,Mandalay,Armed clash,1
Na Gar Nyi Naung Khin-U LDF: Dragon Brothers Khin-U LDF,2,Political militia,Sagaing,Disrupted weapons use,10
Natmauk Taw Hlan Yay In Ahr Su: Natmauk Revolution Joint Forces,2,Political militia,Magway,Armed clash,1
Natmauk Kyar Tatphwe: Natmauk Tiger Force,2,Political militia,Magway,Attack,18
Na Gar Sit Thei: Dragon Warrior (Tanintharyi),2,Political militia,Tanintharyi,Attack,1
Ngan Net: Black Swan,2,Political militia,Ayeyarwady,Remote explosive/landmine/IED,0
King Cobra People's Defense Force,2,Political militia,Magway,Armed clash,0
PP UG: Pwintbyu Guerrilla Force,2,Political militia,Magway,Armed clash,0
Khin-U Sar Chit Nyo,2,Political militia,Sagaing,Armed clash,2
KUG,2,Political militia,Sagaing,Air/drone strike,1
KUGF: Khin-U Local Guerrilla Force,2,Political militia,Sagaing,Remote explosive/landmine/IED,10
PLF: Paukkaung Liberation Force,2,Political militia,Bago-West,Remote explosive/landmine/IED,0
PLC: People's Liberation Coalition,2,Political militia,Magway,Armed clash,9
Lin Yone Nyi Naung Pyauk Kyar Tatphwe - Myaing: Eagle Brothers Guerrilla Force - Myaing,2,Political militia,Sagaing,Attack,1
KWF: Khin-U Warrior Force,2,Political militia,Sagaing,Air/drone strike,0
Kanbalu MBS U18,2,Political militia,Sagaing,Armed clash,2
Kanbalu Red Kite,2,Political militia,Sagaing,Air/drone strike,7
PDO-MLM: People's Defense Organization - Mawlamyine,2,Political militia,Mon,Attack,7
Kanbalu Taw Nyi Naung Local Defense Force,2,Political militia,Sagaing,Armed clash,10
PDF-CEU: People's Defense Force - Combat Engineer Unit,2,Political militia,Sagaing,Remote explosive/landmine/IED,3
Kanbalu Tiger Rangers,2,Political militia,Sagaing,Armed clash,12
PBGF: Peacock Brother Guerrilla Force,2,Political militia,Magway,Armed clash,6
Lin Let Kye: Bright Star UG,2,Political militia,Sagaing,Attack,2
One Star Local People's Defense Force,2,Political militia,Sagaing,Shelling/artillery/missile attack,15
Kawthoung Myo Nei Tha Man Kyar Myo Pya Pyauk Kyar Tatphwe: Kawthoung Township Tiger Urban Guerrilla Force,2,Political militia,Tanintharyi,Armed clash,2
Oak Gyi Hnint Aphwe: Oak Gyi and Associates,2,Political militia,Sagaing,Armed clash,0
Magway-Taungdwingyi Ahtoo Pyauk Kyar Tatphwe: Magway-Taungdwingyi Special Guerrilla Force,2,Political militia,Magway,Attack,2
MDF: Mandalay Drone Force,2,Political militia,Sagaing,Air/drone strike,1
People's Defense Force - Kaung Kin,2,Political militia,Sagaing,Shelling/artillery/missile attack,7
People's Defense Force - Kalaw,2,Political militia,Shan-South,Change to group/activity,0
People's Defense Force - Hkamti,2,Political militia,Sagaing,Change to group/activity,4
MRA: Myanmar Revolution Army,2,Political militia,Sagaing,Remote explosive/landmine/IED,1
MPLF: Monywa People's Liberation Force,2,Political militia,Magway,Shelling/artillery/missile attack,7
HPDF - Moe Kyoe: Homalin People's Defense Force - Thunder,2,Political militia,Sagaing,Armed clash,4
MRDA (YGN): Myanmar's Royal Dragon Army (Yangon),2,Political militia,Yangon,Grenade,0
Hletsee Moe Kyoe Mone Taing Tatphwe: Lightning Thunder Storm Force,2,Political militia,Sagaing,Armed clash,0
People's Defense Force - Hmawbi,2,Political militia,Yangon,Shelling/artillery/missile attack,0
MPRA: Myanmar People Revolutionary Army,2,Political militia,Yangon,Remote explosive/landmine/IED,0
MSDF: Mon State Defense Force,2,Political militia,Sagaing,Remote explosive/landmine/IED,2
MYF: Monywa Youth Attack Force,2,Political militia,Sagaing,Armed clash,4
MSDF-S: Mon State Defense Force - South,2,Political militia,Mon,Armed clash,2
Hlaingtharya Dalan Shin Lin Yay Aphwe: Hlaingtharya Informant Clearance Team,2,Political militia,Yangon,Attack,2
People's Defense Force - Hseni,2,Political militia,Shan-North,Armed clash,2
Hero Defense Force - Myingyan,2,Political militia,Mandalay,Armed clash,2
MUB Thay Min Let Yar Aphwe: MUB Grim Reaper Hand Print Group,2,Political militia,Ayeyarwady,Armed clash,2
People's Defense Force - Khon Thar,2,Political militia,Sagaing,Abduction/forced disappearance,0
People's Defense Force - Hpakant,2,Political militia,Kachin,Abduction/forced disappearance,0
Golden Valley Warriors,2,Political militia,Yangon,Attack,3
Hein Na Ka Local Defense Force - YMB,2,Political militia,Sagaing,Shelling/artillery/missile attack,10
Hlaw Tet In Ahr Su 126: Rowing Force 126,2,Political militia,Sagaing,Remote explosive/landmine/IED,9
MYSF: Mandalay Youth Special Forces,2,Political militia,Mandalay,Armed clash,1
MSUG: Mon South UG,1,Political militia,Mon,Remote explosive/landmine/IED,0
Myo Pya Pyauk Kyar Ahtoo Commando Tatphwe: Urban Guerrilla Special Commando Force,1,Political militia,Kachin,Shelling/artillery/missile attack,0
Myo Pya Pyauk Kyar Taphwe - Naung Yeo: Urban Guerrilla Force - Naung Yeo,1,Political militia,Mandalay,Remote explosive/landmine/IED,0
Taw Kywe Gyi Pyauk Kyar Tatphwe: Wild Buffalo Guerrilla Force,1,Political militia,Sagaing,Armed clash,5
MSTF: Mandalay Special Task Force,1,Political militia,Mandalay,Change to group/activity,0
Taw Thar Gyi Pyauk Kyar Let Net Gyi Tatphwe: Taw Thar Gyi Guerrilla Heavy Weapon Force,1,Political militia,Sagaing,Armed clash,0
Yoma Tiger,1,Political militia,Magway,Armed clash,0
Taw Win Kyar (Pauk): Royal Tiger (Pauk),1,Political militia,Magway,Armed clash,6
Taw Hlan Pyauk Kyar: Revolution Guerrilla,1,Political militia,Sagaing,Armed clash,0
Taw Kyee Kan Tatphwe - Madaya: Rook Force - Madaya,1,Political militia,Mandalay,Remote explosive/landmine/IED,0
YUGA-MO1 (Star Light),1,Political militia,Yangon,Remote explosive/landmine/IED,0
BBT LPDF - Shwebo: Bo Ba Taw Local People's Defense Force - Shwebo,1,Political militia,Sagaing,Remote explosive/landmine/IED,1
BC Ahtoo Pyauk Kyar Tatphwe: BC Special Guerrilla Force,1,Political militia,Sagaing,Remote explosive/landmine/IED,8
Tanintharyi Kar Kwei Yay Pyauk Kyar Tatphwe: Tanintharyi Defense Guerrilla Force,1,Political militia,Tanintharyi,Armed clash,6
Tapin Shwe Htee Ko Kyaik Pyi Thu Kar Kwei Yay Tatphwe: Tapin Shwe Htee Ko Kyaik People's Defense Force,1,Political militia,Mon,Abduction/forced disappearance,0
Tat Yin 1101 - Ah Lel Paing Taing Sit Htar Na Choke: Battalion 1101 - Central Military Headquarters,1,Political militia,Kayah,Disrupted weapons use,0
7 Stars Pyauk Kyar Tatphwe: 7 Stars Guerrilla Force,1,Political militia,Magway,Armed clash,7
BFRA: Bee Fighters Revolution Army Mandalay,1,Political militia,Sagaing,Armed clash,0
Taung Latt People's Defense Force - YSO,1,Political militia,Magway,Armed clash,1
7.STAR People Revolution Force Kyaukse,1,Political militia,Mandalay,Armed clash,1
BFDF: Burmese Farmers Defense Force,1,Political militia,Sagaing,Remote explosive/landmine/IED,1
Taung Paing Hnget Gyi Taung Aphwe: Southern Hnget Gyi Taung Group,1,Political militia,Sagaing,Remote explosive/landmine/IED,0
BFC: BURMA Federal Column,1,Political militia,Magway,Change to group/activity,0
Myo Pya Pyauk Kyar Tatphwe - Myitkyina: Urban Guerrilla Force - Myitkyina,1,Political militia,Kachin,Armed clash,0
BELU Yet Kha Di Pa People's Defense Force,1,Political militia,Mon,Shelling/artillery/missile attack,0
BED Nga Nyo Heavy Weapon Group,1,Political militia,Sagaing,Shelling/artillery/missile attack,0
BDF: Black Dragon Force,1,Political militia,Magway,Armed clash,0
BD-21: Blood Debt for 21,1,Political militia,Yangon,Remote explosive/landmine/IED,0
Tay Za Pyauk Kyar Tatphwe: Tay Za Guerrilla Force,1,Political militia,Chin,Armed clash,0
Tha Khin Mya Let Net Gyi Tatphwe: Tha Khin Mya Heavy Weapon Force,1,Political militia,Magway,Armed clash,0
Taze Stone,1,Political militia,Sagaing,Shelling/artillery/missile attack,0
Myay Pyant Kyar PDF: Plain Tiger People's Defense Force,1,Political militia,Sagaing,Armed clash,0
Myin Daung Kyay Ywar Kar Kwei Yae Aphwe: Myin Daung Village Defense Group,1,Political militia,Sagaing,Armed clash,5
Ayeyarwady Battalion 3,1,Political militia,Bago-East,Armed clash,2
Yinmarbin Kha Yaing Kut Ke Yay: Yinmarbin District Command,1,Political militia,Sagaing,Armed clash,0
MRA: Monywa Ranger Army,1,Political militia,Sagaing,Air/drone strike,1
The Boys,1,Political militia,Yangon,Remote explosive/landmine/IED,0
Yinmarbin District Battalion 11 People's Defense Force,1,Political militia,Magway,Armed clash,0
9KFF: 9 Kwins Fighter Force,1,Political militia,Bago-East,Armed clash,2
Myaungmya Special Task Force,1,Political militia,Ayeyarwady,Remote explosive/landmine/IED,0
Yinmarbin Local People's Defense Force,1,Political militia,Sagaing,Air/drone strike,1
The Salvation Revolters,1,Political militia,Yangon,Remote explosive/landmine/IED,0
A Mae Thar Kyar Thone Phaw: Three Mother's Tiger Sons,1,Political militia,Sagaing,Armed clash,8
Yenangyaung Myo Pya Pyauk Kyar Aphwe: Yenangyaung Urban Guerrilla Group,1,Political militia,Magway,Attack,0
Myaung Eagle People's Defense Force,1,Political militia,Sagaing,Armed clash,0
Thein Hnget Hpyu Pyauk Kyar Tatphwe: White Hawk Guerrilla Force,1,Political militia,Mandalay,Attack,1
Thein Hnget Ni: Red Hawk,1,Political militia,Sagaing,Remote explosive/landmine/IED,0
Ayeyar Maung,1,Political militia,Ayeyarwady,Remote explosive/landmine/IED,0
Thay Min Ta Man Pyauk Kyar Tatphwe - Salingyi: God of Death Guerrilla Force - Salingyi,1,Political militia,Sagaing,Armed clash,3
Myingyan Kha Yaing Ah Htoo Hloke Shar Sit Kyaung: Myingyan District Special Operation Column,1,Political militia,Mandalay,Other,0
Yoma Eagle People's Defense Force,1,Political militia,Bago-East,Armed clash,1
Thabeikkyin Myo Nei Pyauk Kyar Tatphwe: Thabeikkyin Township Guerrilla Force,1,Political militia,Mandalay,Attack,2
Taze Wings,1,Political militia,Sagaing,Air/drone strike,4
Tein Pyan Pyauk Kyar Tatphwe: Flying Cloud Guerrilla Force,1,Political militia,Sagaing,Armed clash,0
Lin Mway LPDF: Rat Snake Local People's Defense Force,1,Political militia,Sagaing,Sexual violence,0
Ayeyarwady Taw Hlan Yay In Ahr Su: Ayeyarwady Revolution Joint Forces,1,Political militia,Ayeyarwady,Armed clash,6
Takaung Special 9 - Takaung People's Defense Force,1,Political militia,Mandalay,Remote explosive/landmine/IED,0
Ayeyarwady Shark Fighter Guerrilla Force,1,Political militia,Ayeyarwady,Attack,1
Tha Ye Ni Aphwe: Red Ghost Group,1,Political militia,Sagaing,Armed clash,2
Myo Pya Kyay Lat Ma Khwe Char Oak Aw Hnget Myar (Ug) Pyauk Kyar Aphwe: Undivided Urban Rural Cuckoos (Ug) Guerrilla Group,1,Political militia,Magway,Armed clash,2
Thay Min Ta Man Dalan Shin Lin Yay A Htoo Pyauk Kyar Tatphwe: The God of Death Special Guerrilla Force for Clearing Informants,1,Political militia,Mandalay,Attack,1
Ayeyarwady Pyan Hlwar Tatphwe: Ayeyarwady Swallow Force,1,Political militia,Mon,Remote explosive/landmine/IED,0
Ayeyarwady Nel Hleit Pyauk Kyar Tatphwe: Ayeyarwady Travel Guerrilla Force,1,Political militia,Ayeyarwady,Remote explosive/landmine/IED,0
Myitkyina Dalan Shin Lin Yay Aphwe: Myitkyina Informant Clearance Team,1,Political militia,Kachin,Remote explosive/landmine/IED,0
Myinmu Pyauk Kyar Tatphwe Tat Khwe 4: Myinmu Guerrilla Force Company 4,1,Political militia,Sagaing,Attack,1
Yinmarbin Myo Pya Pyauk Kyar Tatphwe: Yinmarbin Urban Guerrilla Force,1,Political militia,Sagaing,Armed clash,0
Local Defense Force Tamu,1,Political militia,Sagaing,Looting/property destruction,0
Thay Min Ta Man Aphwe (Kanbalu): The God of Death Group (Kanbalu),1,Political militia,Sagaing,Armed clash,3
5/Teachers People's Defense Force,1,Political militia,Sagaing,Armed clash,0
Myo Pya Pyauk Kyar Taw Hlan Yay Tatphwe: Urban Guerrilla Revolutionary Force,1,Political militia,Ayeyarwady,Remote explosive/landmine/IED,0
Taik Thein Myay Auk Taw Hlan Yay Tatphwe: Taik Thein Underground Revolutionary Force,1,Political militia,Mandalay,Remote explosive/landmine/IED,20
BSO: Burmese Students Organization,1,Political militia,Sagaing,Armed clash,2
Zero Power,1,Political militia,Sagaing,Air/drone strike,2
LLF: Labor Liberated Force,1,Political militia,Yangon,Remote explosive/landmine/IED,0
NRF: Northern Revolution Force,1,Political militia,Sagaing,Armed clash,0
5 Brothers Younger,1,Political militia,Yangon,Attack,1
BSS: Black Shadow Squad,1,Political militia,Yangon,Remote explosive/landmine/IED,0
TAI Peoples' Defense Force,1,Political militia,Shan-South,Change to group/activity,0
TCDF: Tahan Civil Defense Force,1,Political militia,Sagaing,Armed clash,0
LPSF: Launglon Public Security Forces,1,Political militia,Tanintharyi,Attack,1
Kyonpyaw Anti-Dictatorship People's Movement Group,1,Political militia,Ayeyarwady,Remote explosive/landmine/IED,0
Zero Army,1,Political militia,Mandalay,Grenade,1
TDO: Thaton Defense Organization,1,Political militia,Mon,Attack,1
BSGF: Black Spider Guerrilla Force,1,Political militia,Nay Pyi Taw,Armed clash,2
TFF: Tiger Fighter Force,1,Political militia,Magway,Armed clash,5
MSDF: Myaung Special Drone Force,1,Political militia,Sagaing,Air/drone strike,0
TGF: Thanbyuzayat Guerrilla Force,1,Political militia,Mon,Remote explosive/landmine/IED,0
Zayar Shwe Myay: Zayar Golden Land,1,Political militia,Sagaing,Armed clash,0
LGF: Lark Guerrilla Force,1,Political militia,Tanintharyi,Armed clash,3
Na Gar Me Mahar Meik Pu Paung Sit Kyaung: Black Dragon Alliance Joint Column,1,Political militia,Tanintharyi,Change to group/activity,0
LRG: Local Rangers,1,Political militia,Sagaing,Looting/property destruction,0
MRF: Myaung Rangers Force,1,Political militia,Sagaing,Armed clash,2
Nat Sit Thei Taw Myar Hpauk Khwe Yay Local Tat Paung Su: Deva Warriors Explosive Local Joint Forces,1,Political militia,Bago-West,Remote explosive/landmine/IED,0
Nant Thar Myaing Pyauk Kyar Tatphwe: Nant Thar Myaing Guerrilla Force,1,Political militia,Magway,Shelling/artillery/missile attack,3
Nant Thar Myaing People's Defense Force - Myaing,1,Political militia,Magway,Armed clash,0
Namhsan GZ,1,Political militia,Shan-North,Armed clash,0
Na Gar Yine Sit Kyaung: Wild Dragon Column,1,Political militia,Magway,Armed clash,2
MRRF: Myanmar Return Ranger Force,1,Political militia,Magway,Armed clash,3
Bagan Nyaung-U Special Task Force,1,Political militia,Mandalay,Remote explosive/landmine/IED,1
Baahubali Ranger Team,1,Political militia,Yangon,Remote explosive/landmine/IED,0
Na Gar Ni PaKaPha: Red Dragon People's Defense Force,1,Political militia,Magway,Armed clash,0
Na Gar Pat Myo Pya Pyauk Kyar Aphwe: Dragon Urban Guerrilla Group,1,Political militia,Bago-East,Remote explosive/landmine/IED,0
Ba Yint Naung Army,1,Political militia,Bago-East,Armed clash,4
Zin Ka Lin People's Defense Force,1,Political militia,Sagaing,Armed clash,15
Kyaung Let Thea LPDF: Cat's Claw Local People's Defense Force,1,Political militia,Sagaing,Remote explosive/landmine/IED,0
Kyaung Thar Lay Myar Aphwe: Junior Students Group,1,Political militia,Sagaing,Armed clash,5
Spring Revolution Warriors,1,Political militia,Yangon,Armed clash,0
Kyaunggon Pyauk Kyar Tatphwe: Kyaunggon Guerrilla Force,1,Political militia,Ayeyarwady,Remote explosive/landmine/IED,0
MRF: Mawlamyine Revolutionary Force,1,Political militia,Mon,Change to group/activity,0
BRY: Burmese Revolution Youths,1,Political militia,Sagaing,Air/drone strike,0
Let Yone Pyi Thu Kar Kwei Yay Pyauk Kyar Tatphwe (Ngazun): Let Yone People's Defense Guerrilla Force (Ngazun),1,Political militia,Sagaing,Armed clash,1
Myo Twin Pyauk Kyar Tatphwe: Urban Guerrilla Force,1,Political militia,Sagaing,Attack,1
BMK: Bo Moe Kyoe People's Defense Force (Palaw),1,Political militia,Tanintharyi,Attack,3
BLY Pyauk Kyar Tatphwe: BLY Guerrilla Force,1,Political militia,Magway,Armed clash,2
BLA: Bago Liberation Army,1,Political militia,Bago-East,Looting/property destruction,0
BIA: Burma Independence Army,1,Political militia,Sagaing,Armed clash,0
TYF: The Youth Force - Saw & Kyaukhtu,1,Political militia,Magway,Armed clash,0
Let Ye Zet Ye Nga Ye: Brashly and Audaciously Hell,1,Political militia,Sagaing,Armed clash,1
ZFA: Zomi Federal Army,1,Political militia,Chin,Armed clash,4
BGF: Bago Guerrilla Force,1,Political militia,Bago-East,Remote explosive/landmine/IED,0
Leopard Defense Force,1,Political militia,Sagaing,Armed clash,4
Ta Pin Shwe Htee Sit Kyaung: Ta Pin Shwe Htee Column,1,Political militia,Mon,Armed clash,2
ZDF: Zo Defense Force,1,Political militia,Sagaing,Armed clash,6
Ta Zaut Kan Ba Gyan People's Defense Force,1,Political militia,Sagaing,Armed clash,3
Myauk Paing Wun Pa Lway Pyauk Kyar Aphwe: Northern Wolf Guerrilla Group,1,Political militia,Kachin,Armed clash,1
Tagaung Defense Force,1,Political militia,Mandalay,Remote explosive/landmine/IED,3
BGF: Bagan Garuda Force,1,Political militia,Mandalay,Shelling/artillery/missile attack,1
5/Mahura Kywe Yine: 5/Mahura Wild Buffalo,1,Political militia,Sagaing,Armed clash,0
5/Fighter Group People's Defense Force,1,Political militia,Sagaing,Armed clash,0
TSTF: Thongwa Special Task Force,1,Political militia,Yangon,Change to group/activity,0
MRDA: Myanmar's Royal Dragon Army - Yinmarbin,1,Political militia,Sagaing,Armed clash,0
BRF: Black Rangers Force,1,Political militia,Sagaing,Armed clash,2
LWGRF: Local Wolf Guerrilla Revolution Force,1,Political militia,Sagaing,Armed clash,6
TLF: Tanintharyi Liberation Force,1,Political militia,Tanintharyi,Armed clash,0
Zarmani People's Defense Force (Mandalay),1,Political militia,Mandalay,Remote explosive/landmine/IED,4
MRDA: Myanmar's Royal Dragon Army - Salingyi,1,Political militia,Sagaing,Armed clash,0
Zarmani Drone Tatphwe: Zarmani Drone Force,1,Political militia,Sagaing,Air/drone strike,2
BRF: Burmese Rebels Force,1,Political militia,Mandalay,Remote explosive/landmine/IED,0
BRF: Brother Revolution Force,1,Political militia,Sagaing,Air/drone strike,0
MSTF Eagle Squadron,1,Political militia,Mandalay,Disrupted weapons use,2
TSO: Taze Supporting Organization,1,Political militia,Sagaing,Armed clash,0
NGF: Natogyi Guerrilla Force,1,Political militia,Mandalay,Armed clash,2
BPLA: Bamar People's Liberation Army,1,Political militia,Nay Pyi Taw,Change to group/activity,0
NFTA: Northern Five Tigers Army,1,Political militia,Magway,Armed clash,8
Lay Pway Pyi Thu Kar Kwei Yae Tatphwe: Whirlwind People's Defense Force,1,Political militia,Sagaing,Remote explosive/landmine/IED,2
5/Chaung U Local Defense Force,1,Political militia,Sagaing,Remote explosive/landmine/IED,0
NDA: Nation's Defense Army,1,Political militia,Sagaing,Armed clash,5
NCCT: Nationwide Ceasefire Coordination Team,1,Rebel group,Yangon,Agreement,0
Thein Hnget Pyauk Kyar Tatphwe: Eagle Guerrilla Force - Thayetchaung,1,Political militia,Tanintharyi,Attack,1
Yedashe People's Defense Force 2,1,Political militia,Bago-East,Shelling/artillery/missile attack,0
Thunder Guerrilla Force,1,Political militia,Magway,Other,0
YAF: Ye Air Force - Stealth Fighter,1,Political militia,Mon,Air/drone strike,0
X Force Local People's Defense Force - Shwebo,1,Political militia,Sagaing,Armed clash,0
Y-BSA: Yangon Based Students Association,1,Political militia,Magway,Armed clash,0
Y14: Youths Fourteen,1,Political militia,Yangon,Change to group/activity,0
MPR: Mandalay People Rescue,1,Political militia,Sagaing,Armed clash,2
Ah Ma Ya Sit Thei Taw Pyi Thu Kar Kwei Yae Tatphwe: Ah Ma Ya Warriors People's Defense Force,1,Political militia,Mandalay,Shelling/artillery/missile attack,0
YA: Yaw Army,1,Political militia,Magway,Armed clash,9
YADF: Yangon Anti-Dictatorship Force,1,Political militia,Yangon,Remote explosive/landmine/IED,0
YARF: Yoma Ayeyarwady Revolution Force,1,Political militia,Ayeyarwady,Attack,1
Yangon Myay Auk Pyauk Kyar Aphwe: Yangon Underground Guerrilla Force,1,Political militia,Ayeyarwady,Attack,1
ACF: Assault and Clearance Force Monywa,1,Political militia,Sagaing,Remote explosive/landmine/IED,0
YDF Battalion - 15 SSN,1,Political militia,Magway,Armed clash,1
Ah Lel Paing Taing Sit Htar Na Choke: Central Military Headquarters,1,Political militia,Magway,Remote explosive/landmine/IED,14
Ah Htoo Day Tha Let Net Kaing Tatphwe: Special Region Armed Force,1,Political militia,Sagaing,Armed clash,0
Yakhka Nyi Naung,1,Political militia,Sagaing,Remote explosive/landmine/IED,0
Ah Hmat 1 Sit Day Tha Ah Shey Tan Kut Ke Yay Aphwe: No.1 Military Region Frontline Command Group,1,Political militia,Sagaing,Armed clash,12
MNAF: Myanmar National Armed Force,1,Political militia,Sagaing,Armed clash,0
Ah Mae Thway Pyauk Kyar Tatphwe - Myingyan: Mother's Blood Guerrilla Force - Myingyan,1,Political militia,Mandalay,Armed clash,1
Ah Nauk Myauk Taing Mahar Meik PDF Tat Paung Su: Northwestern Division Allied People's Defense Force,1,Political militia,Sagaing,Armed clash,2
YEF: Yangon Eagle Force,1,Political militia,Yangon,Attack,1
Yangon Victory Force,1,Political militia,Yangon,Remote explosive/landmine/IED,0
Mobile Local,1,Political militia,Yangon,Remote explosive/landmine/IED,0
Mission R Yangon Urban Guerrilla,1,Political militia,Yangon,Remote explosive/landmine/IED,1
WWSTF: Wolf Warriors Special Task Force,1,Political militia,Yangon,Attack,1
Ah Shey Taw Kyar (MDY): Eastern Jungle Tiger (MDY),1,Political militia,Sagaing,Attack,1
Mingin Local People's Defense Force Union,1,Political militia,Sagaing,Armed clash,0
Mine Tatphwe: Mine Force,1,Political militia,Sagaing,Armed clash,9
Mine Bi Lu Day Tha Kar Kwei Yay Aphwe: Mine Ogre Local Defense Force,1,Political militia,Sagaing,Remote explosive/landmine/IED,4
Militia (Pro-Government),1,Political militia,Kachin,Looting/property destruction,0
Yangon People's Defense Force - Bahan,1,Political militia,Yangon,Remote explosive/landmine/IED,0
Ah Nyar Heroes,1,Political militia,Magway,Shelling/artillery/missile attack,20
Military Forces of Thailand (2023-2025),1,External/Other forces,Kayin,Other,0
Win Ka Bar Pyauk Kyar Tatphwe: Maze Guerrilla Force,1,Political militia,Sagaing,Remote explosive/landmine/IED,11
Military Forces of Myanmar (2021-) Coast Guard,1,State forces,Yangon,Change to group/activity,0
Yangon Thu Pon: Yangon Rebels,1,Political militia,Yangon,Air/drone strike,0
Yangon Phoenix,1,Political militia,Yangon,Attack,0
MJF: Myanmar Justice Force,1,Political militia,Yangon,Attack,1
YE-U Urban Guerrilla,1,Political militia,Sagaing,Looting/property destruction,0
YEU Sit Kyaung: YEU Column,1,Political militia,Sagaing,Armed clash,13
WR: Wuntho Revolution,1,Political militia,Sagaing,Armed clash,3
YSO No.1 Pyauk Kyar Tat: YSO No.1 Guerrilla Force,1,Political militia,Magway,Looting/property destruction,0
MPF U-18: Myanmar Paladin Force U-18,1,Political militia,Sagaing,Armed clash,1
ARA: Arakan Rohingya Army,1,Political militia,Rakhine,Attack,0
APA: Ayadaw People's Alliance,1,Political militia,Sagaing,Remote explosive/landmine/IED,0
Mahura Nat Soe Pyauk Kyar Tatphwe: Mahura Demon Guerrilla Force,1,Political militia,Sagaing,Remote explosive/landmine/IED,7
ANF: Ayeyarwady National Force,1,Political militia,Ayeyarwady,Change to group/activity,0
ANDF: Arakan National Defense Force,1,Political militia,Rakhine,Change to group/activity,0
YSGF: Yangon Special Guerrilla Force,1,Political militia,Yangon,Remote explosive/landmine/IED,0
MPFF: Myeik People's Freedom Force,1,Political militia,Tanintharyi,Armed clash,3
Man Ba Khaing People's Defense Force - BNU,1,Political militia,Mandalay,Armed clash,0
YUYO: Yangon Underground Youth Organization,1,Political militia,Yangon,Armed clash,0
YSO.ISA: YSO.Island Spotted Army,1,Political militia,Magway,Armed clash,3
ANC/AA: Arakan National Council/Arakan Army,1,Rebel group,Rakhine,Armed clash,3
YURF: Yadanarbon Urban Revolutionary Front,1,Political militia,Mandalay,Change to group/activity,0
AFA: Ayeyarwaddy Federal Army,1,Political militia,Ayeyarwady,Change to group/activity,0
Magway Taing Kut Ke Yay Aphwe: Magway Region Command Group,1,Political militia,Magway,Armed clash,0
AFJ: Assassin For Justice,1,Political militia,Shan-South,Attack,1
YRF: Yadanarbon Revolution Force,1,Political militia,Sagaing,Armed clash,10
ARF: Attack Ranger Force,1,Political militia,Yangon,Remote explosive/landmine/IED,0
MNGF: Myingyan Northerners Guerrilla Force,1,Political militia,Mandalay,Armed clash,0
MYPG: Monywa Young People Group,1,Political militia,Sagaing,Remote explosive/landmine/IED,0
ASF: Alpha Special Force,1,Political militia,Sagaing,Remote explosive/landmine/IED,2
MNOPDF: Monyo People's Defense Force,1,Political militia,Bago-West,Remote explosive/landmine/IED,0
ASEAN: Association of Southeast Asian Nations,1,External/Other forces,Nay Pyi Taw,Other,0
YGRF: Yangon Ghost Ranger Force,1,Political militia,Yangon,Armed clash,0
MO8,1,Political militia,Yangon,Remote explosive/landmine/IED,0
Military Forces of China (2012-),1,External/Other forces,Shan-North,Change to group/activity,0
Military Commission Column - 8,1,Political militia,Magway,Armed clash,8
Mawlamyine Kha Yaing Sit Sin Yay Aphwe: Mawlamyine District Task Force,1,Political militia,Mon,Armed clash,1
ARF: Ayeyarwaddy Revolution Front,1,Political militia,Ayeyarwady,Armed clash,0
Mawlaik Revolutions,1,Political militia,Sagaing,Armed clash,6
MPDF: Master People's Defense Force - Gangaw,1,Political militia,Magway,Armed clash,38
Mandalay People's Defense Force - Mongoose Squadron,1,Political militia,Mandalay,Remote explosive/landmine/IED,12
Mandalay Eagle Warrior,1,Political militia,Mandalay,Attack,0
YPF: Young People Force,1,Political militia,Sagaing,Armed clash,3
Mandalay Black King Scorpion,1,Political militia,Mandalay,Armed clash,2
YPGF: YayPhyu Guerrilla Force,1,Political militia,Tanintharyi,Remote explosive/landmine/IED,0
Moe Kyoe Hlatsee Pyauk Kyar Aphwe: Thunder Lightning Guerrilla Force,1,Political militia,Mandalay,Armed clash,2
Ah Yeit Pyauk Kyar Aphwe: Shadow Guerrilla Group,1,Political militia,Tanintharyi,Remote explosive/landmine/IED,8
Thunderstorms Without Borders,1,Political militia,Sagaing,Armed clash,3
Aung Taing San Pyauk Kyar Tatphwe - Singu: Aung Taing San Guerrilla Force - Singu,1,Political militia,Mandalay,Armed clash,1
Myaing Myo Nei Ah Chay Saik Su Hpwe Mhu Tat Yin Tatphwe: Myaing Township Based Consolidated Battalion Force,1,Political militia,Magway,Armed clash,0
UC: Unity Column,1,Political militia,Sagaing,Armed clash,2
UCRRF: Upper Chindwin River Revolution Force,1,Political militia,Sagaing,Armed clash,0
Ayadaw Ninja Maung Day War,1,Political militia,Sagaing,Attack,1
MBA: Mon Blood Army,1,Political militia,Mon,Shelling/artillery/missile attack,0
Mway Soe Tatphwe: Venomous Snake Force,1,Political militia,Magway,Armed clash,0
UGF Ninjas,1,Political militia,Sagaing,Armed clash,2
Aung Myay Defense Force,1,Political militia,Magway,Shelling/artillery/missile attack,3
Twayt Ma Shaung PDF: Fight on Sight People's Defense Force,1,Political militia,Sagaing,Armed clash,1
UGFM: Underground for Mahlaing,1,Political militia,Mandalay,Remote explosive/landmine/IED,0
Mu Pang (Hseni) Day Tha Lon Chon Yay Aphwe: Mu Pang (Hseni) Area Security Group,1,Political militia,Shan-North,Air/drone strike,0
Mother Son Pyi Force,1,Political militia,Bago-West,Remote explosive/landmine/IED,3
MUG: Mingaladon Urban Guerrilla,1,Political militia,Yangon,Remote explosive/landmine/IED,2
Apostle Guerrilla Force,1,Political militia,Sagaing,Remote explosive/landmine/IED,20
ULFA-I: United Liberation Front of Asom-Independent,1,Rebel group,Sagaing,Armed clash,3
Monywa Special Deik Deik Kye People's Defense Force,1,Political militia,Sagaing,Armed clash,0
Myaing Myo Nei Let Net Gyi Aphwe: Myaing Township Heavy Weapon Group,1,Political militia,Magway,Shelling/artillery/missile attack,0
Aye Thar Yar People's Defense Force,1,Political militia,Shan-South,Change to group/activity,0
URF: United Resistance Force,1,Political militia,Yangon,Grenade,0
Tiger Force Mandalay,1,Political militia,Mandalay,Attack,2
Aye Yar Yit Wine Moe Kyoe Mone Taing: Thunderstorms Around the River,1,Political militia,Sagaing,Change to group/activity,0
M.T Black Dragon People's Defense Force,1,Political militia,Sagaing,Remote explosive/landmine/IED,4
MACT Supply Force,1,Political militia,Sagaing,Remote explosive/landmine/IED,15
Madaya Myo Nei Taik Nei 3 PaKaPha: Madaya Township Area 3 People's Defense Force,1,Political militia,Mandalay,Remote explosive/landmine/IED,0
Aye Yar Myo Pya Pyauk Kyar Aphwe (Kyaiklat): Aye Yar Urban Guerrilla Force (Kyaiklat),1,Political militia,Ayeyarwady,Remote explosive/landmine/IED,0
Yedashe Myo Pya Kyar Pauk UG Pyauk Kyar Aphwe: Yedashe Tiger Cub Urban Guerrilla Force,1,Political militia,Bago-East,Grenade,0
Tiger Brothers People's Defense Force,1,Political militia,Sagaing,Armed clash,4
Tiger King Guerrilla Force,1,Political militia,Sagaing,Armed clash,2
Myaing Myo Nei Mahar Meik Tat Paung Su: Myaing Township Alliance Joint Forces,1,Political militia,Magway,Armed clash,10
Tiger One People's Defense Force Army,1,Political militia,Bago-East,Remote explosive/landmine/IED,2
Tiger YeU Local People's Defense Force,1,Political militia,Sagaing,Remote explosive/landmine/IED,5
Time Myint Mo People's Defense Force,1,Political militia,Sagaing,Remote explosive/landmine/IED,5
Myanmar Che Guevara - Salingyi,1,Political militia,Sagaing,Disrupted weapons use,0
Toxic Boys,1,Political militia,Yangon,Grenade,0
MAF: Myaing Air Fighter People's Defense Force,1,Political militia,Magway,Air/drone strike,0
Myaing Pyi Thu Kar Kwei Yay Drone Tatphwe: Myaing People's Defense Drone Force,1,Political militia,Sagaing,Air/drone strike,0
A.D.G Brothers,1,Political militia,Bago-East,Armed clash,11
Yaywati Thaman Kyar,1,Political militia,Ayeyarwady,Remote explosive/landmine/IED,0
Mogaung Myo Pya Aphwe: Mogaung Urban Group,1,Political militia,Kachin,Armed clash,0
MFG: Monywa Fire Group,1,Political militia,Sagaing,Armed clash,1
Unidentified Armed Group (India),1,Political militia,Sagaing,Armed clash,115
Alliance Force of Chindwin Yoma,1,Political militia,Sagaing,Armed clash,34
Yaw Defense Force (Yaw Lu Lin),1,Political militia,Magway,Armed clash,2
AARF: Anyar Ayeyawaddy Revolution Force,1,Political militia,Magway,Armed clash,3
Unity Fighter Yinmarbin People's Defense Force,1,Political militia,Sagaing,Armed clash,1
Mongmit District Kachin People's Defense Force Battalion - Kachin Region,1,Political militia,Shan-North,Armed clash,1
MUGDF: Myaing Underground Defense Force,1,Political militia,Magway,Remote explosive/landmine/IED,2
Mon Land Defense Army,1,Political militia,Mon,Looting/property destruction,0
Anauk Yoma Kyar Sidoktaya Pauk Kyar Tatphwe: Western Yoma Tiger Sidoktaya Guerrilla Force,1,Political militia,Magway,Armed clash,2
Vakok - CNDF,1,Political militia,Sagaing,Armed clash,1
Alawaka Guerrilla Force,1,Political militia,Mon,Attack,1
Alawaka Column (People's Defense Force - Thaton District Battalion 3),1,Political militia,Bago-East,Armed clash,30
Yaung Ni Pyauk Kyar Tatphwe: Red Glow of Dawn Guerrilla Force,1,Political militia,Sagaing,Remote explosive/landmine/IED,0
Mon - SOF: Mon - Special Operation Force,1,Political militia,Mon,Armed clash,0
Mohnyin Revolution Force,1,Political militia,Kachin,Armed clash,0
Mogoke Byu Har Ah Hmat 1222 Tat Yin: Mogoke Strategy Battalion 1222,1,Political militia,Mandalay,Armed clash,3
Ama-PDF: Amarapura People's Defense Force,1,Political militia,Mandalay,Grenade,0
Anawrahta People's Defense Force,1,Political militia,Mandalay,Remote explosive/landmine/IED,0
Yaw Nyi Naung PDF: Yaw Brothers People's Defense Force,1,Political militia,Magway,Armed clash,0
Monywa Myo Nei Taik Nei 1 PaKaPha: Monywa Township Area 1 People's Defense Force,1,Political militia,Sagaing,Armed clash,3
Anyar Pyit Taing Htaung Lay Mya Aphwe: Anyar Pyit Taing Htaung Lay Myar Group,1,Political militia,Sagaing,Armed clash,0
MDF: Madaya Defense Force,1,Political militia,Mandalay,Remote explosive/landmine/IED,9
Anyar Peacock People's Defense Force,1,Political militia,Sagaing,Armed clash,0
Anyar Brothers Coalition Force,1,Political militia,Sagaing,Armed clash,3
Nat Soe Pyauk Kyar: Demon Guerrilla Local People's Defense Force,1,Political militia,Sagaing,Armed clash,0
MDF: Mudon Danger Fighter,1,Political militia,Mon,Remote explosive/landmine/IED,0
USRF: Urban Special Ranger Force,1,Political militia,Yangon,Remote explosive/landmine/IED,0
Yaw Na Ka Sit Kyaung: Yaw Na Ka Column,1,Political militia,Magway,Armed clash,0
Underground Revolution Force,1,Political militia,Mandalay,Armed clash,0
MDRF: Meiktila District Revolution Force,1,Political militia,Mandalay,Armed clash,2
Yaw Defense Force - Pauk,1,Political militia,Magway,Change to group/activity,0
Anonymous Force,1,Political militia,Yangon,Attack,2
UVF: United Villages Force,1,Political militia,Sagaing,Change to group/activity,0
Monywa Kha Yaing Ah Htoo Commando: Monywa District Special Commando,1,Political militia,Sagaing,Armed clash,20
MDRF: Military Dictatorship Revolution Force,1,Political militia,Yangon,Remote explosive/landmine/IED,0
Underground People's Defense Force,1,Political militia,Tanintharyi,Remote explosive/landmine/IED,0
Kyaukhtu Regional People's Defense Force,1,Political militia,Chin,Armed clash,3
Golden Eagle Myaylatt,1,Political militia,Magway,Armed clash,3
Bar Ma Hti People's Defense Force,1,Political militia,Sagaing,Remote explosive/landmine/IED,2
People's Defense Force - Thaketa,1,Political militia,Yangon,Remote explosive/landmine/IED,0
People's Defense Force - Tamwe,1,Political militia,Yangon,Change to group/activity,0
Demo Pauk Kwe,1,Political militia,Sagaing,Shelling/artillery/missile attack,0
People's Defense Force - Tatkon Battalion 803,1,Political militia,Nay Pyi Taw,Armed clash,2
Delta Revolutionary Force,1,Political militia,Yangon,Armed clash,2
JHRF: Jungle Hunter Revolution Force,1,Political militia,Sagaing,Armed clash,5
Dedaye Urban Guerrilla Group,1,Political militia,Ayeyarwady,Remote explosive/landmine/IED,0
People's Defense Force - Bago District Battalion 3703,1,Political militia,Bago-East,Armed clash,24
Dawna Dragon Defense Force,1,Political militia,Mon,Remote explosive/landmine/IED,0
People's Defense Force - Thanatpin,1,Political militia,Bago-East,Armed clash,0
People's Defense Force - Tamu Battalion 3,1,Political militia,Sagaing,Remote explosive/landmine/IED,5
JWF: Justice Warriors Force,1,Political militia,Mandalay,Armed clash,2
People's Defense Force - Ayeyarwady Region,1,Political militia,Ayeyarwady,Attack,0
People's Defense Force - Thandwe,1,Political militia,Rakhine,Change to group/activity,0
Dawei Assassinations Team,1,Political militia,Tanintharyi,Attack,1
Dawei Ahtoo Pyauk Kyar Tatphwe: Dawei Special Guerrilla Force,1,Political militia,Tanintharyi,Armed clash,11
People's Defense Army - Yinmarbin,1,Political militia,Sagaing,Armed clash,0
Joker,1,Political militia,Yangon,Remote explosive/landmine/IED,0
Daung Thway Ni Nyi Ah Ko Myar (PaKaPha): Peacock Red Blood Brothers People's Defense Force,1,Political militia,Sagaing,Attack,1
Demo Pyauk Kyar Tatphwe: Demo Guerrilla Force,1,Political militia,Sagaing,Remote explosive/landmine/IED,3
Iron Tiger Battalion,1,Political militia,Nay Pyi Taw,Armed clash,0
Daung Sit Thei: Peacock Soldiers - Pakokku,1,Political militia,Magway,Attack,1
EDF: Eagle Defense Force (Salingyi),1,Political militia,Sagaing,Armed clash,0
EYM - PDF: East Yoma - People's Defense Force,1,Political militia,Shan-South,Armed clash,20
ERF: Eagle Revolution Force,1,Political militia,Sagaing,Armed clash,5
People's Defense Force - Shwedagon,1,Political militia,Yangon,Remote explosive/landmine/IED,0
INDF: Inn National Defense Force,1,Political militia,Shan-South,Change to group/activity,0
IPDF: Inle People's Defense Force,1,Political militia,Shan-South,Other,0
People's Defense Force - Shweli River Basin,1,Political militia,Shan-North,Change to group/activity,0
EGA: Emerald Girls Army,1,Political militia,Yangon,Armed clash,0
IRDF: Insein Regional People's Defense Force,1,Political militia,Yangon,Change to group/activity,0
Dynamite Emperor,1,Political militia,Sagaing,Armed clash,1
Dhuwan SBDF: Dhuwan Shwe Bo Defense Force,1,Political militia,Sagaing,Air/drone strike,0
Duwun Revolutionary Force,1,Political militia,Tanintharyi,Remote explosive/landmine/IED,0
People's Defense Force - South Dagon,1,Political militia,Yangon,Change to group/activity,0
Duwun Pyauk Kyar (Myauk Paing Mahar Meik Aphwe) Ye-U: Duwun Guerrilla (Northern Confederate Force) Ye-U,1,Political militia,Sagaing,Armed clash,16
Drone Armed Force - Minbu District,1,Political militia,Magway,Air/drone strike,0
Idiots Column,1,Political militia,Sagaing,Armed clash,1
People's Defense Force - Tachileik,1,Political militia,Shan-East,Headquarters or base established,0
Doke Hta Waddy Defense Force,1,Political militia,Mandalay,Armed clash,9
Doh Nyi Naung Pyauk Kyar Tatphwe: Our Brother Guerrilla Force,1,Political militia,Magway,Armed clash,0
Daung Ta Man GZ Federal Army: Peacock GZ Federal Army,1,Political militia,Sagaing,Armed clash,7
Daung Sit Thei: Peacock Soldiers,1,Political militia,Yangon,Grenade,0
Eastern Dragon,1,Political militia,Shan-East,Remote explosive/landmine/IED,0
DOG Killer - Shwebo-Local People's Defense Force,1,Political militia,Sagaing,Armed clash,0
Pan Pyo Lat Taw Hlan Yay In Ahr Su: Pan Pyo Lat Revolution Force,1,Political militia,Sagaing,Armed clash,1
People's Defense Force - Zomi,1,Political militia,Chin,Change to group/activity,0
Pale Plain Defense Groups,1,Political militia,Sagaing,Armed clash,10
KCDRF: Kani ChinDwin Revolution Force,1,Political militia,Sagaing,Armed clash,3
Pale Myo Nei Taik Nei 7: Pale Township Area 7,1,Political militia,Sagaing,Remote explosive/landmine/IED,3
DRF: Divine Ranger Force,1,Political militia,Yangon,Remote explosive/landmine/IED,0
DOTA: Defend of the Ayeyarwady,1,Political militia,Mandalay,Attack,1
People's Defense Force-GanGaw,1,Political militia,Magway,Armed clash,0
DNDF Wetlet: Daung Ni Defense Force - Wetlet,1,Political militia,Sagaing,Armed clash,0
DSRB: Dark Side Revolution Burma,1,Political militia,Yangon,Remote explosive/landmine/IED,0
People's Police Force,1,Political militia,Sagaing,Arrests,0
KDT: Katha Drone Team,1,Political militia,Sagaing,Armed clash,0
DMD: Mon Defense Force,1,Political militia,Mon,Change to group/activity,0
KF: King Fighter People Defense Force,1,Political militia,Magway,Armed clash,0
DKTF: Dog Killer Task Force - Pauk,1,Political militia,Magway,Armed clash,0
KG,1,Political militia,Magway,Shelling/artillery/missile attack,0
KGSTF: Kyaunggon Special Task Force,1,Political militia,Ayeyarwady,Remote explosive/landmine/IED,0
DKDF: Demon King Defense Force,1,Political militia,Sagaing,Remote explosive/landmine/IED,3
DRSSA: Dictatorship Revolution Secret Sagittarius Army,1,Political militia,Yangon,Grenade,3
Pathein District Guerrilla Group,1,Political militia,Ayeyarwady,Remote explosive/landmine/IED,0
Joker GZ,1,Political militia,Sagaing,Armed clash,1
Daung Lu Lin - Local People's Defense Force,1,Political militia,Sagaing,Armed clash,0
People's Defense Force - Thingangyun,1,Political militia,Yangon,Change to group/activity,0
People's Defense Force - Thuwanna,1,Political militia,Yangon,Change to group/activity,0
Daung Pyauk Kyar Tatphwe: Peacock Guerrilla Force,1,Political militia,Sagaing,Armed clash,2
People's Defense Force - Unity,1,Political militia,Yangon,Remote explosive/landmine/IED,0
Daung New Generation Kani People's Defense Force,1,Political militia,Sagaing,Remote explosive/landmine/IED,3
Daung Min Ta Man MGN Pyauk Kyar Tatphwe: King Peacock MGN Guerrilla Force,1,Political militia,Mandalay,Remote explosive/landmine/IED,13
KB4 Tatphwe: KB4 Force,1,Political militia,Sagaing,Armed clash,0
People's Defense Force - Western Region,1,Political militia,Magway,Remote explosive/landmine/IED,2
Daung Khit Pyi Thu Kar Kwei Yay Aphwe: Peacock Era People's Defense Force,1,Political militia,Sagaing,Armed clash,4
DTNPDF: Daung Thway Ni People's Defense Force,1,Political militia,Magway,Air/drone strike,1
Pauk Taung Paing Nagar Pyauk Kyar Tatphwe (PaKaPha): Southern Pauk Dragon Guerrilla Force (PaKaPha),1,Political militia,Magway,Abduction/forced disappearance,0
People's Defense Force - Yamethin District,1,Political militia,Mandalay,Armed clash,3
KBU-CRA: Kanbalu Counter Revolution Army,1,Political militia,Sagaing,Armed clash,4
Pauk Regional Defense Force,1,Political militia,Magway,Shelling/artillery/missile attack,1
People's Defense Force - Yangon-South District,1,Political militia,Yangon,Armed clash,1
People's Defense Force - Yankin,1,Political militia,Yangon,Change to group/activity,0
Dat Tha Pyauk Kyar Tatphwe Monywa PDF: Dat Tha Guerrilla Force Monywa People's Defense Force,1,Political militia,Sagaing,Grenade,0
Danu Drone Force,1,Political militia,Shan-South,Armed clash,10
Eagle Wings Drone Force,1,Political militia,Magway,Armed clash,0
Eastern Red Lion,1,Political militia,Yangon,Grenade,0
Baydar Gyi,1,Political militia,Sagaing,Armed clash,0
HPDF 124: Homalin People's Defense Force 124,1,Political militia,Sagaing,Armed clash,0
Galaxy Force,1,Political militia,Sagaing,Armed clash,2
People's Defense Force - Moe Dar,1,Political militia,Sagaing,Armed clash,3
HOD: Harbinger Of Death - People's Defense Force,1,Political militia,Yangon,Grenade,0
GTF: Golden Target Force,1,Political militia,Sagaing,Remote explosive/landmine/IED,0
GSF: Garuda Secret Force,1,Political militia,Magway,Shelling/artillery/missile attack,0
GRF: Giant Revolution Force,1,Political militia,Sagaing,Armed clash,23
GR: Guerrilla Ranger,1,Political militia,Magway,Armed clash,12
People's Defense Force - Muse,1,Political militia,Shan-North,Looting/property destruction,0
HQ Urban Guerrilla Force,1,Political militia,Mandalay,Attack,1
Galon Kar Kwei Yay Tatphwe - Pale: Galon People's Defense Force - Pale,1,Political militia,Sagaing,Armed clash,1
People's Defense Force - Kar Li,1,Political militia,Shan-South,Change to group/activity,0
People's Defense Force - Myaungmya,1,Political militia,Ayeyarwady,Change to group/activity,0
HTF: Hta Naung Task Force,1,Political militia,Mandalay,Change to group/activity,0
People's Defense Force - Myawaddy,1,Political militia,Kayin,Armed clash,0
People's Defense Force - Kan Pauk,1,Political militia,Tanintharyi,Air/drone strike,0
GOE: God of Empire,1,Political militia,Sagaing,Armed clash,0
Hkamti Kha Yaing Tat Yin 1 (Homalin) PDF: Hkamti District Battalion 1 (Homalin) People's Defense Force,1,Political militia,Sagaing,Armed clash,0
People's Defense Force - Myingyan District Battalion 5,1,Political militia,Magway,Abduction/forced disappearance,0
HLPDF: Hinthada Local People's Defense Force,1,Political militia,Ayeyarwady,Remote explosive/landmine/IED,0
Guerrilla Souls,1,Political militia,Sagaing,Attack,1
People's Defense Force - Myit Chay,1,Political militia,Magway,Armed clash,0
People's Defense Force - Mandalay (Special Movement Division),1,Political militia,Mandalay,Change to group/activity,0
Gold Brother,1,Political militia,Bago-West,Attack,1
Giant Guard Underground,1,Political militia,Yangon,Remote explosive/landmine/IED,0
People's Defense Force - Ma Yoe Kone Village,1,Political militia,Tanintharyi,Attack,2
Golden Peacock Attack Force,1,Political militia,Sagaing,Armed clash,0
Ghost Rider Special Task Force - Burma,1,Political militia,Sagaing,Remote explosive/landmine/IED,1
Generation Z Army,1,Political militia,Magway,Armed clash,0
People's Defense Force - Mahaaungmyay,1,Political militia,Mandalay,Air/drone strike,0
People's Defense Force - Kyaukme,1,Political militia,Shan-North,Remote explosive/landmine/IED,0
Government of Thailand (2025-),1,External/Other forces,Kayin,Other,0
Galon Min Pyauk Kyar Tatphwe: King Galon Guerrilla Force,1,Political militia,Sagaing,Armed clash,0
People's Defense Force - Kyauk Htone Gyi,1,Political militia,Sagaing,Armed clash,5
People's Defense Force - Kyangin,1,Political militia,Ayeyarwady,Remote explosive/landmine/IED,0
People's Defense Force - Kya Khet Aik,1,Political militia,Sagaing,Remote explosive/landmine/IED,3
Gangaw Myo Nei Pyi Thu Kar Kwei Yay Aphwe - PaKaPha: Gangaw Township People's Defense Force - PaKaPha,1,Political militia,Magway,Armed clash,1
People's Defense Force - Kungyangon,1,Political militia,Yangon,Remote explosive/landmine/IED,0
Guerilla Ranger,1,Political militia,Sagaing,Armed clash,0
People's Defense Force - Minbu,1,Political militia,Magway,Armed clash,3
Galon Net PDF: Black Galon People's Defense Force,1,Political militia,Sagaing,Armed clash,4
GFRF: Golden Future Revolution Force,1,Political militia,Sagaing,Armed clash,3
GDF: Gurkha Defense Force,1,Political militia,Sagaing,Change to group/activity,0
People's Defense Force - Sheinmakar (Viper Army),1,Political militia,Sagaing,Remote explosive/landmine/IED,4
People's Defense Force - Dala,1,Political militia,Yangon,Change to group/activity,0
FYDF: Future For Ye Defense Forces,1,Political militia,Mon,Change to group/activity,0
FUF: Federal Union Front,1,Political militia,Yangon,Attack,1
People's Defense Force - Dedaye,1,Political militia,Ayeyarwady,Grenade,0
People's Defense Force - Puta-O District,1,Political militia,Kachin,Abduction/forced disappearance,0
FRF: Federal Revolution Force,1,Political militia,Mandalay,Armed clash,28
FRF UG: Farmers Revolution Force UG,1,Political militia,Sagaing,Armed clash,1
IGF: Independent Guerilla Force - UG,1,Political militia,Yangon,Grenade,0
People's Defense Force - Pyinmana,1,Political militia,Nay Pyi Taw,Remote explosive/landmine/IED,0
People's Defense Force - Regional Military Command (Ayeyarwady),1,Political militia,Ayeyarwady,Change to group/activity,0
Farmer Heroes Khin U,1,Political militia,Sagaing,Air/drone strike,0
People's Defense Force - Chaungzon,1,Political militia,Mon,Attack,1
People's Defense Force - Saing Pyin,1,Political militia,Sagaing,Armed clash,5
FDPDF: Fire Dragon People's Defense Force - Khin-U,1,Political militia,Sagaing,Armed clash,5
People's Defense Force - Sanchaung,1,Political militia,Yangon,Change to group/activity,0
People's Defense Force - Sar Taung Gyi Village,1,Political militia,Sagaing,Attack,2
F2Y: Freedom from Fear Youths,1,Political militia,Yangon,Remote explosive/landmine/IED,0
People's Defense Force - See Haung Area,1,Political militia,Sagaing,Remote explosive/landmine/IED,8
People's Defense Force - Seikphyu Township,1,Political militia,Magway,Remote explosive/landmine/IED,3
IDG PDF: Indawgyi People's Defense Force,1,Political militia,Kachin,Armed clash,1
People's Defense Force - Einme,1,Political militia,Ayeyarwady,Change to group/activity,0
People's Defense Force - Insein,1,Political militia,Yangon,Change to group/activity,0
People's Defense Force - Nyaungdon,1,Political militia,Ayeyarwady,Change to group/activity,0
GDF: Generation Defense Force,1,Political militia,Sagaing,Armed clash,1
People's Defense Force - Ingapu,1,Political militia,Ayeyarwady,Remote explosive/landmine/IED,0
Hlaingtharya Myo Pya Pyauk Kyar Tatphwe: Hlaingtharya Urban Guerrilla Force,1,Political militia,Yangon,Disrupted weapons use,0
G-6 Stars,1,Political militia,Mandalay,Attack,1
Freedom Figher Force,1,Political militia,Kayin,Abduction/forced disappearance,0
People's Defense Force - Hsipaw,1,Political militia,Shan-North,Change to group/activity,0
Hlatsee Pyauk Kyar: Lightning Guerrilla,1,Political militia,Magway,Air/drone strike,1
For the Yangon,1,Political militia,Yangon,Attack,1
Fighter Police CDM Tamu,1,Political militia,Sagaing,Armed clash,1
IA: Independence Army,1,Political militia,Sagaing,Armed clash,0
Fighter 9 Force Salingyi,1,Political militia,Sagaing,Armed clash,0
Fight for Justice - Tatkon,1,Political militia,Nay Pyi Taw,Attack,1
People's Defense Force - Pantanaw,1,Political militia,Ayeyarwady,Change to group/activity,0
People's Defense Force - Hinthada District,1,Political militia,Bago-East,Armed clash,1
People's Defense Force - Pathein District,1,Political militia,Ayeyarwady,Attack,1
Federal Self Defense Force - Kyaukse,1,Political militia,Mandalay,Armed clash,3
Federal Liberation Army (HTY-Battalion),1,Political militia,Yangon,Armed clash,0
Htan Lone Kar Guerrilla Group,1,Political militia,Sagaing,Armed clash,12
DGF: Dove Guerrilla Force,1,Political militia,Tanintharyi,Change to group/activity,0
PWF: Peacock Warrior Force - Madaya,1,Political militia,Mandalay,Looting/property destruction,0
KLPDF: Kawlin People Defense Force,1,Political militia,Sagaing,Armed clash,13
Khut Daung Ta Man Ah Htoo Sit Kyaung: Peacock Special Column,1,Political militia,Tanintharyi,Armed clash,10
Bo Hlaing Bwar Pyauk Kyar Tatphwe: Bo Hlaing Bwar Guerrilla Force,1,Political militia,Sagaing,Armed clash,0
Kee Ku Sit Kyaung: Kee Ku Column,1,Political militia,Bago-East,Armed clash,5
Khin-U Htar Nay One Phoenix Aphwe: Khin-U Native Land One Phoenix Group,1,Political militia,Sagaing,Armed clash,2
Nyaung-U Kha Yaing Pyi Thu Sit Tite Hpyat Yay Hnint Laung Ka Sar Hmu Pa Pyauk Yay Aphwe: Nyaung-U District Anti-People's Militia and Anti-Gambling Group,1,Political militia,Mandalay,Attack,1
Nyaung Yan Fortress,1,Political militia,Chin,Armed clash,0
SSSG-PDF: South Shan State Generations-People's Defense Force,1,Political militia,Shan-North,Armed clash,3
Khin-U Urban Guerrilla,1,Political militia,Sagaing,Armed clash,0
Nway Oo Nyi Naung Aphwe: Spring Brothers Group,1,Political militia,Magway,Armed clash,3
King Fighter Special Guerrilla Force,1,Political militia,Magway,Shelling/artillery/missile attack,0
SRF: Standard Revolution Force - MMU,1,Political militia,Sagaing,Air/drone strike,1
Nine People's Defense Force - Khin U,1,Political militia,Mandalay,Remote explosive/landmine/IED,0
Black Panther Column,1,Political militia,Kayin,Other,0
STF Yangon: Special Task Force Yangon,1,Political militia,Yangon,Grenade,0
Nine Cubits Tiger - Homalin People's Defense Force,1,Political militia,Sagaing,Remote explosive/landmine/IED,0
Black Lighting People's Defense Force,1,Political militia,Mon,Remote explosive/landmine/IED,9
Sagaing Myo Moe Kyoe Pyauk Kyar Tatphwe: Sagaing Town Thunder Guerrilla Force,1,Political militia,Sagaing,Remote explosive/landmine/IED,0
Ngapudaw Urban Guerrilla Force,1,Political militia,Ayeyarwady,Armed clash,1
Black Image,1,Political militia,Mandalay,Grenade,0
Okpo Commando,1,Political militia,Bago-East,Attack,2
One Day Revolution Force,1,Political militia,Sagaing,Remote explosive/landmine/IED,0
Nga Moe Yeik Mission Network,1,Political militia,Yangon,Attack,1
Bo Maik Khe Pyauk Kyar Tatphwe: Bo Maik Khe Guerrilla Force,1,Political militia,Magway,Remote explosive/landmine/IED,0
Bo Phyu Lay Aphwe: Bo Phyu Lay Group,1,Political militia,Sagaing,Remote explosive/landmine/IED,0
Bo Paing Che (Kanbalu Kha Yaing Ah Htoo Hloke Shar Tat Yin): Bo Paing Che (Kanbalu District Special Operation Battalion),1,Political militia,Sagaing,Armed clash,4
PDA - YMB: People's Defense Army - Yinmarbin,1,Political militia,Sagaing,Armed clash,15
SMATH: Shwebo Mine Action Team Hawk,1,Political militia,Sagaing,Remote explosive/landmine/IED,0
Bo Mway Soe Aphwe: Bo Venomous Snake Group - Myaing,1,Political militia,Magway,Remote explosive/landmine/IED,0
Bo Moe Kyoe and Aphwe Thar Myar: Bo Thunder and Team members,1,Political militia,Kachin,Armed clash,0
Bo Mi Kyaung Pyi Thu Kar Kwei Yay Aphwe: Bo Crocodile People's Defense Force,1,Political militia,Sagaing,Grenade,7
SNPDF: Shwe Nyaung People's Defense Force,1,Political militia,Shan-South,Grenade,0
Kawlin Ah Shey Chan PaKaPha: Eastern Kawlin People's Defense Force,1,Political militia,Sagaing,Armed clash,1
One Local People's Defense Force,1,Political militia,Sagaing,Remote explosive/landmine/IED,0
Bo Ma Htar Kyay Ywar Paung Son PDF: Bo Ma Htar Coalition of Villages People's Defense Force,1,Political militia,Magway,Attack,1
SPPK: Super People Pyauk Kyar,1,Political militia,Bago-East,Grenade,0
SPTUG: Shwepyithar Underground Group,1,Political militia,Yangon,Remote explosive/landmine/IED,0
PACF: People Alliance Collective Force,1,Political militia,Mandalay,Attack,1
SRA: Student Revolution Army,1,Political militia,Magway,Armed clash,0
SRBN: Spring Revolution Brothers Network,1,Political militia,Nay Pyi Taw,Change to group/activity,0
SRDF: Sagaing Region Defense Forces,1,Political militia,Sagaing,Armed clash,0
SRF: Senthang Revolution Force,1,Political militia,Chin,Other,0
King Peacock Defense Force,1,Political militia,Sagaing,Remote explosive/landmine/IED,2
Black Hunter People's Task Force,1,Political militia,Sagaing,Attack,1
Poisonous Young People - MDY,1,Political militia,Mandalay,Remote explosive/landmine/IED,0
Silver Coin N/Oka,1,Political militia,Yangon,Remote explosive/landmine/IED,0
Shwebo Myo Nei PaKaPha Taik Nei 3: Shwebo Township People's Defense Force Area 3,1,Political militia,Sagaing,Armed clash,0
Natogyi Tiger Black,1,Political militia,Mandalay,Attack,1
Kyar Thit Nat Tatphwe (Beikthano): Black Leopard Force (Beikthano),1,Political militia,Magway,Armed clash,1
Shwebo Myo Nei PaKaPha Taik Nei 6: Shwebo Township People's Defense Force Area 6,1,Political militia,Sagaing,Shelling/artillery/missile attack,0
Shwebo Township People's Defense Organization,1,Political militia,Sagaing,Air/drone strike,0
Shwebo Yan Bi Lu: Shwebo Dynamite,1,Political militia,Sagaing,Armed clash,1
Shwedaung Guerrilla Warriors,1,Political militia,Bago-West,Remote explosive/landmine/IED,0
Shwegu Area Local People's Defense Force,1,Political militia,Kachin,Armed clash,0
Natmauk Pyi Thu Kar Kwei Yay Tat Paung Su: Natmauk People's Defense Joint Force,1,Political militia,Magway,Attack,1
Shwebo Moe Kyoe Mone Taing Aphwe: Shwebo Thunder Storm Group,1,Political militia,Sagaing,Armed clash,1
Singu Myay Pyin Pyauk Kyar Mahar Meik Tat Paung Su: Singu Ground Guerrilla Joint Forces,1,Political militia,Mandalay,Armed clash,1
Sinphyukyun Myo Pya Pyauk Kyar Tatphwe: Sinphyukyun Urban Guerrilla Force,1,Political militia,Magway,Change to group/activity,0
Black Cat (SGG),1,Political militia,Sagaing,Remote explosive/landmine/IED,0
Bilin Revolutionary Group,1,Political militia,Mon,Attack,1
Six Senses Guerrilla Force,1,Political militia,Magway,Armed clash,0
Sky Eagle Guerrilla Force K.U,1,Political militia,Sagaing,Remote explosive/landmine/IED,0
Sky Hero - Madaya,1,Political militia,Mandalay,Air/drone strike,1
Kyar Thit Nat Tatphwe: Black Leopard Force,1,Political militia,Mandalay,Armed clash,7
Shwebo Myo Nei PaKaPha Taik Nei 1: Shwebo Township People's Defense Force Area 1,1,Political militia,Sagaing,Air/drone strike,0
Shwebo Kyar Gyi: Shwebo Tiger,1,Political militia,Sagaing,Armed clash,5
Satan UG,1,Political militia,Mandalay,Grenade,2
Shadow (S.A.F),1,Political militia,Yangon,Shelling/artillery/missile attack,0
Sayar Min Hnint Aphwe: Sayar Min and Group,1,Political militia,Sagaing,Air/drone strike,4
Nei See Ma Char Taw Hlan Yae Aphwe: Without Borders Revolution Force,1,Political militia,Sagaing,Armed clash,0
Ko Naung Kin Sit Kyaung: Ko Naung Kin Column,1,Political militia,Tanintharyi,Looting/property destruction,0
Scorpions People Defense Force (Taung Thar),1,Political militia,Mandalay,Remote explosive/landmine/IED,0
Seikphyu Pyauk Kyar Ta Ko Taw Kyar Zoe People's Defense Force: Seikphyu Guerrilla Solo Tiger People's Defense Force,1,Political militia,Magway,Remote explosive/landmine/IED,0
Nay Pyi Taw People's Defense Force - Battalion 805,1,Political militia,Bago-East,Armed clash,6
Nay Pyi Taw People's Defense Force - Battalion 801,1,Political militia,Sagaing,Other,0
Seven Star Tatphwe: Seven Star Force,1,Political militia,Magway,Armed clash,2
Shan Shan Tauk Special Task Force,1,Political militia,Sagaing,Remote explosive/landmine/IED,3
Shwebo Kite Local People's Defense Force,1,Political militia,Sagaing,Armed clash,1
Shan Youth's Federal Democratic Army-SYFDA Rangers,1,Political militia,Shan-South,Armed clash,1
Shanni Ethnic Militia (Myanmar),1,Identity militia,Kachin,Abduction/forced disappearance,0
Shwe Bo Local People Defense Force,1,Political militia,Sagaing,Armed clash,10
Black Eagle Revolution Force,1,Political militia,Sagaing,Armed clash,6
Naungyoe Army,1,Political militia,Sagaing,Grenade,1
Kyar Thit Nat Local Defense Force: Black Leopard Local Defense Force,1,Political militia,Tanintharyi,Armed clash,5
Black Eagle Local People's Defense Force (Khin-U),1,Political militia,Sagaing,Remote explosive/landmine/IED,1
Kyar Thit Nat Pyauk Kyar Tatphwe: Black Leopard Guerrilla Force,1,Political militia,Mandalay,Armed clash,7
PDA: People's Defense Army,1,Political militia,Chin,Abduction/forced disappearance,0
SIA: Sagaing Independence Army,1,Political militia,Sagaing,Armed clash,2
PDFPD: People's Defense Force - Pyapon District,1,Political militia,Ayeyarwady,Remote explosive/landmine/IED,0
CRF: Che-Guevara Revolution Force Kyauktan,1,Political militia,Yangon,Attack,2
Pyan Hlwar Taik Nei Pyi Thu Kar Kwei Yay Tatphwe: Swallow Area People's Defense Force,1,Political militia,Sagaing,Armed clash,8
CTU Technical Armed Force,1,Political militia,Shan-South,Other,0
Pyay Township People's Defense Force,1,Political militia,Bago-West,Armed clash,4
Pyi Thu Ah Kyoe Pyu Tat Paung Su: People's Support Coalition Force,1,Political militia,Mandalay,Armed clash,1
PSD-Army: People Security and Defense LSO Army,1,Political militia,Shan-North,Remote explosive/landmine/IED,0
Pyi Thu In Ahr (Ngazun): People's Power (Ngazun),1,Political militia,Mandalay,Remote explosive/landmine/IED,4
"Pyi Thu Kar Kwei Yay Tat Ma Taw Ah Hmat 1 Sit Day Tha Ah Hmat 1 Shwebo Kha Yaing Kut Ke Yay Let Net Gyi Aphwe: Heavy Weapon Group under the People's Defense Force No.1 Shwebo District Commands, No.1 Military Region",1,Political militia,Sagaing,Shelling/artillery/missile attack,10
CSRAF: Chindwin Spring Revolution Armed Force,1,Political militia,Sagaing,Armed clash,0
Pyi Thu Lu Maik: People's Thug,1,Political militia,Sagaing,Armed clash,2
Chindwin Nyi Naung Pyauk Kyar Tatphwe: Chindwin Brothers Guerrilla Force,1,Political militia,Sagaing,Armed clash,0
Pyi Thu Nyi Naung - Salin: People's Brother - Salin,1,Political militia,Magway,Remote explosive/landmine/IED,2
Pyi Thu Pan Taing Pyauk Kyar Tatphwe: People's Goal Guerrilla Force,1,Political militia,Tanintharyi,Armed clash,2
KNPF: Karen National Police Force,1,Political militia,Bago-East,Abduction/forced disappearance,0
CRC - PLA: Central Revolutionary Coalition - People's Revolution Alliance,1,Political militia,Mandalay,Armed clash,0
KPDF-Namma: Kachin Region People's Defense Force,1,Political militia,Kachin,Armed clash,18
CNO/CNDF UCR: CNO/CNDF Upper Chindwin Region,1,Political militia,Sagaing,Disrupted weapons use,0
CMWA: Chaung U Middle Wolves Army,1,Political militia,Sagaing,Remote explosive/landmine/IED,6
CMDA Pyauk Kyar Tatphwe: CMDA Guerrilla Force,1,Political militia,Chin,Looting/property destruction,0
KNO: Kachin National Organisation,1,Political militia,Shan-North,Change to group/activity,0
Punaka Pyauk Kyar Tatphwe - Monywa: Punaka Guerrilla Force - Monywa,1,Political militia,Sagaing,Attack,1
Kanbalu Taung Chan Pyi Thu Kar Kwei Yay Aphwe (KDF): Southern Kanbalu People's Defense Force (KDF),1,Political militia,Sagaing,Remote explosive/landmine/IED,2
Civilians (China),1,Civilians,Kayin,Other,0
PUF: People's United Front,1,Political militia,Bago-East,Armed clash,2
KMRF: Kamma Revolution Force,1,Political militia,Magway,Armed clash,2
PSTF: Pyin Oo Lwin Special Task Forces,1,Political militia,Mandalay,Armed clash,1
KNA: Kayan National Army,1,Rebel group,Kayah,Headquarters or base established,0
Police Forces of Myanmar (1988-2011) Border Guard Police,1,State forces,Rakhine,Attack,1
KNG: Kayan National Guard,1,Political militia,Shan-South,Attack,1
Cobra Guerrilla Force,1,Political militia,Magway,Armed clash,0
Civilians (Vietnam),1,Civilians,Kayin,Other,0
City Hunter (MDY UG),1,Political militia,Mandalay,Remote explosive/landmine/IED,0
PSDF: People Soldiers' Defense Force,1,Political militia,Nay Pyi Taw,Change to group/activity,0
Chinland Government Defense Coordination Team,1,Political militia,Chin,Abduction/forced disappearance,0
PSF: People Servant Force,1,Political militia,Sagaing,Armed clash,10
Chinland Defense Force - Zophei,1,Political militia,Chin,Looting/property destruction,0
Pro Life - Special Force - Pa Ka Pha,1,Political militia,Sagaing,Remote explosive/landmine/IED,0
Protesters (International),1,Protesters,Yangon,Peaceful protest,0
Chinland Defense Force - Senthang,1,Political militia,Chin,Remote explosive/landmine/IED,2
Protesters (Vietnam),1,Protesters,Shan-North,Peaceful protest,0
Chinland Defense Force - Mara,1,Political militia,Chin,Disrupted weapons use,0
PRF: Pakokku Revolution Front,1,Political militia,Magway,Armed clash,0
CLLA: Central Land Liberation Army,1,Political militia,Magway,Armed clash,0
PRAF: People's Revolution Armed Force,1,Political militia,Sagaing,Shelling/artillery/missile attack,0
PIO/PIA: People Independence Organization/People Independence Army,1,Political militia,Magway,Armed clash,0
Royal Brother Force,1,Political militia,Sagaing,Armed clash,0
Budalin People's Defense Force Maha Bandula Battalion,1,Political militia,Sagaing,Armed clash,2
Budalin Nat Soe Pyauk Kyar Aphwe: Budalin Devil Guerrilla Group,1,Political militia,Sagaing,Attack,1
Budalin Ka Naung Aphwe: Budalin Ka Naung Group,1,Political militia,Sagaing,Shelling/artillery/missile attack,0
Kalay Police Service,1,Political militia,Sagaing,Change to group/activity,0
S21 Urban Guerrilla Force,1,Political militia,Yangon,Armed clash,4
PKPF: Progressive Karenni People Force,1,Political militia,Kayah,Armed clash,1
Kamma Underground People's Defense Force,1,Political militia,Magway,Armed clash,0
PGZ-Daung Myo Sat Aphwe: PGZ-Peacock Generation Group,1,Political militia,Sagaing,Air/drone strike,0
CLDF: Confidential Location Defense Force,1,Political militia,Yangon,Remote explosive/landmine/IED,0
PGF: People's Guerrilla Force - Kyaukpadaung,1,Political militia,Mandalay,Attack,2
PGF: Peacock Generation Force,1,Political militia,Sagaing,Grenade,1
SDB: Shwe Darr Bo Local People's Defense Force,1,Political militia,Magway,Armed clash,0
Bo Tite Maung Aphwe: Bo Tite Maung Group,1,Political militia,Sagaing,Remote explosive/landmine/IED,0
PDRF: People's Defense & Revolution Force,1,Political militia,Sagaing,Air/drone strike,0
Bo Ta Mar Pyauk Kyar Tatphwe: Bo Ta Mar Guerrilla Force,1,Political militia,Sagaing,Shelling/artillery/missile attack,0
Bo Sekka (Myingyan People's Defense Force),1,Political militia,Mandalay,Remote explosive/landmine/IED,0
Bo Sanay Aphwe: Bo Sanay Group,1,Political militia,Sagaing,Attack,0
KURF: Katha Underground Revolutionary Forces,1,Political militia,Sagaing,Remote explosive/landmine/IED,0
Road to Mandalay Group,1,Political militia,Sagaing,Attack,1
PLA: People's Liberation Army of Manipur,1,Rebel group,Sagaing,Armed clash,6
Rioters (India),1,Rioters,Sagaing,Violent demonstration,0
CJDC: Chinland Joint Defense Committee,1,Political militia,Chin,Armed clash,10
ROR -7: Rangers of Region - 7,1,Political militia,Yangon,Remote explosive/landmine/IED,0
PRA: Pyinmana Revolution Army,1,Political militia,Nay Pyi Taw,Remote explosive/landmine/IED,0
CHU Weapons Installation,1,Political militia,Sagaing,Remote explosive/landmine/IED,0
KPLA: Karenni People's Liberation Army,1,Political militia,Kayah,Armed clash,20
KSDF: Kyaukpadaung Special Defense Force,1,Political militia,Mandalay,Armed clash,6
RUG: Ranger Urban Guerrillas,1,Political militia,Mandalay,Armed clash,1
RYG: Revolution Youth Group,1,Political militia,Sagaing,Remote explosive/landmine/IED,3
KTB-R: Kotaungbo Revolution,1,Political militia,Sagaing,Armed clash,2
Ramanya Army,1,Political militia,Tanintharyi,Change to group/activity,0
CCDF: Chindwin Civil Defense Force,1,Political militia,Sagaing,Grenade,0
Real Heros,1,Political militia,Sagaing,Armed clash,0
Byu Har 35: Strategy 35,1,Political militia,Tanintharyi,Change to group/activity,0
PNDFKK: Pa-Oh National Defense Force Kham Koung,1,Political militia,Shan-South,Other,0
Red Eagle - People's Defense Force,1,Political militia,Sagaing,Armed clash,0
Burmese Urban Guerrilla Force,1,Political militia,Yangon,Armed clash,0
Rioters (China),1,Rioters,Kayin,Violent demonstration,0
Shotgun People's Defense Force,1,Political militia,Sagaing,Remote explosive/landmine/IED,0
