priogrid_gid,year_month,pred_class,pred_class_int,prob_gov,prob_opo,prob_uncertain,confidence,true_class,has_label,is_train_month
143838,2023-11,gov,0,0.8760015368461609,0.049668509513139725,0.07432998716831207,0.8760015368461609,gov,True,True
145998,2023-11,gov,0,0.9304668307304382,0.025561057031154633,0.04397214204072952,0.9304668307304382,gov,True,True
147437,2023-11,gov,0,0.9429885149002075,0.007685340009629726,0.049326203763484955,0.9429885149002075,gov,True,True
147438,2023-11,gov,0,0.7961151599884033,0.007825039327144623,0.19605985283851624,0.7961151599884033,gov,True,True
147439,2023-11,uncertain,2,0.14337342977523804,0.006085644010454416,0.8505409359931946,0.8505409359931946,uncertain,True,True
148158,2023-11,uncertain,2,0.05954974144697189,0.004063980653882027,0.9363862872123718,0.9363862872123718,uncertain,True,True
149597,2023-11,uncertain,2,0.01592285931110382,0.007405283395200968,0.9766718149185181,0.9766718149185181,uncertain,True,True
150307,2023-11,gov,0,0.8627265691757202,0.041734497994184494,0.0955389216542244,0.8627265691757202,gov,True,True
150317,2023-11,uncertain,2,0.02895977720618248,0.01481503713876009,0.9562252163887024,0.9562252163887024,uncertain,True,True
151756,2023-11,uncertain,2,0.1271941065788269,0.008077812381088734,0.8647280931472778,0.8647280931472778,uncertain,True,True
152476,2023-11,gov,0,0.7785404324531555,0.0037357339169830084,0.21772386133670807,0.7785404324531555,gov,True,True
153190,2023-11,gov,0,0.913841187953949,0.011918678879737854,0.07424011826515198,0.913841187953949,gov,True,True
153191,2023-11,gov,0,0.9565172791481018,0.00614860700443387,0.03733403980731964,0.9565172791481018,gov,True,True
153192,2023-11,gov,0,0.9405110478401184,0.001173628494143486,0.058315303176641464,0.9405110478401184,gov,True,True
153193,2023-11,gov,0,0.9627801179885864,0.0004242601862642914,0.036795586347579956,0.9627801179885864,gov,True,True
153196,2023-11,gov,0,0.8923473954200745,0.0061621954664587975,0.10149047523736954,0.8923473954200745,gov,True,True
153197,2023-11,uncertain,2,0.02563917450606823,0.0013892657589167356,0.972971498966217,0.972971498966217,uncertain,True,True
153910,2023-11,gov,0,0.9288872480392456,0.020635943859815598,0.05047686770558357,0.9288872480392456,gov,True,True
153911,2023-11,gov,0,0.8503522276878357,0.07762569934129715,0.07202205061912537,0.8503522276878357,gov,True,True
153912,2023-11,gov,0,0.9292500615119934,0.029333317652344704,0.04141660034656525,0.9292500615119934,gov,True,True
153913,2023-11,gov,0,0.8688971996307373,0.04669615626335144,0.08440668135881424,0.8688971996307373,gov,True,True
153914,2023-11,gov,0,0.8854256272315979,0.013897251337766647,0.10067717730998993,0.8854256272315979,gov,True,True
153915,2023-11,uncertain,2,0.06106863543391228,0.004471329040825367,0.9344601035118103,0.9344601035118103,uncertain,True,True
153916,2023-11,gov,0,0.7331775426864624,0.029191039502620697,0.2376313954591751,0.7331775426864624,gov,True,True
153917,2023-11,uncertain,2,0.1019975021481514,0.007203501649200916,0.8907989859580994,0.8907989859580994,uncertain,True,True
153918,2023-11,uncertain,2,0.11286961287260056,0.019316192716360092,0.8678141832351685,0.8678141832351685,uncertain,True,True
154630,2023-11,gov,0,0.9449518918991089,0.025529611855745316,0.029518496245145798,0.9449518918991089,gov,True,True
154631,2023-11,gov,0,0.9819230437278748,0.005549685098230839,0.012527228333055973,0.9819230437278748,gov,True,True
154632,2023-11,gov,0,0.9653381705284119,0.024422425776720047,0.01023942418396473,0.9653381705284119,gov,True,True
154633,2023-11,gov,0,0.8636884689331055,0.11870767176151276,0.01760384999215603,0.8636884689331055,gov,True,True
154634,2023-11,gov,0,0.7624799013137817,0.019703209400177002,0.21781682968139648,0.7624799013137817,gov,True,True
154635,2023-11,uncertain,2,0.005791214760392904,0.00019677176896948367,0.9940119385719299,0.9940119385719299,uncertain,True,True
154636,2023-11,uncertain,2,0.028710272163152695,0.004432275425642729,0.9668574333190918,0.9668574333190918,uncertain,True,True
155351,2023-11,gov,0,0.9512927532196045,0.030552826821804047,0.018154477700591087,0.9512927532196045,gov,True,True
155352,2023-11,gov,0,0.933563232421875,0.03714984655380249,0.02928696572780609,0.933563232421875,gov,True,True
155354,2023-11,uncertain,2,0.026175793260335922,0.0028317729011178017,0.9709925055503845,0.9709925055503845,uncertain,True,True
156069,2023-11,gov,0,0.919471025466919,0.06488948315382004,0.015639549121260643,0.919471025466919,gov,True,True
156071,2023-11,gov,0,0.8786492943763733,0.10899928957223892,0.012351399287581444,0.8786492943763733,gov,True,True
156072,2023-11,gov,0,0.9279931783676147,0.024574818089604378,0.04743205010890961,0.9279931783676147,gov,True,True
156073,2023-11,gov,0,0.7814140319824219,0.00256207468919456,0.21602387726306915,0.7814140319824219,gov,True,True
156074,2023-11,uncertain,2,0.006080427672713995,0.00021030424977652729,0.9937093257904053,0.9937093257904053,uncertain,True,True
156075,2023-11,uncertain,2,0.0008229828090406954,0.00017785221280064434,0.9989991784095764,0.9989991784095764,uncertain,True,True
156788,2023-11,gov,0,0.7381989359855652,0.03692067787051201,0.22488035261631012,0.7381989359855652,gov,True,True
156789,2023-11,gov,0,0.9423993825912476,0.04619158059358597,0.01140908058732748,0.9423993825912476,gov,True,True
156791,2023-11,gov,0,0.8156675100326538,0.036346323788166046,0.14798614382743835,0.8156675100326538,gov,True,True
156792,2023-11,gov,0,0.958119809627533,0.00953464675694704,0.03234556317329407,0.958119809627533,gov,True,True
156793,2023-11,uncertain,2,0.024992743507027626,0.00029730162350460887,0.9747099280357361,0.9747099280357361,uncertain,True,True
156795,2023-11,uncertain,2,0.004297877196222544,0.022721819579601288,0.9729803204536438,0.9729803204536438,uncertain,True,True
156796,2023-11,opo,1,0.067618727684021,0.8399272561073303,0.09245400875806808,0.8399272561073303,opo,True,True
157508,2023-11,uncertain,2,0.05085645988583565,0.01717327907681465,0.9319702386856079,0.9319702386856079,uncertain,True,True
157510,2023-11,gov,0,0.976942777633667,0.0073468443006277084,0.01571037247776985,0.976942777633667,gov,True,True
157511,2023-11,gov,0,0.8009929060935974,0.07914968580007553,0.11985742300748825,0.8009929060935974,gov,True,True
157513,2023-11,uncertain,2,0.02570786327123642,0.0004752714012283832,0.9738168120384216,0.9738168120384216,uncertain,True,True
157514,2023-11,uncertain,2,0.011850875802338123,0.002630495699122548,0.9855186939239502,0.9855186939239502,uncertain,True,True
157515,2023-11,uncertain,2,0.008991374634206295,0.14638496935367584,0.8446236848831177,0.8446236848831177,uncertain,True,True
158229,2023-11,uncertain,2,0.11684229224920273,0.0043691303580999374,0.8787885308265686,0.8787885308265686,uncertain,True,True
158231,2023-11,gov,0,0.9505082368850708,0.010197708383202553,0.039294056594371796,0.9505082368850708,gov,True,True
158233,2023-11,gov,0,0.6169750094413757,0.0030652484856545925,0.37995973229408264,0.6169750094413757,gov,True,True
158235,2023-11,opo,1,0.07773815095424652,0.5780907869338989,0.34417101740837097,0.5780907869338989,opo,True,True
158236,2023-11,uncertain,2,0.07309270650148392,0.0224082563072443,0.9044990539550781,0.9044990539550781,uncertain,True,True
158946,2023-11,gov,0,0.9244652390480042,0.008083127439022064,0.06745166331529617,0.9244652390480042,gov,True,True
158947,2023-11,gov,0,0.907452404499054,0.02128707617521286,0.0712604820728302,0.907452404499054,gov,True,True
158949,2023-11,gov,0,0.7363131642341614,0.08426259458065033,0.17942428588867188,0.7363131642341614,gov,True,True
158950,2023-11,gov,0,0.9637057781219482,0.007158426567912102,0.029135704040527344,0.9637057781219482,gov,True,True
158951,2023-11,gov,0,0.9838645458221436,0.0038069284055382013,0.012328444980084896,0.9838645458221436,gov,True,True
158952,2023-11,gov,0,0.9697461724281311,0.004419997334480286,0.02583382837474346,0.9697461724281311,gov,True,True
158953,2023-11,gov,0,0.9834248423576355,0.005091121420264244,0.01148402038961649,0.9834248423576355,gov,True,True
158954,2023-11,gov,0,0.9535857439041138,0.03163010999560356,0.0147841926664114,0.9535857439041138,gov,True,True
158955,2023-11,gov,0,0.9598321914672852,0.03543786704540253,0.004729884676635265,0.9598321914672852,gov,True,True
158956,2023-11,gov,0,0.9896634221076965,0.006652683950960636,0.0036838389933109283,0.9896634221076965,gov,True,True
158957,2023-11,gov,0,0.9975810050964355,0.0017807851545512676,0.0006381042185239494,0.9975810050964355,gov,True,True
158958,2023-11,gov,0,0.9973172545433044,0.002377899829298258,0.0003048314538318664,0.9973172545433044,gov,True,True
158960,2023-11,gov,0,0.9698436260223389,0.0062551554292440414,0.02390115149319172,0.9698436260223389,gov,True,True
159665,2023-11,uncertain,2,0.11302600055932999,0.03994892165064812,0.8470250368118286,0.8470250368118286,uncertain,True,True
159666,2023-11,uncertain,2,0.41846930980682373,0.04387767240405083,0.5376530289649963,0.5376530289649963,uncertain,True,True
159667,2023-11,uncertain,2,0.2253844290971756,0.12521953880786896,0.6493960022926331,0.6493960022926331,uncertain,True,True
159670,2023-11,gov,0,0.9430379271507263,0.0007144999108277261,0.05624750629067421,0.9430379271507263,gov,True,True
159671,2023-11,gov,0,0.9901275634765625,0.0015264968387782574,0.00834592804312706,0.9901275634765625,gov,True,True
159672,2023-11,gov,0,0.991783857345581,0.005917779169976711,0.002298344625160098,0.991783857345581,gov,True,True
159673,2023-11,gov,0,0.987661600112915,0.01105440966784954,0.0012839521514251828,0.987661600112915,gov,True,True
159674,2023-11,gov,0,0.9943834543228149,0.0021313829347491264,0.003485189052298665,0.9943834543228149,gov,True,True
159675,2023-11,gov,0,0.9786459803581238,0.003998775966465473,0.017355279996991158,0.9786459803581238,gov,True,True
159676,2023-11,gov,0,0.9893963932991028,0.0027740593068301678,0.007829594425857067,0.9893963932991028,gov,True,True
159679,2023-11,gov,0,0.9981772899627686,0.0003184634551871568,0.0015042538288980722,0.9981772899627686,gov,True,True
159680,2023-11,gov,0,0.9511843323707581,0.0064766788855195045,0.04233888164162636,0.9511843323707581,gov,True,True
160386,2023-11,uncertain,2,0.1668141782283783,0.24825215339660645,0.5849336385726929,0.5849336385726929,uncertain,True,True
160388,2023-11,uncertain,2,0.011320427991449833,0.15704138576984406,0.8316382765769958,0.8316382765769958,uncertain,True,True
160389,2023-11,uncertain,2,0.007858997210860252,0.002635370474308729,0.9895055890083313,0.9895055890083313,uncertain,True,True
160390,2023-11,uncertain,2,0.006718441843986511,0.0011330378474667668,0.9921485185623169,0.9921485185623169,uncertain,True,True
160391,2023-11,uncertain,2,0.018769240006804466,0.0012060459703207016,0.9800247550010681,0.9800247550010681,uncertain,True,True
160392,2023-11,gov,0,0.9864728450775146,0.00634864391759038,0.007178453728556633,0.9864728450775146,gov,True,True
160393,2023-11,gov,0,0.9345057606697083,0.06372363865375519,0.0017705656355246902,0.9345057606697083,gov,True,True
160394,2023-11,gov,0,0.9892877340316772,0.006397648248821497,0.004314621910452843,0.9892877340316772,gov,True,True
160396,2023-11,gov,0,0.9794368147850037,0.006713119801133871,0.013850115239620209,0.9794368147850037,gov,True,True
160397,2023-11,gov,0,0.9898630380630493,0.0070040905848145485,0.0031329698394984007,0.9898630380630493,gov,True,True
160399,2023-11,gov,0,0.994581401348114,0.0016539042117074132,0.003764650784432888,0.994581401348114,gov,True,True
160400,2023-11,gov,0,0.9504739046096802,0.011033293791115284,0.03849276155233383,0.9504739046096802,gov,True,True
161107,2023-11,opo,1,0.03232665732502937,0.6791450381278992,0.28852832317352295,0.6791450381278992,opo,True,True
161109,2023-11,uncertain,2,0.006794231478124857,0.011460942216217518,0.9817448258399963,0.9817448258399963,uncertain,True,True
161110,2023-11,uncertain,2,0.03179933875799179,0.0024154430720955133,0.9657852649688721,0.9657852649688721,uncertain,True,True
161111,2023-11,uncertain,2,0.07661674171686172,0.0007104551768861711,0.9226728081703186,0.9226728081703186,uncertain,True,True
161112,2023-11,gov,0,0.9924706220626831,9.487648640060797e-05,0.007434505503624678,0.9924706220626831,gov,True,True
161113,2023-11,gov,0,0.9991230368614197,0.0006728077423758805,0.00020411692094057798,0.9991230368614197,gov,True,True
161116,2023-11,gov,0,0.9159001708030701,0.01638440042734146,0.06771540641784668,0.9159001708030701,gov,True,True
161117,2023-11,gov,0,0.9368177652359009,0.01559448428452015,0.047587789595127106,0.9368177652359009,gov,True,True
161118,2023-11,gov,0,0.9912152290344238,0.0065817455761134624,0.0022030440159142017,0.9912152290344238,gov,True,True
161119,2023-11,gov,0,0.9843117594718933,0.011862081475555897,0.0038261606823652983,0.9843117594718933,gov,True,True
161120,2023-11,gov,0,0.9383350014686584,0.032134559005498886,0.02953045628964901,0.9383350014686584,gov,True,True
161829,2023-11,uncertain,2,0.013796188868582249,0.04058873653411865,0.9456150531768799,0.9456150531768799,uncertain,True,True
161830,2023-11,uncertain,2,0.00012268617865629494,0.0006996563170105219,0.9991776347160339,0.9991776347160339,uncertain,True,True
161831,2023-11,uncertain,2,0.00030580299790017307,3.475874109426513e-05,0.9996594190597534,0.9996594190597534,uncertain,True,True
161832,2023-11,uncertain,2,0.05790257081389427,9.272905299440026e-05,0.9420046806335449,0.9420046806335449,uncertain,True,True
161833,2023-11,gov,0,0.958532989025116,0.002967165783047676,0.0384998694062233,0.958532989025116,gov,True,True
161837,2023-11,gov,0,0.962578535079956,0.004802069626748562,0.032619331032037735,0.962578535079956,gov,True,True
161839,2023-11,gov,0,0.989740252494812,0.007550125941634178,0.0027095123659819365,0.989740252494812,gov,True,True
162547,2023-11,uncertain,2,0.02685168944299221,0.06946095824241638,0.9036873579025269,0.9036873579025269,uncertain,True,True
162548,2023-11,uncertain,2,0.013665045611560345,0.012903832830488682,0.9734311103820801,0.9734311103820801,uncertain,True,True
162549,2023-11,uncertain,2,0.00722062261775136,0.003556359326466918,0.9892230033874512,0.9892230033874512,uncertain,True,True
162551,2023-11,uncertain,2,0.009986529126763344,0.0006047582719475031,0.9894087314605713,0.9894087314605713,uncertain,True,True
162552,2023-11,gov,0,0.6408240795135498,0.005160745698958635,0.3540151119232178,0.6408240795135498,gov,True,True
162554,2023-11,gov,0,0.9922175407409668,0.001586649683304131,0.006195811554789543,0.9922175407409668,gov,True,True
162555,2023-11,gov,0,0.9621981382369995,0.005345651879906654,0.032456278800964355,0.9621981382369995,gov,True,True
162558,2023-11,gov,0,0.9814307689666748,0.004383313003927469,0.01418581884354353,0.9814307689666748,gov,True,True
162559,2023-11,gov,0,0.9872390627861023,0.008263415656983852,0.004497439134865999,0.9872390627861023,gov,True,True
163268,2023-11,opo,1,0.13189329206943512,0.6789053678512573,0.18920135498046875,0.6789053678512573,opo,True,True
163269,2023-11,uncertain,2,0.03793130815029144,0.020740551874041557,0.9413281083106995,0.9413281083106995,uncertain,True,True
163271,2023-11,uncertain,2,0.02436082623898983,0.005085668992251158,0.9705535769462585,0.9705535769462585,uncertain,True,True
163272,2023-11,uncertain,2,0.019614482298493385,0.03883985057473183,0.9415456652641296,0.9415456652641296,uncertain,True,True
163274,2023-11,gov,0,0.7624422311782837,0.018261732533574104,0.21929602324962616,0.7624422311782837,gov,True,True
163275,2023-11,gov,0,0.8732960820198059,0.016389230266213417,0.11031471192836761,0.8732960820198059,gov,True,True
163278,2023-11,gov,0,0.965768039226532,0.011192826554179192,0.023039216175675392,0.965768039226532,gov,True,True
163988,2023-11,gov,0,0.6233482360839844,0.3687647879123688,0.007887031883001328,0.6233482360839844,gov,True,True
163989,2023-11,gov,0,0.8002503514289856,0.014843864366412163,0.1849057376384735,0.8002503514289856,gov,True,True
163992,2023-11,opo,1,0.011536321602761745,0.9390133619308472,0.0494503527879715,0.9390133619308472,opo,True,True
163993,2023-11,uncertain,2,0.012577835470438004,0.02523791231215,0.9621842503547668,0.9621842503547668,uncertain,True,True
163998,2023-11,gov,0,0.992143988609314,0.004736182279884815,0.003119782544672489,0.992143988609314,gov,True,True
164709,2023-11,uncertain,2,0.2747747004032135,0.005173386540263891,0.7200518846511841,0.7200518846511841,uncertain,True,True
164710,2023-11,gov,0,0.9397134780883789,0.009208384901285172,0.051078155636787415,0.9397134780883789,gov,True,True
164711,2023-11,gov,0,0.9916768074035645,0.006201157812029123,0.0021220422349870205,0.9916768074035645,gov,True,True
164712,2023-11,gov,0,0.7030225396156311,0.13197088241577148,0.16500654816627502,0.7030225396156311,gov,True,True
164713,2023-11,uncertain,2,0.014143477194011211,0.012289858423173428,0.9735667109489441,0.9735667109489441,uncertain,True,True
164714,2023-11,uncertain,2,0.05900220945477486,0.0190583448857069,0.9219394326210022,0.9219394326210022,uncertain,True,True
164715,2023-11,gov,0,0.7471219301223755,0.046904176473617554,0.20597392320632935,0.7471219301223755,gov,True,True
165430,2023-11,gov,0,0.9404200315475464,0.03116508573293686,0.028414776548743248,0.9404200315475464,gov,True,True
165433,2023-11,uncertain,2,0.01801198720932007,0.003534086048603058,0.9784538745880127,0.9784538745880127,uncertain,True,True
166150,2023-11,gov,0,0.9459227919578552,0.015043094754219055,0.03903403505682945,0.9459227919578552,gov,True,True
166154,2023-11,uncertain,2,0.047486066818237305,0.004515071399509907,0.9479988813400269,0.9479988813400269,gov,True,True
166155,2023-11,uncertain,2,0.08220326155424118,0.00247040088288486,0.9153263568878174,0.9153263568878174,uncertain,True,True
166873,2023-11,uncertain,2,0.013457190245389938,0.01019420474767685,0.9763485193252563,0.9763485193252563,uncertain,True,True
166876,2023-11,gov,0,0.9607591032981873,0.012318568304181099,0.026922281831502914,0.9607591032981873,gov,True,True
166877,2023-11,gov,0,0.9576035141944885,0.010942747816443443,0.031453728675842285,0.9576035141944885,gov,True,True
167591,2023-11,gov,0,0.9589628577232361,0.03685343638062477,0.004183623008430004,0.9589628577232361,gov,True,True
167592,2023-11,gov,0,0.9344589114189148,0.05170965567231178,0.013831417076289654,0.9344589114189148,gov,True,True
167594,2023-11,uncertain,2,0.022711219266057014,0.0025328733026981354,0.9747558832168579,0.9747558832168579,uncertain,True,True
167597,2023-11,gov,0,0.8164792060852051,0.10892722010612488,0.07459351420402527,0.8164792060852051,gov,True,True
168313,2023-11,gov,0,0.8271315693855286,0.004435576032847166,0.1684328317642212,0.8271315693855286,gov,True,True
168316,2023-11,uncertain,2,0.0417470782995224,0.03416569158434868,0.9240872263908386,0.9240872263908386,uncertain,True,True
169035,2023-11,uncertain,2,0.125116765499115,0.024766866117715836,0.8501163125038147,0.8501163125038147,uncertain,True,True
169036,2023-11,gov,0,0.49192944169044495,0.022709066048264503,0.4853614866733551,0.49192944169044495,gov,True,True
169037,2023-11,gov,0,0.8540486097335815,0.01338233333081007,0.13256897032260895,0.8540486097335815,gov,True,True
169756,2023-11,gov,0,0.8135078549385071,0.02379085309803486,0.16270135343074799,0.8135078549385071,gov,True,True
143838,2023-12,gov,0,0.8809719681739807,0.06360046565532684,0.05542755126953125,0.8809719681739807,gov,True,True
145998,2023-12,gov,0,0.9131239652633667,0.03317632898688316,0.053699709475040436,0.9131239652633667,gov,True,True
147437,2023-12,gov,0,0.8920645117759705,0.011904911138117313,0.09603062272071838,0.8920645117759705,gov,True,True
147438,2023-12,gov,0,0.6639391779899597,0.025643670931458473,0.3104170858860016,0.6639391779899597,gov,True,True
147439,2023-12,uncertain,2,0.11945384740829468,0.017440995201468468,0.8631051778793335,0.8631051778793335,uncertain,True,True
148158,2023-12,uncertain,2,0.06506339460611343,0.01941153220832348,0.9155251383781433,0.9155251383781433,uncertain,True,True
149597,2023-12,uncertain,2,0.041251227259635925,0.01135539822280407,0.9473934173583984,0.9473934173583984,uncertain,True,True
150307,2023-12,gov,0,0.8871645331382751,0.03299395367503166,0.07984161376953125,0.8871645331382751,gov,True,True
150317,2023-12,uncertain,2,0.05584106221795082,0.02769530564546585,0.9164636135101318,0.9164636135101318,uncertain,True,True
151756,2023-12,uncertain,2,0.14937017858028412,0.004346730653196573,0.8462831377983093,0.8462831377983093,uncertain,True,True
152476,2023-12,gov,0,0.7506206631660461,0.003747132606804371,0.24563226103782654,0.7506206631660461,gov,True,True
153190,2023-12,gov,0,0.8078529238700867,0.02685725688934326,0.16528989374637604,0.8078529238700867,gov,True,True
153191,2023-12,gov,0,0.9123160243034363,0.028112703934311867,0.05957126244902611,0.9123160243034363,gov,True,True
153192,2023-12,gov,0,0.9226363897323608,0.007052942644804716,0.07031077146530151,0.9226363897323608,gov,True,True
153193,2023-12,gov,0,0.8938943147659302,0.0019461833871901035,0.10415949672460556,0.8938943147659302,gov,True,True
153196,2023-12,gov,0,0.8628844618797302,0.009039199911057949,0.12807632982730865,0.8628844618797302,gov,True,True
153197,2023-12,uncertain,2,0.02336707152426243,0.0027048280462622643,0.9739280939102173,0.9739280939102173,uncertain,True,True
153910,2023-12,gov,0,0.8168368339538574,0.02986701764166355,0.15329618752002716,0.8168368339538574,gov,True,True
153911,2023-12,gov,0,0.8138904571533203,0.049179624766111374,0.13692983984947205,0.8138904571533203,gov,True,True
153912,2023-12,gov,0,0.9465323686599731,0.037007469683885574,0.01646018587052822,0.9465323686599731,gov,True,True
153913,2023-12,gov,0,0.8761961460113525,0.021728115156292915,0.10207576304674149,0.8761961460113525,gov,True,True
153914,2023-12,gov,0,0.8974301218986511,0.015306794084608555,0.08726312220096588,0.8974301218986511,gov,True,True
153915,2023-12,uncertain,2,0.16498792171478271,0.012630460783839226,0.8223816156387329,0.8223816156387329,uncertain,True,True
153916,2023-12,gov,0,0.7507616281509399,0.015323224477469921,0.2339150607585907,0.7507616281509399,gov,True,True
153917,2023-12,uncertain,2,0.09565301984548569,0.00421497318893671,0.9001320004463196,0.9001320004463196,uncertain,True,True
153918,2023-12,uncertain,2,0.09576544910669327,0.024589277803897858,0.8796452879905701,0.8796452879905701,uncertain,True,True
154630,2023-12,gov,0,0.93668133020401,0.015557783655822277,0.04776090756058693,0.93668133020401,gov,True,True
154631,2023-12,gov,0,0.9491066336631775,0.014099880121648312,0.03679342195391655,0.9491066336631775,gov,True,True
154632,2023-12,gov,0,0.9743853211402893,0.01896526850759983,0.006649434100836515,0.9743853211402893,gov,True,True
154633,2023-12,gov,0,0.957842230796814,0.026586215943098068,0.015571537427604198,0.957842230796814,gov,True,True
154634,2023-12,gov,0,0.8230044841766357,0.013881123624742031,0.16311436891555786,0.8230044841766357,gov,True,True
154635,2023-12,uncertain,2,0.028947148472070694,0.0010610411409288645,0.9699918627738953,0.9699918627738953,uncertain,True,True
154636,2023-12,uncertain,2,0.031053978949785233,0.001078523346222937,0.9678674936294556,0.9678674936294556,uncertain,True,True
155351,2023-12,gov,0,0.9421991109848022,0.014874858781695366,0.04292608052492142,0.9421991109848022,gov,True,True
155352,2023-12,gov,0,0.9770628213882446,0.015044906176626682,0.007892242632806301,0.9770628213882446,gov,True,True
155354,2023-12,uncertain,2,0.040008969604969025,0.002633013529703021,0.9573580622673035,0.9573580622673035,uncertain,True,True
156069,2023-12,gov,0,0.9810633659362793,0.010868348181247711,0.008068302646279335,0.9810633659362793,gov,True,True
156071,2023-12,gov,0,0.9703416228294373,0.020510520786046982,0.009147797711193562,0.9703416228294373,gov,True,True
156072,2023-12,gov,0,0.9487895369529724,0.02202887088060379,0.029181523248553276,0.9487895369529724,gov,True,True
156073,2023-12,gov,0,0.8596598505973816,0.0016573877073824406,0.13868272304534912,0.8596598505973816,gov,True,True
156074,2023-12,uncertain,2,0.016825534403324127,0.00033688763505779207,0.9828376770019531,0.9828376770019531,uncertain,True,True
156075,2023-12,uncertain,2,0.010366180911660194,0.0012949201045557857,0.988338828086853,0.988338828086853,uncertain,True,True
156788,2023-12,gov,0,0.7407441735267639,0.06987573951482773,0.18938004970550537,0.7407441735267639,gov,True,True
156789,2023-12,gov,0,0.945521354675293,0.034312956035137177,0.020165706053376198,0.945521354675293,gov,True,True
156791,2023-12,gov,0,0.926349937915802,0.05177367106080055,0.021876394748687744,0.926349937915802,gov,True,True
156792,2023-12,gov,0,0.9358363747596741,0.010049422271549702,0.05411418154835701,0.9358363747596741,gov,True,True
156793,2023-12,uncertain,2,0.029419055208563805,9.68231979641132e-05,0.9704840779304504,0.9704840779304504,uncertain,True,True
156795,2023-12,uncertain,2,0.01436059270054102,0.04208298400044441,0.9435564279556274,0.9435564279556274,uncertain,True,True
156796,2023-12,uncertain,2,0.06997586041688919,0.10141782462596893,0.8286063075065613,0.8286063075065613,uncertain,True,True
157508,2023-12,uncertain,2,0.024383187294006348,0.04708050936460495,0.9285363554954529,0.9285363554954529,uncertain,True,True
157510,2023-12,gov,0,0.9795931577682495,0.008798484690487385,0.011608264409005642,0.9795931577682495,gov,True,True
157511,2023-12,gov,0,0.7878996133804321,0.19019156694412231,0.021908853203058243,0.7878996133804321,gov,True,True
157513,2023-12,uncertain,2,0.049347758293151855,0.0005789137212559581,0.9500733613967896,0.9500733613967896,uncertain,True,True
157514,2023-12,uncertain,2,0.0130371805280447,0.009639903903007507,0.9773229360580444,0.9773229360580444,uncertain,True,True
157515,2023-12,uncertain,2,0.026629852131009102,0.3677026927471161,0.6056674718856812,0.6056674718856812,opo,True,True
158229,2023-12,uncertain,2,0.13964435458183289,0.014030423946678638,0.8463252186775208,0.8463252186775208,uncertain,True,True
158231,2023-12,gov,0,0.9816790819168091,0.008795104920864105,0.009525728411972523,0.9816790819168091,gov,True,True
158233,2023-12,gov,0,0.7775523662567139,0.046233344823122025,0.1762143075466156,0.7775523662567139,gov,True,True
158235,2023-12,uncertain,2,0.030939482152462006,0.056892212480306625,0.9121683239936829,0.9121683239936829,uncertain,True,True
158236,2023-12,uncertain,2,0.054068926721811295,0.011346199549734592,0.9345847964286804,0.9345847964286804,uncertain,True,True
158946,2023-12,uncertain,2,0.4606871008872986,0.04987800493836403,0.4894348978996277,0.4894348978996277,gov,True,True
158947,2023-12,uncertain,2,0.1327201873064041,0.14471323788166046,0.7225666046142578,0.7225666046142578,uncertain,True,True
158949,2023-12,gov,0,0.5588608980178833,0.0384075790643692,0.4027315378189087,0.5588608980178833,gov,True,True
158950,2023-12,gov,0,0.9374611973762512,0.0015678475610911846,0.06097099557518959,0.9374611973762512,gov,True,True
158951,2023-12,gov,0,0.9825255870819092,0.0033931315410882235,0.01408124528825283,0.9825255870819092,gov,True,True
158952,2023-12,gov,0,0.8604367971420288,0.011318298056721687,0.12824495136737823,0.8604367971420288,gov,True,True
158953,2023-12,gov,0,0.9700333476066589,0.01989671401679516,0.01006991695612669,0.9700333476066589,gov,True,True
158954,2023-12,gov,0,0.9495826363563538,0.033970437943935394,0.01644686423242092,0.9495826363563538,gov,True,True
158955,2023-12,gov,0,0.7699021100997925,0.10260277986526489,0.12749509513378143,0.7699021100997925,gov,True,True
158956,2023-12,gov,0,0.9652696251869202,0.016824297606945038,0.017906151711940765,0.9652696251869202,gov,True,True
158957,2023-12,gov,0,0.9760777354240417,0.01713309995830059,0.006789186038076878,0.9760777354240417,gov,True,True
158958,2023-12,gov,0,0.9697232842445374,0.029304394498467445,0.0009723156690597534,0.9697232842445374,gov,True,True
158960,2023-12,gov,0,0.9353635907173157,0.01750786602497101,0.04712849110364914,0.9353635907173157,gov,True,True
159665,2023-12,uncertain,2,0.020181380212306976,0.01691136509180069,0.9629072546958923,0.9629072546958923,uncertain,True,True
159666,2023-12,uncertain,2,0.22655048966407776,0.1871686726808548,0.5862808227539062,0.5862808227539062,uncertain,True,True
159667,2023-12,opo,1,0.04516572877764702,0.8190368413925171,0.1357974410057068,0.8190368413925171,opo,True,True
159670,2023-12,gov,0,0.9302111864089966,0.0004442859790287912,0.06934446096420288,0.9302111864089966,gov,True,True
159671,2023-12,gov,0,0.9842448830604553,0.0006490213563665748,0.015105973929166794,0.9842448830604553,gov,True,True
159672,2023-12,gov,0,0.9790315628051758,0.0066887629218399525,0.014279630966484547,0.9790315628051758,gov,True,True
159673,2023-12,gov,0,0.991766631603241,0.005061700940132141,0.0031717177480459213,0.991766631603241,gov,True,True
159674,2023-12,gov,0,0.995181143283844,0.0017570162890478969,0.0030618603341281414,0.995181143283844,gov,True,True
159675,2023-12,gov,0,0.9367213845252991,0.003420463530346751,0.059858132153749466,0.9367213845252991,gov,True,True
159676,2023-12,gov,0,0.9780860543251038,0.0048799337819218636,0.017034046351909637,0.9780860543251038,gov,True,True
159679,2023-12,gov,0,0.9902488589286804,0.00800904631614685,0.0017421199008822441,0.9902488589286804,gov,True,True
159680,2023-12,gov,0,0.9251151084899902,0.01840602606534958,0.05647890269756317,0.9251151084899902,gov,True,True
160386,2023-12,opo,1,0.2014399915933609,0.6128804683685303,0.1856795847415924,0.6128804683685303,opo,True,True
160388,2023-12,uncertain,2,0.0334351547062397,0.05888236314058304,0.907682478427887,0.907682478427887,uncertain,True,True
160389,2023-12,uncertain,2,0.019590182229876518,0.0035799832548946142,0.9768299460411072,0.9768299460411072,uncertain,True,True
160390,2023-12,uncertain,2,0.012073107995092869,0.0013505341485142708,0.9865763187408447,0.9865763187408447,uncertain,True,True
160391,2023-12,uncertain,2,0.022901209071278572,0.0004771096573676914,0.976621687412262,0.976621687412262,uncertain,True,True
160392,2023-12,gov,0,0.8691675662994385,0.002619196427986026,0.12821318209171295,0.8691675662994385,gov,True,True
160393,2023-12,gov,0,0.9411682486534119,0.033709824085235596,0.02512192167341709,0.9411682486534119,gov,True,True
160394,2023-12,gov,0,0.9933518171310425,0.003234336618334055,0.0034138686023652554,0.9933518171310425,gov,True,True
160396,2023-12,gov,0,0.975625216960907,0.0037834919057786465,0.020591316744685173,0.975625216960907,gov,True,True
160397,2023-12,gov,0,0.986062228679657,0.004713160451501608,0.009224611334502697,0.986062228679657,gov,True,True
160399,2023-12,gov,0,0.9872933626174927,0.009976692497730255,0.002729918109253049,0.9872933626174927,gov,True,True
160400,2023-12,gov,0,0.9388254284858704,0.026151329278945923,0.03502326086163521,0.9388254284858704,gov,True,True
161107,2023-12,uncertain,2,0.1691758930683136,0.07616657763719559,0.7546575665473938,0.7546575665473938,uncertain,True,True
161109,2023-12,uncertain,2,0.001732056261971593,0.0026849457062780857,0.9955829977989197,0.9955829977989197,uncertain,True,True
161110,2023-12,uncertain,2,0.007996437139809132,0.0031660939566791058,0.988837480545044,0.988837480545044,uncertain,True,True
161111,2023-12,uncertain,2,0.021550992503762245,0.000742583884857595,0.9777064323425293,0.9777064323425293,uncertain,True,True
161112,2023-12,gov,0,0.7802605032920837,0.0033126806374639273,0.21642683446407318,0.7802605032920837,gov,True,True
161113,2023-12,gov,0,0.9684270620346069,0.014882444404065609,0.016690541058778763,0.9684270620346069,gov,True,True
161116,2023-12,gov,0,0.968501627445221,0.0025891009718179703,0.028909360989928246,0.968501627445221,gov,True,True
161117,2023-12,gov,0,0.9666632413864136,0.004572111181914806,0.028764676302671432,0.9666632413864136,gov,True,True
161118,2023-12,gov,0,0.9791937470436096,0.016151759773492813,0.004654413554817438,0.9791937470436096,gov,True,True
161119,2023-12,gov,0,0.9692654013633728,0.02345096692442894,0.007283614948391914,0.9692654013633728,gov,True,True
161120,2023-12,gov,0,0.9517031908035278,0.030125921592116356,0.01817086711525917,0.9517031908035278,gov,True,True
161829,2023-12,uncertain,2,0.05540455877780914,0.007821680046617985,0.9367737770080566,0.9367737770080566,uncertain,True,True
161830,2023-12,uncertain,2,0.0013418185990303755,0.003290807595476508,0.9953674077987671,0.9953674077987671,uncertain,True,True
161831,2023-12,uncertain,2,0.0008068492170423269,0.0017477459041401744,0.9974453449249268,0.9974453449249268,uncertain,True,True
161832,2023-12,uncertain,2,0.0441291444003582,0.021059518679976463,0.9348113536834717,0.9348113536834717,uncertain,True,True
161833,2023-12,gov,0,0.816552996635437,0.07403422147035599,0.10941281914710999,0.816552996635437,gov,True,True
161837,2023-12,gov,0,0.9229992032051086,0.03705794736742973,0.039942942559719086,0.9229992032051086,gov,True,True
161839,2023-12,gov,0,0.9458082318305969,0.03081701137125492,0.023374702781438828,0.9458082318305969,gov,True,True
162547,2023-12,opo,1,0.1928676962852478,0.7650953531265259,0.04203694686293602,0.7650953531265259,opo,True,True
162548,2023-12,uncertain,2,0.0632811188697815,0.006311125122010708,0.9304078221321106,0.9304078221321106,uncertain,True,True
162549,2023-12,uncertain,2,0.03721652552485466,0.0008447393774986267,0.9619386196136475,0.9619386196136475,uncertain,True,True
162551,2023-12,uncertain,2,0.0011530600022524595,0.0007725520990788937,0.9980744123458862,0.9980744123458862,uncertain,True,True
162552,2023-12,uncertain,2,0.09448293596506119,0.05486790090799332,0.8506491780281067,0.8506491780281067,gov,True,True
162554,2023-12,opo,1,0.28088951110839844,0.6679304838180542,0.05118000507354736,0.6679304838180542,opo,True,True
162555,2023-12,opo,1,0.28987228870391846,0.5785537362098694,0.13157400488853455,0.5785537362098694,gov,True,True
162558,2023-12,gov,0,0.9385953545570374,0.03728638216853142,0.02411813847720623,0.9385953545570374,gov,True,True
162559,2023-12,gov,0,0.9344421029090881,0.040903907269239426,0.024654006585478783,0.9344421029090881,gov,True,True
163268,2023-12,uncertain,2,0.07333996146917343,0.050035130232572556,0.8766248226165771,0.8766248226165771,uncertain,True,True
163269,2023-12,uncertain,2,0.02652720920741558,0.0022922831121832132,0.9711804389953613,0.9711804389953613,uncertain,True,True
163271,2023-12,uncertain,2,0.025095496326684952,0.00278134411200881,0.9721231460571289,0.9721231460571289,uncertain,True,True
163272,2023-12,uncertain,2,0.003908602520823479,0.004671498201787472,0.9914199113845825,0.9914199113845825,uncertain,True,True
163274,2023-12,gov,0,0.6562071442604065,0.12548187375068665,0.21831101179122925,0.6562071442604065,gov,True,True
163275,2023-12,opo,1,0.2124234139919281,0.7055280804634094,0.08204852789640427,0.7055280804634094,opo,True,True
163278,2023-12,gov,0,0.6236841082572937,0.2790372669696808,0.09727858752012253,0.6236841082572937,gov,True,True
163988,2023-12,gov,0,0.5869731307029724,0.3545672297477722,0.05845963582396507,0.5869731307029724,gov,True,True
163989,2023-12,gov,0,0.8300157189369202,0.05595014989376068,0.11403409391641617,0.8300157189369202,gov,True,True
163992,2023-12,opo,1,0.08778350055217743,0.8411574363708496,0.07105906307697296,0.8411574363708496,opo,True,True
163993,2023-12,uncertain,2,0.04787842556834221,0.06075426563620567,0.8913673162460327,0.8913673162460327,uncertain,True,True
163996,2023-12,opo,1,0.023452578112483025,0.9669808149337769,0.009566571563482285,0.9669808149337769,opo,True,True
163998,2023-12,opo,1,0.30937454104423523,0.6638150811195374,0.026810383424162865,0.6638150811195374,opo,True,True
164709,2023-12,uncertain,2,0.10054522752761841,0.013437754474580288,0.8860169053077698,0.8860169053077698,uncertain,True,True
164710,2023-12,gov,0,0.9213430285453796,0.021208029240369797,0.05744892358779907,0.9213430285453796,gov,True,True
164711,2023-12,gov,0,0.9096313118934631,0.07551229745149612,0.01485644094645977,0.9096313118934631,gov,True,True
164712,2023-12,gov,0,0.8695013523101807,0.12356570363044739,0.0069330488331615925,0.8695013523101807,gov,True,True
164713,2023-12,opo,1,0.19411243498325348,0.5208397507667542,0.28504782915115356,0.5208397507667542,opo,True,True
164714,2023-12,uncertain,2,0.05388326570391655,0.02156546339392662,0.924551248550415,0.924551248550415,uncertain,True,True
164715,2023-12,gov,0,0.4937487840652466,0.21087832748889923,0.2953729033470154,0.4937487840652466,gov,True,True
165430,2023-12,gov,0,0.8003200888633728,0.1040489673614502,0.09563097357749939,0.8003200888633728,gov,True,True
165433,2023-12,uncertain,2,0.10481981933116913,0.020314259454607964,0.8748658895492554,0.8748658895492554,uncertain,True,True
166150,2023-12,gov,0,0.8325010538101196,0.0574352890253067,0.1100635901093483,0.8325010538101196,gov,True,True
166154,2023-12,uncertain,2,0.11524786055088043,0.0026707351207733154,0.8820813894271851,0.8820813894271851,gov,True,True
166155,2023-12,uncertain,2,0.23165160417556763,0.005688083823770285,0.7626603245735168,0.7626603245735168,uncertain,True,True
166873,2023-12,uncertain,2,0.03177674114704132,0.005576813127845526,0.9626464247703552,0.9626464247703552,uncertain,True,True
166876,2023-12,gov,0,0.8873860836029053,0.060634076595306396,0.05197981372475624,0.8873860836029053,gov,True,True
166877,2023-12,gov,0,0.942751944065094,0.030290989205241203,0.026957040652632713,0.942751944065094,gov,True,True
167591,2023-12,gov,0,0.9452362656593323,0.03661234304308891,0.018151436001062393,0.9452362656593323,gov,True,True
167592,2023-12,gov,0,0.8359376788139343,0.02735363505780697,0.13670866191387177,0.8359376788139343,gov,True,True
167594,2023-12,uncertain,2,0.03384367376565933,0.008226095698773861,0.9579302072525024,0.9579302072525024,uncertain,True,True
167597,2023-12,gov,0,0.8609814643859863,0.08495016396045685,0.054068319499492645,0.8609814643859863,gov,True,True
168313,2023-12,gov,0,0.726485550403595,0.014748684130609035,0.25876572728157043,0.726485550403595,gov,True,True
168316,2023-12,uncertain,2,0.159101665019989,0.04443676397204399,0.7964615821838379,0.7964615821838379,uncertain,True,True
169035,2023-12,uncertain,2,0.15041977167129517,0.0317186675965786,0.8178615570068359,0.8178615570068359,uncertain,True,True
169036,2023-12,gov,0,0.6057880520820618,0.04347562417387962,0.3507363200187683,0.6057880520820618,gov,True,True
169037,2023-12,gov,0,0.8746811747550964,0.027965448796749115,0.09735340625047684,0.8746811747550964,gov,True,True
169756,2023-12,gov,0,0.9425650238990784,0.01273565087467432,0.044699348509311676,0.9425650238990784,gov,True,True
143838,2024-01,gov,0,0.8301772475242615,0.08475761115550995,0.08506511896848679,0.8301772475242615,gov,True,True
145998,2024-01,gov,0,0.9445919990539551,0.029331615194678307,0.02607646957039833,0.9445919990539551,gov,True,True
147437,2024-01,gov,0,0.9453372359275818,0.003843325888738036,0.05081942677497864,0.9453372359275818,gov,True,True
147438,2024-01,gov,0,0.6942211389541626,0.0037822825834155083,0.3019965589046478,0.6942211389541626,gov,True,True
147439,2024-01,uncertain,2,0.14491701126098633,0.00724409194663167,0.8478388786315918,0.8478388786315918,uncertain,True,True
148158,2024-01,uncertain,2,0.2541871666908264,0.0038125894498080015,0.742000162601471,0.742000162601471,uncertain,True,True
149597,2024-01,uncertain,2,0.06112144887447357,0.004035826772451401,0.9348427057266235,0.9348427057266235,uncertain,True,True
150307,2024-01,gov,0,0.7816117405891418,0.0965709462761879,0.12181728333234787,0.7816117405891418,gov,True,True
150317,2024-01,uncertain,2,0.06401989609003067,0.006428805645555258,0.9295512437820435,0.9295512437820435,uncertain,True,True
151756,2024-01,uncertain,2,0.21216998994350433,0.006274775601923466,0.7815552353858948,0.7815552353858948,uncertain,True,True
152476,2024-01,gov,0,0.8168177604675293,0.0041843801736831665,0.17899790406227112,0.8168177604675293,gov,True,True
153190,2024-01,gov,0,0.8329653143882751,0.0608823299407959,0.10615240037441254,0.8329653143882751,gov,True,True
153191,2024-01,gov,0,0.8420759439468384,0.020591609179973602,0.13733245432376862,0.8420759439468384,gov,True,True
153192,2024-01,gov,0,0.916488766670227,0.0017294439021497965,0.08178168535232544,0.916488766670227,gov,True,True
153193,2024-01,gov,0,0.9921436309814453,0.000658829347230494,0.007197610102593899,0.9921436309814453,gov,True,True
153196,2024-01,gov,0,0.9065762162208557,0.001738690072670579,0.09168510138988495,0.9065762162208557,gov,True,True
153197,2024-01,uncertain,2,0.05585017427802086,0.0053621213883161545,0.9387876987457275,0.9387876987457275,uncertain,True,True
153910,2024-01,gov,0,0.8398044109344482,0.09213930368423462,0.06805624812841415,0.8398044109344482,gov,True,True
153911,2024-01,gov,0,0.8574502468109131,0.037262432277202606,0.10528728365898132,0.8574502468109131,gov,True,True
153912,2024-01,gov,0,0.9253654479980469,0.024738285690546036,0.049896255135536194,0.9253654479980469,gov,True,True
153913,2024-01,gov,0,0.9533176422119141,0.017628272995352745,0.029054075479507446,0.9533176422119141,gov,True,True
153914,2024-01,gov,0,0.8470304012298584,0.00458306772634387,0.14838649332523346,0.8470304012298584,gov,True,True
153915,2024-01,uncertain,2,0.06129337474703789,0.0011416574707254767,0.9375649094581604,0.9375649094581604,uncertain,True,True
153916,2024-01,gov,0,0.6709190607070923,0.0040943678468465805,0.3249865472316742,0.6709190607070923,gov,True,True
153917,2024-01,uncertain,2,0.05680651590228081,0.003084719181060791,0.9401087164878845,0.9401087164878845,uncertain,True,True
153918,2024-01,uncertain,2,0.044163964688777924,0.025931797921657562,0.9299042820930481,0.9299042820930481,uncertain,True,True
154630,2024-01,gov,0,0.9648759365081787,0.009585675783455372,0.02553836815059185,0.9648759365081787,gov,True,True
154631,2024-01,gov,0,0.983619749546051,0.0022576157934963703,0.01412256620824337,0.983619749546051,gov,True,True
154632,2024-01,gov,0,0.9926779270172119,0.004699157550930977,0.002622974803671241,0.9926779270172119,gov,True,True
154633,2024-01,gov,0,0.975033700466156,0.005497119389474392,0.019469134509563446,0.975033700466156,gov,True,True
154634,2024-01,gov,0,0.8258490562438965,0.010256643407046795,0.1638944000005722,0.8258490562438965,gov,True,True
154635,2024-01,uncertain,2,0.0033711972646415234,0.00041203462751582265,0.9962167143821716,0.9962167143821716,uncertain,True,True
154636,2024-01,uncertain,2,0.15584321320056915,0.0028722756542265415,0.8412845134735107,0.8412845134735107,uncertain,True,True
155351,2024-01,gov,0,0.9265998005867004,0.04380267113447189,0.02959751896560192,0.9265998005867004,gov,True,True
155352,2024-01,gov,0,0.9882699251174927,0.007203192915767431,0.004526873584836721,0.9882699251174927,gov,True,True
155354,2024-01,uncertain,2,0.025088636204600334,0.009147156029939651,0.9657642245292664,0.9657642245292664,uncertain,True,True
156069,2024-01,gov,0,0.9546652436256409,0.028206974267959595,0.01712777279317379,0.9546652436256409,gov,True,True
156071,2024-01,gov,0,0.9342341423034668,0.04164457321166992,0.024121275171637535,0.9342341423034668,gov,True,True
156072,2024-01,gov,0,0.9023280143737793,0.032895833253860474,0.064776211977005,0.9023280143737793,gov,True,True
156073,2024-01,gov,0,0.7946250438690186,0.0019537019543349743,0.20342124998569489,0.7946250438690186,gov,True,True
156074,2024-01,uncertain,2,0.024096613749861717,0.0011640278389677405,0.9747392535209656,0.9747392535209656,uncertain,True,True
156075,2024-01,uncertain,2,0.022828899323940277,0.041472841054201126,0.9356982707977295,0.9356982707977295,uncertain,True,True
156788,2024-01,gov,0,0.8235585689544678,0.022839095443487167,0.1536022573709488,0.8235585689544678,gov,True,True
156789,2024-01,gov,0,0.9819482564926147,0.011824849992990494,0.006226823665201664,0.9819482564926147,gov,True,True
156791,2024-01,gov,0,0.9687735438346863,0.013625215739011765,0.01760121062397957,0.9687735438346863,gov,True,True
156792,2024-01,gov,0,0.9536170959472656,0.010909427888691425,0.0354735367000103,0.9536170959472656,gov,True,True
156793,2024-01,uncertain,2,0.07795065641403198,0.0004843274946324527,0.9215649962425232,0.9215649962425232,uncertain,True,True
156795,2024-01,opo,1,0.036420103162527084,0.5566965341567993,0.4068834185600281,0.5566965341567993,opo,True,True
156796,2024-01,uncertain,2,0.04588761925697327,0.04722297564148903,0.9068894982337952,0.9068894982337952,uncertain,True,True
157508,2024-01,uncertain,2,0.007422572001814842,0.007350604049861431,0.9852267503738403,0.9852267503738403,uncertain,True,True
157510,2024-01,gov,0,0.9860024452209473,0.006579112261533737,0.0074184550903737545,0.9860024452209473,gov,True,True
157511,2024-01,gov,0,0.9599589705467224,0.023743027821183205,0.01629796251654625,0.9599589705467224,gov,True,True
157513,2024-01,uncertain,2,0.097679004073143,0.004525202326476574,0.8977957963943481,0.8977957963943481,uncertain,True,True
157514,2024-01,uncertain,2,0.005692942067980766,0.004907253198325634,0.9893997311592102,0.9893997311592102,uncertain,True,True
157515,2024-01,uncertain,2,0.010583254508674145,0.041493285447359085,0.947923481464386,0.947923481464386,uncertain,True,True
158229,2024-01,uncertain,2,0.16491076350212097,0.00449885381385684,0.8305904269218445,0.8305904269218445,uncertain,True,True
158231,2024-01,gov,0,0.9927549958229065,0.00356714497320354,0.0036777679342776537,0.9927549958229065,gov,True,True
158233,2024-01,gov,0,0.8590230345726013,0.016131868585944176,0.12484515458345413,0.8590230345726013,gov,True,True
158235,2024-01,uncertain,2,0.07986573874950409,0.03250611945986748,0.8876281380653381,0.8876281380653381,uncertain,True,True
158236,2024-01,opo,1,0.05520864203572273,0.8136924505233765,0.1310989260673523,0.8136924505233765,opo,True,True
158946,2024-01,opo,1,0.042876068502664566,0.8013381361961365,0.15578578412532806,0.8013381361961365,gov,True,True
158947,2024-01,opo,1,0.019894374534487724,0.9489691257476807,0.031136471778154373,0.9489691257476807,opo,True,True
158949,2024-01,gov,0,0.8123831152915955,0.004876018967479467,0.18274091184139252,0.8123831152915955,gov,True,True
158950,2024-01,gov,0,0.9844418168067932,0.0045856693759560585,0.010972567833960056,0.9844418168067932,gov,True,True
158951,2024-01,gov,0,0.9787534475326538,0.0057895006611943245,0.015457111410796642,0.9787534475326538,gov,True,True
158952,2024-01,gov,0,0.9820460677146912,0.01253553107380867,0.0054184203036129475,0.9820460677146912,gov,True,True
158953,2024-01,gov,0,0.9615750908851624,0.01542377844452858,0.02300114557147026,0.9615750908851624,gov,True,True
158954,2024-01,gov,0,0.8067525625228882,0.10881350934505463,0.08443401008844376,0.8067525625228882,gov,True,True
158955,2024-01,opo,1,0.15909890830516815,0.8172643184661865,0.0236367154866457,0.8172643184661865,opo,True,True
158956,2024-01,gov,0,0.5878464579582214,0.40368643403053284,0.008467080071568489,0.5878464579582214,gov,True,True
158957,2024-01,gov,0,0.965527355670929,0.029950788244605064,0.004521862603724003,0.965527355670929,gov,True,True
158958,2024-01,gov,0,0.9737043380737305,0.020567268133163452,0.005728402175009251,0.9737043380737305,gov,True,True
158960,2024-01,gov,0,0.928641676902771,0.03181672468781471,0.03954153507947922,0.928641676902771,gov,True,True
159665,2024-01,uncertain,2,0.0053067319095134735,0.03388696536421776,0.9608063697814941,0.9608063697814941,uncertain,True,True
159666,2024-01,opo,1,0.010773833841085434,0.982674777507782,0.006551414728164673,0.982674777507782,opo,True,True
159667,2024-01,opo,1,0.010429685935378075,0.9863483905792236,0.0032219085842370987,0.9863483905792236,opo,True,True
159670,2024-01,gov,0,0.8960361480712891,0.012397084385156631,0.0915667936205864,0.8960361480712891,gov,True,True
159671,2024-01,gov,0,0.9757859110832214,0.004755051806569099,0.01945902593433857,0.9757859110832214,gov,True,True
159672,2024-01,gov,0,0.9698383212089539,0.01305229403078556,0.017109369859099388,0.9698383212089539,gov,True,True
159673,2024-01,gov,0,0.9728810787200928,0.015721185132861137,0.011397668160498142,0.9728810787200928,gov,True,True
159674,2024-01,gov,0,0.8669993281364441,0.03258450701832771,0.10041612386703491,0.8669993281364441,gov,True,True
159675,2024-01,gov,0,0.899276614189148,0.01929028332233429,0.08143307268619537,0.899276614189148,gov,True,True
159676,2024-01,gov,0,0.9810137152671814,0.013889306224882603,0.005096936598420143,0.9810137152671814,gov,True,True
159679,2024-01,gov,0,0.976876437664032,0.016480349004268646,0.00664318073540926,0.976876437664032,gov,True,True
159680,2024-01,gov,0,0.9026265144348145,0.030024806037545204,0.06734877079725266,0.9026265144348145,gov,True,True
160386,2024-01,opo,1,0.011705937795341015,0.9687549471855164,0.019539065659046173,0.9687549471855164,opo,True,True
160388,2024-01,uncertain,2,0.005547707434743643,0.012079007923603058,0.9823732376098633,0.9823732376098633,uncertain,True,True
160389,2024-01,uncertain,2,0.0015227710828185081,0.0061021107248961926,0.9923750758171082,0.9923750758171082,uncertain,True,True
160390,2024-01,uncertain,2,0.0013767388882115483,0.029521947726607323,0.9691013097763062,0.9691013097763062,uncertain,True,True
160391,2024-01,uncertain,2,0.02795417420566082,0.015189987607300282,0.9568558931350708,0.9568558931350708,uncertain,True,True
160392,2024-01,gov,0,0.7742460370063782,0.03894566744565964,0.1868082880973816,0.7742460370063782,gov,True,True
160393,2024-01,gov,0,0.9436237812042236,0.026577094569802284,0.02979906089603901,0.9436237812042236,gov,True,True
160394,2024-01,gov,0,0.9900104403495789,0.0021868497133255005,0.0078027090057730675,0.9900104403495789,gov,True,True
160396,2024-01,gov,0,0.9208520650863647,0.027725830674171448,0.051422081887722015,0.9208520650863647,gov,True,True
160397,2024-01,gov,0,0.980658769607544,0.016476478427648544,0.0028647666331380606,0.980658769607544,gov,True,True
160399,2024-01,gov,0,0.9892128705978394,0.007447007577866316,0.003340168157592416,0.9892128705978394,gov,True,True
160400,2024-01,gov,0,0.9327642321586609,0.021814845502376556,0.04542089253664017,0.9327642321586609,gov,True,True
161107,2024-01,uncertain,2,0.018369847908616066,0.037845417857170105,0.943784773349762,0.943784773349762,uncertain,True,True
161109,2024-01,uncertain,2,0.0002537117397878319,0.004918678198009729,0.9948276877403259,0.9948276877403259,uncertain,True,True
161110,2024-01,uncertain,2,0.002248549135401845,0.00492755975574255,0.9928238391876221,0.9928238391876221,uncertain,True,True
161111,2024-01,uncertain,2,0.05941357836127281,0.0014533839421346784,0.9391330480575562,0.9391330480575562,uncertain,True,True
161112,2024-01,gov,0,0.9071431159973145,0.002514799125492573,0.09034211933612823,0.9071431159973145,gov,True,True
161113,2024-01,gov,0,0.9486884474754333,0.0032660437282174826,0.048045564442873,0.9486884474754333,gov,True,True
161116,2024-01,gov,0,0.915502667427063,0.010855223052203655,0.0736420750617981,0.915502667427063,gov,True,True
161117,2024-01,gov,0,0.9640686511993408,0.017872560769319534,0.0180587787181139,0.9640686511993408,gov,True,True
161118,2024-01,gov,0,0.9481515884399414,0.046517472714185715,0.005330975167453289,0.9481515884399414,gov,True,True
161119,2024-01,gov,0,0.957073450088501,0.02981232851743698,0.01311414409428835,0.957073450088501,gov,True,True
161120,2024-01,gov,0,0.8819761276245117,0.06009116396307945,0.057932715862989426,0.8819761276245117,gov,True,True
161829,2024-01,uncertain,2,0.08821628987789154,0.006265454459935427,0.9055182337760925,0.9055182337760925,uncertain,True,True
161830,2024-01,uncertain,2,0.005771170370280743,0.0011190484510734677,0.9931098222732544,0.9931098222732544,uncertain,True,True
161831,2024-01,uncertain,2,0.004127405118197203,0.0005429877783171833,0.9953296184539795,0.9953296184539795,uncertain,True,True
161832,2024-01,uncertain,2,0.05660529434680939,0.01220097579061985,0.9311937093734741,0.9311937093734741,uncertain,True,True
161833,2024-01,gov,0,0.7623702883720398,0.13958002626895905,0.09804972261190414,0.7623702883720398,gov,True,True
161837,2024-01,gov,0,0.971962034702301,0.005858632270246744,0.02217935398221016,0.971962034702301,gov,True,True
161839,2024-01,gov,0,0.9575654864311218,0.013724016025662422,0.028710491955280304,0.9575654864311218,gov,True,True
162547,2024-01,opo,1,0.05326579511165619,0.9332088828086853,0.013525313697755337,0.9332088828086853,opo,True,True
162548,2024-01,uncertain,2,0.010125917382538319,0.000827654090244323,0.9890463948249817,0.9890463948249817,uncertain,True,True
162549,2024-01,uncertain,2,0.02041475474834442,0.00035198897239752114,0.9792333245277405,0.9792333245277405,uncertain,True,True
162551,2024-01,uncertain,2,0.007044511381536722,0.001000779215246439,0.9919547438621521,0.9919547438621521,uncertain,True,True
162552,2024-01,uncertain,2,0.2699863314628601,0.16600337624549866,0.5640103220939636,0.5640103220939636,gov,True,True
162554,2024-01,gov,0,0.6774137616157532,0.07665783166885376,0.24592836201190948,0.6774137616157532,gov,True,True
162555,2024-01,uncertain,2,0.04782908037304878,0.0044851284474134445,0.947685718536377,0.947685718536377,uncertain,True,True
162558,2024-01,gov,0,0.9361299276351929,0.0414673276245594,0.022402720525860786,0.9361299276351929,gov,True,True
162559,2024-01,gov,0,0.9422057867050171,0.010546705685555935,0.04724753275513649,0.9422057867050171,gov,True,True
163268,2024-01,uncertain,2,0.006136714015156031,0.010592780075967312,0.9832704663276672,0.9832704663276672,uncertain,True,True
163269,2024-01,uncertain,2,0.017122771590948105,0.0006924138288013637,0.9821847081184387,0.9821847081184387,uncertain,True,True
163271,2024-01,uncertain,2,0.021385986357927322,0.0014222442405298352,0.9771917462348938,0.9771917462348938,uncertain,True,True
163272,2024-01,uncertain,2,0.0038952541071921587,0.013675322756171227,0.9824293851852417,0.9824293851852417,uncertain,True,True
163274,2024-01,opo,1,0.14038854837417603,0.5247515439987183,0.3348599076271057,0.5247515439987183,opo,True,True
163275,2024-01,uncertain,2,0.006831678096204996,0.048351313918828964,0.9448170065879822,0.9448170065879822,uncertain,True,True
163276,2024-01,opo,1,0.013398542068898678,0.9304995536804199,0.056101854890584946,0.9304995536804199,opo,True,True
163278,2024-01,gov,0,0.5170669555664062,0.3744860291481018,0.10844697058200836,0.5170669555664062,gov,True,True
163988,2024-01,gov,0,0.8489072918891907,0.120498426258564,0.030594298616051674,0.8489072918891907,gov,True,True
163989,2024-01,gov,0,0.959730863571167,0.002529695862904191,0.03773941472172737,0.959730863571167,gov,True,True
163992,2024-01,opo,1,0.1398252248764038,0.7656956911087036,0.09447915852069855,0.7656956911087036,opo,True,True
163993,2024-01,uncertain,2,0.058338385075330734,0.05178885534405708,0.8898727297782898,0.8898727297782898,uncertain,True,True
163996,2024-01,opo,1,0.0035438700579106808,0.9889953136444092,0.007460836786776781,0.9889953136444092,opo,True,True
163998,2024-01,opo,1,0.2547485828399658,0.7412309050559998,0.004020449705421925,0.7412309050559998,opo,True,True
164709,2024-01,uncertain,2,0.22764085233211517,0.008026202209293842,0.7643330097198486,0.7643330097198486,uncertain,True,True
164710,2024-01,gov,0,0.9556680917739868,0.00914032757282257,0.0351916179060936,0.9556680917739868,gov,True,True
164711,2024-01,gov,0,0.9615733027458191,0.029933728277683258,0.008492974564433098,0.9615733027458191,gov,True,True
164712,2024-01,gov,0,0.9405978322029114,0.05450466275215149,0.0048975530080497265,0.9405978322029114,gov,True,True
164713,2024-01,uncertain,2,0.29469045996665955,0.031921081244945526,0.6733884215354919,0.6733884215354919,gov,True,True
164714,2024-01,uncertain,2,0.09307722002267838,0.010220855474472046,0.8967019319534302,0.8967019319534302,uncertain,True,True
164715,2024-01,gov,0,0.6798073053359985,0.2765074372291565,0.04368522763252258,0.6798073053359985,gov,True,True
165430,2024-01,gov,0,0.9423471093177795,0.037802401930093765,0.01985049806535244,0.9423471093177795,gov,True,True
165433,2024-01,uncertain,2,0.14452137053012848,0.0033791973255574703,0.8520994186401367,0.8520994186401367,uncertain,True,True
166150,2024-01,gov,0,0.897517740726471,0.07053140550851822,0.031950853765010834,0.897517740726471,gov,True,True
166154,2024-01,uncertain,2,0.39431190490722656,0.019153479486703873,0.5865346193313599,0.5865346193313599,gov,True,True
166155,2024-01,uncertain,2,0.18987633287906647,0.017146289348602295,0.7929773926734924,0.7929773926734924,uncertain,True,True
166873,2024-01,uncertain,2,0.020291946828365326,0.005531955976039171,0.9741759896278381,0.9741759896278381,uncertain,True,True
166876,2024-01,gov,0,0.6797646880149841,0.05698103457689285,0.263254314661026,0.6797646880149841,gov,True,True
166877,2024-01,gov,0,0.9349839687347412,0.01420595496892929,0.050810012966394424,0.9349839687347412,gov,True,True
167591,2024-01,gov,0,0.9810006022453308,0.010815722867846489,0.008183706551790237,0.9810006022453308,gov,True,True
167592,2024-01,gov,0,0.9412692189216614,0.01284787617623806,0.045882873237133026,0.9412692189216614,gov,True,True
167594,2024-01,uncertain,2,0.03776075318455696,0.004641588777303696,0.9575976133346558,0.9575976133346558,uncertain,True,True
167597,2024-01,gov,0,0.799667239189148,0.05532301589846611,0.14500975608825684,0.799667239189148,gov,True,True
168313,2024-01,gov,0,0.8610539436340332,0.008031678386032581,0.1309143751859665,0.8610539436340332,gov,True,True
168316,2024-01,uncertain,2,0.07017196714878082,0.042299769818782806,0.8875282406806946,0.8875282406806946,uncertain,True,True
169035,2024-01,uncertain,2,0.1299334019422531,0.01243138499557972,0.8576351404190063,0.8576351404190063,uncertain,True,True
169036,2024-01,uncertain,2,0.4436759948730469,0.014414834789931774,0.5419092178344727,0.5419092178344727,gov,True,True
169037,2024-01,gov,0,0.8438620567321777,0.01233814749866724,0.1437998265028,0.8438620567321777,gov,True,True
169756,2024-01,gov,0,0.8644979000091553,0.008733292110264301,0.12676884233951569,0.8644979000091553,gov,True,True
143838,2024-02,gov,0,0.8762821555137634,0.06182469427585602,0.06189309433102608,0.8762821555137634,gov,True,True
145998,2024-02,gov,0,0.9445734024047852,0.023250965401530266,0.03217560797929764,0.9445734024047852,gov,True,True
147437,2024-02,gov,0,0.9353353977203369,0.003890017978847027,0.06077450513839722,0.9353353977203369,gov,True,True
147438,2024-02,gov,0,0.7802359461784363,0.009014216251671314,0.21074984967708588,0.7802359461784363,gov,True,True
147439,2024-02,uncertain,2,0.10488145798444748,0.009642444550991058,0.8854761719703674,0.8854761719703674,uncertain,True,True
148158,2024-02,uncertain,2,0.05654369667172432,0.011993399821221828,0.931462824344635,0.931462824344635,uncertain,True,True
149597,2024-02,uncertain,2,0.03668107092380524,0.008674182929098606,0.9546447992324829,0.9546447992324829,uncertain,True,True
150307,2024-02,gov,0,0.8383355736732483,0.044665489345788956,0.11699890345335007,0.8383355736732483,gov,True,True
150317,2024-02,uncertain,2,0.045931778848171234,0.01109628938138485,0.9429718852043152,0.9429718852043152,uncertain,True,True
151756,2024-02,uncertain,2,0.12122461944818497,0.003548073349520564,0.8752273917198181,0.8752273917198181,uncertain,True,True
152476,2024-02,gov,0,0.7331819534301758,0.003780689323320985,0.26303738355636597,0.7331819534301758,gov,True,True
153190,2024-02,gov,0,0.846075713634491,0.013013077899813652,0.1409112513065338,0.846075713634491,gov,True,True
153191,2024-02,gov,0,0.8572419285774231,0.007147519383579493,0.13561050593852997,0.8572419285774231,gov,True,True
153192,2024-02,gov,0,0.8624125719070435,0.013816779479384422,0.12377060204744339,0.8624125719070435,gov,True,True
153193,2024-02,gov,0,0.9171209335327148,0.010524283163249493,0.07235480099916458,0.9171209335327148,gov,True,True
153196,2024-02,gov,0,0.7435932755470276,0.011616544798016548,0.2447902411222458,0.7435932755470276,gov,True,True
153197,2024-02,uncertain,2,0.0370711050927639,0.007246078457683325,0.9556828141212463,0.9556828141212463,uncertain,True,True
153910,2024-02,gov,0,0.9644063711166382,0.01256250124424696,0.02303120866417885,0.9644063711166382,gov,True,True
153911,2024-02,gov,0,0.9682608246803284,0.016846586018800735,0.01489256788045168,0.9682608246803284,gov,True,True
153912,2024-02,gov,0,0.9284268021583557,0.035851266235113144,0.03572193160653114,0.9284268021583557,gov,True,True
153913,2024-02,gov,0,0.9021732211112976,0.05242864042520523,0.045398082584142685,0.9021732211112976,gov,True,True
153914,2024-02,gov,0,0.9254390597343445,0.010486157611012459,0.06407486647367477,0.9254390597343445,gov,True,True
153915,2024-02,uncertain,2,0.12585483491420746,0.0043595400638878345,0.8697856664657593,0.8697856664657593,uncertain,True,True
153916,2024-02,gov,0,0.8105900883674622,0.016523702070116997,0.1728861927986145,0.8105900883674622,gov,True,True
153917,2024-02,uncertain,2,0.08261649310588837,0.013273782096803188,0.90410977602005,0.90410977602005,uncertain,True,True
153918,2024-02,uncertain,2,0.13790665566921234,0.06746342033147812,0.7946298718452454,0.7946298718452454,uncertain,True,True
154630,2024-02,gov,0,0.9631369709968567,0.00931404810398817,0.02754901722073555,0.9631369709968567,gov,True,True
154631,2024-02,gov,0,0.978139340877533,0.0062616909854114056,0.015598963014781475,0.978139340877533,gov,True,True
154632,2024-02,gov,0,0.9625211954116821,0.02358800545334816,0.013890806585550308,0.9625211954116821,gov,True,True
154633,2024-02,gov,0,0.860163152217865,0.05219946429133415,0.08763737976551056,0.860163152217865,gov,True,True
154634,2024-02,gov,0,0.8229066729545593,0.007424121722579002,0.16966912150382996,0.8229066729545593,gov,True,True
154635,2024-02,uncertain,2,0.0068913609720766544,0.0003797676763497293,0.9927288889884949,0.9927288889884949,uncertain,True,True
154636,2024-02,uncertain,2,0.0658864676952362,0.01729966327548027,0.9168139100074768,0.9168139100074768,uncertain,True,True
155351,2024-02,gov,0,0.9593620300292969,0.022573882713913918,0.018064098432660103,0.9593620300292969,gov,True,True
155352,2024-02,gov,0,0.954839289188385,0.03251597657799721,0.012644680216908455,0.954839289188385,gov,True,True
155354,2024-02,uncertain,2,0.022639738395810127,0.0032456552144140005,0.9741145372390747,0.9741145372390747,uncertain,True,True
156069,2024-02,gov,0,0.9518418312072754,0.016373323276638985,0.03178473934531212,0.9518418312072754,gov,True,True
156071,2024-02,gov,0,0.9577092528343201,0.02977975271642208,0.012510912492871284,0.9577092528343201,gov,True,True
156072,2024-02,gov,0,0.9658287167549133,0.018846653401851654,0.01532459445297718,0.9658287167549133,gov,True,True
156073,2024-02,gov,0,0.5173521041870117,0.002037713536992669,0.4806101322174072,0.5173521041870117,gov,True,True
156074,2024-02,uncertain,2,0.013756019994616508,0.0010431393748149276,0.9852008819580078,0.9852008819580078,uncertain,True,True
156075,2024-02,uncertain,2,0.011867291294038296,0.2660159766674042,0.7221167683601379,0.7221167683601379,opo,True,True
156788,2024-02,gov,0,0.8750129342079163,0.008790410123765469,0.11619672179222107,0.8750129342079163,gov,True,True
156789,2024-02,gov,0,0.9356930255889893,0.01290104165673256,0.05140591412782669,0.9356930255889893,gov,True,True
156791,2024-02,gov,0,0.8320813179016113,0.10789166390895844,0.06002705544233322,0.8320813179016113,gov,True,True
156792,2024-02,gov,0,0.9278721213340759,0.01952998712658882,0.05259787291288376,0.9278721213340759,gov,True,True
156793,2024-02,uncertain,2,0.008748285472393036,0.00010641378321452066,0.9911451935768127,0.9911451935768127,uncertain,True,True
156795,2024-02,uncertain,2,0.014894245192408562,0.29040423035621643,0.6947014927864075,0.6947014927864075,uncertain,True,True
156796,2024-02,opo,1,0.021549038589000702,0.5626460909843445,0.4158048927783966,0.5626460909843445,opo,True,True
157508,2024-02,uncertain,2,0.012895433232188225,0.028543250635266304,0.958561360836029,0.958561360836029,uncertain,True,True
157510,2024-02,gov,0,0.9689523577690125,0.012789914384484291,0.01825779490172863,0.9689523577690125,gov,True,True
157511,2024-02,gov,0,0.9558157324790955,0.037344031035900116,0.006840167101472616,0.9558157324790955,gov,True,True
157513,2024-02,uncertain,2,0.2158595323562622,0.0008658193983137608,0.7832745909690857,0.7832745909690857,uncertain,True,True
157514,2024-02,uncertain,2,0.009238040074706078,0.0013637515949085355,0.9893981218338013,0.9893981218338013,uncertain,True,True
157515,2024-02,uncertain,2,0.026298636570572853,0.2602013945579529,0.7134999632835388,0.7134999632835388,opo,True,True
158229,2024-02,uncertain,2,0.03752220422029495,0.001822377904318273,0.9606555104255676,0.9606555104255676,uncertain,True,True
158231,2024-02,gov,0,0.9945929646492004,0.00019560793589334935,0.005211388226598501,0.9945929646492004,gov,True,True
158233,2024-02,gov,0,0.7689313888549805,0.007829497568309307,0.22323910892009735,0.7689313888549805,gov,True,True
158235,2024-02,uncertain,2,0.021377259865403175,0.11062268167734146,0.8680000901222229,0.8680000901222229,uncertain,True,True
158236,2024-02,opo,1,0.04080738127231598,0.8719393610954285,0.08725322782993317,0.8719393610954285,opo,True,True
158946,2024-02,opo,1,0.21355688571929932,0.6756612062454224,0.1107819527387619,0.6756612062454224,gov,True,True
158947,2024-02,opo,1,0.08643636852502823,0.8917737603187561,0.021789904683828354,0.8917737603187561,opo,True,True
158949,2024-02,gov,0,0.8317918181419373,0.017434297129511833,0.15077386796474457,0.8317918181419373,gov,True,True
158950,2024-02,gov,0,0.9951765537261963,0.0002349653805140406,0.004588428884744644,0.9951765537261963,gov,True,True
158951,2024-02,gov,0,0.9913774728775024,0.0012160964542999864,0.007406445685774088,0.9913774728775024,gov,True,True
158952,2024-02,gov,0,0.9561923146247864,0.0039414167404174805,0.039866261184215546,0.9561923146247864,gov,True,True
158953,2024-02,gov,0,0.8595477342605591,0.03402797132730484,0.10642433911561966,0.8595477342605591,gov,True,True
158954,2024-02,gov,0,0.6984213590621948,0.24124988913536072,0.06032884120941162,0.6984213590621948,gov,True,True
158955,2024-02,opo,1,0.3570322096347809,0.6213194727897644,0.02164836786687374,0.6213194727897644,opo,True,True
158956,2024-02,gov,0,0.7223348617553711,0.24996495246887207,0.027700187638401985,0.7223348617553711,gov,True,True
158957,2024-02,gov,0,0.8821191191673279,0.06472182273864746,0.05315903201699257,0.8821191191673279,gov,True,True
158958,2024-02,gov,0,0.966327428817749,0.02231428772211075,0.011358397081494331,0.966327428817749,gov,True,True
158960,2024-02,gov,0,0.8535934090614319,0.047940872609615326,0.09846575558185577,0.8535934090614319,gov,True,True
159665,2024-02,opo,1,0.07639351487159729,0.5991611480712891,0.32444533705711365,0.5991611480712891,opo,True,True
159666,2024-02,opo,1,0.031232191249728203,0.9582139253616333,0.01055385172367096,0.9582139253616333,opo,True,True
159667,2024-02,opo,1,0.06304025650024414,0.9185709953308105,0.01838870719075203,0.9185709953308105,opo,True,True
159670,2024-02,gov,0,0.9679457545280457,0.005292058922350407,0.026762234047055244,0.9679457545280457,gov,True,True
159671,2024-02,gov,0,0.9896292090415955,0.008631575852632523,0.0017391464207321405,0.9896292090415955,gov,True,True
159672,2024-02,gov,0,0.9973445534706116,0.0008693847339600325,0.00178611371666193,0.9973445534706116,gov,True,True
159673,2024-02,gov,0,0.9878038167953491,0.0018811761401593685,0.010314976796507835,0.9878038167953491,gov,True,True
159674,2024-02,gov,0,0.965789794921875,0.01014913059771061,0.024060983210802078,0.965789794921875,gov,True,True
159675,2024-02,gov,0,0.8351448774337769,0.07261574268341064,0.0922393649816513,0.8351448774337769,gov,True,True
159676,2024-02,gov,0,0.944360077381134,0.030474070459604263,0.025165852159261703,0.944360077381134,gov,True,True
159679,2024-02,gov,0,0.939139723777771,0.040767278522253036,0.020092973485589027,0.939139723777771,gov,True,True
159680,2024-02,gov,0,0.8976885676383972,0.02505166456103325,0.07725973427295685,0.8976885676383972,gov,True,True
160386,2024-02,opo,1,0.02161961980164051,0.9294544458389282,0.048925917595624924,0.9294544458389282,opo,True,True
160388,2024-02,uncertain,2,0.0022508830297738314,0.03696880117058754,0.9607802629470825,0.9607802629470825,uncertain,True,True
160389,2024-02,uncertain,2,0.00593026727437973,0.00650824373587966,0.9875614643096924,0.9875614643096924,uncertain,True,True
160390,2024-02,uncertain,2,0.025375373661518097,0.002688766922801733,0.9719359278678894,0.9719359278678894,uncertain,True,True
160391,2024-02,gov,0,0.7232937216758728,0.012848778627812862,0.26385748386383057,0.7232937216758728,gov,True,True
160392,2024-02,gov,0,0.9845214486122131,0.001335861161351204,0.014142673462629318,0.9845214486122131,gov,True,True
160393,2024-02,gov,0,0.9765126705169678,0.0035707305651158094,0.019916629418730736,0.9765126705169678,gov,True,True
160394,2024-02,gov,0,0.96598219871521,0.007290215231478214,0.026727566495537758,0.96598219871521,gov,True,True
160396,2024-02,gov,0,0.9368331432342529,0.04644003510475159,0.016726838424801826,0.9368331432342529,gov,True,True
160397,2024-02,gov,0,0.9372528791427612,0.020594632253050804,0.04215259477496147,0.9372528791427612,gov,True,True
160399,2024-02,gov,0,0.9330397844314575,0.04305063560605049,0.023909563198685646,0.9330397844314575,gov,True,True
160400,2024-02,gov,0,0.9174341559410095,0.026181766763329506,0.05638414993882179,0.9174341559410095,gov,True,True
161107,2024-02,uncertain,2,0.028728768229484558,0.0262309443205595,0.945040225982666,0.945040225982666,uncertain,True,True
161109,2024-02,uncertain,2,0.05606544762849808,0.00492676068097353,0.9390077590942383,0.9390077590942383,uncertain,True,True
161110,2024-02,gov,0,0.6396426558494568,0.0006929148803465068,0.3596644699573517,0.6396426558494568,gov,True,True
161111,2024-02,gov,0,0.8430135846138,1.9373617760720663e-05,0.15696708858013153,0.8430135846138,gov,True,True
161112,2024-02,gov,0,0.9835053086280823,5.843135659233667e-05,0.01643632911145687,0.9835053086280823,gov,True,True
161113,2024-02,gov,0,0.9976896047592163,0.00042955827666446567,0.0018808528548106551,0.9976896047592163,gov,True,True
161116,2024-02,gov,0,0.6285312175750732,0.122296541929245,0.24917228519916534,0.6285312175750732,gov,True,True
161117,2024-02,gov,0,0.38842880725860596,0.3050922155380249,0.30647894740104675,0.38842880725860596,gov,True,True
161118,2024-02,opo,1,0.1059684231877327,0.8863058090209961,0.007725721225142479,0.8863058090209961,opo,True,True
161119,2024-02,gov,0,0.5408890843391418,0.4360981583595276,0.02301272563636303,0.5408890843391418,gov,True,True
161120,2024-02,gov,0,0.8891800045967102,0.06356529146432877,0.04725465178489685,0.8891800045967102,gov,True,True
161829,2024-02,uncertain,2,0.043964263051748276,0.002798161469399929,0.9532375931739807,0.9532375931739807,uncertain,True,True
161830,2024-02,uncertain,2,0.026508333161473274,0.0013474274892359972,0.9721441864967346,0.9721441864967346,uncertain,True,True
161831,2024-02,uncertain,2,0.0072699361480772495,9.798023529583588e-05,0.9926321506500244,0.9926321506500244,uncertain,True,True
161832,2024-02,uncertain,2,0.04613266885280609,0.0008883203263394535,0.9529790878295898,0.9529790878295898,uncertain,True,True
161833,2024-02,gov,0,0.8111945390701294,0.06340328603982925,0.12540215253829956,0.8111945390701294,gov,True,True
161837,2024-02,gov,0,0.5846627354621887,0.37974220514297485,0.035595059394836426,0.5846627354621887,gov,True,True
161839,2024-02,opo,1,0.05021549388766289,0.9471417665481567,0.002642761915922165,0.9471417665481567,opo,True,True
162547,2024-02,opo,1,0.061623089015483856,0.9052004218101501,0.033176518976688385,0.9052004218101501,opo,True,True
162548,2024-02,uncertain,2,0.03997454047203064,0.016903331503272057,0.9431220889091492,0.9431220889091492,uncertain,True,True
162549,2024-02,uncertain,2,0.003970644902437925,0.0004837271699216217,0.9955456256866455,0.9955456256866455,uncertain,True,True
162551,2024-02,uncertain,2,0.0948948860168457,0.012256464920938015,0.8928486108779907,0.8928486108779907,uncertain,True,True
162552,2024-02,gov,0,0.49456408619880676,0.07326149940490723,0.4321744740009308,0.49456408619880676,gov,True,True
162554,2024-02,gov,0,0.6580226421356201,0.19339926540851593,0.14857807755470276,0.6580226421356201,gov,True,True
162555,2024-02,uncertain,2,0.08887746930122375,0.08055508881807327,0.8305674195289612,0.8305674195289612,uncertain,True,True
162558,2024-02,opo,1,0.002082783728837967,0.9972807168960571,0.0006364576984196901,0.9972807168960571,opo,True,True
162559,2024-02,opo,1,0.004315154626965523,0.9909675717353821,0.004717258270829916,0.9909675717353821,opo,True,True
163268,2024-02,uncertain,2,0.01455533318221569,0.05651013180613518,0.9289344549179077,0.9289344549179077,uncertain,True,True
163269,2024-02,uncertain,2,0.009478434920310974,0.003583220299333334,0.9869383573532104,0.9869383573532104,uncertain,True,True
163271,2024-02,gov,0,0.557291567325592,0.003739191684871912,0.438969224691391,0.557291567325592,gov,True,True
163272,2024-02,uncertain,2,0.02488870546221733,0.005008684005588293,0.9701026082038879,0.9701026082038879,uncertain,True,True
163274,2024-02,opo,1,0.046363797038793564,0.8143097162246704,0.13932649791240692,0.8143097162246704,opo,True,True
163275,2024-02,uncertain,2,0.006549029611051083,0.0583198219537735,0.9351311326026917,0.9351311326026917,uncertain,True,True
163276,2024-02,uncertain,2,0.012979391030967236,0.012510639615356922,0.9745099544525146,0.9745099544525146,uncertain,True,True
163278,2024-02,opo,1,0.02119717188179493,0.977179229259491,0.00162355019710958,0.977179229259491,opo,True,True
163988,2024-02,gov,0,0.7075423002243042,0.059705931693315506,0.23275180160999298,0.7075423002243042,gov,True,True
163989,2024-02,gov,0,0.5219138860702515,0.00137497263494879,0.47671112418174744,0.5219138860702515,gov,True,True
163992,2024-02,uncertain,2,0.06999152153730392,0.017901454120874405,0.912106990814209,0.912106990814209,uncertain,True,True
163993,2024-02,uncertain,2,0.02333952859044075,0.07665007561445236,0.9000104069709778,0.9000104069709778,uncertain,True,True
163996,2024-02,gov,0,0.5328444242477417,0.06291360408067703,0.40424197912216187,0.5328444242477417,gov,True,True
163998,2024-02,gov,0,0.7265915274620056,0.2695649564266205,0.0038435275200754404,0.7265915274620056,gov,True,True
164709,2024-02,uncertain,2,0.10617127269506454,0.001165822264738381,0.8926628232002258,0.8926628232002258,uncertain,True,True
164710,2024-02,gov,0,0.8275544047355652,0.027465486899018288,0.14498008787631989,0.8275544047355652,gov,True,True
164711,2024-02,gov,0,0.9751819968223572,0.013401989825069904,0.011416089721024036,0.9751819968223572,gov,True,True
164712,2024-02,gov,0,0.8974942564964294,0.018099015578627586,0.08440675586462021,0.8974942564964294,gov,True,True
164713,2024-02,uncertain,2,0.11286819726228714,0.04798880219459534,0.8391429781913757,0.8391429781913757,gov,True,True
164714,2024-02,opo,1,0.2203633189201355,0.65692538022995,0.12271128594875336,0.65692538022995,opo,True,True
164715,2024-02,gov,0,0.7325646281242371,0.21844574809074402,0.04898962005972862,0.7325646281242371,gov,True,True
165430,2024-02,opo,1,0.33680903911590576,0.6308643221855164,0.03232664614915848,0.6308643221855164,opo,True,True
165433,2024-02,uncertain,2,0.04062526673078537,0.002860218519344926,0.9565144777297974,0.9565144777297974,uncertain,True,True
166150,2024-02,gov,0,0.8400663733482361,0.08840490132570267,0.07152871042490005,0.8400663733482361,gov,True,True
166154,2024-02,uncertain,2,0.14111314713954926,0.09003002941608429,0.7688568234443665,0.7688568234443665,gov,True,True
166155,2024-02,uncertain,2,0.18736118078231812,0.1013820618391037,0.711256742477417,0.711256742477417,uncertain,True,True
166873,2024-02,uncertain,2,0.055359963327646255,0.03788367658853531,0.9067563414573669,0.9067563414573669,uncertain,True,True
166876,2024-02,gov,0,0.9532257914543152,0.012780902907252312,0.03399326652288437,0.9532257914543152,gov,True,True
166877,2024-02,gov,0,0.938762366771698,0.004919574595987797,0.056318044662475586,0.938762366771698,gov,True,True
167591,2024-02,gov,0,0.872372031211853,0.031833749264478683,0.0957942083477974,0.872372031211853,gov,True,True
167592,2024-02,gov,0,0.8066462278366089,0.017789265140891075,0.17556451261043549,0.8066462278366089,gov,True,True
167594,2024-02,uncertain,2,0.07484278082847595,0.07399655133485794,0.8511605858802795,0.8511605858802795,uncertain,True,True
167597,2024-02,gov,0,0.8136445879936218,0.08177658915519714,0.10457880049943924,0.8136445879936218,gov,True,True
168313,2024-02,gov,0,0.8400049805641174,0.0061612436547875404,0.15383368730545044,0.8400049805641174,gov,True,True
168316,2024-02,uncertain,2,0.1786828190088272,0.03953362628817558,0.7817836403846741,0.7817836403846741,uncertain,True,True
169035,2024-02,uncertain,2,0.0796545073390007,0.015828367322683334,0.9045171737670898,0.9045171737670898,uncertain,True,True
169036,2024-02,uncertain,2,0.40931037068367004,0.020607387647032738,0.5700823068618774,0.5700823068618774,gov,True,True
169037,2024-02,gov,0,0.816780686378479,0.02336975745856762,0.15984953939914703,0.816780686378479,gov,True,True
169756,2024-02,gov,0,0.880544900894165,0.05364662781357765,0.06580840796232224,0.880544900894165,gov,True,True
143838,2024-03,gov,0,0.9087454080581665,0.04134582355618477,0.04990881308913231,0.9087454080581665,gov,True,True
145998,2024-03,gov,0,0.8011783361434937,0.02571384608745575,0.17310774326324463,0.8011783361434937,gov,True,True
147437,2024-03,gov,0,0.891229510307312,0.012539736926555634,0.09623071551322937,0.891229510307312,gov,True,True
147438,2024-03,gov,0,0.6974206566810608,0.015048663131892681,0.28753066062927246,0.6974206566810608,gov,True,True
147439,2024-03,uncertain,2,0.1992313116788864,0.014073909260332584,0.7866947650909424,0.7866947650909424,uncertain,True,True
148158,2024-03,uncertain,2,0.08019941300153732,0.010742776095867157,0.9090577960014343,0.9090577960014343,uncertain,True,True
149597,2024-03,uncertain,2,0.07544898241758347,0.018392734229564667,0.9061582684516907,0.9061582684516907,uncertain,True,True
150307,2024-03,gov,0,0.7599248290061951,0.06755335628986359,0.17252172529697418,0.7599248290061951,gov,True,True
150317,2024-03,uncertain,2,0.03759310767054558,0.017893323674798012,0.9445134997367859,0.9445134997367859,uncertain,True,True
151756,2024-03,uncertain,2,0.04415098950266838,0.013628440909087658,0.9422206282615662,0.9422206282615662,uncertain,True,True
151757,2024-03,uncertain,2,0.008542228490114212,0.019894184544682503,0.9715635776519775,0.9715635776519775,uncertain,True,True
152476,2024-03,gov,0,0.5834131836891174,0.0670785903930664,0.3495081663131714,0.5834131836891174,gov,True,True
153190,2024-03,gov,0,0.7740252017974854,0.07451547682285309,0.15145929157733917,0.7740252017974854,gov,True,True
153191,2024-03,gov,0,0.9327343702316284,0.020430264994502068,0.04683535173535347,0.9327343702316284,gov,True,True
153192,2024-03,gov,0,0.9450780153274536,0.005038626026362181,0.04988338053226471,0.9450780153274536,gov,True,True
153193,2024-03,gov,0,0.9542354941368103,0.0006128030363470316,0.04515164718031883,0.9542354941368103,gov,True,True
153196,2024-03,gov,0,0.5031982660293579,0.40693238377571106,0.08986937999725342,0.5031982660293579,gov,True,True
153197,2024-03,opo,1,0.052400581538677216,0.715423583984375,0.2321757823228836,0.715423583984375,opo,True,True
153910,2024-03,gov,0,0.7374159693717957,0.10580309480428696,0.15678097307682037,0.7374159693717957,gov,True,True
153911,2024-03,gov,0,0.7898648381233215,0.03818001598119736,0.17195510864257812,0.7898648381233215,gov,True,True
153912,2024-03,gov,0,0.9583300352096558,0.018389366567134857,0.023280547931790352,0.9583300352096558,gov,True,True
153913,2024-03,gov,0,0.9087334871292114,0.014526831917464733,0.07673966884613037,0.9087334871292114,gov,True,True
153914,2024-03,gov,0,0.9405985474586487,0.0077027264051139355,0.05169862136244774,0.9405985474586487,gov,True,True
153915,2024-03,uncertain,2,0.019045811146497726,0.0011715517612174153,0.9797826409339905,0.9797826409339905,uncertain,True,True
153916,2024-03,opo,1,0.3962557315826416,0.4090613126754761,0.19468297064304352,0.4090613126754761,gov,True,True
153917,2024-03,opo,1,0.11352311074733734,0.7979024648666382,0.08857443928718567,0.7979024648666382,opo,True,True
153918,2024-03,opo,1,0.069731704890728,0.8459520936012268,0.08431622385978699,0.8459520936012268,opo,True,True
154630,2024-03,gov,0,0.9159145951271057,0.04136611893773079,0.042719241231679916,0.9159145951271057,gov,True,True
154631,2024-03,gov,0,0.9586808681488037,0.017424102872610092,0.02389495261013508,0.9586808681488037,gov,True,True
154632,2024-03,gov,0,0.9907813668251038,0.0030816805083304644,0.0061369407922029495,0.9907813668251038,gov,True,True
154633,2024-03,gov,0,0.9808096289634705,0.0062334476970136166,0.012956846505403519,0.9808096289634705,gov,True,True
154634,2024-03,gov,0,0.9357524514198303,0.005939394235610962,0.058308184146881104,0.9357524514198303,gov,True,True
154635,2024-03,uncertain,2,0.031541015952825546,0.0004214707005303353,0.9680375456809998,0.9680375456809998,uncertain,True,True
154636,2024-03,uncertain,2,0.0437312088906765,0.036861736327409744,0.9194070100784302,0.9194070100784302,uncertain,True,True
155351,2024-03,gov,0,0.9516738057136536,0.023448627442121506,0.024877550080418587,0.9516738057136536,gov,True,True
155352,2024-03,gov,0,0.9815928339958191,0.007941792719066143,0.010465316474437714,0.9815928339958191,gov,True,True
155354,2024-03,uncertain,2,0.056174494326114655,0.0032982362899929285,0.9405272603034973,0.9405272603034973,uncertain,True,True
156069,2024-03,gov,0,0.954958438873291,0.026635466143488884,0.018406076356768608,0.954958438873291,gov,True,True
156071,2024-03,gov,0,0.9806550741195679,0.01454938855022192,0.004795491229742765,0.9806550741195679,gov,True,True
156072,2024-03,gov,0,0.9496600031852722,0.0295087993144989,0.02083125151693821,0.9496600031852722,gov,True,True
156073,2024-03,gov,0,0.7454838752746582,0.00441355723887682,0.25010257959365845,0.7454838752746582,gov,True,True
156074,2024-03,uncertain,2,0.06537490338087082,0.008847389370203018,0.9257777333259583,0.9257777333259583,uncertain,True,True
156075,2024-03,opo,1,0.08484870940446854,0.7208746671676636,0.1942765712738037,0.7208746671676636,opo,True,True
156788,2024-03,gov,0,0.7123064398765564,0.11090727895498276,0.17678627371788025,0.7123064398765564,gov,True,True
156789,2024-03,gov,0,0.8490937948226929,0.11196435987949371,0.038941770792007446,0.8490937948226929,gov,True,True
156791,2024-03,gov,0,0.97548907995224,0.01117467600852251,0.013336354866623878,0.97548907995224,gov,True,True
156792,2024-03,gov,0,0.9637042284011841,0.008512628264725208,0.02778305672109127,0.9637042284011841,gov,True,True
156793,2024-03,uncertain,2,0.04301345720887184,0.00025937383179552853,0.9567272067070007,0.9567272067070007,uncertain,True,True
156794,2024-03,uncertain,2,0.18336306512355804,0.03872755542397499,0.7779093384742737,0.7779093384742737,gov,True,True
156795,2024-03,opo,1,0.013344395905733109,0.8294975161552429,0.1571580469608307,0.8294975161552429,opo,True,True
156796,2024-03,opo,1,0.06203078106045723,0.8656089901924133,0.07236018031835556,0.8656089901924133,opo,True,True
157508,2024-03,opo,1,0.018780650570988655,0.7407791614532471,0.24044013023376465,0.7407791614532471,opo,True,True
157510,2024-03,gov,0,0.9628074169158936,0.009146460331976414,0.028046106919646263,0.9628074169158936,gov,True,True
157511,2024-03,gov,0,0.964996874332428,0.026223279535770416,0.008779824711382389,0.964996874332428,gov,True,True
157513,2024-03,uncertain,2,0.1098773404955864,0.00045833567855879664,0.8896642923355103,0.8896642923355103,uncertain,True,True
157514,2024-03,uncertain,2,0.013498998247087002,0.004847371485084295,0.98165363073349,0.98165363073349,uncertain,True,True
157515,2024-03,uncertain,2,0.020010117441415787,0.05658784881234169,0.9234020709991455,0.9234020709991455,uncertain,True,True
158229,2024-03,uncertain,2,0.02538655512034893,0.0032561628613620996,0.9713573455810547,0.9713573455810547,uncertain,True,True
158231,2024-03,gov,0,0.9937857389450073,0.0016442571068182588,0.004570008721202612,0.9937857389450073,gov,True,True
158233,2024-03,gov,0,0.907085120677948,0.0032994269859045744,0.0896153673529625,0.907085120677948,gov,True,True
158235,2024-03,opo,1,0.0902746170759201,0.7687005996704102,0.14102481305599213,0.7687005996704102,opo,True,True
158236,2024-03,opo,1,0.004869286436587572,0.991229772567749,0.0039009645115584135,0.991229772567749,opo,True,True
158237,2024-03,opo,1,0.005848664324730635,0.9908303022384644,0.003321063006296754,0.9908303022384644,opo,True,True
158238,2024-03,opo,1,0.09581699967384338,0.8819235563278198,0.022259414196014404,0.8819235563278198,opo,True,True
158946,2024-03,opo,1,0.03807453066110611,0.9249815940856934,0.03694392740726471,0.9249815940856934,opo,True,True
158947,2024-03,opo,1,0.008253626525402069,0.9877788424491882,0.003967565018683672,0.9877788424491882,opo,True,True
158949,2024-03,gov,0,0.7078351378440857,0.02222379669547081,0.2699410915374756,0.7078351378440857,gov,True,True
158950,2024-03,gov,0,0.9717199802398682,0.0005465067806653678,0.02773347683250904,0.9717199802398682,gov,True,True
158951,2024-03,gov,0,0.9759038686752319,0.001958424923941493,0.022137688472867012,0.9759038686752319,gov,True,True
158952,2024-03,gov,0,0.9687336683273315,0.0053588165901601315,0.025907481089234352,0.9687336683273315,gov,True,True
158953,2024-03,gov,0,0.9841742515563965,0.0053429738618433475,0.010482805781066418,0.9841742515563965,gov,True,True
158954,2024-03,gov,0,0.9621644020080566,0.03227991238236427,0.005555637180805206,0.9621644020080566,gov,True,True
158955,2024-03,gov,0,0.8167290091514587,0.17314863204956055,0.010122436098754406,0.8167290091514587,gov,True,True
158956,2024-03,gov,0,0.9339831471443176,0.06315737962722778,0.0028594129253178835,0.9339831471443176,gov,True,True
158957,2024-03,gov,0,0.9696845412254333,0.022085102275013924,0.008230444975197315,0.9696845412254333,gov,True,True
158958,2024-03,gov,0,0.8892601728439331,0.09112776070833206,0.019612116739153862,0.8892601728439331,gov,True,True
158960,2024-03,gov,0,0.8553629517555237,0.02106548845767975,0.1235715001821518,0.8553629517555237,gov,True,True
159665,2024-03,uncertain,2,0.032717619091272354,0.08812566846609116,0.8791567087173462,0.8791567087173462,uncertain,True,True
159666,2024-03,opo,1,0.04819096624851227,0.9438841342926025,0.00792489480227232,0.9438841342926025,opo,True,True
159667,2024-03,opo,1,0.004474479239434004,0.9930678606033325,0.002457692753523588,0.9930678606033325,opo,True,True
159670,2024-03,gov,0,0.8831265568733215,0.011857643723487854,0.1050158143043518,0.8831265568733215,gov,True,True
159671,2024-03,gov,0,0.9932848215103149,0.0020429256837815046,0.004672336392104626,0.9932848215103149,gov,True,True
159672,2024-03,gov,0,0.9775196313858032,0.002092299284413457,0.020388144999742508,0.9775196313858032,gov,True,True
159673,2024-03,gov,0,0.9829005599021912,0.003568080486729741,0.013531351462006569,0.9829005599021912,gov,True,True
159674,2024-03,gov,0,0.9931990504264832,0.0015831660712137818,0.0052177985198795795,0.9931990504264832,gov,True,True
159675,2024-03,gov,0,0.9677753448486328,0.010706107132136822,0.021518519148230553,0.9677753448486328,gov,True,True
159676,2024-03,gov,0,0.9945523142814636,0.003752092830836773,0.0016956039471551776,0.9945523142814636,gov,True,True
159679,2024-03,gov,0,0.9101895093917847,0.06911581009626389,0.020694639533758163,0.9101895093917847,gov,True,True
159680,2024-03,gov,0,0.8854525089263916,0.03416847065091133,0.08037891983985901,0.8854525089263916,gov,True,True
160386,2024-03,opo,1,0.011026380583643913,0.9535014033317566,0.03547217324376106,0.9535014033317566,opo,True,True
160388,2024-03,uncertain,2,0.010432953014969826,0.007230348885059357,0.9823366403579712,0.9823366403579712,uncertain,True,True
160389,2024-03,uncertain,2,0.015520410612225533,0.0012578099267557263,0.9832218289375305,0.9832218289375305,uncertain,True,True
160390,2024-03,uncertain,2,0.06791338324546814,0.0068305605091154575,0.9252560138702393,0.9252560138702393,uncertain,True,True
160391,2024-03,gov,0,0.7311091423034668,0.017304856330156326,0.25158601999282837,0.7311091423034668,gov,True,True
160392,2024-03,gov,0,0.9466208219528198,0.0006460759905166924,0.052733149379491806,0.9466208219528198,gov,True,True
160393,2024-03,gov,0,0.9515942931175232,0.0017215812113136053,0.04668418690562248,0.9515942931175232,gov,True,True
160394,2024-03,gov,0,0.9981114864349365,0.000376768468413502,0.001511734095402062,0.9981114864349365,gov,True,True
160396,2024-03,gov,0,0.9914275407791138,0.005588396452367306,0.0029841000214219093,0.9914275407791138,gov,True,True
160397,2024-03,gov,0,0.9905824661254883,0.003288762643933296,0.0061287907883524895,0.9905824661254883,gov,True,True
160399,2024-03,gov,0,0.8434247374534607,0.1272275149822235,0.029347725212574005,0.8434247374534607,gov,True,True
160400,2024-03,gov,0,0.8726381659507751,0.05186828598380089,0.07549352943897247,0.8726381659507751,gov,True,True
161107,2024-03,uncertain,2,0.08098649978637695,0.015197021886706352,0.9038165807723999,0.9038165807723999,uncertain,True,True
161109,2024-03,uncertain,2,0.0477636493742466,0.00018954304687213153,0.952046811580658,0.952046811580658,uncertain,True,True
161110,2024-03,gov,0,0.7478209137916565,0.00172887509688735,0.2504502236843109,0.7478209137916565,gov,True,True
161111,2024-03,gov,0,0.7046697735786438,9.896531264530495e-05,0.29523131251335144,0.7046697735786438,gov,True,True
161112,2024-03,gov,0,0.9766454696655273,6.024453978170641e-05,0.02329431287944317,0.9766454696655273,gov,True,True
161113,2024-03,gov,0,0.9797048568725586,0.0011510143522173166,0.019144242629408836,0.9797048568725586,gov,True,True
161116,2024-03,gov,0,0.9417679905891418,0.009358972311019897,0.048873018473386765,0.9417679905891418,gov,True,True
161117,2024-03,gov,0,0.8544197678565979,0.09549791365861893,0.05008234456181526,0.8544197678565979,gov,True,True
161118,2024-03,opo,1,0.11932070553302765,0.8722434043884277,0.008435951545834541,0.8722434043884277,opo,True,True
161119,2024-03,opo,1,0.4304892122745514,0.5482293367385864,0.021281424909830093,0.5482293367385864,gov,True,True
161120,2024-03,gov,0,0.8843501806259155,0.06787080317735672,0.047778960317373276,0.8843501806259155,gov,True,True
161829,2024-03,uncertain,2,0.021591775119304657,0.002040837425738573,0.9763674139976501,0.9763674139976501,uncertain,True,True
161830,2024-03,uncertain,2,0.02648075670003891,0.004763148259371519,0.9687560796737671,0.9687560796737671,uncertain,True,True
161831,2024-03,uncertain,2,0.0029741981998085976,0.00012929200602229685,0.996896505355835,0.996896505355835,uncertain,True,True
161832,2024-03,uncertain,2,0.05424927920103073,0.0007982938550412655,0.9449524283409119,0.9449524283409119,uncertain,True,True
161833,2024-03,gov,0,0.792532742023468,0.02157827839255333,0.18588896095752716,0.792532742023468,gov,True,True
161837,2024-03,gov,0,0.8886353969573975,0.10432926565408707,0.0070353480987250805,0.8886353969573975,gov,True,True
161839,2024-03,opo,1,0.034252721816301346,0.9626787304878235,0.00306862429715693,0.9626787304878235,opo,True,True
162547,2024-03,opo,1,0.05390005186200142,0.934179425239563,0.011920559220016003,0.934179425239563,opo,True,True
162548,2024-03,uncertain,2,0.030344055965542793,0.015631113201379776,0.9540248513221741,0.9540248513221741,uncertain,True,True
162549,2024-03,uncertain,2,0.0052994657307863235,0.0006715011550113559,0.9940290451049805,0.9940290451049805,uncertain,True,True
162551,2024-03,uncertain,2,0.0231978390365839,0.004560175817459822,0.972241997718811,0.972241997718811,uncertain,True,True
162552,2024-03,uncertain,2,0.45976972579956055,0.014196337200701237,0.5260339975357056,0.5260339975357056,gov,True,True
162554,2024-03,gov,0,0.8637808561325073,0.0221718717366457,0.11404730379581451,0.8637808561325073,gov,True,True
162555,2024-03,gov,0,0.7083092331886292,0.019008694216609,0.2726820707321167,0.7083092331886292,gov,True,True
162556,2024-03,gov,0,0.8221940994262695,0.009224283508956432,0.16858156025409698,0.8221940994262695,gov,True,True
162558,2024-03,opo,1,0.006382849998772144,0.9925145506858826,0.0011026361025869846,0.9925145506858826,opo,True,True
162559,2024-03,opo,1,0.009189859963953495,0.9862172603607178,0.004592960700392723,0.9862172603607178,opo,True,True
163268,2024-03,uncertain,2,0.010198595933616161,0.05555306375026703,0.9342483282089233,0.9342483282089233,uncertain,True,True
163269,2024-03,uncertain,2,0.012570776976644993,0.003469310700893402,0.983959972858429,0.983959972858429,uncertain,True,True
163271,2024-03,gov,0,0.6329043507575989,0.004646182991564274,0.3624494671821594,0.6329043507575989,gov,True,True
163272,2024-03,uncertain,2,0.054182011634111404,0.009927120059728622,0.9358908534049988,0.9358908534049988,uncertain,True,True
163274,2024-03,uncertain,2,0.44181501865386963,0.0360480435192585,0.5221369862556458,0.5221369862556458,gov,True,True
163275,2024-03,uncertain,2,0.07797513902187347,0.0032600185368210077,0.9187648892402649,0.9187648892402649,uncertain,True,True
163276,2024-03,uncertain,2,0.07365719228982925,0.0015665304381400347,0.9247763156890869,0.9247763156890869,uncertain,True,True
163278,2024-03,opo,1,0.02806568145751953,0.9699466824531555,0.0019876472651958466,0.9699466824531555,opo,True,True
163988,2024-03,gov,0,0.6763255596160889,0.09285871684551239,0.23081569373607635,0.6763255596160889,gov,True,True
163989,2024-03,gov,0,0.7173623442649841,0.0037330996710807085,0.278904527425766,0.7173623442649841,gov,True,True
163992,2024-03,uncertain,2,0.2269802838563919,0.01627909019589424,0.7567405700683594,0.7567405700683594,gov,True,True
163993,2024-03,uncertain,2,0.08881073445081711,0.029426878318190575,0.8817624449729919,0.8817624449729919,uncertain,True,True
163996,2024-03,gov,0,0.910757839679718,0.014988653361797333,0.07425348460674286,0.910757839679718,gov,True,True
163998,2024-03,gov,0,0.8184073567390442,0.1764664500951767,0.005126206669956446,0.8184073567390442,gov,True,True
164709,2024-03,uncertain,2,0.2133459597826004,0.009309884160757065,0.7773441672325134,0.7773441672325134,uncertain,True,True
164710,2024-03,gov,0,0.8504255414009094,0.031808752566576004,0.11776568740606308,0.8504255414009094,gov,True,True
164711,2024-03,gov,0,0.977005124092102,0.010915267281234264,0.012079558335244656,0.977005124092102,gov,True,True
164712,2024-03,gov,0,0.8375996947288513,0.03035515360534191,0.13204507529735565,0.8375996947288513,gov,True,True
164713,2024-03,gov,0,0.7501986622810364,0.014391325414180756,0.23540998995304108,0.7501986622810364,gov,True,True
164714,2024-03,uncertain,2,0.12427845597267151,0.19539663195610046,0.6803249716758728,0.6803249716758728,uncertain,True,True
164715,2024-03,opo,1,0.11490179598331451,0.8780486583709717,0.007049544248729944,0.8780486583709717,opo,True,True
165430,2024-03,gov,0,0.8435717821121216,0.1444064974784851,0.01202161330729723,0.8435717821121216,gov,True,True
165433,2024-03,uncertain,2,0.046084173023700714,0.01615949161350727,0.9377564191818237,0.9377564191818237,uncertain,True,True
166150,2024-03,gov,0,0.956419825553894,0.0307138841599226,0.012866230681538582,0.956419825553894,gov,True,True
166154,2024-03,opo,1,0.30311277508735657,0.48505640029907227,0.21183083951473236,0.48505640029907227,gov,True,True
166155,2024-03,opo,1,0.06381330639123917,0.8474002480506897,0.08878649771213531,0.8474002480506897,opo,True,True
166873,2024-03,opo,1,0.16558392345905304,0.6882919669151306,0.14612405002117157,0.6882919669151306,opo,True,True
166876,2024-03,gov,0,0.7573971152305603,0.19921471178531647,0.04338821396231651,0.7573971152305603,gov,True,True
166877,2024-03,gov,0,0.9053857326507568,0.06709721684455872,0.027517082169651985,0.9053857326507568,gov,True,True
167591,2024-03,gov,0,0.7042334675788879,0.024327220395207405,0.2714393734931946,0.7042334675788879,gov,True,True
167592,2024-03,gov,0,0.7756635546684265,0.04945054277777672,0.17488591372966766,0.7756635546684265,gov,True,True
167594,2024-03,opo,1,0.081122986972332,0.887077808380127,0.031799186021089554,0.887077808380127,opo,True,True
167597,2024-03,gov,0,0.5859673023223877,0.39967235922813416,0.014360292814671993,0.5859673023223877,gov,True,True
168313,2024-03,gov,0,0.8818033933639526,0.01907304674386978,0.09912361204624176,0.8818033933639526,gov,True,True
168316,2024-03,opo,1,0.16419212520122528,0.7490479946136475,0.08675992488861084,0.7490479946136475,opo,True,True
169035,2024-03,uncertain,2,0.2998715043067932,0.018094319850206375,0.6820341944694519,0.6820341944694519,uncertain,True,True
169036,2024-03,gov,0,0.8209737539291382,0.058352477848529816,0.1206737831234932,0.8209737539291382,gov,True,True
169037,2024-03,gov,0,0.9512332081794739,0.032938286662101746,0.01582847721874714,0.9512332081794739,gov,True,True
169756,2024-03,gov,0,0.9719251394271851,0.004986807703971863,0.02308798022568226,0.9719251394271851,gov,True,True
143838,2024-04,gov,0,0.8469277620315552,0.07169454544782639,0.08137765526771545,0.8469277620315552,gov,True,True
145998,2024-04,gov,0,0.8353107571601868,0.05138363689184189,0.11330563575029373,0.8353107571601868,gov,True,True
147437,2024-04,gov,0,0.5447448492050171,0.07888676226139069,0.3763684332370758,0.5447448492050171,gov,True,True
147438,2024-04,uncertain,2,0.3631661534309387,0.12101823091506958,0.5158156156539917,0.5158156156539917,opo,True,True
147439,2024-04,uncertain,2,0.14095701277256012,0.035582222044467926,0.8234607577323914,0.8234607577323914,uncertain,True,True
148158,2024-04,uncertain,2,0.13069786131381989,0.12405407428741455,0.7452480792999268,0.7452480792999268,uncertain,True,True
149597,2024-04,uncertain,2,0.04308042302727699,0.06299898773431778,0.8939206600189209,0.8939206600189209,uncertain,True,True
150307,2024-04,gov,0,0.7913258671760559,0.055770475417375565,0.1529037058353424,0.7913258671760559,gov,True,True
150317,2024-04,uncertain,2,0.058795806020498276,0.2819938361644745,0.6592103242874146,0.6592103242874146,opo,True,True
151756,2024-04,uncertain,2,0.2034594565629959,0.036352820694446564,0.7601877450942993,0.7601877450942993,uncertain,True,True
151757,2024-04,uncertain,2,0.044225241988897324,0.06405378133058548,0.8917209506034851,0.8917209506034851,uncertain,True,True
152476,2024-04,gov,0,0.7767835855484009,0.10337716341018677,0.11983929574489594,0.7767835855484009,gov,True,True
153190,2024-04,gov,0,0.6661773920059204,0.13442489504814148,0.19939769804477692,0.6661773920059204,gov,True,True
153191,2024-04,gov,0,0.791059672832489,0.10551173985004425,0.10342852026224136,0.791059672832489,gov,True,True
153192,2024-04,gov,0,0.87062668800354,0.016259433701634407,0.1131138801574707,0.87062668800354,gov,True,True
153193,2024-04,gov,0,0.9111352562904358,0.004418210592120886,0.08444657921791077,0.9111352562904358,gov,True,True
153196,2024-04,gov,0,0.37133774161338806,0.3072057366371155,0.32145652174949646,0.37133774161338806,opo,True,True
153197,2024-04,uncertain,2,0.07141169905662537,0.057317499071359634,0.8712707757949829,0.8712707757949829,uncertain,True,True
153910,2024-04,gov,0,0.6615230441093445,0.10791885107755661,0.2305580973625183,0.6615230441093445,gov,True,True
153911,2024-04,gov,0,0.5812979340553284,0.2258601039648056,0.19284194707870483,0.5812979340553284,gov,True,True
153912,2024-04,gov,0,0.7321929931640625,0.19257418811321259,0.07523278146982193,0.7321929931640625,gov,True,True
153913,2024-04,gov,0,0.929710328578949,0.03393673524260521,0.03635294362902641,0.929710328578949,gov,True,True
153914,2024-04,gov,0,0.5608112812042236,0.02485721744596958,0.41433149576187134,0.5608112812042236,gov,True,True
153915,2024-04,uncertain,2,0.05732771381735802,0.011985686607658863,0.9306866526603699,0.9306866526603699,uncertain,True,True
153916,2024-04,gov,0,0.44502606987953186,0.18734245002269745,0.36763155460357666,0.44502606987953186,gov,True,True
153917,2024-04,uncertain,2,0.2196234166622162,0.11470973491668701,0.6656668782234192,0.6656668782234192,gov,True,True
153918,2024-04,uncertain,2,0.1696813851594925,0.09186053276062012,0.7384580969810486,0.7384580969810486,uncertain,True,True
154630,2024-04,gov,0,0.9293952584266663,0.02480624057352543,0.04579852148890495,0.9293952584266663,gov,True,True
154631,2024-04,gov,0,0.8938296437263489,0.04300753399729729,0.06316275894641876,0.8938296437263489,gov,True,True
154632,2024-04,gov,0,0.9857572913169861,0.006326046772301197,0.007916722446680069,0.9857572913169861,gov,True,True
154633,2024-04,gov,0,0.9883599281311035,0.004496469162404537,0.00714369909837842,0.9883599281311035,gov,True,True
154634,2024-04,gov,0,0.8255787491798401,0.004670312628149986,0.16975098848342896,0.8255787491798401,gov,True,True
154635,2024-04,uncertain,2,0.03037818893790245,0.0012358177918940783,0.9683859944343567,0.9683859944343567,uncertain,True,True
154636,2024-04,uncertain,2,0.10252046585083008,0.021167844533920288,0.876311719417572,0.876311719417572,uncertain,True,True
155351,2024-04,gov,0,0.9309437274932861,0.03503226488828659,0.03402407467365265,0.9309437274932861,gov,True,True
155352,2024-04,gov,0,0.9679520130157471,0.020233022049069405,0.011814998462796211,0.9679520130157471,gov,True,True
155354,2024-04,uncertain,2,0.00371178868226707,0.0004675147356465459,0.9958207607269287,0.9958207607269287,uncertain,True,True
156069,2024-04,gov,0,0.9117903709411621,0.042301539331674576,0.0459081195294857,0.9117903709411621,gov,True,True
156071,2024-04,gov,0,0.9730907082557678,0.01734744757413864,0.009561887942254543,0.9730907082557678,gov,True,True
156072,2024-04,gov,0,0.9039531350135803,0.03146551549434662,0.06458142399787903,0.9039531350135803,gov,True,True
156073,2024-04,gov,0,0.713112473487854,0.002117504831403494,0.28477001190185547,0.713112473487854,gov,True,True
156074,2024-04,uncertain,2,0.04261121526360512,0.00584698049351573,0.9515417814254761,0.9515417814254761,uncertain,True,True
156075,2024-04,opo,1,0.03770424425601959,0.7536031603813171,0.20869256556034088,0.7536031603813171,opo,True,True
156788,2024-04,gov,0,0.859814465045929,0.02098141424357891,0.119204081594944,0.859814465045929,gov,True,True
156789,2024-04,gov,0,0.9709059596061707,0.012874630279839039,0.016219332814216614,0.9709059596061707,gov,True,True
156791,2024-04,gov,0,0.9681413769721985,0.0196966752409935,0.012161987833678722,0.9681413769721985,gov,True,True
156792,2024-04,gov,0,0.9612634778022766,0.010594883933663368,0.02814164012670517,0.9612634778022766,gov,True,True
156793,2024-04,uncertain,2,0.10735548287630081,0.001192228402942419,0.8914523124694824,0.8914523124694824,uncertain,True,True
156794,2024-04,gov,0,0.4405437707901001,0.18710944056510925,0.37234678864479065,0.4405437707901001,gov,True,True
156795,2024-04,opo,1,0.005091974511742592,0.9734060764312744,0.021502014249563217,0.9734060764312744,opo,True,True
156796,2024-04,opo,1,0.0963885486125946,0.866051197052002,0.037560272961854935,0.866051197052002,opo,True,True
157508,2024-04,uncertain,2,0.05873490124940872,0.03152596205472946,0.9097391366958618,0.9097391366958618,uncertain,True,True
157510,2024-04,gov,0,0.952355682849884,0.009450259618461132,0.03819415345788002,0.952355682849884,gov,True,True
157511,2024-04,gov,0,0.9509072303771973,0.013660820201039314,0.0354318842291832,0.9509072303771973,gov,True,True
157513,2024-04,uncertain,2,0.09006358683109283,0.001975516090169549,0.9079608917236328,0.9079608917236328,uncertain,True,True
157514,2024-04,uncertain,2,0.014746418222784996,0.024010498076677322,0.9612429738044739,0.9612429738044739,uncertain,True,True
157515,2024-04,uncertain,2,0.016622012481093407,0.1159188523888588,0.8674591779708862,0.8674591779708862,uncertain,True,True
158229,2024-04,uncertain,2,0.06518376618623734,0.003925955854356289,0.9308902621269226,0.9308902621269226,uncertain,True,True
158231,2024-04,gov,0,0.9933837056159973,0.0004918227787129581,0.006124531850218773,0.9933837056159973,gov,True,True
158233,2024-04,gov,0,0.8356909155845642,0.009092611260712147,0.1552165001630783,0.8356909155845642,gov,True,True
158235,2024-04,opo,1,0.013787051662802696,0.9295824766159058,0.0566304512321949,0.9295824766159058,opo,True,True
158236,2024-04,opo,1,0.03495706990361214,0.9175992608070374,0.04744372144341469,0.9175992608070374,opo,True,True
158237,2024-04,opo,1,0.031536396592855453,0.9151936173439026,0.05326993390917778,0.9151936173439026,opo,True,True
158238,2024-04,opo,1,0.03968105465173721,0.8870238065719604,0.07329514622688293,0.8870238065719604,opo,True,True
158946,2024-04,opo,1,0.23634234070777893,0.6205716133117676,0.14308606088161469,0.6205716133117676,gov,True,True
158947,2024-04,opo,1,0.08822111040353775,0.832201361656189,0.07957756519317627,0.832201361656189,opo,True,True
158949,2024-04,gov,0,0.8715428709983826,0.021471915766596794,0.10698520392179489,0.8715428709983826,gov,True,True
158950,2024-04,gov,0,0.9881377816200256,0.0004259226843714714,0.011436229571700096,0.9881377816200256,gov,True,True
158951,2024-04,gov,0,0.9911451935768127,0.0006899621803313494,0.00816479604691267,0.9911451935768127,gov,True,True
158952,2024-04,gov,0,0.9708974361419678,0.011401721276342869,0.017700819298624992,0.9708974361419678,gov,True,True
158953,2024-04,gov,0,0.97243732213974,0.007882610894739628,0.019680149853229523,0.97243732213974,gov,True,True
158954,2024-04,gov,0,0.6629946827888489,0.281903475522995,0.05510180443525314,0.6629946827888489,gov,True,True
158955,2024-04,opo,1,0.13209736347198486,0.8408589959144592,0.027043575420975685,0.8408589959144592,opo,True,True
158956,2024-04,gov,0,0.5655895471572876,0.4219437539577484,0.01246670726686716,0.5655895471572876,gov,True,True
158957,2024-04,gov,0,0.9067727327346802,0.0608273409307003,0.032399989664554596,0.9067727327346802,gov,True,True
158958,2024-04,gov,0,0.818227231502533,0.07902426272630692,0.10274852067232132,0.818227231502533,gov,True,True
158960,2024-04,gov,0,0.78840172290802,0.04584113508462906,0.16575711965560913,0.78840172290802,gov,True,True
159665,2024-04,opo,1,0.1029677763581276,0.6503505706787109,0.24668166041374207,0.6503505706787109,opo,True,True
159666,2024-04,opo,1,0.02795812487602234,0.9608374834060669,0.011204376816749573,0.9608374834060669,opo,True,True
159667,2024-04,opo,1,0.060567524284124374,0.9010340571403503,0.038398388773202896,0.9010340571403503,opo,True,True
159670,2024-04,gov,0,0.9704428315162659,0.0012556504225358367,0.028301507234573364,0.9704428315162659,gov,True,True
159671,2024-04,gov,0,0.9970682263374329,0.001409900258295238,0.0015219205524772406,0.9970682263374329,gov,True,True
159672,2024-04,gov,0,0.9959406852722168,0.0012023686431348324,0.0028569491114467382,0.9959406852722168,gov,True,True
159673,2024-04,gov,0,0.9964780211448669,0.0010354288388043642,0.002486476441845298,0.9964780211448669,gov,True,True
159674,2024-04,gov,0,0.9581754803657532,0.011490979231894016,0.030333539471030235,0.9581754803657532,gov,True,True
159675,2024-04,gov,0,0.7945141792297363,0.026545291766524315,0.1789405792951584,0.7945141792297363,gov,True,True
159676,2024-04,gov,0,0.9943413734436035,0.002530979923903942,0.0031276314985007048,0.9943413734436035,gov,True,True
159679,2024-04,gov,0,0.8171933889389038,0.1228049173951149,0.06000166013836861,0.8171933889389038,gov,True,True
159680,2024-04,gov,0,0.8346985578536987,0.042809467762708664,0.12249194085597992,0.8346985578536987,gov,True,True
160386,2024-04,opo,1,0.027253838256001472,0.9326710104942322,0.040075186640024185,0.9326710104942322,opo,True,True
160388,2024-04,uncertain,2,0.015762215480208397,0.025184838101267815,0.9590529799461365,0.9590529799461365,uncertain,True,True
160389,2024-04,uncertain,2,0.006734162103384733,0.0034505731891840696,0.9898152351379395,0.9898152351379395,uncertain,True,True
160390,2024-04,uncertain,2,0.13266205787658691,0.011395173147320747,0.8559426665306091,0.8559426665306091,uncertain,True,True
160391,2024-04,gov,0,0.9449576139450073,0.012876166962087154,0.042166147381067276,0.9449576139450073,gov,True,True
160392,2024-04,gov,0,0.9928216338157654,0.0023080126848071814,0.004870413336902857,0.9928216338157654,gov,True,True
160393,2024-04,gov,0,0.9863824844360352,0.003388372017070651,0.01022918801754713,0.9863824844360352,gov,True,True
160394,2024-04,gov,0,0.9934811592102051,0.0013433244312182069,0.005175454542040825,0.9934811592102051,gov,True,True
160396,2024-04,gov,0,0.9904211759567261,0.002574439626187086,0.007004335522651672,0.9904211759567261,gov,True,True
160397,2024-04,gov,0,0.9804545044898987,0.009750643745064735,0.009794783778488636,0.9804545044898987,gov,True,True
160399,2024-04,gov,0,0.8298747539520264,0.13885989785194397,0.03126531094312668,0.8298747539520264,gov,True,True
160400,2024-04,gov,0,0.8843095302581787,0.03526809439063072,0.08042237162590027,0.8843095302581787,gov,True,True
161107,2024-04,uncertain,2,0.022562338039278984,0.08688806742429733,0.8905495405197144,0.8905495405197144,uncertain,True,True
161109,2024-04,uncertain,2,0.008866551332175732,0.0005145851755514741,0.9906188249588013,0.9906188249588013,uncertain,True,True
161110,2024-04,gov,0,0.7044017314910889,0.0054170191287994385,0.2901812791824341,0.7044017314910889,gov,True,True
161111,2024-04,gov,0,0.9693735837936401,0.0004834652063436806,0.030142905190587044,0.9693735837936401,gov,True,True
161112,2024-04,gov,0,0.9876186847686768,0.0005381382652558386,0.011843198910355568,0.9876186847686768,gov,True,True
161113,2024-04,gov,0,0.9984219074249268,0.0005798230995424092,0.0009982555638998747,0.9984219074249268,gov,True,True
161116,2024-04,gov,0,0.9317437410354614,0.00386651954613626,0.06438972055912018,0.9317437410354614,gov,True,True
161117,2024-04,gov,0,0.6570369005203247,0.18479599058628082,0.1581670641899109,0.6570369005203247,gov,True,True
161118,2024-04,opo,1,0.043388497084379196,0.95388263463974,0.0027288903947919607,0.95388263463974,opo,True,True
161119,2024-04,opo,1,0.44764822721481323,0.5313328504562378,0.02101888135075569,0.5313328504562378,gov,True,True
161120,2024-04,gov,0,0.8595421314239502,0.05842899903655052,0.08202888071537018,0.8595421314239502,gov,True,True
161827,2024-04,opo,1,0.07153072208166122,0.7541185617446899,0.17435072362422943,0.7541185617446899,opo,True,True
161829,2024-04,uncertain,2,0.0014093925710767508,0.0017384405946359038,0.9968522191047668,0.9968522191047668,uncertain,True,True
161830,2024-04,uncertain,2,0.02405911311507225,0.02354874275624752,0.9523921608924866,0.9523921608924866,uncertain,True,True
161831,2024-04,uncertain,2,0.04783021658658981,0.013594289310276508,0.9385755062103271,0.9385755062103271,uncertain,True,True
161832,2024-04,uncertain,2,0.12124619632959366,0.021791791543364525,0.8569619655609131,0.8569619655609131,uncertain,True,True
161833,2024-04,gov,0,0.889892041683197,0.0314851775765419,0.07862282544374466,0.889892041683197,gov,True,True
161837,2024-04,gov,0,0.7033966183662415,0.22403757274150848,0.07256583869457245,0.7033966183662415,gov,True,True
161839,2024-04,opo,1,0.019316459074616432,0.9789533019065857,0.0017301540356129408,0.9789533019065857,opo,True,True
162547,2024-04,opo,1,0.01211077906191349,0.9785811305046082,0.009308123961091042,0.9785811305046082,opo,True,True
162548,2024-04,uncertain,2,0.012561892159283161,0.006864472758024931,0.9805737137794495,0.9805737137794495,uncertain,True,True
162549,2024-04,uncertain,2,0.0005358269554562867,0.000889141287188977,0.9985750913619995,0.9985750913619995,uncertain,True,True
162550,2024-04,opo,1,0.05088498815894127,0.7590765357017517,0.19003847241401672,0.7590765357017517,opo,True,True
162551,2024-04,uncertain,2,0.13386666774749756,0.08252504467964172,0.7836083173751831,0.7836083173751831,uncertain,True,True
162552,2024-04,gov,0,0.5761937499046326,0.06390754133462906,0.35989874601364136,0.5761937499046326,gov,True,True
162554,2024-04,gov,0,0.8595127463340759,0.018292587250471115,0.12219459563493729,0.8595127463340759,gov,True,True
162555,2024-04,gov,0,0.9578129053115845,0.0028079331386834383,0.039379194378852844,0.9578129053115845,gov,True,True
162556,2024-04,gov,0,0.9416112899780273,0.000785565935075283,0.0576031357049942,0.9416112899780273,gov,True,True
162558,2024-04,opo,1,0.0008009119774214923,0.9986003041267395,0.0005988040356896818,0.9986003041267395,opo,True,True
162559,2024-04,opo,1,0.001959915505722165,0.9935376048088074,0.004502509720623493,0.9935376048088074,opo,True,True
163267,2024-04,opo,1,0.03978213667869568,0.9283497333526611,0.0318681076169014,0.9283497333526611,opo,True,True
163268,2024-04,uncertain,2,0.007835647091269493,0.07659780234098434,0.9155665040016174,0.9155665040016174,uncertain,True,True
163269,2024-04,uncertain,2,0.012587110511958599,0.03680945560336113,0.9506034851074219,0.9506034851074219,uncertain,True,True
163271,2024-04,gov,0,0.906737744808197,0.013843237422406673,0.07941901683807373,0.906737744808197,gov,True,True
163272,2024-04,uncertain,2,0.06475161015987396,0.007369669154286385,0.9278787970542908,0.9278787970542908,uncertain,True,True
163274,2024-04,gov,0,0.5587682127952576,0.012504080310463905,0.4287276864051819,0.5587682127952576,gov,True,True
163275,2024-04,uncertain,2,0.05929611995816231,0.00011944722064072266,0.9405844211578369,0.9405844211578369,uncertain,True,True
163276,2024-04,uncertain,2,0.16061876714229584,7.130926678655669e-05,0.8393099308013916,0.8393099308013916,uncertain,True,True
163278,2024-04,opo,1,0.01456023845821619,0.9818156361579895,0.0036241086199879646,0.9818156361579895,opo,True,True
163988,2024-04,gov,0,0.39216914772987366,0.3720747232437134,0.23575612902641296,0.39216914772987366,gov,True,True
163989,2024-04,gov,0,0.809368908405304,0.038479942828416824,0.15215107798576355,0.809368908405304,gov,True,True
163992,2024-04,gov,0,0.5155248641967773,0.1259242296218872,0.35855090618133545,0.5155248641967773,gov,True,True
163993,2024-04,uncertain,2,0.056098923087120056,0.0853160098195076,0.8585850596427917,0.8585850596427917,uncertain,True,True
163996,2024-04,gov,0,0.9666609168052673,0.0029216071125119925,0.03041757084429264,0.9666609168052673,gov,True,True
163998,2024-04,gov,0,0.8418371081352234,0.14400717616081238,0.014155746437609196,0.8418371081352234,gov,True,True
164709,2024-04,uncertain,2,0.1520717293024063,0.015833932906389236,0.8320943117141724,0.8320943117141724,uncertain,True,True
164710,2024-04,gov,0,0.9832183718681335,0.009368032217025757,0.007413596846163273,0.9832183718681335,gov,True,True
164711,2024-04,gov,0,0.9403501749038696,0.054820530116558075,0.004829273093491793,0.9403501749038696,gov,True,True
164712,2024-04,gov,0,0.889188826084137,0.0765242949128151,0.03428696468472481,0.889188826084137,gov,True,True
164713,2024-04,gov,0,0.6239193081855774,0.0715145394206047,0.30456623435020447,0.6239193081855774,gov,True,True
164714,2024-04,uncertain,2,0.03914406895637512,0.0194875318557024,0.9413684010505676,0.9413684010505676,uncertain,True,True
164715,2024-04,gov,0,0.38097500801086426,0.2727193236351013,0.3463056981563568,0.38097500801086426,gov,True,True
164716,2024-04,opo,1,0.1411224901676178,0.7528144121170044,0.10606306791305542,0.7528144121170044,opo,True,True
165430,2024-04,gov,0,0.8410961031913757,0.03850015997886658,0.12040375918149948,0.8410961031913757,gov,True,True
165433,2024-04,uncertain,2,0.09849309921264648,0.012885711155831814,0.8886212110519409,0.8886212110519409,uncertain,True,True
166150,2024-04,gov,0,0.9070894122123718,0.02157142572104931,0.07133909314870834,0.9070894122123718,gov,True,True
166152,2024-04,opo,1,0.2405824065208435,0.6331775188446045,0.12624002993106842,0.6331775188446045,opo,True,True
166154,2024-04,uncertain,2,0.22298134863376617,0.12114391475915909,0.6558747291564941,0.6558747291564941,gov,True,True
166155,2024-04,uncertain,2,0.050374388694763184,0.08457056432962418,0.8650550842285156,0.8650550842285156,uncertain,True,True
166873,2024-04,uncertain,2,0.11478406935930252,0.14131467044353485,0.7439011931419373,0.7439011931419373,uncertain,True,True
166876,2024-04,gov,0,0.8396368026733398,0.0720011293888092,0.08836205303668976,0.8396368026733398,gov,True,True
166877,2024-04,gov,0,0.8873454332351685,0.05722705274820328,0.05542749911546707,0.8873454332351685,gov,True,True
167591,2024-04,gov,0,0.701383650302887,0.1405540406703949,0.15806236863136292,0.701383650302887,gov,True,True
167592,2024-04,gov,0,0.6994879245758057,0.16507169604301453,0.135440394282341,0.6994879245758057,gov,True,True
167594,2024-04,opo,1,0.1697777956724167,0.6222370862960815,0.20798516273498535,0.6222370862960815,opo,True,True
167597,2024-04,opo,1,0.232248455286026,0.7278152108192444,0.039936330169439316,0.7278152108192444,opo,True,True
168313,2024-04,gov,0,0.8294649720191956,0.09775885939598083,0.07277624309062958,0.8294649720191956,gov,True,True
168316,2024-04,uncertain,2,0.04506002366542816,0.20089022815227509,0.7540497779846191,0.7540497779846191,uncertain,True,True
169035,2024-04,uncertain,2,0.14310337603092194,0.019467245787382126,0.837429404258728,0.837429404258728,uncertain,True,True
169036,2024-04,gov,0,0.9156887531280518,0.044755905866622925,0.03955534100532532,0.9156887531280518,gov,True,True
169037,2024-04,gov,0,0.8848630785942078,0.025584125891327858,0.08955279737710953,0.8848630785942078,gov,True,True
169756,2024-04,gov,0,0.9648109078407288,0.014685562811791897,0.02050350233912468,0.9648109078407288,gov,True,True
143838,2024-05,gov,0,0.9133633971214294,0.03335101157426834,0.053285542875528336,0.9133633971214294,gov,True,True
145998,2024-05,gov,0,0.5141925811767578,0.3503454029560089,0.13546201586723328,0.5141925811767578,opo,True,True
147437,2024-05,gov,0,0.9240598678588867,0.001839845790527761,0.07410027086734772,0.9240598678588867,gov,True,True
147438,2024-05,gov,0,0.5705320835113525,0.019128913059830666,0.41033899784088135,0.5705320835113525,gov,True,True
147439,2024-05,uncertain,2,0.10374559462070465,0.02357739582657814,0.8726770281791687,0.8726770281791687,uncertain,True,True
148158,2024-05,uncertain,2,0.06324844807386398,0.026542332023382187,0.9102091789245605,0.9102091789245605,uncertain,True,True
149597,2024-05,uncertain,2,0.01556416880339384,0.014052355661988258,0.9703835844993591,0.9703835844993591,uncertain,True,True
150307,2024-05,gov,0,0.86045241355896,0.04194336012005806,0.09760425239801407,0.86045241355896,gov,True,True
150317,2024-05,uncertain,2,0.028317606076598167,0.05615852773189545,0.9155238270759583,0.9155238270759583,uncertain,True,True
151756,2024-05,uncertain,2,0.1632193624973297,0.013720064423978329,0.8230605721473694,0.8230605721473694,uncertain,True,True
151757,2024-05,uncertain,2,0.01960749365389347,0.03479285165667534,0.9455996155738831,0.9455996155738831,uncertain,True,True
152476,2024-05,gov,0,0.944082498550415,0.01092514581978321,0.04499242082238197,0.944082498550415,gov,True,True
153190,2024-05,gov,0,0.5414984822273254,0.022593487054109573,0.4359080493450165,0.5414984822273254,gov,True,True
153191,2024-05,gov,0,0.9476262927055359,0.01106897834688425,0.04130475968122482,0.9476262927055359,gov,True,True
153192,2024-05,gov,0,0.8380757570266724,0.011744588613510132,0.15017959475517273,0.8380757570266724,gov,True,True
153193,2024-05,gov,0,0.8543599843978882,0.006306075025349855,0.1393338441848755,0.8543599843978882,gov,True,True
153196,2024-05,gov,0,0.7829053997993469,0.07248079776763916,0.1446138471364975,0.7829053997993469,gov,True,True
153197,2024-05,uncertain,2,0.057255495339632034,0.08512729406356812,0.8576172590255737,0.8576172590255737,uncertain,True,True
153910,2024-05,gov,0,0.6696383357048035,0.015217882581055164,0.31514373421669006,0.6696383357048035,gov,True,True
153911,2024-05,gov,0,0.9729995727539062,0.012902701273560524,0.014097738079726696,0.9729995727539062,gov,True,True
153912,2024-05,gov,0,0.8845406174659729,0.05977735295891762,0.05568205565214157,0.8845406174659729,gov,True,True
153913,2024-05,gov,0,0.9534099698066711,0.007600460201501846,0.03898954018950462,0.9534099698066711,gov,True,True
153914,2024-05,gov,0,0.8079176545143127,0.021875368431210518,0.1702069789171219,0.8079176545143127,gov,True,True
153915,2024-05,uncertain,2,0.06462510675191879,0.001980036264285445,0.9333948493003845,0.9333948493003845,uncertain,True,True
153916,2024-05,gov,0,0.6408986449241638,0.18063658475875854,0.17846471071243286,0.6408986449241638,gov,True,True
153917,2024-05,gov,0,0.6851931214332581,0.16984646022319794,0.14496034383773804,0.6851931214332581,opo,True,True
153918,2024-05,gov,0,0.6110605001449585,0.0870940238237381,0.3018455505371094,0.6110605001449585,gov,True,True
154630,2024-05,gov,0,0.9685068726539612,0.007241398096084595,0.024251705035567284,0.9685068726539612,gov,True,True
154631,2024-05,gov,0,0.9758343696594238,0.015060492791235447,0.009105140343308449,0.9758343696594238,gov,True,True
154632,2024-05,gov,0,0.9949786067008972,0.003871641354635358,0.001149635761976242,0.9949786067008972,gov,True,True
154633,2024-05,gov,0,0.9794522523880005,0.0067338342778384686,0.013813900761306286,0.9794522523880005,gov,True,True
154634,2024-05,gov,0,0.8836137056350708,0.019197236746549606,0.09718907624483109,0.8836137056350708,gov,True,True
154635,2024-05,uncertain,2,0.01236542034894228,0.0010719401761889458,0.9865626692771912,0.9865626692771912,uncertain,True,True
154636,2024-05,uncertain,2,0.05349253490567207,0.014733466319739819,0.9317740201950073,0.9317740201950073,uncertain,True,True
155351,2024-05,gov,0,0.9816903471946716,0.01260452251881361,0.005705184768885374,0.9816903471946716,gov,True,True
155352,2024-05,gov,0,0.9870395064353943,0.009875248186290264,0.0030853308271616697,0.9870395064353943,gov,True,True
155354,2024-05,uncertain,2,0.12431326508522034,0.06663798540830612,0.8090487122535706,0.8090487122535706,uncertain,True,True
156069,2024-05,gov,0,0.7632263898849487,0.2321256399154663,0.004647982772439718,0.7632263898849487,gov,True,True
156071,2024-05,gov,0,0.9973236322402954,0.0023087405133992434,0.00036759654176421463,0.9973236322402954,gov,True,True
156072,2024-05,gov,0,0.9207590222358704,0.052852027118206024,0.026389017701148987,0.9207590222358704,gov,True,True
156073,2024-05,gov,0,0.9356486797332764,0.0396672822535038,0.024684051051735878,0.9356486797332764,gov,True,True
156074,2024-05,gov,0,0.4565674960613251,0.3277449607849121,0.21568748354911804,0.4565674960613251,opo,True,True
156075,2024-05,uncertain,2,0.03264797851443291,0.12474078685045242,0.8426111936569214,0.8426111936569214,uncertain,True,True
156788,2024-05,gov,0,0.8623897433280945,0.07743731886148453,0.060172922909259796,0.8623897433280945,gov,True,True
156789,2024-05,gov,0,0.8668673634529114,0.10150901228189468,0.031623635441064835,0.8668673634529114,gov,True,True
156791,2024-05,gov,0,0.9651349186897278,0.030685266479849815,0.004179924726486206,0.9651349186897278,gov,True,True
156792,2024-05,gov,0,0.9057528376579285,0.011116369627416134,0.08313081413507462,0.9057528376579285,gov,True,True
156793,2024-05,uncertain,2,0.11255010962486267,0.0009781469125300646,0.8864718079566956,0.8864718079566956,uncertain,True,True
156794,2024-05,gov,0,0.5126626491546631,0.2839105427265167,0.2034268081188202,0.5126626491546631,gov,True,True
156795,2024-05,opo,1,0.00817581731826067,0.831291139125824,0.16053307056427002,0.831291139125824,opo,True,True
156796,2024-05,opo,1,0.018597489222884178,0.9540984034538269,0.027304112911224365,0.9540984034538269,opo,True,True
157508,2024-05,opo,1,0.02573368512094021,0.8986648917198181,0.07560139894485474,0.8986648917198181,opo,True,True
157510,2024-05,gov,0,0.9409221410751343,0.027836626395583153,0.031241171061992645,0.9409221410751343,gov,True,True
157511,2024-05,gov,0,0.916623592376709,0.06673954427242279,0.016636863350868225,0.916623592376709,gov,True,True
157513,2024-05,uncertain,2,0.007248236797749996,0.00021053374803159386,0.9925411939620972,0.9925411939620972,uncertain,True,True
157514,2024-05,uncertain,2,0.004383683670312166,0.01281784474849701,0.9827983975410461,0.9827983975410461,uncertain,True,True
157515,2024-05,uncertain,2,0.0038970336318016052,0.039191488176584244,0.9569114446640015,0.9569114446640015,uncertain,True,True
158229,2024-05,uncertain,2,0.08298010379076004,0.06628289073705673,0.8507369756698608,0.8507369756698608,uncertain,True,True
158231,2024-05,gov,0,0.9969411492347717,0.0013423198834061623,0.0017164587043225765,0.9969411492347717,gov,True,True
158233,2024-05,gov,0,0.7073640823364258,0.021532850340008736,0.2711031138896942,0.7073640823364258,gov,True,True
158235,2024-05,opo,1,0.04101145640015602,0.9365081787109375,0.022480381652712822,0.9365081787109375,opo,True,True
158236,2024-05,opo,1,0.010023534297943115,0.9843282699584961,0.005648186430335045,0.9843282699584961,opo,True,True
158237,2024-05,opo,1,0.0025915764272212982,0.9947572946548462,0.002651205053552985,0.9947572946548462,opo,True,True
158238,2024-05,opo,1,0.057043805718421936,0.917064905166626,0.02589128166437149,0.917064905166626,opo,True,True
158946,2024-05,gov,0,0.4385652542114258,0.41876962780952454,0.1426651030778885,0.4385652542114258,gov,True,True
158947,2024-05,opo,1,0.026963958516716957,0.9524625539779663,0.02057349495589733,0.9524625539779663,opo,True,True
158949,2024-05,gov,0,0.8649163842201233,0.03929248824715614,0.09579112380743027,0.8649163842201233,gov,True,True
158950,2024-05,gov,0,0.9907160997390747,0.0011809576535597444,0.008102983236312866,0.9907160997390747,gov,True,True
158951,2024-05,gov,0,0.9753040671348572,0.0037213508039712906,0.02097463421523571,0.9753040671348572,gov,True,True
158952,2024-05,gov,0,0.9790062308311462,0.015736734494566917,0.005257080774754286,0.9790062308311462,gov,True,True
158953,2024-05,gov,0,0.9291972517967224,0.03183692321181297,0.03896581009030342,0.9291972517967224,gov,True,True
158954,2024-05,gov,0,0.8943151235580444,0.09400409460067749,0.011680766008794308,0.8943151235580444,gov,True,True
158955,2024-05,gov,0,0.7741637229919434,0.2184782177209854,0.007358048111200333,0.7741637229919434,gov,True,True
158956,2024-05,gov,0,0.900898277759552,0.09717217832803726,0.0019295680103823543,0.900898277759552,gov,True,True
158957,2024-05,gov,0,0.97734534740448,0.018746288493275642,0.003908415790647268,0.97734534740448,gov,True,True
158958,2024-05,gov,0,0.9805930852890015,0.015665048733353615,0.00374178821220994,0.9805930852890015,gov,True,True
158960,2024-05,gov,0,0.847430944442749,0.027976879850029945,0.12459219992160797,0.847430944442749,gov,True,True
159665,2024-05,opo,1,0.09286917001008987,0.6420376300811768,0.2650931477546692,0.6420376300811768,opo,True,True
159666,2024-05,opo,1,0.003927824553102255,0.994676947593689,0.001395280472934246,0.994676947593689,opo,True,True
159667,2024-05,opo,1,0.010147844441235065,0.988526463508606,0.0013257099781185389,0.988526463508606,opo,True,True
159670,2024-05,gov,0,0.9276300668716431,0.007415218278765678,0.06495470553636551,0.9276300668716431,gov,True,True
159671,2024-05,gov,0,0.9930282235145569,0.004472024738788605,0.0024997733999043703,0.9930282235145569,gov,True,True
159672,2024-05,gov,0,0.9822614192962646,0.01058743055909872,0.007151059806346893,0.9822614192962646,gov,True,True
159673,2024-05,gov,0,0.9755064249038696,0.013431313447654247,0.01106226071715355,0.9755064249038696,gov,True,True
159674,2024-05,gov,0,0.9602214694023132,0.007322905585169792,0.03245558962225914,0.9602214694023132,gov,True,True
159675,2024-05,gov,0,0.9412040114402771,0.00895394291728735,0.04984206706285477,0.9412040114402771,gov,True,True
159676,2024-05,gov,0,0.9953072667121887,0.0033863363787531853,0.0013063112273812294,0.9953072667121887,gov,True,True
159679,2024-05,gov,0,0.9429941177368164,0.03913383558392525,0.01787199079990387,0.9429941177368164,gov,True,True
159680,2024-05,gov,0,0.8591823577880859,0.033531323075294495,0.10728634148836136,0.8591823577880859,gov,True,True
160386,2024-05,opo,1,0.013004683889448643,0.9585829377174377,0.028412362560629845,0.9585829377174377,opo,True,True
160388,2024-05,uncertain,2,0.013068096712231636,0.025731658563017845,0.9612002372741699,0.9612002372741699,uncertain,True,True
160389,2024-05,uncertain,2,0.004666124004870653,0.0025591838639229536,0.9927747249603271,0.9927747249603271,uncertain,True,True
160390,2024-05,uncertain,2,0.053024958819150925,0.01782304421067238,0.9291519522666931,0.9291519522666931,uncertain,True,True
160391,2024-05,gov,0,0.8386895656585693,0.07491444051265717,0.08639605343341827,0.8386895656585693,gov,True,True
160392,2024-05,gov,0,0.9783157110214233,0.012872004881501198,0.008812296204268932,0.9783157110214233,gov,True,True
160393,2024-05,gov,0,0.9308015704154968,0.040976814925670624,0.02822166495025158,0.9308015704154968,gov,True,True
160394,2024-05,gov,0,0.9822028875350952,0.00561399944126606,0.01218311209231615,0.9822028875350952,gov,True,True
160396,2024-05,gov,0,0.9937908053398132,0.00156555010471493,0.0046436903066933155,0.9937908053398132,gov,True,True
160397,2024-05,gov,0,0.9936343431472778,0.0028383967000991106,0.0035272305831313133,0.9936343431472778,gov,True,True
160399,2024-05,gov,0,0.9418790340423584,0.04640033841133118,0.011720666661858559,0.9418790340423584,gov,True,True
160400,2024-05,gov,0,0.8989617824554443,0.038461558520793915,0.06257665157318115,0.8989617824554443,gov,True,True
161107,2024-05,uncertain,2,0.06839074939489365,0.1455375850200653,0.7860715985298157,0.7860715985298157,uncertain,True,True
161109,2024-05,uncertain,2,0.005047963000833988,0.000318057689582929,0.9946340322494507,0.9946340322494507,uncertain,True,True
161110,2024-05,gov,0,0.5273546576499939,0.00816369242966175,0.4644816815853119,0.5273546576499939,gov,True,True
161111,2024-05,gov,0,0.9542145729064941,0.0020690076053142548,0.04371640458703041,0.9542145729064941,gov,True,True
161112,2024-05,gov,0,0.9874890446662903,0.0010884379735216498,0.011422565206885338,0.9874890446662903,gov,True,True
161113,2024-05,gov,0,0.9817471504211426,0.01253663469105959,0.005716230254620314,0.9817471504211426,gov,True,True
161116,2024-05,gov,0,0.9366382360458374,0.0032938693184405565,0.060067880898714066,0.9366382360458374,gov,True,True
161117,2024-05,gov,0,0.8112738132476807,0.07454468309879303,0.11418154090642929,0.8112738132476807,gov,True,True
161118,2024-05,opo,1,0.20529450476169586,0.7864331007003784,0.008272402919828892,0.7864331007003784,opo,True,True
161119,2024-05,gov,0,0.5330735445022583,0.4378247559070587,0.029101712629199028,0.5330735445022583,gov,True,True
161120,2024-05,gov,0,0.8574904799461365,0.08423145115375519,0.05827803537249565,0.8574904799461365,gov,True,True
161827,2024-05,opo,1,0.01154214609414339,0.9562553763389587,0.03220241144299507,0.9562553763389587,opo,True,True
161829,2024-05,uncertain,2,0.0027876237872987986,0.007590985856950283,0.9896212816238403,0.9896212816238403,uncertain,True,True
161830,2024-05,uncertain,2,0.03328981250524521,0.04491086304187775,0.9217993021011353,0.9217993021011353,uncertain,True,True
161831,2024-05,uncertain,2,0.06192832067608833,0.006490110419690609,0.9315815567970276,0.9315815567970276,uncertain,True,True
161832,2024-05,uncertain,2,0.12949801981449127,0.009969069622457027,0.8605328798294067,0.8605328798294067,uncertain,True,True
161833,2024-05,gov,0,0.726720929145813,0.17347440123558044,0.09980470687150955,0.726720929145813,gov,True,True
161837,2024-05,gov,0,0.49598294496536255,0.45441943407058716,0.0495976097881794,0.49598294496536255,gov,True,True
161839,2024-05,opo,1,0.016363870352506638,0.981999397277832,0.0016367794014513493,0.981999397277832,opo,True,True
162547,2024-05,opo,1,0.0014013221953064203,0.9983029365539551,0.0002956897660624236,0.9983029365539551,opo,True,True
162548,2024-05,uncertain,2,0.0034781673457473516,0.03618868067860603,0.9603331685066223,0.9603331685066223,uncertain,True,True
162549,2024-05,uncertain,2,0.003361849579960108,0.009799853898584843,0.9868382811546326,0.9868382811546326,uncertain,True,True
162550,2024-05,opo,1,0.05679124966263771,0.8145070672035217,0.12870176136493683,0.8145070672035217,opo,True,True
162551,2024-05,uncertain,2,0.06367971003055573,0.15184517204761505,0.7844750881195068,0.7844750881195068,uncertain,True,True
162552,2024-05,gov,0,0.7082378268241882,0.18204551935195923,0.10971662402153015,0.7082378268241882,gov,True,True
162554,2024-05,gov,0,0.9328582882881165,0.020702771842479706,0.04643894359469414,0.9328582882881165,gov,True,True
162555,2024-05,gov,0,0.8502025008201599,0.0020393964368849993,0.14775806665420532,0.8502025008201599,gov,True,True
162556,2024-05,gov,0,0.7952892184257507,0.002271448029205203,0.20243938267230988,0.7952892184257507,gov,True,True
162558,2024-05,opo,1,0.006271314807236195,0.9920527935028076,0.0016759028658270836,0.9920527935028076,opo,True,True
162559,2024-05,opo,1,0.003166020615026355,0.9944913387298584,0.0023426234256476164,0.9944913387298584,opo,True,True
163267,2024-05,opo,1,0.006341212894767523,0.9894388318061829,0.004219995345920324,0.9894388318061829,opo,True,True
163268,2024-05,opo,1,0.005379829555749893,0.7931008338928223,0.20151929557323456,0.7931008338928223,opo,True,True
163269,2024-05,uncertain,2,0.016359295696020126,0.03582560643553734,0.9478151798248291,0.9478151798248291,uncertain,True,True
163271,2024-05,opo,1,0.012131718918681145,0.9313401579856873,0.056528083980083466,0.9313401579856873,opo,True,True
163272,2024-05,uncertain,2,0.03032705932855606,0.27508991956710815,0.694582998752594,0.694582998752594,uncertain,True,True
163274,2024-05,uncertain,2,0.30767542123794556,0.020973127335309982,0.6713514924049377,0.6713514924049377,gov,True,True
163275,2024-05,uncertain,2,0.12516523897647858,7.992269092937931e-05,0.8747549057006836,0.8747549057006836,uncertain,True,True
163276,2024-05,uncertain,2,0.02430698834359646,8.991971117211506e-05,0.9756031036376953,0.9756031036376953,uncertain,True,True
163278,2024-05,opo,1,0.07651834189891815,0.9183247089385986,0.005156933329999447,0.9183247089385986,opo,True,True
163988,2024-05,opo,1,0.12543384730815887,0.8517968654632568,0.022769290953874588,0.8517968654632568,opo,True,True
163989,2024-05,gov,0,0.6693745255470276,0.10287338495254517,0.22775214910507202,0.6693745255470276,gov,True,True
163992,2024-05,gov,0,0.5266520977020264,0.28494033217430115,0.18840757012367249,0.5266520977020264,gov,True,True
163993,2024-05,uncertain,2,0.11682753264904022,0.06148655340075493,0.8216859102249146,0.8216859102249146,uncertain,True,True
163996,2024-05,gov,0,0.8140522241592407,0.020290598273277283,0.16565711796283722,0.8140522241592407,gov,True,True
163998,2024-05,gov,0,0.9856722354888916,0.012052121572196484,0.0022756520193070173,0.9856722354888916,gov,True,True
164709,2024-05,uncertain,2,0.042662929743528366,0.03789743781089783,0.9194396734237671,0.9194396734237671,uncertain,True,True
164710,2024-05,gov,0,0.7607330083847046,0.1790529042482376,0.06021406874060631,0.7607330083847046,gov,True,True
164711,2024-05,gov,0,0.6473723649978638,0.236800879240036,0.11582683771848679,0.6473723649978638,gov,True,True
164712,2024-05,gov,0,0.668822705745697,0.24178650975227356,0.08939072489738464,0.668822705745697,gov,True,True
164713,2024-05,gov,0,0.7178550958633423,0.016780050471425056,0.2653648257255554,0.7178550958633423,gov,True,True
164714,2024-05,uncertain,2,0.11984485387802124,0.01785011775791645,0.8623050451278687,0.8623050451278687,uncertain,True,True
164715,2024-05,opo,1,0.028067121282219887,0.9335747361183167,0.038358140736818314,0.9335747361183167,opo,True,True
164716,2024-05,opo,1,0.009801005944609642,0.9830001592636108,0.007198809180408716,0.9830001592636108,opo,True,True
165430,2024-05,opo,1,0.16509795188903809,0.7799171805381775,0.05498494952917099,0.7799171805381775,opo,True,True
165433,2024-05,uncertain,2,0.293641060590744,0.06042513623833656,0.6459337472915649,0.6459337472915649,uncertain,True,True
165435,2024-05,opo,1,0.0028452002443373203,0.9933538436889648,0.0038009246345609426,0.9933538436889648,opo,True,True
165436,2024-05,opo,1,0.032296109944581985,0.9415139555931091,0.02618994377553463,0.9415139555931091,opo,True,True
166150,2024-05,gov,0,0.8225057125091553,0.09357085078954697,0.08392345905303955,0.8225057125091553,gov,True,True
166152,2024-05,opo,1,0.253237783908844,0.6689786314964294,0.07778357714414597,0.6689786314964294,opo,True,True
166154,2024-05,opo,1,0.4647093713283539,0.4714527130126953,0.0638379380106926,0.4714527130126953,gov,True,True
166155,2024-05,opo,1,0.0218360498547554,0.9739741086959839,0.0041898214258253574,0.9739741086959839,opo,True,True
166873,2024-05,uncertain,2,0.16528885066509247,0.07644271105527878,0.758268415927887,0.758268415927887,uncertain,True,True
166876,2024-05,opo,1,0.010499452240765095,0.9800987243652344,0.009401869028806686,0.9800987243652344,opo,True,True
166877,2024-05,opo,1,0.0553114078938961,0.9245028495788574,0.020185766741633415,0.9245028495788574,opo,True,True
167591,2024-05,gov,0,0.912097692489624,0.04544646665453911,0.042455919086933136,0.912097692489624,gov,True,True
167592,2024-05,gov,0,0.9076611399650574,0.028918741270899773,0.0634201392531395,0.9076611399650574,gov,True,True
167594,2024-05,opo,1,0.08568372577428818,0.7563877701759338,0.1579284816980362,0.7563877701759338,opo,True,True
167597,2024-05,opo,1,0.14903844892978668,0.8212489485740662,0.02971256524324417,0.8212489485740662,gov,True,True
168313,2024-05,gov,0,0.8326674103736877,0.02159007638692856,0.1457424908876419,0.8326674103736877,gov,True,True
168316,2024-05,opo,1,0.06681570410728455,0.9170986413955688,0.016085654497146606,0.9170986413955688,opo,True,True
169035,2024-05,uncertain,2,0.19769960641860962,0.05329527705907822,0.749005138874054,0.749005138874054,uncertain,True,True
169036,2024-05,gov,0,0.8316019177436829,0.08447432518005371,0.08392377942800522,0.8316019177436829,gov,True,True
169037,2024-05,gov,0,0.9700351357460022,0.014184290543198586,0.015780556946992874,0.9700351357460022,gov,True,True
169756,2024-05,gov,0,0.9622461795806885,0.018661484122276306,0.019092299044132233,0.9622461795806885,gov,True,True
143838,2024-06,gov,0,0.8676945567131042,0.052647799253463745,0.07965762168169022,0.8676945567131042,gov,True,True
145998,2024-06,gov,0,0.9126746654510498,0.025333836674690247,0.061991553753614426,0.9126746654510498,gov,True,True
147437,2024-06,gov,0,0.9370558261871338,0.004786570090800524,0.05815757066011429,0.9370558261871338,gov,True,True
147438,2024-06,gov,0,0.7705889940261841,0.0076228054240345955,0.22178815305233002,0.7705889940261841,gov,True,True
147439,2024-06,uncertain,2,0.22996287047863007,0.011266183108091354,0.7587708830833435,0.7587708830833435,uncertain,True,True
148158,2024-06,uncertain,2,0.11872915923595428,0.005315461196005344,0.87595534324646,0.87595534324646,uncertain,True,True
149597,2024-06,uncertain,2,0.01932845450937748,0.0035929393488913774,0.9770786166191101,0.9770786166191101,uncertain,True,True
150307,2024-06,gov,0,0.8477280139923096,0.033783961087465286,0.11848802119493484,0.8477280139923096,gov,True,True
150317,2024-06,uncertain,2,0.03783367574214935,0.01407881174236536,0.9480875134468079,0.9480875134468079,uncertain,True,True
151756,2024-06,uncertain,2,0.11599214375019073,0.008055624552071095,0.8759521842002869,0.8759521842002869,uncertain,True,True
151757,2024-06,uncertain,2,0.01631297543644905,0.007611751090735197,0.976075291633606,0.976075291633606,uncertain,True,True
152476,2024-06,gov,0,0.8931970000267029,0.006614213809370995,0.10018884390592575,0.8931970000267029,gov,True,True
153190,2024-06,gov,0,0.8717560172080994,0.01367421355098486,0.11456981301307678,0.8717560172080994,gov,True,True
153191,2024-06,gov,0,0.9323846697807312,0.020993094891309738,0.04662220552563667,0.9323846697807312,gov,True,True
153192,2024-06,gov,0,0.8855741024017334,0.011345130391418934,0.10308068990707397,0.8855741024017334,gov,True,True
153193,2024-06,gov,0,0.9542964100837708,0.0029805100057274103,0.04272300377488136,0.9542964100837708,gov,True,True
153196,2024-06,gov,0,0.9449062347412109,0.012189286760985851,0.04290447011590004,0.9449062347412109,gov,True,True
153197,2024-06,uncertain,2,0.09896650165319443,0.009139238856732845,0.8918942809104919,0.8918942809104919,uncertain,True,True
153910,2024-06,gov,0,0.9328910708427429,0.019756821915507317,0.04735208675265312,0.9328910708427429,gov,True,True
153911,2024-06,gov,0,0.9388237595558167,0.033317115157842636,0.02785913087427616,0.9388237595558167,gov,True,True
153912,2024-06,gov,0,0.8225110769271851,0.1363016813993454,0.041187215596437454,0.8225110769271851,gov,True,True
153913,2024-06,gov,0,0.8877026438713074,0.06546001881361008,0.046837277710437775,0.8877026438713074,gov,True,True
153914,2024-06,gov,0,0.7924312949180603,0.04378930851817131,0.1637793630361557,0.7924312949180603,gov,True,True
153915,2024-06,uncertain,2,0.20694422721862793,0.007156197912991047,0.7858995199203491,0.7858995199203491,uncertain,True,True
153916,2024-06,gov,0,0.9161992073059082,0.03213846683502197,0.05166234076023102,0.9161992073059082,gov,True,True
153917,2024-06,gov,0,0.8473654389381409,0.017277682200074196,0.1353568583726883,0.8473654389381409,gov,True,True
153918,2024-06,gov,0,0.7834185361862183,0.034632399678230286,0.18194913864135742,0.7834185361862183,gov,True,True
154630,2024-06,gov,0,0.9865207672119141,0.0029866511467844248,0.010492644272744656,0.9865207672119141,gov,True,True
154631,2024-06,gov,0,0.9903160929679871,0.0032825160305947065,0.0064014531672000885,0.9903160929679871,gov,True,True
154632,2024-06,gov,0,0.9944532513618469,0.002194758038967848,0.0033519261050969362,0.9944532513618469,gov,True,True
154633,2024-06,gov,0,0.9698991179466248,0.010593847371637821,0.019506998360157013,0.9698991179466248,gov,True,True
154634,2024-06,gov,0,0.9101738333702087,0.018987886607646942,0.07083828747272491,0.9101738333702087,gov,True,True
154635,2024-06,uncertain,2,0.023954937234520912,0.0012481980957090855,0.9747968912124634,0.9747968912124634,uncertain,True,True
154636,2024-06,uncertain,2,0.16595657169818878,0.025142326951026917,0.8089011311531067,0.8089011311531067,uncertain,True,True
155351,2024-06,gov,0,0.9918330907821655,0.001983552472665906,0.006183425430208445,0.9918330907821655,gov,True,True
155352,2024-06,gov,0,0.9850972890853882,0.005303227808326483,0.009599416516721249,0.9850972890853882,gov,True,True
155354,2024-06,uncertain,2,0.005810610018670559,0.0018430339405313134,0.9923462867736816,0.9923462867736816,uncertain,True,True
156069,2024-06,gov,0,0.8545288443565369,0.13690245151519775,0.008568713441491127,0.8545288443565369,gov,True,True
156071,2024-06,gov,0,0.9964877367019653,0.002786911092698574,0.0007253612857311964,0.9964877367019653,gov,True,True
156072,2024-06,gov,0,0.9448673725128174,0.009802514687180519,0.04533005878329277,0.9448673725128174,gov,True,True
156073,2024-06,gov,0,0.8388249278068542,0.0066044945269823074,0.1545705944299698,0.8388249278068542,gov,True,True
156074,2024-06,uncertain,2,0.047401778399944305,0.0023695281706750393,0.950228750705719,0.950228750705719,uncertain,True,True
156075,2024-06,uncertain,2,0.017742814496159554,0.02064342610538006,0.9616137742996216,0.9616137742996216,uncertain,True,True
156788,2024-06,gov,0,0.8340849280357361,0.048469968140125275,0.11744508147239685,0.8340849280357361,gov,True,True
156789,2024-06,gov,0,0.860968828201294,0.1204880028963089,0.0185431819409132,0.860968828201294,gov,True,True
156791,2024-06,gov,0,0.9444596767425537,0.035295743495225906,0.020244527608156204,0.9444596767425537,gov,True,True
156792,2024-06,gov,0,0.8693026304244995,0.009015542455017567,0.12168185412883759,0.8693026304244995,gov,True,True
156793,2024-06,uncertain,2,0.04212723672389984,0.00018167388043366373,0.9576911330223083,0.9576911330223083,uncertain,True,True
156794,2024-06,gov,0,0.7203266024589539,0.0601164847612381,0.21955692768096924,0.7203266024589539,gov,True,True
156795,2024-06,opo,1,0.002744377125054598,0.9903558492660522,0.0068997773341834545,0.9903558492660522,opo,True,True
156796,2024-06,opo,1,0.02252304181456566,0.9740661382675171,0.003410809673368931,0.9740661382675171,opo,True,True
157508,2024-06,uncertain,2,0.39188849925994873,0.024083079770207405,0.584028422832489,0.584028422832489,uncertain,True,True
157510,2024-06,gov,0,0.9510179758071899,0.04533044621348381,0.0036515549290925264,0.9510179758071899,gov,True,True
157511,2024-06,gov,0,0.9228460788726807,0.04617855325341225,0.03097531385719776,0.9228460788726807,gov,True,True
157513,2024-06,uncertain,2,0.018476368859410286,0.0008062933920882642,0.9807173609733582,0.9807173609733582,uncertain,True,True
157514,2024-06,uncertain,2,0.0030147098004817963,0.013990925624966621,0.9829943180084229,0.9829943180084229,uncertain,True,True
157515,2024-06,opo,1,0.006709502078592777,0.9462501406669617,0.047040313482284546,0.9462501406669617,opo,True,True
158229,2024-06,uncertain,2,0.23601482808589935,0.011759866029024124,0.7522252798080444,0.7522252798080444,uncertain,True,True
158231,2024-06,gov,0,0.9685536026954651,0.019807856529951096,0.011638514697551727,0.9685536026954651,gov,True,True
158233,2024-06,gov,0,0.6000543236732483,0.07341598719358444,0.32652971148490906,0.6000543236732483,gov,True,True
158235,2024-06,opo,1,0.007972516119480133,0.9683176279067993,0.02370990626513958,0.9683176279067993,opo,True,True
158236,2024-06,opo,1,0.026568584144115448,0.9509425759315491,0.022488849237561226,0.9509425759315491,opo,True,True
158237,2024-06,opo,1,0.029294144362211227,0.9625934362411499,0.008112406358122826,0.9625934362411499,opo,True,True
158238,2024-06,opo,1,0.07677032798528671,0.8881902694702148,0.03503943607211113,0.8881902694702148,opo,True,True
158946,2024-06,gov,0,0.47834187746047974,0.37258365750312805,0.14907443523406982,0.47834187746047974,gov,True,True
158947,2024-06,opo,1,0.03277670219540596,0.9357341527938843,0.03148915246129036,0.9357341527938843,opo,True,True
158949,2024-06,gov,0,0.866628110408783,0.05393277108669281,0.07943922281265259,0.866628110408783,gov,True,True
158950,2024-06,gov,0,0.9721953272819519,0.004888736177235842,0.0229159127920866,0.9721953272819519,gov,True,True
158951,2024-06,gov,0,0.9560866951942444,0.026484323665499687,0.0174289271235466,0.9560866951942444,gov,True,True
158952,2024-06,gov,0,0.8916972279548645,0.04953422397375107,0.05876854062080383,0.8916972279548645,gov,True,True
158953,2024-06,gov,0,0.861214280128479,0.03796423599123955,0.10082147270441055,0.861214280128479,gov,True,True
158954,2024-06,gov,0,0.7357473373413086,0.21173302829265594,0.05251958593726158,0.7357473373413086,gov,True,True
158955,2024-06,opo,1,0.4088330864906311,0.5505475997924805,0.04061932861804962,0.5505475997924805,opo,True,True
158956,2024-06,gov,0,0.8621528148651123,0.1289624571800232,0.008884708397090435,0.8621528148651123,gov,True,True
158957,2024-06,gov,0,0.9506049752235413,0.03943486139178276,0.009960069321095943,0.9506049752235413,gov,True,True
158958,2024-06,gov,0,0.9463838338851929,0.04086659848690033,0.01274950709193945,0.9463838338851929,gov,True,True
158960,2024-06,gov,0,0.7844327688217163,0.03516913205385208,0.18039801716804504,0.7844327688217163,gov,True,True
159665,2024-06,opo,1,0.2820921540260315,0.5857555866241455,0.132152259349823,0.5857555866241455,opo,True,True
159666,2024-06,opo,1,0.012616999447345734,0.9859043955802917,0.001478552701883018,0.9859043955802917,opo,True,True
159667,2024-06,opo,1,0.002798322821035981,0.9966187477111816,0.0005828590947203338,0.9966187477111816,opo,True,True
159668,2024-06,opo,1,0.041327446699142456,0.9177901148796082,0.040882423520088196,0.9177901148796082,opo,True,True
159670,2024-06,gov,0,0.9169039130210876,0.0038207080215215683,0.07927541434764862,0.9169039130210876,gov,True,True
159671,2024-06,gov,0,0.9862822890281677,0.00123908172827214,0.012478564865887165,0.9862822890281677,gov,True,True
159672,2024-06,gov,0,0.9530379772186279,0.003169640665873885,0.04379233717918396,0.9530379772186279,gov,True,True
159673,2024-06,gov,0,0.8693898320198059,0.017842480912804604,0.11276769638061523,0.8693898320198059,gov,True,True
159674,2024-06,gov,0,0.944403886795044,0.00447905482724309,0.05111701041460037,0.944403886795044,gov,True,True
159675,2024-06,gov,0,0.9239804744720459,0.006714284420013428,0.06930533796548843,0.9239804744720459,gov,True,True
159676,2024-06,gov,0,0.9924404621124268,0.003330627689138055,0.004228954203426838,0.9924404621124268,gov,True,True
159679,2024-06,gov,0,0.8974205255508423,0.06368910521268845,0.03889035806059837,0.8974205255508423,gov,True,True
159680,2024-06,gov,0,0.8654636740684509,0.034610409289598465,0.09992591291666031,0.8654636740684509,gov,True,True
160386,2024-06,opo,1,0.011903769336640835,0.9849217534065247,0.0031745368614792824,0.9849217534065247,opo,True,True
160388,2024-06,uncertain,2,0.02058272436261177,0.07536597549915314,0.9040513038635254,0.9040513038635254,uncertain,True,True
160389,2024-06,uncertain,2,0.02849755808711052,0.01152835413813591,0.9599741101264954,0.9599741101264954,uncertain,True,True
160390,2024-06,uncertain,2,0.16105693578720093,0.013653851114213467,0.8252891898155212,0.8252891898155212,uncertain,True,True
160391,2024-06,uncertain,2,0.440903902053833,0.0009280102676711977,0.5581680536270142,0.5581680536270142,gov,True,True
160392,2024-06,gov,0,0.9130028486251831,0.00034661756944842637,0.08665047585964203,0.9130028486251831,gov,True,True
160393,2024-06,gov,0,0.9347233176231384,0.0011139228008687496,0.0641627088189125,0.9347233176231384,gov,True,True
160394,2024-06,gov,0,0.9493308067321777,0.000747217214666307,0.049921952188014984,0.9493308067321777,gov,True,True
160396,2024-06,gov,0,0.9596572518348694,0.010155347175896168,0.03018740937113762,0.9596572518348694,gov,True,True
160397,2024-06,gov,0,0.9500662684440613,0.03146500885486603,0.018468769267201424,0.9500662684440613,gov,True,True
160399,2024-06,gov,0,0.908994734287262,0.06546494364738464,0.025540292263031006,0.908994734287262,gov,True,True
160400,2024-06,gov,0,0.9085386395454407,0.026007672771811485,0.06545373797416687,0.9085386395454407,gov,True,True
161107,2024-06,opo,1,0.05178273469209671,0.9202093482017517,0.028007961809635162,0.9202093482017517,opo,True,True
161109,2024-06,uncertain,2,0.0022055443841964006,0.00036000332329422235,0.9974344372749329,0.9974344372749329,uncertain,True,True
161110,2024-06,gov,0,0.7335559129714966,0.01261634100228548,0.2538277208805084,0.7335559129714966,gov,True,True
161111,2024-06,gov,0,0.6134836077690125,0.002940382808446884,0.38357603549957275,0.6134836077690125,gov,True,True
161112,2024-06,gov,0,0.9206417798995972,0.0009339245734736323,0.07842430472373962,0.9206417798995972,gov,True,True
161113,2024-06,gov,0,0.9716299772262573,0.016485290601849556,0.011884857900440693,0.9716299772262573,gov,True,True
161116,2024-06,gov,0,0.8594334721565247,0.029692575335502625,0.1108739823102951,0.8594334721565247,gov,True,True
161117,2024-06,gov,0,0.7470538020133972,0.16311335563659668,0.08983287215232849,0.7470538020133972,gov,True,True
161118,2024-06,opo,1,0.14934468269348145,0.8442770838737488,0.006378214806318283,0.8442770838737488,opo,True,True
161119,2024-06,opo,1,0.3590545654296875,0.6204126477241516,0.020532799884676933,0.6204126477241516,gov,True,True
161120,2024-06,gov,0,0.8506233096122742,0.07550368458032608,0.07387305796146393,0.8506233096122742,gov,True,True
161827,2024-06,opo,1,0.01754041574895382,0.9741864800453186,0.008273082785308361,0.9741864800453186,opo,True,True
161829,2024-06,uncertain,2,0.0011169170029461384,0.002598894527181983,0.9962843060493469,0.9962843060493469,uncertain,True,True
161830,2024-06,uncertain,2,0.01241933461278677,0.03830179199576378,0.9492789506912231,0.9492789506912231,uncertain,True,True
161831,2024-06,uncertain,2,0.05510527268052101,0.009163912385702133,0.9357308149337769,0.9357308149337769,uncertain,True,True
161832,2024-06,uncertain,2,0.03228917717933655,0.03642314672470093,0.9312876462936401,0.9312876462936401,uncertain,True,True
161833,2024-06,opo,1,0.07177390903234482,0.8696033954620361,0.05862267687916756,0.8696033954620361,opo,True,True
161834,2024-06,opo,1,0.017026200890541077,0.927804172039032,0.055169615894556046,0.927804172039032,opo,True,True
161837,2024-06,gov,0,0.49907931685447693,0.466602623462677,0.034318096935749054,0.49907931685447693,gov,True,True
161839,2024-06,opo,1,0.05159401521086693,0.9462512135505676,0.002154761692509055,0.9462512135505676,opo,True,True
162547,2024-06,opo,1,0.03314366936683655,0.9646061658859253,0.002250104211270809,0.9646061658859253,opo,True,True
162548,2024-06,uncertain,2,0.010533994995057583,0.019963698461651802,0.969502329826355,0.969502329826355,uncertain,True,True
162549,2024-06,uncertain,2,0.008725740946829319,0.007111856713891029,0.9841623306274414,0.9841623306274414,uncertain,True,True
162550,2024-06,opo,1,0.08597216010093689,0.8354222774505615,0.0786055251955986,0.8354222774505615,opo,True,True
162551,2024-06,uncertain,2,0.056725941598415375,0.028405964374542236,0.9148681163787842,0.9148681163787842,uncertain,True,True
162552,2024-06,uncertain,2,0.33436596393585205,0.09980231523513794,0.56583172082901,0.56583172082901,gov,True,True
162554,2024-06,uncertain,2,0.1814631223678589,0.06709842383861542,0.7514384388923645,0.7514384388923645,uncertain,True,True
162555,2024-06,gov,0,0.49936047196388245,0.008980142883956432,0.4916594326496124,0.49936047196388245,gov,True,True
162556,2024-06,gov,0,0.8535603284835815,0.02633291855454445,0.1201067566871643,0.8535603284835815,gov,True,True
162558,2024-06,opo,1,0.006544832140207291,0.9910139441490173,0.0024412183556705713,0.9910139441490173,opo,True,True
162559,2024-06,opo,1,0.01977776549756527,0.958911657333374,0.02131057344377041,0.958911657333374,opo,True,True
163267,2024-06,opo,1,0.01638583466410637,0.9819098711013794,0.001704324153251946,0.9819098711013794,opo,True,True
163268,2024-06,uncertain,2,0.004018227569758892,0.024615582078695297,0.9713662266731262,0.9713662266731262,uncertain,True,True
163269,2024-06,uncertain,2,0.06087683141231537,0.005692495033144951,0.9334306716918945,0.9334306716918945,uncertain,True,True
163271,2024-06,gov,0,0.8876569867134094,0.0009102149633690715,0.11143281310796738,0.8876569867134094,gov,True,True
163272,2024-06,uncertain,2,0.018926767632365227,0.00042930952622555196,0.9806439876556396,0.9806439876556396,uncertain,True,True
163274,2024-06,uncertain,2,0.3939068913459778,0.01113707572221756,0.5949559807777405,0.5949559807777405,gov,True,True
163275,2024-06,uncertain,2,0.017237979918718338,0.00031110079726204276,0.9824509024620056,0.9824509024620056,uncertain,True,True
163276,2024-06,uncertain,2,0.08761511743068695,0.0009733958868309855,0.9114115238189697,0.9114115238189697,uncertain,True,True
163278,2024-06,opo,1,0.08733554929494858,0.8997343182563782,0.01293017715215683,0.8997343182563782,opo,True,True
163988,2024-06,opo,1,0.1531786173582077,0.814492404460907,0.03232894837856293,0.814492404460907,opo,True,True
163989,2024-06,gov,0,0.5872652530670166,0.11786383390426636,0.2948709726333618,0.5872652530670166,gov,True,True
163992,2024-06,gov,0,0.6656497120857239,0.006714756600558758,0.3276355564594269,0.6656497120857239,gov,True,True
163993,2024-06,uncertain,2,0.09963705390691757,0.017369739711284637,0.882993221282959,0.882993221282959,uncertain,True,True
163996,2024-06,gov,0,0.789955735206604,0.06079412251710892,0.14925014972686768,0.789955735206604,gov,True,True
163998,2024-06,gov,0,0.933673083782196,0.05211934819817543,0.014207503758370876,0.933673083782196,gov,True,True
164709,2024-06,uncertain,2,0.18948431313037872,0.005857300478965044,0.8046582937240601,0.8046582937240601,uncertain,True,True
164710,2024-06,gov,0,0.7912667989730835,0.037919849157333374,0.17081338167190552,0.7912667989730835,gov,True,True
164711,2024-06,gov,0,0.8794525265693665,0.09414331614971161,0.026404116302728653,0.8794525265693665,gov,True,True
164712,2024-06,gov,0,0.9220399856567383,0.056637272238731384,0.02132277563214302,0.9220399856567383,gov,True,True
164713,2024-06,gov,0,0.6162521839141846,0.013233168981969357,0.3705146908760071,0.6162521839141846,gov,True,True
164714,2024-06,uncertain,2,0.04349365457892418,0.004429473541676998,0.9520769119262695,0.9520769119262695,uncertain,True,True
164715,2024-06,uncertain,2,0.04020886495709419,0.09684592485427856,0.8629451394081116,0.8629451394081116,uncertain,True,True
164716,2024-06,opo,1,0.005449220072478056,0.9803518652915955,0.014198907651007175,0.9803518652915955,opo,True,True
165430,2024-06,gov,0,0.7564148902893066,0.11007457226514816,0.1335105448961258,0.7564148902893066,gov,True,True
165433,2024-06,uncertain,2,0.0646524429321289,0.014644474722445011,0.920703113079071,0.920703113079071,uncertain,True,True
165435,2024-06,opo,1,0.008286039344966412,0.6504369974136353,0.3412769138813019,0.6504369974136353,opo,True,True
165436,2024-06,opo,1,0.000653900729957968,0.9989485144615173,0.00039756554178893566,0.9989485144615173,opo,True,True
166150,2024-06,gov,0,0.8600476384162903,0.10350074619054794,0.036451555788517,0.8600476384162903,gov,True,True
166152,2024-06,opo,1,0.1275605857372284,0.8484258055686951,0.02401362545788288,0.8484258055686951,opo,True,True
166154,2024-06,uncertain,2,0.20962706208229065,0.05981777235865593,0.7305551767349243,0.7305551767349243,gov,True,True
166155,2024-06,uncertain,2,0.026616666465997696,0.2365756630897522,0.736807644367218,0.736807644367218,uncertain,True,True
166156,2024-06,opo,1,0.004987743217498064,0.9934312701225281,0.0015809573233127594,0.9934312701225281,opo,True,True
166873,2024-06,uncertain,2,0.13914652168750763,0.03557457774877548,0.8252789378166199,0.8252789378166199,uncertain,True,True
166876,2024-06,opo,1,0.0672718733549118,0.9057066440582275,0.027021506801247597,0.9057066440582275,opo,True,True
166877,2024-06,opo,1,0.41124236583709717,0.4301203489303589,0.15863730013370514,0.4301203489303589,gov,True,True
167591,2024-06,gov,0,0.9891765713691711,0.0012411567149683833,0.009582395665347576,0.9891765713691711,gov,True,True
167592,2024-06,gov,0,0.987255334854126,0.0036415772046893835,0.009103097021579742,0.987255334854126,gov,True,True
167594,2024-06,uncertain,2,0.35695570707321167,0.0715009942650795,0.5715432167053223,0.5715432167053223,uncertain,True,True
167597,2024-06,gov,0,0.8052634596824646,0.16332876682281494,0.03140784427523613,0.8052634596824646,gov,True,True
168313,2024-06,gov,0,0.8996730446815491,0.011162190698087215,0.08916477113962173,0.8996730446815491,gov,True,True
168316,2024-06,opo,1,0.1586998850107193,0.7554779648780823,0.08582213521003723,0.7554779648780823,opo,True,True
169035,2024-06,uncertain,2,0.07617691159248352,0.01129805576056242,0.9125249981880188,0.9125249981880188,uncertain,True,True
169036,2024-06,gov,0,0.8454525470733643,0.058146823197603226,0.09640064835548401,0.8454525470733643,gov,True,True
169037,2024-06,gov,0,0.9857053756713867,0.0064984033815562725,0.007796209771186113,0.9857053756713867,gov,True,True
169756,2024-06,gov,0,0.9658027291297913,0.007921434938907623,0.0262757558375597,0.9658027291297913,gov,True,True
143838,2024-07,gov,0,0.8978411555290222,0.04530276358127594,0.05685603991150856,0.8978411555290222,gov,True,True
145998,2024-07,gov,0,0.8962076902389526,0.02622879482805729,0.07756341248750687,0.8962076902389526,gov,True,True
147437,2024-07,gov,0,0.910283088684082,0.0034986198879778385,0.08621837198734283,0.910283088684082,gov,True,True
147438,2024-07,gov,0,0.7353943586349487,0.012641671113669872,0.2519639730453491,0.7353943586349487,gov,True,True
147439,2024-07,uncertain,2,0.09506841003894806,0.012599083594977856,0.8923324942588806,0.8923324942588806,uncertain,True,True
148158,2024-07,uncertain,2,0.07339563220739365,0.01155170239508152,0.9150527715682983,0.9150527715682983,uncertain,True,True
149597,2024-07,uncertain,2,0.025328613817691803,0.018618982285261154,0.9560523629188538,0.9560523629188538,uncertain,True,True
150307,2024-07,gov,0,0.8723719120025635,0.04498043656349182,0.08264762163162231,0.8723719120025635,gov,True,True
150317,2024-07,uncertain,2,0.06148829311132431,0.05005674436688423,0.8884549736976624,0.8884549736976624,uncertain,True,True
151756,2024-07,uncertain,2,0.04780451953411102,0.004924183711409569,0.9472713470458984,0.9472713470458984,uncertain,True,True
151757,2024-07,uncertain,2,0.007218153681606054,0.018011879175901413,0.9747700691223145,0.9747700691223145,uncertain,True,True
152476,2024-07,gov,0,0.8430706858634949,0.0033269114792346954,0.15360239148139954,0.8430706858634949,gov,True,True
153190,2024-07,gov,0,0.9366242289543152,0.009192785248160362,0.054182957857847214,0.9366242289543152,gov,True,True
153191,2024-07,gov,0,0.9758831858634949,0.011134853586554527,0.012981954030692577,0.9758831858634949,gov,True,True
153192,2024-07,gov,0,0.9587880373001099,0.02692965790629387,0.01428241841495037,0.9587880373001099,gov,True,True
153193,2024-07,gov,0,0.9709028005599976,0.006464560516178608,0.02263266034424305,0.9709028005599976,gov,True,True
153196,2024-07,gov,0,0.7899238467216492,0.00888493936508894,0.20119118690490723,0.7899238467216492,gov,True,True
153197,2024-07,uncertain,2,0.029315218329429626,0.0030430485494434834,0.9676417112350464,0.9676417112350464,uncertain,True,True
153910,2024-07,gov,0,0.9471138119697571,0.008532457984983921,0.044353704899549484,0.9471138119697571,gov,True,True
153911,2024-07,gov,0,0.9223862886428833,0.05730831250548363,0.020305395126342773,0.9223862886428833,gov,True,True
153912,2024-07,gov,0,0.8754044771194458,0.11098819226026535,0.013607286848127842,0.8754044771194458,gov,True,True
153913,2024-07,gov,0,0.9769993424415588,0.014256318099796772,0.00874434132128954,0.9769993424415588,gov,True,True
153914,2024-07,gov,0,0.8436288237571716,0.006035916972905397,0.15033522248268127,0.8436288237571716,gov,True,True
153915,2024-07,uncertain,2,0.07427305728197098,0.0006860916037112474,0.9250408411026001,0.9250408411026001,uncertain,True,True
153916,2024-07,gov,0,0.7578883767127991,0.016214430332183838,0.22589713335037231,0.7578883767127991,gov,True,True
153917,2024-07,gov,0,0.8857691884040833,0.005696740932762623,0.10853405296802521,0.8857691884040833,gov,True,True
153918,2024-07,gov,0,0.9423564076423645,0.011399728246033192,0.04624388366937637,0.9423564076423645,gov,True,True
154630,2024-07,gov,0,0.9786917567253113,0.003621757263317704,0.017686480656266212,0.9786917567253113,gov,True,True
154631,2024-07,gov,0,0.9612205028533936,0.015381081029772758,0.023398442193865776,0.9612205028533936,gov,True,True
154632,2024-07,gov,0,0.9901054501533508,0.005854215007275343,0.004040377214550972,0.9901054501533508,gov,True,True
154633,2024-07,gov,0,0.9948252439498901,0.0027004345320165157,0.002474303124472499,0.9948252439498901,gov,True,True
154634,2024-07,gov,0,0.9101923704147339,0.003993151243776083,0.08581441640853882,0.9101923704147339,gov,True,True
154635,2024-07,uncertain,2,0.011044121347367764,0.00011736476153600961,0.9888384342193604,0.9888384342193604,uncertain,True,True
154636,2024-07,uncertain,2,0.030666491016745567,0.0025558380875736475,0.9667776823043823,0.9667776823043823,uncertain,True,True
155350,2024-07,gov,0,0.9338728189468384,0.058749470859766006,0.0073776994831860065,0.9338728189468384,gov,True,True
155351,2024-07,gov,0,0.9318295121192932,0.06354823708534241,0.004622221924364567,0.9318295121192932,gov,True,True
155352,2024-07,gov,0,0.9664309620857239,0.01820414885878563,0.015364882536232471,0.9664309620857239,gov,True,True
155354,2024-07,uncertain,2,0.00910988263785839,0.001330220722593367,0.9895600080490112,0.9895600080490112,uncertain,True,True
156069,2024-07,opo,1,0.1205798014998436,0.7869433164596558,0.09247694164514542,0.7869433164596558,opo,True,True
156071,2024-07,gov,0,0.9669843912124634,0.03233925625681877,0.0006762646953575313,0.9669843912124634,gov,True,True
156072,2024-07,gov,0,0.9222005009651184,0.04057507961988449,0.03722444176673889,0.9222005009651184,gov,True,True
156073,2024-07,gov,0,0.8545023202896118,0.01182588841766119,0.1336718201637268,0.8545023202896118,gov,True,True
156074,2024-07,uncertain,2,0.02179403230547905,0.0011954952497035265,0.9770104885101318,0.9770104885101318,uncertain,True,True
156075,2024-07,uncertain,2,0.00759718706831336,0.004776833113282919,0.9876260161399841,0.9876260161399841,uncertain,True,True
156788,2024-07,gov,0,0.4644703269004822,0.09857586026191711,0.4369538128376007,0.4644703269004822,gov,True,True
156789,2024-07,uncertain,2,0.17716193199157715,0.08722531050443649,0.735612690448761,0.735612690448761,uncertain,True,True
156791,2024-07,gov,0,0.9772729277610779,0.016186293214559555,0.0065407520160079,0.9772729277610779,gov,True,True
156792,2024-07,gov,0,0.9347531199455261,0.016732441261410713,0.04851454496383667,0.9347531199455261,gov,True,True
156793,2024-07,uncertain,2,0.11010845750570297,0.0005928315804339945,0.8892987370491028,0.8892987370491028,uncertain,True,True
156794,2024-07,gov,0,0.47940343618392944,0.06321291625499725,0.4573836326599121,0.47940343618392944,gov,True,True
156795,2024-07,opo,1,0.005401122383773327,0.9007805585861206,0.09381835907697678,0.9007805585861206,opo,True,True
156796,2024-07,opo,1,0.013955560512840748,0.9697912335395813,0.016253193840384483,0.9697912335395813,opo,True,True
157508,2024-07,gov,0,0.7980664968490601,0.08236969262361526,0.11956386268138885,0.7980664968490601,gov,True,True
157510,2024-07,gov,0,0.9434341788291931,0.012971384450793266,0.04359447583556175,0.9434341788291931,gov,True,True
157511,2024-07,gov,0,0.9464016556739807,0.022343110293149948,0.0312553234398365,0.9464016556739807,gov,True,True
157513,2024-07,uncertain,2,0.038986243307590485,0.001381792826578021,0.9596319198608398,0.9596319198608398,uncertain,True,True
157514,2024-07,uncertain,2,0.0016261596465483308,0.0023299374151974916,0.9960439205169678,0.9960439205169678,uncertain,True,True
157515,2024-07,uncertain,2,0.002549352589994669,0.0428062304854393,0.9546443819999695,0.9546443819999695,uncertain,True,True
158229,2024-07,uncertain,2,0.12206006795167923,0.0307777002453804,0.8471622467041016,0.8471622467041016,uncertain,True,True
158231,2024-07,gov,0,0.9917803406715393,0.0011222438188269734,0.00709746778011322,0.9917803406715393,gov,True,True
158233,2024-07,gov,0,0.8704742193222046,0.005549447610974312,0.12397626042366028,0.8704742193222046,gov,True,True
158235,2024-07,opo,1,0.021012192592024803,0.935663104057312,0.04332469776272774,0.935663104057312,opo,True,True
158236,2024-07,opo,1,0.013629602268338203,0.9726417660713196,0.01372868288308382,0.9726417660713196,opo,True,True
158237,2024-07,opo,1,0.008315140381455421,0.9871507883071899,0.004534092731773853,0.9871507883071899,opo,True,True
158238,2024-07,opo,1,0.04229281097650528,0.9480239748954773,0.009683177806437016,0.9480239748954773,opo,True,True
158946,2024-07,opo,1,0.2657131850719452,0.45738309621810913,0.27690374851226807,0.45738309621810913,gov,True,True
158947,2024-07,opo,1,0.058349333703517914,0.9195760488510132,0.022074634209275246,0.9195760488510132,opo,True,True
158949,2024-07,gov,0,0.6723020672798157,0.209461972117424,0.1182359904050827,0.6723020672798157,gov,True,True
158950,2024-07,gov,0,0.9824889898300171,0.004121672362089157,0.01338939554989338,0.9824889898300171,gov,True,True
158951,2024-07,gov,0,0.9858231544494629,0.003218076191842556,0.010958800092339516,0.9858231544494629,gov,True,True
158952,2024-07,gov,0,0.9036813378334045,0.013040341436862946,0.08327833563089371,0.9036813378334045,gov,True,True
158953,2024-07,gov,0,0.943241536617279,0.006615843623876572,0.05014271289110184,0.943241536617279,gov,True,True
158954,2024-07,gov,0,0.9101439118385315,0.07286626845598221,0.016989875584840775,0.9101439118385315,gov,True,True
158955,2024-07,opo,1,0.20253023505210876,0.7820459604263306,0.015423869714140892,0.7820459604263306,opo,True,True
158956,2024-07,opo,1,0.4723069369792938,0.520869255065918,0.006823732517659664,0.520869255065918,gov,True,True
158957,2024-07,gov,0,0.7580912709236145,0.22683511674404144,0.01507364772260189,0.7580912709236145,gov,True,True
158958,2024-07,gov,0,0.8793084621429443,0.11028541624546051,0.0104061933234334,0.8793084621429443,gov,True,True
158960,2024-07,gov,0,0.846947968006134,0.036014363169670105,0.11703762412071228,0.846947968006134,gov,True,True
159665,2024-07,opo,1,0.09032708406448364,0.7861401438713074,0.12353281676769257,0.7861401438713074,opo,True,True
159666,2024-07,opo,1,0.0021515609696507454,0.9964460730552673,0.0014023686526343226,0.9964460730552673,opo,True,True
159667,2024-07,opo,1,0.0033645618241280317,0.9957109689712524,0.0009244863176718354,0.9957109689712524,opo,True,True
159668,2024-07,opo,1,0.026941554620862007,0.948182225227356,0.024876199662685394,0.948182225227356,opo,True,True
159670,2024-07,gov,0,0.7871977090835571,0.001656950218603015,0.2111452966928482,0.7871977090835571,gov,True,True
159671,2024-07,gov,0,0.9978222846984863,0.00022779990104027092,0.0019499415066093206,0.9978222846984863,gov,True,True
159672,2024-07,gov,0,0.9985219836235046,0.00012566264194902033,0.0013522929511964321,0.9985219836235046,gov,True,True
159673,2024-07,gov,0,0.9963608384132385,0.0005108267650939524,0.0031282519921660423,0.9963608384132385,gov,True,True
159674,2024-07,gov,0,0.9782910346984863,0.0010614768834784627,0.02064751647412777,0.9782910346984863,gov,True,True
159675,2024-07,gov,0,0.9488234519958496,0.008377667516469955,0.042798884212970734,0.9488234519958496,gov,True,True
159676,2024-07,gov,0,0.9831628799438477,0.013373468071222305,0.0034637197386473417,0.9831628799438477,gov,True,True
159679,2024-07,gov,0,0.9695995450019836,0.018386235460639,0.012014131993055344,0.9695995450019836,gov,True,True
159680,2024-07,gov,0,0.9159628748893738,0.025985999032855034,0.05805107578635216,0.9159628748893738,gov,True,True
160386,2024-07,opo,1,0.009098940528929234,0.9866733551025391,0.004227756522595882,0.9866733551025391,opo,True,True
160388,2024-07,uncertain,2,0.0104506965726614,0.06930717080831528,0.9202421307563782,0.9202421307563782,uncertain,True,True
160389,2024-07,uncertain,2,0.006529185455292463,0.002319660037755966,0.9911511540412903,0.9911511540412903,uncertain,True,True
160390,2024-07,uncertain,2,0.028633633628487587,0.0008138753473758698,0.9705525636672974,0.9705525636672974,uncertain,True,True
160391,2024-07,gov,0,0.8998923897743225,0.001526160049252212,0.09858137369155884,0.8998923897743225,gov,True,True
160392,2024-07,gov,0,0.9993337988853455,0.0001634744694456458,0.0005027494626119733,0.9993337988853455,gov,True,True
160393,2024-07,gov,0,0.9918259382247925,0.0007738836575299501,0.007400191854685545,0.9918259382247925,gov,True,True
160394,2024-07,gov,0,0.9901995062828064,0.0005390014266595244,0.009261460043489933,0.9901995062828064,gov,True,True
160396,2024-07,gov,0,0.9563859105110168,0.019685395061969757,0.023928694427013397,0.9563859105110168,gov,True,True
160397,2024-07,gov,0,0.9070311784744263,0.07196133583784103,0.021007448434829712,0.9070311784744263,gov,True,True
160399,2024-07,gov,0,0.9401090145111084,0.04788268730044365,0.012008254416286945,0.9401090145111084,gov,True,True
160400,2024-07,gov,0,0.9217414855957031,0.02452099323272705,0.05373750627040863,0.9217414855957031,gov,True,True
161107,2024-07,opo,1,0.03346327319741249,0.9392707347869873,0.027265993878245354,0.9392707347869873,opo,True,True
161109,2024-07,uncertain,2,0.0004942858940921724,0.0001256334944628179,0.9993799924850464,0.9993799924850464,uncertain,True,True
161110,2024-07,uncertain,2,0.17294056713581085,0.0014903940027579665,0.8255689740180969,0.8255689740180969,gov,True,True
161111,2024-07,gov,0,0.9711848497390747,0.000897008809261024,0.027918195351958275,0.9711848497390747,gov,True,True
161112,2024-07,gov,0,0.9980707764625549,0.00017311189731117338,0.0017561721615493298,0.9980707764625549,gov,True,True
161113,2024-07,gov,0,0.9866876006126404,0.004195796325802803,0.009116565808653831,0.9866876006126404,gov,True,True
161116,2024-07,gov,0,0.937415599822998,0.021598106250166893,0.04098629206418991,0.937415599822998,gov,True,True
161117,2024-07,opo,1,0.43652647733688354,0.5424416065216064,0.021031931042671204,0.5424416065216064,gov,True,True
161118,2024-07,opo,1,0.07302218675613403,0.9214347004890442,0.005543065723031759,0.9214347004890442,opo,True,True
161119,2024-07,opo,1,0.48446953296661377,0.4854529798030853,0.030077507719397545,0.4854529798030853,gov,True,True
161120,2024-07,gov,0,0.8852276802062988,0.04990876838564873,0.06486359238624573,0.8852276802062988,gov,True,True
161827,2024-07,opo,1,0.019001508131623268,0.9726691246032715,0.008329365402460098,0.9726691246032715,opo,True,True
161829,2024-07,uncertain,2,0.0011547977337613702,0.004257427528500557,0.994587779045105,0.994587779045105,uncertain,True,True
161830,2024-07,uncertain,2,0.004034080076962709,0.010566215962171555,0.9853996634483337,0.9853996634483337,uncertain,True,True
161831,2024-07,uncertain,2,0.1250971555709839,0.005242450162768364,0.8696603178977966,0.8696603178977966,uncertain,True,True
161832,2024-07,gov,0,0.7663184404373169,0.009509671479463577,0.22417187690734863,0.7663184404373169,gov,True,True
161833,2024-07,opo,1,0.1633417010307312,0.6576884388923645,0.1789698749780655,0.6576884388923645,opo,True,True
161834,2024-07,opo,1,0.03767792135477066,0.9201359748840332,0.042186133563518524,0.9201359748840332,opo,True,True
161837,2024-07,opo,1,0.006461357697844505,0.9917516112327576,0.0017870358424261212,0.9917516112327576,opo,True,True
161839,2024-07,opo,1,0.0750860869884491,0.9166058301925659,0.008308018557727337,0.9166058301925659,opo,True,True
162547,2024-07,opo,1,0.01321810856461525,0.9857638478279114,0.001018072827719152,0.9857638478279114,opo,True,True
162548,2024-07,uncertain,2,0.0033132710959762335,0.04270634427666664,0.9539805054664612,0.9539805054664612,uncertain,True,True
162549,2024-07,uncertain,2,0.007234185002744198,0.010095316916704178,0.9826704859733582,0.9826704859733582,uncertain,True,True
162550,2024-07,opo,1,0.025810979306697845,0.6357176899909973,0.33847126364707947,0.6357176899909973,opo,True,True
162551,2024-07,uncertain,2,0.024000221863389015,0.008929031901061535,0.9670706987380981,0.9670706987380981,uncertain,True,True
162552,2024-07,gov,0,0.6532129049301147,0.07659295201301575,0.2701941728591919,0.6532129049301147,gov,True,True
162553,2024-07,opo,1,0.012341548688709736,0.9866753220558167,0.0009831313509494066,0.9866753220558167,opo,True,True
162554,2024-07,opo,1,0.01151430606842041,0.8400160074234009,0.1484697461128235,0.8400160074234009,opo,True,True
162555,2024-07,uncertain,2,0.0050609419122338295,0.03872590884566307,0.9562132358551025,0.9562132358551025,uncertain,True,True
162556,2024-07,opo,1,0.008062965236604214,0.8147901892662048,0.17714686691761017,0.8147901892662048,opo,True,True
162558,2024-07,opo,1,0.0006750468746758997,0.9989499449729919,0.0003750489267986268,0.9989499449729919,opo,True,True
162559,2024-07,opo,1,0.01231174636632204,0.9799743890762329,0.007713907863944769,0.9799743890762329,opo,True,True
163267,2024-07,opo,1,0.004725886508822441,0.9912938475608826,0.003980278968811035,0.9912938475608826,opo,True,True
163268,2024-07,uncertain,2,0.014422819949686527,0.06449222564697266,0.9210849404335022,0.9210849404335022,uncertain,True,True
163269,2024-07,uncertain,2,0.044193487614393234,0.009047004394233227,0.9467594623565674,0.9467594623565674,uncertain,True,True
163271,2024-07,gov,0,0.8442465662956238,0.0010952783050015569,0.15465809404850006,0.8442465662956238,gov,True,True
163272,2024-07,uncertain,2,0.05119362846016884,0.006413813680410385,0.9423925280570984,0.9423925280570984,uncertain,True,True
163274,2024-07,opo,1,0.019987668842077255,0.7376061677932739,0.24240615963935852,0.7376061677932739,opo,True,True
163275,2024-07,uncertain,2,0.007343686651438475,0.005584105383604765,0.9870722889900208,0.9870722889900208,uncertain,True,True
163276,2024-07,uncertain,2,0.006676374934613705,0.016210252419114113,0.9771134853363037,0.9771134853363037,uncertain,True,True
163278,2024-07,opo,1,0.01756283827126026,0.9498952031135559,0.03254196420311928,0.9498952031135559,opo,True,True
163988,2024-07,opo,1,0.08719480037689209,0.8934937715530396,0.019311467185616493,0.8934937715530396,opo,True,True
163989,2024-07,gov,0,0.6487690210342407,0.09572812914848328,0.2555029094219208,0.6487690210342407,gov,True,True
163992,2024-07,gov,0,0.9566251635551453,0.005766343791037798,0.03760845959186554,0.9566251635551453,gov,True,True
163993,2024-07,gov,0,0.6710699796676636,0.14437921345233917,0.18455083668231964,0.6710699796676636,gov,True,True
163996,2024-07,gov,0,0.6142629384994507,0.04098762944340706,0.34474942088127136,0.6142629384994507,gov,True,True
163998,2024-07,gov,0,0.8902057409286499,0.08837377279996872,0.02142050676047802,0.8902057409286499,gov,True,True
164709,2024-07,uncertain,2,0.3287663459777832,0.005020253825932741,0.6662134528160095,0.6662134528160095,uncertain,True,True
164710,2024-07,gov,0,0.9879818558692932,0.0025263705756515265,0.009491692297160625,0.9879818558692932,gov,True,True
164711,2024-07,gov,0,0.9642423987388611,0.02180292084813118,0.013954597525298595,0.9642423987388611,gov,True,True
164712,2024-07,gov,0,0.9726387858390808,0.02117624692618847,0.006184942089021206,0.9726387858390808,gov,True,True
164713,2024-07,uncertain,2,0.3996836841106415,0.17675545811653137,0.42356082797050476,0.42356082797050476,gov,True,True
164714,2024-07,uncertain,2,0.033848486840724945,0.009638022631406784,0.9565134644508362,0.9565134644508362,uncertain,True,True
164715,2024-07,uncertain,2,0.01870648004114628,0.028462393209338188,0.9528311491012573,0.9528311491012573,uncertain,True,True
164716,2024-07,opo,1,0.010630395263433456,0.9705724120140076,0.0187971368432045,0.9705724120140076,opo,True,True
165430,2024-07,gov,0,0.8736318945884705,0.026000943034887314,0.10036718100309372,0.8736318945884705,gov,True,True
165433,2024-07,uncertain,2,0.06539896875619888,0.05753542482852936,0.8770655989646912,0.8770655989646912,uncertain,True,True
165435,2024-07,opo,1,0.04334224388003349,0.8268005847930908,0.12985719740390778,0.8268005847930908,opo,True,True
165436,2024-07,opo,1,0.0011992061045020819,0.9983797073364258,0.00042106793262064457,0.9983797073364258,opo,True,True
166150,2024-07,gov,0,0.88966304063797,0.031507883220911026,0.0788290798664093,0.88966304063797,gov,True,True
166152,2024-07,opo,1,0.10077615827322006,0.8881844282150269,0.01103941723704338,0.8881844282150269,opo,True,True
166154,2024-07,uncertain,2,0.22578537464141846,0.06650666147470474,0.7077080011367798,0.7077080011367798,gov,True,True
166155,2024-07,uncertain,2,0.13910150527954102,0.2802461087703705,0.5806523561477661,0.5806523561477661,uncertain,True,True
166156,2024-07,opo,1,0.03998107463121414,0.9578986763954163,0.002120307181030512,0.9578986763954163,opo,True,True
166157,2024-07,opo,1,0.2775624394416809,0.7065752148628235,0.015862349420785904,0.7065752148628235,gov,True,True
166873,2024-07,gov,0,0.6434414386749268,0.02418992668390274,0.3323687016963959,0.6434414386749268,gov,True,True
166876,2024-07,opo,1,0.1516890525817871,0.8392561674118042,0.009054761379957199,0.8392561674118042,opo,True,True
166877,2024-07,gov,0,0.5779039859771729,0.3787834644317627,0.04331250861287117,0.5779039859771729,gov,True,True
167591,2024-07,gov,0,0.9875065088272095,0.005193778313696384,0.007299674209207296,0.9875065088272095,gov,True,True
167592,2024-07,gov,0,0.9581619501113892,0.013057174161076546,0.028780953958630562,0.9581619501113892,gov,True,True
167594,2024-07,uncertain,2,0.15714798867702484,0.017719823867082596,0.8251322507858276,0.8251322507858276,uncertain,True,True
167597,2024-07,gov,0,0.6486151218414307,0.34151580929756165,0.00986911728978157,0.6486151218414307,gov,True,True
168313,2024-07,gov,0,0.9352577328681946,0.01339487824589014,0.051347311586141586,0.9352577328681946,gov,True,True
168316,2024-07,opo,1,0.12402336299419403,0.8318775296211243,0.04409908875823021,0.8318775296211243,opo,True,True
169035,2024-07,uncertain,2,0.06822602450847626,0.008594131097197533,0.9231798052787781,0.9231798052787781,uncertain,True,True
169036,2024-07,gov,0,0.8600137233734131,0.05900329351425171,0.08098304271697998,0.8600137233734131,gov,True,True
169037,2024-07,gov,0,0.9866660237312317,0.004070175811648369,0.009263747371733189,0.9866660237312317,gov,True,True
169756,2024-07,gov,0,0.9726079106330872,0.010822657495737076,0.016569383442401886,0.9726079106330872,gov,True,True
143838,2024-08,gov,0,0.8978298902511597,0.04374418407678604,0.05842585489153862,0.8978298902511597,gov,True,True
145998,2024-08,gov,0,0.9407938122749329,0.010770012624561787,0.04843619838356972,0.9407938122749329,gov,True,True
147437,2024-08,gov,0,0.9070836305618286,0.007821599952876568,0.08509474992752075,0.9070836305618286,gov,True,True
147438,2024-08,gov,0,0.9272845387458801,0.01494350004941225,0.05777204781770706,0.9272845387458801,gov,True,True
147439,2024-08,gov,0,0.8730571269989014,0.007434858474880457,0.1195080354809761,0.8730571269989014,gov,True,True
148158,2024-08,gov,0,0.7253684401512146,0.06941627711057663,0.20521527528762817,0.7253684401512146,gov,True,True
149597,2024-08,uncertain,2,0.23547960817813873,0.020875118672847748,0.7436452507972717,0.7436452507972717,uncertain,True,True
150307,2024-08,gov,0,0.8116403818130493,0.04823347181081772,0.14012615382671356,0.8116403818130493,gov,True,True
150317,2024-08,gov,0,0.5666628479957581,0.03351309522986412,0.3998241126537323,0.5666628479957581,gov,True,True
151756,2024-08,gov,0,0.5649236440658569,0.03893540799617767,0.3961409628391266,0.5649236440658569,gov,True,True
151757,2024-08,uncertain,2,0.04737583175301552,0.008862094953656197,0.9437620043754578,0.9437620043754578,uncertain,True,True
152476,2024-08,gov,0,0.9015447497367859,0.020825231447815895,0.07763001322746277,0.9015447497367859,gov,True,True
153190,2024-08,gov,0,0.8910538554191589,0.02744806371629238,0.08149805665016174,0.8910538554191589,gov,True,True
153191,2024-08,gov,0,0.9260897636413574,0.03223090618848801,0.0416792556643486,0.9260897636413574,gov,True,True
153192,2024-08,gov,0,0.9592499136924744,0.008349624462425709,0.03240050747990608,0.9592499136924744,gov,True,True
153193,2024-08,gov,0,0.9645801186561584,0.0034383749589323997,0.03198159858584404,0.9645801186561584,gov,True,True
153196,2024-08,gov,0,0.9317038059234619,0.027579227462410927,0.0407169908285141,0.9317038059234619,gov,True,True
153197,2024-08,uncertain,2,0.22187796235084534,0.03473109379410744,0.7433909773826599,0.7433909773826599,uncertain,True,True
153910,2024-08,gov,0,0.8598422408103943,0.03639620542526245,0.10376151651144028,0.8598422408103943,gov,True,True
153911,2024-08,gov,0,0.8542278409004211,0.06055249646306038,0.08521966636180878,0.8542278409004211,gov,True,True
153912,2024-08,gov,0,0.9417581558227539,0.027798349037766457,0.03044353798031807,0.9417581558227539,gov,True,True
153913,2024-08,gov,0,0.9786699414253235,0.006127385888248682,0.015202641487121582,0.9786699414253235,gov,True,True
153914,2024-08,gov,0,0.961323082447052,0.013294666074216366,0.025382231920957565,0.961323082447052,gov,True,True
153915,2024-08,gov,0,0.9437693357467651,0.024684758856892586,0.03154594078660011,0.9437693357467651,gov,True,True
153916,2024-08,gov,0,0.9430320858955383,0.04988836497068405,0.0070795295760035515,0.9430320858955383,gov,True,True
153917,2024-08,gov,0,0.9095219373703003,0.04238799586892128,0.04808998852968216,0.9095219373703003,gov,True,True
153918,2024-08,gov,0,0.8228680491447449,0.12091472744941711,0.05621727555990219,0.8228680491447449,gov,True,True
154630,2024-08,gov,0,0.9510971307754517,0.017135843634605408,0.03176703304052353,0.9510971307754517,gov,True,True
154631,2024-08,gov,0,0.9595605731010437,0.009090695530176163,0.03134879842400551,0.9595605731010437,gov,True,True
154632,2024-08,gov,0,0.9886813163757324,0.004598908592015505,0.006719766650348902,0.9886813163757324,gov,True,True
154633,2024-08,gov,0,0.9946554899215698,0.0045027099549770355,0.0008418397046625614,0.9946554899215698,gov,True,True
154634,2024-08,gov,0,0.9931340217590332,0.005058842711150646,0.0018071013037115335,0.9931340217590332,gov,True,True
154635,2024-08,gov,0,0.9612722992897034,0.005857170093804598,0.03287050873041153,0.9612722992897034,gov,True,True
154636,2024-08,gov,0,0.9803186058998108,0.011137455701828003,0.008544019423425198,0.9803186058998108,gov,True,True
155350,2024-08,gov,0,0.9199965000152588,0.06634893268346786,0.01365464087575674,0.9199965000152588,gov,True,True
155351,2024-08,gov,0,0.9401664733886719,0.02578890137374401,0.03404456004500389,0.9401664733886719,gov,True,True
155352,2024-08,gov,0,0.9787136912345886,0.011745869182050228,0.009540539234876633,0.9787136912345886,gov,True,True
155354,2024-08,gov,0,0.9202969670295715,0.029134096577763557,0.05056895315647125,0.9202969670295715,gov,True,True
156069,2024-08,opo,1,0.3142774701118469,0.6696380376815796,0.016084518283605576,0.6696380376815796,opo,True,True
156071,2024-08,gov,0,0.9227542877197266,0.0537872314453125,0.023458512499928474,0.9227542877197266,gov,True,True
156072,2024-08,gov,0,0.9531994462013245,0.020989704877138138,0.025810934603214264,0.9531994462013245,gov,True,True
156073,2024-08,gov,0,0.972939133644104,0.011644888669252396,0.015416072681546211,0.972939133644104,gov,True,True
156074,2024-08,gov,0,0.8322973847389221,0.06693559885025024,0.10076703131198883,0.8322973847389221,gov,True,True
156075,2024-08,uncertain,2,0.07287490367889404,0.028888944536447525,0.8982362151145935,0.8982362151145935,uncertain,True,True
156788,2024-08,gov,0,0.7597425580024719,0.14140082895755768,0.09885653108358383,0.7597425580024719,gov,True,True
156789,2024-08,gov,0,0.5034094452857971,0.4190538227558136,0.0775366872549057,0.5034094452857971,gov,True,True
156791,2024-08,gov,0,0.9431273937225342,0.01898188330233097,0.03789063170552254,0.9431273937225342,gov,True,True
156792,2024-08,gov,0,0.9568363428115845,0.009140850976109505,0.034022800624370575,0.9568363428115845,gov,True,True
156793,2024-08,gov,0,0.9255092740058899,0.004557082429528236,0.06993366777896881,0.9255092740058899,gov,True,True
156794,2024-08,gov,0,0.7730309963226318,0.16402028501033783,0.06294875591993332,0.7730309963226318,gov,True,True
156795,2024-08,opo,1,0.014391894452273846,0.8784942626953125,0.10711381584405899,0.8784942626953125,opo,True,True
156796,2024-08,opo,1,0.04874635115265846,0.9336005449295044,0.01765310950577259,0.9336005449295044,opo,True,True
157508,2024-08,gov,0,0.7531654834747314,0.13207334280014038,0.114761121571064,0.7531654834747314,gov,True,True
157509,2024-08,gov,0,0.5864644050598145,0.27465346455574036,0.13888217508792877,0.5864644050598145,opo,True,True
157510,2024-08,gov,0,0.8029608130455017,0.10153255611658096,0.09550662338733673,0.8029608130455017,gov,True,True
157511,2024-08,gov,0,0.8791889548301697,0.03494006395339966,0.08587092906236649,0.8791889548301697,gov,True,True
157513,2024-08,uncertain,2,0.27400556206703186,0.010337970219552517,0.7156564593315125,0.7156564593315125,uncertain,True,True
157514,2024-08,uncertain,2,0.2418481558561325,0.03738051652908325,0.720771312713623,0.720771312713623,gov,True,True
157515,2024-08,uncertain,2,0.07924403995275497,0.09190294146537781,0.8288529515266418,0.8288529515266418,uncertain,True,True
158229,2024-08,gov,0,0.5208446979522705,0.28515276312828064,0.19400256872177124,0.5208446979522705,gov,True,True
158231,2024-08,gov,0,0.9589069485664368,0.012140351347625256,0.028952697291970253,0.9589069485664368,gov,True,True
158233,2024-08,gov,0,0.9283698797225952,0.023831496015191078,0.04779857024550438,0.9283698797225952,gov,True,True
158235,2024-08,opo,1,0.13469228148460388,0.8077490329742432,0.05755861848592758,0.8077490329742432,opo,True,True
158236,2024-08,opo,1,0.055636852979660034,0.9219263792037964,0.022436801344156265,0.9219263792037964,opo,True,True
158237,2024-08,opo,1,0.0880848616361618,0.8819005489349365,0.030014563351869583,0.8819005489349365,opo,True,True
158238,2024-08,gov,0,0.7544336318969727,0.16869860887527466,0.07686780393123627,0.7544336318969727,gov,True,True
158946,2024-08,gov,0,0.37568244338035583,0.365042120218277,0.2592754364013672,0.37568244338035583,gov,True,True
158947,2024-08,opo,1,0.0837162658572197,0.8064852356910706,0.10979849845170975,0.8064852356910706,opo,True,True
158949,2024-08,gov,0,0.851172924041748,0.12003593146800995,0.02879117801785469,0.851172924041748,gov,True,True
158950,2024-08,gov,0,0.9656751155853271,0.02027573063969612,0.01404920220375061,0.9656751155853271,gov,True,True
158951,2024-08,gov,0,0.95236736536026,0.03332995995879173,0.014302625320851803,0.95236736536026,gov,True,True
158952,2024-08,gov,0,0.9627243280410767,0.016281135380268097,0.02099459059536457,0.9627243280410767,gov,True,True
158953,2024-08,gov,0,0.949248194694519,0.005582322366535664,0.0451694019138813,0.949248194694519,gov,True,True
158954,2024-08,gov,0,0.9038088917732239,0.031491171568632126,0.0646999403834343,0.9038088917732239,gov,True,True
158955,2024-08,gov,0,0.962401807308197,0.021452829241752625,0.016145341098308563,0.962401807308197,gov,True,True
158956,2024-08,gov,0,0.9956035614013672,0.003271450288593769,0.0011249923845753074,0.9956035614013672,gov,True,True
158957,2024-08,gov,0,0.996911346912384,0.0013927011750638485,0.001695980317890644,0.996911346912384,gov,True,True
158958,2024-08,gov,0,0.9926425814628601,0.003429219825193286,0.003928154706954956,0.9926425814628601,gov,True,True
158960,2024-08,gov,0,0.8720073699951172,0.032276701182127,0.09571591764688492,0.8720073699951172,gov,True,True
159665,2024-08,uncertain,2,0.06169792264699936,0.13100565969944,0.8072964549064636,0.8072964549064636,uncertain,True,True
159666,2024-08,opo,1,0.006471195723861456,0.9854238629341125,0.008104882203042507,0.9854238629341125,opo,True,True
159667,2024-08,opo,1,0.0016954441089183092,0.996155321598053,0.002149258041754365,0.996155321598053,opo,True,True
159668,2024-08,opo,1,0.17045021057128906,0.7885023355484009,0.041047487407922745,0.7885023355484009,opo,True,True
159670,2024-08,gov,0,0.9556645154953003,0.007826171815395355,0.036509379744529724,0.9556645154953003,gov,True,True
159671,2024-08,gov,0,0.9933570027351379,0.004359485115855932,0.00228349887765944,0.9933570027351379,gov,True,True
159672,2024-08,gov,0,0.9921026825904846,0.0023407582193613052,0.005556526128202677,0.9921026825904846,gov,True,True
159673,2024-08,gov,0,0.990943968296051,0.004912899807095528,0.004143114667385817,0.990943968296051,gov,True,True
159674,2024-08,gov,0,0.9938342571258545,0.000966559280641377,0.005199227947741747,0.9938342571258545,gov,True,True
159675,2024-08,gov,0,0.9884759187698364,0.0004813816340174526,0.011042767204344273,0.9884759187698364,gov,True,True
159676,2024-08,gov,0,0.9995301961898804,0.00010341106099076569,0.00036636035656556487,0.9995301961898804,gov,True,True
159679,2024-08,gov,0,0.9791882634162903,0.01119671855121851,0.009615007787942886,0.9791882634162903,gov,True,True
159680,2024-08,gov,0,0.903961181640625,0.029261136427521706,0.06677768379449844,0.903961181640625,gov,True,True
160386,2024-08,opo,1,0.002570600248873234,0.9933839440345764,0.004045398905873299,0.9933839440345764,opo,True,True
160388,2024-08,opo,1,0.2985118627548218,0.42852652072906494,0.2729615867137909,0.42852652072906494,gov,True,True
160389,2024-08,uncertain,2,0.024680698290467262,0.014449911192059517,0.9608694314956665,0.9608694314956665,uncertain,True,True
160390,2024-08,uncertain,2,0.028532909229397774,0.07436995953321457,0.897097110748291,0.897097110748291,uncertain,True,True
160391,2024-08,gov,0,0.4853501617908478,0.37922266125679016,0.13542716205120087,0.4853501617908478,opo,True,True
160392,2024-08,gov,0,0.9649449586868286,0.007216813508421183,0.027838237583637238,0.9649449586868286,gov,True,True
160393,2024-08,gov,0,0.9614258408546448,0.002976486925035715,0.03559768572449684,0.9614258408546448,gov,True,True
160394,2024-08,gov,0,0.9941437840461731,0.0005103788571432233,0.005345766898244619,0.9941437840461731,gov,True,True
160396,2024-08,gov,0,0.9976250529289246,0.00036573829129338264,0.002009232994168997,0.9976250529289246,gov,True,True
160397,2024-08,gov,0,0.997925877571106,0.0009170748526230454,0.0011570086935535073,0.997925877571106,gov,True,True
160399,2024-08,gov,0,0.9876421689987183,0.006425138097256422,0.005932728759944439,0.9876421689987183,gov,True,True
160400,2024-08,gov,0,0.9389845132827759,0.014208617620170116,0.04680681601166725,0.9389845132827759,gov,True,True
161107,2024-08,opo,1,0.015604094602167606,0.9687929749488831,0.015602957457304,0.9687929749488831,opo,True,True
161109,2024-08,uncertain,2,0.0006867864285595715,0.00023776909802109003,0.9990754127502441,0.9990754127502441,uncertain,True,True
161110,2024-08,uncertain,2,0.023514214903116226,0.017450299113988876,0.9590355157852173,0.9590355157852173,uncertain,True,True
161111,2024-08,opo,1,0.3296986222267151,0.36229509115219116,0.30800625681877136,0.36229509115219116,gov,True,True
161112,2024-08,gov,0,0.9581413269042969,0.007332703098654747,0.03452598303556442,0.9581413269042969,gov,True,True
161113,2024-08,gov,0,0.9744607210159302,0.00426880968734622,0.02127043530344963,0.9744607210159302,gov,True,True
161116,2024-08,gov,0,0.9556403160095215,0.002240605652332306,0.042119041085243225,0.9556403160095215,gov,True,True
161117,2024-08,gov,0,0.9409404397010803,0.017902793362736702,0.04115671664476395,0.9409404397010803,gov,True,True
161118,2024-08,gov,0,0.7190321087837219,0.27346333861351013,0.007504506967961788,0.7190321087837219,gov,True,True
161119,2024-08,gov,0,0.8019542098045349,0.15988019108772278,0.03816556558012962,0.8019542098045349,gov,True,True
161120,2024-08,gov,0,0.8985096216201782,0.022394903004169464,0.07909543067216873,0.8985096216201782,gov,True,True
161827,2024-08,opo,1,0.012328010983765125,0.9788599014282227,0.008812067098915577,0.9788599014282227,opo,True,True
161829,2024-08,uncertain,2,0.0028566010296344757,0.000293178076390177,0.9968501925468445,0.9968501925468445,uncertain,True,True
161830,2024-08,uncertain,2,0.039281584322452545,0.019414523616433144,0.9413039684295654,0.9413039684295654,uncertain,True,True
161831,2024-08,gov,0,0.346824049949646,0.33512431383132935,0.31805163621902466,0.346824049949646,gov,True,True
161832,2024-08,gov,0,0.5323996543884277,0.1575201153755188,0.3100802004337311,0.5323996543884277,gov,True,True
161833,2024-08,opo,1,0.08992081880569458,0.8801743984222412,0.029904799535870552,0.8801743984222412,gov,True,True
161834,2024-08,opo,1,0.10038119554519653,0.670333981513977,0.22928482294082642,0.670333981513977,opo,True,True
161837,2024-08,opo,1,0.03987449035048485,0.8929762244224548,0.0671493336558342,0.8929762244224548,opo,True,True
161839,2024-08,opo,1,0.05255793780088425,0.9409389495849609,0.006503114942461252,0.9409389495849609,opo,True,True
162547,2024-08,opo,1,0.08437320590019226,0.906087338924408,0.009539512917399406,0.906087338924408,opo,True,True
162548,2024-08,uncertain,2,0.28018468618392944,0.03909178823232651,0.6807234883308411,0.6807234883308411,gov,True,True
162549,2024-08,uncertain,2,0.05563909932971001,0.0035714025143533945,0.9407894015312195,0.9407894015312195,uncertain,True,True
162550,2024-08,opo,1,0.08537793159484863,0.856498658657074,0.058123424649238586,0.856498658657074,opo,True,True
162551,2024-08,gov,0,0.5162275433540344,0.35897096991539,0.12480148673057556,0.5162275433540344,gov,True,True
162552,2024-08,opo,1,0.27028921246528625,0.5818060040473938,0.14790476858615875,0.5818060040473938,opo,True,True
162553,2024-08,opo,1,0.04124501347541809,0.9337255358695984,0.025029486045241356,0.9337255358695984,opo,True,True
162554,2024-08,uncertain,2,0.02776230126619339,0.4323679208755493,0.5398697853088379,0.5398697853088379,uncertain,True,True
162555,2024-08,opo,1,0.004912222735583782,0.7710527777671814,0.22403495013713837,0.7710527777671814,opo,True,True
162556,2024-08,opo,1,0.002574450569227338,0.9361382722854614,0.06128721311688423,0.9361382722854614,opo,True,True
162558,2024-08,opo,1,8.519046969013289e-05,0.9995095729827881,0.0004052030562888831,0.9995095729827881,opo,True,True
162559,2024-08,opo,1,0.008533434942364693,0.9820101857185364,0.009456373751163483,0.9820101857185364,opo,True,True
163267,2024-08,opo,1,0.019278932362794876,0.9739066958427429,0.006814335938543081,0.9739066958427429,opo,True,True
163268,2024-08,uncertain,2,0.020062196999788284,0.049911629408597946,0.9300261735916138,0.9300261735916138,uncertain,True,True
163269,2024-08,uncertain,2,0.01930486410856247,0.008110443130135536,0.9725846648216248,0.9725846648216248,uncertain,True,True
163271,2024-08,gov,0,0.8847405910491943,0.021807905286550522,0.09345150738954544,0.8847405910491943,gov,True,True
163272,2024-08,uncertain,2,0.02697882615029812,0.0009396498207934201,0.9720814228057861,0.9720814228057861,uncertain,True,True
163274,2024-08,uncertain,2,0.013188897632062435,0.0028602639213204384,0.9839508533477783,0.9839508533477783,uncertain,True,True
163275,2024-08,uncertain,2,0.012166430242359638,0.00390882883220911,0.9839247465133667,0.9839247465133667,uncertain,True,True
163276,2024-08,uncertain,2,0.006815509404987097,0.002364613814279437,0.9908198714256287,0.9908198714256287,uncertain,True,True
163278,2024-08,opo,1,0.006828323472291231,0.9890497922897339,0.004121913108974695,0.9890497922897339,opo,True,True
163988,2024-08,opo,1,0.1530606597661972,0.8221005797386169,0.024838771671056747,0.8221005797386169,opo,True,True
163989,2024-08,gov,0,0.7969656586647034,0.0952024757862091,0.10783185064792633,0.7969656586647034,gov,True,True
163992,2024-08,gov,0,0.793597936630249,0.006219233851879835,0.20018287003040314,0.793597936630249,gov,True,True
163993,2024-08,uncertain,2,0.3239865005016327,0.015888890251517296,0.6601245999336243,0.6601245999336243,uncertain,True,True
163996,2024-08,gov,0,0.9326473474502563,0.004168237559497356,0.06318442523479462,0.9326473474502563,gov,True,True
163998,2024-08,gov,0,0.9358735680580139,0.048104677349328995,0.01602182909846306,0.9358735680580139,gov,True,True
164709,2024-08,gov,0,0.9036815166473389,0.02259320206940174,0.07372523844242096,0.9036815166473389,gov,True,True
164710,2024-08,gov,0,0.993129551410675,0.002256693784147501,0.004613739904016256,0.993129551410675,gov,True,True
164711,2024-08,gov,0,0.9809339642524719,0.010258035734295845,0.008807995356619358,0.9809339642524719,gov,True,True
164712,2024-08,gov,0,0.9775288105010986,0.01579231396317482,0.006678852252662182,0.9775288105010986,gov,True,True
164713,2024-08,gov,0,0.9336472749710083,0.03352823853492737,0.03282446414232254,0.9336472749710083,gov,True,True
164714,2024-08,gov,0,0.8395071625709534,0.027740010991692543,0.13275285065174103,0.8395071625709534,gov,True,True
164715,2024-08,opo,1,0.3222407102584839,0.5811845660209656,0.09657476097345352,0.5811845660209656,gov,True,True
164716,2024-08,opo,1,0.056401610374450684,0.9341440796852112,0.009454276412725449,0.9341440796852112,opo,True,True
165430,2024-08,gov,0,0.8839306831359863,0.0474524088203907,0.06861694902181625,0.8839306831359863,gov,True,True
165433,2024-08,gov,0,0.8657647967338562,0.11318841576576233,0.021046852692961693,0.8657647967338562,gov,True,True
165435,2024-08,opo,1,0.08331635594367981,0.9023357629776001,0.014347866177558899,0.9023357629776001,opo,True,True
165436,2024-08,opo,1,0.011874767951667309,0.9873939752578735,0.0007312676170840859,0.9873939752578735,opo,True,True
166150,2024-08,gov,0,0.9123202562332153,0.05336948484182358,0.03431021422147751,0.9123202562332153,gov,True,True
166152,2024-08,opo,1,0.26637527346611023,0.7171434760093689,0.01648125611245632,0.7171434760093689,opo,True,True
166154,2024-08,gov,0,0.9104692935943604,0.08793856203556061,0.0015921193407848477,0.9104692935943604,gov,True,True
166155,2024-08,gov,0,0.7686326503753662,0.22298146784305573,0.008385851047933102,0.7686326503753662,gov,True,True
166156,2024-08,opo,1,0.046161580830812454,0.9524182081222534,0.0014202124439179897,0.9524182081222534,opo,True,True
166157,2024-08,opo,1,0.2396683692932129,0.734613299369812,0.025718307122588158,0.734613299369812,gov,True,True
166873,2024-08,opo,1,0.24491651356220245,0.7193824648857117,0.03570103645324707,0.7193824648857117,opo,True,True
166876,2024-08,opo,1,0.04049436002969742,0.9564186930656433,0.003086905227974057,0.9564186930656433,opo,True,True
166877,2024-08,gov,0,0.5996561646461487,0.3390737473964691,0.061270054429769516,0.5996561646461487,gov,True,True
167591,2024-08,gov,0,0.8751072883605957,0.1065983772277832,0.0182943195104599,0.8751072883605957,gov,True,True
167592,2024-08,gov,0,0.8902862071990967,0.07706259191036224,0.03265121579170227,0.8902862071990967,gov,True,True
167594,2024-08,gov,0,0.9695652723312378,0.025275789201259613,0.0051589952781796455,0.9695652723312378,gov,True,True
167597,2024-08,opo,1,0.48201632499694824,0.48608386516571045,0.031899768859148026,0.48608386516571045,gov,True,True
168313,2024-08,gov,0,0.9778923392295837,0.009006177075207233,0.013101515360176563,0.9778923392295837,gov,True,True
168316,2024-08,opo,1,0.13875582814216614,0.8322439789772034,0.02900017239153385,0.8322439789772034,opo,True,True
169035,2024-08,gov,0,0.8594322800636292,0.06633736938238144,0.07423041015863419,0.8594322800636292,gov,True,True
169036,2024-08,gov,0,0.914004385471344,0.0725765973329544,0.013418993912637234,0.914004385471344,gov,True,True
169037,2024-08,gov,0,0.9798562526702881,0.00958961434662342,0.010554236359894276,0.9798562526702881,gov,True,True
169756,2024-08,gov,0,0.9914672374725342,0.004645220935344696,0.003887530416250229,0.9914672374725342,gov,True,True
143838,2024-09,gov,0,0.9295718669891357,0.025571174919605255,0.04485702887177467,0.9295718669891357,gov,True,True
145998,2024-09,gov,0,0.9406608939170837,0.012094617821276188,0.047244444489479065,0.9406608939170837,gov,True,True
147437,2024-09,gov,0,0.8488234281539917,0.01902426779270172,0.13215228915214539,0.8488234281539917,gov,True,True
147438,2024-09,gov,0,0.9631526470184326,0.010362640954554081,0.02648470364511013,0.9631526470184326,gov,True,True
147439,2024-09,gov,0,0.9438273310661316,0.006741669494658709,0.04943101853132248,0.9438273310661316,gov,True,True
148158,2024-09,gov,0,0.806296169757843,0.07142213732004166,0.1222817450761795,0.806296169757843,gov,True,True
149597,2024-09,uncertain,2,0.4223252534866333,0.07898309826850891,0.4986916482448578,0.4986916482448578,uncertain,True,True
150307,2024-09,gov,0,0.7698238492012024,0.06424057483673096,0.16593560576438904,0.7698238492012024,gov,True,True
150317,2024-09,gov,0,0.7834449410438538,0.04784230887889862,0.16871277987957,0.7834449410438538,gov,True,True
151756,2024-09,gov,0,0.7285422682762146,0.06328536570072174,0.20817232131958008,0.7285422682762146,gov,True,True
151757,2024-09,uncertain,2,0.10978326201438904,0.01804567687213421,0.8721710443496704,0.8721710443496704,uncertain,True,True
152476,2024-09,gov,0,0.9163078665733337,0.02879924140870571,0.05489286780357361,0.9163078665733337,gov,True,True
153190,2024-09,gov,0,0.930392861366272,0.018639372661709785,0.050967756658792496,0.930392861366272,gov,True,True
153191,2024-09,gov,0,0.9603065252304077,0.023288628086447716,0.016404829919338226,0.9603065252304077,gov,True,True
153192,2024-09,gov,0,0.9543273448944092,0.01129512581974268,0.0343775674700737,0.9543273448944092,gov,True,True
153193,2024-09,gov,0,0.932375431060791,0.004517216235399246,0.06310725957155228,0.932375431060791,gov,True,True
153196,2024-09,gov,0,0.8950229287147522,0.056996334344148636,0.047980695962905884,0.8950229287147522,gov,True,True
153197,2024-09,uncertain,2,0.19776543974876404,0.045914098620414734,0.7563204765319824,0.7563204765319824,uncertain,True,True
153910,2024-09,gov,0,0.9329792857170105,0.016017837449908257,0.05100281164050102,0.9329792857170105,gov,True,True
153911,2024-09,gov,0,0.9439007043838501,0.01565948687493801,0.04043973982334137,0.9439007043838501,gov,True,True
153912,2024-09,gov,0,0.9630676507949829,0.011864736676216125,0.02506766840815544,0.9630676507949829,gov,True,True
153913,2024-09,gov,0,0.9717421531677246,0.006998218130320311,0.021259713917970657,0.9717421531677246,gov,True,True
153914,2024-09,gov,0,0.9288573265075684,0.010548313148319721,0.060594335198402405,0.9288573265075684,gov,True,True
153915,2024-09,gov,0,0.8030000329017639,0.012945613823831081,0.1840544492006302,0.8030000329017639,gov,True,True
153916,2024-09,gov,0,0.8785027861595154,0.08121241629123688,0.04028486832976341,0.8785027861595154,gov,True,True
153917,2024-09,gov,0,0.7546390891075134,0.10901954025030136,0.1363414227962494,0.7546390891075134,gov,True,True
153918,2024-09,gov,0,0.6500031352043152,0.1573038399219513,0.19269300997257233,0.6500031352043152,gov,True,True
154630,2024-09,gov,0,0.9775852560997009,0.006221078336238861,0.016193674877285957,0.9775852560997009,gov,True,True
154631,2024-09,gov,0,0.967751145362854,0.008357574231922626,0.02389129437506199,0.967751145362854,gov,True,True
154632,2024-09,gov,0,0.9922154545783997,0.004566761665046215,0.0032178943511098623,0.9922154545783997,gov,True,True
154633,2024-09,gov,0,0.9964151382446289,0.0025672921910881996,0.0010175741044804454,0.9964151382446289,gov,True,True
154634,2024-09,gov,0,0.9969396591186523,0.0011032636975869536,0.0019571741577237844,0.9969396591186523,gov,True,True
154635,2024-09,gov,0,0.9723038673400879,0.0019254506332799792,0.02577068842947483,0.9723038673400879,gov,True,True
154636,2024-09,gov,0,0.9755197167396545,0.01412286702543497,0.010357450693845749,0.9755197167396545,gov,True,True
155350,2024-09,gov,0,0.8770202398300171,0.11371640861034393,0.009263346903026104,0.8770202398300171,gov,True,True
155351,2024-09,gov,0,0.9613730907440186,0.033298034220933914,0.0053289285860955715,0.9613730907440186,gov,True,True
155352,2024-09,gov,0,0.9834029078483582,0.008707058615982533,0.007889929227530956,0.9834029078483582,gov,True,True
155354,2024-09,gov,0,0.9670618772506714,0.013570481911301613,0.019367622211575508,0.9670618772506714,gov,True,True
156069,2024-09,opo,1,0.3784620463848114,0.5959895849227905,0.025548361241817474,0.5959895849227905,opo,True,True
156071,2024-09,gov,0,0.9859369397163391,0.012079860083758831,0.0019831759855151176,0.9859369397163391,gov,True,True
156072,2024-09,gov,0,0.9900801777839661,0.0031304776202887297,0.006789320148527622,0.9900801777839661,gov,True,True
156073,2024-09,gov,0,0.9818263053894043,0.0028063689824193716,0.015367399901151657,0.9818263053894043,gov,True,True
156074,2024-09,gov,0,0.8940860033035278,0.04545755311846733,0.06045641005039215,0.8940860033035278,gov,True,True
156075,2024-09,uncertain,2,0.08185272663831711,0.03292251378297806,0.8852246999740601,0.8852246999740601,uncertain,True,True
156788,2024-09,gov,0,0.7309866547584534,0.16051585972309113,0.10849744826555252,0.7309866547584534,gov,True,True
156789,2024-09,gov,0,0.4833163619041443,0.33105650544166565,0.18562710285186768,0.4833163619041443,gov,True,True
156791,2024-09,gov,0,0.9789882898330688,0.007026667706668377,0.01398500893265009,0.9789882898330688,gov,True,True
156792,2024-09,gov,0,0.9908022880554199,0.0008771230350248516,0.008320522494614124,0.9908022880554199,gov,True,True
156793,2024-09,gov,0,0.9442521929740906,0.0031284710858017206,0.0526193305850029,0.9442521929740906,gov,True,True
156794,2024-09,gov,0,0.8035038113594055,0.087215855717659,0.10928023606538773,0.8035038113594055,gov,True,True
156795,2024-09,opo,1,0.036766763776540756,0.6666731238365173,0.29656004905700684,0.6666731238365173,opo,True,True
156796,2024-09,opo,1,0.1045004203915596,0.8523073196411133,0.04319227859377861,0.8523073196411133,opo,True,True
157508,2024-09,gov,0,0.7583050727844238,0.15520477294921875,0.08649012446403503,0.7583050727844238,gov,True,True
157509,2024-09,gov,0,0.6278266906738281,0.26092585921287537,0.11124753206968307,0.6278266906738281,opo,True,True
157510,2024-09,gov,0,0.8639172315597534,0.07290341705083847,0.06317935138940811,0.8639172315597534,gov,True,True
157511,2024-09,gov,0,0.8503389358520508,0.0191485658288002,0.13051249086856842,0.8503389358520508,gov,True,True
157513,2024-09,uncertain,2,0.3640253245830536,0.006922312080860138,0.6290524005889893,0.6290524005889893,uncertain,True,True
157514,2024-09,uncertain,2,0.3037993013858795,0.04038712754845619,0.6558135151863098,0.6558135151863098,gov,True,True
157515,2024-09,uncertain,2,0.0604148805141449,0.059389542788267136,0.880195677280426,0.880195677280426,uncertain,True,True
158229,2024-09,gov,0,0.4761377274990082,0.4340590238571167,0.08980324864387512,0.4761377274990082,gov,True,True
158231,2024-09,gov,0,0.8618966937065125,0.03763161599636078,0.10047165304422379,0.8618966937065125,gov,True,True
158233,2024-09,gov,0,0.8513230681419373,0.041734401136636734,0.10694253444671631,0.8513230681419373,gov,True,True
158235,2024-09,opo,1,0.16656018793582916,0.7387177348136902,0.09472212940454483,0.7387177348136902,opo,True,True
158236,2024-09,opo,1,0.04287274181842804,0.9472758769989014,0.009851406328380108,0.9472758769989014,opo,True,True
158237,2024-09,opo,1,0.1347552388906479,0.8505364656448364,0.014708262868225574,0.8505364656448364,opo,True,True
158238,2024-09,gov,0,0.8277079463005066,0.11832607537508011,0.05396592244505882,0.8277079463005066,gov,True,True
158946,2024-09,gov,0,0.6972143054008484,0.19975541532039642,0.10303019732236862,0.6972143054008484,gov,True,True
158947,2024-09,opo,1,0.14744538068771362,0.7445330619812012,0.10802159458398819,0.7445330619812012,opo,True,True
158949,2024-09,gov,0,0.8602335453033447,0.10007684677839279,0.0396895669400692,0.8602335453033447,gov,True,True
158950,2024-09,gov,0,0.9847310781478882,0.004664482548832893,0.010604510083794594,0.9847310781478882,gov,True,True
158951,2024-09,gov,0,0.9508172273635864,0.009263589978218079,0.03991921618580818,0.9508172273635864,gov,True,True
158952,2024-09,gov,0,0.9318417310714722,0.013353770598769188,0.054804448038339615,0.9318417310714722,gov,True,True
158953,2024-09,gov,0,0.9168093204498291,0.008563337847590446,0.07462727278470993,0.9168093204498291,gov,True,True
158954,2024-09,gov,0,0.9246600270271301,0.03392447903752327,0.04141557216644287,0.9246600270271301,gov,True,True
158955,2024-09,gov,0,0.9146878719329834,0.07085543870925903,0.014456601813435555,0.9146878719329834,gov,True,True
158956,2024-09,gov,0,0.9116935133934021,0.08199502527713776,0.006311425939202309,0.9116935133934021,gov,True,True
158957,2024-09,gov,0,0.9550228118896484,0.03990630432963371,0.0050708879716694355,0.9550228118896484,gov,True,True
158958,2024-09,gov,0,0.9743527173995972,0.01642482914030552,0.009222469292581081,0.9743527173995972,gov,True,True
158960,2024-09,gov,0,0.8689764738082886,0.01940755732357502,0.11161588132381439,0.8689764738082886,gov,True,True
159665,2024-09,uncertain,2,0.09211930632591248,0.0946527048945427,0.8132280111312866,0.8132280111312866,uncertain,True,True
159666,2024-09,opo,1,0.01831914111971855,0.977706789970398,0.003974074963480234,0.977706789970398,opo,True,True
159667,2024-09,opo,1,0.006327448878437281,0.9886922836303711,0.004980245139449835,0.9886922836303711,opo,True,True
159668,2024-09,opo,1,0.20007985830307007,0.6836702227592468,0.11624985188245773,0.6836702227592468,opo,True,True
159670,2024-09,gov,0,0.959434449672699,0.0019928261172026396,0.03857267275452614,0.959434449672699,gov,True,True
159671,2024-09,gov,0,0.9955589771270752,0.0004232636420056224,0.004017781000584364,0.9955589771270752,gov,True,True
159672,2024-09,gov,0,0.9950971007347107,0.0007977975765243173,0.004105166997760534,0.9950971007347107,gov,True,True
159673,2024-09,gov,0,0.9826940894126892,0.004034730605781078,0.01327111478894949,0.9826940894126892,gov,True,True
159674,2024-09,gov,0,0.9623259902000427,0.005574367009103298,0.03209959715604782,0.9623259902000427,gov,True,True
159675,2024-09,gov,0,0.8730337023735046,0.006513715721666813,0.12045256048440933,0.8730337023735046,gov,True,True
159676,2024-09,gov,0,0.9809508323669434,0.0035563819110393524,0.015492799691855907,0.9809508323669434,gov,True,True
159679,2024-09,gov,0,0.9318113327026367,0.02941844053566456,0.03877028077840805,0.9318113327026367,gov,True,True
159680,2024-09,gov,0,0.886942982673645,0.027809254825115204,0.08524775505065918,0.886942982673645,gov,True,True
160386,2024-09,opo,1,0.01577763445675373,0.9729397892951965,0.011282629333436489,0.9729397892951965,opo,True,True
160388,2024-09,gov,0,0.47097599506378174,0.09852027148008347,0.430503785610199,0.47097599506378174,gov,True,True
160389,2024-09,uncertain,2,0.023716991767287254,0.0026457710191607475,0.9736372232437134,0.9736372232437134,uncertain,True,True
160390,2024-09,uncertain,2,0.05856049805879593,0.006718887481838465,0.9347205758094788,0.9347205758094788,uncertain,True,True
160391,2024-09,gov,0,0.5708680748939514,0.05559660866856575,0.37353527545928955,0.5708680748939514,uncertain,True,True
160392,2024-09,gov,0,0.9851694107055664,0.005707353353500366,0.009123256430029869,0.9851694107055664,gov,True,True
160393,2024-09,gov,0,0.9708720445632935,0.010619300417602062,0.018508611246943474,0.9708720445632935,gov,True,True
160394,2024-09,gov,0,0.9706352353096008,0.002033638535067439,0.02733124978840351,0.9706352353096008,gov,True,True
160396,2024-09,gov,0,0.949056088924408,0.0024473185185343027,0.048496589064598083,0.949056088924408,gov,True,True
160397,2024-09,gov,0,0.9877169728279114,0.007340684067457914,0.004942306783050299,0.9877169728279114,gov,True,True
160399,2024-09,gov,0,0.9742979407310486,0.011901126243174076,0.013800802640616894,0.9742979407310486,gov,True,True
160400,2024-09,gov,0,0.914178192615509,0.022695938125252724,0.06312575936317444,0.914178192615509,gov,True,True
161107,2024-09,opo,1,0.07074248045682907,0.8781251907348633,0.05113232508301735,0.8781251907348633,opo,True,True
161109,2024-09,uncertain,2,0.007234229706227779,0.0015254648169502616,0.9912403225898743,0.9912403225898743,uncertain,True,True
161110,2024-09,uncertain,2,0.04106106236577034,0.004378674551844597,0.9545602798461914,0.9545602798461914,uncertain,True,True
161111,2024-09,gov,0,0.8360137343406677,0.015972424298524857,0.14801384508609772,0.8360137343406677,gov,True,True
161112,2024-09,gov,0,0.9926955699920654,0.001061509014107287,0.006242976989597082,0.9926955699920654,gov,True,True
161113,2024-09,gov,0,0.9946483969688416,0.0027566596399992704,0.002594970166683197,0.9946483969688416,gov,True,True
161116,2024-09,gov,0,0.9053876996040344,0.0024345519486814737,0.09217769652605057,0.9053876996040344,gov,True,True
161117,2024-09,gov,0,0.9269541501998901,0.04675497114658356,0.026290852576494217,0.9269541501998901,gov,True,True
161118,2024-09,gov,0,0.7728368043899536,0.2113807201385498,0.015782514587044716,0.7728368043899536,gov,True,True
161119,2024-09,gov,0,0.913948118686676,0.06643175333738327,0.019620180130004883,0.913948118686676,gov,True,True
161120,2024-09,gov,0,0.9191609025001526,0.030421029776334763,0.050418026745319366,0.9191609025001526,gov,True,True
161827,2024-09,opo,1,0.011429276317358017,0.985044002532959,0.00352674862369895,0.985044002532959,opo,True,True
161829,2024-09,uncertain,2,0.008071237243711948,0.0008547996403649449,0.9910740256309509,0.9910740256309509,uncertain,True,True
161830,2024-09,uncertain,2,0.05352013185620308,0.007344079669564962,0.9391357898712158,0.9391357898712158,uncertain,True,True
161831,2024-09,gov,0,0.6685304045677185,0.0279777143150568,0.30349186062812805,0.6685304045677185,gov,True,True
161832,2024-09,gov,0,0.8868924379348755,0.06153734773397446,0.05157019570469856,0.8868924379348755,gov,True,True
161833,2024-09,gov,0,0.7246411442756653,0.23258504271507263,0.04277389124035835,0.7246411442756653,gov,True,True
161834,2024-09,uncertain,2,0.14040939509868622,0.10537007451057434,0.7542206048965454,0.7542206048965454,uncertain,True,True
161837,2024-09,opo,1,0.20464164018630981,0.7752392888069153,0.020119063556194305,0.7752392888069153,opo,True,True
161839,2024-09,opo,1,0.20263297855854034,0.7910958528518677,0.006271155085414648,0.7910958528518677,opo,True,True
162547,2024-09,opo,1,0.04890234023332596,0.938685417175293,0.012412266805768013,0.938685417175293,opo,True,True
162548,2024-09,uncertain,2,0.1005648747086525,0.0566670261323452,0.842768132686615,0.842768132686615,gov,True,True
162549,2024-09,uncertain,2,0.19156652688980103,0.027149751782417297,0.7812837362289429,0.7812837362289429,uncertain,True,True
162550,2024-09,opo,1,0.09152905642986298,0.874147355556488,0.03432365879416466,0.874147355556488,opo,True,True
162551,2024-09,gov,0,0.46368643641471863,0.2970469892024994,0.23926658928394318,0.46368643641471863,gov,True,True
162552,2024-09,gov,0,0.5472118258476257,0.31801363825798035,0.1347745656967163,0.5472118258476257,gov,True,True
162553,2024-09,opo,1,0.08687534183263779,0.8767962455749512,0.036328405141830444,0.8767962455749512,opo,True,True
162554,2024-09,uncertain,2,0.08203406631946564,0.29130709171295166,0.6266588568687439,0.6266588568687439,uncertain,True,True
162555,2024-09,uncertain,2,0.14936654269695282,0.3928837776184082,0.4577496349811554,0.4577496349811554,opo,True,True
162556,2024-09,opo,1,0.37725698947906494,0.5882142782211304,0.034528736025094986,0.5882142782211304,gov,True,True
162558,2024-09,opo,1,0.0010383877670392394,0.9977524876594543,0.0012091828975826502,0.9977524876594543,opo,True,True
162559,2024-09,opo,1,0.012263310141861439,0.9794115424156189,0.008325176313519478,0.9794115424156189,opo,True,True
163267,2024-09,opo,1,0.018990403041243553,0.9619108438491821,0.019098792225122452,0.9619108438491821,opo,True,True
163268,2024-09,uncertain,2,0.009561787359416485,0.044576987624168396,0.945861279964447,0.945861279964447,uncertain,True,True
163269,2024-09,uncertain,2,0.019348811358213425,0.03427562862634659,0.9463754892349243,0.9463754892349243,uncertain,True,True
163271,2024-09,gov,0,0.5607283115386963,0.021453779190778732,0.4178178906440735,0.5607283115386963,gov,True,True
163272,2024-09,uncertain,2,0.017157843336462975,0.015147593803703785,0.9676946401596069,0.9676946401596069,uncertain,True,True
163274,2024-09,uncertain,2,0.018028274178504944,0.0019524605013430119,0.9800193309783936,0.9800193309783936,uncertain,True,True
163275,2024-09,uncertain,2,0.027357054874300957,0.0010185173014178872,0.9716244339942932,0.9716244339942932,uncertain,True,True
163276,2024-09,uncertain,2,0.2621859014034271,0.005722350906580687,0.7320917248725891,0.7320917248725891,uncertain,True,True
163278,2024-09,opo,1,0.025996623560786247,0.9687243103981018,0.005279066972434521,0.9687243103981018,opo,True,True
163988,2024-09,opo,1,0.12147444486618042,0.8338455557823181,0.044679999351501465,0.8338455557823181,opo,True,True
163989,2024-09,gov,0,0.8036799430847168,0.07507254928350449,0.12124750018119812,0.8036799430847168,gov,True,True
163992,2024-09,gov,0,0.8071286678314209,0.03138921409845352,0.1614820957183838,0.8071286678314209,gov,True,True
163993,2024-09,uncertain,2,0.04479541257023811,0.016030825674533844,0.9391737580299377,0.9391737580299377,uncertain,True,True
163996,2024-09,gov,0,0.9116795659065247,0.02350594475865364,0.06481447070837021,0.9116795659065247,gov,True,True
163998,2024-09,gov,0,0.8599727749824524,0.11831004172563553,0.02171718329191208,0.8599727749824524,gov,True,True
164709,2024-09,gov,0,0.9425361752510071,0.0076123690232634544,0.04985147342085838,0.9425361752510071,gov,True,True
164710,2024-09,gov,0,0.9925934672355652,0.002768411301076412,0.004638181999325752,0.9925934672355652,gov,True,True
164711,2024-09,gov,0,0.9532434344291687,0.028352860361337662,0.01840372569859028,0.9532434344291687,gov,True,True
164712,2024-09,gov,0,0.9760312438011169,0.021654419600963593,0.0023143852595239878,0.9760312438011169,gov,True,True
164713,2024-09,gov,0,0.9397512674331665,0.03013024665415287,0.030118484050035477,0.9397512674331665,gov,True,True
164714,2024-09,gov,0,0.9183618426322937,0.02472858503460884,0.05690959841012955,0.9183618426322937,gov,True,True
164715,2024-09,gov,0,0.8961253762245178,0.09605897217988968,0.007815641351044178,0.8961253762245178,gov,True,True
164716,2024-09,opo,1,0.15531934797763824,0.8387494683265686,0.0059311469085514545,0.8387494683265686,opo,True,True
165430,2024-09,gov,0,0.8516204357147217,0.08724602311849594,0.06113350763916969,0.8516204357147217,gov,True,True
165433,2024-09,gov,0,0.7690138220787048,0.21291495859622955,0.01807122677564621,0.7690138220787048,gov,True,True
165435,2024-09,opo,1,0.1688883751630783,0.8022317886352539,0.02887982875108719,0.8022317886352539,opo,True,True
165436,2024-09,opo,1,0.07325144857168198,0.9252889156341553,0.0014596754917874932,0.9252889156341553,opo,True,True
166150,2024-09,gov,0,0.8871644139289856,0.06806370615959167,0.044771865010261536,0.8871644139289856,gov,True,True
166152,2024-09,opo,1,0.26831212639808655,0.7139527797698975,0.017735101282596588,0.7139527797698975,opo,True,True
166154,2024-09,gov,0,0.9335098266601562,0.059841323643922806,0.006648796144872904,0.9335098266601562,gov,True,True
166155,2024-09,gov,0,0.9157553911209106,0.06874511390924454,0.015499518252909184,0.9157553911209106,gov,True,True
166156,2024-09,opo,1,0.2344549298286438,0.7632634043693542,0.0022817004937678576,0.7632634043693542,opo,True,True
166157,2024-09,gov,0,0.5718779563903809,0.4015125036239624,0.026609458029270172,0.5718779563903809,gov,True,True
166873,2024-09,gov,0,0.7564789056777954,0.1666540652513504,0.07686704397201538,0.7564789056777954,gov,True,True
166876,2024-09,gov,0,0.5240766406059265,0.4689071476459503,0.007016204297542572,0.5240766406059265,opo,True,True
166877,2024-09,gov,0,0.9437626600265503,0.04618502035737038,0.010052377358078957,0.9437626600265503,gov,True,True
167591,2024-09,gov,0,0.8980688452720642,0.052349332720041275,0.04958179220557213,0.8980688452720642,gov,True,True
167592,2024-09,gov,0,0.947142481803894,0.03426172211766243,0.01859579049050808,0.947142481803894,gov,True,True
167594,2024-09,gov,0,0.9609729647636414,0.013702734373509884,0.025324301794171333,0.9609729647636414,gov,True,True
167597,2024-09,gov,0,0.7144427299499512,0.2642591893672943,0.02129807323217392,0.7144427299499512,gov,True,True
168313,2024-09,gov,0,0.9676035642623901,0.011799121275544167,0.020597299560904503,0.9676035642623901,gov,True,True
168316,2024-09,opo,1,0.058973606675863266,0.9174401164054871,0.023586276918649673,0.9174401164054871,opo,True,True
169035,2024-09,gov,0,0.9406213760375977,0.02531048282980919,0.034068115055561066,0.9406213760375977,gov,True,True
169036,2024-09,gov,0,0.9132384061813354,0.052987709641456604,0.033773843199014664,0.9132384061813354,gov,True,True
169037,2024-09,gov,0,0.9601879119873047,0.00896652601659298,0.030845578759908676,0.9601879119873047,gov,True,True
169756,2024-09,gov,0,0.9809044003486633,0.004640614613890648,0.014455010183155537,0.9809044003486633,gov,True,True
143838,2024-10,gov,0,0.8565124869346619,0.060090020298957825,0.08339750021696091,0.8565124869346619,gov,True,True
145998,2024-10,gov,0,0.9504439830780029,0.009445776231586933,0.040110327303409576,0.9504439830780029,gov,True,True
147437,2024-10,gov,0,0.9487046599388123,0.0016112641897052526,0.04968402162194252,0.9487046599388123,gov,True,True
147438,2024-10,gov,0,0.9162760376930237,0.003117852844297886,0.08060618489980698,0.9162760376930237,gov,True,True
147439,2024-10,gov,0,0.8314613103866577,0.0037143530789762735,0.16482439637184143,0.8314613103866577,gov,True,True
148158,2024-10,gov,0,0.7808487415313721,0.01285263616591692,0.20629864931106567,0.7808487415313721,gov,True,True
149597,2024-10,uncertain,2,0.14608295261859894,0.017281142994761467,0.836635947227478,0.836635947227478,uncertain,True,True
150307,2024-10,gov,0,0.7969603538513184,0.040108513087034225,0.1629311591386795,0.7969603538513184,gov,True,True
150317,2024-10,gov,0,0.7458669543266296,0.028357908129692078,0.22577524185180664,0.7458669543266296,gov,True,True
151756,2024-10,gov,0,0.6688336133956909,0.07527708262205124,0.25588929653167725,0.6688336133956909,gov,True,True
151757,2024-10,uncertain,2,0.14111579954624176,0.0062450529076159,0.8526391983032227,0.8526391983032227,uncertain,True,True
152476,2024-10,gov,0,0.8552494049072266,0.03242630511522293,0.1123243123292923,0.8552494049072266,gov,True,True
153190,2024-10,gov,0,0.946414053440094,0.015287856571376324,0.03829813003540039,0.946414053440094,gov,True,True
153191,2024-10,gov,0,0.9280615448951721,0.028926899656653404,0.04301156476140022,0.9280615448951721,gov,True,True
153192,2024-10,gov,0,0.9279295206069946,0.007733040023595095,0.06433738768100739,0.9279295206069946,gov,True,True
153193,2024-10,gov,0,0.9520334005355835,0.002777707763016224,0.045188967138528824,0.9520334005355835,gov,True,True
153196,2024-10,gov,0,0.9115797877311707,0.018912354484200478,0.06950784474611282,0.9115797877311707,gov,True,True
153197,2024-10,uncertain,2,0.16175676882266998,0.02452818863093853,0.8137149810791016,0.8137149810791016,uncertain,True,True
153910,2024-10,gov,0,0.911507785320282,0.012153941206634045,0.0763382837176323,0.911507785320282,gov,True,True
153911,2024-10,gov,0,0.9112560749053955,0.021461835131049156,0.06728200614452362,0.9112560749053955,gov,True,True
153912,2024-10,gov,0,0.9476406574249268,0.01935572922229767,0.03300360217690468,0.9476406574249268,gov,True,True
153913,2024-10,gov,0,0.9421408176422119,0.014209975488483906,0.04364927485585213,0.9421408176422119,gov,True,True
153914,2024-10,gov,0,0.8911833167076111,0.04059387370944023,0.068222776055336,0.8911833167076111,gov,True,True
153915,2024-10,gov,0,0.8717772960662842,0.03485076129436493,0.09337188303470612,0.8717772960662842,gov,True,True
153916,2024-10,gov,0,0.8878481984138489,0.07796205580234528,0.034189727157354355,0.8878481984138489,gov,True,True
153917,2024-10,gov,0,0.6242972612380981,0.11518481373786926,0.2605178952217102,0.6242972612380981,gov,True,True
153918,2024-10,opo,1,0.3863830864429474,0.4575665593147278,0.15605033934116364,0.4575665593147278,opo,True,True
154630,2024-10,gov,0,0.969471275806427,0.003405738854780793,0.027123024687170982,0.969471275806427,gov,True,True
154631,2024-10,gov,0,0.965932309627533,0.013103881850838661,0.02096383273601532,0.965932309627533,gov,True,True
154632,2024-10,gov,0,0.9862709045410156,0.011306886561214924,0.0024222866632044315,0.9862709045410156,gov,True,True
154633,2024-10,gov,0,0.993963897228241,0.004678269382566214,0.001357934670522809,0.993963897228241,gov,True,True
154634,2024-10,gov,0,0.9889516234397888,0.005284739658236504,0.005763587541878223,0.9889516234397888,gov,True,True
154635,2024-10,gov,0,0.9381775856018066,0.009911573491990566,0.0519108921289444,0.9381775856018066,gov,True,True
154636,2024-10,gov,0,0.954711377620697,0.027320437133312225,0.01796821504831314,0.954711377620697,gov,True,True
155350,2024-10,gov,0,0.9242221713066101,0.05605548620223999,0.019722366705536842,0.9242221713066101,gov,True,True
155351,2024-10,gov,0,0.9764776229858398,0.015856849029660225,0.007665572222322226,0.9764776229858398,gov,True,True
155352,2024-10,gov,0,0.9896371960639954,0.007690909784287214,0.002671852009370923,0.9896371960639954,gov,True,True
155354,2024-10,gov,0,0.907709002494812,0.019602671265602112,0.07268840074539185,0.907709002494812,gov,True,True
156069,2024-10,opo,1,0.31084245443344116,0.665008544921875,0.024149011820554733,0.665008544921875,opo,True,True
156071,2024-10,gov,0,0.9671383500099182,0.022408965975046158,0.010452711954712868,0.9671383500099182,gov,True,True
156072,2024-10,gov,0,0.92954021692276,0.03625723347067833,0.034202560782432556,0.92954021692276,gov,True,True
156073,2024-10,gov,0,0.9625186324119568,0.013445738703012466,0.024035591632127762,0.9625186324119568,gov,True,True
156074,2024-10,gov,0,0.7576180100440979,0.029107602313160896,0.21327441930770874,0.7576180100440979,gov,True,True
156075,2024-10,uncertain,2,0.12069212645292282,0.014576088637113571,0.8647317290306091,0.8647317290306091,uncertain,True,True
156788,2024-10,gov,0,0.8277100324630737,0.05165841057896614,0.1206316128373146,0.8277100324630737,gov,True,True
156789,2024-10,gov,0,0.7539536356925964,0.2156716287136078,0.030374739319086075,0.7539536356925964,gov,True,True
156791,2024-10,gov,0,0.9357321858406067,0.027015963569283485,0.037251900881528854,0.9357321858406067,gov,True,True
156792,2024-10,gov,0,0.9126647114753723,0.004909877199679613,0.08242539316415787,0.9126647114753723,gov,True,True
156793,2024-10,gov,0,0.9337019324302673,0.0008537107496522367,0.06544432789087296,0.9337019324302673,gov,True,True
156794,2024-10,gov,0,0.9770738482475281,0.008750376291573048,0.014175690710544586,0.9770738482475281,gov,True,True
156795,2024-10,opo,1,0.14953483641147614,0.6361605525016785,0.2143046110868454,0.6361605525016785,opo,True,True
156796,2024-10,opo,1,0.2685116231441498,0.7132014632225037,0.018286919221282005,0.7132014632225037,opo,True,True
157508,2024-10,opo,1,0.2557308077812195,0.4254656434059143,0.3188035488128662,0.4254656434059143,gov,True,True
157509,2024-10,opo,1,0.09812550991773605,0.8844286203384399,0.017445877194404602,0.8844286203384399,opo,True,True
157510,2024-10,gov,0,0.7004847526550293,0.22969943284988403,0.06981586664915085,0.7004847526550293,gov,True,True
157511,2024-10,gov,0,0.9130450487136841,0.0317380465567112,0.055216845124959946,0.9130450487136841,gov,True,True
157513,2024-10,uncertain,2,0.3073199987411499,0.0002879907260648906,0.6923919916152954,0.6923919916152954,uncertain,True,True
157514,2024-10,gov,0,0.5120961666107178,0.011046133935451508,0.4768576920032501,0.5120961666107178,gov,True,True
157515,2024-10,uncertain,2,0.2975277900695801,0.08384233713150024,0.6186299324035645,0.6186299324035645,uncertain,True,True
158229,2024-10,opo,1,0.022367820143699646,0.9497336745262146,0.027898581698536873,0.9497336745262146,opo,True,True
158231,2024-10,gov,0,0.8847399353981018,0.017772069200873375,0.0974879115819931,0.8847399353981018,gov,True,True
158233,2024-10,gov,0,0.9379546642303467,0.010654743760824203,0.05139056593179703,0.9379546642303467,gov,True,True
158235,2024-10,opo,1,0.17465777695178986,0.7913567423820496,0.03398545831441879,0.7913567423820496,opo,True,True
158236,2024-10,opo,1,0.02453933283686638,0.9652289748191833,0.010231725871562958,0.9652289748191833,opo,True,True
158237,2024-10,opo,1,0.06425466388463974,0.9134502410888672,0.022295067086815834,0.9134502410888672,opo,True,True
158238,2024-10,gov,0,0.8465328216552734,0.09848726540803909,0.0549798347055912,0.8465328216552734,gov,True,True
158946,2024-10,opo,1,0.3631525933742523,0.4032863974571228,0.23356099426746368,0.4032863974571228,gov,True,True
158947,2024-10,opo,1,0.07229088246822357,0.8975193500518799,0.030189799144864082,0.8975193500518799,opo,True,True
158949,2024-10,gov,0,0.7515063881874084,0.20041963458061218,0.04807404801249504,0.7515063881874084,gov,True,True
158950,2024-10,gov,0,0.9602652192115784,0.015056944452226162,0.02467784658074379,0.9602652192115784,gov,True,True
158951,2024-10,gov,0,0.9637682437896729,0.009690981358289719,0.026540758088231087,0.9637682437896729,gov,True,True
158952,2024-10,gov,0,0.9724193811416626,0.007129773031920195,0.020450836047530174,0.9724193811416626,gov,True,True
158953,2024-10,gov,0,0.994788646697998,0.0036111343652009964,0.0016001742333173752,0.994788646697998,gov,True,True
158954,2024-10,gov,0,0.9921104311943054,0.0061999657191336155,0.0016895650187507272,0.9921104311943054,gov,True,True
158955,2024-10,gov,0,0.9776549339294434,0.017841242253780365,0.004503785632550716,0.9776549339294434,gov,True,True
158956,2024-10,gov,0,0.9767483472824097,0.022070802748203278,0.0011808216804638505,0.9767483472824097,gov,True,True
158957,2024-10,gov,0,0.9530230760574341,0.029431940987706184,0.017545057460665703,0.9530230760574341,gov,True,True
158958,2024-10,gov,0,0.9455106258392334,0.023860681802034378,0.030628742650151253,0.9455106258392334,gov,True,True
158960,2024-10,gov,0,0.9019493460655212,0.01265554130077362,0.08539509028196335,0.9019493460655212,gov,True,True
159665,2024-10,uncertain,2,0.09758304804563522,0.06960541009902954,0.8328115344047546,0.8328115344047546,uncertain,True,True
159666,2024-10,opo,1,0.030117500573396683,0.9220055937767029,0.04787686839699745,0.9220055937767029,opo,True,True
159667,2024-10,opo,1,0.004092414863407612,0.9938732385635376,0.002034390578046441,0.9938732385635376,opo,True,True
159668,2024-10,opo,1,0.12158456444740295,0.8594319820404053,0.01898338831961155,0.8594319820404053,opo,True,True
159670,2024-10,gov,0,0.9255473017692566,0.020256655290722847,0.054196108132600784,0.9255473017692566,gov,True,True
159671,2024-10,gov,0,0.9646146297454834,0.002793258987367153,0.03259213641285896,0.9646146297454834,gov,True,True
159672,2024-10,gov,0,0.9789409637451172,0.002347501926124096,0.01871148869395256,0.9789409637451172,gov,True,True
159673,2024-10,gov,0,0.9958652257919312,0.0018470963696017861,0.0022876691073179245,0.9958652257919312,gov,True,True
159674,2024-10,gov,0,0.9957765936851501,0.0005312542780302465,0.003692229511216283,0.9957765936851501,gov,True,True
159675,2024-10,gov,0,0.9846146702766418,0.0068666646257042885,0.008518623188138008,0.9846146702766418,gov,True,True
159676,2024-10,gov,0,0.9868928790092468,0.009078686125576496,0.0040284921415150166,0.9868928790092468,gov,True,True
159679,2024-10,gov,0,0.9582601189613342,0.011006462387740612,0.030733386054635048,0.9582601189613342,gov,True,True
159680,2024-10,gov,0,0.8323541879653931,0.012039847671985626,0.15560589730739594,0.8323541879653931,gov,True,True
160386,2024-10,opo,1,0.014413830824196339,0.9641606211662292,0.021425524726510048,0.9641606211662292,opo,True,True
160388,2024-10,opo,1,0.07063262909650803,0.723931610584259,0.20543575286865234,0.723931610584259,gov,True,True
160389,2024-10,uncertain,2,0.008490887470543385,0.01512869168072939,0.9763803482055664,0.9763803482055664,uncertain,True,True
160390,2024-10,uncertain,2,0.046705324202775955,0.01241383608430624,0.9408807754516602,0.9408807754516602,uncertain,True,True
160391,2024-10,uncertain,2,0.06267295032739639,0.004670906811952591,0.9326560497283936,0.9326560497283936,uncertain,True,True
160392,2024-10,gov,0,0.7768492102622986,0.005439584609121084,0.2177111953496933,0.7768492102622986,gov,True,True
160393,2024-10,gov,0,0.9129531383514404,0.007628969382494688,0.079417884349823,0.9129531383514404,gov,True,True
160394,2024-10,gov,0,0.9932312965393066,0.00032835121965035796,0.006440424360334873,0.9932312965393066,gov,True,True
160396,2024-10,gov,0,0.9924325942993164,0.0023072315379977226,0.005260116420686245,0.9924325942993164,gov,True,True
160397,2024-10,gov,0,0.9944705963134766,0.0027687547262758017,0.0027606943622231483,0.9944705963134766,gov,True,True
160399,2024-10,gov,0,0.9874946475028992,0.003785383189097047,0.008719983510673046,0.9874946475028992,gov,True,True
160400,2024-10,gov,0,0.938154935836792,0.015146894380450249,0.04669814184308052,0.938154935836792,gov,True,True
161107,2024-10,opo,1,0.008443323895335197,0.9841566681861877,0.007400039583444595,0.9841566681861877,opo,True,True
161109,2024-10,uncertain,2,0.0011578935664147139,0.00027651776326820254,0.9985656142234802,0.9985656142234802,uncertain,True,True
161110,2024-10,uncertain,2,0.049282461404800415,0.010284231044352055,0.9404332041740417,0.9404332041740417,uncertain,True,True
161111,2024-10,gov,0,0.8168618083000183,0.028321916237473488,0.15481621026992798,0.8168618083000183,gov,True,True
161112,2024-10,gov,0,0.9560645818710327,0.0033677886240184307,0.040567655116319656,0.9560645818710327,gov,True,True
161113,2024-10,gov,0,0.9246883392333984,0.0262615829706192,0.049050088971853256,0.9246883392333984,gov,True,True
161116,2024-10,gov,0,0.9696201086044312,0.0004227410536259413,0.029957212507724762,0.9696201086044312,gov,True,True
161117,2024-10,gov,0,0.9707862734794617,0.003809191519394517,0.025404546409845352,0.9707862734794617,gov,True,True
161118,2024-10,gov,0,0.9271432161331177,0.0633382573723793,0.009518521837890148,0.9271432161331177,gov,True,True
161119,2024-10,gov,0,0.9253034591674805,0.05733871087431908,0.01735779270529747,0.9253034591674805,gov,True,True
161120,2024-10,gov,0,0.9533789753913879,0.02536194585263729,0.021259089931845665,0.9533789753913879,gov,True,True
161827,2024-10,opo,1,0.010442983359098434,0.9833279848098755,0.006228993181139231,0.9833279848098755,opo,True,True
161829,2024-10,uncertain,2,0.023142818361520767,0.0025480925105512142,0.9743090271949768,0.9743090271949768,uncertain,True,True
161830,2024-10,uncertain,2,0.05094064399600029,0.009331530891358852,0.939727783203125,0.939727783203125,uncertain,True,True
161831,2024-10,gov,0,0.8725188970565796,0.01171872392296791,0.11576230823993683,0.8725188970565796,gov,True,True
161832,2024-10,gov,0,0.8646993041038513,0.029309730976819992,0.10599100589752197,0.8646993041038513,gov,True,True
161833,2024-10,gov,0,0.5699527859687805,0.33071398735046387,0.09933321177959442,0.5699527859687805,gov,True,True
161834,2024-10,uncertain,2,0.0017250102246180177,0.03120889700949192,0.9670661091804504,0.9670661091804504,uncertain,True,True
161837,2024-10,opo,1,0.121402807533741,0.8126648664474487,0.06593237817287445,0.8126648664474487,opo,True,True
161839,2024-10,opo,1,0.035015642642974854,0.9625175595283508,0.0024668085388839245,0.9625175595283508,opo,True,True
162547,2024-10,opo,1,0.11037140339612961,0.8881259560585022,0.0015026453183963895,0.8881259560585022,opo,True,True
162548,2024-10,uncertain,2,0.28724661469459534,0.05366247147321701,0.6590909957885742,0.6590909957885742,gov,True,True
162549,2024-10,uncertain,2,0.050806671380996704,0.0010134909534826875,0.9481798410415649,0.9481798410415649,uncertain,True,True
162550,2024-10,opo,1,0.039282556623220444,0.8944027423858643,0.06631465256214142,0.8944027423858643,opo,True,True
162551,2024-10,gov,0,0.8407365083694458,0.11960729211568832,0.039656296372413635,0.8407365083694458,gov,True,True
162552,2024-10,gov,0,0.8116492033004761,0.046084336936473846,0.14226646721363068,0.8116492033004761,gov,True,True
162553,2024-10,opo,1,0.13816066086292267,0.8400546312332153,0.021784724667668343,0.8400546312332153,opo,True,True
162554,2024-10,uncertain,2,0.009712950326502323,0.30533459782600403,0.684952437877655,0.684952437877655,uncertain,True,True
162555,2024-10,opo,1,0.03843914717435837,0.8306980133056641,0.1308627724647522,0.8306980133056641,opo,True,True
162556,2024-10,gov,0,0.6844250559806824,0.29264527559280396,0.022929614409804344,0.6844250559806824,gov,True,True
162558,2024-10,opo,1,0.0022271815687417984,0.9974027276039124,0.0003700631787069142,0.9974027276039124,opo,True,True
162559,2024-10,opo,1,0.01379108801484108,0.9851714968681335,0.0010373895056545734,0.9851714968681335,opo,True,True
163267,2024-10,opo,1,0.02632402442395687,0.9687414169311523,0.004934572149068117,0.9687414169311523,opo,True,True
163268,2024-10,uncertain,2,0.01710989885032177,0.021801985800266266,0.9610881209373474,0.9610881209373474,uncertain,True,True
163269,2024-10,uncertain,2,0.013424736447632313,0.0004952345625497401,0.9860799908638,0.9860799908638,uncertain,True,True
163271,2024-10,gov,0,0.909309446811676,0.008736282587051392,0.08195430040359497,0.909309446811676,gov,True,True
163272,2024-10,uncertain,2,0.021212128922343254,0.0023857990745455027,0.9764020442962646,0.9764020442962646,uncertain,True,True
163274,2024-10,uncertain,2,0.0021722225937992334,0.0003733470803126693,0.9974544644355774,0.9974544644355774,uncertain,True,True
163275,2024-10,uncertain,2,0.01960952952504158,0.0017479086527600884,0.978642463684082,0.978642463684082,uncertain,True,True
163276,2024-10,uncertain,2,0.035602085292339325,0.0020046797581017017,0.9623932242393494,0.9623932242393494,uncertain,True,True
163278,2024-10,opo,1,0.02824157290160656,0.958587646484375,0.013170847669243813,0.958587646484375,opo,True,True
163988,2024-10,opo,1,0.08911579847335815,0.895591139793396,0.015293064527213573,0.895591139793396,opo,True,True
163989,2024-10,gov,0,0.8704826235771179,0.038130443543195724,0.09138689190149307,0.8704826235771179,gov,True,True
163992,2024-10,gov,0,0.9359234571456909,0.023824749514460564,0.04025186598300934,0.9359234571456909,gov,True,True
163993,2024-10,uncertain,2,0.1549968272447586,0.0025694977957755327,0.8424336314201355,0.8424336314201355,uncertain,True,True
163996,2024-10,gov,0,0.9780072569847107,0.001740393927320838,0.02025226131081581,0.9780072569847107,gov,True,True
163998,2024-10,gov,0,0.9303722381591797,0.04565166309475899,0.02397611364722252,0.9303722381591797,gov,True,True
164709,2024-10,gov,0,0.9506565928459167,0.019246088340878487,0.030097322538495064,0.9506565928459167,gov,True,True
164710,2024-10,gov,0,0.886446475982666,0.10358352959156036,0.009970055893063545,0.886446475982666,gov,True,True
164711,2024-10,opo,1,0.11423298716545105,0.8758273720741272,0.009939654730260372,0.8758273720741272,opo,True,True
164712,2024-10,gov,0,0.9352686405181885,0.06249493360519409,0.002236485481262207,0.9352686405181885,gov,True,True
164713,2024-10,gov,0,0.9911205172538757,0.0022003808990120888,0.0066790347918868065,0.9911205172538757,gov,True,True
164714,2024-10,gov,0,0.9591434001922607,0.0008510511252097785,0.040005531162023544,0.9591434001922607,gov,True,True
164715,2024-10,gov,0,0.9475310444831848,0.026840759441256523,0.0256281066685915,0.9475310444831848,gov,True,True
164716,2024-10,opo,1,0.175368532538414,0.816664457321167,0.00796706322580576,0.816664457321167,opo,True,True
165430,2024-10,gov,0,0.8329827785491943,0.032276250422000885,0.13474102318286896,0.8329827785491943,gov,True,True
165433,2024-10,gov,0,0.9492807388305664,0.04105743020772934,0.00966191291809082,0.9492807388305664,gov,True,True
165435,2024-10,opo,1,0.1795206218957901,0.8061028718948364,0.014376486651599407,0.8061028718948364,opo,True,True
165436,2024-10,opo,1,0.020077262073755264,0.9787617921829224,0.0011609760113060474,0.9787617921829224,opo,True,True
166150,2024-10,gov,0,0.7784470915794373,0.02916533127427101,0.19238758087158203,0.7784470915794373,gov,True,True
166152,2024-10,opo,1,0.1631992608308792,0.7911428809165955,0.04565785080194473,0.7911428809165955,opo,True,True
166154,2024-10,gov,0,0.958842933177948,0.034861546009778976,0.00629562558606267,0.958842933177948,gov,True,True
166155,2024-10,gov,0,0.6018432378768921,0.3810390830039978,0.01711769960820675,0.6018432378768921,gov,True,True
166156,2024-10,opo,1,0.014685431495308876,0.9849211573600769,0.00039339062641374767,0.9849211573600769,opo,True,True
166157,2024-10,opo,1,0.1710895597934723,0.8181086778640747,0.010801799595355988,0.8181086778640747,gov,True,True
166873,2024-10,gov,0,0.7169529795646667,0.2339625060558319,0.04908447340130806,0.7169529795646667,gov,True,True
166876,2024-10,opo,1,0.032645270228385925,0.9652490615844727,0.0021056344266980886,0.9652490615844727,opo,True,True
166877,2024-10,opo,1,0.06684251129627228,0.9247918128967285,0.008365720510482788,0.9247918128967285,opo,True,True
167591,2024-10,gov,0,0.9631876945495605,0.00671794218942523,0.03009432926774025,0.9631876945495605,gov,True,True
167592,2024-10,gov,0,0.9519082903862,0.014196165837347507,0.03389560431241989,0.9519082903862,gov,True,True
167594,2024-10,gov,0,0.9547733664512634,0.021218469366431236,0.02400812692940235,0.9547733664512634,gov,True,True
167597,2024-10,opo,1,0.051032524555921555,0.9431771636009216,0.005790338851511478,0.9431771636009216,opo,True,True
168313,2024-10,gov,0,0.9710582494735718,0.00648100720718503,0.022460805252194405,0.9710582494735718,gov,True,True
168316,2024-10,opo,1,0.05638377368450165,0.9355030059814453,0.00811320822685957,0.9355030059814453,opo,True,True
169035,2024-10,gov,0,0.9045858383178711,0.020020270720124245,0.07539394497871399,0.9045858383178711,gov,True,True
169036,2024-10,gov,0,0.8947866559028625,0.08561348170042038,0.019599774852395058,0.8947866559028625,gov,True,True
169037,2024-10,gov,0,0.966300904750824,0.02119923010468483,0.012499861419200897,0.966300904750824,gov,True,True
169756,2024-10,gov,0,0.9709484577178955,0.008956263773143291,0.02009526826441288,0.9709484577178955,gov,True,True
143838,2024-11,gov,0,0.8865444660186768,0.03750542923808098,0.0759500041604042,0.8865444660186768,gov,True,True
145998,2024-11,gov,0,0.9512895345687866,0.013357533141970634,0.03535293787717819,0.9512895345687866,gov,True,True
147437,2024-11,gov,0,0.9238917231559753,0.003793405368924141,0.07231482118368149,0.9238917231559753,gov,True,True
147438,2024-11,gov,0,0.9528862237930298,0.006280086003243923,0.040833741426467896,0.9528862237930298,gov,True,True
147439,2024-11,gov,0,0.8730217218399048,0.004323434084653854,0.12265479564666748,0.8730217218399048,gov,True,True
148158,2024-11,gov,0,0.8747361898422241,0.01968672126531601,0.10557714104652405,0.8747361898422241,gov,True,True
149597,2024-11,uncertain,2,0.14857728779315948,0.012646940536797047,0.8387757539749146,0.8387757539749146,uncertain,True,True
150307,2024-11,gov,0,0.840135395526886,0.04579067975282669,0.11407392472028732,0.840135395526886,gov,True,True
150317,2024-11,gov,0,0.7979123592376709,0.022001419216394424,0.18008629977703094,0.7979123592376709,gov,True,True
151756,2024-11,gov,0,0.6538130640983582,0.047557443380355835,0.29862943291664124,0.6538130640983582,gov,True,True
151757,2024-11,uncertain,2,0.25158992409706116,0.017693212255835533,0.7307168245315552,0.7307168245315552,uncertain,True,True
152476,2024-11,gov,0,0.9068493843078613,0.015250977128744125,0.07789960503578186,0.9068493843078613,gov,True,True
153190,2024-11,gov,0,0.9191877841949463,0.021794261410832405,0.05901794880628586,0.9191877841949463,gov,True,True
153191,2024-11,gov,0,0.9571219086647034,0.019939729943871498,0.022938355803489685,0.9571219086647034,gov,True,True
153192,2024-11,gov,0,0.9395110011100769,0.012496468611061573,0.04799261316657066,0.9395110011100769,gov,True,True
153193,2024-11,gov,0,0.9296717047691345,0.006991170812398195,0.06333712488412857,0.9296717047691345,gov,True,True
153196,2024-11,gov,0,0.9280546307563782,0.022474413737654686,0.049470942467451096,0.9280546307563782,gov,True,True
153197,2024-11,uncertain,2,0.17440277338027954,0.01772421970963478,0.8078729510307312,0.8078729510307312,uncertain,True,True
153910,2024-11,gov,0,0.9488294720649719,0.019467035308480263,0.03170352056622505,0.9488294720649719,gov,True,True
153911,2024-11,gov,0,0.8941762447357178,0.06649526208639145,0.03932856023311615,0.8941762447357178,gov,True,True
153912,2024-11,gov,0,0.9135916829109192,0.04015631973743439,0.046251989901065826,0.9135916829109192,gov,True,True
153913,2024-11,gov,0,0.9010117053985596,0.02521558478474617,0.07377279549837112,0.9010117053985596,gov,True,True
153914,2024-11,gov,0,0.9451596140861511,0.008654127828776836,0.04618631303310394,0.9451596140861511,gov,True,True
153915,2024-11,gov,0,0.8226428627967834,0.014999166131019592,0.162357896566391,0.8226428627967834,gov,True,True
153916,2024-11,gov,0,0.9278091192245483,0.050849612802267075,0.021341217681765556,0.9278091192245483,gov,True,True
153917,2024-11,gov,0,0.9479199647903442,0.020275531336665154,0.03180457279086113,0.9479199647903442,gov,True,True
153918,2024-11,gov,0,0.936477541923523,0.032642509788274765,0.030880020931363106,0.936477541923523,gov,True,True
154630,2024-11,gov,0,0.9940696954727173,0.0022002519108355045,0.0037300619296729565,0.9940696954727173,gov,True,True
154631,2024-11,gov,0,0.9790211915969849,0.010411215014755726,0.010567612014710903,0.9790211915969849,gov,True,True
154632,2024-11,gov,0,0.9867621064186096,0.008375388570129871,0.004862463567405939,0.9867621064186096,gov,True,True
154633,2024-11,gov,0,0.9952391386032104,0.0015474880347028375,0.0032133529894053936,0.9952391386032104,gov,True,True
154634,2024-11,gov,0,0.9947792291641235,0.0011006208369508386,0.004120200872421265,0.9947792291641235,gov,True,True
154635,2024-11,gov,0,0.9807848930358887,0.0014053911436349154,0.017809737473726273,0.9807848930358887,gov,True,True
154636,2024-11,gov,0,0.9709745049476624,0.017921816557645798,0.011103691533207893,0.9709745049476624,gov,True,True
155350,2024-11,gov,0,0.9527124166488647,0.04446357116103172,0.0028239714447408915,0.9527124166488647,gov,True,True
155351,2024-11,gov,0,0.9803596138954163,0.013470095582306385,0.0061702243983745575,0.9803596138954163,gov,True,True
155352,2024-11,gov,0,0.9671621918678284,0.01171768456697464,0.021120095625519753,0.9671621918678284,gov,True,True
155354,2024-11,gov,0,0.7519330382347107,0.01336583774536848,0.23470111191272736,0.7519330382347107,gov,True,True
156069,2024-11,opo,1,0.11686139553785324,0.8802149891853333,0.0029236075934022665,0.8802149891853333,opo,True,True
156071,2024-11,gov,0,0.9784059524536133,0.015905238687992096,0.005688762757927179,0.9784059524536133,gov,True,True
156072,2024-11,gov,0,0.965626060962677,0.004610660020262003,0.029763223603367805,0.965626060962677,gov,True,True
156073,2024-11,gov,0,0.9027104377746582,0.0029269494116306305,0.09436270594596863,0.9027104377746582,gov,True,True
156074,2024-11,gov,0,0.8489207625389099,0.01006411388516426,0.14101505279541016,0.8489207625389099,gov,True,True
156075,2024-11,uncertain,2,0.09418085962533951,0.014587161131203175,0.891231894493103,0.891231894493103,uncertain,True,True
156788,2024-11,gov,0,0.5141924023628235,0.4038487374782562,0.08195888996124268,0.5141924023628235,gov,True,True
156789,2024-11,opo,1,0.05849826708436012,0.9200818538665771,0.021419918164610863,0.9200818538665771,opo,True,True
156791,2024-11,gov,0,0.9546886682510376,0.025083418935537338,0.020227842032909393,0.9546886682510376,gov,True,True
156792,2024-11,gov,0,0.9602776169776917,0.0033393395133316517,0.03638303279876709,0.9602776169776917,gov,True,True
156793,2024-11,gov,0,0.7916253209114075,0.0009207273251377046,0.20745393633842468,0.7916253209114075,gov,True,True
156794,2024-11,gov,0,0.89989173412323,0.033107560127973557,0.06700067222118378,0.89989173412323,gov,True,True
156795,2024-11,opo,1,0.06714727729558945,0.7009944319725037,0.2318582981824875,0.7009944319725037,opo,True,True
156796,2024-11,opo,1,0.03285733982920647,0.9410828351974487,0.02605985477566719,0.9410828351974487,opo,True,True
157508,2024-11,opo,1,0.28019604086875916,0.6607686877250671,0.05903519690036774,0.6607686877250671,gov,True,True
157509,2024-11,opo,1,0.02933395281434059,0.9636622667312622,0.007003778591752052,0.9636622667312622,opo,True,True
157510,2024-11,gov,0,0.739955484867096,0.20038311183452606,0.05966143310070038,0.739955484867096,gov,True,True
157511,2024-11,gov,0,0.760345458984375,0.1085595116019249,0.1310950070619583,0.760345458984375,gov,True,True
157513,2024-11,uncertain,2,0.17489968240261078,0.0008890469907782972,0.8242113590240479,0.8242113590240479,uncertain,True,True
157514,2024-11,uncertain,2,0.34981778264045715,0.01445697620511055,0.635725200176239,0.635725200176239,gov,True,True
157515,2024-11,uncertain,2,0.17352887988090515,0.046645134687423706,0.7798259258270264,0.7798259258270264,uncertain,True,True
158229,2024-11,opo,1,0.06907867640256882,0.9161591529846191,0.014762140810489655,0.9161591529846191,opo,True,True
158231,2024-11,gov,0,0.912319004535675,0.010883629322052002,0.07679736614227295,0.912319004535675,gov,True,True
158233,2024-11,gov,0,0.8614497184753418,0.021323759108781815,0.1172264888882637,0.8614497184753418,gov,True,True
158235,2024-11,opo,1,0.12569831311702728,0.8479962348937988,0.026305437088012695,0.8479962348937988,opo,True,True
158236,2024-11,opo,1,0.01305085327476263,0.9813615679740906,0.0055876076221466064,0.9813615679740906,opo,True,True
158237,2024-11,opo,1,0.029077187180519104,0.9628947377204895,0.00802811048924923,0.9628947377204895,opo,True,True
158238,2024-11,gov,0,0.7229428291320801,0.19035159051418304,0.08670554310083389,0.7229428291320801,gov,True,True
158946,2024-11,opo,1,0.34747523069381714,0.5168598890304565,0.1356649249792099,0.5168598890304565,gov,True,True
158947,2024-11,opo,1,0.04272426664829254,0.9332078099250793,0.02406792901456356,0.9332078099250793,opo,True,True
158949,2024-11,gov,0,0.5928434133529663,0.3945505917072296,0.012605985626578331,0.5928434133529663,gov,True,True
158950,2024-11,gov,0,0.9851146936416626,0.0026030996814370155,0.012282219715416431,0.9851146936416626,gov,True,True
158951,2024-11,gov,0,0.9538330435752869,0.0028571714647114277,0.0433097742497921,0.9538330435752869,gov,True,True
158952,2024-11,gov,0,0.9013792872428894,0.007125085685402155,0.0914955735206604,0.9013792872428894,gov,True,True
158953,2024-11,gov,0,0.9712645411491394,0.012332336977124214,0.016403062269091606,0.9712645411491394,gov,True,True
158954,2024-11,gov,0,0.9872681498527527,0.00812358595430851,0.00460835313424468,0.9872681498527527,gov,True,True
158955,2024-11,gov,0,0.9677382707595825,0.029492219910025597,0.00276956963352859,0.9677382707595825,gov,True,True
158956,2024-11,gov,0,0.9609777331352234,0.03849136456847191,0.0005309817497618496,0.9609777331352234,gov,True,True
158957,2024-11,gov,0,0.9681592583656311,0.030392877757549286,0.0014478247612714767,0.9681592583656311,gov,True,True
158958,2024-11,gov,0,0.9701765179634094,0.02122553251683712,0.008597968146204948,0.9701765179634094,gov,True,True
158960,2024-11,gov,0,0.844474196434021,0.011885315179824829,0.14364047348499298,0.844474196434021,gov,True,True
159665,2024-11,opo,1,0.19776219129562378,0.6405764222145081,0.16166144609451294,0.6405764222145081,opo,True,True
159666,2024-11,opo,1,0.002611882984638214,0.9953904151916504,0.0019977502524852753,0.9953904151916504,opo,True,True
159667,2024-11,opo,1,0.003809052286669612,0.9956336617469788,0.0005572279915213585,0.9956336617469788,opo,True,True
159668,2024-11,opo,1,0.03469061478972435,0.957661509513855,0.007647852413356304,0.957661509513855,opo,True,True
159670,2024-11,gov,0,0.9475501179695129,0.0010772158857434988,0.051372598856687546,0.9475501179695129,gov,True,True
159671,2024-11,gov,0,0.9961743354797363,0.0002520504640415311,0.0035736756399273872,0.9961743354797363,gov,True,True
159672,2024-11,gov,0,0.9963312745094299,0.00046988256508484483,0.003198889084160328,0.9963312745094299,gov,True,True
159673,2024-11,gov,0,0.9976649284362793,0.0008193707326427102,0.0015157867455855012,0.9976649284362793,gov,True,True
159674,2024-11,gov,0,0.9958837628364563,0.000237818734603934,0.0038784302305430174,0.9958837628364563,gov,True,True
159675,2024-11,gov,0,0.9863287806510925,0.0018240828067064285,0.011847074143588543,0.9863287806510925,gov,True,True
159676,2024-11,gov,0,0.9936122298240662,0.005473481025546789,0.0009142727358266711,0.9936122298240662,gov,True,True
159679,2024-11,gov,0,0.9493179321289062,0.011515374295413494,0.039166707545518875,0.9493179321289062,gov,True,True
159680,2024-11,gov,0,0.834225594997406,0.014874870888888836,0.15089958906173706,0.834225594997406,gov,True,True
160386,2024-11,opo,1,0.0049519650638103485,0.9916836023330688,0.0033644838258624077,0.9916836023330688,opo,True,True
160388,2024-11,opo,1,0.22579257190227509,0.5132877230644226,0.2609196603298187,0.5132877230644226,gov,True,True
160389,2024-11,uncertain,2,0.04887477681040764,0.01411434542387724,0.9370108842849731,0.9370108842849731,uncertain,True,True
160390,2024-11,uncertain,2,0.045353297144174576,0.001799841527827084,0.9528469443321228,0.9528469443321228,uncertain,True,True
160391,2024-11,uncertain,2,0.18009023368358612,0.0030029057525098324,0.8169068098068237,0.8169068098068237,uncertain,True,True
160392,2024-11,gov,0,0.9166024327278137,0.0023108411114662886,0.08108679205179214,0.9166024327278137,gov,True,True
160393,2024-11,gov,0,0.9409730434417725,0.005364144220948219,0.05366288125514984,0.9409730434417725,gov,True,True
160394,2024-11,gov,0,0.9841601252555847,0.00048321261419914663,0.015356611460447311,0.9841601252555847,gov,True,True
160396,2024-11,gov,0,0.9739944338798523,0.007182448636740446,0.018823103979229927,0.9739944338798523,gov,True,True
160397,2024-11,gov,0,0.9852376580238342,0.01152628194540739,0.003236101707443595,0.9852376580238342,gov,True,True
160399,2024-11,gov,0,0.9704735279083252,0.008933568373322487,0.02059299871325493,0.9704735279083252,gov,True,True
160400,2024-11,gov,0,0.9118220806121826,0.019645696505904198,0.06853228807449341,0.9118220806121826,gov,True,True
161107,2024-11,opo,1,0.01383918710052967,0.9813776612281799,0.004783169366419315,0.9813776612281799,opo,True,True
161109,2024-11,uncertain,2,0.0050462945364415646,0.0009286770364269614,0.9940250515937805,0.9940250515937805,uncertain,True,True
161110,2024-11,uncertain,2,0.14801062643527985,0.0024731408338993788,0.8495162129402161,0.8495162129402161,gov,True,True
161111,2024-11,gov,0,0.9593995809555054,0.0007105646654963493,0.03988983854651451,0.9593995809555054,gov,True,True
161112,2024-11,gov,0,0.987064003944397,0.00011133986117783934,0.012824609875679016,0.987064003944397,gov,True,True
161113,2024-11,gov,0,0.9914753437042236,0.005385270342230797,0.0031394902616739273,0.9914753437042236,gov,True,True
161116,2024-11,gov,0,0.9613873958587646,0.0012808202300220728,0.037331778556108475,0.9613873958587646,gov,True,True
161117,2024-11,gov,0,0.9317488074302673,0.04427327215671539,0.023977864533662796,0.9317488074302673,gov,True,True
161118,2024-11,gov,0,0.8485441207885742,0.14631497859954834,0.0051408871077001095,0.8485441207885742,gov,True,True
161119,2024-11,gov,0,0.8992555141448975,0.08523615449666977,0.015508387237787247,0.8992555141448975,gov,True,True
161120,2024-11,gov,0,0.9384433627128601,0.021933790296316147,0.03962291404604912,0.9384433627128601,gov,True,True
161827,2024-11,opo,1,0.007236449047923088,0.9900637269020081,0.0026998117100447416,0.9900637269020081,opo,True,True
161829,2024-11,uncertain,2,0.01250740047544241,0.005131957586854696,0.9823606014251709,0.9823606014251709,uncertain,True,True
161830,2024-11,uncertain,2,0.03428824990987778,0.011890091933310032,0.9538216590881348,0.9538216590881348,uncertain,True,True
161831,2024-11,gov,0,0.8521894812583923,0.012816800735890865,0.13499373197555542,0.8521894812583923,gov,True,True
161832,2024-11,gov,0,0.790404736995697,0.010229143314063549,0.1993662267923355,0.790404736995697,gov,True,True
161833,2024-11,gov,0,0.5775738954544067,0.3388781249523163,0.08354795724153519,0.5775738954544067,gov,True,True
161834,2024-11,uncertain,2,0.007780149579048157,0.03281538560986519,0.9594045281410217,0.9594045281410217,uncertain,True,True
161837,2024-11,opo,1,0.05147530511021614,0.9401246309280396,0.008400117978453636,0.9401246309280396,opo,True,True
161839,2024-11,opo,1,0.042667217552661896,0.9550955295562744,0.0022371832747012377,0.9550955295562744,opo,True,True
162547,2024-11,opo,1,0.047322094440460205,0.9486594796180725,0.004018367733806372,0.9486594796180725,opo,True,True
162548,2024-11,uncertain,2,0.04980290308594704,0.04722815752029419,0.9029690027236938,0.9029690027236938,uncertain,True,True
162549,2024-11,uncertain,2,0.027758939191699028,0.0039080409333109856,0.9683330059051514,0.9683330059051514,uncertain,True,True
162550,2024-11,opo,1,0.018909795209765434,0.9155864119529724,0.06550377607345581,0.9155864119529724,opo,True,True
162551,2024-11,gov,0,0.8429630994796753,0.11815157532691956,0.038885366171598434,0.8429630994796753,gov,True,True
162552,2024-11,gov,0,0.8775945901870728,0.03251205384731293,0.0898933857679367,0.8775945901870728,gov,True,True
162553,2024-11,opo,1,0.13069580495357513,0.857122540473938,0.012181645259261131,0.857122540473938,opo,True,True
162554,2024-11,uncertain,2,0.003621224779635668,0.02709735557436943,0.9692813754081726,0.9692813754081726,uncertain,True,True
162555,2024-11,uncertain,2,0.004540609661489725,0.0018189590191468596,0.9936404824256897,0.9936404824256897,uncertain,True,True
162556,2024-11,gov,0,0.7249834537506104,0.1846213936805725,0.09039521217346191,0.7249834537506104,gov,True,True
162558,2024-11,opo,1,0.0013451322447508574,0.998358428478241,0.0002964813611470163,0.998358428478241,opo,True,True
162559,2024-11,opo,1,0.00639044214040041,0.9917410612106323,0.0018684478709474206,0.9917410612106323,opo,True,True
163267,2024-11,opo,1,0.10607345402240753,0.8536311984062195,0.04029531031847,0.8536311984062195,opo,True,True
163268,2024-11,uncertain,2,0.024293974041938782,0.03638617321848869,0.9393198490142822,0.9393198490142822,uncertain,True,True
163269,2024-11,uncertain,2,0.048131413757801056,0.007467794232070446,0.9444007873535156,0.9444007873535156,uncertain,True,True
163271,2024-11,gov,0,0.8412988185882568,0.008178438991308212,0.15052276849746704,0.8412988185882568,gov,True,True
163272,2024-11,uncertain,2,0.059360895305871964,0.008191365748643875,0.9324477910995483,0.9324477910995483,uncertain,True,True
163274,2024-11,uncertain,2,0.007346268743276596,0.005219931248575449,0.9874338507652283,0.9874338507652283,uncertain,True,True
163275,2024-11,uncertain,2,0.006329735741019249,0.0005289383116178215,0.9931413531303406,0.9931413531303406,uncertain,True,True
163276,2024-11,uncertain,2,0.03402355685830116,0.0023167787585407495,0.9636597633361816,0.9636597633361816,uncertain,True,True
163278,2024-11,opo,1,0.02358516864478588,0.9726886749267578,0.0037261315155774355,0.9726886749267578,opo,True,True
163988,2024-11,opo,1,0.0820923000574112,0.910828173160553,0.007079546805471182,0.910828173160553,opo,True,True
163989,2024-11,gov,0,0.8803159594535828,0.03879856318235397,0.08088551461696625,0.8803159594535828,gov,True,True
163992,2024-11,gov,0,0.7704834938049316,0.18052023649215698,0.04899623617529869,0.7704834938049316,gov,True,True
163993,2024-11,opo,1,0.18782958388328552,0.6628257036209106,0.14934472739696503,0.6628257036209106,opo,True,True
163996,2024-11,gov,0,0.9323174953460693,0.017529254779219627,0.05015319585800171,0.9323174953460693,gov,True,True
163998,2024-11,gov,0,0.854343056678772,0.13333429396152496,0.012322729453444481,0.854343056678772,gov,True,True
164709,2024-11,gov,0,0.8280039429664612,0.014076762832701206,0.15791931748390198,0.8280039429664612,gov,True,True
164710,2024-11,gov,0,0.9297648668289185,0.06274602562189102,0.007489082403481007,0.9297648668289185,gov,True,True
164711,2024-11,opo,1,0.1223558858036995,0.8732187151908875,0.004425351973623037,0.8732187151908875,opo,True,True
164712,2024-11,gov,0,0.8047886490821838,0.19387689232826233,0.0013345390325412154,0.8047886490821838,gov,True,True
164713,2024-11,gov,0,0.8984776735305786,0.04766952991485596,0.053852830082178116,0.8984776735305786,gov,True,True
164714,2024-11,gov,0,0.8475682735443115,0.00562004279345274,0.14681172370910645,0.8475682735443115,gov,True,True
164715,2024-11,gov,0,0.7063806056976318,0.2509138882160187,0.04270544275641441,0.7063806056976318,gov,True,True
164716,2024-11,opo,1,0.022096918895840645,0.9731425046920776,0.004760562442243099,0.9731425046920776,opo,True,True
165430,2024-11,gov,0,0.7150546312332153,0.09317553788423538,0.19176985323429108,0.7150546312332153,gov,True,True
165433,2024-11,gov,0,0.8368592858314514,0.14471374452114105,0.01842695102095604,0.8368592858314514,gov,True,True
165435,2024-11,opo,1,0.22930090129375458,0.6816595792770386,0.08903953433036804,0.6816595792770386,opo,True,True
165436,2024-11,opo,1,0.013506242074072361,0.986265242099762,0.0002284604706801474,0.986265242099762,opo,True,True
166150,2024-11,gov,0,0.870503306388855,0.043894439935684204,0.08560217171907425,0.870503306388855,gov,True,True
166152,2024-11,opo,1,0.21646812558174133,0.7656997442245483,0.017832128331065178,0.7656997442245483,opo,True,True
166154,2024-11,gov,0,0.9645246863365173,0.0285822544246912,0.006893061101436615,0.9645246863365173,gov,True,True
166155,2024-11,gov,0,0.8913818001747131,0.08193118125200272,0.026687016710639,0.8913818001747131,gov,True,True
166156,2024-11,opo,1,0.01632346212863922,0.9835205674171448,0.00015603766951244324,0.9835205674171448,opo,True,True
166157,2024-11,opo,1,0.019231824204325676,0.979604959487915,0.0011632558889687061,0.979604959487915,opo,True,True
166873,2024-11,gov,0,0.8158817887306213,0.12321701645851135,0.06090109422802925,0.8158817887306213,gov,True,True
166876,2024-11,opo,1,0.008007274940609932,0.9917512536048889,0.00024144124472513795,0.9917512536048889,opo,True,True
166877,2024-11,opo,1,0.030252773314714432,0.967706561088562,0.002040610881522298,0.967706561088562,opo,True,True
167591,2024-11,gov,0,0.8704601526260376,0.04912804067134857,0.08041182905435562,0.8704601526260376,gov,True,True
167592,2024-11,gov,0,0.9577993750572205,0.02763703279197216,0.014563582837581635,0.9577993750572205,gov,True,True
167594,2024-11,gov,0,0.9857521653175354,0.0077910395339131355,0.006456753239035606,0.9857521653175354,gov,True,True
167597,2024-11,opo,1,0.0719449520111084,0.9264106750488281,0.0016443117056041956,0.9264106750488281,opo,True,True
168313,2024-11,gov,0,0.9818071126937866,0.012891199439764023,0.005301687400788069,0.9818071126937866,gov,True,True
168316,2024-11,opo,1,0.019974136725068092,0.9759706258773804,0.0040552644059062,0.9759706258773804,opo,True,True
169035,2024-11,gov,0,0.901807427406311,0.030614208430051804,0.06757839769124985,0.901807427406311,gov,True,True
169036,2024-11,gov,0,0.97100430727005,0.025707082822918892,0.0032886951230466366,0.97100430727005,gov,True,True
169037,2024-11,gov,0,0.9896607398986816,0.004490281920880079,0.005848899018019438,0.9896607398986816,gov,True,True
169756,2024-11,gov,0,0.992970883846283,0.0033039595000445843,0.003725093323737383,0.992970883846283,gov,True,True
143838,2024-12,gov,0,0.9169936776161194,0.04230823367834091,0.04069806635379791,0.9169936776161194,gov,True,True
145998,2024-12,gov,0,0.9221441745758057,0.0299068633466959,0.047948986291885376,0.9221441745758057,gov,True,True
147437,2024-12,gov,0,0.9318868517875671,0.007744689472019672,0.060368359088897705,0.9318868517875671,gov,True,True
147438,2024-12,gov,0,0.9237276315689087,0.020165663212537766,0.05610666424036026,0.9237276315689087,gov,True,True
147439,2024-12,gov,0,0.8719868659973145,0.0184639822691679,0.10954904556274414,0.8719868659973145,gov,True,True
148158,2024-12,gov,0,0.8841792345046997,0.02566494792699814,0.09015583246946335,0.8841792345046997,gov,True,True
149597,2024-12,uncertain,2,0.3370429575443268,0.04192972183227539,0.6210273504257202,0.6210273504257202,uncertain,True,True
150307,2024-12,gov,0,0.7583800554275513,0.040923211723566055,0.2006966471672058,0.7583800554275513,gov,True,True
150317,2024-12,gov,0,0.7880651950836182,0.06514409929513931,0.14679072797298431,0.7880651950836182,gov,True,True
151756,2024-12,gov,0,0.7948711514472961,0.0557873472571373,0.14934156835079193,0.7948711514472961,gov,True,True
151757,2024-12,uncertain,2,0.24601800739765167,0.0252660121768713,0.7287160158157349,0.7287160158157349,uncertain,True,True
152476,2024-12,gov,0,0.9478278160095215,0.02107558771967888,0.031096652150154114,0.9478278160095215,gov,True,True
153190,2024-12,gov,0,0.8675233125686646,0.021305875852704048,0.11117084324359894,0.8675233125686646,gov,True,True
153191,2024-12,gov,0,0.9450216889381409,0.02112709730863571,0.03385123983025551,0.9450216889381409,gov,True,True
153192,2024-12,gov,0,0.9261019229888916,0.008376401849091053,0.06552174687385559,0.9261019229888916,gov,True,True
153193,2024-12,gov,0,0.9332399964332581,0.00499877892434597,0.061761245131492615,0.9332399964332581,gov,True,True
153196,2024-12,gov,0,0.8843241930007935,0.07706058025360107,0.03861524909734726,0.8843241930007935,gov,True,True
153197,2024-12,uncertain,2,0.2917243540287018,0.12032457441091537,0.5879510641098022,0.5879510641098022,uncertain,True,True
153910,2024-12,gov,0,0.8441145420074463,0.020768875256180763,0.1351165473461151,0.8441145420074463,gov,True,True
153911,2024-12,gov,0,0.876900315284729,0.06287115067243576,0.06022859737277031,0.876900315284729,gov,True,True
153912,2024-12,gov,0,0.8959344029426575,0.03162596747279167,0.07243958860635757,0.8959344029426575,gov,True,True
153913,2024-12,gov,0,0.9087032079696655,0.0065153250470757484,0.08478140830993652,0.9087032079696655,gov,True,True
153914,2024-12,gov,0,0.9192304015159607,0.024422407150268555,0.056347236037254333,0.9192304015159607,gov,True,True
153915,2024-12,gov,0,0.6545534133911133,0.06054520234465599,0.28490138053894043,0.6545534133911133,gov,True,True
153916,2024-12,gov,0,0.6653256416320801,0.28177228569984436,0.05290209501981735,0.6653256416320801,opo,True,True
153917,2024-12,gov,0,0.6596680879592896,0.2560989260673523,0.08423300087451935,0.6596680879592896,gov,True,True
153918,2024-12,gov,0,0.8183621168136597,0.08226050436496735,0.09937734156847,0.8183621168136597,gov,True,True
154630,2024-12,gov,0,0.7992162108421326,0.12115911394357681,0.07962465286254883,0.7992162108421326,gov,True,True
154631,2024-12,gov,0,0.909400463104248,0.06078602001070976,0.029813546687364578,0.909400463104248,gov,True,True
154632,2024-12,gov,0,0.982512354850769,0.010055428370833397,0.007432248443365097,0.982512354850769,gov,True,True
154633,2024-12,gov,0,0.9929936528205872,0.004537757486104965,0.0024685447569936514,0.9929936528205872,gov,True,True
154634,2024-12,gov,0,0.9903714060783386,0.004597020801156759,0.005031602922827005,0.9903714060783386,gov,True,True
154635,2024-12,gov,0,0.9006717205047607,0.00935827661305666,0.08997007459402084,0.9006717205047607,gov,True,True
154636,2024-12,gov,0,0.8737139701843262,0.060919132083654404,0.06536690145730972,0.8737139701843262,gov,True,True
155350,2024-12,opo,1,0.06044834852218628,0.9322218894958496,0.007329766638576984,0.9322218894958496,opo,True,True
155351,2024-12,gov,0,0.8325564861297607,0.11781526356935501,0.04962821677327156,0.8325564861297607,gov,True,True
155352,2024-12,gov,0,0.9917094111442566,0.003642638446763158,0.0046479771845042706,0.9917094111442566,gov,True,True
155354,2024-12,gov,0,0.8839467763900757,0.03070024959743023,0.08535290509462357,0.8839467763900757,gov,True,True
156069,2024-12,opo,1,0.03491047024726868,0.9626495242118835,0.0024400134570896626,0.9626495242118835,opo,True,True
156071,2024-12,gov,0,0.8158156275749207,0.10058333724737167,0.08360107988119125,0.8158156275749207,gov,True,True
156072,2024-12,gov,0,0.9493929147720337,0.024536367505788803,0.026070784777402878,0.9493929147720337,gov,True,True
156073,2024-12,gov,0,0.9874516129493713,0.009498058818280697,0.0030503070447593927,0.9874516129493713,gov,True,True
156074,2024-12,gov,0,0.9198927879333496,0.029432522132992744,0.050674598664045334,0.9198927879333496,gov,True,True
156075,2024-12,uncertain,2,0.2847716808319092,0.04978232458233833,0.6654459834098816,0.6654459834098816,uncertain,True,True
156788,2024-12,gov,0,0.7309772372245789,0.19346550107002258,0.07555727660655975,0.7309772372245789,gov,True,True
156789,2024-12,opo,1,0.1300307661294937,0.8354395031929016,0.03452974185347557,0.8354395031929016,opo,True,True
156791,2024-12,gov,0,0.8200336694717407,0.016278032213449478,0.1636883020401001,0.8200336694717407,gov,True,True
156792,2024-12,gov,0,0.9109731912612915,0.005511049181222916,0.08351574838161469,0.9109731912612915,gov,True,True
156793,2024-12,gov,0,0.9890657663345337,0.0014373641461133957,0.009496841579675674,0.9890657663345337,gov,True,True
156794,2024-12,gov,0,0.9617513418197632,0.034068670123815536,0.004180022049695253,0.9617513418197632,gov,True,True
156795,2024-12,opo,1,0.12393467873334885,0.6269936561584473,0.2490716427564621,0.6269936561584473,opo,True,True
156796,2024-12,opo,1,0.18222275376319885,0.7795100212097168,0.03826724365353584,0.7795100212097168,opo,True,True
157508,2024-12,gov,0,0.5478995442390442,0.32736197113990784,0.12473850697278976,0.5478995442390442,gov,True,True
157509,2024-12,opo,1,0.10034160315990448,0.8854498863220215,0.014208472333848476,0.8854498863220215,opo,True,True
157510,2024-12,gov,0,0.6273764371871948,0.2559274435043335,0.11669602245092392,0.6273764371871948,gov,True,True
157511,2024-12,gov,0,0.6436715126037598,0.0502251572906971,0.306103378534317,0.6436715126037598,gov,True,True
157513,2024-12,uncertain,2,0.26727837324142456,0.002644544467329979,0.7300770282745361,0.7300770282745361,uncertain,True,True
157514,2024-12,gov,0,0.7611759901046753,0.022247591987252235,0.21657633781433105,0.7611759901046753,gov,True,True
157515,2024-12,uncertain,2,0.15481212735176086,0.042487818747758865,0.8026999831199646,0.8026999831199646,uncertain,True,True
158229,2024-12,opo,1,0.22077423334121704,0.752443790435791,0.02678203023970127,0.752443790435791,opo,True,True
158231,2024-12,gov,0,0.9436061978340149,0.008290259167551994,0.048103537410497665,0.9436061978340149,gov,True,True
158233,2024-12,gov,0,0.7427027821540833,0.07171545177698135,0.1855817288160324,0.7427027821540833,gov,True,True
158235,2024-12,opo,1,0.12587641179561615,0.8571210503578186,0.0170025322586298,0.8571210503578186,opo,True,True
158236,2024-12,opo,1,0.01788121648132801,0.9751442074775696,0.006974583491683006,0.9751442074775696,opo,True,True
158237,2024-12,opo,1,0.08039198070764542,0.8857320547103882,0.03387598693370819,0.8857320547103882,opo,True,True
158238,2024-12,gov,0,0.923934280872345,0.04754559323191643,0.0285201258957386,0.923934280872345,gov,True,True
158946,2024-12,uncertain,2,0.2836821377277374,0.34962013363838196,0.36669766902923584,0.36669766902923584,gov,True,True
158947,2024-12,opo,1,0.04296287149190903,0.9369199872016907,0.020117109641432762,0.9369199872016907,opo,True,True
158949,2024-12,gov,0,0.9220540523529053,0.06905926764011383,0.008886689320206642,0.9220540523529053,gov,True,True
158950,2024-12,gov,0,0.9880950450897217,0.004048514645546675,0.007856386713683605,0.9880950450897217,gov,True,True
158951,2024-12,gov,0,0.9107015132904053,0.004124886821955442,0.08517365157604218,0.9107015132904053,gov,True,True
158952,2024-12,gov,0,0.8253827095031738,0.0630970373749733,0.11152026802301407,0.8253827095031738,gov,True,True
158953,2024-12,gov,0,0.8907324075698853,0.06398323178291321,0.04528434947133064,0.8907324075698853,gov,True,True
158954,2024-12,gov,0,0.984980046749115,0.009281710721552372,0.005738218780606985,0.984980046749115,gov,True,True
158955,2024-12,gov,0,0.977618932723999,0.018942544236779213,0.0034385889302939177,0.977618932723999,gov,True,True
158956,2024-12,gov,0,0.9463340640068054,0.05300682783126831,0.0006591120618395507,0.9463340640068054,gov,True,True
158957,2024-12,gov,0,0.9412493109703064,0.056812118738889694,0.0019385397899895906,0.9412493109703064,gov,True,True
158958,2024-12,gov,0,0.9700446128845215,0.017796510830521584,0.012158872559666634,0.9700446128845215,gov,True,True
158960,2024-12,gov,0,0.8399307727813721,0.036408789455890656,0.12366040796041489,0.8399307727813721,gov,True,True
159665,2024-12,opo,1,0.1062723845243454,0.7619289755821228,0.1317986696958542,0.7619289755821228,opo,True,True
159666,2024-12,opo,1,0.009404517710208893,0.9742183089256287,0.01637720689177513,0.9742183089256287,opo,True,True
159667,2024-12,opo,1,0.004549975041300058,0.9910872578620911,0.004362745210528374,0.9910872578620911,opo,True,True
159668,2024-12,opo,1,0.06699971854686737,0.9281339049339294,0.004866416100412607,0.9281339049339294,opo,True,True
159670,2024-12,gov,0,0.9834253191947937,0.0030461230780929327,0.013528656214475632,0.9834253191947937,gov,True,True
159671,2024-12,gov,0,0.9683683514595032,0.0017372221918776631,0.0298943892121315,0.9683683514595032,gov,True,True
159672,2024-12,gov,0,0.964127779006958,0.0073339142836630344,0.02853832021355629,0.964127779006958,gov,True,True
159673,2024-12,gov,0,0.9752593040466309,0.0076738945208489895,0.017066864296793938,0.9752593040466309,gov,True,True
159674,2024-12,gov,0,0.9840447902679443,0.0011850192677229643,0.014770127832889557,0.9840447902679443,gov,True,True
159675,2024-12,gov,0,0.9593983888626099,0.01235951017588377,0.028242046013474464,0.9593983888626099,gov,True,True
159676,2024-12,gov,0,0.9418468475341797,0.05146614462137222,0.006686992011964321,0.9418468475341797,gov,True,True
159679,2024-12,gov,0,0.9322667717933655,0.03730933740735054,0.030423961579799652,0.9322667717933655,gov,True,True
159680,2024-12,gov,0,0.805564820766449,0.050312161445617676,0.14412307739257812,0.805564820766449,gov,True,True
160386,2024-12,opo,1,0.014780295081436634,0.9774588942527771,0.0077608078718185425,0.9774588942527771,opo,True,True
160388,2024-12,opo,1,0.015399759635329247,0.9649904370307922,0.01960974745452404,0.9649904370307922,opo,True,True
160389,2024-12,opo,1,0.08086609840393066,0.7997190356254578,0.11941482871770859,0.7997190356254578,opo,True,True
160390,2024-12,uncertain,2,0.4551142752170563,0.020143164321780205,0.5247424840927124,0.5247424840927124,uncertain,True,True
160391,2024-12,gov,0,0.8720625042915344,0.02036994695663452,0.10756760835647583,0.8720625042915344,gov,True,True
160392,2024-12,gov,0,0.9368240237236023,0.004165095277130604,0.05901086702942848,0.9368240237236023,gov,True,True
160393,2024-12,gov,0,0.9109869003295898,0.010986607521772385,0.0780264362692833,0.9109869003295898,gov,True,True
160394,2024-12,gov,0,0.9226734042167664,0.0013881786726415157,0.07593843340873718,0.9226734042167664,gov,True,True
160396,2024-12,gov,0,0.9827106595039368,0.004285442177206278,0.013003897853195667,0.9827106595039368,gov,True,True
160397,2024-12,gov,0,0.9926764965057373,0.004538069479167461,0.0027853804640471935,0.9926764965057373,gov,True,True
160399,2024-12,gov,0,0.9633028507232666,0.019003622233867645,0.017693493515253067,0.9633028507232666,gov,True,True
160400,2024-12,gov,0,0.8728428483009338,0.03309570252895355,0.09406150877475739,0.8728428483009338,gov,True,True
161107,2024-12,opo,1,0.011472208425402641,0.9825534224510193,0.005974368192255497,0.9825534224510193,opo,True,True
161109,2024-12,uncertain,2,0.019310571253299713,0.004113997332751751,0.9765755534172058,0.9765755534172058,uncertain,True,True
161110,2024-12,gov,0,0.8491933345794678,0.006932827644050121,0.14387378096580505,0.8491933345794678,gov,True,True
161111,2024-12,gov,0,0.9851030707359314,0.0018648894038051367,0.013032101094722748,0.9851030707359314,gov,True,True
161112,2024-12,gov,0,0.9649721384048462,0.0011090639745816588,0.033918801695108414,0.9649721384048462,gov,True,True
161113,2024-12,gov,0,0.9910484552383423,0.0025859479792416096,0.006365648936480284,0.9910484552383423,gov,True,True
161116,2024-12,gov,0,0.9667869210243225,0.001599978539161384,0.03161301463842392,0.9667869210243225,gov,True,True
161117,2024-12,gov,0,0.9530762434005737,0.01910949870944023,0.027814384549856186,0.9530762434005737,gov,True,True
161118,2024-12,gov,0,0.8585092425346375,0.13257469236850739,0.008916103281080723,0.8585092425346375,gov,True,True
161119,2024-12,gov,0,0.8608778119087219,0.12037334591150284,0.018748819828033447,0.8608778119087219,gov,True,True
161120,2024-12,gov,0,0.9007147550582886,0.042486339807510376,0.056798867881298065,0.9007147550582886,gov,True,True
161827,2024-12,opo,1,0.013321209698915482,0.979987621307373,0.00669110706076026,0.979987621307373,opo,True,True
161829,2024-12,uncertain,2,0.0165780708193779,0.011561781167984009,0.9718601703643799,0.9718601703643799,uncertain,True,True
161830,2024-12,uncertain,2,0.06454270333051682,0.040259744971990585,0.8951975703239441,0.8951975703239441,uncertain,True,True
161831,2024-12,gov,0,0.7589166164398193,0.06064856797456741,0.18043485283851624,0.7589166164398193,gov,True,True
161832,2024-12,gov,0,0.7389224767684937,0.017023945227265358,0.24405354261398315,0.7389224767684937,gov,True,True
161833,2024-12,gov,0,0.7811526656150818,0.11706699430942535,0.10178027302026749,0.7811526656150818,gov,True,True
161834,2024-12,uncertain,2,0.02129214070737362,0.014827795326709747,0.9638800024986267,0.9638800024986267,uncertain,True,True
161837,2024-12,opo,1,0.048958390951156616,0.9210161566734314,0.030025405809283257,0.9210161566734314,opo,True,True
161839,2024-12,opo,1,0.03926558047533035,0.9589542746543884,0.0017801353242248297,0.9589542746543884,opo,True,True
162547,2024-12,opo,1,0.010294296778738499,0.9870534539222717,0.002652279334142804,0.9870534539222717,opo,True,True
162548,2024-12,opo,1,0.1509684920310974,0.56223064661026,0.28680089116096497,0.56223064661026,opo,True,True
162549,2024-12,uncertain,2,0.020384415984153748,0.010357605293393135,0.9692580103874207,0.9692580103874207,uncertain,True,True
162550,2024-12,opo,1,0.021341653540730476,0.899828314781189,0.07882998883724213,0.899828314781189,opo,True,True
162551,2024-12,opo,1,0.3557247519493103,0.536146879196167,0.10812836140394211,0.536146879196167,gov,True,True
162552,2024-12,gov,0,0.8016533255577087,0.1660449206829071,0.032301805913448334,0.8016533255577087,gov,True,True
162553,2024-12,opo,1,0.15544311702251434,0.8314421772956848,0.013114728033542633,0.8314421772956848,opo,True,True
162554,2024-12,uncertain,2,0.028959376737475395,0.02442910522222519,0.9466115236282349,0.9466115236282349,uncertain,True,True
162555,2024-12,uncertain,2,0.04381006583571434,0.0018727160058915615,0.9543172717094421,0.9543172717094421,uncertain,True,True
162556,2024-12,gov,0,0.7803629040718079,0.15155570209026337,0.06808137893676758,0.7803629040718079,gov,True,True
162558,2024-12,opo,1,0.0007555778720416129,0.9983635544776917,0.0008808510610833764,0.9983635544776917,opo,True,True
162559,2024-12,opo,1,0.00915756169706583,0.9884976148605347,0.0023448329884558916,0.9884976148605347,opo,True,True
163267,2024-12,opo,1,0.08873789012432098,0.8814861178398132,0.029775958508253098,0.8814861178398132,opo,True,True
163268,2024-12,uncertain,2,0.07062840461730957,0.17634141445159912,0.7530301809310913,0.7530301809310913,uncertain,True,True
163269,2024-12,uncertain,2,0.04415613040328026,0.037124667316675186,0.9187191724777222,0.9187191724777222,uncertain,True,True
163271,2024-12,gov,0,0.5442932844161987,0.02796066738665104,0.427746057510376,0.5442932844161987,gov,True,True
163272,2024-12,uncertain,2,0.0809662789106369,0.026973340660333633,0.8920604586601257,0.8920604586601257,uncertain,True,True
163274,2024-12,uncertain,2,0.006644950248301029,0.0018240088829770684,0.9915310144424438,0.9915310144424438,uncertain,True,True
163275,2024-12,uncertain,2,0.009589365683495998,4.5216958824312314e-05,0.9903653860092163,0.9903653860092163,uncertain,True,True
163276,2024-12,uncertain,2,0.05181938409805298,0.0005673805135302246,0.9476131200790405,0.9476131200790405,uncertain,True,True
163278,2024-12,opo,1,0.08348449319601059,0.9055867195129395,0.010928826406598091,0.9055867195129395,opo,True,True
163988,2024-12,opo,1,0.1208835244178772,0.852482259273529,0.026634210720658302,0.852482259273529,opo,True,True
163989,2024-12,gov,0,0.7686387896537781,0.04379292204976082,0.18756824731826782,0.7686387896537781,gov,True,True
163992,2024-12,gov,0,0.8129947185516357,0.15514208376407623,0.03186328336596489,0.8129947185516357,gov,True,True
163993,2024-12,opo,1,0.2448383867740631,0.6346717476844788,0.12048988044261932,0.6346717476844788,opo,True,True
163996,2024-12,gov,0,0.8728460073471069,0.02538672462105751,0.1017671674489975,0.8728460073471069,gov,True,True
163998,2024-12,gov,0,0.9542837142944336,0.028878236189484596,0.01683807745575905,0.9542837142944336,gov,True,True
164709,2024-12,gov,0,0.75942462682724,0.022117018699645996,0.218458354473114,0.75942462682724,gov,True,True
164710,2024-12,gov,0,0.9337846636772156,0.04681156575679779,0.01940382830798626,0.9337846636772156,gov,True,True
164711,2024-12,opo,1,0.349636435508728,0.6380288600921631,0.012334760278463364,0.6380288600921631,opo,True,True
164712,2024-12,gov,0,0.8682243824005127,0.13042089343070984,0.0013547162525355816,0.8682243824005127,gov,True,True
164713,2024-12,gov,0,0.9670929908752441,0.018456408753991127,0.014450625516474247,0.9670929908752441,gov,True,True
164714,2024-12,gov,0,0.936263918876648,0.003758013481274247,0.05997803062200546,0.936263918876648,gov,True,True
164715,2024-12,gov,0,0.7257242202758789,0.23147982358932495,0.04279598221182823,0.7257242202758789,gov,True,True
164716,2024-12,opo,1,0.015511575154960155,0.9815798401832581,0.002908553695306182,0.9815798401832581,opo,True,True
165430,2024-12,gov,0,0.8652203679084778,0.054701320827007294,0.0800783559679985,0.8652203679084778,gov,True,True
165433,2024-12,gov,0,0.9577710628509521,0.026044894009828568,0.016184119507670403,0.9577710628509521,gov,True,True
165435,2024-12,opo,1,0.14491623640060425,0.8143151998519897,0.04076855629682541,0.8143151998519897,opo,True,True
165436,2024-12,opo,1,0.0031616392079740763,0.9966919422149658,0.00014643743634223938,0.9966919422149658,opo,True,True
166150,2024-12,gov,0,0.9184821844100952,0.03430098295211792,0.04721679165959358,0.9184821844100952,gov,True,True
166152,2024-12,opo,1,0.1818300038576126,0.8044053316116333,0.013764718547463417,0.8044053316116333,opo,True,True
166154,2024-12,gov,0,0.9599722623825073,0.012728061527013779,0.027299612760543823,0.9599722623825073,gov,True,True
166155,2024-12,gov,0,0.8674870133399963,0.12001243978738785,0.012500600889325142,0.8674870133399963,gov,True,True
166156,2024-12,opo,1,0.01409127563238144,0.9857529997825623,0.0001558002404635772,0.9857529997825623,opo,True,True
166157,2024-12,opo,1,0.022272629663348198,0.9758201837539673,0.0019071715651080012,0.9758201837539673,opo,True,True
166873,2024-12,gov,0,0.670696496963501,0.1619134247303009,0.1673901379108429,0.670696496963501,gov,True,True
166876,2024-12,opo,1,0.017247183248400688,0.9825935959815979,0.000159180533955805,0.9825935959815979,opo,True,True
166877,2024-12,opo,1,0.05030103400349617,0.9470119476318359,0.002687077270820737,0.9470119476318359,opo,True,True
167591,2024-12,gov,0,0.8688310384750366,0.09649867564439774,0.034670233726501465,0.8688310384750366,gov,True,True
167592,2024-12,gov,0,0.9682411551475525,0.023215049877762794,0.008543777279555798,0.9682411551475525,gov,True,True
167594,2024-12,gov,0,0.9783705472946167,0.005721962079405785,0.01590750180184841,0.9783705472946167,gov,True,True
167597,2024-12,opo,1,0.12028554826974869,0.8774353861808777,0.002279062056913972,0.8774353861808777,opo,True,True
168313,2024-12,gov,0,0.9880780577659607,0.0037849368527531624,0.008136983960866928,0.9880780577659607,gov,True,True
168316,2024-12,opo,1,0.04128458723425865,0.9547678828239441,0.003947555553168058,0.9547678828239441,opo,True,True
168318,2024-12,opo,1,0.3312278687953949,0.5052210092544556,0.16355113685131073,0.5052210092544556,opo,True,True
169035,2024-12,gov,0,0.9299588203430176,0.021436724811792374,0.04860441014170647,0.9299588203430176,gov,True,True
169036,2024-12,gov,0,0.9745841026306152,0.02155776135623455,0.0038581162225455046,0.9745841026306152,gov,True,True
169037,2024-12,gov,0,0.9947441816329956,0.002515699714422226,0.002740141935646534,0.9947441816329956,gov,True,True
169756,2024-12,gov,0,0.9961596727371216,0.0015388887841254473,0.002301405882462859,0.9961596727371216,gov,True,True
143838,2025-01,gov,0,0.8954297304153442,0.04199860617518425,0.06257167458534241,0.8954297304153442,gov,True,True
145998,2025-01,gov,0,0.9022325277328491,0.0362163707613945,0.061551108956336975,0.9022325277328491,gov,True,True
147437,2025-01,gov,0,0.8317742347717285,0.04855003207921982,0.1196756511926651,0.8317742347717285,gov,True,True
147438,2025-01,gov,0,0.8229309916496277,0.021521780639886856,0.1555471569299698,0.8229309916496277,gov,True,True
147439,2025-01,gov,0,0.857123076915741,0.011579407379031181,0.1312975138425827,0.857123076915741,gov,True,True
148158,2025-01,gov,0,0.6687472462654114,0.038748256862163544,0.2925044894218445,0.6687472462654114,gov,True,True
149597,2025-01,uncertain,2,0.19962146878242493,0.013823182322084904,0.7865553498268127,0.7865553498268127,uncertain,True,True
150307,2025-01,gov,0,0.8077957034111023,0.05825132876634598,0.13395296037197113,0.8077957034111023,gov,True,True
150317,2025-01,gov,0,0.4920524060726166,0.02178538776934147,0.4861621558666229,0.4920524060726166,gov,True,True
151756,2025-01,gov,0,0.5096982717514038,0.07663435488939285,0.41366738080978394,0.5096982717514038,gov,True,True
151757,2025-01,uncertain,2,0.07251094281673431,0.007921911776065826,0.9195671677589417,0.9195671677589417,uncertain,True,True
152476,2025-01,gov,0,0.8558297753334045,0.04108572006225586,0.10308446735143661,0.8558297753334045,gov,True,True
153190,2025-01,gov,0,0.8712201118469238,0.028326621279120445,0.10045331716537476,0.8712201118469238,gov,True,True
153191,2025-01,gov,0,0.9426743388175964,0.026886489242315292,0.030439144000411034,0.9426743388175964,gov,True,True
153192,2025-01,gov,0,0.853655219078064,0.014788615517318249,0.1315561681985855,0.853655219078064,gov,True,True
153193,2025-01,gov,0,0.8802903294563293,0.022558772936463356,0.09715085476636887,0.8802903294563293,gov,True,True
153196,2025-01,gov,0,0.868252158164978,0.01762811467051506,0.11411973834037781,0.868252158164978,gov,True,True
153197,2025-01,uncertain,2,0.17426399886608124,0.02082468569278717,0.8049113154411316,0.8049113154411316,uncertain,True,True
153910,2025-01,gov,0,0.7746666669845581,0.07529325783252716,0.15004003047943115,0.7746666669845581,gov,True,True
153911,2025-01,gov,0,0.8123711347579956,0.11529727280139923,0.07233157008886337,0.8123711347579956,gov,True,True
153912,2025-01,gov,0,0.8472849130630493,0.11997666954994202,0.03273836895823479,0.8472849130630493,gov,True,True
153913,2025-01,gov,0,0.9569222331047058,0.026446565985679626,0.016631176695227623,0.9569222331047058,gov,True,True
153914,2025-01,gov,0,0.9436212778091431,0.028472483158111572,0.027906201779842377,0.9436212778091431,gov,True,True
153915,2025-01,gov,0,0.9361059069633484,0.016406677663326263,0.04748740419745445,0.9361059069633484,gov,True,True
153916,2025-01,gov,0,0.8961935043334961,0.05245906487107277,0.051347360014915466,0.8961935043334961,gov,True,True
153917,2025-01,gov,0,0.8103964328765869,0.0497966893017292,0.13980692625045776,0.8103964328765869,gov,True,True
153918,2025-01,gov,0,0.8456452488899231,0.08021659404039383,0.07413823157548904,0.8456452488899231,gov,True,True
154630,2025-01,gov,0,0.8432356119155884,0.10166041553020477,0.055104002356529236,0.8432356119155884,gov,True,True
154631,2025-01,gov,0,0.9581459164619446,0.03148975223302841,0.010364361107349396,0.9581459164619446,gov,True,True
154632,2025-01,gov,0,0.9907461404800415,0.005835465621203184,0.003418391803279519,0.9907461404800415,gov,True,True
154633,2025-01,gov,0,0.9951578974723816,0.0016266620950773358,0.0032154417131096125,0.9951578974723816,gov,True,True
154634,2025-01,gov,0,0.9761980175971985,0.012567552737891674,0.011234384030103683,0.9761980175971985,gov,True,True
154635,2025-01,gov,0,0.9474555850028992,0.02840343862771988,0.02414095401763916,0.9474555850028992,gov,True,True
154636,2025-01,gov,0,0.9455318450927734,0.036105748265981674,0.018362483009696007,0.9455318450927734,gov,True,True
155350,2025-01,opo,1,0.14837999641895294,0.8430526256561279,0.008567330427467823,0.8430526256561279,opo,True,True
155351,2025-01,gov,0,0.8319181203842163,0.1356414258480072,0.0324404314160347,0.8319181203842163,gov,True,True
155352,2025-01,gov,0,0.990679919719696,0.0023599928244948387,0.006960147060453892,0.990679919719696,gov,True,True
155354,2025-01,gov,0,0.7782526612281799,0.015114953741431236,0.2066323459148407,0.7782526612281799,gov,True,True
156069,2025-01,opo,1,0.06716147810220718,0.931544840335846,0.001293718465603888,0.931544840335846,opo,True,True
156071,2025-01,gov,0,0.8782222867012024,0.08804724365472794,0.03373044729232788,0.8782222867012024,gov,True,True
156072,2025-01,gov,0,0.911178708076477,0.026163330301642418,0.06265803426504135,0.911178708076477,gov,True,True
156073,2025-01,gov,0,0.9559014439582825,0.01041870005428791,0.033679865300655365,0.9559014439582825,gov,True,True
156074,2025-01,gov,0,0.8962858319282532,0.01310733798891306,0.09060682356357574,0.8962858319282532,gov,True,True
156075,2025-01,uncertain,2,0.06847779452800751,0.00640606926754117,0.9251161217689514,0.9251161217689514,uncertain,True,True
156788,2025-01,gov,0,0.6435028314590454,0.2676886022090912,0.08880854398012161,0.6435028314590454,gov,True,True
156789,2025-01,opo,1,0.10580375790596008,0.8826438188552856,0.011552471667528152,0.8826438188552856,opo,True,True
156791,2025-01,gov,0,0.9057612419128418,0.02280937321484089,0.07142936438322067,0.9057612419128418,gov,True,True
156792,2025-01,gov,0,0.862538754940033,0.013071080669760704,0.12439004331827164,0.862538754940033,gov,True,True
156793,2025-01,gov,0,0.9615518450737,0.0010677948594093323,0.037380401045084,0.9615518450737,gov,True,True
156794,2025-01,gov,0,0.9021046757698059,0.07098034769296646,0.02691507153213024,0.9021046757698059,gov,True,True
156795,2025-01,opo,1,0.10374866425991058,0.7819240689277649,0.11432729661464691,0.7819240689277649,opo,True,True
156796,2025-01,opo,1,0.07105405628681183,0.9119686484336853,0.016977302730083466,0.9119686484336853,opo,True,True
157508,2025-01,opo,1,0.4477485120296478,0.45382821559906006,0.09842332452535629,0.45382821559906006,gov,True,True
157509,2025-01,opo,1,0.07366969436407089,0.8923470377922058,0.03398333117365837,0.8923470377922058,opo,True,True
157510,2025-01,gov,0,0.8244800567626953,0.09802582114934921,0.07749415934085846,0.8244800567626953,gov,True,True
157511,2025-01,gov,0,0.895216166973114,0.012157406657934189,0.09262636303901672,0.895216166973114,gov,True,True
157513,2025-01,uncertain,2,0.1254485845565796,0.0004870427364949137,0.8740644454956055,0.8740644454956055,uncertain,True,True
157514,2025-01,uncertain,2,0.34703072905540466,0.018169989809393883,0.6347993016242981,0.6347993016242981,gov,True,True
157515,2025-01,uncertain,2,0.0903877317905426,0.05202535167336464,0.8575869798660278,0.8575869798660278,uncertain,True,True
158229,2025-01,opo,1,0.0936129093170166,0.8715364336967468,0.0348505862057209,0.8715364336967468,opo,True,True
158231,2025-01,gov,0,0.9552979469299316,0.0014709887327626348,0.04323107376694679,0.9552979469299316,gov,True,True
158233,2025-01,gov,0,0.6892310976982117,0.05530821159482002,0.2554607093334198,0.6892310976982117,gov,True,True
158235,2025-01,opo,1,0.12960787117481232,0.8540064096450806,0.016385715454816818,0.8540064096450806,opo,True,True
158236,2025-01,opo,1,0.035239048302173615,0.9504309296607971,0.014329982921481133,0.9504309296607971,opo,True,True
158237,2025-01,opo,1,0.05036265030503273,0.9297415614128113,0.019895756617188454,0.9297415614128113,opo,True,True
158238,2025-01,gov,0,0.8387306332588196,0.12249745428562164,0.038771841675043106,0.8387306332588196,gov,True,True
158946,2025-01,opo,1,0.2674548029899597,0.4570505917072296,0.27549463510513306,0.4570505917072296,gov,True,True
158947,2025-01,opo,1,0.012224692851305008,0.9716746211051941,0.016100693494081497,0.9716746211051941,opo,True,True
158949,2025-01,gov,0,0.8096908926963806,0.17764662206172943,0.01266251876950264,0.8096908926963806,gov,True,True
158950,2025-01,gov,0,0.9635006785392761,0.0027066702023148537,0.03379272297024727,0.9635006785392761,gov,True,True
158951,2025-01,gov,0,0.9045015573501587,0.007730168756097555,0.08776824921369553,0.9045015573501587,gov,True,True
158952,2025-01,gov,0,0.8413571715354919,0.05192478001117706,0.10671805590391159,0.8413571715354919,gov,True,True
158953,2025-01,gov,0,0.9630337953567505,0.016274133697152138,0.020692024379968643,0.9630337953567505,gov,True,True
158954,2025-01,gov,0,0.9804353713989258,0.014414331875741482,0.005150321871042252,0.9804353713989258,gov,True,True
158955,2025-01,gov,0,0.9287462830543518,0.06906583160161972,0.00218799221329391,0.9287462830543518,gov,True,True
158956,2025-01,gov,0,0.9483658671379089,0.05024362727999687,0.00139061757363379,0.9483658671379089,gov,True,True
158957,2025-01,gov,0,0.9610413312911987,0.0352470725774765,0.0037115842569619417,0.9610413312911987,gov,True,True
158958,2025-01,gov,0,0.9687054753303528,0.025611618533730507,0.005682855378836393,0.9687054753303528,gov,True,True
158960,2025-01,gov,0,0.9159325957298279,0.01972503773868084,0.06434230506420135,0.9159325957298279,gov,True,True
159665,2025-01,opo,1,0.07345246523618698,0.7914968132972717,0.13505063951015472,0.7914968132972717,opo,True,True
159666,2025-01,opo,1,0.0055441781878471375,0.9874140620231628,0.007041717879474163,0.9874140620231628,opo,True,True
159667,2025-01,opo,1,0.002590031595900655,0.9964524507522583,0.0009575412259437144,0.9964524507522583,opo,True,True
159668,2025-01,opo,1,0.018374687060713768,0.9762172102928162,0.005408093798905611,0.9762172102928162,opo,True,True
159670,2025-01,gov,0,0.9362725615501404,0.003924991469830275,0.059802453964948654,0.9362725615501404,gov,True,True
159671,2025-01,gov,0,0.9774094820022583,0.0031187075655907393,0.019471904262900352,0.9774094820022583,gov,True,True
159672,2025-01,gov,0,0.9940432906150818,0.0023672475945204496,0.003589441766962409,0.9940432906150818,gov,True,True
159673,2025-01,gov,0,0.989436149597168,0.00416526198387146,0.0063985781744122505,0.989436149597168,gov,True,True
159674,2025-01,gov,0,0.9724279642105103,0.003031563013792038,0.024540381506085396,0.9724279642105103,gov,True,True
159675,2025-01,gov,0,0.9665265679359436,0.011110307648777962,0.022363055497407913,0.9665265679359436,gov,True,True
159676,2025-01,gov,0,0.9560607671737671,0.034731052815914154,0.009208197705447674,0.9560607671737671,gov,True,True
159679,2025-01,gov,0,0.9852719306945801,0.006908896379172802,0.007819187827408314,0.9852719306945801,gov,True,True
159680,2025-01,gov,0,0.9482051730155945,0.013384638354182243,0.03841013088822365,0.9482051730155945,gov,True,True
160386,2025-01,opo,1,0.014162600040435791,0.9785301089286804,0.007307237945497036,0.9785301089286804,opo,True,True
160388,2025-01,opo,1,0.012564733624458313,0.9296419024467468,0.057793326675891876,0.9296419024467468,opo,True,True
160389,2025-01,uncertain,2,0.015640459954738617,0.06626466661691666,0.9180949926376343,0.9180949926376343,uncertain,True,True
160390,2025-01,uncertain,2,0.07177399843931198,0.006246373523026705,0.9219796657562256,0.9219796657562256,uncertain,True,True
160391,2025-01,gov,0,0.7522807121276855,0.016822293400764465,0.2308969497680664,0.7522807121276855,gov,True,True
160392,2025-01,gov,0,0.9806534647941589,0.0007461815839633346,0.01860036328434944,0.9806534647941589,gov,True,True
160393,2025-01,gov,0,0.9274999499320984,0.014651288278400898,0.05784875527024269,0.9274999499320984,gov,True,True
160394,2025-01,gov,0,0.9791066646575928,0.0009681478259153664,0.019925115630030632,0.9791066646575928,gov,True,True
160396,2025-01,gov,0,0.9612456560134888,0.005200417712330818,0.03355390951037407,0.9612456560134888,gov,True,True
160397,2025-01,gov,0,0.9804906249046326,0.008172554895281792,0.011336885392665863,0.9804906249046326,gov,True,True
160399,2025-01,gov,0,0.992496132850647,0.0024282149970531464,0.005075760185718536,0.992496132850647,gov,True,True
160400,2025-01,gov,0,0.9645432829856873,0.011907566338777542,0.02354912832379341,0.9645432829856873,gov,True,True
161107,2025-01,opo,1,0.0057114362716674805,0.9833369851112366,0.01095153484493494,0.9833369851112366,opo,True,True
161109,2025-01,uncertain,2,0.0014861795352771878,0.0009593144059181213,0.9975544810295105,0.9975544810295105,uncertain,True,True
161110,2025-01,gov,0,0.5488614439964294,0.023533012717962265,0.42760559916496277,0.5488614439964294,gov,True,True
161111,2025-01,gov,0,0.9886539578437805,0.0025839742738753557,0.00876204576343298,0.9886539578437805,gov,True,True
161112,2025-01,gov,0,0.9924518465995789,0.000755732471588999,0.006792355794459581,0.9924518465995789,gov,True,True
161113,2025-01,gov,0,0.9539047479629517,0.013847765512764454,0.03224742412567139,0.9539047479629517,gov,True,True
161116,2025-01,gov,0,0.7762895226478577,0.006180234253406525,0.2175302356481552,0.7762895226478577,gov,True,True
161117,2025-01,gov,0,0.8939213752746582,0.05122729763388634,0.054851386696100235,0.8939213752746582,gov,True,True
161118,2025-01,gov,0,0.8842999339103699,0.07474246621131897,0.040957558900117874,0.8842999339103699,gov,True,True
161119,2025-01,gov,0,0.9568814039230347,0.03250213339924812,0.010616427287459373,0.9568814039230347,gov,True,True
161120,2025-01,gov,0,0.9521192908287048,0.018753638491034508,0.02912713773548603,0.9521192908287048,gov,True,True
161827,2025-01,opo,1,0.030404752120375633,0.9263426661491394,0.043252602219581604,0.9263426661491394,opo,True,True
161829,2025-01,uncertain,2,0.03173239901661873,0.020441371947526932,0.9478262066841125,0.9478262066841125,uncertain,True,True
161830,2025-01,uncertain,2,0.04953250288963318,0.016031978651881218,0.9344355463981628,0.9344355463981628,uncertain,True,True
161831,2025-01,gov,0,0.6103078722953796,0.013616044074296951,0.3760761022567749,0.6103078722953796,gov,True,True
161832,2025-01,gov,0,0.9142587184906006,0.016392389312386513,0.06934896856546402,0.9142587184906006,gov,True,True
161833,2025-01,gov,0,0.6637297868728638,0.14807797968387604,0.1881922334432602,0.6637297868728638,gov,True,True
161834,2025-01,uncertain,2,0.00830801110714674,0.05022686347365379,0.9414650797843933,0.9414650797843933,uncertain,True,True
161837,2025-01,opo,1,0.034817326813936234,0.9439259767532349,0.021256644278764725,0.9439259767532349,opo,True,True
161839,2025-01,opo,1,0.1546790599822998,0.8368128538131714,0.008508074097335339,0.8368128538131714,opo,True,True
162547,2025-01,opo,1,0.0670386254787445,0.9270331263542175,0.005928232334554195,0.9270331263542175,opo,True,True
162548,2025-01,uncertain,2,0.1062290146946907,0.07248163968324661,0.8212893009185791,0.8212893009185791,uncertain,True,True
162549,2025-01,uncertain,2,0.015450308099389076,0.0025989555288106203,0.9819507598876953,0.9819507598876953,uncertain,True,True
162550,2025-01,opo,1,0.05014607310295105,0.8455210328102112,0.10433286428451538,0.8455210328102112,opo,True,True
162551,2025-01,gov,0,0.6160688400268555,0.1620672345161438,0.22186395525932312,0.6160688400268555,gov,True,True
162552,2025-01,gov,0,0.8368529677391052,0.09051815420389175,0.0726289376616478,0.8368529677391052,gov,True,True
162553,2025-01,opo,1,0.20896433293819427,0.7790061831474304,0.01202952116727829,0.7790061831474304,opo,True,True
162554,2025-01,uncertain,2,0.01849709451198578,0.019876563921570778,0.9616263508796692,0.9616263508796692,uncertain,True,True
162555,2025-01,uncertain,2,0.014780383557081223,0.002047340152785182,0.9831722974777222,0.9831722974777222,uncertain,True,True
162556,2025-01,opo,1,0.29698294401168823,0.4645105004310608,0.2385064959526062,0.4645105004310608,gov,True,True
162558,2025-01,opo,1,0.005441766697913408,0.9909489750862122,0.00360920955426991,0.9909489750862122,opo,True,True
162559,2025-01,opo,1,0.02487461268901825,0.9712128043174744,0.003912597429007292,0.9712128043174744,opo,True,True
163267,2025-01,opo,1,0.07089109718799591,0.9064464569091797,0.022662431001663208,0.9064464569091797,opo,True,True
163268,2025-01,uncertain,2,0.03012828528881073,0.060224052518606186,0.9096476435661316,0.9096476435661316,uncertain,True,True
163269,2025-01,uncertain,2,0.013441716320812702,0.006027027033269405,0.9805312752723694,0.9805312752723694,uncertain,True,True
163271,2025-01,gov,0,0.7971041798591614,0.0049835932441055775,0.19791223108768463,0.7971041798591614,gov,True,True
163272,2025-01,uncertain,2,0.04334452003240585,0.004123423248529434,0.9525319933891296,0.9525319933891296,uncertain,True,True
163274,2025-01,uncertain,2,0.003629200393334031,0.0026097516529262066,0.9937610030174255,0.9937610030174255,uncertain,True,True
163275,2025-01,uncertain,2,0.01238221861422062,0.00041271973168477416,0.9872050285339355,0.9872050285339355,uncertain,True,True
163276,2025-01,uncertain,2,0.02433674968779087,0.007330607157200575,0.9683325886726379,0.9683325886726379,uncertain,True,True
163278,2025-01,opo,1,0.23081770539283752,0.7216255068778992,0.0475567989051342,0.7216255068778992,opo,True,True
163988,2025-01,opo,1,0.19080792367458344,0.7966494560241699,0.01254261378198862,0.7966494560241699,opo,True,True
163989,2025-01,gov,0,0.9287909865379333,0.026793457567691803,0.044415514916181564,0.9287909865379333,gov,True,True
163992,2025-01,gov,0,0.810195803642273,0.16758398711681366,0.022220175713300705,0.810195803642273,gov,True,True
163993,2025-01,opo,1,0.20804937183856964,0.4756598174571991,0.31629085540771484,0.4756598174571991,opo,True,True
163996,2025-01,gov,0,0.8001136779785156,0.10495983809232712,0.09492649883031845,0.8001136779785156,gov,True,True
163998,2025-01,gov,0,0.965021550655365,0.022478867322206497,0.012499673292040825,0.965021550655365,gov,True,True
164709,2025-01,gov,0,0.8500481247901917,0.025953883305191994,0.1239980012178421,0.8500481247901917,gov,True,True
164710,2025-01,gov,0,0.8826826214790344,0.08385448157787323,0.03346291184425354,0.8826826214790344,gov,True,True
164711,2025-01,opo,1,0.20998968183994293,0.7695744037628174,0.02043590322136879,0.7695744037628174,opo,True,True
164712,2025-01,gov,0,0.8261122107505798,0.1727781444787979,0.0011095291702076793,0.8261122107505798,gov,True,True
164713,2025-01,gov,0,0.9514561295509338,0.025053441524505615,0.023490501567721367,0.9514561295509338,gov,True,True
164714,2025-01,gov,0,0.8737292289733887,0.03319745510816574,0.0930732935667038,0.8737292289733887,gov,True,True
164715,2025-01,opo,1,0.13749206066131592,0.8268567323684692,0.035651203244924545,0.8268567323684692,opo,True,True
164716,2025-01,opo,1,0.005861237645149231,0.9915447235107422,0.0025940320920199156,0.9915447235107422,opo,True,True
165430,2025-01,gov,0,0.7708257436752319,0.12454576790332794,0.1046285405755043,0.7708257436752319,gov,True,True
165433,2025-01,gov,0,0.9597930908203125,0.03019816428422928,0.0100087346509099,0.9597930908203125,gov,True,True
165435,2025-01,opo,1,0.060364313423633575,0.9212322235107422,0.018403517082333565,0.9212322235107422,opo,True,True
165436,2025-01,opo,1,0.004700771998614073,0.9949224591255188,0.0003767479211091995,0.9949224591255188,opo,True,True
166150,2025-01,gov,0,0.9261355400085449,0.0326276533305645,0.04123679921030998,0.9261355400085449,gov,True,True
166152,2025-01,opo,1,0.1671096235513687,0.7922428250312805,0.04064757749438286,0.7922428250312805,opo,True,True
166154,2025-01,gov,0,0.856094479560852,0.10729383677244186,0.036611758172512054,0.856094479560852,gov,True,True
166155,2025-01,gov,0,0.7931400537490845,0.19128599762916565,0.01557396724820137,0.7931400537490845,gov,True,True
166156,2025-01,opo,1,0.01985255815088749,0.9798535108566284,0.0002939693513326347,0.9798535108566284,opo,True,True
166157,2025-01,opo,1,0.04616712033748627,0.9516334533691406,0.0021994062699377537,0.9516334533691406,opo,True,True
166873,2025-01,gov,0,0.7630706429481506,0.05304107442498207,0.18388821184635162,0.7630706429481506,gov,True,True
166876,2025-01,opo,1,0.012116418220102787,0.9875203371047974,0.0003632333246059716,0.9875203371047974,opo,True,True
166877,2025-01,opo,1,0.039939917623996735,0.9561798572540283,0.0038802195340394974,0.9561798572540283,opo,True,True
167591,2025-01,gov,0,0.8516533970832825,0.06269197165966034,0.0856546014547348,0.8516533970832825,gov,True,True
167592,2025-01,gov,0,0.9587014317512512,0.016798028722405434,0.02450050786137581,0.9587014317512512,gov,True,True
167594,2025-01,gov,0,0.9331870675086975,0.005193883553147316,0.06161907687783241,0.9331870675086975,gov,True,True
167597,2025-01,opo,1,0.027583135291934013,0.9702698588371277,0.0021469842176884413,0.9702698588371277,opo,True,True
168313,2025-01,gov,0,0.9805977940559387,0.009259672835469246,0.010142486542463303,0.9805977940559387,gov,True,True
168316,2025-01,opo,1,0.006373466458171606,0.9908088445663452,0.0028176528867334127,0.9908088445663452,opo,True,True
168318,2025-01,opo,1,0.0747862458229065,0.8477477431297302,0.07746607065200806,0.8477477431297302,opo,True,True
169035,2025-01,gov,0,0.8889378905296326,0.03835052251815796,0.07271155714988708,0.8889378905296326,gov,True,True
169036,2025-01,gov,0,0.9435920715332031,0.04097507894039154,0.015432808548212051,0.9435920715332031,gov,True,True
169037,2025-01,gov,0,0.9376018047332764,0.010915358550846577,0.05148288235068321,0.9376018047332764,gov,True,True
169756,2025-01,gov,0,0.9891530275344849,0.0033859803806990385,0.007460980210453272,0.9891530275344849,gov,True,True
143838,2025-02,gov,0,0.9253588318824768,0.03347581624984741,0.04116536304354668,0.9253588318824768,gov,True,False
145998,2025-02,gov,0,0.9213922023773193,0.024658285081386566,0.05394953489303589,0.9213922023773193,gov,True,False
147437,2025-02,gov,0,0.8649760484695435,0.04223446175456047,0.09278949350118637,0.8649760484695435,gov,True,False
147438,2025-02,gov,0,0.8963030576705933,0.03238390013575554,0.07131300121545792,0.8963030576705933,gov,True,False
147439,2025-02,gov,0,0.7604354023933411,0.019625606015324593,0.21993900835514069,0.7604354023933411,gov,True,False
148158,2025-02,gov,0,0.5433913469314575,0.08905068784952164,0.36755797266960144,0.5433913469314575,gov,True,False
149597,2025-02,uncertain,2,0.2920166850090027,0.029915152117609978,0.6780681610107422,0.6780681610107422,uncertain,True,False
150307,2025-02,gov,0,0.7714270949363708,0.09870792925357819,0.12986497581005096,0.7714270949363708,gov,True,False
150317,2025-02,uncertain,2,0.39881932735443115,0.10464978218078613,0.4965309202671051,0.4965309202671051,gov,True,False
151756,2025-02,gov,0,0.7434989809989929,0.08015221357345581,0.17634882032871246,0.7434989809989929,gov,True,False
151757,2025-02,uncertain,2,0.19448043406009674,0.05965156480669975,0.745867908000946,0.745867908000946,uncertain,True,False
152476,2025-02,gov,0,0.9366880059242249,0.02817840874195099,0.035133540630340576,0.9366880059242249,gov,True,False
153190,2025-02,gov,0,0.7755259275436401,0.0313272662460804,0.19314679503440857,0.7755259275436401,gov,True,False
153191,2025-02,gov,0,0.8957580924034119,0.03441615775227547,0.06982577592134476,0.8957580924034119,gov,True,False
153192,2025-02,gov,0,0.8584283590316772,0.012437193654477596,0.12913446128368378,0.8584283590316772,gov,True,False
153193,2025-02,gov,0,0.9301071166992188,0.0025551198050379753,0.06733774393796921,0.9301071166992188,gov,True,False
153196,2025-02,gov,0,0.8678919672966003,0.08816229552030563,0.043945830315351486,0.8678919672966003,gov,True,False
153197,2025-02,uncertain,2,0.3049826920032501,0.11147993057966232,0.5835373401641846,0.5835373401641846,uncertain,True,False
153910,2025-02,gov,0,0.8487834930419922,0.025897299870848656,0.125319242477417,0.8487834930419922,gov,True,False
153911,2025-02,gov,0,0.9410673975944519,0.020804008468985558,0.03812859207391739,0.9410673975944519,gov,True,False
153912,2025-02,gov,0,0.8930014371871948,0.023819856345653534,0.08317869901657104,0.8930014371871948,gov,True,False
153913,2025-02,gov,0,0.8594930768013,0.009878394193947315,0.13062846660614014,0.8594930768013,gov,True,False
153914,2025-02,gov,0,0.9351343512535095,0.017127681523561478,0.04773787781596184,0.9351343512535095,gov,True,False
153915,2025-02,gov,0,0.7525139451026917,0.040932998061180115,0.20655307173728943,0.7525139451026917,gov,True,False
153916,2025-02,gov,0,0.7006298303604126,0.12215443700551987,0.17721574008464813,0.7006298303604126,gov,True,False
153917,2025-02,gov,0,0.7268791198730469,0.159817636013031,0.11330331116914749,0.7268791198730469,gov,True,False
153918,2025-02,gov,0,0.8152647614479065,0.06100448593497276,0.12373082339763641,0.8152647614479065,gov,True,False
154630,2025-02,gov,0,0.9437770247459412,0.011598673649132252,0.044624269008636475,0.9437770247459412,gov,True,False
154631,2025-02,gov,0,0.9581279158592224,0.006800269708037376,0.03507179394364357,0.9581279158592224,gov,True,False
154632,2025-02,gov,0,0.9935415983200073,0.000982101308181882,0.005476315971463919,0.9935415983200073,gov,True,False
154633,2025-02,gov,0,0.9879797697067261,0.0031989621929824352,0.0088212750852108,0.9879797697067261,gov,True,False
154634,2025-02,gov,0,0.9767566919326782,0.01036110334098339,0.012882175855338573,0.9767566919326782,gov,True,False
154635,2025-02,gov,0,0.898133397102356,0.011734518222510815,0.09013214707374573,0.898133397102356,gov,True,False
154636,2025-02,gov,0,0.6064539551734924,0.0667339563369751,0.32681211829185486,0.6064539551734924,gov,True,False
155350,2025-02,gov,0,0.7867981195449829,0.1863183230161667,0.026883471757173538,0.7867981195449829,opo,True,False
155351,2025-02,gov,0,0.9354045391082764,0.03447161987423897,0.030123841017484665,0.9354045391082764,gov,True,False
155352,2025-02,gov,0,0.9820000529289246,0.004001793917268515,0.013998131267726421,0.9820000529289246,gov,True,False
155354,2025-02,gov,0,0.6668047904968262,0.04214096814393997,0.29105421900749207,0.6668047904968262,gov,True,False
156069,2025-02,opo,1,0.318070650100708,0.6327975988388062,0.049131713807582855,0.6327975988388062,opo,True,False
156071,2025-02,gov,0,0.9612450003623962,0.030689941719174385,0.008065148256719112,0.9612450003623962,gov,True,False
156072,2025-02,gov,0,0.9426349401473999,0.017028842121362686,0.040336281061172485,0.9426349401473999,gov,True,False
156073,2025-02,gov,0,0.9153137803077698,0.011030865833163261,0.07365534454584122,0.9153137803077698,gov,True,False
156074,2025-02,gov,0,0.7259699702262878,0.01752667874097824,0.2565033435821533,0.7259699702262878,gov,True,False
156075,2025-02,uncertain,2,0.18816791474819183,0.019764557480812073,0.7920675277709961,0.7920675277709961,uncertain,True,False
156788,2025-02,gov,0,0.6781662106513977,0.17001917958259583,0.15181465446949005,0.6781662106513977,gov,True,False
156789,2025-02,opo,1,0.12565575540065765,0.8137305378913879,0.06061369925737381,0.8137305378913879,opo,True,False
156791,2025-02,gov,0,0.8996275067329407,0.0679628849029541,0.03240962326526642,0.8996275067329407,gov,True,False
156792,2025-02,gov,0,0.9439343810081482,0.011302641592919827,0.044762954115867615,0.9439343810081482,gov,True,False
156793,2025-02,gov,0,0.8124617338180542,0.005336308851838112,0.18220196664333344,0.8124617338180542,gov,True,False
156794,2025-02,gov,0,0.7794720530509949,0.09911717474460602,0.1214107796549797,0.7794720530509949,gov,True,False
156795,2025-02,uncertain,2,0.23774529993534088,0.34716659784317017,0.4150881767272949,0.4150881767272949,opo,True,False
156796,2025-02,opo,1,0.37794581055641174,0.5083430409431458,0.11371108889579773,0.5083430409431458,opo,True,False
157508,2025-02,gov,0,0.47125551104545593,0.2795350253582001,0.2492094337940216,0.47125551104545593,gov,True,False
157509,2025-02,opo,1,0.25355830788612366,0.6581360697746277,0.08830565959215164,0.6581360697746277,opo,True,False
157510,2025-02,gov,0,0.8979034423828125,0.08505132049322128,0.017045246437191963,0.8979034423828125,gov,True,False
157511,2025-02,gov,0,0.8403286933898926,0.07609300315380096,0.08357830345630646,0.8403286933898926,gov,True,False
157513,2025-02,uncertain,2,0.36578771471977234,0.008888407610356808,0.6253239512443542,0.6253239512443542,uncertain,True,False
157514,2025-02,uncertain,2,0.23986807465553284,0.031060928478837013,0.7290709614753723,0.7290709614753723,gov,True,False
157515,2025-02,uncertain,2,0.06582681089639664,0.07082162797451019,0.863351583480835,0.863351583480835,uncertain,True,False
158229,2025-02,opo,1,0.13908544182777405,0.6515899300575256,0.2093246579170227,0.6515899300575256,opo,True,False
158231,2025-02,gov,0,0.9532674551010132,0.007211282383650541,0.03952121362090111,0.9532674551010132,gov,True,False
158233,2025-02,gov,0,0.7966083884239197,0.0385470949113369,0.16484446823596954,0.7966083884239197,gov,True,False
158235,2025-02,opo,1,0.18316443264484406,0.7729173302650452,0.043918218463659286,0.7729173302650452,opo,True,False
158236,2025-02,opo,1,0.054273609071969986,0.907686710357666,0.038039740175008774,0.907686710357666,opo,True,False
158237,2025-02,opo,1,0.0632418766617775,0.9074845314025879,0.029273629188537598,0.9074845314025879,opo,True,False
158238,2025-02,gov,0,0.7110446095466614,0.21420711278915405,0.07474830001592636,0.7110446095466614,gov,True,False
158946,2025-02,opo,1,0.08680100739002228,0.798076868057251,0.11512219905853271,0.798076868057251,gov,True,False
158947,2025-02,opo,1,0.02252436801791191,0.9567511081695557,0.02072453871369362,0.9567511081695557,opo,True,False
158949,2025-02,gov,0,0.765022873878479,0.2061755210161209,0.028801603242754936,0.765022873878479,gov,True,False
158950,2025-02,gov,0,0.9651081562042236,0.005533451214432716,0.029358427971601486,0.9651081562042236,gov,True,False
158951,2025-02,gov,0,0.816877543926239,0.004404051695019007,0.17871831357479095,0.816877543926239,gov,True,False
158952,2025-02,gov,0,0.874825119972229,0.048206474632024765,0.07696840912103653,0.874825119972229,gov,True,False
158953,2025-02,gov,0,0.96718430519104,0.005757648963481188,0.027058087289333344,0.96718430519104,gov,True,False
158954,2025-02,gov,0,0.9621865749359131,0.005426465533673763,0.03238705173134804,0.9621865749359131,gov,True,False
158955,2025-02,gov,0,0.8496820330619812,0.13195759057998657,0.018360381945967674,0.8496820330619812,gov,True,False
158956,2025-02,gov,0,0.7602035999298096,0.23222021758556366,0.007576190400868654,0.7602035999298096,gov,True,False
158957,2025-02,gov,0,0.8346507549285889,0.15600989758968353,0.009339428506791592,0.8346507549285889,gov,True,False
158958,2025-02,gov,0,0.8435300588607788,0.10777895152568817,0.048690956085920334,0.8435300588607788,gov,True,False
158960,2025-02,gov,0,0.7724786400794983,0.04663298279047012,0.18088841438293457,0.7724786400794983,gov,True,False
159665,2025-02,uncertain,2,0.07648357003927231,0.44254833459854126,0.48096805810928345,0.48096805810928345,opo,True,False
159666,2025-02,opo,1,0.006369989365339279,0.9759676456451416,0.017662331461906433,0.9759676456451416,opo,True,False
159667,2025-02,opo,1,0.004809502512216568,0.9899040460586548,0.005286503583192825,0.9899040460586548,opo,True,False
159668,2025-02,opo,1,0.12193388491868973,0.8509159088134766,0.027150221168994904,0.8509159088134766,opo,True,False
159670,2025-02,gov,0,0.8439037799835205,0.004978890065103769,0.15111732482910156,0.8439037799835205,gov,True,False
159671,2025-02,gov,0,0.8822859525680542,0.004287120420485735,0.11342689394950867,0.8822859525680542,gov,True,False
159672,2025-02,gov,0,0.9681417942047119,0.0077445171773433685,0.024113601073622704,0.9681417942047119,gov,True,False
159673,2025-02,gov,0,0.990064799785614,0.004501498304307461,0.005433795973658562,0.990064799785614,gov,True,False
159674,2025-02,gov,0,0.9832538962364197,0.0010312232188880444,0.015714876353740692,0.9832538962364197,gov,True,False
159675,2025-02,gov,0,0.9318888187408447,0.0034444788470864296,0.06466665863990784,0.9318888187408447,gov,True,False
159676,2025-02,gov,0,0.9781336188316345,0.00983948353677988,0.012026820331811905,0.9781336188316345,gov,True,False
159679,2025-02,gov,0,0.8261049389839172,0.09057523310184479,0.08331988751888275,0.8261049389839172,gov,True,False
159680,2025-02,gov,0,0.8029351234436035,0.04915196821093559,0.147912859916687,0.8029351234436035,gov,True,False
160386,2025-02,opo,1,0.014138861559331417,0.9699249267578125,0.01593618653714657,0.9699249267578125,opo,True,False
160388,2025-02,gov,0,0.48576241731643677,0.27211737632751465,0.24212025105953217,0.48576241731643677,opo,True,False
160389,2025-02,uncertain,2,0.04039652645587921,0.00863045547157526,0.9509730339050293,0.9509730339050293,uncertain,True,False
160390,2025-02,uncertain,2,0.0572892464697361,0.016777435317635536,0.9259333610534668,0.9259333610534668,uncertain,True,False
160391,2025-02,uncertain,2,0.1543579399585724,0.02972685545682907,0.8159152865409851,0.8159152865409851,gov,True,False
160392,2025-02,gov,0,0.816128134727478,0.0033807491417974234,0.180491104722023,0.816128134727478,gov,True,False
160393,2025-02,gov,0,0.9561008214950562,0.0035915328189730644,0.040307626128196716,0.9561008214950562,gov,True,False
160394,2025-02,gov,0,0.9942812919616699,0.00019920121121685952,0.005519506521522999,0.9942812919616699,gov,True,False
160396,2025-02,gov,0,0.9674362540245056,0.002994157839566469,0.029569653794169426,0.9674362540245056,gov,True,False
160397,2025-02,gov,0,0.9890079498291016,0.004692993592470884,0.006299152504652739,0.9890079498291016,gov,True,False
160399,2025-02,gov,0,0.9653240442276001,0.01575356163084507,0.018922317773103714,0.9653240442276001,gov,True,False
160400,2025-02,gov,0,0.9089499115943909,0.02006823569536209,0.07098183780908585,0.9089499115943909,gov,True,False
161107,2025-02,opo,1,0.08190376311540604,0.8758652210235596,0.042230989784002304,0.8758652210235596,opo,True,False
161109,2025-02,uncertain,2,0.010287052020430565,0.0012227086117491126,0.9884902238845825,0.9884902238845825,uncertain,True,False
161110,2025-02,gov,0,0.5053925514221191,0.05593201518058777,0.4386754035949707,0.5053925514221191,gov,True,False
161111,2025-02,gov,0,0.7853760719299316,0.02994702383875847,0.18467694520950317,0.7853760719299316,gov,True,False
161112,2025-02,gov,0,0.9497246146202087,0.0009189831907860935,0.04935635253787041,0.9497246146202087,gov,True,False
161113,2025-02,gov,0,0.9301159381866455,0.0027327395509928465,0.06715135276317596,0.9301159381866455,gov,True,False
161116,2025-02,gov,0,0.9154793620109558,0.0014436573255807161,0.08307702839374542,0.9154793620109558,gov,True,False
161117,2025-02,gov,0,0.9157968759536743,0.04398014768958092,0.04022287204861641,0.9157968759536743,gov,True,False
161118,2025-02,gov,0,0.5561810731887817,0.4384348392486572,0.005384051240980625,0.5561810731887817,gov,True,False
161119,2025-02,gov,0,0.8122009038925171,0.15787652134895325,0.029922660440206528,0.8122009038925171,gov,True,False
161120,2025-02,gov,0,0.8994041681289673,0.023652538657188416,0.07694321125745773,0.8994041681289673,gov,True,False
161827,2025-02,opo,1,0.04864407703280449,0.9074010848999023,0.04395489767193794,0.9074010848999023,opo,True,False
161829,2025-02,uncertain,2,0.057593513280153275,0.03706975281238556,0.9053367972373962,0.9053367972373962,uncertain,True,False
161830,2025-02,uncertain,2,0.11958863586187363,0.03393251821398735,0.8464788794517517,0.8464788794517517,uncertain,True,False
161831,2025-02,uncertain,2,0.29152366518974304,0.034998003393411636,0.6734783053398132,0.6734783053398132,gov,True,False
161832,2025-02,gov,0,0.6610844731330872,0.08218830078840256,0.2567271888256073,0.6610844731330872,gov,True,False
161833,2025-02,gov,0,0.5405011773109436,0.28944554924964905,0.17005322873592377,0.5405011773109436,gov,True,False
161834,2025-02,uncertain,2,0.06846537441015244,0.23691833019256592,0.6946163773536682,0.6946163773536682,uncertain,True,False
161837,2025-02,opo,1,0.026106970384716988,0.9703795313835144,0.0035134628415107727,0.9703795313835144,opo,True,False
161839,2025-02,opo,1,0.06616217643022537,0.9311313629150391,0.0027064383029937744,0.9311313629150391,opo,True,False
162547,2025-02,opo,1,0.11371373385190964,0.8710238933563232,0.015262391418218613,0.8710238933563232,opo,True,False
162548,2025-02,uncertain,2,0.18244175612926483,0.032078806310892105,0.7854793667793274,0.7854793667793274,uncertain,True,False
162549,2025-02,uncertain,2,0.037627238780260086,0.000594674376770854,0.9617780447006226,0.9617780447006226,uncertain,True,False
162550,2025-02,uncertain,2,0.23519958555698395,0.3678610324859619,0.39693933725357056,0.39693933725357056,opo,True,False
162551,2025-02,gov,0,0.5740306377410889,0.2894156873226166,0.13655370473861694,0.5740306377410889,gov,True,False
162552,2025-02,opo,1,0.4059218466281891,0.5649735331535339,0.029104596003890038,0.5649735331535339,gov,True,False
162553,2025-02,opo,1,0.035500552505254745,0.9575662612915039,0.006933137774467468,0.9575662612915039,opo,True,False
162554,2025-02,uncertain,2,0.060044508427381516,0.286725789308548,0.6532297134399414,0.6532297134399414,uncertain,True,False
162555,2025-02,uncertain,2,0.015745829790830612,0.009845542721450329,0.9744085073471069,0.9744085073471069,uncertain,True,False
162556,2025-02,opo,1,0.32236573100090027,0.4581755995750427,0.21945863962173462,0.4581755995750427,gov,True,False
162558,2025-02,opo,1,0.0007737952983006835,0.9988447427749634,0.0003814144292846322,0.9988447427749634,opo,True,False
162559,2025-02,opo,1,0.021947233006358147,0.974122166633606,0.003930572420358658,0.974122166633606,opo,True,False
163267,2025-02,opo,1,0.11248671263456345,0.7305390238761902,0.15697424113750458,0.7305390238761902,opo,True,False
163268,2025-02,uncertain,2,0.061438094824552536,0.021863194182515144,0.916698694229126,0.916698694229126,uncertain,True,False
163269,2025-02,uncertain,2,0.01552558783441782,0.000544738199096173,0.9839297533035278,0.9839297533035278,uncertain,True,False
163271,2025-02,gov,0,0.7005174160003662,0.09180479496717453,0.20767778158187866,0.7005174160003662,gov,True,False
163272,2025-02,uncertain,2,0.05996912345290184,0.05191695690155029,0.8881139755249023,0.8881139755249023,uncertain,True,False
163274,2025-02,uncertain,2,0.022289952263236046,0.005820215214043856,0.9718897938728333,0.9718897938728333,uncertain,True,False
163275,2025-02,uncertain,2,0.02414325624704361,0.0005318997427821159,0.975324809551239,0.975324809551239,uncertain,True,False
163276,2025-02,uncertain,2,0.03330844268202782,0.0024970208760350943,0.964194655418396,0.964194655418396,uncertain,True,False
163278,2025-02,opo,1,0.007466456387192011,0.9913536906242371,0.0011798443738371134,0.9913536906242371,opo,True,False
163988,2025-02,gov,0,0.7612618803977966,0.2026338428258896,0.03610430285334587,0.7612618803977966,opo,True,False
163989,2025-02,gov,0,0.8411951065063477,0.0012548216618597507,0.15755008161067963,0.8411951065063477,gov,True,False
163992,2025-02,gov,0,0.7814731001853943,0.18173658847808838,0.03679027035832405,0.7814731001853943,gov,True,False
163993,2025-02,uncertain,2,0.2985725998878479,0.3191191852092743,0.3823081851005554,0.3823081851005554,opo,True,False
163996,2025-02,gov,0,0.7603151798248291,0.062265317887067795,0.17741958796977997,0.7603151798248291,gov,True,False
163998,2025-02,gov,0,0.5124204158782959,0.470197856426239,0.01738169975578785,0.5124204158782959,gov,True,False
164709,2025-02,gov,0,0.8314304947853088,0.005554352421313524,0.163015216588974,0.8314304947853088,gov,True,False
164710,2025-02,gov,0,0.9660440683364868,0.010915335267782211,0.023040592670440674,0.9660440683364868,gov,True,False
164711,2025-02,gov,0,0.7892288565635681,0.19909913837909698,0.011672013439238071,0.7892288565635681,opo,True,False
164712,2025-02,gov,0,0.9381150603294373,0.06042793393135071,0.001457032049074769,0.9381150603294373,gov,True,False
164713,2025-02,gov,0,0.7614277601242065,0.04050220921635628,0.19806994497776031,0.7614277601242065,gov,True,False
164714,2025-02,uncertain,2,0.4149511158466339,0.027092818170785904,0.5579560399055481,0.5579560399055481,gov,True,False
164715,2025-02,opo,1,0.2567496597766876,0.6519455313682556,0.09130479395389557,0.6519455313682556,opo,True,False
164716,2025-02,opo,1,0.008127838373184204,0.9832091927528381,0.008663035929203033,0.9832091927528381,opo,True,False
165430,2025-02,gov,0,0.883361279964447,0.0912143886089325,0.02542434073984623,0.883361279964447,gov,True,False
165433,2025-02,gov,0,0.8256323337554932,0.08281920105218887,0.09154845774173737,0.8256323337554932,gov,True,False
165435,2025-02,opo,1,0.04370856285095215,0.8129169344902039,0.1433744877576828,0.8129169344902039,opo,True,False
165436,2025-02,opo,1,0.004372730385512114,0.9945318698883057,0.0010953907622024417,0.9945318698883057,opo,True,False
166150,2025-02,gov,0,0.9046224355697632,0.07494588941335678,0.020431693643331528,0.9046224355697632,gov,True,False
166152,2025-02,opo,1,0.48273712396621704,0.4926441013813019,0.02461882494390011,0.4926441013813019,opo,True,False
166154,2025-02,gov,0,0.6793556213378906,0.09866976737976074,0.22197465598583221,0.6793556213378906,gov,True,False
166155,2025-02,gov,0,0.43877914547920227,0.3080065846443176,0.2532142996788025,0.43877914547920227,gov,True,False
166156,2025-02,opo,1,0.03320586308836937,0.962187647819519,0.0046065025962889194,0.962187647819519,opo,True,False
166157,2025-02,opo,1,0.08300770074129105,0.9081438183784485,0.008848456665873528,0.9081438183784485,opo,True,False
166873,2025-02,gov,0,0.43729525804519653,0.13557575643062592,0.42712900042533875,0.43729525804519653,gov,True,False
166876,2025-02,opo,1,0.0540003627538681,0.9293673038482666,0.016632257029414177,0.9293673038482666,opo,True,False
166877,2025-02,opo,1,0.15932606160640717,0.8130440711975098,0.02762993611395359,0.8130440711975098,opo,True,False
167591,2025-02,gov,0,0.8243582248687744,0.13178500533103943,0.04385678097605705,0.8243582248687744,gov,True,False
167592,2025-02,gov,0,0.9396171569824219,0.051765166223049164,0.008617676794528961,0.9396171569824219,gov,True,False
167594,2025-02,gov,0,0.8714249730110168,0.006834426429122686,0.12174065411090851,0.8714249730110168,gov,True,False
167597,2025-02,opo,1,0.10836420208215714,0.8741863369941711,0.01744949072599411,0.8741863369941711,opo,True,False
168313,2025-02,gov,0,0.9875396490097046,0.0028503318317234516,0.009609987027943134,0.9875396490097046,gov,True,False
168316,2025-02,opo,1,0.029075557366013527,0.9631523489952087,0.00777208898216486,0.9631523489952087,opo,True,False
168318,2025-02,opo,1,0.24934251606464386,0.6416598558425903,0.10899762809276581,0.6416598558425903,opo,True,False
169035,2025-02,gov,0,0.906887412071228,0.05775614082813263,0.03535645455121994,0.906887412071228,gov,True,False
169036,2025-02,gov,0,0.9388543367385864,0.05344299599528313,0.007702736184000969,0.9388543367385864,gov,True,False
169037,2025-02,gov,0,0.9727336764335632,0.01643228903412819,0.010834043845534325,0.9727336764335632,gov,True,False
169756,2025-02,gov,0,0.9924430251121521,0.005317441187798977,0.00223948759958148,0.9924430251121521,gov,True,False
143838,2025-03,gov,0,0.9297014474868774,0.0363704077899456,0.03392805904150009,0.9297014474868774,gov,True,False
145998,2025-03,gov,0,0.9491272568702698,0.019752243533730507,0.031120460480451584,0.9491272568702698,gov,True,False
147437,2025-03,gov,0,0.8962026238441467,0.009194551035761833,0.0946027934551239,0.8962026238441467,gov,True,False
147438,2025-03,gov,0,0.9461144208908081,0.00879710540175438,0.04508855566382408,0.9461144208908081,gov,True,False
147439,2025-03,gov,0,0.6004971861839294,0.022170398384332657,0.3773323893547058,0.6004971861839294,gov,True,False
148158,2025-03,gov,0,0.621341347694397,0.0415165051817894,0.33714213967323303,0.621341347694397,gov,True,False
149597,2025-03,uncertain,2,0.11032817512750626,0.02319582924246788,0.8664759993553162,0.8664759993553162,uncertain,True,False
150307,2025-03,gov,0,0.797890841960907,0.04917483404278755,0.1529342234134674,0.797890841960907,gov,True,False
150317,2025-03,uncertain,2,0.20467402040958405,0.15358304977416992,0.6417428851127625,0.6417428851127625,gov,True,False
151756,2025-03,uncertain,2,0.41243186593055725,0.012045489624142647,0.5755226612091064,0.5755226612091064,gov,True,False
151757,2025-03,uncertain,2,0.05910588800907135,0.0075222766026854515,0.9333717823028564,0.9333717823028564,uncertain,True,False
152476,2025-03,gov,0,0.9865823984146118,0.003055199747905135,0.010362451896071434,0.9865823984146118,gov,True,False
153190,2025-03,gov,0,0.6857898235321045,0.060088202357292175,0.2541219890117645,0.6857898235321045,gov,True,False
153191,2025-03,gov,0,0.922056257724762,0.02560955472290516,0.052334196865558624,0.922056257724762,gov,True,False
153192,2025-03,gov,0,0.9096730947494507,0.02119123749434948,0.0691356435418129,0.9096730947494507,gov,True,False
153193,2025-03,gov,0,0.9427193403244019,0.0064083486795425415,0.05087239667773247,0.9427193403244019,gov,True,False
153196,2025-03,gov,0,0.8760778307914734,0.06201881542801857,0.06190330907702446,0.8760778307914734,gov,True,False
153197,2025-03,uncertain,2,0.2933228015899658,0.07162906229496002,0.6350481510162354,0.6350481510162354,uncertain,True,False
153910,2025-03,gov,0,0.6768150329589844,0.07902497798204422,0.24415992200374603,0.6768150329589844,gov,True,False
153911,2025-03,gov,0,0.8204389214515686,0.07621303200721741,0.10334807634353638,0.8204389214515686,gov,True,False
153912,2025-03,gov,0,0.8860815167427063,0.022359326481819153,0.09155916422605515,0.8860815167427063,gov,True,False
153913,2025-03,gov,0,0.9439512491226196,0.006107020657509565,0.04994168505072594,0.9439512491226196,gov,True,False
153914,2025-03,gov,0,0.9518415331840515,0.011497978121042252,0.03666047006845474,0.9518415331840515,gov,True,False
153915,2025-03,gov,0,0.75077223777771,0.011682162992656231,0.23754562437534332,0.75077223777771,gov,True,False
153916,2025-03,gov,0,0.8514191508293152,0.10788817703723907,0.04069272056221962,0.8514191508293152,gov,True,False
153917,2025-03,gov,0,0.831682562828064,0.08619425445795059,0.08212315291166306,0.831682562828064,gov,True,False
153918,2025-03,gov,0,0.593437135219574,0.09861254692077637,0.30795031785964966,0.593437135219574,gov,True,False
154630,2025-03,gov,0,0.9245269298553467,0.03582054376602173,0.039652545005083084,0.9245269298553467,gov,True,False
154631,2025-03,gov,0,0.9440281987190247,0.03425707295536995,0.021714821457862854,0.9440281987190247,gov,True,False
154632,2025-03,gov,0,0.9846993088722229,0.006665388587862253,0.00863537099212408,0.9846993088722229,gov,True,False
154633,2025-03,gov,0,0.9956426620483398,0.0015630669659003615,0.0027942932210862637,0.9956426620483398,gov,True,False
154634,2025-03,gov,0,0.9878475666046143,0.0038709540385752916,0.008281514048576355,0.9878475666046143,gov,True,False
154635,2025-03,gov,0,0.8416627049446106,0.0020534887444227934,0.15628375113010406,0.8416627049446106,gov,True,False
154636,2025-03,gov,0,0.9240429401397705,0.03391232714056969,0.04204478859901428,0.9240429401397705,gov,True,False
155350,2025-03,gov,0,0.8719981908798218,0.11857596039772034,0.009425788186490536,0.8719981908798218,opo,True,False
155351,2025-03,gov,0,0.968733012676239,0.02395588532090187,0.007311058696359396,0.968733012676239,gov,True,False
155352,2025-03,gov,0,0.9800920486450195,0.010418623685836792,0.009489304386079311,0.9800920486450195,gov,True,False
155354,2025-03,gov,0,0.542022168636322,0.035970065742731094,0.4220077693462372,0.542022168636322,gov,True,False
156069,2025-03,opo,1,0.3506665825843811,0.6414387822151184,0.007894686423242092,0.6414387822151184,opo,True,False
156071,2025-03,gov,0,0.9316367506980896,0.057935331016778946,0.010427966713905334,0.9316367506980896,gov,True,False
156072,2025-03,gov,0,0.9299513697624207,0.030725281685590744,0.03932325914502144,0.9299513697624207,gov,True,False
156073,2025-03,gov,0,0.9583225846290588,0.008659581653773785,0.0330178439617157,0.9583225846290588,gov,True,False
156074,2025-03,gov,0,0.6273173689842224,0.01708386465907097,0.3555987477302551,0.6273173689842224,gov,True,False
156075,2025-03,uncertain,2,0.05523955821990967,0.03143909201025963,0.913321316242218,0.913321316242218,uncertain,True,False
156788,2025-03,gov,0,0.7964838743209839,0.10822489112615585,0.09529121220111847,0.7964838743209839,gov,True,False
156789,2025-03,opo,1,0.33048802614212036,0.5819278955459595,0.08758405596017838,0.5819278955459595,opo,True,False
156791,2025-03,gov,0,0.9480412006378174,0.034432362765073776,0.01752639003098011,0.9480412006378174,gov,True,False
156792,2025-03,gov,0,0.8940322399139404,0.018324727192521095,0.08764299750328064,0.8940322399139404,gov,True,False
156793,2025-03,gov,0,0.7729310393333435,0.001638511661440134,0.2254304140806198,0.7729310393333435,gov,True,False
156794,2025-03,gov,0,0.7015731930732727,0.17541827261447906,0.12300853431224823,0.7015731930732727,gov,True,False
156795,2025-03,opo,1,0.024711407721042633,0.8584213852882385,0.11686720699071884,0.8584213852882385,opo,True,False
156796,2025-03,opo,1,0.017197588458657265,0.9776282906532288,0.005174166988581419,0.9776282906532288,opo,True,False
157508,2025-03,gov,0,0.4100531339645386,0.3772309422492981,0.21271587908267975,0.4100531339645386,gov,True,False
157509,2025-03,opo,1,0.19757087528705597,0.40352848172187805,0.3989006280899048,0.40352848172187805,opo,True,False
157510,2025-03,gov,0,0.8680265545845032,0.06144295260310173,0.07053043693304062,0.8680265545845032,gov,True,False
157511,2025-03,gov,0,0.8320924639701843,0.04098907485604286,0.12691844999790192,0.8320924639701843,gov,True,False
157513,2025-03,uncertain,2,0.08209994435310364,0.0005723536014556885,0.9173277020454407,0.9173277020454407,uncertain,True,False
157514,2025-03,uncertain,2,0.058818139135837555,0.03798642382025719,0.9031955003738403,0.9031955003738403,gov,True,False
157515,2025-03,uncertain,2,0.026145089417696,0.2760481536388397,0.6978068351745605,0.6978068351745605,opo,True,False
158229,2025-03,uncertain,2,0.2199508398771286,0.3523853123188019,0.42766377329826355,0.42766377329826355,opo,True,False
158231,2025-03,gov,0,0.8816417455673218,0.00045765668619424105,0.11790064722299576,0.8816417455673218,gov,True,False
158233,2025-03,gov,0,0.8019430041313171,0.013902727514505386,0.18415430188179016,0.8019430041313171,gov,True,False
158235,2025-03,opo,1,0.027771418914198875,0.9511191844940186,0.021109381690621376,0.9511191844940186,opo,True,False
158236,2025-03,opo,1,0.008331836201250553,0.9888518452644348,0.0028163250535726547,0.9888518452644348,opo,True,False
158237,2025-03,opo,1,0.010218813084065914,0.9868788123130798,0.002902356442064047,0.9868788123130798,opo,True,False
158238,2025-03,opo,1,0.24103130400180817,0.6871799826622009,0.07178877294063568,0.6871799826622009,gov,True,False
158946,2025-03,gov,0,0.38344806432724,0.3719698488712311,0.24458208680152893,0.38344806432724,gov,True,False
158947,2025-03,opo,1,0.08772014081478119,0.8613771200180054,0.05090271681547165,0.8613771200180054,opo,True,False
158949,2025-03,gov,0,0.7771728038787842,0.1495574712753296,0.07326973974704742,0.7771728038787842,gov,True,False
158950,2025-03,gov,0,0.960959792137146,0.0018167722737416625,0.03722348436713219,0.960959792137146,gov,True,False
158951,2025-03,gov,0,0.8144453763961792,0.0007114456966519356,0.18484319746494293,0.8144453763961792,gov,True,False
158952,2025-03,gov,0,0.9456369280815125,0.0028913356363773346,0.05147164687514305,0.9456369280815125,gov,True,False
158953,2025-03,gov,0,0.9643203020095825,0.004846526309847832,0.030833084136247635,0.9643203020095825,gov,True,False
158954,2025-03,gov,0,0.9392024874687195,0.03375861048698425,0.027039002627134323,0.9392024874687195,gov,True,False
158955,2025-03,gov,0,0.8980594277381897,0.08868364989757538,0.013256865553557873,0.8980594277381897,gov,True,False
158956,2025-03,gov,0,0.5650650262832642,0.424570769071579,0.010364203713834286,0.5650650262832642,gov,True,False
158957,2025-03,gov,0,0.6496792435646057,0.3397481441497803,0.010572593659162521,0.6496792435646057,gov,True,False
158958,2025-03,gov,0,0.8587599992752075,0.11286299675703049,0.02837705984711647,0.8587599992752075,gov,True,False
158960,2025-03,gov,0,0.8538284301757812,0.020906642079353333,0.1252649873495102,0.8538284301757812,gov,True,False
159665,2025-03,opo,1,0.15609432756900787,0.5612392425537109,0.28266641497612,0.5612392425537109,opo,True,False
159666,2025-03,opo,1,0.017582127824425697,0.9640010595321655,0.018416820093989372,0.9640010595321655,opo,True,False
159667,2025-03,opo,1,0.017820600420236588,0.9720451831817627,0.010134242475032806,0.9720451831817627,opo,True,False
159668,2025-03,opo,1,0.18425796926021576,0.5882142186164856,0.22752779722213745,0.5882142186164856,opo,True,False
159670,2025-03,gov,0,0.725730299949646,0.0062886858358979225,0.26798102259635925,0.725730299949646,gov,True,False
159671,2025-03,gov,0,0.9749632477760315,0.0030418129172176123,0.021994929760694504,0.9749632477760315,gov,True,False
159672,2025-03,gov,0,0.9969522953033447,0.0005271211848594248,0.0025205533020198345,0.9969522953033447,gov,True,False
159673,2025-03,gov,0,0.9985988736152649,0.0006122394115664065,0.0007888530381023884,0.9985988736152649,gov,True,False
159674,2025-03,gov,0,0.9854949712753296,0.001476310077123344,0.0130287641659379,0.9854949712753296,gov,True,False
159675,2025-03,gov,0,0.9472931623458862,0.010691252537071705,0.04201553016901016,0.9472931623458862,gov,True,False
159676,2025-03,gov,0,0.9552825093269348,0.03268197923898697,0.012035460211336613,0.9552825093269348,gov,True,False
159679,2025-03,gov,0,0.9084686636924744,0.04677785560488701,0.04475348815321922,0.9084686636924744,gov,True,False
159680,2025-03,gov,0,0.8598335385322571,0.02890080213546753,0.1112656369805336,0.8598335385322571,gov,True,False
160386,2025-03,opo,1,0.042545437812805176,0.936968207359314,0.020486366003751755,0.936968207359314,opo,True,False
160388,2025-03,uncertain,2,0.2697620391845703,0.0925874263048172,0.6376505494117737,0.6376505494117737,opo,True,False
160389,2025-03,uncertain,2,0.007180391810834408,0.0008759958436712623,0.9919435977935791,0.9919435977935791,uncertain,True,False
160390,2025-03,uncertain,2,0.007055772468447685,0.0030048564076423645,0.989939272403717,0.989939272403717,uncertain,True,False
160391,2025-03,uncertain,2,0.1533992886543274,0.08544192463159561,0.7611587643623352,0.7611587643623352,gov,True,False
160392,2025-03,gov,0,0.9436485171318054,0.0027827441226691008,0.05356873199343681,0.9436485171318054,gov,True,False
160393,2025-03,gov,0,0.9407225251197815,0.0029131413903087378,0.056364331394433975,0.9407225251197815,gov,True,False
160394,2025-03,gov,0,0.9864019751548767,0.00034434651024639606,0.013253692537546158,0.9864019751548767,gov,True,False
160396,2025-03,gov,0,0.8876064419746399,0.019249053671956062,0.0931444987654686,0.8876064419746399,gov,True,False
160397,2025-03,gov,0,0.9532158374786377,0.028265565633773804,0.018518608063459396,0.9532158374786377,gov,True,False
160399,2025-03,gov,0,0.9716145396232605,0.014807929284870625,0.01357754785567522,0.9716145396232605,gov,True,False
160400,2025-03,gov,0,0.9283148050308228,0.019522683694958687,0.05216256156563759,0.9283148050308228,gov,True,False
161107,2025-03,opo,1,0.12991632521152496,0.8413540720939636,0.02872955985367298,0.8413540720939636,opo,True,False
161109,2025-03,uncertain,2,0.005096789449453354,0.0003526472137309611,0.9945506453514099,0.9945506453514099,uncertain,True,False
161110,2025-03,uncertain,2,0.0880051702260971,0.02059314399957657,0.8914017081260681,0.8914017081260681,gov,True,False
161111,2025-03,gov,0,0.7653836011886597,0.012671904638409615,0.22194451093673706,0.7653836011886597,gov,True,False
161112,2025-03,gov,0,0.9776254296302795,0.0001596295478520915,0.02221490442752838,0.9776254296302795,gov,True,False
161113,2025-03,gov,0,0.992816686630249,0.0011695455759763718,0.0060137370601296425,0.992816686630249,gov,True,False
161116,2025-03,gov,0,0.49891114234924316,0.009248139336705208,0.49184080958366394,0.49891114234924316,gov,True,False
161117,2025-03,gov,0,0.5941106081008911,0.15105004608631134,0.25483936071395874,0.5941106081008911,gov,True,False
161118,2025-03,gov,0,0.5570871233940125,0.39718368649482727,0.04572916030883789,0.5570871233940125,gov,True,False
161119,2025-03,gov,0,0.8314112424850464,0.1290094405412674,0.03957928717136383,0.8314112424850464,gov,True,False
161120,2025-03,gov,0,0.8975656032562256,0.0333060547709465,0.06912826001644135,0.8975656032562256,gov,True,False
161827,2025-03,opo,1,0.04392990469932556,0.9175764918327332,0.03849362954497337,0.9175764918327332,opo,True,False
161829,2025-03,uncertain,2,0.017138510942459106,0.005286078434437513,0.977575421333313,0.977575421333313,uncertain,True,False
161830,2025-03,uncertain,2,0.18747562170028687,0.02729075774550438,0.7852335572242737,0.7852335572242737,uncertain,True,False
161831,2025-03,gov,0,0.7276426553726196,0.006969040725380182,0.2653883695602417,0.7276426553726196,gov,True,False
161832,2025-03,gov,0,0.8928461074829102,0.025441166013479233,0.08171266317367554,0.8928461074829102,gov,True,False
161833,2025-03,gov,0,0.5772119164466858,0.414046972990036,0.00874109473079443,0.5772119164466858,gov,True,False
161834,2025-03,opo,1,0.3637625575065613,0.4603809714317322,0.17585648596286774,0.4603809714317322,uncertain,True,False
161837,2025-03,opo,1,0.04313701018691063,0.8090778589248657,0.14778511226177216,0.8090778589248657,opo,True,False
161839,2025-03,opo,1,0.12223921716213226,0.867618978023529,0.010141757316887379,0.867618978023529,opo,True,False
162547,2025-03,opo,1,0.14408396184444427,0.8358719944953918,0.020044079050421715,0.8358719944953918,opo,True,False
162548,2025-03,uncertain,2,0.3906956911087036,0.06232454255223274,0.5469797849655151,0.5469797849655151,uncertain,True,False
162549,2025-03,uncertain,2,0.34679779410362244,0.005058565642684698,0.6481435894966125,0.6481435894966125,uncertain,True,False
162550,2025-03,gov,0,0.5155948996543884,0.3156505525112152,0.16875453293323517,0.5155948996543884,opo,True,False
162551,2025-03,gov,0,0.6641573309898376,0.11820156127214432,0.21764114499092102,0.6641573309898376,gov,True,False
162552,2025-03,opo,1,0.37380313873291016,0.603274405002594,0.022922424599528313,0.603274405002594,gov,True,False
162553,2025-03,opo,1,0.008614563383162022,0.9912087917327881,0.00017659980221651495,0.9912087917327881,opo,True,False
162554,2025-03,opo,1,0.28567609190940857,0.6030232310295105,0.11130071431398392,0.6030232310295105,uncertain,True,False
162555,2025-03,uncertain,2,0.04378144070506096,0.07511590421199799,0.8811026215553284,0.8811026215553284,uncertain,True,False
162556,2025-03,uncertain,2,0.10465508699417114,0.4302199184894562,0.46512502431869507,0.46512502431869507,gov,True,False
162558,2025-03,opo,1,0.0038830600678920746,0.988705575466156,0.007411378435790539,0.988705575466156,opo,True,False
162559,2025-03,opo,1,0.0642993152141571,0.8942123651504517,0.04148830100893974,0.8942123651504517,opo,True,False
163267,2025-03,opo,1,0.1155184879899025,0.8411359786987305,0.04334549978375435,0.8411359786987305,opo,True,False
163268,2025-03,uncertain,2,0.2250272035598755,0.024269821122288704,0.750702977180481,0.750702977180481,uncertain,True,False
163269,2025-03,uncertain,2,0.05723822861909866,0.0006520437309518456,0.9421097040176392,0.9421097040176392,uncertain,True,False
163271,2025-03,gov,0,0.78355872631073,0.03486884385347366,0.18157243728637695,0.78355872631073,gov,True,False
163272,2025-03,uncertain,2,0.22032113373279572,0.05784015730023384,0.7218387126922607,0.7218387126922607,uncertain,True,False
163274,2025-03,uncertain,2,0.11979404836893082,0.018704377114772797,0.8615015745162964,0.8615015745162964,uncertain,True,False
163275,2025-03,uncertain,2,0.03845113888382912,0.0033442850690335035,0.9582045078277588,0.9582045078277588,uncertain,True,False
163276,2025-03,uncertain,2,0.01622646674513817,0.00890238769352436,0.9748710989952087,0.9748710989952087,uncertain,True,False
163278,2025-03,opo,1,0.03617731109261513,0.9423235058784485,0.02149921841919422,0.9423235058784485,opo,True,False
163988,2025-03,gov,0,0.8312681913375854,0.14157408475875854,0.027157731354236603,0.8312681913375854,opo,True,False
163989,2025-03,gov,0,0.8825165033340454,0.008584181778132915,0.10889935493469238,0.8825165033340454,gov,True,False
163992,2025-03,gov,0,0.8592494130134583,0.08978605270385742,0.05096454918384552,0.8592494130134583,gov,True,False
163993,2025-03,uncertain,2,0.4411376416683197,0.11385598033666611,0.4450063407421112,0.4450063407421112,opo,True,False
163996,2025-03,gov,0,0.7306273579597473,0.11070547997951508,0.15866725146770477,0.7306273579597473,gov,True,False
163998,2025-03,gov,0,0.7555802464485168,0.19330735504627228,0.05111246183514595,0.7555802464485168,gov,True,False
164709,2025-03,gov,0,0.9728412628173828,0.005053757689893246,0.022105026990175247,0.9728412628173828,gov,True,False
164710,2025-03,gov,0,0.9880185127258301,0.006453792564570904,0.005527685862034559,0.9880185127258301,gov,True,False
164711,2025-03,gov,0,0.9813655614852905,0.015113732777535915,0.0035205974709242582,0.9813655614852905,opo,True,False
164712,2025-03,gov,0,0.8927247524261475,0.09569726139307022,0.011577985249459743,0.8927247524261475,gov,True,False
164713,2025-03,gov,0,0.5814381241798401,0.1525130718946457,0.266048789024353,0.5814381241798401,gov,True,False
164714,2025-03,gov,0,0.5501438975334167,0.08066307753324509,0.3691929876804352,0.5501438975334167,gov,True,False
164715,2025-03,opo,1,0.2911079227924347,0.6027848124504089,0.10610724985599518,0.6027848124504089,opo,True,False
164716,2025-03,opo,1,0.03397895023226738,0.9512729048728943,0.014748109504580498,0.9512729048728943,opo,True,False
165430,2025-03,gov,0,0.9445039629936218,0.04241885617375374,0.0130772078409791,0.9445039629936218,gov,True,False
165433,2025-03,opo,1,0.27989661693573,0.39924177527427673,0.3208615779876709,0.39924177527427673,gov,True,False
165435,2025-03,opo,1,0.07132678478956223,0.4974673092365265,0.4312058687210083,0.4974673092365265,opo,True,False
165436,2025-03,opo,1,0.020015781745314598,0.9723496437072754,0.007634647656232119,0.9723496437072754,opo,True,False
166150,2025-03,gov,0,0.924294114112854,0.059841353446245193,0.015864459797739983,0.924294114112854,gov,True,False
166152,2025-03,opo,1,0.27481013536453247,0.6932066082954407,0.031983233988285065,0.6932066082954407,opo,True,False
166154,2025-03,gov,0,0.9069916605949402,0.04513835161924362,0.047870002686977386,0.9069916605949402,gov,True,False
166155,2025-03,gov,0,0.6666170954704285,0.08228633552789688,0.25109657645225525,0.6666170954704285,gov,True,False
166156,2025-03,opo,1,0.23127448558807373,0.718019962310791,0.05070555955171585,0.718019962310791,opo,True,False
166157,2025-03,opo,1,0.12168730050325394,0.8490188717842102,0.029293792322278023,0.8490188717842102,opo,True,False
166873,2025-03,opo,1,0.4076818525791168,0.43097010254859924,0.16134805977344513,0.43097010254859924,gov,True,False
166876,2025-03,opo,1,0.2108100801706314,0.7061342000961304,0.08305574208498001,0.7061342000961304,opo,True,False
166877,2025-03,gov,0,0.4680788516998291,0.32220688462257385,0.20971424877643585,0.4680788516998291,opo,True,False
167591,2025-03,gov,0,0.7032237648963928,0.12372124195098877,0.17305493354797363,0.7032237648963928,gov,True,False
167592,2025-03,gov,0,0.7076698541641235,0.237206369638443,0.055123794823884964,0.7076698541641235,gov,True,False
167594,2025-03,gov,0,0.9312568306922913,0.03686266764998436,0.03188047930598259,0.9312568306922913,gov,True,False
167597,2025-03,opo,1,0.2497510313987732,0.6634261012077332,0.08682287484407425,0.6634261012077332,opo,True,False
168313,2025-03,gov,0,0.9250362515449524,0.04639085382223129,0.028572944924235344,0.9250362515449524,gov,True,False
168316,2025-03,opo,1,0.06357533484697342,0.9236219525337219,0.012802752666175365,0.9236219525337219,opo,True,False
168318,2025-03,opo,1,0.2318641096353531,0.5753747224807739,0.1927611529827118,0.5753747224807739,opo,True,False
169035,2025-03,gov,0,0.8396137952804565,0.11169421672821045,0.04869202896952629,0.8396137952804565,gov,True,False
169036,2025-03,gov,0,0.895587682723999,0.09272221475839615,0.011690059676766396,0.895587682723999,gov,True,False
169037,2025-03,gov,0,0.9816398024559021,0.0072644432075321674,0.011095767840743065,0.9816398024559021,gov,True,False
169756,2025-03,gov,0,0.9893364906311035,0.005450556520372629,0.005212994292378426,0.9893364906311035,gov,True,False
143838,2025-04,gov,0,0.8876455426216125,0.044453080743551254,0.06790132075548172,0.8876455426216125,gov,True,False
145998,2025-04,gov,0,0.8412744998931885,0.027556966990232468,0.13116851449012756,0.8412744998931885,gov,True,False
147437,2025-04,gov,0,0.8903787136077881,0.013060220517218113,0.09656111150979996,0.8903787136077881,gov,True,False
147438,2025-04,gov,0,0.7463547587394714,0.01689320243895054,0.23675203323364258,0.7463547587394714,gov,True,False
147439,2025-04,gov,0,0.6385838389396667,0.01600567251443863,0.3454104959964752,0.6385838389396667,gov,True,False
148158,2025-04,gov,0,0.6425276398658752,0.028094887733459473,0.3293773829936981,0.6425276398658752,gov,True,False
149597,2025-04,uncertain,2,0.2852187752723694,0.061404868960380554,0.6533764004707336,0.6533764004707336,uncertain,True,False
150307,2025-04,gov,0,0.7674222588539124,0.06849310547113419,0.16408465802669525,0.7674222588539124,gov,True,False
150317,2025-04,uncertain,2,0.27623218297958374,0.08689995855093002,0.636867880821228,0.636867880821228,gov,True,False
151756,2025-04,gov,0,0.5149602890014648,0.06541316956281662,0.4196265935897827,0.5149602890014648,gov,True,False
151757,2025-04,uncertain,2,0.10166433453559875,0.0620696060359478,0.836266040802002,0.836266040802002,uncertain,True,False
152476,2025-04,gov,0,0.8906630277633667,0.03201531618833542,0.07732165604829788,0.8906630277633667,gov,True,False
153190,2025-04,gov,0,0.6114138960838318,0.15269391238689423,0.2358921617269516,0.6114138960838318,gov,True,False
153191,2025-04,gov,0,0.7809639573097229,0.18330128490924835,0.035734791308641434,0.7809639573097229,gov,True,False
153192,2025-04,gov,0,0.93881756067276,0.04639053717255592,0.014791923575103283,0.93881756067276,gov,True,False
153193,2025-04,gov,0,0.963953971862793,0.006770042702555656,0.029275955632328987,0.963953971862793,gov,True,False
153196,2025-04,gov,0,0.8307992219924927,0.12342333793640137,0.045777399092912674,0.8307992219924927,gov,True,False
153197,2025-04,uncertain,2,0.25236624479293823,0.07720427960157394,0.670429527759552,0.670429527759552,uncertain,True,False
153910,2025-04,gov,0,0.48296308517456055,0.2010379433631897,0.315998911857605,0.48296308517456055,gov,True,False
153911,2025-04,gov,0,0.4911470413208008,0.2804799973964691,0.2283729612827301,0.4911470413208008,gov,True,False
153912,2025-04,gov,0,0.896730899810791,0.06970168650150299,0.03356742113828659,0.896730899810791,gov,True,False
153913,2025-04,gov,0,0.9706238508224487,0.011420944705605507,0.017955245450139046,0.9706238508224487,gov,True,False
153914,2025-04,gov,0,0.969910204410553,0.012502934783697128,0.017586788162589073,0.969910204410553,gov,True,False
153915,2025-04,gov,0,0.6132859587669373,0.06414712220430374,0.322566956281662,0.6132859587669373,gov,True,False
153916,2025-04,gov,0,0.7637506723403931,0.18425433337688446,0.05199497938156128,0.7637506723403931,gov,True,False
153917,2025-04,uncertain,2,0.37893256545066833,0.17901726067066193,0.44205009937286377,0.44205009937286377,gov,True,False
153918,2025-04,uncertain,2,0.3236752450466156,0.12983211874961853,0.5464926958084106,0.5464926958084106,gov,True,False
154630,2025-04,gov,0,0.9638606309890747,0.017805131152272224,0.018334271386265755,0.9638606309890747,gov,True,False
154631,2025-04,gov,0,0.9883169531822205,0.0040734633803367615,0.007609483785927296,0.9883169531822205,gov,True,False
154632,2025-04,gov,0,0.9967488050460815,0.0012806375743821263,0.0019705714657902718,0.9967488050460815,gov,True,False
154633,2025-04,gov,0,0.9962598085403442,0.0024414488580077887,0.0012987698428332806,0.9962598085403442,gov,True,False
154634,2025-04,gov,0,0.9905984997749329,0.0046638851054012775,0.004737541079521179,0.9905984997749329,gov,True,False
154635,2025-04,gov,0,0.6173018217086792,0.015105510130524635,0.36759260296821594,0.6173018217086792,gov,True,False
154636,2025-04,gov,0,0.4257138967514038,0.41208240389823914,0.16220371425151825,0.4257138967514038,gov,True,False
155350,2025-04,gov,0,0.8894442915916443,0.0995982438325882,0.010957455262541771,0.8894442915916443,opo,True,False
155351,2025-04,gov,0,0.9743552207946777,0.012621003203094006,0.013023847714066505,0.9743552207946777,gov,True,False
155352,2025-04,gov,0,0.9802250266075134,0.005084918346256018,0.014690032228827477,0.9802250266075134,gov,True,False
155354,2025-04,gov,0,0.6950120329856873,0.020000029355287552,0.2849879860877991,0.6950120329856873,gov,True,False
156069,2025-04,gov,0,0.9083040952682495,0.0778086706995964,0.013887221924960613,0.9083040952682495,opo,True,False
156071,2025-04,gov,0,0.9731308817863464,0.015278182923793793,0.011590976268053055,0.9731308817863464,gov,True,False
156072,2025-04,gov,0,0.9329690337181091,0.018327491357922554,0.04870355501770973,0.9329690337181091,gov,True,False
156073,2025-04,gov,0,0.9409177303314209,0.00688349362462759,0.052198704332113266,0.9409177303314209,gov,True,False
156074,2025-04,gov,0,0.7225791215896606,0.00900773610919714,0.26841315627098083,0.7225791215896606,gov,True,False
156075,2025-04,uncertain,2,0.20291449129581451,0.07431087642908096,0.7227746248245239,0.7227746248245239,uncertain,True,False
156788,2025-04,gov,0,0.8017901182174683,0.14618752896785736,0.05202236399054527,0.8017901182174683,gov,True,False
156789,2025-04,gov,0,0.8031779527664185,0.16376300156116486,0.033059075474739075,0.8031779527664185,opo,True,False
156791,2025-04,gov,0,0.9483489394187927,0.02247883379459381,0.02917233295738697,0.9483489394187927,gov,True,False
156792,2025-04,gov,0,0.9068318605422974,0.02514149621129036,0.06802668422460556,0.9068318605422974,gov,True,False
156793,2025-04,gov,0,0.8657994866371155,0.003793656127527356,0.13040691614151,0.8657994866371155,gov,True,False
156794,2025-04,gov,0,0.8583872318267822,0.07846043258905411,0.06315232813358307,0.8583872318267822,gov,True,False
156795,2025-04,opo,1,0.13199540972709656,0.5527817606925964,0.3152227997779846,0.5527817606925964,opo,True,False
156796,2025-04,opo,1,0.09319308400154114,0.8911895155906677,0.015617474913597107,0.8911895155906677,opo,True,False
157508,2025-04,opo,1,0.22873897850513458,0.7416254281997681,0.02963564172387123,0.7416254281997681,gov,True,False
157509,2025-04,opo,1,0.1295994073152542,0.8114856481552124,0.0589149035513401,0.8114856481552124,opo,True,False
157510,2025-04,gov,0,0.7159184217453003,0.11568394303321838,0.16839757561683655,0.7159184217453003,gov,True,False
157511,2025-04,gov,0,0.7542711496353149,0.09014139324426651,0.15558740496635437,0.7542711496353149,gov,True,False
157513,2025-04,uncertain,2,0.18453334271907806,0.0021598474122583866,0.8133068084716797,0.8133068084716797,uncertain,True,False
157514,2025-04,uncertain,2,0.09764887392520905,0.021507125347852707,0.8808440566062927,0.8808440566062927,gov,True,False
157515,2025-04,uncertain,2,0.053159359842538834,0.02323942445218563,0.9236012101173401,0.9236012101173401,uncertain,True,False
158229,2025-04,opo,1,0.17887559533119202,0.7348822951316833,0.08624210208654404,0.7348822951316833,opo,True,False
158231,2025-04,gov,0,0.9191194176673889,0.013997090980410576,0.06688349694013596,0.9191194176673889,gov,True,False
158233,2025-04,gov,0,0.7277678847312927,0.029430143535137177,0.2428019940853119,0.7277678847312927,gov,True,False
158235,2025-04,opo,1,0.13781563937664032,0.8240724802017212,0.038111865520477295,0.8240724802017212,opo,True,False
158236,2025-04,opo,1,0.033218640834093094,0.9635445475578308,0.0032368029933422804,0.9635445475578308,opo,True,False
158237,2025-04,opo,1,0.024012723937630653,0.9726656675338745,0.0033216325100511312,0.9726656675338745,opo,True,False
158238,2025-04,opo,1,0.4006473422050476,0.5569084882736206,0.04244416207075119,0.5569084882736206,gov,True,False
158946,2025-04,gov,0,0.7445735931396484,0.08456699550151825,0.1708594709634781,0.7445735931396484,gov,True,False
158947,2025-04,opo,1,0.3949732780456543,0.5023565292358398,0.10267013311386108,0.5023565292358398,opo,True,False
158949,2025-04,gov,0,0.8151906728744507,0.15374162793159485,0.03106769360601902,0.8151906728744507,gov,True,False
158950,2025-04,gov,0,0.8963912725448608,0.009063588455319405,0.09454510360956192,0.8963912725448608,gov,True,False
158951,2025-04,gov,0,0.86434006690979,0.006912508979439735,0.12874746322631836,0.86434006690979,gov,True,False
158952,2025-04,gov,0,0.9438686370849609,0.011106031015515327,0.04502532258629799,0.9438686370849609,gov,True,False
158953,2025-04,gov,0,0.9122462868690491,0.028497273102402687,0.05925651639699936,0.9122462868690491,gov,True,False
158954,2025-04,gov,0,0.9044899344444275,0.07667034864425659,0.018839731812477112,0.9044899344444275,gov,True,False
158955,2025-04,gov,0,0.7934300303459167,0.19518038630485535,0.011389555409550667,0.7934300303459167,gov,True,False
158956,2025-04,gov,0,0.7545129060745239,0.24353183805942535,0.001955189276486635,0.7545129060745239,gov,True,False
158957,2025-04,gov,0,0.9472482800483704,0.04891663044691086,0.0038350913673639297,0.9472482800483704,gov,True,False
158958,2025-04,gov,0,0.9677926301956177,0.021197928115725517,0.011009391397237778,0.9677926301956177,gov,True,False
158960,2025-04,gov,0,0.9007048010826111,0.026600945740938187,0.07269422709941864,0.9007048010826111,gov,True,False
159665,2025-04,gov,0,0.5137860178947449,0.3003538250923157,0.18586017191410065,0.5137860178947449,opo,True,False
159666,2025-04,gov,0,0.6082750558853149,0.2587560713291168,0.13296888768672943,0.6082750558853149,opo,True,False
159667,2025-04,opo,1,0.16999571025371552,0.7794408202171326,0.05056348070502281,0.7794408202171326,opo,True,False
159668,2025-04,opo,1,0.2789769172668457,0.5626423358917236,0.15838076174259186,0.5626423358917236,opo,True,False
159670,2025-04,gov,0,0.8444108366966248,0.007650928571820259,0.14793826639652252,0.8444108366966248,gov,True,False
159671,2025-04,gov,0,0.974963366985321,0.004554164595901966,0.020482545718550682,0.974963366985321,gov,True,False
159672,2025-04,gov,0,0.9900619983673096,0.0011115986853837967,0.008826522156596184,0.9900619983673096,gov,True,False
159673,2025-04,gov,0,0.9786060452461243,0.003511924995109439,0.01788201741874218,0.9786060452461243,gov,True,False
159674,2025-04,gov,0,0.9700613021850586,0.005531086586415768,0.024407649412751198,0.9700613021850586,gov,True,False
159675,2025-04,gov,0,0.9404599070549011,0.02092544361948967,0.038614656776189804,0.9404599070549011,gov,True,False
159676,2025-04,gov,0,0.9607120156288147,0.03485361859202385,0.004434353206306696,0.9607120156288147,gov,True,False
159679,2025-04,gov,0,0.982448935508728,0.008026204071938992,0.009524865075945854,0.982448935508728,gov,True,False
159680,2025-04,gov,0,0.937616765499115,0.02375193126499653,0.03863130509853363,0.937616765499115,gov,True,False
160386,2025-04,gov,0,0.4658976197242737,0.2543289363384247,0.27977341413497925,0.4658976197242737,opo,True,False
160388,2025-04,opo,1,0.05517537519335747,0.862055242061615,0.08276935666799545,0.862055242061615,opo,True,False
160389,2025-04,uncertain,2,0.15291722118854523,0.09850567579269409,0.7485771179199219,0.7485771179199219,uncertain,True,False
160390,2025-04,gov,0,0.5731358528137207,0.021220659837126732,0.4056434631347656,0.5731358528137207,uncertain,True,False
160391,2025-04,gov,0,0.7986857891082764,0.017618708312511444,0.1836954802274704,0.7986857891082764,gov,True,False
160392,2025-04,gov,0,0.9672362804412842,0.0006587186944670975,0.032104965299367905,0.9672362804412842,gov,True,False
160393,2025-04,gov,0,0.9523645639419556,0.004907488357275724,0.04272792488336563,0.9523645639419556,gov,True,False
160394,2025-04,gov,0,0.9613520503044128,0.004560902714729309,0.03408706560730934,0.9613520503044128,gov,True,False
160396,2025-04,gov,0,0.9595980048179626,0.007486424408853054,0.032915595918893814,0.9595980048179626,gov,True,False
160397,2025-04,gov,0,0.9773200750350952,0.012824449688196182,0.009855415672063828,0.9773200750350952,gov,True,False
160399,2025-04,gov,0,0.9850850701332092,0.00592787703499198,0.008987000212073326,0.9850850701332092,gov,True,False
160400,2025-04,gov,0,0.9383463263511658,0.025937819853425026,0.035715848207473755,0.9383463263511658,gov,True,False
161107,2025-04,opo,1,0.018757810816168785,0.9668612480163574,0.014380952343344688,0.9668612480163574,opo,True,False
161109,2025-04,uncertain,2,0.010042358189821243,0.0034370238427072763,0.9865206480026245,0.9865206480026245,uncertain,True,False
161110,2025-04,gov,0,0.6355152130126953,0.02161208540201187,0.342872679233551,0.6355152130126953,gov,True,False
161111,2025-04,gov,0,0.853330135345459,0.029789656400680542,0.11688028275966644,0.853330135345459,gov,True,False
161112,2025-04,gov,0,0.931976854801178,0.004279974848031998,0.06374306976795197,0.931976854801178,gov,True,False
161113,2025-04,gov,0,0.9230564832687378,0.02581334300339222,0.051130153238773346,0.9230564832687378,gov,True,False
161116,2025-04,gov,0,0.909513533115387,0.006405399646610022,0.08408109843730927,0.909513533115387,gov,True,False
161117,2025-04,gov,0,0.9050750732421875,0.057503338903188705,0.037421539425849915,0.9050750732421875,gov,True,False
161118,2025-04,gov,0,0.7855870127677917,0.1812802106142044,0.03313281387090683,0.7855870127677917,gov,True,False
161119,2025-04,gov,0,0.9087350964546204,0.06883566826581955,0.02242925949394703,0.9087350964546204,gov,True,False
161120,2025-04,gov,0,0.8882506489753723,0.05319010838866234,0.05855923518538475,0.8882506489753723,gov,True,False
161827,2025-04,opo,1,0.01819502003490925,0.9728162288665771,0.008988721296191216,0.9728162288665771,opo,True,False
161829,2025-04,uncertain,2,0.011396645568311214,0.002616161247715354,0.98598712682724,0.98598712682724,uncertain,True,False
161830,2025-04,uncertain,2,0.05223625898361206,0.10433954745531082,0.8434242606163025,0.8434242606163025,uncertain,True,False
161831,2025-04,uncertain,2,0.26418590545654297,0.24592415988445282,0.4898900091648102,0.4898900091648102,gov,True,False
161832,2025-04,gov,0,0.6099218726158142,0.19708074629306793,0.19299733638763428,0.6099218726158142,gov,True,False
161833,2025-04,opo,1,0.34250348806381226,0.6160785555839539,0.041417934000492096,0.6160785555839539,gov,True,False
161834,2025-04,opo,1,0.20693795382976532,0.6332729458808899,0.1597891002893448,0.6332729458808899,uncertain,True,False
161837,2025-04,opo,1,0.033330678939819336,0.9345535635948181,0.03211575374007225,0.9345535635948181,opo,True,False
161839,2025-04,opo,1,0.17905853688716888,0.7918351292610168,0.029106279835104942,0.7918351292610168,opo,True,False
162547,2025-04,opo,1,0.06718103587627411,0.9313052296638489,0.0015136909205466509,0.9313052296638489,opo,True,False
162548,2025-04,uncertain,2,0.3295625150203705,0.11467082053422928,0.5557666420936584,0.5557666420936584,opo,True,False
162549,2025-04,uncertain,2,0.03265591710805893,0.014647560194134712,0.9526965022087097,0.9526965022087097,uncertain,True,False
162550,2025-04,opo,1,0.05192073434591293,0.7609348297119141,0.1871444135904312,0.7609348297119141,opo,True,False
162551,2025-04,uncertain,2,0.13211150467395782,0.09639658778905869,0.7714919447898865,0.7714919447898865,gov,True,False
162552,2025-04,gov,0,0.7516227960586548,0.17377494275569916,0.07460231333971024,0.7516227960586548,gov,True,False
162553,2025-04,opo,1,0.14496064186096191,0.8421192765235901,0.012920089066028595,0.8421192765235901,opo,True,False
162554,2025-04,opo,1,0.19815321266651154,0.5732021331787109,0.22864462435245514,0.5732021331787109,uncertain,True,False
162555,2025-04,opo,1,0.0498826801776886,0.7601258754730225,0.18999147415161133,0.7601258754730225,uncertain,True,False
162556,2025-04,opo,1,0.010402447544038296,0.9597543478012085,0.029843201860785484,0.9597543478012085,opo,True,False
162558,2025-04,opo,1,0.016560249030590057,0.9722570776939392,0.011182630434632301,0.9722570776939392,opo,True,False
162559,2025-04,opo,1,0.12464165687561035,0.793185830116272,0.08217252045869827,0.793185830116272,opo,True,False
163267,2025-04,opo,1,0.09902061522006989,0.8850294351577759,0.015949996188282967,0.8850294351577759,opo,True,False
163268,2025-04,uncertain,2,0.04622798413038254,0.26090002059936523,0.6928719878196716,0.6928719878196716,uncertain,True,False
163269,2025-04,uncertain,2,0.09621916711330414,0.13978374004364014,0.7639970779418945,0.7639970779418945,uncertain,True,False
163271,2025-04,uncertain,2,0.21987862884998322,0.010844452306628227,0.7692769169807434,0.7692769169807434,gov,True,False
163272,2025-04,uncertain,2,0.07426649332046509,0.028370356187224388,0.8973631262779236,0.8973631262779236,uncertain,True,False
163274,2025-04,uncertain,2,0.30733126401901245,0.04462834447622299,0.6480403542518616,0.6480403542518616,uncertain,True,False
163275,2025-04,uncertain,2,0.057830050587654114,0.014319506473839283,0.9278504848480225,0.9278504848480225,uncertain,True,False
163276,2025-04,uncertain,2,0.2089187204837799,0.026892593130469322,0.7641887068748474,0.7641887068748474,uncertain,True,False
163278,2025-04,opo,1,0.18766766786575317,0.6974307894706726,0.114901602268219,0.6974307894706726,opo,True,False
163988,2025-04,opo,1,0.4006560444831848,0.5640177130699158,0.035326261073350906,0.5640177130699158,opo,True,False
163989,2025-04,gov,0,0.8801760673522949,0.033986277878284454,0.08583764731884003,0.8801760673522949,gov,True,False
163992,2025-04,uncertain,2,0.17680460214614868,0.01041705347597599,0.8127783536911011,0.8127783536911011,gov,True,False
163993,2025-04,uncertain,2,0.3876030445098877,0.02957291342318058,0.5828241109848022,0.5828241109848022,opo,True,False
163996,2025-04,gov,0,0.9304027557373047,0.03007664903998375,0.03952060639858246,0.9304027557373047,gov,True,False
163998,2025-04,gov,0,0.882297158241272,0.05607112497091293,0.061631716787815094,0.882297158241272,gov,True,False
164709,2025-04,gov,0,0.7009941935539246,0.09012600034475327,0.20887984335422516,0.7009941935539246,gov,True,False
164710,2025-04,gov,0,0.8881902694702148,0.017261890694499016,0.09454785287380219,0.8881902694702148,gov,True,False
164711,2025-04,gov,0,0.808160662651062,0.008512887172400951,0.18332646787166595,0.808160662651062,opo,True,False
164712,2025-04,gov,0,0.8707119822502136,0.006208512466400862,0.12307953834533691,0.8707119822502136,gov,True,False
164713,2025-04,gov,0,0.9402686953544617,0.006530602462589741,0.05320068821310997,0.9402686953544617,opo,True,False
164714,2025-04,gov,0,0.8022797107696533,0.04596530273556709,0.1517549753189087,0.8022797107696533,gov,True,False
164715,2025-04,gov,0,0.5474292039871216,0.4298620820045471,0.022708706557750702,0.5474292039871216,opo,True,False
164716,2025-04,opo,1,0.15440627932548523,0.8261120915412903,0.019481636583805084,0.8261120915412903,opo,True,False
165430,2025-04,gov,0,0.8721526861190796,0.10724786669015884,0.02059943601489067,0.8721526861190796,gov,True,False
165433,2025-04,gov,0,0.9362162351608276,0.04348821938037872,0.02029554359614849,0.9362162351608276,gov,True,False
165435,2025-04,opo,1,0.2910839021205902,0.4935958981513977,0.21532021462917328,0.4935958981513977,opo,True,False
165436,2025-04,opo,1,0.27695560455322266,0.6564858555793762,0.06655848026275635,0.6564858555793762,opo,True,False
166150,2025-04,gov,0,0.7700338363647461,0.12584076821804047,0.10412538051605225,0.7700338363647461,gov,True,False
166152,2025-04,gov,0,0.8046668171882629,0.1301901936531067,0.06514298170804977,0.8046668171882629,opo,True,False
166154,2025-04,gov,0,0.986402690410614,0.009492874145507812,0.004104421939700842,0.986402690410614,gov,True,False
166155,2025-04,gov,0,0.89338219165802,0.08532846719026566,0.02128937467932701,0.89338219165802,gov,True,False
166156,2025-04,gov,0,0.5209120512008667,0.43642300367355347,0.042664989829063416,0.5209120512008667,opo,True,False
166157,2025-04,opo,1,0.24243898689746857,0.6579311490058899,0.09962987899780273,0.6579311490058899,opo,True,False
166873,2025-04,gov,0,0.9742302894592285,0.011517316102981567,0.014252400025725365,0.9742302894592285,gov,True,False
166876,2025-04,gov,0,0.6037298440933228,0.3435990512371063,0.052671074867248535,0.6037298440933228,opo,True,False
166877,2025-04,gov,0,0.5173775553703308,0.27712440490722656,0.20549803972244263,0.5173775553703308,opo,True,False
167591,2025-04,gov,0,0.8607862591743469,0.024662820622324944,0.11455096304416656,0.8607862591743469,gov,True,False
167592,2025-04,gov,0,0.9304888248443604,0.02799975499510765,0.041511502116918564,0.9304888248443604,gov,True,False
167594,2025-04,gov,0,0.9189508557319641,0.015108444727957249,0.06594064831733704,0.9189508557319641,gov,True,False
167597,2025-04,gov,0,0.8284869194030762,0.12060976028442383,0.0509033240377903,0.8284869194030762,opo,True,False
168313,2025-04,gov,0,0.9185967445373535,0.02890431508421898,0.05249891057610512,0.9185967445373535,gov,True,False
168316,2025-04,opo,1,0.3895106911659241,0.4649011790752411,0.14558809995651245,0.4649011790752411,opo,True,False
168318,2025-04,gov,0,0.6501362323760986,0.27356329560279846,0.07630056142807007,0.6501362323760986,opo,True,False
169035,2025-04,gov,0,0.6892145276069641,0.07776647061109543,0.23301894962787628,0.6892145276069641,gov,True,False
169036,2025-04,gov,0,0.8719491958618164,0.048095397651195526,0.07995539903640747,0.8719491958618164,gov,True,False
169037,2025-04,gov,0,0.9468880295753479,0.017886394634842873,0.035225581377744675,0.9468880295753479,gov,True,False
169756,2025-04,gov,0,0.9549922347068787,0.022192876785993576,0.022814862430095673,0.9549922347068787,gov,True,False
143838,2025-05,gov,0,0.9273790121078491,0.03247632831335068,0.040144581347703934,0.9273790121078491,gov,True,False
145998,2025-05,gov,0,0.8584708571434021,0.04713970422744751,0.0943894311785698,0.8584708571434021,gov,True,False
147437,2025-05,gov,0,0.9042593836784363,0.009964151307940483,0.08577645570039749,0.9042593836784363,gov,True,False
147438,2025-05,gov,0,0.8241173624992371,0.027776386588811874,0.14810624718666077,0.8241173624992371,gov,True,False
147439,2025-05,gov,0,0.5550791025161743,0.02589988149702549,0.41902101039886475,0.5550791025161743,gov,True,False
148158,2025-05,gov,0,0.6989958882331848,0.042422715574502945,0.2585814297199249,0.6989958882331848,gov,True,False
149597,2025-05,uncertain,2,0.1654384881258011,0.045900609344244,0.7886608839035034,0.7886608839035034,uncertain,True,False
150307,2025-05,gov,0,0.7899171113967896,0.08033346384763718,0.1297493875026703,0.7899171113967896,gov,True,False
150317,2025-05,uncertain,2,0.2139064520597458,0.16116008162498474,0.6249334812164307,0.6249334812164307,gov,True,False
151756,2025-05,uncertain,2,0.4105277359485626,0.06642210483551025,0.5230501890182495,0.5230501890182495,gov,True,False
151757,2025-05,uncertain,2,0.11041112244129181,0.11100651323795319,0.7785823941230774,0.7785823941230774,uncertain,True,False
152476,2025-05,gov,0,0.8853119015693665,0.03683064132928848,0.07785750180482864,0.8853119015693665,gov,True,False
153190,2025-05,gov,0,0.7145624160766602,0.07711487263441086,0.20832276344299316,0.7145624160766602,gov,True,False
153191,2025-05,gov,0,0.8906261324882507,0.061037879437208176,0.04833601415157318,0.8906261324882507,gov,True,False
153192,2025-05,gov,0,0.8831974267959595,0.020660603418946266,0.09614205360412598,0.8831974267959595,gov,True,False
153193,2025-05,gov,0,0.9643135666847229,0.0035343077033758163,0.03215216472744942,0.9643135666847229,gov,True,False
153196,2025-05,gov,0,0.6284948587417603,0.09323311597108841,0.27827200293540955,0.6284948587417603,gov,True,False
153197,2025-05,uncertain,2,0.1483430564403534,0.07683507353067398,0.7748218774795532,0.7748218774795532,uncertain,True,False
153910,2025-05,gov,0,0.4742944538593292,0.0600043386220932,0.46570125222206116,0.4742944538593292,gov,True,False
153911,2025-05,gov,0,0.6937410235404968,0.22144168615341187,0.08481737971305847,0.6937410235404968,gov,True,False
153912,2025-05,gov,0,0.8669354915618896,0.08529206365346909,0.047772448509931564,0.8669354915618896,gov,True,False
153913,2025-05,gov,0,0.9449803829193115,0.009995999746024609,0.04502353444695473,0.9449803829193115,gov,True,False
153914,2025-05,gov,0,0.856044590473175,0.015228855423629284,0.12872646749019623,0.856044590473175,gov,True,False
153915,2025-05,uncertain,2,0.40383872389793396,0.011475436389446259,0.5846858620643616,0.5846858620643616,gov,True,False
153916,2025-05,uncertain,2,0.4601905345916748,0.06863802671432495,0.47117143869400024,0.47117143869400024,gov,True,False
153917,2025-05,gov,0,0.5896144509315491,0.06767217814922333,0.3427133560180664,0.5896144509315491,gov,True,False
153918,2025-05,gov,0,0.5727248191833496,0.047705717384815216,0.379569411277771,0.5727248191833496,opo,True,False
154630,2025-05,gov,0,0.9476772546768188,0.02773023210465908,0.02459249459207058,0.9476772546768188,gov,True,False
154631,2025-05,gov,0,0.9789367914199829,0.016883494332432747,0.004179837182164192,0.9789367914199829,gov,True,False
154632,2025-05,gov,0,0.9973118305206299,0.0014140120474621654,0.001274183625355363,0.9973118305206299,gov,True,False
154633,2025-05,gov,0,0.9966296553611755,0.0008912808843888342,0.002479005139321089,0.9966296553611755,gov,True,False
154634,2025-05,gov,0,0.9605310559272766,0.00826261006295681,0.031206244602799416,0.9605310559272766,gov,True,False
154635,2025-05,uncertain,2,0.2765757739543915,0.0032089005690068007,0.7202153205871582,0.7202153205871582,gov,True,False
154636,2025-05,uncertain,2,0.0814174935221672,0.010092041455209255,0.9084904193878174,0.9084904193878174,gov,True,False
155350,2025-05,gov,0,0.8269906640052795,0.164840430021286,0.008168875239789486,0.8269906640052795,opo,True,False
155351,2025-05,gov,0,0.9474683403968811,0.04628141596913338,0.006250217091292143,0.9474683403968811,gov,True,False
155352,2025-05,gov,0,0.9908816814422607,0.0038910573348402977,0.0052272966131567955,0.9908816814422607,gov,True,False
155354,2025-05,uncertain,2,0.28497493267059326,0.03686653450131416,0.6781585812568665,0.6781585812568665,uncertain,True,False
156069,2025-05,gov,0,0.8473156690597534,0.15116944909095764,0.001514965551905334,0.8473156690597534,opo,True,False
156071,2025-05,gov,0,0.9355533123016357,0.05393403768539429,0.010512611828744411,0.9355533123016357,gov,True,False
156072,2025-05,gov,0,0.9426562190055847,0.01264684833586216,0.04469693452119827,0.9426562190055847,gov,True,False
156073,2025-05,gov,0,0.9661703705787659,0.001683550770394504,0.03214613348245621,0.9661703705787659,gov,True,False
156074,2025-05,gov,0,0.6971660256385803,0.014034579508006573,0.2887994050979614,0.6971660256385803,gov,True,False
156075,2025-05,uncertain,2,0.06998446583747864,0.018276747316122055,0.9117388129234314,0.9117388129234314,uncertain,True,False
156788,2025-05,gov,0,0.8000120520591736,0.16121721267700195,0.038770709186792374,0.8000120520591736,gov,True,False
156789,2025-05,gov,0,0.49773484468460083,0.4949010908603668,0.0073641263879835606,0.49773484468460083,opo,True,False
156791,2025-05,gov,0,0.9686328172683716,0.006416648160666227,0.024950575083494186,0.9686328172683716,gov,True,False
156792,2025-05,gov,0,0.7881412506103516,0.006520343944430351,0.2053384780883789,0.7881412506103516,gov,True,False
156793,2025-05,gov,0,0.7750834226608276,0.0008316461462527514,0.22408488392829895,0.7750834226608276,gov,True,False
156794,2025-05,gov,0,0.7639923095703125,0.07521957159042358,0.16078811883926392,0.7639923095703125,gov,True,False
156795,2025-05,uncertain,2,0.023036828264594078,0.28315964341163635,0.6938034892082214,0.6938034892082214,opo,True,False
156796,2025-05,opo,1,0.058998554944992065,0.7968893051147461,0.14411215484142303,0.7968893051147461,opo,True,False
157508,2025-05,opo,1,0.23180997371673584,0.6102032661437988,0.15798671543598175,0.6102032661437988,gov,True,False
157509,2025-05,opo,1,0.1051393449306488,0.8609455823898315,0.033915068954229355,0.8609455823898315,opo,True,False
157510,2025-05,gov,0,0.8693072199821472,0.08920954167842865,0.04148316755890846,0.8693072199821472,gov,True,False
157511,2025-05,gov,0,0.8623277544975281,0.01894526183605194,0.11872702836990356,0.8623277544975281,gov,True,False
157513,2025-05,uncertain,2,0.01766226440668106,0.00012277626956347376,0.9822148680686951,0.9822148680686951,uncertain,True,False
157514,2025-05,uncertain,2,0.1335856318473816,0.03359736502170563,0.8328169584274292,0.8328169584274292,gov,True,False
157515,2025-05,uncertain,2,0.020663613453507423,0.048124995082616806,0.9312113523483276,0.9312113523483276,uncertain,True,False
158229,2025-05,opo,1,0.29907238483428955,0.44152218103408813,0.2594054341316223,0.44152218103408813,opo,True,False
158231,2025-05,gov,0,0.9847250580787659,0.0009994027204811573,0.01427545491605997,0.9847250580787659,gov,True,False
158233,2025-05,gov,0,0.8771400451660156,0.0019499165937304497,0.12090998142957687,0.8771400451660156,gov,True,False
158235,2025-05,opo,1,0.06008638069033623,0.9156337380409241,0.02427983470261097,0.9156337380409241,opo,True,False
158236,2025-05,opo,1,0.05080566555261612,0.9372011423110962,0.011993227526545525,0.9372011423110962,opo,True,False
158237,2025-05,opo,1,0.05528129264712334,0.931439995765686,0.013278773054480553,0.931439995765686,opo,True,False
158238,2025-05,opo,1,0.31585583090782166,0.5437427163124084,0.1404014378786087,0.5437427163124084,gov,True,False
158946,2025-05,gov,0,0.5222107172012329,0.18522381782531738,0.2925654351711273,0.5222107172012329,gov,True,False
158947,2025-05,opo,1,0.13309499621391296,0.6592850685119629,0.20761993527412415,0.6592850685119629,opo,True,False
158949,2025-05,gov,0,0.7706640362739563,0.1593366265296936,0.06999929249286652,0.7706640362739563,gov,True,False
158950,2025-05,gov,0,0.989682137966156,0.0029773355927318335,0.007340544834733009,0.989682137966156,gov,True,False
158951,2025-05,gov,0,0.9763180017471313,0.0006992827402427793,0.02298273891210556,0.9763180017471313,gov,True,False
158952,2025-05,gov,0,0.9976564645767212,0.0007249208865687251,0.001618649810552597,0.9976564645767212,gov,True,False
158953,2025-05,gov,0,0.9946550130844116,0.0019766301847994328,0.0033684398513287306,0.9946550130844116,gov,True,False
158954,2025-05,gov,0,0.9234554171562195,0.0686943531036377,0.00785025767982006,0.9234554171562195,gov,True,False
158955,2025-05,gov,0,0.6751434803009033,0.3187166154384613,0.0061399247497320175,0.6751434803009033,gov,True,False
158956,2025-05,gov,0,0.7634207606315613,0.2344277948141098,0.00215135863982141,0.7634207606315613,gov,True,False
158957,2025-05,gov,0,0.9182208776473999,0.07470575720071793,0.00707338098436594,0.9182208776473999,gov,True,False
158958,2025-05,gov,0,0.9436808228492737,0.0378129668533802,0.01850617490708828,0.9436808228492737,gov,True,False
158960,2025-05,gov,0,0.8981212377548218,0.027281876653432846,0.07459694147109985,0.8981212377548218,gov,True,False
159665,2025-05,opo,1,0.17218540608882904,0.599221408367157,0.2285931557416916,0.599221408367157,opo,True,False
159666,2025-05,opo,1,0.07113640755414963,0.8778391480445862,0.05102447047829628,0.8778391480445862,opo,True,False
159667,2025-05,opo,1,0.05291617661714554,0.9361193776130676,0.010964464396238327,0.9361193776130676,opo,True,False
159668,2025-05,opo,1,0.061819229274988174,0.9067974090576172,0.031383391469717026,0.9067974090576172,opo,True,False
159670,2025-05,gov,0,0.8484818339347839,0.0011981022544205189,0.15032009780406952,0.8484818339347839,gov,True,False
159671,2025-05,gov,0,0.9960311055183411,0.00038897761260159314,0.00357987591996789,0.9960311055183411,gov,True,False
159672,2025-05,gov,0,0.9993118047714233,0.0001811602123780176,0.0005069805774837732,0.9993118047714233,gov,True,False
159673,2025-05,gov,0,0.9994118213653564,0.00017555919475853443,0.00041257496923208237,0.9994118213653564,gov,True,False
159674,2025-05,gov,0,0.9942929744720459,0.0010466715320944786,0.00466033723205328,0.9942929744720459,gov,True,False
159675,2025-05,gov,0,0.9823340177536011,0.004262153524905443,0.013403736986219883,0.9823340177536011,gov,True,False
159676,2025-05,gov,0,0.9917172789573669,0.005201211664825678,0.0030815338250249624,0.9917172789573669,gov,True,False
159679,2025-05,gov,0,0.8558476567268372,0.09576694667339325,0.04838532209396362,0.8558476567268372,gov,True,False
159680,2025-05,gov,0,0.8718435168266296,0.04095379263162613,0.08720269054174423,0.8718435168266296,gov,True,False
160386,2025-05,opo,1,0.20489650964736938,0.6770541667938232,0.11804934591054916,0.6770541667938232,opo,True,False
160388,2025-05,opo,1,0.03902584686875343,0.6963674426078796,0.2646067440509796,0.6963674426078796,opo,True,False
160389,2025-05,uncertain,2,0.0023308750241994858,0.002316627651453018,0.9953525066375732,0.9953525066375732,uncertain,True,False
160390,2025-05,uncertain,2,0.04134567454457283,0.0023564891889691353,0.9562978148460388,0.9562978148460388,uncertain,True,False
160391,2025-05,gov,0,0.8839259147644043,0.05995127186179161,0.056122809648513794,0.8839259147644043,gov,True,False
160392,2025-05,gov,0,0.9977115392684937,0.0010092261945828795,0.0012793216155841947,0.9977115392684937,gov,True,False
160393,2025-05,gov,0,0.9864532351493835,0.0010677749523892999,0.012478954158723354,0.9864532351493835,gov,True,False
160394,2025-05,gov,0,0.9790080785751343,0.0008979595149867237,0.020093966275453568,0.9790080785751343,gov,True,False
160396,2025-05,gov,0,0.9764533042907715,0.0032739636953920126,0.020272795110940933,0.9764533042907715,gov,True,False
160397,2025-05,gov,0,0.9829627275466919,0.008608754724264145,0.008428521454334259,0.9829627275466919,gov,True,False
160399,2025-05,gov,0,0.9591566920280457,0.02336009219288826,0.01748323254287243,0.9591566920280457,gov,True,False
160400,2025-05,gov,0,0.9262105226516724,0.02523847483098507,0.04855099692940712,0.9262105226516724,gov,True,False
161107,2025-05,opo,1,0.03420142084360123,0.9256329536437988,0.04016556590795517,0.9256329536437988,opo,True,False
161109,2025-05,uncertain,2,0.0005052866181358695,0.00014232596731744707,0.9993523955345154,0.9993523955345154,uncertain,True,False
161110,2025-05,uncertain,2,0.3105509877204895,0.03023071214556694,0.6592183113098145,0.6592183113098145,gov,True,False
161111,2025-05,gov,0,0.9835144281387329,0.009171280078589916,0.007314290385693312,0.9835144281387329,gov,True,False
161112,2025-05,gov,0,0.9995487332344055,3.6266774259274825e-05,0.000415057351347059,0.9995487332344055,gov,True,False
161113,2025-05,gov,0,0.9912490844726562,0.00045724213123321533,0.008293707855045795,0.9912490844726562,gov,True,False
161116,2025-05,gov,0,0.9338982105255127,0.002476573921740055,0.06362525373697281,0.9338982105255127,gov,True,False
161117,2025-05,gov,0,0.8296704292297363,0.09278612583875656,0.07754343003034592,0.8296704292297363,gov,True,False
161118,2025-05,opo,1,0.3999251425266266,0.5804489254951477,0.01962597668170929,0.5804489254951477,gov,True,False
161119,2025-05,gov,0,0.8235811591148376,0.13229252398014069,0.04412633925676346,0.8235811591148376,gov,True,False
161120,2025-05,gov,0,0.8931717872619629,0.03408735617995262,0.0727408155798912,0.8931717872619629,gov,True,False
161827,2025-05,opo,1,0.0747564360499382,0.8756175637245178,0.04962596669793129,0.8756175637245178,opo,True,False
161829,2025-05,uncertain,2,0.0012413915246725082,0.006760472897440195,0.9919981360435486,0.9919981360435486,uncertain,True,False
161830,2025-05,uncertain,2,0.03722047433257103,0.21663041412830353,0.7461490631103516,0.7461490631103516,uncertain,True,False
161831,2025-05,gov,0,0.5026883482933044,0.019659658893942833,0.477651983499527,0.5026883482933044,gov,True,False
161832,2025-05,gov,0,0.9454067349433899,0.003930119331926107,0.05066315084695816,0.9454067349433899,gov,True,False
161833,2025-05,gov,0,0.8330864906311035,0.06890207529067993,0.09801135212182999,0.8330864906311035,gov,True,False
161834,2025-05,opo,1,0.21039345860481262,0.4621570110321045,0.3274495303630829,0.4621570110321045,gov,True,False
161837,2025-05,opo,1,0.09789829701185226,0.868428111076355,0.03367360681295395,0.868428111076355,opo,True,False
161839,2025-05,opo,1,0.09869546443223953,0.8836950659751892,0.01760941743850708,0.8836950659751892,opo,True,False
162547,2025-05,opo,1,0.11884954571723938,0.8747202157974243,0.006430190522223711,0.8747202157974243,opo,True,False
162548,2025-05,uncertain,2,0.007802803535014391,0.05832607299089432,0.9338710904121399,0.9338710904121399,opo,True,False
162549,2025-05,uncertain,2,0.010474643670022488,0.03282249718904495,0.9567028880119324,0.9567028880119324,uncertain,True,False
162550,2025-05,opo,1,0.029531631618738174,0.9346282482147217,0.03584012761712074,0.9346282482147217,opo,True,False
162551,2025-05,gov,0,0.529028594493866,0.023852692916989326,0.44711869955062866,0.529028594493866,gov,True,False
162552,2025-05,gov,0,0.9369477033615112,0.006493464577943087,0.0565587654709816,0.9369477033615112,gov,True,False
162553,2025-05,gov,0,0.6738471984863281,0.320774644613266,0.005378088913857937,0.6738471984863281,opo,True,False
162554,2025-05,uncertain,2,0.16093243658542633,0.2662034034729004,0.5728641748428345,0.5728641748428345,uncertain,True,False
162555,2025-05,uncertain,2,0.05890848487615585,0.12292944639921188,0.8181621432304382,0.8181621432304382,uncertain,True,False
162556,2025-05,opo,1,0.08689592033624649,0.8049963116645813,0.1081078052520752,0.8049963116645813,gov,True,False
162558,2025-05,opo,1,0.0010446045780554414,0.9974696636199951,0.0014858022332191467,0.9974696636199951,opo,True,False
162559,2025-05,opo,1,0.029454300180077553,0.9335960745811462,0.03694969043135643,0.9335960745811462,opo,True,False
163267,2025-05,opo,1,0.009890255518257618,0.9877469539642334,0.0023627944756299257,0.9877469539642334,opo,True,False
163268,2025-05,uncertain,2,0.006921222433447838,0.2304573953151703,0.7626214027404785,0.7626214027404785,uncertain,True,False
163269,2025-05,uncertain,2,0.006260460242629051,0.032124508172273636,0.9616149663925171,0.9616149663925171,uncertain,True,False
163271,2025-05,gov,0,0.521714985370636,0.0007196257938630879,0.47756531834602356,0.521714985370636,gov,True,False
163272,2025-05,uncertain,2,0.03989677503705025,0.0007072094012983143,0.9593959450721741,0.9593959450721741,uncertain,True,False
163274,2025-05,uncertain,2,0.0748395174741745,0.0062603396363556385,0.9189002513885498,0.9189002513885498,uncertain,True,False
163275,2025-05,uncertain,2,0.008028906770050526,0.0004923944943584502,0.9914787411689758,0.9914787411689758,uncertain,True,False
163276,2025-05,uncertain,2,0.06110360100865364,0.005384122021496296,0.9335123300552368,0.9335123300552368,uncertain,True,False
163278,2025-05,opo,1,0.07959865778684616,0.8989331722259521,0.0214681513607502,0.8989331722259521,opo,True,False
163988,2025-05,opo,1,0.012784870341420174,0.9837825894355774,0.0034324927255511284,0.9837825894355774,opo,True,False
163989,2025-05,gov,0,0.7472326755523682,0.13462483882904053,0.11814245581626892,0.7472326755523682,gov,True,False
163992,2025-05,gov,0,0.5478185415267944,0.009202402085065842,0.4429790675640106,0.5478185415267944,gov,True,False
163993,2025-05,uncertain,2,0.07825297862291336,0.016509683802723885,0.9052373170852661,0.9052373170852661,opo,True,False
163996,2025-05,gov,0,0.8648972511291504,0.027548158541321754,0.10755462199449539,0.8648972511291504,gov,True,False
163998,2025-05,gov,0,0.9759256839752197,0.018317554146051407,0.005756786558777094,0.9759256839752197,gov,True,False
164709,2025-05,gov,0,0.8435887694358826,0.018106557428836823,0.13830465078353882,0.8435887694358826,gov,True,False
164710,2025-05,gov,0,0.9912824630737305,0.002350345253944397,0.006367133464664221,0.9912824630737305,gov,True,False
164711,2025-05,gov,0,0.8943371772766113,0.024057090282440186,0.08160573244094849,0.8943371772766113,opo,True,False
164712,2025-05,gov,0,0.9269464612007141,0.025400159880518913,0.047653406858444214,0.9269464612007141,gov,True,False
164713,2025-05,gov,0,0.7116173505783081,0.014296596869826317,0.27408599853515625,0.7116173505783081,gov,True,False
164714,2025-05,gov,0,0.6178475618362427,0.0208118949085474,0.36134058237075806,0.6178475618362427,gov,True,False
164715,2025-05,opo,1,0.4276288151741028,0.44674715399742126,0.12562404572963715,0.44674715399742126,opo,True,False
164716,2025-05,opo,1,0.010404372587800026,0.9844840168952942,0.005111662670969963,0.9844840168952942,opo,True,False
165430,2025-05,gov,0,0.7910738587379456,0.14787672460079193,0.06104947254061699,0.7910738587379456,gov,True,False
165433,2025-05,gov,0,0.8220835328102112,0.09457116574048996,0.08334526419639587,0.8220835328102112,gov,True,False
165435,2025-05,opo,1,0.05411757528781891,0.8966123461723328,0.049270112067461014,0.8966123461723328,opo,True,False
165436,2025-05,opo,1,0.009532669559121132,0.9863001704216003,0.004167160484939814,0.9863001704216003,opo,True,False
166150,2025-05,gov,0,0.8159011006355286,0.09208136051893234,0.09201747924089432,0.8159011006355286,gov,True,False
166152,2025-05,gov,0,0.510826826095581,0.42585837841033936,0.0633147805929184,0.510826826095581,opo,True,False
166154,2025-05,gov,0,0.8976147770881653,0.0490148589015007,0.05337024852633476,0.8976147770881653,gov,True,False
166155,2025-05,gov,0,0.6738027930259705,0.2484598010778427,0.0777374804019928,0.6738027930259705,gov,True,False
166156,2025-05,opo,1,0.10198468714952469,0.888505220413208,0.009510104544460773,0.888505220413208,opo,True,False
166157,2025-05,opo,1,0.07891246676445007,0.8784384727478027,0.042649075388908386,0.8784384727478027,opo,True,False
166873,2025-05,gov,0,0.6159529685974121,0.3054644465446472,0.07858255505561829,0.6159529685974121,gov,True,False
166876,2025-05,opo,1,0.10324022173881531,0.8875256180763245,0.009234176017343998,0.8875256180763245,opo,True,False
166877,2025-05,opo,1,0.42499929666519165,0.5227321982383728,0.05226849764585495,0.5227321982383728,opo,True,False
167591,2025-05,gov,0,0.8807898163795471,0.03898205980658531,0.0802280530333519,0.8807898163795471,gov,True,False
167592,2025-05,gov,0,0.8721067309379578,0.07556194067001343,0.052331339567899704,0.8721067309379578,gov,True,False
167594,2025-05,gov,0,0.7705971598625183,0.1393919140100479,0.09001094847917557,0.7705971598625183,gov,True,False
167597,2025-05,opo,1,0.25331056118011475,0.7332409024238586,0.013448519632220268,0.7332409024238586,opo,True,False
168313,2025-05,gov,0,0.8846527338027954,0.015672195702791214,0.09967508167028427,0.8846527338027954,gov,True,False
168316,2025-05,opo,1,0.05474480614066124,0.9290769696235657,0.01617823727428913,0.9290769696235657,opo,True,False
168318,2025-05,gov,0,0.4716534912586212,0.40529921650886536,0.12304724752902985,0.4716534912586212,opo,True,False
169035,2025-05,gov,0,0.5646674633026123,0.09407633543014526,0.34125620126724243,0.5646674633026123,gov,True,False
169036,2025-05,gov,0,0.8368866443634033,0.1513640582561493,0.011749278753995895,0.8368866443634033,gov,True,False
169037,2025-05,gov,0,0.9531322121620178,0.03055170550942421,0.016316132619976997,0.9531322121620178,gov,True,False
169756,2025-05,gov,0,0.9346345067024231,0.05365940183401108,0.011706095188856125,0.9346345067024231,gov,True,False
143838,2025-06,gov,0,0.9404633641242981,0.022882234305143356,0.03665436804294586,0.9404633641242981,gov,True,False
145998,2025-06,gov,0,0.5532757043838501,0.21752192080020905,0.22920238971710205,0.5532757043838501,gov,True,False
147437,2025-06,gov,0,0.8031265735626221,0.009341814555227757,0.18753163516521454,0.8031265735626221,gov,True,False
147438,2025-06,gov,0,0.710594117641449,0.033060960471630096,0.2563449442386627,0.710594117641449,gov,True,False
147439,2025-06,uncertain,2,0.307891845703125,0.025775998830795288,0.6663321852684021,0.6663321852684021,gov,True,False
148158,2025-06,uncertain,2,0.28064581751823425,0.022379620000720024,0.6969745755195618,0.6969745755195618,gov,True,False
149597,2025-06,uncertain,2,0.16069118678569794,0.1481386423110962,0.6911701560020447,0.6911701560020447,uncertain,True,False
150307,2025-06,gov,0,0.6971409916877747,0.15227699279785156,0.1505819857120514,0.6971409916877747,gov,True,False
150317,2025-06,uncertain,2,0.403212308883667,0.037959806621074677,0.5588278770446777,0.5588278770446777,opo,True,False
151756,2025-06,uncertain,2,0.3302401602268219,0.017532819882035255,0.6522270441055298,0.6522270441055298,gov,True,False
151757,2025-06,uncertain,2,0.08893727511167526,0.02170768938958645,0.8893550634384155,0.8893550634384155,uncertain,True,False
152476,2025-06,gov,0,0.7305068969726562,0.009433162398636341,0.2600599229335785,0.7305068969726562,gov,True,False
153190,2025-06,gov,0,0.7660174369812012,0.045766908675432205,0.1882157325744629,0.7660174369812012,gov,True,False
153191,2025-06,gov,0,0.8897696137428284,0.021732646971940994,0.08849774301052094,0.8897696137428284,gov,True,False
153192,2025-06,gov,0,0.9219179749488831,0.019056269899010658,0.059025734663009644,0.9219179749488831,gov,True,False
153193,2025-06,gov,0,0.8951519727706909,0.01650139130651951,0.08834660053253174,0.8951519727706909,gov,True,False
153196,2025-06,gov,0,0.4922821521759033,0.02950260415673256,0.4782152473926544,0.4922821521759033,gov,True,False
153197,2025-06,uncertain,2,0.08672163635492325,0.07271493971347809,0.8405633568763733,0.8405633568763733,uncertain,True,False
153910,2025-06,gov,0,0.6230021119117737,0.08711714297533035,0.28988078236579895,0.6230021119117737,gov,True,False
153911,2025-06,gov,0,0.9379575252532959,0.030995914712548256,0.031046664342284203,0.9379575252532959,gov,True,False
153912,2025-06,gov,0,0.9397345185279846,0.03835639730095863,0.021909059956669807,0.9397345185279846,gov,True,False
153913,2025-06,gov,0,0.9126444458961487,0.03192640841007233,0.05542907491326332,0.9126444458961487,gov,True,False
153914,2025-06,gov,0,0.7999420166015625,0.030275167897343636,0.1697828322649002,0.7999420166015625,gov,True,False
153915,2025-06,uncertain,2,0.26636993885040283,0.03358110785484314,0.7000489234924316,0.7000489234924316,gov,True,False
153916,2025-06,uncertain,2,0.38042765855789185,0.08310724794864655,0.5364651083946228,0.5364651083946228,gov,True,False
153917,2025-06,uncertain,2,0.3664422333240509,0.18095852434635162,0.45259928703308105,0.45259928703308105,opo,True,False
153918,2025-06,gov,0,0.6723272800445557,0.08874952793121338,0.23892325162887573,0.6723272800445557,gov,True,False
154630,2025-06,gov,0,0.7420035004615784,0.11869751662015915,0.1392989456653595,0.7420035004615784,gov,True,False
154631,2025-06,gov,0,0.914858877658844,0.04833660647273064,0.03680454194545746,0.914858877658844,gov,True,False
154632,2025-06,gov,0,0.9396851658821106,0.050823234021663666,0.009491583332419395,0.9396851658821106,gov,True,False
154633,2025-06,gov,0,0.8894717693328857,0.058505553752183914,0.05202274024486542,0.8894717693328857,gov,True,False
154634,2025-06,gov,0,0.7076531648635864,0.03665752336382866,0.25568923354148865,0.7076531648635864,gov,True,False
154635,2025-06,uncertain,2,0.3778778612613678,0.02792959287762642,0.5941925048828125,0.5941925048828125,gov,True,False
154636,2025-06,uncertain,2,0.24826449155807495,0.15114159882068634,0.6005939245223999,0.6005939245223999,gov,True,False
155350,2025-06,gov,0,0.6283151507377625,0.2090965360403061,0.16258828341960907,0.6283151507377625,opo,True,False
155351,2025-06,gov,0,0.880059003829956,0.06967482715845108,0.05026626214385033,0.880059003829956,gov,True,False
155352,2025-06,gov,0,0.8960162401199341,0.08648733794689178,0.017496513202786446,0.8960162401199341,gov,True,False
155354,2025-06,gov,0,0.721843957901001,0.11490457504987717,0.16325148940086365,0.721843957901001,gov,True,False
156069,2025-06,gov,0,0.43460899591445923,0.3569503128528595,0.20844067633152008,0.43460899591445923,opo,True,False
156071,2025-06,gov,0,0.9425221085548401,0.014861633069813251,0.042616311460733414,0.9425221085548401,gov,True,False
156072,2025-06,gov,0,0.9508515000343323,0.022095102816820145,0.02705330215394497,0.9508515000343323,gov,True,False
156073,2025-06,gov,0,0.9126693606376648,0.04679736867547035,0.04053328558802605,0.9126693606376648,gov,True,False
156074,2025-06,gov,0,0.5918696522712708,0.13693034648895264,0.2711999714374542,0.5918696522712708,gov,True,False
156075,2025-06,uncertain,2,0.34122130274772644,0.23564618825912476,0.4231325089931488,0.4231325089931488,uncertain,True,False
156788,2025-06,gov,0,0.6583114266395569,0.19366739690303802,0.1480211764574051,0.6583114266395569,gov,True,False
156789,2025-06,gov,0,0.5807707905769348,0.14896062016487122,0.27026861906051636,0.5807707905769348,opo,True,False
156791,2025-06,gov,0,0.8090128898620605,0.0130749037489295,0.17791219055652618,0.8090128898620605,gov,True,False
156792,2025-06,gov,0,0.9413942694664001,0.006980080623179674,0.05162569880485535,0.9413942694664001,gov,True,False
156793,2025-06,gov,0,0.8792939186096191,0.005058932583779097,0.11564721167087555,0.8792939186096191,gov,True,False
156794,2025-06,gov,0,0.7625784873962402,0.08344598859548569,0.1539754718542099,0.7625784873962402,gov,True,False
156795,2025-06,gov,0,0.38262033462524414,0.28217896819114685,0.335200697183609,0.38262033462524414,opo,True,False
156796,2025-06,opo,1,0.43152090907096863,0.5448240637779236,0.02365502528846264,0.5448240637779236,opo,True,False
157508,2025-06,opo,1,0.3667147755622864,0.4597664475440979,0.17351873219013214,0.4597664475440979,gov,True,False
157509,2025-06,gov,0,0.749695360660553,0.16515959799289703,0.08514513820409775,0.749695360660553,opo,True,False
157510,2025-06,gov,0,0.9436611533164978,0.021590402349829674,0.03474850952625275,0.9436611533164978,gov,True,False
157511,2025-06,gov,0,0.9343205094337463,0.026138823479413986,0.039540667086839676,0.9343205094337463,gov,True,False
157513,2025-06,gov,0,0.5850946307182312,0.0011574828531593084,0.4137479066848755,0.5850946307182312,uncertain,True,False
157514,2025-06,gov,0,0.6171932816505432,0.01685527339577675,0.36595144867897034,0.6171932816505432,gov,True,False
157515,2025-06,uncertain,2,0.2202146351337433,0.09236264228820801,0.6874226927757263,0.6874226927757263,uncertain,True,False
158229,2025-06,gov,0,0.8576973676681519,0.10881973057985306,0.03348294645547867,0.8576973676681519,opo,True,False
158231,2025-06,gov,0,0.9767465591430664,0.003724076086655259,0.019529268145561218,0.9767465591430664,gov,True,False
158233,2025-06,gov,0,0.8854707479476929,0.004639935214072466,0.10988934338092804,0.8854707479476929,gov,True,False
158235,2025-06,opo,1,0.2208176553249359,0.7378183007240295,0.04136403277516365,0.7378183007240295,opo,True,False
158236,2025-06,opo,1,0.10578300803899765,0.8711527585983276,0.023064250126481056,0.8711527585983276,opo,True,False
158237,2025-06,opo,1,0.15664643049240112,0.8171515464782715,0.026202067732810974,0.8171515464782715,opo,True,False
158238,2025-06,gov,0,0.45259761810302734,0.4497809112071991,0.09762147814035416,0.45259761810302734,gov,True,False
158946,2025-06,gov,0,0.48311683535575867,0.4253256022930145,0.0915575623512268,0.48311683535575867,gov,True,False
158947,2025-06,opo,1,0.1825377494096756,0.7944926619529724,0.02296954020857811,0.7944926619529724,opo,True,False
158949,2025-06,gov,0,0.782946765422821,0.09195560961961746,0.12509764730930328,0.782946765422821,gov,True,False
158950,2025-06,gov,0,0.9267279505729675,0.022587452083826065,0.05068458616733551,0.9267279505729675,gov,True,False
158951,2025-06,gov,0,0.8817407488822937,0.00650374311953783,0.11175543814897537,0.8817407488822937,gov,True,False
158952,2025-06,gov,0,0.9558940529823303,0.00841759704053402,0.03568829596042633,0.9558940529823303,gov,True,False
158953,2025-06,gov,0,0.9834553003311157,0.005262136925011873,0.011282523162662983,0.9834553003311157,gov,True,False
158954,2025-06,gov,0,0.9448129534721375,0.03970210254192352,0.015484906733036041,0.9448129534721375,gov,True,False
158955,2025-06,gov,0,0.7869911789894104,0.2012830525636673,0.011725741438567638,0.7869911789894104,gov,True,False
158956,2025-06,gov,0,0.7302448749542236,0.2611805498600006,0.00857452116906643,0.7302448749542236,gov,True,False
158957,2025-06,gov,0,0.8007686138153076,0.16232649981975555,0.036904819309711456,0.8007686138153076,gov,True,False
158958,2025-06,gov,0,0.6596902012825012,0.2538227438926697,0.08648709207773209,0.6596902012825012,gov,True,False
158960,2025-06,gov,0,0.8116341829299927,0.03477407991886139,0.15359166264533997,0.8116341829299927,gov,True,False
159665,2025-06,gov,0,0.5635170936584473,0.27249011397361755,0.1639927476644516,0.5635170936584473,opo,True,False
159666,2025-06,opo,1,0.16424019634723663,0.7533249258995056,0.08243487775325775,0.7533249258995056,opo,True,False
159667,2025-06,opo,1,0.06552671641111374,0.9009193778038025,0.03355388343334198,0.9009193778038025,opo,True,False
159668,2025-06,opo,1,0.34679269790649414,0.43816420435905457,0.2150430977344513,0.43816420435905457,opo,True,False
159670,2025-06,gov,0,0.8318617939949036,0.03443150594830513,0.13370676338672638,0.8318617939949036,gov,True,False
159671,2025-06,gov,0,0.9678165316581726,0.009163303300738335,0.023020224645733833,0.9678165316581726,gov,True,False
159672,2025-06,gov,0,0.9895545244216919,0.0018209745176136494,0.008624490350484848,0.9895545244216919,gov,True,False
159673,2025-06,gov,0,0.9960972666740417,0.0020994781516492367,0.001803188119083643,0.9960972666740417,gov,True,False
159674,2025-06,gov,0,0.9841452240943909,0.007225659675896168,0.008629013784229755,0.9841452240943909,gov,True,False
159675,2025-06,gov,0,0.8697046041488647,0.013543155044317245,0.11675219237804413,0.8697046041488647,gov,True,False
159676,2025-06,gov,0,0.9793303608894348,0.018399247899651527,0.002270293654873967,0.9793303608894348,gov,True,False
159679,2025-06,gov,0,0.9032315015792847,0.03739384561777115,0.05937470123171806,0.9032315015792847,gov,True,False
159680,2025-06,gov,0,0.8286937475204468,0.03752649948000908,0.13377977907657623,0.8286937475204468,gov,True,False
160386,2025-06,opo,1,0.2587866187095642,0.651006817817688,0.09020653367042542,0.651006817817688,opo,True,False
160388,2025-06,gov,0,0.5022531747817993,0.24803341925144196,0.2497134655714035,0.5022531747817993,opo,True,False
160389,2025-06,uncertain,2,0.023996951058506966,0.008542528375983238,0.9674605131149292,0.9674605131149292,uncertain,True,False
160390,2025-06,uncertain,2,0.09892746061086655,0.038141753524541855,0.8629307746887207,0.8629307746887207,uncertain,True,False
160391,2025-06,gov,0,0.49083858728408813,0.15431882441043854,0.35484257340431213,0.49083858728408813,gov,True,False
160392,2025-06,gov,0,0.9044026136398315,0.006350123789161444,0.08924728631973267,0.9044026136398315,gov,True,False
160393,2025-06,gov,0,0.9468273520469666,0.009201274253427982,0.04397137090563774,0.9468273520469666,gov,True,False
160394,2025-06,gov,0,0.9847203493118286,0.004051139112561941,0.011228546500205994,0.9847203493118286,gov,True,False
160396,2025-06,gov,0,0.9336338639259338,0.03852380812168121,0.02784227393567562,0.9336338639259338,gov,True,False
160397,2025-06,gov,0,0.8836399912834167,0.10230382531881332,0.014056183397769928,0.8836399912834167,gov,True,False
160399,2025-06,gov,0,0.9192715287208557,0.03294705972075462,0.04778147488832474,0.9192715287208557,gov,True,False
160400,2025-06,gov,0,0.9129671454429626,0.02821619063615799,0.05881654843688011,0.9129671454429626,gov,True,False
161107,2025-06,opo,1,0.25414523482322693,0.7185718417167664,0.027282875031232834,0.7185718417167664,opo,True,False
161109,2025-06,uncertain,2,0.01179288700222969,0.00212842202745378,0.9860785603523254,0.9860785603523254,uncertain,True,False
161110,2025-06,uncertain,2,0.11834906786680222,0.006184632424265146,0.8754663467407227,0.8754663467407227,gov,True,False
161111,2025-06,gov,0,0.8094944357872009,0.007259611040353775,0.18324591219425201,0.8094944357872009,gov,True,False
161112,2025-06,gov,0,0.9653126001358032,0.0006849684286862612,0.03400246426463127,0.9653126001358032,gov,True,False
161113,2025-06,gov,0,0.957469642162323,0.0012304737465456128,0.041299983859062195,0.957469642162323,gov,True,False
161116,2025-06,gov,0,0.9531844854354858,0.026896947994828224,0.019918551668524742,0.9531844854354858,gov,True,False
161117,2025-06,gov,0,0.7856683135032654,0.1519928127527237,0.06233883649110794,0.7856683135032654,gov,True,False
161118,2025-06,opo,1,0.49358275532722473,0.49528902769088745,0.011128229089081287,0.49528902769088745,gov,True,False
161119,2025-06,gov,0,0.791894257068634,0.17044706642627716,0.037658724933862686,0.791894257068634,gov,True,False
161120,2025-06,gov,0,0.8421759605407715,0.052627939730882645,0.10519614070653915,0.8421759605407715,gov,True,False
161827,2025-06,opo,1,0.01291167177259922,0.9863619804382324,0.0007263428415171802,0.9863619804382324,opo,True,False
161829,2025-06,uncertain,2,0.011725051328539848,0.0013210081961005926,0.9869539141654968,0.9869539141654968,uncertain,True,False
161830,2025-06,uncertain,2,0.009800754487514496,0.005127843469381332,0.9850714206695557,0.9850714206695557,uncertain,True,False
161831,2025-06,uncertain,2,0.38093748688697815,0.008532091975212097,0.6105303764343262,0.6105303764343262,gov,True,False
161832,2025-06,gov,0,0.88833087682724,0.003910779021680355,0.1077582836151123,0.88833087682724,gov,True,False
161833,2025-06,gov,0,0.8923279047012329,0.05682693421840668,0.050845179706811905,0.8923279047012329,gov,True,False
161834,2025-06,gov,0,0.7815288305282593,0.09912519156932831,0.11934594064950943,0.7815288305282593,uncertain,True,False
161837,2025-06,opo,1,0.08088777959346771,0.897143542766571,0.02196863852441311,0.897143542766571,opo,True,False
161839,2025-06,opo,1,0.1735406368970871,0.8160136342048645,0.010445745661854744,0.8160136342048645,opo,True,False
162547,2025-06,opo,1,0.06569518893957138,0.9319510459899902,0.0023537762463092804,0.9319510459899902,opo,True,False
162548,2025-06,uncertain,2,0.2951795756816864,0.33980411291122437,0.36501628160476685,0.36501628160476685,opo,True,False
162549,2025-06,uncertain,2,0.27680352330207825,0.13252107799053192,0.590675413608551,0.590675413608551,uncertain,True,False
162550,2025-06,uncertain,2,0.08171186596155167,0.42927682399749756,0.48901134729385376,0.48901134729385376,opo,True,False
162551,2025-06,uncertain,2,0.32546868920326233,0.02637624181807041,0.6481550931930542,0.6481550931930542,gov,True,False
162552,2025-06,gov,0,0.8349600434303284,0.04743700847029686,0.11760303378105164,0.8349600434303284,gov,True,False
162553,2025-06,opo,1,0.35512465238571167,0.6209622025489807,0.023913150653243065,0.6209622025489807,opo,True,False
162554,2025-06,gov,0,0.5962439775466919,0.23260840773582458,0.1711476594209671,0.5962439775466919,uncertain,True,False
162555,2025-06,uncertain,2,0.13255944848060608,0.06779316067695618,0.7996473908424377,0.7996473908424377,uncertain,True,False
162556,2025-06,opo,1,0.33101004362106323,0.5717649459838867,0.09722498804330826,0.5717649459838867,gov,True,False
162558,2025-06,opo,1,0.005461089313030243,0.9937044978141785,0.0008343657245859504,0.9937044978141785,opo,True,False
162559,2025-06,opo,1,0.09803904592990875,0.8849653601646423,0.016995586454868317,0.8849653601646423,opo,True,False
163267,2025-06,opo,1,0.06598634272813797,0.9231551289558411,0.010858499445021152,0.9231551289558411,opo,True,False
163268,2025-06,opo,1,0.02686111070215702,0.7310366630554199,0.24210225045681,0.7310366630554199,uncertain,True,False
163269,2025-06,uncertain,2,0.09227126091718674,0.1015629768371582,0.8061657547950745,0.8061657547950745,uncertain,True,False
163271,2025-06,uncertain,2,0.30416175723075867,0.0022893822751939297,0.6935487985610962,0.6935487985610962,gov,True,False
163272,2025-06,uncertain,2,0.07132957130670547,0.015681564807891846,0.9129889011383057,0.9129889011383057,uncertain,True,False
163274,2025-06,uncertain,2,0.41816526651382446,0.02983587235212326,0.5519988536834717,0.5519988536834717,uncertain,True,False
163275,2025-06,uncertain,2,0.054940737783908844,0.003204712178558111,0.9418544769287109,0.9418544769287109,uncertain,True,False
163276,2025-06,uncertain,2,0.29899704456329346,0.01887611672282219,0.6821268200874329,0.6821268200874329,uncertain,True,False
163278,2025-06,opo,1,0.10446752607822418,0.8769029378890991,0.018629513680934906,0.8769029378890991,opo,True,False
163988,2025-06,opo,1,0.06366931647062302,0.9108434915542603,0.025487245991826057,0.9108434915542603,opo,True,False
163989,2025-06,gov,0,0.7011639475822449,0.1525512933731079,0.14628469944000244,0.7011639475822449,gov,True,False
163992,2025-06,gov,0,0.7249335646629333,0.09008553624153137,0.18498089909553528,0.7249335646629333,gov,True,False
163993,2025-06,gov,0,0.4592345058917999,0.10668884217739105,0.4340766370296478,0.4592345058917999,opo,True,False
163996,2025-06,gov,0,0.7259645462036133,0.031478364020586014,0.24255715310573578,0.7259645462036133,gov,True,False
163998,2025-06,gov,0,0.8025968074798584,0.1763155609369278,0.021087611094117165,0.8025968074798584,gov,True,False
164709,2025-06,gov,0,0.7523302435874939,0.05545004457235336,0.19221970438957214,0.7523302435874939,gov,True,False
164710,2025-06,gov,0,0.9262723922729492,0.008618157356977463,0.06510940194129944,0.9262723922729492,gov,True,False
164711,2025-06,gov,0,0.8025313019752502,0.06296683847904205,0.13450178503990173,0.8025313019752502,opo,True,False
164712,2025-06,gov,0,0.9656144976615906,0.027947496622800827,0.006437981966882944,0.9656144976615906,gov,True,False
164713,2025-06,gov,0,0.8973733186721802,0.02834314852952957,0.07428352534770966,0.8973733186721802,gov,True,False
164714,2025-06,gov,0,0.7958166599273682,0.03120441921055317,0.17297892272472382,0.7958166599273682,gov,True,False
164715,2025-06,gov,0,0.7477025985717773,0.08619178831577301,0.16610558331012726,0.7477025985717773,opo,True,False
164716,2025-06,opo,1,0.0673137903213501,0.888594925403595,0.04409128427505493,0.888594925403595,opo,True,False
165430,2025-06,gov,0,0.6228289604187012,0.08054892718791962,0.2966221272945404,0.6228289604187012,gov,True,False
165433,2025-06,gov,0,0.6600844264030457,0.24675501883029938,0.09316055476665497,0.6600844264030457,gov,True,False
165435,2025-06,opo,1,0.10949636250734329,0.7575715780258179,0.13293205201625824,0.7575715780258179,opo,True,False
165436,2025-06,opo,1,0.01925521343946457,0.9765215516090393,0.004223242402076721,0.9765215516090393,opo,True,False
166150,2025-06,gov,0,0.7963411211967468,0.039432648569345474,0.1642262190580368,0.7963411211967468,gov,True,False
166152,2025-06,opo,1,0.40816643834114075,0.5152407288551331,0.0765928328037262,0.5152407288551331,opo,True,False
166154,2025-06,gov,0,0.7221390008926392,0.10862205922603607,0.16923893988132477,0.7221390008926392,gov,True,False
166155,2025-06,gov,0,0.44836530089378357,0.21424327790737152,0.3373914361000061,0.44836530089378357,gov,True,False
166156,2025-06,opo,1,0.12736910581588745,0.8555403351783752,0.01709054596722126,0.8555403351783752,opo,True,False
166157,2025-06,opo,1,0.11081785708665848,0.8440837264060974,0.045098431408405304,0.8440837264060974,opo,True,False
166873,2025-06,gov,0,0.4532177746295929,0.17456939816474915,0.37221288681030273,0.4532177746295929,gov,True,False
166876,2025-06,opo,1,0.1703876256942749,0.8120009303092957,0.01761145144701004,0.8120009303092957,opo,True,False
166877,2025-06,opo,1,0.39867091178894043,0.5311816334724426,0.07014749199151993,0.5311816334724426,opo,True,False
167591,2025-06,gov,0,0.8879323601722717,0.0633392184972763,0.048728372901678085,0.8879323601722717,gov,True,False
167592,2025-06,gov,0,0.883942186832428,0.08909781277179718,0.02695992775261402,0.883942186832428,gov,True,False
167594,2025-06,gov,0,0.5516383051872253,0.08083619177341461,0.36752551794052124,0.5516383051872253,gov,True,False
167597,2025-06,opo,1,0.12207311391830444,0.8621254563331604,0.015801487490534782,0.8621254563331604,opo,True,False
168313,2025-06,gov,0,0.8688357472419739,0.034426067024469376,0.09673821181058884,0.8688357472419739,gov,True,False
168316,2025-06,opo,1,0.06911955028772354,0.8956660032272339,0.035214439034461975,0.8956660032272339,opo,True,False
168318,2025-06,gov,0,0.4855574071407318,0.4477574825286865,0.06668508052825928,0.4855574071407318,opo,True,False
169035,2025-06,uncertain,2,0.3060334622859955,0.05040794610977173,0.6435586214065552,0.6435586214065552,gov,True,False
169036,2025-06,gov,0,0.8805423974990845,0.09611353278160095,0.023344025015830994,0.8805423974990845,gov,True,False
169037,2025-06,gov,0,0.9654203653335571,0.012804715894162655,0.021774884313344955,0.9654203653335571,gov,True,False
169756,2025-06,gov,0,0.9639598727226257,0.007906836457550526,0.02813337929546833,0.9639598727226257,gov,True,False
143838,2025-07,gov,0,0.8893998861312866,0.05283018946647644,0.05776986479759216,0.8893998861312866,gov,True,False
145998,2025-07,gov,0,0.8027050495147705,0.08279117941856384,0.11450380831956863,0.8027050495147705,gov,True,False
147437,2025-07,gov,0,0.973429799079895,0.009634868241846561,0.016935382038354874,0.973429799079895,gov,True,False
147438,2025-07,gov,0,0.8433613181114197,0.012137490324676037,0.1445012390613556,0.8433613181114197,gov,True,False
147439,2025-07,gov,0,0.5283148884773254,0.013068955391645432,0.4586161673069,0.5283148884773254,gov,True,False
148158,2025-07,gov,0,0.5942715406417847,0.029201747849583626,0.37652668356895447,0.5942715406417847,gov,True,False
149597,2025-07,uncertain,2,0.4017082750797272,0.09971677511930466,0.49857500195503235,0.49857500195503235,uncertain,True,False
150307,2025-07,gov,0,0.8167340159416199,0.057555269449949265,0.12571080029010773,0.8167340159416199,gov,True,False
150317,2025-07,gov,0,0.5477682948112488,0.07857367396354675,0.37365806102752686,0.5477682948112488,gov,True,False
151756,2025-07,gov,0,0.7534630298614502,0.05522807687520981,0.19130896031856537,0.7534630298614502,gov,True,False
151757,2025-07,uncertain,2,0.2335960865020752,0.0611877404153347,0.705216109752655,0.705216109752655,uncertain,True,False
152476,2025-07,gov,0,0.915468156337738,0.02387675642967224,0.06065509095788002,0.915468156337738,gov,True,False
153190,2025-07,gov,0,0.8060133457183838,0.09062530100345612,0.10336130112409592,0.8060133457183838,gov,True,False
153191,2025-07,gov,0,0.8377975225448608,0.07559279352426529,0.08660969138145447,0.8377975225448608,gov,True,False
153192,2025-07,gov,0,0.8347516655921936,0.05231475830078125,0.11293353885412216,0.8347516655921936,gov,True,False
153193,2025-07,gov,0,0.8828104734420776,0.032150108367204666,0.08503936231136322,0.8828104734420776,gov,True,False
153196,2025-07,gov,0,0.7698469758033752,0.05451599135994911,0.1756371110677719,0.7698469758033752,gov,True,False
153197,2025-07,uncertain,2,0.1896638423204422,0.08480321615934372,0.7255330085754395,0.7255330085754395,uncertain,True,False
153910,2025-07,gov,0,0.7397253513336182,0.17795170843601227,0.08232297748327255,0.7397253513336182,gov,True,False
153911,2025-07,gov,0,0.781787633895874,0.18258672952651978,0.035625651478767395,0.781787633895874,gov,True,False
153912,2025-07,gov,0,0.8313472270965576,0.09213393181562424,0.07651885598897934,0.8313472270965576,gov,True,False
153913,2025-07,gov,0,0.8762733936309814,0.04914028197526932,0.0745864138007164,0.8762733936309814,gov,True,False
153914,2025-07,gov,0,0.8976343274116516,0.011235435493290424,0.09113024920225143,0.8976343274116516,gov,True,False
153915,2025-07,gov,0,0.5839412212371826,0.011229733936488628,0.4048289954662323,0.5839412212371826,gov,True,False
153916,2025-07,gov,0,0.8287896513938904,0.11257310956716537,0.05863725021481514,0.8287896513938904,gov,True,False
153917,2025-07,gov,0,0.6624193787574768,0.20174236595630646,0.13583824038505554,0.6624193787574768,gov,True,False
153918,2025-07,gov,0,0.4492052495479584,0.1363621950149536,0.414432555437088,0.4492052495479584,opo,True,False
154630,2025-07,gov,0,0.9709512591362,0.007593735586851835,0.021455025300383568,0.9709512591362,gov,True,False
154631,2025-07,gov,0,0.979438304901123,0.004890552256256342,0.015671147033572197,0.979438304901123,gov,True,False
154632,2025-07,gov,0,0.9854195713996887,0.004924661945551634,0.009655758738517761,0.9854195713996887,gov,True,False
154633,2025-07,gov,0,0.980262279510498,0.011615706607699394,0.00812202226370573,0.980262279510498,gov,True,False
154634,2025-07,gov,0,0.9662860035896301,0.014123008586466312,0.019590968266129494,0.9662860035896301,gov,True,False
154635,2025-07,gov,0,0.6407298445701599,0.019504355266690254,0.33976587653160095,0.6407298445701599,gov,True,False
154636,2025-07,gov,0,0.6671980023384094,0.18134945631027222,0.15145249664783478,0.6671980023384094,gov,True,False
155350,2025-07,gov,0,0.8893869519233704,0.03893761336803436,0.0716753602027893,0.8893869519233704,opo,True,False
155351,2025-07,gov,0,0.961700439453125,0.014701916836202145,0.02359772101044655,0.961700439453125,gov,True,False
155352,2025-07,gov,0,0.9391582012176514,0.029073599725961685,0.03176823630928993,0.9391582012176514,gov,True,False
155354,2025-07,gov,0,0.7533472180366516,0.07226500660181046,0.17438781261444092,0.7533472180366516,gov,True,False
156069,2025-07,gov,0,0.7604706883430481,0.1620836704969406,0.07744566351175308,0.7604706883430481,opo,True,False
156071,2025-07,gov,0,0.9688178300857544,0.005829291418194771,0.025352850556373596,0.9688178300857544,gov,True,False
156072,2025-07,gov,0,0.9440454840660095,0.01734926924109459,0.038605257868766785,0.9440454840660095,gov,True,False
156073,2025-07,gov,0,0.8502146601676941,0.024369796738028526,0.12541548907756805,0.8502146601676941,gov,True,False
156074,2025-07,gov,0,0.5447580218315125,0.05505049228668213,0.40019145607948303,0.5447580218315125,gov,True,False
156075,2025-07,uncertain,2,0.20660948753356934,0.1023254543542862,0.6910650730133057,0.6910650730133057,uncertain,True,False
156788,2025-07,gov,0,0.7642748355865479,0.13251064717769623,0.1032145544886589,0.7642748355865479,gov,True,False
156789,2025-07,gov,0,0.7683212161064148,0.109188973903656,0.1224898248910904,0.7683212161064148,opo,True,False
156791,2025-07,gov,0,0.9397453665733337,0.007102207746356726,0.053152330219745636,0.9397453665733337,gov,True,False
156792,2025-07,gov,0,0.9337527751922607,0.016497379168868065,0.049749862402677536,0.9337527751922607,gov,True,False
156793,2025-07,gov,0,0.6168690919876099,0.029130004346370697,0.35400089621543884,0.6168690919876099,gov,True,False
156794,2025-07,gov,0,0.6631082892417908,0.12320207059383392,0.2136896699666977,0.6631082892417908,gov,True,False
156795,2025-07,uncertain,2,0.11076013743877411,0.26192137598991394,0.6273185014724731,0.6273185014724731,opo,True,False
156796,2025-07,opo,1,0.2145085632801056,0.7464773654937744,0.039014022797346115,0.7464773654937744,opo,True,False
157508,2025-07,gov,0,0.7650226950645447,0.13974684476852417,0.09523040801286697,0.7650226950645447,gov,True,False
157509,2025-07,gov,0,0.49993228912353516,0.320919930934906,0.17914773523807526,0.49993228912353516,opo,True,False
157510,2025-07,gov,0,0.7952640056610107,0.07311031967401505,0.13162562251091003,0.7952640056610107,gov,True,False
157511,2025-07,gov,0,0.6741359233856201,0.030953017994761467,0.29491108655929565,0.6741359233856201,gov,True,False
157513,2025-07,uncertain,2,0.24689969420433044,0.005007056053727865,0.7480932474136353,0.7480932474136353,uncertain,True,False
157514,2025-07,uncertain,2,0.1183696761727333,0.029997386038303375,0.8516330122947693,0.8516330122947693,gov,True,False
157515,2025-07,uncertain,2,0.027867022901773453,0.042663704603910446,0.9294692873954773,0.9294692873954773,uncertain,True,False
158229,2025-07,gov,0,0.532443106174469,0.29401254653930664,0.17354434728622437,0.532443106174469,opo,True,False
158231,2025-07,gov,0,0.8945227265357971,0.02558205835521221,0.07989516109228134,0.8945227265357971,gov,True,False
158233,2025-07,gov,0,0.7971028685569763,0.028286579996347427,0.17461059987545013,0.7971028685569763,gov,True,False
158235,2025-07,opo,1,0.08661308884620667,0.84650057554245,0.06688635051250458,0.84650057554245,gov,True,False
158236,2025-07,opo,1,0.017889682203531265,0.9743028283119202,0.007807523012161255,0.9743028283119202,opo,True,False
158237,2025-07,opo,1,0.010369646362960339,0.9853447079658508,0.004285676404833794,0.9853447079658508,opo,True,False
158238,2025-07,opo,1,0.2664981484413147,0.632704496383667,0.10079735517501831,0.632704496383667,gov,True,False
158946,2025-07,gov,0,0.858839213848114,0.06993933022022247,0.07122146338224411,0.858839213848114,gov,True,False
158947,2025-07,gov,0,0.5767962336540222,0.3256833255290985,0.09752041846513748,0.5767962336540222,opo,True,False
158949,2025-07,gov,0,0.6608927249908447,0.17501704394817352,0.16409029066562653,0.6608927249908447,gov,True,False
158950,2025-07,gov,0,0.7694741487503052,0.03155096247792244,0.19897489249706268,0.7694741487503052,gov,True,False
158951,2025-07,gov,0,0.8564798831939697,0.011932075954973698,0.13158807158470154,0.8564798831939697,gov,True,False
158952,2025-07,gov,0,0.9150625467300415,0.024767357856035233,0.060170046985149384,0.9150625467300415,gov,True,False
158953,2025-07,gov,0,0.8682519197463989,0.06556005775928497,0.06618805229663849,0.8682519197463989,gov,True,False
158954,2025-07,gov,0,0.8373004198074341,0.12619642913341522,0.036503199487924576,0.8373004198074341,gov,True,False
158955,2025-07,gov,0,0.6606186032295227,0.3307395875453949,0.00864179152995348,0.6606186032295227,gov,True,False
158956,2025-07,gov,0,0.5508783459663391,0.44391530752182007,0.0052063949406147,0.5508783459663391,gov,True,False
158957,2025-07,gov,0,0.5536822080612183,0.42966610193252563,0.016651609912514687,0.5536822080612183,gov,True,False
158958,2025-07,gov,0,0.7083567976951599,0.26117515563964844,0.03046805039048195,0.7083567976951599,gov,True,False
158960,2025-07,gov,0,0.8045637011528015,0.047740500420331955,0.14769580960273743,0.8045637011528015,gov,True,False
159665,2025-07,gov,0,0.6401757597923279,0.10313007980585098,0.25669416785240173,0.6401757597923279,opo,True,False
159666,2025-07,opo,1,0.3634203374385834,0.5842410922050476,0.052338529378175735,0.5842410922050476,opo,True,False
159667,2025-07,opo,1,0.04711567237973213,0.9410640001296997,0.01182025857269764,0.9410640001296997,opo,True,False
159668,2025-07,opo,1,0.3017025291919708,0.49235963821411133,0.20593786239624023,0.49235963821411133,opo,True,False
159670,2025-07,gov,0,0.6918705701828003,0.010406204499304295,0.29772326350212097,0.6918705701828003,gov,True,False
159671,2025-07,gov,0,0.8950231671333313,0.013676031492650509,0.09130080044269562,0.8950231671333313,gov,True,False
159672,2025-07,gov,0,0.9702256917953491,0.006872369442135096,0.022901982069015503,0.9702256917953491,gov,True,False
159673,2025-07,gov,0,0.9610012769699097,0.014606207609176636,0.024392470717430115,0.9610012769699097,gov,True,False
159674,2025-07,gov,0,0.9566357731819153,0.008119531907141209,0.0352446548640728,0.9566357731819153,gov,True,False
159675,2025-07,gov,0,0.8986796140670776,0.013858900405466557,0.087461456656456,0.8986796140670776,gov,True,False
159676,2025-07,gov,0,0.9094647169113159,0.07405709475278854,0.016478128731250763,0.9094647169113159,gov,True,False
159679,2025-07,gov,0,0.734208345413208,0.19290103018283844,0.07289066165685654,0.734208345413208,gov,True,False
159680,2025-07,gov,0,0.7746109366416931,0.0688687190413475,0.15652039647102356,0.7746109366416931,gov,True,False
160386,2025-07,opo,1,0.08465631306171417,0.8415451049804688,0.07379859685897827,0.8415451049804688,opo,True,False
160388,2025-07,gov,0,0.4814502000808716,0.1267792135477066,0.391770601272583,0.4814502000808716,opo,True,False
160389,2025-07,uncertain,2,0.1581532061100006,0.008126499131321907,0.833720326423645,0.833720326423645,uncertain,True,False
160390,2025-07,uncertain,2,0.2635326385498047,0.02433648332953453,0.7121308445930481,0.7121308445930481,uncertain,True,False
160391,2025-07,gov,0,0.6900969743728638,0.01750575378537178,0.29239726066589355,0.6900969743728638,gov,True,False
160392,2025-07,gov,0,0.9478000998497009,0.0023784020449966192,0.049821555614471436,0.9478000998497009,gov,True,False
160393,2025-07,gov,0,0.9305433034896851,0.008069737814366817,0.061386894434690475,0.9305433034896851,gov,True,False
160394,2025-07,gov,0,0.9684844017028809,0.007687939330935478,0.023827627301216125,0.9684844017028809,gov,True,False
160396,2025-07,gov,0,0.8974567651748657,0.011293759569525719,0.09124943614006042,0.8974567651748657,gov,True,False
160397,2025-07,gov,0,0.9146032333374023,0.032994359731674194,0.05240248143672943,0.9146032333374023,gov,True,False
160399,2025-07,gov,0,0.9375265836715698,0.05049946904182434,0.011973891407251358,0.9375265836715698,gov,True,False
160400,2025-07,gov,0,0.8872676491737366,0.04190371558070183,0.0708286389708519,0.8872676491737366,gov,True,False
161107,2025-07,opo,1,0.09068615734577179,0.8821060657501221,0.027207735925912857,0.8821060657501221,opo,True,False
161109,2025-07,uncertain,2,0.019308939576148987,0.0013425924116745591,0.9793484210968018,0.9793484210968018,uncertain,True,False
161110,2025-07,uncertain,2,0.4244135320186615,0.01328454539179802,0.5623019337654114,0.5623019337654114,gov,True,False
161111,2025-07,gov,0,0.6964392066001892,0.0027440523263067007,0.30081677436828613,0.6964392066001892,gov,True,False
161112,2025-07,gov,0,0.9823740720748901,0.0012490092776715755,0.016376938670873642,0.9823740720748901,gov,True,False
161113,2025-07,gov,0,0.9746206998825073,0.014916076324880123,0.010463305748999119,0.9746206998825073,gov,True,False
161116,2025-07,uncertain,2,0.32981422543525696,0.009478106163442135,0.6607077121734619,0.6607077121734619,gov,True,False
161117,2025-07,gov,0,0.7926988005638123,0.030528875067830086,0.1767723560333252,0.7926988005638123,gov,True,False
161118,2025-07,gov,0,0.7620381116867065,0.22354385256767273,0.014417964965105057,0.7620381116867065,gov,True,False
161119,2025-07,gov,0,0.854620099067688,0.12134235352277756,0.024037525057792664,0.854620099067688,gov,True,False
161120,2025-07,gov,0,0.8404183387756348,0.040127385407686234,0.11945432424545288,0.8404183387756348,gov,True,False
161827,2025-07,opo,1,0.00502704456448555,0.9932186007499695,0.0017543842550367117,0.9932186007499695,opo,True,False
161829,2025-07,uncertain,2,0.024570193141698837,0.010767345316708088,0.9646624326705933,0.9646624326705933,uncertain,True,False
161830,2025-07,uncertain,2,0.05425221472978592,0.06953515112400055,0.8762127161026001,0.8762127161026001,uncertain,True,False
161831,2025-07,uncertain,2,0.4043801426887512,0.017315296456217766,0.5783045887947083,0.5783045887947083,gov,True,False
161832,2025-07,gov,0,0.5083190202713013,0.23266002535820007,0.25902098417282104,0.5083190202713013,gov,True,False
161833,2025-07,opo,1,0.2236861139535904,0.7517061829566956,0.02460775524377823,0.7517061829566956,gov,True,False
161834,2025-07,opo,1,0.3354722261428833,0.5048863887786865,0.1596413254737854,0.5048863887786865,gov,True,False
161837,2025-07,opo,1,0.02329038642346859,0.8314012289047241,0.14530842006206512,0.8314012289047241,opo,True,False
161839,2025-07,opo,1,0.058291297405958176,0.93825763463974,0.0034510281402617693,0.93825763463974,opo,True,False
162547,2025-07,opo,1,0.02986370399594307,0.9640843868255615,0.006051935255527496,0.9640843868255615,opo,True,False
162548,2025-07,uncertain,2,0.2606513202190399,0.23653782904148102,0.5028108358383179,0.5028108358383179,opo,True,False
162549,2025-07,uncertain,2,0.1779618263244629,0.3987882733345032,0.4232499301433563,0.4232499301433563,uncertain,True,False
162550,2025-07,opo,1,0.04858732223510742,0.6846733093261719,0.2667393386363983,0.6846733093261719,opo,True,False
162551,2025-07,uncertain,2,0.2386685311794281,0.02053559571504593,0.7407957911491394,0.7407957911491394,gov,True,False
162552,2025-07,gov,0,0.5386404991149902,0.13454173505306244,0.3268178105354309,0.5386404991149902,gov,True,False
162553,2025-07,opo,1,0.42349040508270264,0.5359854698181152,0.04052415490150452,0.5359854698181152,opo,True,False
162554,2025-07,gov,0,0.7789768576622009,0.08177629858255386,0.13924680650234222,0.7789768576622009,uncertain,True,False
162555,2025-07,uncertain,2,0.1694757044315338,0.09795249998569489,0.7325717806816101,0.7325717806816101,uncertain,True,False
162556,2025-07,uncertain,2,0.06909389793872833,0.2171853482723236,0.7137207388877869,0.7137207388877869,gov,True,False
162558,2025-07,opo,1,0.0015461905859410763,0.9974411725997925,0.0010126683628186584,0.9974411725997925,opo,True,False
162559,2025-07,opo,1,0.014460045844316483,0.970524787902832,0.01501508243381977,0.970524787902832,opo,True,False
163267,2025-07,opo,1,0.035047609359025955,0.9226353764533997,0.04231705889105797,0.9226353764533997,opo,True,False
163268,2025-07,uncertain,2,0.060313206166028976,0.15057852864265442,0.7891082167625427,0.7891082167625427,uncertain,True,False
163269,2025-07,uncertain,2,0.2726685702800751,0.17713721096515656,0.550194263458252,0.550194263458252,uncertain,True,False
163271,2025-07,gov,0,0.6183128952980042,0.0016605708515271544,0.38002651929855347,0.6183128952980042,gov,True,False
163272,2025-07,uncertain,2,0.25003138184547424,0.013263637199997902,0.7367050051689148,0.7367050051689148,uncertain,True,False
163274,2025-07,uncertain,2,0.45992520451545715,0.022375628352165222,0.5176991820335388,0.5176991820335388,uncertain,True,False
163275,2025-07,uncertain,2,0.14782722294330597,0.004884146619588137,0.8472886085510254,0.8472886085510254,uncertain,True,False
163276,2025-07,uncertain,2,0.007293046917766333,0.0009812477510422468,0.9917256832122803,0.9917256832122803,uncertain,True,False
163278,2025-07,opo,1,0.07716739922761917,0.8930059671401978,0.029826588928699493,0.8930059671401978,opo,True,False
163988,2025-07,opo,1,0.2983275055885315,0.6341201663017273,0.06755232810974121,0.6341201663017273,opo,True,False
163989,2025-07,gov,0,0.9513307213783264,0.017538297921419144,0.03113095834851265,0.9513307213783264,gov,True,False
163992,2025-07,gov,0,0.9295373558998108,0.02871312014758587,0.04174959287047386,0.9295373558998108,gov,True,False
163993,2025-07,gov,0,0.5886989831924438,0.23124271631240845,0.1800582855939865,0.5886989831924438,opo,True,False
163996,2025-07,gov,0,0.5897936820983887,0.020129067823290825,0.39007726311683655,0.5897936820983887,gov,True,False
163998,2025-07,gov,0,0.8834238648414612,0.089504674077034,0.027071474120020866,0.8834238648414612,gov,True,False
164709,2025-07,gov,0,0.8996560573577881,0.032960470765829086,0.06738346815109253,0.8996560573577881,gov,True,False
164710,2025-07,gov,0,0.9707813262939453,0.014546743594110012,0.014671828597784042,0.9707813262939453,gov,True,False
164711,2025-07,gov,0,0.7502776384353638,0.12716230750083923,0.122560054063797,0.7502776384353638,opo,True,False
164712,2025-07,gov,0,0.9531309008598328,0.04477602243423462,0.0020930340979248285,0.9531309008598328,gov,True,False
164713,2025-07,gov,0,0.9554560780525208,0.03865860402584076,0.005885288119316101,0.9554560780525208,gov,True,False
164714,2025-07,gov,0,0.6859630346298218,0.14594893157482147,0.16808800399303436,0.6859630346298218,gov,True,False
164715,2025-07,gov,0,0.5390148758888245,0.35712045431137085,0.1038646250963211,0.5390148758888245,opo,True,False
164716,2025-07,opo,1,0.12330945581197739,0.839011549949646,0.03767898678779602,0.839011549949646,opo,True,False
165430,2025-07,gov,0,0.6844558715820312,0.2243642956018448,0.09117984771728516,0.6844558715820312,gov,True,False
165433,2025-07,gov,0,0.8642933368682861,0.12584489583969116,0.00986181665211916,0.8642933368682861,gov,True,False
165435,2025-07,opo,1,0.13470137119293213,0.8092264533042908,0.05607223138213158,0.8092264533042908,opo,True,False
165436,2025-07,opo,1,0.08626539260149002,0.9116291403770447,0.0021055196411907673,0.9116291403770447,opo,True,False
166150,2025-07,gov,0,0.6195347905158997,0.03524361550807953,0.3452215790748596,0.6195347905158997,gov,True,False
166152,2025-07,opo,1,0.42918750643730164,0.5020781755447388,0.06873433291912079,0.5020781755447388,opo,True,False
166154,2025-07,gov,0,0.8736092448234558,0.12371184676885605,0.0026789784897118807,0.8736092448234558,gov,True,False
166155,2025-07,gov,0,0.8317572474479675,0.13518111407756805,0.03306160494685173,0.8317572474479675,gov,True,False
166156,2025-07,opo,1,0.2767530381679535,0.7165659070014954,0.006681013852357864,0.7165659070014954,opo,True,False
166157,2025-07,opo,1,0.4097495675086975,0.548995316028595,0.04125514626502991,0.548995316028595,opo,True,False
166873,2025-07,gov,0,0.9123393297195435,0.0415768101811409,0.04608387500047684,0.9123393297195435,gov,True,False
166876,2025-07,opo,1,0.38956350088119507,0.5983543395996094,0.012082122266292572,0.5983543395996094,opo,True,False
166877,2025-07,gov,0,0.719362735748291,0.24682077765464783,0.03381653130054474,0.719362735748291,opo,True,False
167591,2025-07,gov,0,0.8693355321884155,0.04498206451535225,0.08568242192268372,0.8693355321884155,gov,True,False
167592,2025-07,gov,0,0.9164882898330688,0.03839484602212906,0.04511682316660881,0.9164882898330688,gov,True,False
167594,2025-07,gov,0,0.9877185821533203,0.007494342513382435,0.004787047393620014,0.9877185821533203,gov,True,False
167597,2025-07,gov,0,0.8408429026603699,0.14979052543640137,0.009366580285131931,0.8408429026603699,opo,True,False
168313,2025-07,gov,0,0.8893350958824158,0.02019270695745945,0.09047210216522217,0.8893350958824158,gov,True,False
168316,2025-07,gov,0,0.6052663326263428,0.3665761947631836,0.02815740741789341,0.6052663326263428,opo,True,False
168318,2025-07,gov,0,0.609019935131073,0.2799893319606781,0.11099068820476532,0.609019935131073,opo,True,False
169035,2025-07,gov,0,0.8791854977607727,0.08914144337177277,0.03167298436164856,0.8791854977607727,gov,True,False
169036,2025-07,gov,0,0.8850308060646057,0.10064613819122314,0.014323019422590733,0.8850308060646057,gov,True,False
169037,2025-07,gov,0,0.9710990190505981,0.011234401725232601,0.017666500061750412,0.9710990190505981,gov,True,False
169756,2025-07,gov,0,0.9817241430282593,0.007526619825512171,0.010749316774308681,0.9817241430282593,gov,True,False
143838,2025-08,gov,0,0.8929065465927124,0.04205707833170891,0.06503626704216003,0.8929065465927124,gov,True,False
145998,2025-08,gov,0,0.9008408784866333,0.03618704527616501,0.06297201663255692,0.9008408784866333,gov,True,False
147437,2025-08,gov,0,0.8982886075973511,0.019113406538963318,0.08259804546833038,0.8982886075973511,gov,True,False
147438,2025-08,gov,0,0.8156490325927734,0.015301261097192764,0.1690497249364853,0.8156490325927734,gov,True,False
147439,2025-08,uncertain,2,0.40605130791664124,0.01685985177755356,0.5770888328552246,0.5770888328552246,gov,True,False
148158,2025-08,uncertain,2,0.26454657316207886,0.022617032751441002,0.7128363847732544,0.7128363847732544,gov,True,False
149597,2025-08,uncertain,2,0.17744740843772888,0.042954180389642715,0.7795983552932739,0.7795983552932739,uncertain,True,False
150307,2025-08,gov,0,0.8395537734031677,0.038221266120672226,0.12222498655319214,0.8395537734031677,gov,True,False
150317,2025-08,uncertain,2,0.43625158071517944,0.04959766939282417,0.5141507387161255,0.5141507387161255,gov,True,False
151756,2025-08,gov,0,0.5283492803573608,0.03921670466661453,0.4324340224266052,0.5283492803573608,gov,True,False
151757,2025-08,uncertain,2,0.12217254936695099,0.018046312034130096,0.8597811460494995,0.8597811460494995,uncertain,True,False
152476,2025-08,gov,0,0.8941635489463806,0.03418489918112755,0.07165158540010452,0.8941635489463806,gov,True,False
153190,2025-08,gov,0,0.830794632434845,0.07150641083717346,0.09769893437623978,0.830794632434845,gov,True,False
153191,2025-08,gov,0,0.7772374749183655,0.15038181841373444,0.07238072901964188,0.7772374749183655,gov,True,False
153192,2025-08,gov,0,0.8074651956558228,0.08063492178916931,0.11189990490674973,0.8074651956558228,gov,True,False
153193,2025-08,gov,0,0.7854084372520447,0.024461975321173668,0.1901296228170395,0.7854084372520447,gov,True,False
153196,2025-08,gov,0,0.8944728374481201,0.07112029939889908,0.03440690413117409,0.8944728374481201,gov,True,False
153197,2025-08,uncertain,2,0.12182362377643585,0.023627398535609245,0.8545490503311157,0.8545490503311157,uncertain,True,False
153910,2025-08,gov,0,0.7782309055328369,0.08996590226888657,0.13180314004421234,0.7782309055328369,gov,True,False
153911,2025-08,gov,0,0.7837879657745361,0.15951389074325562,0.056698206812143326,0.7837879657745361,gov,True,False
153912,2025-08,gov,0,0.7883538007736206,0.1386777013540268,0.0729685053229332,0.7883538007736206,gov,True,False
153913,2025-08,gov,0,0.7781606316566467,0.08342152833938599,0.1384178251028061,0.7781606316566467,gov,True,False
153914,2025-08,gov,0,0.9296448230743408,0.02290455251932144,0.04745062440633774,0.9296448230743408,gov,True,False
153915,2025-08,gov,0,0.8287118673324585,0.02631264738738537,0.1449754387140274,0.8287118673324585,gov,True,False
153916,2025-08,gov,0,0.8853316903114319,0.08563479036092758,0.029033586382865906,0.8853316903114319,gov,True,False
153917,2025-08,gov,0,0.620058536529541,0.0775701031088829,0.3023713231086731,0.620058536529541,gov,True,False
153918,2025-08,uncertain,2,0.46046990156173706,0.03968140482902527,0.49984878301620483,0.49984878301620483,opo,True,False
154630,2025-08,gov,0,0.9849693775177002,0.002001760294660926,0.013028853572905064,0.9849693775177002,gov,True,False
154631,2025-08,gov,0,0.9941607117652893,0.0029254343826323748,0.0029138873796910048,0.9941607117652893,gov,True,False
154632,2025-08,gov,0,0.9895989894866943,0.0052205100655555725,0.005180498585104942,0.9895989894866943,gov,True,False
154633,2025-08,gov,0,0.9837830662727356,0.005604577250778675,0.01061225961893797,0.9837830662727356,gov,True,False
154634,2025-08,gov,0,0.9630466103553772,0.014047876000404358,0.02290552295744419,0.9630466103553772,gov,True,False
154635,2025-08,gov,0,0.9248331785202026,0.023324569687247276,0.05184228718280792,0.9248331785202026,gov,True,False
154636,2025-08,gov,0,0.8707601428031921,0.09623134881258011,0.03300851210951805,0.8707601428031921,gov,True,False
155350,2025-08,gov,0,0.9894065260887146,0.002815457759425044,0.007777999620884657,0.9894065260887146,opo,True,False
155351,2025-08,gov,0,0.9878783822059631,0.00656234472990036,0.005559254437685013,0.9878783822059631,gov,True,False
155352,2025-08,gov,0,0.9554359316825867,0.017626391723752022,0.026937667280435562,0.9554359316825867,gov,True,False
155354,2025-08,gov,0,0.7319067716598511,0.041579145938158035,0.2265140861272812,0.7319067716598511,gov,True,False
156069,2025-08,gov,0,0.9867410063743591,0.011091667227447033,0.0021672742441296577,0.9867410063743591,opo,True,False
156071,2025-08,gov,0,0.9475993514060974,0.03584285452961922,0.01655779592692852,0.9475993514060974,gov,True,False
156072,2025-08,gov,0,0.9516803026199341,0.01698802411556244,0.03133172541856766,0.9516803026199341,gov,True,False
156073,2025-08,gov,0,0.9187272191047668,0.005215094890445471,0.07605773210525513,0.9187272191047668,gov,True,False
156074,2025-08,gov,0,0.7015579342842102,0.048646166920661926,0.2497958540916443,0.7015579342842102,gov,True,False
156075,2025-08,uncertain,2,0.11119744926691055,0.17270192503929138,0.7161006331443787,0.7161006331443787,uncertain,True,False
156788,2025-08,gov,0,0.9694902896881104,0.017472874373197556,0.01303678285330534,0.9694902896881104,gov,True,False
156789,2025-08,gov,0,0.8363074064254761,0.15118524432182312,0.012507411651313305,0.8363074064254761,opo,True,False
156791,2025-08,gov,0,0.8947140574455261,0.0592695027589798,0.046016428619623184,0.8947140574455261,gov,True,False
156792,2025-08,gov,0,0.7961373329162598,0.036293528974056244,0.1675691157579422,0.7961373329162598,gov,True,False
156793,2025-08,uncertain,2,0.4694400727748871,0.001430785981938243,0.529129147529602,0.529129147529602,gov,True,False
156794,2025-08,gov,0,0.7584365606307983,0.0948009118437767,0.14676250517368317,0.7584365606307983,gov,True,False
156795,2025-08,uncertain,2,0.05536564812064171,0.3321874737739563,0.6124469041824341,0.6124469041824341,opo,True,False
156796,2025-08,opo,1,0.12747922539710999,0.8458231091499329,0.026697605848312378,0.8458231091499329,opo,True,False
157508,2025-08,gov,0,0.8489238619804382,0.09062595665454865,0.060450151562690735,0.8489238619804382,gov,True,False
157509,2025-08,gov,0,0.8384092450141907,0.14096729457378387,0.020623497664928436,0.8384092450141907,opo,True,False
157510,2025-08,gov,0,0.9157132506370544,0.061161741614341736,0.023124994710087776,0.9157132506370544,gov,True,False
157511,2025-08,gov,0,0.8891110420227051,0.07076175510883331,0.040127143263816833,0.8891110420227051,gov,True,False
157513,2025-08,uncertain,2,0.10938357561826706,0.0005163655150681734,0.8901001214981079,0.8901001214981079,uncertain,True,False
157514,2025-08,uncertain,2,0.15367189049720764,0.014894596301019192,0.8314335942268372,0.8314335942268372,gov,True,False
157515,2025-08,uncertain,2,0.05639965087175369,0.04599969461560249,0.8976007103919983,0.8976007103919983,gov,True,False
158229,2025-08,gov,0,0.707120418548584,0.20692576467990875,0.08595385402441025,0.707120418548584,opo,True,False
158231,2025-08,gov,0,0.9014973044395447,0.005874394904822111,0.0926283448934555,0.9014973044395447,gov,True,False
158233,2025-08,gov,0,0.7855513095855713,0.03486905246973038,0.17957958579063416,0.7855513095855713,gov,True,False
158235,2025-08,opo,1,0.12535840272903442,0.783523678779602,0.09111795574426651,0.783523678779602,opo,True,False
158236,2025-08,opo,1,0.09780921041965485,0.8500078916549683,0.05218293517827988,0.8500078916549683,opo,True,False
158237,2025-08,opo,1,0.0649808868765831,0.9192078113555908,0.01581130549311638,0.9192078113555908,opo,True,False
158238,2025-08,opo,1,0.4119718372821808,0.4875032603740692,0.1005249097943306,0.4875032603740692,gov,True,False
158946,2025-08,gov,0,0.9221356511116028,0.04340791329741478,0.03445647656917572,0.9221356511116028,gov,True,False
158947,2025-08,opo,1,0.4364372789859772,0.5465320944786072,0.017030619084835052,0.5465320944786072,opo,True,False
158949,2025-08,gov,0,0.8772268295288086,0.05219829082489014,0.07057486474514008,0.8772268295288086,gov,True,False
158950,2025-08,gov,0,0.9666185975074768,0.01481187529861927,0.01856956258416176,0.9666185975074768,gov,True,False
158951,2025-08,gov,0,0.9482216835021973,0.007604663260281086,0.04417368024587631,0.9482216835021973,gov,True,False
158952,2025-08,gov,0,0.8139433860778809,0.03257705271244049,0.15347956120967865,0.8139433860778809,gov,True,False
158953,2025-08,gov,0,0.7834184169769287,0.12337915599346161,0.0932023674249649,0.7834184169769287,gov,True,False
158954,2025-08,gov,0,0.5209671854972839,0.4602767527103424,0.01875614933669567,0.5209671854972839,gov,True,False
158955,2025-08,opo,1,0.36920982599258423,0.6241512894630432,0.006638874299824238,0.6241512894630432,gov,True,False
158956,2025-08,gov,0,0.8825846910476685,0.11578915268182755,0.001626170240342617,0.8825846910476685,gov,True,False
158957,2025-08,gov,0,0.9203320741653442,0.07092688977718353,0.008741003461182117,0.9203320741653442,gov,True,False
158958,2025-08,gov,0,0.8857203722000122,0.08938755840063095,0.024892017245292664,0.8857203722000122,gov,True,False
158960,2025-08,gov,0,0.8744356632232666,0.03008866310119629,0.0954757109284401,0.8744356632232666,gov,True,False
159665,2025-08,gov,0,0.6429019570350647,0.1367131769657135,0.2203848510980606,0.6429019570350647,opo,True,False
159666,2025-08,gov,0,0.7132980227470398,0.20942716300487518,0.07727484405040741,0.7132980227470398,opo,True,False
159667,2025-08,opo,1,0.09402240067720413,0.8847756385803223,0.021201957017183304,0.8847756385803223,opo,True,False
159668,2025-08,gov,0,0.7796921730041504,0.17902390658855438,0.04128400236368179,0.7796921730041504,opo,True,False
159670,2025-08,gov,0,0.8290889859199524,0.02882278338074684,0.14208826422691345,0.8290889859199524,gov,True,False
159671,2025-08,gov,0,0.9497063755989075,0.025626450777053833,0.024667253717780113,0.9497063755989075,gov,True,False
159672,2025-08,gov,0,0.9440971612930298,0.016301579773426056,0.039601318538188934,0.9440971612930298,gov,True,False
159673,2025-08,gov,0,0.8796858787536621,0.015145867131650448,0.1051681786775589,0.8796858787536621,gov,True,False
159674,2025-08,gov,0,0.8039111495018005,0.024675237014889717,0.17141354084014893,0.8039111495018005,gov,True,False
159675,2025-08,gov,0,0.9291149377822876,0.026510946452617645,0.04437412694096565,0.9291149377822876,gov,True,False
159676,2025-08,gov,0,0.987241268157959,0.007559752557426691,0.005198973696678877,0.987241268157959,gov,True,False
159679,2025-08,gov,0,0.8163267374038696,0.11830002069473267,0.06537321954965591,0.8163267374038696,gov,True,False
159680,2025-08,gov,0,0.8595011830329895,0.03468548133969307,0.10581332445144653,0.8595011830329895,gov,True,False
160386,2025-08,gov,0,0.4548735022544861,0.3925272226333618,0.15259921550750732,0.4548735022544861,opo,True,False
160388,2025-08,gov,0,0.5665004253387451,0.1585608720779419,0.2749386727809906,0.5665004253387451,opo,True,False
160389,2025-08,uncertain,2,0.08395802974700928,0.019954022020101547,0.8960879445075989,0.8960879445075989,uncertain,True,False
160390,2025-08,uncertain,2,0.06913914531469345,0.025140244513750076,0.9057206511497498,0.9057206511497498,uncertain,True,False
160391,2025-08,gov,0,0.5352606177330017,0.15970684587955475,0.30503255128860474,0.5352606177330017,gov,True,False
160392,2025-08,gov,0,0.9670026898384094,0.001995102036744356,0.03100220113992691,0.9670026898384094,gov,True,False
160393,2025-08,gov,0,0.8893508315086365,0.0011536885285750031,0.10949550569057465,0.8893508315086365,gov,True,False
160394,2025-08,gov,0,0.9628658890724182,0.0013539514038711786,0.03578013926744461,0.9628658890724182,gov,True,False
160396,2025-08,gov,0,0.956840991973877,0.00512504018843174,0.03803396224975586,0.956840991973877,gov,True,False
160397,2025-08,gov,0,0.933899462223053,0.05693690851330757,0.00916359480470419,0.933899462223053,gov,True,False
160399,2025-08,gov,0,0.8840034008026123,0.08400467038154602,0.031991906464099884,0.8840034008026123,gov,True,False
160400,2025-08,gov,0,0.9130510091781616,0.02575067989528179,0.06119828671216965,0.9130510091781616,gov,True,False
161107,2025-08,opo,1,0.20478130877017975,0.6982518434524536,0.09696683287620544,0.6982518434524536,opo,True,False
161109,2025-08,uncertain,2,0.024980822578072548,0.008517777547240257,0.9665014147758484,0.9665014147758484,uncertain,True,False
161110,2025-08,uncertain,2,0.27547064423561096,0.09879530966281891,0.6257341504096985,0.6257341504096985,gov,True,False
161111,2025-08,gov,0,0.84208744764328,0.04569976404309273,0.11221280694007874,0.84208744764328,gov,True,False
161112,2025-08,gov,0,0.9716970324516296,0.0019671048503369093,0.02633584849536419,0.9716970324516296,gov,True,False
161113,2025-08,gov,0,0.9159685969352722,0.004415974952280521,0.07961549609899521,0.9159685969352722,gov,True,False
161116,2025-08,uncertain,2,0.253958523273468,0.005861867219209671,0.7401795983314514,0.7401795983314514,gov,True,False
161117,2025-08,gov,0,0.6923809051513672,0.15775617957115173,0.14986293017864227,0.6923809051513672,gov,True,False
161118,2025-08,opo,1,0.19672785699367523,0.7995473146438599,0.0037248237058520317,0.7995473146438599,gov,True,False
161119,2025-08,opo,1,0.4714449942111969,0.5119330883026123,0.016621965914964676,0.5119330883026123,gov,True,False
161120,2025-08,gov,0,0.9140539169311523,0.029567183926701546,0.05637893080711365,0.9140539169311523,gov,True,False
161827,2025-08,opo,1,0.02743065357208252,0.9510840773582458,0.021485276520252228,0.9510840773582458,opo,True,False
161829,2025-08,uncertain,2,0.14135222136974335,0.028239872306585312,0.8304079174995422,0.8304079174995422,uncertain,True,False
161830,2025-08,uncertain,2,0.022294288501143456,0.14821583032608032,0.8294898271560669,0.8294898271560669,uncertain,True,False
161831,2025-08,uncertain,2,0.15803074836730957,0.11929719150066376,0.7226720452308655,0.7226720452308655,gov,True,False
161832,2025-08,uncertain,2,0.344242662191391,0.18375028669834137,0.47200703620910645,0.47200703620910645,gov,True,False
161833,2025-08,opo,1,0.2818503975868225,0.5045039653778076,0.21364563703536987,0.5045039653778076,gov,True,False
161834,2025-08,uncertain,2,0.19084616005420685,0.1428470015525818,0.6663067936897278,0.6663067936897278,gov,True,False
161837,2025-08,opo,1,0.3125734329223633,0.6233984231948853,0.06402815878391266,0.6233984231948853,opo,True,False
161839,2025-08,opo,1,0.05053885281085968,0.9485042691230774,0.0009568003588356078,0.9485042691230774,opo,True,False
162547,2025-08,opo,1,0.1390615701675415,0.8540759086608887,0.006862499285489321,0.8540759086608887,opo,True,False
162548,2025-08,gov,0,0.5879750847816467,0.0836976170539856,0.3283272981643677,0.5879750847816467,opo,True,False
162549,2025-08,gov,0,0.6580712795257568,0.03397069126367569,0.30795803666114807,0.6580712795257568,uncertain,True,False
162550,2025-08,opo,1,0.19198012351989746,0.6406078934669495,0.16741198301315308,0.6406078934669495,opo,True,False
162551,2025-08,uncertain,2,0.2124297171831131,0.0702483057975769,0.7173219323158264,0.7173219323158264,gov,True,False
162552,2025-08,gov,0,0.7852180600166321,0.03819691762328148,0.17658494412899017,0.7852180600166321,gov,True,False
162553,2025-08,opo,1,0.3981534540653229,0.553260862827301,0.04858561232686043,0.553260862827301,opo,True,False
162554,2025-08,uncertain,2,0.23477840423583984,0.13408367335796356,0.631138026714325,0.631138026714325,uncertain,True,False
162555,2025-08,uncertain,2,0.09311296790838242,0.015024869702756405,0.8918620944023132,0.8918620944023132,uncertain,True,False
162556,2025-08,uncertain,2,0.37687474489212036,0.13127990067005157,0.49184533953666687,0.49184533953666687,gov,True,False
162558,2025-08,opo,1,0.0011589676141738892,0.998659610748291,0.00018143952183891088,0.998659610748291,opo,True,False
162559,2025-08,opo,1,0.01670045219361782,0.9784432649612427,0.00485631637275219,0.9784432649612427,opo,True,False
163267,2025-08,opo,1,0.1175759807229042,0.8566027283668518,0.02582130767405033,0.8566027283668518,opo,True,False
163268,2025-08,uncertain,2,0.1623380035161972,0.15422922372817993,0.6834328174591064,0.6834328174591064,uncertain,True,False
163269,2025-08,uncertain,2,0.27811798453330994,0.04607658088207245,0.6758055090904236,0.6758055090904236,uncertain,True,False
163271,2025-08,uncertain,2,0.36643314361572266,0.003002445911988616,0.6305643916130066,0.6305643916130066,gov,True,False
163272,2025-08,uncertain,2,0.06523467600345612,0.0031438672449439764,0.9316214919090271,0.9316214919090271,uncertain,True,False
163274,2025-08,uncertain,2,0.14148765802383423,0.007973380386829376,0.850538969039917,0.850538969039917,uncertain,True,False
163275,2025-08,uncertain,2,0.023014886304736137,0.0006734647904522717,0.9763116240501404,0.9763116240501404,uncertain,True,False
163276,2025-08,uncertain,2,0.005640077404677868,0.0009254032629542053,0.9934345483779907,0.9934345483779907,uncertain,True,False
163278,2025-08,opo,1,0.04646085202693939,0.9494535326957703,0.004085620865225792,0.9494535326957703,opo,True,False
163988,2025-08,opo,1,0.42797642946243286,0.4997633695602417,0.07226022332906723,0.4997633695602417,opo,True,False
163989,2025-08,gov,0,0.8261996507644653,0.04788932949304581,0.12591107189655304,0.8261996507644653,gov,True,False
163992,2025-08,gov,0,0.5191522836685181,0.025151951238512993,0.4556957483291626,0.5191522836685181,gov,True,False
163993,2025-08,gov,0,0.49098584055900574,0.03337863087654114,0.47563546895980835,0.49098584055900574,opo,True,False
163996,2025-08,gov,0,0.5271979570388794,0.004084233194589615,0.4687178134918213,0.5271979570388794,gov,True,False
163998,2025-08,gov,0,0.9645168781280518,0.026934776455163956,0.008548369631171227,0.9645168781280518,gov,True,False
164709,2025-08,gov,0,0.6694907546043396,0.13427229225635529,0.19623692333698273,0.6694907546043396,gov,True,False
164710,2025-08,gov,0,0.8904516100883484,0.005029713269323111,0.10451867431402206,0.8904516100883484,gov,True,False
164711,2025-08,gov,0,0.9520682096481323,0.020972037687897682,0.026959801092743874,0.9520682096481323,opo,True,False
164712,2025-08,gov,0,0.9921971559524536,0.0047590043395757675,0.003043905831873417,0.9921971559524536,gov,True,False
164713,2025-08,gov,0,0.9734166860580444,0.0019283770816400647,0.02465500682592392,0.9734166860580444,gov,True,False
164714,2025-08,gov,0,0.5624164342880249,0.028339607641100883,0.40924394130706787,0.5624164342880249,gov,True,False
164715,2025-08,gov,0,0.4325188398361206,0.4099394381046295,0.15754173696041107,0.4325188398361206,gov,True,False
164716,2025-08,opo,1,0.2766593396663666,0.6516075730323792,0.07173307240009308,0.6516075730323792,opo,True,False
165430,2025-08,gov,0,0.7356733679771423,0.07817932963371277,0.1861473172903061,0.7356733679771423,gov,True,False
165433,2025-08,gov,0,0.9668368101119995,0.015019534155726433,0.018143532797694206,0.9668368101119995,gov,True,False
165435,2025-08,opo,1,0.14440739154815674,0.7235097289085388,0.13208283483982086,0.7235097289085388,opo,True,False
165436,2025-08,opo,1,0.15155024826526642,0.8407785296440125,0.0076712388545274734,0.8407785296440125,opo,True,False
166150,2025-08,gov,0,0.6292626261711121,0.14831386506557465,0.2224234789609909,0.6292626261711121,gov,True,False
166152,2025-08,gov,0,0.46697208285331726,0.3597771227359772,0.17325076460838318,0.46697208285331726,opo,True,False
166154,2025-08,gov,0,0.7072109580039978,0.26212233304977417,0.03066667728126049,0.7072109580039978,gov,True,False
166155,2025-08,opo,1,0.2853175401687622,0.6333919763565063,0.08129052072763443,0.6333919763565063,gov,True,False
166156,2025-08,opo,1,0.017624836415052414,0.9806631207466125,0.0017120137345045805,0.9806631207466125,opo,True,False
166157,2025-08,opo,1,0.16980713605880737,0.7958717942237854,0.0343211330473423,0.7958717942237854,opo,True,False
166873,2025-08,opo,1,0.19833333790302277,0.5698369741439819,0.23182964324951172,0.5698369741439819,gov,True,False
166876,2025-08,opo,1,0.006713180802762508,0.9927207231521606,0.0005661389441229403,0.9927207231521606,opo,True,False
166877,2025-08,opo,1,0.10356507450342178,0.8916527032852173,0.004782215692102909,0.8916527032852173,opo,True,False
167591,2025-08,gov,0,0.7781843543052673,0.05303872376680374,0.16877692937850952,0.7781843543052673,gov,True,False
167592,2025-08,gov,0,0.8876445889472961,0.07759028673171997,0.03476512059569359,0.8876445889472961,gov,True,False
167594,2025-08,gov,0,0.619147777557373,0.2527427077293396,0.12810952961444855,0.619147777557373,gov,True,False
167597,2025-08,opo,1,0.36477991938591003,0.6232584714889526,0.011961592361330986,0.6232584714889526,opo,True,False
168313,2025-08,gov,0,0.7791659235954285,0.004975235089659691,0.21585887670516968,0.7791659235954285,gov,True,False
168316,2025-08,opo,1,0.15590201318264008,0.8021044731140137,0.041993509978055954,0.8021044731140137,opo,True,False
168318,2025-08,gov,0,0.7339941263198853,0.14744818210601807,0.11855769902467728,0.7339941263198853,opo,True,False
169035,2025-08,gov,0,0.8160322904586792,0.0874393880367279,0.09652833640575409,0.8160322904586792,gov,True,False
169036,2025-08,gov,0,0.8391525149345398,0.12810660898685455,0.03274085745215416,0.8391525149345398,gov,True,False
169037,2025-08,gov,0,0.936357855796814,0.03947233408689499,0.02416987158358097,0.936357855796814,gov,True,False
169756,2025-08,gov,0,0.9489774703979492,0.026286471635103226,0.02473602257668972,0.9489774703979492,gov,True,False
143838,2025-09,gov,0,0.8670178055763245,0.05259034410119057,0.08039189875125885,0.8670178055763245,gov,True,False
145998,2025-09,gov,0,0.9360253810882568,0.010581359267234802,0.05339320749044418,0.9360253810882568,gov,True,False
147437,2025-09,gov,0,0.8642745614051819,0.01622210256755352,0.11950333416461945,0.8642745614051819,gov,True,False
147438,2025-09,gov,0,0.9122830629348755,0.010834083892405033,0.07688284665346146,0.9122830629348755,gov,True,False
147439,2025-09,gov,0,0.5763302445411682,0.014450717717409134,0.4092191159725189,0.5763302445411682,gov,True,False
148158,2025-09,gov,0,0.5993090271949768,0.033302877098321915,0.3673880994319916,0.5993090271949768,gov,True,False
149597,2025-09,uncertain,2,0.31815746426582336,0.08500229567289352,0.5968402028083801,0.5968402028083801,uncertain,True,False
150307,2025-09,gov,0,0.7925562262535095,0.02755826525390148,0.17988549172878265,0.7925562262535095,gov,True,False
150317,2025-09,gov,0,0.7549366354942322,0.032404009252786636,0.2126593291759491,0.7549366354942322,gov,True,False
151756,2025-09,gov,0,0.8231155276298523,0.05033555254340172,0.12654896080493927,0.8231155276298523,gov,True,False
151757,2025-09,uncertain,2,0.349311500787735,0.019775154069066048,0.6309133768081665,0.6309133768081665,uncertain,True,False
152476,2025-09,gov,0,0.9762219786643982,0.009669875726103783,0.014108093455433846,0.9762219786643982,gov,True,False
153190,2025-09,gov,0,0.6877256631851196,0.14538975059986115,0.1668846160173416,0.6877256631851196,gov,True,False
153191,2025-09,gov,0,0.8295657634735107,0.1214282438158989,0.049006033688783646,0.8295657634735107,gov,True,False
153192,2025-09,gov,0,0.9470611214637756,0.012192683294415474,0.040746189653873444,0.9470611214637756,gov,True,False
153193,2025-09,gov,0,0.9847821593284607,0.0014247182989493012,0.013793095014989376,0.9847821593284607,gov,True,False
153196,2025-09,gov,0,0.9489234089851379,0.02932586707174778,0.02175072394311428,0.9489234089851379,gov,True,False
153197,2025-09,uncertain,2,0.2973327040672302,0.04501532018184662,0.657651960849762,0.657651960849762,uncertain,True,False
153910,2025-09,gov,0,0.8010321855545044,0.052832137793302536,0.14613564312458038,0.8010321855545044,gov,True,False
153911,2025-09,gov,0,0.8200581669807434,0.13822557032108307,0.04171619564294815,0.8200581669807434,gov,True,False
153912,2025-09,gov,0,0.8849226236343384,0.0930221676826477,0.02205524407327175,0.8849226236343384,gov,True,False
153913,2025-09,gov,0,0.8955259323120117,0.09371333569288254,0.010760832577943802,0.8955259323120117,gov,True,False
153914,2025-09,gov,0,0.9473868012428284,0.035932574421167374,0.016680600121617317,0.9473868012428284,gov,True,False
153915,2025-09,gov,0,0.6776744723320007,0.04583383724093437,0.2764916718006134,0.6776744723320007,gov,True,False
153916,2025-09,gov,0,0.8161117434501648,0.09347257763147354,0.09041564911603928,0.8161117434501648,gov,True,False
153917,2025-09,uncertain,2,0.43602514266967773,0.1018979623913765,0.462076872587204,0.462076872587204,gov,True,False
153918,2025-09,gov,0,0.5879607200622559,0.06199226900935173,0.3500469923019409,0.5879607200622559,gov,True,False
154630,2025-09,gov,0,0.9699151515960693,0.01326796319335699,0.016816874966025352,0.9699151515960693,gov,True,False
154631,2025-09,gov,0,0.9758406281471252,0.013505956158041954,0.010653394274413586,0.9758406281471252,gov,True,False
154632,2025-09,gov,0,0.9646714329719543,0.028948409482836723,0.0063802157528698444,0.9646714329719543,gov,True,False
154633,2025-09,gov,0,0.924977719783783,0.06719813495874405,0.007824106141924858,0.924977719783783,gov,True,False
154634,2025-09,gov,0,0.9827014803886414,0.010182882659137249,0.007115600630640984,0.9827014803886414,gov,True,False
154635,2025-09,gov,0,0.8125595450401306,0.020189449191093445,0.16725096106529236,0.8125595450401306,gov,True,False
154636,2025-09,gov,0,0.8634600043296814,0.09023106843233109,0.04630889743566513,0.8634600043296814,gov,True,False
155350,2025-09,gov,0,0.7796520590782166,0.16226239502429962,0.05808555707335472,0.7796520590782166,opo,True,False
155351,2025-09,gov,0,0.9513013958930969,0.028340481221675873,0.02035815455019474,0.9513013958930969,gov,True,False
155352,2025-09,gov,0,0.9544773101806641,0.03146783635020256,0.014054876752197742,0.9544773101806641,gov,True,False
155354,2025-09,gov,0,0.793753445148468,0.04273401200771332,0.16351249814033508,0.793753445148468,gov,True,False
156069,2025-09,opo,1,0.3326926529407501,0.6183450222015381,0.04896228015422821,0.6183450222015381,opo,True,False
156071,2025-09,gov,0,0.9294410347938538,0.039249237626791,0.03130977228283882,0.9294410347938538,gov,True,False
156072,2025-09,gov,0,0.905976414680481,0.055115096271038055,0.03890848904848099,0.905976414680481,gov,True,False
156073,2025-09,gov,0,0.8639014959335327,0.05695299059152603,0.07914544641971588,0.8639014959335327,gov,True,False
156074,2025-09,gov,0,0.7114705443382263,0.03467618301510811,0.25385329127311707,0.7114705443382263,gov,True,False
156075,2025-09,uncertain,2,0.2537292540073395,0.21903620660305023,0.5272345542907715,0.5272345542907715,uncertain,True,False
156788,2025-09,opo,1,0.30678316950798035,0.6169147491455078,0.07630213350057602,0.6169147491455078,gov,True,False
156789,2025-09,opo,1,0.1902490258216858,0.7791083455085754,0.030642686411738396,0.7791083455085754,opo,True,False
156791,2025-09,gov,0,0.8862369060516357,0.029142791405320168,0.08462025225162506,0.8862369060516357,gov,True,False
156792,2025-09,gov,0,0.6929240822792053,0.016226785257458687,0.29084914922714233,0.6929240822792053,gov,True,False
156793,2025-09,gov,0,0.7391554117202759,0.003836115589365363,0.25700843334198,0.7391554117202759,gov,True,False
156794,2025-09,gov,0,0.9112859964370728,0.015612591989338398,0.07310136407613754,0.9112859964370728,gov,True,False
156795,2025-09,opo,1,0.11887534707784653,0.7654187083244324,0.11570598930120468,0.7654187083244324,opo,True,False
156796,2025-09,opo,1,0.02102057635784149,0.9765571355819702,0.0024223127402365208,0.9765571355819702,opo,True,False
157508,2025-09,gov,0,0.5675865411758423,0.27188926935195923,0.16052420437335968,0.5675865411758423,gov,True,False
157509,2025-09,opo,1,0.3410677909851074,0.5865550637245178,0.07237716019153595,0.5865550637245178,opo,True,False
157510,2025-09,gov,0,0.6241653561592102,0.10048715025186539,0.275347501039505,0.6241653561592102,gov,True,False
157511,2025-09,gov,0,0.9221277236938477,0.011817933060228825,0.06605426967144012,0.9221277236938477,gov,True,False
157513,2025-09,uncertain,2,0.15582139790058136,0.0007468853145837784,0.8434317708015442,0.8434317708015442,uncertain,True,False
157514,2025-09,uncertain,2,0.17285273969173431,0.007085752207785845,0.820061445236206,0.820061445236206,gov,True,False
157515,2025-09,uncertain,2,0.06687340140342712,0.045147836208343506,0.8879787921905518,0.8879787921905518,uncertain,True,False
158229,2025-09,gov,0,0.4034264385700226,0.28328946232795715,0.31328412890434265,0.4034264385700226,opo,True,False
158231,2025-09,gov,0,0.719373345375061,0.01166478917002678,0.26896190643310547,0.719373345375061,gov,True,False
158233,2025-09,gov,0,0.8825768828392029,0.023602643981575966,0.09382043778896332,0.8825768828392029,gov,True,False
158235,2025-09,opo,1,0.12942326068878174,0.8175094127655029,0.053067322820425034,0.8175094127655029,opo,True,False
158236,2025-09,opo,1,0.013638066127896309,0.9848588109016418,0.0015030850190669298,0.9848588109016418,opo,True,False
158237,2025-09,opo,1,0.034531369805336,0.9564578533172607,0.009010734967887402,0.9564578533172607,opo,True,False
158238,2025-09,gov,0,0.5349233746528625,0.19044508039951324,0.2746315598487854,0.5349233746528625,gov,True,False
158946,2025-09,gov,0,0.6690493226051331,0.15600673854351044,0.1749439537525177,0.6690493226051331,gov,True,False
158947,2025-09,opo,1,0.30952897667884827,0.5594192743301392,0.13105174899101257,0.5594192743301392,opo,True,False
158949,2025-09,gov,0,0.6792133450508118,0.24103949964046478,0.07974714040756226,0.6792133450508118,gov,True,False
158950,2025-09,gov,0,0.8982828259468079,0.04907101020216942,0.05264618992805481,0.8982828259468079,gov,True,False
158951,2025-09,gov,0,0.8342148065567017,0.027205873280763626,0.1385793536901474,0.8342148065567017,gov,True,False
158952,2025-09,gov,0,0.9734112620353699,0.009554498828947544,0.01703423075377941,0.9734112620353699,gov,True,False
158953,2025-09,gov,0,0.9820262789726257,0.007338991388678551,0.010634678415954113,0.9820262789726257,gov,True,False
158954,2025-09,gov,0,0.9773733615875244,0.015082591213285923,0.00754398200660944,0.9773733615875244,gov,True,False
158955,2025-09,gov,0,0.8955211639404297,0.084745392203331,0.019733436405658722,0.8955211639404297,gov,True,False
158956,2025-09,gov,0,0.7978284955024719,0.20051175355911255,0.001659743720665574,0.7978284955024719,gov,True,False
158957,2025-09,gov,0,0.9578194618225098,0.03608838841319084,0.006092118564993143,0.9578194618225098,gov,True,False
158958,2025-09,gov,0,0.9500733613967896,0.01924171857535839,0.03068503923714161,0.9500733613967896,gov,True,False
158960,2025-09,gov,0,0.8141028881072998,0.052084024995565414,0.1338130682706833,0.8141028881072998,gov,True,False
159665,2025-09,gov,0,0.4080987274646759,0.27197152376174927,0.31992974877357483,0.4080987274646759,opo,True,False
159666,2025-09,opo,1,0.3010117709636688,0.5186321139335632,0.18035608530044556,0.5186321139335632,opo,True,False
159667,2025-09,opo,1,0.11498982459306717,0.8190897703170776,0.06592036783695221,0.8190897703170776,opo,True,False
159668,2025-09,opo,1,0.1503821611404419,0.8086734414100647,0.04094444215297699,0.8086734414100647,opo,True,False
159670,2025-09,gov,0,0.8727636337280273,0.021451255306601524,0.10578503459692001,0.8727636337280273,gov,True,False
159671,2025-09,gov,0,0.8991071581840515,0.005037717521190643,0.09585504233837128,0.8991071581840515,gov,True,False
159672,2025-09,gov,0,0.9789512753486633,0.004422271158546209,0.01662648841738701,0.9789512753486633,gov,True,False
159673,2025-09,gov,0,0.9723000526428223,0.016587544232606888,0.011112341657280922,0.9723000526428223,gov,True,False
159674,2025-09,gov,0,0.946527898311615,0.006922014057636261,0.04655012860894203,0.946527898311615,gov,True,False
159675,2025-09,gov,0,0.8945178985595703,0.016475681215524673,0.08900636434555054,0.8945178985595703,gov,True,False
159676,2025-09,gov,0,0.9828476905822754,0.013196109794080257,0.003956120926886797,0.9828476905822754,gov,True,False
159679,2025-09,gov,0,0.9618057608604431,0.02335418201982975,0.014840061776340008,0.9618057608604431,gov,True,False
159680,2025-09,gov,0,0.8840980529785156,0.026390617713332176,0.08951123803853989,0.8840980529785156,gov,True,False
160386,2025-09,opo,1,0.16906140744686127,0.5746016502380371,0.2563369870185852,0.5746016502380371,opo,True,False
160388,2025-09,opo,1,0.28547561168670654,0.6379151344299316,0.07660924643278122,0.6379151344299316,opo,True,False
160389,2025-09,uncertain,2,0.36455368995666504,0.10322601348161697,0.5322203636169434,0.5322203636169434,uncertain,True,False
160390,2025-09,gov,0,0.6181042790412903,0.013362877070903778,0.36853286623954773,0.6181042790412903,uncertain,True,False
160391,2025-09,gov,0,0.8197740912437439,0.0097994739189744,0.17042644321918488,0.8197740912437439,gov,True,False
160392,2025-09,gov,0,0.865529477596283,0.013599494472146034,0.12087094038724899,0.865529477596283,gov,True,False
160393,2025-09,gov,0,0.8209502696990967,0.03372577577829361,0.14532393217086792,0.8209502696990967,gov,True,False
160394,2025-09,gov,0,0.9897754192352295,0.001952683669514954,0.008271874859929085,0.9897754192352295,gov,True,False
160396,2025-09,gov,0,0.9593303203582764,0.0062181949615478516,0.034451525658369064,0.9593303203582764,gov,True,False
160397,2025-09,gov,0,0.9709551930427551,0.025945330038666725,0.003099512541666627,0.9709551930427551,gov,True,False
160399,2025-09,gov,0,0.9758274555206299,0.013843654654920101,0.01032889261841774,0.9758274555206299,gov,True,False
160400,2025-09,gov,0,0.9233241081237793,0.03273836523294449,0.0439375601708889,0.9233241081237793,gov,True,False
161107,2025-09,opo,1,0.059826381504535675,0.9137359857559204,0.026437625288963318,0.9137359857559204,opo,True,False
161109,2025-09,uncertain,2,0.027047647163271904,0.00315872929058969,0.9697936177253723,0.9697936177253723,uncertain,True,False
161110,2025-09,gov,0,0.7446395754814148,0.00947899091988802,0.24588148295879364,0.7446395754814148,gov,True,False
161111,2025-09,gov,0,0.9408396482467651,0.006944322492927313,0.0522160567343235,0.9408396482467651,gov,True,False
161112,2025-09,gov,0,0.9311012029647827,0.00515645369887352,0.06374242901802063,0.9311012029647827,gov,True,False
161113,2025-09,gov,0,0.89040207862854,0.01627989299595356,0.09331807494163513,0.89040207862854,opo,True,False
161116,2025-09,gov,0,0.7961908578872681,0.008477804251015186,0.19533130526542664,0.7961908578872681,gov,True,False
161117,2025-09,gov,0,0.7945770621299744,0.09944842755794525,0.10597462207078934,0.7945770621299744,gov,True,False
161118,2025-09,gov,0,0.6392964124679565,0.3515070676803589,0.00919646117836237,0.6392964124679565,gov,True,False
161119,2025-09,gov,0,0.710288405418396,0.2637183666229248,0.02599322609603405,0.710288405418396,gov,True,False
161120,2025-09,gov,0,0.9010927677154541,0.05674855038523674,0.042158741503953934,0.9010927677154541,gov,True,False
161827,2025-09,opo,1,0.022895008325576782,0.9680261611938477,0.009078794158995152,0.9680261611938477,opo,True,False
161829,2025-09,uncertain,2,0.05383741483092308,0.0021588264498859644,0.9440037608146667,0.9440037608146667,uncertain,True,False
161830,2025-09,uncertain,2,0.08579137176275253,0.04236772283911705,0.8718409538269043,0.8718409538269043,uncertain,True,False
161831,2025-09,gov,0,0.5285047292709351,0.17066098749637604,0.30083420872688293,0.5285047292709351,gov,True,False
161832,2025-09,uncertain,2,0.35945427417755127,0.09380864351987839,0.546737015247345,0.546737015247345,gov,True,False
161833,2025-09,uncertain,2,0.3378083109855652,0.2832358777523041,0.37895575165748596,0.37895575165748596,gov,True,False
161834,2025-09,uncertain,2,0.1944415420293808,0.18229882419109344,0.6232596039772034,0.6232596039772034,gov,True,False
161837,2025-09,opo,1,0.2823605537414551,0.6010883450508118,0.11655111610889435,0.6010883450508118,opo,True,False
161839,2025-09,opo,1,0.19089782238006592,0.7973883748054504,0.011713754385709763,0.7973883748054504,opo,True,False
162547,2025-09,opo,1,0.11647965013980865,0.8757473826408386,0.007772943936288357,0.8757473826408386,opo,True,False
162548,2025-09,gov,0,0.5083522200584412,0.08947692066431046,0.40217089653015137,0.5083522200584412,opo,True,False
162549,2025-09,uncertain,2,0.2827174663543701,0.008682481944561005,0.7085999846458435,0.7085999846458435,uncertain,True,False
162550,2025-09,uncertain,2,0.11515247821807861,0.29871371388435364,0.5861338376998901,0.5861338376998901,opo,True,False
162551,2025-09,gov,0,0.46196794509887695,0.12180410325527191,0.41622796654701233,0.46196794509887695,gov,True,False
162552,2025-09,gov,0,0.7539936900138855,0.08798323571681976,0.15802307426929474,0.7539936900138855,gov,True,False
162553,2025-09,opo,1,0.3162948191165924,0.6378661394119263,0.04583904147148132,0.6378661394119263,opo,True,False
162554,2025-09,uncertain,2,0.19214828312397003,0.09243607521057129,0.7154156565666199,0.7154156565666199,uncertain,True,False
162555,2025-09,uncertain,2,0.21534030139446259,0.07622471451759338,0.7084349393844604,0.7084349393844604,uncertain,True,False
162556,2025-09,gov,0,0.845302164554596,0.09078511595726013,0.06391271203756332,0.845302164554596,gov,True,False
162558,2025-09,opo,1,0.01216250192373991,0.9860373139381409,0.0018001946154981852,0.9860373139381409,opo,True,False
162559,2025-09,opo,1,0.13673478364944458,0.8380709290504456,0.025194307789206505,0.8380709290504456,opo,True,False
163267,2025-09,opo,1,0.3508013188838959,0.6081997156143188,0.04099899157881737,0.6081997156143188,opo,True,False
163268,2025-09,uncertain,2,0.20923589169979095,0.08758138865232468,0.7031827569007874,0.7031827569007874,uncertain,True,False
163269,2025-09,uncertain,2,0.09258648008108139,0.014623344875872135,0.8927901387214661,0.8927901387214661,uncertain,True,False
163271,2025-09,gov,0,0.8136923313140869,0.0015197895700111985,0.18478794395923615,0.8136923313140869,gov,True,False
163272,2025-09,uncertain,2,0.14126838743686676,0.005673924461007118,0.8530576229095459,0.8530576229095459,uncertain,True,False
163274,2025-09,uncertain,2,0.2283586859703064,0.04586963355541229,0.7257717251777649,0.7257717251777649,uncertain,True,False
163275,2025-09,uncertain,2,0.05391763150691986,0.0017432253807783127,0.9443391561508179,0.9443391561508179,uncertain,True,False
163276,2025-09,uncertain,2,0.34915122389793396,0.003994191996753216,0.6468545794487,0.6468545794487,uncertain,True,False
163278,2025-09,opo,1,0.3405868411064148,0.6381962895393372,0.021216804161667824,0.6381962895393372,opo,True,False
163988,2025-09,gov,0,0.6194432973861694,0.3066886365413666,0.07386805862188339,0.6194432973861694,opo,True,False
163989,2025-09,gov,0,0.8751509189605713,0.031938400119543076,0.09291067719459534,0.8751509189605713,opo,True,False
163992,2025-09,uncertain,2,0.34397220611572266,0.02511744201183319,0.630910336971283,0.630910336971283,gov,True,False
163993,2025-09,uncertain,2,0.3675781488418579,0.09897395223379135,0.5334479212760925,0.5334479212760925,opo,True,False
163996,2025-09,gov,0,0.9462633728981018,0.007730074226856232,0.046006496995687485,0.9462633728981018,gov,True,False
163998,2025-09,gov,0,0.9640836119651794,0.02431851625442505,0.011597962118685246,0.9640836119651794,gov,True,False
164709,2025-09,gov,0,0.8759413361549377,0.011427157558500767,0.11263151466846466,0.8759413361549377,gov,True,False
164710,2025-09,gov,0,0.9003136157989502,0.022900348529219627,0.07678607106208801,0.9003136157989502,gov,True,False
164711,2025-09,gov,0,0.6633201837539673,0.05762557312846184,0.279054194688797,0.6633201837539673,opo,True,False
164712,2025-09,gov,0,0.892023503780365,0.057395268231630325,0.05058124661445618,0.892023503780365,opo,True,False
164713,2025-09,gov,0,0.8193373084068298,0.03617696464061737,0.14448577165603638,0.8193373084068298,opo,True,False
164714,2025-09,gov,0,0.6746107935905457,0.04437815025448799,0.28101101517677307,0.6746107935905457,gov,True,False
164715,2025-09,opo,1,0.3774081766605377,0.5257188677787781,0.0968729630112648,0.5257188677787781,gov,True,False
164716,2025-09,opo,1,0.06783688068389893,0.9230902791023254,0.009072840213775635,0.9230902791023254,opo,True,False
165430,2025-09,gov,0,0.7838526964187622,0.11015056818723679,0.10599671304225922,0.7838526964187622,gov,True,False
165433,2025-09,gov,0,0.6853321194648743,0.18288423120975494,0.1317836195230484,0.6853321194648743,gov,True,False
165435,2025-09,opo,1,0.06527870148420334,0.930455207824707,0.004266101401299238,0.930455207824707,opo,True,False
165436,2025-09,opo,1,0.02151471935212612,0.9781122803688049,0.0003729637246578932,0.9781122803688049,opo,True,False
166150,2025-09,uncertain,2,0.3899018466472626,0.13548162579536438,0.47461652755737305,0.47461652755737305,gov,True,False
166152,2025-09,opo,1,0.12640966475009918,0.6659824252128601,0.2076079249382019,0.6659824252128601,opo,True,False
166154,2025-09,gov,0,0.7823106050491333,0.1889445036649704,0.02874484658241272,0.7823106050491333,gov,True,False
166155,2025-09,opo,1,0.38700905442237854,0.5994479060173035,0.013543030247092247,0.5994479060173035,gov,True,False
166156,2025-09,opo,1,0.043353188782930374,0.9563798904418945,0.00026688273646868765,0.9563798904418945,opo,True,False
166157,2025-09,opo,1,0.044916678220033646,0.9527124166488647,0.002370968461036682,0.9527124166488647,opo,True,False
166873,2025-09,gov,0,0.7050613760948181,0.045684538781642914,0.24925407767295837,0.7050613760948181,gov,True,False
166876,2025-09,opo,1,0.013641474768519402,0.9861700534820557,0.00018847599858418107,0.9861700534820557,opo,True,False
166877,2025-09,opo,1,0.09770241379737854,0.900579571723938,0.001718043815344572,0.900579571723938,opo,True,False
167591,2025-09,gov,0,0.7261375784873962,0.10633044689893723,0.16753195226192474,0.7261375784873962,gov,True,False
167592,2025-09,gov,0,0.9170666933059692,0.03960709273815155,0.04332621768116951,0.9170666933059692,gov,True,False
167594,2025-09,gov,0,0.9394019842147827,0.016148392111063004,0.04444964975118637,0.9394019842147827,gov,True,False
167597,2025-09,opo,1,0.17291371524333954,0.8173784017562866,0.009707890450954437,0.8173784017562866,opo,True,False
168313,2025-09,gov,0,0.9168146252632141,0.003533637383952737,0.07965174317359924,0.9168146252632141,gov,True,False
168316,2025-09,opo,1,0.07137268036603928,0.9194512367248535,0.009176124818623066,0.9194512367248535,opo,True,False
168318,2025-09,gov,0,0.48715317249298096,0.15409055352210999,0.35875633358955383,0.48715317249298096,opo,True,False
169035,2025-09,gov,0,0.9291075468063354,0.024204090237617493,0.04668835923075676,0.9291075468063354,gov,True,False
169036,2025-09,gov,0,0.8976019620895386,0.09483056515455246,0.007567510474473238,0.8976019620895386,gov,True,False
169037,2025-09,gov,0,0.9801390171051025,0.006310968194156885,0.013549989089369774,0.9801390171051025,gov,True,False
169756,2025-09,gov,0,0.9828811883926392,0.014104919508099556,0.003013934474438429,0.9828811883926392,gov,True,False
143838,2025-10,gov,0,0.9263914227485657,0.0247065257281065,0.0489019975066185,0.9263914227485657,gov,True,False
145998,2025-10,gov,0,0.8894747495651245,0.020590947940945625,0.08993427455425262,0.8894747495651245,gov,True,False
147437,2025-10,gov,0,0.9072291254997253,0.006417598109692335,0.08635320514440536,0.9072291254997253,gov,True,False
147438,2025-10,gov,0,0.9356574416160583,0.009028799831867218,0.055313773453235626,0.9356574416160583,gov,True,False
147439,2025-10,gov,0,0.8490501046180725,0.01238514855504036,0.1385648250579834,0.8490501046180725,gov,True,False
148158,2025-10,gov,0,0.7709571123123169,0.04945496842265129,0.17958790063858032,0.7709571123123169,gov,True,False
149597,2025-10,uncertain,2,0.24994519352912903,0.02055695466697216,0.7294978499412537,0.7294978499412537,uncertain,True,False
150307,2025-10,gov,0,0.767266035079956,0.05202626809477806,0.18070772290229797,0.767266035079956,gov,True,False
150317,2025-10,uncertain,2,0.4819018244743347,0.03492865711450577,0.4831694960594177,0.4831694960594177,opo,True,False
151756,2025-10,gov,0,0.637536346912384,0.054389119148254395,0.3080745041370392,0.637536346912384,gov,True,False
151757,2025-10,uncertain,2,0.12215513736009598,0.022209355607628822,0.8556355237960815,0.8556355237960815,uncertain,True,False
152476,2025-10,gov,0,0.8717580437660217,0.04518169164657593,0.08306027203798294,0.8717580437660217,gov,True,False
153190,2025-10,gov,0,0.7755808234214783,0.08071739971637726,0.1437016725540161,0.7755808234214783,gov,True,False
153191,2025-10,gov,0,0.9069079160690308,0.056320834904909134,0.03677116334438324,0.9069079160690308,gov,True,False
153192,2025-10,gov,0,0.8786455988883972,0.02671188674867153,0.0946425125002861,0.8786455988883972,gov,True,False
153193,2025-10,gov,0,0.9371390342712402,0.006531293969601393,0.05632956698536873,0.9371390342712402,gov,True,False
153196,2025-10,gov,0,0.7218542098999023,0.055611055344343185,0.22253480553627014,0.7218542098999023,gov,True,False
153197,2025-10,uncertain,2,0.05901377275586128,0.031244736164808273,0.9097414612770081,0.9097414612770081,uncertain,True,False
153910,2025-10,gov,0,0.6758044958114624,0.1347842812538147,0.18941114842891693,0.6758044958114624,gov,True,False
153911,2025-10,gov,0,0.7316315174102783,0.19296662509441376,0.07540185004472733,0.7316315174102783,gov,True,False
153912,2025-10,gov,0,0.8780203461647034,0.08599724620580673,0.035982415080070496,0.8780203461647034,gov,True,False
153913,2025-10,gov,0,0.9664487838745117,0.0073352232575416565,0.0262160524725914,0.9664487838745117,gov,True,False
153914,2025-10,gov,0,0.9528719186782837,0.013037903234362602,0.034090183675289154,0.9528719186782837,gov,True,False
153915,2025-10,gov,0,0.8067977428436279,0.042214006185531616,0.15098823606967926,0.8067977428436279,gov,True,False
153916,2025-10,gov,0,0.8598465323448181,0.06853923201560974,0.07161424309015274,0.8598465323448181,gov,True,False
153917,2025-10,gov,0,0.5062494277954102,0.0726119801402092,0.42113861441612244,0.5062494277954102,gov,True,False
153918,2025-10,gov,0,0.65505051612854,0.14719480276107788,0.1977546513080597,0.65505051612854,opo,True,False
154630,2025-10,gov,0,0.9417774677276611,0.03503894433379173,0.02318362519145012,0.9417774677276611,gov,True,False
154631,2025-10,gov,0,0.9689447283744812,0.023462936282157898,0.007592322304844856,0.9689447283744812,gov,True,False
154632,2025-10,gov,0,0.995941162109375,0.002271300880238414,0.0017874946352094412,0.995941162109375,gov,True,False
154633,2025-10,gov,0,0.9966778755187988,0.0008204536279663444,0.002501711482182145,0.9966778755187988,gov,True,False
154634,2025-10,gov,0,0.9650744795799255,0.012235897593200207,0.02268960326910019,0.9650744795799255,gov,True,False
154635,2025-10,gov,0,0.9172415733337402,0.03463837876915932,0.04812007397413254,0.9172415733337402,gov,True,False
154636,2025-10,gov,0,0.9032652378082275,0.03381628543138504,0.06291846930980682,0.9032652378082275,gov,True,False
155350,2025-10,opo,1,0.3625980317592621,0.6251465678215027,0.012255356647074223,0.6251465678215027,opo,True,False
155351,2025-10,gov,0,0.9273194670677185,0.05825828015804291,0.014422222040593624,0.9273194670677185,gov,True,False
155352,2025-10,gov,0,0.9934660792350769,0.0030077609699219465,0.003526142332702875,0.9934660792350769,gov,True,False
155354,2025-10,gov,0,0.49327030777931213,0.05829886719584465,0.4484308362007141,0.49327030777931213,gov,True,False
156069,2025-10,gov,0,0.5027665495872498,0.49460071325302124,0.002632769988849759,0.5027665495872498,opo,True,False
156071,2025-10,gov,0,0.9822449684143066,0.012421086430549622,0.005333980545401573,0.9822449684143066,gov,True,False
156072,2025-10,gov,0,0.9752869606018066,0.012950979173183441,0.011761950328946114,0.9752869606018066,gov,True,False
156073,2025-10,gov,0,0.9774592518806458,0.006279803346842527,0.01626095362007618,0.9774592518806458,gov,True,False
156074,2025-10,gov,0,0.7670143842697144,0.02531888149678707,0.20766671001911163,0.7670143842697144,gov,True,False
156075,2025-10,uncertain,2,0.10266105830669403,0.05577043443918228,0.8415685296058655,0.8415685296058655,uncertain,True,False
156788,2025-10,gov,0,0.7375041842460632,0.1732023060321808,0.08929356187582016,0.7375041842460632,gov,True,False
156789,2025-10,opo,1,0.39254531264305115,0.5771273374557495,0.030327357351779938,0.5771273374557495,opo,True,False
156791,2025-10,gov,0,0.9746169447898865,0.01069013774394989,0.014692941680550575,0.9746169447898865,gov,True,False
156792,2025-10,gov,0,0.9613732099533081,0.006837473716586828,0.031789325177669525,0.9613732099533081,gov,True,False
156793,2025-10,gov,0,0.8875391483306885,0.0012538677547127008,0.11120700091123581,0.8875391483306885,gov,True,False
156794,2025-10,gov,0,0.783106803894043,0.15861044824123383,0.058282699435949326,0.783106803894043,gov,True,False
156795,2025-10,opo,1,0.03150385245680809,0.926937460899353,0.04155861958861351,0.926937460899353,opo,True,False
156796,2025-10,opo,1,0.06484325975179672,0.9159178137779236,0.019238928332924843,0.9159178137779236,opo,True,False
157508,2025-10,opo,1,0.16100235283374786,0.6790415644645691,0.15995611250400543,0.6790415644645691,gov,True,False
157509,2025-10,opo,1,0.06782680749893188,0.8781516551971436,0.054021503776311874,0.8781516551971436,opo,True,False
157510,2025-10,gov,0,0.6175853610038757,0.278568297624588,0.10384629666805267,0.6175853610038757,gov,True,False
157511,2025-10,gov,0,0.8620557188987732,0.08335600793361664,0.05458826571702957,0.8620557188987732,gov,True,False
157513,2025-10,uncertain,2,0.1427992880344391,0.0007738314452581108,0.8564267754554749,0.8564267754554749,uncertain,True,False
157514,2025-10,uncertain,2,0.09014569222927094,0.026406625285744667,0.8834477066993713,0.8834477066993713,gov,True,False
157515,2025-10,uncertain,2,0.11927153915166855,0.36733123660087585,0.513397216796875,0.513397216796875,uncertain,True,False
158229,2025-10,opo,1,0.07840058952569962,0.8624632954597473,0.05913606658577919,0.8624632954597473,opo,True,False
158231,2025-10,gov,0,0.9292972087860107,0.0022791994269937277,0.06842353194952011,0.9292972087860107,gov,True,False
158233,2025-10,gov,0,0.9197736382484436,0.007814481854438782,0.07241185754537582,0.9197736382484436,gov,True,False
158235,2025-10,opo,1,0.037556540220975876,0.9527391195297241,0.009704320691525936,0.9527391195297241,opo,True,False
158236,2025-10,opo,1,0.016714097931981087,0.9724500775337219,0.01083588507026434,0.9724500775337219,opo,True,False
158237,2025-10,opo,1,0.03559712693095207,0.9452105760574341,0.019192242994904518,0.9452105760574341,opo,True,False
158238,2025-10,opo,1,0.3657800555229187,0.5363031625747681,0.09791678935289383,0.5363031625747681,gov,True,False
158946,2025-10,opo,1,0.24607376754283905,0.5652204751968384,0.188705712556839,0.5652204751968384,gov,True,False
158947,2025-10,opo,1,0.07057631015777588,0.9019952416419983,0.02742844447493553,0.9019952416419983,opo,True,False
158949,2025-10,gov,0,0.7694545984268188,0.1897878497838974,0.040757518261671066,0.7694545984268188,opo,True,False
158950,2025-10,gov,0,0.9318143129348755,0.002187730511650443,0.06599798798561096,0.9318143129348755,gov,True,False
158951,2025-10,gov,0,0.7228610515594482,0.001259555108845234,0.2758794128894806,0.7228610515594482,gov,True,False
158952,2025-10,gov,0,0.7169227600097656,0.005938982591032982,0.27713820338249207,0.7169227600097656,gov,True,False
158953,2025-10,gov,0,0.9578465223312378,0.007807172369211912,0.03434642031788826,0.9578465223312378,gov,True,False
158954,2025-10,gov,0,0.9719200730323792,0.02393159829080105,0.004148305859416723,0.9719200730323792,gov,True,False
158955,2025-10,gov,0,0.9334871768951416,0.06201757863163948,0.004495303146541119,0.9334871768951416,gov,True,False
158956,2025-10,gov,0,0.9428581595420837,0.05194813758134842,0.005193658173084259,0.9428581595420837,gov,True,False
158957,2025-10,gov,0,0.9435374140739441,0.0398285910487175,0.016634035855531693,0.9435374140739441,gov,True,False
158958,2025-10,gov,0,0.9201843738555908,0.04091145470738411,0.03890412300825119,0.9201843738555908,gov,True,False
158960,2025-10,gov,0,0.8480522632598877,0.035956237465143204,0.11599151045084,0.8480522632598877,gov,True,False
159665,2025-10,opo,1,0.10959251970052719,0.5638156533241272,0.3265917897224426,0.5638156533241272,opo,True,False
159666,2025-10,opo,1,0.0036749234423041344,0.9920561909675598,0.004268888849765062,0.9920561909675598,opo,True,False
159667,2025-10,opo,1,0.004261458292603493,0.9937201738357544,0.002018337370827794,0.9937201738357544,opo,True,False
159668,2025-10,opo,1,0.0918133407831192,0.8881732225418091,0.02001340314745903,0.8881732225418091,opo,True,False
159670,2025-10,gov,0,0.91815584897995,0.0030901175923645496,0.07875411957502365,0.91815584897995,gov,True,False
159671,2025-10,gov,0,0.920939564704895,0.0022068172693252563,0.07685372233390808,0.920939564704895,gov,True,False
159672,2025-10,gov,0,0.9640964269638062,0.0022933981381356716,0.03361019864678383,0.9640964269638062,gov,True,False
159673,2025-10,gov,0,0.9915715456008911,0.0026476136408746243,0.005780848674476147,0.9915715456008911,gov,True,False
159674,2025-10,gov,0,0.9925805330276489,0.0013204136630520225,0.006099076941609383,0.9925805330276489,gov,True,False
159675,2025-10,gov,0,0.9906383752822876,0.0016456970479339361,0.007715834770351648,0.9906383752822876,gov,True,False
159676,2025-10,gov,0,0.9917073845863342,0.00467987684533,0.0036126847844570875,0.9917073845863342,gov,True,False
159679,2025-10,gov,0,0.944820761680603,0.028002049773931503,0.027177192270755768,0.944820761680603,gov,True,False
159680,2025-10,gov,0,0.8562841415405273,0.03198195993900299,0.11173390597105026,0.8562841415405273,gov,True,False
160386,2025-10,opo,1,0.011616413481533527,0.9769290089607239,0.01145453006029129,0.9769290089607239,opo,True,False
160388,2025-10,opo,1,0.09080412238836288,0.5797285437583923,0.3294673264026642,0.5797285437583923,opo,True,False
160389,2025-10,uncertain,2,0.021991536021232605,0.04708481580018997,0.9309236407279968,0.9309236407279968,uncertain,True,False
160390,2025-10,uncertain,2,0.04297894984483719,0.01768428087234497,0.9393367767333984,0.9393367767333984,uncertain,True,False
160391,2025-10,uncertain,2,0.12118764966726303,0.020867101848125458,0.8579452633857727,0.8579452633857727,gov,True,False
160392,2025-10,gov,0,0.9593697190284729,0.0027580878231674433,0.03787219896912575,0.9593697190284729,gov,True,False
160393,2025-10,gov,0,0.8629191517829895,0.007112724706530571,0.12996819615364075,0.8629191517829895,gov,True,False
160394,2025-10,gov,0,0.9615964889526367,0.0005758469342254102,0.037827737629413605,0.9615964889526367,gov,True,False
160396,2025-10,gov,0,0.9509994983673096,0.02441028691828251,0.024590186774730682,0.9509994983673096,gov,True,False
160397,2025-10,gov,0,0.8731563687324524,0.10504179447889328,0.021801799535751343,0.8731563687324524,gov,True,False
160399,2025-10,gov,0,0.9608206748962402,0.024617165327072144,0.014562268741428852,0.9608206748962402,gov,True,False
160400,2025-10,gov,0,0.9291712045669556,0.024801775813102722,0.04602699354290962,0.9291712045669556,gov,True,False
161107,2025-10,opo,1,0.007286054082214832,0.985650360584259,0.00706359650939703,0.985650360584259,opo,True,False
161109,2025-10,uncertain,2,0.0030046014580875635,0.0011522334534674883,0.9958431124687195,0.9958431124687195,uncertain,True,False
161110,2025-10,uncertain,2,0.25709012150764465,0.019886089488863945,0.7230237722396851,0.7230237722396851,gov,True,False
161111,2025-10,gov,0,0.8350252509117126,0.0297191571444273,0.1352555751800537,0.8350252509117126,gov,True,False
161112,2025-10,gov,0,0.9924837946891785,0.0015259167412295938,0.005990313831716776,0.9924837946891785,gov,True,False
161113,2025-10,gov,0,0.9765059351921082,0.007221222389489412,0.016272880136966705,0.9765059351921082,gov,True,False
161116,2025-10,gov,0,0.8556339740753174,0.03416328504681587,0.11020267754793167,0.8556339740753174,gov,True,False
161117,2025-10,gov,0,0.6992169618606567,0.22859320044517517,0.0721898004412651,0.6992169618606567,gov,True,False
161118,2025-10,opo,1,0.4870235323905945,0.49121153354644775,0.021764861419796944,0.49121153354644775,gov,True,False
161119,2025-10,gov,0,0.7691487073898315,0.2056698054075241,0.025181490927934647,0.7691487073898315,gov,True,False
161120,2025-10,gov,0,0.9279808402061462,0.026829209178686142,0.045189958065748215,0.9279808402061462,gov,True,False
161827,2025-10,opo,1,0.007412467617541552,0.9902036190032959,0.002383942948654294,0.9902036190032959,opo,True,False
161829,2025-10,uncertain,2,0.05492309480905533,0.017177695408463478,0.9278992414474487,0.9278992414474487,uncertain,True,False
161830,2025-10,uncertain,2,0.1984596848487854,0.03433320298790932,0.7672070860862732,0.7672070860862732,uncertain,True,False
161831,2025-10,gov,0,0.7632403373718262,0.008144696243107319,0.2286149263381958,0.7632403373718262,gov,True,False
161832,2025-10,gov,0,0.8875616788864136,0.026438597589731216,0.0859997570514679,0.8875616788864136,gov,True,False
161833,2025-10,opo,1,0.34115147590637207,0.5350517630577087,0.12379679828882217,0.5350517630577087,gov,True,False
161834,2025-10,uncertain,2,0.011985136196017265,0.42362967133522034,0.5643852353096008,0.5643852353096008,gov,True,False
161837,2025-10,opo,1,0.05818641558289528,0.9356895089149475,0.006124112289398909,0.9356895089149475,opo,True,False
161839,2025-10,opo,1,0.10579202324151993,0.8893088102340698,0.004899166990071535,0.8893088102340698,opo,True,False
162547,2025-10,opo,1,0.04233134165406227,0.9531750679016113,0.004493617918342352,0.9531750679016113,opo,True,False
162548,2025-10,uncertain,2,0.0863407552242279,0.0955410972237587,0.8181182146072388,0.8181182146072388,opo,True,False
162549,2025-10,uncertain,2,0.06134429946541786,0.007533577270805836,0.9311221837997437,0.9311221837997437,uncertain,True,False
162550,2025-10,opo,1,0.11649972200393677,0.6706080436706543,0.21289224922657013,0.6706080436706543,opo,True,False
162551,2025-10,gov,0,0.6661633253097534,0.04496233910322189,0.2888742983341217,0.6661633253097534,gov,True,False
162552,2025-10,gov,0,0.6799179911613464,0.20137310028076172,0.11870894581079483,0.6799179911613464,gov,True,False
162553,2025-10,opo,1,0.08764390647411346,0.9061529636383057,0.00620305584743619,0.9061529636383057,gov,True,False
162554,2025-10,uncertain,2,0.007981478236615658,0.3758755028247833,0.616142988204956,0.616142988204956,uncertain,True,False
162555,2025-10,uncertain,2,0.006838993635028601,0.11459999531507492,0.8785609602928162,0.8785609602928162,gov,True,False
162556,2025-10,opo,1,0.13419079780578613,0.7995481491088867,0.06626104563474655,0.7995481491088867,gov,True,False
162558,2025-10,opo,1,0.004453437868505716,0.9943661689758301,0.0011803751112893224,0.9943661689758301,opo,True,False
162559,2025-10,opo,1,0.04923634231090546,0.9422022104263306,0.008561496622860432,0.9422022104263306,opo,True,False
163267,2025-10,opo,1,0.09284865856170654,0.8620521426200867,0.04509915038943291,0.8620521426200867,opo,True,False
163268,2025-10,uncertain,2,0.02744625136256218,0.04771881923079491,0.9248349070549011,0.9248349070549011,uncertain,True,False
163269,2025-10,uncertain,2,0.18073488771915436,0.023927554488182068,0.7953376173973083,0.7953376173973083,gov,True,False
163271,2025-10,gov,0,0.7780501246452332,0.0010010497644543648,0.22094880044460297,0.7780501246452332,gov,True,False
163272,2025-10,uncertain,2,0.01892368495464325,0.0014010779559612274,0.9796751737594604,0.9796751737594604,uncertain,True,False
163274,2025-10,uncertain,2,0.013938223011791706,0.022102292627096176,0.9639595150947571,0.9639595150947571,uncertain,True,False
163275,2025-10,uncertain,2,0.008627079427242279,0.0011492432095110416,0.9902235865592957,0.9902235865592957,uncertain,True,False
163276,2025-10,uncertain,2,0.03061017021536827,0.004495427943766117,0.9648944735527039,0.9648944735527039,uncertain,True,False
163278,2025-10,opo,1,0.02494150958955288,0.9667014479637146,0.008357076905667782,0.9667014479637146,opo,True,False
163988,2025-10,opo,1,0.19933556020259857,0.7847967743873596,0.01586771197617054,0.7847967743873596,opo,True,False
163989,2025-10,gov,0,0.9793075919151306,0.007252587005496025,0.013439744710922241,0.9793075919151306,gov,True,False
163992,2025-10,gov,0,0.7184123396873474,0.012105786241590977,0.269481897354126,0.7184123396873474,gov,True,False
163993,2025-10,uncertain,2,0.3058634102344513,0.09178180247545242,0.6023548245429993,0.6023548245429993,opo,True,False
163996,2025-10,gov,0,0.8723514080047607,0.005912447348237038,0.12173612415790558,0.8723514080047607,gov,True,False
163998,2025-10,gov,0,0.8709613680839539,0.09432177990674973,0.03471685200929642,0.8709613680839539,gov,True,False
164709,2025-10,gov,0,0.9205019474029541,0.004195847548544407,0.07530217617750168,0.9205019474029541,gov,True,False
164710,2025-10,gov,0,0.9884617328643799,0.008744933642446995,0.002793313702568412,0.9884617328643799,gov,True,False
164711,2025-10,gov,0,0.7990137338638306,0.1966145932674408,0.0043717254884541035,0.7990137338638306,opo,True,False
164712,2025-10,gov,0,0.9343293309211731,0.06412088125944138,0.0015497916610911489,0.9343293309211731,opo,True,False
164713,2025-10,gov,0,0.8431248068809509,0.10500551015138626,0.05186958238482475,0.8431248068809509,opo,True,False
164714,2025-10,gov,0,0.723586916923523,0.12777332961559296,0.1486397534608841,0.723586916923523,gov,True,False
164715,2025-10,opo,1,0.1859275996685028,0.7233154773712158,0.09075692296028137,0.7233154773712158,opo,True,False
164716,2025-10,opo,1,0.02538224309682846,0.9676057696342468,0.007011920213699341,0.9676057696342468,opo,True,False
165430,2025-10,gov,0,0.8876063823699951,0.09563097357749939,0.016762690618634224,0.8876063823699951,gov,True,False
165433,2025-10,gov,0,0.5659865140914917,0.4189613461494446,0.015052235685288906,0.5659865140914917,gov,True,False
165435,2025-10,opo,1,0.007809354458004236,0.9885104894638062,0.0036801090463995934,0.9885104894638062,opo,True,False
165436,2025-10,opo,1,0.005920190829783678,0.9936816692352295,0.0003981342597398907,0.9936816692352295,opo,True,False
166150,2025-10,gov,0,0.9185556769371033,0.06085912138223648,0.020585156977176666,0.9185556769371033,gov,True,False
166152,2025-10,opo,1,0.1140190064907074,0.8709798455238342,0.015001135878264904,0.8709798455238342,opo,True,False
166154,2025-10,gov,0,0.7028834819793701,0.2936022877693176,0.0035142716951668262,0.7028834819793701,gov,True,False
166155,2025-10,gov,0,0.6436867117881775,0.3479596972465515,0.008353512734174728,0.6436867117881775,gov,True,False
166156,2025-10,opo,1,0.09084427356719971,0.907906174659729,0.0012495488626882434,0.907906174659729,opo,True,False
166157,2025-10,opo,1,0.09120367467403412,0.8998700976371765,0.008926210924983025,0.8998700976371765,opo,True,False
166873,2025-10,gov,0,0.8534348011016846,0.08084690570831299,0.06571826338768005,0.8534348011016846,gov,True,False
166876,2025-10,opo,1,0.06720290333032608,0.9313610792160034,0.0014360531931743026,0.9313610792160034,opo,True,False
166877,2025-10,opo,1,0.27382129430770874,0.7078816890716553,0.01829708181321621,0.7078816890716553,opo,True,False
167591,2025-10,gov,0,0.7750158905982971,0.12744194269180298,0.09754206240177155,0.7750158905982971,gov,True,False
167592,2025-10,gov,0,0.8361029028892517,0.08519596606492996,0.07870113849639893,0.8361029028892517,gov,True,False
167594,2025-10,gov,0,0.9475388526916504,0.019133472815155983,0.03332759812474251,0.9475388526916504,gov,True,False
167597,2025-10,opo,1,0.4045512080192566,0.5831812620162964,0.01226753368973732,0.5831812620162964,opo,True,False
168313,2025-10,gov,0,0.9081575870513916,0.007540492340922356,0.08430192619562149,0.9081575870513916,gov,True,False
168316,2025-10,opo,1,0.11278202384710312,0.8733989000320435,0.013819032348692417,0.8733989000320435,opo,True,False
168318,2025-10,gov,0,0.4469186067581177,0.25611868500709534,0.2969626784324646,0.4469186067581177,opo,True,False
169035,2025-10,gov,0,0.9171186089515686,0.02292151004076004,0.05995988845825195,0.9171186089515686,gov,True,False
169036,2025-10,gov,0,0.9773520827293396,0.013406014069914818,0.009241843596100807,0.9773520827293396,gov,True,False
169037,2025-10,gov,0,0.9920267462730408,0.002901303581893444,0.005071864929050207,0.9920267462730408,gov,True,False
169756,2025-10,gov,0,0.9907230734825134,0.0037346857134252787,0.00554220424965024,0.9907230734825134,gov,True,False
143838,2025-11,gov,0,0.8927000761032104,0.05050218105316162,0.05679767578840256,0.8927000761032104,gov,True,False
145998,2025-11,gov,0,0.9432665109634399,0.012110794894397259,0.044622719287872314,0.9432665109634399,gov,True,False
147437,2025-11,gov,0,0.9260866641998291,0.0038881851360201836,0.07002504169940948,0.9260866641998291,gov,True,False
147438,2025-11,gov,0,0.9405326843261719,0.008728270418941975,0.05073908343911171,0.9405326843261719,gov,True,False
147439,2025-11,gov,0,0.6566260457038879,0.01559207122772932,0.3277818560600281,0.6566260457038879,gov,True,False
148158,2025-11,gov,0,0.6568105816841125,0.027515646070241928,0.3156737983226776,0.6568105816841125,gov,True,False
149597,2025-11,uncertain,2,0.16215187311172485,0.0354989729821682,0.8023490905761719,0.8023490905761719,uncertain,True,False
150307,2025-11,gov,0,0.820329487323761,0.031239166855812073,0.14843131601810455,0.820329487323761,gov,True,False
150317,2025-11,uncertain,2,0.35941973328590393,0.13413040339946747,0.5064498782157898,0.5064498782157898,gov,True,False
151756,2025-11,gov,0,0.6152716875076294,0.12863865494728088,0.25608962774276733,0.6152716875076294,gov,True,False
151757,2025-11,uncertain,2,0.09386730939149857,0.035834670066833496,0.8702980279922485,0.8702980279922485,uncertain,True,False
152476,2025-11,gov,0,0.9564200043678284,0.025437403470277786,0.018142592161893845,0.9564200043678284,gov,True,False
153190,2025-11,gov,0,0.71378493309021,0.04910966381430626,0.23710542917251587,0.71378493309021,gov,True,False
153191,2025-11,gov,0,0.8443806171417236,0.07752982527017593,0.07808960974216461,0.8443806171417236,gov,True,False
153192,2025-11,gov,0,0.6846358180046082,0.018383843824267387,0.2969802916049957,0.6846358180046082,gov,True,False
153193,2025-11,gov,0,0.7680566310882568,0.0069627100601792336,0.22498060762882233,0.7680566310882568,gov,True,False
153196,2025-11,gov,0,0.7557681798934937,0.10707052052021027,0.1371612399816513,0.7557681798934937,gov,True,False
153197,2025-11,uncertain,2,0.08463064581155777,0.0944734513759613,0.8208958506584167,0.8208958506584167,uncertain,True,False
153910,2025-11,gov,0,0.8819711804389954,0.03338786959648132,0.08464093506336212,0.8819711804389954,gov,True,False
153911,2025-11,gov,0,0.8278570175170898,0.08007284998893738,0.092070072889328,0.8278570175170898,gov,True,False
153912,2025-11,gov,0,0.6854185461997986,0.06750354170799255,0.24707797169685364,0.6854185461997986,gov,True,False
153913,2025-11,gov,0,0.9092504978179932,0.019405633211135864,0.07134385406970978,0.9092504978179932,gov,True,False
153914,2025-11,gov,0,0.9001099467277527,0.05281561613082886,0.04707444831728935,0.9001099467277527,gov,True,False
153915,2025-11,gov,0,0.576068639755249,0.03083467110991478,0.3930967450141907,0.576068639755249,gov,True,False
153916,2025-11,gov,0,0.6491129994392395,0.2525368630886078,0.09835010766983032,0.6491129994392395,gov,True,False
153917,2025-11,gov,0,0.6475702524185181,0.1680755913257599,0.18435415625572205,0.6475702524185181,gov,True,False
153918,2025-11,gov,0,0.576565146446228,0.16293878853321075,0.2604961097240448,0.576565146446228,opo,True,False
154630,2025-11,gov,0,0.9910070300102234,0.004780009854584932,0.0042129806242883205,0.9910070300102234,gov,True,False
154631,2025-11,gov,0,0.9924760460853577,0.004619652405381203,0.0029043275862932205,0.9924760460853577,gov,True,False
154632,2025-11,gov,0,0.9948796033859253,0.002663971157744527,0.002456382615491748,0.9948796033859253,gov,True,False
154633,2025-11,gov,0,0.9965257048606873,0.0015126848593354225,0.0019615194760262966,0.9965257048606873,gov,True,False
154634,2025-11,gov,0,0.9864352345466614,0.0025541142094880342,0.011010573245584965,0.9864352345466614,gov,True,False
154635,2025-11,gov,0,0.7560985088348389,0.008808172307908535,0.2350933998823166,0.7560985088348389,gov,True,False
154636,2025-11,gov,0,0.7262697815895081,0.11474844068288803,0.15898174047470093,0.7262697815895081,gov,True,False
155350,2025-11,gov,0,0.6322139501571655,0.36252906918525696,0.00525698671117425,0.6322139501571655,opo,True,False
155351,2025-11,gov,0,0.9579787254333496,0.03942627087235451,0.0025949417613446712,0.9579787254333496,gov,True,False
155352,2025-11,gov,0,0.9952455163002014,0.0033552476670593023,0.0013992830645292997,0.9952455163002014,gov,True,False
155354,2025-11,uncertain,2,0.3231159746646881,0.021370332688093185,0.6555137634277344,0.6555137634277344,gov,True,False
156069,2025-11,gov,0,0.6734046936035156,0.32502663135528564,0.001568684820085764,0.6734046936035156,opo,True,False
156071,2025-11,gov,0,0.9887503981590271,0.008682125248014927,0.00256736041046679,0.9887503981590271,gov,True,False
156072,2025-11,gov,0,0.9701705574989319,0.023256724700331688,0.006572752259671688,0.9701705574989319,gov,True,False
156073,2025-11,gov,0,0.9790775179862976,0.007780709769576788,0.013141748495399952,0.9790775179862976,gov,True,False
156074,2025-11,gov,0,0.6560567617416382,0.05812576040625572,0.2858174443244934,0.6560567617416382,gov,True,False
156075,2025-11,uncertain,2,0.08808249235153198,0.24665288627147675,0.6652646660804749,0.6652646660804749,uncertain,True,False
156788,2025-11,gov,0,0.9524252414703369,0.032153766602277756,0.015421013347804546,0.9524252414703369,gov,True,False
156789,2025-11,gov,0,0.7376484870910645,0.24823534488677979,0.01411609910428524,0.7376484870910645,opo,True,False
156791,2025-11,gov,0,0.9736565351486206,0.00587661424651742,0.020466916263103485,0.9736565351486206,gov,True,False
156792,2025-11,gov,0,0.9515172243118286,0.0045694452710449696,0.043913450092077255,0.9515172243118286,gov,True,False
156793,2025-11,gov,0,0.7646669745445251,0.0019178412621840835,0.23341520130634308,0.7646669745445251,gov,True,False
156794,2025-11,gov,0,0.47973647713661194,0.444449245929718,0.07581427693367004,0.47973647713661194,gov,True,False
156795,2025-11,opo,1,0.009148946031928062,0.9553028345108032,0.03554825112223625,0.9553028345108032,opo,True,False
156796,2025-11,opo,1,0.039559390395879745,0.955595076084137,0.004845514893531799,0.955595076084137,opo,True,False
157508,2025-11,opo,1,0.4134286344051361,0.5127021074295044,0.0738692432641983,0.5127021074295044,gov,True,False
157509,2025-11,opo,1,0.18979044258594513,0.7954990863800049,0.014710517600178719,0.7954990863800049,opo,True,False
157510,2025-11,gov,0,0.794313907623291,0.07467799633741379,0.131008118391037,0.794313907623291,gov,True,False
157511,2025-11,gov,0,0.893908679485321,0.022247422486543655,0.0838439092040062,0.893908679485321,gov,True,False
157513,2025-11,uncertain,2,0.12806807458400726,0.0007102926028892398,0.8712216019630432,0.8712216019630432,uncertain,True,False
157514,2025-11,uncertain,2,0.06036204472184181,0.030551627278327942,0.909086287021637,0.909086287021637,gov,True,False
157515,2025-11,uncertain,2,0.045079439878463745,0.07222066074609756,0.8826999068260193,0.8826999068260193,gov,True,False
158229,2025-11,opo,1,0.1680757850408554,0.6433293223381042,0.18859492242336273,0.6433293223381042,opo,True,False
158231,2025-11,gov,0,0.9575724005699158,0.0018509892979636788,0.04057660698890686,0.9575724005699158,gov,True,False
158233,2025-11,gov,0,0.694563627243042,0.031645406037569046,0.27379098534584045,0.694563627243042,gov,True,False
158235,2025-11,opo,1,0.062238965183496475,0.9195182919502258,0.018242742866277695,0.9195182919502258,opo,True,False
158236,2025-11,opo,1,0.05960814654827118,0.9322617650032043,0.008130067959427834,0.9322617650032043,opo,True,False
158237,2025-11,opo,1,0.22005419433116913,0.7660061717033386,0.013939602300524712,0.7660061717033386,opo,True,False
158238,2025-11,gov,0,0.8216248154640198,0.15443892776966095,0.023936312645673752,0.8216248154640198,gov,True,False
158946,2025-11,gov,0,0.5066332221031189,0.22099007666110992,0.27237674593925476,0.5066332221031189,gov,True,False
158947,2025-11,opo,1,0.1658264547586441,0.7716593146324158,0.06251423805952072,0.7716593146324158,opo,True,False
158949,2025-11,gov,0,0.7746850848197937,0.1759665161371231,0.0493483692407608,0.7746850848197937,gov,True,False
158950,2025-11,gov,0,0.9237985610961914,0.004013806115835905,0.07218756526708603,0.9237985610961914,gov,True,False
158951,2025-11,gov,0,0.8085144758224487,0.0030244525987654924,0.18846097588539124,0.8085144758224487,gov,True,False
158952,2025-11,gov,0,0.8855293393135071,0.014324433170258999,0.10014627873897552,0.8855293393135071,gov,True,False
158953,2025-11,gov,0,0.9224550724029541,0.01345211360603571,0.06409276276826859,0.9224550724029541,gov,True,False
158954,2025-11,gov,0,0.9217441082000732,0.03618483617901802,0.04207102954387665,0.9217441082000732,gov,True,False
158955,2025-11,gov,0,0.8265823125839233,0.1571415215730667,0.01627609133720398,0.8265823125839233,gov,True,False
158956,2025-11,gov,0,0.9442251920700073,0.051944274455308914,0.003830578178167343,0.9442251920700073,gov,True,False
158957,2025-11,gov,0,0.9741548299789429,0.02002374641597271,0.005821422208100557,0.9741548299789429,gov,True,False
158958,2025-11,gov,0,0.9804857969284058,0.011572618037462234,0.007941631600260735,0.9804857969284058,gov,True,False
158960,2025-11,gov,0,0.8861587047576904,0.01938590034842491,0.09445539861917496,0.8861587047576904,gov,True,False
159665,2025-11,opo,1,0.0628184825181961,0.7710877656936646,0.16609373688697815,0.7710877656936646,opo,True,False
159666,2025-11,opo,1,0.003723578294739127,0.9929793477058411,0.0032970879692584276,0.9929793477058411,opo,True,False
159667,2025-11,opo,1,0.007342813070863485,0.9908512234687805,0.001805991749279201,0.9908512234687805,opo,True,False
159668,2025-11,opo,1,0.14502272009849548,0.7636225819587708,0.09135466068983078,0.7636225819587708,opo,True,False
159670,2025-11,gov,0,0.7684484720230103,0.0058777472004294395,0.22567376494407654,0.7684484720230103,gov,True,False
159671,2025-11,gov,0,0.9701167345046997,0.0012837962713092566,0.028599528595805168,0.9701167345046997,gov,True,False
159672,2025-11,gov,0,0.9945043921470642,0.0005485618603415787,0.004947034642100334,0.9945043921470642,gov,True,False
159673,2025-11,gov,0,0.9975236058235168,0.0008146718610078096,0.001661761780269444,0.9975236058235168,gov,True,False
159674,2025-11,gov,0,0.9670015573501587,0.0014082641573622823,0.031590163707733154,0.9670015573501587,gov,True,False
159675,2025-11,gov,0,0.8958972096443176,0.007251378148794174,0.09685147553682327,0.8958972096443176,gov,True,False
159676,2025-11,gov,0,0.9942810535430908,0.002866406226530671,0.0028526592068374157,0.9942810535430908,gov,True,False
159679,2025-11,gov,0,0.9709029197692871,0.01518187765032053,0.01391515601426363,0.9709029197692871,gov,True,False
159680,2025-11,gov,0,0.9234243035316467,0.015073963440954685,0.06150165572762489,0.9234243035316467,gov,True,False
160386,2025-11,opo,1,0.009618258103728294,0.9877290725708008,0.0026527042500674725,0.9877290725708008,opo,True,False
160388,2025-11,uncertain,2,0.14021557569503784,0.16543689370155334,0.6943475008010864,0.6943475008010864,opo,True,False
160389,2025-11,uncertain,2,0.007523039355874062,0.002017701044678688,0.9904592037200928,0.9904592037200928,uncertain,True,False
160390,2025-11,uncertain,2,0.015255209058523178,0.0017921701073646545,0.9829525947570801,0.9829525947570801,uncertain,True,False
160391,2025-11,uncertain,2,0.445576936006546,0.024080896750092506,0.530342161655426,0.530342161655426,gov,True,False
160392,2025-11,gov,0,0.9655777215957642,0.0016554729081690311,0.03276680037379265,0.9655777215957642,gov,True,False
160393,2025-11,gov,0,0.9451294541358948,0.00497770681977272,0.049892816692590714,0.9451294541358948,gov,True,False
160394,2025-11,gov,0,0.9737645983695984,0.000657992553897202,0.02557750791311264,0.9737645983695984,gov,True,False
160396,2025-11,gov,0,0.9453305602073669,0.008811096660792828,0.04585842415690422,0.9453305602073669,gov,True,False
160397,2025-11,gov,0,0.9706931710243225,0.021926987916231155,0.007379874121397734,0.9706931710243225,gov,True,False
160399,2025-11,gov,0,0.9808839559555054,0.009708325378596783,0.009407787583768368,0.9808839559555054,gov,True,False
160400,2025-11,gov,0,0.9490440487861633,0.017195837572216988,0.03376013785600662,0.9490440487861633,gov,True,False
161107,2025-11,opo,1,0.029210232198238373,0.9599457383155823,0.010843973606824875,0.9599457383155823,opo,True,False
161109,2025-11,uncertain,2,0.001749582588672638,8.436945063294843e-05,0.998166024684906,0.998166024684906,uncertain,True,False
161110,2025-11,uncertain,2,0.17055001854896545,0.0026765421498566866,0.826773464679718,0.826773464679718,gov,True,False
161111,2025-11,gov,0,0.9823548197746277,0.007561977487057447,0.010083170607686043,0.9823548197746277,gov,True,False
161112,2025-11,gov,0,0.9964072108268738,0.00014740246115252376,0.0034453733824193478,0.9964072108268738,gov,True,False
161113,2025-11,gov,0,0.9893440008163452,0.005211363546550274,0.005444683134555817,0.9893440008163452,gov,True,False
161116,2025-11,gov,0,0.7478861808776855,0.021483760327100754,0.23062998056411743,0.7478861808776855,gov,True,False
161117,2025-11,gov,0,0.5300643444061279,0.3133135139942169,0.15662214159965515,0.5300643444061279,gov,True,False
161118,2025-11,opo,1,0.4598941206932068,0.5301750898361206,0.009930809959769249,0.5301750898361206,gov,True,False
161119,2025-11,gov,0,0.7196230292320251,0.2525472939014435,0.027829712256789207,0.7196230292320251,gov,True,False
161120,2025-11,gov,0,0.9160330295562744,0.03803989291191101,0.04592710733413696,0.9160330295562744,gov,True,False
161827,2025-11,opo,1,0.016291949898004532,0.9756231904029846,0.008084922097623348,0.9756231904029846,opo,True,False
161829,2025-11,uncertain,2,0.009591862559318542,0.0011175615945830941,0.9892906546592712,0.9892906546592712,uncertain,True,False
161830,2025-11,uncertain,2,0.03360120579600334,0.0020403480157256126,0.9643584489822388,0.9643584489822388,uncertain,True,False
161831,2025-11,gov,0,0.9249892234802246,0.003019168972969055,0.07199161499738693,0.9249892234802246,gov,True,False
161832,2025-11,gov,0,0.9308820366859436,0.004045150242745876,0.06507277488708496,0.9308820366859436,gov,True,False
161833,2025-11,gov,0,0.5304259061813354,0.42011338472366333,0.04946073517203331,0.5304259061813354,gov,True,False
161834,2025-11,opo,1,0.0314774326980114,0.5586562752723694,0.4098663330078125,0.5586562752723694,gov,True,False
161837,2025-11,opo,1,0.0928475558757782,0.8736972808837891,0.033455170691013336,0.8736972808837891,opo,True,False
161839,2025-11,opo,1,0.03975870832800865,0.9569424390792847,0.0032988355960696936,0.9569424390792847,opo,True,False
162547,2025-11,opo,1,0.04140998050570488,0.9529841542243958,0.005605810787528753,0.9529841542243958,opo,True,False
162548,2025-11,uncertain,2,0.08345867693424225,0.04566151648759842,0.8708798289299011,0.8708798289299011,opo,True,False
162549,2025-11,uncertain,2,0.02470731921494007,0.0007968411664478481,0.9744958877563477,0.9744958877563477,uncertain,True,False
162550,2025-11,uncertain,2,0.23519383370876312,0.3056906759738922,0.45911550521850586,0.45911550521850586,opo,True,False
162551,2025-11,gov,0,0.7913676500320435,0.027592845261096954,0.18103951215744019,0.7913676500320435,gov,True,False
162552,2025-11,gov,0,0.8412245512008667,0.06471991539001465,0.09405553340911865,0.8412245512008667,gov,True,False
162553,2025-11,opo,1,0.08896099776029587,0.9099107980728149,0.0011281976476311684,0.9099107980728149,opo,True,False
162554,2025-11,uncertain,2,0.057268720120191574,0.4192073941230774,0.5235239267349243,0.5235239267349243,uncertain,True,False
162555,2025-11,uncertain,2,0.013955558650195599,0.03787754103541374,0.9481669068336487,0.9481669068336487,gov,True,False
162556,2025-11,gov,0,0.34300583600997925,0.33694639801979065,0.3200477957725525,0.34300583600997925,gov,True,False
162558,2025-11,opo,1,0.0023695705458521843,0.9963362216949463,0.001294205547310412,0.9963362216949463,opo,True,False
162559,2025-11,opo,1,0.029348822310566902,0.9587156772613525,0.011935443617403507,0.9587156772613525,opo,True,False
163267,2025-11,opo,1,0.11237571388483047,0.8258636593818665,0.06176058202981949,0.8258636593818665,opo,True,False
163268,2025-11,uncertain,2,0.0683874562382698,0.0623587928712368,0.8692537546157837,0.8692537546157837,uncertain,True,False
163269,2025-11,uncertain,2,0.35851818323135376,0.01006381493061781,0.631417989730835,0.631417989730835,uncertain,True,False
163271,2025-11,gov,0,0.916475236415863,0.00038223774754442275,0.08314244449138641,0.916475236415863,gov,True,False
163272,2025-11,uncertain,2,0.09245782345533371,0.0022529808338731527,0.9052891135215759,0.9052891135215759,uncertain,True,False
163274,2025-11,uncertain,2,0.030468149110674858,0.05977882072329521,0.9097530245780945,0.9097530245780945,uncertain,True,False
163275,2025-11,uncertain,2,0.012797814793884754,0.000850641808938235,0.9863516092300415,0.9863516092300415,uncertain,True,False
163276,2025-11,uncertain,2,0.052830763161182404,0.0038718772120773792,0.9432973861694336,0.9432973861694336,uncertain,True,False
163278,2025-11,opo,1,0.03387470170855522,0.9601603746414185,0.005964970216155052,0.9601603746414185,opo,True,False
163988,2025-11,opo,1,0.21201078593730927,0.7773282527923584,0.010660910047590733,0.7773282527923584,opo,True,False
163989,2025-11,gov,0,0.9456531405448914,0.031579721719026566,0.022767169401049614,0.9456531405448914,gov,True,False
163992,2025-11,gov,0,0.8832361698150635,0.03594212979078293,0.08082172274589539,0.8832361698150635,gov,True,False
163993,2025-11,uncertain,2,0.32739412784576416,0.17715297639369965,0.495452880859375,0.495452880859375,opo,True,False
163996,2025-11,gov,0,0.875106930732727,0.016534823924303055,0.1083582267165184,0.875106930732727,gov,True,False
163998,2025-11,gov,0,0.943806529045105,0.041122037917375565,0.015071453526616096,0.943806529045105,gov,True,False
164709,2025-11,gov,0,0.8003408908843994,0.013998851180076599,0.18566030263900757,0.8003408908843994,gov,True,False
164710,2025-11,gov,0,0.9708343744277954,0.011945726349949837,0.01721993274986744,0.9708343744277954,gov,True,False
164711,2025-11,gov,0,0.925225019454956,0.0646590068936348,0.01011596154421568,0.925225019454956,opo,True,False
164712,2025-11,gov,0,0.9671424627304077,0.02979249879717827,0.0030650116968899965,0.9671424627304077,opo,True,False
164713,2025-11,gov,0,0.6846151947975159,0.03987863287329674,0.2755061388015747,0.6846151947975159,opo,True,False
164714,2025-11,uncertain,2,0.3521312475204468,0.1720718890428543,0.47579681873321533,0.47579681873321533,gov,True,False
164715,2025-11,opo,1,0.05412749946117401,0.912287712097168,0.033584725111722946,0.912287712097168,opo,True,False
164716,2025-11,opo,1,0.03139624744653702,0.9398244619369507,0.028779326006770134,0.9398244619369507,opo,True,False
165430,2025-11,gov,0,0.8331550359725952,0.071232870221138,0.09561210125684738,0.8331550359725952,gov,True,False
165433,2025-11,gov,0,0.7379665970802307,0.0827542394399643,0.179279163479805,0.7379665970802307,gov,True,False
165435,2025-11,opo,1,0.01557278260588646,0.9317570924758911,0.05267009884119034,0.9317570924758911,opo,True,False
165436,2025-11,opo,1,0.024380404502153397,0.9669946432113647,0.008624973706901073,0.9669946432113647,opo,True,False
166150,2025-11,gov,0,0.8471043109893799,0.07265954464673996,0.08023611456155777,0.8471043109893799,gov,True,False
166152,2025-11,opo,1,0.27005890011787415,0.6983873844146729,0.03155369684100151,0.6983873844146729,opo,True,False
166154,2025-11,gov,0,0.8468434810638428,0.12289230525493622,0.030264150351285934,0.8468434810638428,gov,True,False
166155,2025-11,opo,1,0.27675628662109375,0.4548267424106598,0.26841703057289124,0.4548267424106598,gov,True,False
166156,2025-11,opo,1,0.0656479224562645,0.91707843542099,0.017273636534810066,0.91707843542099,opo,True,False
166157,2025-11,opo,1,0.1078253760933876,0.8544412851333618,0.03773332014679909,0.8544412851333618,opo,True,False
166873,2025-11,gov,0,0.6620961427688599,0.07227586954832077,0.2656279504299164,0.6620961427688599,gov,True,False
166876,2025-11,opo,1,0.03025287203490734,0.9584773182868958,0.011269845068454742,0.9584773182868958,opo,True,False
166877,2025-11,opo,1,0.2043178230524063,0.7569903135299683,0.03869190439581871,0.7569903135299683,opo,True,False
167591,2025-11,gov,0,0.8237139582633972,0.08613630384206772,0.09014978259801865,0.8237139582633972,gov,True,False
167592,2025-11,gov,0,0.930459201335907,0.03991144523024559,0.029629308730363846,0.930459201335907,gov,True,False
167594,2025-11,gov,0,0.847515881061554,0.057627201080322266,0.09485691040754318,0.847515881061554,gov,True,False
167597,2025-11,opo,1,0.1191127821803093,0.8704932928085327,0.010393966920673847,0.8704932928085327,opo,True,False
168313,2025-11,gov,0,0.9351057410240173,0.012791603803634644,0.0521027110517025,0.9351057410240173,gov,True,False
168316,2025-11,opo,1,0.03688037395477295,0.95151686668396,0.011602752842009068,0.95151686668396,opo,True,False
168318,2025-11,opo,1,0.3205359876155853,0.40984803438186646,0.2696159780025482,0.40984803438186646,opo,True,False
169035,2025-11,gov,0,0.9038156867027283,0.01834004372358322,0.07784423232078552,0.9038156867027283,gov,True,False
169036,2025-11,gov,0,0.9577111005783081,0.027856938540935516,0.014431949704885483,0.9577111005783081,gov,True,False
169037,2025-11,gov,0,0.9593513011932373,0.017682088539004326,0.022966556251049042,0.9593513011932373,gov,True,False
169756,2025-11,gov,0,0.9859206080436707,0.007824468426406384,0.006254914682358503,0.9859206080436707,gov,True,False
143838,2025-12,gov,0,0.9135478138923645,0.027931030839681625,0.05852114036679268,0.9135478138923645,gov,True,False
145998,2025-12,gov,0,0.8779773116111755,0.031492915004491806,0.09052973985671997,0.8779773116111755,gov,True,False
147437,2025-12,gov,0,0.9072696566581726,0.014571120962500572,0.07815928012132645,0.9072696566581726,gov,True,False
147438,2025-12,gov,0,0.8027479648590088,0.02645590342581272,0.17079605162143707,0.8027479648590088,gov,True,False
147439,2025-12,gov,0,0.7051490545272827,0.02319417893886566,0.2716567814350128,0.7051490545272827,gov,True,False
148158,2025-12,gov,0,0.5727829337120056,0.046936918050050735,0.38028010725975037,0.5727829337120056,gov,True,False
149597,2025-12,uncertain,2,0.19633711874485016,0.0333380363881588,0.7703248262405396,0.7703248262405396,uncertain,True,False
150307,2025-12,gov,0,0.8327131867408752,0.05415822193026543,0.11312863975763321,0.8327131867408752,gov,True,False
150317,2025-12,uncertain,2,0.2654764652252197,0.04397815465927124,0.690545380115509,0.690545380115509,gov,True,False
151756,2025-12,uncertain,2,0.26447033882141113,0.08787350356578827,0.6476561427116394,0.6476561427116394,gov,True,False
151757,2025-12,uncertain,2,0.07088024169206619,0.08109553158283234,0.848024308681488,0.848024308681488,uncertain,True,False
152476,2025-12,gov,0,0.7693908214569092,0.07019661366939545,0.16041262447834015,0.7693908214569092,gov,True,False
153190,2025-12,gov,0,0.8075341582298279,0.048808444291353226,0.143657386302948,0.8075341582298279,gov,True,False
153191,2025-12,gov,0,0.8907417058944702,0.06960804760456085,0.03965023159980774,0.8907417058944702,gov,True,False
153192,2025-12,gov,0,0.8593431711196899,0.05306706205010414,0.08758977800607681,0.8593431711196899,gov,True,False
153193,2025-12,gov,0,0.8723502159118652,0.0440557487308979,0.08359391242265701,0.8723502159118652,gov,True,False
153196,2025-12,gov,0,0.6867622137069702,0.045931749045848846,0.2673061192035675,0.6867622137069702,gov,True,False
153197,2025-12,uncertain,2,0.05055532976984978,0.024790531024336815,0.9246540665626526,0.9246540665626526,uncertain,True,False
153910,2025-12,gov,0,0.7482903003692627,0.04831232130527496,0.20339734852313995,0.7482903003692627,gov,True,False
153911,2025-12,gov,0,0.86700439453125,0.10052116215229034,0.032474469393491745,0.86700439453125,gov,True,False
153912,2025-12,gov,0,0.8785290122032166,0.09878586232662201,0.0226850938051939,0.8785290122032166,gov,True,False
153913,2025-12,gov,0,0.9583553671836853,0.022191716358065605,0.019452964887022972,0.9583553671836853,gov,True,False
153914,2025-12,gov,0,0.9097859859466553,0.029355427250266075,0.0608585961163044,0.9097859859466553,gov,True,False
153915,2025-12,gov,0,0.7329021096229553,0.030156979337334633,0.2369409054517746,0.7329021096229553,gov,True,False
153916,2025-12,gov,0,0.877116858959198,0.0657474622130394,0.05713575333356857,0.877116858959198,gov,True,False
153917,2025-12,gov,0,0.7695069313049316,0.057132430374622345,0.1733607053756714,0.7695069313049316,gov,True,False
153918,2025-12,gov,0,0.8405443429946899,0.08708029240369797,0.0723753347992897,0.8405443429946899,opo,True,False
154630,2025-12,gov,0,0.8982529044151306,0.052089083939790726,0.049657925963401794,0.8982529044151306,gov,True,False
154631,2025-12,gov,0,0.9725995659828186,0.023098478093743324,0.004301986191421747,0.9725995659828186,gov,True,False
154632,2025-12,gov,0,0.9920138716697693,0.005855723284184933,0.002130388980731368,0.9920138716697693,gov,True,False
154633,2025-12,gov,0,0.9949927926063538,0.0021616234444081783,0.00284565519541502,0.9949927926063538,gov,True,False
154634,2025-12,gov,0,0.9773470759391785,0.01320983562618494,0.009442988783121109,0.9773470759391785,gov,True,False
154635,2025-12,gov,0,0.8090764284133911,0.041256844997406006,0.14966677129268646,0.8090764284133911,gov,True,False
154636,2025-12,gov,0,0.837147057056427,0.09519965946674347,0.06765330582857132,0.837147057056427,gov,True,False
155350,2025-12,opo,1,0.45936906337738037,0.4935268461704254,0.04710406810045242,0.4935268461704254,opo,True,False
155351,2025-12,gov,0,0.9077011942863464,0.06462470442056656,0.02767406962811947,0.9077011942863464,gov,True,False
155352,2025-12,gov,0,0.9797911047935486,0.008392098359763622,0.011816846206784248,0.9797911047935486,gov,True,False
155354,2025-12,gov,0,0.698299765586853,0.04972034692764282,0.25197985768318176,0.698299765586853,gov,True,False
156069,2025-12,opo,1,0.41708821058273315,0.5772619247436523,0.005649883300065994,0.5772619247436523,opo,True,False
156071,2025-12,gov,0,0.9423114061355591,0.03880985453724861,0.018878726288676262,0.9423114061355591,gov,True,False
156072,2025-12,gov,0,0.9518613815307617,0.011391056701540947,0.0367475189268589,0.9518613815307617,gov,True,False
156073,2025-12,gov,0,0.9726611375808716,0.008952643722295761,0.018386254087090492,0.9726611375808716,gov,True,False
156074,2025-12,gov,0,0.7959851622581482,0.10949746519327164,0.09451741725206375,0.7959851622581482,gov,True,False
156075,2025-12,uncertain,2,0.21198303997516632,0.13838905096054077,0.6496279239654541,0.6496279239654541,uncertain,True,False
156788,2025-12,gov,0,0.7654538750648499,0.17711590230464935,0.05743027478456497,0.7654538750648499,gov,True,False
156789,2025-12,opo,1,0.4417886734008789,0.5290788412094116,0.029132483527064323,0.5290788412094116,opo,True,False
156791,2025-12,gov,0,0.9445452094078064,0.00974585022777319,0.04570896178483963,0.9445452094078064,gov,True,False
156792,2025-12,gov,0,0.8250066041946411,0.004572197794914246,0.17042112350463867,0.8250066041946411,gov,True,False
156793,2025-12,gov,0,0.8821178078651428,0.00153524917550385,0.11634687334299088,0.8821178078651428,gov,True,False
156794,2025-12,gov,0,0.6976233720779419,0.16507743299007416,0.13729916512966156,0.6976233720779419,gov,True,False
156795,2025-12,opo,1,0.04437827691435814,0.5945449471473694,0.36107683181762695,0.5945449471473694,opo,True,False
156796,2025-12,opo,1,0.09061136096715927,0.8692839741706848,0.040104687213897705,0.8692839741706848,opo,True,False
157508,2025-12,gov,0,0.5583194494247437,0.3293880224227905,0.11229250580072403,0.5583194494247437,gov,True,False
157509,2025-12,opo,1,0.28734615445137024,0.6406371593475342,0.07201667875051498,0.6406371593475342,opo,True,False
157510,2025-12,gov,0,0.7098538875579834,0.11620795726776123,0.17393815517425537,0.7098538875579834,gov,True,False
157511,2025-12,gov,0,0.8557479381561279,0.07913592457771301,0.06511606276035309,0.8557479381561279,gov,True,False
157513,2025-12,uncertain,2,0.31808051466941833,0.001822948339395225,0.6800965666770935,0.6800965666770935,uncertain,True,False
157514,2025-12,uncertain,2,0.3996049165725708,0.03174026310443878,0.5686547756195068,0.5686547756195068,gov,True,False
157515,2025-12,uncertain,2,0.03812571242451668,0.028771372511982918,0.9331029057502747,0.9331029057502747,uncertain,True,False
158229,2025-12,opo,1,0.18435639142990112,0.6146851181983948,0.20095843076705933,0.6146851181983948,opo,True,False
158231,2025-12,gov,0,0.8597375750541687,0.016700802370905876,0.12356163561344147,0.8597375750541687,gov,True,False
158233,2025-12,gov,0,0.9312230348587036,0.010755839757621288,0.05802113562822342,0.9312230348587036,gov,True,False
158235,2025-12,opo,1,0.23205608129501343,0.6221652626991272,0.14577871561050415,0.6221652626991272,opo,True,False
158236,2025-12,opo,1,0.06683448702096939,0.9212744235992432,0.011891143396496773,0.9212744235992432,opo,True,False
158237,2025-12,opo,1,0.03757259249687195,0.9554193615913391,0.007008025422692299,0.9554193615913391,opo,True,False
158238,2025-12,gov,0,0.4994453489780426,0.42118099331855774,0.07937359064817429,0.4994453489780426,gov,True,False
158946,2025-12,gov,0,0.5068453550338745,0.33986949920654297,0.15328514575958252,0.5068453550338745,gov,True,False
158947,2025-12,opo,1,0.06798209995031357,0.9154407382011414,0.01657715253531933,0.9154407382011414,opo,True,False
158949,2025-12,gov,0,0.47577521204948425,0.46337658166885376,0.060848187655210495,0.47577521204948425,gov,True,False
158950,2025-12,gov,0,0.8739712834358215,0.034345027059316635,0.09168364852666855,0.8739712834358215,gov,True,False
158951,2025-12,gov,0,0.7083695530891418,0.005146415904164314,0.2864839732646942,0.7083695530891418,gov,True,False
158952,2025-12,gov,0,0.9814397692680359,0.003911679144948721,0.01464859675616026,0.9814397692680359,gov,True,False
158953,2025-12,gov,0,0.9697819352149963,0.005338734481483698,0.024879353120923042,0.9697819352149963,gov,True,False
158954,2025-12,gov,0,0.952272891998291,0.023355992510914803,0.0243710707873106,0.952272891998291,gov,True,False
158955,2025-12,gov,0,0.9752910733222961,0.020389540120959282,0.004319448955357075,0.9752910733222961,gov,True,False
158956,2025-12,gov,0,0.9776005148887634,0.02171056717634201,0.0006889569922350347,0.9776005148887634,gov,True,False
158957,2025-12,gov,0,0.9764299988746643,0.020724184811115265,0.0028457632288336754,0.9764299988746643,gov,True,False
158958,2025-12,gov,0,0.9754105806350708,0.015705162659287453,0.008884272538125515,0.9754105806350708,gov,True,False
158960,2025-12,gov,0,0.8603485226631165,0.03421465680003166,0.10543683916330338,0.8603485226631165,gov,True,False
159665,2025-12,opo,1,0.22495843470096588,0.527267575263977,0.24777401983737946,0.527267575263977,opo,True,False
159666,2025-12,opo,1,0.01401792373508215,0.976619303226471,0.009362812153995037,0.976619303226471,opo,True,False
159667,2025-12,opo,1,0.013413692824542522,0.9836727976799011,0.0029134824872016907,0.9836727976799011,opo,True,False
159668,2025-12,opo,1,0.1072763055562973,0.8713346719741821,0.021389028057456017,0.8713346719741821,opo,True,False
159670,2025-12,gov,0,0.9563218951225281,0.00580217782407999,0.037875935435295105,0.9563218951225281,gov,True,False
159671,2025-12,gov,0,0.9690567851066589,0.0006699623772874475,0.030273178592324257,0.9690567851066589,gov,True,False
159672,2025-12,gov,0,0.9964588284492493,0.00038474801112897694,0.0031564112287014723,0.9964588284492493,gov,True,False
159673,2025-12,gov,0,0.9976474642753601,0.0005071262130513787,0.00184543221257627,0.9976474642753601,gov,True,False
159674,2025-12,gov,0,0.98524010181427,0.001997944200411439,0.01276194117963314,0.98524010181427,gov,True,False
159675,2025-12,gov,0,0.9800983667373657,0.005848852451890707,0.014052735641598701,0.9800983667373657,gov,True,False
159676,2025-12,gov,0,0.9975971579551697,0.0015170257538557053,0.0008857978973537683,0.9975971579551697,gov,True,False
159679,2025-12,gov,0,0.8883135914802551,0.07029362767934799,0.04139281064271927,0.8883135914802551,gov,True,False
159680,2025-12,gov,0,0.8574740886688232,0.032437343150377274,0.11008856445550919,0.8574740886688232,gov,True,False
160386,2025-12,opo,1,0.023895440623164177,0.940734326839447,0.03537025302648544,0.940734326839447,opo,True,False
160388,2025-12,opo,1,0.05934365093708038,0.7841371297836304,0.15651927888393402,0.7841371297836304,opo,True,False
160389,2025-12,uncertain,2,0.16763418912887573,0.1887892633676529,0.6435765624046326,0.6435765624046326,uncertain,True,False
160390,2025-12,uncertain,2,0.287112295627594,0.015348179265856743,0.6975395679473877,0.6975395679473877,uncertain,True,False
160391,2025-12,gov,0,0.6311278343200684,0.01908617839217186,0.3497859835624695,0.6311278343200684,gov,True,False
160392,2025-12,gov,0,0.9451245665550232,0.003357898909598589,0.05151752382516861,0.9451245665550232,gov,True,False
160393,2025-12,gov,0,0.9478415250778198,0.0027849378529936075,0.04937354847788811,0.9478415250778198,gov,True,False
160394,2025-12,gov,0,0.9659056067466736,0.0023499256931245327,0.03174454718828201,0.9659056067466736,gov,True,False
160396,2025-12,gov,0,0.9893739819526672,0.003719980362802744,0.006906060501933098,0.9893739819526672,gov,True,False
160397,2025-12,gov,0,0.9902175068855286,0.007840600796043873,0.001941959373652935,0.9902175068855286,gov,True,False
160399,2025-12,gov,0,0.9514483213424683,0.03184486925601959,0.016706712543964386,0.9514483213424683,gov,True,False
160400,2025-12,gov,0,0.905735194683075,0.031039781868457794,0.06322503089904785,0.905735194683075,gov,True,False
161107,2025-12,opo,1,0.01949060894548893,0.9697830677032471,0.01072637364268303,0.9697830677032471,opo,True,False
161109,2025-12,uncertain,2,0.011103480122983456,0.0024690243881195784,0.9864274859428406,0.9864274859428406,uncertain,True,False
161110,2025-12,gov,0,0.5021932721138,0.005533749237656593,0.4922729730606079,0.5021932721138,gov,True,False
161111,2025-12,gov,0,0.9852736592292786,0.0018583019264042377,0.012867994606494904,0.9852736592292786,gov,True,False
161112,2025-12,gov,0,0.991139829158783,0.00022359612921718508,0.008636638522148132,0.991139829158783,gov,True,False
161113,2025-12,gov,0,0.9874534010887146,0.0006127095548436046,0.011933889240026474,0.9874534010887146,gov,True,False
161116,2025-12,gov,0,0.955251157283783,0.0023271010722965,0.042421672493219376,0.955251157283783,gov,True,False
161117,2025-12,gov,0,0.8536452651023865,0.03849441558122635,0.10786035656929016,0.8536452651023865,gov,True,False
161118,2025-12,gov,0,0.6911241412162781,0.291953980922699,0.016921864822506905,0.6911241412162781,gov,True,False
161119,2025-12,gov,0,0.5646840333938599,0.39272814989089966,0.04258778318762779,0.5646840333938599,gov,True,False
161120,2025-12,gov,0,0.8666684627532959,0.05345917493104935,0.07987232506275177,0.8666684627532959,gov,True,False
161827,2025-12,opo,1,0.01801590621471405,0.9781328439712524,0.0038512542378157377,0.9781328439712524,opo,True,False
161829,2025-12,uncertain,2,0.0033800723031163216,0.0038793322164565325,0.9927406907081604,0.9927406907081604,uncertain,True,False
161830,2025-12,uncertain,2,0.041887544095516205,0.043162282556295395,0.9149501323699951,0.9149501323699951,uncertain,True,False
161831,2025-12,gov,0,0.8170669078826904,0.041186269372701645,0.14174684882164001,0.8170669078826904,gov,True,False
161832,2025-12,gov,0,0.8643917441368103,0.035874173045158386,0.0997341126203537,0.8643917441368103,gov,True,False
161833,2025-12,gov,0,0.8175435066223145,0.12418066710233688,0.058275893330574036,0.8175435066223145,gov,True,False
161834,2025-12,uncertain,2,0.34604501724243164,0.054052531719207764,0.5999025106430054,0.5999025106430054,gov,True,False
161837,2025-12,opo,1,0.23749549686908722,0.48974430561065674,0.27276018261909485,0.48974430561065674,opo,True,False
161839,2025-12,opo,1,0.05252998694777489,0.9451313614845276,0.002338592428714037,0.9451313614845276,opo,True,False
162547,2025-12,opo,1,0.05429007485508919,0.9408804774284363,0.0048295133747160435,0.9408804774284363,opo,True,False
162548,2025-12,uncertain,2,0.03456032648682594,0.13373643159866333,0.8317031860351562,0.8317031860351562,opo,True,False
162549,2025-12,uncertain,2,0.017525268718600273,0.043375831097364426,0.9390988945960999,0.9390988945960999,uncertain,True,False
162550,2025-12,opo,1,0.029980972409248352,0.8461701273918152,0.12384895980358124,0.8461701273918152,opo,True,False
162551,2025-12,gov,0,0.5302806496620178,0.22137676179409027,0.2483426034450531,0.5302806496620178,gov,True,False
162552,2025-12,gov,0,0.5102168917655945,0.4707832336425781,0.018999839201569557,0.5102168917655945,gov,True,False
162553,2025-12,opo,1,0.2135520726442337,0.7808550596237183,0.005592869129031897,0.7808550596237183,gov,True,False
162554,2025-12,uncertain,2,0.25647276639938354,0.11190556734800339,0.6316216588020325,0.6316216588020325,uncertain,True,False
162555,2025-12,uncertain,2,0.14835499227046967,0.08424511551856995,0.7673998475074768,0.7673998475074768,gov,True,False
162556,2025-12,gov,0,0.6378698348999023,0.23902438580989838,0.12310569733381271,0.6378698348999023,gov,True,False
162558,2025-12,opo,1,0.015813952311873436,0.978398859500885,0.005787182599306107,0.978398859500885,opo,True,False
162559,2025-12,opo,1,0.088203564286232,0.9015467166900635,0.010249764658510685,0.9015467166900635,opo,True,False
163267,2025-12,opo,1,0.05643684044480324,0.9394447803497314,0.0041183666326105595,0.9394447803497314,opo,True,False
163268,2025-12,uncertain,2,0.04680176079273224,0.3649570643901825,0.5882411599159241,0.5882411599159241,uncertain,True,False
163269,2025-12,uncertain,2,0.03181222081184387,0.10831158608198166,0.859876275062561,0.859876275062561,uncertain,True,False
163271,2025-12,gov,0,0.6500226855278015,0.002542433561757207,0.3474348485469818,0.6500226855278015,gov,True,False
163272,2025-12,uncertain,2,0.4442600607872009,0.03189326822757721,0.5238466858863831,0.5238466858863831,uncertain,True,False
163274,2025-12,uncertain,2,0.1290474832057953,0.02481597103178501,0.8461365699768066,0.8461365699768066,uncertain,True,False
163275,2025-12,uncertain,2,0.033505018800497055,0.0026031446177512407,0.963891863822937,0.963891863822937,uncertain,True,False
163276,2025-12,uncertain,2,0.09215877950191498,0.0028895880095660686,0.9049515724182129,0.9049515724182129,uncertain,True,False
163278,2025-12,opo,1,0.23794323205947876,0.7476414442062378,0.014415336772799492,0.7476414442062378,opo,True,False
163988,2025-12,opo,1,0.017610205337405205,0.9804192185401917,0.001970603596419096,0.9804192185401917,opo,True,False
163989,2025-12,gov,0,0.5160403847694397,0.4000958204269409,0.08386379480361938,0.5160403847694397,gov,True,False
163992,2025-12,gov,0,0.6165725588798523,0.07120713591575623,0.31222033500671387,0.6165725588798523,gov,True,False
163993,2025-12,uncertain,2,0.4191223978996277,0.07750023901462555,0.5033773183822632,0.5033773183822632,opo,True,False
163996,2025-12,gov,0,0.9323245882987976,0.005967286415398121,0.06170816347002983,0.9323245882987976,gov,True,False
163998,2025-12,gov,0,0.8445119261741638,0.14003437757492065,0.015453701838850975,0.8445119261741638,gov,True,False
164709,2025-12,gov,0,0.8179455399513245,0.04989156872034073,0.132162943482399,0.8179455399513245,gov,True,False
164710,2025-12,gov,0,0.9377687573432922,0.03804837167263031,0.024182917550206184,0.9377687573432922,gov,True,False
164711,2025-12,gov,0,0.7338097095489502,0.18627047538757324,0.07991977035999298,0.7338097095489502,opo,True,False
164712,2025-12,gov,0,0.8294942378997803,0.10320653021335602,0.06729929894208908,0.8294942378997803,opo,True,False
164713,2025-12,uncertain,2,0.4291059076786041,0.08065240830183029,0.4902416467666626,0.4902416467666626,opo,True,False
164714,2025-12,uncertain,2,0.4030553996562958,0.028597315773367882,0.5683473348617554,0.5683473348617554,gov,True,False
164715,2025-12,opo,1,0.30448368191719055,0.3662237226963043,0.3292925953865051,0.3662237226963043,opo,True,False
164716,2025-12,opo,1,0.047514528036117554,0.9328948259353638,0.01959063857793808,0.9328948259353638,opo,True,False
165430,2025-12,gov,0,0.6863881349563599,0.21130982041358948,0.10230201482772827,0.6863881349563599,gov,True,False
165433,2025-12,opo,1,0.3833447992801666,0.5059137940406799,0.11074137687683105,0.5059137940406799,gov,True,False
165435,2025-12,opo,1,0.029053889214992523,0.9618606567382812,0.009085486643016338,0.9618606567382812,opo,True,False
165436,2025-12,opo,1,0.009712443687021732,0.9867010712623596,0.0035864401143044233,0.9867010712623596,opo,True,False
166150,2025-12,gov,0,0.874988853931427,0.043765369802713394,0.08124583214521408,0.874988853931427,gov,True,False
166152,2025-12,opo,1,0.4383748769760132,0.5428605079650879,0.018764613196253777,0.5428605079650879,opo,True,False
166154,2025-12,gov,0,0.8262770771980286,0.16594786942005157,0.007775067817419767,0.8262770771980286,gov,True,False
166155,2025-12,gov,0,0.7477462887763977,0.2318824678659439,0.020371271297335625,0.7477462887763977,gov,True,False
166156,2025-12,opo,1,0.14585252106189728,0.8418149948120117,0.012332526966929436,0.8418149948120117,opo,True,False
166157,2025-12,opo,1,0.15603028237819672,0.7865383625030518,0.057431358844041824,0.7865383625030518,opo,True,False
166873,2025-12,gov,0,0.8274340033531189,0.04456666111946106,0.12799933552742004,0.8274340033531189,gov,True,False
166876,2025-12,opo,1,0.21997325122356415,0.7677986025810242,0.012228128500282764,0.7677986025810242,opo,True,False
166877,2025-12,opo,1,0.35803815722465515,0.5242746472358704,0.1176871806383133,0.5242746472358704,opo,True,False
167591,2025-12,gov,0,0.9604527950286865,0.013131270185112953,0.026415934786200523,0.9604527950286865,gov,True,False
167592,2025-12,gov,0,0.983426570892334,0.009097394533455372,0.007475965656340122,0.983426570892334,gov,True,False
167594,2025-12,gov,0,0.8850188851356506,0.020246917381882668,0.09473420679569244,0.8850188851356506,gov,True,False
167597,2025-12,opo,1,0.3329535722732544,0.6447623372077942,0.022284099832177162,0.6447623372077942,opo,True,False
168313,2025-12,gov,0,0.9634780287742615,0.008219584822654724,0.028302304446697235,0.9634780287742615,gov,True,False
168316,2025-12,opo,1,0.1665319949388504,0.8139308094978333,0.019537152722477913,0.8139308094978333,opo,True,False
168318,2025-12,gov,0,0.6442022919654846,0.2741001844406128,0.08169752359390259,0.6442022919654846,opo,True,False
169035,2025-12,gov,0,0.7742938995361328,0.015506958588957787,0.21019911766052246,0.7742938995361328,gov,True,False
169036,2025-12,gov,0,0.9585297703742981,0.01907772570848465,0.0223925169557333,0.9585297703742981,gov,True,False
169037,2025-12,gov,0,0.9774100184440613,0.004464767873287201,0.018125174567103386,0.9774100184440613,gov,True,False
169756,2025-12,gov,0,0.9751890897750854,0.006451651453971863,0.01835925132036209,0.9751890897750854,gov,True,False
143838,2026-01,gov,0,0.9084600210189819,0.029605891555547714,0.06193407624959946,0.9084600210189819,gov,True,False
145998,2026-01,gov,0,0.8617589473724365,0.04073571786284447,0.09750533103942871,0.8617589473724365,gov,True,False
147437,2026-01,gov,0,0.9472296237945557,0.005587796680629253,0.04718257486820221,0.9472296237945557,gov,True,False
147438,2026-01,gov,0,0.8677313327789307,0.01247406005859375,0.11979460716247559,0.8677313327789307,gov,True,False
147439,2026-01,gov,0,0.6006046533584595,0.01604260876774788,0.38335278630256653,0.6006046533584595,gov,True,False
148158,2026-01,gov,0,0.5487343072891235,0.04653973877429962,0.40472596883773804,0.5487343072891235,gov,True,False
149597,2026-01,uncertain,2,0.04751946032047272,0.03635755926370621,0.9161229729652405,0.9161229729652405,uncertain,True,False
150307,2026-01,gov,0,0.7384727597236633,0.07879641652107239,0.18273083865642548,0.7384727597236633,gov,True,False
150317,2026-01,uncertain,2,0.09333343058824539,0.189184308052063,0.717482328414917,0.717482328414917,gov,True,False
151756,2026-01,uncertain,2,0.39486753940582275,0.026895606890320778,0.5782369375228882,0.5782369375228882,gov,True,False
151757,2026-01,uncertain,2,0.04046621173620224,0.049244560301303864,0.9102892875671387,0.9102892875671387,uncertain,True,False
152476,2026-01,gov,0,0.9584864377975464,0.005835321266204119,0.035678282380104065,0.9584864377975464,gov,True,False
153190,2026-01,gov,0,0.8466849327087402,0.09983143955469131,0.053483687341213226,0.8466849327087402,gov,True,False
153191,2026-01,gov,0,0.9344739317893982,0.04943845048546791,0.016087621450424194,0.9344739317893982,gov,True,False
153192,2026-01,gov,0,0.9044791460037231,0.01564750447869301,0.07987334579229355,0.9044791460037231,gov,True,False
153193,2026-01,gov,0,0.9574444890022278,0.0032250485382974148,0.03933042660355568,0.9574444890022278,gov,True,False
153196,2026-01,gov,0,0.9383821487426758,0.017853837460279465,0.04376403987407684,0.9383821487426758,gov,True,False
153197,2026-01,uncertain,2,0.06034421548247337,0.007853152230381966,0.9318026900291443,0.9318026900291443,uncertain,True,False
153910,2026-01,gov,0,0.7726616263389587,0.10449623316526413,0.12284214049577713,0.7726616263389587,gov,True,False
153911,2026-01,gov,0,0.9027405381202698,0.07034747302532196,0.026912042871117592,0.9027405381202698,gov,True,False
153912,2026-01,gov,0,0.8980716466903687,0.05370431765913963,0.04822403937578201,0.8980716466903687,gov,True,False
153913,2026-01,gov,0,0.9802708625793457,0.006486495956778526,0.013242651708424091,0.9802708625793457,gov,True,False
153914,2026-01,gov,0,0.9428983926773071,0.0298849418759346,0.027216659858822823,0.9428983926773071,gov,True,False
153915,2026-01,gov,0,0.6079429388046265,0.0448441356420517,0.34721288084983826,0.6079429388046265,gov,True,False
153916,2026-01,gov,0,0.8260572552680969,0.12177857756614685,0.052164193242788315,0.8260572552680969,gov,True,False
153917,2026-01,gov,0,0.5294305682182312,0.05371471866965294,0.41685473918914795,0.5294305682182312,gov,True,False
153918,2026-01,gov,0,0.5042476654052734,0.0673631802201271,0.42838919162750244,0.5042476654052734,opo,True,False
154630,2026-01,gov,0,0.9670713543891907,0.003646446391940117,0.029282227158546448,0.9670713543891907,gov,True,False
154631,2026-01,gov,0,0.998584508895874,0.0005256672739051282,0.0008898257510736585,0.998584508895874,gov,True,False
154632,2026-01,gov,0,0.9992683529853821,0.00018783188716042787,0.0005438289954327047,0.9992683529853821,gov,True,False
154633,2026-01,gov,0,0.9989720582962036,0.0002986933395732194,0.0007293244125321507,0.9989720582962036,gov,True,False
154634,2026-01,gov,0,0.9847603440284729,0.009531598538160324,0.00570805836468935,0.9847603440284729,gov,True,False
154635,2026-01,gov,0,0.608472466468811,0.05895724892616272,0.3325701951980591,0.608472466468811,gov,True,False
154636,2026-01,gov,0,0.675062358379364,0.1105753630399704,0.2143622189760208,0.675062358379364,gov,True,False
155350,2026-01,gov,0,0.9197432994842529,0.059251170605421066,0.021005501970648766,0.9197432994842529,opo,True,False
155351,2026-01,gov,0,0.9828342199325562,0.008056008256971836,0.009109764359891415,0.9828342199325562,gov,True,False
155352,2026-01,gov,0,0.9966204166412354,0.0011714105494320393,0.002208094345405698,0.9966204166412354,gov,True,False
155354,2026-01,uncertain,2,0.44119417667388916,0.08163852989673615,0.4771673083305359,0.4771673083305359,gov,True,False
156069,2026-01,gov,0,0.8845217823982239,0.11243605613708496,0.00304209953173995,0.8845217823982239,opo,True,False
156071,2026-01,gov,0,0.994688868522644,0.003712217090651393,0.0015989000676199794,0.994688868522644,gov,True,False
156072,2026-01,gov,0,0.9832448959350586,0.006960802245885134,0.00979438703507185,0.9832448959350586,gov,True,False
156073,2026-01,gov,0,0.9890250563621521,0.004120817873626947,0.006854027044028044,0.9890250563621521,gov,True,False
156074,2026-01,gov,0,0.7615888714790344,0.055286526679992676,0.1831246316432953,0.7615888714790344,opo,True,False
156075,2026-01,uncertain,2,0.14500831067562103,0.12147121876478195,0.7335205078125,0.7335205078125,uncertain,True,False
156788,2026-01,gov,0,0.7569186091423035,0.19029337167739868,0.05278799310326576,0.7569186091423035,gov,True,False
156789,2026-01,opo,1,0.4324595630168915,0.5469833612442017,0.020557064563035965,0.5469833612442017,opo,True,False
156791,2026-01,gov,0,0.9915562868118286,0.0023291432298719883,0.006114524323493242,0.9915562868118286,gov,True,False
156792,2026-01,gov,0,0.9390581250190735,0.0043749562464654446,0.05656694620847702,0.9390581250190735,gov,True,False
156793,2026-01,gov,0,0.6068310737609863,0.001633421634323895,0.39153555035591125,0.6068310737609863,gov,True,False
156794,2026-01,gov,0,0.7201077938079834,0.20789159834384918,0.07200062274932861,0.7201077938079834,gov,True,False
156795,2026-01,opo,1,0.009064835496246815,0.9176403880119324,0.07329477369785309,0.9176403880119324,opo,True,False
156796,2026-01,opo,1,0.11177238076925278,0.8694441914558411,0.01878344640135765,0.8694441914558411,opo,True,False
157508,2026-01,opo,1,0.365877628326416,0.5765746235847473,0.05754772946238518,0.5765746235847473,gov,True,False
157509,2026-01,opo,1,0.16452205181121826,0.7920363545417786,0.04344159737229347,0.7920363545417786,opo,True,False
157510,2026-01,gov,0,0.8759013414382935,0.06871899962425232,0.05537964776158333,0.8759013414382935,gov,True,False
157511,2026-01,gov,0,0.9798163175582886,0.01181777473539114,0.00836595892906189,0.9798163175582886,gov,True,False
157513,2026-01,uncertain,2,0.058194272220134735,0.0013736961409449577,0.940432071685791,0.940432071685791,uncertain,True,False
157514,2026-01,uncertain,2,0.017934231087565422,0.01998237334191799,0.9620833992958069,0.9620833992958069,gov,True,False
157515,2026-01,uncertain,2,0.010380665771663189,0.029706984758377075,0.9599123597145081,0.9599123597145081,uncertain,True,False
158229,2026-01,opo,1,0.3033844232559204,0.5148229598999023,0.18179261684417725,0.5148229598999023,opo,True,False
158231,2026-01,gov,0,0.9790489673614502,0.0046849362552165985,0.016266170889139175,0.9790489673614502,gov,True,False
158233,2026-01,gov,0,0.8352090716362,0.017924055457115173,0.1468668431043625,0.8352090716362,gov,True,False
158235,2026-01,opo,1,0.03294195234775543,0.9380552768707275,0.02900277078151703,0.9380552768707275,opo,True,False
158236,2026-01,opo,1,0.03359335660934448,0.9545886516571045,0.011817997321486473,0.9545886516571045,opo,True,False
158237,2026-01,opo,1,0.13033796846866608,0.837058424949646,0.03260360658168793,0.837058424949646,opo,True,False
158238,2026-01,gov,0,0.7504630088806152,0.17788054049015045,0.07165640592575073,0.7504630088806152,gov,True,False
158946,2026-01,gov,0,0.39572542905807495,0.30232536792755127,0.301949143409729,0.39572542905807495,opo,True,False
158947,2026-01,opo,1,0.0680556520819664,0.9158827662467957,0.016061600297689438,0.9158827662467957,opo,True,False
158949,2026-01,gov,0,0.6439327001571655,0.308835506439209,0.047231800854206085,0.6439327001571655,gov,True,False
158950,2026-01,gov,0,0.9322993755340576,0.013809391297399998,0.053891152143478394,0.9322993755340576,gov,True,False
158951,2026-01,gov,0,0.9284846186637878,0.005453900434076786,0.06606137752532959,0.9284846186637878,gov,True,False
158952,2026-01,gov,0,0.9663643836975098,0.023509128019213676,0.010126556269824505,0.9663643836975098,gov,True,False
158953,2026-01,gov,0,0.9400414824485779,0.02601180039346218,0.033946745097637177,0.9400414824485779,gov,True,False
158954,2026-01,gov,0,0.696611225605011,0.27624574303627014,0.02714303322136402,0.696611225605011,gov,True,False
158955,2026-01,gov,0,0.8319017887115479,0.15656156837940216,0.01153671182692051,0.8319017887115479,gov,True,False
158956,2026-01,gov,0,0.9548379778862,0.043501902371644974,0.0016601602546870708,0.9548379778862,gov,True,False
158957,2026-01,gov,0,0.9900453686714172,0.007136447820812464,0.0028181287925690413,0.9900453686714172,gov,True,False
158958,2026-01,gov,0,0.9492467045783997,0.0280386283993721,0.022714613005518913,0.9492467045783997,gov,True,False
158960,2026-01,gov,0,0.8328267931938171,0.021489467471837997,0.1456836462020874,0.8328267931938171,gov,True,False
159665,2026-01,uncertain,2,0.19917728006839752,0.35801684856414795,0.4428059160709381,0.4428059160709381,opo,True,False
159666,2026-01,opo,1,0.017709532752633095,0.9461866617202759,0.036103807389736176,0.9461866617202759,opo,True,False
159667,2026-01,opo,1,0.004750746302306652,0.9889081120491028,0.0063411458395421505,0.9889081120491028,opo,True,False
159668,2026-01,opo,1,0.07529274374246597,0.9005728363990784,0.02413439378142357,0.9005728363990784,opo,True,False
159670,2026-01,gov,0,0.9796391725540161,0.0016698313411325216,0.018690967932343483,0.9796391725540161,gov,True,False
159671,2026-01,gov,0,0.9841340184211731,0.00027573382249101996,0.015590273775160313,0.9841340184211731,gov,True,False
159672,2026-01,gov,0,0.9961932897567749,0.0011561252176761627,0.002650611335411668,0.9961932897567749,gov,True,False
159673,2026-01,gov,0,0.9807946085929871,0.009341677650809288,0.009863749146461487,0.9807946085929871,gov,True,False
159674,2026-01,gov,0,0.9067670702934265,0.007466733455657959,0.08576620370149612,0.9067670702934265,gov,True,False
159675,2026-01,gov,0,0.9062002897262573,0.003444439033046365,0.09035523235797882,0.9062002897262573,gov,True,False
159676,2026-01,gov,0,0.997732400894165,0.001077521126717329,0.001190053066238761,0.997732400894165,gov,True,False
159679,2026-01,gov,0,0.9274115562438965,0.028375204652547836,0.044213272631168365,0.9274115562438965,gov,True,False
159680,2026-01,gov,0,0.8317418098449707,0.02439603954553604,0.14386218786239624,0.8317418098449707,gov,True,False
160386,2026-01,opo,1,0.02312297932803631,0.9458918571472168,0.030985206365585327,0.9458918571472168,opo,True,False
160388,2026-01,opo,1,0.05649916082620621,0.7714576721191406,0.17204312980175018,0.7714576721191406,opo,True,False
160389,2026-01,opo,1,0.29770106077194214,0.3795630633831024,0.32273584604263306,0.3795630633831024,uncertain,True,False
160390,2026-01,gov,0,0.6088023781776428,0.022144243121147156,0.36905333399772644,0.6088023781776428,uncertain,True,False
160391,2026-01,gov,0,0.7234281301498413,0.005453128833323717,0.27111881971359253,0.7234281301498413,gov,True,False
160392,2026-01,gov,0,0.9826858043670654,0.0024422896094620228,0.014871984720230103,0.9826858043670654,gov,True,False
160393,2026-01,gov,0,0.9646583199501038,0.0035696341656148434,0.03177206590771675,0.9646583199501038,gov,True,False
160394,2026-01,gov,0,0.964192271232605,0.0024088306818157434,0.03339892625808716,0.964192271232605,gov,True,False
160396,2026-01,gov,0,0.9915004968643188,0.0041732448153197765,0.004326167982071638,0.9915004968643188,gov,True,False
160397,2026-01,gov,0,0.9849929809570312,0.013782791793346405,0.0012242195662111044,0.9849929809570312,gov,True,False
160399,2026-01,gov,0,0.9380859732627869,0.034248266369104385,0.02766571193933487,0.9380859732627869,gov,True,False
160400,2026-01,gov,0,0.8998375535011292,0.03109758347272873,0.06906477361917496,0.8998375535011292,gov,True,False
161107,2026-01,opo,1,0.0031307607423514128,0.9949997663497925,0.0018694483442232013,0.9949997663497925,opo,True,False
161109,2026-01,uncertain,2,0.13097690045833588,0.020597213879227638,0.8484258651733398,0.8484258651733398,uncertain,True,False
161110,2026-01,gov,0,0.9262403845787048,0.002204056130722165,0.07155563682317734,0.9262403845787048,gov,True,False
161111,2026-01,gov,0,0.9720737934112549,0.0011009424924850464,0.02682526968419552,0.9720737934112549,gov,True,False
161112,2026-01,gov,0,0.9950704574584961,0.0005849005538038909,0.004344602581113577,0.9950704574584961,gov,True,False
161113,2026-01,gov,0,0.9936738014221191,0.00173077208455652,0.00459545012563467,0.9936738014221191,gov,True,False
161116,2026-01,gov,0,0.9313775300979614,0.0020679153967648745,0.06655459851026535,0.9313775300979614,gov,True,False
161117,2026-01,gov,0,0.832920491695404,0.12495028227567673,0.042129259556531906,0.832920491695404,gov,True,False
161118,2026-01,opo,1,0.22007784247398376,0.7755224704742432,0.004399699158966541,0.7755224704742432,gov,True,False
161119,2026-01,gov,0,0.5009759068489075,0.4750279486179352,0.02399611845612526,0.5009759068489075,gov,True,False
161120,2026-01,gov,0,0.8763875365257263,0.06841474026441574,0.05519774556159973,0.8763875365257263,gov,True,False
161827,2026-01,opo,1,0.0011489607859402895,0.9980417490005493,0.0008093047654256225,0.9980417490005493,opo,True,False
161829,2026-01,uncertain,2,0.04595428705215454,0.0390901155769825,0.9149555563926697,0.9149555563926697,uncertain,True,False
161830,2026-01,uncertain,2,0.1351534128189087,0.020142046734690666,0.8447045683860779,0.8447045683860779,uncertain,True,False
161831,2026-01,gov,0,0.9248083233833313,0.02049884758889675,0.054692789912223816,0.9248083233833313,gov,True,False
161832,2026-01,gov,0,0.9249252080917358,0.013568105176091194,0.06150665506720543,0.9249252080917358,gov,True,False
161833,2026-01,gov,0,0.8104156255722046,0.08205634355545044,0.10752803087234497,0.8104156255722046,gov,True,False
161834,2026-01,uncertain,2,0.09652675688266754,0.04493972659111023,0.858533501625061,0.858533501625061,gov,True,False
161837,2026-01,opo,1,0.2613835036754608,0.7109969854354858,0.0276195015758276,0.7109969854354858,opo,True,False
161839,2026-01,opo,1,0.031038625165820122,0.9669812917709351,0.0019801328890025616,0.9669812917709351,opo,True,False
162547,2026-01,opo,1,0.008274879306554794,0.9906038641929626,0.0011212211102247238,0.9906038641929626,opo,True,False
162548,2026-01,uncertain,2,0.06978555023670197,0.39753860235214233,0.5326758623123169,0.5326758623123169,opo,True,False
162549,2026-01,uncertain,2,0.07710950076580048,0.02773219160735607,0.8951582908630371,0.8951582908630371,uncertain,True,False
162550,2026-01,opo,1,0.27670398354530334,0.5997233986854553,0.12357263267040253,0.5997233986854553,opo,True,False
162551,2026-01,gov,0,0.9436708092689514,0.0474126860499382,0.008916513994336128,0.9436708092689514,gov,True,False
162552,2026-01,gov,0,0.814814031124115,0.13050568103790283,0.054680317640304565,0.814814031124115,gov,True,False
162553,2026-01,gov,0,0.8282129764556885,0.15581393241882324,0.015973132103681564,0.8282129764556885,opo,True,False
162554,2026-01,uncertain,2,0.12603285908699036,0.17256617546081543,0.7014009952545166,0.7014009952545166,uncertain,True,False
162555,2026-01,uncertain,2,0.08865582197904587,0.06912926584482193,0.8422150015830994,0.8422150015830994,gov,True,False
162556,2026-01,gov,0,0.764079213142395,0.09812604635953903,0.13779468834400177,0.764079213142395,gov,True,False
162558,2026-01,opo,1,0.01413805689662695,0.9832966327667236,0.002565287984907627,0.9832966327667236,opo,True,False
162559,2026-01,opo,1,0.03850909322500229,0.924630880355835,0.03686000779271126,0.924630880355835,opo,True,False
163267,2026-01,opo,1,0.02419222518801689,0.9740930795669556,0.0017146816244348884,0.9740930795669556,opo,True,False
163268,2026-01,opo,1,0.042911287397146225,0.6381295919418335,0.31895914673805237,0.6381295919418335,opo,True,False
163269,2026-01,uncertain,2,0.057225313037633896,0.03893064707517624,0.9038439989089966,0.9038439989089966,uncertain,True,False
163271,2026-01,gov,0,0.9845214486122131,0.003036593785509467,0.012441979721188545,0.9845214486122131,gov,True,False
163272,2026-01,uncertain,2,0.4421767294406891,0.009224783629179,0.5485984683036804,0.5485984683036804,uncertain,True,False
163274,2026-01,uncertain,2,0.08448196947574615,0.030923577025532722,0.8845945000648499,0.8845945000648499,uncertain,True,False
163275,2026-01,uncertain,2,0.018769774585962296,0.0053638312965631485,0.9758663773536682,0.9758663773536682,uncertain,True,False
163276,2026-01,uncertain,2,0.08806220442056656,0.012934588827192783,0.8990032076835632,0.8990032076835632,uncertain,True,False
163278,2026-01,opo,1,0.08773036301136017,0.8936288356781006,0.01864088699221611,0.8936288356781006,opo,True,False
163988,2026-01,opo,1,0.025264635682106018,0.972493588924408,0.0022417481523007154,0.972493588924408,opo,True,False
163989,2026-01,gov,0,0.5958638191223145,0.26392602920532227,0.1402101367712021,0.5958638191223145,gov,True,False
163992,2026-01,gov,0,0.8279721140861511,0.043534304946660995,0.1284935623407364,0.8279721140861511,opo,True,False
163993,2026-01,uncertain,2,0.1886303424835205,0.03143119439482689,0.7799385190010071,0.7799385190010071,opo,True,False
163996,2026-01,gov,0,0.8450168371200562,0.02481059543788433,0.13017264008522034,0.8450168371200562,gov,True,False
163998,2026-01,gov,0,0.8798064589500427,0.11176450550556183,0.008429083041846752,0.8798064589500427,gov,True,False
164709,2026-01,gov,0,0.762505292892456,0.056124355643987656,0.18137043714523315,0.762505292892456,gov,True,False
164710,2026-01,gov,0,0.8864377737045288,0.08668011426925659,0.02688208408653736,0.8864377737045288,gov,True,False
164711,2026-01,opo,1,0.30667194724082947,0.4612061679363251,0.23212188482284546,0.4612061679363251,opo,True,False
164712,2026-01,gov,0,0.8416949510574341,0.13803307712078094,0.020271968096494675,0.8416949510574341,opo,True,False
164713,2026-01,gov,0,0.9086766242980957,0.0242583230137825,0.06706508994102478,0.9086766242980957,opo,True,False
164714,2026-01,gov,0,0.7748488783836365,0.051839012652635574,0.17331215739250183,0.7748488783836365,gov,True,False
164715,2026-01,gov,0,0.7025545835494995,0.23124010860919952,0.06620527058839798,0.7025545835494995,opo,True,False
164716,2026-01,opo,1,0.26955196261405945,0.6513000726699829,0.07914797961711884,0.6513000726699829,opo,True,False
165430,2026-01,gov,0,0.41513684391975403,0.2117532193660736,0.37310990691185,0.41513684391975403,gov,True,False
165433,2026-01,opo,1,0.21199162304401398,0.7256513237953186,0.06235706806182861,0.7256513237953186,gov,True,False
165435,2026-01,opo,1,0.2430342435836792,0.6202129125595093,0.1367528736591339,0.6202129125595093,opo,True,False
165436,2026-01,opo,1,0.37493449449539185,0.5921543836593628,0.03291117772459984,0.5921543836593628,opo,True,False
166150,2026-01,uncertain,2,0.4541831910610199,0.053634848445653915,0.4921819865703583,0.4921819865703583,gov,True,False
166152,2026-01,opo,1,0.2165418565273285,0.7611340880393982,0.022324001416563988,0.7611340880393982,opo,True,False
166154,2026-01,gov,0,0.955005407333374,0.03753693029284477,0.00745766144245863,0.955005407333374,gov,True,False
166155,2026-01,gov,0,0.8819404244422913,0.08035684376955032,0.0377027690410614,0.8819404244422913,gov,True,False
166156,2026-01,gov,0,0.6246713995933533,0.31065285205841064,0.06467574089765549,0.6246713995933533,opo,True,False
166157,2026-01,opo,1,0.44434288144111633,0.46147963404655457,0.09417752176523209,0.46147963404655457,opo,True,False
166873,2026-01,gov,0,0.968356192111969,0.015705656260252,0.01593814045190811,0.968356192111969,gov,True,False
166876,2026-01,gov,0,0.6209656596183777,0.2774471342563629,0.10158725082874298,0.6209656596183777,opo,True,False
166877,2026-01,gov,0,0.4900076687335968,0.3718290328979492,0.1381632685661316,0.4900076687335968,opo,True,False
167591,2026-01,gov,0,0.9459630250930786,0.01133255660533905,0.04270435497164726,0.9459630250930786,gov,True,False
167592,2026-01,gov,0,0.9627726078033447,0.01851637102663517,0.018710996955633163,0.9627726078033447,gov,True,False
167594,2026-01,gov,0,0.9591097831726074,0.011284887790679932,0.029605383053421974,0.9591097831726074,gov,True,False
167597,2026-01,gov,0,0.6282987594604492,0.3180117607116699,0.05368952825665474,0.6282987594604492,opo,True,False
168313,2026-01,gov,0,0.9574553370475769,0.015477257780730724,0.027067415416240692,0.9574553370475769,gov,True,False
168316,2026-01,opo,1,0.3515414595603943,0.6170598864555359,0.03139864280819893,0.6170598864555359,opo,True,False
168318,2026-01,gov,0,0.6311060190200806,0.21769021451473236,0.15120378136634827,0.6311060190200806,opo,True,False
169035,2026-01,gov,0,0.830485999584198,0.017725441604852676,0.15178850293159485,0.830485999584198,gov,True,False
169036,2026-01,gov,0,0.9506846070289612,0.04037851467728615,0.008936874568462372,0.9506846070289612,gov,True,False
169037,2026-01,gov,0,0.967627763748169,0.016656413674354553,0.01571579836308956,0.967627763748169,gov,True,False
169756,2026-01,gov,0,0.9526199102401733,0.025751767680048943,0.0216282457113266,0.9526199102401733,gov,True,False
143838,2026-02,gov,0,0.9166841506958008,0.03559025004506111,0.047725528478622437,0.9166841506958008,gov,True,False
145998,2026-02,gov,0,0.9121057391166687,0.025448936969041824,0.062445349991321564,0.9121057391166687,gov,True,False
147437,2026-02,gov,0,0.9454782009124756,0.006680171936750412,0.04784160852432251,0.9454782009124756,gov,True,False
147438,2026-02,gov,0,0.8724516034126282,0.010233646258711815,0.11731484532356262,0.8724516034126282,gov,True,False
147439,2026-02,gov,0,0.49512967467308044,0.013319411315023899,0.49155089259147644,0.49512967467308044,gov,True,False
148158,2026-02,gov,0,0.5711521506309509,0.032849933952093124,0.39599791169166565,0.5711521506309509,gov,True,False
149597,2026-02,uncertain,2,0.15111775696277618,0.02170352078974247,0.8271787166595459,0.8271787166595459,uncertain,True,False
150307,2026-02,gov,0,0.7445692420005798,0.08202693611383438,0.173403799533844,0.7445692420005798,gov,True,False
150317,2026-02,uncertain,2,0.2399490773677826,0.04978402704000473,0.7102668881416321,0.7102668881416321,gov,True,False
151756,2026-02,gov,0,0.4782210886478424,0.06949907541275024,0.4522798955440521,0.4782210886478424,gov,True,False
151757,2026-02,uncertain,2,0.08153252303600311,0.02734459564089775,0.8911229372024536,0.8911229372024536,uncertain,True,False
152476,2026-02,gov,0,0.9312964677810669,0.022370487451553345,0.046333082020282745,0.9312964677810669,gov,True,False
153190,2026-02,gov,0,0.7971102595329285,0.08786650002002716,0.11502330005168915,0.7971102595329285,gov,True,False
153191,2026-02,gov,0,0.9254035353660583,0.05501891300082207,0.019577616825699806,0.9254035353660583,gov,True,False
153192,2026-02,gov,0,0.9130003452301025,0.023848004639148712,0.06315167248249054,0.9130003452301025,gov,True,False
153193,2026-02,gov,0,0.922980010509491,0.006187110673636198,0.07083296030759811,0.922980010509491,gov,True,False
153196,2026-02,gov,0,0.7648887038230896,0.07020807266235352,0.1649031788110733,0.7648887038230896,gov,True,False
153197,2026-02,uncertain,2,0.033432088792324066,0.01875704899430275,0.9478108882904053,0.9478108882904053,uncertain,True,False
153910,2026-02,gov,0,0.77271568775177,0.06542308628559113,0.16186119616031647,0.77271568775177,gov,True,False
153911,2026-02,gov,0,0.8548083901405334,0.11208456754684448,0.03310704231262207,0.8548083901405334,gov,True,False
153912,2026-02,gov,0,0.9634904861450195,0.026877781376242638,0.00963171198964119,0.9634904861450195,gov,True,False
153913,2026-02,gov,0,0.9823846220970154,0.0028217709623277187,0.01479362789541483,0.9823846220970154,gov,True,False
153914,2026-02,gov,0,0.9007247090339661,0.031234964728355408,0.06804025918245316,0.9007247090339661,gov,True,False
153915,2026-02,gov,0,0.5959122180938721,0.10289645195007324,0.3011913597583771,0.5959122180938721,gov,True,False
153916,2026-02,gov,0,0.7528107762336731,0.17984841763973236,0.06734084337949753,0.7528107762336731,gov,True,False
153917,2026-02,gov,0,0.573693573474884,0.09845715016126633,0.32784923911094666,0.573693573474884,gov,True,False
153918,2026-02,gov,0,0.6550201773643494,0.10191940516233444,0.24306045472621918,0.6550201773643494,opo,True,False
154630,2026-02,gov,0,0.9317088723182678,0.02533172443509102,0.04295949637889862,0.9317088723182678,gov,True,False
154631,2026-02,gov,0,0.9838840365409851,0.008560247719287872,0.007555742282420397,0.9838840365409851,gov,True,False
154632,2026-02,gov,0,0.9990260601043701,0.0004371579852886498,0.000536773877684027,0.9990260601043701,gov,True,False
154633,2026-02,gov,0,0.9995390176773071,0.00011718492169165984,0.0003439218271523714,0.9995390176773071,gov,True,False
154634,2026-02,gov,0,0.9653509259223938,0.006317473016679287,0.02833162620663643,0.9653509259223938,gov,True,False
154635,2026-02,gov,0,0.5750789642333984,0.020260712131857872,0.40466031432151794,0.5750789642333984,gov,True,False
154636,2026-02,gov,0,0.7420682907104492,0.0947929173707962,0.16313879191875458,0.7420682907104492,gov,True,False
155350,2026-02,gov,0,0.7315124869346619,0.22950607538223267,0.038981400430202484,0.7315124869346619,opo,True,False
155351,2026-02,gov,0,0.9225206971168518,0.05973248556256294,0.01774682104587555,0.9225206971168518,gov,True,False
155352,2026-02,gov,0,0.997215747833252,0.0016985866241157055,0.0010856189765036106,0.997215747833252,gov,True,False
155354,2026-02,uncertain,2,0.18765272200107574,0.00849910918623209,0.803848147392273,0.803848147392273,gov,True,False
156069,2026-02,opo,1,0.234883651137352,0.7562112808227539,0.008905002847313881,0.7562112808227539,opo,True,False
156071,2026-02,gov,0,0.956640362739563,0.040401753038167953,0.0029578511603176594,0.956640362739563,gov,True,False
156072,2026-02,gov,0,0.9908073544502258,0.006248305551707745,0.0029443330131471157,0.9908073544502258,gov,True,False
156073,2026-02,gov,0,0.992865800857544,0.00123783468734473,0.005896427668631077,0.992865800857544,gov,True,False
156074,2026-02,uncertain,2,0.48890265822410583,0.010159844532608986,0.5009375214576721,0.5009375214576721,gov,True,False
156075,2026-02,uncertain,2,0.09452284872531891,0.12297584116458893,0.7825013995170593,0.7825013995170593,uncertain,True,False
156788,2026-02,opo,1,0.410512775182724,0.43543684482574463,0.15405040979385376,0.43543684482574463,gov,True,False
156789,2026-02,opo,1,0.17105083167552948,0.8076704144477844,0.021278763189911842,0.8076704144477844,opo,True,False
156791,2026-02,gov,0,0.9733500480651855,0.008434977382421494,0.018214982002973557,0.9733500480651855,gov,True,False
156792,2026-02,gov,0,0.9911823272705078,0.0025293678045272827,0.006288251373916864,0.9911823272705078,gov,True,False
156793,2026-02,gov,0,0.9276242256164551,0.0038459848146885633,0.06852969527244568,0.9276242256164551,gov,True,False
156794,2026-02,gov,0,0.7423689961433411,0.16898038983345032,0.08865053206682205,0.7423689961433411,gov,True,False
156795,2026-02,opo,1,0.020893210545182228,0.9460207223892212,0.03308609873056412,0.9460207223892212,gov,True,False
156796,2026-02,opo,1,0.02022102288901806,0.9699669480323792,0.009812064468860626,0.9699669480323792,opo,True,False
157508,2026-02,opo,1,0.0062463292852044106,0.9617713093757629,0.03198228403925896,0.9617713093757629,gov,True,False
157509,2026-02,opo,1,0.004927696194499731,0.9718568921089172,0.02321537956595421,0.9718568921089172,opo,True,False
157510,2026-02,gov,0,0.8056315779685974,0.10401809960603714,0.09035029262304306,0.8056315779685974,gov,True,False
157511,2026-02,gov,0,0.9285560846328735,0.010666908696293831,0.06077699363231659,0.9285560846328735,gov,True,False
157513,2026-02,gov,0,0.6274116039276123,0.003661197144538164,0.3689271807670593,0.6274116039276123,uncertain,True,False
157514,2026-02,uncertain,2,0.11359871923923492,0.01778452843427658,0.8686167597770691,0.8686167597770691,gov,True,False
157515,2026-02,uncertain,2,0.11759163439273834,0.1640627235174179,0.7183456420898438,0.7183456420898438,uncertain,True,False
158229,2026-02,opo,1,0.03394540399312973,0.7884877324104309,0.17756687104701996,0.7884877324104309,opo,True,False
158231,2026-02,gov,0,0.9690080881118774,0.002514831256121397,0.028477035462856293,0.9690080881118774,gov,True,False
158233,2026-02,gov,0,0.9615710973739624,0.007489344105124474,0.03093954734504223,0.9615710973739624,gov,True,False
158235,2026-02,opo,1,0.08653663098812103,0.8969146609306335,0.01654874160885811,0.8969146609306335,gov,True,False
158236,2026-02,opo,1,0.016836101189255714,0.9701659679412842,0.012997950427234173,0.9701659679412842,opo,True,False
158237,2026-02,opo,1,0.017874926328659058,0.9728033542633057,0.009321716614067554,0.9728033542633057,opo,True,False
158238,2026-02,opo,1,0.21004411578178406,0.7379008531570435,0.05205504223704338,0.7379008531570435,gov,True,False
158946,2026-02,opo,1,0.13006365299224854,0.7309010028839111,0.13903528451919556,0.7309010028839111,gov,True,False
158947,2026-02,opo,1,0.012602107599377632,0.9772093296051025,0.010188577696681023,0.9772093296051025,opo,True,False
158949,2026-02,gov,0,0.8135071992874146,0.12093505263328552,0.06555772572755814,0.8135071992874146,gov,True,False
158950,2026-02,gov,0,0.9491444826126099,0.006006236188113689,0.044849250465631485,0.9491444826126099,gov,True,False
158951,2026-02,gov,0,0.8933586478233337,0.0028032297268509865,0.10383812338113785,0.8933586478233337,gov,True,False
158952,2026-02,gov,0,0.9799500703811646,0.0038159566465765238,0.0162338949739933,0.9799500703811646,gov,True,False
158953,2026-02,gov,0,0.9843800067901611,0.007185871712863445,0.008434057235717773,0.9843800067901611,gov,True,False
158954,2026-02,gov,0,0.9433816075325012,0.050650253891944885,0.005968086887151003,0.9433816075325012,gov,True,False
158955,2026-02,gov,0,0.8355239033699036,0.16225002706050873,0.0022260702680796385,0.8355239033699036,gov,True,False
158956,2026-02,gov,0,0.9036363363265991,0.09554966539144516,0.0008139694691635668,0.9036363363265991,gov,True,False
158957,2026-02,gov,0,0.9467505812644958,0.04891558364033699,0.004333715420216322,0.9467505812644958,gov,True,False
158958,2026-02,gov,0,0.8548418879508972,0.11170797049999237,0.03345009684562683,0.8548418879508972,gov,True,False
158960,2026-02,gov,0,0.8710616827011108,0.026866920292377472,0.10207145661115646,0.8710616827011108,gov,True,False
159665,2026-02,uncertain,2,0.14616578817367554,0.2946928143501282,0.5591414570808411,0.5591414570808411,opo,True,False
159666,2026-02,opo,1,0.010234338231384754,0.9810872673988342,0.00867837481200695,0.9810872673988342,opo,True,False
159667,2026-02,opo,1,0.009992989711463451,0.9806388020515442,0.009368164464831352,0.9806388020515442,opo,True,False
159668,2026-02,opo,1,0.1238299161195755,0.8556320667266846,0.020538097247481346,0.8556320667266846,opo,True,False
159670,2026-02,gov,0,0.8688183426856995,0.008560442365705967,0.12262120097875595,0.8688183426856995,gov,True,False
159671,2026-02,gov,0,0.9359689950942993,0.0009416505927219987,0.0630892813205719,0.9359689950942993,gov,True,False
159672,2026-02,gov,0,0.9928699135780334,0.0009671715670265257,0.0061629232950508595,0.9928699135780334,gov,True,False
159673,2026-02,gov,0,0.9892849326133728,0.0059143309481441975,0.00480072433128953,0.9892849326133728,gov,True,False
159674,2026-02,gov,0,0.9663418531417847,0.0030380685348063707,0.030620073899626732,0.9663418531417847,gov,True,False
159675,2026-02,gov,0,0.9459571242332458,0.008719712495803833,0.0453232005238533,0.9459571242332458,gov,True,False
159676,2026-02,gov,0,0.9864343404769897,0.01150092575699091,0.0020646441262215376,0.9864343404769897,gov,True,False
159679,2026-02,gov,0,0.8916555643081665,0.06002925708889961,0.048315223306417465,0.8916555643081665,gov,True,False
159680,2026-02,gov,0,0.8552520275115967,0.028488658368587494,0.11625929176807404,0.8552520275115967,gov,True,False
160386,2026-02,opo,1,0.011425452306866646,0.9767201542854309,0.011854373849928379,0.9767201542854309,opo,True,False
160388,2026-02,opo,1,0.09311064332723618,0.5537656545639038,0.3531236946582794,0.5537656545639038,opo,True,False
160389,2026-02,uncertain,2,0.07303944230079651,0.0786929652094841,0.8482675552368164,0.8482675552368164,uncertain,True,False
160390,2026-02,uncertain,2,0.3606891334056854,0.017041979357600212,0.622268795967102,0.622268795967102,uncertain,True,False
160391,2026-02,uncertain,2,0.45405861735343933,0.005717740394175053,0.5402235984802246,0.5402235984802246,gov,True,False
160392,2026-02,gov,0,0.9714734554290771,0.003623396623879671,0.02490314655005932,0.9714734554290771,gov,True,False
160393,2026-02,gov,0,0.9737339615821838,0.014190787449479103,0.012075306847691536,0.9737339615821838,gov,True,False
160394,2026-02,gov,0,0.9885967373847961,0.0008236353169195354,0.010579596273601055,0.9885967373847961,gov,True,False
160396,2026-02,gov,0,0.9939343333244324,0.0041917432099580765,0.0018739538500085473,0.9939343333244324,gov,True,False
160397,2026-02,gov,0,0.9982890486717224,0.0012857591500505805,0.00042518984992057085,0.9982890486717224,gov,True,False
160399,2026-02,gov,0,0.9810004234313965,0.008188673295080662,0.010810920968651772,0.9810004234313965,gov,True,False
160400,2026-02,gov,0,0.9171375036239624,0.02249259129166603,0.06036993861198425,0.9171375036239624,gov,True,False
161107,2026-02,opo,1,0.021475186571478844,0.9655337333679199,0.012991078197956085,0.9655337333679199,opo,True,False
161109,2026-02,uncertain,2,0.03748500719666481,0.007027771789580584,0.9554871916770935,0.9554871916770935,uncertain,True,False
161110,2026-02,gov,0,0.8181380033493042,0.008050530217587948,0.17381146550178528,0.8181380033493042,gov,True,False
161111,2026-02,gov,0,0.8923082947731018,0.004267229698598385,0.1034245416522026,0.8923082947731018,gov,True,False
161112,2026-02,gov,0,0.9833646416664124,0.0009550126269459724,0.015680328011512756,0.9833646416664124,gov,True,False
161113,2026-02,gov,0,0.9923701286315918,0.005086672492325306,0.0025432270485907793,0.9923701286315918,gov,True,False
161116,2026-02,gov,0,0.9733979105949402,0.0029674419201910496,0.023634634912014008,0.9733979105949402,gov,True,False
161117,2026-02,gov,0,0.9573311805725098,0.02115943282842636,0.021509386599063873,0.9573311805725098,gov,True,False
161118,2026-02,gov,0,0.8234332799911499,0.16715176403522491,0.00941498950123787,0.8234332799911499,gov,True,False
161119,2026-02,gov,0,0.8306523561477661,0.14501218497753143,0.02433541603386402,0.8306523561477661,gov,True,False
161120,2026-02,gov,0,0.8969109654426575,0.05331532657146454,0.049773767590522766,0.8969109654426575,gov,True,False
161827,2026-02,opo,1,0.027577761560678482,0.9627218842506409,0.009700329974293709,0.9627218842506409,opo,True,False
161829,2026-02,uncertain,2,0.12026936560869217,0.010256274603307247,0.8694742918014526,0.8694742918014526,uncertain,True,False
161830,2026-02,uncertain,2,0.16606716811656952,0.012800290249288082,0.8211325407028198,0.8211325407028198,uncertain,True,False
161831,2026-02,gov,0,0.9248335957527161,0.003954070620238781,0.07121235877275467,0.9248335957527161,gov,True,False
161832,2026-02,gov,0,0.8085513710975647,0.008557206019759178,0.18289144337177277,0.8085513710975647,gov,True,False
161833,2026-02,gov,0,0.8494448661804199,0.016260245814919472,0.13429489731788635,0.8494448661804199,gov,True,False
161834,2026-02,uncertain,2,0.25011974573135376,0.0033982135355472565,0.7464820742607117,0.7464820742607117,gov,True,False
161837,2026-02,opo,1,0.2697305977344513,0.6838477253913879,0.046421684324741364,0.6838477253913879,opo,True,False
161839,2026-02,opo,1,0.09302076697349548,0.9027763605117798,0.004202864598482847,0.9027763605117798,opo,True,False
162547,2026-02,opo,1,0.04721366614103317,0.949069082736969,0.0037172739394009113,0.949069082736969,opo,True,False
162548,2026-02,uncertain,2,0.2370711863040924,0.25107279419898987,0.5118560194969177,0.5118560194969177,opo,True,False
162549,2026-02,uncertain,2,0.1792902648448944,0.02144523710012436,0.7992644309997559,0.7992644309997559,uncertain,True,False
162550,2026-02,opo,1,0.29854485392570496,0.646830141544342,0.05462498217821121,0.646830141544342,opo,True,False
162551,2026-02,gov,0,0.966876745223999,0.028390245512127876,0.004733062814921141,0.966876745223999,gov,True,False
162552,2026-02,gov,0,0.9379629492759705,0.022741714492440224,0.03929528221487999,0.9379629492759705,gov,True,False
162553,2026-02,gov,0,0.8200197219848633,0.1445857584476471,0.03539459407329559,0.8200197219848633,opo,True,False
162554,2026-02,uncertain,2,0.37871497869491577,0.025214815512299538,0.5960701704025269,0.5960701704025269,uncertain,True,False
162555,2026-02,gov,0,0.5657795071601868,0.0787046030163765,0.35551586747169495,0.5657795071601868,gov,True,False
162556,2026-02,gov,0,0.8069266676902771,0.16180320084095,0.03127012401819229,0.8069266676902771,gov,True,False
162558,2026-02,opo,1,0.0017991893691942096,0.9970092177391052,0.0011916131479665637,0.9970092177391052,opo,True,False
162559,2026-02,opo,1,0.020883329212665558,0.9728261828422546,0.00629052147269249,0.9728261828422546,opo,True,False
163267,2026-02,opo,1,0.10655602812767029,0.8610723614692688,0.032371602952480316,0.8610723614692688,opo,True,False
163268,2026-02,uncertain,2,0.15224972367286682,0.1461450159549713,0.7016052603721619,0.7016052603721619,uncertain,True,False
163269,2026-02,uncertain,2,0.2794910669326782,0.023126671090722084,0.6973822712898254,0.6973822712898254,uncertain,True,False
163271,2026-02,gov,0,0.9967477321624756,0.0005596342380158603,0.002692562760785222,0.9967477321624756,gov,True,False
163272,2026-02,gov,0,0.6220965385437012,0.007179788779467344,0.3707236349582672,0.6220965385437012,uncertain,True,False
163274,2026-02,uncertain,2,0.05228273198008537,0.01172992866486311,0.9359873533248901,0.9359873533248901,uncertain,True,False
163275,2026-02,uncertain,2,0.04884592071175575,0.002346377121284604,0.9488076567649841,0.9488076567649841,uncertain,True,False
163276,2026-02,uncertain,2,0.22670824825763702,0.011020497418940067,0.7622712850570679,0.7622712850570679,uncertain,True,False
163278,2026-02,opo,1,0.03553503006696701,0.9577169418334961,0.0067480262368917465,0.9577169418334961,opo,True,False
163988,2026-02,gov,0,0.6590200662612915,0.21539491415023804,0.12558497488498688,0.6590200662612915,opo,True,False
163989,2026-02,gov,0,0.8987414240837097,0.005973186809569597,0.09528539329767227,0.8987414240837097,gov,True,False
163992,2026-02,gov,0,0.7799267172813416,0.14341527223587036,0.07665808498859406,0.7799267172813416,gov,True,False
163993,2026-02,uncertain,2,0.197132408618927,0.23099973797798157,0.5718678832054138,0.5718678832054138,opo,True,False
163996,2026-02,gov,0,0.8273125290870667,0.05375978350639343,0.11892776191234589,0.8273125290870667,gov,True,False
163998,2026-02,gov,0,0.8797733187675476,0.08945481479167938,0.030771752819418907,0.8797733187675476,gov,True,False
164709,2026-02,gov,0,0.8874387741088867,0.008079935796558857,0.10448138415813446,0.8874387741088867,gov,True,False
164710,2026-02,gov,0,0.9344366788864136,0.02543729729950428,0.04012603312730789,0.9344366788864136,gov,True,False
164711,2026-02,opo,1,0.40020450949668884,0.5258313417434692,0.0739641785621643,0.5258313417434692,opo,True,False
164712,2026-02,gov,0,0.7553470134735107,0.23597291111946106,0.008680125698447227,0.7553470134735107,gov,True,False
164713,2026-02,gov,0,0.9138263463973999,0.04340505227446556,0.04276863485574722,0.9138263463973999,opo,True,False
164714,2026-02,gov,0,0.7070675492286682,0.08283080905675888,0.21010160446166992,0.7070675492286682,gov,True,False
164715,2026-02,opo,1,0.14307662844657898,0.748981237411499,0.10794206708669662,0.748981237411499,opo,True,False
164716,2026-02,opo,1,0.009546725079417229,0.9852171540260315,0.005236112978309393,0.9852171540260315,opo,True,False
165430,2026-02,gov,0,0.7105894684791565,0.25751641392707825,0.03189416229724884,0.7105894684791565,gov,True,False
165433,2026-02,gov,0,0.8297960162162781,0.13647639751434326,0.033727530390024185,0.8297960162162781,gov,True,False
165435,2026-02,opo,1,0.01158819254487753,0.9609890580177307,0.027422724291682243,0.9609890580177307,opo,True,False
165436,2026-02,opo,1,0.008703403174877167,0.9898855686187744,0.0014110704651102424,0.9898855686187744,opo,True,False
166150,2026-02,gov,0,0.8779622316360474,0.07544754445552826,0.0465901754796505,0.8779622316360474,gov,True,False
166152,2026-02,opo,1,0.13921108841896057,0.8199418783187866,0.040847018361091614,0.8199418783187866,opo,True,False
166154,2026-02,gov,0,0.7670762538909912,0.1939592808485031,0.0389644093811512,0.7670762538909912,gov,True,False
166155,2026-02,opo,1,0.22945021092891693,0.6710865497589111,0.09946326911449432,0.6710865497589111,gov,True,False
166156,2026-02,opo,1,0.007449708878993988,0.9919053316116333,0.0006449134671129286,0.9919053316116333,opo,True,False
166157,2026-02,opo,1,0.036828696727752686,0.9547349810600281,0.00843630451709032,0.9547349810600281,opo,True,False
166873,2026-02,gov,0,0.6110970973968506,0.2552550137042999,0.1336478739976883,0.6110970973968506,gov,True,False
166876,2026-02,opo,1,0.009415398351848125,0.9896543025970459,0.0009302794933319092,0.9896543025970459,opo,True,False
166877,2026-02,opo,1,0.1506529599428177,0.8398308157920837,0.00951622985303402,0.8398308157920837,opo,True,False
167591,2026-02,gov,0,0.87591153383255,0.046499717980623245,0.0775887593626976,0.87591153383255,gov,True,False
167592,2026-02,gov,0,0.9346897006034851,0.035094913095235825,0.030215471982955933,0.9346897006034851,gov,True,False
167594,2026-02,gov,0,0.9849200248718262,0.003909291233867407,0.01117064617574215,0.9849200248718262,gov,True,False
167597,2026-02,opo,1,0.2561940848827362,0.7374086976051331,0.006397242192178965,0.7374086976051331,opo,True,False
168313,2026-02,gov,0,0.9738587737083435,0.011372365988790989,0.014768865890800953,0.9738587737083435,gov,True,False
168316,2026-02,opo,1,0.12925705313682556,0.8608391284942627,0.00990382768213749,0.8608391284942627,opo,True,False
168318,2026-02,gov,0,0.6084199547767639,0.22659218311309814,0.16498790681362152,0.6084199547767639,opo,True,False
169035,2026-02,gov,0,0.9719142317771912,0.01182734314352274,0.016258472576737404,0.9719142317771912,gov,True,False
169036,2026-02,gov,0,0.9364582896232605,0.06180992349982262,0.001731773023493588,0.9364582896232605,gov,True,False
169037,2026-02,gov,0,0.982975423336029,0.009563865140080452,0.007460705004632473,0.982975423336029,gov,True,False
169756,2026-02,gov,0,0.981622040271759,0.01701992005109787,0.0013581016100943089,0.981622040271759,gov,True,False
143838,2026-03,gov,0,0.836114227771759,0.06649132072925568,0.09739447385072708,0.836114227771759,gov,True,False
145998,2026-03,gov,0,0.9204990267753601,0.019258450716733932,0.06024257838726044,0.9204990267753601,gov,True,False
147437,2026-03,gov,0,0.9140012264251709,0.004611909855157137,0.08138684928417206,0.9140012264251709,gov,True,False
147438,2026-03,gov,0,0.9185116291046143,0.008091849274933338,0.07339657098054886,0.9185116291046143,gov,True,False
147439,2026-03,gov,0,0.8201202154159546,0.015738869085907936,0.16414093971252441,0.8201202154159546,gov,True,False
148158,2026-03,gov,0,0.7153474688529968,0.02226756326854229,0.26238495111465454,0.7153474688529968,gov,True,False
149597,2026-03,uncertain,2,0.3620263338088989,0.09955025464296341,0.5384233593940735,0.5384233593940735,uncertain,True,False
150307,2026-03,gov,0,0.8055257797241211,0.07090520113706589,0.12356894463300705,0.8055257797241211,gov,True,False
150317,2026-03,gov,0,0.49429264664649963,0.18754562735557556,0.3181616961956024,0.49429264664649963,gov,True,False
151756,2026-03,gov,0,0.5182936787605286,0.05782917141914368,0.42387712001800537,0.5182936787605286,gov,True,False
151757,2026-03,uncertain,2,0.10774466395378113,0.01700412668287754,0.875251293182373,0.875251293182373,uncertain,True,False
152476,2026-03,gov,0,0.9343372583389282,0.013627782464027405,0.05203498154878616,0.9343372583389282,gov,True,False
153190,2026-03,gov,0,0.8442115783691406,0.06110746040940285,0.09468104690313339,0.8442115783691406,gov,True,False
153191,2026-03,gov,0,0.9355736970901489,0.03015860728919506,0.03426779434084892,0.9355736970901489,gov,True,False
153192,2026-03,gov,0,0.9258193969726562,0.017726054415106773,0.05645451694726944,0.9258193969726562,gov,True,False
153193,2026-03,gov,0,0.9829304814338684,0.008109965361654758,0.008959504775702953,0.9829304814338684,gov,True,False
153196,2026-03,gov,0,0.92313551902771,0.016706770285964012,0.06015768274664879,0.92313551902771,gov,True,False
153197,2026-03,uncertain,2,0.38283470273017883,0.026633553206920624,0.5905317664146423,0.5905317664146423,uncertain,True,False
153910,2026-03,gov,0,0.7049751281738281,0.08497437089681625,0.21005050837993622,0.7049751281738281,gov,True,False
153911,2026-03,gov,0,0.7140572667121887,0.21688337624073029,0.06905937194824219,0.7140572667121887,gov,True,False
153912,2026-03,gov,0,0.9034051299095154,0.07348481565713882,0.023110080510377884,0.9034051299095154,gov,True,False
153913,2026-03,gov,0,0.9535894393920898,0.031183524057269096,0.015226976945996284,0.9535894393920898,gov,True,False
153914,2026-03,gov,0,0.9838443398475647,0.00879029743373394,0.007365442346781492,0.9838443398475647,gov,True,False
153915,2026-03,gov,0,0.9059513807296753,0.029104096814990044,0.06494444608688354,0.9059513807296753,gov,True,False
153916,2026-03,gov,0,0.8766018152236938,0.05967168137431145,0.06372641772031784,0.8766018152236938,gov,True,False
153917,2026-03,gov,0,0.7700921893119812,0.057899974286556244,0.17200785875320435,0.7700921893119812,gov,True,False
153918,2026-03,gov,0,0.6127994656562805,0.11325506865978241,0.27394548058509827,0.6127994656562805,opo,True,False
154630,2026-03,gov,0,0.9599891304969788,0.01999853365123272,0.020012233406305313,0.9599891304969788,gov,True,False
154631,2026-03,gov,0,0.974428117275238,0.013859179802238941,0.011712724342942238,0.974428117275238,gov,True,False
154632,2026-03,gov,0,0.9913299083709717,0.005280332639813423,0.003389749675989151,0.9913299083709717,gov,True,False
154633,2026-03,gov,0,0.9898406863212585,0.0070471917279064655,0.0031120709609240294,0.9898406863212585,gov,True,False
154634,2026-03,gov,0,0.9750712513923645,0.018395384773612022,0.006533345673233271,0.9750712513923645,gov,True,False
154635,2026-03,gov,0,0.8744370341300964,0.07746229320764542,0.04810066521167755,0.8744370341300964,gov,True,False
154636,2026-03,gov,0,0.7974165081977844,0.13113698363304138,0.0714465081691742,0.7974165081977844,gov,True,False
155350,2026-03,gov,0,0.9620450139045715,0.017930326983332634,0.020024588331580162,0.9620450139045715,opo,True,False
155351,2026-03,gov,0,0.9638636112213135,0.011591605842113495,0.024544818326830864,0.9638636112213135,gov,True,False
155352,2026-03,gov,0,0.9863216876983643,0.004988351836800575,0.008689913898706436,0.9863216876983643,gov,True,False
155354,2026-03,gov,0,0.7092908024787903,0.1635960340499878,0.1271131932735443,0.7092908024787903,gov,True,False
156069,2026-03,gov,0,0.8186669945716858,0.1738775372505188,0.007455448620021343,0.8186669945716858,opo,True,False
156071,2026-03,gov,0,0.8869286179542542,0.06439008563756943,0.04868129640817642,0.8869286179542542,gov,True,False
156072,2026-03,gov,0,0.8832333087921143,0.056119322776794434,0.06064732372760773,0.8832333087921143,gov,True,False
156073,2026-03,gov,0,0.8907263875007629,0.07089042663574219,0.03838318586349487,0.8907263875007629,gov,True,False
156074,2026-03,gov,0,0.7445294260978699,0.08984414488077164,0.16562645137310028,0.7445294260978699,gov,True,False
156075,2026-03,uncertain,2,0.31099122762680054,0.18188510835170746,0.5071236491203308,0.5071236491203308,uncertain,True,False
156788,2026-03,gov,0,0.5249980688095093,0.41507792472839355,0.05992405116558075,0.5249980688095093,gov,True,False
156789,2026-03,opo,1,0.4565841555595398,0.5073626637458801,0.03605322167277336,0.5073626637458801,opo,True,False
156791,2026-03,gov,0,0.9734741449356079,0.014291591010987759,0.012234264053404331,0.9734741449356079,gov,True,False
156792,2026-03,gov,0,0.9683258533477783,0.012666669674217701,0.019007481634616852,0.9683258533477783,gov,True,False
156793,2026-03,gov,0,0.9319966435432434,0.004617234691977501,0.06338613480329514,0.9319966435432434,gov,True,False
156794,2026-03,gov,0,0.7009248733520508,0.11971457302570343,0.1793605089187622,0.7009248733520508,gov,True,False
156795,2026-03,opo,1,0.11302484571933746,0.7280636429786682,0.1589115709066391,0.7280636429786682,gov,True,False
156796,2026-03,opo,1,0.1466231793165207,0.8314014673233032,0.021975377574563026,0.8314014673233032,opo,True,False
157508,2026-03,opo,1,0.1845892369747162,0.7427718043327332,0.07263890653848648,0.7427718043327332,gov,True,False
157509,2026-03,opo,1,0.12157746404409409,0.8232024312019348,0.05522007867693901,0.8232024312019348,opo,True,False
157510,2026-03,gov,0,0.518084704875946,0.16435663402080536,0.3175586462020874,0.518084704875946,gov,True,False
157511,2026-03,gov,0,0.6852607131004333,0.2077380120754242,0.10700123012065887,0.6852607131004333,gov,True,False
157513,2026-03,uncertain,2,0.49293556809425354,0.0037302239798009396,0.5033342242240906,0.5033342242240906,uncertain,True,False
157514,2026-03,uncertain,2,0.18171930313110352,0.006197072099894285,0.8120836615562439,0.8120836615562439,gov,True,False
157515,2026-03,uncertain,2,0.09832822531461716,0.012552258558571339,0.8891195058822632,0.8891195058822632,uncertain,True,False
158229,2026-03,opo,1,0.11660929769277573,0.6934005618095398,0.18999013304710388,0.6934005618095398,opo,True,False
158231,2026-03,gov,0,0.8943483829498291,0.05770321935415268,0.04794837534427643,0.8943483829498291,gov,True,False
158233,2026-03,gov,0,0.8927614688873291,0.008519760333001614,0.09871875494718552,0.8927614688873291,gov,True,False
158235,2026-03,gov,0,0.4896146059036255,0.46512967348098755,0.0452556349337101,0.4896146059036255,opo,True,False
158236,2026-03,opo,1,0.17071689665317535,0.8006331324577332,0.028649961575865746,0.8006331324577332,opo,True,False
158237,2026-03,opo,1,0.22548548877239227,0.7418699264526367,0.032644547522068024,0.7418699264526367,opo,True,False
158238,2026-03,gov,0,0.5825935006141663,0.340319961309433,0.07708653807640076,0.5825935006141663,gov,True,False
158946,2026-03,gov,0,0.7032967209815979,0.156203493475914,0.14049983024597168,0.7032967209815979,gov,True,False
158947,2026-03,opo,1,0.37314632534980774,0.450566828250885,0.17628686130046844,0.450566828250885,opo,True,False
158949,2026-03,gov,0,0.7282174825668335,0.13396699726581573,0.13781550526618958,0.7282174825668335,gov,True,False
158950,2026-03,gov,0,0.950439453125,0.006032893899828196,0.04352759197354317,0.950439453125,gov,True,False
158951,2026-03,gov,0,0.9152693152427673,0.0094435540959239,0.0752871185541153,0.9152693152427673,gov,True,False
158952,2026-03,gov,0,0.92650306224823,0.0073852259665727615,0.06611170619726181,0.92650306224823,gov,True,False
158953,2026-03,gov,0,0.8859168887138367,0.010538075119256973,0.10354509204626083,0.8859168887138367,gov,True,False
158954,2026-03,gov,0,0.9692791700363159,0.009555759839713573,0.0211651511490345,0.9692791700363159,gov,True,False
158955,2026-03,gov,0,0.9746615886688232,0.023231780156493187,0.0021066556219011545,0.9746615886688232,gov,True,False
158956,2026-03,gov,0,0.9754933714866638,0.023637831211090088,0.0008687846129760146,0.9754933714866638,gov,True,False
158957,2026-03,gov,0,0.964531421661377,0.029859302565455437,0.00560928788036108,0.964531421661377,gov,True,False
158958,2026-03,gov,0,0.9340602159500122,0.03980093076825142,0.026138916611671448,0.9340602159500122,gov,True,False
158960,2026-03,gov,0,0.8698517680168152,0.019996337592601776,0.11015190929174423,0.8698517680168152,gov,True,False
159665,2026-03,uncertain,2,0.24879279732704163,0.15321390330791473,0.5979933142662048,0.5979933142662048,opo,True,False
159666,2026-03,opo,1,0.27591100335121155,0.6594785451889038,0.06461050361394882,0.6594785451889038,opo,True,False
159667,2026-03,opo,1,0.027914848178625107,0.9476235508918762,0.024461671710014343,0.9476235508918762,opo,True,False
159668,2026-03,opo,1,0.352620929479599,0.5774999260902405,0.06987912207841873,0.5774999260902405,opo,True,False
159670,2026-03,gov,0,0.8479748964309692,0.004965841304510832,0.14705917239189148,0.8479748964309692,gov,True,False
159671,2026-03,gov,0,0.9512678384780884,0.00764677207916975,0.041085340082645416,0.9512678384780884,gov,True,False
159672,2026-03,gov,0,0.980350136756897,0.0029706545174121857,0.01667925715446472,0.980350136756897,gov,True,False
159673,2026-03,gov,0,0.9543677568435669,0.012769791297614574,0.03286241367459297,0.9543677568435669,gov,True,False
159674,2026-03,gov,0,0.9718409180641174,0.0039080847054719925,0.024251079186797142,0.9718409180641174,gov,True,False
159675,2026-03,gov,0,0.9150785207748413,0.008040769025683403,0.07688073068857193,0.9150785207748413,gov,True,False
159676,2026-03,gov,0,0.9890794157981873,0.008336123079061508,0.002584368921816349,0.9890794157981873,gov,True,False
159679,2026-03,gov,0,0.9652224183082581,0.018063902854919434,0.01671365089714527,0.9652224183082581,gov,True,False
159680,2026-03,gov,0,0.8404566645622253,0.026763033121824265,0.1327802985906601,0.8404566645622253,gov,True,False
160386,2026-03,opo,1,0.04733619838953018,0.9229363203048706,0.02972746267914772,0.9229363203048706,opo,True,False
160388,2026-03,opo,1,0.30905601382255554,0.37871575355529785,0.3122282028198242,0.37871575355529785,opo,True,False
160389,2026-03,uncertain,2,0.08412764221429825,0.046865761280059814,0.8690065741539001,0.8690065741539001,uncertain,True,False
160390,2026-03,uncertain,2,0.05024631693959236,0.014719188213348389,0.9350345134735107,0.9350345134735107,uncertain,True,False
160391,2026-03,gov,0,0.7481963038444519,0.13895675539970398,0.11284692585468292,0.7481963038444519,gov,True,False
160392,2026-03,gov,0,0.9867349863052368,0.002379594137892127,0.0108853904530406,0.9867349863052368,gov,True,False
160393,2026-03,gov,0,0.9684907793998718,0.008340463973581791,0.02316873148083687,0.9684907793998718,gov,True,False
160394,2026-03,gov,0,0.9841093420982361,0.0018877993570640683,0.014002821408212185,0.9841093420982361,gov,True,False
160396,2026-03,gov,0,0.981415867805481,0.008109353482723236,0.010474811308085918,0.981415867805481,gov,True,False
160397,2026-03,gov,0,0.9841377139091492,0.011285469867289066,0.0045768506824970245,0.9841377139091492,gov,True,False
160399,2026-03,gov,0,0.9798690676689148,0.009895472787320614,0.010235383175313473,0.9798690676689148,gov,True,False
160400,2026-03,gov,0,0.9237121939659119,0.02319333702325821,0.053094532340765,0.9237121939659119,gov,True,False
161107,2026-03,opo,1,0.025427667424082756,0.9490767121315002,0.02549564465880394,0.9490767121315002,opo,True,False
161109,2026-03,uncertain,2,0.06781651824712753,0.03261549398303032,0.8995680809020996,0.8995680809020996,uncertain,True,False
161110,2026-03,uncertain,2,0.2462797462940216,0.03603975474834442,0.7176805138587952,0.7176805138587952,gov,True,False
161111,2026-03,gov,0,0.9557936191558838,0.019720690324902534,0.024485688656568527,0.9557936191558838,gov,True,False
161112,2026-03,gov,0,0.995780348777771,0.0008300341432914138,0.003389715449884534,0.995780348777771,gov,True,False
161113,2026-03,gov,0,0.9680718779563904,0.018286677077412605,0.013641479425132275,0.9680718779563904,gov,True,False
161116,2026-03,gov,0,0.9354133009910583,0.0028699617832899094,0.06171676889061928,0.9354133009910583,gov,True,False
161117,2026-03,gov,0,0.8868710994720459,0.022831983864307404,0.0902969166636467,0.8868710994720459,gov,True,False
161118,2026-03,gov,0,0.9112820029258728,0.06824850291013718,0.02046946808695793,0.9112820029258728,gov,True,False
161119,2026-03,gov,0,0.8989714980125427,0.07896443456411362,0.022064074873924255,0.8989714980125427,gov,True,False
161120,2026-03,gov,0,0.9233173727989197,0.0371972881257534,0.03948536142706871,0.9233173727989197,gov,True,False
161827,2026-03,opo,1,0.0037164362147450447,0.9940180778503418,0.00226553319953382,0.9940180778503418,opo,True,False
161829,2026-03,uncertain,2,0.08783584088087082,0.05009717121720314,0.862066924571991,0.862066924571991,uncertain,True,False
161830,2026-03,uncertain,2,0.04490771144628525,0.0240804310888052,0.9310117959976196,0.9310117959976196,uncertain,True,False
161831,2026-03,gov,0,0.7690215110778809,0.06602619588375092,0.1649523675441742,0.7690215110778809,gov,True,False
161832,2026-03,gov,0,0.9742343425750732,0.005334073677659035,0.0204315222799778,0.9742343425750732,gov,True,False
161833,2026-03,gov,0,0.7123172283172607,0.1924012303352356,0.09528154134750366,0.7123172283172607,gov,True,False
161834,2026-03,uncertain,2,0.11253728717565536,0.12403331696987152,0.7634294033050537,0.7634294033050537,gov,True,False
161837,2026-03,gov,0,0.6752898693084717,0.09275666624307632,0.231953427195549,0.6752898693084717,opo,True,False
161839,2026-03,opo,1,0.31073546409606934,0.6672248840332031,0.02203969843685627,0.6672248840332031,opo,True,False
162547,2026-03,opo,1,0.06613417714834213,0.9275954961776733,0.006270286627113819,0.9275954961776733,opo,True,False
162548,2026-03,opo,1,0.14053364098072052,0.6531829237937927,0.20628345012664795,0.6531829237937927,opo,True,False
162549,2026-03,uncertain,2,0.1818465292453766,0.11957602947950363,0.6985774040222168,0.6985774040222168,uncertain,True,False
162550,2026-03,opo,1,0.20445315539836884,0.55368572473526,0.24186110496520996,0.55368572473526,opo,True,False
162551,2026-03,gov,0,0.7650316953659058,0.14269910752773285,0.09226915240287781,0.7650316953659058,gov,True,False
162552,2026-03,gov,0,0.8866029381752014,0.031644925475120544,0.08175211399793625,0.8866029381752014,gov,True,False
162553,2026-03,opo,1,0.4590058922767639,0.4974208176136017,0.043573323637247086,0.4974208176136017,opo,True,False
162554,2026-03,uncertain,2,0.2178957164287567,0.2649558186531067,0.517148494720459,0.517148494720459,uncertain,True,False
162555,2026-03,gov,0,0.5009670853614807,0.1300281435251236,0.3690048158168793,0.5009670853614807,gov,True,False
162556,2026-03,gov,0,0.8987708687782288,0.058053139597177505,0.043175987899303436,0.8987708687782288,gov,True,False
162558,2026-03,opo,1,0.10118144005537033,0.8370084762573242,0.06181000918149948,0.8370084762573242,opo,True,False
162559,2026-03,opo,1,0.35854050517082214,0.5908610820770264,0.0505983941257,0.5908610820770264,opo,True,False
163267,2026-03,opo,1,0.0643753632903099,0.928267240524292,0.007357400376349688,0.928267240524292,opo,True,False
163268,2026-03,opo,1,0.0268036387860775,0.8021037578582764,0.17109261453151703,0.8021037578582764,uncertain,True,False
163269,2026-03,uncertain,2,0.06479518115520477,0.08613254874944687,0.849072277545929,0.849072277545929,uncertain,True,False
163271,2026-03,gov,0,0.8915789723396301,0.017082998529076576,0.09133800119161606,0.8915789723396301,gov,True,False
163272,2026-03,uncertain,2,0.05818037688732147,0.01219294872134924,0.9296266436576843,0.9296266436576843,uncertain,True,False
163274,2026-03,uncertain,2,0.08852682262659073,0.0068429275415837765,0.9046303033828735,0.9046303033828735,gov,True,False
163275,2026-03,uncertain,2,0.1175168827176094,0.00926219206303358,0.8732209801673889,0.8732209801673889,uncertain,True,False
163276,2026-03,gov,0,0.5659832954406738,0.012187392450869083,0.42182931303977966,0.5659832954406738,uncertain,True,False
163278,2026-03,gov,0,0.6103729009628296,0.27816951274871826,0.11145760864019394,0.6103729009628296,opo,True,False
163988,2026-03,opo,1,0.10519063472747803,0.8825185298919678,0.012290801852941513,0.8825185298919678,opo,True,False
163989,2026-03,gov,0,0.7129106521606445,0.10137689113616943,0.18571241199970245,0.7129106521606445,gov,True,False
163992,2026-03,gov,0,0.8972145318984985,0.022877998650074005,0.07990748435258865,0.8972145318984985,gov,True,False
163993,2026-03,uncertain,2,0.4177403151988983,0.03590896353125572,0.5463507175445557,0.5463507175445557,opo,True,False
163996,2026-03,gov,0,0.9172411561012268,0.06263231486082077,0.020126596093177795,0.9172411561012268,gov,True,False
163998,2026-03,gov,0,0.9447336196899414,0.042094167321920395,0.01317223347723484,0.9447336196899414,gov,True,False
164709,2026-03,gov,0,0.8678508996963501,0.06018094718456268,0.07196813821792603,0.8678508996963501,gov,True,False
164710,2026-03,gov,0,0.9573351144790649,0.008776777423918247,0.033888060599565506,0.9573351144790649,gov,True,False
164711,2026-03,uncertain,2,0.2903774082660675,0.018991494551301003,0.690631091594696,0.690631091594696,opo,True,False
164712,2026-03,gov,0,0.9523553848266602,0.024172935634851456,0.023471716791391373,0.9523553848266602,opo,True,False
164713,2026-03,gov,0,0.9574980735778809,0.007415073458105326,0.03508690744638443,0.9574980735778809,opo,True,False
164714,2026-03,gov,0,0.966421365737915,0.012385484762489796,0.021193139255046844,0.966421365737915,gov,True,False
164715,2026-03,gov,0,0.7509113550186157,0.16683003306388855,0.08225856721401215,0.7509113550186157,opo,True,False
164716,2026-03,opo,1,0.06074884533882141,0.9349463582038879,0.004304796922951937,0.9349463582038879,opo,True,False
165430,2026-03,gov,0,0.8654155731201172,0.08465852588415146,0.04992595687508583,0.8654155731201172,gov,True,False
165433,2026-03,gov,0,0.9575374126434326,0.03123680129647255,0.01122578140348196,0.9575374126434326,gov,True,False
165435,2026-03,gov,0,0.6965442299842834,0.24880018830299377,0.054655544459819794,0.6965442299842834,opo,True,False
165436,2026-03,opo,1,0.055120427161455154,0.9370494484901428,0.007830140180885792,0.9370494484901428,opo,True,False
166150,2026-03,gov,0,0.8881513476371765,0.03203640133142471,0.07981233298778534,0.8881513476371765,gov,True,False
166152,2026-03,gov,0,0.7565878629684448,0.19936901330947876,0.04404311627149582,0.7565878629684448,opo,True,False
166154,2026-03,gov,0,0.9822919368743896,0.00579353841021657,0.011914507485926151,0.9822919368743896,gov,True,False
166155,2026-03,gov,0,0.942246675491333,0.026982761919498444,0.030770601704716682,0.942246675491333,gov,True,False
166156,2026-03,opo,1,0.17146198451519012,0.8135013580322266,0.01503660622984171,0.8135013580322266,opo,True,False
166157,2026-03,opo,1,0.0906505137681961,0.8378878235816956,0.07146161049604416,0.8378878235816956,opo,True,False
166873,2026-03,gov,0,0.8560049533843994,0.014473333023488522,0.1295217126607895,0.8560049533843994,gov,True,False
166876,2026-03,opo,1,0.11230221390724182,0.8575828671455383,0.030114974826574326,0.8575828671455383,opo,True,False
166877,2026-03,opo,1,0.19805212318897247,0.7558742165565491,0.04607367888092995,0.7558742165565491,opo,True,False
167591,2026-03,gov,0,0.8861209154129028,0.056624528020620346,0.05725455284118652,0.8861209154129028,gov,True,False
167592,2026-03,gov,0,0.9444332122802734,0.02692597359418869,0.028640825301408768,0.9444332122802734,gov,True,False
167594,2026-03,gov,0,0.9758256077766418,0.010587558150291443,0.01358681358397007,0.9758256077766418,gov,True,False
167597,2026-03,gov,0,0.5181366801261902,0.4351533353328705,0.046709947288036346,0.5181366801261902,opo,True,False
168313,2026-03,gov,0,0.9571406841278076,0.020485999062657356,0.02237328141927719,0.9571406841278076,gov,True,False
168316,2026-03,opo,1,0.299381822347641,0.6324434280395508,0.068174809217453,0.6324434280395508,opo,True,False
168318,2026-03,gov,0,0.6194456219673157,0.2464216947555542,0.13413266837596893,0.6194456219673157,opo,True,False
169035,2026-03,gov,0,0.7846246361732483,0.07029708474874496,0.14507827162742615,0.7846246361732483,gov,True,False
169036,2026-03,gov,0,0.8972139954566956,0.0823693796992302,0.020416658371686935,0.8972139954566956,gov,True,False
169037,2026-03,gov,0,0.957726240158081,0.014500785619020462,0.027772903442382812,0.957726240158081,gov,True,False
169756,2026-03,gov,0,0.9852389097213745,0.006014273501932621,0.008746807463467121,0.9852389097213745,gov,True,False
