priogrid_gid,year_month,pred_class,pred_class_int,prob_gov,prob_opo,prob_uncertain,confidence,true_class,has_label,is_train_month
143838,2023-11,gov,0,1.0,0.0,0.0,1.0,gov,True,True
143838,2023-12,gov,0,1.0,0.0,0.0,1.0,gov,True,True
143838,2024-01,gov,0,1.0,0.0,0.0,1.0,gov,True,True
143838,2024-02,gov,0,1.0,0.0,0.0,1.0,gov,True,True
143838,2024-03,gov,0,1.0,0.0,0.0,1.0,gov,True,True
143838,2024-04,gov,0,1.0,0.0,0.0,1.0,gov,True,True
143838,2024-05,gov,0,1.0,0.0,0.0,1.0,gov,True,True
143838,2024-06,gov,0,1.0,0.0,0.0,1.0,gov,True,True
143838,2024-07,gov,0,1.0,0.0,0.0,1.0,gov,True,True
143838,2024-08,gov,0,1.0,0.0,0.0,1.0,gov,True,True
143838,2024-09,gov,0,1.0,0.0,0.0,1.0,gov,True,True
143838,2024-10,gov,0,1.0,0.0,0.0,1.0,gov,True,True
143838,2024-11,gov,0,1.0,0.0,0.0,1.0,gov,True,True
143838,2024-12,gov,0,1.0,0.0,0.0,1.0,gov,True,True
143838,2025-01,gov,0,1.0,0.0,0.0,1.0,gov,True,True
143838,2025-02,gov,0,1.0,0.0,0.0,1.0,gov,True,True
143838,2025-03,gov,0,1.0,0.0,0.0,1.0,gov,True,True
143838,2025-04,gov,0,1.0,0.0,0.0,1.0,gov,True,True
143838,2025-05,gov,0,1.0,0.0,0.0,1.0,gov,True,True
143838,2025-06,gov,0,1.0,0.0,0.0,1.0,gov,True,True
143838,2025-07,gov,0,1.0,0.0,0.0,1.0,gov,True,False
143838,2025-08,gov,0,1.0,0.0,0.0,1.0,gov,True,False
143838,2025-09,gov,0,1.0,0.0,0.0,1.0,gov,True,False
143838,2025-10,gov,0,1.0,0.0,0.0,1.0,gov,True,False
143838,2025-11,gov,0,1.0,0.0,0.0,1.0,gov,True,False
143838,2025-12,gov,0,1.0,0.0,0.0,1.0,gov,True,False
143838,2026-01,gov,0,1.0,0.0,0.0,1.0,gov,True,False
143838,2026-02,gov,0,1.0,0.0,0.0,1.0,gov,True,False
143838,2026-03,gov,0,1.0,0.0,0.0,1.0,gov,True,False
145998,2023-11,gov,0,1.0,0.0,0.0,1.0,gov,True,True
145998,2023-12,gov,0,1.0,0.0,0.0,1.0,gov,True,True
145998,2024-01,gov,0,1.0,0.0,0.0,1.0,gov,True,True
145998,2024-02,gov,0,1.0,0.0,0.0,1.0,gov,True,True
145998,2024-03,gov,0,1.0,0.0,0.0,1.0,gov,True,True
145998,2024-04,gov,0,1.0,0.0,0.0,1.0,gov,True,True
145998,2024-05,gov,0,1.0,0.0,0.0,1.0,opo,True,True
145998,2024-06,opo,1,0.0,1.0,0.0,1.0,gov,True,True
145998,2024-07,gov,0,1.0,0.0,0.0,1.0,gov,True,True
145998,2024-08,gov,0,1.0,0.0,0.0,1.0,gov,True,True
145998,2024-09,gov,0,1.0,0.0,0.0,1.0,gov,True,True
145998,2024-10,gov,0,1.0,0.0,0.0,1.0,gov,True,True
145998,2024-11,gov,0,1.0,0.0,0.0,1.0,gov,True,True
145998,2024-12,gov,0,1.0,0.0,0.0,1.0,gov,True,True
145998,2025-01,gov,0,1.0,0.0,0.0,1.0,gov,True,True
145998,2025-02,gov,0,1.0,0.0,0.0,1.0,gov,True,True
145998,2025-03,gov,0,1.0,0.0,0.0,1.0,gov,True,True
145998,2025-04,gov,0,1.0,0.0,0.0,1.0,gov,True,True
145998,2025-05,gov,0,1.0,0.0,0.0,1.0,gov,True,True
145998,2025-06,gov,0,1.0,0.0,0.0,1.0,gov,True,True
145998,2025-07,gov,0,1.0,0.0,0.0,1.0,gov,True,False
145998,2025-08,gov,0,1.0,0.0,0.0,1.0,gov,True,False
145998,2025-09,gov,0,1.0,0.0,0.0,1.0,gov,True,False
145998,2025-10,gov,0,1.0,0.0,0.0,1.0,gov,True,False
145998,2025-11,gov,0,1.0,0.0,0.0,1.0,gov,True,False
145998,2025-12,gov,0,1.0,0.0,0.0,1.0,gov,True,False
145998,2026-01,gov,0,1.0,0.0,0.0,1.0,gov,True,False
145998,2026-02,gov,0,1.0,0.0,0.0,1.0,gov,True,False
145998,2026-03,gov,0,1.0,0.0,0.0,1.0,gov,True,False
147437,2023-11,gov,0,1.0,0.0,0.0,1.0,gov,True,True
147437,2023-12,gov,0,1.0,0.0,0.0,1.0,gov,True,True
147437,2024-01,gov,0,1.0,0.0,0.0,1.0,gov,True,True
147437,2024-02,gov,0,1.0,0.0,0.0,1.0,gov,True,True
147437,2024-03,gov,0,1.0,0.0,0.0,1.0,gov,True,True
147437,2024-04,gov,0,1.0,0.0,0.0,1.0,gov,True,True
147437,2024-05,gov,0,1.0,0.0,0.0,1.0,gov,True,True
147437,2024-06,gov,0,1.0,0.0,0.0,1.0,gov,True,True
147437,2024-07,gov,0,1.0,0.0,0.0,1.0,gov,True,True
147437,2024-08,gov,0,1.0,0.0,0.0,1.0,gov,True,True
147437,2024-09,gov,0,1.0,0.0,0.0,1.0,gov,True,True
147437,2024-10,gov,0,1.0,0.0,0.0,1.0,gov,True,True
147437,2024-11,gov,0,1.0,0.0,0.0,1.0,gov,True,True
147437,2024-12,gov,0,1.0,0.0,0.0,1.0,gov,True,True
147437,2025-01,gov,0,1.0,0.0,0.0,1.0,gov,True,True
147437,2025-02,gov,0,1.0,0.0,0.0,1.0,gov,True,True
147437,2025-03,gov,0,1.0,0.0,0.0,1.0,gov,True,True
147437,2025-04,gov,0,1.0,0.0,0.0,1.0,gov,True,True
147437,2025-05,gov,0,1.0,0.0,0.0,1.0,gov,True,True
147437,2025-06,gov,0,1.0,0.0,0.0,1.0,gov,True,True
147437,2025-07,gov,0,1.0,0.0,0.0,1.0,gov,True,False
147437,2025-08,gov,0,1.0,0.0,0.0,1.0,gov,True,False
147437,2025-09,gov,0,1.0,0.0,0.0,1.0,gov,True,False
147437,2025-10,gov,0,1.0,0.0,0.0,1.0,gov,True,False
147437,2025-11,gov,0,1.0,0.0,0.0,1.0,gov,True,False
147437,2025-12,gov,0,1.0,0.0,0.0,1.0,gov,True,False
147437,2026-01,gov,0,1.0,0.0,0.0,1.0,gov,True,False
147437,2026-02,gov,0,1.0,0.0,0.0,1.0,gov,True,False
147437,2026-03,gov,0,1.0,0.0,0.0,1.0,gov,True,False
147438,2023-11,gov,0,1.0,0.0,0.0,1.0,gov,True,True
147438,2023-12,gov,0,1.0,0.0,0.0,1.0,gov,True,True
147438,2024-01,gov,0,1.0,0.0,0.0,1.0,gov,True,True
147438,2024-02,gov,0,1.0,0.0,0.0,1.0,gov,True,True
147438,2024-03,gov,0,1.0,0.0,0.0,1.0,gov,True,True
147438,2024-04,gov,0,1.0,0.0,0.0,1.0,opo,True,True
147438,2024-05,opo,1,0.0,1.0,0.0,1.0,gov,True,True
147438,2024-06,gov,0,1.0,0.0,0.0,1.0,gov,True,True
147438,2024-07,gov,0,1.0,0.0,0.0,1.0,gov,True,True
147438,2024-08,gov,0,1.0,0.0,0.0,1.0,gov,True,True
147438,2024-09,gov,0,1.0,0.0,0.0,1.0,gov,True,True
147438,2024-10,gov,0,1.0,0.0,0.0,1.0,gov,True,True
147438,2024-11,gov,0,1.0,0.0,0.0,1.0,gov,True,True
147438,2024-12,gov,0,1.0,0.0,0.0,1.0,gov,True,True
147438,2025-01,gov,0,1.0,0.0,0.0,1.0,gov,True,True
147438,2025-02,gov,0,1.0,0.0,0.0,1.0,gov,True,True
147438,2025-03,gov,0,1.0,0.0,0.0,1.0,gov,True,True
147438,2025-04,gov,0,1.0,0.0,0.0,1.0,gov,True,True
147438,2025-05,gov,0,1.0,0.0,0.0,1.0,gov,True,True
147438,2025-06,gov,0,1.0,0.0,0.0,1.0,gov,True,True
147438,2025-07,gov,0,1.0,0.0,0.0,1.0,gov,True,False
147438,2025-08,gov,0,1.0,0.0,0.0,1.0,gov,True,False
147438,2025-09,gov,0,1.0,0.0,0.0,1.0,gov,True,False
147438,2025-10,gov,0,1.0,0.0,0.0,1.0,gov,True,False
147438,2025-11,gov,0,1.0,0.0,0.0,1.0,gov,True,False
147438,2025-12,gov,0,1.0,0.0,0.0,1.0,gov,True,False
147438,2026-01,gov,0,1.0,0.0,0.0,1.0,gov,True,False
147438,2026-02,gov,0,1.0,0.0,0.0,1.0,gov,True,False
147438,2026-03,gov,0,1.0,0.0,0.0,1.0,gov,True,False
147439,2023-11,gov,0,1.0,0.0,0.0,1.0,uncertain,True,True
147439,2023-12,uncertain,2,0.0,0.0,1.0,1.0,uncertain,True,True
147439,2024-01,uncertain,2,0.0,0.0,1.0,1.0,uncertain,True,True
147439,2024-02,uncertain,2,0.0,0.0,1.0,1.0,uncertain,True,True
147439,2024-03,uncertain,2,0.0,0.0,1.0,1.0,uncertain,True,True
147439,2024-04,uncertain,2,0.0,0.0,1.0,1.0,uncertain,True,True
147439,2024-05,uncertain,2,0.0,0.0,1.0,1.0,uncertain,True,True
147439,2024-06,uncertain,2,0.0,0.0,1.0,1.0,uncertain,True,True
147439,2024-07,uncertain,2,0.0,0.0,1.0,1.0,uncertain,True,True
147439,2024-08,uncertain,2,0.0,0.0,1.0,1.0,gov,True,True
147439,2024-09,gov,0,1.0,0.0,0.0,1.0,gov,True,True
147439,2024-10,gov,0,1.0,0.0,0.0,1.0,gov,True,True
147439,2024-11,gov,0,1.0,0.0,0.0,1.0,gov,True,True
147439,2024-12,gov,0,1.0,0.0,0.0,1.0,gov,True,True
147439,2025-01,gov,0,1.0,0.0,0.0,1.0,gov,True,True
147439,2025-02,gov,0,1.0,0.0,0.0,1.0,gov,True,True
147439,2025-03,gov,0,1.0,0.0,0.0,1.0,gov,True,True
147439,2025-04,gov,0,1.0,0.0,0.0,1.0,gov,True,True
147439,2025-05,gov,0,1.0,0.0,0.0,1.0,gov,True,True
147439,2025-06,gov,0,1.0,0.0,0.0,1.0,gov,True,True
147439,2025-07,gov,0,1.0,0.0,0.0,1.0,gov,True,False
147439,2025-08,gov,0,1.0,0.0,0.0,1.0,gov,True,False
147439,2025-09,gov,0,1.0,0.0,0.0,1.0,gov,True,False
147439,2025-10,gov,0,1.0,0.0,0.0,1.0,gov,True,False
147439,2025-11,gov,0,1.0,0.0,0.0,1.0,gov,True,False
147439,2025-12,gov,0,1.0,0.0,0.0,1.0,gov,True,False
147439,2026-01,gov,0,1.0,0.0,0.0,1.0,gov,True,False
147439,2026-02,gov,0,1.0,0.0,0.0,1.0,gov,True,False
147439,2026-03,gov,0,1.0,0.0,0.0,1.0,gov,True,False
148158,2023-11,gov,0,1.0,0.0,0.0,1.0,uncertain,True,True
148158,2023-12,uncertain,2,0.0,0.0,1.0,1.0,uncertain,True,True
148158,2024-01,uncertain,2,0.0,0.0,1.0,1.0,uncertain,True,True
148158,2024-02,uncertain,2,0.0,0.0,1.0,1.0,uncertain,True,True
148158,2024-03,uncertain,2,0.0,0.0,1.0,1.0,uncertain,True,True
148158,2024-04,uncertain,2,0.0,0.0,1.0,1.0,uncertain,True,True
148158,2024-05,uncertain,2,0.0,0.0,1.0,1.0,uncertain,True,True
148158,2024-06,uncertain,2,0.0,0.0,1.0,1.0,uncertain,True,True
148158,2024-07,uncertain,2,0.0,0.0,1.0,1.0,uncertain,True,True
148158,2024-08,uncertain,2,0.0,0.0,1.0,1.0,gov,True,True
148158,2024-09,gov,0,1.0,0.0,0.0,1.0,gov,True,True
148158,2024-10,gov,0,1.0,0.0,0.0,1.0,gov,True,True
148158,2024-11,gov,0,1.0,0.0,0.0,1.0,gov,True,True
148158,2024-12,gov,0,1.0,0.0,0.0,1.0,gov,True,True
148158,2025-01,gov,0,1.0,0.0,0.0,1.0,gov,True,True
148158,2025-02,gov,0,1.0,0.0,0.0,1.0,gov,True,True
148158,2025-03,gov,0,1.0,0.0,0.0,1.0,gov,True,True
148158,2025-04,gov,0,1.0,0.0,0.0,1.0,gov,True,True
148158,2025-05,gov,0,1.0,0.0,0.0,1.0,gov,True,True
148158,2025-06,gov,0,1.0,0.0,0.0,1.0,gov,True,True
148158,2025-07,gov,0,1.0,0.0,0.0,1.0,gov,True,False
148158,2025-08,gov,0,1.0,0.0,0.0,1.0,gov,True,False
148158,2025-09,gov,0,1.0,0.0,0.0,1.0,gov,True,False
148158,2025-10,gov,0,1.0,0.0,0.0,1.0,gov,True,False
148158,2025-11,gov,0,1.0,0.0,0.0,1.0,gov,True,False
148158,2025-12,gov,0,1.0,0.0,0.0,1.0,gov,True,False
148158,2026-01,gov,0,1.0,0.0,0.0,1.0,gov,True,False
148158,2026-02,gov,0,1.0,0.0,0.0,1.0,gov,True,False
148158,2026-03,gov,0,1.0,0.0,0.0,1.0,gov,True,False
149597,2023-11,gov,0,1.0,0.0,0.0,1.0,uncertain,True,True
149597,2023-12,uncertain,2,0.0,0.0,1.0,1.0,uncertain,True,True
149597,2024-01,uncertain,2,0.0,0.0,1.0,1.0,uncertain,True,True
149597,2024-02,uncertain,2,0.0,0.0,1.0,1.0,uncertain,True,True
149597,2024-03,uncertain,2,0.0,0.0,1.0,1.0,uncertain,True,True
149597,2024-04,uncertain,2,0.0,0.0,1.0,1.0,uncertain,True,True
149597,2024-05,uncertain,2,0.0,0.0,1.0,1.0,uncertain,True,True
149597,2024-06,uncertain,2,0.0,0.0,1.0,1.0,uncertain,True,True
149597,2024-07,uncertain,2,0.0,0.0,1.0,1.0,uncertain,True,True
149597,2024-08,uncertain,2,0.0,0.0,1.0,1.0,uncertain,True,True
149597,2024-09,uncertain,2,0.0,0.0,1.0,1.0,uncertain,True,True
149597,2024-10,uncertain,2,0.0,0.0,1.0,1.0,uncertain,True,True
149597,2024-11,uncertain,2,0.0,0.0,1.0,1.0,uncertain,True,True
149597,2024-12,uncertain,2,0.0,0.0,1.0,1.0,uncertain,True,True
149597,2025-01,uncertain,2,0.0,0.0,1.0,1.0,uncertain,True,True
149597,2025-02,uncertain,2,0.0,0.0,1.0,1.0,uncertain,True,True
149597,2025-03,uncertain,2,0.0,0.0,1.0,1.0,uncertain,True,True
149597,2025-04,uncertain,2,0.0,0.0,1.0,1.0,uncertain,True,True
149597,2025-05,uncertain,2,0.0,0.0,1.0,1.0,uncertain,True,True
149597,2025-06,uncertain,2,0.0,0.0,1.0,1.0,uncertain,True,True
149597,2025-07,uncertain,2,0.0,0.0,1.0,1.0,uncertain,True,False
149597,2025-08,uncertain,2,0.0,0.0,1.0,1.0,uncertain,True,False
149597,2025-09,uncertain,2,0.0,0.0,1.0,1.0,uncertain,True,False
149597,2025-10,uncertain,2,0.0,0.0,1.0,1.0,uncertain,True,False
149597,2025-11,uncertain,2,0.0,0.0,1.0,1.0,uncertain,True,False
149597,2025-12,uncertain,2,0.0,0.0,1.0,1.0,uncertain,True,False
149597,2026-01,uncertain,2,0.0,0.0,1.0,1.0,uncertain,True,False
149597,2026-02,uncertain,2,0.0,0.0,1.0,1.0,uncertain,True,False
149597,2026-03,uncertain,2,0.0,0.0,1.0,1.0,uncertain,True,False
150307,2023-11,gov,0,1.0,0.0,0.0,1.0,gov,True,True
150307,2023-12,gov,0,1.0,0.0,0.0,1.0,gov,True,True
150307,2024-01,gov,0,1.0,0.0,0.0,1.0,gov,True,True
150307,2024-02,gov,0,1.0,0.0,0.0,1.0,gov,True,True
150307,2024-03,gov,0,1.0,0.0,0.0,1.0,gov,True,True
150307,2024-04,gov,0,1.0,0.0,0.0,1.0,gov,True,True
150307,2024-05,gov,0,1.0,0.0,0.0,1.0,gov,True,True
150307,2024-06,gov,0,1.0,0.0,0.0,1.0,gov,True,True
150307,2024-07,gov,0,1.0,0.0,0.0,1.0,gov,True,True
150307,2024-08,gov,0,1.0,0.0,0.0,1.0,gov,True,True
150307,2024-09,gov,0,1.0,0.0,0.0,1.0,gov,True,True
150307,2024-10,gov,0,1.0,0.0,0.0,1.0,gov,True,True
150307,2024-11,gov,0,1.0,0.0,0.0,1.0,gov,True,True
150307,2024-12,gov,0,1.0,0.0,0.0,1.0,gov,True,True
150307,2025-01,gov,0,1.0,0.0,0.0,1.0,gov,True,True
150307,2025-02,gov,0,1.0,0.0,0.0,1.0,gov,True,True
150307,2025-03,gov,0,1.0,0.0,0.0,1.0,gov,True,True
150307,2025-04,gov,0,1.0,0.0,0.0,1.0,gov,True,True
150307,2025-05,gov,0,1.0,0.0,0.0,1.0,gov,True,True
150307,2025-06,gov,0,1.0,0.0,0.0,1.0,gov,True,True
150307,2025-07,gov,0,1.0,0.0,0.0,1.0,gov,True,False
150307,2025-08,gov,0,1.0,0.0,0.0,1.0,gov,True,False
150307,2025-09,gov,0,1.0,0.0,0.0,1.0,gov,True,False
150307,2025-10,gov,0,1.0,0.0,0.0,1.0,gov,True,False
150307,2025-11,gov,0,1.0,0.0,0.0,1.0,gov,True,False
150307,2025-12,gov,0,1.0,0.0,0.0,1.0,gov,True,False
150307,2026-01,gov,0,1.0,0.0,0.0,1.0,gov,True,False
150307,2026-02,gov,0,1.0,0.0,0.0,1.0,gov,True,False
150307,2026-03,gov,0,1.0,0.0,0.0,1.0,gov,True,False
150317,2023-11,gov,0,1.0,0.0,0.0,1.0,uncertain,True,True
150317,2023-12,uncertain,2,0.0,0.0,1.0,1.0,uncertain,True,True
150317,2024-01,uncertain,2,0.0,0.0,1.0,1.0,uncertain,True,True
150317,2024-02,uncertain,2,0.0,0.0,1.0,1.0,uncertain,True,True
150317,2024-03,uncertain,2,0.0,0.0,1.0,1.0,uncertain,True,True
150317,2024-04,uncertain,2,0.0,0.0,1.0,1.0,opo,True,True
150317,2024-05,opo,1,0.0,1.0,0.0,1.0,uncertain,True,True
150317,2024-06,uncertain,2,0.0,0.0,1.0,1.0,uncertain,True,True
150317,2024-07,uncertain,2,0.0,0.0,1.0,1.0,uncertain,True,True
150317,2024-08,uncertain,2,0.0,0.0,1.0,1.0,gov,True,True
150317,2024-09,gov,0,1.0,0.0,0.0,1.0,gov,True,True
150317,2024-10,gov,0,1.0,0.0,0.0,1.0,gov,True,True
150317,2024-11,gov,0,1.0,0.0,0.0,1.0,gov,True,True
150317,2024-12,gov,0,1.0,0.0,0.0,1.0,gov,True,True
150317,2025-01,gov,0,1.0,0.0,0.0,1.0,gov,True,True
150317,2025-02,gov,0,1.0,0.0,0.0,1.0,gov,True,True
150317,2025-03,gov,0,1.0,0.0,0.0,1.0,gov,True,True
150317,2025-04,gov,0,1.0,0.0,0.0,1.0,gov,True,True
150317,2025-05,gov,0,1.0,0.0,0.0,1.0,gov,True,True
150317,2025-06,gov,0,1.0,0.0,0.0,1.0,opo,True,True
150317,2025-07,opo,1,0.0,1.0,0.0,1.0,gov,True,False
150317,2025-08,gov,0,1.0,0.0,0.0,1.0,gov,True,False
150317,2025-09,gov,0,1.0,0.0,0.0,1.0,gov,True,False
150317,2025-10,gov,0,1.0,0.0,0.0,1.0,opo,True,False
150317,2025-11,opo,1,0.0,1.0,0.0,1.0,gov,True,False
150317,2025-12,gov,0,1.0,0.0,0.0,1.0,gov,True,False
150317,2026-01,gov,0,1.0,0.0,0.0,1.0,gov,True,False
150317,2026-02,gov,0,1.0,0.0,0.0,1.0,gov,True,False
150317,2026-03,gov,0,1.0,0.0,0.0,1.0,gov,True,False
151756,2023-11,gov,0,1.0,0.0,0.0,1.0,uncertain,True,True
151756,2023-12,uncertain,2,0.0,0.0,1.0,1.0,uncertain,True,True
151756,2024-01,uncertain,2,0.0,0.0,1.0,1.0,uncertain,True,True
151756,2024-02,uncertain,2,0.0,0.0,1.0,1.0,uncertain,True,True
151756,2024-03,uncertain,2,0.0,0.0,1.0,1.0,uncertain,True,True
151756,2024-04,uncertain,2,0.0,0.0,1.0,1.0,uncertain,True,True
151756,2024-05,uncertain,2,0.0,0.0,1.0,1.0,uncertain,True,True
151756,2024-06,uncertain,2,0.0,0.0,1.0,1.0,uncertain,True,True
151756,2024-07,uncertain,2,0.0,0.0,1.0,1.0,uncertain,True,True
151756,2024-08,uncertain,2,0.0,0.0,1.0,1.0,gov,True,True
151756,2024-09,gov,0,1.0,0.0,0.0,1.0,gov,True,True
151756,2024-10,gov,0,1.0,0.0,0.0,1.0,gov,True,True
151756,2024-11,gov,0,1.0,0.0,0.0,1.0,gov,True,True
151756,2024-12,gov,0,1.0,0.0,0.0,1.0,gov,True,True
151756,2025-01,gov,0,1.0,0.0,0.0,1.0,gov,True,True
151756,2025-02,gov,0,1.0,0.0,0.0,1.0,gov,True,True
151756,2025-03,gov,0,1.0,0.0,0.0,1.0,gov,True,True
151756,2025-04,gov,0,1.0,0.0,0.0,1.0,gov,True,True
151756,2025-05,gov,0,1.0,0.0,0.0,1.0,gov,True,True
151756,2025-06,gov,0,1.0,0.0,0.0,1.0,gov,True,True
151756,2025-07,gov,0,1.0,0.0,0.0,1.0,gov,True,False
151756,2025-08,gov,0,1.0,0.0,0.0,1.0,gov,True,False
151756,2025-09,gov,0,1.0,0.0,0.0,1.0,gov,True,False
151756,2025-10,gov,0,1.0,0.0,0.0,1.0,gov,True,False
151756,2025-11,gov,0,1.0,0.0,0.0,1.0,gov,True,False
151756,2025-12,gov,0,1.0,0.0,0.0,1.0,gov,True,False
151756,2026-01,gov,0,1.0,0.0,0.0,1.0,gov,True,False
151756,2026-02,gov,0,1.0,0.0,0.0,1.0,gov,True,False
151756,2026-03,gov,0,1.0,0.0,0.0,1.0,gov,True,False
151757,2024-03,gov,0,1.0,0.0,0.0,1.0,uncertain,True,True
151757,2024-04,uncertain,2,0.0,0.0,1.0,1.0,uncertain,True,True
151757,2024-05,uncertain,2,0.0,0.0,1.0,1.0,uncertain,True,True
151757,2024-06,uncertain,2,0.0,0.0,1.0,1.0,uncertain,True,True
151757,2024-07,uncertain,2,0.0,0.0,1.0,1.0,uncertain,True,True
151757,2024-08,uncertain,2,0.0,0.0,1.0,1.0,uncertain,True,True
151757,2024-09,uncertain,2,0.0,0.0,1.0,1.0,uncertain,True,True
151757,2024-10,uncertain,2,0.0,0.0,1.0,1.0,uncertain,True,True
151757,2024-11,uncertain,2,0.0,0.0,1.0,1.0,uncertain,True,True
151757,2024-12,uncertain,2,0.0,0.0,1.0,1.0,uncertain,True,True
151757,2025-01,uncertain,2,0.0,0.0,1.0,1.0,uncertain,True,True
151757,2025-02,uncertain,2,0.0,0.0,1.0,1.0,uncertain,True,True
151757,2025-03,uncertain,2,0.0,0.0,1.0,1.0,uncertain,True,True
151757,2025-04,uncertain,2,0.0,0.0,1.0,1.0,uncertain,True,True
151757,2025-05,uncertain,2,0.0,0.0,1.0,1.0,uncertain,True,True
151757,2025-06,uncertain,2,0.0,0.0,1.0,1.0,uncertain,True,True
151757,2025-07,uncertain,2,0.0,0.0,1.0,1.0,uncertain,True,False
151757,2025-08,uncertain,2,0.0,0.0,1.0,1.0,uncertain,True,False
151757,2025-09,uncertain,2,0.0,0.0,1.0,1.0,uncertain,True,False
151757,2025-10,uncertain,2,0.0,0.0,1.0,1.0,uncertain,True,False
151757,2025-11,uncertain,2,0.0,0.0,1.0,1.0,uncertain,True,False
151757,2025-12,uncertain,2,0.0,0.0,1.0,1.0,uncertain,True,False
151757,2026-01,uncertain,2,0.0,0.0,1.0,1.0,uncertain,True,False
151757,2026-02,uncertain,2,0.0,0.0,1.0,1.0,uncertain,True,False
151757,2026-03,uncertain,2,0.0,0.0,1.0,1.0,uncertain,True,False
152476,2023-11,gov,0,1.0,0.0,0.0,1.0,gov,True,True
152476,2023-12,gov,0,1.0,0.0,0.0,1.0,gov,True,True
152476,2024-01,gov,0,1.0,0.0,0.0,1.0,gov,True,True
152476,2024-02,gov,0,1.0,0.0,0.0,1.0,gov,True,True
152476,2024-03,gov,0,1.0,0.0,0.0,1.0,gov,True,True
152476,2024-04,gov,0,1.0,0.0,0.0,1.0,gov,True,True
152476,2024-05,gov,0,1.0,0.0,0.0,1.0,gov,True,True
152476,2024-06,gov,0,1.0,0.0,0.0,1.0,gov,True,True
152476,2024-07,gov,0,1.0,0.0,0.0,1.0,gov,True,True
152476,2024-08,gov,0,1.0,0.0,0.0,1.0,gov,True,True
152476,2024-09,gov,0,1.0,0.0,0.0,1.0,gov,True,True
152476,2024-10,gov,0,1.0,0.0,0.0,1.0,gov,True,True
152476,2024-11,gov,0,1.0,0.0,0.0,1.0,gov,True,True
152476,2024-12,gov,0,1.0,0.0,0.0,1.0,gov,True,True
152476,2025-01,gov,0,1.0,0.0,0.0,1.0,gov,True,True
152476,2025-02,gov,0,1.0,0.0,0.0,1.0,gov,True,True
152476,2025-03,gov,0,1.0,0.0,0.0,1.0,gov,True,True
152476,2025-04,gov,0,1.0,0.0,0.0,1.0,gov,True,True
152476,2025-05,gov,0,1.0,0.0,0.0,1.0,gov,True,True
152476,2025-06,gov,0,1.0,0.0,0.0,1.0,gov,True,True
152476,2025-07,gov,0,1.0,0.0,0.0,1.0,gov,True,False
152476,2025-08,gov,0,1.0,0.0,0.0,1.0,gov,True,False
152476,2025-09,gov,0,1.0,0.0,0.0,1.0,gov,True,False
152476,2025-10,gov,0,1.0,0.0,0.0,1.0,gov,True,False
152476,2025-11,gov,0,1.0,0.0,0.0,1.0,gov,True,False
152476,2025-12,gov,0,1.0,0.0,0.0,1.0,gov,True,False
152476,2026-01,gov,0,1.0,0.0,0.0,1.0,gov,True,False
152476,2026-02,gov,0,1.0,0.0,0.0,1.0,gov,True,False
152476,2026-03,gov,0,1.0,0.0,0.0,1.0,gov,True,False
153190,2023-11,gov,0,1.0,0.0,0.0,1.0,gov,True,True
153190,2023-12,gov,0,1.0,0.0,0.0,1.0,gov,True,True
153190,2024-01,gov,0,1.0,0.0,0.0,1.0,gov,True,True
153190,2024-02,gov,0,1.0,0.0,0.0,1.0,gov,True,True
153190,2024-03,gov,0,1.0,0.0,0.0,1.0,gov,True,True
153190,2024-04,gov,0,1.0,0.0,0.0,1.0,gov,True,True
153190,2024-05,gov,0,1.0,0.0,0.0,1.0,gov,True,True
153190,2024-06,gov,0,1.0,0.0,0.0,1.0,gov,True,True
153190,2024-07,gov,0,1.0,0.0,0.0,1.0,gov,True,True
153190,2024-08,gov,0,1.0,0.0,0.0,1.0,gov,True,True
153190,2024-09,gov,0,1.0,0.0,0.0,1.0,gov,True,True
153190,2024-10,gov,0,1.0,0.0,0.0,1.0,gov,True,True
153190,2024-11,gov,0,1.0,0.0,0.0,1.0,gov,True,True
153190,2024-12,gov,0,1.0,0.0,0.0,1.0,gov,True,True
153190,2025-01,gov,0,1.0,0.0,0.0,1.0,gov,True,True
153190,2025-02,gov,0,1.0,0.0,0.0,1.0,gov,True,True
153190,2025-03,gov,0,1.0,0.0,0.0,1.0,gov,True,True
153190,2025-04,gov,0,1.0,0.0,0.0,1.0,gov,True,True
153190,2025-05,gov,0,1.0,0.0,0.0,1.0,gov,True,True
153190,2025-06,gov,0,1.0,0.0,0.0,1.0,gov,True,True
153190,2025-07,gov,0,1.0,0.0,0.0,1.0,gov,True,False
153190,2025-08,gov,0,1.0,0.0,0.0,1.0,gov,True,False
153190,2025-09,gov,0,1.0,0.0,0.0,1.0,gov,True,False
153190,2025-10,gov,0,1.0,0.0,0.0,1.0,gov,True,False
153190,2025-11,gov,0,1.0,0.0,0.0,1.0,gov,True,False
153190,2025-12,gov,0,1.0,0.0,0.0,1.0,gov,True,False
153190,2026-01,gov,0,1.0,0.0,0.0,1.0,gov,True,False
153190,2026-02,gov,0,1.0,0.0,0.0,1.0,gov,True,False
153190,2026-03,gov,0,1.0,0.0,0.0,1.0,gov,True,False
153191,2023-11,gov,0,1.0,0.0,0.0,1.0,gov,True,True
153191,2023-12,gov,0,1.0,0.0,0.0,1.0,gov,True,True
153191,2024-01,gov,0,1.0,0.0,0.0,1.0,gov,True,True
153191,2024-02,gov,0,1.0,0.0,0.0,1.0,gov,True,True
153191,2024-03,gov,0,1.0,0.0,0.0,1.0,gov,True,True
153191,2024-04,gov,0,1.0,0.0,0.0,1.0,gov,True,True
153191,2024-05,gov,0,1.0,0.0,0.0,1.0,gov,True,True
153191,2024-06,gov,0,1.0,0.0,0.0,1.0,gov,True,True
153191,2024-07,gov,0,1.0,0.0,0.0,1.0,gov,True,True
153191,2024-08,gov,0,1.0,0.0,0.0,1.0,gov,True,True
153191,2024-09,gov,0,1.0,0.0,0.0,1.0,gov,True,True
153191,2024-10,gov,0,1.0,0.0,0.0,1.0,gov,True,True
153191,2024-11,gov,0,1.0,0.0,0.0,1.0,gov,True,True
153191,2024-12,gov,0,1.0,0.0,0.0,1.0,gov,True,True
153191,2025-01,gov,0,1.0,0.0,0.0,1.0,gov,True,True
153191,2025-02,gov,0,1.0,0.0,0.0,1.0,gov,True,True
153191,2025-03,gov,0,1.0,0.0,0.0,1.0,gov,True,True
153191,2025-04,gov,0,1.0,0.0,0.0,1.0,gov,True,True
153191,2025-05,gov,0,1.0,0.0,0.0,1.0,gov,True,True
153191,2025-06,gov,0,1.0,0.0,0.0,1.0,gov,True,True
153191,2025-07,gov,0,1.0,0.0,0.0,1.0,gov,True,False
153191,2025-08,gov,0,1.0,0.0,0.0,1.0,gov,True,False
153191,2025-09,gov,0,1.0,0.0,0.0,1.0,gov,True,False
153191,2025-10,gov,0,1.0,0.0,0.0,1.0,gov,True,False
153191,2025-11,gov,0,1.0,0.0,0.0,1.0,gov,True,False
153191,2025-12,gov,0,1.0,0.0,0.0,1.0,gov,True,False
153191,2026-01,gov,0,1.0,0.0,0.0,1.0,gov,True,False
153191,2026-02,gov,0,1.0,0.0,0.0,1.0,gov,True,False
153191,2026-03,gov,0,1.0,0.0,0.0,1.0,gov,True,False
153192,2023-11,gov,0,1.0,0.0,0.0,1.0,gov,True,True
153192,2023-12,gov,0,1.0,0.0,0.0,1.0,gov,True,True
153192,2024-01,gov,0,1.0,0.0,0.0,1.0,gov,True,True
153192,2024-02,gov,0,1.0,0.0,0.0,1.0,gov,True,True
153192,2024-03,gov,0,1.0,0.0,0.0,1.0,gov,True,True
153192,2024-04,gov,0,1.0,0.0,0.0,1.0,gov,True,True
153192,2024-05,gov,0,1.0,0.0,0.0,1.0,gov,True,True
153192,2024-06,gov,0,1.0,0.0,0.0,1.0,gov,True,True
153192,2024-07,gov,0,1.0,0.0,0.0,1.0,gov,True,True
153192,2024-08,gov,0,1.0,0.0,0.0,1.0,gov,True,True
153192,2024-09,gov,0,1.0,0.0,0.0,1.0,gov,True,True
153192,2024-10,gov,0,1.0,0.0,0.0,1.0,gov,True,True
153192,2024-11,gov,0,1.0,0.0,0.0,1.0,gov,True,True
153192,2024-12,gov,0,1.0,0.0,0.0,1.0,gov,True,True
153192,2025-01,gov,0,1.0,0.0,0.0,1.0,gov,True,True
153192,2025-02,gov,0,1.0,0.0,0.0,1.0,gov,True,True
153192,2025-03,gov,0,1.0,0.0,0.0,1.0,gov,True,True
153192,2025-04,gov,0,1.0,0.0,0.0,1.0,gov,True,True
153192,2025-05,gov,0,1.0,0.0,0.0,1.0,gov,True,True
153192,2025-06,gov,0,1.0,0.0,0.0,1.0,gov,True,True
153192,2025-07,gov,0,1.0,0.0,0.0,1.0,gov,True,False
153192,2025-08,gov,0,1.0,0.0,0.0,1.0,gov,True,False
153192,2025-09,gov,0,1.0,0.0,0.0,1.0,gov,True,False
153192,2025-10,gov,0,1.0,0.0,0.0,1.0,gov,True,False
153192,2025-11,gov,0,1.0,0.0,0.0,1.0,gov,True,False
153192,2025-12,gov,0,1.0,0.0,0.0,1.0,gov,True,False
153192,2026-01,gov,0,1.0,0.0,0.0,1.0,gov,True,False
153192,2026-02,gov,0,1.0,0.0,0.0,1.0,gov,True,False
153192,2026-03,gov,0,1.0,0.0,0.0,1.0,gov,True,False
153193,2023-11,gov,0,1.0,0.0,0.0,1.0,gov,True,True
153193,2023-12,gov,0,1.0,0.0,0.0,1.0,gov,True,True
153193,2024-01,gov,0,1.0,0.0,0.0,1.0,gov,True,True
153193,2024-02,gov,0,1.0,0.0,0.0,1.0,gov,True,True
153193,2024-03,gov,0,1.0,0.0,0.0,1.0,gov,True,True
153193,2024-04,gov,0,1.0,0.0,0.0,1.0,gov,True,True
153193,2024-05,gov,0,1.0,0.0,0.0,1.0,gov,True,True
153193,2024-06,gov,0,1.0,0.0,0.0,1.0,gov,True,True
153193,2024-07,gov,0,1.0,0.0,0.0,1.0,gov,True,True
153193,2024-08,gov,0,1.0,0.0,0.0,1.0,gov,True,True
153193,2024-09,gov,0,1.0,0.0,0.0,1.0,gov,True,True
153193,2024-10,gov,0,1.0,0.0,0.0,1.0,gov,True,True
153193,2024-11,gov,0,1.0,0.0,0.0,1.0,gov,True,True
153193,2024-12,gov,0,1.0,0.0,0.0,1.0,gov,True,True
153193,2025-01,gov,0,1.0,0.0,0.0,1.0,gov,True,True
153193,2025-02,gov,0,1.0,0.0,0.0,1.0,gov,True,True
153193,2025-03,gov,0,1.0,0.0,0.0,1.0,gov,True,True
153193,2025-04,gov,0,1.0,0.0,0.0,1.0,gov,True,True
153193,2025-05,gov,0,1.0,0.0,0.0,1.0,gov,True,True
153193,2025-06,gov,0,1.0,0.0,0.0,1.0,gov,True,True
153193,2025-07,gov,0,1.0,0.0,0.0,1.0,gov,True,False
153193,2025-08,gov,0,1.0,0.0,0.0,1.0,gov,True,False
153193,2025-09,gov,0,1.0,0.0,0.0,1.0,gov,True,False
153193,2025-10,gov,0,1.0,0.0,0.0,1.0,gov,True,False
153193,2025-11,gov,0,1.0,0.0,0.0,1.0,gov,True,False
153193,2025-12,gov,0,1.0,0.0,0.0,1.0,gov,True,False
153193,2026-01,gov,0,1.0,0.0,0.0,1.0,gov,True,False
153193,2026-02,gov,0,1.0,0.0,0.0,1.0,gov,True,False
153193,2026-03,gov,0,1.0,0.0,0.0,1.0,gov,True,False
153196,2023-11,gov,0,1.0,0.0,0.0,1.0,gov,True,True
153196,2023-12,gov,0,1.0,0.0,0.0,1.0,gov,True,True
153196,2024-01,gov,0,1.0,0.0,0.0,1.0,gov,True,True
153196,2024-02,gov,0,1.0,0.0,0.0,1.0,gov,True,True
153196,2024-03,gov,0,1.0,0.0,0.0,1.0,gov,True,True
153196,2024-04,gov,0,1.0,0.0,0.0,1.0,opo,True,True
153196,2024-05,opo,1,0.0,1.0,0.0,1.0,gov,True,True
153196,2024-06,gov,0,1.0,0.0,0.0,1.0,gov,True,True
153196,2024-07,gov,0,1.0,0.0,0.0,1.0,gov,True,True
153196,2024-08,gov,0,1.0,0.0,0.0,1.0,gov,True,True
153196,2024-09,gov,0,1.0,0.0,0.0,1.0,gov,True,True
153196,2024-10,gov,0,1.0,0.0,0.0,1.0,gov,True,True
153196,2024-11,gov,0,1.0,0.0,0.0,1.0,gov,True,True
153196,2024-12,gov,0,1.0,0.0,0.0,1.0,gov,True,True
153196,2025-01,gov,0,1.0,0.0,0.0,1.0,gov,True,True
153196,2025-02,gov,0,1.0,0.0,0.0,1.0,gov,True,True
153196,2025-03,gov,0,1.0,0.0,0.0,1.0,gov,True,True
153196,2025-04,gov,0,1.0,0.0,0.0,1.0,gov,True,True
153196,2025-05,gov,0,1.0,0.0,0.0,1.0,gov,True,True
153196,2025-06,gov,0,1.0,0.0,0.0,1.0,gov,True,True
153196,2025-07,gov,0,1.0,0.0,0.0,1.0,gov,True,False
153196,2025-08,gov,0,1.0,0.0,0.0,1.0,gov,True,False
153196,2025-09,gov,0,1.0,0.0,0.0,1.0,gov,True,False
153196,2025-10,gov,0,1.0,0.0,0.0,1.0,gov,True,False
153196,2025-11,gov,0,1.0,0.0,0.0,1.0,gov,True,False
153196,2025-12,gov,0,1.0,0.0,0.0,1.0,gov,True,False
153196,2026-01,gov,0,1.0,0.0,0.0,1.0,gov,True,False
153196,2026-02,gov,0,1.0,0.0,0.0,1.0,gov,True,False
153196,2026-03,gov,0,1.0,0.0,0.0,1.0,gov,True,False
153197,2023-11,gov,0,1.0,0.0,0.0,1.0,uncertain,True,True
153197,2023-12,uncertain,2,0.0,0.0,1.0,1.0,uncertain,True,True
153197,2024-01,uncertain,2,0.0,0.0,1.0,1.0,uncertain,True,True
153197,2024-02,uncertain,2,0.0,0.0,1.0,1.0,uncertain,True,True
153197,2024-03,uncertain,2,0.0,0.0,1.0,1.0,opo,True,True
153197,2024-04,opo,1,0.0,1.0,0.0,1.0,uncertain,True,True
153197,2024-05,uncertain,2,0.0,0.0,1.0,1.0,uncertain,True,True
153197,2024-06,uncertain,2,0.0,0.0,1.0,1.0,uncertain,True,True
153197,2024-07,uncertain,2,0.0,0.0,1.0,1.0,uncertain,True,True
153197,2024-08,uncertain,2,0.0,0.0,1.0,1.0,uncertain,True,True
153197,2024-09,uncertain,2,0.0,0.0,1.0,1.0,uncertain,True,True
153197,2024-10,uncertain,2,0.0,0.0,1.0,1.0,uncertain,True,True
153197,2024-11,uncertain,2,0.0,0.0,1.0,1.0,uncertain,True,True
153197,2024-12,uncertain,2,0.0,0.0,1.0,1.0,uncertain,True,True
153197,2025-01,uncertain,2,0.0,0.0,1.0,1.0,uncertain,True,True
153197,2025-02,uncertain,2,0.0,0.0,1.0,1.0,uncertain,True,True
153197,2025-03,uncertain,2,0.0,0.0,1.0,1.0,uncertain,True,True
153197,2025-04,uncertain,2,0.0,0.0,1.0,1.0,uncertain,True,True
153197,2025-05,uncertain,2,0.0,0.0,1.0,1.0,uncertain,True,True
153197,2025-06,uncertain,2,0.0,0.0,1.0,1.0,uncertain,True,True
153197,2025-07,uncertain,2,0.0,0.0,1.0,1.0,uncertain,True,False
153197,2025-08,uncertain,2,0.0,0.0,1.0,1.0,uncertain,True,False
153197,2025-09,uncertain,2,0.0,0.0,1.0,1.0,uncertain,True,False
153197,2025-10,uncertain,2,0.0,0.0,1.0,1.0,uncertain,True,False
153197,2025-11,uncertain,2,0.0,0.0,1.0,1.0,uncertain,True,False
153197,2025-12,uncertain,2,0.0,0.0,1.0,1.0,uncertain,True,False
153197,2026-01,uncertain,2,0.0,0.0,1.0,1.0,uncertain,True,False
153197,2026-02,uncertain,2,0.0,0.0,1.0,1.0,uncertain,True,False
153197,2026-03,uncertain,2,0.0,0.0,1.0,1.0,uncertain,True,False
153910,2023-11,gov,0,1.0,0.0,0.0,1.0,gov,True,True
153910,2023-12,gov,0,1.0,0.0,0.0,1.0,gov,True,True
153910,2024-01,gov,0,1.0,0.0,0.0,1.0,gov,True,True
153910,2024-02,gov,0,1.0,0.0,0.0,1.0,gov,True,True
153910,2024-03,gov,0,1.0,0.0,0.0,1.0,gov,True,True
153910,2024-04,gov,0,1.0,0.0,0.0,1.0,gov,True,True
153910,2024-05,gov,0,1.0,0.0,0.0,1.0,gov,True,True
153910,2024-06,gov,0,1.0,0.0,0.0,1.0,gov,True,True
153910,2024-07,gov,0,1.0,0.0,0.0,1.0,gov,True,True
153910,2024-08,gov,0,1.0,0.0,0.0,1.0,gov,True,True
153910,2024-09,gov,0,1.0,0.0,0.0,1.0,gov,True,True
153910,2024-10,gov,0,1.0,0.0,0.0,1.0,gov,True,True
153910,2024-11,gov,0,1.0,0.0,0.0,1.0,gov,True,True
153910,2024-12,gov,0,1.0,0.0,0.0,1.0,gov,True,True
153910,2025-01,gov,0,1.0,0.0,0.0,1.0,gov,True,True
153910,2025-02,gov,0,1.0,0.0,0.0,1.0,gov,True,True
153910,2025-03,gov,0,1.0,0.0,0.0,1.0,gov,True,True
153910,2025-04,gov,0,1.0,0.0,0.0,1.0,gov,True,True
153910,2025-05,gov,0,1.0,0.0,0.0,1.0,gov,True,True
153910,2025-06,gov,0,1.0,0.0,0.0,1.0,gov,True,True
153910,2025-07,gov,0,1.0,0.0,0.0,1.0,gov,True,False
153910,2025-08,gov,0,1.0,0.0,0.0,1.0,gov,True,False
153910,2025-09,gov,0,1.0,0.0,0.0,1.0,gov,True,False
153910,2025-10,gov,0,1.0,0.0,0.0,1.0,gov,True,False
153910,2025-11,gov,0,1.0,0.0,0.0,1.0,gov,True,False
153910,2025-12,gov,0,1.0,0.0,0.0,1.0,gov,True,False
153910,2026-01,gov,0,1.0,0.0,0.0,1.0,gov,True,False
153910,2026-02,gov,0,1.0,0.0,0.0,1.0,gov,True,False
153910,2026-03,gov,0,1.0,0.0,0.0,1.0,gov,True,False
153911,2023-11,gov,0,1.0,0.0,0.0,1.0,gov,True,True
153911,2023-12,gov,0,1.0,0.0,0.0,1.0,gov,True,True
153911,2024-01,gov,0,1.0,0.0,0.0,1.0,gov,True,True
153911,2024-02,gov,0,1.0,0.0,0.0,1.0,gov,True,True
153911,2024-03,gov,0,1.0,0.0,0.0,1.0,gov,True,True
153911,2024-04,gov,0,1.0,0.0,0.0,1.0,gov,True,True
153911,2024-05,gov,0,1.0,0.0,0.0,1.0,gov,True,True
153911,2024-06,gov,0,1.0,0.0,0.0,1.0,gov,True,True
153911,2024-07,gov,0,1.0,0.0,0.0,1.0,gov,True,True
153911,2024-08,gov,0,1.0,0.0,0.0,1.0,gov,True,True
153911,2024-09,gov,0,1.0,0.0,0.0,1.0,gov,True,True
153911,2024-10,gov,0,1.0,0.0,0.0,1.0,gov,True,True
153911,2024-11,gov,0,1.0,0.0,0.0,1.0,gov,True,True
153911,2024-12,gov,0,1.0,0.0,0.0,1.0,gov,True,True
153911,2025-01,gov,0,1.0,0.0,0.0,1.0,gov,True,True
153911,2025-02,gov,0,1.0,0.0,0.0,1.0,gov,True,True
153911,2025-03,gov,0,1.0,0.0,0.0,1.0,gov,True,True
153911,2025-04,gov,0,1.0,0.0,0.0,1.0,gov,True,True
153911,2025-05,gov,0,1.0,0.0,0.0,1.0,gov,True,True
153911,2025-06,gov,0,1.0,0.0,0.0,1.0,gov,True,True
153911,2025-07,gov,0,1.0,0.0,0.0,1.0,gov,True,False
153911,2025-08,gov,0,1.0,0.0,0.0,1.0,gov,True,False
153911,2025-09,gov,0,1.0,0.0,0.0,1.0,gov,True,False
153911,2025-10,gov,0,1.0,0.0,0.0,1.0,gov,True,False
153911,2025-11,gov,0,1.0,0.0,0.0,1.0,gov,True,False
153911,2025-12,gov,0,1.0,0.0,0.0,1.0,gov,True,False
153911,2026-01,gov,0,1.0,0.0,0.0,1.0,gov,True,False
153911,2026-02,gov,0,1.0,0.0,0.0,1.0,gov,True,False
153911,2026-03,gov,0,1.0,0.0,0.0,1.0,gov,True,False
153912,2023-11,gov,0,1.0,0.0,0.0,1.0,gov,True,True
153912,2023-12,gov,0,1.0,0.0,0.0,1.0,gov,True,True
153912,2024-01,gov,0,1.0,0.0,0.0,1.0,gov,True,True
153912,2024-02,gov,0,1.0,0.0,0.0,1.0,gov,True,True
153912,2024-03,gov,0,1.0,0.0,0.0,1.0,gov,True,True
153912,2024-04,gov,0,1.0,0.0,0.0,1.0,gov,True,True
153912,2024-05,gov,0,1.0,0.0,0.0,1.0,gov,True,True
153912,2024-06,gov,0,1.0,0.0,0.0,1.0,gov,True,True
153912,2024-07,gov,0,1.0,0.0,0.0,1.0,gov,True,True
153912,2024-08,gov,0,1.0,0.0,0.0,1.0,gov,True,True
153912,2024-09,gov,0,1.0,0.0,0.0,1.0,gov,True,True
153912,2024-10,gov,0,1.0,0.0,0.0,1.0,gov,True,True
153912,2024-11,gov,0,1.0,0.0,0.0,1.0,gov,True,True
153912,2024-12,gov,0,1.0,0.0,0.0,1.0,gov,True,True
153912,2025-01,gov,0,1.0,0.0,0.0,1.0,gov,True,True
153912,2025-02,gov,0,1.0,0.0,0.0,1.0,gov,True,True
153912,2025-03,gov,0,1.0,0.0,0.0,1.0,gov,True,True
153912,2025-04,gov,0,1.0,0.0,0.0,1.0,gov,True,True
153912,2025-05,gov,0,1.0,0.0,0.0,1.0,gov,True,True
153912,2025-06,gov,0,1.0,0.0,0.0,1.0,gov,True,True
153912,2025-07,gov,0,1.0,0.0,0.0,1.0,gov,True,False
153912,2025-08,gov,0,1.0,0.0,0.0,1.0,gov,True,False
153912,2025-09,gov,0,1.0,0.0,0.0,1.0,gov,True,False
153912,2025-10,gov,0,1.0,0.0,0.0,1.0,gov,True,False
153912,2025-11,gov,0,1.0,0.0,0.0,1.0,gov,True,False
153912,2025-12,gov,0,1.0,0.0,0.0,1.0,gov,True,False
153912,2026-01,gov,0,1.0,0.0,0.0,1.0,gov,True,False
153912,2026-02,gov,0,1.0,0.0,0.0,1.0,gov,True,False
153912,2026-03,gov,0,1.0,0.0,0.0,1.0,gov,True,False
153913,2023-11,gov,0,1.0,0.0,0.0,1.0,gov,True,True
153913,2023-12,gov,0,1.0,0.0,0.0,1.0,gov,True,True
153913,2024-01,gov,0,1.0,0.0,0.0,1.0,gov,True,True
153913,2024-02,gov,0,1.0,0.0,0.0,1.0,gov,True,True
153913,2024-03,gov,0,1.0,0.0,0.0,1.0,gov,True,True
153913,2024-04,gov,0,1.0,0.0,0.0,1.0,gov,True,True
153913,2024-05,gov,0,1.0,0.0,0.0,1.0,gov,True,True
153913,2024-06,gov,0,1.0,0.0,0.0,1.0,gov,True,True
153913,2024-07,gov,0,1.0,0.0,0.0,1.0,gov,True,True
153913,2024-08,gov,0,1.0,0.0,0.0,1.0,gov,True,True
153913,2024-09,gov,0,1.0,0.0,0.0,1.0,gov,True,True
153913,2024-10,gov,0,1.0,0.0,0.0,1.0,gov,True,True
153913,2024-11,gov,0,1.0,0.0,0.0,1.0,gov,True,True
153913,2024-12,gov,0,1.0,0.0,0.0,1.0,gov,True,True
153913,2025-01,gov,0,1.0,0.0,0.0,1.0,gov,True,True
153913,2025-02,gov,0,1.0,0.0,0.0,1.0,gov,True,True
153913,2025-03,gov,0,1.0,0.0,0.0,1.0,gov,True,True
153913,2025-04,gov,0,1.0,0.0,0.0,1.0,gov,True,True
153913,2025-05,gov,0,1.0,0.0,0.0,1.0,gov,True,True
153913,2025-06,gov,0,1.0,0.0,0.0,1.0,gov,True,True
153913,2025-07,gov,0,1.0,0.0,0.0,1.0,gov,True,False
153913,2025-08,gov,0,1.0,0.0,0.0,1.0,gov,True,False
153913,2025-09,gov,0,1.0,0.0,0.0,1.0,gov,True,False
153913,2025-10,gov,0,1.0,0.0,0.0,1.0,gov,True,False
153913,2025-11,gov,0,1.0,0.0,0.0,1.0,gov,True,False
153913,2025-12,gov,0,1.0,0.0,0.0,1.0,gov,True,False
153913,2026-01,gov,0,1.0,0.0,0.0,1.0,gov,True,False
153913,2026-02,gov,0,1.0,0.0,0.0,1.0,gov,True,False
153913,2026-03,gov,0,1.0,0.0,0.0,1.0,gov,True,False
153914,2023-11,gov,0,1.0,0.0,0.0,1.0,gov,True,True
153914,2023-12,gov,0,1.0,0.0,0.0,1.0,gov,True,True
153914,2024-01,gov,0,1.0,0.0,0.0,1.0,gov,True,True
153914,2024-02,gov,0,1.0,0.0,0.0,1.0,gov,True,True
153914,2024-03,gov,0,1.0,0.0,0.0,1.0,gov,True,True
153914,2024-04,gov,0,1.0,0.0,0.0,1.0,gov,True,True
153914,2024-05,gov,0,1.0,0.0,0.0,1.0,gov,True,True
153914,2024-06,gov,0,1.0,0.0,0.0,1.0,gov,True,True
153914,2024-07,gov,0,1.0,0.0,0.0,1.0,gov,True,True
153914,2024-08,gov,0,1.0,0.0,0.0,1.0,gov,True,True
153914,2024-09,gov,0,1.0,0.0,0.0,1.0,gov,True,True
153914,2024-10,gov,0,1.0,0.0,0.0,1.0,gov,True,True
153914,2024-11,gov,0,1.0,0.0,0.0,1.0,gov,True,True
153914,2024-12,gov,0,1.0,0.0,0.0,1.0,gov,True,True
153914,2025-01,gov,0,1.0,0.0,0.0,1.0,gov,True,True
153914,2025-02,gov,0,1.0,0.0,0.0,1.0,gov,True,True
153914,2025-03,gov,0,1.0,0.0,0.0,1.0,gov,True,True
153914,2025-04,gov,0,1.0,0.0,0.0,1.0,gov,True,True
153914,2025-05,gov,0,1.0,0.0,0.0,1.0,gov,True,True
153914,2025-06,gov,0,1.0,0.0,0.0,1.0,gov,True,True
153914,2025-07,gov,0,1.0,0.0,0.0,1.0,gov,True,False
153914,2025-08,gov,0,1.0,0.0,0.0,1.0,gov,True,False
153914,2025-09,gov,0,1.0,0.0,0.0,1.0,gov,True,False
153914,2025-10,gov,0,1.0,0.0,0.0,1.0,gov,True,False
153914,2025-11,gov,0,1.0,0.0,0.0,1.0,gov,True,False
153914,2025-12,gov,0,1.0,0.0,0.0,1.0,gov,True,False
153914,2026-01,gov,0,1.0,0.0,0.0,1.0,gov,True,False
153914,2026-02,gov,0,1.0,0.0,0.0,1.0,gov,True,False
153914,2026-03,gov,0,1.0,0.0,0.0,1.0,gov,True,False
153915,2023-11,gov,0,1.0,0.0,0.0,1.0,uncertain,True,True
153915,2023-12,uncertain,2,0.0,0.0,1.0,1.0,uncertain,True,True
153915,2024-01,uncertain,2,0.0,0.0,1.0,1.0,uncertain,True,True
153915,2024-02,uncertain,2,0.0,0.0,1.0,1.0,uncertain,True,True
153915,2024-03,uncertain,2,0.0,0.0,1.0,1.0,uncertain,True,True
153915,2024-04,uncertain,2,0.0,0.0,1.0,1.0,uncertain,True,True
153915,2024-05,uncertain,2,0.0,0.0,1.0,1.0,uncertain,True,True
153915,2024-06,uncertain,2,0.0,0.0,1.0,1.0,uncertain,True,True
153915,2024-07,uncertain,2,0.0,0.0,1.0,1.0,uncertain,True,True
153915,2024-08,uncertain,2,0.0,0.0,1.0,1.0,gov,True,True
153915,2024-09,gov,0,1.0,0.0,0.0,1.0,gov,True,True
153915,2024-10,gov,0,1.0,0.0,0.0,1.0,gov,True,True
153915,2024-11,gov,0,1.0,0.0,0.0,1.0,gov,True,True
153915,2024-12,gov,0,1.0,0.0,0.0,1.0,gov,True,True
153915,2025-01,gov,0,1.0,0.0,0.0,1.0,gov,True,True
153915,2025-02,gov,0,1.0,0.0,0.0,1.0,gov,True,True
153915,2025-03,gov,0,1.0,0.0,0.0,1.0,gov,True,True
153915,2025-04,gov,0,1.0,0.0,0.0,1.0,gov,True,True
153915,2025-05,gov,0,1.0,0.0,0.0,1.0,gov,True,True
153915,2025-06,gov,0,1.0,0.0,0.0,1.0,gov,True,True
153915,2025-07,gov,0,1.0,0.0,0.0,1.0,gov,True,False
153915,2025-08,gov,0,1.0,0.0,0.0,1.0,gov,True,False
153915,2025-09,gov,0,1.0,0.0,0.0,1.0,gov,True,False
153915,2025-10,gov,0,1.0,0.0,0.0,1.0,gov,True,False
153915,2025-11,gov,0,1.0,0.0,0.0,1.0,gov,True,False
153915,2025-12,gov,0,1.0,0.0,0.0,1.0,gov,True,False
153915,2026-01,gov,0,1.0,0.0,0.0,1.0,gov,True,False
153915,2026-02,gov,0,1.0,0.0,0.0,1.0,gov,True,False
153915,2026-03,gov,0,1.0,0.0,0.0,1.0,gov,True,False
153916,2023-11,gov,0,1.0,0.0,0.0,1.0,gov,True,True
153916,2023-12,gov,0,1.0,0.0,0.0,1.0,gov,True,True
153916,2024-01,gov,0,1.0,0.0,0.0,1.0,gov,True,True
153916,2024-02,gov,0,1.0,0.0,0.0,1.0,gov,True,True
153916,2024-03,gov,0,1.0,0.0,0.0,1.0,gov,True,True
153916,2024-04,gov,0,1.0,0.0,0.0,1.0,gov,True,True
153916,2024-05,gov,0,1.0,0.0,0.0,1.0,gov,True,True
153916,2024-06,gov,0,1.0,0.0,0.0,1.0,gov,True,True
153916,2024-07,gov,0,1.0,0.0,0.0,1.0,gov,True,True
153916,2024-08,gov,0,1.0,0.0,0.0,1.0,gov,True,True
153916,2024-09,gov,0,1.0,0.0,0.0,1.0,gov,True,True
153916,2024-10,gov,0,1.0,0.0,0.0,1.0,gov,True,True
153916,2024-11,gov,0,1.0,0.0,0.0,1.0,gov,True,True
153916,2024-12,gov,0,1.0,0.0,0.0,1.0,opo,True,True
153916,2025-01,opo,1,0.0,1.0,0.0,1.0,gov,True,True
153916,2025-02,gov,0,1.0,0.0,0.0,1.0,gov,True,True
153916,2025-03,gov,0,1.0,0.0,0.0,1.0,gov,True,True
153916,2025-04,gov,0,1.0,0.0,0.0,1.0,gov,True,True
153916,2025-05,gov,0,1.0,0.0,0.0,1.0,gov,True,True
153916,2025-06,gov,0,1.0,0.0,0.0,1.0,gov,True,True
153916,2025-07,gov,0,1.0,0.0,0.0,1.0,gov,True,False
153916,2025-08,gov,0,1.0,0.0,0.0,1.0,gov,True,False
153916,2025-09,gov,0,1.0,0.0,0.0,1.0,gov,True,False
153916,2025-10,gov,0,1.0,0.0,0.0,1.0,gov,True,False
153916,2025-11,gov,0,1.0,0.0,0.0,1.0,gov,True,False
153916,2025-12,gov,0,1.0,0.0,0.0,1.0,gov,True,False
153916,2026-01,gov,0,1.0,0.0,0.0,1.0,gov,True,False
153916,2026-02,gov,0,1.0,0.0,0.0,1.0,gov,True,False
153916,2026-03,gov,0,1.0,0.0,0.0,1.0,gov,True,False
153917,2023-11,gov,0,1.0,0.0,0.0,1.0,uncertain,True,True
153917,2023-12,uncertain,2,0.0,0.0,1.0,1.0,uncertain,True,True
153917,2024-01,uncertain,2,0.0,0.0,1.0,1.0,uncertain,True,True
153917,2024-02,uncertain,2,0.0,0.0,1.0,1.0,uncertain,True,True
153917,2024-03,uncertain,2,0.0,0.0,1.0,1.0,opo,True,True
153917,2024-04,opo,1,0.0,1.0,0.0,1.0,gov,True,True
153917,2024-05,gov,0,1.0,0.0,0.0,1.0,opo,True,True
153917,2024-06,opo,1,0.0,1.0,0.0,1.0,gov,True,True
153917,2024-07,gov,0,1.0,0.0,0.0,1.0,gov,True,True
153917,2024-08,gov,0,1.0,0.0,0.0,1.0,gov,True,True
153917,2024-09,gov,0,1.0,0.0,0.0,1.0,gov,True,True
153917,2024-10,gov,0,1.0,0.0,0.0,1.0,gov,True,True
153917,2024-11,gov,0,1.0,0.0,0.0,1.0,gov,True,True
153917,2024-12,gov,0,1.0,0.0,0.0,1.0,gov,True,True
153917,2025-01,gov,0,1.0,0.0,0.0,1.0,gov,True,True
153917,2025-02,gov,0,1.0,0.0,0.0,1.0,gov,True,True
153917,2025-03,gov,0,1.0,0.0,0.0,1.0,gov,True,True
153917,2025-04,gov,0,1.0,0.0,0.0,1.0,gov,True,True
153917,2025-05,gov,0,1.0,0.0,0.0,1.0,gov,True,True
153917,2025-06,gov,0,1.0,0.0,0.0,1.0,opo,True,True
153917,2025-07,opo,1,0.0,1.0,0.0,1.0,gov,True,False
153917,2025-08,gov,0,1.0,0.0,0.0,1.0,gov,True,False
153917,2025-09,gov,0,1.0,0.0,0.0,1.0,gov,True,False
153917,2025-10,gov,0,1.0,0.0,0.0,1.0,gov,True,False
153917,2025-11,gov,0,1.0,0.0,0.0,1.0,gov,True,False
153917,2025-12,gov,0,1.0,0.0,0.0,1.0,gov,True,False
153917,2026-01,gov,0,1.0,0.0,0.0,1.0,gov,True,False
153917,2026-02,gov,0,1.0,0.0,0.0,1.0,gov,True,False
153917,2026-03,gov,0,1.0,0.0,0.0,1.0,gov,True,False
153918,2023-11,gov,0,1.0,0.0,0.0,1.0,uncertain,True,True
153918,2023-12,uncertain,2,0.0,0.0,1.0,1.0,uncertain,True,True
153918,2024-01,uncertain,2,0.0,0.0,1.0,1.0,uncertain,True,True
153918,2024-02,uncertain,2,0.0,0.0,1.0,1.0,uncertain,True,True
153918,2024-03,uncertain,2,0.0,0.0,1.0,1.0,opo,True,True
153918,2024-04,opo,1,0.0,1.0,0.0,1.0,uncertain,True,True
153918,2024-05,uncertain,2,0.0,0.0,1.0,1.0,gov,True,True
153918,2024-06,gov,0,1.0,0.0,0.0,1.0,gov,True,True
153918,2024-07,gov,0,1.0,0.0,0.0,1.0,gov,True,True
153918,2024-08,gov,0,1.0,0.0,0.0,1.0,gov,True,True
153918,2024-09,gov,0,1.0,0.0,0.0,1.0,gov,True,True
153918,2024-10,gov,0,1.0,0.0,0.0,1.0,opo,True,True
153918,2024-11,opo,1,0.0,1.0,0.0,1.0,gov,True,True
153918,2024-12,gov,0,1.0,0.0,0.0,1.0,gov,True,True
153918,2025-01,gov,0,1.0,0.0,0.0,1.0,gov,True,True
153918,2025-02,gov,0,1.0,0.0,0.0,1.0,gov,True,True
153918,2025-03,gov,0,1.0,0.0,0.0,1.0,gov,True,True
153918,2025-04,gov,0,1.0,0.0,0.0,1.0,gov,True,True
153918,2025-05,gov,0,1.0,0.0,0.0,1.0,opo,True,True
153918,2025-06,opo,1,0.0,1.0,0.0,1.0,gov,True,True
153918,2025-07,gov,0,1.0,0.0,0.0,1.0,opo,True,False
153918,2025-08,opo,1,0.0,1.0,0.0,1.0,opo,True,False
153918,2025-09,opo,1,0.0,1.0,0.0,1.0,gov,True,False
153918,2025-10,gov,0,1.0,0.0,0.0,1.0,opo,True,False
153918,2025-11,opo,1,0.0,1.0,0.0,1.0,opo,True,False
153918,2025-12,opo,1,0.0,1.0,0.0,1.0,opo,True,False
153918,2026-01,opo,1,0.0,1.0,0.0,1.0,opo,True,False
153918,2026-02,opo,1,0.0,1.0,0.0,1.0,opo,True,False
153918,2026-03,opo,1,0.0,1.0,0.0,1.0,opo,True,False
154630,2023-11,gov,0,1.0,0.0,0.0,1.0,gov,True,True
154630,2023-12,gov,0,1.0,0.0,0.0,1.0,gov,True,True
154630,2024-01,gov,0,1.0,0.0,0.0,1.0,gov,True,True
154630,2024-02,gov,0,1.0,0.0,0.0,1.0,gov,True,True
154630,2024-03,gov,0,1.0,0.0,0.0,1.0,gov,True,True
154630,2024-04,gov,0,1.0,0.0,0.0,1.0,gov,True,True
154630,2024-05,gov,0,1.0,0.0,0.0,1.0,gov,True,True
154630,2024-06,gov,0,1.0,0.0,0.0,1.0,gov,True,True
154630,2024-07,gov,0,1.0,0.0,0.0,1.0,gov,True,True
154630,2024-08,gov,0,1.0,0.0,0.0,1.0,gov,True,True
154630,2024-09,gov,0,1.0,0.0,0.0,1.0,gov,True,True
154630,2024-10,gov,0,1.0,0.0,0.0,1.0,gov,True,True
154630,2024-11,gov,0,1.0,0.0,0.0,1.0,gov,True,True
154630,2024-12,gov,0,1.0,0.0,0.0,1.0,gov,True,True
154630,2025-01,gov,0,1.0,0.0,0.0,1.0,gov,True,True
154630,2025-02,gov,0,1.0,0.0,0.0,1.0,gov,True,True
154630,2025-03,gov,0,1.0,0.0,0.0,1.0,gov,True,True
154630,2025-04,gov,0,1.0,0.0,0.0,1.0,gov,True,True
154630,2025-05,gov,0,1.0,0.0,0.0,1.0,gov,True,True
154630,2025-06,gov,0,1.0,0.0,0.0,1.0,gov,True,True
154630,2025-07,gov,0,1.0,0.0,0.0,1.0,gov,True,False
154630,2025-08,gov,0,1.0,0.0,0.0,1.0,gov,True,False
154630,2025-09,gov,0,1.0,0.0,0.0,1.0,gov,True,False
154630,2025-10,gov,0,1.0,0.0,0.0,1.0,gov,True,False
154630,2025-11,gov,0,1.0,0.0,0.0,1.0,gov,True,False
154630,2025-12,gov,0,1.0,0.0,0.0,1.0,gov,True,False
154630,2026-01,gov,0,1.0,0.0,0.0,1.0,gov,True,False
154630,2026-02,gov,0,1.0,0.0,0.0,1.0,gov,True,False
154630,2026-03,gov,0,1.0,0.0,0.0,1.0,gov,True,False
154631,2023-11,gov,0,1.0,0.0,0.0,1.0,gov,True,True
154631,2023-12,gov,0,1.0,0.0,0.0,1.0,gov,True,True
154631,2024-01,gov,0,1.0,0.0,0.0,1.0,gov,True,True
154631,2024-02,gov,0,1.0,0.0,0.0,1.0,gov,True,True
154631,2024-03,gov,0,1.0,0.0,0.0,1.0,gov,True,True
154631,2024-04,gov,0,1.0,0.0,0.0,1.0,gov,True,True
154631,2024-05,gov,0,1.0,0.0,0.0,1.0,gov,True,True
154631,2024-06,gov,0,1.0,0.0,0.0,1.0,gov,True,True
154631,2024-07,gov,0,1.0,0.0,0.0,1.0,gov,True,True
154631,2024-08,gov,0,1.0,0.0,0.0,1.0,gov,True,True
154631,2024-09,gov,0,1.0,0.0,0.0,1.0,gov,True,True
154631,2024-10,gov,0,1.0,0.0,0.0,1.0,gov,True,True
154631,2024-11,gov,0,1.0,0.0,0.0,1.0,gov,True,True
154631,2024-12,gov,0,1.0,0.0,0.0,1.0,gov,True,True
154631,2025-01,gov,0,1.0,0.0,0.0,1.0,gov,True,True
154631,2025-02,gov,0,1.0,0.0,0.0,1.0,gov,True,True
154631,2025-03,gov,0,1.0,0.0,0.0,1.0,gov,True,True
154631,2025-04,gov,0,1.0,0.0,0.0,1.0,gov,True,True
154631,2025-05,gov,0,1.0,0.0,0.0,1.0,gov,True,True
154631,2025-06,gov,0,1.0,0.0,0.0,1.0,gov,True,True
154631,2025-07,gov,0,1.0,0.0,0.0,1.0,gov,True,False
154631,2025-08,gov,0,1.0,0.0,0.0,1.0,gov,True,False
154631,2025-09,gov,0,1.0,0.0,0.0,1.0,gov,True,False
154631,2025-10,gov,0,1.0,0.0,0.0,1.0,gov,True,False
154631,2025-11,gov,0,1.0,0.0,0.0,1.0,gov,True,False
154631,2025-12,gov,0,1.0,0.0,0.0,1.0,gov,True,False
154631,2026-01,gov,0,1.0,0.0,0.0,1.0,gov,True,False
154631,2026-02,gov,0,1.0,0.0,0.0,1.0,gov,True,False
154631,2026-03,gov,0,1.0,0.0,0.0,1.0,gov,True,False
154632,2023-11,gov,0,1.0,0.0,0.0,1.0,gov,True,True
154632,2023-12,gov,0,1.0,0.0,0.0,1.0,gov,True,True
154632,2024-01,gov,0,1.0,0.0,0.0,1.0,gov,True,True
154632,2024-02,gov,0,1.0,0.0,0.0,1.0,gov,True,True
154632,2024-03,gov,0,1.0,0.0,0.0,1.0,gov,True,True
154632,2024-04,gov,0,1.0,0.0,0.0,1.0,gov,True,True
154632,2024-05,gov,0,1.0,0.0,0.0,1.0,gov,True,True
154632,2024-06,gov,0,1.0,0.0,0.0,1.0,gov,True,True
154632,2024-07,gov,0,1.0,0.0,0.0,1.0,gov,True,True
154632,2024-08,gov,0,1.0,0.0,0.0,1.0,gov,True,True
154632,2024-09,gov,0,1.0,0.0,0.0,1.0,gov,True,True
154632,2024-10,gov,0,1.0,0.0,0.0,1.0,gov,True,True
154632,2024-11,gov,0,1.0,0.0,0.0,1.0,gov,True,True
154632,2024-12,gov,0,1.0,0.0,0.0,1.0,gov,True,True
154632,2025-01,gov,0,1.0,0.0,0.0,1.0,gov,True,True
154632,2025-02,gov,0,1.0,0.0,0.0,1.0,gov,True,True
154632,2025-03,gov,0,1.0,0.0,0.0,1.0,gov,True,True
154632,2025-04,gov,0,1.0,0.0,0.0,1.0,gov,True,True
154632,2025-05,gov,0,1.0,0.0,0.0,1.0,gov,True,True
154632,2025-06,gov,0,1.0,0.0,0.0,1.0,gov,True,True
154632,2025-07,gov,0,1.0,0.0,0.0,1.0,gov,True,False
154632,2025-08,gov,0,1.0,0.0,0.0,1.0,gov,True,False
154632,2025-09,gov,0,1.0,0.0,0.0,1.0,gov,True,False
154632,2025-10,gov,0,1.0,0.0,0.0,1.0,gov,True,False
154632,2025-11,gov,0,1.0,0.0,0.0,1.0,gov,True,False
154632,2025-12,gov,0,1.0,0.0,0.0,1.0,gov,True,False
154632,2026-01,gov,0,1.0,0.0,0.0,1.0,gov,True,False
154632,2026-02,gov,0,1.0,0.0,0.0,1.0,gov,True,False
154632,2026-03,gov,0,1.0,0.0,0.0,1.0,gov,True,False
154633,2023-11,gov,0,1.0,0.0,0.0,1.0,gov,True,True
154633,2023-12,gov,0,1.0,0.0,0.0,1.0,gov,True,True
154633,2024-01,gov,0,1.0,0.0,0.0,1.0,gov,True,True
154633,2024-02,gov,0,1.0,0.0,0.0,1.0,gov,True,True
154633,2024-03,gov,0,1.0,0.0,0.0,1.0,gov,True,True
154633,2024-04,gov,0,1.0,0.0,0.0,1.0,gov,True,True
154633,2024-05,gov,0,1.0,0.0,0.0,1.0,gov,True,True
154633,2024-06,gov,0,1.0,0.0,0.0,1.0,gov,True,True
154633,2024-07,gov,0,1.0,0.0,0.0,1.0,gov,True,True
154633,2024-08,gov,0,1.0,0.0,0.0,1.0,gov,True,True
154633,2024-09,gov,0,1.0,0.0,0.0,1.0,gov,True,True
154633,2024-10,gov,0,1.0,0.0,0.0,1.0,gov,True,True
154633,2024-11,gov,0,1.0,0.0,0.0,1.0,gov,True,True
154633,2024-12,gov,0,1.0,0.0,0.0,1.0,gov,True,True
154633,2025-01,gov,0,1.0,0.0,0.0,1.0,gov,True,True
154633,2025-02,gov,0,1.0,0.0,0.0,1.0,gov,True,True
154633,2025-03,gov,0,1.0,0.0,0.0,1.0,gov,True,True
154633,2025-04,gov,0,1.0,0.0,0.0,1.0,gov,True,True
154633,2025-05,gov,0,1.0,0.0,0.0,1.0,gov,True,True
154633,2025-06,gov,0,1.0,0.0,0.0,1.0,gov,True,True
154633,2025-07,gov,0,1.0,0.0,0.0,1.0,gov,True,False
154633,2025-08,gov,0,1.0,0.0,0.0,1.0,gov,True,False
154633,2025-09,gov,0,1.0,0.0,0.0,1.0,gov,True,False
154633,2025-10,gov,0,1.0,0.0,0.0,1.0,gov,True,False
154633,2025-11,gov,0,1.0,0.0,0.0,1.0,gov,True,False
154633,2025-12,gov,0,1.0,0.0,0.0,1.0,gov,True,False
154633,2026-01,gov,0,1.0,0.0,0.0,1.0,gov,True,False
154633,2026-02,gov,0,1.0,0.0,0.0,1.0,gov,True,False
154633,2026-03,gov,0,1.0,0.0,0.0,1.0,gov,True,False
154634,2023-11,gov,0,1.0,0.0,0.0,1.0,gov,True,True
154634,2023-12,gov,0,1.0,0.0,0.0,1.0,gov,True,True
154634,2024-01,gov,0,1.0,0.0,0.0,1.0,gov,True,True
154634,2024-02,gov,0,1.0,0.0,0.0,1.0,gov,True,True
154634,2024-03,gov,0,1.0,0.0,0.0,1.0,gov,True,True
154634,2024-04,gov,0,1.0,0.0,0.0,1.0,gov,True,True
154634,2024-05,gov,0,1.0,0.0,0.0,1.0,gov,True,True
154634,2024-06,gov,0,1.0,0.0,0.0,1.0,gov,True,True
154634,2024-07,gov,0,1.0,0.0,0.0,1.0,gov,True,True
154634,2024-08,gov,0,1.0,0.0,0.0,1.0,gov,True,True
154634,2024-09,gov,0,1.0,0.0,0.0,1.0,gov,True,True
154634,2024-10,gov,0,1.0,0.0,0.0,1.0,gov,True,True
154634,2024-11,gov,0,1.0,0.0,0.0,1.0,gov,True,True
154634,2024-12,gov,0,1.0,0.0,0.0,1.0,gov,True,True
154634,2025-01,gov,0,1.0,0.0,0.0,1.0,gov,True,True
154634,2025-02,gov,0,1.0,0.0,0.0,1.0,gov,True,True
154634,2025-03,gov,0,1.0,0.0,0.0,1.0,gov,True,True
154634,2025-04,gov,0,1.0,0.0,0.0,1.0,gov,True,True
154634,2025-05,gov,0,1.0,0.0,0.0,1.0,gov,True,True
154634,2025-06,gov,0,1.0,0.0,0.0,1.0,gov,True,True
154634,2025-07,gov,0,1.0,0.0,0.0,1.0,gov,True,False
154634,2025-08,gov,0,1.0,0.0,0.0,1.0,gov,True,False
154634,2025-09,gov,0,1.0,0.0,0.0,1.0,gov,True,False
154634,2025-10,gov,0,1.0,0.0,0.0,1.0,gov,True,False
154634,2025-11,gov,0,1.0,0.0,0.0,1.0,gov,True,False
154634,2025-12,gov,0,1.0,0.0,0.0,1.0,gov,True,False
154634,2026-01,gov,0,1.0,0.0,0.0,1.0,gov,True,False
154634,2026-02,gov,0,1.0,0.0,0.0,1.0,gov,True,False
154634,2026-03,gov,0,1.0,0.0,0.0,1.0,gov,True,False
154635,2023-11,gov,0,1.0,0.0,0.0,1.0,uncertain,True,True
154635,2023-12,uncertain,2,0.0,0.0,1.0,1.0,uncertain,True,True
154635,2024-01,uncertain,2,0.0,0.0,1.0,1.0,uncertain,True,True
154635,2024-02,uncertain,2,0.0,0.0,1.0,1.0,uncertain,True,True
154635,2024-03,uncertain,2,0.0,0.0,1.0,1.0,uncertain,True,True
154635,2024-04,uncertain,2,0.0,0.0,1.0,1.0,uncertain,True,True
154635,2024-05,uncertain,2,0.0,0.0,1.0,1.0,uncertain,True,True
154635,2024-06,uncertain,2,0.0,0.0,1.0,1.0,uncertain,True,True
154635,2024-07,uncertain,2,0.0,0.0,1.0,1.0,uncertain,True,True
154635,2024-08,uncertain,2,0.0,0.0,1.0,1.0,gov,True,True
154635,2024-09,gov,0,1.0,0.0,0.0,1.0,gov,True,True
154635,2024-10,gov,0,1.0,0.0,0.0,1.0,gov,True,True
154635,2024-11,gov,0,1.0,0.0,0.0,1.0,gov,True,True
154635,2024-12,gov,0,1.0,0.0,0.0,1.0,gov,True,True
154635,2025-01,gov,0,1.0,0.0,0.0,1.0,gov,True,True
154635,2025-02,gov,0,1.0,0.0,0.0,1.0,gov,True,True
154635,2025-03,gov,0,1.0,0.0,0.0,1.0,gov,True,True
154635,2025-04,gov,0,1.0,0.0,0.0,1.0,gov,True,True
154635,2025-05,gov,0,1.0,0.0,0.0,1.0,gov,True,True
154635,2025-06,gov,0,1.0,0.0,0.0,1.0,gov,True,True
154635,2025-07,gov,0,1.0,0.0,0.0,1.0,gov,True,False
154635,2025-08,gov,0,1.0,0.0,0.0,1.0,gov,True,False
154635,2025-09,gov,0,1.0,0.0,0.0,1.0,gov,True,False
154635,2025-10,gov,0,1.0,0.0,0.0,1.0,gov,True,False
154635,2025-11,gov,0,1.0,0.0,0.0,1.0,gov,True,False
154635,2025-12,gov,0,1.0,0.0,0.0,1.0,gov,True,False
154635,2026-01,gov,0,1.0,0.0,0.0,1.0,gov,True,False
154635,2026-02,gov,0,1.0,0.0,0.0,1.0,gov,True,False
154635,2026-03,gov,0,1.0,0.0,0.0,1.0,gov,True,False
154636,2023-11,gov,0,1.0,0.0,0.0,1.0,uncertain,True,True
154636,2023-12,uncertain,2,0.0,0.0,1.0,1.0,uncertain,True,True
154636,2024-01,uncertain,2,0.0,0.0,1.0,1.0,uncertain,True,True
154636,2024-02,uncertain,2,0.0,0.0,1.0,1.0,uncertain,True,True
154636,2024-03,uncertain,2,0.0,0.0,1.0,1.0,uncertain,True,True
154636,2024-04,uncertain,2,0.0,0.0,1.0,1.0,uncertain,True,True
154636,2024-05,uncertain,2,0.0,0.0,1.0,1.0,uncertain,True,True
154636,2024-06,uncertain,2,0.0,0.0,1.0,1.0,uncertain,True,True
154636,2024-07,uncertain,2,0.0,0.0,1.0,1.0,uncertain,True,True
154636,2024-08,uncertain,2,0.0,0.0,1.0,1.0,gov,True,True
154636,2024-09,gov,0,1.0,0.0,0.0,1.0,gov,True,True
154636,2024-10,gov,0,1.0,0.0,0.0,1.0,gov,True,True
154636,2024-11,gov,0,1.0,0.0,0.0,1.0,gov,True,True
154636,2024-12,gov,0,1.0,0.0,0.0,1.0,gov,True,True
154636,2025-01,gov,0,1.0,0.0,0.0,1.0,gov,True,True
154636,2025-02,gov,0,1.0,0.0,0.0,1.0,gov,True,True
154636,2025-03,gov,0,1.0,0.0,0.0,1.0,gov,True,True
154636,2025-04,gov,0,1.0,0.0,0.0,1.0,gov,True,True
154636,2025-05,gov,0,1.0,0.0,0.0,1.0,gov,True,True
154636,2025-06,gov,0,1.0,0.0,0.0,1.0,gov,True,True
154636,2025-07,gov,0,1.0,0.0,0.0,1.0,gov,True,False
154636,2025-08,gov,0,1.0,0.0,0.0,1.0,gov,True,False
154636,2025-09,gov,0,1.0,0.0,0.0,1.0,gov,True,False
154636,2025-10,gov,0,1.0,0.0,0.0,1.0,gov,True,False
154636,2025-11,gov,0,1.0,0.0,0.0,1.0,gov,True,False
154636,2025-12,gov,0,1.0,0.0,0.0,1.0,gov,True,False
154636,2026-01,gov,0,1.0,0.0,0.0,1.0,gov,True,False
154636,2026-02,gov,0,1.0,0.0,0.0,1.0,gov,True,False
154636,2026-03,gov,0,1.0,0.0,0.0,1.0,gov,True,False
155350,2024-07,gov,0,1.0,0.0,0.0,1.0,gov,True,True
155350,2024-08,gov,0,1.0,0.0,0.0,1.0,gov,True,True
155350,2024-09,gov,0,1.0,0.0,0.0,1.0,gov,True,True
155350,2024-10,gov,0,1.0,0.0,0.0,1.0,gov,True,True
155350,2024-11,gov,0,1.0,0.0,0.0,1.0,gov,True,True
155350,2024-12,gov,0,1.0,0.0,0.0,1.0,opo,True,True
155350,2025-01,opo,1,0.0,1.0,0.0,1.0,opo,True,True
155350,2025-02,opo,1,0.0,1.0,0.0,1.0,opo,True,True
155350,2025-03,opo,1,0.0,1.0,0.0,1.0,opo,True,True
155350,2025-04,opo,1,0.0,1.0,0.0,1.0,opo,True,True
155350,2025-05,opo,1,0.0,1.0,0.0,1.0,opo,True,True
155350,2025-06,opo,1,0.0,1.0,0.0,1.0,opo,True,True
155350,2025-07,opo,1,0.0,1.0,0.0,1.0,opo,True,False
155350,2025-08,opo,1,0.0,1.0,0.0,1.0,opo,True,False
155350,2025-09,opo,1,0.0,1.0,0.0,1.0,opo,True,False
155350,2025-10,opo,1,0.0,1.0,0.0,1.0,opo,True,False
155350,2025-11,opo,1,0.0,1.0,0.0,1.0,opo,True,False
155350,2025-12,opo,1,0.0,1.0,0.0,1.0,opo,True,False
155350,2026-01,opo,1,0.0,1.0,0.0,1.0,opo,True,False
155350,2026-02,opo,1,0.0,1.0,0.0,1.0,opo,True,False
155350,2026-03,opo,1,0.0,1.0,0.0,1.0,opo,True,False
155351,2023-11,gov,0,1.0,0.0,0.0,1.0,gov,True,True
155351,2023-12,gov,0,1.0,0.0,0.0,1.0,gov,True,True
155351,2024-01,gov,0,1.0,0.0,0.0,1.0,gov,True,True
155351,2024-02,gov,0,1.0,0.0,0.0,1.0,gov,True,True
155351,2024-03,gov,0,1.0,0.0,0.0,1.0,gov,True,True
155351,2024-04,gov,0,1.0,0.0,0.0,1.0,gov,True,True
155351,2024-05,gov,0,1.0,0.0,0.0,1.0,gov,True,True
155351,2024-06,gov,0,1.0,0.0,0.0,1.0,gov,True,True
155351,2024-07,gov,0,1.0,0.0,0.0,1.0,gov,True,True
155351,2024-08,gov,0,1.0,0.0,0.0,1.0,gov,True,True
155351,2024-09,gov,0,1.0,0.0,0.0,1.0,gov,True,True
155351,2024-10,gov,0,1.0,0.0,0.0,1.0,gov,True,True
155351,2024-11,gov,0,1.0,0.0,0.0,1.0,gov,True,True
155351,2024-12,gov,0,1.0,0.0,0.0,1.0,gov,True,True
155351,2025-01,gov,0,1.0,0.0,0.0,1.0,gov,True,True
155351,2025-02,gov,0,1.0,0.0,0.0,1.0,gov,True,True
155351,2025-03,gov,0,1.0,0.0,0.0,1.0,gov,True,True
155351,2025-04,gov,0,1.0,0.0,0.0,1.0,gov,True,True
155351,2025-05,gov,0,1.0,0.0,0.0,1.0,gov,True,True
155351,2025-06,gov,0,1.0,0.0,0.0,1.0,gov,True,True
155351,2025-07,gov,0,1.0,0.0,0.0,1.0,gov,True,False
155351,2025-08,gov,0,1.0,0.0,0.0,1.0,gov,True,False
155351,2025-09,gov,0,1.0,0.0,0.0,1.0,gov,True,False
155351,2025-10,gov,0,1.0,0.0,0.0,1.0,gov,True,False
155351,2025-11,gov,0,1.0,0.0,0.0,1.0,gov,True,False
155351,2025-12,gov,0,1.0,0.0,0.0,1.0,gov,True,False
155351,2026-01,gov,0,1.0,0.0,0.0,1.0,gov,True,False
155351,2026-02,gov,0,1.0,0.0,0.0,1.0,gov,True,False
155351,2026-03,gov,0,1.0,0.0,0.0,1.0,gov,True,False
155352,2023-11,gov,0,1.0,0.0,0.0,1.0,gov,True,True
155352,2023-12,gov,0,1.0,0.0,0.0,1.0,gov,True,True
155352,2024-01,gov,0,1.0,0.0,0.0,1.0,gov,True,True
155352,2024-02,gov,0,1.0,0.0,0.0,1.0,gov,True,True
155352,2024-03,gov,0,1.0,0.0,0.0,1.0,gov,True,True
155352,2024-04,gov,0,1.0,0.0,0.0,1.0,gov,True,True
155352,2024-05,gov,0,1.0,0.0,0.0,1.0,gov,True,True
155352,2024-06,gov,0,1.0,0.0,0.0,1.0,gov,True,True
155352,2024-07,gov,0,1.0,0.0,0.0,1.0,gov,True,True
155352,2024-08,gov,0,1.0,0.0,0.0,1.0,gov,True,True
155352,2024-09,gov,0,1.0,0.0,0.0,1.0,gov,True,True
155352,2024-10,gov,0,1.0,0.0,0.0,1.0,gov,True,True
155352,2024-11,gov,0,1.0,0.0,0.0,1.0,gov,True,True
155352,2024-12,gov,0,1.0,0.0,0.0,1.0,gov,True,True
155352,2025-01,gov,0,1.0,0.0,0.0,1.0,gov,True,True
155352,2025-02,gov,0,1.0,0.0,0.0,1.0,gov,True,True
155352,2025-03,gov,0,1.0,0.0,0.0,1.0,gov,True,True
155352,2025-04,gov,0,1.0,0.0,0.0,1.0,gov,True,True
155352,2025-05,gov,0,1.0,0.0,0.0,1.0,gov,True,True
155352,2025-06,gov,0,1.0,0.0,0.0,1.0,gov,True,True
155352,2025-07,gov,0,1.0,0.0,0.0,1.0,gov,True,False
155352,2025-08,gov,0,1.0,0.0,0.0,1.0,gov,True,False
155352,2025-09,gov,0,1.0,0.0,0.0,1.0,gov,True,False
155352,2025-10,gov,0,1.0,0.0,0.0,1.0,gov,True,False
155352,2025-11,gov,0,1.0,0.0,0.0,1.0,gov,True,False
155352,2025-12,gov,0,1.0,0.0,0.0,1.0,gov,True,False
155352,2026-01,gov,0,1.0,0.0,0.0,1.0,gov,True,False
155352,2026-02,gov,0,1.0,0.0,0.0,1.0,gov,True,False
155352,2026-03,gov,0,1.0,0.0,0.0,1.0,gov,True,False
155354,2023-11,gov,0,1.0,0.0,0.0,1.0,uncertain,True,True
155354,2023-12,uncertain,2,0.0,0.0,1.0,1.0,uncertain,True,True
155354,2024-01,uncertain,2,0.0,0.0,1.0,1.0,uncertain,True,True
155354,2024-02,uncertain,2,0.0,0.0,1.0,1.0,uncertain,True,True
155354,2024-03,uncertain,2,0.0,0.0,1.0,1.0,uncertain,True,True
155354,2024-04,uncertain,2,0.0,0.0,1.0,1.0,uncertain,True,True
155354,2024-05,uncertain,2,0.0,0.0,1.0,1.0,uncertain,True,True
155354,2024-06,uncertain,2,0.0,0.0,1.0,1.0,uncertain,True,True
155354,2024-07,uncertain,2,0.0,0.0,1.0,1.0,uncertain,True,True
155354,2024-08,uncertain,2,0.0,0.0,1.0,1.0,gov,True,True
155354,2024-09,gov,0,1.0,0.0,0.0,1.0,gov,True,True
155354,2024-10,gov,0,1.0,0.0,0.0,1.0,gov,True,True
155354,2024-11,gov,0,1.0,0.0,0.0,1.0,gov,True,True
155354,2024-12,gov,0,1.0,0.0,0.0,1.0,gov,True,True
155354,2025-01,gov,0,1.0,0.0,0.0,1.0,gov,True,True
155354,2025-02,gov,0,1.0,0.0,0.0,1.0,gov,True,True
155354,2025-03,gov,0,1.0,0.0,0.0,1.0,gov,True,True
155354,2025-04,gov,0,1.0,0.0,0.0,1.0,gov,True,True
155354,2025-05,gov,0,1.0,0.0,0.0,1.0,uncertain,True,True
155354,2025-06,uncertain,2,0.0,0.0,1.0,1.0,gov,True,True
155354,2025-07,gov,0,1.0,0.0,0.0,1.0,gov,True,False
155354,2025-08,gov,0,1.0,0.0,0.0,1.0,gov,True,False
155354,2025-09,gov,0,1.0,0.0,0.0,1.0,gov,True,False
155354,2025-10,gov,0,1.0,0.0,0.0,1.0,gov,True,False
155354,2025-11,gov,0,1.0,0.0,0.0,1.0,gov,True,False
155354,2025-12,gov,0,1.0,0.0,0.0,1.0,gov,True,False
155354,2026-01,gov,0,1.0,0.0,0.0,1.0,gov,True,False
155354,2026-02,gov,0,1.0,0.0,0.0,1.0,gov,True,False
155354,2026-03,gov,0,1.0,0.0,0.0,1.0,gov,True,False
156069,2023-11,gov,0,1.0,0.0,0.0,1.0,gov,True,True
156069,2023-12,gov,0,1.0,0.0,0.0,1.0,gov,True,True
156069,2024-01,gov,0,1.0,0.0,0.0,1.0,gov,True,True
156069,2024-02,gov,0,1.0,0.0,0.0,1.0,gov,True,True
156069,2024-03,gov,0,1.0,0.0,0.0,1.0,gov,True,True
156069,2024-04,gov,0,1.0,0.0,0.0,1.0,gov,True,True
156069,2024-05,gov,0,1.0,0.0,0.0,1.0,gov,True,True
156069,2024-06,gov,0,1.0,0.0,0.0,1.0,gov,True,True
156069,2024-07,gov,0,1.0,0.0,0.0,1.0,opo,True,True
156069,2024-08,opo,1,0.0,1.0,0.0,1.0,opo,True,True
156069,2024-09,opo,1,0.0,1.0,0.0,1.0,opo,True,True
156069,2024-10,opo,1,0.0,1.0,0.0,1.0,opo,True,True
156069,2024-11,opo,1,0.0,1.0,0.0,1.0,opo,True,True
156069,2024-12,opo,1,0.0,1.0,0.0,1.0,opo,True,True
156069,2025-01,opo,1,0.0,1.0,0.0,1.0,opo,True,True
156069,2025-02,opo,1,0.0,1.0,0.0,1.0,opo,True,True
156069,2025-03,opo,1,0.0,1.0,0.0,1.0,opo,True,True
156069,2025-04,opo,1,0.0,1.0,0.0,1.0,opo,True,True
156069,2025-05,opo,1,0.0,1.0,0.0,1.0,opo,True,True
156069,2025-06,opo,1,0.0,1.0,0.0,1.0,opo,True,True
156069,2025-07,opo,1,0.0,1.0,0.0,1.0,opo,True,False
156069,2025-08,opo,1,0.0,1.0,0.0,1.0,opo,True,False
156069,2025-09,opo,1,0.0,1.0,0.0,1.0,opo,True,False
156069,2025-10,opo,1,0.0,1.0,0.0,1.0,opo,True,False
156069,2025-11,opo,1,0.0,1.0,0.0,1.0,opo,True,False
156069,2025-12,opo,1,0.0,1.0,0.0,1.0,opo,True,False
156069,2026-01,opo,1,0.0,1.0,0.0,1.0,opo,True,False
156069,2026-02,opo,1,0.0,1.0,0.0,1.0,opo,True,False
156069,2026-03,opo,1,0.0,1.0,0.0,1.0,opo,True,False
156071,2023-11,gov,0,1.0,0.0,0.0,1.0,gov,True,True
156071,2023-12,gov,0,1.0,0.0,0.0,1.0,gov,True,True
156071,2024-01,gov,0,1.0,0.0,0.0,1.0,gov,True,True
156071,2024-02,gov,0,1.0,0.0,0.0,1.0,gov,True,True
156071,2024-03,gov,0,1.0,0.0,0.0,1.0,gov,True,True
156071,2024-04,gov,0,1.0,0.0,0.0,1.0,gov,True,True
156071,2024-05,gov,0,1.0,0.0,0.0,1.0,gov,True,True
156071,2024-06,gov,0,1.0,0.0,0.0,1.0,gov,True,True
156071,2024-07,gov,0,1.0,0.0,0.0,1.0,gov,True,True
156071,2024-08,gov,0,1.0,0.0,0.0,1.0,gov,True,True
156071,2024-09,gov,0,1.0,0.0,0.0,1.0,gov,True,True
156071,2024-10,gov,0,1.0,0.0,0.0,1.0,gov,True,True
156071,2024-11,gov,0,1.0,0.0,0.0,1.0,gov,True,True
156071,2024-12,gov,0,1.0,0.0,0.0,1.0,gov,True,True
156071,2025-01,gov,0,1.0,0.0,0.0,1.0,gov,True,True
156071,2025-02,gov,0,1.0,0.0,0.0,1.0,gov,True,True
156071,2025-03,gov,0,1.0,0.0,0.0,1.0,gov,True,True
156071,2025-04,gov,0,1.0,0.0,0.0,1.0,gov,True,True
156071,2025-05,gov,0,1.0,0.0,0.0,1.0,gov,True,True
156071,2025-06,gov,0,1.0,0.0,0.0,1.0,gov,True,True
156071,2025-07,gov,0,1.0,0.0,0.0,1.0,gov,True,False
156071,2025-08,gov,0,1.0,0.0,0.0,1.0,gov,True,False
156071,2025-09,gov,0,1.0,0.0,0.0,1.0,gov,True,False
156071,2025-10,gov,0,1.0,0.0,0.0,1.0,gov,True,False
156071,2025-11,gov,0,1.0,0.0,0.0,1.0,gov,True,False
156071,2025-12,gov,0,1.0,0.0,0.0,1.0,gov,True,False
156071,2026-01,gov,0,1.0,0.0,0.0,1.0,gov,True,False
156071,2026-02,gov,0,1.0,0.0,0.0,1.0,gov,True,False
156071,2026-03,gov,0,1.0,0.0,0.0,1.0,gov,True,False
156072,2023-11,gov,0,1.0,0.0,0.0,1.0,gov,True,True
156072,2023-12,gov,0,1.0,0.0,0.0,1.0,gov,True,True
156072,2024-01,gov,0,1.0,0.0,0.0,1.0,gov,True,True
156072,2024-02,gov,0,1.0,0.0,0.0,1.0,gov,True,True
156072,2024-03,gov,0,1.0,0.0,0.0,1.0,gov,True,True
156072,2024-04,gov,0,1.0,0.0,0.0,1.0,gov,True,True
156072,2024-05,gov,0,1.0,0.0,0.0,1.0,gov,True,True
156072,2024-06,gov,0,1.0,0.0,0.0,1.0,gov,True,True
156072,2024-07,gov,0,1.0,0.0,0.0,1.0,gov,True,True
156072,2024-08,gov,0,1.0,0.0,0.0,1.0,gov,True,True
156072,2024-09,gov,0,1.0,0.0,0.0,1.0,gov,True,True
156072,2024-10,gov,0,1.0,0.0,0.0,1.0,gov,True,True
156072,2024-11,gov,0,1.0,0.0,0.0,1.0,gov,True,True
156072,2024-12,gov,0,1.0,0.0,0.0,1.0,gov,True,True
156072,2025-01,gov,0,1.0,0.0,0.0,1.0,gov,True,True
156072,2025-02,gov,0,1.0,0.0,0.0,1.0,gov,True,True
156072,2025-03,gov,0,1.0,0.0,0.0,1.0,gov,True,True
156072,2025-04,gov,0,1.0,0.0,0.0,1.0,gov,True,True
156072,2025-05,gov,0,1.0,0.0,0.0,1.0,gov,True,True
156072,2025-06,gov,0,1.0,0.0,0.0,1.0,gov,True,True
156072,2025-07,gov,0,1.0,0.0,0.0,1.0,gov,True,False
156072,2025-08,gov,0,1.0,0.0,0.0,1.0,gov,True,False
156072,2025-09,gov,0,1.0,0.0,0.0,1.0,gov,True,False
156072,2025-10,gov,0,1.0,0.0,0.0,1.0,gov,True,False
156072,2025-11,gov,0,1.0,0.0,0.0,1.0,gov,True,False
156072,2025-12,gov,0,1.0,0.0,0.0,1.0,gov,True,False
156072,2026-01,gov,0,1.0,0.0,0.0,1.0,gov,True,False
156072,2026-02,gov,0,1.0,0.0,0.0,1.0,gov,True,False
156072,2026-03,gov,0,1.0,0.0,0.0,1.0,gov,True,False
156073,2023-11,gov,0,1.0,0.0,0.0,1.0,gov,True,True
156073,2023-12,gov,0,1.0,0.0,0.0,1.0,gov,True,True
156073,2024-01,gov,0,1.0,0.0,0.0,1.0,gov,True,True
156073,2024-02,gov,0,1.0,0.0,0.0,1.0,gov,True,True
156073,2024-03,gov,0,1.0,0.0,0.0,1.0,gov,True,True
156073,2024-04,gov,0,1.0,0.0,0.0,1.0,gov,True,True
156073,2024-05,gov,0,1.0,0.0,0.0,1.0,gov,True,True
156073,2024-06,gov,0,1.0,0.0,0.0,1.0,gov,True,True
156073,2024-07,gov,0,1.0,0.0,0.0,1.0,gov,True,True
156073,2024-08,gov,0,1.0,0.0,0.0,1.0,gov,True,True
156073,2024-09,gov,0,1.0,0.0,0.0,1.0,gov,True,True
156073,2024-10,gov,0,1.0,0.0,0.0,1.0,gov,True,True
156073,2024-11,gov,0,1.0,0.0,0.0,1.0,gov,True,True
156073,2024-12,gov,0,1.0,0.0,0.0,1.0,gov,True,True
156073,2025-01,gov,0,1.0,0.0,0.0,1.0,gov,True,True
156073,2025-02,gov,0,1.0,0.0,0.0,1.0,gov,True,True
156073,2025-03,gov,0,1.0,0.0,0.0,1.0,gov,True,True
156073,2025-04,gov,0,1.0,0.0,0.0,1.0,gov,True,True
156073,2025-05,gov,0,1.0,0.0,0.0,1.0,gov,True,True
156073,2025-06,gov,0,1.0,0.0,0.0,1.0,gov,True,True
156073,2025-07,gov,0,1.0,0.0,0.0,1.0,gov,True,False
156073,2025-08,gov,0,1.0,0.0,0.0,1.0,gov,True,False
156073,2025-09,gov,0,1.0,0.0,0.0,1.0,gov,True,False
156073,2025-10,gov,0,1.0,0.0,0.0,1.0,gov,True,False
156073,2025-11,gov,0,1.0,0.0,0.0,1.0,gov,True,False
156073,2025-12,gov,0,1.0,0.0,0.0,1.0,gov,True,False
156073,2026-01,gov,0,1.0,0.0,0.0,1.0,gov,True,False
156073,2026-02,gov,0,1.0,0.0,0.0,1.0,gov,True,False
156073,2026-03,gov,0,1.0,0.0,0.0,1.0,gov,True,False
156074,2023-11,gov,0,1.0,0.0,0.0,1.0,uncertain,True,True
156074,2023-12,uncertain,2,0.0,0.0,1.0,1.0,uncertain,True,True
156074,2024-01,uncertain,2,0.0,0.0,1.0,1.0,uncertain,True,True
156074,2024-02,uncertain,2,0.0,0.0,1.0,1.0,uncertain,True,True
156074,2024-03,uncertain,2,0.0,0.0,1.0,1.0,uncertain,True,True
156074,2024-04,uncertain,2,0.0,0.0,1.0,1.0,uncertain,True,True
156074,2024-05,uncertain,2,0.0,0.0,1.0,1.0,opo,True,True
156074,2024-06,opo,1,0.0,1.0,0.0,1.0,uncertain,True,True
156074,2024-07,uncertain,2,0.0,0.0,1.0,1.0,uncertain,True,True
156074,2024-08,uncertain,2,0.0,0.0,1.0,1.0,gov,True,True
156074,2024-09,gov,0,1.0,0.0,0.0,1.0,gov,True,True
156074,2024-10,gov,0,1.0,0.0,0.0,1.0,gov,True,True
156074,2024-11,gov,0,1.0,0.0,0.0,1.0,gov,True,True
156074,2024-12,gov,0,1.0,0.0,0.0,1.0,gov,True,True
156074,2025-01,gov,0,1.0,0.0,0.0,1.0,gov,True,True
156074,2025-02,gov,0,1.0,0.0,0.0,1.0,gov,True,True
156074,2025-03,gov,0,1.0,0.0,0.0,1.0,gov,True,True
156074,2025-04,gov,0,1.0,0.0,0.0,1.0,gov,True,True
156074,2025-05,gov,0,1.0,0.0,0.0,1.0,gov,True,True
156074,2025-06,gov,0,1.0,0.0,0.0,1.0,gov,True,True
156074,2025-07,gov,0,1.0,0.0,0.0,1.0,gov,True,False
156074,2025-08,gov,0,1.0,0.0,0.0,1.0,gov,True,False
156074,2025-09,gov,0,1.0,0.0,0.0,1.0,gov,True,False
156074,2025-10,gov,0,1.0,0.0,0.0,1.0,gov,True,False
156074,2025-11,gov,0,1.0,0.0,0.0,1.0,gov,True,False
156074,2025-12,gov,0,1.0,0.0,0.0,1.0,gov,True,False
156074,2026-01,gov,0,1.0,0.0,0.0,1.0,opo,True,False
156074,2026-02,opo,1,0.0,1.0,0.0,1.0,gov,True,False
156074,2026-03,gov,0,1.0,0.0,0.0,1.0,gov,True,False
156075,2023-11,gov,0,1.0,0.0,0.0,1.0,uncertain,True,True
156075,2023-12,uncertain,2,0.0,0.0,1.0,1.0,uncertain,True,True
156075,2024-01,uncertain,2,0.0,0.0,1.0,1.0,uncertain,True,True
156075,2024-02,uncertain,2,0.0,0.0,1.0,1.0,opo,True,True
156075,2024-03,opo,1,0.0,1.0,0.0,1.0,opo,True,True
156075,2024-04,opo,1,0.0,1.0,0.0,1.0,opo,True,True
156075,2024-05,opo,1,0.0,1.0,0.0,1.0,uncertain,True,True
156075,2024-06,uncertain,2,0.0,0.0,1.0,1.0,uncertain,True,True
156075,2024-07,uncertain,2,0.0,0.0,1.0,1.0,uncertain,True,True
156075,2024-08,uncertain,2,0.0,0.0,1.0,1.0,uncertain,True,True
156075,2024-09,uncertain,2,0.0,0.0,1.0,1.0,uncertain,True,True
156075,2024-10,uncertain,2,0.0,0.0,1.0,1.0,uncertain,True,True
156075,2024-11,uncertain,2,0.0,0.0,1.0,1.0,uncertain,True,True
156075,2024-12,uncertain,2,0.0,0.0,1.0,1.0,uncertain,True,True
156075,2025-01,uncertain,2,0.0,0.0,1.0,1.0,uncertain,True,True
156075,2025-02,uncertain,2,0.0,0.0,1.0,1.0,uncertain,True,True
156075,2025-03,uncertain,2,0.0,0.0,1.0,1.0,uncertain,True,True
156075,2025-04,uncertain,2,0.0,0.0,1.0,1.0,uncertain,True,True
156075,2025-05,uncertain,2,0.0,0.0,1.0,1.0,uncertain,True,True
156075,2025-06,uncertain,2,0.0,0.0,1.0,1.0,uncertain,True,True
156075,2025-07,uncertain,2,0.0,0.0,1.0,1.0,uncertain,True,False
156075,2025-08,uncertain,2,0.0,0.0,1.0,1.0,uncertain,True,False
156075,2025-09,uncertain,2,0.0,0.0,1.0,1.0,uncertain,True,False
156075,2025-10,uncertain,2,0.0,0.0,1.0,1.0,uncertain,True,False
156075,2025-11,uncertain,2,0.0,0.0,1.0,1.0,uncertain,True,False
156075,2025-12,uncertain,2,0.0,0.0,1.0,1.0,uncertain,True,False
156075,2026-01,uncertain,2,0.0,0.0,1.0,1.0,uncertain,True,False
156075,2026-02,uncertain,2,0.0,0.0,1.0,1.0,uncertain,True,False
156075,2026-03,uncertain,2,0.0,0.0,1.0,1.0,uncertain,True,False
156788,2023-11,gov,0,1.0,0.0,0.0,1.0,gov,True,True
156788,2023-12,gov,0,1.0,0.0,0.0,1.0,gov,True,True
156788,2024-01,gov,0,1.0,0.0,0.0,1.0,gov,True,True
156788,2024-02,gov,0,1.0,0.0,0.0,1.0,gov,True,True
156788,2024-03,gov,0,1.0,0.0,0.0,1.0,gov,True,True
156788,2024-04,gov,0,1.0,0.0,0.0,1.0,gov,True,True
156788,2024-05,gov,0,1.0,0.0,0.0,1.0,gov,True,True
156788,2024-06,gov,0,1.0,0.0,0.0,1.0,gov,True,True
156788,2024-07,gov,0,1.0,0.0,0.0,1.0,gov,True,True
156788,2024-08,gov,0,1.0,0.0,0.0,1.0,gov,True,True
156788,2024-09,gov,0,1.0,0.0,0.0,1.0,gov,True,True
156788,2024-10,gov,0,1.0,0.0,0.0,1.0,gov,True,True
156788,2024-11,gov,0,1.0,0.0,0.0,1.0,gov,True,True
156788,2024-12,gov,0,1.0,0.0,0.0,1.0,gov,True,True
156788,2025-01,gov,0,1.0,0.0,0.0,1.0,gov,True,True
156788,2025-02,gov,0,1.0,0.0,0.0,1.0,gov,True,True
156788,2025-03,gov,0,1.0,0.0,0.0,1.0,gov,True,True
156788,2025-04,gov,0,1.0,0.0,0.0,1.0,gov,True,True
156788,2025-05,gov,0,1.0,0.0,0.0,1.0,gov,True,True
156788,2025-06,gov,0,1.0,0.0,0.0,1.0,gov,True,True
156788,2025-07,gov,0,1.0,0.0,0.0,1.0,gov,True,False
156788,2025-08,gov,0,1.0,0.0,0.0,1.0,gov,True,False
156788,2025-09,gov,0,1.0,0.0,0.0,1.0,gov,True,False
156788,2025-10,gov,0,1.0,0.0,0.0,1.0,gov,True,False
156788,2025-11,gov,0,1.0,0.0,0.0,1.0,gov,True,False
156788,2025-12,gov,0,1.0,0.0,0.0,1.0,gov,True,False
156788,2026-01,gov,0,1.0,0.0,0.0,1.0,gov,True,False
156788,2026-02,gov,0,1.0,0.0,0.0,1.0,gov,True,False
156788,2026-03,gov,0,1.0,0.0,0.0,1.0,gov,True,False
156789,2023-11,gov,0,1.0,0.0,0.0,1.0,gov,True,True
156789,2023-12,gov,0,1.0,0.0,0.0,1.0,gov,True,True
156789,2024-01,gov,0,1.0,0.0,0.0,1.0,gov,True,True
156789,2024-02,gov,0,1.0,0.0,0.0,1.0,gov,True,True
156789,2024-03,gov,0,1.0,0.0,0.0,1.0,gov,True,True
156789,2024-04,gov,0,1.0,0.0,0.0,1.0,gov,True,True
156789,2024-05,gov,0,1.0,0.0,0.0,1.0,gov,True,True
156789,2024-06,gov,0,1.0,0.0,0.0,1.0,gov,True,True
156789,2024-07,gov,0,1.0,0.0,0.0,1.0,uncertain,True,True
156789,2024-08,uncertain,2,0.0,0.0,1.0,1.0,gov,True,True
156789,2024-09,gov,0,1.0,0.0,0.0,1.0,gov,True,True
156789,2024-10,gov,0,1.0,0.0,0.0,1.0,gov,True,True
156789,2024-11,gov,0,1.0,0.0,0.0,1.0,opo,True,True
156789,2024-12,opo,1,0.0,1.0,0.0,1.0,opo,True,True
156789,2025-01,opo,1,0.0,1.0,0.0,1.0,opo,True,True
156789,2025-02,opo,1,0.0,1.0,0.0,1.0,opo,True,True
156789,2025-03,opo,1,0.0,1.0,0.0,1.0,opo,True,True
156789,2025-04,opo,1,0.0,1.0,0.0,1.0,opo,True,True
156789,2025-05,opo,1,0.0,1.0,0.0,1.0,opo,True,True
156789,2025-06,opo,1,0.0,1.0,0.0,1.0,opo,True,True
156789,2025-07,opo,1,0.0,1.0,0.0,1.0,opo,True,False
156789,2025-08,opo,1,0.0,1.0,0.0,1.0,opo,True,False
156789,2025-09,opo,1,0.0,1.0,0.0,1.0,opo,True,False
156789,2025-10,opo,1,0.0,1.0,0.0,1.0,opo,True,False
156789,2025-11,opo,1,0.0,1.0,0.0,1.0,opo,True,False
156789,2025-12,opo,1,0.0,1.0,0.0,1.0,opo,True,False
156789,2026-01,opo,1,0.0,1.0,0.0,1.0,opo,True,False
156789,2026-02,opo,1,0.0,1.0,0.0,1.0,opo,True,False
156789,2026-03,opo,1,0.0,1.0,0.0,1.0,opo,True,False
156791,2023-11,gov,0,1.0,0.0,0.0,1.0,gov,True,True
156791,2023-12,gov,0,1.0,0.0,0.0,1.0,gov,True,True
156791,2024-01,gov,0,1.0,0.0,0.0,1.0,gov,True,True
156791,2024-02,gov,0,1.0,0.0,0.0,1.0,gov,True,True
156791,2024-03,gov,0,1.0,0.0,0.0,1.0,gov,True,True
156791,2024-04,gov,0,1.0,0.0,0.0,1.0,gov,True,True
156791,2024-05,gov,0,1.0,0.0,0.0,1.0,gov,True,True
156791,2024-06,gov,0,1.0,0.0,0.0,1.0,gov,True,True
156791,2024-07,gov,0,1.0,0.0,0.0,1.0,gov,True,True
156791,2024-08,gov,0,1.0,0.0,0.0,1.0,gov,True,True
156791,2024-09,gov,0,1.0,0.0,0.0,1.0,gov,True,True
156791,2024-10,gov,0,1.0,0.0,0.0,1.0,gov,True,True
156791,2024-11,gov,0,1.0,0.0,0.0,1.0,gov,True,True
156791,2024-12,gov,0,1.0,0.0,0.0,1.0,gov,True,True
156791,2025-01,gov,0,1.0,0.0,0.0,1.0,gov,True,True
156791,2025-02,gov,0,1.0,0.0,0.0,1.0,gov,True,True
156791,2025-03,gov,0,1.0,0.0,0.0,1.0,gov,True,True
156791,2025-04,gov,0,1.0,0.0,0.0,1.0,gov,True,True
156791,2025-05,gov,0,1.0,0.0,0.0,1.0,gov,True,True
156791,2025-06,gov,0,1.0,0.0,0.0,1.0,gov,True,True
156791,2025-07,gov,0,1.0,0.0,0.0,1.0,gov,True,False
156791,2025-08,gov,0,1.0,0.0,0.0,1.0,gov,True,False
156791,2025-09,gov,0,1.0,0.0,0.0,1.0,gov,True,False
156791,2025-10,gov,0,1.0,0.0,0.0,1.0,gov,True,False
156791,2025-11,gov,0,1.0,0.0,0.0,1.0,gov,True,False
156791,2025-12,gov,0,1.0,0.0,0.0,1.0,gov,True,False
156791,2026-01,gov,0,1.0,0.0,0.0,1.0,gov,True,False
156791,2026-02,gov,0,1.0,0.0,0.0,1.0,gov,True,False
156791,2026-03,gov,0,1.0,0.0,0.0,1.0,gov,True,False
156792,2023-11,gov,0,1.0,0.0,0.0,1.0,gov,True,True
156792,2023-12,gov,0,1.0,0.0,0.0,1.0,gov,True,True
156792,2024-01,gov,0,1.0,0.0,0.0,1.0,gov,True,True
156792,2024-02,gov,0,1.0,0.0,0.0,1.0,gov,True,True
156792,2024-03,gov,0,1.0,0.0,0.0,1.0,gov,True,True
156792,2024-04,gov,0,1.0,0.0,0.0,1.0,gov,True,True
156792,2024-05,gov,0,1.0,0.0,0.0,1.0,gov,True,True
156792,2024-06,gov,0,1.0,0.0,0.0,1.0,gov,True,True
156792,2024-07,gov,0,1.0,0.0,0.0,1.0,gov,True,True
156792,2024-08,gov,0,1.0,0.0,0.0,1.0,gov,True,True
156792,2024-09,gov,0,1.0,0.0,0.0,1.0,gov,True,True
156792,2024-10,gov,0,1.0,0.0,0.0,1.0,gov,True,True
156792,2024-11,gov,0,1.0,0.0,0.0,1.0,gov,True,True
156792,2024-12,gov,0,1.0,0.0,0.0,1.0,gov,True,True
156792,2025-01,gov,0,1.0,0.0,0.0,1.0,gov,True,True
156792,2025-02,gov,0,1.0,0.0,0.0,1.0,gov,True,True
156792,2025-03,gov,0,1.0,0.0,0.0,1.0,gov,True,True
156792,2025-04,gov,0,1.0,0.0,0.0,1.0,gov,True,True
156792,2025-05,gov,0,1.0,0.0,0.0,1.0,gov,True,True
156792,2025-06,gov,0,1.0,0.0,0.0,1.0,gov,True,True
156792,2025-07,gov,0,1.0,0.0,0.0,1.0,gov,True,False
156792,2025-08,gov,0,1.0,0.0,0.0,1.0,gov,True,False
156792,2025-09,gov,0,1.0,0.0,0.0,1.0,gov,True,False
156792,2025-10,gov,0,1.0,0.0,0.0,1.0,gov,True,False
156792,2025-11,gov,0,1.0,0.0,0.0,1.0,gov,True,False
156792,2025-12,gov,0,1.0,0.0,0.0,1.0,gov,True,False
156792,2026-01,gov,0,1.0,0.0,0.0,1.0,gov,True,False
156792,2026-02,gov,0,1.0,0.0,0.0,1.0,gov,True,False
156792,2026-03,gov,0,1.0,0.0,0.0,1.0,gov,True,False
156793,2023-11,gov,0,1.0,0.0,0.0,1.0,uncertain,True,True
156793,2023-12,uncertain,2,0.0,0.0,1.0,1.0,uncertain,True,True
156793,2024-01,uncertain,2,0.0,0.0,1.0,1.0,uncertain,True,True
156793,2024-02,uncertain,2,0.0,0.0,1.0,1.0,uncertain,True,True
156793,2024-03,uncertain,2,0.0,0.0,1.0,1.0,uncertain,True,True
156793,2024-04,uncertain,2,0.0,0.0,1.0,1.0,uncertain,True,True
156793,2024-05,uncertain,2,0.0,0.0,1.0,1.0,uncertain,True,True
156793,2024-06,uncertain,2,0.0,0.0,1.0,1.0,uncertain,True,True
156793,2024-07,uncertain,2,0.0,0.0,1.0,1.0,uncertain,True,True
156793,2024-08,uncertain,2,0.0,0.0,1.0,1.0,gov,True,True
156793,2024-09,gov,0,1.0,0.0,0.0,1.0,gov,True,True
156793,2024-10,gov,0,1.0,0.0,0.0,1.0,gov,True,True
156793,2024-11,gov,0,1.0,0.0,0.0,1.0,gov,True,True
156793,2024-12,gov,0,1.0,0.0,0.0,1.0,gov,True,True
156793,2025-01,gov,0,1.0,0.0,0.0,1.0,gov,True,True
156793,2025-02,gov,0,1.0,0.0,0.0,1.0,gov,True,True
156793,2025-03,gov,0,1.0,0.0,0.0,1.0,gov,True,True
156793,2025-04,gov,0,1.0,0.0,0.0,1.0,gov,True,True
156793,2025-05,gov,0,1.0,0.0,0.0,1.0,gov,True,True
156793,2025-06,gov,0,1.0,0.0,0.0,1.0,gov,True,True
156793,2025-07,gov,0,1.0,0.0,0.0,1.0,gov,True,False
156793,2025-08,gov,0,1.0,0.0,0.0,1.0,gov,True,False
156793,2025-09,gov,0,1.0,0.0,0.0,1.0,gov,True,False
156793,2025-10,gov,0,1.0,0.0,0.0,1.0,gov,True,False
156793,2025-11,gov,0,1.0,0.0,0.0,1.0,gov,True,False
156793,2025-12,gov,0,1.0,0.0,0.0,1.0,gov,True,False
156793,2026-01,gov,0,1.0,0.0,0.0,1.0,gov,True,False
156793,2026-02,gov,0,1.0,0.0,0.0,1.0,gov,True,False
156793,2026-03,gov,0,1.0,0.0,0.0,1.0,gov,True,False
156794,2024-03,gov,0,1.0,0.0,0.0,1.0,gov,True,True
156794,2024-04,gov,0,1.0,0.0,0.0,1.0,gov,True,True
156794,2024-05,gov,0,1.0,0.0,0.0,1.0,gov,True,True
156794,2024-06,gov,0,1.0,0.0,0.0,1.0,gov,True,True
156794,2024-07,gov,0,1.0,0.0,0.0,1.0,gov,True,True
156794,2024-08,gov,0,1.0,0.0,0.0,1.0,gov,True,True
156794,2024-09,gov,0,1.0,0.0,0.0,1.0,gov,True,True
156794,2024-10,gov,0,1.0,0.0,0.0,1.0,gov,True,True
156794,2024-11,gov,0,1.0,0.0,0.0,1.0,gov,True,True
156794,2024-12,gov,0,1.0,0.0,0.0,1.0,gov,True,True
156794,2025-01,gov,0,1.0,0.0,0.0,1.0,gov,True,True
156794,2025-02,gov,0,1.0,0.0,0.0,1.0,gov,True,True
156794,2025-03,gov,0,1.0,0.0,0.0,1.0,gov,True,True
156794,2025-04,gov,0,1.0,0.0,0.0,1.0,gov,True,True
156794,2025-05,gov,0,1.0,0.0,0.0,1.0,gov,True,True
156794,2025-06,gov,0,1.0,0.0,0.0,1.0,gov,True,True
156794,2025-07,gov,0,1.0,0.0,0.0,1.0,gov,True,False
156794,2025-08,gov,0,1.0,0.0,0.0,1.0,gov,True,False
156794,2025-09,gov,0,1.0,0.0,0.0,1.0,gov,True,False
156794,2025-10,gov,0,1.0,0.0,0.0,1.0,gov,True,False
156794,2025-11,gov,0,1.0,0.0,0.0,1.0,gov,True,False
156794,2025-12,gov,0,1.0,0.0,0.0,1.0,gov,True,False
156794,2026-01,gov,0,1.0,0.0,0.0,1.0,gov,True,False
156794,2026-02,gov,0,1.0,0.0,0.0,1.0,gov,True,False
156794,2026-03,gov,0,1.0,0.0,0.0,1.0,gov,True,False
156795,2023-11,gov,0,1.0,0.0,0.0,1.0,uncertain,True,True
156795,2023-12,uncertain,2,0.0,0.0,1.0,1.0,uncertain,True,True
156795,2024-01,uncertain,2,0.0,0.0,1.0,1.0,opo,True,True
156795,2024-02,opo,1,0.0,1.0,0.0,1.0,uncertain,True,True
156795,2024-03,uncertain,2,0.0,0.0,1.0,1.0,opo,True,True
156795,2024-04,opo,1,0.0,1.0,0.0,1.0,opo,True,True
156795,2024-05,opo,1,0.0,1.0,0.0,1.0,opo,True,True
156795,2024-06,opo,1,0.0,1.0,0.0,1.0,opo,True,True
156795,2024-07,opo,1,0.0,1.0,0.0,1.0,opo,True,True
156795,2024-08,opo,1,0.0,1.0,0.0,1.0,opo,True,True
156795,2024-09,opo,1,0.0,1.0,0.0,1.0,opo,True,True
156795,2024-10,opo,1,0.0,1.0,0.0,1.0,opo,True,True
156795,2024-11,opo,1,0.0,1.0,0.0,1.0,opo,True,True
156795,2024-12,opo,1,0.0,1.0,0.0,1.0,opo,True,True
156795,2025-01,opo,1,0.0,1.0,0.0,1.0,opo,True,True
156795,2025-02,opo,1,0.0,1.0,0.0,1.0,opo,True,True
156795,2025-03,opo,1,0.0,1.0,0.0,1.0,opo,True,True
156795,2025-04,opo,1,0.0,1.0,0.0,1.0,opo,True,True
156795,2025-05,opo,1,0.0,1.0,0.0,1.0,opo,True,True
156795,2025-06,opo,1,0.0,1.0,0.0,1.0,opo,True,True
156795,2025-07,opo,1,0.0,1.0,0.0,1.0,opo,True,False
156795,2025-08,opo,1,0.0,1.0,0.0,1.0,opo,True,False
156795,2025-09,opo,1,0.0,1.0,0.0,1.0,opo,True,False
156795,2025-10,opo,1,0.0,1.0,0.0,1.0,opo,True,False
156795,2025-11,opo,1,0.0,1.0,0.0,1.0,opo,True,False
156795,2025-12,opo,1,0.0,1.0,0.0,1.0,opo,True,False
156795,2026-01,opo,1,0.0,1.0,0.0,1.0,opo,True,False
156795,2026-02,opo,1,0.0,1.0,0.0,1.0,gov,True,False
156795,2026-03,gov,0,1.0,0.0,0.0,1.0,gov,True,False
156796,2023-11,gov,0,1.0,0.0,0.0,1.0,opo,True,True
156796,2023-12,opo,1,0.0,1.0,0.0,1.0,uncertain,True,True
156796,2024-01,uncertain,2,0.0,0.0,1.0,1.0,uncertain,True,True
156796,2024-02,uncertain,2,0.0,0.0,1.0,1.0,opo,True,True
156796,2024-03,opo,1,0.0,1.0,0.0,1.0,opo,True,True
156796,2024-04,opo,1,0.0,1.0,0.0,1.0,opo,True,True
156796,2024-05,opo,1,0.0,1.0,0.0,1.0,opo,True,True
156796,2024-06,opo,1,0.0,1.0,0.0,1.0,opo,True,True
156796,2024-07,opo,1,0.0,1.0,0.0,1.0,opo,True,True
156796,2024-08,opo,1,0.0,1.0,0.0,1.0,opo,True,True
156796,2024-09,opo,1,0.0,1.0,0.0,1.0,opo,True,True
156796,2024-10,opo,1,0.0,1.0,0.0,1.0,opo,True,True
156796,2024-11,opo,1,0.0,1.0,0.0,1.0,opo,True,True
156796,2024-12,opo,1,0.0,1.0,0.0,1.0,opo,True,True
156796,2025-01,opo,1,0.0,1.0,0.0,1.0,opo,True,True
156796,2025-02,opo,1,0.0,1.0,0.0,1.0,opo,True,True
156796,2025-03,opo,1,0.0,1.0,0.0,1.0,opo,True,True
156796,2025-04,opo,1,0.0,1.0,0.0,1.0,opo,True,True
156796,2025-05,opo,1,0.0,1.0,0.0,1.0,opo,True,True
156796,2025-06,opo,1,0.0,1.0,0.0,1.0,opo,True,True
156796,2025-07,opo,1,0.0,1.0,0.0,1.0,opo,True,False
156796,2025-08,opo,1,0.0,1.0,0.0,1.0,opo,True,False
156796,2025-09,opo,1,0.0,1.0,0.0,1.0,opo,True,False
156796,2025-10,opo,1,0.0,1.0,0.0,1.0,opo,True,False
156796,2025-11,opo,1,0.0,1.0,0.0,1.0,opo,True,False
156796,2025-12,opo,1,0.0,1.0,0.0,1.0,opo,True,False
156796,2026-01,opo,1,0.0,1.0,0.0,1.0,opo,True,False
156796,2026-02,opo,1,0.0,1.0,0.0,1.0,opo,True,False
156796,2026-03,opo,1,0.0,1.0,0.0,1.0,opo,True,False
157508,2023-11,gov,0,1.0,0.0,0.0,1.0,uncertain,True,True
157508,2023-12,uncertain,2,0.0,0.0,1.0,1.0,uncertain,True,True
157508,2024-01,uncertain,2,0.0,0.0,1.0,1.0,uncertain,True,True
157508,2024-02,uncertain,2,0.0,0.0,1.0,1.0,uncertain,True,True
157508,2024-03,uncertain,2,0.0,0.0,1.0,1.0,opo,True,True
157508,2024-04,opo,1,0.0,1.0,0.0,1.0,uncertain,True,True
157508,2024-05,uncertain,2,0.0,0.0,1.0,1.0,opo,True,True
157508,2024-06,opo,1,0.0,1.0,0.0,1.0,uncertain,True,True
157508,2024-07,uncertain,2,0.0,0.0,1.0,1.0,gov,True,True
157508,2024-08,gov,0,1.0,0.0,0.0,1.0,gov,True,True
157508,2024-09,gov,0,1.0,0.0,0.0,1.0,gov,True,True
157508,2024-10,gov,0,1.0,0.0,0.0,1.0,gov,True,True
157508,2024-11,gov,0,1.0,0.0,0.0,1.0,gov,True,True
157508,2024-12,gov,0,1.0,0.0,0.0,1.0,gov,True,True
157508,2025-01,gov,0,1.0,0.0,0.0,1.0,gov,True,True
157508,2025-02,gov,0,1.0,0.0,0.0,1.0,gov,True,True
157508,2025-03,gov,0,1.0,0.0,0.0,1.0,gov,True,True
157508,2025-04,gov,0,1.0,0.0,0.0,1.0,gov,True,True
157508,2025-05,gov,0,1.0,0.0,0.0,1.0,gov,True,True
157508,2025-06,gov,0,1.0,0.0,0.0,1.0,gov,True,True
157508,2025-07,gov,0,1.0,0.0,0.0,1.0,gov,True,False
157508,2025-08,gov,0,1.0,0.0,0.0,1.0,gov,True,False
157508,2025-09,gov,0,1.0,0.0,0.0,1.0,gov,True,False
157508,2025-10,gov,0,1.0,0.0,0.0,1.0,gov,True,False
157508,2025-11,gov,0,1.0,0.0,0.0,1.0,gov,True,False
157508,2025-12,gov,0,1.0,0.0,0.0,1.0,gov,True,False
157508,2026-01,gov,0,1.0,0.0,0.0,1.0,gov,True,False
157508,2026-02,gov,0,1.0,0.0,0.0,1.0,gov,True,False
157508,2026-03,gov,0,1.0,0.0,0.0,1.0,gov,True,False
157509,2024-08,gov,0,1.0,0.0,0.0,1.0,opo,True,True
157509,2024-09,opo,1,0.0,1.0,0.0,1.0,opo,True,True
157509,2024-10,opo,1,0.0,1.0,0.0,1.0,opo,True,True
157509,2024-11,opo,1,0.0,1.0,0.0,1.0,opo,True,True
157509,2024-12,opo,1,0.0,1.0,0.0,1.0,opo,True,True
157509,2025-01,opo,1,0.0,1.0,0.0,1.0,opo,True,True
157509,2025-02,opo,1,0.0,1.0,0.0,1.0,opo,True,True
157509,2025-03,opo,1,0.0,1.0,0.0,1.0,opo,True,True
157509,2025-04,opo,1,0.0,1.0,0.0,1.0,opo,True,True
157509,2025-05,opo,1,0.0,1.0,0.0,1.0,opo,True,True
157509,2025-06,opo,1,0.0,1.0,0.0,1.0,opo,True,True
157509,2025-07,opo,1,0.0,1.0,0.0,1.0,opo,True,False
157509,2025-08,opo,1,0.0,1.0,0.0,1.0,opo,True,False
157509,2025-09,opo,1,0.0,1.0,0.0,1.0,opo,True,False
157509,2025-10,opo,1,0.0,1.0,0.0,1.0,opo,True,False
157509,2025-11,opo,1,0.0,1.0,0.0,1.0,opo,True,False
157509,2025-12,opo,1,0.0,1.0,0.0,1.0,opo,True,False
157509,2026-01,opo,1,0.0,1.0,0.0,1.0,opo,True,False
157509,2026-02,opo,1,0.0,1.0,0.0,1.0,opo,True,False
157509,2026-03,opo,1,0.0,1.0,0.0,1.0,opo,True,False
157510,2023-11,gov,0,1.0,0.0,0.0,1.0,gov,True,True
157510,2023-12,gov,0,1.0,0.0,0.0,1.0,gov,True,True
157510,2024-01,gov,0,1.0,0.0,0.0,1.0,gov,True,True
157510,2024-02,gov,0,1.0,0.0,0.0,1.0,gov,True,True
157510,2024-03,gov,0,1.0,0.0,0.0,1.0,gov,True,True
157510,2024-04,gov,0,1.0,0.0,0.0,1.0,gov,True,True
157510,2024-05,gov,0,1.0,0.0,0.0,1.0,gov,True,True
157510,2024-06,gov,0,1.0,0.0,0.0,1.0,gov,True,True
157510,2024-07,gov,0,1.0,0.0,0.0,1.0,gov,True,True
157510,2024-08,gov,0,1.0,0.0,0.0,1.0,gov,True,True
157510,2024-09,gov,0,1.0,0.0,0.0,1.0,gov,True,True
157510,2024-10,gov,0,1.0,0.0,0.0,1.0,gov,True,True
157510,2024-11,gov,0,1.0,0.0,0.0,1.0,gov,True,True
157510,2024-12,gov,0,1.0,0.0,0.0,1.0,gov,True,True
157510,2025-01,gov,0,1.0,0.0,0.0,1.0,gov,True,True
157510,2025-02,gov,0,1.0,0.0,0.0,1.0,gov,True,True
157510,2025-03,gov,0,1.0,0.0,0.0,1.0,gov,True,True
157510,2025-04,gov,0,1.0,0.0,0.0,1.0,gov,True,True
157510,2025-05,gov,0,1.0,0.0,0.0,1.0,gov,True,True
157510,2025-06,gov,0,1.0,0.0,0.0,1.0,gov,True,True
157510,2025-07,gov,0,1.0,0.0,0.0,1.0,gov,True,False
157510,2025-08,gov,0,1.0,0.0,0.0,1.0,gov,True,False
157510,2025-09,gov,0,1.0,0.0,0.0,1.0,gov,True,False
157510,2025-10,gov,0,1.0,0.0,0.0,1.0,gov,True,False
157510,2025-11,gov,0,1.0,0.0,0.0,1.0,gov,True,False
157510,2025-12,gov,0,1.0,0.0,0.0,1.0,gov,True,False
157510,2026-01,gov,0,1.0,0.0,0.0,1.0,gov,True,False
157510,2026-02,gov,0,1.0,0.0,0.0,1.0,gov,True,False
157510,2026-03,gov,0,1.0,0.0,0.0,1.0,gov,True,False
157511,2023-11,gov,0,1.0,0.0,0.0,1.0,gov,True,True
157511,2023-12,gov,0,1.0,0.0,0.0,1.0,gov,True,True
157511,2024-01,gov,0,1.0,0.0,0.0,1.0,gov,True,True
157511,2024-02,gov,0,1.0,0.0,0.0,1.0,gov,True,True
157511,2024-03,gov,0,1.0,0.0,0.0,1.0,gov,True,True
157511,2024-04,gov,0,1.0,0.0,0.0,1.0,gov,True,True
157511,2024-05,gov,0,1.0,0.0,0.0,1.0,gov,True,True
157511,2024-06,gov,0,1.0,0.0,0.0,1.0,gov,True,True
157511,2024-07,gov,0,1.0,0.0,0.0,1.0,gov,True,True
157511,2024-08,gov,0,1.0,0.0,0.0,1.0,gov,True,True
157511,2024-09,gov,0,1.0,0.0,0.0,1.0,gov,True,True
157511,2024-10,gov,0,1.0,0.0,0.0,1.0,gov,True,True
157511,2024-11,gov,0,1.0,0.0,0.0,1.0,gov,True,True
157511,2024-12,gov,0,1.0,0.0,0.0,1.0,gov,True,True
157511,2025-01,gov,0,1.0,0.0,0.0,1.0,gov,True,True
157511,2025-02,gov,0,1.0,0.0,0.0,1.0,gov,True,True
157511,2025-03,gov,0,1.0,0.0,0.0,1.0,gov,True,True
157511,2025-04,gov,0,1.0,0.0,0.0,1.0,gov,True,True
157511,2025-05,gov,0,1.0,0.0,0.0,1.0,gov,True,True
157511,2025-06,gov,0,1.0,0.0,0.0,1.0,gov,True,True
157511,2025-07,gov,0,1.0,0.0,0.0,1.0,gov,True,False
157511,2025-08,gov,0,1.0,0.0,0.0,1.0,gov,True,False
157511,2025-09,gov,0,1.0,0.0,0.0,1.0,gov,True,False
157511,2025-10,gov,0,1.0,0.0,0.0,1.0,gov,True,False
157511,2025-11,gov,0,1.0,0.0,0.0,1.0,gov,True,False
157511,2025-12,gov,0,1.0,0.0,0.0,1.0,gov,True,False
157511,2026-01,gov,0,1.0,0.0,0.0,1.0,gov,True,False
157511,2026-02,gov,0,1.0,0.0,0.0,1.0,gov,True,False
157511,2026-03,gov,0,1.0,0.0,0.0,1.0,gov,True,False
157513,2023-11,gov,0,1.0,0.0,0.0,1.0,uncertain,True,True
157513,2023-12,uncertain,2,0.0,0.0,1.0,1.0,uncertain,True,True
157513,2024-01,uncertain,2,0.0,0.0,1.0,1.0,uncertain,True,True
157513,2024-02,uncertain,2,0.0,0.0,1.0,1.0,uncertain,True,True
157513,2024-03,uncertain,2,0.0,0.0,1.0,1.0,uncertain,True,True
157513,2024-04,uncertain,2,0.0,0.0,1.0,1.0,uncertain,True,True
157513,2024-05,uncertain,2,0.0,0.0,1.0,1.0,uncertain,True,True
157513,2024-06,uncertain,2,0.0,0.0,1.0,1.0,uncertain,True,True
157513,2024-07,uncertain,2,0.0,0.0,1.0,1.0,uncertain,True,True
157513,2024-08,uncertain,2,0.0,0.0,1.0,1.0,uncertain,True,True
157513,2024-09,uncertain,2,0.0,0.0,1.0,1.0,uncertain,True,True
157513,2024-10,uncertain,2,0.0,0.0,1.0,1.0,uncertain,True,True
157513,2024-11,uncertain,2,0.0,0.0,1.0,1.0,uncertain,True,True
157513,2024-12,uncertain,2,0.0,0.0,1.0,1.0,uncertain,True,True
157513,2025-01,uncertain,2,0.0,0.0,1.0,1.0,uncertain,True,True
157513,2025-02,uncertain,2,0.0,0.0,1.0,1.0,uncertain,True,True
157513,2025-03,uncertain,2,0.0,0.0,1.0,1.0,uncertain,True,True
157513,2025-04,uncertain,2,0.0,0.0,1.0,1.0,uncertain,True,True
157513,2025-05,uncertain,2,0.0,0.0,1.0,1.0,uncertain,True,True
157513,2025-06,uncertain,2,0.0,0.0,1.0,1.0,uncertain,True,True
157513,2025-07,uncertain,2,0.0,0.0,1.0,1.0,uncertain,True,False
157513,2025-08,uncertain,2,0.0,0.0,1.0,1.0,uncertain,True,False
157513,2025-09,uncertain,2,0.0,0.0,1.0,1.0,uncertain,True,False
157513,2025-10,uncertain,2,0.0,0.0,1.0,1.0,uncertain,True,False
157513,2025-11,uncertain,2,0.0,0.0,1.0,1.0,uncertain,True,False
157513,2025-12,uncertain,2,0.0,0.0,1.0,1.0,uncertain,True,False
157513,2026-01,uncertain,2,0.0,0.0,1.0,1.0,uncertain,True,False
157513,2026-02,uncertain,2,0.0,0.0,1.0,1.0,uncertain,True,False
157513,2026-03,uncertain,2,0.0,0.0,1.0,1.0,uncertain,True,False
157514,2023-11,gov,0,1.0,0.0,0.0,1.0,uncertain,True,True
157514,2023-12,uncertain,2,0.0,0.0,1.0,1.0,uncertain,True,True
157514,2024-01,uncertain,2,0.0,0.0,1.0,1.0,uncertain,True,True
157514,2024-02,uncertain,2,0.0,0.0,1.0,1.0,uncertain,True,True
157514,2024-03,uncertain,2,0.0,0.0,1.0,1.0,uncertain,True,True
157514,2024-04,uncertain,2,0.0,0.0,1.0,1.0,uncertain,True,True
157514,2024-05,uncertain,2,0.0,0.0,1.0,1.0,uncertain,True,True
157514,2024-06,uncertain,2,0.0,0.0,1.0,1.0,uncertain,True,True
157514,2024-07,uncertain,2,0.0,0.0,1.0,1.0,uncertain,True,True
157514,2024-08,uncertain,2,0.0,0.0,1.0,1.0,gov,True,True
157514,2024-09,gov,0,1.0,0.0,0.0,1.0,gov,True,True
157514,2024-10,gov,0,1.0,0.0,0.0,1.0,gov,True,True
157514,2024-11,gov,0,1.0,0.0,0.0,1.0,gov,True,True
157514,2024-12,gov,0,1.0,0.0,0.0,1.0,gov,True,True
157514,2025-01,gov,0,1.0,0.0,0.0,1.0,gov,True,True
157514,2025-02,gov,0,1.0,0.0,0.0,1.0,gov,True,True
157514,2025-03,gov,0,1.0,0.0,0.0,1.0,gov,True,True
157514,2025-04,gov,0,1.0,0.0,0.0,1.0,gov,True,True
157514,2025-05,gov,0,1.0,0.0,0.0,1.0,gov,True,True
157514,2025-06,gov,0,1.0,0.0,0.0,1.0,gov,True,True
157514,2025-07,gov,0,1.0,0.0,0.0,1.0,gov,True,False
157514,2025-08,gov,0,1.0,0.0,0.0,1.0,gov,True,False
157514,2025-09,gov,0,1.0,0.0,0.0,1.0,gov,True,False
157514,2025-10,gov,0,1.0,0.0,0.0,1.0,gov,True,False
157514,2025-11,gov,0,1.0,0.0,0.0,1.0,gov,True,False
157514,2025-12,gov,0,1.0,0.0,0.0,1.0,gov,True,False
157514,2026-01,gov,0,1.0,0.0,0.0,1.0,gov,True,False
157514,2026-02,gov,0,1.0,0.0,0.0,1.0,gov,True,False
157514,2026-03,gov,0,1.0,0.0,0.0,1.0,gov,True,False
157515,2023-11,gov,0,1.0,0.0,0.0,1.0,uncertain,True,True
157515,2023-12,uncertain,2,0.0,0.0,1.0,1.0,opo,True,True
157515,2024-01,opo,1,0.0,1.0,0.0,1.0,uncertain,True,True
157515,2024-02,uncertain,2,0.0,0.0,1.0,1.0,opo,True,True
157515,2024-03,opo,1,0.0,1.0,0.0,1.0,uncertain,True,True
157515,2024-04,uncertain,2,0.0,0.0,1.0,1.0,uncertain,True,True
157515,2024-05,uncertain,2,0.0,0.0,1.0,1.0,uncertain,True,True
157515,2024-06,uncertain,2,0.0,0.0,1.0,1.0,opo,True,True
157515,2024-07,opo,1,0.0,1.0,0.0,1.0,uncertain,True,True
157515,2024-08,uncertain,2,0.0,0.0,1.0,1.0,uncertain,True,True
157515,2024-09,uncertain,2,0.0,0.0,1.0,1.0,uncertain,True,True
157515,2024-10,uncertain,2,0.0,0.0,1.0,1.0,uncertain,True,True
157515,2024-11,uncertain,2,0.0,0.0,1.0,1.0,uncertain,True,True
157515,2024-12,uncertain,2,0.0,0.0,1.0,1.0,uncertain,True,True
157515,2025-01,uncertain,2,0.0,0.0,1.0,1.0,uncertain,True,True
157515,2025-02,uncertain,2,0.0,0.0,1.0,1.0,uncertain,True,True
157515,2025-03,uncertain,2,0.0,0.0,1.0,1.0,opo,True,True
157515,2025-04,opo,1,0.0,1.0,0.0,1.0,uncertain,True,True
157515,2025-05,uncertain,2,0.0,0.0,1.0,1.0,uncertain,True,True
157515,2025-06,uncertain,2,0.0,0.0,1.0,1.0,uncertain,True,True
157515,2025-07,uncertain,2,0.0,0.0,1.0,1.0,uncertain,True,False
157515,2025-08,uncertain,2,0.0,0.0,1.0,1.0,gov,True,False
157515,2025-09,gov,0,1.0,0.0,0.0,1.0,uncertain,True,False
157515,2025-10,uncertain,2,0.0,0.0,1.0,1.0,uncertain,True,False
157515,2025-11,uncertain,2,0.0,0.0,1.0,1.0,gov,True,False
157515,2025-12,gov,0,1.0,0.0,0.0,1.0,uncertain,True,False
157515,2026-01,uncertain,2,0.0,0.0,1.0,1.0,uncertain,True,False
157515,2026-02,uncertain,2,0.0,0.0,1.0,1.0,uncertain,True,False
157515,2026-03,uncertain,2,0.0,0.0,1.0,1.0,uncertain,True,False
158229,2023-11,gov,0,1.0,0.0,0.0,1.0,uncertain,True,True
158229,2023-12,uncertain,2,0.0,0.0,1.0,1.0,uncertain,True,True
158229,2024-01,uncertain,2,0.0,0.0,1.0,1.0,uncertain,True,True
158229,2024-02,uncertain,2,0.0,0.0,1.0,1.0,uncertain,True,True
158229,2024-03,uncertain,2,0.0,0.0,1.0,1.0,uncertain,True,True
158229,2024-04,uncertain,2,0.0,0.0,1.0,1.0,uncertain,True,True
158229,2024-05,uncertain,2,0.0,0.0,1.0,1.0,uncertain,True,True
158229,2024-06,uncertain,2,0.0,0.0,1.0,1.0,uncertain,True,True
158229,2024-07,uncertain,2,0.0,0.0,1.0,1.0,uncertain,True,True
158229,2024-08,uncertain,2,0.0,0.0,1.0,1.0,gov,True,True
158229,2024-09,gov,0,1.0,0.0,0.0,1.0,gov,True,True
158229,2024-10,gov,0,1.0,0.0,0.0,1.0,opo,True,True
158229,2024-11,opo,1,0.0,1.0,0.0,1.0,opo,True,True
158229,2024-12,opo,1,0.0,1.0,0.0,1.0,opo,True,True
158229,2025-01,opo,1,0.0,1.0,0.0,1.0,opo,True,True
158229,2025-02,opo,1,0.0,1.0,0.0,1.0,opo,True,True
158229,2025-03,opo,1,0.0,1.0,0.0,1.0,opo,True,True
158229,2025-04,opo,1,0.0,1.0,0.0,1.0,opo,True,True
158229,2025-05,opo,1,0.0,1.0,0.0,1.0,opo,True,True
158229,2025-06,opo,1,0.0,1.0,0.0,1.0,opo,True,True
158229,2025-07,opo,1,0.0,1.0,0.0,1.0,opo,True,False
158229,2025-08,opo,1,0.0,1.0,0.0,1.0,opo,True,False
158229,2025-09,opo,1,0.0,1.0,0.0,1.0,opo,True,False
158229,2025-10,opo,1,0.0,1.0,0.0,1.0,opo,True,False
158229,2025-11,opo,1,0.0,1.0,0.0,1.0,opo,True,False
158229,2025-12,opo,1,0.0,1.0,0.0,1.0,opo,True,False
158229,2026-01,opo,1,0.0,1.0,0.0,1.0,opo,True,False
158229,2026-02,opo,1,0.0,1.0,0.0,1.0,opo,True,False
158229,2026-03,opo,1,0.0,1.0,0.0,1.0,opo,True,False
158231,2023-11,gov,0,1.0,0.0,0.0,1.0,gov,True,True
158231,2023-12,gov,0,1.0,0.0,0.0,1.0,gov,True,True
158231,2024-01,gov,0,1.0,0.0,0.0,1.0,gov,True,True
158231,2024-02,gov,0,1.0,0.0,0.0,1.0,gov,True,True
158231,2024-03,gov,0,1.0,0.0,0.0,1.0,gov,True,True
158231,2024-04,gov,0,1.0,0.0,0.0,1.0,gov,True,True
158231,2024-05,gov,0,1.0,0.0,0.0,1.0,gov,True,True
158231,2024-06,gov,0,1.0,0.0,0.0,1.0,gov,True,True
158231,2024-07,gov,0,1.0,0.0,0.0,1.0,gov,True,True
158231,2024-08,gov,0,1.0,0.0,0.0,1.0,gov,True,True
158231,2024-09,gov,0,1.0,0.0,0.0,1.0,gov,True,True
158231,2024-10,gov,0,1.0,0.0,0.0,1.0,gov,True,True
158231,2024-11,gov,0,1.0,0.0,0.0,1.0,gov,True,True
158231,2024-12,gov,0,1.0,0.0,0.0,1.0,gov,True,True
158231,2025-01,gov,0,1.0,0.0,0.0,1.0,gov,True,True
158231,2025-02,gov,0,1.0,0.0,0.0,1.0,gov,True,True
158231,2025-03,gov,0,1.0,0.0,0.0,1.0,gov,True,True
158231,2025-04,gov,0,1.0,0.0,0.0,1.0,gov,True,True
158231,2025-05,gov,0,1.0,0.0,0.0,1.0,gov,True,True
158231,2025-06,gov,0,1.0,0.0,0.0,1.0,gov,True,True
158231,2025-07,gov,0,1.0,0.0,0.0,1.0,gov,True,False
158231,2025-08,gov,0,1.0,0.0,0.0,1.0,gov,True,False
158231,2025-09,gov,0,1.0,0.0,0.0,1.0,gov,True,False
158231,2025-10,gov,0,1.0,0.0,0.0,1.0,gov,True,False
158231,2025-11,gov,0,1.0,0.0,0.0,1.0,gov,True,False
158231,2025-12,gov,0,1.0,0.0,0.0,1.0,gov,True,False
158231,2026-01,gov,0,1.0,0.0,0.0,1.0,gov,True,False
158231,2026-02,gov,0,1.0,0.0,0.0,1.0,gov,True,False
158231,2026-03,gov,0,1.0,0.0,0.0,1.0,gov,True,False
158233,2023-11,gov,0,1.0,0.0,0.0,1.0,gov,True,True
158233,2023-12,gov,0,1.0,0.0,0.0,1.0,gov,True,True
158233,2024-01,gov,0,1.0,0.0,0.0,1.0,gov,True,True
158233,2024-02,gov,0,1.0,0.0,0.0,1.0,gov,True,True
158233,2024-03,gov,0,1.0,0.0,0.0,1.0,gov,True,True
158233,2024-04,gov,0,1.0,0.0,0.0,1.0,gov,True,True
158233,2024-05,gov,0,1.0,0.0,0.0,1.0,gov,True,True
158233,2024-06,gov,0,1.0,0.0,0.0,1.0,gov,True,True
158233,2024-07,gov,0,1.0,0.0,0.0,1.0,gov,True,True
158233,2024-08,gov,0,1.0,0.0,0.0,1.0,gov,True,True
158233,2024-09,gov,0,1.0,0.0,0.0,1.0,gov,True,True
158233,2024-10,gov,0,1.0,0.0,0.0,1.0,gov,True,True
158233,2024-11,gov,0,1.0,0.0,0.0,1.0,gov,True,True
158233,2024-12,gov,0,1.0,0.0,0.0,1.0,gov,True,True
158233,2025-01,gov,0,1.0,0.0,0.0,1.0,gov,True,True
158233,2025-02,gov,0,1.0,0.0,0.0,1.0,gov,True,True
158233,2025-03,gov,0,1.0,0.0,0.0,1.0,gov,True,True
158233,2025-04,gov,0,1.0,0.0,0.0,1.0,gov,True,True
158233,2025-05,gov,0,1.0,0.0,0.0,1.0,gov,True,True
158233,2025-06,gov,0,1.0,0.0,0.0,1.0,gov,True,True
158233,2025-07,gov,0,1.0,0.0,0.0,1.0,gov,True,False
158233,2025-08,gov,0,1.0,0.0,0.0,1.0,gov,True,False
158233,2025-09,gov,0,1.0,0.0,0.0,1.0,gov,True,False
158233,2025-10,gov,0,1.0,0.0,0.0,1.0,gov,True,False
158233,2025-11,gov,0,1.0,0.0,0.0,1.0,gov,True,False
158233,2025-12,gov,0,1.0,0.0,0.0,1.0,gov,True,False
158233,2026-01,gov,0,1.0,0.0,0.0,1.0,gov,True,False
158233,2026-02,gov,0,1.0,0.0,0.0,1.0,gov,True,False
158233,2026-03,gov,0,1.0,0.0,0.0,1.0,gov,True,False
158235,2023-11,gov,0,1.0,0.0,0.0,1.0,opo,True,True
158235,2023-12,opo,1,0.0,1.0,0.0,1.0,uncertain,True,True
158235,2024-01,uncertain,2,0.0,0.0,1.0,1.0,uncertain,True,True
158235,2024-02,uncertain,2,0.0,0.0,1.0,1.0,uncertain,True,True
158235,2024-03,uncertain,2,0.0,0.0,1.0,1.0,opo,True,True
158235,2024-04,opo,1,0.0,1.0,0.0,1.0,opo,True,True
158235,2024-05,opo,1,0.0,1.0,0.0,1.0,opo,True,True
158235,2024-06,opo,1,0.0,1.0,0.0,1.0,opo,True,True
158235,2024-07,opo,1,0.0,1.0,0.0,1.0,opo,True,True
158235,2024-08,opo,1,0.0,1.0,0.0,1.0,opo,True,True
158235,2024-09,opo,1,0.0,1.0,0.0,1.0,opo,True,True
158235,2024-10,opo,1,0.0,1.0,0.0,1.0,opo,True,True
158235,2024-11,opo,1,0.0,1.0,0.0,1.0,opo,True,True
158235,2024-12,opo,1,0.0,1.0,0.0,1.0,opo,True,True
158235,2025-01,opo,1,0.0,1.0,0.0,1.0,opo,True,True
158235,2025-02,opo,1,0.0,1.0,0.0,1.0,opo,True,True
158235,2025-03,opo,1,0.0,1.0,0.0,1.0,opo,True,True
158235,2025-04,opo,1,0.0,1.0,0.0,1.0,opo,True,True
158235,2025-05,opo,1,0.0,1.0,0.0,1.0,opo,True,True
158235,2025-06,opo,1,0.0,1.0,0.0,1.0,opo,True,True
158235,2025-07,opo,1,0.0,1.0,0.0,1.0,gov,True,False
158235,2025-08,gov,0,1.0,0.0,0.0,1.0,opo,True,False
158235,2025-09,opo,1,0.0,1.0,0.0,1.0,opo,True,False
158235,2025-10,opo,1,0.0,1.0,0.0,1.0,opo,True,False
158235,2025-11,opo,1,0.0,1.0,0.0,1.0,opo,True,False
158235,2025-12,opo,1,0.0,1.0,0.0,1.0,opo,True,False
158235,2026-01,opo,1,0.0,1.0,0.0,1.0,opo,True,False
158235,2026-02,opo,1,0.0,1.0,0.0,1.0,gov,True,False
158235,2026-03,gov,0,1.0,0.0,0.0,1.0,opo,True,False
158236,2023-11,gov,0,1.0,0.0,0.0,1.0,uncertain,True,True
158236,2023-12,uncertain,2,0.0,0.0,1.0,1.0,uncertain,True,True
158236,2024-01,uncertain,2,0.0,0.0,1.0,1.0,opo,True,True
158236,2024-02,opo,1,0.0,1.0,0.0,1.0,opo,True,True
158236,2024-03,opo,1,0.0,1.0,0.0,1.0,opo,True,True
158236,2024-04,opo,1,0.0,1.0,0.0,1.0,opo,True,True
158236,2024-05,opo,1,0.0,1.0,0.0,1.0,opo,True,True
158236,2024-06,opo,1,0.0,1.0,0.0,1.0,opo,True,True
158236,2024-07,opo,1,0.0,1.0,0.0,1.0,opo,True,True
158236,2024-08,opo,1,0.0,1.0,0.0,1.0,opo,True,True
158236,2024-09,opo,1,0.0,1.0,0.0,1.0,opo,True,True
158236,2024-10,opo,1,0.0,1.0,0.0,1.0,opo,True,True
158236,2024-11,opo,1,0.0,1.0,0.0,1.0,opo,True,True
158236,2024-12,opo,1,0.0,1.0,0.0,1.0,opo,True,True
158236,2025-01,opo,1,0.0,1.0,0.0,1.0,opo,True,True
158236,2025-02,opo,1,0.0,1.0,0.0,1.0,opo,True,True
158236,2025-03,opo,1,0.0,1.0,0.0,1.0,opo,True,True
158236,2025-04,opo,1,0.0,1.0,0.0,1.0,opo,True,True
158236,2025-05,opo,1,0.0,1.0,0.0,1.0,opo,True,True
158236,2025-06,opo,1,0.0,1.0,0.0,1.0,opo,True,True
158236,2025-07,opo,1,0.0,1.0,0.0,1.0,opo,True,False
158236,2025-08,opo,1,0.0,1.0,0.0,1.0,opo,True,False
158236,2025-09,opo,1,0.0,1.0,0.0,1.0,opo,True,False
158236,2025-10,opo,1,0.0,1.0,0.0,1.0,opo,True,False
158236,2025-11,opo,1,0.0,1.0,0.0,1.0,opo,True,False
158236,2025-12,opo,1,0.0,1.0,0.0,1.0,opo,True,False
158236,2026-01,opo,1,0.0,1.0,0.0,1.0,opo,True,False
158236,2026-02,opo,1,0.0,1.0,0.0,1.0,opo,True,False
158236,2026-03,opo,1,0.0,1.0,0.0,1.0,opo,True,False
158237,2024-03,gov,0,1.0,0.0,0.0,1.0,opo,True,True
158237,2024-04,opo,1,0.0,1.0,0.0,1.0,opo,True,True
158237,2024-05,opo,1,0.0,1.0,0.0,1.0,opo,True,True
158237,2024-06,opo,1,0.0,1.0,0.0,1.0,opo,True,True
158237,2024-07,opo,1,0.0,1.0,0.0,1.0,opo,True,True
158237,2024-08,opo,1,0.0,1.0,0.0,1.0,opo,True,True
158237,2024-09,opo,1,0.0,1.0,0.0,1.0,opo,True,True
158237,2024-10,opo,1,0.0,1.0,0.0,1.0,opo,True,True
158237,2024-11,opo,1,0.0,1.0,0.0,1.0,opo,True,True
158237,2024-12,opo,1,0.0,1.0,0.0,1.0,opo,True,True
158237,2025-01,opo,1,0.0,1.0,0.0,1.0,opo,True,True
158237,2025-02,opo,1,0.0,1.0,0.0,1.0,opo,True,True
158237,2025-03,opo,1,0.0,1.0,0.0,1.0,opo,True,True
158237,2025-04,opo,1,0.0,1.0,0.0,1.0,opo,True,True
158237,2025-05,opo,1,0.0,1.0,0.0,1.0,opo,True,True
158237,2025-06,opo,1,0.0,1.0,0.0,1.0,opo,True,True
158237,2025-07,opo,1,0.0,1.0,0.0,1.0,opo,True,False
158237,2025-08,opo,1,0.0,1.0,0.0,1.0,opo,True,False
158237,2025-09,opo,1,0.0,1.0,0.0,1.0,opo,True,False
158237,2025-10,opo,1,0.0,1.0,0.0,1.0,opo,True,False
158237,2025-11,opo,1,0.0,1.0,0.0,1.0,opo,True,False
158237,2025-12,opo,1,0.0,1.0,0.0,1.0,opo,True,False
158237,2026-01,opo,1,0.0,1.0,0.0,1.0,opo,True,False
158237,2026-02,opo,1,0.0,1.0,0.0,1.0,opo,True,False
158237,2026-03,opo,1,0.0,1.0,0.0,1.0,opo,True,False
158238,2024-03,gov,0,1.0,0.0,0.0,1.0,opo,True,True
158238,2024-04,opo,1,0.0,1.0,0.0,1.0,opo,True,True
158238,2024-05,opo,1,0.0,1.0,0.0,1.0,opo,True,True
158238,2024-06,opo,1,0.0,1.0,0.0,1.0,opo,True,True
158238,2024-07,opo,1,0.0,1.0,0.0,1.0,opo,True,True
158238,2024-08,opo,1,0.0,1.0,0.0,1.0,gov,True,True
158238,2024-09,gov,0,1.0,0.0,0.0,1.0,gov,True,True
158238,2024-10,gov,0,1.0,0.0,0.0,1.0,gov,True,True
158238,2024-11,gov,0,1.0,0.0,0.0,1.0,gov,True,True
158238,2024-12,gov,0,1.0,0.0,0.0,1.0,gov,True,True
158238,2025-01,gov,0,1.0,0.0,0.0,1.0,gov,True,True
158238,2025-02,gov,0,1.0,0.0,0.0,1.0,gov,True,True
158238,2025-03,gov,0,1.0,0.0,0.0,1.0,gov,True,True
158238,2025-04,gov,0,1.0,0.0,0.0,1.0,gov,True,True
158238,2025-05,gov,0,1.0,0.0,0.0,1.0,gov,True,True
158238,2025-06,gov,0,1.0,0.0,0.0,1.0,gov,True,True
158238,2025-07,gov,0,1.0,0.0,0.0,1.0,gov,True,False
158238,2025-08,gov,0,1.0,0.0,0.0,1.0,gov,True,False
158238,2025-09,gov,0,1.0,0.0,0.0,1.0,gov,True,False
158238,2025-10,gov,0,1.0,0.0,0.0,1.0,gov,True,False
158238,2025-11,gov,0,1.0,0.0,0.0,1.0,gov,True,False
158238,2025-12,gov,0,1.0,0.0,0.0,1.0,gov,True,False
158238,2026-01,gov,0,1.0,0.0,0.0,1.0,gov,True,False
158238,2026-02,gov,0,1.0,0.0,0.0,1.0,gov,True,False
158238,2026-03,gov,0,1.0,0.0,0.0,1.0,gov,True,False
158946,2023-11,gov,0,1.0,0.0,0.0,1.0,gov,True,True
158946,2023-12,gov,0,1.0,0.0,0.0,1.0,gov,True,True
158946,2024-01,gov,0,1.0,0.0,0.0,1.0,gov,True,True
158946,2024-02,gov,0,1.0,0.0,0.0,1.0,gov,True,True
158946,2024-03,gov,0,1.0,0.0,0.0,1.0,opo,True,True
158946,2024-04,opo,1,0.0,1.0,0.0,1.0,gov,True,True
158946,2024-05,gov,0,1.0,0.0,0.0,1.0,gov,True,True
158946,2024-06,gov,0,1.0,0.0,0.0,1.0,gov,True,True
158946,2024-07,gov,0,1.0,0.0,0.0,1.0,gov,True,True
158946,2024-08,gov,0,1.0,0.0,0.0,1.0,gov,True,True
158946,2024-09,gov,0,1.0,0.0,0.0,1.0,gov,True,True
158946,2024-10,gov,0,1.0,0.0,0.0,1.0,gov,True,True
158946,2024-11,gov,0,1.0,0.0,0.0,1.0,gov,True,True
158946,2024-12,gov,0,1.0,0.0,0.0,1.0,gov,True,True
158946,2025-01,gov,0,1.0,0.0,0.0,1.0,gov,True,True
158946,2025-02,gov,0,1.0,0.0,0.0,1.0,gov,True,True
158946,2025-03,gov,0,1.0,0.0,0.0,1.0,gov,True,True
158946,2025-04,gov,0,1.0,0.0,0.0,1.0,gov,True,True
158946,2025-05,gov,0,1.0,0.0,0.0,1.0,gov,True,True
158946,2025-06,gov,0,1.0,0.0,0.0,1.0,gov,True,True
158946,2025-07,gov,0,1.0,0.0,0.0,1.0,gov,True,False
158946,2025-08,gov,0,1.0,0.0,0.0,1.0,gov,True,False
158946,2025-09,gov,0,1.0,0.0,0.0,1.0,gov,True,False
158946,2025-10,gov,0,1.0,0.0,0.0,1.0,gov,True,False
158946,2025-11,gov,0,1.0,0.0,0.0,1.0,gov,True,False
158946,2025-12,gov,0,1.0,0.0,0.0,1.0,gov,True,False
158946,2026-01,gov,0,1.0,0.0,0.0,1.0,opo,True,False
158946,2026-02,opo,1,0.0,1.0,0.0,1.0,gov,True,False
158946,2026-03,gov,0,1.0,0.0,0.0,1.0,gov,True,False
158947,2023-11,gov,0,1.0,0.0,0.0,1.0,gov,True,True
158947,2023-12,gov,0,1.0,0.0,0.0,1.0,uncertain,True,True
158947,2024-01,uncertain,2,0.0,0.0,1.0,1.0,opo,True,True
158947,2024-02,opo,1,0.0,1.0,0.0,1.0,opo,True,True
158947,2024-03,opo,1,0.0,1.0,0.0,1.0,opo,True,True
158947,2024-04,opo,1,0.0,1.0,0.0,1.0,opo,True,True
158947,2024-05,opo,1,0.0,1.0,0.0,1.0,opo,True,True
158947,2024-06,opo,1,0.0,1.0,0.0,1.0,opo,True,True
158947,2024-07,opo,1,0.0,1.0,0.0,1.0,opo,True,True
158947,2024-08,opo,1,0.0,1.0,0.0,1.0,opo,True,True
158947,2024-09,opo,1,0.0,1.0,0.0,1.0,opo,True,True
158947,2024-10,opo,1,0.0,1.0,0.0,1.0,opo,True,True
158947,2024-11,opo,1,0.0,1.0,0.0,1.0,opo,True,True
158947,2024-12,opo,1,0.0,1.0,0.0,1.0,opo,True,True
158947,2025-01,opo,1,0.0,1.0,0.0,1.0,opo,True,True
158947,2025-02,opo,1,0.0,1.0,0.0,1.0,opo,True,True
158947,2025-03,opo,1,0.0,1.0,0.0,1.0,opo,True,True
158947,2025-04,opo,1,0.0,1.0,0.0,1.0,opo,True,True
158947,2025-05,opo,1,0.0,1.0,0.0,1.0,opo,True,True
158947,2025-06,opo,1,0.0,1.0,0.0,1.0,opo,True,True
158947,2025-07,opo,1,0.0,1.0,0.0,1.0,opo,True,False
158947,2025-08,opo,1,0.0,1.0,0.0,1.0,opo,True,False
158947,2025-09,opo,1,0.0,1.0,0.0,1.0,opo,True,False
158947,2025-10,opo,1,0.0,1.0,0.0,1.0,opo,True,False
158947,2025-11,opo,1,0.0,1.0,0.0,1.0,opo,True,False
158947,2025-12,opo,1,0.0,1.0,0.0,1.0,opo,True,False
158947,2026-01,opo,1,0.0,1.0,0.0,1.0,opo,True,False
158947,2026-02,opo,1,0.0,1.0,0.0,1.0,opo,True,False
158947,2026-03,opo,1,0.0,1.0,0.0,1.0,opo,True,False
158949,2023-11,gov,0,1.0,0.0,0.0,1.0,gov,True,True
158949,2023-12,gov,0,1.0,0.0,0.0,1.0,gov,True,True
158949,2024-01,gov,0,1.0,0.0,0.0,1.0,gov,True,True
158949,2024-02,gov,0,1.0,0.0,0.0,1.0,gov,True,True
158949,2024-03,gov,0,1.0,0.0,0.0,1.0,gov,True,True
158949,2024-04,gov,0,1.0,0.0,0.0,1.0,gov,True,True
158949,2024-05,gov,0,1.0,0.0,0.0,1.0,gov,True,True
158949,2024-06,gov,0,1.0,0.0,0.0,1.0,gov,True,True
158949,2024-07,gov,0,1.0,0.0,0.0,1.0,gov,True,True
158949,2024-08,gov,0,1.0,0.0,0.0,1.0,gov,True,True
158949,2024-09,gov,0,1.0,0.0,0.0,1.0,gov,True,True
158949,2024-10,gov,0,1.0,0.0,0.0,1.0,gov,True,True
158949,2024-11,gov,0,1.0,0.0,0.0,1.0,gov,True,True
158949,2024-12,gov,0,1.0,0.0,0.0,1.0,gov,True,True
158949,2025-01,gov,0,1.0,0.0,0.0,1.0,gov,True,True
158949,2025-02,gov,0,1.0,0.0,0.0,1.0,gov,True,True
158949,2025-03,gov,0,1.0,0.0,0.0,1.0,gov,True,True
158949,2025-04,gov,0,1.0,0.0,0.0,1.0,gov,True,True
158949,2025-05,gov,0,1.0,0.0,0.0,1.0,gov,True,True
158949,2025-06,gov,0,1.0,0.0,0.0,1.0,gov,True,True
158949,2025-07,gov,0,1.0,0.0,0.0,1.0,gov,True,False
158949,2025-08,gov,0,1.0,0.0,0.0,1.0,gov,True,False
158949,2025-09,gov,0,1.0,0.0,0.0,1.0,gov,True,False
158949,2025-10,gov,0,1.0,0.0,0.0,1.0,opo,True,False
158949,2025-11,opo,1,0.0,1.0,0.0,1.0,gov,True,False
158949,2025-12,gov,0,1.0,0.0,0.0,1.0,gov,True,False
158949,2026-01,gov,0,1.0,0.0,0.0,1.0,gov,True,False
158949,2026-02,gov,0,1.0,0.0,0.0,1.0,gov,True,False
158949,2026-03,gov,0,1.0,0.0,0.0,1.0,gov,True,False
158950,2023-11,gov,0,1.0,0.0,0.0,1.0,gov,True,True
158950,2023-12,gov,0,1.0,0.0,0.0,1.0,gov,True,True
158950,2024-01,gov,0,1.0,0.0,0.0,1.0,gov,True,True
158950,2024-02,gov,0,1.0,0.0,0.0,1.0,gov,True,True
158950,2024-03,gov,0,1.0,0.0,0.0,1.0,gov,True,True
158950,2024-04,gov,0,1.0,0.0,0.0,1.0,gov,True,True
158950,2024-05,gov,0,1.0,0.0,0.0,1.0,gov,True,True
158950,2024-06,gov,0,1.0,0.0,0.0,1.0,gov,True,True
158950,2024-07,gov,0,1.0,0.0,0.0,1.0,gov,True,True
158950,2024-08,gov,0,1.0,0.0,0.0,1.0,gov,True,True
158950,2024-09,gov,0,1.0,0.0,0.0,1.0,gov,True,True
158950,2024-10,gov,0,1.0,0.0,0.0,1.0,gov,True,True
158950,2024-11,gov,0,1.0,0.0,0.0,1.0,gov,True,True
158950,2024-12,gov,0,1.0,0.0,0.0,1.0,gov,True,True
158950,2025-01,gov,0,1.0,0.0,0.0,1.0,gov,True,True
158950,2025-02,gov,0,1.0,0.0,0.0,1.0,gov,True,True
158950,2025-03,gov,0,1.0,0.0,0.0,1.0,gov,True,True
158950,2025-04,gov,0,1.0,0.0,0.0,1.0,gov,True,True
158950,2025-05,gov,0,1.0,0.0,0.0,1.0,gov,True,True
158950,2025-06,gov,0,1.0,0.0,0.0,1.0,gov,True,True
158950,2025-07,gov,0,1.0,0.0,0.0,1.0,gov,True,False
158950,2025-08,gov,0,1.0,0.0,0.0,1.0,gov,True,False
158950,2025-09,gov,0,1.0,0.0,0.0,1.0,gov,True,False
158950,2025-10,gov,0,1.0,0.0,0.0,1.0,gov,True,False
158950,2025-11,gov,0,1.0,0.0,0.0,1.0,gov,True,False
158950,2025-12,gov,0,1.0,0.0,0.0,1.0,gov,True,False
158950,2026-01,gov,0,1.0,0.0,0.0,1.0,gov,True,False
158950,2026-02,gov,0,1.0,0.0,0.0,1.0,gov,True,False
158950,2026-03,gov,0,1.0,0.0,0.0,1.0,gov,True,False
158951,2023-11,gov,0,1.0,0.0,0.0,1.0,gov,True,True
158951,2023-12,gov,0,1.0,0.0,0.0,1.0,gov,True,True
158951,2024-01,gov,0,1.0,0.0,0.0,1.0,gov,True,True
158951,2024-02,gov,0,1.0,0.0,0.0,1.0,gov,True,True
158951,2024-03,gov,0,1.0,0.0,0.0,1.0,gov,True,True
158951,2024-04,gov,0,1.0,0.0,0.0,1.0,gov,True,True
158951,2024-05,gov,0,1.0,0.0,0.0,1.0,gov,True,True
158951,2024-06,gov,0,1.0,0.0,0.0,1.0,gov,True,True
158951,2024-07,gov,0,1.0,0.0,0.0,1.0,gov,True,True
158951,2024-08,gov,0,1.0,0.0,0.0,1.0,gov,True,True
158951,2024-09,gov,0,1.0,0.0,0.0,1.0,gov,True,True
158951,2024-10,gov,0,1.0,0.0,0.0,1.0,gov,True,True
158951,2024-11,gov,0,1.0,0.0,0.0,1.0,gov,True,True
158951,2024-12,gov,0,1.0,0.0,0.0,1.0,gov,True,True
158951,2025-01,gov,0,1.0,0.0,0.0,1.0,gov,True,True
158951,2025-02,gov,0,1.0,0.0,0.0,1.0,gov,True,True
158951,2025-03,gov,0,1.0,0.0,0.0,1.0,gov,True,True
158951,2025-04,gov,0,1.0,0.0,0.0,1.0,gov,True,True
158951,2025-05,gov,0,1.0,0.0,0.0,1.0,gov,True,True
158951,2025-06,gov,0,1.0,0.0,0.0,1.0,gov,True,True
158951,2025-07,gov,0,1.0,0.0,0.0,1.0,gov,True,False
158951,2025-08,gov,0,1.0,0.0,0.0,1.0,gov,True,False
158951,2025-09,gov,0,1.0,0.0,0.0,1.0,gov,True,False
158951,2025-10,gov,0,1.0,0.0,0.0,1.0,gov,True,False
158951,2025-11,gov,0,1.0,0.0,0.0,1.0,gov,True,False
158951,2025-12,gov,0,1.0,0.0,0.0,1.0,gov,True,False
158951,2026-01,gov,0,1.0,0.0,0.0,1.0,gov,True,False
158951,2026-02,gov,0,1.0,0.0,0.0,1.0,gov,True,False
158951,2026-03,gov,0,1.0,0.0,0.0,1.0,gov,True,False
158952,2023-11,gov,0,1.0,0.0,0.0,1.0,gov,True,True
158952,2023-12,gov,0,1.0,0.0,0.0,1.0,gov,True,True
158952,2024-01,gov,0,1.0,0.0,0.0,1.0,gov,True,True
158952,2024-02,gov,0,1.0,0.0,0.0,1.0,gov,True,True
158952,2024-03,gov,0,1.0,0.0,0.0,1.0,gov,True,True
158952,2024-04,gov,0,1.0,0.0,0.0,1.0,gov,True,True
158952,2024-05,gov,0,1.0,0.0,0.0,1.0,gov,True,True
158952,2024-06,gov,0,1.0,0.0,0.0,1.0,gov,True,True
158952,2024-07,gov,0,1.0,0.0,0.0,1.0,gov,True,True
158952,2024-08,gov,0,1.0,0.0,0.0,1.0,gov,True,True
158952,2024-09,gov,0,1.0,0.0,0.0,1.0,gov,True,True
158952,2024-10,gov,0,1.0,0.0,0.0,1.0,gov,True,True
158952,2024-11,gov,0,1.0,0.0,0.0,1.0,gov,True,True
158952,2024-12,gov,0,1.0,0.0,0.0,1.0,gov,True,True
158952,2025-01,gov,0,1.0,0.0,0.0,1.0,gov,True,True
158952,2025-02,gov,0,1.0,0.0,0.0,1.0,gov,True,True
158952,2025-03,gov,0,1.0,0.0,0.0,1.0,gov,True,True
158952,2025-04,gov,0,1.0,0.0,0.0,1.0,gov,True,True
158952,2025-05,gov,0,1.0,0.0,0.0,1.0,gov,True,True
158952,2025-06,gov,0,1.0,0.0,0.0,1.0,gov,True,True
158952,2025-07,gov,0,1.0,0.0,0.0,1.0,gov,True,False
158952,2025-08,gov,0,1.0,0.0,0.0,1.0,gov,True,False
158952,2025-09,gov,0,1.0,0.0,0.0,1.0,gov,True,False
158952,2025-10,gov,0,1.0,0.0,0.0,1.0,gov,True,False
158952,2025-11,gov,0,1.0,0.0,0.0,1.0,gov,True,False
158952,2025-12,gov,0,1.0,0.0,0.0,1.0,gov,True,False
158952,2026-01,gov,0,1.0,0.0,0.0,1.0,gov,True,False
158952,2026-02,gov,0,1.0,0.0,0.0,1.0,gov,True,False
158952,2026-03,gov,0,1.0,0.0,0.0,1.0,gov,True,False
158953,2023-11,gov,0,1.0,0.0,0.0,1.0,gov,True,True
158953,2023-12,gov,0,1.0,0.0,0.0,1.0,gov,True,True
158953,2024-01,gov,0,1.0,0.0,0.0,1.0,gov,True,True
158953,2024-02,gov,0,1.0,0.0,0.0,1.0,gov,True,True
158953,2024-03,gov,0,1.0,0.0,0.0,1.0,gov,True,True
158953,2024-04,gov,0,1.0,0.0,0.0,1.0,gov,True,True
158953,2024-05,gov,0,1.0,0.0,0.0,1.0,gov,True,True
158953,2024-06,gov,0,1.0,0.0,0.0,1.0,gov,True,True
158953,2024-07,gov,0,1.0,0.0,0.0,1.0,gov,True,True
158953,2024-08,gov,0,1.0,0.0,0.0,1.0,gov,True,True
158953,2024-09,gov,0,1.0,0.0,0.0,1.0,gov,True,True
158953,2024-10,gov,0,1.0,0.0,0.0,1.0,gov,True,True
158953,2024-11,gov,0,1.0,0.0,0.0,1.0,gov,True,True
158953,2024-12,gov,0,1.0,0.0,0.0,1.0,gov,True,True
158953,2025-01,gov,0,1.0,0.0,0.0,1.0,gov,True,True
158953,2025-02,gov,0,1.0,0.0,0.0,1.0,gov,True,True
158953,2025-03,gov,0,1.0,0.0,0.0,1.0,gov,True,True
158953,2025-04,gov,0,1.0,0.0,0.0,1.0,gov,True,True
158953,2025-05,gov,0,1.0,0.0,0.0,1.0,gov,True,True
158953,2025-06,gov,0,1.0,0.0,0.0,1.0,gov,True,True
158953,2025-07,gov,0,1.0,0.0,0.0,1.0,gov,True,False
158953,2025-08,gov,0,1.0,0.0,0.0,1.0,gov,True,False
158953,2025-09,gov,0,1.0,0.0,0.0,1.0,gov,True,False
158953,2025-10,gov,0,1.0,0.0,0.0,1.0,gov,True,False
158953,2025-11,gov,0,1.0,0.0,0.0,1.0,gov,True,False
158953,2025-12,gov,0,1.0,0.0,0.0,1.0,gov,True,False
158953,2026-01,gov,0,1.0,0.0,0.0,1.0,gov,True,False
158953,2026-02,gov,0,1.0,0.0,0.0,1.0,gov,True,False
158953,2026-03,gov,0,1.0,0.0,0.0,1.0,gov,True,False
158954,2023-11,gov,0,1.0,0.0,0.0,1.0,gov,True,True
158954,2023-12,gov,0,1.0,0.0,0.0,1.0,gov,True,True
158954,2024-01,gov,0,1.0,0.0,0.0,1.0,gov,True,True
158954,2024-02,gov,0,1.0,0.0,0.0,1.0,gov,True,True
158954,2024-03,gov,0,1.0,0.0,0.0,1.0,gov,True,True
158954,2024-04,gov,0,1.0,0.0,0.0,1.0,gov,True,True
158954,2024-05,gov,0,1.0,0.0,0.0,1.0,gov,True,True
158954,2024-06,gov,0,1.0,0.0,0.0,1.0,gov,True,True
158954,2024-07,gov,0,1.0,0.0,0.0,1.0,gov,True,True
158954,2024-08,gov,0,1.0,0.0,0.0,1.0,gov,True,True
158954,2024-09,gov,0,1.0,0.0,0.0,1.0,gov,True,True
158954,2024-10,gov,0,1.0,0.0,0.0,1.0,gov,True,True
158954,2024-11,gov,0,1.0,0.0,0.0,1.0,gov,True,True
158954,2024-12,gov,0,1.0,0.0,0.0,1.0,gov,True,True
158954,2025-01,gov,0,1.0,0.0,0.0,1.0,gov,True,True
158954,2025-02,gov,0,1.0,0.0,0.0,1.0,gov,True,True
158954,2025-03,gov,0,1.0,0.0,0.0,1.0,gov,True,True
158954,2025-04,gov,0,1.0,0.0,0.0,1.0,gov,True,True
158954,2025-05,gov,0,1.0,0.0,0.0,1.0,gov,True,True
158954,2025-06,gov,0,1.0,0.0,0.0,1.0,gov,True,True
158954,2025-07,gov,0,1.0,0.0,0.0,1.0,gov,True,False
158954,2025-08,gov,0,1.0,0.0,0.0,1.0,gov,True,False
158954,2025-09,gov,0,1.0,0.0,0.0,1.0,gov,True,False
158954,2025-10,gov,0,1.0,0.0,0.0,1.0,gov,True,False
158954,2025-11,gov,0,1.0,0.0,0.0,1.0,gov,True,False
158954,2025-12,gov,0,1.0,0.0,0.0,1.0,gov,True,False
158954,2026-01,gov,0,1.0,0.0,0.0,1.0,gov,True,False
158954,2026-02,gov,0,1.0,0.0,0.0,1.0,gov,True,False
158954,2026-03,gov,0,1.0,0.0,0.0,1.0,gov,True,False
158955,2023-11,gov,0,1.0,0.0,0.0,1.0,gov,True,True
158955,2023-12,gov,0,1.0,0.0,0.0,1.0,gov,True,True
158955,2024-01,gov,0,1.0,0.0,0.0,1.0,opo,True,True
158955,2024-02,opo,1,0.0,1.0,0.0,1.0,opo,True,True
158955,2024-03,opo,1,0.0,1.0,0.0,1.0,gov,True,True
158955,2024-04,gov,0,1.0,0.0,0.0,1.0,opo,True,True
158955,2024-05,opo,1,0.0,1.0,0.0,1.0,gov,True,True
158955,2024-06,gov,0,1.0,0.0,0.0,1.0,opo,True,True
158955,2024-07,opo,1,0.0,1.0,0.0,1.0,opo,True,True
158955,2024-08,opo,1,0.0,1.0,0.0,1.0,gov,True,True
158955,2024-09,gov,0,1.0,0.0,0.0,1.0,gov,True,True
158955,2024-10,gov,0,1.0,0.0,0.0,1.0,gov,True,True
158955,2024-11,gov,0,1.0,0.0,0.0,1.0,gov,True,True
158955,2024-12,gov,0,1.0,0.0,0.0,1.0,gov,True,True
158955,2025-01,gov,0,1.0,0.0,0.0,1.0,gov,True,True
158955,2025-02,gov,0,1.0,0.0,0.0,1.0,gov,True,True
158955,2025-03,gov,0,1.0,0.0,0.0,1.0,gov,True,True
158955,2025-04,gov,0,1.0,0.0,0.0,1.0,gov,True,True
158955,2025-05,gov,0,1.0,0.0,0.0,1.0,gov,True,True
158955,2025-06,gov,0,1.0,0.0,0.0,1.0,gov,True,True
158955,2025-07,gov,0,1.0,0.0,0.0,1.0,gov,True,False
158955,2025-08,gov,0,1.0,0.0,0.0,1.0,gov,True,False
158955,2025-09,gov,0,1.0,0.0,0.0,1.0,gov,True,False
158955,2025-10,gov,0,1.0,0.0,0.0,1.0,gov,True,False
158955,2025-11,gov,0,1.0,0.0,0.0,1.0,gov,True,False
158955,2025-12,gov,0,1.0,0.0,0.0,1.0,gov,True,False
158955,2026-01,gov,0,1.0,0.0,0.0,1.0,gov,True,False
158955,2026-02,gov,0,1.0,0.0,0.0,1.0,gov,True,False
158955,2026-03,gov,0,1.0,0.0,0.0,1.0,gov,True,False
158956,2023-11,gov,0,1.0,0.0,0.0,1.0,gov,True,True
158956,2023-12,gov,0,1.0,0.0,0.0,1.0,gov,True,True
158956,2024-01,gov,0,1.0,0.0,0.0,1.0,gov,True,True
158956,2024-02,gov,0,1.0,0.0,0.0,1.0,gov,True,True
158956,2024-03,gov,0,1.0,0.0,0.0,1.0,gov,True,True
158956,2024-04,gov,0,1.0,0.0,0.0,1.0,gov,True,True
158956,2024-05,gov,0,1.0,0.0,0.0,1.0,gov,True,True
158956,2024-06,gov,0,1.0,0.0,0.0,1.0,gov,True,True
158956,2024-07,gov,0,1.0,0.0,0.0,1.0,gov,True,True
158956,2024-08,gov,0,1.0,0.0,0.0,1.0,gov,True,True
158956,2024-09,gov,0,1.0,0.0,0.0,1.0,gov,True,True
158956,2024-10,gov,0,1.0,0.0,0.0,1.0,gov,True,True
158956,2024-11,gov,0,1.0,0.0,0.0,1.0,gov,True,True
158956,2024-12,gov,0,1.0,0.0,0.0,1.0,gov,True,True
158956,2025-01,gov,0,1.0,0.0,0.0,1.0,gov,True,True
158956,2025-02,gov,0,1.0,0.0,0.0,1.0,gov,True,True
158956,2025-03,gov,0,1.0,0.0,0.0,1.0,gov,True,True
158956,2025-04,gov,0,1.0,0.0,0.0,1.0,gov,True,True
158956,2025-05,gov,0,1.0,0.0,0.0,1.0,gov,True,True
158956,2025-06,gov,0,1.0,0.0,0.0,1.0,gov,True,True
158956,2025-07,gov,0,1.0,0.0,0.0,1.0,gov,True,False
158956,2025-08,gov,0,1.0,0.0,0.0,1.0,gov,True,False
158956,2025-09,gov,0,1.0,0.0,0.0,1.0,gov,True,False
158956,2025-10,gov,0,1.0,0.0,0.0,1.0,gov,True,False
158956,2025-11,gov,0,1.0,0.0,0.0,1.0,gov,True,False
158956,2025-12,gov,0,1.0,0.0,0.0,1.0,gov,True,False
158956,2026-01,gov,0,1.0,0.0,0.0,1.0,gov,True,False
158956,2026-02,gov,0,1.0,0.0,0.0,1.0,gov,True,False
158956,2026-03,gov,0,1.0,0.0,0.0,1.0,gov,True,False
158957,2023-11,gov,0,1.0,0.0,0.0,1.0,gov,True,True
158957,2023-12,gov,0,1.0,0.0,0.0,1.0,gov,True,True
158957,2024-01,gov,0,1.0,0.0,0.0,1.0,gov,True,True
158957,2024-02,gov,0,1.0,0.0,0.0,1.0,gov,True,True
158957,2024-03,gov,0,1.0,0.0,0.0,1.0,gov,True,True
158957,2024-04,gov,0,1.0,0.0,0.0,1.0,gov,True,True
158957,2024-05,gov,0,1.0,0.0,0.0,1.0,gov,True,True
158957,2024-06,gov,0,1.0,0.0,0.0,1.0,gov,True,True
158957,2024-07,gov,0,1.0,0.0,0.0,1.0,gov,True,True
158957,2024-08,gov,0,1.0,0.0,0.0,1.0,gov,True,True
158957,2024-09,gov,0,1.0,0.0,0.0,1.0,gov,True,True
158957,2024-10,gov,0,1.0,0.0,0.0,1.0,gov,True,True
158957,2024-11,gov,0,1.0,0.0,0.0,1.0,gov,True,True
158957,2024-12,gov,0,1.0,0.0,0.0,1.0,gov,True,True
158957,2025-01,gov,0,1.0,0.0,0.0,1.0,gov,True,True
158957,2025-02,gov,0,1.0,0.0,0.0,1.0,gov,True,True
158957,2025-03,gov,0,1.0,0.0,0.0,1.0,gov,True,True
158957,2025-04,gov,0,1.0,0.0,0.0,1.0,gov,True,True
158957,2025-05,gov,0,1.0,0.0,0.0,1.0,gov,True,True
158957,2025-06,gov,0,1.0,0.0,0.0,1.0,gov,True,True
158957,2025-07,gov,0,1.0,0.0,0.0,1.0,gov,True,False
158957,2025-08,gov,0,1.0,0.0,0.0,1.0,gov,True,False
158957,2025-09,gov,0,1.0,0.0,0.0,1.0,gov,True,False
158957,2025-10,gov,0,1.0,0.0,0.0,1.0,gov,True,False
158957,2025-11,gov,0,1.0,0.0,0.0,1.0,gov,True,False
158957,2025-12,gov,0,1.0,0.0,0.0,1.0,gov,True,False
158957,2026-01,gov,0,1.0,0.0,0.0,1.0,gov,True,False
158957,2026-02,gov,0,1.0,0.0,0.0,1.0,gov,True,False
158957,2026-03,gov,0,1.0,0.0,0.0,1.0,gov,True,False
158958,2023-11,gov,0,1.0,0.0,0.0,1.0,gov,True,True
158958,2023-12,gov,0,1.0,0.0,0.0,1.0,gov,True,True
158958,2024-01,gov,0,1.0,0.0,0.0,1.0,gov,True,True
158958,2024-02,gov,0,1.0,0.0,0.0,1.0,gov,True,True
158958,2024-03,gov,0,1.0,0.0,0.0,1.0,gov,True,True
158958,2024-04,gov,0,1.0,0.0,0.0,1.0,gov,True,True
158958,2024-05,gov,0,1.0,0.0,0.0,1.0,gov,True,True
158958,2024-06,gov,0,1.0,0.0,0.0,1.0,gov,True,True
158958,2024-07,gov,0,1.0,0.0,0.0,1.0,gov,True,True
158958,2024-08,gov,0,1.0,0.0,0.0,1.0,gov,True,True
158958,2024-09,gov,0,1.0,0.0,0.0,1.0,gov,True,True
158958,2024-10,gov,0,1.0,0.0,0.0,1.0,gov,True,True
158958,2024-11,gov,0,1.0,0.0,0.0,1.0,gov,True,True
158958,2024-12,gov,0,1.0,0.0,0.0,1.0,gov,True,True
158958,2025-01,gov,0,1.0,0.0,0.0,1.0,gov,True,True
158958,2025-02,gov,0,1.0,0.0,0.0,1.0,gov,True,True
158958,2025-03,gov,0,1.0,0.0,0.0,1.0,gov,True,True
158958,2025-04,gov,0,1.0,0.0,0.0,1.0,gov,True,True
158958,2025-05,gov,0,1.0,0.0,0.0,1.0,gov,True,True
158958,2025-06,gov,0,1.0,0.0,0.0,1.0,gov,True,True
158958,2025-07,gov,0,1.0,0.0,0.0,1.0,gov,True,False
158958,2025-08,gov,0,1.0,0.0,0.0,1.0,gov,True,False
158958,2025-09,gov,0,1.0,0.0,0.0,1.0,gov,True,False
158958,2025-10,gov,0,1.0,0.0,0.0,1.0,gov,True,False
158958,2025-11,gov,0,1.0,0.0,0.0,1.0,gov,True,False
158958,2025-12,gov,0,1.0,0.0,0.0,1.0,gov,True,False
158958,2026-01,gov,0,1.0,0.0,0.0,1.0,gov,True,False
158958,2026-02,gov,0,1.0,0.0,0.0,1.0,gov,True,False
158958,2026-03,gov,0,1.0,0.0,0.0,1.0,gov,True,False
158960,2023-11,gov,0,1.0,0.0,0.0,1.0,gov,True,True
158960,2023-12,gov,0,1.0,0.0,0.0,1.0,gov,True,True
158960,2024-01,gov,0,1.0,0.0,0.0,1.0,gov,True,True
158960,2024-02,gov,0,1.0,0.0,0.0,1.0,gov,True,True
158960,2024-03,gov,0,1.0,0.0,0.0,1.0,gov,True,True
158960,2024-04,gov,0,1.0,0.0,0.0,1.0,gov,True,True
158960,2024-05,gov,0,1.0,0.0,0.0,1.0,gov,True,True
158960,2024-06,gov,0,1.0,0.0,0.0,1.0,gov,True,True
158960,2024-07,gov,0,1.0,0.0,0.0,1.0,gov,True,True
158960,2024-08,gov,0,1.0,0.0,0.0,1.0,gov,True,True
158960,2024-09,gov,0,1.0,0.0,0.0,1.0,gov,True,True
158960,2024-10,gov,0,1.0,0.0,0.0,1.0,gov,True,True
158960,2024-11,gov,0,1.0,0.0,0.0,1.0,gov,True,True
158960,2024-12,gov,0,1.0,0.0,0.0,1.0,gov,True,True
158960,2025-01,gov,0,1.0,0.0,0.0,1.0,gov,True,True
158960,2025-02,gov,0,1.0,0.0,0.0,1.0,gov,True,True
158960,2025-03,gov,0,1.0,0.0,0.0,1.0,gov,True,True
158960,2025-04,gov,0,1.0,0.0,0.0,1.0,gov,True,True
158960,2025-05,gov,0,1.0,0.0,0.0,1.0,gov,True,True
158960,2025-06,gov,0,1.0,0.0,0.0,1.0,gov,True,True
158960,2025-07,gov,0,1.0,0.0,0.0,1.0,gov,True,False
158960,2025-08,gov,0,1.0,0.0,0.0,1.0,gov,True,False
158960,2025-09,gov,0,1.0,0.0,0.0,1.0,gov,True,False
158960,2025-10,gov,0,1.0,0.0,0.0,1.0,gov,True,False
158960,2025-11,gov,0,1.0,0.0,0.0,1.0,gov,True,False
158960,2025-12,gov,0,1.0,0.0,0.0,1.0,gov,True,False
158960,2026-01,gov,0,1.0,0.0,0.0,1.0,gov,True,False
158960,2026-02,gov,0,1.0,0.0,0.0,1.0,gov,True,False
158960,2026-03,gov,0,1.0,0.0,0.0,1.0,gov,True,False
159665,2023-11,gov,0,1.0,0.0,0.0,1.0,uncertain,True,True
159665,2023-12,uncertain,2,0.0,0.0,1.0,1.0,uncertain,True,True
159665,2024-01,uncertain,2,0.0,0.0,1.0,1.0,uncertain,True,True
159665,2024-02,uncertain,2,0.0,0.0,1.0,1.0,opo,True,True
159665,2024-03,opo,1,0.0,1.0,0.0,1.0,uncertain,True,True
159665,2024-04,uncertain,2,0.0,0.0,1.0,1.0,opo,True,True
159665,2024-05,opo,1,0.0,1.0,0.0,1.0,opo,True,True
159665,2024-06,opo,1,0.0,1.0,0.0,1.0,opo,True,True
159665,2024-07,opo,1,0.0,1.0,0.0,1.0,opo,True,True
159665,2024-08,opo,1,0.0,1.0,0.0,1.0,uncertain,True,True
159665,2024-09,uncertain,2,0.0,0.0,1.0,1.0,uncertain,True,True
159665,2024-10,uncertain,2,0.0,0.0,1.0,1.0,uncertain,True,True
159665,2024-11,uncertain,2,0.0,0.0,1.0,1.0,opo,True,True
159665,2024-12,opo,1,0.0,1.0,0.0,1.0,opo,True,True
159665,2025-01,opo,1,0.0,1.0,0.0,1.0,opo,True,True
159665,2025-02,opo,1,0.0,1.0,0.0,1.0,opo,True,True
159665,2025-03,opo,1,0.0,1.0,0.0,1.0,opo,True,True
159665,2025-04,opo,1,0.0,1.0,0.0,1.0,opo,True,True
159665,2025-05,opo,1,0.0,1.0,0.0,1.0,opo,True,True
159665,2025-06,opo,1,0.0,1.0,0.0,1.0,opo,True,True
159665,2025-07,opo,1,0.0,1.0,0.0,1.0,opo,True,False
159665,2025-08,opo,1,0.0,1.0,0.0,1.0,opo,True,False
159665,2025-09,opo,1,0.0,1.0,0.0,1.0,opo,True,False
159665,2025-10,opo,1,0.0,1.0,0.0,1.0,opo,True,False
159665,2025-11,opo,1,0.0,1.0,0.0,1.0,opo,True,False
159665,2025-12,opo,1,0.0,1.0,0.0,1.0,opo,True,False
159665,2026-01,opo,1,0.0,1.0,0.0,1.0,opo,True,False
159665,2026-02,opo,1,0.0,1.0,0.0,1.0,opo,True,False
159665,2026-03,opo,1,0.0,1.0,0.0,1.0,opo,True,False
159666,2023-11,gov,0,1.0,0.0,0.0,1.0,uncertain,True,True
159666,2023-12,uncertain,2,0.0,0.0,1.0,1.0,uncertain,True,True
159666,2024-01,uncertain,2,0.0,0.0,1.0,1.0,opo,True,True
159666,2024-02,opo,1,0.0,1.0,0.0,1.0,opo,True,True
159666,2024-03,opo,1,0.0,1.0,0.0,1.0,opo,True,True
159666,2024-04,opo,1,0.0,1.0,0.0,1.0,opo,True,True
159666,2024-05,opo,1,0.0,1.0,0.0,1.0,opo,True,True
159666,2024-06,opo,1,0.0,1.0,0.0,1.0,opo,True,True
159666,2024-07,opo,1,0.0,1.0,0.0,1.0,opo,True,True
159666,2024-08,opo,1,0.0,1.0,0.0,1.0,opo,True,True
159666,2024-09,opo,1,0.0,1.0,0.0,1.0,opo,True,True
159666,2024-10,opo,1,0.0,1.0,0.0,1.0,opo,True,True
159666,2024-11,opo,1,0.0,1.0,0.0,1.0,opo,True,True
159666,2024-12,opo,1,0.0,1.0,0.0,1.0,opo,True,True
159666,2025-01,opo,1,0.0,1.0,0.0,1.0,opo,True,True
159666,2025-02,opo,1,0.0,1.0,0.0,1.0,opo,True,True
159666,2025-03,opo,1,0.0,1.0,0.0,1.0,opo,True,True
159666,2025-04,opo,1,0.0,1.0,0.0,1.0,opo,True,True
159666,2025-05,opo,1,0.0,1.0,0.0,1.0,opo,True,True
159666,2025-06,opo,1,0.0,1.0,0.0,1.0,opo,True,True
159666,2025-07,opo,1,0.0,1.0,0.0,1.0,opo,True,False
159666,2025-08,opo,1,0.0,1.0,0.0,1.0,opo,True,False
159666,2025-09,opo,1,0.0,1.0,0.0,1.0,opo,True,False
159666,2025-10,opo,1,0.0,1.0,0.0,1.0,opo,True,False
159666,2025-11,opo,1,0.0,1.0,0.0,1.0,opo,True,False
159666,2025-12,opo,1,0.0,1.0,0.0,1.0,opo,True,False
159666,2026-01,opo,1,0.0,1.0,0.0,1.0,opo,True,False
159666,2026-02,opo,1,0.0,1.0,0.0,1.0,opo,True,False
159666,2026-03,opo,1,0.0,1.0,0.0,1.0,opo,True,False
159667,2023-11,gov,0,1.0,0.0,0.0,1.0,uncertain,True,True
159667,2023-12,uncertain,2,0.0,0.0,1.0,1.0,opo,True,True
159667,2024-01,opo,1,0.0,1.0,0.0,1.0,opo,True,True
159667,2024-02,opo,1,0.0,1.0,0.0,1.0,opo,True,True
159667,2024-03,opo,1,0.0,1.0,0.0,1.0,opo,True,True
159667,2024-04,opo,1,0.0,1.0,0.0,1.0,opo,True,True
159667,2024-05,opo,1,0.0,1.0,0.0,1.0,opo,True,True
159667,2024-06,opo,1,0.0,1.0,0.0,1.0,opo,True,True
159667,2024-07,opo,1,0.0,1.0,0.0,1.0,opo,True,True
159667,2024-08,opo,1,0.0,1.0,0.0,1.0,opo,True,True
159667,2024-09,opo,1,0.0,1.0,0.0,1.0,opo,True,True
159667,2024-10,opo,1,0.0,1.0,0.0,1.0,opo,True,True
159667,2024-11,opo,1,0.0,1.0,0.0,1.0,opo,True,True
159667,2024-12,opo,1,0.0,1.0,0.0,1.0,opo,True,True
159667,2025-01,opo,1,0.0,1.0,0.0,1.0,opo,True,True
159667,2025-02,opo,1,0.0,1.0,0.0,1.0,opo,True,True
159667,2025-03,opo,1,0.0,1.0,0.0,1.0,opo,True,True
159667,2025-04,opo,1,0.0,1.0,0.0,1.0,opo,True,True
159667,2025-05,opo,1,0.0,1.0,0.0,1.0,opo,True,True
159667,2025-06,opo,1,0.0,1.0,0.0,1.0,opo,True,True
159667,2025-07,opo,1,0.0,1.0,0.0,1.0,opo,True,False
159667,2025-08,opo,1,0.0,1.0,0.0,1.0,opo,True,False
159667,2025-09,opo,1,0.0,1.0,0.0,1.0,opo,True,False
159667,2025-10,opo,1,0.0,1.0,0.0,1.0,opo,True,False
159667,2025-11,opo,1,0.0,1.0,0.0,1.0,opo,True,False
159667,2025-12,opo,1,0.0,1.0,0.0,1.0,opo,True,False
159667,2026-01,opo,1,0.0,1.0,0.0,1.0,opo,True,False
159667,2026-02,opo,1,0.0,1.0,0.0,1.0,opo,True,False
159667,2026-03,opo,1,0.0,1.0,0.0,1.0,opo,True,False
159668,2024-06,gov,0,1.0,0.0,0.0,1.0,opo,True,True
159668,2024-07,opo,1,0.0,1.0,0.0,1.0,opo,True,True
159668,2024-08,opo,1,0.0,1.0,0.0,1.0,opo,True,True
159668,2024-09,opo,1,0.0,1.0,0.0,1.0,opo,True,True
159668,2024-10,opo,1,0.0,1.0,0.0,1.0,opo,True,True
159668,2024-11,opo,1,0.0,1.0,0.0,1.0,opo,True,True
159668,2024-12,opo,1,0.0,1.0,0.0,1.0,opo,True,True
159668,2025-01,opo,1,0.0,1.0,0.0,1.0,opo,True,True
159668,2025-02,opo,1,0.0,1.0,0.0,1.0,opo,True,True
159668,2025-03,opo,1,0.0,1.0,0.0,1.0,opo,True,True
159668,2025-04,opo,1,0.0,1.0,0.0,1.0,opo,True,True
159668,2025-05,opo,1,0.0,1.0,0.0,1.0,opo,True,True
159668,2025-06,opo,1,0.0,1.0,0.0,1.0,opo,True,True
159668,2025-07,opo,1,0.0,1.0,0.0,1.0,opo,True,False
159668,2025-08,opo,1,0.0,1.0,0.0,1.0,opo,True,False
159668,2025-09,opo,1,0.0,1.0,0.0,1.0,opo,True,False
159668,2025-10,opo,1,0.0,1.0,0.0,1.0,opo,True,False
159668,2025-11,opo,1,0.0,1.0,0.0,1.0,opo,True,False
159668,2025-12,opo,1,0.0,1.0,0.0,1.0,opo,True,False
159668,2026-01,opo,1,0.0,1.0,0.0,1.0,opo,True,False
159668,2026-02,opo,1,0.0,1.0,0.0,1.0,opo,True,False
159668,2026-03,opo,1,0.0,1.0,0.0,1.0,opo,True,False
159670,2023-11,gov,0,1.0,0.0,0.0,1.0,gov,True,True
159670,2023-12,gov,0,1.0,0.0,0.0,1.0,gov,True,True
159670,2024-01,gov,0,1.0,0.0,0.0,1.0,gov,True,True
159670,2024-02,gov,0,1.0,0.0,0.0,1.0,gov,True,True
159670,2024-03,gov,0,1.0,0.0,0.0,1.0,gov,True,True
159670,2024-04,gov,0,1.0,0.0,0.0,1.0,gov,True,True
159670,2024-05,gov,0,1.0,0.0,0.0,1.0,gov,True,True
159670,2024-06,gov,0,1.0,0.0,0.0,1.0,gov,True,True
159670,2024-07,gov,0,1.0,0.0,0.0,1.0,gov,True,True
159670,2024-08,gov,0,1.0,0.0,0.0,1.0,gov,True,True
159670,2024-09,gov,0,1.0,0.0,0.0,1.0,gov,True,True
159670,2024-10,gov,0,1.0,0.0,0.0,1.0,gov,True,True
159670,2024-11,gov,0,1.0,0.0,0.0,1.0,gov,True,True
159670,2024-12,gov,0,1.0,0.0,0.0,1.0,gov,True,True
159670,2025-01,gov,0,1.0,0.0,0.0,1.0,gov,True,True
159670,2025-02,gov,0,1.0,0.0,0.0,1.0,gov,True,True
159670,2025-03,gov,0,1.0,0.0,0.0,1.0,gov,True,True
159670,2025-04,gov,0,1.0,0.0,0.0,1.0,gov,True,True
159670,2025-05,gov,0,1.0,0.0,0.0,1.0,gov,True,True
159670,2025-06,gov,0,1.0,0.0,0.0,1.0,gov,True,True
159670,2025-07,gov,0,1.0,0.0,0.0,1.0,gov,True,False
159670,2025-08,gov,0,1.0,0.0,0.0,1.0,gov,True,False
159670,2025-09,gov,0,1.0,0.0,0.0,1.0,gov,True,False
159670,2025-10,gov,0,1.0,0.0,0.0,1.0,gov,True,False
159670,2025-11,gov,0,1.0,0.0,0.0,1.0,gov,True,False
159670,2025-12,gov,0,1.0,0.0,0.0,1.0,gov,True,False
159670,2026-01,gov,0,1.0,0.0,0.0,1.0,gov,True,False
159670,2026-02,gov,0,1.0,0.0,0.0,1.0,gov,True,False
159670,2026-03,gov,0,1.0,0.0,0.0,1.0,gov,True,False
159671,2023-11,gov,0,1.0,0.0,0.0,1.0,gov,True,True
159671,2023-12,gov,0,1.0,0.0,0.0,1.0,gov,True,True
159671,2024-01,gov,0,1.0,0.0,0.0,1.0,gov,True,True
159671,2024-02,gov,0,1.0,0.0,0.0,1.0,gov,True,True
159671,2024-03,gov,0,1.0,0.0,0.0,1.0,gov,True,True
159671,2024-04,gov,0,1.0,0.0,0.0,1.0,gov,True,True
159671,2024-05,gov,0,1.0,0.0,0.0,1.0,gov,True,True
159671,2024-06,gov,0,1.0,0.0,0.0,1.0,gov,True,True
159671,2024-07,gov,0,1.0,0.0,0.0,1.0,gov,True,True
159671,2024-08,gov,0,1.0,0.0,0.0,1.0,gov,True,True
159671,2024-09,gov,0,1.0,0.0,0.0,1.0,gov,True,True
159671,2024-10,gov,0,1.0,0.0,0.0,1.0,gov,True,True
159671,2024-11,gov,0,1.0,0.0,0.0,1.0,gov,True,True
159671,2024-12,gov,0,1.0,0.0,0.0,1.0,gov,True,True
159671,2025-01,gov,0,1.0,0.0,0.0,1.0,gov,True,True
159671,2025-02,gov,0,1.0,0.0,0.0,1.0,gov,True,True
159671,2025-03,gov,0,1.0,0.0,0.0,1.0,gov,True,True
159671,2025-04,gov,0,1.0,0.0,0.0,1.0,gov,True,True
159671,2025-05,gov,0,1.0,0.0,0.0,1.0,gov,True,True
159671,2025-06,gov,0,1.0,0.0,0.0,1.0,gov,True,True
159671,2025-07,gov,0,1.0,0.0,0.0,1.0,gov,True,False
159671,2025-08,gov,0,1.0,0.0,0.0,1.0,gov,True,False
159671,2025-09,gov,0,1.0,0.0,0.0,1.0,gov,True,False
159671,2025-10,gov,0,1.0,0.0,0.0,1.0,gov,True,False
159671,2025-11,gov,0,1.0,0.0,0.0,1.0,gov,True,False
159671,2025-12,gov,0,1.0,0.0,0.0,1.0,gov,True,False
159671,2026-01,gov,0,1.0,0.0,0.0,1.0,gov,True,False
159671,2026-02,gov,0,1.0,0.0,0.0,1.0,gov,True,False
159671,2026-03,gov,0,1.0,0.0,0.0,1.0,gov,True,False
159672,2023-11,gov,0,1.0,0.0,0.0,1.0,gov,True,True
159672,2023-12,gov,0,1.0,0.0,0.0,1.0,gov,True,True
159672,2024-01,gov,0,1.0,0.0,0.0,1.0,gov,True,True
159672,2024-02,gov,0,1.0,0.0,0.0,1.0,gov,True,True
159672,2024-03,gov,0,1.0,0.0,0.0,1.0,gov,True,True
159672,2024-04,gov,0,1.0,0.0,0.0,1.0,gov,True,True
159672,2024-05,gov,0,1.0,0.0,0.0,1.0,gov,True,True
159672,2024-06,gov,0,1.0,0.0,0.0,1.0,gov,True,True
159672,2024-07,gov,0,1.0,0.0,0.0,1.0,gov,True,True
159672,2024-08,gov,0,1.0,0.0,0.0,1.0,gov,True,True
159672,2024-09,gov,0,1.0,0.0,0.0,1.0,gov,True,True
159672,2024-10,gov,0,1.0,0.0,0.0,1.0,gov,True,True
159672,2024-11,gov,0,1.0,0.0,0.0,1.0,gov,True,True
159672,2024-12,gov,0,1.0,0.0,0.0,1.0,gov,True,True
159672,2025-01,gov,0,1.0,0.0,0.0,1.0,gov,True,True
159672,2025-02,gov,0,1.0,0.0,0.0,1.0,gov,True,True
159672,2025-03,gov,0,1.0,0.0,0.0,1.0,gov,True,True
159672,2025-04,gov,0,1.0,0.0,0.0,1.0,gov,True,True
159672,2025-05,gov,0,1.0,0.0,0.0,1.0,gov,True,True
159672,2025-06,gov,0,1.0,0.0,0.0,1.0,gov,True,True
159672,2025-07,gov,0,1.0,0.0,0.0,1.0,gov,True,False
159672,2025-08,gov,0,1.0,0.0,0.0,1.0,gov,True,False
159672,2025-09,gov,0,1.0,0.0,0.0,1.0,gov,True,False
159672,2025-10,gov,0,1.0,0.0,0.0,1.0,gov,True,False
159672,2025-11,gov,0,1.0,0.0,0.0,1.0,gov,True,False
159672,2025-12,gov,0,1.0,0.0,0.0,1.0,gov,True,False
159672,2026-01,gov,0,1.0,0.0,0.0,1.0,gov,True,False
159672,2026-02,gov,0,1.0,0.0,0.0,1.0,gov,True,False
159672,2026-03,gov,0,1.0,0.0,0.0,1.0,gov,True,False
159673,2023-11,gov,0,1.0,0.0,0.0,1.0,gov,True,True
159673,2023-12,gov,0,1.0,0.0,0.0,1.0,gov,True,True
159673,2024-01,gov,0,1.0,0.0,0.0,1.0,gov,True,True
159673,2024-02,gov,0,1.0,0.0,0.0,1.0,gov,True,True
159673,2024-03,gov,0,1.0,0.0,0.0,1.0,gov,True,True
159673,2024-04,gov,0,1.0,0.0,0.0,1.0,gov,True,True
159673,2024-05,gov,0,1.0,0.0,0.0,1.0,gov,True,True
159673,2024-06,gov,0,1.0,0.0,0.0,1.0,gov,True,True
159673,2024-07,gov,0,1.0,0.0,0.0,1.0,gov,True,True
159673,2024-08,gov,0,1.0,0.0,0.0,1.0,gov,True,True
159673,2024-09,gov,0,1.0,0.0,0.0,1.0,gov,True,True
159673,2024-10,gov,0,1.0,0.0,0.0,1.0,gov,True,True
159673,2024-11,gov,0,1.0,0.0,0.0,1.0,gov,True,True
159673,2024-12,gov,0,1.0,0.0,0.0,1.0,gov,True,True
159673,2025-01,gov,0,1.0,0.0,0.0,1.0,gov,True,True
159673,2025-02,gov,0,1.0,0.0,0.0,1.0,gov,True,True
159673,2025-03,gov,0,1.0,0.0,0.0,1.0,gov,True,True
159673,2025-04,gov,0,1.0,0.0,0.0,1.0,gov,True,True
159673,2025-05,gov,0,1.0,0.0,0.0,1.0,gov,True,True
159673,2025-06,gov,0,1.0,0.0,0.0,1.0,gov,True,True
159673,2025-07,gov,0,1.0,0.0,0.0,1.0,gov,True,False
159673,2025-08,gov,0,1.0,0.0,0.0,1.0,gov,True,False
159673,2025-09,gov,0,1.0,0.0,0.0,1.0,gov,True,False
159673,2025-10,gov,0,1.0,0.0,0.0,1.0,gov,True,False
159673,2025-11,gov,0,1.0,0.0,0.0,1.0,gov,True,False
159673,2025-12,gov,0,1.0,0.0,0.0,1.0,gov,True,False
159673,2026-01,gov,0,1.0,0.0,0.0,1.0,gov,True,False
159673,2026-02,gov,0,1.0,0.0,0.0,1.0,gov,True,False
159673,2026-03,gov,0,1.0,0.0,0.0,1.0,gov,True,False
159674,2023-11,gov,0,1.0,0.0,0.0,1.0,gov,True,True
159674,2023-12,gov,0,1.0,0.0,0.0,1.0,gov,True,True
159674,2024-01,gov,0,1.0,0.0,0.0,1.0,gov,True,True
159674,2024-02,gov,0,1.0,0.0,0.0,1.0,gov,True,True
159674,2024-03,gov,0,1.0,0.0,0.0,1.0,gov,True,True
159674,2024-04,gov,0,1.0,0.0,0.0,1.0,gov,True,True
159674,2024-05,gov,0,1.0,0.0,0.0,1.0,gov,True,True
159674,2024-06,gov,0,1.0,0.0,0.0,1.0,gov,True,True
159674,2024-07,gov,0,1.0,0.0,0.0,1.0,gov,True,True
159674,2024-08,gov,0,1.0,0.0,0.0,1.0,gov,True,True
159674,2024-09,gov,0,1.0,0.0,0.0,1.0,gov,True,True
159674,2024-10,gov,0,1.0,0.0,0.0,1.0,gov,True,True
159674,2024-11,gov,0,1.0,0.0,0.0,1.0,gov,True,True
159674,2024-12,gov,0,1.0,0.0,0.0,1.0,gov,True,True
159674,2025-01,gov,0,1.0,0.0,0.0,1.0,gov,True,True
159674,2025-02,gov,0,1.0,0.0,0.0,1.0,gov,True,True
159674,2025-03,gov,0,1.0,0.0,0.0,1.0,gov,True,True
159674,2025-04,gov,0,1.0,0.0,0.0,1.0,gov,True,True
159674,2025-05,gov,0,1.0,0.0,0.0,1.0,gov,True,True
159674,2025-06,gov,0,1.0,0.0,0.0,1.0,gov,True,True
159674,2025-07,gov,0,1.0,0.0,0.0,1.0,gov,True,False
159674,2025-08,gov,0,1.0,0.0,0.0,1.0,gov,True,False
159674,2025-09,gov,0,1.0,0.0,0.0,1.0,gov,True,False
159674,2025-10,gov,0,1.0,0.0,0.0,1.0,gov,True,False
159674,2025-11,gov,0,1.0,0.0,0.0,1.0,gov,True,False
159674,2025-12,gov,0,1.0,0.0,0.0,1.0,gov,True,False
159674,2026-01,gov,0,1.0,0.0,0.0,1.0,gov,True,False
159674,2026-02,gov,0,1.0,0.0,0.0,1.0,gov,True,False
159674,2026-03,gov,0,1.0,0.0,0.0,1.0,gov,True,False
159675,2023-11,gov,0,1.0,0.0,0.0,1.0,gov,True,True
159675,2023-12,gov,0,1.0,0.0,0.0,1.0,gov,True,True
159675,2024-01,gov,0,1.0,0.0,0.0,1.0,gov,True,True
159675,2024-02,gov,0,1.0,0.0,0.0,1.0,gov,True,True
159675,2024-03,gov,0,1.0,0.0,0.0,1.0,gov,True,True
159675,2024-04,gov,0,1.0,0.0,0.0,1.0,gov,True,True
159675,2024-05,gov,0,1.0,0.0,0.0,1.0,gov,True,True
159675,2024-06,gov,0,1.0,0.0,0.0,1.0,gov,True,True
159675,2024-07,gov,0,1.0,0.0,0.0,1.0,gov,True,True
159675,2024-08,gov,0,1.0,0.0,0.0,1.0,gov,True,True
159675,2024-09,gov,0,1.0,0.0,0.0,1.0,gov,True,True
159675,2024-10,gov,0,1.0,0.0,0.0,1.0,gov,True,True
159675,2024-11,gov,0,1.0,0.0,0.0,1.0,gov,True,True
159675,2024-12,gov,0,1.0,0.0,0.0,1.0,gov,True,True
159675,2025-01,gov,0,1.0,0.0,0.0,1.0,gov,True,True
159675,2025-02,gov,0,1.0,0.0,0.0,1.0,gov,True,True
159675,2025-03,gov,0,1.0,0.0,0.0,1.0,gov,True,True
159675,2025-04,gov,0,1.0,0.0,0.0,1.0,gov,True,True
159675,2025-05,gov,0,1.0,0.0,0.0,1.0,gov,True,True
159675,2025-06,gov,0,1.0,0.0,0.0,1.0,gov,True,True
159675,2025-07,gov,0,1.0,0.0,0.0,1.0,gov,True,False
159675,2025-08,gov,0,1.0,0.0,0.0,1.0,gov,True,False
159675,2025-09,gov,0,1.0,0.0,0.0,1.0,gov,True,False
159675,2025-10,gov,0,1.0,0.0,0.0,1.0,gov,True,False
159675,2025-11,gov,0,1.0,0.0,0.0,1.0,gov,True,False
159675,2025-12,gov,0,1.0,0.0,0.0,1.0,gov,True,False
159675,2026-01,gov,0,1.0,0.0,0.0,1.0,gov,True,False
159675,2026-02,gov,0,1.0,0.0,0.0,1.0,gov,True,False
159675,2026-03,gov,0,1.0,0.0,0.0,1.0,gov,True,False
159676,2023-11,gov,0,1.0,0.0,0.0,1.0,gov,True,True
159676,2023-12,gov,0,1.0,0.0,0.0,1.0,gov,True,True
159676,2024-01,gov,0,1.0,0.0,0.0,1.0,gov,True,True
159676,2024-02,gov,0,1.0,0.0,0.0,1.0,gov,True,True
159676,2024-03,gov,0,1.0,0.0,0.0,1.0,gov,True,True
159676,2024-04,gov,0,1.0,0.0,0.0,1.0,gov,True,True
159676,2024-05,gov,0,1.0,0.0,0.0,1.0,gov,True,True
159676,2024-06,gov,0,1.0,0.0,0.0,1.0,gov,True,True
159676,2024-07,gov,0,1.0,0.0,0.0,1.0,gov,True,True
159676,2024-08,gov,0,1.0,0.0,0.0,1.0,gov,True,True
159676,2024-09,gov,0,1.0,0.0,0.0,1.0,gov,True,True
159676,2024-10,gov,0,1.0,0.0,0.0,1.0,gov,True,True
159676,2024-11,gov,0,1.0,0.0,0.0,1.0,gov,True,True
159676,2024-12,gov,0,1.0,0.0,0.0,1.0,gov,True,True
159676,2025-01,gov,0,1.0,0.0,0.0,1.0,gov,True,True
159676,2025-02,gov,0,1.0,0.0,0.0,1.0,gov,True,True
159676,2025-03,gov,0,1.0,0.0,0.0,1.0,gov,True,True
159676,2025-04,gov,0,1.0,0.0,0.0,1.0,gov,True,True
159676,2025-05,gov,0,1.0,0.0,0.0,1.0,gov,True,True
159676,2025-06,gov,0,1.0,0.0,0.0,1.0,gov,True,True
159676,2025-07,gov,0,1.0,0.0,0.0,1.0,gov,True,False
159676,2025-08,gov,0,1.0,0.0,0.0,1.0,gov,True,False
159676,2025-09,gov,0,1.0,0.0,0.0,1.0,gov,True,False
159676,2025-10,gov,0,1.0,0.0,0.0,1.0,gov,True,False
159676,2025-11,gov,0,1.0,0.0,0.0,1.0,gov,True,False
159676,2025-12,gov,0,1.0,0.0,0.0,1.0,gov,True,False
159676,2026-01,gov,0,1.0,0.0,0.0,1.0,gov,True,False
159676,2026-02,gov,0,1.0,0.0,0.0,1.0,gov,True,False
159676,2026-03,gov,0,1.0,0.0,0.0,1.0,gov,True,False
159679,2023-11,gov,0,1.0,0.0,0.0,1.0,gov,True,True
159679,2023-12,gov,0,1.0,0.0,0.0,1.0,gov,True,True
159679,2024-01,gov,0,1.0,0.0,0.0,1.0,gov,True,True
159679,2024-02,gov,0,1.0,0.0,0.0,1.0,gov,True,True
159679,2024-03,gov,0,1.0,0.0,0.0,1.0,gov,True,True
159679,2024-04,gov,0,1.0,0.0,0.0,1.0,gov,True,True
159679,2024-05,gov,0,1.0,0.0,0.0,1.0,gov,True,True
159679,2024-06,gov,0,1.0,0.0,0.0,1.0,gov,True,True
159679,2024-07,gov,0,1.0,0.0,0.0,1.0,gov,True,True
159679,2024-08,gov,0,1.0,0.0,0.0,1.0,gov,True,True
159679,2024-09,gov,0,1.0,0.0,0.0,1.0,gov,True,True
159679,2024-10,gov,0,1.0,0.0,0.0,1.0,gov,True,True
159679,2024-11,gov,0,1.0,0.0,0.0,1.0,gov,True,True
159679,2024-12,gov,0,1.0,0.0,0.0,1.0,gov,True,True
159679,2025-01,gov,0,1.0,0.0,0.0,1.0,gov,True,True
159679,2025-02,gov,0,1.0,0.0,0.0,1.0,gov,True,True
159679,2025-03,gov,0,1.0,0.0,0.0,1.0,gov,True,True
159679,2025-04,gov,0,1.0,0.0,0.0,1.0,gov,True,True
159679,2025-05,gov,0,1.0,0.0,0.0,1.0,gov,True,True
159679,2025-06,gov,0,1.0,0.0,0.0,1.0,gov,True,True
159679,2025-07,gov,0,1.0,0.0,0.0,1.0,gov,True,False
159679,2025-08,gov,0,1.0,0.0,0.0,1.0,gov,True,False
159679,2025-09,gov,0,1.0,0.0,0.0,1.0,gov,True,False
159679,2025-10,gov,0,1.0,0.0,0.0,1.0,gov,True,False
159679,2025-11,gov,0,1.0,0.0,0.0,1.0,gov,True,False
159679,2025-12,gov,0,1.0,0.0,0.0,1.0,gov,True,False
159679,2026-01,gov,0,1.0,0.0,0.0,1.0,gov,True,False
159679,2026-02,gov,0,1.0,0.0,0.0,1.0,gov,True,False
159679,2026-03,gov,0,1.0,0.0,0.0,1.0,gov,True,False
159680,2023-11,gov,0,1.0,0.0,0.0,1.0,gov,True,True
159680,2023-12,gov,0,1.0,0.0,0.0,1.0,gov,True,True
159680,2024-01,gov,0,1.0,0.0,0.0,1.0,gov,True,True
159680,2024-02,gov,0,1.0,0.0,0.0,1.0,gov,True,True
159680,2024-03,gov,0,1.0,0.0,0.0,1.0,gov,True,True
159680,2024-04,gov,0,1.0,0.0,0.0,1.0,gov,True,True
159680,2024-05,gov,0,1.0,0.0,0.0,1.0,gov,True,True
159680,2024-06,gov,0,1.0,0.0,0.0,1.0,gov,True,True
159680,2024-07,gov,0,1.0,0.0,0.0,1.0,gov,True,True
159680,2024-08,gov,0,1.0,0.0,0.0,1.0,gov,True,True
159680,2024-09,gov,0,1.0,0.0,0.0,1.0,gov,True,True
159680,2024-10,gov,0,1.0,0.0,0.0,1.0,gov,True,True
159680,2024-11,gov,0,1.0,0.0,0.0,1.0,gov,True,True
159680,2024-12,gov,0,1.0,0.0,0.0,1.0,gov,True,True
159680,2025-01,gov,0,1.0,0.0,0.0,1.0,gov,True,True
159680,2025-02,gov,0,1.0,0.0,0.0,1.0,gov,True,True
159680,2025-03,gov,0,1.0,0.0,0.0,1.0,gov,True,True
159680,2025-04,gov,0,1.0,0.0,0.0,1.0,gov,True,True
159680,2025-05,gov,0,1.0,0.0,0.0,1.0,gov,True,True
159680,2025-06,gov,0,1.0,0.0,0.0,1.0,gov,True,True
159680,2025-07,gov,0,1.0,0.0,0.0,1.0,gov,True,False
159680,2025-08,gov,0,1.0,0.0,0.0,1.0,gov,True,False
159680,2025-09,gov,0,1.0,0.0,0.0,1.0,gov,True,False
159680,2025-10,gov,0,1.0,0.0,0.0,1.0,gov,True,False
159680,2025-11,gov,0,1.0,0.0,0.0,1.0,gov,True,False
159680,2025-12,gov,0,1.0,0.0,0.0,1.0,gov,True,False
159680,2026-01,gov,0,1.0,0.0,0.0,1.0,gov,True,False
159680,2026-02,gov,0,1.0,0.0,0.0,1.0,gov,True,False
159680,2026-03,gov,0,1.0,0.0,0.0,1.0,gov,True,False
160386,2023-11,gov,0,1.0,0.0,0.0,1.0,uncertain,True,True
160386,2023-12,uncertain,2,0.0,0.0,1.0,1.0,opo,True,True
160386,2024-01,opo,1,0.0,1.0,0.0,1.0,opo,True,True
160386,2024-02,opo,1,0.0,1.0,0.0,1.0,opo,True,True
160386,2024-03,opo,1,0.0,1.0,0.0,1.0,opo,True,True
160386,2024-04,opo,1,0.0,1.0,0.0,1.0,opo,True,True
160386,2024-05,opo,1,0.0,1.0,0.0,1.0,opo,True,True
160386,2024-06,opo,1,0.0,1.0,0.0,1.0,opo,True,True
160386,2024-07,opo,1,0.0,1.0,0.0,1.0,opo,True,True
160386,2024-08,opo,1,0.0,1.0,0.0,1.0,opo,True,True
160386,2024-09,opo,1,0.0,1.0,0.0,1.0,opo,True,True
160386,2024-10,opo,1,0.0,1.0,0.0,1.0,opo,True,True
160386,2024-11,opo,1,0.0,1.0,0.0,1.0,opo,True,True
160386,2024-12,opo,1,0.0,1.0,0.0,1.0,opo,True,True
160386,2025-01,opo,1,0.0,1.0,0.0,1.0,opo,True,True
160386,2025-02,opo,1,0.0,1.0,0.0,1.0,opo,True,True
160386,2025-03,opo,1,0.0,1.0,0.0,1.0,opo,True,True
160386,2025-04,opo,1,0.0,1.0,0.0,1.0,opo,True,True
160386,2025-05,opo,1,0.0,1.0,0.0,1.0,opo,True,True
160386,2025-06,opo,1,0.0,1.0,0.0,1.0,opo,True,True
160386,2025-07,opo,1,0.0,1.0,0.0,1.0,opo,True,False
160386,2025-08,opo,1,0.0,1.0,0.0,1.0,opo,True,False
160386,2025-09,opo,1,0.0,1.0,0.0,1.0,opo,True,False
160386,2025-10,opo,1,0.0,1.0,0.0,1.0,opo,True,False
160386,2025-11,opo,1,0.0,1.0,0.0,1.0,opo,True,False
160386,2025-12,opo,1,0.0,1.0,0.0,1.0,opo,True,False
160386,2026-01,opo,1,0.0,1.0,0.0,1.0,opo,True,False
160386,2026-02,opo,1,0.0,1.0,0.0,1.0,opo,True,False
160386,2026-03,opo,1,0.0,1.0,0.0,1.0,opo,True,False
160388,2023-11,gov,0,1.0,0.0,0.0,1.0,uncertain,True,True
160388,2023-12,uncertain,2,0.0,0.0,1.0,1.0,uncertain,True,True
160388,2024-01,uncertain,2,0.0,0.0,1.0,1.0,uncertain,True,True
160388,2024-02,uncertain,2,0.0,0.0,1.0,1.0,uncertain,True,True
160388,2024-03,uncertain,2,0.0,0.0,1.0,1.0,uncertain,True,True
160388,2024-04,uncertain,2,0.0,0.0,1.0,1.0,uncertain,True,True
160388,2024-05,uncertain,2,0.0,0.0,1.0,1.0,uncertain,True,True
160388,2024-06,uncertain,2,0.0,0.0,1.0,1.0,uncertain,True,True
160388,2024-07,uncertain,2,0.0,0.0,1.0,1.0,uncertain,True,True
160388,2024-08,uncertain,2,0.0,0.0,1.0,1.0,gov,True,True
160388,2024-09,gov,0,1.0,0.0,0.0,1.0,gov,True,True
160388,2024-10,gov,0,1.0,0.0,0.0,1.0,gov,True,True
160388,2024-11,gov,0,1.0,0.0,0.0,1.0,gov,True,True
160388,2024-12,gov,0,1.0,0.0,0.0,1.0,opo,True,True
160388,2025-01,opo,1,0.0,1.0,0.0,1.0,opo,True,True
160388,2025-02,opo,1,0.0,1.0,0.0,1.0,opo,True,True
160388,2025-03,opo,1,0.0,1.0,0.0,1.0,opo,True,True
160388,2025-04,opo,1,0.0,1.0,0.0,1.0,opo,True,True
160388,2025-05,opo,1,0.0,1.0,0.0,1.0,opo,True,True
160388,2025-06,opo,1,0.0,1.0,0.0,1.0,opo,True,True
160388,2025-07,opo,1,0.0,1.0,0.0,1.0,opo,True,False
160388,2025-08,opo,1,0.0,1.0,0.0,1.0,opo,True,False
160388,2025-09,opo,1,0.0,1.0,0.0,1.0,opo,True,False
160388,2025-10,opo,1,0.0,1.0,0.0,1.0,opo,True,False
160388,2025-11,opo,1,0.0,1.0,0.0,1.0,opo,True,False
160388,2025-12,opo,1,0.0,1.0,0.0,1.0,opo,True,False
160388,2026-01,opo,1,0.0,1.0,0.0,1.0,opo,True,False
160388,2026-02,opo,1,0.0,1.0,0.0,1.0,opo,True,False
160388,2026-03,opo,1,0.0,1.0,0.0,1.0,opo,True,False
160389,2023-11,gov,0,1.0,0.0,0.0,1.0,uncertain,True,True
160389,2023-12,uncertain,2,0.0,0.0,1.0,1.0,uncertain,True,True
160389,2024-01,uncertain,2,0.0,0.0,1.0,1.0,uncertain,True,True
160389,2024-02,uncertain,2,0.0,0.0,1.0,1.0,uncertain,True,True
160389,2024-03,uncertain,2,0.0,0.0,1.0,1.0,uncertain,True,True
160389,2024-04,uncertain,2,0.0,0.0,1.0,1.0,uncertain,True,True
160389,2024-05,uncertain,2,0.0,0.0,1.0,1.0,uncertain,True,True
160389,2024-06,uncertain,2,0.0,0.0,1.0,1.0,uncertain,True,True
160389,2024-07,uncertain,2,0.0,0.0,1.0,1.0,uncertain,True,True
160389,2024-08,uncertain,2,0.0,0.0,1.0,1.0,uncertain,True,True
160389,2024-09,uncertain,2,0.0,0.0,1.0,1.0,uncertain,True,True
160389,2024-10,uncertain,2,0.0,0.0,1.0,1.0,uncertain,True,True
160389,2024-11,uncertain,2,0.0,0.0,1.0,1.0,uncertain,True,True
160389,2024-12,uncertain,2,0.0,0.0,1.0,1.0,opo,True,True
160389,2025-01,opo,1,0.0,1.0,0.0,1.0,uncertain,True,True
160389,2025-02,uncertain,2,0.0,0.0,1.0,1.0,uncertain,True,True
160389,2025-03,uncertain,2,0.0,0.0,1.0,1.0,uncertain,True,True
160389,2025-04,uncertain,2,0.0,0.0,1.0,1.0,uncertain,True,True
160389,2025-05,uncertain,2,0.0,0.0,1.0,1.0,uncertain,True,True
160389,2025-06,uncertain,2,0.0,0.0,1.0,1.0,uncertain,True,True
160389,2025-07,uncertain,2,0.0,0.0,1.0,1.0,uncertain,True,False
160389,2025-08,uncertain,2,0.0,0.0,1.0,1.0,uncertain,True,False
160389,2025-09,uncertain,2,0.0,0.0,1.0,1.0,uncertain,True,False
160389,2025-10,uncertain,2,0.0,0.0,1.0,1.0,uncertain,True,False
160389,2025-11,uncertain,2,0.0,0.0,1.0,1.0,uncertain,True,False
160389,2025-12,uncertain,2,0.0,0.0,1.0,1.0,uncertain,True,False
160389,2026-01,uncertain,2,0.0,0.0,1.0,1.0,uncertain,True,False
160389,2026-02,uncertain,2,0.0,0.0,1.0,1.0,uncertain,True,False
160389,2026-03,uncertain,2,0.0,0.0,1.0,1.0,uncertain,True,False
160390,2023-11,gov,0,1.0,0.0,0.0,1.0,uncertain,True,True
160390,2023-12,uncertain,2,0.0,0.0,1.0,1.0,uncertain,True,True
160390,2024-01,uncertain,2,0.0,0.0,1.0,1.0,uncertain,True,True
160390,2024-02,uncertain,2,0.0,0.0,1.0,1.0,uncertain,True,True
160390,2024-03,uncertain,2,0.0,0.0,1.0,1.0,uncertain,True,True
160390,2024-04,uncertain,2,0.0,0.0,1.0,1.0,uncertain,True,True
160390,2024-05,uncertain,2,0.0,0.0,1.0,1.0,uncertain,True,True
160390,2024-06,uncertain,2,0.0,0.0,1.0,1.0,uncertain,True,True
160390,2024-07,uncertain,2,0.0,0.0,1.0,1.0,uncertain,True,True
160390,2024-08,uncertain,2,0.0,0.0,1.0,1.0,uncertain,True,True
160390,2024-09,uncertain,2,0.0,0.0,1.0,1.0,uncertain,True,True
160390,2024-10,uncertain,2,0.0,0.0,1.0,1.0,uncertain,True,True
160390,2024-11,uncertain,2,0.0,0.0,1.0,1.0,uncertain,True,True
160390,2024-12,uncertain,2,0.0,0.0,1.0,1.0,uncertain,True,True
160390,2025-01,uncertain,2,0.0,0.0,1.0,1.0,uncertain,True,True
160390,2025-02,uncertain,2,0.0,0.0,1.0,1.0,uncertain,True,True
160390,2025-03,uncertain,2,0.0,0.0,1.0,1.0,uncertain,True,True
160390,2025-04,uncertain,2,0.0,0.0,1.0,1.0,uncertain,True,True
160390,2025-05,uncertain,2,0.0,0.0,1.0,1.0,uncertain,True,True
160390,2025-06,uncertain,2,0.0,0.0,1.0,1.0,uncertain,True,True
160390,2025-07,uncertain,2,0.0,0.0,1.0,1.0,uncertain,True,False
160390,2025-08,uncertain,2,0.0,0.0,1.0,1.0,uncertain,True,False
160390,2025-09,uncertain,2,0.0,0.0,1.0,1.0,uncertain,True,False
160390,2025-10,uncertain,2,0.0,0.0,1.0,1.0,uncertain,True,False
160390,2025-11,uncertain,2,0.0,0.0,1.0,1.0,uncertain,True,False
160390,2025-12,uncertain,2,0.0,0.0,1.0,1.0,uncertain,True,False
160390,2026-01,uncertain,2,0.0,0.0,1.0,1.0,uncertain,True,False
160390,2026-02,uncertain,2,0.0,0.0,1.0,1.0,uncertain,True,False
160390,2026-03,uncertain,2,0.0,0.0,1.0,1.0,uncertain,True,False
160391,2023-11,gov,0,1.0,0.0,0.0,1.0,uncertain,True,True
160391,2023-12,uncertain,2,0.0,0.0,1.0,1.0,uncertain,True,True
160391,2024-01,uncertain,2,0.0,0.0,1.0,1.0,uncertain,True,True
160391,2024-02,uncertain,2,0.0,0.0,1.0,1.0,gov,True,True
160391,2024-03,gov,0,1.0,0.0,0.0,1.0,gov,True,True
160391,2024-04,gov,0,1.0,0.0,0.0,1.0,gov,True,True
160391,2024-05,gov,0,1.0,0.0,0.0,1.0,gov,True,True
160391,2024-06,gov,0,1.0,0.0,0.0,1.0,gov,True,True
160391,2024-07,gov,0,1.0,0.0,0.0,1.0,gov,True,True
160391,2024-08,gov,0,1.0,0.0,0.0,1.0,opo,True,True
160391,2024-09,opo,1,0.0,1.0,0.0,1.0,uncertain,True,True
160391,2024-10,uncertain,2,0.0,0.0,1.0,1.0,uncertain,True,True
160391,2024-11,uncertain,2,0.0,0.0,1.0,1.0,uncertain,True,True
160391,2024-12,uncertain,2,0.0,0.0,1.0,1.0,gov,True,True
160391,2025-01,gov,0,1.0,0.0,0.0,1.0,gov,True,True
160391,2025-02,gov,0,1.0,0.0,0.0,1.0,gov,True,True
160391,2025-03,gov,0,1.0,0.0,0.0,1.0,gov,True,True
160391,2025-04,gov,0,1.0,0.0,0.0,1.0,gov,True,True
160391,2025-05,gov,0,1.0,0.0,0.0,1.0,gov,True,True
160391,2025-06,gov,0,1.0,0.0,0.0,1.0,gov,True,True
160391,2025-07,gov,0,1.0,0.0,0.0,1.0,gov,True,False
160391,2025-08,gov,0,1.0,0.0,0.0,1.0,gov,True,False
160391,2025-09,gov,0,1.0,0.0,0.0,1.0,gov,True,False
160391,2025-10,gov,0,1.0,0.0,0.0,1.0,gov,True,False
160391,2025-11,gov,0,1.0,0.0,0.0,1.0,gov,True,False
160391,2025-12,gov,0,1.0,0.0,0.0,1.0,gov,True,False
160391,2026-01,gov,0,1.0,0.0,0.0,1.0,gov,True,False
160391,2026-02,gov,0,1.0,0.0,0.0,1.0,gov,True,False
160391,2026-03,gov,0,1.0,0.0,0.0,1.0,gov,True,False
160392,2023-11,gov,0,1.0,0.0,0.0,1.0,gov,True,True
160392,2023-12,gov,0,1.0,0.0,0.0,1.0,gov,True,True
160392,2024-01,gov,0,1.0,0.0,0.0,1.0,gov,True,True
160392,2024-02,gov,0,1.0,0.0,0.0,1.0,gov,True,True
160392,2024-03,gov,0,1.0,0.0,0.0,1.0,gov,True,True
160392,2024-04,gov,0,1.0,0.0,0.0,1.0,gov,True,True
160392,2024-05,gov,0,1.0,0.0,0.0,1.0,gov,True,True
160392,2024-06,gov,0,1.0,0.0,0.0,1.0,gov,True,True
160392,2024-07,gov,0,1.0,0.0,0.0,1.0,gov,True,True
160392,2024-08,gov,0,1.0,0.0,0.0,1.0,gov,True,True
160392,2024-09,gov,0,1.0,0.0,0.0,1.0,gov,True,True
160392,2024-10,gov,0,1.0,0.0,0.0,1.0,gov,True,True
160392,2024-11,gov,0,1.0,0.0,0.0,1.0,gov,True,True
160392,2024-12,gov,0,1.0,0.0,0.0,1.0,gov,True,True
160392,2025-01,gov,0,1.0,0.0,0.0,1.0,gov,True,True
160392,2025-02,gov,0,1.0,0.0,0.0,1.0,gov,True,True
160392,2025-03,gov,0,1.0,0.0,0.0,1.0,gov,True,True
160392,2025-04,gov,0,1.0,0.0,0.0,1.0,gov,True,True
160392,2025-05,gov,0,1.0,0.0,0.0,1.0,gov,True,True
160392,2025-06,gov,0,1.0,0.0,0.0,1.0,gov,True,True
160392,2025-07,gov,0,1.0,0.0,0.0,1.0,gov,True,False
160392,2025-08,gov,0,1.0,0.0,0.0,1.0,gov,True,False
160392,2025-09,gov,0,1.0,0.0,0.0,1.0,gov,True,False
160392,2025-10,gov,0,1.0,0.0,0.0,1.0,gov,True,False
160392,2025-11,gov,0,1.0,0.0,0.0,1.0,gov,True,False
160392,2025-12,gov,0,1.0,0.0,0.0,1.0,gov,True,False
160392,2026-01,gov,0,1.0,0.0,0.0,1.0,gov,True,False
160392,2026-02,gov,0,1.0,0.0,0.0,1.0,gov,True,False
160392,2026-03,gov,0,1.0,0.0,0.0,1.0,gov,True,False
160393,2023-11,gov,0,1.0,0.0,0.0,1.0,gov,True,True
160393,2023-12,gov,0,1.0,0.0,0.0,1.0,gov,True,True
160393,2024-01,gov,0,1.0,0.0,0.0,1.0,gov,True,True
160393,2024-02,gov,0,1.0,0.0,0.0,1.0,gov,True,True
160393,2024-03,gov,0,1.0,0.0,0.0,1.0,gov,True,True
160393,2024-04,gov,0,1.0,0.0,0.0,1.0,gov,True,True
160393,2024-05,gov,0,1.0,0.0,0.0,1.0,gov,True,True
160393,2024-06,gov,0,1.0,0.0,0.0,1.0,gov,True,True
160393,2024-07,gov,0,1.0,0.0,0.0,1.0,gov,True,True
160393,2024-08,gov,0,1.0,0.0,0.0,1.0,gov,True,True
160393,2024-09,gov,0,1.0,0.0,0.0,1.0,gov,True,True
160393,2024-10,gov,0,1.0,0.0,0.0,1.0,gov,True,True
160393,2024-11,gov,0,1.0,0.0,0.0,1.0,gov,True,True
160393,2024-12,gov,0,1.0,0.0,0.0,1.0,gov,True,True
160393,2025-01,gov,0,1.0,0.0,0.0,1.0,gov,True,True
160393,2025-02,gov,0,1.0,0.0,0.0,1.0,gov,True,True
160393,2025-03,gov,0,1.0,0.0,0.0,1.0,gov,True,True
160393,2025-04,gov,0,1.0,0.0,0.0,1.0,gov,True,True
160393,2025-05,gov,0,1.0,0.0,0.0,1.0,gov,True,True
160393,2025-06,gov,0,1.0,0.0,0.0,1.0,gov,True,True
160393,2025-07,gov,0,1.0,0.0,0.0,1.0,gov,True,False
160393,2025-08,gov,0,1.0,0.0,0.0,1.0,gov,True,False
160393,2025-09,gov,0,1.0,0.0,0.0,1.0,gov,True,False
160393,2025-10,gov,0,1.0,0.0,0.0,1.0,gov,True,False
160393,2025-11,gov,0,1.0,0.0,0.0,1.0,gov,True,False
160393,2025-12,gov,0,1.0,0.0,0.0,1.0,gov,True,False
160393,2026-01,gov,0,1.0,0.0,0.0,1.0,gov,True,False
160393,2026-02,gov,0,1.0,0.0,0.0,1.0,gov,True,False
160393,2026-03,gov,0,1.0,0.0,0.0,1.0,gov,True,False
160394,2023-11,gov,0,1.0,0.0,0.0,1.0,gov,True,True
160394,2023-12,gov,0,1.0,0.0,0.0,1.0,gov,True,True
160394,2024-01,gov,0,1.0,0.0,0.0,1.0,gov,True,True
160394,2024-02,gov,0,1.0,0.0,0.0,1.0,gov,True,True
160394,2024-03,gov,0,1.0,0.0,0.0,1.0,gov,True,True
160394,2024-04,gov,0,1.0,0.0,0.0,1.0,gov,True,True
160394,2024-05,gov,0,1.0,0.0,0.0,1.0,gov,True,True
160394,2024-06,gov,0,1.0,0.0,0.0,1.0,gov,True,True
160394,2024-07,gov,0,1.0,0.0,0.0,1.0,gov,True,True
160394,2024-08,gov,0,1.0,0.0,0.0,1.0,gov,True,True
160394,2024-09,gov,0,1.0,0.0,0.0,1.0,gov,True,True
160394,2024-10,gov,0,1.0,0.0,0.0,1.0,gov,True,True
160394,2024-11,gov,0,1.0,0.0,0.0,1.0,gov,True,True
160394,2024-12,gov,0,1.0,0.0,0.0,1.0,gov,True,True
160394,2025-01,gov,0,1.0,0.0,0.0,1.0,gov,True,True
160394,2025-02,gov,0,1.0,0.0,0.0,1.0,gov,True,True
160394,2025-03,gov,0,1.0,0.0,0.0,1.0,gov,True,True
160394,2025-04,gov,0,1.0,0.0,0.0,1.0,gov,True,True
160394,2025-05,gov,0,1.0,0.0,0.0,1.0,gov,True,True
160394,2025-06,gov,0,1.0,0.0,0.0,1.0,gov,True,True
160394,2025-07,gov,0,1.0,0.0,0.0,1.0,gov,True,False
160394,2025-08,gov,0,1.0,0.0,0.0,1.0,gov,True,False
160394,2025-09,gov,0,1.0,0.0,0.0,1.0,gov,True,False
160394,2025-10,gov,0,1.0,0.0,0.0,1.0,gov,True,False
160394,2025-11,gov,0,1.0,0.0,0.0,1.0,gov,True,False
160394,2025-12,gov,0,1.0,0.0,0.0,1.0,gov,True,False
160394,2026-01,gov,0,1.0,0.0,0.0,1.0,gov,True,False
160394,2026-02,gov,0,1.0,0.0,0.0,1.0,gov,True,False
160394,2026-03,gov,0,1.0,0.0,0.0,1.0,gov,True,False
160396,2023-11,gov,0,1.0,0.0,0.0,1.0,gov,True,True
160396,2023-12,gov,0,1.0,0.0,0.0,1.0,gov,True,True
160396,2024-01,gov,0,1.0,0.0,0.0,1.0,gov,True,True
160396,2024-02,gov,0,1.0,0.0,0.0,1.0,gov,True,True
160396,2024-03,gov,0,1.0,0.0,0.0,1.0,gov,True,True
160396,2024-04,gov,0,1.0,0.0,0.0,1.0,gov,True,True
160396,2024-05,gov,0,1.0,0.0,0.0,1.0,gov,True,True
160396,2024-06,gov,0,1.0,0.0,0.0,1.0,gov,True,True
160396,2024-07,gov,0,1.0,0.0,0.0,1.0,gov,True,True
160396,2024-08,gov,0,1.0,0.0,0.0,1.0,gov,True,True
160396,2024-09,gov,0,1.0,0.0,0.0,1.0,gov,True,True
160396,2024-10,gov,0,1.0,0.0,0.0,1.0,gov,True,True
160396,2024-11,gov,0,1.0,0.0,0.0,1.0,gov,True,True
160396,2024-12,gov,0,1.0,0.0,0.0,1.0,gov,True,True
160396,2025-01,gov,0,1.0,0.0,0.0,1.0,gov,True,True
160396,2025-02,gov,0,1.0,0.0,0.0,1.0,gov,True,True
160396,2025-03,gov,0,1.0,0.0,0.0,1.0,gov,True,True
160396,2025-04,gov,0,1.0,0.0,0.0,1.0,gov,True,True
160396,2025-05,gov,0,1.0,0.0,0.0,1.0,gov,True,True
160396,2025-06,gov,0,1.0,0.0,0.0,1.0,gov,True,True
160396,2025-07,gov,0,1.0,0.0,0.0,1.0,gov,True,False
160396,2025-08,gov,0,1.0,0.0,0.0,1.0,gov,True,False
160396,2025-09,gov,0,1.0,0.0,0.0,1.0,gov,True,False
160396,2025-10,gov,0,1.0,0.0,0.0,1.0,gov,True,False
160396,2025-11,gov,0,1.0,0.0,0.0,1.0,gov,True,False
160396,2025-12,gov,0,1.0,0.0,0.0,1.0,gov,True,False
160396,2026-01,gov,0,1.0,0.0,0.0,1.0,gov,True,False
160396,2026-02,gov,0,1.0,0.0,0.0,1.0,gov,True,False
160396,2026-03,gov,0,1.0,0.0,0.0,1.0,gov,True,False
160397,2023-11,gov,0,1.0,0.0,0.0,1.0,gov,True,True
160397,2023-12,gov,0,1.0,0.0,0.0,1.0,gov,True,True
160397,2024-01,gov,0,1.0,0.0,0.0,1.0,gov,True,True
160397,2024-02,gov,0,1.0,0.0,0.0,1.0,gov,True,True
160397,2024-03,gov,0,1.0,0.0,0.0,1.0,gov,True,True
160397,2024-04,gov,0,1.0,0.0,0.0,1.0,gov,True,True
160397,2024-05,gov,0,1.0,0.0,0.0,1.0,gov,True,True
160397,2024-06,gov,0,1.0,0.0,0.0,1.0,gov,True,True
160397,2024-07,gov,0,1.0,0.0,0.0,1.0,gov,True,True
160397,2024-08,gov,0,1.0,0.0,0.0,1.0,gov,True,True
160397,2024-09,gov,0,1.0,0.0,0.0,1.0,gov,True,True
160397,2024-10,gov,0,1.0,0.0,0.0,1.0,gov,True,True
160397,2024-11,gov,0,1.0,0.0,0.0,1.0,gov,True,True
160397,2024-12,gov,0,1.0,0.0,0.0,1.0,gov,True,True
160397,2025-01,gov,0,1.0,0.0,0.0,1.0,gov,True,True
160397,2025-02,gov,0,1.0,0.0,0.0,1.0,gov,True,True
160397,2025-03,gov,0,1.0,0.0,0.0,1.0,gov,True,True
160397,2025-04,gov,0,1.0,0.0,0.0,1.0,gov,True,True
160397,2025-05,gov,0,1.0,0.0,0.0,1.0,gov,True,True
160397,2025-06,gov,0,1.0,0.0,0.0,1.0,gov,True,True
160397,2025-07,gov,0,1.0,0.0,0.0,1.0,gov,True,False
160397,2025-08,gov,0,1.0,0.0,0.0,1.0,gov,True,False
160397,2025-09,gov,0,1.0,0.0,0.0,1.0,gov,True,False
160397,2025-10,gov,0,1.0,0.0,0.0,1.0,gov,True,False
160397,2025-11,gov,0,1.0,0.0,0.0,1.0,gov,True,False
160397,2025-12,gov,0,1.0,0.0,0.0,1.0,gov,True,False
160397,2026-01,gov,0,1.0,0.0,0.0,1.0,gov,True,False
160397,2026-02,gov,0,1.0,0.0,0.0,1.0,gov,True,False
160397,2026-03,gov,0,1.0,0.0,0.0,1.0,gov,True,False
160399,2023-11,gov,0,1.0,0.0,0.0,1.0,gov,True,True
160399,2023-12,gov,0,1.0,0.0,0.0,1.0,gov,True,True
160399,2024-01,gov,0,1.0,0.0,0.0,1.0,gov,True,True
160399,2024-02,gov,0,1.0,0.0,0.0,1.0,gov,True,True
160399,2024-03,gov,0,1.0,0.0,0.0,1.0,gov,True,True
160399,2024-04,gov,0,1.0,0.0,0.0,1.0,gov,True,True
160399,2024-05,gov,0,1.0,0.0,0.0,1.0,gov,True,True
160399,2024-06,gov,0,1.0,0.0,0.0,1.0,gov,True,True
160399,2024-07,gov,0,1.0,0.0,0.0,1.0,gov,True,True
160399,2024-08,gov,0,1.0,0.0,0.0,1.0,gov,True,True
160399,2024-09,gov,0,1.0,0.0,0.0,1.0,gov,True,True
160399,2024-10,gov,0,1.0,0.0,0.0,1.0,gov,True,True
160399,2024-11,gov,0,1.0,0.0,0.0,1.0,gov,True,True
160399,2024-12,gov,0,1.0,0.0,0.0,1.0,gov,True,True
160399,2025-01,gov,0,1.0,0.0,0.0,1.0,gov,True,True
160399,2025-02,gov,0,1.0,0.0,0.0,1.0,gov,True,True
160399,2025-03,gov,0,1.0,0.0,0.0,1.0,gov,True,True
160399,2025-04,gov,0,1.0,0.0,0.0,1.0,gov,True,True
160399,2025-05,gov,0,1.0,0.0,0.0,1.0,gov,True,True
160399,2025-06,gov,0,1.0,0.0,0.0,1.0,gov,True,True
160399,2025-07,gov,0,1.0,0.0,0.0,1.0,gov,True,False
160399,2025-08,gov,0,1.0,0.0,0.0,1.0,gov,True,False
160399,2025-09,gov,0,1.0,0.0,0.0,1.0,gov,True,False
160399,2025-10,gov,0,1.0,0.0,0.0,1.0,gov,True,False
160399,2025-11,gov,0,1.0,0.0,0.0,1.0,gov,True,False
160399,2025-12,gov,0,1.0,0.0,0.0,1.0,gov,True,False
160399,2026-01,gov,0,1.0,0.0,0.0,1.0,gov,True,False
160399,2026-02,gov,0,1.0,0.0,0.0,1.0,gov,True,False
160399,2026-03,gov,0,1.0,0.0,0.0,1.0,gov,True,False
160400,2023-11,gov,0,1.0,0.0,0.0,1.0,gov,True,True
160400,2023-12,gov,0,1.0,0.0,0.0,1.0,gov,True,True
160400,2024-01,gov,0,1.0,0.0,0.0,1.0,gov,True,True
160400,2024-02,gov,0,1.0,0.0,0.0,1.0,gov,True,True
160400,2024-03,gov,0,1.0,0.0,0.0,1.0,gov,True,True
160400,2024-04,gov,0,1.0,0.0,0.0,1.0,gov,True,True
160400,2024-05,gov,0,1.0,0.0,0.0,1.0,gov,True,True
160400,2024-06,gov,0,1.0,0.0,0.0,1.0,gov,True,True
160400,2024-07,gov,0,1.0,0.0,0.0,1.0,gov,True,True
160400,2024-08,gov,0,1.0,0.0,0.0,1.0,gov,True,True
160400,2024-09,gov,0,1.0,0.0,0.0,1.0,gov,True,True
160400,2024-10,gov,0,1.0,0.0,0.0,1.0,gov,True,True
160400,2024-11,gov,0,1.0,0.0,0.0,1.0,gov,True,True
160400,2024-12,gov,0,1.0,0.0,0.0,1.0,gov,True,True
160400,2025-01,gov,0,1.0,0.0,0.0,1.0,gov,True,True
160400,2025-02,gov,0,1.0,0.0,0.0,1.0,gov,True,True
160400,2025-03,gov,0,1.0,0.0,0.0,1.0,gov,True,True
160400,2025-04,gov,0,1.0,0.0,0.0,1.0,gov,True,True
160400,2025-05,gov,0,1.0,0.0,0.0,1.0,gov,True,True
160400,2025-06,gov,0,1.0,0.0,0.0,1.0,gov,True,True
160400,2025-07,gov,0,1.0,0.0,0.0,1.0,gov,True,False
160400,2025-08,gov,0,1.0,0.0,0.0,1.0,gov,True,False
160400,2025-09,gov,0,1.0,0.0,0.0,1.0,gov,True,False
160400,2025-10,gov,0,1.0,0.0,0.0,1.0,gov,True,False
160400,2025-11,gov,0,1.0,0.0,0.0,1.0,gov,True,False
160400,2025-12,gov,0,1.0,0.0,0.0,1.0,gov,True,False
160400,2026-01,gov,0,1.0,0.0,0.0,1.0,gov,True,False
160400,2026-02,gov,0,1.0,0.0,0.0,1.0,gov,True,False
160400,2026-03,gov,0,1.0,0.0,0.0,1.0,gov,True,False
161107,2023-11,gov,0,1.0,0.0,0.0,1.0,opo,True,True
161107,2023-12,opo,1,0.0,1.0,0.0,1.0,uncertain,True,True
161107,2024-01,uncertain,2,0.0,0.0,1.0,1.0,uncertain,True,True
161107,2024-02,uncertain,2,0.0,0.0,1.0,1.0,uncertain,True,True
161107,2024-03,uncertain,2,0.0,0.0,1.0,1.0,uncertain,True,True
161107,2024-04,uncertain,2,0.0,0.0,1.0,1.0,uncertain,True,True
161107,2024-05,uncertain,2,0.0,0.0,1.0,1.0,uncertain,True,True
161107,2024-06,uncertain,2,0.0,0.0,1.0,1.0,opo,True,True
161107,2024-07,opo,1,0.0,1.0,0.0,1.0,opo,True,True
161107,2024-08,opo,1,0.0,1.0,0.0,1.0,opo,True,True
161107,2024-09,opo,1,0.0,1.0,0.0,1.0,opo,True,True
161107,2024-10,opo,1,0.0,1.0,0.0,1.0,opo,True,True
161107,2024-11,opo,1,0.0,1.0,0.0,1.0,opo,True,True
161107,2024-12,opo,1,0.0,1.0,0.0,1.0,opo,True,True
161107,2025-01,opo,1,0.0,1.0,0.0,1.0,opo,True,True
161107,2025-02,opo,1,0.0,1.0,0.0,1.0,opo,True,True
161107,2025-03,opo,1,0.0,1.0,0.0,1.0,opo,True,True
161107,2025-04,opo,1,0.0,1.0,0.0,1.0,opo,True,True
161107,2025-05,opo,1,0.0,1.0,0.0,1.0,opo,True,True
161107,2025-06,opo,1,0.0,1.0,0.0,1.0,opo,True,True
161107,2025-07,opo,1,0.0,1.0,0.0,1.0,opo,True,False
161107,2025-08,opo,1,0.0,1.0,0.0,1.0,opo,True,False
161107,2025-09,opo,1,0.0,1.0,0.0,1.0,opo,True,False
161107,2025-10,opo,1,0.0,1.0,0.0,1.0,opo,True,False
161107,2025-11,opo,1,0.0,1.0,0.0,1.0,opo,True,False
161107,2025-12,opo,1,0.0,1.0,0.0,1.0,opo,True,False
161107,2026-01,opo,1,0.0,1.0,0.0,1.0,opo,True,False
161107,2026-02,opo,1,0.0,1.0,0.0,1.0,opo,True,False
161107,2026-03,opo,1,0.0,1.0,0.0,1.0,opo,True,False
161109,2023-11,gov,0,1.0,0.0,0.0,1.0,uncertain,True,True
161109,2023-12,uncertain,2,0.0,0.0,1.0,1.0,uncertain,True,True
161109,2024-01,uncertain,2,0.0,0.0,1.0,1.0,uncertain,True,True
161109,2024-02,uncertain,2,0.0,0.0,1.0,1.0,uncertain,True,True
161109,2024-03,uncertain,2,0.0,0.0,1.0,1.0,uncertain,True,True
161109,2024-04,uncertain,2,0.0,0.0,1.0,1.0,uncertain,True,True
161109,2024-05,uncertain,2,0.0,0.0,1.0,1.0,uncertain,True,True
161109,2024-06,uncertain,2,0.0,0.0,1.0,1.0,uncertain,True,True
161109,2024-07,uncertain,2,0.0,0.0,1.0,1.0,uncertain,True,True
161109,2024-08,uncertain,2,0.0,0.0,1.0,1.0,uncertain,True,True
161109,2024-09,uncertain,2,0.0,0.0,1.0,1.0,uncertain,True,True
161109,2024-10,uncertain,2,0.0,0.0,1.0,1.0,uncertain,True,True
161109,2024-11,uncertain,2,0.0,0.0,1.0,1.0,uncertain,True,True
161109,2024-12,uncertain,2,0.0,0.0,1.0,1.0,uncertain,True,True
161109,2025-01,uncertain,2,0.0,0.0,1.0,1.0,uncertain,True,True
161109,2025-02,uncertain,2,0.0,0.0,1.0,1.0,uncertain,True,True
161109,2025-03,uncertain,2,0.0,0.0,1.0,1.0,uncertain,True,True
161109,2025-04,uncertain,2,0.0,0.0,1.0,1.0,uncertain,True,True
161109,2025-05,uncertain,2,0.0,0.0,1.0,1.0,uncertain,True,True
161109,2025-06,uncertain,2,0.0,0.0,1.0,1.0,uncertain,True,True
161109,2025-07,uncertain,2,0.0,0.0,1.0,1.0,uncertain,True,False
161109,2025-08,uncertain,2,0.0,0.0,1.0,1.0,uncertain,True,False
161109,2025-09,uncertain,2,0.0,0.0,1.0,1.0,uncertain,True,False
161109,2025-10,uncertain,2,0.0,0.0,1.0,1.0,uncertain,True,False
161109,2025-11,uncertain,2,0.0,0.0,1.0,1.0,uncertain,True,False
161109,2025-12,uncertain,2,0.0,0.0,1.0,1.0,uncertain,True,False
161109,2026-01,uncertain,2,0.0,0.0,1.0,1.0,uncertain,True,False
161109,2026-02,uncertain,2,0.0,0.0,1.0,1.0,uncertain,True,False
161109,2026-03,uncertain,2,0.0,0.0,1.0,1.0,uncertain,True,False
161110,2023-11,gov,0,1.0,0.0,0.0,1.0,uncertain,True,True
161110,2023-12,uncertain,2,0.0,0.0,1.0,1.0,uncertain,True,True
161110,2024-01,uncertain,2,0.0,0.0,1.0,1.0,uncertain,True,True
161110,2024-02,uncertain,2,0.0,0.0,1.0,1.0,gov,True,True
161110,2024-03,gov,0,1.0,0.0,0.0,1.0,gov,True,True
161110,2024-04,gov,0,1.0,0.0,0.0,1.0,gov,True,True
161110,2024-05,gov,0,1.0,0.0,0.0,1.0,gov,True,True
161110,2024-06,gov,0,1.0,0.0,0.0,1.0,gov,True,True
161110,2024-07,gov,0,1.0,0.0,0.0,1.0,gov,True,True
161110,2024-08,gov,0,1.0,0.0,0.0,1.0,uncertain,True,True
161110,2024-09,uncertain,2,0.0,0.0,1.0,1.0,uncertain,True,True
161110,2024-10,uncertain,2,0.0,0.0,1.0,1.0,uncertain,True,True
161110,2024-11,uncertain,2,0.0,0.0,1.0,1.0,gov,True,True
161110,2024-12,gov,0,1.0,0.0,0.0,1.0,gov,True,True
161110,2025-01,gov,0,1.0,0.0,0.0,1.0,gov,True,True
161110,2025-02,gov,0,1.0,0.0,0.0,1.0,gov,True,True
161110,2025-03,gov,0,1.0,0.0,0.0,1.0,gov,True,True
161110,2025-04,gov,0,1.0,0.0,0.0,1.0,gov,True,True
161110,2025-05,gov,0,1.0,0.0,0.0,1.0,gov,True,True
161110,2025-06,gov,0,1.0,0.0,0.0,1.0,gov,True,True
161110,2025-07,gov,0,1.0,0.0,0.0,1.0,gov,True,False
161110,2025-08,gov,0,1.0,0.0,0.0,1.0,gov,True,False
161110,2025-09,gov,0,1.0,0.0,0.0,1.0,gov,True,False
161110,2025-10,gov,0,1.0,0.0,0.0,1.0,gov,True,False
161110,2025-11,gov,0,1.0,0.0,0.0,1.0,gov,True,False
161110,2025-12,gov,0,1.0,0.0,0.0,1.0,gov,True,False
161110,2026-01,gov,0,1.0,0.0,0.0,1.0,gov,True,False
161110,2026-02,gov,0,1.0,0.0,0.0,1.0,gov,True,False
161110,2026-03,gov,0,1.0,0.0,0.0,1.0,gov,True,False
161111,2023-11,gov,0,1.0,0.0,0.0,1.0,uncertain,True,True
161111,2023-12,uncertain,2,0.0,0.0,1.0,1.0,uncertain,True,True
161111,2024-01,uncertain,2,0.0,0.0,1.0,1.0,uncertain,True,True
161111,2024-02,uncertain,2,0.0,0.0,1.0,1.0,gov,True,True
161111,2024-03,gov,0,1.0,0.0,0.0,1.0,gov,True,True
161111,2024-04,gov,0,1.0,0.0,0.0,1.0,gov,True,True
161111,2024-05,gov,0,1.0,0.0,0.0,1.0,gov,True,True
161111,2024-06,gov,0,1.0,0.0,0.0,1.0,gov,True,True
161111,2024-07,gov,0,1.0,0.0,0.0,1.0,gov,True,True
161111,2024-08,gov,0,1.0,0.0,0.0,1.0,gov,True,True
161111,2024-09,gov,0,1.0,0.0,0.0,1.0,gov,True,True
161111,2024-10,gov,0,1.0,0.0,0.0,1.0,gov,True,True
161111,2024-11,gov,0,1.0,0.0,0.0,1.0,gov,True,True
161111,2024-12,gov,0,1.0,0.0,0.0,1.0,gov,True,True
161111,2025-01,gov,0,1.0,0.0,0.0,1.0,gov,True,True
161111,2025-02,gov,0,1.0,0.0,0.0,1.0,gov,True,True
161111,2025-03,gov,0,1.0,0.0,0.0,1.0,gov,True,True
161111,2025-04,gov,0,1.0,0.0,0.0,1.0,gov,True,True
161111,2025-05,gov,0,1.0,0.0,0.0,1.0,gov,True,True
161111,2025-06,gov,0,1.0,0.0,0.0,1.0,gov,True,True
161111,2025-07,gov,0,1.0,0.0,0.0,1.0,gov,True,False
161111,2025-08,gov,0,1.0,0.0,0.0,1.0,gov,True,False
161111,2025-09,gov,0,1.0,0.0,0.0,1.0,gov,True,False
161111,2025-10,gov,0,1.0,0.0,0.0,1.0,gov,True,False
161111,2025-11,gov,0,1.0,0.0,0.0,1.0,gov,True,False
161111,2025-12,gov,0,1.0,0.0,0.0,1.0,gov,True,False
161111,2026-01,gov,0,1.0,0.0,0.0,1.0,gov,True,False
161111,2026-02,gov,0,1.0,0.0,0.0,1.0,gov,True,False
161111,2026-03,gov,0,1.0,0.0,0.0,1.0,gov,True,False
161112,2023-11,gov,0,1.0,0.0,0.0,1.0,gov,True,True
161112,2023-12,gov,0,1.0,0.0,0.0,1.0,gov,True,True
161112,2024-01,gov,0,1.0,0.0,0.0,1.0,gov,True,True
161112,2024-02,gov,0,1.0,0.0,0.0,1.0,gov,True,True
161112,2024-03,gov,0,1.0,0.0,0.0,1.0,gov,True,True
161112,2024-04,gov,0,1.0,0.0,0.0,1.0,gov,True,True
161112,2024-05,gov,0,1.0,0.0,0.0,1.0,gov,True,True
161112,2024-06,gov,0,1.0,0.0,0.0,1.0,gov,True,True
161112,2024-07,gov,0,1.0,0.0,0.0,1.0,gov,True,True
161112,2024-08,gov,0,1.0,0.0,0.0,1.0,gov,True,True
161112,2024-09,gov,0,1.0,0.0,0.0,1.0,gov,True,True
161112,2024-10,gov,0,1.0,0.0,0.0,1.0,gov,True,True
161112,2024-11,gov,0,1.0,0.0,0.0,1.0,gov,True,True
161112,2024-12,gov,0,1.0,0.0,0.0,1.0,gov,True,True
161112,2025-01,gov,0,1.0,0.0,0.0,1.0,gov,True,True
161112,2025-02,gov,0,1.0,0.0,0.0,1.0,gov,True,True
161112,2025-03,gov,0,1.0,0.0,0.0,1.0,gov,True,True
161112,2025-04,gov,0,1.0,0.0,0.0,1.0,gov,True,True
161112,2025-05,gov,0,1.0,0.0,0.0,1.0,gov,True,True
161112,2025-06,gov,0,1.0,0.0,0.0,1.0,gov,True,True
161112,2025-07,gov,0,1.0,0.0,0.0,1.0,gov,True,False
161112,2025-08,gov,0,1.0,0.0,0.0,1.0,gov,True,False
161112,2025-09,gov,0,1.0,0.0,0.0,1.0,gov,True,False
161112,2025-10,gov,0,1.0,0.0,0.0,1.0,gov,True,False
161112,2025-11,gov,0,1.0,0.0,0.0,1.0,gov,True,False
161112,2025-12,gov,0,1.0,0.0,0.0,1.0,gov,True,False
161112,2026-01,gov,0,1.0,0.0,0.0,1.0,gov,True,False
161112,2026-02,gov,0,1.0,0.0,0.0,1.0,gov,True,False
161112,2026-03,gov,0,1.0,0.0,0.0,1.0,gov,True,False
161113,2023-11,gov,0,1.0,0.0,0.0,1.0,gov,True,True
161113,2023-12,gov,0,1.0,0.0,0.0,1.0,gov,True,True
161113,2024-01,gov,0,1.0,0.0,0.0,1.0,gov,True,True
161113,2024-02,gov,0,1.0,0.0,0.0,1.0,gov,True,True
161113,2024-03,gov,0,1.0,0.0,0.0,1.0,gov,True,True
161113,2024-04,gov,0,1.0,0.0,0.0,1.0,gov,True,True
161113,2024-05,gov,0,1.0,0.0,0.0,1.0,gov,True,True
161113,2024-06,gov,0,1.0,0.0,0.0,1.0,gov,True,True
161113,2024-07,gov,0,1.0,0.0,0.0,1.0,gov,True,True
161113,2024-08,gov,0,1.0,0.0,0.0,1.0,gov,True,True
161113,2024-09,gov,0,1.0,0.0,0.0,1.0,gov,True,True
161113,2024-10,gov,0,1.0,0.0,0.0,1.0,gov,True,True
161113,2024-11,gov,0,1.0,0.0,0.0,1.0,gov,True,True
161113,2024-12,gov,0,1.0,0.0,0.0,1.0,gov,True,True
161113,2025-01,gov,0,1.0,0.0,0.0,1.0,gov,True,True
161113,2025-02,gov,0,1.0,0.0,0.0,1.0,gov,True,True
161113,2025-03,gov,0,1.0,0.0,0.0,1.0,gov,True,True
161113,2025-04,gov,0,1.0,0.0,0.0,1.0,gov,True,True
161113,2025-05,gov,0,1.0,0.0,0.0,1.0,gov,True,True
161113,2025-06,gov,0,1.0,0.0,0.0,1.0,gov,True,True
161113,2025-07,gov,0,1.0,0.0,0.0,1.0,gov,True,False
161113,2025-08,gov,0,1.0,0.0,0.0,1.0,gov,True,False
161113,2025-09,gov,0,1.0,0.0,0.0,1.0,opo,True,False
161113,2025-10,opo,1,0.0,1.0,0.0,1.0,gov,True,False
161113,2025-11,gov,0,1.0,0.0,0.0,1.0,gov,True,False
161113,2025-12,gov,0,1.0,0.0,0.0,1.0,gov,True,False
161113,2026-01,gov,0,1.0,0.0,0.0,1.0,gov,True,False
161113,2026-02,gov,0,1.0,0.0,0.0,1.0,gov,True,False
161113,2026-03,gov,0,1.0,0.0,0.0,1.0,gov,True,False
161116,2023-11,gov,0,1.0,0.0,0.0,1.0,gov,True,True
161116,2023-12,gov,0,1.0,0.0,0.0,1.0,gov,True,True
161116,2024-01,gov,0,1.0,0.0,0.0,1.0,gov,True,True
161116,2024-02,gov,0,1.0,0.0,0.0,1.0,gov,True,True
161116,2024-03,gov,0,1.0,0.0,0.0,1.0,gov,True,True
161116,2024-04,gov,0,1.0,0.0,0.0,1.0,gov,True,True
161116,2024-05,gov,0,1.0,0.0,0.0,1.0,gov,True,True
161116,2024-06,gov,0,1.0,0.0,0.0,1.0,gov,True,True
161116,2024-07,gov,0,1.0,0.0,0.0,1.0,gov,True,True
161116,2024-08,gov,0,1.0,0.0,0.0,1.0,gov,True,True
161116,2024-09,gov,0,1.0,0.0,0.0,1.0,gov,True,True
161116,2024-10,gov,0,1.0,0.0,0.0,1.0,gov,True,True
161116,2024-11,gov,0,1.0,0.0,0.0,1.0,gov,True,True
161116,2024-12,gov,0,1.0,0.0,0.0,1.0,gov,True,True
161116,2025-01,gov,0,1.0,0.0,0.0,1.0,gov,True,True
161116,2025-02,gov,0,1.0,0.0,0.0,1.0,gov,True,True
161116,2025-03,gov,0,1.0,0.0,0.0,1.0,gov,True,True
161116,2025-04,gov,0,1.0,0.0,0.0,1.0,gov,True,True
161116,2025-05,gov,0,1.0,0.0,0.0,1.0,gov,True,True
161116,2025-06,gov,0,1.0,0.0,0.0,1.0,gov,True,True
161116,2025-07,gov,0,1.0,0.0,0.0,1.0,gov,True,False
161116,2025-08,gov,0,1.0,0.0,0.0,1.0,gov,True,False
161116,2025-09,gov,0,1.0,0.0,0.0,1.0,gov,True,False
161116,2025-10,gov,0,1.0,0.0,0.0,1.0,gov,True,False
161116,2025-11,gov,0,1.0,0.0,0.0,1.0,gov,True,False
161116,2025-12,gov,0,1.0,0.0,0.0,1.0,gov,True,False
161116,2026-01,gov,0,1.0,0.0,0.0,1.0,gov,True,False
161116,2026-02,gov,0,1.0,0.0,0.0,1.0,gov,True,False
161116,2026-03,gov,0,1.0,0.0,0.0,1.0,gov,True,False
161117,2023-11,gov,0,1.0,0.0,0.0,1.0,gov,True,True
161117,2023-12,gov,0,1.0,0.0,0.0,1.0,gov,True,True
161117,2024-01,gov,0,1.0,0.0,0.0,1.0,gov,True,True
161117,2024-02,gov,0,1.0,0.0,0.0,1.0,gov,True,True
161117,2024-03,gov,0,1.0,0.0,0.0,1.0,gov,True,True
161117,2024-04,gov,0,1.0,0.0,0.0,1.0,gov,True,True
161117,2024-05,gov,0,1.0,0.0,0.0,1.0,gov,True,True
161117,2024-06,gov,0,1.0,0.0,0.0,1.0,gov,True,True
161117,2024-07,gov,0,1.0,0.0,0.0,1.0,gov,True,True
161117,2024-08,gov,0,1.0,0.0,0.0,1.0,gov,True,True
161117,2024-09,gov,0,1.0,0.0,0.0,1.0,gov,True,True
161117,2024-10,gov,0,1.0,0.0,0.0,1.0,gov,True,True
161117,2024-11,gov,0,1.0,0.0,0.0,1.0,gov,True,True
161117,2024-12,gov,0,1.0,0.0,0.0,1.0,gov,True,True
161117,2025-01,gov,0,1.0,0.0,0.0,1.0,gov,True,True
161117,2025-02,gov,0,1.0,0.0,0.0,1.0,gov,True,True
161117,2025-03,gov,0,1.0,0.0,0.0,1.0,gov,True,True
161117,2025-04,gov,0,1.0,0.0,0.0,1.0,gov,True,True
161117,2025-05,gov,0,1.0,0.0,0.0,1.0,gov,True,True
161117,2025-06,gov,0,1.0,0.0,0.0,1.0,gov,True,True
161117,2025-07,gov,0,1.0,0.0,0.0,1.0,gov,True,False
161117,2025-08,gov,0,1.0,0.0,0.0,1.0,gov,True,False
161117,2025-09,gov,0,1.0,0.0,0.0,1.0,gov,True,False
161117,2025-10,gov,0,1.0,0.0,0.0,1.0,gov,True,False
161117,2025-11,gov,0,1.0,0.0,0.0,1.0,gov,True,False
161117,2025-12,gov,0,1.0,0.0,0.0,1.0,gov,True,False
161117,2026-01,gov,0,1.0,0.0,0.0,1.0,gov,True,False
161117,2026-02,gov,0,1.0,0.0,0.0,1.0,gov,True,False
161117,2026-03,gov,0,1.0,0.0,0.0,1.0,gov,True,False
161118,2023-11,gov,0,1.0,0.0,0.0,1.0,gov,True,True
161118,2023-12,gov,0,1.0,0.0,0.0,1.0,gov,True,True
161118,2024-01,gov,0,1.0,0.0,0.0,1.0,gov,True,True
161118,2024-02,gov,0,1.0,0.0,0.0,1.0,opo,True,True
161118,2024-03,opo,1,0.0,1.0,0.0,1.0,opo,True,True
161118,2024-04,opo,1,0.0,1.0,0.0,1.0,opo,True,True
161118,2024-05,opo,1,0.0,1.0,0.0,1.0,opo,True,True
161118,2024-06,opo,1,0.0,1.0,0.0,1.0,opo,True,True
161118,2024-07,opo,1,0.0,1.0,0.0,1.0,opo,True,True
161118,2024-08,opo,1,0.0,1.0,0.0,1.0,gov,True,True
161118,2024-09,gov,0,1.0,0.0,0.0,1.0,gov,True,True
161118,2024-10,gov,0,1.0,0.0,0.0,1.0,gov,True,True
161118,2024-11,gov,0,1.0,0.0,0.0,1.0,gov,True,True
161118,2024-12,gov,0,1.0,0.0,0.0,1.0,gov,True,True
161118,2025-01,gov,0,1.0,0.0,0.0,1.0,gov,True,True
161118,2025-02,gov,0,1.0,0.0,0.0,1.0,gov,True,True
161118,2025-03,gov,0,1.0,0.0,0.0,1.0,gov,True,True
161118,2025-04,gov,0,1.0,0.0,0.0,1.0,gov,True,True
161118,2025-05,gov,0,1.0,0.0,0.0,1.0,gov,True,True
161118,2025-06,gov,0,1.0,0.0,0.0,1.0,gov,True,True
161118,2025-07,gov,0,1.0,0.0,0.0,1.0,gov,True,False
161118,2025-08,gov,0,1.0,0.0,0.0,1.0,gov,True,False
161118,2025-09,gov,0,1.0,0.0,0.0,1.0,gov,True,False
161118,2025-10,gov,0,1.0,0.0,0.0,1.0,gov,True,False
161118,2025-11,gov,0,1.0,0.0,0.0,1.0,gov,True,False
161118,2025-12,gov,0,1.0,0.0,0.0,1.0,gov,True,False
161118,2026-01,gov,0,1.0,0.0,0.0,1.0,gov,True,False
161118,2026-02,gov,0,1.0,0.0,0.0,1.0,gov,True,False
161118,2026-03,gov,0,1.0,0.0,0.0,1.0,gov,True,False
161119,2023-11,gov,0,1.0,0.0,0.0,1.0,gov,True,True
161119,2023-12,gov,0,1.0,0.0,0.0,1.0,gov,True,True
161119,2024-01,gov,0,1.0,0.0,0.0,1.0,gov,True,True
161119,2024-02,gov,0,1.0,0.0,0.0,1.0,gov,True,True
161119,2024-03,gov,0,1.0,0.0,0.0,1.0,gov,True,True
161119,2024-04,gov,0,1.0,0.0,0.0,1.0,gov,True,True
161119,2024-05,gov,0,1.0,0.0,0.0,1.0,gov,True,True
161119,2024-06,gov,0,1.0,0.0,0.0,1.0,gov,True,True
161119,2024-07,gov,0,1.0,0.0,0.0,1.0,gov,True,True
161119,2024-08,gov,0,1.0,0.0,0.0,1.0,gov,True,True
161119,2024-09,gov,0,1.0,0.0,0.0,1.0,gov,True,True
161119,2024-10,gov,0,1.0,0.0,0.0,1.0,gov,True,True
161119,2024-11,gov,0,1.0,0.0,0.0,1.0,gov,True,True
161119,2024-12,gov,0,1.0,0.0,0.0,1.0,gov,True,True
161119,2025-01,gov,0,1.0,0.0,0.0,1.0,gov,True,True
161119,2025-02,gov,0,1.0,0.0,0.0,1.0,gov,True,True
161119,2025-03,gov,0,1.0,0.0,0.0,1.0,gov,True,True
161119,2025-04,gov,0,1.0,0.0,0.0,1.0,gov,True,True
161119,2025-05,gov,0,1.0,0.0,0.0,1.0,gov,True,True
161119,2025-06,gov,0,1.0,0.0,0.0,1.0,gov,True,True
161119,2025-07,gov,0,1.0,0.0,0.0,1.0,gov,True,False
161119,2025-08,gov,0,1.0,0.0,0.0,1.0,gov,True,False
161119,2025-09,gov,0,1.0,0.0,0.0,1.0,gov,True,False
161119,2025-10,gov,0,1.0,0.0,0.0,1.0,gov,True,False
161119,2025-11,gov,0,1.0,0.0,0.0,1.0,gov,True,False
161119,2025-12,gov,0,1.0,0.0,0.0,1.0,gov,True,False
161119,2026-01,gov,0,1.0,0.0,0.0,1.0,gov,True,False
161119,2026-02,gov,0,1.0,0.0,0.0,1.0,gov,True,False
161119,2026-03,gov,0,1.0,0.0,0.0,1.0,gov,True,False
161120,2023-11,gov,0,1.0,0.0,0.0,1.0,gov,True,True
161120,2023-12,gov,0,1.0,0.0,0.0,1.0,gov,True,True
161120,2024-01,gov,0,1.0,0.0,0.0,1.0,gov,True,True
161120,2024-02,gov,0,1.0,0.0,0.0,1.0,gov,True,True
161120,2024-03,gov,0,1.0,0.0,0.0,1.0,gov,True,True
161120,2024-04,gov,0,1.0,0.0,0.0,1.0,gov,True,True
161120,2024-05,gov,0,1.0,0.0,0.0,1.0,gov,True,True
161120,2024-06,gov,0,1.0,0.0,0.0,1.0,gov,True,True
161120,2024-07,gov,0,1.0,0.0,0.0,1.0,gov,True,True
161120,2024-08,gov,0,1.0,0.0,0.0,1.0,gov,True,True
161120,2024-09,gov,0,1.0,0.0,0.0,1.0,gov,True,True
161120,2024-10,gov,0,1.0,0.0,0.0,1.0,gov,True,True
161120,2024-11,gov,0,1.0,0.0,0.0,1.0,gov,True,True
161120,2024-12,gov,0,1.0,0.0,0.0,1.0,gov,True,True
161120,2025-01,gov,0,1.0,0.0,0.0,1.0,gov,True,True
161120,2025-02,gov,0,1.0,0.0,0.0,1.0,gov,True,True
161120,2025-03,gov,0,1.0,0.0,0.0,1.0,gov,True,True
161120,2025-04,gov,0,1.0,0.0,0.0,1.0,gov,True,True
161120,2025-05,gov,0,1.0,0.0,0.0,1.0,gov,True,True
161120,2025-06,gov,0,1.0,0.0,0.0,1.0,gov,True,True
161120,2025-07,gov,0,1.0,0.0,0.0,1.0,gov,True,False
161120,2025-08,gov,0,1.0,0.0,0.0,1.0,gov,True,False
161120,2025-09,gov,0,1.0,0.0,0.0,1.0,gov,True,False
161120,2025-10,gov,0,1.0,0.0,0.0,1.0,gov,True,False
161120,2025-11,gov,0,1.0,0.0,0.0,1.0,gov,True,False
161120,2025-12,gov,0,1.0,0.0,0.0,1.0,gov,True,False
161120,2026-01,gov,0,1.0,0.0,0.0,1.0,gov,True,False
161120,2026-02,gov,0,1.0,0.0,0.0,1.0,gov,True,False
161120,2026-03,gov,0,1.0,0.0,0.0,1.0,gov,True,False
161827,2024-04,gov,0,1.0,0.0,0.0,1.0,opo,True,True
161827,2024-05,opo,1,0.0,1.0,0.0,1.0,opo,True,True
161827,2024-06,opo,1,0.0,1.0,0.0,1.0,opo,True,True
161827,2024-07,opo,1,0.0,1.0,0.0,1.0,opo,True,True
161827,2024-08,opo,1,0.0,1.0,0.0,1.0,opo,True,True
161827,2024-09,opo,1,0.0,1.0,0.0,1.0,opo,True,True
161827,2024-10,opo,1,0.0,1.0,0.0,1.0,opo,True,True
161827,2024-11,opo,1,0.0,1.0,0.0,1.0,opo,True,True
161827,2024-12,opo,1,0.0,1.0,0.0,1.0,opo,True,True
161827,2025-01,opo,1,0.0,1.0,0.0,1.0,opo,True,True
161827,2025-02,opo,1,0.0,1.0,0.0,1.0,opo,True,True
161827,2025-03,opo,1,0.0,1.0,0.0,1.0,opo,True,True
161827,2025-04,opo,1,0.0,1.0,0.0,1.0,opo,True,True
161827,2025-05,opo,1,0.0,1.0,0.0,1.0,opo,True,True
161827,2025-06,opo,1,0.0,1.0,0.0,1.0,opo,True,True
161827,2025-07,opo,1,0.0,1.0,0.0,1.0,opo,True,False
161827,2025-08,opo,1,0.0,1.0,0.0,1.0,opo,True,False
161827,2025-09,opo,1,0.0,1.0,0.0,1.0,opo,True,False
161827,2025-10,opo,1,0.0,1.0,0.0,1.0,opo,True,False
161827,2025-11,opo,1,0.0,1.0,0.0,1.0,opo,True,False
161827,2025-12,opo,1,0.0,1.0,0.0,1.0,opo,True,False
161827,2026-01,opo,1,0.0,1.0,0.0,1.0,opo,True,False
161827,2026-02,opo,1,0.0,1.0,0.0,1.0,opo,True,False
161827,2026-03,opo,1,0.0,1.0,0.0,1.0,opo,True,False
161829,2023-11,gov,0,1.0,0.0,0.0,1.0,uncertain,True,True
161829,2023-12,uncertain,2,0.0,0.0,1.0,1.0,uncertain,True,True
161829,2024-01,uncertain,2,0.0,0.0,1.0,1.0,uncertain,True,True
161829,2024-02,uncertain,2,0.0,0.0,1.0,1.0,uncertain,True,True
161829,2024-03,uncertain,2,0.0,0.0,1.0,1.0,uncertain,True,True
161829,2024-04,uncertain,2,0.0,0.0,1.0,1.0,uncertain,True,True
161829,2024-05,uncertain,2,0.0,0.0,1.0,1.0,uncertain,True,True
161829,2024-06,uncertain,2,0.0,0.0,1.0,1.0,uncertain,True,True
161829,2024-07,uncertain,2,0.0,0.0,1.0,1.0,uncertain,True,True
161829,2024-08,uncertain,2,0.0,0.0,1.0,1.0,uncertain,True,True
161829,2024-09,uncertain,2,0.0,0.0,1.0,1.0,uncertain,True,True
161829,2024-10,uncertain,2,0.0,0.0,1.0,1.0,uncertain,True,True
161829,2024-11,uncertain,2,0.0,0.0,1.0,1.0,uncertain,True,True
161829,2024-12,uncertain,2,0.0,0.0,1.0,1.0,uncertain,True,True
161829,2025-01,uncertain,2,0.0,0.0,1.0,1.0,uncertain,True,True
161829,2025-02,uncertain,2,0.0,0.0,1.0,1.0,uncertain,True,True
161829,2025-03,uncertain,2,0.0,0.0,1.0,1.0,uncertain,True,True
161829,2025-04,uncertain,2,0.0,0.0,1.0,1.0,uncertain,True,True
161829,2025-05,uncertain,2,0.0,0.0,1.0,1.0,uncertain,True,True
161829,2025-06,uncertain,2,0.0,0.0,1.0,1.0,uncertain,True,True
161829,2025-07,uncertain,2,0.0,0.0,1.0,1.0,uncertain,True,False
161829,2025-08,uncertain,2,0.0,0.0,1.0,1.0,uncertain,True,False
161829,2025-09,uncertain,2,0.0,0.0,1.0,1.0,uncertain,True,False
161829,2025-10,uncertain,2,0.0,0.0,1.0,1.0,uncertain,True,False
161829,2025-11,uncertain,2,0.0,0.0,1.0,1.0,uncertain,True,False
161829,2025-12,uncertain,2,0.0,0.0,1.0,1.0,uncertain,True,False
161829,2026-01,uncertain,2,0.0,0.0,1.0,1.0,uncertain,True,False
161829,2026-02,uncertain,2,0.0,0.0,1.0,1.0,uncertain,True,False
161829,2026-03,uncertain,2,0.0,0.0,1.0,1.0,uncertain,True,False
161830,2023-11,gov,0,1.0,0.0,0.0,1.0,uncertain,True,True
161830,2023-12,uncertain,2,0.0,0.0,1.0,1.0,uncertain,True,True
161830,2024-01,uncertain,2,0.0,0.0,1.0,1.0,uncertain,True,True
161830,2024-02,uncertain,2,0.0,0.0,1.0,1.0,uncertain,True,True
161830,2024-03,uncertain,2,0.0,0.0,1.0,1.0,uncertain,True,True
161830,2024-04,uncertain,2,0.0,0.0,1.0,1.0,uncertain,True,True
161830,2024-05,uncertain,2,0.0,0.0,1.0,1.0,uncertain,True,True
161830,2024-06,uncertain,2,0.0,0.0,1.0,1.0,uncertain,True,True
161830,2024-07,uncertain,2,0.0,0.0,1.0,1.0,uncertain,True,True
161830,2024-08,uncertain,2,0.0,0.0,1.0,1.0,uncertain,True,True
161830,2024-09,uncertain,2,0.0,0.0,1.0,1.0,uncertain,True,True
161830,2024-10,uncertain,2,0.0,0.0,1.0,1.0,uncertain,True,True
161830,2024-11,uncertain,2,0.0,0.0,1.0,1.0,uncertain,True,True
161830,2024-12,uncertain,2,0.0,0.0,1.0,1.0,uncertain,True,True
161830,2025-01,uncertain,2,0.0,0.0,1.0,1.0,uncertain,True,True
161830,2025-02,uncertain,2,0.0,0.0,1.0,1.0,uncertain,True,True
161830,2025-03,uncertain,2,0.0,0.0,1.0,1.0,uncertain,True,True
161830,2025-04,uncertain,2,0.0,0.0,1.0,1.0,uncertain,True,True
161830,2025-05,uncertain,2,0.0,0.0,1.0,1.0,uncertain,True,True
161830,2025-06,uncertain,2,0.0,0.0,1.0,1.0,uncertain,True,True
161830,2025-07,uncertain,2,0.0,0.0,1.0,1.0,uncertain,True,False
161830,2025-08,uncertain,2,0.0,0.0,1.0,1.0,uncertain,True,False
161830,2025-09,uncertain,2,0.0,0.0,1.0,1.0,uncertain,True,False
161830,2025-10,uncertain,2,0.0,0.0,1.0,1.0,uncertain,True,False
161830,2025-11,uncertain,2,0.0,0.0,1.0,1.0,uncertain,True,False
161830,2025-12,uncertain,2,0.0,0.0,1.0,1.0,uncertain,True,False
161830,2026-01,uncertain,2,0.0,0.0,1.0,1.0,uncertain,True,False
161830,2026-02,uncertain,2,0.0,0.0,1.0,1.0,uncertain,True,False
161830,2026-03,uncertain,2,0.0,0.0,1.0,1.0,uncertain,True,False
161831,2023-11,gov,0,1.0,0.0,0.0,1.0,uncertain,True,True
161831,2023-12,uncertain,2,0.0,0.0,1.0,1.0,uncertain,True,True
161831,2024-01,uncertain,2,0.0,0.0,1.0,1.0,uncertain,True,True
161831,2024-02,uncertain,2,0.0,0.0,1.0,1.0,uncertain,True,True
161831,2024-03,uncertain,2,0.0,0.0,1.0,1.0,uncertain,True,True
161831,2024-04,uncertain,2,0.0,0.0,1.0,1.0,uncertain,True,True
161831,2024-05,uncertain,2,0.0,0.0,1.0,1.0,uncertain,True,True
161831,2024-06,uncertain,2,0.0,0.0,1.0,1.0,uncertain,True,True
161831,2024-07,uncertain,2,0.0,0.0,1.0,1.0,uncertain,True,True
161831,2024-08,uncertain,2,0.0,0.0,1.0,1.0,gov,True,True
161831,2024-09,gov,0,1.0,0.0,0.0,1.0,gov,True,True
161831,2024-10,gov,0,1.0,0.0,0.0,1.0,gov,True,True
161831,2024-11,gov,0,1.0,0.0,0.0,1.0,gov,True,True
161831,2024-12,gov,0,1.0,0.0,0.0,1.0,gov,True,True
161831,2025-01,gov,0,1.0,0.0,0.0,1.0,gov,True,True
161831,2025-02,gov,0,1.0,0.0,0.0,1.0,gov,True,True
161831,2025-03,gov,0,1.0,0.0,0.0,1.0,gov,True,True
161831,2025-04,gov,0,1.0,0.0,0.0,1.0,gov,True,True
161831,2025-05,gov,0,1.0,0.0,0.0,1.0,gov,True,True
161831,2025-06,gov,0,1.0,0.0,0.0,1.0,gov,True,True
161831,2025-07,gov,0,1.0,0.0,0.0,1.0,gov,True,False
161831,2025-08,gov,0,1.0,0.0,0.0,1.0,gov,True,False
161831,2025-09,gov,0,1.0,0.0,0.0,1.0,gov,True,False
161831,2025-10,gov,0,1.0,0.0,0.0,1.0,gov,True,False
161831,2025-11,gov,0,1.0,0.0,0.0,1.0,gov,True,False
161831,2025-12,gov,0,1.0,0.0,0.0,1.0,gov,True,False
161831,2026-01,gov,0,1.0,0.0,0.0,1.0,gov,True,False
161831,2026-02,gov,0,1.0,0.0,0.0,1.0,gov,True,False
161831,2026-03,gov,0,1.0,0.0,0.0,1.0,gov,True,False
161832,2023-11,gov,0,1.0,0.0,0.0,1.0,uncertain,True,True
161832,2023-12,uncertain,2,0.0,0.0,1.0,1.0,uncertain,True,True
161832,2024-01,uncertain,2,0.0,0.0,1.0,1.0,uncertain,True,True
161832,2024-02,uncertain,2,0.0,0.0,1.0,1.0,uncertain,True,True
161832,2024-03,uncertain,2,0.0,0.0,1.0,1.0,uncertain,True,True
161832,2024-04,uncertain,2,0.0,0.0,1.0,1.0,uncertain,True,True
161832,2024-05,uncertain,2,0.0,0.0,1.0,1.0,uncertain,True,True
161832,2024-06,uncertain,2,0.0,0.0,1.0,1.0,uncertain,True,True
161832,2024-07,uncertain,2,0.0,0.0,1.0,1.0,gov,True,True
161832,2024-08,gov,0,1.0,0.0,0.0,1.0,gov,True,True
161832,2024-09,gov,0,1.0,0.0,0.0,1.0,gov,True,True
161832,2024-10,gov,0,1.0,0.0,0.0,1.0,gov,True,True
161832,2024-11,gov,0,1.0,0.0,0.0,1.0,gov,True,True
161832,2024-12,gov,0,1.0,0.0,0.0,1.0,gov,True,True
161832,2025-01,gov,0,1.0,0.0,0.0,1.0,gov,True,True
161832,2025-02,gov,0,1.0,0.0,0.0,1.0,gov,True,True
161832,2025-03,gov,0,1.0,0.0,0.0,1.0,gov,True,True
161832,2025-04,gov,0,1.0,0.0,0.0,1.0,gov,True,True
161832,2025-05,gov,0,1.0,0.0,0.0,1.0,gov,True,True
161832,2025-06,gov,0,1.0,0.0,0.0,1.0,gov,True,True
161832,2025-07,gov,0,1.0,0.0,0.0,1.0,gov,True,False
161832,2025-08,gov,0,1.0,0.0,0.0,1.0,gov,True,False
161832,2025-09,gov,0,1.0,0.0,0.0,1.0,gov,True,False
161832,2025-10,gov,0,1.0,0.0,0.0,1.0,gov,True,False
161832,2025-11,gov,0,1.0,0.0,0.0,1.0,gov,True,False
161832,2025-12,gov,0,1.0,0.0,0.0,1.0,gov,True,False
161832,2026-01,gov,0,1.0,0.0,0.0,1.0,gov,True,False
161832,2026-02,gov,0,1.0,0.0,0.0,1.0,gov,True,False
161832,2026-03,gov,0,1.0,0.0,0.0,1.0,gov,True,False
161833,2023-11,gov,0,1.0,0.0,0.0,1.0,gov,True,True
161833,2023-12,gov,0,1.0,0.0,0.0,1.0,gov,True,True
161833,2024-01,gov,0,1.0,0.0,0.0,1.0,gov,True,True
161833,2024-02,gov,0,1.0,0.0,0.0,1.0,gov,True,True
161833,2024-03,gov,0,1.0,0.0,0.0,1.0,gov,True,True
161833,2024-04,gov,0,1.0,0.0,0.0,1.0,gov,True,True
161833,2024-05,gov,0,1.0,0.0,0.0,1.0,gov,True,True
161833,2024-06,gov,0,1.0,0.0,0.0,1.0,opo,True,True
161833,2024-07,opo,1,0.0,1.0,0.0,1.0,opo,True,True
161833,2024-08,opo,1,0.0,1.0,0.0,1.0,gov,True,True
161833,2024-09,gov,0,1.0,0.0,0.0,1.0,gov,True,True
161833,2024-10,gov,0,1.0,0.0,0.0,1.0,gov,True,True
161833,2024-11,gov,0,1.0,0.0,0.0,1.0,gov,True,True
161833,2024-12,gov,0,1.0,0.0,0.0,1.0,gov,True,True
161833,2025-01,gov,0,1.0,0.0,0.0,1.0,gov,True,True
161833,2025-02,gov,0,1.0,0.0,0.0,1.0,gov,True,True
161833,2025-03,gov,0,1.0,0.0,0.0,1.0,gov,True,True
161833,2025-04,gov,0,1.0,0.0,0.0,1.0,gov,True,True
161833,2025-05,gov,0,1.0,0.0,0.0,1.0,gov,True,True
161833,2025-06,gov,0,1.0,0.0,0.0,1.0,gov,True,True
161833,2025-07,gov,0,1.0,0.0,0.0,1.0,gov,True,False
161833,2025-08,gov,0,1.0,0.0,0.0,1.0,gov,True,False
161833,2025-09,gov,0,1.0,0.0,0.0,1.0,gov,True,False
161833,2025-10,gov,0,1.0,0.0,0.0,1.0,gov,True,False
161833,2025-11,gov,0,1.0,0.0,0.0,1.0,gov,True,False
161833,2025-12,gov,0,1.0,0.0,0.0,1.0,gov,True,False
161833,2026-01,gov,0,1.0,0.0,0.0,1.0,gov,True,False
161833,2026-02,gov,0,1.0,0.0,0.0,1.0,gov,True,False
161833,2026-03,gov,0,1.0,0.0,0.0,1.0,gov,True,False
161834,2024-06,gov,0,1.0,0.0,0.0,1.0,opo,True,True
161834,2024-07,opo,1,0.0,1.0,0.0,1.0,opo,True,True
161834,2024-08,opo,1,0.0,1.0,0.0,1.0,opo,True,True
161834,2024-09,opo,1,0.0,1.0,0.0,1.0,uncertain,True,True
161834,2024-10,uncertain,2,0.0,0.0,1.0,1.0,uncertain,True,True
161834,2024-11,uncertain,2,0.0,0.0,1.0,1.0,uncertain,True,True
161834,2024-12,uncertain,2,0.0,0.0,1.0,1.0,uncertain,True,True
161834,2025-01,uncertain,2,0.0,0.0,1.0,1.0,uncertain,True,True
161834,2025-02,uncertain,2,0.0,0.0,1.0,1.0,uncertain,True,True
161834,2025-03,uncertain,2,0.0,0.0,1.0,1.0,uncertain,True,True
161834,2025-04,uncertain,2,0.0,0.0,1.0,1.0,uncertain,True,True
161834,2025-05,uncertain,2,0.0,0.0,1.0,1.0,gov,True,True
161834,2025-06,gov,0,1.0,0.0,0.0,1.0,uncertain,True,True
161834,2025-07,uncertain,2,0.0,0.0,1.0,1.0,gov,True,False
161834,2025-08,gov,0,1.0,0.0,0.0,1.0,gov,True,False
161834,2025-09,gov,0,1.0,0.0,0.0,1.0,gov,True,False
161834,2025-10,gov,0,1.0,0.0,0.0,1.0,gov,True,False
161834,2025-11,gov,0,1.0,0.0,0.0,1.0,gov,True,False
161834,2025-12,gov,0,1.0,0.0,0.0,1.0,gov,True,False
161834,2026-01,gov,0,1.0,0.0,0.0,1.0,gov,True,False
161834,2026-02,gov,0,1.0,0.0,0.0,1.0,gov,True,False
161834,2026-03,gov,0,1.0,0.0,0.0,1.0,gov,True,False
161837,2023-11,gov,0,1.0,0.0,0.0,1.0,gov,True,True
161837,2023-12,gov,0,1.0,0.0,0.0,1.0,gov,True,True
161837,2024-01,gov,0,1.0,0.0,0.0,1.0,gov,True,True
161837,2024-02,gov,0,1.0,0.0,0.0,1.0,gov,True,True
161837,2024-03,gov,0,1.0,0.0,0.0,1.0,gov,True,True
161837,2024-04,gov,0,1.0,0.0,0.0,1.0,gov,True,True
161837,2024-05,gov,0,1.0,0.0,0.0,1.0,gov,True,True
161837,2024-06,gov,0,1.0,0.0,0.0,1.0,gov,True,True
161837,2024-07,gov,0,1.0,0.0,0.0,1.0,opo,True,True
161837,2024-08,opo,1,0.0,1.0,0.0,1.0,opo,True,True
161837,2024-09,opo,1,0.0,1.0,0.0,1.0,opo,True,True
161837,2024-10,opo,1,0.0,1.0,0.0,1.0,opo,True,True
161837,2024-11,opo,1,0.0,1.0,0.0,1.0,opo,True,True
161837,2024-12,opo,1,0.0,1.0,0.0,1.0,opo,True,True
161837,2025-01,opo,1,0.0,1.0,0.0,1.0,opo,True,True
161837,2025-02,opo,1,0.0,1.0,0.0,1.0,opo,True,True
161837,2025-03,opo,1,0.0,1.0,0.0,1.0,opo,True,True
161837,2025-04,opo,1,0.0,1.0,0.0,1.0,opo,True,True
161837,2025-05,opo,1,0.0,1.0,0.0,1.0,opo,True,True
161837,2025-06,opo,1,0.0,1.0,0.0,1.0,opo,True,True
161837,2025-07,opo,1,0.0,1.0,0.0,1.0,opo,True,False
161837,2025-08,opo,1,0.0,1.0,0.0,1.0,opo,True,False
161837,2025-09,opo,1,0.0,1.0,0.0,1.0,opo,True,False
161837,2025-10,opo,1,0.0,1.0,0.0,1.0,opo,True,False
161837,2025-11,opo,1,0.0,1.0,0.0,1.0,opo,True,False
161837,2025-12,opo,1,0.0,1.0,0.0,1.0,opo,True,False
161837,2026-01,opo,1,0.0,1.0,0.0,1.0,opo,True,False
161837,2026-02,opo,1,0.0,1.0,0.0,1.0,opo,True,False
161837,2026-03,opo,1,0.0,1.0,0.0,1.0,opo,True,False
161839,2023-11,gov,0,1.0,0.0,0.0,1.0,gov,True,True
161839,2023-12,gov,0,1.0,0.0,0.0,1.0,gov,True,True
161839,2024-01,gov,0,1.0,0.0,0.0,1.0,gov,True,True
161839,2024-02,gov,0,1.0,0.0,0.0,1.0,opo,True,True
161839,2024-03,opo,1,0.0,1.0,0.0,1.0,opo,True,True
161839,2024-04,opo,1,0.0,1.0,0.0,1.0,opo,True,True
161839,2024-05,opo,1,0.0,1.0,0.0,1.0,opo,True,True
161839,2024-06,opo,1,0.0,1.0,0.0,1.0,opo,True,True
161839,2024-07,opo,1,0.0,1.0,0.0,1.0,opo,True,True
161839,2024-08,opo,1,0.0,1.0,0.0,1.0,opo,True,True
161839,2024-09,opo,1,0.0,1.0,0.0,1.0,opo,True,True
161839,2024-10,opo,1,0.0,1.0,0.0,1.0,opo,True,True
161839,2024-11,opo,1,0.0,1.0,0.0,1.0,opo,True,True
161839,2024-12,opo,1,0.0,1.0,0.0,1.0,opo,True,True
161839,2025-01,opo,1,0.0,1.0,0.0,1.0,opo,True,True
161839,2025-02,opo,1,0.0,1.0,0.0,1.0,opo,True,True
161839,2025-03,opo,1,0.0,1.0,0.0,1.0,opo,True,True
161839,2025-04,opo,1,0.0,1.0,0.0,1.0,opo,True,True
161839,2025-05,opo,1,0.0,1.0,0.0,1.0,opo,True,True
161839,2025-06,opo,1,0.0,1.0,0.0,1.0,opo,True,True
161839,2025-07,opo,1,0.0,1.0,0.0,1.0,opo,True,False
161839,2025-08,opo,1,0.0,1.0,0.0,1.0,opo,True,False
161839,2025-09,opo,1,0.0,1.0,0.0,1.0,opo,True,False
161839,2025-10,opo,1,0.0,1.0,0.0,1.0,opo,True,False
161839,2025-11,opo,1,0.0,1.0,0.0,1.0,opo,True,False
161839,2025-12,opo,1,0.0,1.0,0.0,1.0,opo,True,False
161839,2026-01,opo,1,0.0,1.0,0.0,1.0,opo,True,False
161839,2026-02,opo,1,0.0,1.0,0.0,1.0,opo,True,False
161839,2026-03,opo,1,0.0,1.0,0.0,1.0,opo,True,False
162547,2023-11,gov,0,1.0,0.0,0.0,1.0,uncertain,True,True
162547,2023-12,uncertain,2,0.0,0.0,1.0,1.0,opo,True,True
162547,2024-01,opo,1,0.0,1.0,0.0,1.0,opo,True,True
162547,2024-02,opo,1,0.0,1.0,0.0,1.0,opo,True,True
162547,2024-03,opo,1,0.0,1.0,0.0,1.0,opo,True,True
162547,2024-04,opo,1,0.0,1.0,0.0,1.0,opo,True,True
162547,2024-05,opo,1,0.0,1.0,0.0,1.0,opo,True,True
162547,2024-06,opo,1,0.0,1.0,0.0,1.0,opo,True,True
162547,2024-07,opo,1,0.0,1.0,0.0,1.0,opo,True,True
162547,2024-08,opo,1,0.0,1.0,0.0,1.0,opo,True,True
162547,2024-09,opo,1,0.0,1.0,0.0,1.0,opo,True,True
162547,2024-10,opo,1,0.0,1.0,0.0,1.0,opo,True,True
162547,2024-11,opo,1,0.0,1.0,0.0,1.0,opo,True,True
162547,2024-12,opo,1,0.0,1.0,0.0,1.0,opo,True,True
162547,2025-01,opo,1,0.0,1.0,0.0,1.0,opo,True,True
162547,2025-02,opo,1,0.0,1.0,0.0,1.0,opo,True,True
162547,2025-03,opo,1,0.0,1.0,0.0,1.0,opo,True,True
162547,2025-04,opo,1,0.0,1.0,0.0,1.0,opo,True,True
162547,2025-05,opo,1,0.0,1.0,0.0,1.0,opo,True,True
162547,2025-06,opo,1,0.0,1.0,0.0,1.0,opo,True,True
162547,2025-07,opo,1,0.0,1.0,0.0,1.0,opo,True,False
162547,2025-08,opo,1,0.0,1.0,0.0,1.0,opo,True,False
162547,2025-09,opo,1,0.0,1.0,0.0,1.0,opo,True,False
162547,2025-10,opo,1,0.0,1.0,0.0,1.0,opo,True,False
162547,2025-11,opo,1,0.0,1.0,0.0,1.0,opo,True,False
162547,2025-12,opo,1,0.0,1.0,0.0,1.0,opo,True,False
162547,2026-01,opo,1,0.0,1.0,0.0,1.0,opo,True,False
162547,2026-02,opo,1,0.0,1.0,0.0,1.0,opo,True,False
162547,2026-03,opo,1,0.0,1.0,0.0,1.0,opo,True,False
162548,2023-11,gov,0,1.0,0.0,0.0,1.0,uncertain,True,True
162548,2023-12,uncertain,2,0.0,0.0,1.0,1.0,uncertain,True,True
162548,2024-01,uncertain,2,0.0,0.0,1.0,1.0,uncertain,True,True
162548,2024-02,uncertain,2,0.0,0.0,1.0,1.0,uncertain,True,True
162548,2024-03,uncertain,2,0.0,0.0,1.0,1.0,uncertain,True,True
162548,2024-04,uncertain,2,0.0,0.0,1.0,1.0,uncertain,True,True
162548,2024-05,uncertain,2,0.0,0.0,1.0,1.0,uncertain,True,True
162548,2024-06,uncertain,2,0.0,0.0,1.0,1.0,uncertain,True,True
162548,2024-07,uncertain,2,0.0,0.0,1.0,1.0,uncertain,True,True
162548,2024-08,uncertain,2,0.0,0.0,1.0,1.0,gov,True,True
162548,2024-09,gov,0,1.0,0.0,0.0,1.0,gov,True,True
162548,2024-10,gov,0,1.0,0.0,0.0,1.0,gov,True,True
162548,2024-11,gov,0,1.0,0.0,0.0,1.0,uncertain,True,True
162548,2024-12,uncertain,2,0.0,0.0,1.0,1.0,opo,True,True
162548,2025-01,opo,1,0.0,1.0,0.0,1.0,uncertain,True,True
162548,2025-02,uncertain,2,0.0,0.0,1.0,1.0,uncertain,True,True
162548,2025-03,uncertain,2,0.0,0.0,1.0,1.0,uncertain,True,True
162548,2025-04,uncertain,2,0.0,0.0,1.0,1.0,opo,True,True
162548,2025-05,opo,1,0.0,1.0,0.0,1.0,opo,True,True
162548,2025-06,opo,1,0.0,1.0,0.0,1.0,opo,True,True
162548,2025-07,opo,1,0.0,1.0,0.0,1.0,opo,True,False
162548,2025-08,opo,1,0.0,1.0,0.0,1.0,opo,True,False
162548,2025-09,opo,1,0.0,1.0,0.0,1.0,opo,True,False
162548,2025-10,opo,1,0.0,1.0,0.0,1.0,opo,True,False
162548,2025-11,opo,1,0.0,1.0,0.0,1.0,opo,True,False
162548,2025-12,opo,1,0.0,1.0,0.0,1.0,opo,True,False
162548,2026-01,opo,1,0.0,1.0,0.0,1.0,opo,True,False
162548,2026-02,opo,1,0.0,1.0,0.0,1.0,opo,True,False
162548,2026-03,opo,1,0.0,1.0,0.0,1.0,opo,True,False
162549,2023-11,gov,0,1.0,0.0,0.0,1.0,uncertain,True,True
162549,2023-12,uncertain,2,0.0,0.0,1.0,1.0,uncertain,True,True
162549,2024-01,uncertain,2,0.0,0.0,1.0,1.0,uncertain,True,True
162549,2024-02,uncertain,2,0.0,0.0,1.0,1.0,uncertain,True,True
162549,2024-03,uncertain,2,0.0,0.0,1.0,1.0,uncertain,True,True
162549,2024-04,uncertain,2,0.0,0.0,1.0,1.0,uncertain,True,True
162549,2024-05,uncertain,2,0.0,0.0,1.0,1.0,uncertain,True,True
162549,2024-06,uncertain,2,0.0,0.0,1.0,1.0,uncertain,True,True
162549,2024-07,uncertain,2,0.0,0.0,1.0,1.0,uncertain,True,True
162549,2024-08,uncertain,2,0.0,0.0,1.0,1.0,uncertain,True,True
162549,2024-09,uncertain,2,0.0,0.0,1.0,1.0,uncertain,True,True
162549,2024-10,uncertain,2,0.0,0.0,1.0,1.0,uncertain,True,True
162549,2024-11,uncertain,2,0.0,0.0,1.0,1.0,uncertain,True,True
162549,2024-12,uncertain,2,0.0,0.0,1.0,1.0,uncertain,True,True
162549,2025-01,uncertain,2,0.0,0.0,1.0,1.0,uncertain,True,True
162549,2025-02,uncertain,2,0.0,0.0,1.0,1.0,uncertain,True,True
162549,2025-03,uncertain,2,0.0,0.0,1.0,1.0,uncertain,True,True
162549,2025-04,uncertain,2,0.0,0.0,1.0,1.0,uncertain,True,True
162549,2025-05,uncertain,2,0.0,0.0,1.0,1.0,uncertain,True,True
162549,2025-06,uncertain,2,0.0,0.0,1.0,1.0,uncertain,True,True
162549,2025-07,uncertain,2,0.0,0.0,1.0,1.0,uncertain,True,False
162549,2025-08,uncertain,2,0.0,0.0,1.0,1.0,uncertain,True,False
162549,2025-09,uncertain,2,0.0,0.0,1.0,1.0,uncertain,True,False
162549,2025-10,uncertain,2,0.0,0.0,1.0,1.0,uncertain,True,False
162549,2025-11,uncertain,2,0.0,0.0,1.0,1.0,uncertain,True,False
162549,2025-12,uncertain,2,0.0,0.0,1.0,1.0,uncertain,True,False
162549,2026-01,uncertain,2,0.0,0.0,1.0,1.0,uncertain,True,False
162549,2026-02,uncertain,2,0.0,0.0,1.0,1.0,uncertain,True,False
162549,2026-03,uncertain,2,0.0,0.0,1.0,1.0,uncertain,True,False
162550,2024-04,gov,0,1.0,0.0,0.0,1.0,opo,True,True
162550,2024-05,opo,1,0.0,1.0,0.0,1.0,opo,True,True
162550,2024-06,opo,1,0.0,1.0,0.0,1.0,opo,True,True
162550,2024-07,opo,1,0.0,1.0,0.0,1.0,opo,True,True
162550,2024-08,opo,1,0.0,1.0,0.0,1.0,opo,True,True
162550,2024-09,opo,1,0.0,1.0,0.0,1.0,opo,True,True
162550,2024-10,opo,1,0.0,1.0,0.0,1.0,opo,True,True
162550,2024-11,opo,1,0.0,1.0,0.0,1.0,opo,True,True
162550,2024-12,opo,1,0.0,1.0,0.0,1.0,opo,True,True
162550,2025-01,opo,1,0.0,1.0,0.0,1.0,opo,True,True
162550,2025-02,opo,1,0.0,1.0,0.0,1.0,opo,True,True
162550,2025-03,opo,1,0.0,1.0,0.0,1.0,opo,True,True
162550,2025-04,opo,1,0.0,1.0,0.0,1.0,opo,True,True
162550,2025-05,opo,1,0.0,1.0,0.0,1.0,opo,True,True
162550,2025-06,opo,1,0.0,1.0,0.0,1.0,opo,True,True
162550,2025-07,opo,1,0.0,1.0,0.0,1.0,opo,True,False
162550,2025-08,opo,1,0.0,1.0,0.0,1.0,opo,True,False
162550,2025-09,opo,1,0.0,1.0,0.0,1.0,opo,True,False
162550,2025-10,opo,1,0.0,1.0,0.0,1.0,opo,True,False
162550,2025-11,opo,1,0.0,1.0,0.0,1.0,opo,True,False
162550,2025-12,opo,1,0.0,1.0,0.0,1.0,opo,True,False
162550,2026-01,opo,1,0.0,1.0,0.0,1.0,opo,True,False
162550,2026-02,opo,1,0.0,1.0,0.0,1.0,opo,True,False
162550,2026-03,opo,1,0.0,1.0,0.0,1.0,opo,True,False
162551,2023-11,gov,0,1.0,0.0,0.0,1.0,uncertain,True,True
162551,2023-12,uncertain,2,0.0,0.0,1.0,1.0,uncertain,True,True
162551,2024-01,uncertain,2,0.0,0.0,1.0,1.0,uncertain,True,True
162551,2024-02,uncertain,2,0.0,0.0,1.0,1.0,uncertain,True,True
162551,2024-03,uncertain,2,0.0,0.0,1.0,1.0,uncertain,True,True
162551,2024-04,uncertain,2,0.0,0.0,1.0,1.0,uncertain,True,True
162551,2024-05,uncertain,2,0.0,0.0,1.0,1.0,uncertain,True,True
162551,2024-06,uncertain,2,0.0,0.0,1.0,1.0,uncertain,True,True
162551,2024-07,uncertain,2,0.0,0.0,1.0,1.0,uncertain,True,True
162551,2024-08,uncertain,2,0.0,0.0,1.0,1.0,gov,True,True
162551,2024-09,gov,0,1.0,0.0,0.0,1.0,gov,True,True
162551,2024-10,gov,0,1.0,0.0,0.0,1.0,gov,True,True
162551,2024-11,gov,0,1.0,0.0,0.0,1.0,gov,True,True
162551,2024-12,gov,0,1.0,0.0,0.0,1.0,gov,True,True
162551,2025-01,gov,0,1.0,0.0,0.0,1.0,gov,True,True
162551,2025-02,gov,0,1.0,0.0,0.0,1.0,gov,True,True
162551,2025-03,gov,0,1.0,0.0,0.0,1.0,gov,True,True
162551,2025-04,gov,0,1.0,0.0,0.0,1.0,gov,True,True
162551,2025-05,gov,0,1.0,0.0,0.0,1.0,gov,True,True
162551,2025-06,gov,0,1.0,0.0,0.0,1.0,gov,True,True
162551,2025-07,gov,0,1.0,0.0,0.0,1.0,gov,True,False
162551,2025-08,gov,0,1.0,0.0,0.0,1.0,gov,True,False
162551,2025-09,gov,0,1.0,0.0,0.0,1.0,gov,True,False
162551,2025-10,gov,0,1.0,0.0,0.0,1.0,gov,True,False
162551,2025-11,gov,0,1.0,0.0,0.0,1.0,gov,True,False
162551,2025-12,gov,0,1.0,0.0,0.0,1.0,gov,True,False
162551,2026-01,gov,0,1.0,0.0,0.0,1.0,gov,True,False
162551,2026-02,gov,0,1.0,0.0,0.0,1.0,gov,True,False
162551,2026-03,gov,0,1.0,0.0,0.0,1.0,gov,True,False
162552,2023-11,gov,0,1.0,0.0,0.0,1.0,gov,True,True
162552,2023-12,gov,0,1.0,0.0,0.0,1.0,gov,True,True
162552,2024-01,gov,0,1.0,0.0,0.0,1.0,gov,True,True
162552,2024-02,gov,0,1.0,0.0,0.0,1.0,gov,True,True
162552,2024-03,gov,0,1.0,0.0,0.0,1.0,gov,True,True
162552,2024-04,gov,0,1.0,0.0,0.0,1.0,gov,True,True
162552,2024-05,gov,0,1.0,0.0,0.0,1.0,gov,True,True
162552,2024-06,gov,0,1.0,0.0,0.0,1.0,gov,True,True
162552,2024-07,gov,0,1.0,0.0,0.0,1.0,gov,True,True
162552,2024-08,gov,0,1.0,0.0,0.0,1.0,opo,True,True
162552,2024-09,opo,1,0.0,1.0,0.0,1.0,gov,True,True
162552,2024-10,gov,0,1.0,0.0,0.0,1.0,gov,True,True
162552,2024-11,gov,0,1.0,0.0,0.0,1.0,gov,True,True
162552,2024-12,gov,0,1.0,0.0,0.0,1.0,gov,True,True
162552,2025-01,gov,0,1.0,0.0,0.0,1.0,gov,True,True
162552,2025-02,gov,0,1.0,0.0,0.0,1.0,gov,True,True
162552,2025-03,gov,0,1.0,0.0,0.0,1.0,gov,True,True
162552,2025-04,gov,0,1.0,0.0,0.0,1.0,gov,True,True
162552,2025-05,gov,0,1.0,0.0,0.0,1.0,gov,True,True
162552,2025-06,gov,0,1.0,0.0,0.0,1.0,gov,True,True
162552,2025-07,gov,0,1.0,0.0,0.0,1.0,gov,True,False
162552,2025-08,gov,0,1.0,0.0,0.0,1.0,gov,True,False
162552,2025-09,gov,0,1.0,0.0,0.0,1.0,gov,True,False
162552,2025-10,gov,0,1.0,0.0,0.0,1.0,gov,True,False
162552,2025-11,gov,0,1.0,0.0,0.0,1.0,gov,True,False
162552,2025-12,gov,0,1.0,0.0,0.0,1.0,gov,True,False
162552,2026-01,gov,0,1.0,0.0,0.0,1.0,gov,True,False
162552,2026-02,gov,0,1.0,0.0,0.0,1.0,gov,True,False
162552,2026-03,gov,0,1.0,0.0,0.0,1.0,gov,True,False
162553,2024-07,gov,0,1.0,0.0,0.0,1.0,opo,True,True
162553,2024-08,opo,1,0.0,1.0,0.0,1.0,opo,True,True
162553,2024-09,opo,1,0.0,1.0,0.0,1.0,opo,True,True
162553,2024-10,opo,1,0.0,1.0,0.0,1.0,opo,True,True
162553,2024-11,opo,1,0.0,1.0,0.0,1.0,opo,True,True
162553,2024-12,opo,1,0.0,1.0,0.0,1.0,opo,True,True
162553,2025-01,opo,1,0.0,1.0,0.0,1.0,opo,True,True
162553,2025-02,opo,1,0.0,1.0,0.0,1.0,opo,True,True
162553,2025-03,opo,1,0.0,1.0,0.0,1.0,opo,True,True
162553,2025-04,opo,1,0.0,1.0,0.0,1.0,opo,True,True
162553,2025-05,opo,1,0.0,1.0,0.0,1.0,opo,True,True
162553,2025-06,opo,1,0.0,1.0,0.0,1.0,opo,True,True
162553,2025-07,opo,1,0.0,1.0,0.0,1.0,opo,True,False
162553,2025-08,opo,1,0.0,1.0,0.0,1.0,opo,True,False
162553,2025-09,opo,1,0.0,1.0,0.0,1.0,opo,True,False
162553,2025-10,opo,1,0.0,1.0,0.0,1.0,gov,True,False
162553,2025-11,gov,0,1.0,0.0,0.0,1.0,opo,True,False
162553,2025-12,opo,1,0.0,1.0,0.0,1.0,gov,True,False
162553,2026-01,gov,0,1.0,0.0,0.0,1.0,opo,True,False
162553,2026-02,opo,1,0.0,1.0,0.0,1.0,opo,True,False
162553,2026-03,opo,1,0.0,1.0,0.0,1.0,opo,True,False
162554,2023-11,gov,0,1.0,0.0,0.0,1.0,gov,True,True
162554,2023-12,gov,0,1.0,0.0,0.0,1.0,opo,True,True
162554,2024-01,opo,1,0.0,1.0,0.0,1.0,gov,True,True
162554,2024-02,gov,0,1.0,0.0,0.0,1.0,gov,True,True
162554,2024-03,gov,0,1.0,0.0,0.0,1.0,gov,True,True
162554,2024-04,gov,0,1.0,0.0,0.0,1.0,gov,True,True
162554,2024-05,gov,0,1.0,0.0,0.0,1.0,gov,True,True
162554,2024-06,gov,0,1.0,0.0,0.0,1.0,uncertain,True,True
162554,2024-07,uncertain,2,0.0,0.0,1.0,1.0,opo,True,True
162554,2024-08,opo,1,0.0,1.0,0.0,1.0,uncertain,True,True
162554,2024-09,uncertain,2,0.0,0.0,1.0,1.0,uncertain,True,True
162554,2024-10,uncertain,2,0.0,0.0,1.0,1.0,uncertain,True,True
162554,2024-11,uncertain,2,0.0,0.0,1.0,1.0,uncertain,True,True
162554,2024-12,uncertain,2,0.0,0.0,1.0,1.0,uncertain,True,True
162554,2025-01,uncertain,2,0.0,0.0,1.0,1.0,uncertain,True,True
162554,2025-02,uncertain,2,0.0,0.0,1.0,1.0,uncertain,True,True
162554,2025-03,uncertain,2,0.0,0.0,1.0,1.0,uncertain,True,True
162554,2025-04,uncertain,2,0.0,0.0,1.0,1.0,uncertain,True,True
162554,2025-05,uncertain,2,0.0,0.0,1.0,1.0,uncertain,True,True
162554,2025-06,uncertain,2,0.0,0.0,1.0,1.0,uncertain,True,True
162554,2025-07,uncertain,2,0.0,0.0,1.0,1.0,uncertain,True,False
162554,2025-08,uncertain,2,0.0,0.0,1.0,1.0,uncertain,True,False
162554,2025-09,uncertain,2,0.0,0.0,1.0,1.0,uncertain,True,False
162554,2025-10,uncertain,2,0.0,0.0,1.0,1.0,uncertain,True,False
162554,2025-11,uncertain,2,0.0,0.0,1.0,1.0,uncertain,True,False
162554,2025-12,uncertain,2,0.0,0.0,1.0,1.0,uncertain,True,False
162554,2026-01,uncertain,2,0.0,0.0,1.0,1.0,uncertain,True,False
162554,2026-02,uncertain,2,0.0,0.0,1.0,1.0,uncertain,True,False
162554,2026-03,uncertain,2,0.0,0.0,1.0,1.0,uncertain,True,False
162555,2023-11,gov,0,1.0,0.0,0.0,1.0,gov,True,True
162555,2023-12,gov,0,1.0,0.0,0.0,1.0,gov,True,True
162555,2024-01,gov,0,1.0,0.0,0.0,1.0,uncertain,True,True
162555,2024-02,uncertain,2,0.0,0.0,1.0,1.0,uncertain,True,True
162555,2024-03,uncertain,2,0.0,0.0,1.0,1.0,gov,True,True
162555,2024-04,gov,0,1.0,0.0,0.0,1.0,gov,True,True
162555,2024-05,gov,0,1.0,0.0,0.0,1.0,gov,True,True
162555,2024-06,gov,0,1.0,0.0,0.0,1.0,gov,True,True
162555,2024-07,gov,0,1.0,0.0,0.0,1.0,uncertain,True,True
162555,2024-08,uncertain,2,0.0,0.0,1.0,1.0,opo,True,True
162555,2024-09,opo,1,0.0,1.0,0.0,1.0,opo,True,True
162555,2024-10,opo,1,0.0,1.0,0.0,1.0,opo,True,True
162555,2024-11,opo,1,0.0,1.0,0.0,1.0,uncertain,True,True
162555,2024-12,uncertain,2,0.0,0.0,1.0,1.0,uncertain,True,True
162555,2025-01,uncertain,2,0.0,0.0,1.0,1.0,uncertain,True,True
162555,2025-02,uncertain,2,0.0,0.0,1.0,1.0,uncertain,True,True
162555,2025-03,uncertain,2,0.0,0.0,1.0,1.0,uncertain,True,True
162555,2025-04,uncertain,2,0.0,0.0,1.0,1.0,uncertain,True,True
162555,2025-05,uncertain,2,0.0,0.0,1.0,1.0,uncertain,True,True
162555,2025-06,uncertain,2,0.0,0.0,1.0,1.0,uncertain,True,True
162555,2025-07,uncertain,2,0.0,0.0,1.0,1.0,uncertain,True,False
162555,2025-08,uncertain,2,0.0,0.0,1.0,1.0,uncertain,True,False
162555,2025-09,uncertain,2,0.0,0.0,1.0,1.0,uncertain,True,False
162555,2025-10,uncertain,2,0.0,0.0,1.0,1.0,gov,True,False
162555,2025-11,gov,0,1.0,0.0,0.0,1.0,gov,True,False
162555,2025-12,gov,0,1.0,0.0,0.0,1.0,gov,True,False
162555,2026-01,gov,0,1.0,0.0,0.0,1.0,gov,True,False
162555,2026-02,gov,0,1.0,0.0,0.0,1.0,gov,True,False
162555,2026-03,gov,0,1.0,0.0,0.0,1.0,gov,True,False
162556,2024-03,gov,0,1.0,0.0,0.0,1.0,gov,True,True
162556,2024-04,gov,0,1.0,0.0,0.0,1.0,gov,True,True
162556,2024-05,gov,0,1.0,0.0,0.0,1.0,gov,True,True
162556,2024-06,gov,0,1.0,0.0,0.0,1.0,gov,True,True
162556,2024-07,gov,0,1.0,0.0,0.0,1.0,opo,True,True
162556,2024-08,opo,1,0.0,1.0,0.0,1.0,opo,True,True
162556,2024-09,opo,1,0.0,1.0,0.0,1.0,gov,True,True
162556,2024-10,gov,0,1.0,0.0,0.0,1.0,gov,True,True
162556,2024-11,gov,0,1.0,0.0,0.0,1.0,gov,True,True
162556,2024-12,gov,0,1.0,0.0,0.0,1.0,gov,True,True
162556,2025-01,gov,0,1.0,0.0,0.0,1.0,gov,True,True
162556,2025-02,gov,0,1.0,0.0,0.0,1.0,gov,True,True
162556,2025-03,gov,0,1.0,0.0,0.0,1.0,gov,True,True
162556,2025-04,gov,0,1.0,0.0,0.0,1.0,opo,True,True
162556,2025-05,opo,1,0.0,1.0,0.0,1.0,gov,True,True
162556,2025-06,gov,0,1.0,0.0,0.0,1.0,gov,True,True
162556,2025-07,gov,0,1.0,0.0,0.0,1.0,gov,True,False
162556,2025-08,gov,0,1.0,0.0,0.0,1.0,gov,True,False
162556,2025-09,gov,0,1.0,0.0,0.0,1.0,gov,True,False
162556,2025-10,gov,0,1.0,0.0,0.0,1.0,gov,True,False
162556,2025-11,gov,0,1.0,0.0,0.0,1.0,gov,True,False
162556,2025-12,gov,0,1.0,0.0,0.0,1.0,gov,True,False
162556,2026-01,gov,0,1.0,0.0,0.0,1.0,gov,True,False
162556,2026-02,gov,0,1.0,0.0,0.0,1.0,gov,True,False
162556,2026-03,gov,0,1.0,0.0,0.0,1.0,gov,True,False
162558,2023-11,gov,0,1.0,0.0,0.0,1.0,gov,True,True
162558,2023-12,gov,0,1.0,0.0,0.0,1.0,gov,True,True
162558,2024-01,gov,0,1.0,0.0,0.0,1.0,gov,True,True
162558,2024-02,gov,0,1.0,0.0,0.0,1.0,opo,True,True
162558,2024-03,opo,1,0.0,1.0,0.0,1.0,opo,True,True
162558,2024-04,opo,1,0.0,1.0,0.0,1.0,opo,True,True
162558,2024-05,opo,1,0.0,1.0,0.0,1.0,opo,True,True
162558,2024-06,opo,1,0.0,1.0,0.0,1.0,opo,True,True
162558,2024-07,opo,1,0.0,1.0,0.0,1.0,opo,True,True
162558,2024-08,opo,1,0.0,1.0,0.0,1.0,opo,True,True
162558,2024-09,opo,1,0.0,1.0,0.0,1.0,opo,True,True
162558,2024-10,opo,1,0.0,1.0,0.0,1.0,opo,True,True
162558,2024-11,opo,1,0.0,1.0,0.0,1.0,opo,True,True
162558,2024-12,opo,1,0.0,1.0,0.0,1.0,opo,True,True
162558,2025-01,opo,1,0.0,1.0,0.0,1.0,opo,True,True
162558,2025-02,opo,1,0.0,1.0,0.0,1.0,opo,True,True
162558,2025-03,opo,1,0.0,1.0,0.0,1.0,opo,True,True
162558,2025-04,opo,1,0.0,1.0,0.0,1.0,opo,True,True
162558,2025-05,opo,1,0.0,1.0,0.0,1.0,opo,True,True
162558,2025-06,opo,1,0.0,1.0,0.0,1.0,opo,True,True
162558,2025-07,opo,1,0.0,1.0,0.0,1.0,opo,True,False
162558,2025-08,opo,1,0.0,1.0,0.0,1.0,opo,True,False
162558,2025-09,opo,1,0.0,1.0,0.0,1.0,opo,True,False
162558,2025-10,opo,1,0.0,1.0,0.0,1.0,opo,True,False
162558,2025-11,opo,1,0.0,1.0,0.0,1.0,opo,True,False
162558,2025-12,opo,1,0.0,1.0,0.0,1.0,opo,True,False
162558,2026-01,opo,1,0.0,1.0,0.0,1.0,opo,True,False
162558,2026-02,opo,1,0.0,1.0,0.0,1.0,opo,True,False
162558,2026-03,opo,1,0.0,1.0,0.0,1.0,opo,True,False
162559,2023-11,gov,0,1.0,0.0,0.0,1.0,gov,True,True
162559,2023-12,gov,0,1.0,0.0,0.0,1.0,gov,True,True
162559,2024-01,gov,0,1.0,0.0,0.0,1.0,gov,True,True
162559,2024-02,gov,0,1.0,0.0,0.0,1.0,opo,True,True
162559,2024-03,opo,1,0.0,1.0,0.0,1.0,opo,True,True
162559,2024-04,opo,1,0.0,1.0,0.0,1.0,opo,True,True
162559,2024-05,opo,1,0.0,1.0,0.0,1.0,opo,True,True
162559,2024-06,opo,1,0.0,1.0,0.0,1.0,opo,True,True
162559,2024-07,opo,1,0.0,1.0,0.0,1.0,opo,True,True
162559,2024-08,opo,1,0.0,1.0,0.0,1.0,opo,True,True
162559,2024-09,opo,1,0.0,1.0,0.0,1.0,opo,True,True
162559,2024-10,opo,1,0.0,1.0,0.0,1.0,opo,True,True
162559,2024-11,opo,1,0.0,1.0,0.0,1.0,opo,True,True
162559,2024-12,opo,1,0.0,1.0,0.0,1.0,opo,True,True
162559,2025-01,opo,1,0.0,1.0,0.0,1.0,opo,True,True
162559,2025-02,opo,1,0.0,1.0,0.0,1.0,opo,True,True
162559,2025-03,opo,1,0.0,1.0,0.0,1.0,opo,True,True
162559,2025-04,opo,1,0.0,1.0,0.0,1.0,opo,True,True
162559,2025-05,opo,1,0.0,1.0,0.0,1.0,opo,True,True
162559,2025-06,opo,1,0.0,1.0,0.0,1.0,opo,True,True
162559,2025-07,opo,1,0.0,1.0,0.0,1.0,opo,True,False
162559,2025-08,opo,1,0.0,1.0,0.0,1.0,opo,True,False
162559,2025-09,opo,1,0.0,1.0,0.0,1.0,opo,True,False
162559,2025-10,opo,1,0.0,1.0,0.0,1.0,opo,True,False
162559,2025-11,opo,1,0.0,1.0,0.0,1.0,opo,True,False
162559,2025-12,opo,1,0.0,1.0,0.0,1.0,opo,True,False
162559,2026-01,opo,1,0.0,1.0,0.0,1.0,opo,True,False
162559,2026-02,opo,1,0.0,1.0,0.0,1.0,opo,True,False
162559,2026-03,opo,1,0.0,1.0,0.0,1.0,opo,True,False
163267,2024-04,gov,0,1.0,0.0,0.0,1.0,opo,True,True
163267,2024-05,opo,1,0.0,1.0,0.0,1.0,opo,True,True
163267,2024-06,opo,1,0.0,1.0,0.0,1.0,opo,True,True
163267,2024-07,opo,1,0.0,1.0,0.0,1.0,opo,True,True
163267,2024-08,opo,1,0.0,1.0,0.0,1.0,opo,True,True
163267,2024-09,opo,1,0.0,1.0,0.0,1.0,opo,True,True
163267,2024-10,opo,1,0.0,1.0,0.0,1.0,opo,True,True
163267,2024-11,opo,1,0.0,1.0,0.0,1.0,opo,True,True
163267,2024-12,opo,1,0.0,1.0,0.0,1.0,opo,True,True
163267,2025-01,opo,1,0.0,1.0,0.0,1.0,opo,True,True
163267,2025-02,opo,1,0.0,1.0,0.0,1.0,opo,True,True
163267,2025-03,opo,1,0.0,1.0,0.0,1.0,opo,True,True
163267,2025-04,opo,1,0.0,1.0,0.0,1.0,opo,True,True
163267,2025-05,opo,1,0.0,1.0,0.0,1.0,opo,True,True
163267,2025-06,opo,1,0.0,1.0,0.0,1.0,opo,True,True
163267,2025-07,opo,1,0.0,1.0,0.0,1.0,opo,True,False
163267,2025-08,opo,1,0.0,1.0,0.0,1.0,opo,True,False
163267,2025-09,opo,1,0.0,1.0,0.0,1.0,opo,True,False
163267,2025-10,opo,1,0.0,1.0,0.0,1.0,opo,True,False
163267,2025-11,opo,1,0.0,1.0,0.0,1.0,opo,True,False
163267,2025-12,opo,1,0.0,1.0,0.0,1.0,opo,True,False
163267,2026-01,opo,1,0.0,1.0,0.0,1.0,opo,True,False
163267,2026-02,opo,1,0.0,1.0,0.0,1.0,opo,True,False
163267,2026-03,opo,1,0.0,1.0,0.0,1.0,opo,True,False
163268,2023-11,gov,0,1.0,0.0,0.0,1.0,opo,True,True
163268,2023-12,opo,1,0.0,1.0,0.0,1.0,uncertain,True,True
163268,2024-01,uncertain,2,0.0,0.0,1.0,1.0,uncertain,True,True
163268,2024-02,uncertain,2,0.0,0.0,1.0,1.0,uncertain,True,True
163268,2024-03,uncertain,2,0.0,0.0,1.0,1.0,uncertain,True,True
163268,2024-04,uncertain,2,0.0,0.0,1.0,1.0,uncertain,True,True
163268,2024-05,uncertain,2,0.0,0.0,1.0,1.0,opo,True,True
163268,2024-06,opo,1,0.0,1.0,0.0,1.0,uncertain,True,True
163268,2024-07,uncertain,2,0.0,0.0,1.0,1.0,uncertain,True,True
163268,2024-08,uncertain,2,0.0,0.0,1.0,1.0,uncertain,True,True
163268,2024-09,uncertain,2,0.0,0.0,1.0,1.0,uncertain,True,True
163268,2024-10,uncertain,2,0.0,0.0,1.0,1.0,uncertain,True,True
163268,2024-11,uncertain,2,0.0,0.0,1.0,1.0,uncertain,True,True
163268,2024-12,uncertain,2,0.0,0.0,1.0,1.0,uncertain,True,True
163268,2025-01,uncertain,2,0.0,0.0,1.0,1.0,uncertain,True,True
163268,2025-02,uncertain,2,0.0,0.0,1.0,1.0,uncertain,True,True
163268,2025-03,uncertain,2,0.0,0.0,1.0,1.0,uncertain,True,True
163268,2025-04,uncertain,2,0.0,0.0,1.0,1.0,uncertain,True,True
163268,2025-05,uncertain,2,0.0,0.0,1.0,1.0,uncertain,True,True
163268,2025-06,uncertain,2,0.0,0.0,1.0,1.0,uncertain,True,True
163268,2025-07,uncertain,2,0.0,0.0,1.0,1.0,uncertain,True,False
163268,2025-08,uncertain,2,0.0,0.0,1.0,1.0,uncertain,True,False
163268,2025-09,uncertain,2,0.0,0.0,1.0,1.0,uncertain,True,False
163268,2025-10,uncertain,2,0.0,0.0,1.0,1.0,uncertain,True,False
163268,2025-11,uncertain,2,0.0,0.0,1.0,1.0,uncertain,True,False
163268,2025-12,uncertain,2,0.0,0.0,1.0,1.0,uncertain,True,False
163268,2026-01,uncertain,2,0.0,0.0,1.0,1.0,opo,True,False
163268,2026-02,opo,1,0.0,1.0,0.0,1.0,uncertain,True,False
163268,2026-03,uncertain,2,0.0,0.0,1.0,1.0,uncertain,True,False
163269,2023-11,gov,0,1.0,0.0,0.0,1.0,uncertain,True,True
163269,2023-12,uncertain,2,0.0,0.0,1.0,1.0,uncertain,True,True
163269,2024-01,uncertain,2,0.0,0.0,1.0,1.0,uncertain,True,True
163269,2024-02,uncertain,2,0.0,0.0,1.0,1.0,uncertain,True,True
163269,2024-03,uncertain,2,0.0,0.0,1.0,1.0,uncertain,True,True
163269,2024-04,uncertain,2,0.0,0.0,1.0,1.0,uncertain,True,True
163269,2024-05,uncertain,2,0.0,0.0,1.0,1.0,uncertain,True,True
163269,2024-06,uncertain,2,0.0,0.0,1.0,1.0,uncertain,True,True
163269,2024-07,uncertain,2,0.0,0.0,1.0,1.0,uncertain,True,True
163269,2024-08,uncertain,2,0.0,0.0,1.0,1.0,uncertain,True,True
163269,2024-09,uncertain,2,0.0,0.0,1.0,1.0,uncertain,True,True
163269,2024-10,uncertain,2,0.0,0.0,1.0,1.0,uncertain,True,True
163269,2024-11,uncertain,2,0.0,0.0,1.0,1.0,uncertain,True,True
163269,2024-12,uncertain,2,0.0,0.0,1.0,1.0,uncertain,True,True
163269,2025-01,uncertain,2,0.0,0.0,1.0,1.0,uncertain,True,True
163269,2025-02,uncertain,2,0.0,0.0,1.0,1.0,uncertain,True,True
163269,2025-03,uncertain,2,0.0,0.0,1.0,1.0,uncertain,True,True
163269,2025-04,uncertain,2,0.0,0.0,1.0,1.0,uncertain,True,True
163269,2025-05,uncertain,2,0.0,0.0,1.0,1.0,uncertain,True,True
163269,2025-06,uncertain,2,0.0,0.0,1.0,1.0,uncertain,True,True
163269,2025-07,uncertain,2,0.0,0.0,1.0,1.0,uncertain,True,False
163269,2025-08,uncertain,2,0.0,0.0,1.0,1.0,uncertain,True,False
163269,2025-09,uncertain,2,0.0,0.0,1.0,1.0,uncertain,True,False
163269,2025-10,uncertain,2,0.0,0.0,1.0,1.0,gov,True,False
163269,2025-11,gov,0,1.0,0.0,0.0,1.0,uncertain,True,False
163269,2025-12,uncertain,2,0.0,0.0,1.0,1.0,uncertain,True,False
163269,2026-01,uncertain,2,0.0,0.0,1.0,1.0,uncertain,True,False
163269,2026-02,uncertain,2,0.0,0.0,1.0,1.0,uncertain,True,False
163269,2026-03,uncertain,2,0.0,0.0,1.0,1.0,uncertain,True,False
163271,2023-11,gov,0,1.0,0.0,0.0,1.0,uncertain,True,True
163271,2023-12,uncertain,2,0.0,0.0,1.0,1.0,uncertain,True,True
163271,2024-01,uncertain,2,0.0,0.0,1.0,1.0,uncertain,True,True
163271,2024-02,uncertain,2,0.0,0.0,1.0,1.0,gov,True,True
163271,2024-03,gov,0,1.0,0.0,0.0,1.0,gov,True,True
163271,2024-04,gov,0,1.0,0.0,0.0,1.0,gov,True,True
163271,2024-05,gov,0,1.0,0.0,0.0,1.0,opo,True,True
163271,2024-06,opo,1,0.0,1.0,0.0,1.0,gov,True,True
163271,2024-07,gov,0,1.0,0.0,0.0,1.0,gov,True,True
163271,2024-08,gov,0,1.0,0.0,0.0,1.0,gov,True,True
163271,2024-09,gov,0,1.0,0.0,0.0,1.0,gov,True,True
163271,2024-10,gov,0,1.0,0.0,0.0,1.0,gov,True,True
163271,2024-11,gov,0,1.0,0.0,0.0,1.0,gov,True,True
163271,2024-12,gov,0,1.0,0.0,0.0,1.0,gov,True,True
163271,2025-01,gov,0,1.0,0.0,0.0,1.0,gov,True,True
163271,2025-02,gov,0,1.0,0.0,0.0,1.0,gov,True,True
163271,2025-03,gov,0,1.0,0.0,0.0,1.0,gov,True,True
163271,2025-04,gov,0,1.0,0.0,0.0,1.0,gov,True,True
163271,2025-05,gov,0,1.0,0.0,0.0,1.0,gov,True,True
163271,2025-06,gov,0,1.0,0.0,0.0,1.0,gov,True,True
163271,2025-07,gov,0,1.0,0.0,0.0,1.0,gov,True,False
163271,2025-08,gov,0,1.0,0.0,0.0,1.0,gov,True,False
163271,2025-09,gov,0,1.0,0.0,0.0,1.0,gov,True,False
163271,2025-10,gov,0,1.0,0.0,0.0,1.0,gov,True,False
163271,2025-11,gov,0,1.0,0.0,0.0,1.0,gov,True,False
163271,2025-12,gov,0,1.0,0.0,0.0,1.0,gov,True,False
163271,2026-01,gov,0,1.0,0.0,0.0,1.0,gov,True,False
163271,2026-02,gov,0,1.0,0.0,0.0,1.0,gov,True,False
163271,2026-03,gov,0,1.0,0.0,0.0,1.0,gov,True,False
163272,2023-11,gov,0,1.0,0.0,0.0,1.0,uncertain,True,True
163272,2023-12,uncertain,2,0.0,0.0,1.0,1.0,uncertain,True,True
163272,2024-01,uncertain,2,0.0,0.0,1.0,1.0,uncertain,True,True
163272,2024-02,uncertain,2,0.0,0.0,1.0,1.0,uncertain,True,True
163272,2024-03,uncertain,2,0.0,0.0,1.0,1.0,uncertain,True,True
163272,2024-04,uncertain,2,0.0,0.0,1.0,1.0,uncertain,True,True
163272,2024-05,uncertain,2,0.0,0.0,1.0,1.0,uncertain,True,True
163272,2024-06,uncertain,2,0.0,0.0,1.0,1.0,uncertain,True,True
163272,2024-07,uncertain,2,0.0,0.0,1.0,1.0,uncertain,True,True
163272,2024-08,uncertain,2,0.0,0.0,1.0,1.0,uncertain,True,True
163272,2024-09,uncertain,2,0.0,0.0,1.0,1.0,uncertain,True,True
163272,2024-10,uncertain,2,0.0,0.0,1.0,1.0,uncertain,True,True
163272,2024-11,uncertain,2,0.0,0.0,1.0,1.0,uncertain,True,True
163272,2024-12,uncertain,2,0.0,0.0,1.0,1.0,uncertain,True,True
163272,2025-01,uncertain,2,0.0,0.0,1.0,1.0,uncertain,True,True
163272,2025-02,uncertain,2,0.0,0.0,1.0,1.0,uncertain,True,True
163272,2025-03,uncertain,2,0.0,0.0,1.0,1.0,uncertain,True,True
163272,2025-04,uncertain,2,0.0,0.0,1.0,1.0,uncertain,True,True
163272,2025-05,uncertain,2,0.0,0.0,1.0,1.0,uncertain,True,True
163272,2025-06,uncertain,2,0.0,0.0,1.0,1.0,uncertain,True,True
163272,2025-07,uncertain,2,0.0,0.0,1.0,1.0,uncertain,True,False
163272,2025-08,uncertain,2,0.0,0.0,1.0,1.0,uncertain,True,False
163272,2025-09,uncertain,2,0.0,0.0,1.0,1.0,uncertain,True,False
163272,2025-10,uncertain,2,0.0,0.0,1.0,1.0,uncertain,True,False
163272,2025-11,uncertain,2,0.0,0.0,1.0,1.0,uncertain,True,False
163272,2025-12,uncertain,2,0.0,0.0,1.0,1.0,uncertain,True,False
163272,2026-01,uncertain,2,0.0,0.0,1.0,1.0,uncertain,True,False
163272,2026-02,uncertain,2,0.0,0.0,1.0,1.0,uncertain,True,False
163272,2026-03,uncertain,2,0.0,0.0,1.0,1.0,uncertain,True,False
163274,2023-11,gov,0,1.0,0.0,0.0,1.0,gov,True,True
163274,2023-12,gov,0,1.0,0.0,0.0,1.0,gov,True,True
163274,2024-01,gov,0,1.0,0.0,0.0,1.0,opo,True,True
163274,2024-02,opo,1,0.0,1.0,0.0,1.0,opo,True,True
163274,2024-03,opo,1,0.0,1.0,0.0,1.0,gov,True,True
163274,2024-04,gov,0,1.0,0.0,0.0,1.0,gov,True,True
163274,2024-05,gov,0,1.0,0.0,0.0,1.0,gov,True,True
163274,2024-06,gov,0,1.0,0.0,0.0,1.0,gov,True,True
163274,2024-07,gov,0,1.0,0.0,0.0,1.0,opo,True,True
163274,2024-08,opo,1,0.0,1.0,0.0,1.0,uncertain,True,True
163274,2024-09,uncertain,2,0.0,0.0,1.0,1.0,uncertain,True,True
163274,2024-10,uncertain,2,0.0,0.0,1.0,1.0,uncertain,True,True
163274,2024-11,uncertain,2,0.0,0.0,1.0,1.0,uncertain,True,True
163274,2024-12,uncertain,2,0.0,0.0,1.0,1.0,uncertain,True,True
163274,2025-01,uncertain,2,0.0,0.0,1.0,1.0,uncertain,True,True
163274,2025-02,uncertain,2,0.0,0.0,1.0,1.0,uncertain,True,True
163274,2025-03,uncertain,2,0.0,0.0,1.0,1.0,uncertain,True,True
163274,2025-04,uncertain,2,0.0,0.0,1.0,1.0,uncertain,True,True
163274,2025-05,uncertain,2,0.0,0.0,1.0,1.0,uncertain,True,True
163274,2025-06,uncertain,2,0.0,0.0,1.0,1.0,uncertain,True,True
163274,2025-07,uncertain,2,0.0,0.0,1.0,1.0,uncertain,True,False
163274,2025-08,uncertain,2,0.0,0.0,1.0,1.0,uncertain,True,False
163274,2025-09,uncertain,2,0.0,0.0,1.0,1.0,uncertain,True,False
163274,2025-10,uncertain,2,0.0,0.0,1.0,1.0,uncertain,True,False
163274,2025-11,uncertain,2,0.0,0.0,1.0,1.0,uncertain,True,False
163274,2025-12,uncertain,2,0.0,0.0,1.0,1.0,uncertain,True,False
163274,2026-01,uncertain,2,0.0,0.0,1.0,1.0,uncertain,True,False
163274,2026-02,uncertain,2,0.0,0.0,1.0,1.0,uncertain,True,False
163274,2026-03,uncertain,2,0.0,0.0,1.0,1.0,gov,True,False
163275,2023-11,gov,0,1.0,0.0,0.0,1.0,gov,True,True
163275,2023-12,gov,0,1.0,0.0,0.0,1.0,opo,True,True
163275,2024-01,opo,1,0.0,1.0,0.0,1.0,uncertain,True,True
163275,2024-02,uncertain,2,0.0,0.0,1.0,1.0,uncertain,True,True
163275,2024-03,uncertain,2,0.0,0.0,1.0,1.0,uncertain,True,True
163275,2024-04,uncertain,2,0.0,0.0,1.0,1.0,uncertain,True,True
163275,2024-05,uncertain,2,0.0,0.0,1.0,1.0,uncertain,True,True
163275,2024-06,uncertain,2,0.0,0.0,1.0,1.0,uncertain,True,True
163275,2024-07,uncertain,2,0.0,0.0,1.0,1.0,uncertain,True,True
163275,2024-08,uncertain,2,0.0,0.0,1.0,1.0,uncertain,True,True
163275,2024-09,uncertain,2,0.0,0.0,1.0,1.0,uncertain,True,True
163275,2024-10,uncertain,2,0.0,0.0,1.0,1.0,uncertain,True,True
163275,2024-11,uncertain,2,0.0,0.0,1.0,1.0,uncertain,True,True
163275,2024-12,uncertain,2,0.0,0.0,1.0,1.0,uncertain,True,True
163275,2025-01,uncertain,2,0.0,0.0,1.0,1.0,uncertain,True,True
163275,2025-02,uncertain,2,0.0,0.0,1.0,1.0,uncertain,True,True
163275,2025-03,uncertain,2,0.0,0.0,1.0,1.0,uncertain,True,True
163275,2025-04,uncertain,2,0.0,0.0,1.0,1.0,uncertain,True,True
163275,2025-05,uncertain,2,0.0,0.0,1.0,1.0,uncertain,True,True
163275,2025-06,uncertain,2,0.0,0.0,1.0,1.0,uncertain,True,True
163275,2025-07,uncertain,2,0.0,0.0,1.0,1.0,uncertain,True,False
163275,2025-08,uncertain,2,0.0,0.0,1.0,1.0,uncertain,True,False
163275,2025-09,uncertain,2,0.0,0.0,1.0,1.0,uncertain,True,False
163275,2025-10,uncertain,2,0.0,0.0,1.0,1.0,uncertain,True,False
163275,2025-11,uncertain,2,0.0,0.0,1.0,1.0,uncertain,True,False
163275,2025-12,uncertain,2,0.0,0.0,1.0,1.0,uncertain,True,False
163275,2026-01,uncertain,2,0.0,0.0,1.0,1.0,uncertain,True,False
163275,2026-02,uncertain,2,0.0,0.0,1.0,1.0,uncertain,True,False
163275,2026-03,uncertain,2,0.0,0.0,1.0,1.0,uncertain,True,False
163276,2024-01,gov,0,1.0,0.0,0.0,1.0,opo,True,True
163276,2024-02,opo,1,0.0,1.0,0.0,1.0,uncertain,True,True
163276,2024-03,uncertain,2,0.0,0.0,1.0,1.0,uncertain,True,True
163276,2024-04,uncertain,2,0.0,0.0,1.0,1.0,uncertain,True,True
163276,2024-05,uncertain,2,0.0,0.0,1.0,1.0,uncertain,True,True
163276,2024-06,uncertain,2,0.0,0.0,1.0,1.0,uncertain,True,True
163276,2024-07,uncertain,2,0.0,0.0,1.0,1.0,uncertain,True,True
163276,2024-08,uncertain,2,0.0,0.0,1.0,1.0,uncertain,True,True
163276,2024-09,uncertain,2,0.0,0.0,1.0,1.0,uncertain,True,True
163276,2024-10,uncertain,2,0.0,0.0,1.0,1.0,uncertain,True,True
163276,2024-11,uncertain,2,0.0,0.0,1.0,1.0,uncertain,True,True
163276,2024-12,uncertain,2,0.0,0.0,1.0,1.0,uncertain,True,True
163276,2025-01,uncertain,2,0.0,0.0,1.0,1.0,uncertain,True,True
163276,2025-02,uncertain,2,0.0,0.0,1.0,1.0,uncertain,True,True
163276,2025-03,uncertain,2,0.0,0.0,1.0,1.0,uncertain,True,True
163276,2025-04,uncertain,2,0.0,0.0,1.0,1.0,uncertain,True,True
163276,2025-05,uncertain,2,0.0,0.0,1.0,1.0,uncertain,True,True
163276,2025-06,uncertain,2,0.0,0.0,1.0,1.0,uncertain,True,True
163276,2025-07,uncertain,2,0.0,0.0,1.0,1.0,uncertain,True,False
163276,2025-08,uncertain,2,0.0,0.0,1.0,1.0,uncertain,True,False
163276,2025-09,uncertain,2,0.0,0.0,1.0,1.0,uncertain,True,False
163276,2025-10,uncertain,2,0.0,0.0,1.0,1.0,uncertain,True,False
163276,2025-11,uncertain,2,0.0,0.0,1.0,1.0,uncertain,True,False
163276,2025-12,uncertain,2,0.0,0.0,1.0,1.0,uncertain,True,False
163276,2026-01,uncertain,2,0.0,0.0,1.0,1.0,uncertain,True,False
163276,2026-02,uncertain,2,0.0,0.0,1.0,1.0,uncertain,True,False
163276,2026-03,uncertain,2,0.0,0.0,1.0,1.0,uncertain,True,False
163278,2023-11,gov,0,1.0,0.0,0.0,1.0,gov,True,True
163278,2023-12,gov,0,1.0,0.0,0.0,1.0,gov,True,True
163278,2024-01,gov,0,1.0,0.0,0.0,1.0,gov,True,True
163278,2024-02,gov,0,1.0,0.0,0.0,1.0,opo,True,True
163278,2024-03,opo,1,0.0,1.0,0.0,1.0,opo,True,True
163278,2024-04,opo,1,0.0,1.0,0.0,1.0,opo,True,True
163278,2024-05,opo,1,0.0,1.0,0.0,1.0,opo,True,True
163278,2024-06,opo,1,0.0,1.0,0.0,1.0,opo,True,True
163278,2024-07,opo,1,0.0,1.0,0.0,1.0,opo,True,True
163278,2024-08,opo,1,0.0,1.0,0.0,1.0,opo,True,True
163278,2024-09,opo,1,0.0,1.0,0.0,1.0,opo,True,True
163278,2024-10,opo,1,0.0,1.0,0.0,1.0,opo,True,True
163278,2024-11,opo,1,0.0,1.0,0.0,1.0,opo,True,True
163278,2024-12,opo,1,0.0,1.0,0.0,1.0,opo,True,True
163278,2025-01,opo,1,0.0,1.0,0.0,1.0,opo,True,True
163278,2025-02,opo,1,0.0,1.0,0.0,1.0,opo,True,True
163278,2025-03,opo,1,0.0,1.0,0.0,1.0,opo,True,True
163278,2025-04,opo,1,0.0,1.0,0.0,1.0,opo,True,True
163278,2025-05,opo,1,0.0,1.0,0.0,1.0,opo,True,True
163278,2025-06,opo,1,0.0,1.0,0.0,1.0,opo,True,True
163278,2025-07,opo,1,0.0,1.0,0.0,1.0,opo,True,False
163278,2025-08,opo,1,0.0,1.0,0.0,1.0,opo,True,False
163278,2025-09,opo,1,0.0,1.0,0.0,1.0,opo,True,False
163278,2025-10,opo,1,0.0,1.0,0.0,1.0,opo,True,False
163278,2025-11,opo,1,0.0,1.0,0.0,1.0,opo,True,False
163278,2025-12,opo,1,0.0,1.0,0.0,1.0,opo,True,False
163278,2026-01,opo,1,0.0,1.0,0.0,1.0,opo,True,False
163278,2026-02,opo,1,0.0,1.0,0.0,1.0,opo,True,False
163278,2026-03,opo,1,0.0,1.0,0.0,1.0,opo,True,False
163988,2023-11,gov,0,1.0,0.0,0.0,1.0,gov,True,True
163988,2023-12,gov,0,1.0,0.0,0.0,1.0,gov,True,True
163988,2024-01,gov,0,1.0,0.0,0.0,1.0,gov,True,True
163988,2024-02,gov,0,1.0,0.0,0.0,1.0,gov,True,True
163988,2024-03,gov,0,1.0,0.0,0.0,1.0,gov,True,True
163988,2024-04,gov,0,1.0,0.0,0.0,1.0,gov,True,True
163988,2024-05,gov,0,1.0,0.0,0.0,1.0,opo,True,True
163988,2024-06,opo,1,0.0,1.0,0.0,1.0,opo,True,True
163988,2024-07,opo,1,0.0,1.0,0.0,1.0,opo,True,True
163988,2024-08,opo,1,0.0,1.0,0.0,1.0,opo,True,True
163988,2024-09,opo,1,0.0,1.0,0.0,1.0,opo,True,True
163988,2024-10,opo,1,0.0,1.0,0.0,1.0,opo,True,True
163988,2024-11,opo,1,0.0,1.0,0.0,1.0,opo,True,True
163988,2024-12,opo,1,0.0,1.0,0.0,1.0,opo,True,True
163988,2025-01,opo,1,0.0,1.0,0.0,1.0,opo,True,True
163988,2025-02,opo,1,0.0,1.0,0.0,1.0,opo,True,True
163988,2025-03,opo,1,0.0,1.0,0.0,1.0,opo,True,True
163988,2025-04,opo,1,0.0,1.0,0.0,1.0,opo,True,True
163988,2025-05,opo,1,0.0,1.0,0.0,1.0,opo,True,True
163988,2025-06,opo,1,0.0,1.0,0.0,1.0,opo,True,True
163988,2025-07,opo,1,0.0,1.0,0.0,1.0,opo,True,False
163988,2025-08,opo,1,0.0,1.0,0.0,1.0,opo,True,False
163988,2025-09,opo,1,0.0,1.0,0.0,1.0,opo,True,False
163988,2025-10,opo,1,0.0,1.0,0.0,1.0,opo,True,False
163988,2025-11,opo,1,0.0,1.0,0.0,1.0,opo,True,False
163988,2025-12,opo,1,0.0,1.0,0.0,1.0,opo,True,False
163988,2026-01,opo,1,0.0,1.0,0.0,1.0,opo,True,False
163988,2026-02,opo,1,0.0,1.0,0.0,1.0,opo,True,False
163988,2026-03,opo,1,0.0,1.0,0.0,1.0,opo,True,False
163989,2023-11,gov,0,1.0,0.0,0.0,1.0,gov,True,True
163989,2023-12,gov,0,1.0,0.0,0.0,1.0,gov,True,True
163989,2024-01,gov,0,1.0,0.0,0.0,1.0,gov,True,True
163989,2024-02,gov,0,1.0,0.0,0.0,1.0,gov,True,True
163989,2024-03,gov,0,1.0,0.0,0.0,1.0,gov,True,True
163989,2024-04,gov,0,1.0,0.0,0.0,1.0,gov,True,True
163989,2024-05,gov,0,1.0,0.0,0.0,1.0,gov,True,True
163989,2024-06,gov,0,1.0,0.0,0.0,1.0,gov,True,True
163989,2024-07,gov,0,1.0,0.0,0.0,1.0,gov,True,True
163989,2024-08,gov,0,1.0,0.0,0.0,1.0,gov,True,True
163989,2024-09,gov,0,1.0,0.0,0.0,1.0,gov,True,True
163989,2024-10,gov,0,1.0,0.0,0.0,1.0,gov,True,True
163989,2024-11,gov,0,1.0,0.0,0.0,1.0,gov,True,True
163989,2024-12,gov,0,1.0,0.0,0.0,1.0,gov,True,True
163989,2025-01,gov,0,1.0,0.0,0.0,1.0,gov,True,True
163989,2025-02,gov,0,1.0,0.0,0.0,1.0,gov,True,True
163989,2025-03,gov,0,1.0,0.0,0.0,1.0,gov,True,True
163989,2025-04,gov,0,1.0,0.0,0.0,1.0,gov,True,True
163989,2025-05,gov,0,1.0,0.0,0.0,1.0,gov,True,True
163989,2025-06,gov,0,1.0,0.0,0.0,1.0,gov,True,True
163989,2025-07,gov,0,1.0,0.0,0.0,1.0,gov,True,False
163989,2025-08,gov,0,1.0,0.0,0.0,1.0,gov,True,False
163989,2025-09,gov,0,1.0,0.0,0.0,1.0,opo,True,False
163989,2025-10,opo,1,0.0,1.0,0.0,1.0,gov,True,False
163989,2025-11,gov,0,1.0,0.0,0.0,1.0,gov,True,False
163989,2025-12,gov,0,1.0,0.0,0.0,1.0,gov,True,False
163989,2026-01,gov,0,1.0,0.0,0.0,1.0,gov,True,False
163989,2026-02,gov,0,1.0,0.0,0.0,1.0,gov,True,False
163989,2026-03,gov,0,1.0,0.0,0.0,1.0,gov,True,False
163992,2023-11,gov,0,1.0,0.0,0.0,1.0,opo,True,True
163992,2023-12,opo,1,0.0,1.0,0.0,1.0,opo,True,True
163992,2024-01,opo,1,0.0,1.0,0.0,1.0,opo,True,True
163992,2024-02,opo,1,0.0,1.0,0.0,1.0,uncertain,True,True
163992,2024-03,uncertain,2,0.0,0.0,1.0,1.0,gov,True,True
163992,2024-04,gov,0,1.0,0.0,0.0,1.0,gov,True,True
163992,2024-05,gov,0,1.0,0.0,0.0,1.0,gov,True,True
163992,2024-06,gov,0,1.0,0.0,0.0,1.0,gov,True,True
163992,2024-07,gov,0,1.0,0.0,0.0,1.0,gov,True,True
163992,2024-08,gov,0,1.0,0.0,0.0,1.0,gov,True,True
163992,2024-09,gov,0,1.0,0.0,0.0,1.0,gov,True,True
163992,2024-10,gov,0,1.0,0.0,0.0,1.0,gov,True,True
163992,2024-11,gov,0,1.0,0.0,0.0,1.0,gov,True,True
163992,2024-12,gov,0,1.0,0.0,0.0,1.0,gov,True,True
163992,2025-01,gov,0,1.0,0.0,0.0,1.0,gov,True,True
163992,2025-02,gov,0,1.0,0.0,0.0,1.0,gov,True,True
163992,2025-03,gov,0,1.0,0.0,0.0,1.0,gov,True,True
163992,2025-04,gov,0,1.0,0.0,0.0,1.0,gov,True,True
163992,2025-05,gov,0,1.0,0.0,0.0,1.0,gov,True,True
163992,2025-06,gov,0,1.0,0.0,0.0,1.0,gov,True,True
163992,2025-07,gov,0,1.0,0.0,0.0,1.0,gov,True,False
163992,2025-08,gov,0,1.0,0.0,0.0,1.0,gov,True,False
163992,2025-09,gov,0,1.0,0.0,0.0,1.0,gov,True,False
163992,2025-10,gov,0,1.0,0.0,0.0,1.0,gov,True,False
163992,2025-11,gov,0,1.0,0.0,0.0,1.0,gov,True,False
163992,2025-12,gov,0,1.0,0.0,0.0,1.0,gov,True,False
163992,2026-01,gov,0,1.0,0.0,0.0,1.0,opo,True,False
163992,2026-02,opo,1,0.0,1.0,0.0,1.0,gov,True,False
163992,2026-03,gov,0,1.0,0.0,0.0,1.0,gov,True,False
163993,2023-11,gov,0,1.0,0.0,0.0,1.0,uncertain,True,True
163993,2023-12,uncertain,2,0.0,0.0,1.0,1.0,uncertain,True,True
163993,2024-01,uncertain,2,0.0,0.0,1.0,1.0,uncertain,True,True
163993,2024-02,uncertain,2,0.0,0.0,1.0,1.0,uncertain,True,True
163993,2024-03,uncertain,2,0.0,0.0,1.0,1.0,uncertain,True,True
163993,2024-04,uncertain,2,0.0,0.0,1.0,1.0,uncertain,True,True
163993,2024-05,uncertain,2,0.0,0.0,1.0,1.0,uncertain,True,True
163993,2024-06,uncertain,2,0.0,0.0,1.0,1.0,uncertain,True,True
163993,2024-07,uncertain,2,0.0,0.0,1.0,1.0,gov,True,True
163993,2024-08,gov,0,1.0,0.0,0.0,1.0,uncertain,True,True
163993,2024-09,uncertain,2,0.0,0.0,1.0,1.0,uncertain,True,True
163993,2024-10,uncertain,2,0.0,0.0,1.0,1.0,uncertain,True,True
163993,2024-11,uncertain,2,0.0,0.0,1.0,1.0,opo,True,True
163993,2024-12,opo,1,0.0,1.0,0.0,1.0,opo,True,True
163993,2025-01,opo,1,0.0,1.0,0.0,1.0,opo,True,True
163993,2025-02,opo,1,0.0,1.0,0.0,1.0,opo,True,True
163993,2025-03,opo,1,0.0,1.0,0.0,1.0,opo,True,True
163993,2025-04,opo,1,0.0,1.0,0.0,1.0,opo,True,True
163993,2025-05,opo,1,0.0,1.0,0.0,1.0,opo,True,True
163993,2025-06,opo,1,0.0,1.0,0.0,1.0,opo,True,True
163993,2025-07,opo,1,0.0,1.0,0.0,1.0,opo,True,False
163993,2025-08,opo,1,0.0,1.0,0.0,1.0,opo,True,False
163993,2025-09,opo,1,0.0,1.0,0.0,1.0,opo,True,False
163993,2025-10,opo,1,0.0,1.0,0.0,1.0,opo,True,False
163993,2025-11,opo,1,0.0,1.0,0.0,1.0,opo,True,False
163993,2025-12,opo,1,0.0,1.0,0.0,1.0,opo,True,False
163993,2026-01,opo,1,0.0,1.0,0.0,1.0,opo,True,False
163993,2026-02,opo,1,0.0,1.0,0.0,1.0,opo,True,False
163993,2026-03,opo,1,0.0,1.0,0.0,1.0,opo,True,False
163996,2023-12,gov,0,1.0,0.0,0.0,1.0,opo,True,True
163996,2024-01,opo,1,0.0,1.0,0.0,1.0,opo,True,True
163996,2024-02,opo,1,0.0,1.0,0.0,1.0,gov,True,True
163996,2024-03,gov,0,1.0,0.0,0.0,1.0,gov,True,True
163996,2024-04,gov,0,1.0,0.0,0.0,1.0,gov,True,True
163996,2024-05,gov,0,1.0,0.0,0.0,1.0,gov,True,True
163996,2024-06,gov,0,1.0,0.0,0.0,1.0,gov,True,True
163996,2024-07,gov,0,1.0,0.0,0.0,1.0,gov,True,True
163996,2024-08,gov,0,1.0,0.0,0.0,1.0,gov,True,True
163996,2024-09,gov,0,1.0,0.0,0.0,1.0,gov,True,True
163996,2024-10,gov,0,1.0,0.0,0.0,1.0,gov,True,True
163996,2024-11,gov,0,1.0,0.0,0.0,1.0,gov,True,True
163996,2024-12,gov,0,1.0,0.0,0.0,1.0,gov,True,True
163996,2025-01,gov,0,1.0,0.0,0.0,1.0,gov,True,True
163996,2025-02,gov,0,1.0,0.0,0.0,1.0,gov,True,True
163996,2025-03,gov,0,1.0,0.0,0.0,1.0,gov,True,True
163996,2025-04,gov,0,1.0,0.0,0.0,1.0,gov,True,True
163996,2025-05,gov,0,1.0,0.0,0.0,1.0,gov,True,True
163996,2025-06,gov,0,1.0,0.0,0.0,1.0,gov,True,True
163996,2025-07,gov,0,1.0,0.0,0.0,1.0,gov,True,False
163996,2025-08,gov,0,1.0,0.0,0.0,1.0,gov,True,False
163996,2025-09,gov,0,1.0,0.0,0.0,1.0,gov,True,False
163996,2025-10,gov,0,1.0,0.0,0.0,1.0,gov,True,False
163996,2025-11,gov,0,1.0,0.0,0.0,1.0,gov,True,False
163996,2025-12,gov,0,1.0,0.0,0.0,1.0,gov,True,False
163996,2026-01,gov,0,1.0,0.0,0.0,1.0,gov,True,False
163996,2026-02,gov,0,1.0,0.0,0.0,1.0,gov,True,False
163996,2026-03,gov,0,1.0,0.0,0.0,1.0,gov,True,False
163998,2023-11,gov,0,1.0,0.0,0.0,1.0,gov,True,True
163998,2023-12,gov,0,1.0,0.0,0.0,1.0,opo,True,True
163998,2024-01,opo,1,0.0,1.0,0.0,1.0,opo,True,True
163998,2024-02,opo,1,0.0,1.0,0.0,1.0,gov,True,True
163998,2024-03,gov,0,1.0,0.0,0.0,1.0,gov,True,True
163998,2024-04,gov,0,1.0,0.0,0.0,1.0,gov,True,True
163998,2024-05,gov,0,1.0,0.0,0.0,1.0,gov,True,True
163998,2024-06,gov,0,1.0,0.0,0.0,1.0,gov,True,True
163998,2024-07,gov,0,1.0,0.0,0.0,1.0,gov,True,True
163998,2024-08,gov,0,1.0,0.0,0.0,1.0,gov,True,True
163998,2024-09,gov,0,1.0,0.0,0.0,1.0,gov,True,True
163998,2024-10,gov,0,1.0,0.0,0.0,1.0,gov,True,True
163998,2024-11,gov,0,1.0,0.0,0.0,1.0,gov,True,True
163998,2024-12,gov,0,1.0,0.0,0.0,1.0,gov,True,True
163998,2025-01,gov,0,1.0,0.0,0.0,1.0,gov,True,True
163998,2025-02,gov,0,1.0,0.0,0.0,1.0,gov,True,True
163998,2025-03,gov,0,1.0,0.0,0.0,1.0,gov,True,True
163998,2025-04,gov,0,1.0,0.0,0.0,1.0,gov,True,True
163998,2025-05,gov,0,1.0,0.0,0.0,1.0,gov,True,True
163998,2025-06,gov,0,1.0,0.0,0.0,1.0,gov,True,True
163998,2025-07,gov,0,1.0,0.0,0.0,1.0,gov,True,False
163998,2025-08,gov,0,1.0,0.0,0.0,1.0,gov,True,False
163998,2025-09,gov,0,1.0,0.0,0.0,1.0,gov,True,False
163998,2025-10,gov,0,1.0,0.0,0.0,1.0,gov,True,False
163998,2025-11,gov,0,1.0,0.0,0.0,1.0,gov,True,False
163998,2025-12,gov,0,1.0,0.0,0.0,1.0,gov,True,False
163998,2026-01,gov,0,1.0,0.0,0.0,1.0,gov,True,False
163998,2026-02,gov,0,1.0,0.0,0.0,1.0,gov,True,False
163998,2026-03,gov,0,1.0,0.0,0.0,1.0,gov,True,False
164709,2023-11,gov,0,1.0,0.0,0.0,1.0,uncertain,True,True
164709,2023-12,uncertain,2,0.0,0.0,1.0,1.0,uncertain,True,True
164709,2024-01,uncertain,2,0.0,0.0,1.0,1.0,uncertain,True,True
164709,2024-02,uncertain,2,0.0,0.0,1.0,1.0,uncertain,True,True
164709,2024-03,uncertain,2,0.0,0.0,1.0,1.0,uncertain,True,True
164709,2024-04,uncertain,2,0.0,0.0,1.0,1.0,uncertain,True,True
164709,2024-05,uncertain,2,0.0,0.0,1.0,1.0,uncertain,True,True
164709,2024-06,uncertain,2,0.0,0.0,1.0,1.0,uncertain,True,True
164709,2024-07,uncertain,2,0.0,0.0,1.0,1.0,uncertain,True,True
164709,2024-08,uncertain,2,0.0,0.0,1.0,1.0,gov,True,True
164709,2024-09,gov,0,1.0,0.0,0.0,1.0,gov,True,True
164709,2024-10,gov,0,1.0,0.0,0.0,1.0,gov,True,True
164709,2024-11,gov,0,1.0,0.0,0.0,1.0,gov,True,True
164709,2024-12,gov,0,1.0,0.0,0.0,1.0,gov,True,True
164709,2025-01,gov,0,1.0,0.0,0.0,1.0,gov,True,True
164709,2025-02,gov,0,1.0,0.0,0.0,1.0,gov,True,True
164709,2025-03,gov,0,1.0,0.0,0.0,1.0,gov,True,True
164709,2025-04,gov,0,1.0,0.0,0.0,1.0,gov,True,True
164709,2025-05,gov,0,1.0,0.0,0.0,1.0,gov,True,True
164709,2025-06,gov,0,1.0,0.0,0.0,1.0,gov,True,True
164709,2025-07,gov,0,1.0,0.0,0.0,1.0,gov,True,False
164709,2025-08,gov,0,1.0,0.0,0.0,1.0,gov,True,False
164709,2025-09,gov,0,1.0,0.0,0.0,1.0,gov,True,False
164709,2025-10,gov,0,1.0,0.0,0.0,1.0,gov,True,False
164709,2025-11,gov,0,1.0,0.0,0.0,1.0,gov,True,False
164709,2025-12,gov,0,1.0,0.0,0.0,1.0,gov,True,False
164709,2026-01,gov,0,1.0,0.0,0.0,1.0,gov,True,False
164709,2026-02,gov,0,1.0,0.0,0.0,1.0,gov,True,False
164709,2026-03,gov,0,1.0,0.0,0.0,1.0,gov,True,False
164710,2023-11,gov,0,1.0,0.0,0.0,1.0,gov,True,True
164710,2023-12,gov,0,1.0,0.0,0.0,1.0,gov,True,True
164710,2024-01,gov,0,1.0,0.0,0.0,1.0,gov,True,True
164710,2024-02,gov,0,1.0,0.0,0.0,1.0,gov,True,True
164710,2024-03,gov,0,1.0,0.0,0.0,1.0,gov,True,True
164710,2024-04,gov,0,1.0,0.0,0.0,1.0,gov,True,True
164710,2024-05,gov,0,1.0,0.0,0.0,1.0,gov,True,True
164710,2024-06,gov,0,1.0,0.0,0.0,1.0,gov,True,True
164710,2024-07,gov,0,1.0,0.0,0.0,1.0,gov,True,True
164710,2024-08,gov,0,1.0,0.0,0.0,1.0,gov,True,True
164710,2024-09,gov,0,1.0,0.0,0.0,1.0,gov,True,True
164710,2024-10,gov,0,1.0,0.0,0.0,1.0,gov,True,True
164710,2024-11,gov,0,1.0,0.0,0.0,1.0,gov,True,True
164710,2024-12,gov,0,1.0,0.0,0.0,1.0,gov,True,True
164710,2025-01,gov,0,1.0,0.0,0.0,1.0,gov,True,True
164710,2025-02,gov,0,1.0,0.0,0.0,1.0,gov,True,True
164710,2025-03,gov,0,1.0,0.0,0.0,1.0,gov,True,True
164710,2025-04,gov,0,1.0,0.0,0.0,1.0,gov,True,True
164710,2025-05,gov,0,1.0,0.0,0.0,1.0,gov,True,True
164710,2025-06,gov,0,1.0,0.0,0.0,1.0,gov,True,True
164710,2025-07,gov,0,1.0,0.0,0.0,1.0,gov,True,False
164710,2025-08,gov,0,1.0,0.0,0.0,1.0,gov,True,False
164710,2025-09,gov,0,1.0,0.0,0.0,1.0,gov,True,False
164710,2025-10,gov,0,1.0,0.0,0.0,1.0,gov,True,False
164710,2025-11,gov,0,1.0,0.0,0.0,1.0,gov,True,False
164710,2025-12,gov,0,1.0,0.0,0.0,1.0,gov,True,False
164710,2026-01,gov,0,1.0,0.0,0.0,1.0,gov,True,False
164710,2026-02,gov,0,1.0,0.0,0.0,1.0,gov,True,False
164710,2026-03,gov,0,1.0,0.0,0.0,1.0,gov,True,False
164711,2023-11,gov,0,1.0,0.0,0.0,1.0,gov,True,True
164711,2023-12,gov,0,1.0,0.0,0.0,1.0,gov,True,True
164711,2024-01,gov,0,1.0,0.0,0.0,1.0,gov,True,True
164711,2024-02,gov,0,1.0,0.0,0.0,1.0,gov,True,True
164711,2024-03,gov,0,1.0,0.0,0.0,1.0,gov,True,True
164711,2024-04,gov,0,1.0,0.0,0.0,1.0,gov,True,True
164711,2024-05,gov,0,1.0,0.0,0.0,1.0,gov,True,True
164711,2024-06,gov,0,1.0,0.0,0.0,1.0,gov,True,True
164711,2024-07,gov,0,1.0,0.0,0.0,1.0,gov,True,True
164711,2024-08,gov,0,1.0,0.0,0.0,1.0,gov,True,True
164711,2024-09,gov,0,1.0,0.0,0.0,1.0,gov,True,True
164711,2024-10,gov,0,1.0,0.0,0.0,1.0,opo,True,True
164711,2024-11,opo,1,0.0,1.0,0.0,1.0,opo,True,True
164711,2024-12,opo,1,0.0,1.0,0.0,1.0,opo,True,True
164711,2025-01,opo,1,0.0,1.0,0.0,1.0,opo,True,True
164711,2025-02,opo,1,0.0,1.0,0.0,1.0,opo,True,True
164711,2025-03,opo,1,0.0,1.0,0.0,1.0,opo,True,True
164711,2025-04,opo,1,0.0,1.0,0.0,1.0,opo,True,True
164711,2025-05,opo,1,0.0,1.0,0.0,1.0,opo,True,True
164711,2025-06,opo,1,0.0,1.0,0.0,1.0,opo,True,True
164711,2025-07,opo,1,0.0,1.0,0.0,1.0,opo,True,False
164711,2025-08,opo,1,0.0,1.0,0.0,1.0,opo,True,False
164711,2025-09,opo,1,0.0,1.0,0.0,1.0,opo,True,False
164711,2025-10,opo,1,0.0,1.0,0.0,1.0,opo,True,False
164711,2025-11,opo,1,0.0,1.0,0.0,1.0,opo,True,False
164711,2025-12,opo,1,0.0,1.0,0.0,1.0,opo,True,False
164711,2026-01,opo,1,0.0,1.0,0.0,1.0,opo,True,False
164711,2026-02,opo,1,0.0,1.0,0.0,1.0,opo,True,False
164711,2026-03,opo,1,0.0,1.0,0.0,1.0,opo,True,False
164712,2023-11,gov,0,1.0,0.0,0.0,1.0,gov,True,True
164712,2023-12,gov,0,1.0,0.0,0.0,1.0,gov,True,True
164712,2024-01,gov,0,1.0,0.0,0.0,1.0,gov,True,True
164712,2024-02,gov,0,1.0,0.0,0.0,1.0,gov,True,True
164712,2024-03,gov,0,1.0,0.0,0.0,1.0,gov,True,True
164712,2024-04,gov,0,1.0,0.0,0.0,1.0,gov,True,True
164712,2024-05,gov,0,1.0,0.0,0.0,1.0,gov,True,True
164712,2024-06,gov,0,1.0,0.0,0.0,1.0,gov,True,True
164712,2024-07,gov,0,1.0,0.0,0.0,1.0,gov,True,True
164712,2024-08,gov,0,1.0,0.0,0.0,1.0,gov,True,True
164712,2024-09,gov,0,1.0,0.0,0.0,1.0,gov,True,True
164712,2024-10,gov,0,1.0,0.0,0.0,1.0,gov,True,True
164712,2024-11,gov,0,1.0,0.0,0.0,1.0,gov,True,True
164712,2024-12,gov,0,1.0,0.0,0.0,1.0,gov,True,True
164712,2025-01,gov,0,1.0,0.0,0.0,1.0,gov,True,True
164712,2025-02,gov,0,1.0,0.0,0.0,1.0,gov,True,True
164712,2025-03,gov,0,1.0,0.0,0.0,1.0,gov,True,True
164712,2025-04,gov,0,1.0,0.0,0.0,1.0,gov,True,True
164712,2025-05,gov,0,1.0,0.0,0.0,1.0,gov,True,True
164712,2025-06,gov,0,1.0,0.0,0.0,1.0,gov,True,True
164712,2025-07,gov,0,1.0,0.0,0.0,1.0,gov,True,False
164712,2025-08,gov,0,1.0,0.0,0.0,1.0,gov,True,False
164712,2025-09,gov,0,1.0,0.0,0.0,1.0,opo,True,False
164712,2025-10,opo,1,0.0,1.0,0.0,1.0,opo,True,False
164712,2025-11,opo,1,0.0,1.0,0.0,1.0,opo,True,False
164712,2025-12,opo,1,0.0,1.0,0.0,1.0,opo,True,False
164712,2026-01,opo,1,0.0,1.0,0.0,1.0,opo,True,False
164712,2026-02,opo,1,0.0,1.0,0.0,1.0,gov,True,False
164712,2026-03,gov,0,1.0,0.0,0.0,1.0,opo,True,False
164713,2023-11,gov,0,1.0,0.0,0.0,1.0,uncertain,True,True
164713,2023-12,uncertain,2,0.0,0.0,1.0,1.0,opo,True,True
164713,2024-01,opo,1,0.0,1.0,0.0,1.0,gov,True,True
164713,2024-02,gov,0,1.0,0.0,0.0,1.0,gov,True,True
164713,2024-03,gov,0,1.0,0.0,0.0,1.0,gov,True,True
164713,2024-04,gov,0,1.0,0.0,0.0,1.0,gov,True,True
164713,2024-05,gov,0,1.0,0.0,0.0,1.0,gov,True,True
164713,2024-06,gov,0,1.0,0.0,0.0,1.0,gov,True,True
164713,2024-07,gov,0,1.0,0.0,0.0,1.0,gov,True,True
164713,2024-08,gov,0,1.0,0.0,0.0,1.0,gov,True,True
164713,2024-09,gov,0,1.0,0.0,0.0,1.0,gov,True,True
164713,2024-10,gov,0,1.0,0.0,0.0,1.0,gov,True,True
164713,2024-11,gov,0,1.0,0.0,0.0,1.0,gov,True,True
164713,2024-12,gov,0,1.0,0.0,0.0,1.0,gov,True,True
164713,2025-01,gov,0,1.0,0.0,0.0,1.0,gov,True,True
164713,2025-02,gov,0,1.0,0.0,0.0,1.0,gov,True,True
164713,2025-03,gov,0,1.0,0.0,0.0,1.0,gov,True,True
164713,2025-04,gov,0,1.0,0.0,0.0,1.0,opo,True,True
164713,2025-05,opo,1,0.0,1.0,0.0,1.0,gov,True,True
164713,2025-06,gov,0,1.0,0.0,0.0,1.0,gov,True,True
164713,2025-07,gov,0,1.0,0.0,0.0,1.0,gov,True,False
164713,2025-08,gov,0,1.0,0.0,0.0,1.0,gov,True,False
164713,2025-09,gov,0,1.0,0.0,0.0,1.0,opo,True,False
164713,2025-10,opo,1,0.0,1.0,0.0,1.0,opo,True,False
164713,2025-11,opo,1,0.0,1.0,0.0,1.0,opo,True,False
164713,2025-12,opo,1,0.0,1.0,0.0,1.0,opo,True,False
164713,2026-01,opo,1,0.0,1.0,0.0,1.0,opo,True,False
164713,2026-02,opo,1,0.0,1.0,0.0,1.0,opo,True,False
164713,2026-03,opo,1,0.0,1.0,0.0,1.0,opo,True,False
164714,2023-11,gov,0,1.0,0.0,0.0,1.0,uncertain,True,True
164714,2023-12,uncertain,2,0.0,0.0,1.0,1.0,uncertain,True,True
164714,2024-01,uncertain,2,0.0,0.0,1.0,1.0,uncertain,True,True
164714,2024-02,uncertain,2,0.0,0.0,1.0,1.0,opo,True,True
164714,2024-03,opo,1,0.0,1.0,0.0,1.0,uncertain,True,True
164714,2024-04,uncertain,2,0.0,0.0,1.0,1.0,uncertain,True,True
164714,2024-05,uncertain,2,0.0,0.0,1.0,1.0,uncertain,True,True
164714,2024-06,uncertain,2,0.0,0.0,1.0,1.0,uncertain,True,True
164714,2024-07,uncertain,2,0.0,0.0,1.0,1.0,uncertain,True,True
164714,2024-08,uncertain,2,0.0,0.0,1.0,1.0,gov,True,True
164714,2024-09,gov,0,1.0,0.0,0.0,1.0,gov,True,True
164714,2024-10,gov,0,1.0,0.0,0.0,1.0,gov,True,True
164714,2024-11,gov,0,1.0,0.0,0.0,1.0,gov,True,True
164714,2024-12,gov,0,1.0,0.0,0.0,1.0,gov,True,True
164714,2025-01,gov,0,1.0,0.0,0.0,1.0,gov,True,True
164714,2025-02,gov,0,1.0,0.0,0.0,1.0,gov,True,True
164714,2025-03,gov,0,1.0,0.0,0.0,1.0,gov,True,True
164714,2025-04,gov,0,1.0,0.0,0.0,1.0,gov,True,True
164714,2025-05,gov,0,1.0,0.0,0.0,1.0,gov,True,True
164714,2025-06,gov,0,1.0,0.0,0.0,1.0,gov,True,True
164714,2025-07,gov,0,1.0,0.0,0.0,1.0,gov,True,False
164714,2025-08,gov,0,1.0,0.0,0.0,1.0,gov,True,False
164714,2025-09,gov,0,1.0,0.0,0.0,1.0,gov,True,False
164714,2025-10,gov,0,1.0,0.0,0.0,1.0,gov,True,False
164714,2025-11,gov,0,1.0,0.0,0.0,1.0,gov,True,False
164714,2025-12,gov,0,1.0,0.0,0.0,1.0,gov,True,False
164714,2026-01,gov,0,1.0,0.0,0.0,1.0,gov,True,False
164714,2026-02,gov,0,1.0,0.0,0.0,1.0,gov,True,False
164714,2026-03,gov,0,1.0,0.0,0.0,1.0,gov,True,False
164715,2023-11,gov,0,1.0,0.0,0.0,1.0,gov,True,True
164715,2023-12,gov,0,1.0,0.0,0.0,1.0,gov,True,True
164715,2024-01,gov,0,1.0,0.0,0.0,1.0,gov,True,True
164715,2024-02,gov,0,1.0,0.0,0.0,1.0,gov,True,True
164715,2024-03,gov,0,1.0,0.0,0.0,1.0,opo,True,True
164715,2024-04,opo,1,0.0,1.0,0.0,1.0,gov,True,True
164715,2024-05,gov,0,1.0,0.0,0.0,1.0,opo,True,True
164715,2024-06,opo,1,0.0,1.0,0.0,1.0,uncertain,True,True
164715,2024-07,uncertain,2,0.0,0.0,1.0,1.0,uncertain,True,True
164715,2024-08,uncertain,2,0.0,0.0,1.0,1.0,gov,True,True
164715,2024-09,gov,0,1.0,0.0,0.0,1.0,gov,True,True
164715,2024-10,gov,0,1.0,0.0,0.0,1.0,gov,True,True
164715,2024-11,gov,0,1.0,0.0,0.0,1.0,gov,True,True
164715,2024-12,gov,0,1.0,0.0,0.0,1.0,gov,True,True
164715,2025-01,gov,0,1.0,0.0,0.0,1.0,opo,True,True
164715,2025-02,opo,1,0.0,1.0,0.0,1.0,opo,True,True
164715,2025-03,opo,1,0.0,1.0,0.0,1.0,opo,True,True
164715,2025-04,opo,1,0.0,1.0,0.0,1.0,opo,True,True
164715,2025-05,opo,1,0.0,1.0,0.0,1.0,opo,True,True
164715,2025-06,opo,1,0.0,1.0,0.0,1.0,opo,True,True
164715,2025-07,opo,1,0.0,1.0,0.0,1.0,opo,True,False
164715,2025-08,opo,1,0.0,1.0,0.0,1.0,gov,True,False
164715,2025-09,gov,0,1.0,0.0,0.0,1.0,gov,True,False
164715,2025-10,gov,0,1.0,0.0,0.0,1.0,opo,True,False
164715,2025-11,opo,1,0.0,1.0,0.0,1.0,opo,True,False
164715,2025-12,opo,1,0.0,1.0,0.0,1.0,opo,True,False
164715,2026-01,opo,1,0.0,1.0,0.0,1.0,opo,True,False
164715,2026-02,opo,1,0.0,1.0,0.0,1.0,opo,True,False
164715,2026-03,opo,1,0.0,1.0,0.0,1.0,opo,True,False
164716,2024-04,gov,0,1.0,0.0,0.0,1.0,opo,True,True
164716,2024-05,opo,1,0.0,1.0,0.0,1.0,opo,True,True
164716,2024-06,opo,1,0.0,1.0,0.0,1.0,opo,True,True
164716,2024-07,opo,1,0.0,1.0,0.0,1.0,opo,True,True
164716,2024-08,opo,1,0.0,1.0,0.0,1.0,opo,True,True
164716,2024-09,opo,1,0.0,1.0,0.0,1.0,opo,True,True
164716,2024-10,opo,1,0.0,1.0,0.0,1.0,opo,True,True
164716,2024-11,opo,1,0.0,1.0,0.0,1.0,opo,True,True
164716,2024-12,opo,1,0.0,1.0,0.0,1.0,opo,True,True
164716,2025-01,opo,1,0.0,1.0,0.0,1.0,opo,True,True
164716,2025-02,opo,1,0.0,1.0,0.0,1.0,opo,True,True
164716,2025-03,opo,1,0.0,1.0,0.0,1.0,opo,True,True
164716,2025-04,opo,1,0.0,1.0,0.0,1.0,opo,True,True
164716,2025-05,opo,1,0.0,1.0,0.0,1.0,opo,True,True
164716,2025-06,opo,1,0.0,1.0,0.0,1.0,opo,True,True
164716,2025-07,opo,1,0.0,1.0,0.0,1.0,opo,True,False
164716,2025-08,opo,1,0.0,1.0,0.0,1.0,opo,True,False
164716,2025-09,opo,1,0.0,1.0,0.0,1.0,opo,True,False
164716,2025-10,opo,1,0.0,1.0,0.0,1.0,opo,True,False
164716,2025-11,opo,1,0.0,1.0,0.0,1.0,opo,True,False
164716,2025-12,opo,1,0.0,1.0,0.0,1.0,opo,True,False
164716,2026-01,opo,1,0.0,1.0,0.0,1.0,opo,True,False
164716,2026-02,opo,1,0.0,1.0,0.0,1.0,opo,True,False
164716,2026-03,opo,1,0.0,1.0,0.0,1.0,opo,True,False
165430,2023-11,gov,0,1.0,0.0,0.0,1.0,gov,True,True
165430,2023-12,gov,0,1.0,0.0,0.0,1.0,gov,True,True
165430,2024-01,gov,0,1.0,0.0,0.0,1.0,gov,True,True
165430,2024-02,gov,0,1.0,0.0,0.0,1.0,opo,True,True
165430,2024-03,opo,1,0.0,1.0,0.0,1.0,gov,True,True
165430,2024-04,gov,0,1.0,0.0,0.0,1.0,gov,True,True
165430,2024-05,gov,0,1.0,0.0,0.0,1.0,opo,True,True
165430,2024-06,opo,1,0.0,1.0,0.0,1.0,gov,True,True
165430,2024-07,gov,0,1.0,0.0,0.0,1.0,gov,True,True
165430,2024-08,gov,0,1.0,0.0,0.0,1.0,gov,True,True
165430,2024-09,gov,0,1.0,0.0,0.0,1.0,gov,True,True
165430,2024-10,gov,0,1.0,0.0,0.0,1.0,gov,True,True
165430,2024-11,gov,0,1.0,0.0,0.0,1.0,gov,True,True
165430,2024-12,gov,0,1.0,0.0,0.0,1.0,gov,True,True
165430,2025-01,gov,0,1.0,0.0,0.0,1.0,gov,True,True
165430,2025-02,gov,0,1.0,0.0,0.0,1.0,gov,True,True
165430,2025-03,gov,0,1.0,0.0,0.0,1.0,gov,True,True
165430,2025-04,gov,0,1.0,0.0,0.0,1.0,gov,True,True
165430,2025-05,gov,0,1.0,0.0,0.0,1.0,gov,True,True
165430,2025-06,gov,0,1.0,0.0,0.0,1.0,gov,True,True
165430,2025-07,gov,0,1.0,0.0,0.0,1.0,gov,True,False
165430,2025-08,gov,0,1.0,0.0,0.0,1.0,gov,True,False
165430,2025-09,gov,0,1.0,0.0,0.0,1.0,gov,True,False
165430,2025-10,gov,0,1.0,0.0,0.0,1.0,gov,True,False
165430,2025-11,gov,0,1.0,0.0,0.0,1.0,gov,True,False
165430,2025-12,gov,0,1.0,0.0,0.0,1.0,gov,True,False
165430,2026-01,gov,0,1.0,0.0,0.0,1.0,gov,True,False
165430,2026-02,gov,0,1.0,0.0,0.0,1.0,gov,True,False
165430,2026-03,gov,0,1.0,0.0,0.0,1.0,gov,True,False
165433,2023-11,gov,0,1.0,0.0,0.0,1.0,uncertain,True,True
165433,2023-12,uncertain,2,0.0,0.0,1.0,1.0,uncertain,True,True
165433,2024-01,uncertain,2,0.0,0.0,1.0,1.0,uncertain,True,True
165433,2024-02,uncertain,2,0.0,0.0,1.0,1.0,uncertain,True,True
165433,2024-03,uncertain,2,0.0,0.0,1.0,1.0,uncertain,True,True
165433,2024-04,uncertain,2,0.0,0.0,1.0,1.0,uncertain,True,True
165433,2024-05,uncertain,2,0.0,0.0,1.0,1.0,uncertain,True,True
165433,2024-06,uncertain,2,0.0,0.0,1.0,1.0,uncertain,True,True
165433,2024-07,uncertain,2,0.0,0.0,1.0,1.0,uncertain,True,True
165433,2024-08,uncertain,2,0.0,0.0,1.0,1.0,gov,True,True
165433,2024-09,gov,0,1.0,0.0,0.0,1.0,gov,True,True
165433,2024-10,gov,0,1.0,0.0,0.0,1.0,gov,True,True
165433,2024-11,gov,0,1.0,0.0,0.0,1.0,gov,True,True
165433,2024-12,gov,0,1.0,0.0,0.0,1.0,gov,True,True
165433,2025-01,gov,0,1.0,0.0,0.0,1.0,gov,True,True
165433,2025-02,gov,0,1.0,0.0,0.0,1.0,gov,True,True
165433,2025-03,gov,0,1.0,0.0,0.0,1.0,gov,True,True
165433,2025-04,gov,0,1.0,0.0,0.0,1.0,gov,True,True
165433,2025-05,gov,0,1.0,0.0,0.0,1.0,gov,True,True
165433,2025-06,gov,0,1.0,0.0,0.0,1.0,gov,True,True
165433,2025-07,gov,0,1.0,0.0,0.0,1.0,gov,True,False
165433,2025-08,gov,0,1.0,0.0,0.0,1.0,gov,True,False
165433,2025-09,gov,0,1.0,0.0,0.0,1.0,gov,True,False
165433,2025-10,gov,0,1.0,0.0,0.0,1.0,gov,True,False
165433,2025-11,gov,0,1.0,0.0,0.0,1.0,gov,True,False
165433,2025-12,gov,0,1.0,0.0,0.0,1.0,gov,True,False
165433,2026-01,gov,0,1.0,0.0,0.0,1.0,gov,True,False
165433,2026-02,gov,0,1.0,0.0,0.0,1.0,gov,True,False
165433,2026-03,gov,0,1.0,0.0,0.0,1.0,gov,True,False
165435,2024-05,gov,0,1.0,0.0,0.0,1.0,opo,True,True
165435,2024-06,opo,1,0.0,1.0,0.0,1.0,opo,True,True
165435,2024-07,opo,1,0.0,1.0,0.0,1.0,opo,True,True
165435,2024-08,opo,1,0.0,1.0,0.0,1.0,opo,True,True
165435,2024-09,opo,1,0.0,1.0,0.0,1.0,opo,True,True
165435,2024-10,opo,1,0.0,1.0,0.0,1.0,opo,True,True
165435,2024-11,opo,1,0.0,1.0,0.0,1.0,opo,True,True
165435,2024-12,opo,1,0.0,1.0,0.0,1.0,opo,True,True
165435,2025-01,opo,1,0.0,1.0,0.0,1.0,opo,True,True
165435,2025-02,opo,1,0.0,1.0,0.0,1.0,opo,True,True
165435,2025-03,opo,1,0.0,1.0,0.0,1.0,opo,True,True
165435,2025-04,opo,1,0.0,1.0,0.0,1.0,opo,True,True
165435,2025-05,opo,1,0.0,1.0,0.0,1.0,opo,True,True
165435,2025-06,opo,1,0.0,1.0,0.0,1.0,opo,True,True
165435,2025-07,opo,1,0.0,1.0,0.0,1.0,opo,True,False
165435,2025-08,opo,1,0.0,1.0,0.0,1.0,opo,True,False
165435,2025-09,opo,1,0.0,1.0,0.0,1.0,opo,True,False
165435,2025-10,opo,1,0.0,1.0,0.0,1.0,opo,True,False
165435,2025-11,opo,1,0.0,1.0,0.0,1.0,opo,True,False
165435,2025-12,opo,1,0.0,1.0,0.0,1.0,opo,True,False
165435,2026-01,opo,1,0.0,1.0,0.0,1.0,opo,True,False
165435,2026-02,opo,1,0.0,1.0,0.0,1.0,opo,True,False
165435,2026-03,opo,1,0.0,1.0,0.0,1.0,opo,True,False
165436,2024-05,gov,0,1.0,0.0,0.0,1.0,opo,True,True
165436,2024-06,opo,1,0.0,1.0,0.0,1.0,opo,True,True
165436,2024-07,opo,1,0.0,1.0,0.0,1.0,opo,True,True
165436,2024-08,opo,1,0.0,1.0,0.0,1.0,opo,True,True
165436,2024-09,opo,1,0.0,1.0,0.0,1.0,opo,True,True
165436,2024-10,opo,1,0.0,1.0,0.0,1.0,opo,True,True
165436,2024-11,opo,1,0.0,1.0,0.0,1.0,opo,True,True
165436,2024-12,opo,1,0.0,1.0,0.0,1.0,opo,True,True
165436,2025-01,opo,1,0.0,1.0,0.0,1.0,opo,True,True
165436,2025-02,opo,1,0.0,1.0,0.0,1.0,opo,True,True
165436,2025-03,opo,1,0.0,1.0,0.0,1.0,opo,True,True
165436,2025-04,opo,1,0.0,1.0,0.0,1.0,opo,True,True
165436,2025-05,opo,1,0.0,1.0,0.0,1.0,opo,True,True
165436,2025-06,opo,1,0.0,1.0,0.0,1.0,opo,True,True
165436,2025-07,opo,1,0.0,1.0,0.0,1.0,opo,True,False
165436,2025-08,opo,1,0.0,1.0,0.0,1.0,opo,True,False
165436,2025-09,opo,1,0.0,1.0,0.0,1.0,opo,True,False
165436,2025-10,opo,1,0.0,1.0,0.0,1.0,opo,True,False
165436,2025-11,opo,1,0.0,1.0,0.0,1.0,opo,True,False
165436,2025-12,opo,1,0.0,1.0,0.0,1.0,opo,True,False
165436,2026-01,opo,1,0.0,1.0,0.0,1.0,opo,True,False
165436,2026-02,opo,1,0.0,1.0,0.0,1.0,opo,True,False
165436,2026-03,opo,1,0.0,1.0,0.0,1.0,opo,True,False
166150,2023-11,gov,0,1.0,0.0,0.0,1.0,gov,True,True
166150,2023-12,gov,0,1.0,0.0,0.0,1.0,gov,True,True
166150,2024-01,gov,0,1.0,0.0,0.0,1.0,gov,True,True
166150,2024-02,gov,0,1.0,0.0,0.0,1.0,gov,True,True
166150,2024-03,gov,0,1.0,0.0,0.0,1.0,gov,True,True
166150,2024-04,gov,0,1.0,0.0,0.0,1.0,gov,True,True
166150,2024-05,gov,0,1.0,0.0,0.0,1.0,gov,True,True
166150,2024-06,gov,0,1.0,0.0,0.0,1.0,gov,True,True
166150,2024-07,gov,0,1.0,0.0,0.0,1.0,gov,True,True
166150,2024-08,gov,0,1.0,0.0,0.0,1.0,gov,True,True
166150,2024-09,gov,0,1.0,0.0,0.0,1.0,gov,True,True
166150,2024-10,gov,0,1.0,0.0,0.0,1.0,gov,True,True
166150,2024-11,gov,0,1.0,0.0,0.0,1.0,gov,True,True
166150,2024-12,gov,0,1.0,0.0,0.0,1.0,gov,True,True
166150,2025-01,gov,0,1.0,0.0,0.0,1.0,gov,True,True
166150,2025-02,gov,0,1.0,0.0,0.0,1.0,gov,True,True
166150,2025-03,gov,0,1.0,0.0,0.0,1.0,gov,True,True
166150,2025-04,gov,0,1.0,0.0,0.0,1.0,gov,True,True
166150,2025-05,gov,0,1.0,0.0,0.0,1.0,gov,True,True
166150,2025-06,gov,0,1.0,0.0,0.0,1.0,gov,True,True
166150,2025-07,gov,0,1.0,0.0,0.0,1.0,gov,True,False
166150,2025-08,gov,0,1.0,0.0,0.0,1.0,gov,True,False
166150,2025-09,gov,0,1.0,0.0,0.0,1.0,gov,True,False
166150,2025-10,gov,0,1.0,0.0,0.0,1.0,gov,True,False
166150,2025-11,gov,0,1.0,0.0,0.0,1.0,gov,True,False
166150,2025-12,gov,0,1.0,0.0,0.0,1.0,gov,True,False
166150,2026-01,gov,0,1.0,0.0,0.0,1.0,gov,True,False
166150,2026-02,gov,0,1.0,0.0,0.0,1.0,gov,True,False
166150,2026-03,gov,0,1.0,0.0,0.0,1.0,gov,True,False
166152,2024-04,gov,0,1.0,0.0,0.0,1.0,opo,True,True
166152,2024-05,opo,1,0.0,1.0,0.0,1.0,opo,True,True
166152,2024-06,opo,1,0.0,1.0,0.0,1.0,opo,True,True
166152,2024-07,opo,1,0.0,1.0,0.0,1.0,opo,True,True
166152,2024-08,opo,1,0.0,1.0,0.0,1.0,opo,True,True
166152,2024-09,opo,1,0.0,1.0,0.0,1.0,opo,True,True
166152,2024-10,opo,1,0.0,1.0,0.0,1.0,opo,True,True
166152,2024-11,opo,1,0.0,1.0,0.0,1.0,opo,True,True
166152,2024-12,opo,1,0.0,1.0,0.0,1.0,opo,True,True
166152,2025-01,opo,1,0.0,1.0,0.0,1.0,opo,True,True
166152,2025-02,opo,1,0.0,1.0,0.0,1.0,opo,True,True
166152,2025-03,opo,1,0.0,1.0,0.0,1.0,opo,True,True
166152,2025-04,opo,1,0.0,1.0,0.0,1.0,opo,True,True
166152,2025-05,opo,1,0.0,1.0,0.0,1.0,opo,True,True
166152,2025-06,opo,1,0.0,1.0,0.0,1.0,opo,True,True
166152,2025-07,opo,1,0.0,1.0,0.0,1.0,opo,True,False
166152,2025-08,opo,1,0.0,1.0,0.0,1.0,opo,True,False
166152,2025-09,opo,1,0.0,1.0,0.0,1.0,opo,True,False
166152,2025-10,opo,1,0.0,1.0,0.0,1.0,opo,True,False
166152,2025-11,opo,1,0.0,1.0,0.0,1.0,opo,True,False
166152,2025-12,opo,1,0.0,1.0,0.0,1.0,opo,True,False
166152,2026-01,opo,1,0.0,1.0,0.0,1.0,opo,True,False
166152,2026-02,opo,1,0.0,1.0,0.0,1.0,opo,True,False
166152,2026-03,opo,1,0.0,1.0,0.0,1.0,opo,True,False
166154,2023-11,gov,0,1.0,0.0,0.0,1.0,gov,True,True
166154,2023-12,gov,0,1.0,0.0,0.0,1.0,gov,True,True
166154,2024-01,gov,0,1.0,0.0,0.0,1.0,gov,True,True
166154,2024-02,gov,0,1.0,0.0,0.0,1.0,gov,True,True
166154,2024-03,gov,0,1.0,0.0,0.0,1.0,gov,True,True
166154,2024-04,gov,0,1.0,0.0,0.0,1.0,gov,True,True
166154,2024-05,gov,0,1.0,0.0,0.0,1.0,gov,True,True
166154,2024-06,gov,0,1.0,0.0,0.0,1.0,gov,True,True
166154,2024-07,gov,0,1.0,0.0,0.0,1.0,gov,True,True
166154,2024-08,gov,0,1.0,0.0,0.0,1.0,gov,True,True
166154,2024-09,gov,0,1.0,0.0,0.0,1.0,gov,True,True
166154,2024-10,gov,0,1.0,0.0,0.0,1.0,gov,True,True
166154,2024-11,gov,0,1.0,0.0,0.0,1.0,gov,True,True
166154,2024-12,gov,0,1.0,0.0,0.0,1.0,gov,True,True
166154,2025-01,gov,0,1.0,0.0,0.0,1.0,gov,True,True
166154,2025-02,gov,0,1.0,0.0,0.0,1.0,gov,True,True
166154,2025-03,gov,0,1.0,0.0,0.0,1.0,gov,True,True
166154,2025-04,gov,0,1.0,0.0,0.0,1.0,gov,True,True
166154,2025-05,gov,0,1.0,0.0,0.0,1.0,gov,True,True
166154,2025-06,gov,0,1.0,0.0,0.0,1.0,gov,True,True
166154,2025-07,gov,0,1.0,0.0,0.0,1.0,gov,True,False
166154,2025-08,gov,0,1.0,0.0,0.0,1.0,gov,True,False
166154,2025-09,gov,0,1.0,0.0,0.0,1.0,gov,True,False
166154,2025-10,gov,0,1.0,0.0,0.0,1.0,gov,True,False
166154,2025-11,gov,0,1.0,0.0,0.0,1.0,gov,True,False
166154,2025-12,gov,0,1.0,0.0,0.0,1.0,gov,True,False
166154,2026-01,gov,0,1.0,0.0,0.0,1.0,gov,True,False
166154,2026-02,gov,0,1.0,0.0,0.0,1.0,gov,True,False
166154,2026-03,gov,0,1.0,0.0,0.0,1.0,gov,True,False
166155,2023-11,gov,0,1.0,0.0,0.0,1.0,uncertain,True,True
166155,2023-12,uncertain,2,0.0,0.0,1.0,1.0,uncertain,True,True
166155,2024-01,uncertain,2,0.0,0.0,1.0,1.0,uncertain,True,True
166155,2024-02,uncertain,2,0.0,0.0,1.0,1.0,uncertain,True,True
166155,2024-03,uncertain,2,0.0,0.0,1.0,1.0,opo,True,True
166155,2024-04,opo,1,0.0,1.0,0.0,1.0,uncertain,True,True
166155,2024-05,uncertain,2,0.0,0.0,1.0,1.0,opo,True,True
166155,2024-06,opo,1,0.0,1.0,0.0,1.0,uncertain,True,True
166155,2024-07,uncertain,2,0.0,0.0,1.0,1.0,uncertain,True,True
166155,2024-08,uncertain,2,0.0,0.0,1.0,1.0,gov,True,True
166155,2024-09,gov,0,1.0,0.0,0.0,1.0,gov,True,True
166155,2024-10,gov,0,1.0,0.0,0.0,1.0,gov,True,True
166155,2024-11,gov,0,1.0,0.0,0.0,1.0,gov,True,True
166155,2024-12,gov,0,1.0,0.0,0.0,1.0,gov,True,True
166155,2025-01,gov,0,1.0,0.0,0.0,1.0,gov,True,True
166155,2025-02,gov,0,1.0,0.0,0.0,1.0,gov,True,True
166155,2025-03,gov,0,1.0,0.0,0.0,1.0,gov,True,True
166155,2025-04,gov,0,1.0,0.0,0.0,1.0,gov,True,True
166155,2025-05,gov,0,1.0,0.0,0.0,1.0,gov,True,True
166155,2025-06,gov,0,1.0,0.0,0.0,1.0,gov,True,True
166155,2025-07,gov,0,1.0,0.0,0.0,1.0,gov,True,False
166155,2025-08,gov,0,1.0,0.0,0.0,1.0,gov,True,False
166155,2025-09,gov,0,1.0,0.0,0.0,1.0,gov,True,False
166155,2025-10,gov,0,1.0,0.0,0.0,1.0,gov,True,False
166155,2025-11,gov,0,1.0,0.0,0.0,1.0,gov,True,False
166155,2025-12,gov,0,1.0,0.0,0.0,1.0,gov,True,False
166155,2026-01,gov,0,1.0,0.0,0.0,1.0,gov,True,False
166155,2026-02,gov,0,1.0,0.0,0.0,1.0,gov,True,False
166155,2026-03,gov,0,1.0,0.0,0.0,1.0,gov,True,False
166156,2024-06,gov,0,1.0,0.0,0.0,1.0,opo,True,True
166156,2024-07,opo,1,0.0,1.0,0.0,1.0,opo,True,True
166156,2024-08,opo,1,0.0,1.0,0.0,1.0,opo,True,True
166156,2024-09,opo,1,0.0,1.0,0.0,1.0,opo,True,True
166156,2024-10,opo,1,0.0,1.0,0.0,1.0,opo,True,True
166156,2024-11,opo,1,0.0,1.0,0.0,1.0,opo,True,True
166156,2024-12,opo,1,0.0,1.0,0.0,1.0,opo,True,True
166156,2025-01,opo,1,0.0,1.0,0.0,1.0,opo,True,True
166156,2025-02,opo,1,0.0,1.0,0.0,1.0,opo,True,True
166156,2025-03,opo,1,0.0,1.0,0.0,1.0,opo,True,True
166156,2025-04,opo,1,0.0,1.0,0.0,1.0,opo,True,True
166156,2025-05,opo,1,0.0,1.0,0.0,1.0,opo,True,True
166156,2025-06,opo,1,0.0,1.0,0.0,1.0,opo,True,True
166156,2025-07,opo,1,0.0,1.0,0.0,1.0,opo,True,False
166156,2025-08,opo,1,0.0,1.0,0.0,1.0,opo,True,False
166156,2025-09,opo,1,0.0,1.0,0.0,1.0,opo,True,False
166156,2025-10,opo,1,0.0,1.0,0.0,1.0,opo,True,False
166156,2025-11,opo,1,0.0,1.0,0.0,1.0,opo,True,False
166156,2025-12,opo,1,0.0,1.0,0.0,1.0,opo,True,False
166156,2026-01,opo,1,0.0,1.0,0.0,1.0,opo,True,False
166156,2026-02,opo,1,0.0,1.0,0.0,1.0,opo,True,False
166156,2026-03,opo,1,0.0,1.0,0.0,1.0,opo,True,False
166157,2024-07,gov,0,1.0,0.0,0.0,1.0,gov,True,True
166157,2024-08,gov,0,1.0,0.0,0.0,1.0,gov,True,True
166157,2024-09,gov,0,1.0,0.0,0.0,1.0,gov,True,True
166157,2024-10,gov,0,1.0,0.0,0.0,1.0,gov,True,True
166157,2024-11,gov,0,1.0,0.0,0.0,1.0,opo,True,True
166157,2024-12,opo,1,0.0,1.0,0.0,1.0,opo,True,True
166157,2025-01,opo,1,0.0,1.0,0.0,1.0,opo,True,True
166157,2025-02,opo,1,0.0,1.0,0.0,1.0,opo,True,True
166157,2025-03,opo,1,0.0,1.0,0.0,1.0,opo,True,True
166157,2025-04,opo,1,0.0,1.0,0.0,1.0,opo,True,True
166157,2025-05,opo,1,0.0,1.0,0.0,1.0,opo,True,True
166157,2025-06,opo,1,0.0,1.0,0.0,1.0,opo,True,True
166157,2025-07,opo,1,0.0,1.0,0.0,1.0,opo,True,False
166157,2025-08,opo,1,0.0,1.0,0.0,1.0,opo,True,False
166157,2025-09,opo,1,0.0,1.0,0.0,1.0,opo,True,False
166157,2025-10,opo,1,0.0,1.0,0.0,1.0,opo,True,False
166157,2025-11,opo,1,0.0,1.0,0.0,1.0,opo,True,False
166157,2025-12,opo,1,0.0,1.0,0.0,1.0,opo,True,False
166157,2026-01,opo,1,0.0,1.0,0.0,1.0,opo,True,False
166157,2026-02,opo,1,0.0,1.0,0.0,1.0,opo,True,False
166157,2026-03,opo,1,0.0,1.0,0.0,1.0,opo,True,False
166873,2023-11,gov,0,1.0,0.0,0.0,1.0,uncertain,True,True
166873,2023-12,uncertain,2,0.0,0.0,1.0,1.0,uncertain,True,True
166873,2024-01,uncertain,2,0.0,0.0,1.0,1.0,uncertain,True,True
166873,2024-02,uncertain,2,0.0,0.0,1.0,1.0,uncertain,True,True
166873,2024-03,uncertain,2,0.0,0.0,1.0,1.0,opo,True,True
166873,2024-04,opo,1,0.0,1.0,0.0,1.0,uncertain,True,True
166873,2024-05,uncertain,2,0.0,0.0,1.0,1.0,uncertain,True,True
166873,2024-06,uncertain,2,0.0,0.0,1.0,1.0,uncertain,True,True
166873,2024-07,uncertain,2,0.0,0.0,1.0,1.0,gov,True,True
166873,2024-08,gov,0,1.0,0.0,0.0,1.0,opo,True,True
166873,2024-09,opo,1,0.0,1.0,0.0,1.0,gov,True,True
166873,2024-10,gov,0,1.0,0.0,0.0,1.0,gov,True,True
166873,2024-11,gov,0,1.0,0.0,0.0,1.0,gov,True,True
166873,2024-12,gov,0,1.0,0.0,0.0,1.0,gov,True,True
166873,2025-01,gov,0,1.0,0.0,0.0,1.0,gov,True,True
166873,2025-02,gov,0,1.0,0.0,0.0,1.0,gov,True,True
166873,2025-03,gov,0,1.0,0.0,0.0,1.0,gov,True,True
166873,2025-04,gov,0,1.0,0.0,0.0,1.0,gov,True,True
166873,2025-05,gov,0,1.0,0.0,0.0,1.0,gov,True,True
166873,2025-06,gov,0,1.0,0.0,0.0,1.0,gov,True,True
166873,2025-07,gov,0,1.0,0.0,0.0,1.0,gov,True,False
166873,2025-08,gov,0,1.0,0.0,0.0,1.0,gov,True,False
166873,2025-09,gov,0,1.0,0.0,0.0,1.0,gov,True,False
166873,2025-10,gov,0,1.0,0.0,0.0,1.0,gov,True,False
166873,2025-11,gov,0,1.0,0.0,0.0,1.0,gov,True,False
166873,2025-12,gov,0,1.0,0.0,0.0,1.0,gov,True,False
166873,2026-01,gov,0,1.0,0.0,0.0,1.0,gov,True,False
166873,2026-02,gov,0,1.0,0.0,0.0,1.0,gov,True,False
166873,2026-03,gov,0,1.0,0.0,0.0,1.0,gov,True,False
166876,2023-11,gov,0,1.0,0.0,0.0,1.0,gov,True,True
166876,2023-12,gov,0,1.0,0.0,0.0,1.0,gov,True,True
166876,2024-01,gov,0,1.0,0.0,0.0,1.0,gov,True,True
166876,2024-02,gov,0,1.0,0.0,0.0,1.0,gov,True,True
166876,2024-03,gov,0,1.0,0.0,0.0,1.0,gov,True,True
166876,2024-04,gov,0,1.0,0.0,0.0,1.0,gov,True,True
166876,2024-05,gov,0,1.0,0.0,0.0,1.0,opo,True,True
166876,2024-06,opo,1,0.0,1.0,0.0,1.0,opo,True,True
166876,2024-07,opo,1,0.0,1.0,0.0,1.0,opo,True,True
166876,2024-08,opo,1,0.0,1.0,0.0,1.0,opo,True,True
166876,2024-09,opo,1,0.0,1.0,0.0,1.0,opo,True,True
166876,2024-10,opo,1,0.0,1.0,0.0,1.0,opo,True,True
166876,2024-11,opo,1,0.0,1.0,0.0,1.0,opo,True,True
166876,2024-12,opo,1,0.0,1.0,0.0,1.0,opo,True,True
166876,2025-01,opo,1,0.0,1.0,0.0,1.0,opo,True,True
166876,2025-02,opo,1,0.0,1.0,0.0,1.0,opo,True,True
166876,2025-03,opo,1,0.0,1.0,0.0,1.0,opo,True,True
166876,2025-04,opo,1,0.0,1.0,0.0,1.0,opo,True,True
166876,2025-05,opo,1,0.0,1.0,0.0,1.0,opo,True,True
166876,2025-06,opo,1,0.0,1.0,0.0,1.0,opo,True,True
166876,2025-07,opo,1,0.0,1.0,0.0,1.0,opo,True,False
166876,2025-08,opo,1,0.0,1.0,0.0,1.0,opo,True,False
166876,2025-09,opo,1,0.0,1.0,0.0,1.0,opo,True,False
166876,2025-10,opo,1,0.0,1.0,0.0,1.0,opo,True,False
166876,2025-11,opo,1,0.0,1.0,0.0,1.0,opo,True,False
166876,2025-12,opo,1,0.0,1.0,0.0,1.0,opo,True,False
166876,2026-01,opo,1,0.0,1.0,0.0,1.0,opo,True,False
166876,2026-02,opo,1,0.0,1.0,0.0,1.0,opo,True,False
166876,2026-03,opo,1,0.0,1.0,0.0,1.0,opo,True,False
166877,2023-11,gov,0,1.0,0.0,0.0,1.0,gov,True,True
166877,2023-12,gov,0,1.0,0.0,0.0,1.0,gov,True,True
166877,2024-01,gov,0,1.0,0.0,0.0,1.0,gov,True,True
166877,2024-02,gov,0,1.0,0.0,0.0,1.0,gov,True,True
166877,2024-03,gov,0,1.0,0.0,0.0,1.0,gov,True,True
166877,2024-04,gov,0,1.0,0.0,0.0,1.0,gov,True,True
166877,2024-05,gov,0,1.0,0.0,0.0,1.0,opo,True,True
166877,2024-06,opo,1,0.0,1.0,0.0,1.0,gov,True,True
166877,2024-07,gov,0,1.0,0.0,0.0,1.0,gov,True,True
166877,2024-08,gov,0,1.0,0.0,0.0,1.0,gov,True,True
166877,2024-09,gov,0,1.0,0.0,0.0,1.0,gov,True,True
166877,2024-10,gov,0,1.0,0.0,0.0,1.0,opo,True,True
166877,2024-11,opo,1,0.0,1.0,0.0,1.0,opo,True,True
166877,2024-12,opo,1,0.0,1.0,0.0,1.0,opo,True,True
166877,2025-01,opo,1,0.0,1.0,0.0,1.0,opo,True,True
166877,2025-02,opo,1,0.0,1.0,0.0,1.0,opo,True,True
166877,2025-03,opo,1,0.0,1.0,0.0,1.0,opo,True,True
166877,2025-04,opo,1,0.0,1.0,0.0,1.0,opo,True,True
166877,2025-05,opo,1,0.0,1.0,0.0,1.0,opo,True,True
166877,2025-06,opo,1,0.0,1.0,0.0,1.0,opo,True,True
166877,2025-07,opo,1,0.0,1.0,0.0,1.0,opo,True,False
166877,2025-08,opo,1,0.0,1.0,0.0,1.0,opo,True,False
166877,2025-09,opo,1,0.0,1.0,0.0,1.0,opo,True,False
166877,2025-10,opo,1,0.0,1.0,0.0,1.0,opo,True,False
166877,2025-11,opo,1,0.0,1.0,0.0,1.0,opo,True,False
166877,2025-12,opo,1,0.0,1.0,0.0,1.0,opo,True,False
166877,2026-01,opo,1,0.0,1.0,0.0,1.0,opo,True,False
166877,2026-02,opo,1,0.0,1.0,0.0,1.0,opo,True,False
166877,2026-03,opo,1,0.0,1.0,0.0,1.0,opo,True,False
167591,2023-11,gov,0,1.0,0.0,0.0,1.0,gov,True,True
167591,2023-12,gov,0,1.0,0.0,0.0,1.0,gov,True,True
167591,2024-01,gov,0,1.0,0.0,0.0,1.0,gov,True,True
167591,2024-02,gov,0,1.0,0.0,0.0,1.0,gov,True,True
167591,2024-03,gov,0,1.0,0.0,0.0,1.0,gov,True,True
167591,2024-04,gov,0,1.0,0.0,0.0,1.0,gov,True,True
167591,2024-05,gov,0,1.0,0.0,0.0,1.0,gov,True,True
167591,2024-06,gov,0,1.0,0.0,0.0,1.0,gov,True,True
167591,2024-07,gov,0,1.0,0.0,0.0,1.0,gov,True,True
167591,2024-08,gov,0,1.0,0.0,0.0,1.0,gov,True,True
167591,2024-09,gov,0,1.0,0.0,0.0,1.0,gov,True,True
167591,2024-10,gov,0,1.0,0.0,0.0,1.0,gov,True,True
167591,2024-11,gov,0,1.0,0.0,0.0,1.0,gov,True,True
167591,2024-12,gov,0,1.0,0.0,0.0,1.0,gov,True,True
167591,2025-01,gov,0,1.0,0.0,0.0,1.0,gov,True,True
167591,2025-02,gov,0,1.0,0.0,0.0,1.0,gov,True,True
167591,2025-03,gov,0,1.0,0.0,0.0,1.0,gov,True,True
167591,2025-04,gov,0,1.0,0.0,0.0,1.0,gov,True,True
167591,2025-05,gov,0,1.0,0.0,0.0,1.0,gov,True,True
167591,2025-06,gov,0,1.0,0.0,0.0,1.0,gov,True,True
167591,2025-07,gov,0,1.0,0.0,0.0,1.0,gov,True,False
167591,2025-08,gov,0,1.0,0.0,0.0,1.0,gov,True,False
167591,2025-09,gov,0,1.0,0.0,0.0,1.0,gov,True,False
167591,2025-10,gov,0,1.0,0.0,0.0,1.0,gov,True,False
167591,2025-11,gov,0,1.0,0.0,0.0,1.0,gov,True,False
167591,2025-12,gov,0,1.0,0.0,0.0,1.0,gov,True,False
167591,2026-01,gov,0,1.0,0.0,0.0,1.0,gov,True,False
167591,2026-02,gov,0,1.0,0.0,0.0,1.0,gov,True,False
167591,2026-03,gov,0,1.0,0.0,0.0,1.0,gov,True,False
167592,2023-11,gov,0,1.0,0.0,0.0,1.0,gov,True,True
167592,2023-12,gov,0,1.0,0.0,0.0,1.0,gov,True,True
167592,2024-01,gov,0,1.0,0.0,0.0,1.0,gov,True,True
167592,2024-02,gov,0,1.0,0.0,0.0,1.0,gov,True,True
167592,2024-03,gov,0,1.0,0.0,0.0,1.0,gov,True,True
167592,2024-04,gov,0,1.0,0.0,0.0,1.0,gov,True,True
167592,2024-05,gov,0,1.0,0.0,0.0,1.0,gov,True,True
167592,2024-06,gov,0,1.0,0.0,0.0,1.0,gov,True,True
167592,2024-07,gov,0,1.0,0.0,0.0,1.0,gov,True,True
167592,2024-08,gov,0,1.0,0.0,0.0,1.0,gov,True,True
167592,2024-09,gov,0,1.0,0.0,0.0,1.0,gov,True,True
167592,2024-10,gov,0,1.0,0.0,0.0,1.0,gov,True,True
167592,2024-11,gov,0,1.0,0.0,0.0,1.0,gov,True,True
167592,2024-12,gov,0,1.0,0.0,0.0,1.0,gov,True,True
167592,2025-01,gov,0,1.0,0.0,0.0,1.0,gov,True,True
167592,2025-02,gov,0,1.0,0.0,0.0,1.0,gov,True,True
167592,2025-03,gov,0,1.0,0.0,0.0,1.0,gov,True,True
167592,2025-04,gov,0,1.0,0.0,0.0,1.0,gov,True,True
167592,2025-05,gov,0,1.0,0.0,0.0,1.0,gov,True,True
167592,2025-06,gov,0,1.0,0.0,0.0,1.0,gov,True,True
167592,2025-07,gov,0,1.0,0.0,0.0,1.0,gov,True,False
167592,2025-08,gov,0,1.0,0.0,0.0,1.0,gov,True,False
167592,2025-09,gov,0,1.0,0.0,0.0,1.0,gov,True,False
167592,2025-10,gov,0,1.0,0.0,0.0,1.0,gov,True,False
167592,2025-11,gov,0,1.0,0.0,0.0,1.0,gov,True,False
167592,2025-12,gov,0,1.0,0.0,0.0,1.0,gov,True,False
167592,2026-01,gov,0,1.0,0.0,0.0,1.0,gov,True,False
167592,2026-02,gov,0,1.0,0.0,0.0,1.0,gov,True,False
167592,2026-03,gov,0,1.0,0.0,0.0,1.0,gov,True,False
167594,2023-11,gov,0,1.0,0.0,0.0,1.0,uncertain,True,True
167594,2023-12,uncertain,2,0.0,0.0,1.0,1.0,uncertain,True,True
167594,2024-01,uncertain,2,0.0,0.0,1.0,1.0,uncertain,True,True
167594,2024-02,uncertain,2,0.0,0.0,1.0,1.0,uncertain,True,True
167594,2024-03,uncertain,2,0.0,0.0,1.0,1.0,opo,True,True
167594,2024-04,opo,1,0.0,1.0,0.0,1.0,opo,True,True
167594,2024-05,opo,1,0.0,1.0,0.0,1.0,opo,True,True
167594,2024-06,opo,1,0.0,1.0,0.0,1.0,uncertain,True,True
167594,2024-07,uncertain,2,0.0,0.0,1.0,1.0,uncertain,True,True
167594,2024-08,uncertain,2,0.0,0.0,1.0,1.0,gov,True,True
167594,2024-09,gov,0,1.0,0.0,0.0,1.0,gov,True,True
167594,2024-10,gov,0,1.0,0.0,0.0,1.0,gov,True,True
167594,2024-11,gov,0,1.0,0.0,0.0,1.0,gov,True,True
167594,2024-12,gov,0,1.0,0.0,0.0,1.0,gov,True,True
167594,2025-01,gov,0,1.0,0.0,0.0,1.0,gov,True,True
167594,2025-02,gov,0,1.0,0.0,0.0,1.0,gov,True,True
167594,2025-03,gov,0,1.0,0.0,0.0,1.0,gov,True,True
167594,2025-04,gov,0,1.0,0.0,0.0,1.0,gov,True,True
167594,2025-05,gov,0,1.0,0.0,0.0,1.0,gov,True,True
167594,2025-06,gov,0,1.0,0.0,0.0,1.0,gov,True,True
167594,2025-07,gov,0,1.0,0.0,0.0,1.0,gov,True,False
167594,2025-08,gov,0,1.0,0.0,0.0,1.0,gov,True,False
167594,2025-09,gov,0,1.0,0.0,0.0,1.0,gov,True,False
167594,2025-10,gov,0,1.0,0.0,0.0,1.0,gov,True,False
167594,2025-11,gov,0,1.0,0.0,0.0,1.0,gov,True,False
167594,2025-12,gov,0,1.0,0.0,0.0,1.0,gov,True,False
167594,2026-01,gov,0,1.0,0.0,0.0,1.0,gov,True,False
167594,2026-02,gov,0,1.0,0.0,0.0,1.0,gov,True,False
167594,2026-03,gov,0,1.0,0.0,0.0,1.0,gov,True,False
167597,2023-11,gov,0,1.0,0.0,0.0,1.0,gov,True,True
167597,2023-12,gov,0,1.0,0.0,0.0,1.0,gov,True,True
167597,2024-01,gov,0,1.0,0.0,0.0,1.0,gov,True,True
167597,2024-02,gov,0,1.0,0.0,0.0,1.0,gov,True,True
167597,2024-03,gov,0,1.0,0.0,0.0,1.0,gov,True,True
167597,2024-04,gov,0,1.0,0.0,0.0,1.0,opo,True,True
167597,2024-05,opo,1,0.0,1.0,0.0,1.0,gov,True,True
167597,2024-06,gov,0,1.0,0.0,0.0,1.0,gov,True,True
167597,2024-07,gov,0,1.0,0.0,0.0,1.0,gov,True,True
167597,2024-08,gov,0,1.0,0.0,0.0,1.0,gov,True,True
167597,2024-09,gov,0,1.0,0.0,0.0,1.0,gov,True,True
167597,2024-10,gov,0,1.0,0.0,0.0,1.0,opo,True,True
167597,2024-11,opo,1,0.0,1.0,0.0,1.0,opo,True,True
167597,2024-12,opo,1,0.0,1.0,0.0,1.0,opo,True,True
167597,2025-01,opo,1,0.0,1.0,0.0,1.0,opo,True,True
167597,2025-02,opo,1,0.0,1.0,0.0,1.0,opo,True,True
167597,2025-03,opo,1,0.0,1.0,0.0,1.0,opo,True,True
167597,2025-04,opo,1,0.0,1.0,0.0,1.0,opo,True,True
167597,2025-05,opo,1,0.0,1.0,0.0,1.0,opo,True,True
167597,2025-06,opo,1,0.0,1.0,0.0,1.0,opo,True,True
167597,2025-07,opo,1,0.0,1.0,0.0,1.0,opo,True,False
167597,2025-08,opo,1,0.0,1.0,0.0,1.0,opo,True,False
167597,2025-09,opo,1,0.0,1.0,0.0,1.0,opo,True,False
167597,2025-10,opo,1,0.0,1.0,0.0,1.0,opo,True,False
167597,2025-11,opo,1,0.0,1.0,0.0,1.0,opo,True,False
167597,2025-12,opo,1,0.0,1.0,0.0,1.0,opo,True,False
167597,2026-01,opo,1,0.0,1.0,0.0,1.0,opo,True,False
167597,2026-02,opo,1,0.0,1.0,0.0,1.0,opo,True,False
167597,2026-03,opo,1,0.0,1.0,0.0,1.0,opo,True,False
168313,2023-11,gov,0,1.0,0.0,0.0,1.0,gov,True,True
168313,2023-12,gov,0,1.0,0.0,0.0,1.0,gov,True,True
168313,2024-01,gov,0,1.0,0.0,0.0,1.0,gov,True,True
168313,2024-02,gov,0,1.0,0.0,0.0,1.0,gov,True,True
168313,2024-03,gov,0,1.0,0.0,0.0,1.0,gov,True,True
168313,2024-04,gov,0,1.0,0.0,0.0,1.0,gov,True,True
168313,2024-05,gov,0,1.0,0.0,0.0,1.0,gov,True,True
168313,2024-06,gov,0,1.0,0.0,0.0,1.0,gov,True,True
168313,2024-07,gov,0,1.0,0.0,0.0,1.0,gov,True,True
168313,2024-08,gov,0,1.0,0.0,0.0,1.0,gov,True,True
168313,2024-09,gov,0,1.0,0.0,0.0,1.0,gov,True,True
168313,2024-10,gov,0,1.0,0.0,0.0,1.0,gov,True,True
168313,2024-11,gov,0,1.0,0.0,0.0,1.0,gov,True,True
168313,2024-12,gov,0,1.0,0.0,0.0,1.0,gov,True,True
168313,2025-01,gov,0,1.0,0.0,0.0,1.0,gov,True,True
168313,2025-02,gov,0,1.0,0.0,0.0,1.0,gov,True,True
168313,2025-03,gov,0,1.0,0.0,0.0,1.0,gov,True,True
168313,2025-04,gov,0,1.0,0.0,0.0,1.0,gov,True,True
168313,2025-05,gov,0,1.0,0.0,0.0,1.0,gov,True,True
168313,2025-06,gov,0,1.0,0.0,0.0,1.0,gov,True,True
168313,2025-07,gov,0,1.0,0.0,0.0,1.0,gov,True,False
168313,2025-08,gov,0,1.0,0.0,0.0,1.0,gov,True,False
168313,2025-09,gov,0,1.0,0.0,0.0,1.0,gov,True,False
168313,2025-10,gov,0,1.0,0.0,0.0,1.0,gov,True,False
168313,2025-11,gov,0,1.0,0.0,0.0,1.0,gov,True,False
168313,2025-12,gov,0,1.0,0.0,0.0,1.0,gov,True,False
168313,2026-01,gov,0,1.0,0.0,0.0,1.0,gov,True,False
168313,2026-02,gov,0,1.0,0.0,0.0,1.0,gov,True,False
168313,2026-03,gov,0,1.0,0.0,0.0,1.0,gov,True,False
168316,2023-11,gov,0,1.0,0.0,0.0,1.0,uncertain,True,True
168316,2023-12,uncertain,2,0.0,0.0,1.0,1.0,uncertain,True,True
168316,2024-01,uncertain,2,0.0,0.0,1.0,1.0,uncertain,True,True
168316,2024-02,uncertain,2,0.0,0.0,1.0,1.0,uncertain,True,True
168316,2024-03,uncertain,2,0.0,0.0,1.0,1.0,opo,True,True
168316,2024-04,opo,1,0.0,1.0,0.0,1.0,uncertain,True,True
168316,2024-05,uncertain,2,0.0,0.0,1.0,1.0,opo,True,True
168316,2024-06,opo,1,0.0,1.0,0.0,1.0,opo,True,True
168316,2024-07,opo,1,0.0,1.0,0.0,1.0,opo,True,True
168316,2024-08,opo,1,0.0,1.0,0.0,1.0,opo,True,True
168316,2024-09,opo,1,0.0,1.0,0.0,1.0,opo,True,True
168316,2024-10,opo,1,0.0,1.0,0.0,1.0,opo,True,True
168316,2024-11,opo,1,0.0,1.0,0.0,1.0,opo,True,True
168316,2024-12,opo,1,0.0,1.0,0.0,1.0,opo,True,True
168316,2025-01,opo,1,0.0,1.0,0.0,1.0,opo,True,True
168316,2025-02,opo,1,0.0,1.0,0.0,1.0,opo,True,True
168316,2025-03,opo,1,0.0,1.0,0.0,1.0,opo,True,True
168316,2025-04,opo,1,0.0,1.0,0.0,1.0,opo,True,True
168316,2025-05,opo,1,0.0,1.0,0.0,1.0,opo,True,True
168316,2025-06,opo,1,0.0,1.0,0.0,1.0,opo,True,True
168316,2025-07,opo,1,0.0,1.0,0.0,1.0,opo,True,False
168316,2025-08,opo,1,0.0,1.0,0.0,1.0,opo,True,False
168316,2025-09,opo,1,0.0,1.0,0.0,1.0,opo,True,False
168316,2025-10,opo,1,0.0,1.0,0.0,1.0,opo,True,False
168316,2025-11,opo,1,0.0,1.0,0.0,1.0,opo,True,False
168316,2025-12,opo,1,0.0,1.0,0.0,1.0,opo,True,False
168316,2026-01,opo,1,0.0,1.0,0.0,1.0,opo,True,False
168316,2026-02,opo,1,0.0,1.0,0.0,1.0,opo,True,False
168316,2026-03,opo,1,0.0,1.0,0.0,1.0,opo,True,False
168318,2024-12,gov,0,1.0,0.0,0.0,1.0,opo,True,True
168318,2025-01,opo,1,0.0,1.0,0.0,1.0,opo,True,True
168318,2025-02,opo,1,0.0,1.0,0.0,1.0,opo,True,True
168318,2025-03,opo,1,0.0,1.0,0.0,1.0,opo,True,True
168318,2025-04,opo,1,0.0,1.0,0.0,1.0,opo,True,True
168318,2025-05,opo,1,0.0,1.0,0.0,1.0,opo,True,True
168318,2025-06,opo,1,0.0,1.0,0.0,1.0,opo,True,True
168318,2025-07,opo,1,0.0,1.0,0.0,1.0,opo,True,False
168318,2025-08,opo,1,0.0,1.0,0.0,1.0,opo,True,False
168318,2025-09,opo,1,0.0,1.0,0.0,1.0,opo,True,False
168318,2025-10,opo,1,0.0,1.0,0.0,1.0,opo,True,False
168318,2025-11,opo,1,0.0,1.0,0.0,1.0,opo,True,False
168318,2025-12,opo,1,0.0,1.0,0.0,1.0,opo,True,False
168318,2026-01,opo,1,0.0,1.0,0.0,1.0,opo,True,False
168318,2026-02,opo,1,0.0,1.0,0.0,1.0,opo,True,False
168318,2026-03,opo,1,0.0,1.0,0.0,1.0,opo,True,False
169035,2023-11,gov,0,1.0,0.0,0.0,1.0,uncertain,True,True
169035,2023-12,uncertain,2,0.0,0.0,1.0,1.0,uncertain,True,True
169035,2024-01,uncertain,2,0.0,0.0,1.0,1.0,uncertain,True,True
169035,2024-02,uncertain,2,0.0,0.0,1.0,1.0,uncertain,True,True
169035,2024-03,uncertain,2,0.0,0.0,1.0,1.0,uncertain,True,True
169035,2024-04,uncertain,2,0.0,0.0,1.0,1.0,uncertain,True,True
169035,2024-05,uncertain,2,0.0,0.0,1.0,1.0,uncertain,True,True
169035,2024-06,uncertain,2,0.0,0.0,1.0,1.0,uncertain,True,True
169035,2024-07,uncertain,2,0.0,0.0,1.0,1.0,uncertain,True,True
169035,2024-08,uncertain,2,0.0,0.0,1.0,1.0,gov,True,True
169035,2024-09,gov,0,1.0,0.0,0.0,1.0,gov,True,True
169035,2024-10,gov,0,1.0,0.0,0.0,1.0,gov,True,True
169035,2024-11,gov,0,1.0,0.0,0.0,1.0,gov,True,True
169035,2024-12,gov,0,1.0,0.0,0.0,1.0,gov,True,True
169035,2025-01,gov,0,1.0,0.0,0.0,1.0,gov,True,True
169035,2025-02,gov,0,1.0,0.0,0.0,1.0,gov,True,True
169035,2025-03,gov,0,1.0,0.0,0.0,1.0,gov,True,True
169035,2025-04,gov,0,1.0,0.0,0.0,1.0,gov,True,True
169035,2025-05,gov,0,1.0,0.0,0.0,1.0,gov,True,True
169035,2025-06,gov,0,1.0,0.0,0.0,1.0,gov,True,True
169035,2025-07,gov,0,1.0,0.0,0.0,1.0,gov,True,False
169035,2025-08,gov,0,1.0,0.0,0.0,1.0,gov,True,False
169035,2025-09,gov,0,1.0,0.0,0.0,1.0,gov,True,False
169035,2025-10,gov,0,1.0,0.0,0.0,1.0,gov,True,False
169035,2025-11,gov,0,1.0,0.0,0.0,1.0,gov,True,False
169035,2025-12,gov,0,1.0,0.0,0.0,1.0,gov,True,False
169035,2026-01,gov,0,1.0,0.0,0.0,1.0,gov,True,False
169035,2026-02,gov,0,1.0,0.0,0.0,1.0,gov,True,False
169035,2026-03,gov,0,1.0,0.0,0.0,1.0,gov,True,False
169036,2023-11,gov,0,1.0,0.0,0.0,1.0,gov,True,True
169036,2023-12,gov,0,1.0,0.0,0.0,1.0,gov,True,True
169036,2024-01,gov,0,1.0,0.0,0.0,1.0,gov,True,True
169036,2024-02,gov,0,1.0,0.0,0.0,1.0,gov,True,True
169036,2024-03,gov,0,1.0,0.0,0.0,1.0,gov,True,True
169036,2024-04,gov,0,1.0,0.0,0.0,1.0,gov,True,True
169036,2024-05,gov,0,1.0,0.0,0.0,1.0,gov,True,True
169036,2024-06,gov,0,1.0,0.0,0.0,1.0,gov,True,True
169036,2024-07,gov,0,1.0,0.0,0.0,1.0,gov,True,True
169036,2024-08,gov,0,1.0,0.0,0.0,1.0,gov,True,True
169036,2024-09,gov,0,1.0,0.0,0.0,1.0,gov,True,True
169036,2024-10,gov,0,1.0,0.0,0.0,1.0,gov,True,True
169036,2024-11,gov,0,1.0,0.0,0.0,1.0,gov,True,True
169036,2024-12,gov,0,1.0,0.0,0.0,1.0,gov,True,True
169036,2025-01,gov,0,1.0,0.0,0.0,1.0,gov,True,True
169036,2025-02,gov,0,1.0,0.0,0.0,1.0,gov,True,True
169036,2025-03,gov,0,1.0,0.0,0.0,1.0,gov,True,True
169036,2025-04,gov,0,1.0,0.0,0.0,1.0,gov,True,True
169036,2025-05,gov,0,1.0,0.0,0.0,1.0,gov,True,True
169036,2025-06,gov,0,1.0,0.0,0.0,1.0,gov,True,True
169036,2025-07,gov,0,1.0,0.0,0.0,1.0,gov,True,False
169036,2025-08,gov,0,1.0,0.0,0.0,1.0,gov,True,False
169036,2025-09,gov,0,1.0,0.0,0.0,1.0,gov,True,False
169036,2025-10,gov,0,1.0,0.0,0.0,1.0,gov,True,False
169036,2025-11,gov,0,1.0,0.0,0.0,1.0,gov,True,False
169036,2025-12,gov,0,1.0,0.0,0.0,1.0,gov,True,False
169036,2026-01,gov,0,1.0,0.0,0.0,1.0,gov,True,False
169036,2026-02,gov,0,1.0,0.0,0.0,1.0,gov,True,False
169036,2026-03,gov,0,1.0,0.0,0.0,1.0,gov,True,False
169037,2023-11,gov,0,1.0,0.0,0.0,1.0,gov,True,True
169037,2023-12,gov,0,1.0,0.0,0.0,1.0,gov,True,True
169037,2024-01,gov,0,1.0,0.0,0.0,1.0,gov,True,True
169037,2024-02,gov,0,1.0,0.0,0.0,1.0,gov,True,True
169037,2024-03,gov,0,1.0,0.0,0.0,1.0,gov,True,True
169037,2024-04,gov,0,1.0,0.0,0.0,1.0,gov,True,True
169037,2024-05,gov,0,1.0,0.0,0.0,1.0,gov,True,True
169037,2024-06,gov,0,1.0,0.0,0.0,1.0,gov,True,True
169037,2024-07,gov,0,1.0,0.0,0.0,1.0,gov,True,True
169037,2024-08,gov,0,1.0,0.0,0.0,1.0,gov,True,True
169037,2024-09,gov,0,1.0,0.0,0.0,1.0,gov,True,True
169037,2024-10,gov,0,1.0,0.0,0.0,1.0,gov,True,True
169037,2024-11,gov,0,1.0,0.0,0.0,1.0,gov,True,True
169037,2024-12,gov,0,1.0,0.0,0.0,1.0,gov,True,True
169037,2025-01,gov,0,1.0,0.0,0.0,1.0,gov,True,True
169037,2025-02,gov,0,1.0,0.0,0.0,1.0,gov,True,True
169037,2025-03,gov,0,1.0,0.0,0.0,1.0,gov,True,True
169037,2025-04,gov,0,1.0,0.0,0.0,1.0,gov,True,True
169037,2025-05,gov,0,1.0,0.0,0.0,1.0,gov,True,True
169037,2025-06,gov,0,1.0,0.0,0.0,1.0,gov,True,True
169037,2025-07,gov,0,1.0,0.0,0.0,1.0,gov,True,False
169037,2025-08,gov,0,1.0,0.0,0.0,1.0,gov,True,False
169037,2025-09,gov,0,1.0,0.0,0.0,1.0,gov,True,False
169037,2025-10,gov,0,1.0,0.0,0.0,1.0,gov,True,False
169037,2025-11,gov,0,1.0,0.0,0.0,1.0,gov,True,False
169037,2025-12,gov,0,1.0,0.0,0.0,1.0,gov,True,False
169037,2026-01,gov,0,1.0,0.0,0.0,1.0,gov,True,False
169037,2026-02,gov,0,1.0,0.0,0.0,1.0,gov,True,False
169037,2026-03,gov,0,1.0,0.0,0.0,1.0,gov,True,False
169756,2023-11,gov,0,1.0,0.0,0.0,1.0,gov,True,True
169756,2023-12,gov,0,1.0,0.0,0.0,1.0,gov,True,True
169756,2024-01,gov,0,1.0,0.0,0.0,1.0,gov,True,True
169756,2024-02,gov,0,1.0,0.0,0.0,1.0,gov,True,True
169756,2024-03,gov,0,1.0,0.0,0.0,1.0,gov,True,True
169756,2024-04,gov,0,1.0,0.0,0.0,1.0,gov,True,True
169756,2024-05,gov,0,1.0,0.0,0.0,1.0,gov,True,True
169756,2024-06,gov,0,1.0,0.0,0.0,1.0,gov,True,True
169756,2024-07,gov,0,1.0,0.0,0.0,1.0,gov,True,True
169756,2024-08,gov,0,1.0,0.0,0.0,1.0,gov,True,True
169756,2024-09,gov,0,1.0,0.0,0.0,1.0,gov,True,True
169756,2024-10,gov,0,1.0,0.0,0.0,1.0,gov,True,True
169756,2024-11,gov,0,1.0,0.0,0.0,1.0,gov,True,True
169756,2024-12,gov,0,1.0,0.0,0.0,1.0,gov,True,True
169756,2025-01,gov,0,1.0,0.0,0.0,1.0,gov,True,True
169756,2025-02,gov,0,1.0,0.0,0.0,1.0,gov,True,True
169756,2025-03,gov,0,1.0,0.0,0.0,1.0,gov,True,True
169756,2025-04,gov,0,1.0,0.0,0.0,1.0,gov,True,True
169756,2025-05,gov,0,1.0,0.0,0.0,1.0,gov,True,True
169756,2025-06,gov,0,1.0,0.0,0.0,1.0,gov,True,True
169756,2025-07,gov,0,1.0,0.0,0.0,1.0,gov,True,False
169756,2025-08,gov,0,1.0,0.0,0.0,1.0,gov,True,False
169756,2025-09,gov,0,1.0,0.0,0.0,1.0,gov,True,False
169756,2025-10,gov,0,1.0,0.0,0.0,1.0,gov,True,False
169756,2025-11,gov,0,1.0,0.0,0.0,1.0,gov,True,False
169756,2025-12,gov,0,1.0,0.0,0.0,1.0,gov,True,False
169756,2026-01,gov,0,1.0,0.0,0.0,1.0,gov,True,False
169756,2026-02,gov,0,1.0,0.0,0.0,1.0,gov,True,False
169756,2026-03,gov,0,1.0,0.0,0.0,1.0,gov,True,False
