admin1,month,n_events,mean_sources,unique_regional_outlets,national_unique_outlets,caer
Ayeyarwady,2010-10,1,1.0,1,6,0.16666666666666666
Ayeyarwady,2011-07,1,1.0,1,10,0.1
Ayeyarwady,2011-08,2,1.0,2,9,0.2222222222222222
Ayeyarwady,2011-09,1,1.0,1,8,0.125
Ayeyarwady,2012-02,1,1.0,1,10,0.1
Ayeyarwady,2012-03,2,1.0,1,12,0.16666666666666666
Ayeyarwady,2012-05,3,1.0,2,17,0.17647058823529413
Ayeyarwady,2012-07,1,1.0,1,9,0.1111111111111111
Ayeyarwady,2012-11,1,1.0,1,13,0.07692307692307693
Ayeyarwady,2012-12,4,1.0,2,13,0.3076923076923077
Ayeyarwady,2013-01,4,1.25,4,17,0.23529411764705882
Ayeyarwady,2013-02,3,1.3333333333333333,2,10,0.3
Ayeyarwady,2013-04,1,1.0,1,12,0.08333333333333333
Ayeyarwady,2013-05,3,1.0,1,15,0.2
Ayeyarwady,2013-06,3,1.0,1,15,0.2
Ayeyarwady,2013-07,2,1.0,1,13,0.15384615384615385
Ayeyarwady,2013-09,1,1.0,1,13,0.07692307692307693
Ayeyarwady,2013-10,2,1.0,2,11,0.18181818181818182
Ayeyarwady,2013-11,1,1.0,1,13,0.07692307692307693
Ayeyarwady,2014-02,2,1.0,1,12,0.16666666666666666
Ayeyarwady,2014-03,4,1.0,1,11,0.36363636363636365
Ayeyarwady,2014-04,2,1.0,1,14,0.14285714285714285
Ayeyarwady,2014-05,4,1.0,2,11,0.36363636363636365
Ayeyarwady,2014-06,1,1.0,1,15,0.06666666666666667
Ayeyarwady,2014-07,2,1.0,1,11,0.18181818181818182
Ayeyarwady,2014-08,3,1.0,3,12,0.25
Ayeyarwady,2014-10,1,1.0,1,15,0.06666666666666667
Ayeyarwady,2015-01,1,1.0,1,12,0.08333333333333333
Ayeyarwady,2015-02,10,1.0,4,17,0.5882352941176471
Ayeyarwady,2015-03,3,1.0,1,16,0.1875
Ayeyarwady,2015-05,1,1.0,1,12,0.08333333333333333
Ayeyarwady,2015-06,1,1.0,1,13,0.07692307692307693
Ayeyarwady,2015-07,1,1.0,1,17,0.058823529411764705
Ayeyarwady,2015-09,3,1.0,3,11,0.2727272727272727
Ayeyarwady,2015-10,5,1.0,3,11,0.45454545454545453
Ayeyarwady,2015-12,1,1.0,1,16,0.0625
Ayeyarwady,2016-05,1,1.0,1,14,0.07142857142857142
Ayeyarwady,2016-09,1,1.0,1,13,0.07692307692307693
Ayeyarwady,2016-10,3,1.0,1,17,0.17647058823529413
Ayeyarwady,2017-03,1,1.0,1,12,0.08333333333333333
Ayeyarwady,2017-06,1,1.0,1,11,0.09090909090909091
Ayeyarwady,2017-09,1,1.0,1,15,0.06666666666666667
Ayeyarwady,2018-02,1,1.0,1,12,0.08333333333333333
Ayeyarwady,2018-03,2,2.0,3,18,0.1111111111111111
Ayeyarwady,2018-05,1,1.0,1,17,0.058823529411764705
Ayeyarwady,2018-06,1,1.0,1,15,0.06666666666666667
Ayeyarwady,2018-07,1,1.0,1,15,0.06666666666666667
Ayeyarwady,2018-08,1,1.0,1,14,0.07142857142857142
Ayeyarwady,2018-09,1,1.0,1,16,0.0625
Ayeyarwady,2018-10,1,1.0,1,18,0.05555555555555555
Ayeyarwady,2018-12,4,1.0,3,11,0.36363636363636365
Ayeyarwady,2019-03,2,1.0,2,21,0.09523809523809523
Ayeyarwady,2019-04,1,1.0,1,21,0.047619047619047616
Ayeyarwady,2019-05,3,1.0,2,25,0.12
Ayeyarwady,2019-06,2,1.0,2,25,0.08
Ayeyarwady,2019-07,3,1.3333333333333333,3,20,0.15
Ayeyarwady,2019-08,1,1.0,1,19,0.05263157894736842
Ayeyarwady,2019-09,6,1.1666666666666667,6,20,0.3
Ayeyarwady,2019-10,1,1.0,1,22,0.045454545454545456
Ayeyarwady,2019-11,2,1.5,3,20,0.1
Ayeyarwady,2019-12,10,1.0,6,22,0.45454545454545453
Ayeyarwady,2020-01,6,1.1666666666666667,3,26,0.23076923076923078
Ayeyarwady,2020-02,1,2.0,2,24,0.041666666666666664
Ayeyarwady,2020-03,2,1.0,1,24,0.08333333333333333
Ayeyarwady,2020-08,2,1.5,3,20,0.1
Ayeyarwady,2020-10,1,1.0,1,24,0.041666666666666664
Ayeyarwady,2020-12,2,2.0,3,23,0.08695652173913043
Ayeyarwady,2021-01,2,1.0,2,27,0.07407407407407407
Ayeyarwady,2021-02,99,1.0707070707070707,10,48,2.0625
Ayeyarwady,2021-03,87,1.1494252873563218,11,50,1.74
Ayeyarwady,2021-04,26,1.0384615384615385,6,35,0.7428571428571429
Ayeyarwady,2021-05,40,1.075,8,33,1.2121212121212122
Ayeyarwady,2021-06,49,1.163265306122449,10,30,1.6333333333333333
Ayeyarwady,2021-07,18,1.1666666666666667,5,30,0.6
Ayeyarwady,2021-08,17,1.2941176470588236,9,33,0.5151515151515151
Ayeyarwady,2021-09,43,1.1395348837209303,6,28,1.5357142857142858
Ayeyarwady,2021-10,85,1.2941176470588236,9,27,3.1481481481481484
Ayeyarwady,2021-11,59,1.1864406779661016,9,28,2.107142857142857
Ayeyarwady,2021-12,48,1.0833333333333333,5,31,1.5483870967741935
Ayeyarwady,2022-01,48,1.25,6,33,1.4545454545454546
Ayeyarwady,2022-02,28,1.1071428571428572,4,28,1.0
Ayeyarwady,2022-03,23,1.0869565217391304,4,29,0.7931034482758621
Ayeyarwady,2022-04,38,1.0789473684210527,8,30,1.2666666666666666
Ayeyarwady,2022-05,25,1.24,7,25,1.0
Ayeyarwady,2022-06,27,1.2222222222222223,7,28,0.9642857142857143
Ayeyarwady,2022-07,18,1.2777777777777777,8,28,0.6428571428571429
Ayeyarwady,2022-08,16,1.25,6,26,0.6153846153846154
Ayeyarwady,2022-09,26,1.3846153846153846,6,26,1.0
Ayeyarwady,2022-10,25,1.6,10,29,0.8620689655172413
Ayeyarwady,2022-11,18,1.2777777777777777,6,28,0.6428571428571429
Ayeyarwady,2022-12,9,1.2222222222222223,4,25,0.36
Ayeyarwady,2023-01,18,1.5555555555555556,6,24,0.75
Ayeyarwady,2023-02,5,1.6,5,26,0.19230769230769232
Ayeyarwady,2023-03,27,1.2962962962962963,8,27,1.0
Ayeyarwady,2023-04,30,1.5333333333333334,8,28,1.0714285714285714
Ayeyarwady,2023-05,38,1.6842105263157894,9,26,1.4615384615384615
Ayeyarwady,2023-06,27,1.3333333333333333,8,28,0.9642857142857143
Ayeyarwady,2023-07,23,1.173913043478261,6,27,0.8518518518518519
Ayeyarwady,2023-08,11,1.2727272727272727,8,26,0.4230769230769231
Ayeyarwady,2023-09,6,1.5,7,27,0.2222222222222222
Ayeyarwady,2023-10,5,1.0,4,30,0.16666666666666666
Ayeyarwady,2023-11,15,1.1333333333333333,3,32,0.46875
Ayeyarwady,2023-12,23,1.173913043478261,5,27,0.8518518518518519
Ayeyarwady,2024-01,22,1.2727272727272727,6,37,0.5945945945945946
Ayeyarwady,2024-02,33,1.2121212121212122,4,27,1.2222222222222223
Ayeyarwady,2024-03,9,1.7777777777777777,7,26,0.34615384615384615
Ayeyarwady,2024-04,15,1.4,5,26,0.5769230769230769
Ayeyarwady,2024-05,13,1.2307692307692308,5,31,0.41935483870967744
Ayeyarwady,2024-06,24,1.1666666666666667,5,26,0.9230769230769231
Ayeyarwady,2024-07,21,1.0,3,27,0.7777777777777778
Ayeyarwady,2024-08,27,1.2222222222222223,5,26,1.0384615384615385
Ayeyarwady,2024-09,16,1.375,4,29,0.5517241379310345
Ayeyarwady,2024-10,15,1.3333333333333333,5,29,0.5172413793103449
Ayeyarwady,2024-11,23,1.2608695652173914,5,29,0.7931034482758621
Ayeyarwady,2024-12,58,1.3620689655172413,10,27,2.1481481481481484
Ayeyarwady,2025-01,82,1.853658536585366,13,34,2.411764705882353
Ayeyarwady,2025-02,68,1.4705882352941178,11,32,2.125
Ayeyarwady,2025-03,101,1.2277227722772277,10,29,3.4827586206896552
Ayeyarwady,2025-04,48,1.3333333333333333,8,27,1.7777777777777777
Ayeyarwady,2025-05,60,1.25,7,26,2.3076923076923075
Ayeyarwady,2025-06,51,1.2156862745098038,8,28,1.8214285714285714
Ayeyarwady,2025-07,35,1.457142857142857,6,33,1.0606060606060606
Ayeyarwady,2025-08,36,1.1944444444444444,6,30,1.2
Ayeyarwady,2025-09,24,1.2083333333333333,5,28,0.8571428571428571
Ayeyarwady,2025-10,8,1.5,4,32,0.25
Ayeyarwady,2025-11,20,2.05,8,32,0.625
Ayeyarwady,2025-12,13,1.3846153846153846,3,29,0.4482758620689655
Ayeyarwady,2026-01,15,1.0666666666666667,5,33,0.45454545454545453
Ayeyarwady,2026-02,42,1.0476190476190477,5,27,1.5555555555555556
Ayeyarwady,2026-03,17,1.1764705882352942,3,29,0.5862068965517241
Ayeyarwady,2026-04,11,1.1818181818181819,4,27,0.4074074074074074
Bago-East,2010-01,3,1.0,2,6,0.5
Bago-East,2010-02,1,2.0,2,7,0.14285714285714285
Bago-East,2010-03,2,1.0,1,6,0.3333333333333333
Bago-East,2010-04,2,1.0,2,9,0.2222222222222222
Bago-East,2010-05,2,1.0,2,7,0.2857142857142857
Bago-East,2010-07,2,1.0,2,7,0.2857142857142857
Bago-East,2010-08,1,1.0,1,6,0.16666666666666666
Bago-East,2010-09,5,1.0,3,8,0.625
Bago-East,2011-02,1,1.0,1,7,0.14285714285714285
Bago-East,2011-03,1,1.0,1,10,0.1
Bago-East,2011-06,3,1.0,2,13,0.23076923076923078
Bago-East,2011-07,1,1.0,1,10,0.1
Bago-East,2011-08,1,1.0,1,9,0.1111111111111111
Bago-East,2011-10,1,1.0,1,10,0.1
Bago-East,2011-12,1,1.0,1,7,0.14285714285714285
Bago-East,2012-03,1,1.0,1,12,0.08333333333333333
Bago-East,2012-05,1,1.0,1,17,0.058823529411764705
Bago-East,2012-11,2,1.0,2,13,0.15384615384615385
Bago-East,2013-01,1,1.0,1,17,0.058823529411764705
Bago-East,2013-02,1,1.0,1,10,0.1
Bago-East,2013-05,1,1.0,1,15,0.06666666666666667
Bago-East,2013-07,1,1.0,1,13,0.07692307692307693
Bago-East,2013-08,1,1.0,1,19,0.05263157894736842
Bago-East,2013-10,1,1.0,1,11,0.09090909090909091
Bago-East,2013-11,1,1.0,1,13,0.07692307692307693
Bago-East,2014-01,2,1.0,1,14,0.14285714285714285
Bago-East,2014-02,1,1.0,1,12,0.08333333333333333
Bago-East,2014-03,3,1.6666666666666667,3,11,0.2727272727272727
Bago-East,2014-04,1,1.0,1,14,0.07142857142857142
Bago-East,2014-06,1,1.0,1,15,0.06666666666666667
Bago-East,2014-07,1,1.0,1,11,0.09090909090909091
Bago-East,2014-08,1,1.0,1,12,0.08333333333333333
Bago-East,2014-09,3,1.0,3,13,0.23076923076923078
Bago-East,2014-10,1,2.0,2,15,0.06666666666666667
Bago-East,2014-11,2,1.0,2,14,0.14285714285714285
Bago-East,2015-02,4,1.0,2,17,0.23529411764705882
Bago-East,2015-03,1,1.0,1,16,0.0625
Bago-East,2015-04,1,1.0,1,17,0.058823529411764705
Bago-East,2015-05,1,1.0,1,12,0.08333333333333333
Bago-East,2015-06,1,1.0,1,13,0.07692307692307693
Bago-East,2015-12,1,1.0,1,16,0.0625
Bago-East,2016-01,1,1.0,1,13,0.07692307692307693
Bago-East,2016-02,2,1.0,2,11,0.18181818181818182
Bago-East,2016-04,1,1.0,1,10,0.1
Bago-East,2016-06,1,1.0,1,13,0.07692307692307693
Bago-East,2016-07,1,1.0,1,12,0.08333333333333333
Bago-East,2017-02,1,1.0,1,15,0.06666666666666667
Bago-East,2017-10,1,1.0,1,14,0.07142857142857142
Bago-East,2018-01,1,1.0,1,17,0.058823529411764705
Bago-East,2018-03,1,1.0,1,18,0.05555555555555555
Bago-East,2018-08,1,1.0,1,14,0.07142857142857142
Bago-East,2018-09,2,1.0,2,16,0.125
Bago-East,2018-10,1,1.0,1,18,0.05555555555555555
Bago-East,2018-12,1,1.0,1,11,0.09090909090909091
Bago-East,2019-03,1,1.0,1,21,0.047619047619047616
Bago-East,2019-06,1,1.0,1,25,0.04
Bago-East,2019-07,2,1.0,2,20,0.1
Bago-East,2019-12,2,1.0,1,22,0.09090909090909091
Bago-East,2020-01,3,1.3333333333333333,4,26,0.11538461538461539
Bago-East,2020-02,4,1.0,1,24,0.16666666666666666
Bago-East,2020-04,2,1.0,1,27,0.07407407407407407
Bago-East,2020-06,1,1.0,1,23,0.043478260869565216
Bago-East,2020-08,3,1.6666666666666667,5,20,0.15
Bago-East,2020-11,1,2.0,2,19,0.05263157894736842
Bago-East,2020-12,1,1.0,1,23,0.043478260869565216
Bago-East,2021-01,15,1.4,7,27,0.5555555555555556
Bago-East,2021-02,94,1.053191489361702,8,48,1.9583333333333333
Bago-East,2021-03,70,1.3571428571428572,15,50,1.4
Bago-East,2021-04,32,1.125,8,35,0.9142857142857143
Bago-East,2021-05,54,1.0555555555555556,11,33,1.6363636363636365
Bago-East,2021-06,19,1.105263157894737,8,30,0.6333333333333333
Bago-East,2021-07,14,1.0714285714285714,5,30,0.4666666666666667
Bago-East,2021-08,10,1.2,5,33,0.30303030303030304
Bago-East,2021-09,23,1.173913043478261,6,28,0.8214285714285714
Bago-East,2021-10,30,1.2,10,27,1.1111111111111112
Bago-East,2021-11,20,1.1,4,28,0.7142857142857143
Bago-East,2021-12,18,1.1666666666666667,7,31,0.5806451612903226
Bago-East,2022-01,5,1.2,3,33,0.15151515151515152
Bago-East,2022-02,17,1.0588235294117647,8,28,0.6071428571428571
Bago-East,2022-03,21,1.0952380952380953,5,29,0.7241379310344828
Bago-East,2022-04,9,1.2222222222222223,5,30,0.3
Bago-East,2022-05,16,1.25,8,25,0.64
Bago-East,2022-06,31,1.6774193548387097,11,28,1.1071428571428572
Bago-East,2022-07,41,1.3902439024390243,12,28,1.4642857142857142
Bago-East,2022-08,24,1.9583333333333333,13,26,0.9230769230769231
Bago-East,2022-09,43,1.8837209302325582,10,26,1.6538461538461537
Bago-East,2022-10,23,1.391304347826087,9,29,0.7931034482758621
Bago-East,2022-11,31,2.032258064516129,14,28,1.1071428571428572
Bago-East,2022-12,30,2.033333333333333,12,25,1.2
Bago-East,2023-01,59,1.4406779661016949,14,24,2.4583333333333335
Bago-East,2023-02,63,1.6825396825396826,15,26,2.423076923076923
Bago-East,2023-03,57,1.6666666666666667,13,27,2.111111111111111
Bago-East,2023-04,30,1.9333333333333333,12,28,1.0714285714285714
Bago-East,2023-05,55,2.1818181818181817,16,26,2.1153846153846154
Bago-East,2023-06,64,1.78125,16,28,2.2857142857142856
Bago-East,2023-07,119,1.680672268907563,15,27,4.407407407407407
Bago-East,2023-08,123,1.7967479674796747,17,26,4.730769230769231
Bago-East,2023-09,78,1.8461538461538463,14,27,2.888888888888889
Bago-East,2023-10,85,1.776470588235294,13,30,2.8333333333333335
Bago-East,2023-11,91,1.4945054945054945,13,32,2.84375
Bago-East,2023-12,164,1.4695121951219512,14,27,6.074074074074074
Bago-East,2024-01,132,1.4621212121212122,16,37,3.5675675675675675
Bago-East,2024-02,102,1.6176470588235294,16,27,3.7777777777777777
Bago-East,2024-03,94,1.202127659574468,11,26,3.6153846153846154
Bago-East,2024-04,67,1.7761194029850746,9,26,2.576923076923077
Bago-East,2024-05,57,1.5614035087719298,12,31,1.8387096774193548
Bago-East,2024-06,70,1.4428571428571428,9,26,2.6923076923076925
Bago-East,2024-07,35,1.3142857142857143,5,27,1.2962962962962963
Bago-East,2024-08,97,1.3917525773195876,10,26,3.730769230769231
Bago-East,2024-09,62,1.2741935483870968,10,29,2.1379310344827585
Bago-East,2024-10,86,1.430232558139535,14,29,2.9655172413793105
Bago-East,2024-11,112,1.2589285714285714,9,29,3.8620689655172415
Bago-East,2024-12,110,1.4454545454545455,13,27,4.074074074074074
Bago-East,2025-01,54,1.8703703703703705,15,34,1.588235294117647
Bago-East,2025-02,50,2.12,13,32,1.5625
Bago-East,2025-03,67,2.0597014925373136,16,29,2.310344827586207
Bago-East,2025-04,81,2.0123456790123457,14,27,3.0
Bago-East,2025-05,96,1.7604166666666667,17,26,3.6923076923076925
Bago-East,2025-06,78,1.9743589743589745,14,28,2.7857142857142856
Bago-East,2025-07,61,1.5737704918032787,11,33,1.8484848484848484
Bago-East,2025-08,71,1.2253521126760563,9,30,2.3666666666666667
Bago-East,2025-09,27,1.8888888888888888,13,28,0.9642857142857143
Bago-East,2025-10,34,1.3529411764705883,12,32,1.0625
Bago-East,2025-11,33,1.5757575757575757,11,32,1.03125
Bago-East,2025-12,44,2.272727272727273,12,29,1.5172413793103448
Bago-East,2026-01,76,1.9736842105263157,16,33,2.303030303030303
Bago-East,2026-02,49,1.9387755102040816,12,27,1.8148148148148149
Bago-East,2026-03,50,2.56,16,29,1.7241379310344827
Bago-East,2026-04,12,3.25,10,27,0.4444444444444444
Bago-West,2011-05,1,1.0,1,10,0.1
Bago-West,2012-05,3,1.0,3,17,0.17647058823529413
Bago-West,2012-07,1,1.0,1,9,0.1111111111111111
Bago-West,2012-09,2,1.0,1,10,0.2
Bago-West,2012-11,1,1.0,1,13,0.07692307692307693
Bago-West,2012-12,4,1.0,1,13,0.3076923076923077
Bago-West,2013-02,1,1.0,1,10,0.1
Bago-West,2013-03,11,1.0,5,15,0.7333333333333333
Bago-West,2013-05,2,1.5,3,15,0.13333333333333333
Bago-West,2013-08,1,1.0,1,19,0.05263157894736842
Bago-West,2014-02,6,1.0,2,12,0.5
Bago-West,2014-03,3,1.0,2,11,0.2727272727272727
Bago-West,2014-04,4,1.0,1,14,0.2857142857142857
Bago-West,2014-05,6,1.0,2,11,0.5454545454545454
Bago-West,2014-06,1,1.0,1,15,0.06666666666666667
Bago-West,2014-07,2,1.0,1,11,0.18181818181818182
Bago-West,2014-08,2,1.0,2,12,0.16666666666666666
Bago-West,2014-11,2,1.0,1,14,0.14285714285714285
Bago-West,2014-12,2,1.0,2,15,0.13333333333333333
Bago-West,2015-02,6,1.0,3,17,0.35294117647058826
Bago-West,2015-03,12,1.0,7,16,0.75
Bago-West,2015-04,1,1.0,1,17,0.058823529411764705
Bago-West,2015-05,1,1.0,1,12,0.08333333333333333
Bago-West,2015-10,1,1.0,1,11,0.09090909090909091
Bago-West,2015-11,1,1.0,1,12,0.08333333333333333
Bago-West,2016-07,1,1.0,1,12,0.08333333333333333
Bago-West,2016-09,3,1.0,1,13,0.23076923076923078
Bago-West,2016-10,1,1.0,1,17,0.058823529411764705
Bago-West,2016-11,1,1.0,1,22,0.045454545454545456
Bago-West,2017-02,2,2.0,3,15,0.13333333333333333
Bago-West,2017-03,1,1.0,1,12,0.08333333333333333
Bago-West,2017-04,1,1.0,1,11,0.09090909090909091
Bago-West,2017-06,1,1.0,1,11,0.09090909090909091
Bago-West,2017-10,1,1.0,1,14,0.07142857142857142
Bago-West,2017-12,1,1.0,1,16,0.0625
Bago-West,2018-02,1,1.0,1,12,0.08333333333333333
Bago-West,2018-05,3,1.0,2,17,0.17647058823529413
Bago-West,2018-07,1,1.0,1,15,0.06666666666666667
Bago-West,2018-09,1,2.0,2,16,0.0625
Bago-West,2018-12,1,1.0,1,11,0.09090909090909091
Bago-West,2019-03,2,1.0,2,21,0.09523809523809523
Bago-West,2019-04,1,1.0,1,21,0.047619047619047616
Bago-West,2019-05,4,1.0,4,25,0.16
Bago-West,2019-06,2,1.0,2,25,0.08
Bago-West,2019-11,1,1.0,1,20,0.05
Bago-West,2019-12,12,1.0,3,22,0.5454545454545454
Bago-West,2020-04,1,1.0,1,27,0.037037037037037035
Bago-West,2021-01,1,1.0,1,27,0.037037037037037035
Bago-West,2021-02,62,1.064516129032258,9,48,1.2916666666666667
Bago-West,2021-03,21,1.2857142857142858,11,50,0.42
Bago-West,2021-04,10,1.0,7,35,0.2857142857142857
Bago-West,2021-05,21,1.2380952380952381,9,33,0.6363636363636364
Bago-West,2021-06,13,1.2307692307692308,8,30,0.43333333333333335
Bago-West,2021-07,14,1.1428571428571428,3,30,0.4666666666666667
Bago-West,2021-08,7,1.1428571428571428,4,33,0.21212121212121213
Bago-West,2021-09,13,1.2307692307692308,7,28,0.4642857142857143
Bago-West,2021-10,31,1.1612903225806452,4,27,1.1481481481481481
Bago-West,2021-11,27,1.1481481481481481,6,28,0.9642857142857143
Bago-West,2021-12,21,1.1904761904761905,3,31,0.6774193548387096
Bago-West,2022-01,11,1.2727272727272727,7,33,0.3333333333333333
Bago-West,2022-02,29,1.206896551724138,7,28,1.0357142857142858
Bago-West,2022-03,28,1.2142857142857142,7,29,0.9655172413793104
Bago-West,2022-04,16,1.4375,5,30,0.5333333333333333
Bago-West,2022-05,27,1.3703703703703705,7,25,1.08
Bago-West,2022-06,10,1.0,4,28,0.35714285714285715
Bago-West,2022-07,19,1.5263157894736843,9,28,0.6785714285714286
Bago-West,2022-08,15,1.2,5,26,0.5769230769230769
Bago-West,2022-09,10,1.3,8,26,0.38461538461538464
Bago-West,2022-10,27,1.7777777777777777,11,29,0.9310344827586207
Bago-West,2022-11,13,1.5384615384615385,6,28,0.4642857142857143
Bago-West,2022-12,11,2.090909090909091,11,25,0.44
Bago-West,2023-01,20,1.95,9,24,0.8333333333333334
Bago-West,2023-02,13,1.3846153846153846,6,26,0.5
Bago-West,2023-03,28,2.0357142857142856,11,27,1.037037037037037
Bago-West,2023-04,26,2.1923076923076925,9,28,0.9285714285714286
Bago-West,2023-05,14,1.8571428571428572,8,26,0.5384615384615384
Bago-West,2023-06,23,1.8695652173913044,10,28,0.8214285714285714
Bago-West,2023-07,24,1.75,10,27,0.8888888888888888
Bago-West,2023-08,18,1.6666666666666667,8,26,0.6923076923076923
Bago-West,2023-09,33,1.7878787878787878,10,27,1.2222222222222223
Bago-West,2023-10,29,1.896551724137931,11,30,0.9666666666666667
Bago-West,2023-11,27,1.4074074074074074,4,32,0.84375
Bago-West,2023-12,42,1.4047619047619047,5,27,1.5555555555555556
Bago-West,2024-01,46,1.4565217391304348,11,37,1.2432432432432432
Bago-West,2024-02,29,1.7241379310344827,6,27,1.0740740740740742
Bago-West,2024-03,53,1.7924528301886793,8,26,2.0384615384615383
Bago-West,2024-04,40,1.425,6,26,1.5384615384615385
Bago-West,2024-05,32,1.59375,6,31,1.032258064516129
Bago-West,2024-06,25,1.4,8,26,0.9615384615384616
Bago-West,2024-07,16,1.25,4,27,0.5925925925925926
Bago-West,2024-08,67,1.6417910447761195,11,26,2.576923076923077
Bago-West,2024-09,26,1.5769230769230769,4,29,0.896551724137931
Bago-West,2024-10,41,1.7073170731707317,8,29,1.4137931034482758
Bago-West,2024-11,51,1.4901960784313726,9,29,1.7586206896551724
Bago-West,2024-12,73,1.5342465753424657,8,27,2.7037037037037037
Bago-West,2025-01,100,1.29,9,34,2.9411764705882355
Bago-West,2025-02,81,1.6666666666666667,14,32,2.53125
Bago-West,2025-03,74,1.5,14,29,2.5517241379310347
Bago-West,2025-04,63,1.3968253968253967,9,27,2.3333333333333335
Bago-West,2025-05,65,1.4615384615384615,9,26,2.5
Bago-West,2025-06,86,2.1627906976744184,13,28,3.0714285714285716
Bago-West,2025-07,61,1.7868852459016393,10,33,1.8484848484848484
Bago-West,2025-08,43,1.744186046511628,9,30,1.4333333333333333
Bago-West,2025-09,68,1.588235294117647,10,28,2.4285714285714284
Bago-West,2025-10,70,1.5714285714285714,13,32,2.1875
Bago-West,2025-11,54,1.9444444444444444,10,32,1.6875
Bago-West,2025-12,90,1.5333333333333334,14,29,3.103448275862069
Bago-West,2026-01,58,1.6724137931034482,12,33,1.7575757575757576
Bago-West,2026-02,46,1.5217391304347827,11,27,1.7037037037037037
Bago-West,2026-03,45,1.7555555555555555,12,29,1.5517241379310345
Bago-West,2026-04,25,1.8,8,27,0.9259259259259259
Chin,2010-04,1,1.0,1,9,0.1111111111111111
Chin,2010-11,1,1.0,1,13,0.07692307692307693
Chin,2011-03,1,1.0,1,10,0.1
Chin,2012-01,1,1.0,1,10,0.1
Chin,2012-05,1,1.0,1,17,0.058823529411764705
Chin,2012-07,1,1.0,1,9,0.1111111111111111
Chin,2012-09,1,2.0,2,10,0.1
Chin,2013-06,1,1.0,1,15,0.06666666666666667
Chin,2014-03,1,2.0,2,11,0.09090909090909091
Chin,2014-06,5,1.0,2,15,0.3333333333333333
Chin,2014-08,1,1.0,1,12,0.08333333333333333
Chin,2015-03,6,1.0,1,16,0.375
Chin,2015-04,3,1.3333333333333333,3,17,0.17647058823529413
Chin,2015-10,2,1.0,1,11,0.18181818181818182
Chin,2016-01,5,1.0,3,13,0.38461538461538464
Chin,2016-03,4,1.0,3,13,0.3076923076923077
Chin,2016-06,3,1.3333333333333333,4,13,0.23076923076923078
Chin,2016-10,2,1.0,2,17,0.11764705882352941
Chin,2016-11,1,1.0,1,22,0.045454545454545456
Chin,2016-12,1,1.0,1,16,0.0625
Chin,2017-01,2,1.0,2,16,0.125
Chin,2017-05,2,1.0,2,13,0.15384615384615385
Chin,2017-08,7,1.1428571428571428,4,12,0.5833333333333334
Chin,2017-09,2,1.0,1,15,0.13333333333333333
Chin,2017-11,18,1.5555555555555556,5,18,1.0
Chin,2017-12,10,1.8,4,16,0.625
Chin,2018-05,8,1.0,4,17,0.47058823529411764
Chin,2018-09,5,1.4,4,16,0.3125
Chin,2018-10,8,1.0,5,18,0.4444444444444444
Chin,2018-11,5,1.0,2,12,0.4166666666666667
Chin,2018-12,6,1.3333333333333333,2,11,0.5454545454545454
Chin,2019-01,5,1.0,3,20,0.25
Chin,2019-02,7,1.2857142857142858,6,19,0.3684210526315789
Chin,2019-03,9,1.0,3,21,0.42857142857142855
Chin,2019-04,4,1.0,3,21,0.19047619047619047
Chin,2019-05,6,1.0,4,25,0.24
Chin,2019-06,11,1.1818181818181819,8,25,0.44
Chin,2019-07,5,1.4,6,20,0.25
Chin,2019-08,13,1.0,5,19,0.6842105263157895
Chin,2019-09,3,1.3333333333333333,3,20,0.15
Chin,2019-10,14,1.2142857142857142,7,22,0.6363636363636364
Chin,2019-11,6,1.3333333333333333,6,20,0.3
Chin,2019-12,21,1.2380952380952381,10,22,0.9545454545454546
Chin,2020-01,18,1.5,10,26,0.6923076923076923
Chin,2020-02,27,1.1481481481481481,8,24,1.125
Chin,2020-03,22,1.5454545454545454,13,24,0.9166666666666666
Chin,2020-04,17,1.2941176470588236,10,27,0.6296296296296297
Chin,2020-05,15,1.2,7,26,0.5769230769230769
Chin,2020-06,2,1.5,3,23,0.08695652173913043
Chin,2020-07,3,2.0,5,19,0.15789473684210525
Chin,2020-08,1,2.0,2,20,0.05
Chin,2020-09,7,2.142857142857143,10,26,0.2692307692307692
Chin,2020-10,6,1.8333333333333333,7,24,0.25
Chin,2020-11,1,1.0,1,19,0.05263157894736842
Chin,2020-12,1,1.0,1,23,0.043478260869565216
Chin,2021-01,1,2.0,2,27,0.037037037037037035
Chin,2021-02,117,1.0683760683760684,10,48,2.4375
Chin,2021-03,81,1.0246913580246915,7,50,1.62
Chin,2021-04,30,1.2666666666666666,7,35,0.8571428571428571
Chin,2021-05,73,1.6164383561643836,17,33,2.212121212121212
Chin,2021-06,35,1.7428571428571429,16,30,1.1666666666666667
Chin,2021-07,20,1.35,9,30,0.6666666666666666
Chin,2021-08,33,1.303030303030303,11,33,1.0
Chin,2021-09,58,1.4310344827586208,12,28,2.0714285714285716
Chin,2021-10,69,1.3478260869565217,14,27,2.5555555555555554
Chin,2021-11,60,1.55,14,28,2.142857142857143
Chin,2021-12,59,1.2881355932203389,14,31,1.903225806451613
Chin,2022-01,126,1.5317460317460319,18,33,3.8181818181818183
Chin,2022-02,58,1.2758620689655173,9,28,2.0714285714285716
Chin,2022-03,59,1.4406779661016949,13,29,2.0344827586206895
Chin,2022-04,45,1.7555555555555555,10,30,1.5
Chin,2022-05,54,1.8703703703703705,16,25,2.16
Chin,2022-06,49,1.7142857142857142,15,28,1.75
Chin,2022-07,49,1.8571428571428572,14,28,1.75
Chin,2022-08,51,1.8235294117647058,15,26,1.9615384615384615
Chin,2022-09,39,1.9743589743589745,13,26,1.5
Chin,2022-10,48,1.9375,13,29,1.6551724137931034
Chin,2022-11,36,2.7222222222222223,15,28,1.2857142857142858
Chin,2022-12,15,2.1333333333333333,8,25,0.6
Chin,2023-01,44,1.9772727272727273,17,24,1.8333333333333333
Chin,2023-02,29,2.206896551724138,14,26,1.1153846153846154
Chin,2023-03,41,1.5853658536585367,14,27,1.5185185185185186
Chin,2023-04,57,2.1052631578947367,16,28,2.0357142857142856
Chin,2023-05,29,2.1724137931034484,12,26,1.1153846153846154
Chin,2023-06,29,1.8275862068965518,13,28,1.0357142857142858
Chin,2023-07,48,2.7083333333333335,13,27,1.7777777777777777
Chin,2023-08,28,2.642857142857143,15,26,1.0769230769230769
Chin,2023-09,23,1.8695652173913044,13,27,0.8518518518518519
Chin,2023-10,9,3.0,10,30,0.3
Chin,2023-11,66,2.9545454545454546,19,32,2.0625
Chin,2023-12,62,2.0806451612903225,14,27,2.2962962962962963
Chin,2024-01,68,2.3970588235294117,16,37,1.837837837837838
Chin,2024-02,21,1.5238095238095237,9,27,0.7777777777777778
Chin,2024-03,38,1.6578947368421053,8,26,1.4615384615384615
Chin,2024-04,38,2.1578947368421053,13,26,1.4615384615384615
Chin,2024-05,51,3.372549019607843,17,31,1.6451612903225807
Chin,2024-06,45,2.9555555555555557,13,26,1.7307692307692308
Chin,2024-07,38,2.1842105263157894,12,27,1.4074074074074074
Chin,2024-08,28,1.9285714285714286,12,26,1.0769230769230769
Chin,2024-09,33,1.9090909090909092,9,29,1.1379310344827587
Chin,2024-10,37,2.7837837837837838,11,29,1.2758620689655173
Chin,2024-11,57,2.5789473684210527,14,29,1.9655172413793103
Chin,2024-12,32,2.875,14,27,1.1851851851851851
Chin,2025-01,17,2.0,12,34,0.5
Chin,2025-02,19,1.894736842105263,13,32,0.59375
Chin,2025-03,17,2.235294117647059,9,29,0.5862068965517241
Chin,2025-04,25,2.88,12,27,0.9259259259259259
Chin,2025-05,27,2.740740740740741,11,26,1.0384615384615385
Chin,2025-06,9,2.6666666666666665,5,28,0.32142857142857145
Chin,2025-07,27,4.296296296296297,15,33,0.8181818181818182
Chin,2025-08,22,1.8636363636363635,7,30,0.7333333333333333
Chin,2025-09,13,1.7692307692307692,11,28,0.4642857142857143
Chin,2025-10,24,3.6666666666666665,14,32,0.75
Chin,2025-11,47,3.3617021276595747,15,32,1.46875
Chin,2025-12,41,2.048780487804878,13,29,1.4137931034482758
Chin,2026-01,41,2.5121951219512195,14,33,1.2424242424242424
Chin,2026-02,55,2.727272727272727,14,27,2.037037037037037
Chin,2026-03,73,2.547945205479452,15,29,2.5172413793103448
Chin,2026-04,12,2.6666666666666665,11,27,0.4444444444444444
Kachin,2010-01,1,1.0,1,6,0.16666666666666666
Kachin,2010-04,1,1.0,1,9,0.1111111111111111
Kachin,2010-05,2,1.0,1,7,0.2857142857142857
Kachin,2010-09,1,1.0,1,8,0.125
Kachin,2010-10,1,1.0,1,6,0.16666666666666666
Kachin,2010-11,1,1.0,1,13,0.07692307692307693
Kachin,2010-12,1,1.0,1,6,0.16666666666666666
Kachin,2011-02,1,1.0,1,7,0.14285714285714285
Kachin,2011-04,1,1.0,1,7,0.14285714285714285
Kachin,2011-05,6,1.0,5,10,0.6
Kachin,2011-06,37,1.0,8,13,2.8461538461538463
Kachin,2011-07,26,1.0,6,10,2.6
Kachin,2011-08,16,1.0,4,9,1.7777777777777777
Kachin,2011-09,33,1.0,3,8,4.125
Kachin,2011-10,62,1.0,5,10,6.2
Kachin,2011-11,31,1.032258064516129,8,13,2.3846153846153846
Kachin,2011-12,16,1.0,3,7,2.2857142857142856
Kachin,2012-01,9,1.2222222222222223,4,10,0.9
Kachin,2012-02,7,1.0,2,10,0.7
Kachin,2012-03,16,1.0625,5,12,1.3333333333333333
Kachin,2012-04,33,1.0,3,7,4.714285714285714
Kachin,2012-05,39,1.0769230769230769,6,17,2.2941176470588234
Kachin,2012-06,15,1.0666666666666667,5,19,0.7894736842105263
Kachin,2012-07,15,1.0,3,9,1.6666666666666667
Kachin,2012-08,32,1.0625,5,13,2.4615384615384617
Kachin,2012-09,23,1.0,3,10,2.3
Kachin,2012-10,28,1.0357142857142858,2,13,2.1538461538461537
Kachin,2012-11,24,1.0416666666666667,7,13,1.8461538461538463
Kachin,2012-12,40,1.1,7,13,3.076923076923077
Kachin,2013-01,72,1.0555555555555556,10,17,4.235294117647059
Kachin,2013-02,24,1.0,5,10,2.4
Kachin,2013-03,29,1.0,5,15,1.9333333333333333
Kachin,2013-04,10,1.0,2,12,0.8333333333333334
Kachin,2013-05,6,1.3333333333333333,4,15,0.4
Kachin,2013-06,6,1.0,3,15,0.4
Kachin,2013-07,1,1.0,1,13,0.07692307692307693
Kachin,2013-08,12,1.0,4,19,0.631578947368421
Kachin,2013-09,21,1.0,3,13,1.6153846153846154
Kachin,2013-10,23,1.0,5,11,2.090909090909091
Kachin,2013-11,27,1.037037037037037,5,13,2.076923076923077
Kachin,2013-12,6,1.0,3,10,0.6
Kachin,2014-01,13,1.0769230769230769,6,14,0.9285714285714286
Kachin,2014-02,10,1.2,5,12,0.8333333333333334
Kachin,2014-03,6,1.1666666666666667,5,11,0.5454545454545454
Kachin,2014-04,25,1.08,9,14,1.7857142857142858
Kachin,2014-05,11,1.0909090909090908,5,11,1.0
Kachin,2014-06,9,1.0,3,15,0.6
Kachin,2014-07,2,2.0,2,11,0.18181818181818182
Kachin,2014-08,5,1.0,3,12,0.4166666666666667
Kachin,2014-09,4,1.0,3,13,0.3076923076923077
Kachin,2014-10,3,1.0,2,15,0.2
Kachin,2014-11,24,1.1666666666666667,9,14,1.7142857142857142
Kachin,2014-12,6,1.0,3,15,0.4
Kachin,2015-01,19,1.0,5,12,1.5833333333333333
Kachin,2015-02,8,1.0,3,17,0.47058823529411764
Kachin,2015-03,15,1.1333333333333333,5,16,0.9375
Kachin,2015-04,17,1.3529411764705883,8,17,1.0
Kachin,2015-05,21,1.2380952380952381,7,12,1.75
Kachin,2015-06,18,1.0555555555555556,5,13,1.3846153846153846
Kachin,2015-07,12,1.25,4,17,0.7058823529411765
Kachin,2015-08,8,1.25,4,10,0.8
Kachin,2015-09,33,1.1818181818181819,4,11,3.0
Kachin,2015-10,26,1.0384615384615385,5,11,2.3636363636363638
Kachin,2015-11,18,1.0555555555555556,4,12,1.5
Kachin,2015-12,7,1.0,5,16,0.4375
Kachin,2016-01,5,1.2,4,13,0.38461538461538464
Kachin,2016-02,7,1.1428571428571428,4,11,0.6363636363636364
Kachin,2016-03,8,1.375,5,13,0.6153846153846154
Kachin,2016-04,18,1.2777777777777777,6,10,1.8
Kachin,2016-05,41,1.048780487804878,8,14,2.9285714285714284
Kachin,2016-06,26,1.2307692307692308,8,13,2.0
Kachin,2016-07,19,1.368421052631579,5,12,1.5833333333333333
Kachin,2016-08,60,1.1,10,12,5.0
Kachin,2016-09,33,1.1515151515151516,7,13,2.5384615384615383
Kachin,2016-10,45,1.0222222222222221,8,17,2.6470588235294117
Kachin,2016-11,9,1.0,4,22,0.4090909090909091
Kachin,2016-12,57,1.0175438596491229,6,16,3.5625
Kachin,2017-01,52,1.0576923076923077,8,16,3.25
Kachin,2017-02,8,1.0,2,15,0.5333333333333333
Kachin,2017-03,6,1.0,5,12,0.5
Kachin,2017-04,8,1.0,2,11,0.7272727272727273
Kachin,2017-05,10,1.0,3,13,0.7692307692307693
Kachin,2017-06,21,1.4761904761904763,6,11,1.9090909090909092
Kachin,2017-07,19,1.0,3,13,1.4615384615384615
Kachin,2017-08,16,1.25,5,12,1.3333333333333333
Kachin,2017-09,14,1.1428571428571428,3,15,0.9333333333333333
Kachin,2017-10,25,1.2,6,14,1.7857142857142858
Kachin,2017-11,44,1.0227272727272727,7,18,2.4444444444444446
Kachin,2017-12,61,1.1639344262295082,6,16,3.8125
Kachin,2018-01,74,1.0945945945945945,11,17,4.352941176470588
Kachin,2018-02,44,1.1136363636363635,7,12,3.6666666666666665
Kachin,2018-03,46,1.0,2,18,2.5555555555555554
Kachin,2018-04,83,1.072289156626506,7,17,4.882352941176471
Kachin,2018-05,61,1.0163934426229508,5,17,3.588235294117647
Kachin,2018-06,9,1.0,3,15,0.6
Kachin,2018-07,26,1.0384615384615385,3,15,1.7333333333333334
Kachin,2018-08,7,1.1428571428571428,4,14,0.5
Kachin,2018-09,9,1.0,4,16,0.5625
Kachin,2018-10,7,1.0,4,18,0.3888888888888889
Kachin,2018-11,6,1.1666666666666667,3,12,0.5
Kachin,2018-12,5,1.2,4,11,0.45454545454545453
Kachin,2019-01,1,1.0,1,20,0.05
Kachin,2019-02,5,1.0,4,19,0.2631578947368421
Kachin,2019-03,5,1.0,3,21,0.23809523809523808
Kachin,2019-04,5,1.0,3,21,0.23809523809523808
Kachin,2019-05,4,1.0,2,25,0.16
Kachin,2019-06,4,1.0,3,25,0.16
Kachin,2019-08,4,1.25,2,19,0.21052631578947367
Kachin,2019-09,3,1.6666666666666667,4,20,0.15
Kachin,2019-10,3,1.3333333333333333,4,22,0.13636363636363635
Kachin,2019-11,3,2.0,3,20,0.15
Kachin,2019-12,5,1.0,3,22,0.22727272727272727
Kachin,2020-01,2,1.0,2,26,0.07692307692307693
Kachin,2020-02,3,1.0,1,24,0.125
Kachin,2020-03,3,1.6666666666666667,3,24,0.125
Kachin,2020-06,2,2.0,2,23,0.08695652173913043
Kachin,2020-07,1,3.0,3,19,0.05263157894736842
Kachin,2020-08,1,1.0,1,20,0.05
Kachin,2020-09,1,1.0,1,26,0.038461538461538464
Kachin,2020-10,1,1.0,1,24,0.041666666666666664
Kachin,2020-11,1,1.0,1,19,0.05263157894736842
Kachin,2020-12,3,1.0,2,23,0.13043478260869565
Kachin,2021-01,3,1.0,2,27,0.1111111111111111
Kachin,2021-02,154,1.2857142857142858,17,48,3.2083333333333335
Kachin,2021-03,141,1.297872340425532,19,50,2.82
Kachin,2021-04,239,1.205020920502092,19,35,6.828571428571428
Kachin,2021-05,305,1.1737704918032787,17,33,9.242424242424242
Kachin,2021-06,161,1.1801242236024845,13,30,5.366666666666666
Kachin,2021-07,103,1.2427184466019416,13,30,3.433333333333333
Kachin,2021-08,77,1.2077922077922079,15,33,2.3333333333333335
Kachin,2021-09,82,1.2560975609756098,11,28,2.9285714285714284
Kachin,2021-10,68,1.3235294117647058,13,27,2.5185185185185186
Kachin,2021-11,63,1.253968253968254,13,28,2.25
Kachin,2021-12,64,1.203125,10,31,2.064516129032258
Kachin,2022-01,50,1.22,10,33,1.5151515151515151
Kachin,2022-02,85,1.3647058823529412,14,28,3.0357142857142856
Kachin,2022-03,65,1.4923076923076923,15,29,2.2413793103448274
Kachin,2022-04,54,1.5555555555555556,12,30,1.8
Kachin,2022-05,60,1.3333333333333333,10,25,2.4
Kachin,2022-06,76,1.5526315789473684,16,28,2.7142857142857144
Kachin,2022-07,66,1.878787878787879,16,28,2.357142857142857
Kachin,2022-08,71,1.6056338028169015,14,26,2.730769230769231
Kachin,2022-09,55,1.5636363636363637,13,26,2.1153846153846154
Kachin,2022-10,73,1.7397260273972603,17,29,2.5172413793103448
Kachin,2022-11,73,1.5205479452054795,15,28,2.607142857142857
Kachin,2022-12,39,1.5384615384615385,14,25,1.56
Kachin,2023-01,59,1.5423728813559323,15,24,2.4583333333333335
Kachin,2023-02,56,1.5535714285714286,15,26,2.1538461538461537
Kachin,2023-03,90,1.6,15,27,3.3333333333333335
Kachin,2023-04,61,1.721311475409836,17,28,2.1785714285714284
Kachin,2023-05,61,1.4426229508196722,13,26,2.3461538461538463
Kachin,2023-06,30,1.7666666666666666,13,28,1.0714285714285714
Kachin,2023-07,76,1.5921052631578947,14,27,2.814814814814815
Kachin,2023-08,91,1.6923076923076923,16,26,3.5
Kachin,2023-09,104,2.173076923076923,18,27,3.8518518518518516
Kachin,2023-10,84,2.25,18,30,2.8
Kachin,2023-11,42,1.6904761904761905,15,32,1.3125
Kachin,2023-12,39,1.5384615384615385,11,27,1.4444444444444444
Kachin,2024-01,71,2.183098591549296,15,37,1.9189189189189189
Kachin,2024-02,87,1.9885057471264367,14,27,3.2222222222222223
Kachin,2024-03,187,2.449197860962567,17,26,7.1923076923076925
Kachin,2024-04,105,2.0952380952380953,15,26,4.038461538461538
Kachin,2024-05,125,2.152,16,31,4.032258064516129
Kachin,2024-06,62,2.532258064516129,14,26,2.3846153846153846
Kachin,2024-07,35,1.2857142857142858,7,27,1.2962962962962963
Kachin,2024-08,46,2.739130434782609,14,26,1.7692307692307692
Kachin,2024-09,66,2.9696969696969697,13,29,2.2758620689655173
Kachin,2024-10,53,3.0377358490566038,14,29,1.8275862068965518
Kachin,2024-11,32,2.1875,15,29,1.103448275862069
Kachin,2024-12,49,2.3469387755102042,13,27,1.8148148148148149
Kachin,2025-01,33,3.5454545454545454,15,34,0.9705882352941176
Kachin,2025-02,59,2.23728813559322,17,32,1.84375
Kachin,2025-03,45,1.7777777777777777,12,29,1.5517241379310345
Kachin,2025-04,85,1.6941176470588235,13,27,3.1481481481481484
Kachin,2025-05,64,2.0,14,26,2.4615384615384617
Kachin,2025-06,72,1.9444444444444444,14,28,2.5714285714285716
Kachin,2025-07,83,1.891566265060241,16,33,2.515151515151515
Kachin,2025-08,112,2.0714285714285716,16,30,3.7333333333333334
Kachin,2025-09,93,1.946236559139785,12,28,3.3214285714285716
Kachin,2025-10,57,1.894736842105263,12,32,1.78125
Kachin,2025-11,45,1.8222222222222222,11,32,1.40625
Kachin,2025-12,42,1.8333333333333333,14,29,1.4482758620689655
Kachin,2026-01,45,2.1555555555555554,15,33,1.3636363636363635
Kachin,2026-02,114,1.9736842105263157,16,27,4.222222222222222
Kachin,2026-03,39,1.7179487179487178,12,29,1.3448275862068966
Kachin,2026-04,32,2.09375,13,27,1.1851851851851851
Kayah,2010-04,1,1.0,1,9,0.1111111111111111
Kayah,2010-10,1,1.0,1,6,0.16666666666666666
Kayah,2011-05,1,1.0,1,10,0.1
Kayah,2011-12,1,1.0,1,7,0.14285714285714285
Kayah,2012-03,1,1.0,1,12,0.08333333333333333
Kayah,2012-06,2,1.0,1,19,0.10526315789473684
Kayah,2013-01,1,1.0,1,17,0.058823529411764705
Kayah,2013-04,1,1.0,1,12,0.08333333333333333
Kayah,2014-01,1,1.0,1,14,0.07142857142857142
Kayah,2014-05,1,1.0,1,11,0.09090909090909091
Kayah,2014-11,1,1.0,1,14,0.07142857142857142
Kayah,2015-03,1,1.0,1,16,0.0625
Kayah,2015-04,1,1.0,1,17,0.058823529411764705
Kayah,2015-05,1,1.0,1,12,0.08333333333333333
Kayah,2015-11,3,1.0,1,12,0.25
Kayah,2016-05,1,1.0,1,14,0.07142857142857142
Kayah,2016-08,1,1.0,1,12,0.08333333333333333
Kayah,2016-09,1,1.0,1,13,0.07692307692307693
Kayah,2016-10,2,1.0,2,17,0.11764705882352941
Kayah,2017-02,1,1.0,1,15,0.06666666666666667
Kayah,2017-12,2,2.0,3,16,0.125
Kayah,2018-01,2,1.0,1,17,0.11764705882352941
Kayah,2018-03,1,1.0,1,18,0.05555555555555555
Kayah,2018-04,1,1.0,1,17,0.058823529411764705
Kayah,2018-05,2,1.0,1,17,0.11764705882352941
Kayah,2018-07,1,1.0,1,15,0.06666666666666667
Kayah,2018-10,1,1.0,1,18,0.05555555555555555
Kayah,2019-01,6,1.0,2,20,0.3
Kayah,2019-02,11,1.0,6,19,0.5789473684210527
Kayah,2019-06,3,1.6666666666666667,5,25,0.12
Kayah,2019-07,3,1.6666666666666667,2,20,0.15
Kayah,2019-09,3,1.3333333333333333,3,20,0.15
Kayah,2020-01,1,1.0,1,26,0.038461538461538464
Kayah,2020-02,1,1.0,1,24,0.041666666666666664
Kayah,2020-05,1,1.0,1,26,0.038461538461538464
Kayah,2021-02,34,1.2647058823529411,7,48,0.7083333333333334
Kayah,2021-03,22,1.1363636363636365,9,50,0.44
Kayah,2021-04,12,1.1666666666666667,7,35,0.34285714285714286
Kayah,2021-05,89,1.3707865168539326,17,33,2.696969696969697
Kayah,2021-06,45,1.3555555555555556,15,30,1.5
Kayah,2021-07,25,1.08,8,30,0.8333333333333334
Kayah,2021-08,52,1.3076923076923077,14,33,1.5757575757575757
Kayah,2021-09,57,1.4035087719298245,11,28,2.0357142857142856
Kayah,2021-10,40,1.575,12,27,1.4814814814814814
Kayah,2021-11,26,1.9615384615384615,12,28,0.9285714285714286
Kayah,2021-12,41,1.7073170731707317,16,31,1.3225806451612903
Kayah,2022-01,89,1.7303370786516854,18,33,2.696969696969697
Kayah,2022-02,45,1.488888888888889,13,28,1.6071428571428572
Kayah,2022-03,81,1.5802469135802468,15,29,2.793103448275862
Kayah,2022-04,76,1.4605263157894737,12,30,2.533333333333333
Kayah,2022-05,50,1.5,13,25,2.0
Kayah,2022-06,60,1.8333333333333333,11,28,2.142857142857143
Kayah,2022-07,28,2.0357142857142856,10,28,1.0
Kayah,2022-08,62,1.8225806451612903,12,26,2.3846153846153846
Kayah,2022-09,41,1.951219512195122,12,26,1.5769230769230769
Kayah,2022-10,23,2.130434782608696,11,29,0.7931034482758621
Kayah,2022-11,43,1.8372093023255813,14,28,1.5357142857142858
Kayah,2022-12,27,2.1481481481481484,13,25,1.08
Kayah,2023-01,35,1.6857142857142857,12,24,1.4583333333333333
Kayah,2023-02,34,2.0,14,26,1.3076923076923077
Kayah,2023-03,62,1.6451612903225807,15,27,2.2962962962962963
Kayah,2023-04,22,2.772727272727273,14,28,0.7857142857142857
Kayah,2023-05,42,1.8571428571428572,12,26,1.6153846153846154
Kayah,2023-06,45,2.2444444444444445,18,28,1.6071428571428572
Kayah,2023-07,49,1.8571428571428572,16,27,1.8148148148148149
Kayah,2023-08,60,2.1166666666666667,14,26,2.3076923076923075
Kayah,2023-09,25,1.6,9,27,0.9259259259259259
Kayah,2023-10,25,1.96,11,30,0.8333333333333334
Kayah,2023-11,65,2.6769230769230767,18,32,2.03125
Kayah,2023-12,26,1.6923076923076923,11,27,0.9629629629629629
Kayah,2024-01,18,1.8333333333333333,12,37,0.4864864864864865
Kayah,2024-02,18,4.277777777777778,16,27,0.6666666666666666
Kayah,2024-03,15,1.8,11,26,0.5769230769230769
Kayah,2024-04,4,5.0,12,26,0.15384615384615385
Kayah,2024-05,18,1.7777777777777777,11,31,0.5806451612903226
Kayah,2024-06,6,1.8333333333333333,7,26,0.23076923076923078
Kayah,2024-07,18,1.4444444444444444,11,27,0.6666666666666666
Kayah,2024-08,3,1.6666666666666667,4,26,0.11538461538461539
Kayah,2024-09,10,5.6,15,29,0.3448275862068966
Kayah,2024-10,3,2.3333333333333335,5,29,0.10344827586206896
Kayah,2024-11,19,1.894736842105263,8,29,0.6551724137931034
Kayah,2024-12,12,2.8333333333333335,8,27,0.4444444444444444
Kayah,2025-01,24,2.875,11,34,0.7058823529411765
Kayah,2025-02,10,3.2,10,32,0.3125
Kayah,2025-03,26,2.3461538461538463,13,29,0.896551724137931
Kayah,2025-04,13,2.6923076923076925,11,27,0.48148148148148145
Kayah,2025-05,10,2.0,7,26,0.38461538461538464
Kayah,2025-06,12,2.5833333333333335,8,28,0.42857142857142855
Kayah,2025-07,35,2.8857142857142857,17,33,1.0606060606060606
Kayah,2025-08,46,2.130434782608696,17,30,1.5333333333333334
Kayah,2025-09,32,1.6875,12,28,1.1428571428571428
Kayah,2025-10,30,1.6333333333333333,8,32,0.9375
Kayah,2025-11,21,2.1904761904761907,12,32,0.65625
Kayah,2025-12,14,1.6428571428571428,8,29,0.4827586206896552
Kayah,2026-01,22,1.8636363636363635,13,33,0.6666666666666666
Kayah,2026-02,33,1.878787878787879,13,27,1.2222222222222223
Kayah,2026-03,26,1.6923076923076923,12,29,0.896551724137931
Kayah,2026-04,8,1.375,5,27,0.2962962962962963
Kayin,2010-01,4,1.0,3,6,0.6666666666666666
Kayin,2010-02,5,1.0,3,7,0.7142857142857143
Kayin,2010-03,5,1.0,2,6,0.8333333333333334
Kayin,2010-04,1,1.0,1,9,0.1111111111111111
Kayin,2010-06,2,1.0,2,2,1.0
Kayin,2010-07,6,1.0,3,7,0.8571428571428571
Kayin,2010-08,7,1.0,5,6,1.1666666666666667
Kayin,2010-09,10,1.1,3,8,1.25
Kayin,2010-10,4,1.0,3,6,0.6666666666666666
Kayin,2010-11,21,1.0,7,13,1.6153846153846154
Kayin,2010-12,10,1.0,3,6,1.6666666666666667
Kayin,2011-01,14,1.0,4,7,2.0
Kayin,2011-02,4,1.0,2,7,0.5714285714285714
Kayin,2011-03,8,1.0,4,10,0.8
Kayin,2011-04,9,1.0,3,7,1.2857142857142858
Kayin,2011-05,7,1.0,2,10,0.7
Kayin,2011-06,8,1.0,4,13,0.6153846153846154
Kayin,2011-07,5,1.0,3,10,0.5
Kayin,2011-08,1,1.0,1,9,0.1111111111111111
Kayin,2011-09,1,1.0,1,8,0.125
Kayin,2011-10,3,1.0,2,10,0.3
Kayin,2011-11,1,1.0,1,13,0.07692307692307693
Kayin,2011-12,1,1.0,1,7,0.14285714285714285
Kayin,2012-01,3,1.0,3,10,0.3
Kayin,2012-02,2,1.0,1,10,0.2
Kayin,2012-03,8,1.125,5,12,0.6666666666666666
Kayin,2012-06,1,1.0,1,19,0.05263157894736842
Kayin,2012-08,1,1.0,1,13,0.07692307692307693
Kayin,2012-09,1,1.0,1,10,0.1
Kayin,2012-10,2,1.0,1,13,0.15384615384615385
Kayin,2013-01,1,1.0,1,17,0.058823529411764705
Kayin,2013-03,1,1.0,1,15,0.06666666666666667
Kayin,2013-04,4,1.0,1,12,0.3333333333333333
Kayin,2013-06,1,1.0,1,15,0.06666666666666667
Kayin,2013-08,3,1.0,2,19,0.15789473684210525
Kayin,2013-09,1,2.0,2,13,0.07692307692307693
Kayin,2013-10,1,1.0,1,11,0.09090909090909091
Kayin,2014-01,3,1.0,1,14,0.21428571428571427
Kayin,2014-05,2,1.0,2,11,0.18181818181818182
Kayin,2014-08,1,1.0,1,12,0.08333333333333333
Kayin,2014-09,10,1.0,5,13,0.7692307692307693
Kayin,2014-10,6,1.1666666666666667,5,15,0.4
Kayin,2015-02,4,1.0,1,17,0.23529411764705882
Kayin,2015-03,2,1.0,2,16,0.125
Kayin,2015-04,2,1.0,1,17,0.11764705882352941
Kayin,2015-05,2,1.5,3,12,0.16666666666666666
Kayin,2015-06,1,1.0,1,13,0.07692307692307693
Kayin,2015-07,20,1.2,11,17,1.1764705882352942
Kayin,2015-10,2,2.0,2,11,0.18181818181818182
Kayin,2015-12,5,1.2,5,16,0.3125
Kayin,2016-01,5,1.2,3,13,0.38461538461538464
Kayin,2016-02,1,1.0,1,11,0.09090909090909091
Kayin,2016-03,2,1.5,3,13,0.15384615384615385
Kayin,2016-05,1,1.0,1,14,0.07142857142857142
Kayin,2016-08,3,1.0,2,12,0.25
Kayin,2016-09,9,1.1111111111111112,3,13,0.6923076923076923
Kayin,2016-10,1,1.0,1,17,0.058823529411764705
Kayin,2016-12,1,1.0,1,16,0.0625
Kayin,2017-01,1,1.0,1,16,0.0625
Kayin,2017-02,3,1.0,3,15,0.2
Kayin,2017-05,4,1.0,2,13,0.3076923076923077
Kayin,2017-09,4,1.0,2,15,0.26666666666666666
Kayin,2017-11,2,1.0,2,18,0.1111111111111111
Kayin,2017-12,1,1.0,1,16,0.0625
Kayin,2018-01,7,1.1428571428571428,5,17,0.4117647058823529
Kayin,2018-02,1,1.0,1,12,0.08333333333333333
Kayin,2018-03,10,1.2,3,18,0.5555555555555556
Kayin,2018-04,2,2.5,4,17,0.11764705882352941
Kayin,2018-05,1,1.0,1,17,0.058823529411764705
Kayin,2018-06,1,1.0,1,15,0.06666666666666667
Kayin,2018-07,2,1.0,2,15,0.13333333333333333
Kayin,2018-08,6,1.1666666666666667,2,14,0.42857142857142855
Kayin,2018-09,7,1.1428571428571428,5,16,0.4375
Kayin,2019-01,7,1.0,3,20,0.35
Kayin,2019-03,1,1.0,1,21,0.047619047619047616
Kayin,2019-04,3,1.3333333333333333,4,21,0.14285714285714285
Kayin,2019-05,5,1.0,5,25,0.2
Kayin,2019-06,6,1.0,4,25,0.24
Kayin,2019-07,2,1.0,2,20,0.1
Kayin,2019-08,1,1.0,1,19,0.05263157894736842
Kayin,2019-09,2,1.0,1,20,0.1
Kayin,2019-10,6,1.0,4,22,0.2727272727272727
Kayin,2019-11,2,2.0,4,20,0.1
Kayin,2019-12,4,1.0,3,22,0.18181818181818182
Kayin,2020-01,17,1.3529411764705883,12,26,0.6538461538461539
Kayin,2020-02,15,1.2,5,24,0.625
Kayin,2020-03,17,1.1764705882352942,7,24,0.7083333333333334
Kayin,2020-04,10,1.0,3,27,0.37037037037037035
Kayin,2020-05,16,1.3125,6,26,0.6153846153846154
Kayin,2020-06,5,1.0,3,23,0.21739130434782608
Kayin,2020-07,4,2.5,6,19,0.21052631578947367
Kayin,2020-08,3,2.0,3,20,0.15
Kayin,2020-09,4,1.5,5,26,0.15384615384615385
Kayin,2020-10,3,1.0,1,24,0.125
Kayin,2020-11,1,1.0,1,19,0.05263157894736842
Kayin,2020-12,10,1.4,5,23,0.43478260869565216
Kayin,2021-01,15,1.1333333333333333,5,27,0.5555555555555556
Kayin,2021-02,86,1.1744186046511629,12,48,1.7916666666666667
Kayin,2021-03,78,1.4102564102564104,18,50,1.56
Kayin,2021-04,61,1.0819672131147542,13,35,1.7428571428571429
Kayin,2021-05,63,1.2698412698412698,14,33,1.9090909090909092
Kayin,2021-06,40,1.475,11,30,1.3333333333333333
Kayin,2021-07,21,1.1428571428571428,10,30,0.7
Kayin,2021-08,45,1.2666666666666666,9,33,1.3636363636363635
Kayin,2021-09,46,1.1521739130434783,10,28,1.6428571428571428
Kayin,2021-10,52,1.2307692307692308,12,27,1.9259259259259258
Kayin,2021-11,34,1.411764705882353,11,28,1.2142857142857142
Kayin,2021-12,90,1.5,19,31,2.903225806451613
Kayin,2022-01,86,1.430232558139535,18,33,2.606060606060606
Kayin,2022-02,45,1.2,10,28,1.6071428571428572
Kayin,2022-03,107,1.514018691588785,19,29,3.689655172413793
Kayin,2022-04,89,1.7191011235955056,16,30,2.966666666666667
Kayin,2022-05,48,1.5625,16,25,1.92
Kayin,2022-06,35,1.8285714285714285,14,28,1.25
Kayin,2022-07,61,1.7868852459016393,20,28,2.1785714285714284
Kayin,2022-08,53,1.9622641509433962,14,26,2.0384615384615383
Kayin,2022-09,78,1.4102564102564104,14,26,3.0
Kayin,2022-10,91,2.076923076923077,18,29,3.1379310344827585
Kayin,2022-11,62,2.0161290322580645,14,28,2.2142857142857144
Kayin,2022-12,77,1.922077922077922,14,25,3.08
Kayin,2023-01,86,2.2209302325581395,16,24,3.5833333333333335
Kayin,2023-02,63,1.7301587301587302,17,26,2.423076923076923
Kayin,2023-03,61,2.081967213114754,17,27,2.259259259259259
Kayin,2023-04,71,2.380281690140845,18,28,2.5357142857142856
Kayin,2023-05,78,1.9487179487179487,18,26,3.0
Kayin,2023-06,59,1.88135593220339,13,28,2.107142857142857
Kayin,2023-07,96,2.1354166666666665,20,27,3.5555555555555554
Kayin,2023-08,57,1.8771929824561404,15,26,2.1923076923076925
Kayin,2023-09,96,1.96875,17,27,3.5555555555555554
Kayin,2023-10,57,1.719298245614035,14,30,1.9
Kayin,2023-11,40,1.625,10,32,1.25
Kayin,2023-12,46,1.891304347826087,13,27,1.7037037037037037
Kayin,2024-01,43,1.9534883720930232,13,37,1.162162162162162
Kayin,2024-02,39,1.6666666666666667,11,27,1.4444444444444444
Kayin,2024-03,89,2.2134831460674156,14,26,3.423076923076923
Kayin,2024-04,84,2.4047619047619047,16,26,3.230769230769231
Kayin,2024-05,42,1.5476190476190477,12,31,1.3548387096774193
Kayin,2024-06,23,1.4782608695652173,7,26,0.8846153846153846
Kayin,2024-07,26,1.2307692307692308,8,27,0.9629629629629629
Kayin,2024-08,19,2.1052631578947367,11,26,0.7307692307692307
Kayin,2024-09,31,2.161290322580645,10,29,1.0689655172413792
Kayin,2024-10,61,2.0,14,29,2.103448275862069
Kayin,2024-11,55,1.8727272727272728,14,29,1.896551724137931
Kayin,2024-12,35,2.4285714285714284,16,27,1.2962962962962963
Kayin,2025-01,56,2.0357142857142856,13,34,1.6470588235294117
Kayin,2025-02,50,1.76,16,32,1.5625
Kayin,2025-03,71,2.3943661971830985,15,29,2.4482758620689653
Kayin,2025-04,116,1.6982758620689655,14,27,4.296296296296297
Kayin,2025-05,116,2.1810344827586206,16,26,4.461538461538462
Kayin,2025-06,71,1.7605633802816902,18,28,2.5357142857142856
Kayin,2025-07,69,1.7391304347826086,16,33,2.090909090909091
Kayin,2025-08,67,1.8059701492537314,14,30,2.2333333333333334
Kayin,2025-09,103,1.912621359223301,14,28,3.6785714285714284
Kayin,2025-10,74,1.5675675675675675,13,32,2.3125
Kayin,2025-11,69,2.260869565217391,15,32,2.15625
Kayin,2025-12,88,1.5227272727272727,15,29,3.0344827586206895
Kayin,2026-01,72,1.9166666666666667,18,33,2.1818181818181817
Kayin,2026-02,55,2.109090909090909,13,27,2.037037037037037
Kayin,2026-03,81,1.5555555555555556,14,29,2.793103448275862
Kayin,2026-04,34,1.7058823529411764,10,27,1.2592592592592593
Magway,2011-07,1,1.0,1,10,0.1
Magway,2012-12,7,1.0,2,13,0.5384615384615384
Magway,2013-11,1,1.0,1,13,0.07692307692307693
Magway,2014-02,1,1.0,1,12,0.08333333333333333
Magway,2014-03,2,1.0,2,11,0.18181818181818182
Magway,2014-04,5,1.0,2,14,0.35714285714285715
Magway,2014-05,5,1.0,1,11,0.45454545454545453
Magway,2014-06,1,1.0,1,15,0.06666666666666667
Magway,2014-07,5,1.0,2,11,0.45454545454545453
Magway,2014-09,2,1.0,2,13,0.15384615384615385
Magway,2014-11,1,1.0,1,14,0.07142857142857142
Magway,2015-01,2,1.0,2,12,0.16666666666666666
Magway,2015-02,12,1.0,3,17,0.7058823529411765
Magway,2015-03,3,1.0,1,16,0.1875
Magway,2015-05,2,1.0,2,12,0.16666666666666666
Magway,2015-07,2,1.0,1,17,0.11764705882352941
Magway,2015-08,2,1.0,1,10,0.2
Magway,2015-09,1,1.0,1,11,0.09090909090909091
Magway,2015-10,1,1.0,1,11,0.09090909090909091
Magway,2016-07,1,1.0,1,12,0.08333333333333333
Magway,2017-08,1,1.0,1,12,0.08333333333333333
Magway,2017-09,1,1.0,1,15,0.06666666666666667
Magway,2018-04,1,1.0,1,17,0.058823529411764705
Magway,2018-09,2,1.0,1,16,0.125
Magway,2018-10,2,1.0,2,18,0.1111111111111111
Magway,2018-12,1,1.0,1,11,0.09090909090909091
Magway,2019-02,1,1.0,1,19,0.05263157894736842
Magway,2019-03,1,1.0,1,21,0.047619047619047616
Magway,2019-04,1,1.0,1,21,0.047619047619047616
Magway,2019-07,1,1.0,1,20,0.05
Magway,2019-08,3,1.6666666666666667,2,19,0.15789473684210525
Magway,2019-09,1,1.0,1,20,0.05
Magway,2019-11,1,1.0,1,20,0.05
Magway,2019-12,5,1.0,3,22,0.22727272727272727
Magway,2020-01,3,1.3333333333333333,3,26,0.11538461538461539
Magway,2020-02,1,1.0,1,24,0.041666666666666664
Magway,2020-04,1,1.0,1,27,0.037037037037037035
Magway,2020-10,1,1.0,1,24,0.041666666666666664
Magway,2021-02,145,1.0413793103448277,11,48,3.0208333333333335
Magway,2021-03,79,1.2278481012658229,12,50,1.58
Magway,2021-04,27,1.037037037037037,9,35,0.7714285714285715
Magway,2021-05,137,1.1167883211678833,12,33,4.151515151515151
Magway,2021-06,94,1.1702127659574468,11,30,3.1333333333333333
Magway,2021-07,93,1.064516129032258,8,30,3.1
Magway,2021-08,130,1.1692307692307693,12,33,3.9393939393939394
Magway,2021-09,193,1.16580310880829,14,28,6.892857142857143
Magway,2021-10,177,1.1581920903954803,12,27,6.555555555555555
Magway,2021-11,209,1.186602870813397,13,28,7.464285714285714
Magway,2021-12,208,1.1346153846153846,17,31,6.709677419354839
Magway,2022-01,188,1.2925531914893618,14,33,5.696969696969697
Magway,2022-02,127,1.2755905511811023,13,28,4.535714285714286
Magway,2022-03,159,1.2389937106918238,13,29,5.482758620689655
Magway,2022-04,217,1.2995391705069124,13,30,7.233333333333333
Magway,2022-05,217,1.336405529953917,12,25,8.68
Magway,2022-06,205,1.302439024390244,15,28,7.321428571428571
Magway,2022-07,175,1.3771428571428572,14,28,6.25
Magway,2022-08,199,1.4824120603015076,13,26,7.653846153846154
Magway,2022-09,178,1.3370786516853932,14,26,6.846153846153846
Magway,2022-10,157,1.515923566878981,16,29,5.413793103448276
Magway,2022-11,169,1.6627218934911243,12,28,6.035714285714286
Magway,2022-12,178,1.5674157303370786,12,25,7.12
Magway,2023-01,199,1.4371859296482412,13,24,8.291666666666666
Magway,2023-02,191,1.513089005235602,15,26,7.346153846153846
Magway,2023-03,191,1.4816753926701571,16,27,7.074074074074074
Magway,2023-04,142,1.5070422535211268,15,28,5.071428571428571
Magway,2023-05,173,1.346820809248555,13,26,6.653846153846154
Magway,2023-06,136,1.4558823529411764,12,28,4.857142857142857
Magway,2023-07,170,1.5058823529411764,15,27,6.296296296296297
Magway,2023-08,186,1.60752688172043,14,26,7.153846153846154
Magway,2023-09,143,1.5174825174825175,11,27,5.296296296296297
Magway,2023-10,184,1.6141304347826086,14,30,6.133333333333334
Magway,2023-11,126,1.4761904761904763,10,32,3.9375
Magway,2023-12,140,1.5642857142857143,13,27,5.185185185185185
Magway,2024-01,134,1.455223880597015,11,37,3.6216216216216215
Magway,2024-02,118,1.61864406779661,10,27,4.37037037037037
Magway,2024-03,118,1.3559322033898304,11,26,4.538461538461538
Magway,2024-04,138,1.5289855072463767,9,26,5.3076923076923075
Magway,2024-05,125,1.872,12,31,4.032258064516129
Magway,2024-06,92,1.5978260869565217,11,26,3.5384615384615383
Magway,2024-07,131,1.5572519083969465,10,27,4.851851851851852
Magway,2024-08,117,1.8632478632478633,12,26,4.5
Magway,2024-09,95,1.9473684210526316,11,29,3.2758620689655173
Magway,2024-10,116,1.8362068965517242,9,29,4.0
Magway,2024-11,156,1.5961538461538463,14,29,5.379310344827586
Magway,2024-12,210,1.6333333333333333,12,27,7.777777777777778
Magway,2025-01,209,1.9282296650717703,19,34,6.147058823529412
Magway,2025-02,165,1.812121212121212,17,32,5.15625
Magway,2025-03,182,1.879120879120879,18,29,6.275862068965517
Magway,2025-04,122,1.7459016393442623,11,27,4.518518518518518
Magway,2025-05,108,1.5833333333333333,11,26,4.153846153846154
Magway,2025-06,161,1.4223602484472049,15,28,5.75
Magway,2025-07,115,1.7391304347826086,13,33,3.484848484848485
Magway,2025-08,138,1.4130434782608696,10,30,4.6
Magway,2025-09,142,1.908450704225352,15,28,5.071428571428571
Magway,2025-10,150,1.3933333333333333,15,32,4.6875
Magway,2025-11,188,1.7925531914893618,15,32,5.875
Magway,2025-12,194,1.6855670103092784,15,29,6.689655172413793
Magway,2026-01,220,1.8136363636363637,18,33,6.666666666666667
Magway,2026-02,103,1.6504854368932038,13,27,3.814814814814815
Magway,2026-03,170,1.7411764705882353,17,29,5.862068965517241
Magway,2026-04,63,1.8412698412698412,14,27,2.3333333333333335
Mandalay,2010-11,6,1.0,2,13,0.46153846153846156
Mandalay,2011-03,2,1.0,2,10,0.2
Mandalay,2011-06,3,1.0,2,13,0.23076923076923078
Mandalay,2011-07,1,1.0,1,10,0.1
Mandalay,2011-11,2,1.0,2,13,0.15384615384615385
Mandalay,2012-03,1,1.0,1,12,0.08333333333333333
Mandalay,2012-05,4,1.0,2,17,0.23529411764705882
Mandalay,2012-06,4,1.0,2,19,0.21052631578947367
Mandalay,2012-07,6,1.0,2,9,0.6666666666666666
Mandalay,2012-08,5,1.0,3,13,0.38461538461538464
Mandalay,2012-09,5,1.0,2,10,0.5
Mandalay,2012-10,4,1.0,3,13,0.3076923076923077
Mandalay,2012-11,3,1.0,1,13,0.23076923076923078
Mandalay,2012-12,10,1.0,5,13,0.7692307692307693
Mandalay,2013-02,3,1.0,2,10,0.3
Mandalay,2013-03,5,1.0,5,15,0.3333333333333333
Mandalay,2013-05,4,1.0,2,15,0.26666666666666666
Mandalay,2013-06,4,1.0,1,15,0.26666666666666666
Mandalay,2013-07,2,1.0,2,13,0.15384615384615385
Mandalay,2013-08,2,1.0,2,19,0.10526315789473684
Mandalay,2013-09,2,1.0,1,13,0.15384615384615385
Mandalay,2013-10,3,1.0,2,11,0.2727272727272727
Mandalay,2013-11,3,1.0,3,13,0.23076923076923078
Mandalay,2013-12,1,1.0,1,10,0.1
Mandalay,2014-01,4,1.0,1,14,0.2857142857142857
Mandalay,2014-02,3,1.0,3,12,0.25
Mandalay,2014-03,8,1.0,3,11,0.7272727272727273
Mandalay,2014-04,6,1.0,2,14,0.42857142857142855
Mandalay,2014-05,5,1.0,2,11,0.45454545454545453
Mandalay,2014-06,6,1.0,2,15,0.4
Mandalay,2014-07,11,1.0,4,11,1.0
Mandalay,2014-08,8,1.0,2,12,0.6666666666666666
Mandalay,2014-09,3,1.0,1,13,0.23076923076923078
Mandalay,2014-10,6,1.0,2,15,0.4
Mandalay,2014-11,10,1.0,4,14,0.7142857142857143
Mandalay,2014-12,10,1.0,4,15,0.6666666666666666
Mandalay,2015-01,21,1.0,7,12,1.75
Mandalay,2015-02,7,1.0,2,17,0.4117647058823529
Mandalay,2015-03,7,1.1428571428571428,3,16,0.4375
Mandalay,2015-04,1,1.0,1,17,0.058823529411764705
Mandalay,2015-05,7,1.0,4,12,0.5833333333333334
Mandalay,2015-06,2,1.0,2,13,0.15384615384615385
Mandalay,2015-07,1,1.0,1,17,0.058823529411764705
Mandalay,2015-09,2,1.0,1,11,0.18181818181818182
Mandalay,2015-10,1,1.0,1,11,0.09090909090909091
Mandalay,2015-11,1,1.0,1,12,0.08333333333333333
Mandalay,2015-12,3,1.0,2,16,0.1875
Mandalay,2016-01,4,1.25,2,13,0.3076923076923077
Mandalay,2016-02,1,1.0,1,11,0.09090909090909091
Mandalay,2016-03,1,1.0,1,13,0.07692307692307693
Mandalay,2016-04,2,1.0,1,10,0.2
Mandalay,2016-05,3,1.3333333333333333,2,14,0.21428571428571427
Mandalay,2016-06,7,1.0,3,13,0.5384615384615384
Mandalay,2016-07,2,1.0,1,12,0.16666666666666666
Mandalay,2016-08,3,1.0,1,12,0.25
Mandalay,2016-10,2,1.0,2,17,0.11764705882352941
Mandalay,2016-11,1,1.0,1,22,0.045454545454545456
Mandalay,2016-12,2,1.0,1,16,0.125
Mandalay,2017-01,5,1.0,3,16,0.3125
Mandalay,2017-02,6,1.0,3,15,0.4
Mandalay,2017-03,4,1.0,3,12,0.3333333333333333
Mandalay,2017-04,4,1.0,3,11,0.36363636363636365
Mandalay,2017-06,1,1.0,1,11,0.09090909090909091
Mandalay,2017-07,4,1.0,2,13,0.3076923076923077
Mandalay,2017-08,3,1.0,2,12,0.25
Mandalay,2017-09,3,1.3333333333333333,2,15,0.2
Mandalay,2017-10,3,1.3333333333333333,3,14,0.21428571428571427
Mandalay,2017-11,2,1.0,1,18,0.1111111111111111
Mandalay,2017-12,3,1.0,2,16,0.1875
Mandalay,2018-01,4,1.25,2,17,0.23529411764705882
Mandalay,2018-02,2,1.0,1,12,0.16666666666666666
Mandalay,2018-03,2,1.5,3,18,0.1111111111111111
Mandalay,2018-04,2,1.0,1,17,0.11764705882352941
Mandalay,2018-05,8,1.0,5,17,0.47058823529411764
Mandalay,2018-06,3,1.0,2,15,0.2
Mandalay,2018-07,8,1.0,4,15,0.5333333333333333
Mandalay,2018-08,4,1.0,3,14,0.2857142857142857
Mandalay,2018-09,6,1.0,3,16,0.375
Mandalay,2018-10,2,1.5,3,18,0.1111111111111111
Mandalay,2018-11,6,1.1666666666666667,3,12,0.5
Mandalay,2018-12,10,1.1,4,11,0.9090909090909091
Mandalay,2019-01,6,1.0,3,20,0.3
Mandalay,2019-02,6,1.0,2,19,0.3157894736842105
Mandalay,2019-03,8,1.0,5,21,0.38095238095238093
Mandalay,2019-04,4,1.25,3,21,0.19047619047619047
Mandalay,2019-05,3,1.3333333333333333,4,25,0.12
Mandalay,2019-06,4,1.25,4,25,0.16
Mandalay,2019-07,10,1.5,6,20,0.5
Mandalay,2019-08,11,1.2727272727272727,6,19,0.5789473684210527
Mandalay,2019-09,6,1.5,7,20,0.3
Mandalay,2019-10,2,2.0,3,22,0.09090909090909091
Mandalay,2019-11,3,1.3333333333333333,3,20,0.15
Mandalay,2019-12,10,1.0,4,22,0.45454545454545453
Mandalay,2020-01,6,1.5,4,26,0.23076923076923078
Mandalay,2020-02,4,1.25,4,24,0.16666666666666666
Mandalay,2020-03,3,2.0,4,24,0.125
Mandalay,2020-05,1,1.0,1,26,0.038461538461538464
Mandalay,2020-06,1,1.0,1,23,0.043478260869565216
Mandalay,2020-08,1,1.0,1,20,0.05
Mandalay,2020-09,4,1.25,4,26,0.15384615384615385
Mandalay,2020-10,3,2.3333333333333335,6,24,0.125
Mandalay,2020-11,12,1.6666666666666667,10,19,0.631578947368421
Mandalay,2020-12,4,1.75,7,23,0.17391304347826086
Mandalay,2021-01,5,1.6,5,27,0.18518518518518517
Mandalay,2021-02,186,1.2365591397849462,22,48,3.875
Mandalay,2021-03,203,1.3891625615763548,19,50,4.06
Mandalay,2021-04,219,1.2968036529680365,15,35,6.257142857142857
Mandalay,2021-05,283,1.1342756183745584,12,33,8.575757575757576
Mandalay,2021-06,228,1.236842105263158,14,30,7.6
Mandalay,2021-07,146,1.226027397260274,11,30,4.866666666666666
Mandalay,2021-08,157,1.1464968152866242,13,33,4.757575757575758
Mandalay,2021-09,222,1.1666666666666667,14,28,7.928571428571429
Mandalay,2021-10,234,1.264957264957265,15,27,8.666666666666666
Mandalay,2021-11,201,1.1741293532338308,16,28,7.178571428571429
Mandalay,2021-12,180,1.1444444444444444,13,31,5.806451612903226
Mandalay,2022-01,154,1.1168831168831168,11,33,4.666666666666667
Mandalay,2022-02,157,1.1847133757961783,14,28,5.607142857142857
Mandalay,2022-03,153,1.1764705882352942,15,29,5.275862068965517
Mandalay,2022-04,145,1.1517241379310346,15,30,4.833333333333333
Mandalay,2022-05,137,1.313868613138686,13,25,5.48
Mandalay,2022-06,123,1.113821138211382,15,28,4.392857142857143
Mandalay,2022-07,94,1.2659574468085106,14,28,3.357142857142857
Mandalay,2022-08,104,1.5384615384615385,13,26,4.0
Mandalay,2022-09,117,1.4871794871794872,14,26,4.5
Mandalay,2022-10,133,1.781954887218045,14,29,4.586206896551724
Mandalay,2022-11,141,1.50354609929078,14,28,5.035714285714286
Mandalay,2022-12,146,1.4863013698630136,11,25,5.84
Mandalay,2023-01,145,1.4482758620689655,14,24,6.041666666666667
Mandalay,2023-02,145,1.5448275862068965,16,26,5.576923076923077
Mandalay,2023-03,148,1.554054054054054,17,27,5.481481481481482
Mandalay,2023-04,99,1.5656565656565657,15,28,3.5357142857142856
Mandalay,2023-05,147,1.5238095238095237,13,26,5.653846153846154
Mandalay,2023-06,87,1.3908045977011494,10,28,3.107142857142857
Mandalay,2023-07,111,1.5225225225225225,15,27,4.111111111111111
Mandalay,2023-08,104,1.3942307692307692,15,26,4.0
Mandalay,2023-09,152,1.6776315789473684,16,27,5.62962962962963
Mandalay,2023-10,140,1.5857142857142856,16,30,4.666666666666667
Mandalay,2023-11,131,1.4122137404580153,11,32,4.09375
Mandalay,2023-12,117,1.547008547008547,14,27,4.333333333333333
Mandalay,2024-01,146,1.4109589041095891,13,37,3.945945945945946
Mandalay,2024-02,113,1.4601769911504425,10,27,4.185185185185185
Mandalay,2024-03,123,1.6829268292682926,10,26,4.730769230769231
Mandalay,2024-04,118,1.7033898305084745,13,26,4.538461538461538
Mandalay,2024-05,111,1.4864864864864864,12,31,3.5806451612903225
Mandalay,2024-06,177,1.9548022598870056,14,26,6.8076923076923075
Mandalay,2024-07,228,2.162280701754386,17,27,8.444444444444445
Mandalay,2024-08,168,2.25,19,26,6.461538461538462
Mandalay,2024-09,116,2.0689655172413794,14,29,4.0
Mandalay,2024-10,119,1.9747899159663866,13,29,4.103448275862069
Mandalay,2024-11,147,1.8231292517006803,15,29,5.068965517241379
Mandalay,2024-12,150,2.2533333333333334,11,27,5.555555555555555
Mandalay,2025-01,111,1.90990990990991,15,34,3.264705882352941
Mandalay,2025-02,112,1.5625,16,32,3.5
Mandalay,2025-03,135,1.8666666666666667,17,29,4.655172413793103
Mandalay,2025-04,109,2.110091743119266,13,27,4.037037037037037
Mandalay,2025-05,127,1.9606299212598426,16,26,4.884615384615385
Mandalay,2025-06,118,2.042372881355932,14,28,4.214285714285714
Mandalay,2025-07,168,1.9464285714285714,17,33,5.090909090909091
Mandalay,2025-08,108,1.8611111111111112,15,30,3.6
Mandalay,2025-09,133,1.5338345864661653,13,28,4.75
Mandalay,2025-10,133,1.4962406015037595,16,32,4.15625
Mandalay,2025-11,111,1.8198198198198199,16,32,3.46875
Mandalay,2025-12,147,1.7619047619047619,21,29,5.068965517241379
Mandalay,2026-01,133,1.5338345864661653,16,33,4.03030303030303
Mandalay,2026-02,127,1.3622047244094488,14,27,4.703703703703703
Mandalay,2026-03,138,1.4202898550724639,14,29,4.758620689655173
Mandalay,2026-04,46,1.5217391304347827,13,27,1.7037037037037037
Mon,2010-01,2,1.0,2,6,0.3333333333333333
Mon,2010-04,1,1.0,1,9,0.1111111111111111
Mon,2010-05,3,1.0,3,7,0.42857142857142855
Mon,2010-06,1,1.0,1,2,0.5
Mon,2010-09,1,1.0,1,8,0.125
Mon,2010-10,1,1.0,1,6,0.16666666666666666
Mon,2011-01,1,1.0,1,7,0.14285714285714285
Mon,2011-02,1,1.0,1,7,0.14285714285714285
Mon,2011-03,1,1.0,1,10,0.1
Mon,2011-05,1,1.0,1,10,0.1
Mon,2011-06,1,1.0,1,13,0.07692307692307693
Mon,2011-07,1,1.0,1,10,0.1
Mon,2011-08,1,1.0,1,9,0.1111111111111111
Mon,2012-02,1,1.0,1,10,0.1
Mon,2012-09,1,1.0,1,10,0.1
Mon,2013-05,1,1.0,1,15,0.06666666666666667
Mon,2013-10,1,2.0,2,11,0.09090909090909091
Mon,2013-12,1,2.0,2,10,0.1
Mon,2014-01,2,1.0,2,14,0.14285714285714285
Mon,2014-06,2,1.0,2,15,0.13333333333333333
Mon,2014-09,3,1.0,3,13,0.23076923076923078
Mon,2014-10,1,2.0,2,15,0.06666666666666667
Mon,2014-12,1,1.0,1,15,0.06666666666666667
Mon,2015-01,1,1.0,1,12,0.08333333333333333
Mon,2015-02,3,1.0,2,17,0.17647058823529413
Mon,2015-05,1,1.0,1,12,0.08333333333333333
Mon,2015-12,1,1.0,1,16,0.0625
Mon,2016-01,1,1.0,1,13,0.07692307692307693
Mon,2016-04,1,1.0,1,10,0.1
Mon,2016-06,3,1.0,1,13,0.23076923076923078
Mon,2016-10,1,1.0,1,17,0.058823529411764705
Mon,2016-11,1,1.0,1,22,0.045454545454545456
Mon,2016-12,2,1.0,2,16,0.125
Mon,2017-01,1,1.0,1,16,0.0625
Mon,2017-02,5,1.0,3,15,0.3333333333333333
Mon,2017-03,2,1.0,2,12,0.16666666666666666
Mon,2017-05,1,1.0,1,13,0.07692307692307693
Mon,2017-06,1,1.0,1,11,0.09090909090909091
Mon,2017-07,1,1.0,1,13,0.07692307692307693
Mon,2017-09,1,1.0,1,15,0.06666666666666667
Mon,2018-01,1,1.0,1,17,0.058823529411764705
Mon,2018-02,2,1.0,2,12,0.16666666666666666
Mon,2018-03,2,1.5,3,18,0.1111111111111111
Mon,2018-04,1,1.0,1,17,0.058823529411764705
Mon,2018-05,1,1.0,1,17,0.058823529411764705
Mon,2018-07,2,1.0,2,15,0.13333333333333333
Mon,2018-08,1,1.0,1,14,0.07142857142857142
Mon,2018-09,2,1.0,2,16,0.125
Mon,2018-10,1,2.0,2,18,0.05555555555555555
Mon,2019-01,1,1.0,1,20,0.05
Mon,2019-03,1,1.0,1,21,0.047619047619047616
Mon,2019-05,3,1.0,3,25,0.12
Mon,2019-06,1,1.0,1,25,0.04
Mon,2019-07,3,1.0,2,20,0.15
Mon,2019-09,1,1.0,1,20,0.05
Mon,2019-10,3,1.0,2,22,0.13636363636363635
Mon,2019-11,2,1.5,3,20,0.1
Mon,2019-12,3,1.0,2,22,0.13636363636363635
Mon,2020-01,2,1.0,1,26,0.07692307692307693
Mon,2020-03,1,2.0,2,24,0.041666666666666664
Mon,2020-05,1,2.0,2,26,0.038461538461538464
Mon,2020-10,1,2.0,2,24,0.041666666666666664
Mon,2020-12,4,1.0,3,23,0.17391304347826086
Mon,2021-01,7,1.5714285714285714,8,27,0.25925925925925924
Mon,2021-02,84,1.2142857142857142,13,48,1.75
Mon,2021-03,71,1.1971830985915493,13,50,1.42
Mon,2021-04,64,1.234375,15,35,1.8285714285714285
Mon,2021-05,78,1.2564102564102564,11,33,2.3636363636363638
Mon,2021-06,40,1.3,12,30,1.3333333333333333
Mon,2021-07,28,1.2857142857142858,9,30,0.9333333333333333
Mon,2021-08,33,1.2727272727272727,14,33,1.0
Mon,2021-09,67,1.2686567164179106,12,28,2.392857142857143
Mon,2021-10,61,1.4098360655737705,10,27,2.259259259259259
Mon,2021-11,58,1.2413793103448276,12,28,2.0714285714285716
Mon,2021-12,61,1.4262295081967213,14,31,1.967741935483871
Mon,2022-01,58,1.2586206896551724,13,33,1.7575757575757576
Mon,2022-02,40,1.25,8,28,1.4285714285714286
Mon,2022-03,40,1.4,14,29,1.3793103448275863
Mon,2022-04,39,1.435897435897436,10,30,1.3
Mon,2022-05,51,1.3529411764705883,12,25,2.04
Mon,2022-06,79,1.5569620253164558,17,28,2.8214285714285716
Mon,2022-07,70,1.5571428571428572,11,28,2.5
Mon,2022-08,48,1.6666666666666667,12,26,1.8461538461538463
Mon,2022-09,57,1.8421052631578947,14,26,2.1923076923076925
Mon,2022-10,52,1.7884615384615385,17,29,1.793103448275862
Mon,2022-11,67,2.1194029850746268,19,28,2.392857142857143
Mon,2022-12,44,1.5227272727272727,14,25,1.76
Mon,2023-01,76,1.763157894736842,14,24,3.1666666666666665
Mon,2023-02,59,1.8305084745762712,13,26,2.269230769230769
Mon,2023-03,71,2.183098591549296,15,27,2.6296296296296298
Mon,2023-04,49,2.0,11,28,1.75
Mon,2023-05,58,1.9655172413793103,13,26,2.230769230769231
Mon,2023-06,65,2.292307692307692,16,28,2.3214285714285716
Mon,2023-07,100,1.86,15,27,3.7037037037037037
Mon,2023-08,48,1.8541666666666667,10,26,1.8461538461538463
Mon,2023-09,65,1.9230769230769231,14,27,2.4074074074074074
Mon,2023-10,40,1.975,13,30,1.3333333333333333
Mon,2023-11,70,1.7285714285714286,14,32,2.1875
Mon,2023-12,68,1.6470588235294117,12,27,2.5185185185185186
Mon,2024-01,59,1.6440677966101696,12,37,1.5945945945945945
Mon,2024-02,46,1.9782608695652173,13,27,1.7037037037037037
Mon,2024-03,56,2.107142857142857,13,26,2.1538461538461537
Mon,2024-04,90,1.8666666666666667,13,26,3.4615384615384617
Mon,2024-05,58,1.9827586206896552,13,31,1.8709677419354838
Mon,2024-06,61,1.5573770491803278,10,26,2.3461538461538463
Mon,2024-07,47,1.7872340425531914,10,27,1.7407407407407407
Mon,2024-08,41,1.8780487804878048,14,26,1.5769230769230769
Mon,2024-09,40,1.625,8,29,1.3793103448275863
Mon,2024-10,35,1.6571428571428573,9,29,1.206896551724138
Mon,2024-11,31,1.903225806451613,10,29,1.0689655172413792
Mon,2024-12,31,1.903225806451613,12,27,1.1481481481481481
Mon,2025-01,66,1.696969696969697,15,34,1.9411764705882353
Mon,2025-02,41,2.341463414634146,17,32,1.28125
Mon,2025-03,30,1.5,9,29,1.0344827586206897
Mon,2025-04,31,1.6129032258064515,12,27,1.1481481481481481
Mon,2025-05,37,2.2432432432432434,9,26,1.4230769230769231
Mon,2025-06,34,1.5588235294117647,8,28,1.2142857142857142
Mon,2025-07,30,2.3,12,33,0.9090909090909091
Mon,2025-08,18,3.2777777777777777,13,30,0.6
Mon,2025-09,30,2.2333333333333334,12,28,1.0714285714285714
Mon,2025-10,43,1.930232558139535,11,32,1.34375
Mon,2025-11,48,1.9791666666666667,11,32,1.5
Mon,2025-12,46,2.0434782608695654,13,29,1.5862068965517242
Mon,2026-01,53,1.8867924528301887,10,33,1.606060606060606
Mon,2026-02,31,2.064516129032258,7,27,1.1481481481481481
Mon,2026-03,30,1.9,10,29,1.0344827586206897
Mon,2026-04,41,1.829268292682927,14,27,1.5185185185185186
Nay Pyi Taw,2011-05,1,1.0,1,10,0.1
Nay Pyi Taw,2011-06,2,1.0,2,13,0.15384615384615385
Nay Pyi Taw,2011-12,1,1.0,1,7,0.14285714285714285
Nay Pyi Taw,2012-05,1,1.0,1,17,0.058823529411764705
Nay Pyi Taw,2012-06,2,1.0,2,19,0.10526315789473684
Nay Pyi Taw,2013-02,1,1.0,1,10,0.1
Nay Pyi Taw,2013-03,2,1.0,2,15,0.13333333333333333
Nay Pyi Taw,2013-09,2,1.0,1,13,0.15384615384615385
Nay Pyi Taw,2013-11,1,1.0,1,13,0.07692307692307693
Nay Pyi Taw,2014-06,1,1.0,1,15,0.06666666666666667
Nay Pyi Taw,2015-02,1,1.0,1,17,0.058823529411764705
Nay Pyi Taw,2015-09,4,1.0,2,11,0.36363636363636365
Nay Pyi Taw,2015-10,2,1.0,2,11,0.18181818181818182
Nay Pyi Taw,2016-01,1,1.0,1,13,0.07692307692307693
Nay Pyi Taw,2016-05,1,3.0,3,14,0.07142857142857142
Nay Pyi Taw,2017-03,1,1.0,1,12,0.08333333333333333
Nay Pyi Taw,2017-04,2,1.0,1,11,0.18181818181818182
Nay Pyi Taw,2017-05,1,1.0,1,13,0.07692307692307693
Nay Pyi Taw,2017-09,1,1.0,1,15,0.06666666666666667
Nay Pyi Taw,2017-10,2,1.0,2,14,0.14285714285714285
Nay Pyi Taw,2017-11,1,1.0,1,18,0.05555555555555555
Nay Pyi Taw,2018-05,2,1.0,1,17,0.11764705882352941
Nay Pyi Taw,2018-06,1,1.0,1,15,0.06666666666666667
Nay Pyi Taw,2018-07,1,1.0,1,15,0.06666666666666667
Nay Pyi Taw,2018-09,1,1.0,1,16,0.0625
Nay Pyi Taw,2018-10,1,1.0,1,18,0.05555555555555555
Nay Pyi Taw,2018-12,1,1.0,1,11,0.09090909090909091
Nay Pyi Taw,2019-01,2,1.0,2,20,0.1
Nay Pyi Taw,2019-03,1,1.0,1,21,0.047619047619047616
Nay Pyi Taw,2019-04,1,1.0,1,21,0.047619047619047616
Nay Pyi Taw,2019-06,2,1.5,2,25,0.08
Nay Pyi Taw,2019-07,1,2.0,2,20,0.05
Nay Pyi Taw,2019-08,2,1.5,3,19,0.10526315789473684
Nay Pyi Taw,2019-09,1,1.0,1,20,0.05
Nay Pyi Taw,2019-11,1,1.0,1,20,0.05
Nay Pyi Taw,2019-12,3,1.0,3,22,0.13636363636363635
Nay Pyi Taw,2020-01,1,1.0,1,26,0.038461538461538464
Nay Pyi Taw,2020-02,1,1.0,1,24,0.041666666666666664
Nay Pyi Taw,2020-03,2,1.5,2,24,0.08333333333333333
Nay Pyi Taw,2020-09,3,1.0,1,26,0.11538461538461539
Nay Pyi Taw,2020-11,2,1.0,1,19,0.10526315789473684
Nay Pyi Taw,2020-12,1,2.0,2,23,0.043478260869565216
Nay Pyi Taw,2021-01,7,1.0,5,27,0.25925925925925924
Nay Pyi Taw,2021-02,51,1.8431372549019607,25,48,1.0625
Nay Pyi Taw,2021-03,26,1.1538461538461537,10,50,0.52
Nay Pyi Taw,2021-04,9,1.3333333333333333,10,35,0.2571428571428571
Nay Pyi Taw,2021-05,20,1.05,7,33,0.6060606060606061
Nay Pyi Taw,2021-06,3,1.3333333333333333,3,30,0.1
Nay Pyi Taw,2021-07,11,1.3636363636363635,8,30,0.36666666666666664
Nay Pyi Taw,2021-08,7,1.5714285714285714,6,33,0.21212121212121213
Nay Pyi Taw,2021-09,32,1.25,8,28,1.1428571428571428
Nay Pyi Taw,2021-10,25,1.4,8,27,0.9259259259259259
Nay Pyi Taw,2021-11,26,1.0769230769230769,8,28,0.9285714285714286
Nay Pyi Taw,2021-12,6,1.5,5,31,0.1935483870967742
Nay Pyi Taw,2022-01,6,1.5,4,33,0.18181818181818182
Nay Pyi Taw,2022-02,17,1.3529411764705883,8,28,0.6071428571428571
Nay Pyi Taw,2022-03,7,1.2857142857142858,4,29,0.2413793103448276
Nay Pyi Taw,2022-04,7,1.0,4,30,0.23333333333333334
Nay Pyi Taw,2022-05,7,1.2857142857142858,7,25,0.28
Nay Pyi Taw,2022-06,8,1.125,6,28,0.2857142857142857
Nay Pyi Taw,2022-07,1,2.0,2,28,0.03571428571428571
Nay Pyi Taw,2022-08,4,2.0,8,26,0.15384615384615385
Nay Pyi Taw,2022-09,2,1.0,2,26,0.07692307692307693
Nay Pyi Taw,2022-10,3,2.0,5,29,0.10344827586206896
Nay Pyi Taw,2022-11,3,1.0,3,28,0.10714285714285714
Nay Pyi Taw,2022-12,12,1.5833333333333333,5,25,0.48
Nay Pyi Taw,2023-01,6,1.3333333333333333,8,24,0.25
Nay Pyi Taw,2023-02,7,1.7142857142857142,6,26,0.2692307692307692
Nay Pyi Taw,2023-03,12,1.9166666666666667,10,27,0.4444444444444444
Nay Pyi Taw,2023-04,3,1.3333333333333333,2,28,0.10714285714285714
Nay Pyi Taw,2023-05,1,5.0,5,26,0.038461538461538464
Nay Pyi Taw,2023-06,6,2.5,7,28,0.21428571428571427
Nay Pyi Taw,2023-07,7,1.5714285714285714,7,27,0.25925925925925924
Nay Pyi Taw,2023-08,16,1.375,6,26,0.6153846153846154
Nay Pyi Taw,2023-09,4,3.0,6,27,0.14814814814814814
Nay Pyi Taw,2023-10,2,1.0,2,30,0.06666666666666667
Nay Pyi Taw,2023-11,3,1.6666666666666667,4,32,0.09375
Nay Pyi Taw,2023-12,1,1.0,1,27,0.037037037037037035
Nay Pyi Taw,2024-01,1,4.0,4,37,0.02702702702702703
Nay Pyi Taw,2024-02,9,1.5555555555555556,9,27,0.3333333333333333
Nay Pyi Taw,2024-03,3,1.6666666666666667,4,26,0.11538461538461539
Nay Pyi Taw,2024-04,11,2.272727272727273,9,26,0.4230769230769231
Nay Pyi Taw,2024-05,2,3.0,6,31,0.06451612903225806
Nay Pyi Taw,2024-07,9,2.2222222222222223,9,27,0.3333333333333333
Nay Pyi Taw,2024-08,4,2.25,6,26,0.15384615384615385
Nay Pyi Taw,2024-09,3,5.333333333333333,7,29,0.10344827586206896
Nay Pyi Taw,2024-10,1,1.0,1,29,0.034482758620689655
Nay Pyi Taw,2024-11,9,2.2222222222222223,10,29,0.3103448275862069
Nay Pyi Taw,2024-12,18,1.0,3,27,0.6666666666666666
Nay Pyi Taw,2025-01,10,2.6,11,34,0.29411764705882354
Nay Pyi Taw,2025-02,3,3.6666666666666665,8,32,0.09375
Nay Pyi Taw,2025-03,7,2.5714285714285716,12,29,0.2413793103448276
Nay Pyi Taw,2025-04,11,4.909090909090909,13,27,0.4074074074074074
Nay Pyi Taw,2025-05,3,2.3333333333333335,7,26,0.11538461538461539
Nay Pyi Taw,2025-06,3,2.3333333333333335,5,28,0.10714285714285714
Nay Pyi Taw,2025-07,6,3.1666666666666665,10,33,0.18181818181818182
Nay Pyi Taw,2025-08,4,5.0,13,30,0.13333333333333333
Nay Pyi Taw,2025-09,3,1.3333333333333333,3,28,0.10714285714285714
Nay Pyi Taw,2025-10,6,2.0,6,32,0.1875
Nay Pyi Taw,2025-11,12,2.5,13,32,0.375
Nay Pyi Taw,2025-12,8,2.75,11,29,0.27586206896551724
Nay Pyi Taw,2026-01,6,3.1666666666666665,10,33,0.18181818181818182
Nay Pyi Taw,2026-02,4,1.75,6,27,0.14814814814814814
Nay Pyi Taw,2026-03,8,4.25,18,29,0.27586206896551724
Nay Pyi Taw,2026-04,8,4.375,14,27,0.2962962962962963
Rakhine,2010-02,1,1.0,1,7,0.14285714285714285
Rakhine,2010-04,1,1.0,1,9,0.1111111111111111
Rakhine,2010-05,1,1.0,1,7,0.14285714285714285
Rakhine,2010-07,1,1.0,1,7,0.14285714285714285
Rakhine,2010-08,1,1.0,1,6,0.16666666666666666
Rakhine,2010-09,1,1.0,1,8,0.125
Rakhine,2010-10,2,1.0,2,6,0.3333333333333333
Rakhine,2010-11,2,1.0,2,13,0.15384615384615385
Rakhine,2010-12,1,1.0,1,6,0.16666666666666666
Rakhine,2011-03,6,1.0,3,10,0.6
Rakhine,2011-04,1,1.0,1,7,0.14285714285714285
Rakhine,2011-07,1,1.0,1,10,0.1
Rakhine,2011-08,2,1.0,2,9,0.2222222222222222
Rakhine,2011-11,1,1.0,1,13,0.07692307692307693
Rakhine,2012-01,4,1.0,2,10,0.4
Rakhine,2012-02,1,1.0,1,10,0.1
Rakhine,2012-03,3,1.0,3,12,0.25
Rakhine,2012-04,2,1.0,2,7,0.2857142857142857
Rakhine,2012-05,1,1.0,1,17,0.058823529411764705
Rakhine,2012-06,37,1.0,10,19,1.9473684210526316
Rakhine,2012-07,12,1.0,5,9,1.3333333333333333
Rakhine,2012-08,16,1.0,4,13,1.2307692307692308
Rakhine,2012-09,2,1.0,2,10,0.2
Rakhine,2012-10,38,1.0526315789473684,7,13,2.923076923076923
Rakhine,2012-11,2,1.0,1,13,0.15384615384615385
Rakhine,2012-12,5,1.0,4,13,0.38461538461538464
Rakhine,2013-01,2,1.0,2,17,0.11764705882352941
Rakhine,2013-02,2,1.0,2,10,0.2
Rakhine,2013-03,1,1.0,1,15,0.06666666666666667
Rakhine,2013-04,1,1.0,1,12,0.08333333333333333
Rakhine,2013-06,6,1.0,4,15,0.4
Rakhine,2013-07,2,1.0,2,13,0.15384615384615385
Rakhine,2013-08,3,1.0,2,19,0.15789473684210525
Rakhine,2013-09,7,1.1428571428571428,4,13,0.5384615384615384
Rakhine,2013-10,3,1.0,1,11,0.2727272727272727
Rakhine,2013-11,14,1.0,4,13,1.0769230769230769
Rakhine,2013-12,2,1.0,1,10,0.2
Rakhine,2014-01,3,1.0,1,14,0.21428571428571427
Rakhine,2014-02,15,1.0,5,12,1.25
Rakhine,2014-03,10,1.0,3,11,0.9090909090909091
Rakhine,2014-04,1,1.0,1,14,0.07142857142857142
Rakhine,2014-05,4,1.0,2,11,0.36363636363636365
Rakhine,2014-06,3,1.0,1,15,0.2
Rakhine,2014-07,2,1.0,1,11,0.18181818181818182
Rakhine,2014-08,7,1.0,4,12,0.5833333333333334
Rakhine,2014-09,1,1.0,1,13,0.07692307692307693
Rakhine,2014-10,4,1.0,2,15,0.26666666666666666
Rakhine,2014-11,7,1.0,3,14,0.5
Rakhine,2014-12,2,1.0,2,15,0.13333333333333333
Rakhine,2015-01,4,1.0,3,12,0.3333333333333333
Rakhine,2015-02,8,1.0,3,17,0.47058823529411764
Rakhine,2015-03,2,1.0,1,16,0.125
Rakhine,2015-04,6,1.0,1,17,0.35294117647058826
Rakhine,2015-06,7,1.0,4,13,0.5384615384615384
Rakhine,2015-09,3,1.0,2,11,0.2727272727272727
Rakhine,2015-11,2,1.0,2,12,0.16666666666666666
Rakhine,2015-12,8,1.0,3,16,0.5
Rakhine,2016-01,9,1.0,4,13,0.6923076923076923
Rakhine,2016-02,5,1.0,3,11,0.45454545454545453
Rakhine,2016-03,11,1.0909090909090908,5,13,0.8461538461538461
Rakhine,2016-04,7,1.0,3,10,0.7
Rakhine,2016-05,12,1.0,4,14,0.8571428571428571
Rakhine,2016-06,3,1.0,2,13,0.23076923076923078
Rakhine,2016-07,15,1.0,2,12,1.25
Rakhine,2016-08,2,1.0,2,12,0.16666666666666666
Rakhine,2016-09,3,1.0,3,13,0.23076923076923078
Rakhine,2016-10,30,1.0,9,17,1.7647058823529411
Rakhine,2016-11,46,1.108695652173913,11,22,2.090909090909091
Rakhine,2016-12,16,1.0,6,16,1.0
Rakhine,2017-01,6,1.0,4,16,0.375
Rakhine,2017-02,15,1.1333333333333333,7,15,1.0
Rakhine,2017-03,5,1.0,3,12,0.4166666666666667
Rakhine,2017-04,5,1.0,3,11,0.45454545454545453
Rakhine,2017-05,7,1.0,3,13,0.5384615384615384
Rakhine,2017-06,11,1.0,6,11,1.0
Rakhine,2017-07,9,1.4444444444444444,6,13,0.6923076923076923
Rakhine,2017-08,136,1.0220588235294117,8,12,11.333333333333334
Rakhine,2017-09,23,1.0,10,15,1.5333333333333334
Rakhine,2017-10,6,1.0,5,14,0.42857142857142855
Rakhine,2017-11,11,1.0909090909090908,5,18,0.6111111111111112
Rakhine,2017-12,10,1.1,6,16,0.625
Rakhine,2018-01,10,1.2,6,17,0.5882352941176471
Rakhine,2018-02,3,1.3333333333333333,3,12,0.25
Rakhine,2018-03,1,1.0,1,18,0.05555555555555555
Rakhine,2018-04,5,1.0,4,17,0.29411764705882354
Rakhine,2018-05,5,1.0,4,17,0.29411764705882354
Rakhine,2018-06,3,1.0,3,15,0.2
Rakhine,2018-07,3,1.0,2,15,0.2
Rakhine,2018-08,4,1.0,3,14,0.2857142857142857
Rakhine,2018-09,7,1.0,3,16,0.4375
Rakhine,2018-10,2,1.0,2,18,0.1111111111111111
Rakhine,2018-11,11,1.0,7,12,0.9166666666666666
Rakhine,2018-12,62,1.0806451612903225,5,11,5.636363636363637
Rakhine,2019-01,35,1.2285714285714286,12,20,1.75
Rakhine,2019-02,45,1.1333333333333333,13,19,2.3684210526315788
Rakhine,2019-03,82,1.0731707317073171,16,21,3.9047619047619047
Rakhine,2019-04,43,1.186046511627907,10,21,2.0476190476190474
Rakhine,2019-05,53,1.0377358490566038,12,25,2.12
Rakhine,2019-06,53,1.471698113207547,13,25,2.12
Rakhine,2019-07,69,1.5217391304347827,12,20,3.45
Rakhine,2019-08,82,1.3780487804878048,12,19,4.315789473684211
Rakhine,2019-09,68,1.25,12,20,3.4
Rakhine,2019-10,117,1.3162393162393162,15,22,5.318181818181818
Rakhine,2019-11,88,1.1931818181818181,13,20,4.4
Rakhine,2019-12,106,1.2358490566037736,17,22,4.818181818181818
Rakhine,2020-01,82,1.1341463414634145,13,26,3.1538461538461537
Rakhine,2020-02,140,1.4071428571428573,15,24,5.833333333333333
Rakhine,2020-03,118,1.3220338983050848,13,24,4.916666666666667
Rakhine,2020-04,61,1.1639344262295082,15,27,2.259259259259259
Rakhine,2020-05,47,1.297872340425532,14,26,1.8076923076923077
Rakhine,2020-06,69,1.3623188405797102,11,23,3.0
Rakhine,2020-07,48,1.5833333333333333,10,19,2.526315789473684
Rakhine,2020-08,50,1.72,12,20,2.5
Rakhine,2020-09,64,1.578125,13,26,2.4615384615384617
Rakhine,2020-10,83,1.6506024096385543,12,24,3.4583333333333335
Rakhine,2020-11,33,1.393939393939394,7,19,1.736842105263158
Rakhine,2020-12,8,1.125,5,23,0.34782608695652173
Rakhine,2021-01,11,1.6363636363636365,10,27,0.4074074074074074
Rakhine,2021-02,56,1.2321428571428572,12,48,1.1666666666666667
Rakhine,2021-03,13,1.2307692307692308,8,50,0.26
Rakhine,2021-04,6,1.1666666666666667,5,35,0.17142857142857143
Rakhine,2021-05,9,1.0,6,33,0.2727272727272727
Rakhine,2021-06,16,1.375,8,30,0.5333333333333333
Rakhine,2021-07,10,1.0,6,30,0.3333333333333333
Rakhine,2021-08,9,1.3333333333333333,5,33,0.2727272727272727
Rakhine,2021-09,4,1.25,4,28,0.14285714285714285
Rakhine,2021-10,12,1.25,8,27,0.4444444444444444
Rakhine,2021-11,17,1.5294117647058822,9,28,0.6071428571428571
Rakhine,2021-12,12,1.3333333333333333,8,31,0.3870967741935484
Rakhine,2022-01,16,1.75,7,33,0.48484848484848486
Rakhine,2022-02,20,1.85,9,28,0.7142857142857143
Rakhine,2022-03,13,1.2307692307692308,5,29,0.4482758620689655
Rakhine,2022-04,8,1.25,6,30,0.26666666666666666
Rakhine,2022-05,24,1.4583333333333333,10,25,0.96
Rakhine,2022-06,36,1.6666666666666667,11,28,1.2857142857142858
Rakhine,2022-07,33,1.7575757575757576,11,28,1.1785714285714286
Rakhine,2022-08,75,2.3066666666666666,15,26,2.8846153846153846
Rakhine,2022-09,163,1.883435582822086,16,26,6.269230769230769
Rakhine,2022-10,170,1.811764705882353,13,29,5.862068965517241
Rakhine,2022-11,119,2.4789915966386555,15,28,4.25
Rakhine,2022-12,10,2.0,7,25,0.4
Rakhine,2023-01,10,2.1,7,24,0.4166666666666667
Rakhine,2023-02,16,1.625,7,26,0.6153846153846154
Rakhine,2023-03,5,1.6,5,27,0.18518518518518517
Rakhine,2023-04,4,1.75,4,28,0.14285714285714285
Rakhine,2023-05,6,2.5,11,26,0.23076923076923078
Rakhine,2023-06,5,1.0,5,28,0.17857142857142858
Rakhine,2023-07,9,1.7777777777777777,6,27,0.3333333333333333
Rakhine,2023-08,6,2.8333333333333335,7,26,0.23076923076923078
Rakhine,2023-09,17,1.7647058823529411,8,27,0.6296296296296297
Rakhine,2023-10,16,1.6875,9,30,0.5333333333333333
Rakhine,2023-11,155,2.1806451612903226,15,32,4.84375
Rakhine,2023-12,220,1.6727272727272726,14,27,8.148148148148149
Rakhine,2024-01,245,2.053061224489796,24,37,6.621621621621622
Rakhine,2024-02,198,1.898989898989899,15,27,7.333333333333333
Rakhine,2024-03,181,1.8176795580110496,14,26,6.961538461538462
Rakhine,2024-04,209,1.6220095693779903,13,26,8.038461538461538
Rakhine,2024-05,174,1.7988505747126438,14,31,5.612903225806452
Rakhine,2024-06,213,1.835680751173709,16,26,8.192307692307692
Rakhine,2024-07,159,1.7232704402515724,17,27,5.888888888888889
Rakhine,2024-08,168,1.7321428571428572,15,26,6.461538461538462
Rakhine,2024-09,122,1.8278688524590163,14,29,4.206896551724138
Rakhine,2024-10,194,2.0721649484536084,14,29,6.689655172413793
Rakhine,2024-11,185,1.7621621621621621,15,29,6.379310344827586
Rakhine,2024-12,158,2.189873417721519,15,27,5.851851851851852
Rakhine,2025-01,90,2.611111111111111,17,34,2.6470588235294117
Rakhine,2025-02,144,1.7291666666666667,12,32,4.5
Rakhine,2025-03,88,2.1704545454545454,13,29,3.0344827586206895
Rakhine,2025-04,76,1.3421052631578947,10,27,2.814814814814815
Rakhine,2025-05,63,1.9841269841269842,13,26,2.423076923076923
Rakhine,2025-06,57,1.8421052631578947,11,28,2.0357142857142856
Rakhine,2025-07,72,2.1527777777777777,10,33,2.1818181818181817
Rakhine,2025-08,97,1.6082474226804124,14,30,3.2333333333333334
Rakhine,2025-09,81,1.654320987654321,12,28,2.892857142857143
Rakhine,2025-10,60,1.9,10,32,1.875
Rakhine,2025-11,83,2.0963855421686746,13,32,2.59375
Rakhine,2025-12,87,1.8850574712643677,12,29,3.0
Rakhine,2026-01,96,1.8645833333333333,14,33,2.909090909090909
Rakhine,2026-02,62,2.096774193548387,14,27,2.2962962962962963
Rakhine,2026-03,109,1.871559633027523,13,29,3.7586206896551726
Rakhine,2026-04,30,1.6666666666666667,11,27,1.1111111111111112
Sagaing,2010-08,1,1.0,1,6,0.16666666666666666
Sagaing,2011-01,1,1.0,1,7,0.14285714285714285
Sagaing,2011-07,2,1.0,2,10,0.2
Sagaing,2011-12,1,1.0,1,7,0.14285714285714285
Sagaing,2012-03,1,1.0,1,12,0.08333333333333333
Sagaing,2012-04,1,1.0,1,7,0.14285714285714285
Sagaing,2012-05,2,1.0,2,17,0.11764705882352941
Sagaing,2012-07,1,1.0,1,9,0.1111111111111111
Sagaing,2012-08,1,1.0,1,13,0.07692307692307693
Sagaing,2012-09,11,1.0,4,10,1.1
Sagaing,2012-10,2,1.0,1,13,0.15384615384615385
Sagaing,2012-11,7,1.0,3,13,0.5384615384615384
Sagaing,2012-12,6,1.0,4,13,0.46153846153846156
Sagaing,2013-01,2,1.0,2,17,0.11764705882352941
Sagaing,2013-02,3,1.0,2,10,0.3
Sagaing,2013-03,7,1.0,3,15,0.4666666666666667
Sagaing,2013-04,6,1.0,3,12,0.5
Sagaing,2013-05,4,1.0,1,15,0.26666666666666666
Sagaing,2013-06,3,1.0,1,15,0.2
Sagaing,2013-07,1,1.0,1,13,0.07692307692307693
Sagaing,2013-08,7,1.0,4,19,0.3684210526315789
Sagaing,2013-09,5,1.0,2,13,0.38461538461538464
Sagaing,2013-10,9,1.0,3,11,0.8181818181818182
Sagaing,2013-11,10,1.1,6,13,0.7692307692307693
Sagaing,2013-12,4,1.0,1,10,0.4
Sagaing,2014-01,4,1.0,2,14,0.2857142857142857
Sagaing,2014-02,3,1.0,3,12,0.25
Sagaing,2014-03,8,1.0,3,11,0.7272727272727273
Sagaing,2014-04,9,1.0,3,14,0.6428571428571429
Sagaing,2014-05,3,1.0,2,11,0.2727272727272727
Sagaing,2014-06,10,1.0,3,15,0.6666666666666666
Sagaing,2014-07,5,1.2,4,11,0.45454545454545453
Sagaing,2014-08,6,1.0,4,12,0.5
Sagaing,2014-09,9,1.0,4,13,0.6923076923076923
Sagaing,2014-10,4,1.0,1,15,0.26666666666666666
Sagaing,2014-11,4,1.0,2,14,0.2857142857142857
Sagaing,2014-12,9,1.0,4,15,0.6
Sagaing,2015-01,6,1.1666666666666667,6,12,0.5
Sagaing,2015-02,4,1.0,3,17,0.23529411764705882
Sagaing,2015-03,4,1.0,2,16,0.25
Sagaing,2015-05,1,1.0,1,12,0.08333333333333333
Sagaing,2015-06,1,1.0,1,13,0.07692307692307693
Sagaing,2015-07,1,1.0,1,17,0.058823529411764705
Sagaing,2015-08,1,1.0,1,10,0.1
Sagaing,2015-10,1,1.0,1,11,0.09090909090909091
Sagaing,2015-12,2,1.0,2,16,0.125
Sagaing,2016-01,3,1.0,3,13,0.23076923076923078
Sagaing,2016-02,4,1.0,2,11,0.36363636363636365
Sagaing,2016-03,1,1.0,1,13,0.07692307692307693
Sagaing,2016-04,3,1.3333333333333333,4,10,0.3
Sagaing,2016-05,8,1.0,5,14,0.5714285714285714
Sagaing,2016-07,2,1.0,1,12,0.16666666666666666
Sagaing,2016-09,2,1.0,1,13,0.15384615384615385
Sagaing,2016-11,2,1.0,1,22,0.09090909090909091
Sagaing,2016-12,2,2.0,4,16,0.125
Sagaing,2017-02,3,1.3333333333333333,3,15,0.2
Sagaing,2017-03,5,1.2,3,12,0.4166666666666667
Sagaing,2017-04,2,1.0,2,11,0.18181818181818182
Sagaing,2017-05,2,1.0,2,13,0.15384615384615385
Sagaing,2017-06,3,1.0,1,11,0.2727272727272727
Sagaing,2017-07,1,1.0,1,13,0.07692307692307693
Sagaing,2017-08,2,1.5,3,12,0.16666666666666666
Sagaing,2017-09,2,1.0,1,15,0.13333333333333333
Sagaing,2017-10,3,1.0,1,14,0.21428571428571427
Sagaing,2017-12,2,1.0,1,16,0.125
Sagaing,2018-02,1,1.0,1,12,0.08333333333333333
Sagaing,2018-03,3,1.0,3,18,0.16666666666666666
Sagaing,2018-05,3,1.0,3,17,0.17647058823529413
Sagaing,2018-06,2,1.0,2,15,0.13333333333333333
Sagaing,2018-07,3,1.0,3,15,0.2
Sagaing,2018-09,5,1.0,2,16,0.3125
Sagaing,2018-10,4,1.0,2,18,0.2222222222222222
Sagaing,2018-12,5,1.0,1,11,0.45454545454545453
Sagaing,2019-01,3,1.0,2,20,0.15
Sagaing,2019-02,6,1.0,5,19,0.3157894736842105
Sagaing,2019-03,5,1.0,4,21,0.23809523809523808
Sagaing,2019-04,4,1.0,4,21,0.19047619047619047
Sagaing,2019-05,8,1.125,5,25,0.32
Sagaing,2019-06,2,1.0,2,25,0.08
Sagaing,2019-07,10,1.0,6,20,0.5
Sagaing,2019-08,4,1.0,3,19,0.21052631578947367
Sagaing,2019-09,2,1.5,3,20,0.1
Sagaing,2019-10,1,1.0,1,22,0.045454545454545456
Sagaing,2019-11,1,1.0,1,20,0.05
Sagaing,2019-12,17,1.0588235294117647,6,22,0.7727272727272727
Sagaing,2020-01,3,1.3333333333333333,2,26,0.11538461538461539
Sagaing,2020-02,7,1.1428571428571428,6,24,0.2916666666666667
Sagaing,2020-04,2,2.0,2,27,0.07407407407407407
Sagaing,2020-05,2,1.0,2,26,0.07692307692307693
Sagaing,2020-06,1,1.0,1,23,0.043478260869565216
Sagaing,2020-07,1,1.0,1,19,0.05263157894736842
Sagaing,2020-08,1,1.0,1,20,0.05
Sagaing,2020-10,3,1.0,3,24,0.125
Sagaing,2020-12,1,1.0,1,23,0.043478260869565216
Sagaing,2021-01,1,2.0,2,27,0.037037037037037035
Sagaing,2021-02,212,1.0235849056603774,15,48,4.416666666666667
Sagaing,2021-03,158,1.2974683544303798,18,50,3.16
Sagaing,2021-04,182,1.3021978021978022,18,35,5.2
Sagaing,2021-05,357,1.165266106442577,20,33,10.818181818181818
Sagaing,2021-06,301,1.2225913621262459,15,30,10.033333333333333
Sagaing,2021-07,333,1.1831831831831832,19,30,11.1
Sagaing,2021-08,342,1.1169590643274854,20,33,10.363636363636363
Sagaing,2021-09,558,1.1308243727598566,17,28,19.928571428571427
Sagaing,2021-10,597,1.187604690117253,20,27,22.11111111111111
Sagaing,2021-11,611,1.1963993453355155,19,28,21.821428571428573
Sagaing,2021-12,631,1.1980982567353406,21,31,20.35483870967742
Sagaing,2022-01,730,1.1534246575342466,21,33,22.12121212121212
Sagaing,2022-02,571,1.2399299474605954,19,28,20.392857142857142
Sagaing,2022-03,544,1.1636029411764706,20,29,18.75862068965517
Sagaing,2022-04,535,1.2822429906542057,17,30,17.833333333333332
Sagaing,2022-05,732,1.3073770491803278,14,25,29.28
Sagaing,2022-06,621,1.285024154589372,16,28,22.178571428571427
Sagaing,2022-07,593,1.372681281618887,18,28,21.178571428571427
Sagaing,2022-08,674,1.4762611275964392,18,26,25.923076923076923
Sagaing,2022-09,677,1.519940915805022,19,26,26.03846153846154
Sagaing,2022-10,612,1.6045751633986929,18,29,21.103448275862068
Sagaing,2022-11,691,1.5788712011577424,19,28,24.678571428571427
Sagaing,2022-12,729,1.5569272976680384,16,25,29.16
Sagaing,2023-01,723,1.4398340248962656,16,24,30.125
Sagaing,2023-02,650,1.4707692307692308,17,26,25.0
Sagaing,2023-03,543,1.4530386740331491,18,27,20.11111111111111
Sagaing,2023-04,481,1.5654885654885655,19,28,17.178571428571427
Sagaing,2023-05,508,1.5511811023622046,17,26,19.53846153846154
Sagaing,2023-06,573,1.4956369982547992,20,28,20.464285714285715
Sagaing,2023-07,512,1.560546875,19,27,18.962962962962962
Sagaing,2023-08,578,1.6262975778546713,18,26,22.23076923076923
Sagaing,2023-09,524,1.7213740458015268,19,27,19.40740740740741
Sagaing,2023-10,542,1.6383763837638377,18,30,18.066666666666666
Sagaing,2023-11,514,1.6186770428015564,17,32,16.0625
Sagaing,2023-12,447,1.4384787472035794,18,27,16.555555555555557
Sagaing,2024-01,374,1.467914438502674,17,37,10.108108108108109
Sagaing,2024-02,485,1.6288659793814433,21,27,17.962962962962962
Sagaing,2024-03,428,1.6261682242990654,19,26,16.46153846153846
Sagaing,2024-04,311,1.4694533762057878,17,26,11.961538461538462
Sagaing,2024-05,298,1.5604026845637584,15,31,9.612903225806452
Sagaing,2024-06,234,1.7008547008547008,16,26,9.0
Sagaing,2024-07,204,1.6127450980392157,13,27,7.555555555555555
Sagaing,2024-08,326,1.5429447852760736,18,26,12.538461538461538
Sagaing,2024-09,287,1.5644599303135889,16,29,9.89655172413793
Sagaing,2024-10,288,1.7326388888888888,20,29,9.931034482758621
Sagaing,2024-11,341,1.5689149560117301,16,29,11.758620689655173
Sagaing,2024-12,229,1.5283842794759825,20,27,8.481481481481481
Sagaing,2025-01,290,1.5448275862068965,19,34,8.529411764705882
Sagaing,2025-02,306,1.7124183006535947,17,32,9.5625
Sagaing,2025-03,203,1.6206896551724137,13,29,7.0
Sagaing,2025-04,197,1.9187817258883249,22,27,7.296296296296297
Sagaing,2025-05,162,1.7901234567901234,15,26,6.230769230769231
Sagaing,2025-06,222,1.572072072072072,14,28,7.928571428571429
Sagaing,2025-07,183,1.994535519125683,23,33,5.545454545454546
Sagaing,2025-08,273,1.5970695970695972,17,30,9.1
Sagaing,2025-09,201,2.174129353233831,18,28,7.178571428571429
Sagaing,2025-10,220,1.65,19,32,6.875
Sagaing,2025-11,246,2.1341463414634148,20,32,7.6875
Sagaing,2025-12,231,1.9134199134199135,19,29,7.9655172413793105
Sagaing,2026-01,288,1.8680555555555556,22,33,8.727272727272727
Sagaing,2026-02,174,2.057471264367816,19,27,6.444444444444445
Sagaing,2026-03,153,1.9869281045751634,15,29,5.275862068965517
Sagaing,2026-04,86,1.5232558139534884,17,27,3.185185185185185
Shan-East,2010-01,1,1.0,1,6,0.16666666666666666
Shan-East,2010-02,2,1.0,1,7,0.2857142857142857
Shan-East,2010-03,1,1.0,1,6,0.16666666666666666
Shan-East,2010-04,2,1.0,1,9,0.2222222222222222
Shan-East,2010-05,1,1.0,1,7,0.14285714285714285
Shan-East,2010-10,4,1.0,2,6,0.6666666666666666
Shan-East,2010-11,1,1.0,1,13,0.07692307692307693
Shan-East,2010-12,1,1.0,1,6,0.16666666666666666
Shan-East,2011-01,1,1.0,1,7,0.14285714285714285
Shan-East,2011-02,3,1.0,2,7,0.42857142857142855
Shan-East,2011-03,1,1.0,1,10,0.1
Shan-East,2011-04,6,1.0,3,7,0.8571428571428571
Shan-East,2011-05,1,1.0,1,10,0.1
Shan-East,2011-06,1,1.0,1,13,0.07692307692307693
Shan-East,2011-08,1,1.0,1,9,0.1111111111111111
Shan-East,2012-02,13,1.0769230769230769,5,10,1.3
Shan-East,2012-03,3,1.0,2,12,0.25
Shan-East,2012-05,2,1.0,1,17,0.11764705882352941
Shan-East,2012-06,3,1.0,2,19,0.15789473684210525
Shan-East,2012-07,2,1.0,2,9,0.2222222222222222
Shan-East,2012-09,1,1.0,1,10,0.1
Shan-East,2012-11,1,1.0,1,13,0.07692307692307693
Shan-East,2013-02,1,1.0,1,10,0.1
Shan-East,2013-04,1,1.0,1,12,0.08333333333333333
Shan-East,2013-05,1,1.0,1,15,0.06666666666666667
Shan-East,2013-09,1,2.0,2,13,0.07692307692307693
Shan-East,2014-02,1,1.0,1,12,0.08333333333333333
Shan-East,2014-03,1,2.0,2,11,0.09090909090909091
Shan-East,2014-05,1,1.0,1,11,0.09090909090909091
Shan-East,2014-09,1,2.0,2,13,0.07692307692307693
Shan-East,2014-10,1,1.0,1,15,0.06666666666666667
Shan-East,2015-03,1,1.0,1,16,0.0625
Shan-East,2015-04,5,1.0,2,17,0.29411764705882354
Shan-East,2015-08,1,1.0,1,10,0.1
Shan-East,2015-09,3,1.0,2,11,0.2727272727272727
Shan-East,2015-10,1,1.0,1,11,0.09090909090909091
Shan-East,2015-12,1,1.0,1,16,0.0625
Shan-East,2016-05,3,1.0,1,14,0.21428571428571427
Shan-East,2016-09,3,1.0,3,13,0.23076923076923078
Shan-East,2016-10,1,1.0,1,17,0.058823529411764705
Shan-East,2017-03,1,1.0,1,12,0.08333333333333333
Shan-East,2017-04,1,1.0,1,11,0.09090909090909091
Shan-East,2017-06,1,2.0,2,11,0.09090909090909091
Shan-East,2017-07,1,2.0,2,13,0.07692307692307693
Shan-East,2017-11,1,2.0,2,18,0.05555555555555555
Shan-East,2018-01,1,1.0,1,17,0.058823529411764705
Shan-East,2018-03,1,1.0,1,18,0.05555555555555555
Shan-East,2018-04,1,2.0,2,17,0.058823529411764705
Shan-East,2018-08,2,1.0,1,14,0.14285714285714285
Shan-East,2018-10,1,1.0,1,18,0.05555555555555555
Shan-East,2019-01,1,1.0,1,20,0.05
Shan-East,2019-02,4,1.0,2,19,0.21052631578947367
Shan-East,2019-05,1,1.0,1,25,0.04
Shan-East,2019-06,1,1.0,1,25,0.04
Shan-East,2019-07,2,1.0,2,20,0.1
Shan-East,2019-08,1,1.0,1,19,0.05263157894736842
Shan-East,2019-09,1,1.0,1,20,0.05
Shan-East,2019-10,7,1.2857142857142858,3,22,0.3181818181818182
Shan-East,2019-11,2,1.0,1,20,0.1
Shan-East,2019-12,3,1.0,1,22,0.13636363636363635
Shan-East,2020-02,2,1.5,2,24,0.08333333333333333
Shan-East,2020-03,2,1.0,2,24,0.08333333333333333
Shan-East,2020-04,1,1.0,1,27,0.037037037037037035
Shan-East,2020-06,2,1.0,1,23,0.08695652173913043
Shan-East,2020-08,1,1.0,1,20,0.05
Shan-East,2021-02,32,2.46875,8,48,0.6666666666666666
Shan-East,2021-03,6,1.0,3,50,0.12
Shan-East,2021-04,10,1.1,4,35,0.2857142857142857
Shan-East,2021-05,7,1.1428571428571428,2,33,0.21212121212121213
Shan-East,2021-06,7,1.2857142857142858,6,30,0.23333333333333334
Shan-East,2021-09,3,1.0,2,28,0.10714285714285714
Shan-East,2021-10,1,2.0,2,27,0.037037037037037035
Shan-East,2021-11,2,1.0,1,28,0.07142857142857142
Shan-East,2021-12,1,1.0,1,31,0.03225806451612903
Shan-East,2022-01,7,1.0,2,33,0.21212121212121213
Shan-East,2022-02,2,3.5,6,28,0.07142857142857142
Shan-East,2022-03,1,1.0,1,29,0.034482758620689655
Shan-East,2022-04,1,5.0,5,30,0.03333333333333333
Shan-East,2022-05,2,1.0,2,25,0.08
Shan-East,2022-06,2,1.5,3,28,0.07142857142857142
Shan-East,2022-07,1,2.0,2,28,0.03571428571428571
Shan-East,2022-10,2,2.0,4,29,0.06896551724137931
Shan-East,2023-02,2,3.5,6,26,0.07692307692307693
Shan-East,2023-07,1,1.0,1,27,0.037037037037037035
Shan-East,2023-10,6,1.0,2,30,0.2
Shan-East,2023-11,3,1.0,3,32,0.09375
Shan-East,2024-01,1,1.0,1,37,0.02702702702702703
Shan-East,2024-02,3,3.0,7,27,0.1111111111111111
Shan-East,2024-03,2,1.5,3,26,0.07692307692307693
Shan-East,2024-06,1,1.0,1,26,0.038461538461538464
Shan-East,2024-07,1,2.0,2,27,0.037037037037037035
Shan-East,2024-09,3,3.0,8,29,0.10344827586206896
Shan-East,2024-11,1,1.0,1,29,0.034482758620689655
Shan-East,2024-12,2,1.0,1,27,0.07407407407407407
Shan-East,2025-06,1,2.0,2,28,0.03571428571428571
Shan-East,2025-07,2,5.0,10,33,0.06060606060606061
Shan-East,2025-08,3,1.6666666666666667,3,30,0.1
Shan-East,2025-10,2,2.0,3,32,0.0625
Shan-East,2025-11,1,3.0,3,32,0.03125
Shan-East,2026-02,4,2.0,5,27,0.14814814814814814
Shan-East,2026-03,1,2.0,2,29,0.034482758620689655
Shan-East,2026-04,2,3.0,5,27,0.07407407407407407
Shan-North,2010-02,4,1.0,2,7,0.5714285714285714
Shan-North,2010-03,3,1.0,2,6,0.5
Shan-North,2010-04,2,1.0,2,9,0.2222222222222222
Shan-North,2010-07,1,1.0,1,7,0.14285714285714285
Shan-North,2010-09,3,1.0,1,8,0.375
Shan-North,2011-03,8,1.0,4,10,0.8
Shan-North,2011-04,11,1.0,2,7,1.5714285714285714
Shan-North,2011-05,2,1.0,1,10,0.2
Shan-North,2011-06,14,1.0,4,13,1.0769230769230769
Shan-North,2011-07,8,1.0,4,10,0.8
Shan-North,2011-08,11,1.0,5,9,1.2222222222222223
Shan-North,2011-09,20,1.0,5,8,2.5
Shan-North,2011-10,11,1.0,4,10,1.1
Shan-North,2011-11,6,1.0,3,13,0.46153846153846156
Shan-North,2011-12,3,1.0,2,7,0.42857142857142855
Shan-North,2012-01,2,1.0,2,10,0.2
Shan-North,2012-02,3,1.0,2,10,0.3
Shan-North,2012-03,11,1.0909090909090908,6,12,0.9166666666666666
Shan-North,2012-04,4,1.0,1,7,0.5714285714285714
Shan-North,2012-05,9,1.2222222222222223,5,17,0.5294117647058824
Shan-North,2012-06,11,1.1818181818181819,6,19,0.5789473684210527
Shan-North,2012-07,15,1.0,3,9,1.6666666666666667
Shan-North,2012-08,5,1.0,2,13,0.38461538461538464
Shan-North,2012-09,3,1.0,2,10,0.3
Shan-North,2012-10,13,1.0,3,13,1.0
Shan-North,2012-11,12,1.0833333333333333,3,13,0.9230769230769231
Shan-North,2012-12,3,1.3333333333333333,4,13,0.23076923076923078
Shan-North,2013-01,6,1.0,2,17,0.35294117647058826
Shan-North,2013-02,12,1.0833333333333333,5,10,1.2
Shan-North,2013-03,20,1.0,8,15,1.3333333333333333
Shan-North,2013-04,17,1.0588235294117647,7,12,1.4166666666666667
Shan-North,2013-05,25,1.28,10,15,1.6666666666666667
Shan-North,2013-06,33,1.0606060606060606,7,15,2.2
Shan-North,2013-07,19,1.0526315789473684,7,13,1.4615384615384615
Shan-North,2013-08,23,1.0434782608695652,8,19,1.2105263157894737
Shan-North,2013-09,25,1.2,7,13,1.9230769230769231
Shan-North,2013-10,13,1.3846153846153846,5,11,1.1818181818181819
Shan-North,2013-11,12,1.8333333333333333,4,13,0.9230769230769231
Shan-North,2013-12,14,1.2857142857142858,8,10,1.4
Shan-North,2014-01,10,1.5,6,14,0.7142857142857143
Shan-North,2014-02,16,1.5625,5,12,1.3333333333333333
Shan-North,2014-03,13,1.1538461538461537,5,11,1.1818181818181819
Shan-North,2014-04,24,1.25,7,14,1.7142857142857142
Shan-North,2014-05,27,1.2962962962962963,6,11,2.4545454545454546
Shan-North,2014-06,30,1.4333333333333333,4,15,2.0
Shan-North,2014-07,20,1.45,5,11,1.8181818181818181
Shan-North,2014-08,12,1.75,3,12,1.0
Shan-North,2014-09,11,1.4545454545454546,5,13,0.8461538461538461
Shan-North,2014-10,21,1.4285714285714286,7,15,1.4
Shan-North,2014-11,15,1.5333333333333334,6,14,1.0714285714285714
Shan-North,2014-12,23,1.173913043478261,8,15,1.5333333333333334
Shan-North,2015-01,32,1.03125,4,12,2.6666666666666665
Shan-North,2015-02,77,1.103896103896104,15,17,4.529411764705882
Shan-North,2015-03,57,1.1929824561403508,12,16,3.5625
Shan-North,2015-04,41,1.4878048780487805,11,17,2.411764705882353
Shan-North,2015-05,34,1.4411764705882353,7,12,2.8333333333333335
Shan-North,2015-06,29,1.5172413793103448,5,13,2.230769230769231
Shan-North,2015-07,14,1.5714285714285714,4,17,0.8235294117647058
Shan-North,2015-08,19,1.2105263157894737,7,10,1.9
Shan-North,2015-09,47,1.297872340425532,5,11,4.2727272727272725
Shan-North,2015-10,48,1.1666666666666667,8,11,4.363636363636363
Shan-North,2015-11,37,1.3783783783783783,9,12,3.0833333333333335
Shan-North,2015-12,38,1.5,10,16,2.375
Shan-North,2016-01,25,1.32,9,13,1.9230769230769231
Shan-North,2016-02,35,1.0285714285714285,7,11,3.1818181818181817
Shan-North,2016-03,45,1.1777777777777778,10,13,3.4615384615384617
Shan-North,2016-04,12,1.3333333333333333,6,10,1.2
Shan-North,2016-05,42,1.0714285714285714,10,14,3.0
Shan-North,2016-06,12,1.3333333333333333,7,13,0.9230769230769231
Shan-North,2016-07,27,1.3703703703703705,9,12,2.25
Shan-North,2016-08,14,1.2857142857142858,6,12,1.1666666666666667
Shan-North,2016-09,7,1.5714285714285714,4,13,0.5384615384615384
Shan-North,2016-10,25,1.44,8,17,1.4705882352941178
Shan-North,2016-11,69,1.2318840579710144,9,22,3.1363636363636362
Shan-North,2016-12,80,1.125,9,16,5.0
Shan-North,2017-01,62,1.2258064516129032,9,16,3.875
Shan-North,2017-02,24,1.4583333333333333,10,15,1.6
Shan-North,2017-03,35,1.542857142857143,8,12,2.9166666666666665
Shan-North,2017-04,18,1.7777777777777777,7,11,1.6363636363636365
Shan-North,2017-05,49,1.6122448979591837,7,13,3.769230769230769
Shan-North,2017-06,25,1.6,5,11,2.272727272727273
Shan-North,2017-07,26,1.3846153846153846,6,13,2.0
Shan-North,2017-08,17,1.1764705882352942,7,12,1.4166666666666667
Shan-North,2017-09,18,1.3888888888888888,7,15,1.2
Shan-North,2017-10,15,1.4666666666666666,6,14,1.0714285714285714
Shan-North,2017-11,19,1.368421052631579,8,18,1.0555555555555556
Shan-North,2017-12,16,1.25,6,16,1.0
Shan-North,2018-01,15,1.0666666666666667,7,17,0.8823529411764706
Shan-North,2018-02,20,1.2,6,12,1.6666666666666667
Shan-North,2018-03,20,1.05,6,18,1.1111111111111112
Shan-North,2018-04,13,1.0,5,17,0.7647058823529411
Shan-North,2018-05,24,1.0416666666666667,6,17,1.411764705882353
Shan-North,2018-06,9,1.1111111111111112,4,15,0.6
Shan-North,2018-07,20,1.05,5,15,1.3333333333333333
Shan-North,2018-08,37,1.054054054054054,9,14,2.642857142857143
Shan-North,2018-09,29,1.2758620689655173,10,16,1.8125
Shan-North,2018-10,37,1.0810810810810811,9,18,2.0555555555555554
Shan-North,2018-11,33,1.0606060606060606,7,12,2.75
Shan-North,2018-12,12,1.0833333333333333,4,11,1.0909090909090908
Shan-North,2019-01,20,1.05,7,20,1.0
Shan-North,2019-02,19,1.0,5,19,1.0
Shan-North,2019-03,38,1.5,9,21,1.8095238095238095
Shan-North,2019-04,24,1.0833333333333333,9,21,1.1428571428571428
Shan-North,2019-05,16,1.125,5,25,0.64
Shan-North,2019-06,12,1.0,8,25,0.48
Shan-North,2019-07,23,1.173913043478261,11,20,1.15
Shan-North,2019-08,72,1.1805555555555556,13,19,3.789473684210526
Shan-North,2019-09,39,1.3846153846153846,14,20,1.95
Shan-North,2019-10,25,1.32,9,22,1.1363636363636365
Shan-North,2019-11,39,1.2564102564102564,10,20,1.95
Shan-North,2019-12,29,1.0689655172413792,9,22,1.3181818181818181
Shan-North,2020-01,31,1.2258064516129032,11,26,1.1923076923076923
Shan-North,2020-02,5,1.0,2,24,0.20833333333333334
Shan-North,2020-03,14,1.4285714285714286,7,24,0.5833333333333334
Shan-North,2020-04,12,1.0833333333333333,8,27,0.4444444444444444
Shan-North,2020-05,10,1.3,8,26,0.38461538461538464
Shan-North,2020-06,37,1.5945945945945945,13,23,1.608695652173913
Shan-North,2020-07,27,1.5185185185185186,10,19,1.4210526315789473
Shan-North,2020-08,12,1.4166666666666667,7,20,0.6
Shan-North,2020-09,39,1.1025641025641026,8,26,1.5
Shan-North,2020-10,55,1.4181818181818182,12,24,2.2916666666666665
Shan-North,2020-11,10,1.3,7,19,0.5263157894736842
Shan-North,2020-12,33,1.606060606060606,11,23,1.434782608695652
Shan-North,2021-01,39,1.4615384615384615,9,27,1.4444444444444444
Shan-North,2021-02,161,1.15527950310559,14,48,3.3541666666666665
Shan-North,2021-03,193,1.1398963730569949,12,50,3.86
Shan-North,2021-04,201,1.1044776119402986,19,35,5.742857142857143
Shan-North,2021-05,198,1.1666666666666667,19,33,6.0
Shan-North,2021-06,110,1.1454545454545455,12,30,3.6666666666666665
Shan-North,2021-07,85,1.1411764705882352,10,30,2.8333333333333335
Shan-North,2021-08,99,1.3131313131313131,12,33,3.0
Shan-North,2021-09,69,1.3333333333333333,17,28,2.4642857142857144
Shan-North,2021-10,91,1.4285714285714286,13,27,3.3703703703703702
Shan-North,2021-11,83,1.4578313253012047,15,28,2.9642857142857144
Shan-North,2021-12,66,1.4696969696969697,13,31,2.129032258064516
Shan-North,2022-01,69,1.3333333333333333,15,33,2.090909090909091
Shan-North,2022-02,44,1.2045454545454546,11,28,1.5714285714285714
Shan-North,2022-03,34,1.6764705882352942,12,29,1.1724137931034482
Shan-North,2022-04,35,1.4285714285714286,14,30,1.1666666666666667
Shan-North,2022-05,32,1.59375,12,25,1.28
Shan-North,2022-06,37,1.7297297297297298,13,28,1.3214285714285714
Shan-North,2022-07,44,1.6590909090909092,12,28,1.5714285714285714
Shan-North,2022-08,52,1.5961538461538463,11,26,2.0
Shan-North,2022-09,59,1.5254237288135593,11,26,2.269230769230769
Shan-North,2022-10,38,1.9210526315789473,14,29,1.3103448275862069
Shan-North,2022-11,46,2.152173913043478,15,28,1.6428571428571428
Shan-North,2022-12,43,2.5348837209302326,15,25,1.72
Shan-North,2023-01,22,1.3181818181818181,8,24,0.9166666666666666
Shan-North,2023-02,47,1.8297872340425532,18,26,1.8076923076923077
Shan-North,2023-03,27,1.5555555555555556,8,27,1.0
Shan-North,2023-04,45,1.8222222222222222,13,28,1.6071428571428572
Shan-North,2023-05,20,1.55,10,26,0.7692307692307693
Shan-North,2023-06,51,1.6470588235294117,17,28,1.8214285714285714
Shan-North,2023-07,67,1.9850746268656716,19,27,2.4814814814814814
Shan-North,2023-08,71,2.1267605633802815,17,26,2.730769230769231
Shan-North,2023-09,81,2.246913580246914,16,27,3.0
Shan-North,2023-10,172,2.11046511627907,22,30,5.733333333333333
Shan-North,2023-11,487,1.8685831622176592,19,32,15.21875
Shan-North,2023-12,317,1.8801261829652998,16,27,11.74074074074074
Shan-North,2024-01,211,1.981042654028436,19,37,5.702702702702703
Shan-North,2024-02,36,1.5277777777777777,10,27,1.3333333333333333
Shan-North,2024-03,32,2.34375,14,26,1.2307692307692308
Shan-North,2024-04,41,1.6585365853658536,13,26,1.5769230769230769
Shan-North,2024-05,37,1.4594594594594594,10,31,1.1935483870967742
Shan-North,2024-06,116,2.3879310344827585,13,26,4.461538461538462
Shan-North,2024-07,303,2.4125412541254128,21,27,11.222222222222221
Shan-North,2024-08,128,2.46875,17,26,4.923076923076923
Shan-North,2024-09,107,3.149532710280374,17,29,3.689655172413793
Shan-North,2024-10,110,2.7545454545454544,18,29,3.793103448275862
Shan-North,2024-11,80,2.425,16,29,2.7586206896551726
Shan-North,2024-12,34,1.9411764705882353,11,27,1.2592592592592593
Shan-North,2025-01,31,2.935483870967742,15,34,0.9117647058823529
Shan-North,2025-02,54,2.2962962962962963,14,32,1.6875
Shan-North,2025-03,52,2.4615384615384617,17,29,1.793103448275862
Shan-North,2025-04,61,2.557377049180328,17,27,2.259259259259259
Shan-North,2025-05,85,1.8235294117647058,12,26,3.269230769230769
Shan-North,2025-06,139,1.8920863309352518,14,28,4.964285714285714
Shan-North,2025-07,137,2.4963503649635035,16,33,4.151515151515151
Shan-North,2025-08,99,2.121212121212121,15,30,3.3
Shan-North,2025-09,90,2.411111111111111,17,28,3.2142857142857144
Shan-North,2025-10,77,2.948051948051948,16,32,2.40625
Shan-North,2025-11,42,1.7619047619047619,13,32,1.3125
Shan-North,2025-12,24,1.9583333333333333,11,29,0.8275862068965517
Shan-North,2026-01,42,1.5238095238095237,9,33,1.2727272727272727
Shan-North,2026-02,35,1.4857142857142858,10,27,1.2962962962962963
Shan-North,2026-03,73,1.9863013698630136,15,29,2.5172413793103448
Shan-North,2026-04,7,1.8571428571428572,6,27,0.25925925925925924
Shan-South,2010-02,1,1.0,1,7,0.14285714285714285
Shan-South,2010-03,2,1.0,1,6,0.3333333333333333
Shan-South,2010-07,1,1.0,1,7,0.14285714285714285
Shan-South,2010-10,5,1.0,1,6,0.8333333333333334
Shan-South,2010-11,5,1.0,3,13,0.38461538461538464
Shan-South,2010-12,2,1.0,1,6,0.3333333333333333
Shan-South,2011-02,10,1.0,1,7,1.4285714285714286
Shan-South,2011-03,9,1.1111111111111112,2,10,0.9
Shan-South,2011-04,4,1.0,3,7,0.5714285714285714
Shan-South,2011-05,1,1.0,1,10,0.1
Shan-South,2011-06,5,1.0,1,13,0.38461538461538464
Shan-South,2011-07,13,1.0,6,10,1.3
Shan-South,2011-08,9,1.0,3,9,1.0
Shan-South,2011-09,1,1.0,1,8,0.125
Shan-South,2011-10,3,1.0,3,10,0.3
Shan-South,2011-11,1,1.0,1,13,0.07692307692307693
Shan-South,2012-01,2,1.0,2,10,0.2
Shan-South,2012-03,1,1.0,1,12,0.08333333333333333
Shan-South,2012-05,1,1.0,1,17,0.058823529411764705
Shan-South,2012-06,8,1.0,2,19,0.42105263157894735
Shan-South,2012-07,5,1.0,1,9,0.5555555555555556
Shan-South,2012-09,4,1.0,3,10,0.4
Shan-South,2012-10,1,1.0,1,13,0.07692307692307693
Shan-South,2012-12,2,1.0,2,13,0.15384615384615385
Shan-South,2013-01,2,1.0,2,17,0.11764705882352941
Shan-South,2013-02,1,1.0,1,10,0.1
Shan-South,2013-03,4,1.0,2,15,0.26666666666666666
Shan-South,2013-04,2,1.0,1,12,0.16666666666666666
Shan-South,2013-05,1,2.0,2,15,0.06666666666666667
Shan-South,2013-06,6,1.0,3,15,0.4
Shan-South,2013-07,3,1.3333333333333333,3,13,0.23076923076923078
Shan-South,2013-08,1,1.0,1,19,0.05263157894736842
Shan-South,2013-09,4,2.0,2,13,0.3076923076923077
Shan-South,2013-10,7,1.4285714285714286,3,11,0.6363636363636364
Shan-South,2013-11,2,2.0,2,13,0.15384615384615385
Shan-South,2013-12,3,1.3333333333333333,4,10,0.3
Shan-South,2014-01,2,1.0,1,14,0.14285714285714285
Shan-South,2014-02,4,1.0,3,12,0.3333333333333333
Shan-South,2014-03,5,1.6,4,11,0.45454545454545453
Shan-South,2014-04,1,2.0,2,14,0.07142857142857142
Shan-South,2014-05,1,1.0,1,11,0.09090909090909091
Shan-South,2014-06,5,1.4,5,15,0.3333333333333333
Shan-South,2014-07,5,1.2,4,11,0.45454545454545453
Shan-South,2014-08,5,1.2,4,12,0.4166666666666667
Shan-South,2014-09,3,1.6666666666666667,3,13,0.23076923076923078
Shan-South,2014-10,14,1.0714285714285714,8,15,0.9333333333333333
Shan-South,2014-11,1,1.0,1,14,0.07142857142857142
Shan-South,2014-12,5,1.4,5,15,0.3333333333333333
Shan-South,2015-01,4,1.0,3,12,0.3333333333333333
Shan-South,2015-02,2,1.0,2,17,0.11764705882352941
Shan-South,2015-03,2,1.0,2,16,0.125
Shan-South,2015-04,9,1.0,3,17,0.5294117647058824
Shan-South,2015-05,1,1.0,1,12,0.08333333333333333
Shan-South,2015-06,3,1.3333333333333333,4,13,0.23076923076923078
Shan-South,2015-07,4,1.75,3,17,0.23529411764705882
Shan-South,2015-08,5,1.4,4,10,0.5
Shan-South,2015-09,13,1.3076923076923077,5,11,1.1818181818181819
Shan-South,2015-10,37,1.5405405405405406,7,11,3.3636363636363638
Shan-South,2015-11,36,1.1388888888888888,9,12,3.0
Shan-South,2015-12,5,1.0,4,16,0.3125
Shan-South,2016-01,1,1.0,1,13,0.07692307692307693
Shan-South,2016-02,2,1.0,1,11,0.18181818181818182
Shan-South,2016-03,3,1.3333333333333333,4,13,0.23076923076923078
Shan-South,2016-04,3,1.0,2,10,0.3
Shan-South,2016-06,2,1.0,1,13,0.15384615384615385
Shan-South,2016-09,3,1.0,2,13,0.23076923076923078
Shan-South,2016-10,8,1.0,3,17,0.47058823529411764
Shan-South,2016-11,3,1.0,3,22,0.13636363636363635
Shan-South,2016-12,3,1.6666666666666667,3,16,0.1875
Shan-South,2017-01,4,1.75,5,16,0.25
Shan-South,2017-02,1,1.0,1,15,0.06666666666666667
Shan-South,2017-03,1,1.0,1,12,0.08333333333333333
Shan-South,2017-04,3,1.0,2,11,0.2727272727272727
Shan-South,2017-06,1,1.0,1,11,0.09090909090909091
Shan-South,2017-07,3,1.3333333333333333,4,13,0.23076923076923078
Shan-South,2017-08,3,2.0,4,12,0.25
Shan-South,2017-11,2,1.5,3,18,0.1111111111111111
Shan-South,2017-12,1,1.0,1,16,0.0625
Shan-South,2018-01,4,1.25,4,17,0.23529411764705882
Shan-South,2018-04,1,1.0,1,17,0.058823529411764705
Shan-South,2018-05,3,1.0,2,17,0.17647058823529413
Shan-South,2018-06,1,2.0,2,15,0.06666666666666667
Shan-South,2018-07,12,1.4166666666666667,4,15,0.8
Shan-South,2018-08,2,1.0,2,14,0.14285714285714285
Shan-South,2018-09,1,1.0,1,16,0.0625
Shan-South,2018-10,7,1.0,4,18,0.3888888888888889
Shan-South,2018-11,4,1.0,2,12,0.3333333333333333
Shan-South,2018-12,9,1.1111111111111112,3,11,0.8181818181818182
Shan-South,2019-01,1,1.0,1,20,0.05
Shan-South,2019-02,4,1.0,2,19,0.21052631578947367
Shan-South,2019-03,4,1.0,3,21,0.19047619047619047
Shan-South,2019-04,1,1.0,1,21,0.047619047619047616
Shan-South,2019-05,2,1.0,1,25,0.08
Shan-South,2019-06,1,1.0,1,25,0.04
Shan-South,2019-07,3,1.3333333333333333,3,20,0.15
Shan-South,2019-08,1,1.0,1,19,0.05263157894736842
Shan-South,2019-09,2,1.5,2,20,0.1
Shan-South,2019-10,2,1.0,2,22,0.09090909090909091
Shan-South,2019-11,2,1.0,1,20,0.1
Shan-South,2020-02,4,1.5,3,24,0.16666666666666666
Shan-South,2020-03,6,1.1666666666666667,3,24,0.25
Shan-South,2020-04,1,1.0,1,27,0.037037037037037035
Shan-South,2020-06,2,1.0,1,23,0.08695652173913043
Shan-South,2020-07,1,1.0,1,19,0.05263157894736842
Shan-South,2020-08,1,1.0,1,20,0.05
Shan-South,2020-09,3,1.6666666666666667,4,26,0.11538461538461539
Shan-South,2020-10,2,1.0,2,24,0.08333333333333333
Shan-South,2020-11,2,1.0,1,19,0.10526315789473684
Shan-South,2020-12,2,1.0,2,23,0.08695652173913043
Shan-South,2021-01,4,1.0,3,27,0.14814814814814814
Shan-South,2021-02,54,1.1111111111111112,12,48,1.125
Shan-South,2021-03,45,1.511111111111111,12,50,0.9
Shan-South,2021-04,27,1.1111111111111112,7,35,0.7714285714285715
Shan-South,2021-05,50,1.16,11,33,1.5151515151515151
Shan-South,2021-06,52,1.2692307692307692,14,30,1.7333333333333334
Shan-South,2021-07,25,1.24,7,30,0.8333333333333334
Shan-South,2021-08,30,1.3666666666666667,11,33,0.9090909090909091
Shan-South,2021-09,56,1.2321428571428572,11,28,2.0
Shan-South,2021-10,32,1.65625,10,27,1.1851851851851851
Shan-South,2021-11,51,1.3333333333333333,13,28,1.8214285714285714
Shan-South,2021-12,28,1.1071428571428572,8,31,0.9032258064516129
Shan-South,2022-01,41,1.3170731707317074,13,33,1.2424242424242424
Shan-South,2022-02,53,1.5471698113207548,15,28,1.8928571428571428
Shan-South,2022-03,44,1.3409090909090908,13,29,1.5172413793103448
Shan-South,2022-04,46,1.2608695652173914,13,30,1.5333333333333334
Shan-South,2022-05,65,1.5846153846153845,13,25,2.6
Shan-South,2022-06,43,1.3488372093023255,14,28,1.5357142857142858
Shan-South,2022-07,55,1.8363636363636364,16,28,1.9642857142857142
Shan-South,2022-08,28,1.5357142857142858,15,26,1.0769230769230769
Shan-South,2022-09,47,2.25531914893617,15,26,1.8076923076923077
Shan-South,2022-10,30,1.7333333333333334,12,29,1.0344827586206897
Shan-South,2022-11,13,1.6153846153846154,8,28,0.4642857142857143
Shan-South,2022-12,17,1.3529411764705883,10,25,0.68
Shan-South,2023-01,25,1.36,11,24,1.0416666666666667
Shan-South,2023-02,31,1.935483870967742,15,26,1.1923076923076923
Shan-South,2023-03,42,2.1666666666666665,18,27,1.5555555555555556
Shan-South,2023-04,48,1.8125,17,28,1.7142857142857142
Shan-South,2023-05,51,1.8235294117647058,14,26,1.9615384615384615
Shan-South,2023-06,44,2.5681818181818183,16,28,1.5714285714285714
Shan-South,2023-07,33,1.5151515151515151,10,27,1.2222222222222223
Shan-South,2023-08,25,1.64,13,26,0.9615384615384616
Shan-South,2023-09,13,2.076923076923077,12,27,0.48148148148148145
Shan-South,2023-10,18,1.4444444444444444,8,30,0.6
Shan-South,2023-11,20,2.2,16,32,0.625
Shan-South,2023-12,14,1.7857142857142858,6,27,0.5185185185185185
Shan-South,2024-01,51,2.176470588235294,16,37,1.3783783783783783
Shan-South,2024-02,82,2.0,15,27,3.037037037037037
Shan-South,2024-03,93,1.978494623655914,14,26,3.576923076923077
Shan-South,2024-04,64,1.90625,12,26,2.4615384615384617
Shan-South,2024-05,52,1.5961538461538463,10,31,1.6774193548387097
Shan-South,2024-06,48,1.8125,11,26,1.8461538461538463
Shan-South,2024-07,46,1.608695652173913,13,27,1.7037037037037037
Shan-South,2024-08,26,2.076923076923077,12,26,1.0
Shan-South,2024-09,20,2.85,16,29,0.6896551724137931
Shan-South,2024-10,28,1.6428571428571428,10,29,0.9655172413793104
Shan-South,2024-11,76,2.236842105263158,17,29,2.6206896551724137
Shan-South,2024-12,51,3.235294117647059,11,27,1.8888888888888888
Shan-South,2025-01,86,2.2093023255813953,13,34,2.5294117647058822
Shan-South,2025-02,36,2.4722222222222223,16,32,1.125
Shan-South,2025-03,35,2.2285714285714286,15,29,1.206896551724138
Shan-South,2025-04,29,2.586206896551724,12,27,1.0740740740740742
Shan-South,2025-05,76,1.8026315789473684,11,26,2.923076923076923
Shan-South,2025-06,54,2.388888888888889,14,28,1.9285714285714286
Shan-South,2025-07,19,2.4210526315789473,14,33,0.5757575757575758
Shan-South,2025-08,48,2.1041666666666665,12,30,1.6
Shan-South,2025-09,20,1.5,4,28,0.7142857142857143
Shan-South,2025-10,30,1.4333333333333333,7,32,0.9375
Shan-South,2025-11,27,1.6666666666666667,9,32,0.84375
Shan-South,2025-12,11,1.1818181818181819,4,29,0.3793103448275862
Shan-South,2026-01,22,1.2727272727272727,7,33,0.6666666666666666
Shan-South,2026-02,53,1.679245283018868,11,27,1.962962962962963
Shan-South,2026-03,18,1.5,9,29,0.6206896551724138
Shan-South,2026-04,4,1.25,2,27,0.14814814814814814
Tanintharyi,2010-02,1,1.0,1,7,0.14285714285714285
Tanintharyi,2010-08,1,1.0,1,6,0.16666666666666666
Tanintharyi,2010-10,2,1.0,1,6,0.3333333333333333
Tanintharyi,2011-07,1,1.0,1,10,0.1
Tanintharyi,2011-09,1,1.0,1,8,0.125
Tanintharyi,2012-04,1,1.0,1,7,0.14285714285714285
Tanintharyi,2012-08,1,1.0,1,13,0.07692307692307693
Tanintharyi,2013-01,1,1.0,1,17,0.058823529411764705
Tanintharyi,2013-07,3,1.0,3,13,0.23076923076923078
Tanintharyi,2013-09,2,1.0,2,13,0.15384615384615385
Tanintharyi,2013-11,1,1.0,1,13,0.07692307692307693
Tanintharyi,2014-01,2,1.0,2,14,0.14285714285714285
Tanintharyi,2014-02,1,1.0,1,12,0.08333333333333333
Tanintharyi,2014-04,2,1.0,2,14,0.14285714285714285
Tanintharyi,2014-06,5,1.2,5,15,0.3333333333333333
Tanintharyi,2014-07,1,1.0,1,11,0.09090909090909091
Tanintharyi,2014-08,1,1.0,1,12,0.08333333333333333
Tanintharyi,2014-09,3,1.0,1,13,0.23076923076923078
Tanintharyi,2015-01,3,1.3333333333333333,3,12,0.25
Tanintharyi,2015-02,4,1.0,3,17,0.23529411764705882
Tanintharyi,2015-03,2,1.0,1,16,0.125
Tanintharyi,2015-09,1,1.0,1,11,0.09090909090909091
Tanintharyi,2015-12,2,1.0,2,16,0.125
Tanintharyi,2016-01,1,2.0,2,13,0.07692307692307693
Tanintharyi,2016-03,1,1.0,1,13,0.07692307692307693
Tanintharyi,2016-08,1,1.0,1,12,0.08333333333333333
Tanintharyi,2016-09,1,1.0,1,13,0.07692307692307693
Tanintharyi,2016-10,1,2.0,2,17,0.058823529411764705
Tanintharyi,2016-11,2,2.0,4,22,0.09090909090909091
Tanintharyi,2016-12,1,1.0,1,16,0.0625
Tanintharyi,2017-01,3,1.0,3,16,0.1875
Tanintharyi,2017-02,1,1.0,1,15,0.06666666666666667
Tanintharyi,2017-04,1,2.0,2,11,0.09090909090909091
Tanintharyi,2017-07,2,1.0,1,13,0.15384615384615385
Tanintharyi,2018-03,1,1.0,1,18,0.05555555555555555
Tanintharyi,2018-07,1,1.0,1,15,0.06666666666666667
Tanintharyi,2018-09,2,1.0,2,16,0.125
Tanintharyi,2018-10,3,1.3333333333333333,2,18,0.16666666666666666
Tanintharyi,2018-11,3,1.3333333333333333,3,12,0.25
Tanintharyi,2018-12,1,1.0,1,11,0.09090909090909091
Tanintharyi,2019-01,1,1.0,1,20,0.05
Tanintharyi,2019-02,1,1.0,1,19,0.05263157894736842
Tanintharyi,2019-04,2,1.0,2,21,0.09523809523809523
Tanintharyi,2019-05,1,1.0,1,25,0.04
Tanintharyi,2019-06,1,1.0,1,25,0.04
Tanintharyi,2019-07,6,1.1666666666666667,3,20,0.3
Tanintharyi,2019-09,2,1.0,2,20,0.1
Tanintharyi,2019-10,1,1.0,1,22,0.045454545454545456
Tanintharyi,2019-12,8,1.25,4,22,0.36363636363636365
Tanintharyi,2020-01,1,1.0,1,26,0.038461538461538464
Tanintharyi,2020-02,2,1.5,2,24,0.08333333333333333
Tanintharyi,2020-03,2,3.0,3,24,0.08333333333333333
Tanintharyi,2020-05,2,1.0,1,26,0.07692307692307693
Tanintharyi,2020-09,1,1.0,1,26,0.038461538461538464
Tanintharyi,2021-01,1,1.0,1,27,0.037037037037037035
Tanintharyi,2021-02,61,1.180327868852459,12,48,1.2708333333333333
Tanintharyi,2021-03,57,1.4210526315789473,14,50,1.14
Tanintharyi,2021-04,48,1.1458333333333333,14,35,1.3714285714285714
Tanintharyi,2021-05,111,1.1531531531531531,12,33,3.3636363636363638
Tanintharyi,2021-06,98,1.030612244897959,9,30,3.2666666666666666
Tanintharyi,2021-07,164,1.0121951219512195,9,30,5.466666666666667
Tanintharyi,2021-08,108,1.0462962962962963,8,33,3.272727272727273
Tanintharyi,2021-09,111,1.1441441441441442,12,28,3.9642857142857144
Tanintharyi,2021-10,89,1.1797752808988764,13,27,3.2962962962962963
Tanintharyi,2021-11,84,1.3095238095238095,13,28,3.0
Tanintharyi,2021-12,58,1.103448275862069,11,31,1.8709677419354838
Tanintharyi,2022-01,70,1.2142857142857142,13,33,2.121212121212121
Tanintharyi,2022-02,54,1.2222222222222223,10,28,1.9285714285714286
Tanintharyi,2022-03,64,1.28125,12,29,2.206896551724138
Tanintharyi,2022-04,88,1.3863636363636365,17,30,2.933333333333333
Tanintharyi,2022-05,115,1.3217391304347825,13,25,4.6
Tanintharyi,2022-06,114,1.4473684210526316,16,28,4.071428571428571
Tanintharyi,2022-07,104,1.3173076923076923,12,28,3.7142857142857144
Tanintharyi,2022-08,94,1.4361702127659575,11,26,3.6153846153846154
Tanintharyi,2022-09,100,1.65,13,26,3.8461538461538463
Tanintharyi,2022-10,115,1.7043478260869565,13,29,3.9655172413793105
Tanintharyi,2022-11,139,1.6618705035971224,14,28,4.964285714285714
Tanintharyi,2022-12,106,1.8113207547169812,15,25,4.24
Tanintharyi,2023-01,126,1.5238095238095237,15,24,5.25
Tanintharyi,2023-02,111,1.5495495495495495,15,26,4.269230769230769
Tanintharyi,2023-03,116,1.5948275862068966,15,27,4.296296296296297
Tanintharyi,2023-04,118,1.4067796610169492,14,28,4.214285714285714
Tanintharyi,2023-05,126,1.5238095238095237,15,26,4.846153846153846
Tanintharyi,2023-06,134,1.4253731343283582,13,28,4.785714285714286
Tanintharyi,2023-07,130,1.523076923076923,16,27,4.814814814814815
Tanintharyi,2023-08,118,1.3644067796610169,12,26,4.538461538461538
Tanintharyi,2023-09,128,1.8671875,17,27,4.7407407407407405
Tanintharyi,2023-10,103,1.5048543689320388,15,30,3.433333333333333
Tanintharyi,2023-11,70,1.6428571428571428,15,32,2.1875
Tanintharyi,2023-12,85,1.7294117647058824,16,27,3.1481481481481484
Tanintharyi,2024-01,64,1.671875,15,37,1.7297297297297298
Tanintharyi,2024-02,90,1.6888888888888889,11,27,3.3333333333333335
Tanintharyi,2024-03,88,1.6931818181818181,12,26,3.3846153846153846
Tanintharyi,2024-04,82,1.3780487804878048,10,26,3.1538461538461537
Tanintharyi,2024-05,100,1.87,11,31,3.225806451612903
Tanintharyi,2024-06,63,1.7777777777777777,14,26,2.423076923076923
Tanintharyi,2024-07,85,1.5058823529411764,11,27,3.1481481481481484
Tanintharyi,2024-08,111,1.5945945945945945,11,26,4.269230769230769
Tanintharyi,2024-09,112,1.4732142857142858,11,29,3.8620689655172415
Tanintharyi,2024-10,95,1.6,13,29,3.2758620689655173
Tanintharyi,2024-11,73,1.4931506849315068,12,29,2.5172413793103448
Tanintharyi,2024-12,71,1.6056338028169015,10,27,2.6296296296296298
Tanintharyi,2025-01,81,1.8024691358024691,11,34,2.3823529411764706
Tanintharyi,2025-02,71,1.2394366197183098,9,32,2.21875
Tanintharyi,2025-03,84,1.6428571428571428,12,29,2.896551724137931
Tanintharyi,2025-04,86,1.569767441860465,11,27,3.185185185185185
Tanintharyi,2025-05,75,1.4933333333333334,10,26,2.8846153846153846
Tanintharyi,2025-06,80,1.725,12,28,2.857142857142857
Tanintharyi,2025-07,82,2.0365853658536586,14,33,2.484848484848485
Tanintharyi,2025-08,104,1.8076923076923077,14,30,3.466666666666667
Tanintharyi,2025-09,94,2.3617021276595747,18,28,3.357142857142857
Tanintharyi,2025-10,84,1.8095238095238095,15,32,2.625
Tanintharyi,2025-11,58,2.206896551724138,15,32,1.8125
Tanintharyi,2025-12,85,2.0,18,29,2.9310344827586206
Tanintharyi,2026-01,82,1.829268292682927,17,33,2.484848484848485
Tanintharyi,2026-02,79,1.4936708860759493,13,27,2.925925925925926
Tanintharyi,2026-03,128,1.8515625,18,29,4.413793103448276
Tanintharyi,2026-04,17,1.2941176470588236,7,27,0.6296296296296297
Yangon,2010-01,1,1.0,1,6,0.16666666666666666
Yangon,2010-02,10,1.0,3,7,1.4285714285714286
Yangon,2010-03,11,1.0,3,6,1.8333333333333333
Yangon,2010-04,2,1.0,2,9,0.2222222222222222
Yangon,2010-05,5,1.0,1,7,0.7142857142857143
Yangon,2010-09,5,1.0,1,8,0.625
Yangon,2010-10,1,1.0,1,6,0.16666666666666666
Yangon,2011-01,2,1.0,2,7,0.2857142857142857
Yangon,2011-02,2,1.0,2,7,0.2857142857142857
Yangon,2011-03,3,1.0,2,10,0.3
Yangon,2011-05,4,1.0,2,10,0.4
Yangon,2011-06,1,1.0,1,13,0.07692307692307693
Yangon,2011-07,1,1.0,1,10,0.1
Yangon,2011-08,2,1.0,2,9,0.2222222222222222
Yangon,2011-09,4,1.0,2,8,0.5
Yangon,2011-10,3,1.3333333333333333,3,10,0.3
Yangon,2011-11,1,1.0,1,13,0.07692307692307693
Yangon,2011-12,2,1.0,2,7,0.2857142857142857
Yangon,2012-01,1,1.0,1,10,0.1
Yangon,2012-02,4,1.0,2,10,0.4
Yangon,2012-03,4,1.0,3,12,0.3333333333333333
Yangon,2012-04,2,1.0,1,7,0.2857142857142857
Yangon,2012-05,33,1.0,6,17,1.9411764705882353
Yangon,2012-06,9,1.0,2,19,0.47368421052631576
Yangon,2012-07,6,1.0,2,9,0.6666666666666666
Yangon,2012-08,7,1.0,4,13,0.5384615384615384
Yangon,2012-09,12,1.0,3,10,1.2
Yangon,2012-10,15,1.0,6,13,1.1538461538461537
Yangon,2012-11,14,1.0,3,13,1.0769230769230769
Yangon,2012-12,7,1.0,3,13,0.5384615384615384
Yangon,2013-01,2,1.0,2,17,0.11764705882352941
Yangon,2013-02,8,1.0,2,10,0.8
Yangon,2013-03,4,1.0,1,15,0.26666666666666666
Yangon,2013-04,5,1.0,2,12,0.4166666666666667
Yangon,2013-05,18,1.0,3,15,1.2
Yangon,2013-06,12,1.0,4,15,0.8
Yangon,2013-07,3,1.0,3,13,0.23076923076923078
Yangon,2013-08,6,1.0,2,19,0.3157894736842105
Yangon,2013-09,9,1.0,3,13,0.6923076923076923
Yangon,2013-10,18,1.0,4,11,1.6363636363636365
Yangon,2013-11,14,1.1428571428571428,7,13,1.0769230769230769
Yangon,2013-12,9,1.3333333333333333,2,10,0.9
Yangon,2014-01,10,1.3,6,14,0.7142857142857143
Yangon,2014-02,12,1.0,4,12,1.0
Yangon,2014-03,25,1.0,5,11,2.272727272727273
Yangon,2014-04,10,1.0,3,14,0.7142857142857143
Yangon,2014-05,13,1.0,3,11,1.1818181818181819
Yangon,2014-06,11,1.0,4,15,0.7333333333333333
Yangon,2014-07,9,1.0,5,11,0.8181818181818182
Yangon,2014-08,2,1.0,2,12,0.16666666666666666
Yangon,2014-09,7,1.0,3,13,0.5384615384615384
Yangon,2014-10,16,1.0,2,15,1.0666666666666667
Yangon,2014-11,15,1.0,4,14,1.0714285714285714
Yangon,2014-12,17,1.1176470588235294,6,15,1.1333333333333333
Yangon,2015-01,9,1.0,4,12,0.75
Yangon,2015-02,13,1.0,7,17,0.7647058823529411
Yangon,2015-03,23,1.0434782608695652,7,16,1.4375
Yangon,2015-04,1,1.0,1,17,0.058823529411764705
Yangon,2015-05,7,1.0,2,12,0.5833333333333334
Yangon,2015-06,2,1.0,2,13,0.15384615384615385
Yangon,2015-07,4,1.0,4,17,0.23529411764705882
Yangon,2015-08,5,1.0,3,10,0.5
Yangon,2015-09,7,1.0,2,11,0.6363636363636364
Yangon,2015-10,10,1.0,5,11,0.9090909090909091
Yangon,2015-11,4,1.0,3,12,0.3333333333333333
Yangon,2015-12,9,1.1111111111111112,4,16,0.5625
Yangon,2016-01,4,1.0,1,13,0.3076923076923077
Yangon,2016-02,2,1.0,2,11,0.18181818181818182
Yangon,2016-03,2,1.0,1,13,0.15384615384615385
Yangon,2016-04,5,1.0,3,10,0.5
Yangon,2016-05,6,1.0,4,14,0.42857142857142855
Yangon,2016-06,2,1.0,1,13,0.15384615384615385
Yangon,2016-07,9,1.1111111111111112,5,12,0.75
Yangon,2016-08,6,1.0,2,12,0.5
Yangon,2016-09,4,1.0,3,13,0.3076923076923077
Yangon,2016-10,5,1.0,3,17,0.29411764705882354
Yangon,2016-11,8,1.0,3,22,0.36363636363636365
Yangon,2016-12,3,1.3333333333333333,3,16,0.1875
Yangon,2017-01,7,1.2857142857142858,5,16,0.4375
Yangon,2017-02,9,1.2222222222222223,4,15,0.6
Yangon,2017-03,10,1.2,4,12,0.8333333333333334
Yangon,2017-04,3,1.0,3,11,0.2727272727272727
Yangon,2017-05,4,1.0,3,13,0.3076923076923077
Yangon,2017-06,4,1.0,2,11,0.36363636363636365
Yangon,2017-07,3,1.0,2,13,0.23076923076923078
Yangon,2017-08,5,1.0,2,12,0.4166666666666667
Yangon,2017-09,5,1.0,3,15,0.3333333333333333
Yangon,2017-10,3,1.0,2,14,0.21428571428571427
Yangon,2017-11,3,1.0,1,18,0.16666666666666666
Yangon,2017-12,4,1.0,2,16,0.25
Yangon,2018-01,2,1.0,1,17,0.11764705882352941
Yangon,2018-02,8,1.0,3,12,0.6666666666666666
Yangon,2018-03,3,1.6666666666666667,4,18,0.16666666666666666
Yangon,2018-04,1,1.0,1,17,0.058823529411764705
Yangon,2018-05,7,1.2857142857142858,5,17,0.4117647058823529
Yangon,2018-06,4,1.0,3,15,0.26666666666666666
Yangon,2018-07,2,1.0,2,15,0.13333333333333333
Yangon,2018-08,4,1.25,4,14,0.2857142857142857
Yangon,2018-09,19,1.0,5,16,1.1875
Yangon,2018-10,18,1.1666666666666667,7,18,1.0
Yangon,2018-11,5,1.0,2,12,0.4166666666666667
Yangon,2018-12,4,1.0,3,11,0.36363636363636365
Yangon,2019-01,9,1.0,4,20,0.45
Yangon,2019-02,12,1.0,4,19,0.631578947368421
Yangon,2019-03,4,1.0,2,21,0.19047619047619047
Yangon,2019-04,3,1.0,3,21,0.14285714285714285
Yangon,2019-05,13,1.0769230769230769,8,25,0.52
Yangon,2019-06,14,1.1428571428571428,8,25,0.56
Yangon,2019-07,17,1.8235294117647058,10,20,0.85
Yangon,2019-08,6,1.0,4,19,0.3157894736842105
Yangon,2019-09,13,1.3076923076923077,11,20,0.65
Yangon,2019-10,16,1.1875,9,22,0.7272727272727273
Yangon,2019-11,20,1.15,7,20,1.0
Yangon,2019-12,17,1.0588235294117647,6,22,0.7727272727272727
Yangon,2020-01,24,1.1666666666666667,5,26,0.9230769230769231
Yangon,2020-02,15,1.1333333333333333,8,24,0.625
Yangon,2020-03,11,1.0909090909090908,6,24,0.4583333333333333
Yangon,2020-04,5,1.0,3,27,0.18518518518518517
Yangon,2020-05,2,1.5,3,26,0.07692307692307693
Yangon,2020-06,3,1.3333333333333333,4,23,0.13043478260869565
Yangon,2020-07,1,1.0,1,19,0.05263157894736842
Yangon,2020-08,4,1.0,3,20,0.2
Yangon,2020-09,4,1.0,1,26,0.15384615384615385
Yangon,2020-10,3,1.0,2,24,0.125
Yangon,2020-11,4,1.0,4,19,0.21052631578947367
Yangon,2020-12,10,1.1,5,23,0.43478260869565216
Yangon,2021-01,15,1.4,7,27,0.5555555555555556
Yangon,2021-02,326,1.2208588957055215,20,48,6.791666666666667
Yangon,2021-03,496,1.3064516129032258,24,50,9.92
Yangon,2021-04,233,1.2317596566523605,16,35,6.6571428571428575
Yangon,2021-05,320,1.13125,13,33,9.696969696969697
Yangon,2021-06,177,1.2259887005649717,14,30,5.9
Yangon,2021-07,123,1.2276422764227641,13,30,4.1
Yangon,2021-08,132,1.3333333333333333,14,33,4.0
Yangon,2021-09,206,1.1893203883495145,15,28,7.357142857142857
Yangon,2021-10,153,1.196078431372549,11,27,5.666666666666667
Yangon,2021-11,178,1.2865168539325842,15,28,6.357142857142857
Yangon,2021-12,175,1.2457142857142858,19,31,5.645161290322581
Yangon,2022-01,151,1.2450331125827814,14,33,4.575757575757576
Yangon,2022-02,169,1.1479289940828403,18,28,6.035714285714286
Yangon,2022-03,116,1.103448275862069,9,29,4.0
Yangon,2022-04,137,1.3795620437956204,16,30,4.566666666666666
Yangon,2022-05,108,1.2685185185185186,13,25,4.32
Yangon,2022-06,105,1.2380952380952381,12,28,3.75
Yangon,2022-07,154,1.4285714285714286,13,28,5.5
Yangon,2022-08,167,1.341317365269461,9,26,6.423076923076923
Yangon,2022-09,126,1.3968253968253967,13,26,4.846153846153846
Yangon,2022-10,118,1.5084745762711864,14,29,4.068965517241379
Yangon,2022-11,101,1.297029702970297,12,28,3.607142857142857
Yangon,2022-12,78,1.4102564102564104,11,25,3.12
Yangon,2023-01,57,1.631578947368421,11,24,2.375
Yangon,2023-02,47,1.4042553191489362,10,26,1.8076923076923077
Yangon,2023-03,51,1.7058823529411764,12,27,1.8888888888888888
Yangon,2023-04,41,2.292682926829268,14,28,1.4642857142857142
Yangon,2023-05,41,2.048780487804878,12,26,1.5769230769230769
Yangon,2023-06,64,1.65625,13,28,2.2857142857142856
Yangon,2023-07,30,1.7666666666666666,11,27,1.1111111111111112
Yangon,2023-08,20,1.5,6,26,0.7692307692307693
Yangon,2023-09,20,1.8,9,27,0.7407407407407407
Yangon,2023-10,31,1.8387096774193548,14,30,1.0333333333333334
Yangon,2023-11,35,1.6285714285714286,10,32,1.09375
Yangon,2023-12,50,1.74,9,27,1.8518518518518519
Yangon,2024-01,19,1.4736842105263157,5,37,0.5135135135135135
Yangon,2024-02,43,1.3953488372093024,9,27,1.5925925925925926
Yangon,2024-03,47,1.3829787234042554,12,26,1.8076923076923077
Yangon,2024-04,56,1.4464285714285714,7,26,2.1538461538461537
Yangon,2024-05,25,1.72,7,31,0.8064516129032258
Yangon,2024-06,20,2.15,8,26,0.7692307692307693
Yangon,2024-07,24,1.875,10,27,0.8888888888888888
Yangon,2024-08,19,1.368421052631579,7,26,0.7307692307692307
Yangon,2024-09,31,2.7096774193548385,13,29,1.0689655172413792
Yangon,2024-10,25,2.12,12,29,0.8620689655172413
Yangon,2024-11,27,2.4814814814814814,13,29,0.9310344827586207
Yangon,2024-12,45,1.8444444444444446,11,27,1.6666666666666667
Yangon,2025-01,36,1.3888888888888888,9,34,1.0588235294117647
Yangon,2025-02,29,1.896551724137931,12,32,0.90625
Yangon,2025-03,18,1.8888888888888888,11,29,0.6206896551724138
Yangon,2025-04,19,1.5263157894736843,7,27,0.7037037037037037
Yangon,2025-05,42,1.8571428571428572,12,26,1.6153846153846154
Yangon,2025-06,47,1.3617021276595744,9,28,1.6785714285714286
Yangon,2025-07,26,2.076923076923077,12,33,0.7878787878787878
Yangon,2025-08,34,1.6176470588235294,10,30,1.1333333333333333
Yangon,2025-09,32,1.71875,9,28,1.1428571428571428
Yangon,2025-10,36,1.4722222222222223,10,32,1.125
Yangon,2025-11,29,2.0,13,32,0.90625
Yangon,2025-12,35,2.5142857142857142,14,29,1.206896551724138
Yangon,2026-01,38,1.5,11,33,1.1515151515151516
Yangon,2026-02,44,1.5909090909090908,10,27,1.6296296296296295
Yangon,2026-03,28,1.3571428571428572,9,29,0.9655172413793104
Yangon,2026-04,3,3.3333333333333335,8,27,0.1111111111111111
