priogrid_gid,lat,lon,faction,faction_id,date
144558,10.25,98.75,Junta,0,2023-12-30
145277,10.75,98.25,Junta,0,2023-12-30
145278,10.75,98.75,Junta,0,2023-12-30
145998,11.25,98.75,Junta,0,2023-12-30
145999,11.25,99.25,PDF,2,2023-12-30
146717,11.75,98.25,Junta,0,2023-12-30
146718,11.75,98.75,PDF,2,2023-12-30
146719,11.75,99.25,PDF,2,2023-12-30
146720,11.75,99.75,Junta,0,2023-12-30
147437,12.25,98.25,Junta,0,2023-12-30
147438,12.25,98.75,Junta,0,2023-12-30
147439,12.25,99.25,PDF,2,2023-12-30
148157,12.75,98.25,Junta,0,2023-12-30
148158,12.75,98.75,Junta,0,2023-12-30
148159,12.75,99.25,PDF,2,2023-12-30
148878,13.25,98.75,Junta,0,2023-12-30
148879,13.25,99.25,PDF,2,2023-12-30
149597,13.75,98.25,Junta,0,2023-12-30
149598,13.75,98.75,Karen,4,2023-12-30
149599,13.75,99.25,Karen,4,2023-12-30
150317,14.25,98.25,Junta,0,2023-12-30
150318,14.25,98.75,Karen,4,2023-12-30
151036,14.75,97.75,Junta,0,2023-12-30
151037,14.75,98.25,Karen,4,2023-12-30
151756,15.25,97.75,Junta,0,2023-12-30
151757,15.25,98.25,Junta,0,2023-12-30
152471,15.75,95.25,Junta,0,2023-12-30
152472,15.75,95.75,Junta,0,2023-12-30
152476,15.75,97.75,Junta,0,2023-12-30
152477,15.75,98.25,Karen,4,2023-12-30
153189,16.25,94.25,Junta,0,2023-12-30
153190,16.25,94.75,Junta,0,2023-12-30
153191,16.25,95.25,Junta,0,2023-12-30
153192,16.25,95.75,Junta,0,2023-12-30
153193,16.25,96.25,Junta,0,2023-12-30
153196,16.25,97.75,Junta,0,2023-12-30
153197,16.25,98.25,Karen,4,2023-12-30
153198,16.25,98.75,Karen,4,2023-12-30
153909,16.75,94.25,Junta,0,2023-12-30
153910,16.75,94.75,Junta,0,2023-12-30
153911,16.75,95.25,Junta,0,2023-12-30
153912,16.75,95.75,Junta,0,2023-12-30
153913,16.75,96.25,Junta,0,2023-12-30
153914,16.75,96.75,Junta,0,2023-12-30
153915,16.75,97.25,Junta,0,2023-12-30
153916,16.75,97.75,Junta,0,2023-12-30
153917,16.75,98.25,Karen,4,2023-12-30
153918,16.75,98.75,Karen,4,2023-12-30
154630,17.25,94.75,Junta,0,2023-12-30
154631,17.25,95.25,Junta,0,2023-12-30
154632,17.25,95.75,Junta,0,2023-12-30
154633,17.25,96.25,Junta,0,2023-12-30
154634,17.25,96.75,Junta,0,2023-12-30
154635,17.25,97.25,Junta,0,2023-12-30
154636,17.25,97.75,Junta,0,2023-12-30
154637,17.25,98.25,Junta,0,2023-12-30
155350,17.75,94.75,Junta,0,2023-12-30
155351,17.75,95.25,Junta,0,2023-12-30
155352,17.75,95.75,Junta,0,2023-12-30
155353,17.75,96.25,Junta,0,2023-12-30
155354,17.75,96.75,Junta,0,2023-12-30
155355,17.75,97.25,Junta,0,2023-12-30
155356,17.75,97.75,Junta,0,2023-12-30
156069,18.25,94.25,Junta,0,2023-12-30
156070,18.25,94.75,Junta,0,2023-12-30
156071,18.25,95.25,Junta,0,2023-12-30
156072,18.25,95.75,Junta,0,2023-12-30
156073,18.25,96.25,PDF,2,2023-12-30
156074,18.25,96.75,Junta,0,2023-12-30
156075,18.25,97.25,Junta,0,2023-12-30
156076,18.25,97.75,Junta,0,2023-12-30
156788,18.75,93.75,Junta,0,2023-12-30
156789,18.75,94.25,Junta,0,2023-12-30
156790,18.75,94.75,Junta,0,2023-12-30
156791,18.75,95.25,Junta,0,2023-12-30
156792,18.75,95.75,PDF,2,2023-12-30
156793,18.75,96.25,PDF,2,2023-12-30
156794,18.75,96.75,Junta,0,2023-12-30
156795,18.75,97.25,Karenni,5,2023-12-30
156796,18.75,97.75,Karenni,5,2023-12-30
157508,19.25,93.75,Junta,0,2023-12-30
157509,19.25,94.25,Junta,0,2023-12-30
157510,19.25,94.75,Junta,0,2023-12-30
157511,19.25,95.25,Junta,0,2023-12-30
157512,19.25,95.75,Junta,0,2023-12-30
157513,19.25,96.25,Junta,0,2023-12-30
157514,19.25,96.75,Junta,0,2023-12-30
157515,19.25,97.25,Karenni,5,2023-12-30
157516,19.25,97.75,Karenni,5,2023-12-30
158228,19.75,93.75,Junta,0,2023-12-30
158229,19.75,94.25,Junta,0,2023-12-30
158230,19.75,94.75,Junta,0,2023-12-30
158231,19.75,95.25,Junta,0,2023-12-30
158232,19.75,95.75,Junta,0,2023-12-30
158233,19.75,96.25,Junta,0,2023-12-30
158234,19.75,96.75,Karenni,5,2023-12-30
158235,19.75,97.25,Karenni,5,2023-12-30
158236,19.75,97.75,Junta,0,2023-12-30
158237,19.75,98.25,Junta,0,2023-12-30
158238,19.75,98.75,Junta,0,2023-12-30
158946,20.25,92.75,Junta,0,2023-12-30
158947,20.25,93.25,Junta,0,2023-12-30
158948,20.25,93.75,AA,6,2023-12-30
158949,20.25,94.25,AA,6,2023-12-30
158950,20.25,94.75,Junta,0,2023-12-30
158951,20.25,95.25,Junta,0,2023-12-30
158952,20.25,95.75,Junta,0,2023-12-30
158953,20.25,96.25,Junta,0,2023-12-30
158954,20.25,96.75,Junta,0,2023-12-30
158955,20.25,97.25,Junta,0,2023-12-30
158956,20.25,97.75,Junta,0,2023-12-30
158957,20.25,98.25,Junta,0,2023-12-30
158958,20.25,98.75,Junta,0,2023-12-30
158959,20.25,99.25,Junta,0,2023-12-30
158960,20.25,99.75,Junta,0,2023-12-30
158961,20.25,100.25,Junta,0,2023-12-30
159665,20.75,92.25,Junta,0,2023-12-30
159666,20.75,92.75,AA,6,2023-12-30
159667,20.75,93.25,AA,6,2023-12-30
159668,20.75,93.75,AA,6,2023-12-30
159669,20.75,94.25,AA,6,2023-12-30
159670,20.75,94.75,Junta,0,2023-12-30
159671,20.75,95.25,Junta,0,2023-12-30
159672,20.75,95.75,Junta,0,2023-12-30
159673,20.75,96.25,Junta,0,2023-12-30
159674,20.75,96.75,Junta,0,2023-12-30
159675,20.75,97.25,Junta,0,2023-12-30
159676,20.75,97.75,Junta,0,2023-12-30
159677,20.75,98.25,Junta,0,2023-12-30
159678,20.75,98.75,Junta,0,2023-12-30
159679,20.75,99.25,Junta,0,2023-12-30
159680,20.75,99.75,Junta,0,2023-12-30
159681,20.75,100.25,Junta,0,2023-12-30
160385,21.25,92.25,AA,6,2023-12-30
160386,21.25,92.75,AA,6,2023-12-30
160387,21.25,93.25,AA,6,2023-12-30
160388,21.25,93.75,Chin Resistance,9,2023-12-30
160389,21.25,94.25,PDF,2,2023-12-30
160390,21.25,94.75,Junta,0,2023-12-30
160391,21.25,95.25,Junta,0,2023-12-30
160392,21.25,95.75,Junta,0,2023-12-30
160393,21.25,96.25,Junta,0,2023-12-30
160394,21.25,96.75,Junta,0,2023-12-30
160395,21.25,97.25,RCSS,13,2023-12-30
160396,21.25,97.75,Junta,0,2023-12-30
160397,21.25,98.25,Junta,0,2023-12-30
160398,21.25,98.75,Junta,0,2023-12-30
160399,21.25,99.25,Junta,0,2023-12-30
160400,21.25,99.75,Junta,0,2023-12-30
160401,21.25,100.25,Junta,0,2023-12-30
160402,21.25,100.75,Junta,0,2023-12-30
161105,21.75,92.25,AA,6,2023-12-30
161106,21.75,92.75,AA,6,2023-12-30
161107,21.75,93.25,Chin Resistance,9,2023-12-30
161108,21.75,93.75,Chin Resistance,9,2023-12-30
161109,21.75,94.25,Chin Resistance,9,2023-12-30
161110,21.75,94.75,PDF,2,2023-12-30
161111,21.75,95.25,PDF,2,2023-12-30
161112,21.75,95.75,Junta,0,2023-12-30
161113,21.75,96.25,Junta,0,2023-12-30
161114,21.75,96.75,Junta,0,2023-12-30
161115,21.75,97.25,RCSS,13,2023-12-30
161116,21.75,97.75,SSPP,12,2023-12-30
161117,21.75,98.25,SSPP,12,2023-12-30
161118,21.75,98.75,Junta,0,2023-12-30
161119,21.75,99.25,Junta,0,2023-12-30
161120,21.75,99.75,NDAA,14,2023-12-30
161121,21.75,100.25,NDAA,14,2023-12-30
161122,21.75,100.75,NDAA,14,2023-12-30
161123,21.75,101.25,Junta,0,2023-12-30
161826,22.25,92.75,Junta,0,2023-12-30
161827,22.25,93.25,Chin Resistance,9,2023-12-30
161828,22.25,93.75,Chin Resistance,9,2023-12-30
161829,22.25,94.25,Junta,0,2023-12-30
161830,22.25,94.75,Junta,0,2023-12-30
161831,22.25,95.25,Junta,0,2023-12-30
161832,22.25,95.75,Junta,0,2023-12-30
161833,22.25,96.25,Junta,0,2023-12-30
161834,22.25,96.75,Junta,0,2023-12-30
161835,22.25,97.25,SSPP,12,2023-12-30
161836,22.25,97.75,SSPP,12,2023-12-30
161837,22.25,98.25,SSPP,12,2023-12-30
161838,22.25,98.75,SSPP,12,2023-12-30
161839,22.25,99.25,UWSA,15,2023-12-30
161840,22.25,99.75,UWSA,15,2023-12-30
162547,22.75,93.25,Chin Resistance,9,2023-12-30
162548,22.75,93.75,Chin Resistance,9,2023-12-30
162549,22.75,94.25,Junta,0,2023-12-30
162550,22.75,94.75,Junta,0,2023-12-30
162551,22.75,95.25,Junta,0,2023-12-30
162552,22.75,95.75,Junta,0,2023-12-30
162553,22.75,96.25,PDF,2,2023-12-30
162554,22.75,96.75,TNLA,7,2023-12-30
162555,22.75,97.25,TNLA,7,2023-12-30
162556,22.75,97.75,SSPP,12,2023-12-30
162557,22.75,98.25,SSPP,12,2023-12-30
162558,22.75,98.75,SSPP,12,2023-12-30
162559,22.75,99.25,UWSA,15,2023-12-30
163267,23.25,93.25,Chin Resistance,9,2023-12-30
163268,23.25,93.75,Chin Resistance,9,2023-12-30
163269,23.25,94.25,Junta,0,2023-12-30
163270,23.25,94.75,Junta,0,2023-12-30
163271,23.25,95.25,Junta,0,2023-12-30
163272,23.25,95.75,Junta,0,2023-12-30
163273,23.25,96.25,Junta,0,2023-12-30
163274,23.25,96.75,KIA,3,2023-12-30
163275,23.25,97.25,KIA,3,2023-12-30
163276,23.25,97.75,MNDAA,8,2023-12-30
163277,23.25,98.25,Junta,0,2023-12-30
163278,23.25,98.75,UWSA,15,2023-12-30
163279,23.25,99.25,UWSA,15,2023-12-30
163987,23.75,93.25,ZRA,1,2023-12-30
163988,23.75,93.75,Chin Resistance,9,2023-12-30
163989,23.75,94.25,Chin Resistance,9,2023-12-30
163990,23.75,94.75,Junta,0,2023-12-30
163991,23.75,95.25,Junta,0,2023-12-30
163992,23.75,95.75,Junta,0,2023-12-30
163993,23.75,96.25,Junta,0,2023-12-30
163994,23.75,96.75,KIA,3,2023-12-30
163995,23.75,97.25,KIA,3,2023-12-30
163996,23.75,97.75,KIA,3,2023-12-30
163997,23.75,98.25,KIA,3,2023-12-30
163998,23.75,98.75,MNDAA,8,2023-12-30
164707,24.25,93.25,ZRA,1,2023-12-30
164708,24.25,93.75,ZRA,1,2023-12-30
164709,24.25,94.25,Junta,0,2023-12-30
164710,24.25,94.75,Junta,0,2023-12-30
164711,24.25,95.25,Junta,0,2023-12-30
164712,24.25,95.75,KIA,3,2023-12-30
164713,24.25,96.25,KIA,3,2023-12-30
164714,24.25,96.75,KIA,3,2023-12-30
164715,24.25,97.25,KIA,3,2023-12-30
164716,24.25,97.75,Junta,0,2023-12-30
164717,24.25,98.25,MNDAA,8,2023-12-30
164718,24.25,98.75,MNDAA,8,2023-12-30
165430,24.75,94.75,Junta,0,2023-12-30
165431,24.75,95.25,KIA,3,2023-12-30
165432,24.75,95.75,KIA,3,2023-12-30
165433,24.75,96.25,KIA,3,2023-12-30
165434,24.75,96.75,KIA,3,2023-12-30
165435,24.75,97.25,KIA,3,2023-12-30
165436,24.75,97.75,Junta,0,2023-12-30
166150,25.25,94.75,Junta,0,2023-12-30
166151,25.25,95.25,Junta,0,2023-12-30
166152,25.25,95.75,KIA,3,2023-12-30
166153,25.25,96.25,KIA,3,2023-12-30
166154,25.25,96.75,KIA,3,2023-12-30
166155,25.25,97.25,KIA,3,2023-12-30
166156,25.25,97.75,Junta,0,2023-12-30
166870,25.75,94.75,Junta,0,2023-12-30
166871,25.75,95.25,Junta,0,2023-12-30
166872,25.75,95.75,KIA,3,2023-12-30
166873,25.75,96.25,KIA,3,2023-12-30
166874,25.75,96.75,KIA,3,2023-12-30
166875,25.75,97.25,KIA,3,2023-12-30
166876,25.75,97.75,KIA,3,2023-12-30
166877,25.75,98.25,Junta,0,2023-12-30
166878,25.75,98.75,Junta,0,2023-12-30
167591,26.25,95.25,Junta,0,2023-12-30
167592,26.25,95.75,KIA,3,2023-12-30
167593,26.25,96.25,KIA,3,2023-12-30
167594,26.25,96.75,KIA,3,2023-12-30
167595,26.25,97.25,KIA,3,2023-12-30
167596,26.25,97.75,KIA,3,2023-12-30
167597,26.25,98.25,KIA,3,2023-12-30
167598,26.25,98.75,Junta,0,2023-12-30
168311,26.75,95.25,Junta,0,2023-12-30
168312,26.75,95.75,Junta,0,2023-12-30
168313,26.75,96.25,KIA,3,2023-12-30
168314,26.75,96.75,KIA,3,2023-12-30
168315,26.75,97.25,KIA,3,2023-12-30
168316,26.75,97.75,KIA,3,2023-12-30
168317,26.75,98.25,KIA,3,2023-12-30
168318,26.75,98.75,Junta,0,2023-12-30
169033,27.25,96.25,KIA,3,2023-12-30
169034,27.25,96.75,KIA,3,2023-12-30
169035,27.25,97.25,KIA,3,2023-12-30
169036,27.25,97.75,KIA,3,2023-12-30
169037,27.25,98.25,Junta,0,2023-12-30
169038,27.25,98.75,Junta,0,2023-12-30
169754,27.75,96.75,KIA,3,2023-12-30
169755,27.75,97.25,Junta,0,2023-12-30
169756,27.75,97.75,Junta,0,2023-12-30
169757,27.75,98.25,Junta,0,2023-12-30
170475,28.25,97.25,Junta,0,2023-12-30
170476,28.25,97.75,Junta,0,2023-12-30
170477,28.25,98.25,Junta,0,2023-12-30
144558,10.25,98.75,Junta,0,2024-01-01
145277,10.75,98.25,Junta,0,2024-01-01
145278,10.75,98.75,Junta,0,2024-01-01
145998,11.25,98.75,Junta,0,2024-01-01
145999,11.25,99.25,PDF,2,2024-01-01
146717,11.75,98.25,Junta,0,2024-01-01
146718,11.75,98.75,PDF,2,2024-01-01
146719,11.75,99.25,PDF,2,2024-01-01
146720,11.75,99.75,Junta,0,2024-01-01
147437,12.25,98.25,Junta,0,2024-01-01
147438,12.25,98.75,Junta,0,2024-01-01
147439,12.25,99.25,PDF,2,2024-01-01
148157,12.75,98.25,Junta,0,2024-01-01
148158,12.75,98.75,Junta,0,2024-01-01
148159,12.75,99.25,PDF,2,2024-01-01
148878,13.25,98.75,Junta,0,2024-01-01
148879,13.25,99.25,PDF,2,2024-01-01
149597,13.75,98.25,Junta,0,2024-01-01
149598,13.75,98.75,Karen,4,2024-01-01
149599,13.75,99.25,Karen,4,2024-01-01
150317,14.25,98.25,Junta,0,2024-01-01
150318,14.25,98.75,Karen,4,2024-01-01
151036,14.75,97.75,Junta,0,2024-01-01
151037,14.75,98.25,Karen,4,2024-01-01
151756,15.25,97.75,Junta,0,2024-01-01
151757,15.25,98.25,Junta,0,2024-01-01
152471,15.75,95.25,Junta,0,2024-01-01
152472,15.75,95.75,Junta,0,2024-01-01
152476,15.75,97.75,Junta,0,2024-01-01
152477,15.75,98.25,Karen,4,2024-01-01
153189,16.25,94.25,Junta,0,2024-01-01
153190,16.25,94.75,Junta,0,2024-01-01
153191,16.25,95.25,Junta,0,2024-01-01
153192,16.25,95.75,Junta,0,2024-01-01
153193,16.25,96.25,Junta,0,2024-01-01
153196,16.25,97.75,Junta,0,2024-01-01
153197,16.25,98.25,Karen,4,2024-01-01
153198,16.25,98.75,Karen,4,2024-01-01
153909,16.75,94.25,Junta,0,2024-01-01
153910,16.75,94.75,Junta,0,2024-01-01
153911,16.75,95.25,Junta,0,2024-01-01
153912,16.75,95.75,Junta,0,2024-01-01
153913,16.75,96.25,Junta,0,2024-01-01
153914,16.75,96.75,Junta,0,2024-01-01
153915,16.75,97.25,Junta,0,2024-01-01
153916,16.75,97.75,Junta,0,2024-01-01
153917,16.75,98.25,Karen,4,2024-01-01
153918,16.75,98.75,Karen,4,2024-01-01
154630,17.25,94.75,Junta,0,2024-01-01
154631,17.25,95.25,Junta,0,2024-01-01
154632,17.25,95.75,Junta,0,2024-01-01
154633,17.25,96.25,Junta,0,2024-01-01
154634,17.25,96.75,Junta,0,2024-01-01
154635,17.25,97.25,Junta,0,2024-01-01
154636,17.25,97.75,Junta,0,2024-01-01
154637,17.25,98.25,Junta,0,2024-01-01
155350,17.75,94.75,Junta,0,2024-01-01
155351,17.75,95.25,Junta,0,2024-01-01
155352,17.75,95.75,Junta,0,2024-01-01
155353,17.75,96.25,Junta,0,2024-01-01
155354,17.75,96.75,Junta,0,2024-01-01
155355,17.75,97.25,Junta,0,2024-01-01
155356,17.75,97.75,Junta,0,2024-01-01
156069,18.25,94.25,Junta,0,2024-01-01
156070,18.25,94.75,Junta,0,2024-01-01
156071,18.25,95.25,Junta,0,2024-01-01
156072,18.25,95.75,Junta,0,2024-01-01
156073,18.25,96.25,PDF,2,2024-01-01
156074,18.25,96.75,Junta,0,2024-01-01
156075,18.25,97.25,Junta,0,2024-01-01
156076,18.25,97.75,Junta,0,2024-01-01
156788,18.75,93.75,Junta,0,2024-01-01
156789,18.75,94.25,Junta,0,2024-01-01
156790,18.75,94.75,Junta,0,2024-01-01
156791,18.75,95.25,Junta,0,2024-01-01
156792,18.75,95.75,PDF,2,2024-01-01
156793,18.75,96.25,PDF,2,2024-01-01
156794,18.75,96.75,Junta,0,2024-01-01
156795,18.75,97.25,Karenni,5,2024-01-01
156796,18.75,97.75,Karenni,5,2024-01-01
157508,19.25,93.75,Junta,0,2024-01-01
157509,19.25,94.25,Junta,0,2024-01-01
157510,19.25,94.75,Junta,0,2024-01-01
157511,19.25,95.25,Junta,0,2024-01-01
157512,19.25,95.75,Junta,0,2024-01-01
157513,19.25,96.25,Junta,0,2024-01-01
157514,19.25,96.75,Junta,0,2024-01-01
157515,19.25,97.25,Karenni,5,2024-01-01
157516,19.25,97.75,Karenni,5,2024-01-01
158228,19.75,93.75,Junta,0,2024-01-01
158229,19.75,94.25,Junta,0,2024-01-01
158230,19.75,94.75,Junta,0,2024-01-01
158231,19.75,95.25,Junta,0,2024-01-01
158232,19.75,95.75,Junta,0,2024-01-01
158233,19.75,96.25,Junta,0,2024-01-01
158234,19.75,96.75,Karenni,5,2024-01-01
158235,19.75,97.25,Karenni,5,2024-01-01
158236,19.75,97.75,Junta,0,2024-01-01
158237,19.75,98.25,Junta,0,2024-01-01
158238,19.75,98.75,Junta,0,2024-01-01
158946,20.25,92.75,Junta,0,2024-01-01
158947,20.25,93.25,Junta,0,2024-01-01
158948,20.25,93.75,AA,6,2024-01-01
158949,20.25,94.25,AA,6,2024-01-01
158950,20.25,94.75,Junta,0,2024-01-01
158951,20.25,95.25,Junta,0,2024-01-01
158952,20.25,95.75,Junta,0,2024-01-01
158953,20.25,96.25,Junta,0,2024-01-01
158954,20.25,96.75,Junta,0,2024-01-01
158955,20.25,97.25,Junta,0,2024-01-01
158956,20.25,97.75,Junta,0,2024-01-01
158957,20.25,98.25,Junta,0,2024-01-01
158958,20.25,98.75,Junta,0,2024-01-01
158959,20.25,99.25,Junta,0,2024-01-01
158960,20.25,99.75,Junta,0,2024-01-01
158961,20.25,100.25,Junta,0,2024-01-01
159665,20.75,92.25,Junta,0,2024-01-01
159666,20.75,92.75,AA,6,2024-01-01
159667,20.75,93.25,AA,6,2024-01-01
159668,20.75,93.75,AA,6,2024-01-01
159669,20.75,94.25,AA,6,2024-01-01
159670,20.75,94.75,Junta,0,2024-01-01
159671,20.75,95.25,Junta,0,2024-01-01
159672,20.75,95.75,Junta,0,2024-01-01
159673,20.75,96.25,Junta,0,2024-01-01
159674,20.75,96.75,Junta,0,2024-01-01
159675,20.75,97.25,Junta,0,2024-01-01
159676,20.75,97.75,Junta,0,2024-01-01
159677,20.75,98.25,Junta,0,2024-01-01
159678,20.75,98.75,Junta,0,2024-01-01
159679,20.75,99.25,Junta,0,2024-01-01
159680,20.75,99.75,Junta,0,2024-01-01
159681,20.75,100.25,Junta,0,2024-01-01
160385,21.25,92.25,AA,6,2024-01-01
160386,21.25,92.75,AA,6,2024-01-01
160387,21.25,93.25,AA,6,2024-01-01
160388,21.25,93.75,Chin Resistance,9,2024-01-01
160389,21.25,94.25,PDF,2,2024-01-01
160390,21.25,94.75,Junta,0,2024-01-01
160391,21.25,95.25,Junta,0,2024-01-01
160392,21.25,95.75,Junta,0,2024-01-01
160393,21.25,96.25,Junta,0,2024-01-01
160394,21.25,96.75,Junta,0,2024-01-01
160395,21.25,97.25,RCSS,13,2024-01-01
160396,21.25,97.75,Junta,0,2024-01-01
160397,21.25,98.25,Junta,0,2024-01-01
160398,21.25,98.75,Junta,0,2024-01-01
160399,21.25,99.25,Junta,0,2024-01-01
160400,21.25,99.75,Junta,0,2024-01-01
160401,21.25,100.25,Junta,0,2024-01-01
160402,21.25,100.75,Junta,0,2024-01-01
161105,21.75,92.25,AA,6,2024-01-01
161106,21.75,92.75,AA,6,2024-01-01
161107,21.75,93.25,Chin Resistance,9,2024-01-01
161108,21.75,93.75,Chin Resistance,9,2024-01-01
161109,21.75,94.25,Chin Resistance,9,2024-01-01
161110,21.75,94.75,PDF,2,2024-01-01
161111,21.75,95.25,PDF,2,2024-01-01
161112,21.75,95.75,Junta,0,2024-01-01
161113,21.75,96.25,Junta,0,2024-01-01
161114,21.75,96.75,Junta,0,2024-01-01
161115,21.75,97.25,RCSS,13,2024-01-01
161116,21.75,97.75,SSPP,12,2024-01-01
161117,21.75,98.25,SSPP,12,2024-01-01
161118,21.75,98.75,Junta,0,2024-01-01
161119,21.75,99.25,Junta,0,2024-01-01
161120,21.75,99.75,NDAA,14,2024-01-01
161121,21.75,100.25,NDAA,14,2024-01-01
161122,21.75,100.75,NDAA,14,2024-01-01
161123,21.75,101.25,Junta,0,2024-01-01
161826,22.25,92.75,AA,6,2024-01-01
161827,22.25,93.25,Chin Resistance,9,2024-01-01
161828,22.25,93.75,Chin Resistance,9,2024-01-01
161829,22.25,94.25,Junta,0,2024-01-01
161830,22.25,94.75,Junta,0,2024-01-01
161831,22.25,95.25,Junta,0,2024-01-01
161832,22.25,95.75,Junta,0,2024-01-01
161833,22.25,96.25,Junta,0,2024-01-01
161834,22.25,96.75,Junta,0,2024-01-01
161835,22.25,97.25,SSPP,12,2024-01-01
161836,22.25,97.75,SSPP,12,2024-01-01
161837,22.25,98.25,SSPP,12,2024-01-01
161838,22.25,98.75,SSPP,12,2024-01-01
161839,22.25,99.25,UWSA,15,2024-01-01
161840,22.25,99.75,UWSA,15,2024-01-01
162547,22.75,93.25,Chin Resistance,9,2024-01-01
162548,22.75,93.75,Chin Resistance,9,2024-01-01
162549,22.75,94.25,Junta,0,2024-01-01
162550,22.75,94.75,Junta,0,2024-01-01
162551,22.75,95.25,Junta,0,2024-01-01
162552,22.75,95.75,Junta,0,2024-01-01
162553,22.75,96.25,PDF,2,2024-01-01
162554,22.75,96.75,TNLA,7,2024-01-01
162555,22.75,97.25,TNLA,7,2024-01-01
162556,22.75,97.75,SSPP,12,2024-01-01
162557,22.75,98.25,SSPP,12,2024-01-01
162558,22.75,98.75,SSPP,12,2024-01-01
162559,22.75,99.25,UWSA,15,2024-01-01
163267,23.25,93.25,Chin Resistance,9,2024-01-01
163268,23.25,93.75,Chin Resistance,9,2024-01-01
163269,23.25,94.25,Junta,0,2024-01-01
163270,23.25,94.75,Junta,0,2024-01-01
163271,23.25,95.25,Junta,0,2024-01-01
163272,23.25,95.75,Junta,0,2024-01-01
163273,23.25,96.25,Junta,0,2024-01-01
163274,23.25,96.75,KIA,3,2024-01-01
163275,23.25,97.25,TNLA,7,2024-01-01
163276,23.25,97.75,MNDAA,8,2024-01-01
163277,23.25,98.25,Junta,0,2024-01-01
163278,23.25,98.75,UWSA,15,2024-01-01
163279,23.25,99.25,UWSA,15,2024-01-01
163987,23.75,93.25,ZRA,1,2024-01-01
163988,23.75,93.75,Chin Resistance,9,2024-01-01
163989,23.75,94.25,Chin Resistance,9,2024-01-01
163990,23.75,94.75,Junta,0,2024-01-01
163991,23.75,95.25,Junta,0,2024-01-01
163992,23.75,95.75,Junta,0,2024-01-01
163993,23.75,96.25,Junta,0,2024-01-01
163994,23.75,96.75,KIA,3,2024-01-01
163995,23.75,97.25,KIA,3,2024-01-01
163996,23.75,97.75,KIA,3,2024-01-01
163997,23.75,98.25,KIA,3,2024-01-01
163998,23.75,98.75,MNDAA,8,2024-01-01
164707,24.25,93.25,ZRA,1,2024-01-01
164708,24.25,93.75,ZRA,1,2024-01-01
164709,24.25,94.25,Junta,0,2024-01-01
164710,24.25,94.75,Junta,0,2024-01-01
164711,24.25,95.25,Junta,0,2024-01-01
164712,24.25,95.75,KIA,3,2024-01-01
164713,24.25,96.25,KIA,3,2024-01-01
164714,24.25,96.75,KIA,3,2024-01-01
164715,24.25,97.25,KIA,3,2024-01-01
164716,24.25,97.75,Junta,0,2024-01-01
164717,24.25,98.25,MNDAA,8,2024-01-01
164718,24.25,98.75,MNDAA,8,2024-01-01
165430,24.75,94.75,Junta,0,2024-01-01
165431,24.75,95.25,KIA,3,2024-01-01
165432,24.75,95.75,KIA,3,2024-01-01
165433,24.75,96.25,KIA,3,2024-01-01
165434,24.75,96.75,KIA,3,2024-01-01
165435,24.75,97.25,KIA,3,2024-01-01
165436,24.75,97.75,Junta,0,2024-01-01
166150,25.25,94.75,Junta,0,2024-01-01
166151,25.25,95.25,Junta,0,2024-01-01
166152,25.25,95.75,KIA,3,2024-01-01
166153,25.25,96.25,KIA,3,2024-01-01
166154,25.25,96.75,KIA,3,2024-01-01
166155,25.25,97.25,KIA,3,2024-01-01
166156,25.25,97.75,Junta,0,2024-01-01
166870,25.75,94.75,Junta,0,2024-01-01
166871,25.75,95.25,Junta,0,2024-01-01
166872,25.75,95.75,KIA,3,2024-01-01
166873,25.75,96.25,KIA,3,2024-01-01
166874,25.75,96.75,KIA,3,2024-01-01
166875,25.75,97.25,KIA,3,2024-01-01
166876,25.75,97.75,KIA,3,2024-01-01
166877,25.75,98.25,Junta,0,2024-01-01
166878,25.75,98.75,Junta,0,2024-01-01
167591,26.25,95.25,Junta,0,2024-01-01
167592,26.25,95.75,KIA,3,2024-01-01
167593,26.25,96.25,KIA,3,2024-01-01
167594,26.25,96.75,KIA,3,2024-01-01
167595,26.25,97.25,KIA,3,2024-01-01
167596,26.25,97.75,KIA,3,2024-01-01
167597,26.25,98.25,KIA,3,2024-01-01
167598,26.25,98.75,Junta,0,2024-01-01
168311,26.75,95.25,Junta,0,2024-01-01
168312,26.75,95.75,Junta,0,2024-01-01
168313,26.75,96.25,KIA,3,2024-01-01
168314,26.75,96.75,KIA,3,2024-01-01
168315,26.75,97.25,KIA,3,2024-01-01
168316,26.75,97.75,KIA,3,2024-01-01
168317,26.75,98.25,KIA,3,2024-01-01
168318,26.75,98.75,Junta,0,2024-01-01
169033,27.25,96.25,KIA,3,2024-01-01
169034,27.25,96.75,KIA,3,2024-01-01
169035,27.25,97.25,KIA,3,2024-01-01
169036,27.25,97.75,KIA,3,2024-01-01
169037,27.25,98.25,Junta,0,2024-01-01
169038,27.25,98.75,Junta,0,2024-01-01
169754,27.75,96.75,KIA,3,2024-01-01
169755,27.75,97.25,Junta,0,2024-01-01
169756,27.75,97.75,Junta,0,2024-01-01
169757,27.75,98.25,Junta,0,2024-01-01
170475,28.25,97.25,Junta,0,2024-01-01
170476,28.25,97.75,Junta,0,2024-01-01
170477,28.25,98.25,Junta,0,2024-01-01
144558,10.25,98.75,Junta,0,2024-01-02
145277,10.75,98.25,Junta,0,2024-01-02
145278,10.75,98.75,Junta,0,2024-01-02
145998,11.25,98.75,Junta,0,2024-01-02
145999,11.25,99.25,PDF,2,2024-01-02
146717,11.75,98.25,Junta,0,2024-01-02
146718,11.75,98.75,PDF,2,2024-01-02
146719,11.75,99.25,PDF,2,2024-01-02
146720,11.75,99.75,Junta,0,2024-01-02
147437,12.25,98.25,Junta,0,2024-01-02
147438,12.25,98.75,Junta,0,2024-01-02
147439,12.25,99.25,PDF,2,2024-01-02
148157,12.75,98.25,Junta,0,2024-01-02
148158,12.75,98.75,Junta,0,2024-01-02
148159,12.75,99.25,PDF,2,2024-01-02
148878,13.25,98.75,Junta,0,2024-01-02
148879,13.25,99.25,PDF,2,2024-01-02
149597,13.75,98.25,Junta,0,2024-01-02
149598,13.75,98.75,Karen,4,2024-01-02
149599,13.75,99.25,Karen,4,2024-01-02
150317,14.25,98.25,Junta,0,2024-01-02
150318,14.25,98.75,Karen,4,2024-01-02
151036,14.75,97.75,Junta,0,2024-01-02
151037,14.75,98.25,Karen,4,2024-01-02
151756,15.25,97.75,Junta,0,2024-01-02
151757,15.25,98.25,Junta,0,2024-01-02
152471,15.75,95.25,Junta,0,2024-01-02
152472,15.75,95.75,Junta,0,2024-01-02
152476,15.75,97.75,Junta,0,2024-01-02
152477,15.75,98.25,Karen,4,2024-01-02
153189,16.25,94.25,Junta,0,2024-01-02
153190,16.25,94.75,Junta,0,2024-01-02
153191,16.25,95.25,Junta,0,2024-01-02
153192,16.25,95.75,Junta,0,2024-01-02
153193,16.25,96.25,Junta,0,2024-01-02
153196,16.25,97.75,Junta,0,2024-01-02
153197,16.25,98.25,Karen,4,2024-01-02
153198,16.25,98.75,Karen,4,2024-01-02
153909,16.75,94.25,Junta,0,2024-01-02
153910,16.75,94.75,Junta,0,2024-01-02
153911,16.75,95.25,Junta,0,2024-01-02
153912,16.75,95.75,Junta,0,2024-01-02
153913,16.75,96.25,Junta,0,2024-01-02
153914,16.75,96.75,Junta,0,2024-01-02
153915,16.75,97.25,Junta,0,2024-01-02
153916,16.75,97.75,Junta,0,2024-01-02
153917,16.75,98.25,Karen,4,2024-01-02
153918,16.75,98.75,Karen,4,2024-01-02
154630,17.25,94.75,Junta,0,2024-01-02
154631,17.25,95.25,Junta,0,2024-01-02
154632,17.25,95.75,Junta,0,2024-01-02
154633,17.25,96.25,Junta,0,2024-01-02
154634,17.25,96.75,Junta,0,2024-01-02
154635,17.25,97.25,Junta,0,2024-01-02
154636,17.25,97.75,Junta,0,2024-01-02
154637,17.25,98.25,Junta,0,2024-01-02
155350,17.75,94.75,Junta,0,2024-01-02
155351,17.75,95.25,Junta,0,2024-01-02
155352,17.75,95.75,Junta,0,2024-01-02
155353,17.75,96.25,Junta,0,2024-01-02
155354,17.75,96.75,Junta,0,2024-01-02
155355,17.75,97.25,Junta,0,2024-01-02
155356,17.75,97.75,Junta,0,2024-01-02
156069,18.25,94.25,Junta,0,2024-01-02
156070,18.25,94.75,Junta,0,2024-01-02
156071,18.25,95.25,Junta,0,2024-01-02
156072,18.25,95.75,Junta,0,2024-01-02
156073,18.25,96.25,PDF,2,2024-01-02
156074,18.25,96.75,Junta,0,2024-01-02
156075,18.25,97.25,Junta,0,2024-01-02
156076,18.25,97.75,Junta,0,2024-01-02
156788,18.75,93.75,Junta,0,2024-01-02
156789,18.75,94.25,Junta,0,2024-01-02
156790,18.75,94.75,Junta,0,2024-01-02
156791,18.75,95.25,Junta,0,2024-01-02
156792,18.75,95.75,PDF,2,2024-01-02
156793,18.75,96.25,PDF,2,2024-01-02
156794,18.75,96.75,Junta,0,2024-01-02
156795,18.75,97.25,Karenni,5,2024-01-02
156796,18.75,97.75,Karenni,5,2024-01-02
157508,19.25,93.75,Junta,0,2024-01-02
157509,19.25,94.25,Junta,0,2024-01-02
157510,19.25,94.75,Junta,0,2024-01-02
157511,19.25,95.25,Junta,0,2024-01-02
157512,19.25,95.75,Junta,0,2024-01-02
157513,19.25,96.25,Junta,0,2024-01-02
157514,19.25,96.75,Junta,0,2024-01-02
157515,19.25,97.25,Karenni,5,2024-01-02
157516,19.25,97.75,Karenni,5,2024-01-02
158228,19.75,93.75,Junta,0,2024-01-02
158229,19.75,94.25,Junta,0,2024-01-02
158230,19.75,94.75,Junta,0,2024-01-02
158231,19.75,95.25,Junta,0,2024-01-02
158232,19.75,95.75,Junta,0,2024-01-02
158233,19.75,96.25,Junta,0,2024-01-02
158234,19.75,96.75,Karenni,5,2024-01-02
158235,19.75,97.25,Karenni,5,2024-01-02
158236,19.75,97.75,Junta,0,2024-01-02
158237,19.75,98.25,Junta,0,2024-01-02
158238,19.75,98.75,Junta,0,2024-01-02
158946,20.25,92.75,Junta,0,2024-01-02
158947,20.25,93.25,Junta,0,2024-01-02
158948,20.25,93.75,AA,6,2024-01-02
158949,20.25,94.25,AA,6,2024-01-02
158950,20.25,94.75,Junta,0,2024-01-02
158951,20.25,95.25,Junta,0,2024-01-02
158952,20.25,95.75,Junta,0,2024-01-02
158953,20.25,96.25,Junta,0,2024-01-02
158954,20.25,96.75,Junta,0,2024-01-02
158955,20.25,97.25,Junta,0,2024-01-02
158956,20.25,97.75,Junta,0,2024-01-02
158957,20.25,98.25,Junta,0,2024-01-02
158958,20.25,98.75,Junta,0,2024-01-02
158959,20.25,99.25,Junta,0,2024-01-02
158960,20.25,99.75,Junta,0,2024-01-02
158961,20.25,100.25,Junta,0,2024-01-02
159665,20.75,92.25,Junta,0,2024-01-02
159666,20.75,92.75,AA,6,2024-01-02
159667,20.75,93.25,AA,6,2024-01-02
159668,20.75,93.75,AA,6,2024-01-02
159669,20.75,94.25,AA,6,2024-01-02
159670,20.75,94.75,Junta,0,2024-01-02
159671,20.75,95.25,Junta,0,2024-01-02
159672,20.75,95.75,Junta,0,2024-01-02
159673,20.75,96.25,Junta,0,2024-01-02
159674,20.75,96.75,Junta,0,2024-01-02
159675,20.75,97.25,Junta,0,2024-01-02
159676,20.75,97.75,Junta,0,2024-01-02
159677,20.75,98.25,Junta,0,2024-01-02
159678,20.75,98.75,Junta,0,2024-01-02
159679,20.75,99.25,Junta,0,2024-01-02
159680,20.75,99.75,Junta,0,2024-01-02
159681,20.75,100.25,Junta,0,2024-01-02
160385,21.25,92.25,AA,6,2024-01-02
160386,21.25,92.75,AA,6,2024-01-02
160387,21.25,93.25,AA,6,2024-01-02
160388,21.25,93.75,Chin Resistance,9,2024-01-02
160389,21.25,94.25,PDF,2,2024-01-02
160390,21.25,94.75,Junta,0,2024-01-02
160391,21.25,95.25,Junta,0,2024-01-02
160392,21.25,95.75,Junta,0,2024-01-02
160393,21.25,96.25,Junta,0,2024-01-02
160394,21.25,96.75,Junta,0,2024-01-02
160395,21.25,97.25,RCSS,13,2024-01-02
160396,21.25,97.75,Junta,0,2024-01-02
160397,21.25,98.25,Junta,0,2024-01-02
160398,21.25,98.75,Junta,0,2024-01-02
160399,21.25,99.25,Junta,0,2024-01-02
160400,21.25,99.75,Junta,0,2024-01-02
160401,21.25,100.25,Junta,0,2024-01-02
160402,21.25,100.75,Junta,0,2024-01-02
161105,21.75,92.25,AA,6,2024-01-02
161106,21.75,92.75,AA,6,2024-01-02
161107,21.75,93.25,Chin Resistance,9,2024-01-02
161108,21.75,93.75,Chin Resistance,9,2024-01-02
161109,21.75,94.25,Chin Resistance,9,2024-01-02
161110,21.75,94.75,PDF,2,2024-01-02
161111,21.75,95.25,PDF,2,2024-01-02
161112,21.75,95.75,Junta,0,2024-01-02
161113,21.75,96.25,Junta,0,2024-01-02
161114,21.75,96.75,Junta,0,2024-01-02
161115,21.75,97.25,RCSS,13,2024-01-02
161116,21.75,97.75,SSPP,12,2024-01-02
161117,21.75,98.25,SSPP,12,2024-01-02
161118,21.75,98.75,Junta,0,2024-01-02
161119,21.75,99.25,Junta,0,2024-01-02
161120,21.75,99.75,NDAA,14,2024-01-02
161121,21.75,100.25,NDAA,14,2024-01-02
161122,21.75,100.75,NDAA,14,2024-01-02
161123,21.75,101.25,Junta,0,2024-01-02
161826,22.25,92.75,AA,6,2024-01-02
161827,22.25,93.25,Chin Resistance,9,2024-01-02
161828,22.25,93.75,Chin Resistance,9,2024-01-02
161829,22.25,94.25,Junta,0,2024-01-02
161830,22.25,94.75,Junta,0,2024-01-02
161831,22.25,95.25,Junta,0,2024-01-02
161832,22.25,95.75,Junta,0,2024-01-02
161833,22.25,96.25,Junta,0,2024-01-02
161834,22.25,96.75,Junta,0,2024-01-02
161835,22.25,97.25,SSPP,12,2024-01-02
161836,22.25,97.75,SSPP,12,2024-01-02
161837,22.25,98.25,SSPP,12,2024-01-02
161838,22.25,98.75,SSPP,12,2024-01-02
161839,22.25,99.25,UWSA,15,2024-01-02
161840,22.25,99.75,UWSA,15,2024-01-02
162547,22.75,93.25,Chin Resistance,9,2024-01-02
162548,22.75,93.75,Chin Resistance,9,2024-01-02
162549,22.75,94.25,Junta,0,2024-01-02
162550,22.75,94.75,Junta,0,2024-01-02
162551,22.75,95.25,Junta,0,2024-01-02
162552,22.75,95.75,Junta,0,2024-01-02
162553,22.75,96.25,PDF,2,2024-01-02
162554,22.75,96.75,TNLA,7,2024-01-02
162555,22.75,97.25,TNLA,7,2024-01-02
162556,22.75,97.75,SSPP,12,2024-01-02
162557,22.75,98.25,SSPP,12,2024-01-02
162558,22.75,98.75,SSPP,12,2024-01-02
162559,22.75,99.25,UWSA,15,2024-01-02
163267,23.25,93.25,Chin Resistance,9,2024-01-02
163268,23.25,93.75,Chin Resistance,9,2024-01-02
163269,23.25,94.25,Junta,0,2024-01-02
163270,23.25,94.75,Junta,0,2024-01-02
163271,23.25,95.25,Junta,0,2024-01-02
163272,23.25,95.75,Junta,0,2024-01-02
163273,23.25,96.25,Junta,0,2024-01-02
163274,23.25,96.75,KIA,3,2024-01-02
163275,23.25,97.25,TNLA,7,2024-01-02
163276,23.25,97.75,MNDAA,8,2024-01-02
163277,23.25,98.25,Junta,0,2024-01-02
163278,23.25,98.75,UWSA,15,2024-01-02
163279,23.25,99.25,UWSA,15,2024-01-02
163987,23.75,93.25,ZRA,1,2024-01-02
163988,23.75,93.75,Chin Resistance,9,2024-01-02
163989,23.75,94.25,Chin Resistance,9,2024-01-02
163990,23.75,94.75,Junta,0,2024-01-02
163991,23.75,95.25,Junta,0,2024-01-02
163992,23.75,95.75,Junta,0,2024-01-02
163993,23.75,96.25,Junta,0,2024-01-02
163994,23.75,96.75,KIA,3,2024-01-02
163995,23.75,97.25,KIA,3,2024-01-02
163996,23.75,97.75,KIA,3,2024-01-02
163997,23.75,98.25,KIA,3,2024-01-02
163998,23.75,98.75,MNDAA,8,2024-01-02
164707,24.25,93.25,ZRA,1,2024-01-02
164708,24.25,93.75,ZRA,1,2024-01-02
164709,24.25,94.25,Junta,0,2024-01-02
164710,24.25,94.75,Junta,0,2024-01-02
164711,24.25,95.25,Junta,0,2024-01-02
164712,24.25,95.75,KIA,3,2024-01-02
164713,24.25,96.25,KIA,3,2024-01-02
164714,24.25,96.75,KIA,3,2024-01-02
164715,24.25,97.25,KIA,3,2024-01-02
164716,24.25,97.75,Junta,0,2024-01-02
164717,24.25,98.25,MNDAA,8,2024-01-02
164718,24.25,98.75,MNDAA,8,2024-01-02
165430,24.75,94.75,Junta,0,2024-01-02
165431,24.75,95.25,KIA,3,2024-01-02
165432,24.75,95.75,KIA,3,2024-01-02
165433,24.75,96.25,KIA,3,2024-01-02
165434,24.75,96.75,KIA,3,2024-01-02
165435,24.75,97.25,KIA,3,2024-01-02
165436,24.75,97.75,Junta,0,2024-01-02
166150,25.25,94.75,Junta,0,2024-01-02
166151,25.25,95.25,Junta,0,2024-01-02
166152,25.25,95.75,KIA,3,2024-01-02
166153,25.25,96.25,KIA,3,2024-01-02
166154,25.25,96.75,KIA,3,2024-01-02
166155,25.25,97.25,KIA,3,2024-01-02
166156,25.25,97.75,Junta,0,2024-01-02
166870,25.75,94.75,Junta,0,2024-01-02
166871,25.75,95.25,Junta,0,2024-01-02
166872,25.75,95.75,KIA,3,2024-01-02
166873,25.75,96.25,KIA,3,2024-01-02
166874,25.75,96.75,KIA,3,2024-01-02
166875,25.75,97.25,KIA,3,2024-01-02
166876,25.75,97.75,KIA,3,2024-01-02
166877,25.75,98.25,Junta,0,2024-01-02
166878,25.75,98.75,Junta,0,2024-01-02
167591,26.25,95.25,Junta,0,2024-01-02
167592,26.25,95.75,KIA,3,2024-01-02
167593,26.25,96.25,KIA,3,2024-01-02
167594,26.25,96.75,KIA,3,2024-01-02
167595,26.25,97.25,KIA,3,2024-01-02
167596,26.25,97.75,KIA,3,2024-01-02
167597,26.25,98.25,KIA,3,2024-01-02
167598,26.25,98.75,Junta,0,2024-01-02
168311,26.75,95.25,Junta,0,2024-01-02
168312,26.75,95.75,Junta,0,2024-01-02
168313,26.75,96.25,KIA,3,2024-01-02
168314,26.75,96.75,KIA,3,2024-01-02
168315,26.75,97.25,KIA,3,2024-01-02
168316,26.75,97.75,KIA,3,2024-01-02
168317,26.75,98.25,KIA,3,2024-01-02
168318,26.75,98.75,Junta,0,2024-01-02
169033,27.25,96.25,KIA,3,2024-01-02
169034,27.25,96.75,KIA,3,2024-01-02
169035,27.25,97.25,KIA,3,2024-01-02
169036,27.25,97.75,KIA,3,2024-01-02
169037,27.25,98.25,Junta,0,2024-01-02
169038,27.25,98.75,Junta,0,2024-01-02
169754,27.75,96.75,KIA,3,2024-01-02
169755,27.75,97.25,Junta,0,2024-01-02
169756,27.75,97.75,Junta,0,2024-01-02
169757,27.75,98.25,Junta,0,2024-01-02
170475,28.25,97.25,Junta,0,2024-01-02
170476,28.25,97.75,Junta,0,2024-01-02
170477,28.25,98.25,Junta,0,2024-01-02
144558,10.25,98.75,Junta,0,2024-01-09
145277,10.75,98.25,Junta,0,2024-01-09
145278,10.75,98.75,Junta,0,2024-01-09
145998,11.25,98.75,Junta,0,2024-01-09
145999,11.25,99.25,PDF,2,2024-01-09
146717,11.75,98.25,Junta,0,2024-01-09
146718,11.75,98.75,PDF,2,2024-01-09
146719,11.75,99.25,PDF,2,2024-01-09
146720,11.75,99.75,Junta,0,2024-01-09
147437,12.25,98.25,Junta,0,2024-01-09
147438,12.25,98.75,Junta,0,2024-01-09
147439,12.25,99.25,PDF,2,2024-01-09
148157,12.75,98.25,Junta,0,2024-01-09
148158,12.75,98.75,Junta,0,2024-01-09
148159,12.75,99.25,PDF,2,2024-01-09
148878,13.25,98.75,Junta,0,2024-01-09
148879,13.25,99.25,PDF,2,2024-01-09
149597,13.75,98.25,Junta,0,2024-01-09
149598,13.75,98.75,Karen,4,2024-01-09
149599,13.75,99.25,Karen,4,2024-01-09
150317,14.25,98.25,Junta,0,2024-01-09
150318,14.25,98.75,Karen,4,2024-01-09
151036,14.75,97.75,Junta,0,2024-01-09
151037,14.75,98.25,Karen,4,2024-01-09
151756,15.25,97.75,Junta,0,2024-01-09
151757,15.25,98.25,Junta,0,2024-01-09
152471,15.75,95.25,Junta,0,2024-01-09
152472,15.75,95.75,Junta,0,2024-01-09
152476,15.75,97.75,Junta,0,2024-01-09
152477,15.75,98.25,Karen,4,2024-01-09
153189,16.25,94.25,Junta,0,2024-01-09
153190,16.25,94.75,Junta,0,2024-01-09
153191,16.25,95.25,Junta,0,2024-01-09
153192,16.25,95.75,Junta,0,2024-01-09
153193,16.25,96.25,Junta,0,2024-01-09
153196,16.25,97.75,Junta,0,2024-01-09
153197,16.25,98.25,Karen,4,2024-01-09
153198,16.25,98.75,Karen,4,2024-01-09
153909,16.75,94.25,Junta,0,2024-01-09
153910,16.75,94.75,Junta,0,2024-01-09
153911,16.75,95.25,Junta,0,2024-01-09
153912,16.75,95.75,Junta,0,2024-01-09
153913,16.75,96.25,Junta,0,2024-01-09
153914,16.75,96.75,Junta,0,2024-01-09
153915,16.75,97.25,Junta,0,2024-01-09
153916,16.75,97.75,Junta,0,2024-01-09
153917,16.75,98.25,Karen,4,2024-01-09
153918,16.75,98.75,Karen,4,2024-01-09
154630,17.25,94.75,Junta,0,2024-01-09
154631,17.25,95.25,Junta,0,2024-01-09
154632,17.25,95.75,Junta,0,2024-01-09
154633,17.25,96.25,Junta,0,2024-01-09
154634,17.25,96.75,Junta,0,2024-01-09
154635,17.25,97.25,Junta,0,2024-01-09
154636,17.25,97.75,Junta,0,2024-01-09
154637,17.25,98.25,Junta,0,2024-01-09
155350,17.75,94.75,Junta,0,2024-01-09
155351,17.75,95.25,Junta,0,2024-01-09
155352,17.75,95.75,Junta,0,2024-01-09
155353,17.75,96.25,Junta,0,2024-01-09
155354,17.75,96.75,Junta,0,2024-01-09
155355,17.75,97.25,Junta,0,2024-01-09
155356,17.75,97.75,Junta,0,2024-01-09
156069,18.25,94.25,Junta,0,2024-01-09
156070,18.25,94.75,Junta,0,2024-01-09
156071,18.25,95.25,Junta,0,2024-01-09
156072,18.25,95.75,Junta,0,2024-01-09
156073,18.25,96.25,PDF,2,2024-01-09
156074,18.25,96.75,Junta,0,2024-01-09
156075,18.25,97.25,Junta,0,2024-01-09
156076,18.25,97.75,Junta,0,2024-01-09
156788,18.75,93.75,Junta,0,2024-01-09
156789,18.75,94.25,Junta,0,2024-01-09
156790,18.75,94.75,Junta,0,2024-01-09
156791,18.75,95.25,Junta,0,2024-01-09
156792,18.75,95.75,PDF,2,2024-01-09
156793,18.75,96.25,PDF,2,2024-01-09
156794,18.75,96.75,Junta,0,2024-01-09
156795,18.75,97.25,Karenni,5,2024-01-09
156796,18.75,97.75,Karenni,5,2024-01-09
157508,19.25,93.75,Junta,0,2024-01-09
157509,19.25,94.25,Junta,0,2024-01-09
157510,19.25,94.75,Junta,0,2024-01-09
157511,19.25,95.25,Junta,0,2024-01-09
157512,19.25,95.75,Junta,0,2024-01-09
157513,19.25,96.25,Junta,0,2024-01-09
157514,19.25,96.75,Junta,0,2024-01-09
157515,19.25,97.25,Karenni,5,2024-01-09
157516,19.25,97.75,Karenni,5,2024-01-09
158228,19.75,93.75,Junta,0,2024-01-09
158229,19.75,94.25,Junta,0,2024-01-09
158230,19.75,94.75,Junta,0,2024-01-09
158231,19.75,95.25,Junta,0,2024-01-09
158232,19.75,95.75,Junta,0,2024-01-09
158233,19.75,96.25,Junta,0,2024-01-09
158234,19.75,96.75,Karenni,5,2024-01-09
158235,19.75,97.25,Karenni,5,2024-01-09
158236,19.75,97.75,Junta,0,2024-01-09
158237,19.75,98.25,Junta,0,2024-01-09
158238,19.75,98.75,Junta,0,2024-01-09
158946,20.25,92.75,Junta,0,2024-01-09
158947,20.25,93.25,Junta,0,2024-01-09
158948,20.25,93.75,AA,6,2024-01-09
158949,20.25,94.25,AA,6,2024-01-09
158950,20.25,94.75,Junta,0,2024-01-09
158951,20.25,95.25,Junta,0,2024-01-09
158952,20.25,95.75,Junta,0,2024-01-09
158953,20.25,96.25,Junta,0,2024-01-09
158954,20.25,96.75,Junta,0,2024-01-09
158955,20.25,97.25,Junta,0,2024-01-09
158956,20.25,97.75,Junta,0,2024-01-09
158957,20.25,98.25,Junta,0,2024-01-09
158958,20.25,98.75,Junta,0,2024-01-09
158959,20.25,99.25,Junta,0,2024-01-09
158960,20.25,99.75,Junta,0,2024-01-09
158961,20.25,100.25,Junta,0,2024-01-09
159665,20.75,92.25,Junta,0,2024-01-09
159666,20.75,92.75,AA,6,2024-01-09
159667,20.75,93.25,AA,6,2024-01-09
159668,20.75,93.75,AA,6,2024-01-09
159669,20.75,94.25,AA,6,2024-01-09
159670,20.75,94.75,Junta,0,2024-01-09
159671,20.75,95.25,Junta,0,2024-01-09
159672,20.75,95.75,Junta,0,2024-01-09
159673,20.75,96.25,Junta,0,2024-01-09
159674,20.75,96.75,Junta,0,2024-01-09
159675,20.75,97.25,Junta,0,2024-01-09
159676,20.75,97.75,Junta,0,2024-01-09
159677,20.75,98.25,Junta,0,2024-01-09
159678,20.75,98.75,Junta,0,2024-01-09
159679,20.75,99.25,Junta,0,2024-01-09
159680,20.75,99.75,Junta,0,2024-01-09
159681,20.75,100.25,Junta,0,2024-01-09
160385,21.25,92.25,AA,6,2024-01-09
160386,21.25,92.75,AA,6,2024-01-09
160387,21.25,93.25,AA,6,2024-01-09
160388,21.25,93.75,Chin Resistance,9,2024-01-09
160389,21.25,94.25,PDF,2,2024-01-09
160390,21.25,94.75,Junta,0,2024-01-09
160391,21.25,95.25,Junta,0,2024-01-09
160392,21.25,95.75,Junta,0,2024-01-09
160393,21.25,96.25,Junta,0,2024-01-09
160394,21.25,96.75,Junta,0,2024-01-09
160395,21.25,97.25,RCSS,13,2024-01-09
160396,21.25,97.75,Junta,0,2024-01-09
160397,21.25,98.25,Junta,0,2024-01-09
160398,21.25,98.75,Junta,0,2024-01-09
160399,21.25,99.25,Junta,0,2024-01-09
160400,21.25,99.75,Junta,0,2024-01-09
160401,21.25,100.25,Junta,0,2024-01-09
160402,21.25,100.75,Junta,0,2024-01-09
161105,21.75,92.25,AA,6,2024-01-09
161106,21.75,92.75,AA,6,2024-01-09
161107,21.75,93.25,Chin Resistance,9,2024-01-09
161108,21.75,93.75,Chin Resistance,9,2024-01-09
161109,21.75,94.25,Chin Resistance,9,2024-01-09
161110,21.75,94.75,PDF,2,2024-01-09
161111,21.75,95.25,PDF,2,2024-01-09
161112,21.75,95.75,Junta,0,2024-01-09
161113,21.75,96.25,Junta,0,2024-01-09
161114,21.75,96.75,Junta,0,2024-01-09
161115,21.75,97.25,RCSS,13,2024-01-09
161116,21.75,97.75,SSPP,12,2024-01-09
161117,21.75,98.25,SSPP,12,2024-01-09
161118,21.75,98.75,Junta,0,2024-01-09
161119,21.75,99.25,Junta,0,2024-01-09
161120,21.75,99.75,NDAA,14,2024-01-09
161121,21.75,100.25,NDAA,14,2024-01-09
161122,21.75,100.75,NDAA,14,2024-01-09
161123,21.75,101.25,Junta,0,2024-01-09
161826,22.25,92.75,AA,6,2024-01-09
161827,22.25,93.25,Chin Resistance,9,2024-01-09
161828,22.25,93.75,Chin Resistance,9,2024-01-09
161829,22.25,94.25,Junta,0,2024-01-09
161830,22.25,94.75,Junta,0,2024-01-09
161831,22.25,95.25,Junta,0,2024-01-09
161832,22.25,95.75,Junta,0,2024-01-09
161833,22.25,96.25,Junta,0,2024-01-09
161834,22.25,96.75,Junta,0,2024-01-09
161835,22.25,97.25,SSPP,12,2024-01-09
161836,22.25,97.75,SSPP,12,2024-01-09
161837,22.25,98.25,SSPP,12,2024-01-09
161838,22.25,98.75,SSPP,12,2024-01-09
161839,22.25,99.25,Junta,0,2024-01-09
162547,22.75,93.25,Chin Resistance,9,2024-01-09
162548,22.75,93.75,Chin Resistance,9,2024-01-09
162549,22.75,94.25,Junta,0,2024-01-09
162550,22.75,94.75,Junta,0,2024-01-09
162551,22.75,95.25,Junta,0,2024-01-09
162552,22.75,95.75,Junta,0,2024-01-09
162553,22.75,96.25,PDF,2,2024-01-09
162554,22.75,96.75,Junta,0,2024-01-09
162555,22.75,97.25,Junta,0,2024-01-09
162556,22.75,97.75,SSPP,12,2024-01-09
162557,22.75,98.25,SSPP,12,2024-01-09
162558,22.75,98.75,SSPP,12,2024-01-09
162559,22.75,99.25,Junta,0,2024-01-09
163267,23.25,93.25,Chin Resistance,9,2024-01-09
163268,23.25,93.75,Chin Resistance,9,2024-01-09
163269,23.25,94.25,Junta,0,2024-01-09
163270,23.25,94.75,Junta,0,2024-01-09
163271,23.25,95.25,Junta,0,2024-01-09
163272,23.25,95.75,Junta,0,2024-01-09
163273,23.25,96.25,Junta,0,2024-01-09
163274,23.25,96.75,KIA,3,2024-01-09
163275,23.25,97.25,Junta,0,2024-01-09
163276,23.25,97.75,Junta,0,2024-01-09
163277,23.25,98.25,PDF,2,2024-01-09
163278,23.25,98.75,Junta,0,2024-01-09
163279,23.25,99.25,Junta,0,2024-01-09
163987,23.75,93.25,ZRA,1,2024-01-09
163988,23.75,93.75,Chin Resistance,9,2024-01-09
163989,23.75,94.25,Chin Resistance,9,2024-01-09
163990,23.75,94.75,Junta,0,2024-01-09
163991,23.75,95.25,Junta,0,2024-01-09
163992,23.75,95.75,Junta,0,2024-01-09
163993,23.75,96.25,Junta,0,2024-01-09
163994,23.75,96.75,KIA,3,2024-01-09
163995,23.75,97.25,KIA,3,2024-01-09
163996,23.75,97.75,KIA,3,2024-01-09
163997,23.75,98.25,KIA,3,2024-01-09
163998,23.75,98.75,Junta,0,2024-01-09
164707,24.25,93.25,ZRA,1,2024-01-09
164708,24.25,93.75,ZRA,1,2024-01-09
164709,24.25,94.25,Junta,0,2024-01-09
164710,24.25,94.75,Junta,0,2024-01-09
164711,24.25,95.25,Junta,0,2024-01-09
164712,24.25,95.75,KIA,3,2024-01-09
164713,24.25,96.25,KIA,3,2024-01-09
164714,24.25,96.75,KIA,3,2024-01-09
164715,24.25,97.25,KIA,3,2024-01-09
164716,24.25,97.75,Junta,0,2024-01-09
164717,24.25,98.25,Junta,0,2024-01-09
164718,24.25,98.75,Junta,0,2024-01-09
165430,24.75,94.75,Junta,0,2024-01-09
165431,24.75,95.25,KIA,3,2024-01-09
165432,24.75,95.75,KIA,3,2024-01-09
165433,24.75,96.25,KIA,3,2024-01-09
165434,24.75,96.75,KIA,3,2024-01-09
165435,24.75,97.25,KIA,3,2024-01-09
165436,24.75,97.75,Junta,0,2024-01-09
166150,25.25,94.75,Junta,0,2024-01-09
166151,25.25,95.25,Junta,0,2024-01-09
166152,25.25,95.75,KIA,3,2024-01-09
166153,25.25,96.25,KIA,3,2024-01-09
166154,25.25,96.75,KIA,3,2024-01-09
166155,25.25,97.25,KIA,3,2024-01-09
166156,25.25,97.75,Junta,0,2024-01-09
166870,25.75,94.75,Junta,0,2024-01-09
166871,25.75,95.25,Junta,0,2024-01-09
166872,25.75,95.75,KIA,3,2024-01-09
166873,25.75,96.25,KIA,3,2024-01-09
166874,25.75,96.75,KIA,3,2024-01-09
166875,25.75,97.25,KIA,3,2024-01-09
166876,25.75,97.75,KIA,3,2024-01-09
166877,25.75,98.25,Junta,0,2024-01-09
166878,25.75,98.75,Junta,0,2024-01-09
167591,26.25,95.25,Junta,0,2024-01-09
167592,26.25,95.75,KIA,3,2024-01-09
167593,26.25,96.25,KIA,3,2024-01-09
167594,26.25,96.75,KIA,3,2024-01-09
167595,26.25,97.25,KIA,3,2024-01-09
167596,26.25,97.75,KIA,3,2024-01-09
167597,26.25,98.25,KIA,3,2024-01-09
167598,26.25,98.75,Junta,0,2024-01-09
168311,26.75,95.25,Junta,0,2024-01-09
168312,26.75,95.75,Junta,0,2024-01-09
168313,26.75,96.25,KIA,3,2024-01-09
168314,26.75,96.75,KIA,3,2024-01-09
168315,26.75,97.25,KIA,3,2024-01-09
168316,26.75,97.75,KIA,3,2024-01-09
168317,26.75,98.25,KIA,3,2024-01-09
168318,26.75,98.75,Junta,0,2024-01-09
169033,27.25,96.25,KIA,3,2024-01-09
169034,27.25,96.75,KIA,3,2024-01-09
169035,27.25,97.25,KIA,3,2024-01-09
169036,27.25,97.75,KIA,3,2024-01-09
169037,27.25,98.25,Junta,0,2024-01-09
169038,27.25,98.75,Junta,0,2024-01-09
169754,27.75,96.75,KIA,3,2024-01-09
169755,27.75,97.25,Junta,0,2024-01-09
169756,27.75,97.75,Junta,0,2024-01-09
169757,27.75,98.25,Junta,0,2024-01-09
170475,28.25,97.25,Junta,0,2024-01-09
170476,28.25,97.75,Junta,0,2024-01-09
170477,28.25,98.25,Junta,0,2024-01-09
144558,10.25,98.75,Junta,0,2024-02-14
145277,10.75,98.25,Junta,0,2024-02-14
145278,10.75,98.75,Junta,0,2024-02-14
145998,11.25,98.75,Junta,0,2024-02-14
145999,11.25,99.25,PDF,2,2024-02-14
146717,11.75,98.25,Junta,0,2024-02-14
146718,11.75,98.75,PDF,2,2024-02-14
146719,11.75,99.25,PDF,2,2024-02-14
146720,11.75,99.75,Junta,0,2024-02-14
147437,12.25,98.25,Junta,0,2024-02-14
147438,12.25,98.75,Junta,0,2024-02-14
147439,12.25,99.25,PDF,2,2024-02-14
148157,12.75,98.25,Junta,0,2024-02-14
148158,12.75,98.75,Junta,0,2024-02-14
148159,12.75,99.25,PDF,2,2024-02-14
148878,13.25,98.75,Junta,0,2024-02-14
148879,13.25,99.25,PDF,2,2024-02-14
149597,13.75,98.25,Junta,0,2024-02-14
149598,13.75,98.75,Karen,4,2024-02-14
149599,13.75,99.25,Karen,4,2024-02-14
150317,14.25,98.25,Junta,0,2024-02-14
150318,14.25,98.75,Karen,4,2024-02-14
151036,14.75,97.75,Junta,0,2024-02-14
151037,14.75,98.25,Karen,4,2024-02-14
151756,15.25,97.75,Junta,0,2024-02-14
151757,15.25,98.25,Junta,0,2024-02-14
152471,15.75,95.25,Junta,0,2024-02-14
152472,15.75,95.75,Junta,0,2024-02-14
152476,15.75,97.75,Junta,0,2024-02-14
152477,15.75,98.25,Karen,4,2024-02-14
153189,16.25,94.25,Junta,0,2024-02-14
153190,16.25,94.75,Junta,0,2024-02-14
153191,16.25,95.25,Junta,0,2024-02-14
153192,16.25,95.75,Junta,0,2024-02-14
153193,16.25,96.25,Junta,0,2024-02-14
153196,16.25,97.75,Junta,0,2024-02-14
153197,16.25,98.25,Karen,4,2024-02-14
153198,16.25,98.75,Karen,4,2024-02-14
153909,16.75,94.25,Junta,0,2024-02-14
153910,16.75,94.75,Junta,0,2024-02-14
153911,16.75,95.25,Junta,0,2024-02-14
153912,16.75,95.75,Junta,0,2024-02-14
153913,16.75,96.25,Junta,0,2024-02-14
153914,16.75,96.75,Junta,0,2024-02-14
153915,16.75,97.25,Junta,0,2024-02-14
153916,16.75,97.75,Junta,0,2024-02-14
153917,16.75,98.25,Karen,4,2024-02-14
153918,16.75,98.75,Karen,4,2024-02-14
154630,17.25,94.75,Junta,0,2024-02-14
154631,17.25,95.25,Junta,0,2024-02-14
154632,17.25,95.75,Junta,0,2024-02-14
154633,17.25,96.25,Junta,0,2024-02-14
154634,17.25,96.75,Junta,0,2024-02-14
154635,17.25,97.25,Junta,0,2024-02-14
154636,17.25,97.75,Junta,0,2024-02-14
154637,17.25,98.25,Junta,0,2024-02-14
155350,17.75,94.75,Junta,0,2024-02-14
155351,17.75,95.25,Junta,0,2024-02-14
155352,17.75,95.75,Junta,0,2024-02-14
155353,17.75,96.25,Junta,0,2024-02-14
155354,17.75,96.75,Junta,0,2024-02-14
155355,17.75,97.25,Junta,0,2024-02-14
155356,17.75,97.75,Junta,0,2024-02-14
156069,18.25,94.25,Junta,0,2024-02-14
156070,18.25,94.75,Junta,0,2024-02-14
156071,18.25,95.25,Junta,0,2024-02-14
156072,18.25,95.75,Junta,0,2024-02-14
156073,18.25,96.25,PDF,2,2024-02-14
156074,18.25,96.75,Junta,0,2024-02-14
156075,18.25,97.25,Junta,0,2024-02-14
156076,18.25,97.75,Junta,0,2024-02-14
156788,18.75,93.75,Junta,0,2024-02-14
156789,18.75,94.25,Junta,0,2024-02-14
156790,18.75,94.75,Junta,0,2024-02-14
156791,18.75,95.25,Junta,0,2024-02-14
156792,18.75,95.75,PDF,2,2024-02-14
156793,18.75,96.25,PDF,2,2024-02-14
156794,18.75,96.75,Junta,0,2024-02-14
156795,18.75,97.25,Karenni,5,2024-02-14
156796,18.75,97.75,Karenni,5,2024-02-14
157508,19.25,93.75,Junta,0,2024-02-14
157509,19.25,94.25,Junta,0,2024-02-14
157510,19.25,94.75,Junta,0,2024-02-14
157511,19.25,95.25,Junta,0,2024-02-14
157512,19.25,95.75,Junta,0,2024-02-14
157513,19.25,96.25,Junta,0,2024-02-14
157514,19.25,96.75,Junta,0,2024-02-14
157515,19.25,97.25,Karenni,5,2024-02-14
157516,19.25,97.75,Karenni,5,2024-02-14
158228,19.75,93.75,Junta,0,2024-02-14
158229,19.75,94.25,Junta,0,2024-02-14
158230,19.75,94.75,Junta,0,2024-02-14
158231,19.75,95.25,Junta,0,2024-02-14
158232,19.75,95.75,Junta,0,2024-02-14
158233,19.75,96.25,Junta,0,2024-02-14
158234,19.75,96.75,Karenni,5,2024-02-14
158235,19.75,97.25,Karenni,5,2024-02-14
158236,19.75,97.75,Junta,0,2024-02-14
158237,19.75,98.25,Junta,0,2024-02-14
158238,19.75,98.75,Junta,0,2024-02-14
158946,20.25,92.75,Junta,0,2024-02-14
158947,20.25,93.25,Junta,0,2024-02-14
158948,20.25,93.75,AA,6,2024-02-14
158949,20.25,94.25,AA,6,2024-02-14
158950,20.25,94.75,Junta,0,2024-02-14
158951,20.25,95.25,Junta,0,2024-02-14
158952,20.25,95.75,Junta,0,2024-02-14
158953,20.25,96.25,Junta,0,2024-02-14
158954,20.25,96.75,Junta,0,2024-02-14
158955,20.25,97.25,Junta,0,2024-02-14
158956,20.25,97.75,Junta,0,2024-02-14
158957,20.25,98.25,Junta,0,2024-02-14
158958,20.25,98.75,Junta,0,2024-02-14
158959,20.25,99.25,Junta,0,2024-02-14
158960,20.25,99.75,Junta,0,2024-02-14
158961,20.25,100.25,Junta,0,2024-02-14
159665,20.75,92.25,Junta,0,2024-02-14
159666,20.75,92.75,AA,6,2024-02-14
159667,20.75,93.25,AA,6,2024-02-14
159668,20.75,93.75,AA,6,2024-02-14
159669,20.75,94.25,AA,6,2024-02-14
159670,20.75,94.75,Junta,0,2024-02-14
159671,20.75,95.25,Junta,0,2024-02-14
159672,20.75,95.75,Junta,0,2024-02-14
159673,20.75,96.25,Junta,0,2024-02-14
159674,20.75,96.75,Junta,0,2024-02-14
159675,20.75,97.25,Junta,0,2024-02-14
159676,20.75,97.75,Junta,0,2024-02-14
159677,20.75,98.25,Junta,0,2024-02-14
159678,20.75,98.75,Junta,0,2024-02-14
159679,20.75,99.25,Junta,0,2024-02-14
159680,20.75,99.75,Junta,0,2024-02-14
159681,20.75,100.25,Junta,0,2024-02-14
160385,21.25,92.25,AA,6,2024-02-14
160386,21.25,92.75,AA,6,2024-02-14
160387,21.25,93.25,AA,6,2024-02-14
160388,21.25,93.75,Chin Resistance,9,2024-02-14
160389,21.25,94.25,PDF,2,2024-02-14
160390,21.25,94.75,Junta,0,2024-02-14
160391,21.25,95.25,Junta,0,2024-02-14
160392,21.25,95.75,Junta,0,2024-02-14
160393,21.25,96.25,Junta,0,2024-02-14
160394,21.25,96.75,Junta,0,2024-02-14
160395,21.25,97.25,RCSS,13,2024-02-14
160396,21.25,97.75,Junta,0,2024-02-14
160397,21.25,98.25,Junta,0,2024-02-14
160398,21.25,98.75,Junta,0,2024-02-14
160399,21.25,99.25,Junta,0,2024-02-14
160400,21.25,99.75,Junta,0,2024-02-14
160401,21.25,100.25,Junta,0,2024-02-14
160402,21.25,100.75,Junta,0,2024-02-14
161105,21.75,92.25,AA,6,2024-02-14
161106,21.75,92.75,AA,6,2024-02-14
161107,21.75,93.25,Chin Resistance,9,2024-02-14
161108,21.75,93.75,Chin Resistance,9,2024-02-14
161109,21.75,94.25,Chin Resistance,9,2024-02-14
161110,21.75,94.75,PDF,2,2024-02-14
161111,21.75,95.25,PDF,2,2024-02-14
161112,21.75,95.75,Junta,0,2024-02-14
161113,21.75,96.25,Junta,0,2024-02-14
161114,21.75,96.75,Junta,0,2024-02-14
161115,21.75,97.25,RCSS,13,2024-02-14
161116,21.75,97.75,SSPP,12,2024-02-14
161117,21.75,98.25,SSPP,12,2024-02-14
161118,21.75,98.75,Junta,0,2024-02-14
161119,21.75,99.25,Junta,0,2024-02-14
161120,21.75,99.75,NDAA,14,2024-02-14
161121,21.75,100.25,NDAA,14,2024-02-14
161122,21.75,100.75,NDAA,14,2024-02-14
161123,21.75,101.25,Junta,0,2024-02-14
161826,22.25,92.75,AA,6,2024-02-14
161827,22.25,93.25,Chin Resistance,9,2024-02-14
161828,22.25,93.75,Chin Resistance,9,2024-02-14
161829,22.25,94.25,Junta,0,2024-02-14
161830,22.25,94.75,Junta,0,2024-02-14
161831,22.25,95.25,Junta,0,2024-02-14
161832,22.25,95.75,Junta,0,2024-02-14
161833,22.25,96.25,Junta,0,2024-02-14
161834,22.25,96.75,Junta,0,2024-02-14
161835,22.25,97.25,SSPP,12,2024-02-14
161836,22.25,97.75,SSPP,12,2024-02-14
161837,22.25,98.25,SSPP,12,2024-02-14
161838,22.25,98.75,SSPP,12,2024-02-14
161839,22.25,99.25,Junta,0,2024-02-14
162547,22.75,93.25,Chin Resistance,9,2024-02-14
162548,22.75,93.75,Chin Resistance,9,2024-02-14
162549,22.75,94.25,Junta,0,2024-02-14
162550,22.75,94.75,Junta,0,2024-02-14
162551,22.75,95.25,Junta,0,2024-02-14
162552,22.75,95.75,Junta,0,2024-02-14
162553,22.75,96.25,PDF,2,2024-02-14
162554,22.75,96.75,Junta,0,2024-02-14
162555,22.75,97.25,Junta,0,2024-02-14
162556,22.75,97.75,SSPP,12,2024-02-14
162557,22.75,98.25,SSPP,12,2024-02-14
162558,22.75,98.75,SSPP,12,2024-02-14
162559,22.75,99.25,Junta,0,2024-02-14
163267,23.25,93.25,Chin Resistance,9,2024-02-14
163268,23.25,93.75,Chin Resistance,9,2024-02-14
163269,23.25,94.25,Junta,0,2024-02-14
163270,23.25,94.75,Junta,0,2024-02-14
163271,23.25,95.25,Junta,0,2024-02-14
163272,23.25,95.75,Junta,0,2024-02-14
163273,23.25,96.25,Junta,0,2024-02-14
163274,23.25,96.75,KIA,3,2024-02-14
163275,23.25,97.25,Junta,0,2024-02-14
163276,23.25,97.75,Junta,0,2024-02-14
163277,23.25,98.25,PDF,2,2024-02-14
163278,23.25,98.75,Junta,0,2024-02-14
163279,23.25,99.25,Junta,0,2024-02-14
163987,23.75,93.25,ZRA,1,2024-02-14
163988,23.75,93.75,Chin Resistance,9,2024-02-14
163989,23.75,94.25,Chin Resistance,9,2024-02-14
163990,23.75,94.75,Junta,0,2024-02-14
163991,23.75,95.25,Junta,0,2024-02-14
163992,23.75,95.75,Junta,0,2024-02-14
163993,23.75,96.25,Junta,0,2024-02-14
163994,23.75,96.75,KIA,3,2024-02-14
163995,23.75,97.25,KIA,3,2024-02-14
163996,23.75,97.75,KIA,3,2024-02-14
163997,23.75,98.25,KIA,3,2024-02-14
163998,23.75,98.75,Junta,0,2024-02-14
164707,24.25,93.25,ZRA,1,2024-02-14
164708,24.25,93.75,ZRA,1,2024-02-14
164709,24.25,94.25,Junta,0,2024-02-14
164710,24.25,94.75,Junta,0,2024-02-14
164711,24.25,95.25,Junta,0,2024-02-14
164712,24.25,95.75,KIA,3,2024-02-14
164713,24.25,96.25,KIA,3,2024-02-14
164714,24.25,96.75,KIA,3,2024-02-14
164715,24.25,97.25,KIA,3,2024-02-14
164716,24.25,97.75,Junta,0,2024-02-14
164717,24.25,98.25,Junta,0,2024-02-14
164718,24.25,98.75,Junta,0,2024-02-14
165430,24.75,94.75,Junta,0,2024-02-14
165431,24.75,95.25,KIA,3,2024-02-14
165432,24.75,95.75,KIA,3,2024-02-14
165433,24.75,96.25,KIA,3,2024-02-14
165434,24.75,96.75,KIA,3,2024-02-14
165435,24.75,97.25,KIA,3,2024-02-14
165436,24.75,97.75,Junta,0,2024-02-14
166150,25.25,94.75,Junta,0,2024-02-14
166151,25.25,95.25,Junta,0,2024-02-14
166152,25.25,95.75,KIA,3,2024-02-14
166153,25.25,96.25,KIA,3,2024-02-14
166154,25.25,96.75,KIA,3,2024-02-14
166155,25.25,97.25,KIA,3,2024-02-14
166156,25.25,97.75,Junta,0,2024-02-14
166870,25.75,94.75,Junta,0,2024-02-14
166871,25.75,95.25,Junta,0,2024-02-14
166872,25.75,95.75,KIA,3,2024-02-14
166873,25.75,96.25,KIA,3,2024-02-14
166874,25.75,96.75,KIA,3,2024-02-14
166875,25.75,97.25,KIA,3,2024-02-14
166876,25.75,97.75,KIA,3,2024-02-14
166877,25.75,98.25,Junta,0,2024-02-14
166878,25.75,98.75,Junta,0,2024-02-14
167591,26.25,95.25,Junta,0,2024-02-14
167592,26.25,95.75,KIA,3,2024-02-14
167593,26.25,96.25,KIA,3,2024-02-14
167594,26.25,96.75,KIA,3,2024-02-14
167595,26.25,97.25,KIA,3,2024-02-14
167596,26.25,97.75,KIA,3,2024-02-14
167597,26.25,98.25,KIA,3,2024-02-14
167598,26.25,98.75,Junta,0,2024-02-14
168311,26.75,95.25,Junta,0,2024-02-14
168312,26.75,95.75,Junta,0,2024-02-14
168313,26.75,96.25,KIA,3,2024-02-14
168314,26.75,96.75,KIA,3,2024-02-14
168315,26.75,97.25,KIA,3,2024-02-14
168316,26.75,97.75,KIA,3,2024-02-14
168317,26.75,98.25,KIA,3,2024-02-14
168318,26.75,98.75,Junta,0,2024-02-14
169033,27.25,96.25,KIA,3,2024-02-14
169034,27.25,96.75,KIA,3,2024-02-14
169035,27.25,97.25,KIA,3,2024-02-14
169036,27.25,97.75,KIA,3,2024-02-14
169037,27.25,98.25,Junta,0,2024-02-14
169038,27.25,98.75,Junta,0,2024-02-14
169754,27.75,96.75,KIA,3,2024-02-14
169755,27.75,97.25,Junta,0,2024-02-14
169756,27.75,97.75,Junta,0,2024-02-14
169757,27.75,98.25,Junta,0,2024-02-14
170475,28.25,97.25,Junta,0,2024-02-14
170476,28.25,97.75,Junta,0,2024-02-14
170477,28.25,98.25,Junta,0,2024-02-14
144558,10.25,98.75,Junta,0,2024-02-16
145277,10.75,98.25,Junta,0,2024-02-16
145278,10.75,98.75,Junta,0,2024-02-16
145998,11.25,98.75,Junta,0,2024-02-16
145999,11.25,99.25,PDF,2,2024-02-16
146717,11.75,98.25,Junta,0,2024-02-16
146718,11.75,98.75,PDF,2,2024-02-16
146719,11.75,99.25,PDF,2,2024-02-16
146720,11.75,99.75,Junta,0,2024-02-16
147437,12.25,98.25,Junta,0,2024-02-16
147438,12.25,98.75,Junta,0,2024-02-16
147439,12.25,99.25,PDF,2,2024-02-16
148157,12.75,98.25,Junta,0,2024-02-16
148158,12.75,98.75,Junta,0,2024-02-16
148159,12.75,99.25,PDF,2,2024-02-16
148878,13.25,98.75,Junta,0,2024-02-16
148879,13.25,99.25,PDF,2,2024-02-16
149597,13.75,98.25,Junta,0,2024-02-16
149598,13.75,98.75,Karen,4,2024-02-16
149599,13.75,99.25,Karen,4,2024-02-16
150317,14.25,98.25,Junta,0,2024-02-16
150318,14.25,98.75,Karen,4,2024-02-16
151036,14.75,97.75,Junta,0,2024-02-16
151037,14.75,98.25,Karen,4,2024-02-16
151756,15.25,97.75,Junta,0,2024-02-16
151757,15.25,98.25,Junta,0,2024-02-16
152471,15.75,95.25,Junta,0,2024-02-16
152472,15.75,95.75,Junta,0,2024-02-16
152476,15.75,97.75,Junta,0,2024-02-16
152477,15.75,98.25,Karen,4,2024-02-16
153189,16.25,94.25,Junta,0,2024-02-16
153190,16.25,94.75,Junta,0,2024-02-16
153191,16.25,95.25,Junta,0,2024-02-16
153192,16.25,95.75,Junta,0,2024-02-16
153193,16.25,96.25,Junta,0,2024-02-16
153196,16.25,97.75,Junta,0,2024-02-16
153197,16.25,98.25,Karen,4,2024-02-16
153198,16.25,98.75,Karen,4,2024-02-16
153909,16.75,94.25,Junta,0,2024-02-16
153910,16.75,94.75,Junta,0,2024-02-16
153911,16.75,95.25,Junta,0,2024-02-16
153912,16.75,95.75,Junta,0,2024-02-16
153913,16.75,96.25,Junta,0,2024-02-16
153914,16.75,96.75,Junta,0,2024-02-16
153915,16.75,97.25,Junta,0,2024-02-16
153916,16.75,97.75,Junta,0,2024-02-16
153917,16.75,98.25,Karen,4,2024-02-16
153918,16.75,98.75,Karen,4,2024-02-16
154630,17.25,94.75,Junta,0,2024-02-16
154631,17.25,95.25,Junta,0,2024-02-16
154632,17.25,95.75,Junta,0,2024-02-16
154633,17.25,96.25,Junta,0,2024-02-16
154634,17.25,96.75,Junta,0,2024-02-16
154635,17.25,97.25,Junta,0,2024-02-16
154636,17.25,97.75,Junta,0,2024-02-16
154637,17.25,98.25,Junta,0,2024-02-16
155350,17.75,94.75,Junta,0,2024-02-16
155351,17.75,95.25,Junta,0,2024-02-16
155352,17.75,95.75,Junta,0,2024-02-16
155353,17.75,96.25,Junta,0,2024-02-16
155354,17.75,96.75,Junta,0,2024-02-16
155355,17.75,97.25,Junta,0,2024-02-16
155356,17.75,97.75,Junta,0,2024-02-16
156069,18.25,94.25,Junta,0,2024-02-16
156070,18.25,94.75,Junta,0,2024-02-16
156071,18.25,95.25,Junta,0,2024-02-16
156072,18.25,95.75,Junta,0,2024-02-16
156073,18.25,96.25,PDF,2,2024-02-16
156074,18.25,96.75,Junta,0,2024-02-16
156075,18.25,97.25,Junta,0,2024-02-16
156076,18.25,97.75,Junta,0,2024-02-16
156788,18.75,93.75,Junta,0,2024-02-16
156789,18.75,94.25,Junta,0,2024-02-16
156790,18.75,94.75,Junta,0,2024-02-16
156791,18.75,95.25,Junta,0,2024-02-16
156792,18.75,95.75,PDF,2,2024-02-16
156793,18.75,96.25,PDF,2,2024-02-16
156794,18.75,96.75,Junta,0,2024-02-16
156795,18.75,97.25,Karenni,5,2024-02-16
156796,18.75,97.75,Karenni,5,2024-02-16
157508,19.25,93.75,Junta,0,2024-02-16
157509,19.25,94.25,Junta,0,2024-02-16
157510,19.25,94.75,Junta,0,2024-02-16
157511,19.25,95.25,Junta,0,2024-02-16
157512,19.25,95.75,Junta,0,2024-02-16
157513,19.25,96.25,Junta,0,2024-02-16
157514,19.25,96.75,Junta,0,2024-02-16
157515,19.25,97.25,Karenni,5,2024-02-16
157516,19.25,97.75,Karenni,5,2024-02-16
158228,19.75,93.75,Junta,0,2024-02-16
158229,19.75,94.25,Junta,0,2024-02-16
158230,19.75,94.75,Junta,0,2024-02-16
158231,19.75,95.25,Junta,0,2024-02-16
158232,19.75,95.75,Junta,0,2024-02-16
158233,19.75,96.25,Junta,0,2024-02-16
158234,19.75,96.75,Karenni,5,2024-02-16
158235,19.75,97.25,Karenni,5,2024-02-16
158236,19.75,97.75,Junta,0,2024-02-16
158237,19.75,98.25,Junta,0,2024-02-16
158238,19.75,98.75,Junta,0,2024-02-16
158946,20.25,92.75,Junta,0,2024-02-16
158947,20.25,93.25,Junta,0,2024-02-16
158948,20.25,93.75,AA,6,2024-02-16
158949,20.25,94.25,AA,6,2024-02-16
158950,20.25,94.75,Junta,0,2024-02-16
158951,20.25,95.25,Junta,0,2024-02-16
158952,20.25,95.75,Junta,0,2024-02-16
158953,20.25,96.25,Junta,0,2024-02-16
158954,20.25,96.75,Junta,0,2024-02-16
158955,20.25,97.25,Junta,0,2024-02-16
158956,20.25,97.75,Junta,0,2024-02-16
158957,20.25,98.25,Junta,0,2024-02-16
158958,20.25,98.75,Junta,0,2024-02-16
158959,20.25,99.25,Junta,0,2024-02-16
158960,20.25,99.75,Junta,0,2024-02-16
158961,20.25,100.25,Junta,0,2024-02-16
159665,20.75,92.25,Junta,0,2024-02-16
159666,20.75,92.75,AA,6,2024-02-16
159667,20.75,93.25,AA,6,2024-02-16
159668,20.75,93.75,AA,6,2024-02-16
159669,20.75,94.25,AA,6,2024-02-16
159670,20.75,94.75,Junta,0,2024-02-16
159671,20.75,95.25,Junta,0,2024-02-16
159672,20.75,95.75,Junta,0,2024-02-16
159673,20.75,96.25,Junta,0,2024-02-16
159674,20.75,96.75,Junta,0,2024-02-16
159675,20.75,97.25,Junta,0,2024-02-16
159676,20.75,97.75,Junta,0,2024-02-16
159677,20.75,98.25,RCSS,13,2024-02-16
159678,20.75,98.75,Junta,0,2024-02-16
159679,20.75,99.25,Junta,0,2024-02-16
159680,20.75,99.75,Junta,0,2024-02-16
159681,20.75,100.25,Junta,0,2024-02-16
160385,21.25,92.25,AA,6,2024-02-16
160386,21.25,92.75,AA,6,2024-02-16
160387,21.25,93.25,AA,6,2024-02-16
160388,21.25,93.75,Chin Resistance,9,2024-02-16
160389,21.25,94.25,PDF,2,2024-02-16
160390,21.25,94.75,Junta,0,2024-02-16
160391,21.25,95.25,Junta,0,2024-02-16
160392,21.25,95.75,Junta,0,2024-02-16
160393,21.25,96.25,Junta,0,2024-02-16
160394,21.25,96.75,Junta,0,2024-02-16
160395,21.25,97.25,SSPP,12,2024-02-16
160396,21.25,97.75,SSPP,12,2024-02-16
160397,21.25,98.25,RCSS,13,2024-02-16
160398,21.25,98.75,RCSS,13,2024-02-16
160399,21.25,99.25,Junta,0,2024-02-16
160400,21.25,99.75,Junta,0,2024-02-16
160401,21.25,100.25,Junta,0,2024-02-16
160402,21.25,100.75,Junta,0,2024-02-16
161105,21.75,92.25,AA,6,2024-02-16
161106,21.75,92.75,AA,6,2024-02-16
161107,21.75,93.25,Chin Resistance,9,2024-02-16
161108,21.75,93.75,Chin Resistance,9,2024-02-16
161109,21.75,94.25,Chin Resistance,9,2024-02-16
161110,21.75,94.75,PDF,2,2024-02-16
161111,21.75,95.25,PDF,2,2024-02-16
161112,21.75,95.75,Junta,0,2024-02-16
161113,21.75,96.25,Junta,0,2024-02-16
161114,21.75,96.75,Junta,0,2024-02-16
161115,21.75,97.25,SSPP,12,2024-02-16
161116,21.75,97.75,SSPP,12,2024-02-16
161117,21.75,98.25,SSPP,12,2024-02-16
161118,21.75,98.75,Junta,0,2024-02-16
161119,21.75,99.25,Junta,0,2024-02-16
161120,21.75,99.75,NDAA,14,2024-02-16
161121,21.75,100.25,NDAA,14,2024-02-16
161122,21.75,100.75,NDAA,14,2024-02-16
161123,21.75,101.25,Junta,0,2024-02-16
161826,22.25,92.75,AA,6,2024-02-16
161827,22.25,93.25,Chin Resistance,9,2024-02-16
161828,22.25,93.75,Chin Resistance,9,2024-02-16
161829,22.25,94.25,Junta,0,2024-02-16
161830,22.25,94.75,Junta,0,2024-02-16
161831,22.25,95.25,Junta,0,2024-02-16
161832,22.25,95.75,Junta,0,2024-02-16
161833,22.25,96.25,Junta,0,2024-02-16
161834,22.25,96.75,Junta,0,2024-02-16
161835,22.25,97.25,SSPP,12,2024-02-16
161836,22.25,97.75,SSPP,12,2024-02-16
161837,22.25,98.25,SSPP,12,2024-02-16
161838,22.25,98.75,SSPP,12,2024-02-16
161839,22.25,99.25,UWSA,15,2024-02-16
161840,22.25,99.75,UWSA,15,2024-02-16
162547,22.75,93.25,Chin Resistance,9,2024-02-16
162548,22.75,93.75,Chin Resistance,9,2024-02-16
162549,22.75,94.25,Junta,0,2024-02-16
162550,22.75,94.75,Junta,0,2024-02-16
162551,22.75,95.25,Junta,0,2024-02-16
162552,22.75,95.75,Junta,0,2024-02-16
162553,22.75,96.25,PDF,2,2024-02-16
162554,22.75,96.75,Junta,0,2024-02-16
162555,22.75,97.25,Junta,0,2024-02-16
162556,22.75,97.75,SSPP,12,2024-02-16
162557,22.75,98.25,SSPP,12,2024-02-16
162558,22.75,98.75,SSPP,12,2024-02-16
162559,22.75,99.25,UWSA,15,2024-02-16
163267,23.25,93.25,Chin Resistance,9,2024-02-16
163268,23.25,93.75,Chin Resistance,9,2024-02-16
163269,23.25,94.25,Junta,0,2024-02-16
163270,23.25,94.75,Junta,0,2024-02-16
163271,23.25,95.25,Junta,0,2024-02-16
163272,23.25,95.75,Junta,0,2024-02-16
163273,23.25,96.25,Junta,0,2024-02-16
163274,23.25,96.75,Junta,0,2024-02-16
163275,23.25,97.25,Junta,0,2024-02-16
163276,23.25,97.75,Junta,0,2024-02-16
163277,23.25,98.25,PDF,2,2024-02-16
163278,23.25,98.75,UWSA,15,2024-02-16
163279,23.25,99.25,UWSA,15,2024-02-16
163987,23.75,93.25,ZRA,1,2024-02-16
163988,23.75,93.75,Chin Resistance,9,2024-02-16
163989,23.75,94.25,Chin Resistance,9,2024-02-16
163990,23.75,94.75,Junta,0,2024-02-16
163991,23.75,95.25,Junta,0,2024-02-16
163992,23.75,95.75,Junta,0,2024-02-16
163993,23.75,96.25,Junta,0,2024-02-16
163994,23.75,96.75,Junta,0,2024-02-16
163995,23.75,97.25,Junta,0,2024-02-16
163996,23.75,97.75,Junta,0,2024-02-16
163997,23.75,98.25,KIA,3,2024-02-16
163998,23.75,98.75,Junta,0,2024-02-16
164707,24.25,93.25,ZRA,1,2024-02-16
164708,24.25,93.75,ZRA,1,2024-02-16
164709,24.25,94.25,Junta,0,2024-02-16
164710,24.25,94.75,Junta,0,2024-02-16
164711,24.25,95.25,Junta,0,2024-02-16
164712,24.25,95.75,Junta,0,2024-02-16
164713,24.25,96.25,Junta,0,2024-02-16
164714,24.25,96.75,Junta,0,2024-02-16
164715,24.25,97.25,Junta,0,2024-02-16
164716,24.25,97.75,Junta,0,2024-02-16
164717,24.25,98.25,Junta,0,2024-02-16
164718,24.25,98.75,Junta,0,2024-02-16
165430,24.75,94.75,Junta,0,2024-02-16
165431,24.75,95.25,Junta,0,2024-02-16
165432,24.75,95.75,Junta,0,2024-02-16
165433,24.75,96.25,Junta,0,2024-02-16
165434,24.75,96.75,Junta,0,2024-02-16
165435,24.75,97.25,Junta,0,2024-02-16
165436,24.75,97.75,Junta,0,2024-02-16
166150,25.25,94.75,Junta,0,2024-02-16
166151,25.25,95.25,Junta,0,2024-02-16
166152,25.25,95.75,Junta,0,2024-02-16
166153,25.25,96.25,Junta,0,2024-02-16
166154,25.25,96.75,Junta,0,2024-02-16
166155,25.25,97.25,Junta,0,2024-02-16
166156,25.25,97.75,Junta,0,2024-02-16
166870,25.75,94.75,Junta,0,2024-02-16
166871,25.75,95.25,Junta,0,2024-02-16
166872,25.75,95.75,Junta,0,2024-02-16
166873,25.75,96.25,Junta,0,2024-02-16
166874,25.75,96.75,Junta,0,2024-02-16
166875,25.75,97.25,Junta,0,2024-02-16
166876,25.75,97.75,Junta,0,2024-02-16
166877,25.75,98.25,Junta,0,2024-02-16
166878,25.75,98.75,Junta,0,2024-02-16
167591,26.25,95.25,Junta,0,2024-02-16
167592,26.25,95.75,Junta,0,2024-02-16
167593,26.25,96.25,Junta,0,2024-02-16
167594,26.25,96.75,Junta,0,2024-02-16
167595,26.25,97.25,Junta,0,2024-02-16
167596,26.25,97.75,Junta,0,2024-02-16
167597,26.25,98.25,Junta,0,2024-02-16
167598,26.25,98.75,Junta,0,2024-02-16
168311,26.75,95.25,Junta,0,2024-02-16
168312,26.75,95.75,Junta,0,2024-02-16
168313,26.75,96.25,Junta,0,2024-02-16
168314,26.75,96.75,Junta,0,2024-02-16
168315,26.75,97.25,Junta,0,2024-02-16
168316,26.75,97.75,Junta,0,2024-02-16
168317,26.75,98.25,Junta,0,2024-02-16
168318,26.75,98.75,Junta,0,2024-02-16
169033,27.25,96.25,Junta,0,2024-02-16
169034,27.25,96.75,Junta,0,2024-02-16
169035,27.25,97.25,Junta,0,2024-02-16
169036,27.25,97.75,Junta,0,2024-02-16
169037,27.25,98.25,Junta,0,2024-02-16
169038,27.25,98.75,Junta,0,2024-02-16
169754,27.75,96.75,Junta,0,2024-02-16
169755,27.75,97.25,Junta,0,2024-02-16
169756,27.75,97.75,Junta,0,2024-02-16
169757,27.75,98.25,Junta,0,2024-02-16
170475,28.25,97.25,Junta,0,2024-02-16
170476,28.25,97.75,Junta,0,2024-02-16
170477,28.25,98.25,Junta,0,2024-02-16
144558,10.25,98.75,Junta,0,2024-02-21
145277,10.75,98.25,Junta,0,2024-02-21
145278,10.75,98.75,Junta,0,2024-02-21
145998,11.25,98.75,Junta,0,2024-02-21
145999,11.25,99.25,PDF,2,2024-02-21
146717,11.75,98.25,Junta,0,2024-02-21
146718,11.75,98.75,PDF,2,2024-02-21
146719,11.75,99.25,PDF,2,2024-02-21
146720,11.75,99.75,Junta,0,2024-02-21
147437,12.25,98.25,Junta,0,2024-02-21
147438,12.25,98.75,Junta,0,2024-02-21
147439,12.25,99.25,PDF,2,2024-02-21
148157,12.75,98.25,Junta,0,2024-02-21
148158,12.75,98.75,Junta,0,2024-02-21
148159,12.75,99.25,PDF,2,2024-02-21
148878,13.25,98.75,Junta,0,2024-02-21
148879,13.25,99.25,PDF,2,2024-02-21
149597,13.75,98.25,Junta,0,2024-02-21
149598,13.75,98.75,Karen,4,2024-02-21
149599,13.75,99.25,Karen,4,2024-02-21
150317,14.25,98.25,Junta,0,2024-02-21
150318,14.25,98.75,Karen,4,2024-02-21
151036,14.75,97.75,Junta,0,2024-02-21
151037,14.75,98.25,Karen,4,2024-02-21
151756,15.25,97.75,Junta,0,2024-02-21
151757,15.25,98.25,Junta,0,2024-02-21
152471,15.75,95.25,Junta,0,2024-02-21
152472,15.75,95.75,Junta,0,2024-02-21
152476,15.75,97.75,Junta,0,2024-02-21
152477,15.75,98.25,Karen,4,2024-02-21
153189,16.25,94.25,Junta,0,2024-02-21
153190,16.25,94.75,Junta,0,2024-02-21
153191,16.25,95.25,Junta,0,2024-02-21
153192,16.25,95.75,Junta,0,2024-02-21
153193,16.25,96.25,Junta,0,2024-02-21
153196,16.25,97.75,Junta,0,2024-02-21
153197,16.25,98.25,Karen,4,2024-02-21
153198,16.25,98.75,Karen,4,2024-02-21
153909,16.75,94.25,Junta,0,2024-02-21
153910,16.75,94.75,Junta,0,2024-02-21
153911,16.75,95.25,Junta,0,2024-02-21
153912,16.75,95.75,Junta,0,2024-02-21
153913,16.75,96.25,Junta,0,2024-02-21
153914,16.75,96.75,Junta,0,2024-02-21
153915,16.75,97.25,Junta,0,2024-02-21
153916,16.75,97.75,Junta,0,2024-02-21
153917,16.75,98.25,Karen,4,2024-02-21
153918,16.75,98.75,Karen,4,2024-02-21
154630,17.25,94.75,Junta,0,2024-02-21
154631,17.25,95.25,Junta,0,2024-02-21
154632,17.25,95.75,Junta,0,2024-02-21
154633,17.25,96.25,Junta,0,2024-02-21
154634,17.25,96.75,Junta,0,2024-02-21
154635,17.25,97.25,Junta,0,2024-02-21
154636,17.25,97.75,Junta,0,2024-02-21
154637,17.25,98.25,Junta,0,2024-02-21
155350,17.75,94.75,Junta,0,2024-02-21
155351,17.75,95.25,Junta,0,2024-02-21
155352,17.75,95.75,Junta,0,2024-02-21
155353,17.75,96.25,Junta,0,2024-02-21
155354,17.75,96.75,Junta,0,2024-02-21
155355,17.75,97.25,Junta,0,2024-02-21
155356,17.75,97.75,Junta,0,2024-02-21
156069,18.25,94.25,Junta,0,2024-02-21
156070,18.25,94.75,Junta,0,2024-02-21
156071,18.25,95.25,Junta,0,2024-02-21
156072,18.25,95.75,Junta,0,2024-02-21
156073,18.25,96.25,PDF,2,2024-02-21
156074,18.25,96.75,Junta,0,2024-02-21
156075,18.25,97.25,Junta,0,2024-02-21
156076,18.25,97.75,Junta,0,2024-02-21
156788,18.75,93.75,Junta,0,2024-02-21
156789,18.75,94.25,Junta,0,2024-02-21
156790,18.75,94.75,Junta,0,2024-02-21
156791,18.75,95.25,Junta,0,2024-02-21
156792,18.75,95.75,PDF,2,2024-02-21
156793,18.75,96.25,PDF,2,2024-02-21
156794,18.75,96.75,Junta,0,2024-02-21
156795,18.75,97.25,Karenni,5,2024-02-21
156796,18.75,97.75,Karenni,5,2024-02-21
157508,19.25,93.75,Junta,0,2024-02-21
157509,19.25,94.25,Junta,0,2024-02-21
157510,19.25,94.75,Junta,0,2024-02-21
157511,19.25,95.25,Junta,0,2024-02-21
157512,19.25,95.75,Junta,0,2024-02-21
157513,19.25,96.25,Junta,0,2024-02-21
157514,19.25,96.75,Junta,0,2024-02-21
157515,19.25,97.25,Karenni,5,2024-02-21
157516,19.25,97.75,Karenni,5,2024-02-21
158228,19.75,93.75,Junta,0,2024-02-21
158229,19.75,94.25,Junta,0,2024-02-21
158230,19.75,94.75,Junta,0,2024-02-21
158231,19.75,95.25,Junta,0,2024-02-21
158232,19.75,95.75,Junta,0,2024-02-21
158233,19.75,96.25,Junta,0,2024-02-21
158234,19.75,96.75,Karenni,5,2024-02-21
158235,19.75,97.25,Karenni,5,2024-02-21
158236,19.75,97.75,Junta,0,2024-02-21
158237,19.75,98.25,Junta,0,2024-02-21
158238,19.75,98.75,Junta,0,2024-02-21
158946,20.25,92.75,Junta,0,2024-02-21
158947,20.25,93.25,Junta,0,2024-02-21
158948,20.25,93.75,AA,6,2024-02-21
158949,20.25,94.25,AA,6,2024-02-21
158950,20.25,94.75,Junta,0,2024-02-21
158951,20.25,95.25,Junta,0,2024-02-21
158952,20.25,95.75,Junta,0,2024-02-21
158953,20.25,96.25,Junta,0,2024-02-21
158954,20.25,96.75,Junta,0,2024-02-21
158955,20.25,97.25,Junta,0,2024-02-21
158956,20.25,97.75,Junta,0,2024-02-21
158957,20.25,98.25,Junta,0,2024-02-21
158958,20.25,98.75,Junta,0,2024-02-21
158959,20.25,99.25,Junta,0,2024-02-21
158960,20.25,99.75,Junta,0,2024-02-21
158961,20.25,100.25,Junta,0,2024-02-21
159665,20.75,92.25,Junta,0,2024-02-21
159666,20.75,92.75,AA,6,2024-02-21
159667,20.75,93.25,AA,6,2024-02-21
159668,20.75,93.75,AA,6,2024-02-21
159669,20.75,94.25,AA,6,2024-02-21
159670,20.75,94.75,Junta,0,2024-02-21
159671,20.75,95.25,Junta,0,2024-02-21
159672,20.75,95.75,Junta,0,2024-02-21
159673,20.75,96.25,Junta,0,2024-02-21
159674,20.75,96.75,Junta,0,2024-02-21
159675,20.75,97.25,Junta,0,2024-02-21
159676,20.75,97.75,Junta,0,2024-02-21
159677,20.75,98.25,RCSS,13,2024-02-21
159678,20.75,98.75,Junta,0,2024-02-21
159679,20.75,99.25,Junta,0,2024-02-21
159680,20.75,99.75,Junta,0,2024-02-21
159681,20.75,100.25,Junta,0,2024-02-21
160385,21.25,92.25,AA,6,2024-02-21
160386,21.25,92.75,AA,6,2024-02-21
160387,21.25,93.25,AA,6,2024-02-21
160388,21.25,93.75,Chin Resistance,9,2024-02-21
160389,21.25,94.25,PDF,2,2024-02-21
160390,21.25,94.75,Junta,0,2024-02-21
160391,21.25,95.25,Junta,0,2024-02-21
160392,21.25,95.75,Junta,0,2024-02-21
160393,21.25,96.25,Junta,0,2024-02-21
160394,21.25,96.75,Junta,0,2024-02-21
160395,21.25,97.25,SSPP,12,2024-02-21
160396,21.25,97.75,SSPP,12,2024-02-21
160397,21.25,98.25,RCSS,13,2024-02-21
160398,21.25,98.75,RCSS,13,2024-02-21
160399,21.25,99.25,Junta,0,2024-02-21
160400,21.25,99.75,Junta,0,2024-02-21
160401,21.25,100.25,Junta,0,2024-02-21
160402,21.25,100.75,Junta,0,2024-02-21
161105,21.75,92.25,AA,6,2024-02-21
161106,21.75,92.75,AA,6,2024-02-21
161107,21.75,93.25,Chin Resistance,9,2024-02-21
161108,21.75,93.75,Chin Resistance,9,2024-02-21
161109,21.75,94.25,Chin Resistance,9,2024-02-21
161110,21.75,94.75,PDF,2,2024-02-21
161111,21.75,95.25,PDF,2,2024-02-21
161112,21.75,95.75,Junta,0,2024-02-21
161113,21.75,96.25,Junta,0,2024-02-21
161114,21.75,96.75,Junta,0,2024-02-21
161115,21.75,97.25,SSPP,12,2024-02-21
161116,21.75,97.75,SSPP,12,2024-02-21
161117,21.75,98.25,SSPP,12,2024-02-21
161118,21.75,98.75,Junta,0,2024-02-21
161119,21.75,99.25,Junta,0,2024-02-21
161120,21.75,99.75,NDAA,14,2024-02-21
161121,21.75,100.25,NDAA,14,2024-02-21
161122,21.75,100.75,NDAA,14,2024-02-21
161123,21.75,101.25,Junta,0,2024-02-21
161826,22.25,92.75,AA,6,2024-02-21
161827,22.25,93.25,Chin Resistance,9,2024-02-21
161828,22.25,93.75,Chin Resistance,9,2024-02-21
161829,22.25,94.25,Junta,0,2024-02-21
161830,22.25,94.75,Junta,0,2024-02-21
161831,22.25,95.25,Junta,0,2024-02-21
161832,22.25,95.75,Junta,0,2024-02-21
161833,22.25,96.25,Junta,0,2024-02-21
161834,22.25,96.75,Junta,0,2024-02-21
161835,22.25,97.25,SSPP,12,2024-02-21
161836,22.25,97.75,SSPP,12,2024-02-21
161837,22.25,98.25,SSPP,12,2024-02-21
161838,22.25,98.75,SSPP,12,2024-02-21
161839,22.25,99.25,UWSA,15,2024-02-21
161840,22.25,99.75,UWSA,15,2024-02-21
162547,22.75,93.25,Chin Resistance,9,2024-02-21
162548,22.75,93.75,Chin Resistance,9,2024-02-21
162549,22.75,94.25,Junta,0,2024-02-21
162550,22.75,94.75,Junta,0,2024-02-21
162551,22.75,95.25,Junta,0,2024-02-21
162552,22.75,95.75,Junta,0,2024-02-21
162553,22.75,96.25,PDF,2,2024-02-21
162554,22.75,96.75,Junta,0,2024-02-21
162555,22.75,97.25,Junta,0,2024-02-21
162556,22.75,97.75,SSPP,12,2024-02-21
162557,22.75,98.25,SSPP,12,2024-02-21
162558,22.75,98.75,SSPP,12,2024-02-21
162559,22.75,99.25,UWSA,15,2024-02-21
163267,23.25,93.25,Chin Resistance,9,2024-02-21
163268,23.25,93.75,Chin Resistance,9,2024-02-21
163269,23.25,94.25,Junta,0,2024-02-21
163270,23.25,94.75,Junta,0,2024-02-21
163271,23.25,95.25,Junta,0,2024-02-21
163272,23.25,95.75,Junta,0,2024-02-21
163273,23.25,96.25,Junta,0,2024-02-21
163274,23.25,96.75,KIA,3,2024-02-21
163275,23.25,97.25,Junta,0,2024-02-21
163276,23.25,97.75,Junta,0,2024-02-21
163277,23.25,98.25,PDF,2,2024-02-21
163278,23.25,98.75,UWSA,15,2024-02-21
163279,23.25,99.25,UWSA,15,2024-02-21
163987,23.75,93.25,ZRA,1,2024-02-21
163988,23.75,93.75,Chin Resistance,9,2024-02-21
163989,23.75,94.25,Chin Resistance,9,2024-02-21
163990,23.75,94.75,Junta,0,2024-02-21
163991,23.75,95.25,Junta,0,2024-02-21
163992,23.75,95.75,Junta,0,2024-02-21
163993,23.75,96.25,Junta,0,2024-02-21
163994,23.75,96.75,KIA,3,2024-02-21
163995,23.75,97.25,KIA,3,2024-02-21
163996,23.75,97.75,KIA,3,2024-02-21
163997,23.75,98.25,KIA,3,2024-02-21
163998,23.75,98.75,Junta,0,2024-02-21
164707,24.25,93.25,ZRA,1,2024-02-21
164708,24.25,93.75,ZRA,1,2024-02-21
164709,24.25,94.25,Junta,0,2024-02-21
164710,24.25,94.75,Junta,0,2024-02-21
164711,24.25,95.25,Junta,0,2024-02-21
164712,24.25,95.75,KIA,3,2024-02-21
164713,24.25,96.25,KIA,3,2024-02-21
164714,24.25,96.75,KIA,3,2024-02-21
164715,24.25,97.25,KIA,3,2024-02-21
164716,24.25,97.75,Junta,0,2024-02-21
164717,24.25,98.25,Junta,0,2024-02-21
164718,24.25,98.75,Junta,0,2024-02-21
165430,24.75,94.75,Junta,0,2024-02-21
165431,24.75,95.25,KIA,3,2024-02-21
165432,24.75,95.75,KIA,3,2024-02-21
165433,24.75,96.25,KIA,3,2024-02-21
165434,24.75,96.75,KIA,3,2024-02-21
165435,24.75,97.25,KIA,3,2024-02-21
165436,24.75,97.75,Junta,0,2024-02-21
166150,25.25,94.75,Junta,0,2024-02-21
166151,25.25,95.25,Junta,0,2024-02-21
166152,25.25,95.75,KIA,3,2024-02-21
166153,25.25,96.25,KIA,3,2024-02-21
166154,25.25,96.75,KIA,3,2024-02-21
166155,25.25,97.25,KIA,3,2024-02-21
166156,25.25,97.75,Junta,0,2024-02-21
166870,25.75,94.75,Junta,0,2024-02-21
166871,25.75,95.25,Junta,0,2024-02-21
166872,25.75,95.75,KIA,3,2024-02-21
166873,25.75,96.25,KIA,3,2024-02-21
166874,25.75,96.75,KIA,3,2024-02-21
166875,25.75,97.25,KIA,3,2024-02-21
166876,25.75,97.75,KIA,3,2024-02-21
166877,25.75,98.25,Junta,0,2024-02-21
166878,25.75,98.75,Junta,0,2024-02-21
167591,26.25,95.25,Junta,0,2024-02-21
167592,26.25,95.75,KIA,3,2024-02-21
167593,26.25,96.25,KIA,3,2024-02-21
167594,26.25,96.75,KIA,3,2024-02-21
167595,26.25,97.25,KIA,3,2024-02-21
167596,26.25,97.75,KIA,3,2024-02-21
167597,26.25,98.25,KIA,3,2024-02-21
167598,26.25,98.75,Junta,0,2024-02-21
168311,26.75,95.25,Junta,0,2024-02-21
168312,26.75,95.75,Junta,0,2024-02-21
168313,26.75,96.25,KIA,3,2024-02-21
168314,26.75,96.75,KIA,3,2024-02-21
168315,26.75,97.25,KIA,3,2024-02-21
168316,26.75,97.75,KIA,3,2024-02-21
168317,26.75,98.25,KIA,3,2024-02-21
168318,26.75,98.75,Junta,0,2024-02-21
169033,27.25,96.25,KIA,3,2024-02-21
169034,27.25,96.75,KIA,3,2024-02-21
169035,27.25,97.25,KIA,3,2024-02-21
169036,27.25,97.75,KIA,3,2024-02-21
169037,27.25,98.25,Junta,0,2024-02-21
169038,27.25,98.75,Junta,0,2024-02-21
169754,27.75,96.75,KIA,3,2024-02-21
169755,27.75,97.25,Junta,0,2024-02-21
169756,27.75,97.75,Junta,0,2024-02-21
169757,27.75,98.25,Junta,0,2024-02-21
170475,28.25,97.25,Junta,0,2024-02-21
170476,28.25,97.75,Junta,0,2024-02-21
170477,28.25,98.25,Junta,0,2024-02-21
144558,10.25,98.75,Junta,0,2024-03-16
145277,10.75,98.25,Junta,0,2024-03-16
145278,10.75,98.75,Junta,0,2024-03-16
145998,11.25,98.75,Junta,0,2024-03-16
145999,11.25,99.25,PDF,2,2024-03-16
146717,11.75,98.25,Junta,0,2024-03-16
146718,11.75,98.75,PDF,2,2024-03-16
146719,11.75,99.25,PDF,2,2024-03-16
146720,11.75,99.75,Junta,0,2024-03-16
147437,12.25,98.25,Junta,0,2024-03-16
147438,12.25,98.75,Junta,0,2024-03-16
147439,12.25,99.25,PDF,2,2024-03-16
148157,12.75,98.25,Junta,0,2024-03-16
148158,12.75,98.75,Junta,0,2024-03-16
148159,12.75,99.25,PDF,2,2024-03-16
148878,13.25,98.75,Junta,0,2024-03-16
148879,13.25,99.25,PDF,2,2024-03-16
149597,13.75,98.25,Junta,0,2024-03-16
149598,13.75,98.75,Karen,4,2024-03-16
149599,13.75,99.25,Karen,4,2024-03-16
150317,14.25,98.25,Junta,0,2024-03-16
150318,14.25,98.75,Karen,4,2024-03-16
151036,14.75,97.75,Junta,0,2024-03-16
151037,14.75,98.25,Karen,4,2024-03-16
151756,15.25,97.75,Junta,0,2024-03-16
151757,15.25,98.25,Junta,0,2024-03-16
152471,15.75,95.25,Junta,0,2024-03-16
152472,15.75,95.75,Junta,0,2024-03-16
152476,15.75,97.75,Junta,0,2024-03-16
152477,15.75,98.25,Karen,4,2024-03-16
153189,16.25,94.25,Junta,0,2024-03-16
153190,16.25,94.75,Junta,0,2024-03-16
153191,16.25,95.25,Junta,0,2024-03-16
153192,16.25,95.75,Junta,0,2024-03-16
153193,16.25,96.25,Junta,0,2024-03-16
153196,16.25,97.75,Junta,0,2024-03-16
153197,16.25,98.25,Karen,4,2024-03-16
153198,16.25,98.75,Karen,4,2024-03-16
153909,16.75,94.25,Junta,0,2024-03-16
153910,16.75,94.75,Junta,0,2024-03-16
153911,16.75,95.25,Junta,0,2024-03-16
153912,16.75,95.75,Junta,0,2024-03-16
153913,16.75,96.25,Junta,0,2024-03-16
153914,16.75,96.75,Junta,0,2024-03-16
153915,16.75,97.25,Junta,0,2024-03-16
153916,16.75,97.75,Junta,0,2024-03-16
153917,16.75,98.25,Karen,4,2024-03-16
153918,16.75,98.75,Karen,4,2024-03-16
154630,17.25,94.75,Junta,0,2024-03-16
154631,17.25,95.25,Junta,0,2024-03-16
154632,17.25,95.75,Junta,0,2024-03-16
154633,17.25,96.25,Junta,0,2024-03-16
154634,17.25,96.75,Junta,0,2024-03-16
154635,17.25,97.25,Junta,0,2024-03-16
154636,17.25,97.75,Junta,0,2024-03-16
154637,17.25,98.25,Junta,0,2024-03-16
155350,17.75,94.75,Junta,0,2024-03-16
155351,17.75,95.25,Junta,0,2024-03-16
155352,17.75,95.75,Junta,0,2024-03-16
155353,17.75,96.25,Junta,0,2024-03-16
155354,17.75,96.75,Junta,0,2024-03-16
155355,17.75,97.25,Junta,0,2024-03-16
155356,17.75,97.75,Junta,0,2024-03-16
156069,18.25,94.25,Junta,0,2024-03-16
156070,18.25,94.75,Junta,0,2024-03-16
156071,18.25,95.25,Junta,0,2024-03-16
156072,18.25,95.75,Junta,0,2024-03-16
156073,18.25,96.25,PDF,2,2024-03-16
156074,18.25,96.75,Junta,0,2024-03-16
156075,18.25,97.25,Junta,0,2024-03-16
156076,18.25,97.75,Junta,0,2024-03-16
156788,18.75,93.75,Junta,0,2024-03-16
156789,18.75,94.25,Junta,0,2024-03-16
156790,18.75,94.75,Junta,0,2024-03-16
156791,18.75,95.25,Junta,0,2024-03-16
156792,18.75,95.75,PDF,2,2024-03-16
156793,18.75,96.25,PDF,2,2024-03-16
156794,18.75,96.75,Junta,0,2024-03-16
156795,18.75,97.25,Karenni,5,2024-03-16
156796,18.75,97.75,Karenni,5,2024-03-16
157508,19.25,93.75,Junta,0,2024-03-16
157509,19.25,94.25,Junta,0,2024-03-16
157510,19.25,94.75,Junta,0,2024-03-16
157511,19.25,95.25,Junta,0,2024-03-16
157512,19.25,95.75,Junta,0,2024-03-16
157513,19.25,96.25,Junta,0,2024-03-16
157514,19.25,96.75,Junta,0,2024-03-16
157515,19.25,97.25,Karenni,5,2024-03-16
157516,19.25,97.75,Karenni,5,2024-03-16
158228,19.75,93.75,Junta,0,2024-03-16
158229,19.75,94.25,Junta,0,2024-03-16
158230,19.75,94.75,Junta,0,2024-03-16
158231,19.75,95.25,Junta,0,2024-03-16
158232,19.75,95.75,Junta,0,2024-03-16
158233,19.75,96.25,Junta,0,2024-03-16
158234,19.75,96.75,Karenni,5,2024-03-16
158235,19.75,97.25,Karenni,5,2024-03-16
158236,19.75,97.75,Junta,0,2024-03-16
158237,19.75,98.25,Junta,0,2024-03-16
158238,19.75,98.75,Junta,0,2024-03-16
158946,20.25,92.75,Junta,0,2024-03-16
158947,20.25,93.25,Junta,0,2024-03-16
158948,20.25,93.75,AA,6,2024-03-16
158949,20.25,94.25,AA,6,2024-03-16
158950,20.25,94.75,Junta,0,2024-03-16
158951,20.25,95.25,Junta,0,2024-03-16
158952,20.25,95.75,Junta,0,2024-03-16
158953,20.25,96.25,Junta,0,2024-03-16
158954,20.25,96.75,Junta,0,2024-03-16
158955,20.25,97.25,Junta,0,2024-03-16
158956,20.25,97.75,Junta,0,2024-03-16
158957,20.25,98.25,Junta,0,2024-03-16
158958,20.25,98.75,Junta,0,2024-03-16
158959,20.25,99.25,Junta,0,2024-03-16
158960,20.25,99.75,Junta,0,2024-03-16
158961,20.25,100.25,Junta,0,2024-03-16
159665,20.75,92.25,Junta,0,2024-03-16
159666,20.75,92.75,AA,6,2024-03-16
159667,20.75,93.25,AA,6,2024-03-16
159668,20.75,93.75,AA,6,2024-03-16
159669,20.75,94.25,AA,6,2024-03-16
159670,20.75,94.75,Junta,0,2024-03-16
159671,20.75,95.25,Junta,0,2024-03-16
159672,20.75,95.75,Junta,0,2024-03-16
159673,20.75,96.25,Junta,0,2024-03-16
159674,20.75,96.75,Junta,0,2024-03-16
159675,20.75,97.25,Junta,0,2024-03-16
159676,20.75,97.75,Junta,0,2024-03-16
159677,20.75,98.25,RCSS,13,2024-03-16
159678,20.75,98.75,Junta,0,2024-03-16
159679,20.75,99.25,Junta,0,2024-03-16
159680,20.75,99.75,Junta,0,2024-03-16
159681,20.75,100.25,Junta,0,2024-03-16
160385,21.25,92.25,AA,6,2024-03-16
160386,21.25,92.75,AA,6,2024-03-16
160387,21.25,93.25,AA,6,2024-03-16
160388,21.25,93.75,Chin Resistance,9,2024-03-16
160389,21.25,94.25,PDF,2,2024-03-16
160390,21.25,94.75,Junta,0,2024-03-16
160391,21.25,95.25,Junta,0,2024-03-16
160392,21.25,95.75,Junta,0,2024-03-16
160393,21.25,96.25,Junta,0,2024-03-16
160394,21.25,96.75,Junta,0,2024-03-16
160395,21.25,97.25,SSPP,12,2024-03-16
160396,21.25,97.75,SSPP,12,2024-03-16
160397,21.25,98.25,RCSS,13,2024-03-16
160398,21.25,98.75,RCSS,13,2024-03-16
160399,21.25,99.25,Junta,0,2024-03-16
160400,21.25,99.75,Junta,0,2024-03-16
160401,21.25,100.25,Junta,0,2024-03-16
160402,21.25,100.75,Junta,0,2024-03-16
161105,21.75,92.25,AA,6,2024-03-16
161106,21.75,92.75,AA,6,2024-03-16
161107,21.75,93.25,Chin Resistance,9,2024-03-16
161108,21.75,93.75,Chin Resistance,9,2024-03-16
161109,21.75,94.25,Chin Resistance,9,2024-03-16
161110,21.75,94.75,PDF,2,2024-03-16
161111,21.75,95.25,PDF,2,2024-03-16
161112,21.75,95.75,Junta,0,2024-03-16
161113,21.75,96.25,Junta,0,2024-03-16
161114,21.75,96.75,Junta,0,2024-03-16
161115,21.75,97.25,SSPP,12,2024-03-16
161116,21.75,97.75,SSPP,12,2024-03-16
161117,21.75,98.25,SSPP,12,2024-03-16
161118,21.75,98.75,Junta,0,2024-03-16
161119,21.75,99.25,Junta,0,2024-03-16
161120,21.75,99.75,NDAA,14,2024-03-16
161121,21.75,100.25,NDAA,14,2024-03-16
161122,21.75,100.75,NDAA,14,2024-03-16
161123,21.75,101.25,Junta,0,2024-03-16
161826,22.25,92.75,AA,6,2024-03-16
161827,22.25,93.25,Chin Resistance,9,2024-03-16
161828,22.25,93.75,Chin Resistance,9,2024-03-16
161829,22.25,94.25,Junta,0,2024-03-16
161830,22.25,94.75,Junta,0,2024-03-16
161831,22.25,95.25,Junta,0,2024-03-16
161832,22.25,95.75,Junta,0,2024-03-16
161833,22.25,96.25,Junta,0,2024-03-16
161834,22.25,96.75,Junta,0,2024-03-16
161835,22.25,97.25,SSPP,12,2024-03-16
161836,22.25,97.75,SSPP,12,2024-03-16
161837,22.25,98.25,SSPP,12,2024-03-16
161838,22.25,98.75,SSPP,12,2024-03-16
161839,22.25,99.25,UWSA,15,2024-03-16
161840,22.25,99.75,UWSA,15,2024-03-16
162547,22.75,93.25,Chin Resistance,9,2024-03-16
162548,22.75,93.75,Chin Resistance,9,2024-03-16
162549,22.75,94.25,Junta,0,2024-03-16
162550,22.75,94.75,Junta,0,2024-03-16
162551,22.75,95.25,Junta,0,2024-03-16
162552,22.75,95.75,Junta,0,2024-03-16
162553,22.75,96.25,PDF,2,2024-03-16
162554,22.75,96.75,Junta,0,2024-03-16
162555,22.75,97.25,Junta,0,2024-03-16
162556,22.75,97.75,SSPP,12,2024-03-16
162557,22.75,98.25,SSPP,12,2024-03-16
162558,22.75,98.75,SSPP,12,2024-03-16
162559,22.75,99.25,UWSA,15,2024-03-16
163267,23.25,93.25,Chin Resistance,9,2024-03-16
163268,23.25,93.75,Chin Resistance,9,2024-03-16
163269,23.25,94.25,Junta,0,2024-03-16
163270,23.25,94.75,Junta,0,2024-03-16
163271,23.25,95.25,Junta,0,2024-03-16
163272,23.25,95.75,Junta,0,2024-03-16
163273,23.25,96.25,Junta,0,2024-03-16
163274,23.25,96.75,KIA,3,2024-03-16
163275,23.25,97.25,Junta,0,2024-03-16
163276,23.25,97.75,Junta,0,2024-03-16
163277,23.25,98.25,PDF,2,2024-03-16
163278,23.25,98.75,UWSA,15,2024-03-16
163279,23.25,99.25,UWSA,15,2024-03-16
163987,23.75,93.25,ZRA,1,2024-03-16
163988,23.75,93.75,Chin Resistance,9,2024-03-16
163989,23.75,94.25,Chin Resistance,9,2024-03-16
163990,23.75,94.75,Junta,0,2024-03-16
163991,23.75,95.25,Junta,0,2024-03-16
163992,23.75,95.75,Junta,0,2024-03-16
163993,23.75,96.25,Junta,0,2024-03-16
163994,23.75,96.75,KIA,3,2024-03-16
163995,23.75,97.25,KIA,3,2024-03-16
163996,23.75,97.75,KIA,3,2024-03-16
163997,23.75,98.25,KIA,3,2024-03-16
163998,23.75,98.75,Junta,0,2024-03-16
164707,24.25,93.25,ZRA,1,2024-03-16
164708,24.25,93.75,ZRA,1,2024-03-16
164709,24.25,94.25,Junta,0,2024-03-16
164710,24.25,94.75,Junta,0,2024-03-16
164711,24.25,95.25,Junta,0,2024-03-16
164712,24.25,95.75,KIA,3,2024-03-16
164713,24.25,96.25,KIA,3,2024-03-16
164714,24.25,96.75,KIA,3,2024-03-16
164715,24.25,97.25,KIA,3,2024-03-16
164716,24.25,97.75,Junta,0,2024-03-16
164717,24.25,98.25,Junta,0,2024-03-16
164718,24.25,98.75,Junta,0,2024-03-16
165430,24.75,94.75,Junta,0,2024-03-16
165431,24.75,95.25,KIA,3,2024-03-16
165432,24.75,95.75,KIA,3,2024-03-16
165433,24.75,96.25,KIA,3,2024-03-16
165434,24.75,96.75,KIA,3,2024-03-16
165435,24.75,97.25,KIA,3,2024-03-16
165436,24.75,97.75,Junta,0,2024-03-16
166150,25.25,94.75,Junta,0,2024-03-16
166151,25.25,95.25,Junta,0,2024-03-16
166152,25.25,95.75,KIA,3,2024-03-16
166153,25.25,96.25,KIA,3,2024-03-16
166154,25.25,96.75,KIA,3,2024-03-16
166155,25.25,97.25,KIA,3,2024-03-16
166156,25.25,97.75,Junta,0,2024-03-16
166870,25.75,94.75,Junta,0,2024-03-16
166871,25.75,95.25,Junta,0,2024-03-16
166872,25.75,95.75,KIA,3,2024-03-16
166873,25.75,96.25,KIA,3,2024-03-16
166874,25.75,96.75,KIA,3,2024-03-16
166875,25.75,97.25,KIA,3,2024-03-16
166876,25.75,97.75,KIA,3,2024-03-16
166877,25.75,98.25,Junta,0,2024-03-16
166878,25.75,98.75,Junta,0,2024-03-16
167591,26.25,95.25,Junta,0,2024-03-16
167592,26.25,95.75,KIA,3,2024-03-16
167593,26.25,96.25,KIA,3,2024-03-16
167594,26.25,96.75,KIA,3,2024-03-16
167595,26.25,97.25,KIA,3,2024-03-16
167596,26.25,97.75,KIA,3,2024-03-16
167597,26.25,98.25,KIA,3,2024-03-16
167598,26.25,98.75,Junta,0,2024-03-16
168311,26.75,95.25,Junta,0,2024-03-16
168312,26.75,95.75,Junta,0,2024-03-16
168313,26.75,96.25,KIA,3,2024-03-16
168314,26.75,96.75,KIA,3,2024-03-16
168315,26.75,97.25,KIA,3,2024-03-16
168316,26.75,97.75,KIA,3,2024-03-16
168317,26.75,98.25,KIA,3,2024-03-16
168318,26.75,98.75,Junta,0,2024-03-16
169033,27.25,96.25,KIA,3,2024-03-16
169034,27.25,96.75,KIA,3,2024-03-16
169035,27.25,97.25,KIA,3,2024-03-16
169036,27.25,97.75,KIA,3,2024-03-16
169037,27.25,98.25,Junta,0,2024-03-16
169038,27.25,98.75,Junta,0,2024-03-16
169754,27.75,96.75,KIA,3,2024-03-16
169755,27.75,97.25,Junta,0,2024-03-16
169756,27.75,97.75,Junta,0,2024-03-16
169757,27.75,98.25,Junta,0,2024-03-16
170475,28.25,97.25,Junta,0,2024-03-16
170476,28.25,97.75,Junta,0,2024-03-16
170477,28.25,98.25,Junta,0,2024-03-16
144558,10.25,98.75,Junta,0,2024-03-17
145277,10.75,98.25,Junta,0,2024-03-17
145278,10.75,98.75,Junta,0,2024-03-17
145998,11.25,98.75,Junta,0,2024-03-17
145999,11.25,99.25,PDF,2,2024-03-17
146717,11.75,98.25,Junta,0,2024-03-17
146718,11.75,98.75,PDF,2,2024-03-17
146719,11.75,99.25,PDF,2,2024-03-17
146720,11.75,99.75,Junta,0,2024-03-17
147437,12.25,98.25,Junta,0,2024-03-17
147438,12.25,98.75,Junta,0,2024-03-17
147439,12.25,99.25,PDF,2,2024-03-17
148157,12.75,98.25,Junta,0,2024-03-17
148158,12.75,98.75,Junta,0,2024-03-17
148159,12.75,99.25,PDF,2,2024-03-17
148878,13.25,98.75,Junta,0,2024-03-17
148879,13.25,99.25,PDF,2,2024-03-17
149597,13.75,98.25,Junta,0,2024-03-17
149598,13.75,98.75,Karen,4,2024-03-17
149599,13.75,99.25,Karen,4,2024-03-17
150317,14.25,98.25,Junta,0,2024-03-17
150318,14.25,98.75,Karen,4,2024-03-17
151036,14.75,97.75,Junta,0,2024-03-17
151037,14.75,98.25,Karen,4,2024-03-17
151756,15.25,97.75,Junta,0,2024-03-17
151757,15.25,98.25,Junta,0,2024-03-17
152471,15.75,95.25,Junta,0,2024-03-17
152472,15.75,95.75,Junta,0,2024-03-17
152476,15.75,97.75,Junta,0,2024-03-17
152477,15.75,98.25,Karen,4,2024-03-17
153189,16.25,94.25,Junta,0,2024-03-17
153190,16.25,94.75,Junta,0,2024-03-17
153191,16.25,95.25,Junta,0,2024-03-17
153192,16.25,95.75,Junta,0,2024-03-17
153193,16.25,96.25,Junta,0,2024-03-17
153196,16.25,97.75,Junta,0,2024-03-17
153197,16.25,98.25,Karen,4,2024-03-17
153198,16.25,98.75,Karen,4,2024-03-17
153909,16.75,94.25,Junta,0,2024-03-17
153910,16.75,94.75,Junta,0,2024-03-17
153911,16.75,95.25,Junta,0,2024-03-17
153912,16.75,95.75,Junta,0,2024-03-17
153913,16.75,96.25,Junta,0,2024-03-17
153914,16.75,96.75,Junta,0,2024-03-17
153915,16.75,97.25,Junta,0,2024-03-17
153916,16.75,97.75,Junta,0,2024-03-17
153917,16.75,98.25,Karen,4,2024-03-17
153918,16.75,98.75,Karen,4,2024-03-17
154630,17.25,94.75,Junta,0,2024-03-17
154631,17.25,95.25,Junta,0,2024-03-17
154632,17.25,95.75,Junta,0,2024-03-17
154633,17.25,96.25,Junta,0,2024-03-17
154634,17.25,96.75,Junta,0,2024-03-17
154635,17.25,97.25,Junta,0,2024-03-17
154636,17.25,97.75,Junta,0,2024-03-17
154637,17.25,98.25,Junta,0,2024-03-17
155350,17.75,94.75,Junta,0,2024-03-17
155351,17.75,95.25,Junta,0,2024-03-17
155352,17.75,95.75,Junta,0,2024-03-17
155353,17.75,96.25,Junta,0,2024-03-17
155354,17.75,96.75,Junta,0,2024-03-17
155355,17.75,97.25,Junta,0,2024-03-17
155356,17.75,97.75,Junta,0,2024-03-17
156069,18.25,94.25,Junta,0,2024-03-17
156070,18.25,94.75,Junta,0,2024-03-17
156071,18.25,95.25,Junta,0,2024-03-17
156072,18.25,95.75,Junta,0,2024-03-17
156073,18.25,96.25,PDF,2,2024-03-17
156074,18.25,96.75,Junta,0,2024-03-17
156075,18.25,97.25,Junta,0,2024-03-17
156076,18.25,97.75,Junta,0,2024-03-17
156788,18.75,93.75,Junta,0,2024-03-17
156789,18.75,94.25,Junta,0,2024-03-17
156790,18.75,94.75,Junta,0,2024-03-17
156791,18.75,95.25,Junta,0,2024-03-17
156792,18.75,95.75,PDF,2,2024-03-17
156793,18.75,96.25,PDF,2,2024-03-17
156794,18.75,96.75,Junta,0,2024-03-17
156795,18.75,97.25,Karenni,5,2024-03-17
156796,18.75,97.75,Karenni,5,2024-03-17
157508,19.25,93.75,Junta,0,2024-03-17
157509,19.25,94.25,Junta,0,2024-03-17
157510,19.25,94.75,Junta,0,2024-03-17
157511,19.25,95.25,Junta,0,2024-03-17
157512,19.25,95.75,Junta,0,2024-03-17
157513,19.25,96.25,Junta,0,2024-03-17
157514,19.25,96.75,Junta,0,2024-03-17
157515,19.25,97.25,Karenni,5,2024-03-17
157516,19.25,97.75,Karenni,5,2024-03-17
158228,19.75,93.75,Junta,0,2024-03-17
158229,19.75,94.25,Junta,0,2024-03-17
158230,19.75,94.75,Junta,0,2024-03-17
158231,19.75,95.25,Junta,0,2024-03-17
158232,19.75,95.75,Junta,0,2024-03-17
158233,19.75,96.25,Junta,0,2024-03-17
158234,19.75,96.75,Karenni,5,2024-03-17
158235,19.75,97.25,Karenni,5,2024-03-17
158236,19.75,97.75,Junta,0,2024-03-17
158237,19.75,98.25,Junta,0,2024-03-17
158238,19.75,98.75,Junta,0,2024-03-17
158946,20.25,92.75,Junta,0,2024-03-17
158947,20.25,93.25,Junta,0,2024-03-17
158948,20.25,93.75,AA,6,2024-03-17
158949,20.25,94.25,AA,6,2024-03-17
158950,20.25,94.75,Junta,0,2024-03-17
158951,20.25,95.25,Junta,0,2024-03-17
158952,20.25,95.75,Junta,0,2024-03-17
158953,20.25,96.25,Junta,0,2024-03-17
158954,20.25,96.75,Junta,0,2024-03-17
158955,20.25,97.25,Junta,0,2024-03-17
158956,20.25,97.75,Junta,0,2024-03-17
158957,20.25,98.25,Junta,0,2024-03-17
158958,20.25,98.75,Junta,0,2024-03-17
158959,20.25,99.25,Junta,0,2024-03-17
158960,20.25,99.75,Junta,0,2024-03-17
158961,20.25,100.25,Junta,0,2024-03-17
159665,20.75,92.25,Junta,0,2024-03-17
159666,20.75,92.75,AA,6,2024-03-17
159667,20.75,93.25,AA,6,2024-03-17
159668,20.75,93.75,AA,6,2024-03-17
159669,20.75,94.25,AA,6,2024-03-17
159670,20.75,94.75,Junta,0,2024-03-17
159671,20.75,95.25,Junta,0,2024-03-17
159672,20.75,95.75,Junta,0,2024-03-17
159673,20.75,96.25,Junta,0,2024-03-17
159674,20.75,96.75,Junta,0,2024-03-17
159675,20.75,97.25,Junta,0,2024-03-17
159676,20.75,97.75,Junta,0,2024-03-17
159677,20.75,98.25,Junta,0,2024-03-17
159678,20.75,98.75,Junta,0,2024-03-17
159679,20.75,99.25,Junta,0,2024-03-17
159680,20.75,99.75,Junta,0,2024-03-17
159681,20.75,100.25,Junta,0,2024-03-17
160385,21.25,92.25,AA,6,2024-03-17
160386,21.25,92.75,AA,6,2024-03-17
160387,21.25,93.25,AA,6,2024-03-17
160388,21.25,93.75,Chin Resistance,9,2024-03-17
160389,21.25,94.25,PDF,2,2024-03-17
160390,21.25,94.75,Junta,0,2024-03-17
160391,21.25,95.25,Junta,0,2024-03-17
160392,21.25,95.75,Junta,0,2024-03-17
160393,21.25,96.25,Junta,0,2024-03-17
160394,21.25,96.75,Junta,0,2024-03-17
160395,21.25,97.25,SSPP,12,2024-03-17
160396,21.25,97.75,SSPP,12,2024-03-17
160397,21.25,98.25,Junta,0,2024-03-17
160398,21.25,98.75,Junta,0,2024-03-17
160399,21.25,99.25,Junta,0,2024-03-17
160400,21.25,99.75,Junta,0,2024-03-17
160401,21.25,100.25,Junta,0,2024-03-17
160402,21.25,100.75,Junta,0,2024-03-17
161105,21.75,92.25,AA,6,2024-03-17
161106,21.75,92.75,AA,6,2024-03-17
161107,21.75,93.25,Chin Resistance,9,2024-03-17
161108,21.75,93.75,Chin Resistance,9,2024-03-17
161109,21.75,94.25,Chin Resistance,9,2024-03-17
161110,21.75,94.75,PDF,2,2024-03-17
161111,21.75,95.25,PDF,2,2024-03-17
161112,21.75,95.75,Junta,0,2024-03-17
161113,21.75,96.25,Junta,0,2024-03-17
161114,21.75,96.75,Junta,0,2024-03-17
161115,21.75,97.25,SSPP,12,2024-03-17
161116,21.75,97.75,SSPP,12,2024-03-17
161117,21.75,98.25,SSPP,12,2024-03-17
161118,21.75,98.75,Junta,0,2024-03-17
161119,21.75,99.25,Junta,0,2024-03-17
161120,21.75,99.75,NDAA,14,2024-03-17
161121,21.75,100.25,NDAA,14,2024-03-17
161122,21.75,100.75,NDAA,14,2024-03-17
161123,21.75,101.25,Junta,0,2024-03-17
161826,22.25,92.75,AA,6,2024-03-17
161827,22.25,93.25,Chin Resistance,9,2024-03-17
161828,22.25,93.75,Chin Resistance,9,2024-03-17
161829,22.25,94.25,Junta,0,2024-03-17
161830,22.25,94.75,Junta,0,2024-03-17
161831,22.25,95.25,Junta,0,2024-03-17
161832,22.25,95.75,Junta,0,2024-03-17
161833,22.25,96.25,Junta,0,2024-03-17
161834,22.25,96.75,Junta,0,2024-03-17
161835,22.25,97.25,SSPP,12,2024-03-17
161836,22.25,97.75,SSPP,12,2024-03-17
161837,22.25,98.25,SSPP,12,2024-03-17
161838,22.25,98.75,SSPP,12,2024-03-17
161839,22.25,99.25,UWSA,15,2024-03-17
161840,22.25,99.75,UWSA,15,2024-03-17
162547,22.75,93.25,Chin Resistance,9,2024-03-17
162548,22.75,93.75,Chin Resistance,9,2024-03-17
162549,22.75,94.25,Junta,0,2024-03-17
162550,22.75,94.75,Junta,0,2024-03-17
162551,22.75,95.25,Junta,0,2024-03-17
162552,22.75,95.75,Junta,0,2024-03-17
162553,22.75,96.25,PDF,2,2024-03-17
162554,22.75,96.75,Junta,0,2024-03-17
162555,22.75,97.25,Junta,0,2024-03-17
162556,22.75,97.75,SSPP,12,2024-03-17
162557,22.75,98.25,SSPP,12,2024-03-17
162558,22.75,98.75,SSPP,12,2024-03-17
162559,22.75,99.25,UWSA,15,2024-03-17
163267,23.25,93.25,Chin Resistance,9,2024-03-17
163268,23.25,93.75,Chin Resistance,9,2024-03-17
163269,23.25,94.25,Junta,0,2024-03-17
163270,23.25,94.75,Junta,0,2024-03-17
163271,23.25,95.25,Junta,0,2024-03-17
163272,23.25,95.75,Junta,0,2024-03-17
163273,23.25,96.25,Junta,0,2024-03-17
163274,23.25,96.75,KIA,3,2024-03-17
163275,23.25,97.25,Junta,0,2024-03-17
163276,23.25,97.75,Junta,0,2024-03-17
163277,23.25,98.25,PDF,2,2024-03-17
163278,23.25,98.75,UWSA,15,2024-03-17
163279,23.25,99.25,UWSA,15,2024-03-17
163987,23.75,93.25,ZRA,1,2024-03-17
163988,23.75,93.75,Chin Resistance,9,2024-03-17
163989,23.75,94.25,Chin Resistance,9,2024-03-17
163990,23.75,94.75,Junta,0,2024-03-17
163991,23.75,95.25,Junta,0,2024-03-17
163992,23.75,95.75,Junta,0,2024-03-17
163993,23.75,96.25,Junta,0,2024-03-17
163994,23.75,96.75,KIA,3,2024-03-17
163995,23.75,97.25,KIA,3,2024-03-17
163996,23.75,97.75,KIA,3,2024-03-17
163997,23.75,98.25,KIA,3,2024-03-17
163998,23.75,98.75,Junta,0,2024-03-17
164707,24.25,93.25,ZRA,1,2024-03-17
164708,24.25,93.75,ZRA,1,2024-03-17
164709,24.25,94.25,Junta,0,2024-03-17
164710,24.25,94.75,Junta,0,2024-03-17
164711,24.25,95.25,Junta,0,2024-03-17
164712,24.25,95.75,KIA,3,2024-03-17
164713,24.25,96.25,KIA,3,2024-03-17
164714,24.25,96.75,KIA,3,2024-03-17
164715,24.25,97.25,KIA,3,2024-03-17
164716,24.25,97.75,Junta,0,2024-03-17
164717,24.25,98.25,Junta,0,2024-03-17
164718,24.25,98.75,Junta,0,2024-03-17
165430,24.75,94.75,Junta,0,2024-03-17
165431,24.75,95.25,KIA,3,2024-03-17
165432,24.75,95.75,KIA,3,2024-03-17
165433,24.75,96.25,KIA,3,2024-03-17
165434,24.75,96.75,KIA,3,2024-03-17
165435,24.75,97.25,KIA,3,2024-03-17
165436,24.75,97.75,Junta,0,2024-03-17
166150,25.25,94.75,Junta,0,2024-03-17
166151,25.25,95.25,Junta,0,2024-03-17
166152,25.25,95.75,KIA,3,2024-03-17
166153,25.25,96.25,KIA,3,2024-03-17
166154,25.25,96.75,KIA,3,2024-03-17
166155,25.25,97.25,KIA,3,2024-03-17
166156,25.25,97.75,Junta,0,2024-03-17
166870,25.75,94.75,Junta,0,2024-03-17
166871,25.75,95.25,Junta,0,2024-03-17
166872,25.75,95.75,KIA,3,2024-03-17
166873,25.75,96.25,KIA,3,2024-03-17
166874,25.75,96.75,KIA,3,2024-03-17
166875,25.75,97.25,KIA,3,2024-03-17
166876,25.75,97.75,KIA,3,2024-03-17
166877,25.75,98.25,Junta,0,2024-03-17
166878,25.75,98.75,Junta,0,2024-03-17
167591,26.25,95.25,Junta,0,2024-03-17
167592,26.25,95.75,KIA,3,2024-03-17
167593,26.25,96.25,KIA,3,2024-03-17
167594,26.25,96.75,KIA,3,2024-03-17
167595,26.25,97.25,KIA,3,2024-03-17
167596,26.25,97.75,KIA,3,2024-03-17
167597,26.25,98.25,KIA,3,2024-03-17
167598,26.25,98.75,Junta,0,2024-03-17
168311,26.75,95.25,Junta,0,2024-03-17
168312,26.75,95.75,Junta,0,2024-03-17
168313,26.75,96.25,KIA,3,2024-03-17
168314,26.75,96.75,KIA,3,2024-03-17
168315,26.75,97.25,KIA,3,2024-03-17
168316,26.75,97.75,KIA,3,2024-03-17
168317,26.75,98.25,KIA,3,2024-03-17
168318,26.75,98.75,Junta,0,2024-03-17
169033,27.25,96.25,KIA,3,2024-03-17
169034,27.25,96.75,KIA,3,2024-03-17
169035,27.25,97.25,KIA,3,2024-03-17
169036,27.25,97.75,KIA,3,2024-03-17
169037,27.25,98.25,Junta,0,2024-03-17
169038,27.25,98.75,Junta,0,2024-03-17
169754,27.75,96.75,KIA,3,2024-03-17
169755,27.75,97.25,Junta,0,2024-03-17
169756,27.75,97.75,Junta,0,2024-03-17
169757,27.75,98.25,Junta,0,2024-03-17
170475,28.25,97.25,Junta,0,2024-03-17
170476,28.25,97.75,Junta,0,2024-03-17
170477,28.25,98.25,Junta,0,2024-03-17
144558,10.25,98.75,Junta,0,2024-03-23
145277,10.75,98.25,Junta,0,2024-03-23
145278,10.75,98.75,Junta,0,2024-03-23
145998,11.25,98.75,Junta,0,2024-03-23
145999,11.25,99.25,PDF,2,2024-03-23
146717,11.75,98.25,Junta,0,2024-03-23
146718,11.75,98.75,PDF,2,2024-03-23
146719,11.75,99.25,PDF,2,2024-03-23
146720,11.75,99.75,Junta,0,2024-03-23
147437,12.25,98.25,Junta,0,2024-03-23
147438,12.25,98.75,Junta,0,2024-03-23
147439,12.25,99.25,PDF,2,2024-03-23
148157,12.75,98.25,Junta,0,2024-03-23
148158,12.75,98.75,Junta,0,2024-03-23
148159,12.75,99.25,PDF,2,2024-03-23
148878,13.25,98.75,Junta,0,2024-03-23
148879,13.25,99.25,PDF,2,2024-03-23
149597,13.75,98.25,Junta,0,2024-03-23
149598,13.75,98.75,Karen,4,2024-03-23
149599,13.75,99.25,Karen,4,2024-03-23
150317,14.25,98.25,Junta,0,2024-03-23
150318,14.25,98.75,Karen,4,2024-03-23
151036,14.75,97.75,Junta,0,2024-03-23
151037,14.75,98.25,Karen,4,2024-03-23
151756,15.25,97.75,Junta,0,2024-03-23
151757,15.25,98.25,Junta,0,2024-03-23
152471,15.75,95.25,Junta,0,2024-03-23
152472,15.75,95.75,Junta,0,2024-03-23
152476,15.75,97.75,Junta,0,2024-03-23
152477,15.75,98.25,Karen,4,2024-03-23
153189,16.25,94.25,Junta,0,2024-03-23
153190,16.25,94.75,Junta,0,2024-03-23
153191,16.25,95.25,Junta,0,2024-03-23
153192,16.25,95.75,Junta,0,2024-03-23
153193,16.25,96.25,Junta,0,2024-03-23
153196,16.25,97.75,Junta,0,2024-03-23
153197,16.25,98.25,Karen,4,2024-03-23
153198,16.25,98.75,Karen,4,2024-03-23
153909,16.75,94.25,Junta,0,2024-03-23
153910,16.75,94.75,Junta,0,2024-03-23
153911,16.75,95.25,Junta,0,2024-03-23
153912,16.75,95.75,Junta,0,2024-03-23
153913,16.75,96.25,Junta,0,2024-03-23
153914,16.75,96.75,Junta,0,2024-03-23
153915,16.75,97.25,Junta,0,2024-03-23
153916,16.75,97.75,Junta,0,2024-03-23
153917,16.75,98.25,Karen,4,2024-03-23
153918,16.75,98.75,Karen,4,2024-03-23
154630,17.25,94.75,Junta,0,2024-03-23
154631,17.25,95.25,Junta,0,2024-03-23
154632,17.25,95.75,Junta,0,2024-03-23
154633,17.25,96.25,Junta,0,2024-03-23
154634,17.25,96.75,Junta,0,2024-03-23
154635,17.25,97.25,Junta,0,2024-03-23
154636,17.25,97.75,Junta,0,2024-03-23
154637,17.25,98.25,Junta,0,2024-03-23
155350,17.75,94.75,Junta,0,2024-03-23
155351,17.75,95.25,Junta,0,2024-03-23
155352,17.75,95.75,Junta,0,2024-03-23
155353,17.75,96.25,Junta,0,2024-03-23
155354,17.75,96.75,Junta,0,2024-03-23
155355,17.75,97.25,Junta,0,2024-03-23
155356,17.75,97.75,Junta,0,2024-03-23
156069,18.25,94.25,Junta,0,2024-03-23
156070,18.25,94.75,Junta,0,2024-03-23
156071,18.25,95.25,Junta,0,2024-03-23
156072,18.25,95.75,Junta,0,2024-03-23
156073,18.25,96.25,PDF,2,2024-03-23
156074,18.25,96.75,Junta,0,2024-03-23
156075,18.25,97.25,Junta,0,2024-03-23
156076,18.25,97.75,Junta,0,2024-03-23
156788,18.75,93.75,Junta,0,2024-03-23
156789,18.75,94.25,Junta,0,2024-03-23
156790,18.75,94.75,Junta,0,2024-03-23
156791,18.75,95.25,Junta,0,2024-03-23
156792,18.75,95.75,PDF,2,2024-03-23
156793,18.75,96.25,PDF,2,2024-03-23
156794,18.75,96.75,Junta,0,2024-03-23
156795,18.75,97.25,Karenni,5,2024-03-23
156796,18.75,97.75,Karenni,5,2024-03-23
157508,19.25,93.75,Junta,0,2024-03-23
157509,19.25,94.25,Junta,0,2024-03-23
157510,19.25,94.75,Junta,0,2024-03-23
157511,19.25,95.25,Junta,0,2024-03-23
157512,19.25,95.75,Junta,0,2024-03-23
157513,19.25,96.25,Junta,0,2024-03-23
157514,19.25,96.75,Junta,0,2024-03-23
157515,19.25,97.25,Karenni,5,2024-03-23
157516,19.25,97.75,Karenni,5,2024-03-23
158228,19.75,93.75,Junta,0,2024-03-23
158229,19.75,94.25,Junta,0,2024-03-23
158230,19.75,94.75,Junta,0,2024-03-23
158231,19.75,95.25,Junta,0,2024-03-23
158232,19.75,95.75,Junta,0,2024-03-23
158233,19.75,96.25,Junta,0,2024-03-23
158234,19.75,96.75,Karenni,5,2024-03-23
158235,19.75,97.25,Karenni,5,2024-03-23
158236,19.75,97.75,Junta,0,2024-03-23
158237,19.75,98.25,Junta,0,2024-03-23
158238,19.75,98.75,Junta,0,2024-03-23
158946,20.25,92.75,Junta,0,2024-03-23
158947,20.25,93.25,Junta,0,2024-03-23
158948,20.25,93.75,AA,6,2024-03-23
158949,20.25,94.25,AA,6,2024-03-23
158950,20.25,94.75,Junta,0,2024-03-23
158951,20.25,95.25,Junta,0,2024-03-23
158952,20.25,95.75,Junta,0,2024-03-23
158953,20.25,96.25,Junta,0,2024-03-23
158954,20.25,96.75,Junta,0,2024-03-23
158955,20.25,97.25,Junta,0,2024-03-23
158956,20.25,97.75,Junta,0,2024-03-23
158957,20.25,98.25,Junta,0,2024-03-23
158958,20.25,98.75,Junta,0,2024-03-23
158959,20.25,99.25,Junta,0,2024-03-23
158960,20.25,99.75,Junta,0,2024-03-23
158961,20.25,100.25,Junta,0,2024-03-23
159665,20.75,92.25,Junta,0,2024-03-23
159666,20.75,92.75,AA,6,2024-03-23
159667,20.75,93.25,AA,6,2024-03-23
159668,20.75,93.75,AA,6,2024-03-23
159669,20.75,94.25,AA,6,2024-03-23
159670,20.75,94.75,Junta,0,2024-03-23
159671,20.75,95.25,Junta,0,2024-03-23
159672,20.75,95.75,Junta,0,2024-03-23
159673,20.75,96.25,Junta,0,2024-03-23
159674,20.75,96.75,Junta,0,2024-03-23
159675,20.75,97.25,Junta,0,2024-03-23
159676,20.75,97.75,Junta,0,2024-03-23
159677,20.75,98.25,Junta,0,2024-03-23
159678,20.75,98.75,Junta,0,2024-03-23
159679,20.75,99.25,Junta,0,2024-03-23
159680,20.75,99.75,Junta,0,2024-03-23
159681,20.75,100.25,Junta,0,2024-03-23
160385,21.25,92.25,AA,6,2024-03-23
160386,21.25,92.75,AA,6,2024-03-23
160387,21.25,93.25,AA,6,2024-03-23
160388,21.25,93.75,Chin Resistance,9,2024-03-23
160389,21.25,94.25,PDF,2,2024-03-23
160390,21.25,94.75,Junta,0,2024-03-23
160391,21.25,95.25,Junta,0,2024-03-23
160392,21.25,95.75,Junta,0,2024-03-23
160393,21.25,96.25,Junta,0,2024-03-23
160394,21.25,96.75,Junta,0,2024-03-23
160395,21.25,97.25,SSPP,12,2024-03-23
160396,21.25,97.75,SSPP,12,2024-03-23
160397,21.25,98.25,Junta,0,2024-03-23
160398,21.25,98.75,Junta,0,2024-03-23
160399,21.25,99.25,Junta,0,2024-03-23
160400,21.25,99.75,Junta,0,2024-03-23
160401,21.25,100.25,Junta,0,2024-03-23
160402,21.25,100.75,Junta,0,2024-03-23
161105,21.75,92.25,AA,6,2024-03-23
161106,21.75,92.75,AA,6,2024-03-23
161107,21.75,93.25,Chin Resistance,9,2024-03-23
161108,21.75,93.75,Chin Resistance,9,2024-03-23
161109,21.75,94.25,Chin Resistance,9,2024-03-23
161110,21.75,94.75,PDF,2,2024-03-23
161111,21.75,95.25,PDF,2,2024-03-23
161112,21.75,95.75,Junta,0,2024-03-23
161113,21.75,96.25,Junta,0,2024-03-23
161114,21.75,96.75,Junta,0,2024-03-23
161115,21.75,97.25,SSPP,12,2024-03-23
161116,21.75,97.75,SSPP,12,2024-03-23
161117,21.75,98.25,SSPP,12,2024-03-23
161118,21.75,98.75,Junta,0,2024-03-23
161119,21.75,99.25,Junta,0,2024-03-23
161120,21.75,99.75,NDAA,14,2024-03-23
161121,21.75,100.25,NDAA,14,2024-03-23
161122,21.75,100.75,NDAA,14,2024-03-23
161123,21.75,101.25,Junta,0,2024-03-23
161826,22.25,92.75,AA,6,2024-03-23
161827,22.25,93.25,Chin Resistance,9,2024-03-23
161828,22.25,93.75,Chin Resistance,9,2024-03-23
161829,22.25,94.25,Junta,0,2024-03-23
161830,22.25,94.75,Junta,0,2024-03-23
161831,22.25,95.25,Junta,0,2024-03-23
161832,22.25,95.75,Junta,0,2024-03-23
161833,22.25,96.25,Junta,0,2024-03-23
161834,22.25,96.75,Junta,0,2024-03-23
161835,22.25,97.25,SSPP,12,2024-03-23
161836,22.25,97.75,SSPP,12,2024-03-23
161837,22.25,98.25,SSPP,12,2024-03-23
161838,22.25,98.75,SSPP,12,2024-03-23
161839,22.25,99.25,UWSA,15,2024-03-23
161840,22.25,99.75,UWSA,15,2024-03-23
162547,22.75,93.25,Chin Resistance,9,2024-03-23
162548,22.75,93.75,Chin Resistance,9,2024-03-23
162549,22.75,94.25,Junta,0,2024-03-23
162550,22.75,94.75,Junta,0,2024-03-23
162551,22.75,95.25,Junta,0,2024-03-23
162552,22.75,95.75,Junta,0,2024-03-23
162553,22.75,96.25,PDF,2,2024-03-23
162554,22.75,96.75,Junta,0,2024-03-23
162555,22.75,97.25,Junta,0,2024-03-23
162556,22.75,97.75,SSPP,12,2024-03-23
162557,22.75,98.25,SSPP,12,2024-03-23
162558,22.75,98.75,SSPP,12,2024-03-23
162559,22.75,99.25,UWSA,15,2024-03-23
163267,23.25,93.25,Chin Resistance,9,2024-03-23
163268,23.25,93.75,Chin Resistance,9,2024-03-23
163269,23.25,94.25,Junta,0,2024-03-23
163270,23.25,94.75,Junta,0,2024-03-23
163271,23.25,95.25,Junta,0,2024-03-23
163272,23.25,95.75,Junta,0,2024-03-23
163273,23.25,96.25,Junta,0,2024-03-23
163274,23.25,96.75,KIA,3,2024-03-23
163275,23.25,97.25,Junta,0,2024-03-23
163276,23.25,97.75,Junta,0,2024-03-23
163277,23.25,98.25,PDF,2,2024-03-23
163278,23.25,98.75,UWSA,15,2024-03-23
163279,23.25,99.25,UWSA,15,2024-03-23
163987,23.75,93.25,ZRA,1,2024-03-23
163988,23.75,93.75,Chin Resistance,9,2024-03-23
163989,23.75,94.25,Chin Resistance,9,2024-03-23
163990,23.75,94.75,Junta,0,2024-03-23
163991,23.75,95.25,Junta,0,2024-03-23
163992,23.75,95.75,Junta,0,2024-03-23
163993,23.75,96.25,Junta,0,2024-03-23
163994,23.75,96.75,KIA,3,2024-03-23
163995,23.75,97.25,KIA,3,2024-03-23
163996,23.75,97.75,KIA,3,2024-03-23
163997,23.75,98.25,KIA,3,2024-03-23
163998,23.75,98.75,Junta,0,2024-03-23
164707,24.25,93.25,ZRA,1,2024-03-23
164708,24.25,93.75,ZRA,1,2024-03-23
164709,24.25,94.25,Junta,0,2024-03-23
164710,24.25,94.75,Junta,0,2024-03-23
164711,24.25,95.25,Junta,0,2024-03-23
164712,24.25,95.75,KIA,3,2024-03-23
164713,24.25,96.25,KIA,3,2024-03-23
164714,24.25,96.75,KIA,3,2024-03-23
164715,24.25,97.25,KIA,3,2024-03-23
164716,24.25,97.75,Junta,0,2024-03-23
164717,24.25,98.25,Junta,0,2024-03-23
164718,24.25,98.75,Junta,0,2024-03-23
165430,24.75,94.75,Junta,0,2024-03-23
165431,24.75,95.25,KIA,3,2024-03-23
165432,24.75,95.75,KIA,3,2024-03-23
165433,24.75,96.25,KIA,3,2024-03-23
165434,24.75,96.75,KIA,3,2024-03-23
165435,24.75,97.25,KIA,3,2024-03-23
165436,24.75,97.75,Junta,0,2024-03-23
166150,25.25,94.75,Junta,0,2024-03-23
166151,25.25,95.25,Junta,0,2024-03-23
166152,25.25,95.75,KIA,3,2024-03-23
166153,25.25,96.25,KIA,3,2024-03-23
166154,25.25,96.75,KIA,3,2024-03-23
166155,25.25,97.25,KIA,3,2024-03-23
166156,25.25,97.75,Junta,0,2024-03-23
166870,25.75,94.75,Junta,0,2024-03-23
166871,25.75,95.25,Junta,0,2024-03-23
166872,25.75,95.75,KIA,3,2024-03-23
166873,25.75,96.25,KIA,3,2024-03-23
166874,25.75,96.75,KIA,3,2024-03-23
166875,25.75,97.25,KIA,3,2024-03-23
166876,25.75,97.75,KIA,3,2024-03-23
166877,25.75,98.25,Junta,0,2024-03-23
166878,25.75,98.75,Junta,0,2024-03-23
167591,26.25,95.25,Junta,0,2024-03-23
167592,26.25,95.75,KIA,3,2024-03-23
167593,26.25,96.25,KIA,3,2024-03-23
167594,26.25,96.75,KIA,3,2024-03-23
167595,26.25,97.25,KIA,3,2024-03-23
167596,26.25,97.75,KIA,3,2024-03-23
167597,26.25,98.25,KIA,3,2024-03-23
167598,26.25,98.75,Junta,0,2024-03-23
168311,26.75,95.25,Junta,0,2024-03-23
168312,26.75,95.75,Junta,0,2024-03-23
168313,26.75,96.25,KIA,3,2024-03-23
168314,26.75,96.75,KIA,3,2024-03-23
168315,26.75,97.25,KIA,3,2024-03-23
168316,26.75,97.75,KIA,3,2024-03-23
168317,26.75,98.25,KIA,3,2024-03-23
168318,26.75,98.75,Junta,0,2024-03-23
169033,27.25,96.25,KIA,3,2024-03-23
169034,27.25,96.75,KIA,3,2024-03-23
169035,27.25,97.25,KIA,3,2024-03-23
169036,27.25,97.75,KIA,3,2024-03-23
169037,27.25,98.25,Junta,0,2024-03-23
169038,27.25,98.75,Junta,0,2024-03-23
169754,27.75,96.75,KIA,3,2024-03-23
169755,27.75,97.25,Junta,0,2024-03-23
169756,27.75,97.75,Junta,0,2024-03-23
169757,27.75,98.25,Junta,0,2024-03-23
170475,28.25,97.25,Junta,0,2024-03-23
170476,28.25,97.75,Junta,0,2024-03-23
170477,28.25,98.25,Junta,0,2024-03-23
144558,10.25,98.75,Junta,0,2024-04-04
145277,10.75,98.25,Junta,0,2024-04-04
145278,10.75,98.75,Junta,0,2024-04-04
145998,11.25,98.75,Junta,0,2024-04-04
145999,11.25,99.25,PDF,2,2024-04-04
146717,11.75,98.25,Junta,0,2024-04-04
146718,11.75,98.75,PDF,2,2024-04-04
146719,11.75,99.25,PDF,2,2024-04-04
146720,11.75,99.75,Junta,0,2024-04-04
147437,12.25,98.25,Junta,0,2024-04-04
147438,12.25,98.75,Junta,0,2024-04-04
147439,12.25,99.25,PDF,2,2024-04-04
148157,12.75,98.25,Junta,0,2024-04-04
148158,12.75,98.75,Junta,0,2024-04-04
148159,12.75,99.25,PDF,2,2024-04-04
148878,13.25,98.75,Junta,0,2024-04-04
148879,13.25,99.25,PDF,2,2024-04-04
149597,13.75,98.25,Junta,0,2024-04-04
149598,13.75,98.75,Karen,4,2024-04-04
149599,13.75,99.25,Karen,4,2024-04-04
150317,14.25,98.25,Junta,0,2024-04-04
150318,14.25,98.75,Karen,4,2024-04-04
151036,14.75,97.75,Junta,0,2024-04-04
151037,14.75,98.25,Karen,4,2024-04-04
151756,15.25,97.75,Junta,0,2024-04-04
151757,15.25,98.25,Junta,0,2024-04-04
152471,15.75,95.25,Junta,0,2024-04-04
152472,15.75,95.75,Junta,0,2024-04-04
152476,15.75,97.75,Junta,0,2024-04-04
152477,15.75,98.25,Karen,4,2024-04-04
153189,16.25,94.25,Junta,0,2024-04-04
153190,16.25,94.75,Junta,0,2024-04-04
153191,16.25,95.25,Junta,0,2024-04-04
153192,16.25,95.75,Junta,0,2024-04-04
153193,16.25,96.25,Junta,0,2024-04-04
153196,16.25,97.75,Junta,0,2024-04-04
153197,16.25,98.25,Karen,4,2024-04-04
153198,16.25,98.75,Karen,4,2024-04-04
153909,16.75,94.25,Junta,0,2024-04-04
153910,16.75,94.75,Junta,0,2024-04-04
153911,16.75,95.25,Junta,0,2024-04-04
153912,16.75,95.75,Junta,0,2024-04-04
153913,16.75,96.25,Junta,0,2024-04-04
153914,16.75,96.75,Junta,0,2024-04-04
153915,16.75,97.25,Junta,0,2024-04-04
153916,16.75,97.75,Junta,0,2024-04-04
153917,16.75,98.25,Karen,4,2024-04-04
153918,16.75,98.75,Karen,4,2024-04-04
154630,17.25,94.75,Junta,0,2024-04-04
154631,17.25,95.25,Junta,0,2024-04-04
154632,17.25,95.75,Junta,0,2024-04-04
154633,17.25,96.25,Junta,0,2024-04-04
154634,17.25,96.75,Junta,0,2024-04-04
154635,17.25,97.25,Junta,0,2024-04-04
154636,17.25,97.75,Junta,0,2024-04-04
154637,17.25,98.25,Junta,0,2024-04-04
155350,17.75,94.75,Junta,0,2024-04-04
155351,17.75,95.25,Junta,0,2024-04-04
155352,17.75,95.75,Junta,0,2024-04-04
155353,17.75,96.25,Junta,0,2024-04-04
155354,17.75,96.75,Junta,0,2024-04-04
155355,17.75,97.25,Junta,0,2024-04-04
155356,17.75,97.75,Junta,0,2024-04-04
156069,18.25,94.25,Junta,0,2024-04-04
156070,18.25,94.75,Junta,0,2024-04-04
156071,18.25,95.25,Junta,0,2024-04-04
156072,18.25,95.75,Junta,0,2024-04-04
156073,18.25,96.25,PDF,2,2024-04-04
156074,18.25,96.75,Junta,0,2024-04-04
156075,18.25,97.25,Junta,0,2024-04-04
156076,18.25,97.75,Junta,0,2024-04-04
156788,18.75,93.75,Junta,0,2024-04-04
156789,18.75,94.25,Junta,0,2024-04-04
156790,18.75,94.75,Junta,0,2024-04-04
156791,18.75,95.25,Junta,0,2024-04-04
156792,18.75,95.75,PDF,2,2024-04-04
156793,18.75,96.25,PDF,2,2024-04-04
156794,18.75,96.75,Junta,0,2024-04-04
156795,18.75,97.25,Karenni,5,2024-04-04
156796,18.75,97.75,Karenni,5,2024-04-04
157508,19.25,93.75,Junta,0,2024-04-04
157509,19.25,94.25,Junta,0,2024-04-04
157510,19.25,94.75,Junta,0,2024-04-04
157511,19.25,95.25,Junta,0,2024-04-04
157512,19.25,95.75,Junta,0,2024-04-04
157513,19.25,96.25,Junta,0,2024-04-04
157514,19.25,96.75,Junta,0,2024-04-04
157515,19.25,97.25,Karenni,5,2024-04-04
157516,19.25,97.75,Karenni,5,2024-04-04
158228,19.75,93.75,Junta,0,2024-04-04
158229,19.75,94.25,Junta,0,2024-04-04
158230,19.75,94.75,Junta,0,2024-04-04
158231,19.75,95.25,Junta,0,2024-04-04
158232,19.75,95.75,Junta,0,2024-04-04
158233,19.75,96.25,Junta,0,2024-04-04
158234,19.75,96.75,Karenni,5,2024-04-04
158235,19.75,97.25,Karenni,5,2024-04-04
158236,19.75,97.75,Junta,0,2024-04-04
158237,19.75,98.25,Junta,0,2024-04-04
158238,19.75,98.75,Junta,0,2024-04-04
158946,20.25,92.75,Junta,0,2024-04-04
158947,20.25,93.25,Junta,0,2024-04-04
158948,20.25,93.75,AA,6,2024-04-04
158949,20.25,94.25,AA,6,2024-04-04
158950,20.25,94.75,Junta,0,2024-04-04
158951,20.25,95.25,Junta,0,2024-04-04
158952,20.25,95.75,Junta,0,2024-04-04
158953,20.25,96.25,Junta,0,2024-04-04
158954,20.25,96.75,Junta,0,2024-04-04
158955,20.25,97.25,Junta,0,2024-04-04
158956,20.25,97.75,Junta,0,2024-04-04
158957,20.25,98.25,Junta,0,2024-04-04
158958,20.25,98.75,Junta,0,2024-04-04
158959,20.25,99.25,Junta,0,2024-04-04
158960,20.25,99.75,Junta,0,2024-04-04
158961,20.25,100.25,Junta,0,2024-04-04
159665,20.75,92.25,Junta,0,2024-04-04
159666,20.75,92.75,AA,6,2024-04-04
159667,20.75,93.25,AA,6,2024-04-04
159668,20.75,93.75,AA,6,2024-04-04
159669,20.75,94.25,AA,6,2024-04-04
159670,20.75,94.75,Junta,0,2024-04-04
159671,20.75,95.25,Junta,0,2024-04-04
159672,20.75,95.75,Junta,0,2024-04-04
159673,20.75,96.25,Junta,0,2024-04-04
159674,20.75,96.75,Junta,0,2024-04-04
159675,20.75,97.25,Junta,0,2024-04-04
159676,20.75,97.75,Junta,0,2024-04-04
159677,20.75,98.25,Junta,0,2024-04-04
159678,20.75,98.75,Junta,0,2024-04-04
159679,20.75,99.25,Junta,0,2024-04-04
159680,20.75,99.75,Junta,0,2024-04-04
159681,20.75,100.25,Junta,0,2024-04-04
160385,21.25,92.25,AA,6,2024-04-04
160386,21.25,92.75,AA,6,2024-04-04
160387,21.25,93.25,AA,6,2024-04-04
160388,21.25,93.75,Chin Resistance,9,2024-04-04
160389,21.25,94.25,PDF,2,2024-04-04
160390,21.25,94.75,Junta,0,2024-04-04
160391,21.25,95.25,Junta,0,2024-04-04
160392,21.25,95.75,Junta,0,2024-04-04
160393,21.25,96.25,Junta,0,2024-04-04
160394,21.25,96.75,Junta,0,2024-04-04
160395,21.25,97.25,SSPP,12,2024-04-04
160396,21.25,97.75,SSPP,12,2024-04-04
160397,21.25,98.25,Junta,0,2024-04-04
160398,21.25,98.75,Junta,0,2024-04-04
160399,21.25,99.25,Junta,0,2024-04-04
160400,21.25,99.75,Junta,0,2024-04-04
160401,21.25,100.25,Junta,0,2024-04-04
160402,21.25,100.75,Junta,0,2024-04-04
161105,21.75,92.25,AA,6,2024-04-04
161106,21.75,92.75,AA,6,2024-04-04
161107,21.75,93.25,Chin Resistance,9,2024-04-04
161108,21.75,93.75,Chin Resistance,9,2024-04-04
161109,21.75,94.25,Chin Resistance,9,2024-04-04
161110,21.75,94.75,PDF,2,2024-04-04
161111,21.75,95.25,PDF,2,2024-04-04
161112,21.75,95.75,Junta,0,2024-04-04
161113,21.75,96.25,Junta,0,2024-04-04
161114,21.75,96.75,Junta,0,2024-04-04
161115,21.75,97.25,SSPP,12,2024-04-04
161116,21.75,97.75,SSPP,12,2024-04-04
161117,21.75,98.25,SSPP,12,2024-04-04
161118,21.75,98.75,Junta,0,2024-04-04
161119,21.75,99.25,Junta,0,2024-04-04
161120,21.75,99.75,NDAA,14,2024-04-04
161121,21.75,100.25,NDAA,14,2024-04-04
161122,21.75,100.75,NDAA,14,2024-04-04
161123,21.75,101.25,Junta,0,2024-04-04
161826,22.25,92.75,AA,6,2024-04-04
161827,22.25,93.25,Chin Resistance,9,2024-04-04
161828,22.25,93.75,Chin Resistance,9,2024-04-04
161829,22.25,94.25,Junta,0,2024-04-04
161830,22.25,94.75,Junta,0,2024-04-04
161831,22.25,95.25,Junta,0,2024-04-04
161832,22.25,95.75,Junta,0,2024-04-04
161833,22.25,96.25,Junta,0,2024-04-04
161834,22.25,96.75,Junta,0,2024-04-04
161835,22.25,97.25,SSPP,12,2024-04-04
161836,22.25,97.75,SSPP,12,2024-04-04
161837,22.25,98.25,SSPP,12,2024-04-04
161838,22.25,98.75,SSPP,12,2024-04-04
161839,22.25,99.25,UWSA,15,2024-04-04
161840,22.25,99.75,UWSA,15,2024-04-04
162547,22.75,93.25,Chin Resistance,9,2024-04-04
162548,22.75,93.75,Chin Resistance,9,2024-04-04
162549,22.75,94.25,Junta,0,2024-04-04
162550,22.75,94.75,Junta,0,2024-04-04
162551,22.75,95.25,Junta,0,2024-04-04
162552,22.75,95.75,Junta,0,2024-04-04
162553,22.75,96.25,PDF,2,2024-04-04
162554,22.75,96.75,Junta,0,2024-04-04
162555,22.75,97.25,Junta,0,2024-04-04
162556,22.75,97.75,SSPP,12,2024-04-04
162557,22.75,98.25,SSPP,12,2024-04-04
162558,22.75,98.75,SSPP,12,2024-04-04
162559,22.75,99.25,UWSA,15,2024-04-04
163267,23.25,93.25,Chin Resistance,9,2024-04-04
163268,23.25,93.75,Chin Resistance,9,2024-04-04
163269,23.25,94.25,Junta,0,2024-04-04
163270,23.25,94.75,Junta,0,2024-04-04
163271,23.25,95.25,Junta,0,2024-04-04
163272,23.25,95.75,Junta,0,2024-04-04
163273,23.25,96.25,Junta,0,2024-04-04
163274,23.25,96.75,KIA,3,2024-04-04
163275,23.25,97.25,Junta,0,2024-04-04
163276,23.25,97.75,Junta,0,2024-04-04
163277,23.25,98.25,Junta,0,2024-04-04
163278,23.25,98.75,UWSA,15,2024-04-04
163279,23.25,99.25,UWSA,15,2024-04-04
163987,23.75,93.25,ZRA,1,2024-04-04
163988,23.75,93.75,Chin Resistance,9,2024-04-04
163989,23.75,94.25,Chin Resistance,9,2024-04-04
163990,23.75,94.75,Junta,0,2024-04-04
163991,23.75,95.25,Junta,0,2024-04-04
163992,23.75,95.75,Junta,0,2024-04-04
163993,23.75,96.25,Junta,0,2024-04-04
163994,23.75,96.75,KIA,3,2024-04-04
163995,23.75,97.25,KIA,3,2024-04-04
163996,23.75,97.75,KIA,3,2024-04-04
163997,23.75,98.25,KIA,3,2024-04-04
163998,23.75,98.75,Junta,0,2024-04-04
164707,24.25,93.25,ZRA,1,2024-04-04
164708,24.25,93.75,ZRA,1,2024-04-04
164709,24.25,94.25,Junta,0,2024-04-04
164710,24.25,94.75,Junta,0,2024-04-04
164711,24.25,95.25,Junta,0,2024-04-04
164712,24.25,95.75,KIA,3,2024-04-04
164713,24.25,96.25,KIA,3,2024-04-04
164714,24.25,96.75,KIA,3,2024-04-04
164715,24.25,97.25,KIA,3,2024-04-04
164716,24.25,97.75,Junta,0,2024-04-04
164717,24.25,98.25,Junta,0,2024-04-04
164718,24.25,98.75,Junta,0,2024-04-04
165430,24.75,94.75,Junta,0,2024-04-04
165431,24.75,95.25,KIA,3,2024-04-04
165432,24.75,95.75,KIA,3,2024-04-04
165433,24.75,96.25,KIA,3,2024-04-04
165434,24.75,96.75,KIA,3,2024-04-04
165435,24.75,97.25,KIA,3,2024-04-04
165436,24.75,97.75,Junta,0,2024-04-04
166150,25.25,94.75,Junta,0,2024-04-04
166151,25.25,95.25,Junta,0,2024-04-04
166152,25.25,95.75,KIA,3,2024-04-04
166153,25.25,96.25,KIA,3,2024-04-04
166154,25.25,96.75,KIA,3,2024-04-04
166155,25.25,97.25,KIA,3,2024-04-04
166156,25.25,97.75,Junta,0,2024-04-04
166870,25.75,94.75,Junta,0,2024-04-04
166871,25.75,95.25,Junta,0,2024-04-04
166872,25.75,95.75,KIA,3,2024-04-04
166873,25.75,96.25,KIA,3,2024-04-04
166874,25.75,96.75,KIA,3,2024-04-04
166875,25.75,97.25,KIA,3,2024-04-04
166876,25.75,97.75,KIA,3,2024-04-04
166877,25.75,98.25,Junta,0,2024-04-04
166878,25.75,98.75,Junta,0,2024-04-04
167591,26.25,95.25,Junta,0,2024-04-04
167592,26.25,95.75,KIA,3,2024-04-04
167593,26.25,96.25,KIA,3,2024-04-04
167594,26.25,96.75,KIA,3,2024-04-04
167595,26.25,97.25,KIA,3,2024-04-04
167596,26.25,97.75,KIA,3,2024-04-04
167597,26.25,98.25,KIA,3,2024-04-04
167598,26.25,98.75,Junta,0,2024-04-04
168311,26.75,95.25,Junta,0,2024-04-04
168312,26.75,95.75,Junta,0,2024-04-04
168313,26.75,96.25,KIA,3,2024-04-04
168314,26.75,96.75,KIA,3,2024-04-04
168315,26.75,97.25,KIA,3,2024-04-04
168316,26.75,97.75,KIA,3,2024-04-04
168317,26.75,98.25,KIA,3,2024-04-04
168318,26.75,98.75,Junta,0,2024-04-04
169033,27.25,96.25,KIA,3,2024-04-04
169034,27.25,96.75,KIA,3,2024-04-04
169035,27.25,97.25,KIA,3,2024-04-04
169036,27.25,97.75,KIA,3,2024-04-04
169037,27.25,98.25,Junta,0,2024-04-04
169038,27.25,98.75,Junta,0,2024-04-04
169754,27.75,96.75,KIA,3,2024-04-04
169755,27.75,97.25,Junta,0,2024-04-04
169756,27.75,97.75,Junta,0,2024-04-04
169757,27.75,98.25,Junta,0,2024-04-04
170475,28.25,97.25,Junta,0,2024-04-04
170476,28.25,97.75,Junta,0,2024-04-04
170477,28.25,98.25,Junta,0,2024-04-04
144558,10.25,98.75,Junta,0,2024-04-12
145277,10.75,98.25,Junta,0,2024-04-12
145278,10.75,98.75,Junta,0,2024-04-12
145998,11.25,98.75,Junta,0,2024-04-12
145999,11.25,99.25,PDF,2,2024-04-12
146717,11.75,98.25,Junta,0,2024-04-12
146718,11.75,98.75,PDF,2,2024-04-12
146719,11.75,99.25,PDF,2,2024-04-12
146720,11.75,99.75,Junta,0,2024-04-12
147437,12.25,98.25,Junta,0,2024-04-12
147438,12.25,98.75,Junta,0,2024-04-12
147439,12.25,99.25,PDF,2,2024-04-12
148157,12.75,98.25,Junta,0,2024-04-12
148158,12.75,98.75,Junta,0,2024-04-12
148159,12.75,99.25,PDF,2,2024-04-12
148878,13.25,98.75,Junta,0,2024-04-12
148879,13.25,99.25,PDF,2,2024-04-12
149597,13.75,98.25,Junta,0,2024-04-12
149598,13.75,98.75,Karen,4,2024-04-12
149599,13.75,99.25,Karen,4,2024-04-12
150317,14.25,98.25,Junta,0,2024-04-12
150318,14.25,98.75,Karen,4,2024-04-12
151036,14.75,97.75,Junta,0,2024-04-12
151037,14.75,98.25,Karen,4,2024-04-12
151756,15.25,97.75,Junta,0,2024-04-12
151757,15.25,98.25,Junta,0,2024-04-12
152471,15.75,95.25,Junta,0,2024-04-12
152472,15.75,95.75,Junta,0,2024-04-12
152476,15.75,97.75,Junta,0,2024-04-12
152477,15.75,98.25,Karen,4,2024-04-12
153189,16.25,94.25,Junta,0,2024-04-12
153190,16.25,94.75,Junta,0,2024-04-12
153191,16.25,95.25,Junta,0,2024-04-12
153192,16.25,95.75,Junta,0,2024-04-12
153193,16.25,96.25,Junta,0,2024-04-12
153196,16.25,97.75,Junta,0,2024-04-12
153197,16.25,98.25,Karen,4,2024-04-12
153198,16.25,98.75,Karen,4,2024-04-12
153909,16.75,94.25,Junta,0,2024-04-12
153910,16.75,94.75,Junta,0,2024-04-12
153911,16.75,95.25,Junta,0,2024-04-12
153912,16.75,95.75,Junta,0,2024-04-12
153913,16.75,96.25,Junta,0,2024-04-12
153914,16.75,96.75,Junta,0,2024-04-12
153915,16.75,97.25,Junta,0,2024-04-12
153916,16.75,97.75,Junta,0,2024-04-12
153917,16.75,98.25,Karen,4,2024-04-12
153918,16.75,98.75,Karen,4,2024-04-12
154630,17.25,94.75,Junta,0,2024-04-12
154631,17.25,95.25,Junta,0,2024-04-12
154632,17.25,95.75,Junta,0,2024-04-12
154633,17.25,96.25,Junta,0,2024-04-12
154634,17.25,96.75,Junta,0,2024-04-12
154635,17.25,97.25,Junta,0,2024-04-12
154636,17.25,97.75,Junta,0,2024-04-12
154637,17.25,98.25,Junta,0,2024-04-12
155350,17.75,94.75,Junta,0,2024-04-12
155351,17.75,95.25,Junta,0,2024-04-12
155352,17.75,95.75,Junta,0,2024-04-12
155353,17.75,96.25,Junta,0,2024-04-12
155354,17.75,96.75,Junta,0,2024-04-12
155355,17.75,97.25,Junta,0,2024-04-12
155356,17.75,97.75,Junta,0,2024-04-12
156069,18.25,94.25,Junta,0,2024-04-12
156070,18.25,94.75,Junta,0,2024-04-12
156071,18.25,95.25,Junta,0,2024-04-12
156072,18.25,95.75,Junta,0,2024-04-12
156073,18.25,96.25,PDF,2,2024-04-12
156074,18.25,96.75,Junta,0,2024-04-12
156075,18.25,97.25,Junta,0,2024-04-12
156076,18.25,97.75,Junta,0,2024-04-12
156788,18.75,93.75,Junta,0,2024-04-12
156789,18.75,94.25,Junta,0,2024-04-12
156790,18.75,94.75,Junta,0,2024-04-12
156791,18.75,95.25,Junta,0,2024-04-12
156792,18.75,95.75,PDF,2,2024-04-12
156793,18.75,96.25,PDF,2,2024-04-12
156794,18.75,96.75,Junta,0,2024-04-12
156795,18.75,97.25,Karenni,5,2024-04-12
156796,18.75,97.75,Karenni,5,2024-04-12
157508,19.25,93.75,Junta,0,2024-04-12
157509,19.25,94.25,Junta,0,2024-04-12
157510,19.25,94.75,Junta,0,2024-04-12
157511,19.25,95.25,Junta,0,2024-04-12
157512,19.25,95.75,Junta,0,2024-04-12
157513,19.25,96.25,Junta,0,2024-04-12
157514,19.25,96.75,Junta,0,2024-04-12
157515,19.25,97.25,Karenni,5,2024-04-12
157516,19.25,97.75,Karenni,5,2024-04-12
158228,19.75,93.75,Junta,0,2024-04-12
158229,19.75,94.25,Junta,0,2024-04-12
158230,19.75,94.75,Junta,0,2024-04-12
158231,19.75,95.25,Junta,0,2024-04-12
158232,19.75,95.75,Junta,0,2024-04-12
158233,19.75,96.25,Junta,0,2024-04-12
158234,19.75,96.75,Karenni,5,2024-04-12
158235,19.75,97.25,Karenni,5,2024-04-12
158236,19.75,97.75,Junta,0,2024-04-12
158237,19.75,98.25,Junta,0,2024-04-12
158238,19.75,98.75,Junta,0,2024-04-12
158946,20.25,92.75,Junta,0,2024-04-12
158947,20.25,93.25,Junta,0,2024-04-12
158948,20.25,93.75,AA,6,2024-04-12
158949,20.25,94.25,AA,6,2024-04-12
158950,20.25,94.75,Junta,0,2024-04-12
158951,20.25,95.25,Junta,0,2024-04-12
158952,20.25,95.75,Junta,0,2024-04-12
158953,20.25,96.25,Junta,0,2024-04-12
158954,20.25,96.75,Junta,0,2024-04-12
158955,20.25,97.25,Junta,0,2024-04-12
158956,20.25,97.75,Junta,0,2024-04-12
158957,20.25,98.25,Junta,0,2024-04-12
158958,20.25,98.75,Junta,0,2024-04-12
158959,20.25,99.25,Junta,0,2024-04-12
158960,20.25,99.75,Junta,0,2024-04-12
158961,20.25,100.25,Junta,0,2024-04-12
159665,20.75,92.25,Junta,0,2024-04-12
159666,20.75,92.75,AA,6,2024-04-12
159667,20.75,93.25,AA,6,2024-04-12
159668,20.75,93.75,AA,6,2024-04-12
159669,20.75,94.25,AA,6,2024-04-12
159670,20.75,94.75,Junta,0,2024-04-12
159671,20.75,95.25,Junta,0,2024-04-12
159672,20.75,95.75,Junta,0,2024-04-12
159673,20.75,96.25,Junta,0,2024-04-12
159674,20.75,96.75,Junta,0,2024-04-12
159675,20.75,97.25,Junta,0,2024-04-12
159676,20.75,97.75,Junta,0,2024-04-12
159677,20.75,98.25,Junta,0,2024-04-12
159678,20.75,98.75,Junta,0,2024-04-12
159679,20.75,99.25,Junta,0,2024-04-12
159680,20.75,99.75,Junta,0,2024-04-12
159681,20.75,100.25,Junta,0,2024-04-12
160385,21.25,92.25,AA,6,2024-04-12
160386,21.25,92.75,AA,6,2024-04-12
160387,21.25,93.25,AA,6,2024-04-12
160388,21.25,93.75,Chin Resistance,9,2024-04-12
160389,21.25,94.25,PDF,2,2024-04-12
160390,21.25,94.75,Junta,0,2024-04-12
160391,21.25,95.25,Junta,0,2024-04-12
160392,21.25,95.75,Junta,0,2024-04-12
160393,21.25,96.25,Junta,0,2024-04-12
160394,21.25,96.75,Junta,0,2024-04-12
160395,21.25,97.25,SSPP,12,2024-04-12
160396,21.25,97.75,SSPP,12,2024-04-12
160397,21.25,98.25,Junta,0,2024-04-12
160398,21.25,98.75,Junta,0,2024-04-12
160399,21.25,99.25,Junta,0,2024-04-12
160400,21.25,99.75,Junta,0,2024-04-12
160401,21.25,100.25,Junta,0,2024-04-12
160402,21.25,100.75,Junta,0,2024-04-12
161105,21.75,92.25,AA,6,2024-04-12
161106,21.75,92.75,AA,6,2024-04-12
161107,21.75,93.25,Chin Resistance,9,2024-04-12
161108,21.75,93.75,Chin Resistance,9,2024-04-12
161109,21.75,94.25,Chin Resistance,9,2024-04-12
161110,21.75,94.75,PDF,2,2024-04-12
161111,21.75,95.25,PDF,2,2024-04-12
161112,21.75,95.75,Junta,0,2024-04-12
161113,21.75,96.25,Junta,0,2024-04-12
161114,21.75,96.75,Junta,0,2024-04-12
161115,21.75,97.25,SSPP,12,2024-04-12
161116,21.75,97.75,SSPP,12,2024-04-12
161117,21.75,98.25,SSPP,12,2024-04-12
161118,21.75,98.75,Junta,0,2024-04-12
161119,21.75,99.25,Junta,0,2024-04-12
161120,21.75,99.75,NDAA,14,2024-04-12
161121,21.75,100.25,NDAA,14,2024-04-12
161122,21.75,100.75,NDAA,14,2024-04-12
161123,21.75,101.25,Junta,0,2024-04-12
161826,22.25,92.75,AA,6,2024-04-12
161827,22.25,93.25,Chin Resistance,9,2024-04-12
161828,22.25,93.75,Chin Resistance,9,2024-04-12
161829,22.25,94.25,Junta,0,2024-04-12
161830,22.25,94.75,Junta,0,2024-04-12
161831,22.25,95.25,Junta,0,2024-04-12
161832,22.25,95.75,Junta,0,2024-04-12
161833,22.25,96.25,Junta,0,2024-04-12
161834,22.25,96.75,Junta,0,2024-04-12
161835,22.25,97.25,SSPP,12,2024-04-12
161836,22.25,97.75,SSPP,12,2024-04-12
161837,22.25,98.25,SSPP,12,2024-04-12
161838,22.25,98.75,SSPP,12,2024-04-12
161839,22.25,99.25,UWSA,15,2024-04-12
161840,22.25,99.75,UWSA,15,2024-04-12
162547,22.75,93.25,Chin Resistance,9,2024-04-12
162548,22.75,93.75,Chin Resistance,9,2024-04-12
162549,22.75,94.25,Junta,0,2024-04-12
162550,22.75,94.75,Junta,0,2024-04-12
162551,22.75,95.25,Junta,0,2024-04-12
162552,22.75,95.75,Junta,0,2024-04-12
162553,22.75,96.25,PDF,2,2024-04-12
162554,22.75,96.75,Junta,0,2024-04-12
162555,22.75,97.25,Junta,0,2024-04-12
162556,22.75,97.75,SSPP,12,2024-04-12
162557,22.75,98.25,SSPP,12,2024-04-12
162558,22.75,98.75,SSPP,12,2024-04-12
162559,22.75,99.25,UWSA,15,2024-04-12
163267,23.25,93.25,Chin Resistance,9,2024-04-12
163268,23.25,93.75,Chin Resistance,9,2024-04-12
163269,23.25,94.25,Junta,0,2024-04-12
163270,23.25,94.75,Junta,0,2024-04-12
163271,23.25,95.25,Junta,0,2024-04-12
163272,23.25,95.75,Junta,0,2024-04-12
163273,23.25,96.25,Junta,0,2024-04-12
163274,23.25,96.75,KIA,3,2024-04-12
163275,23.25,97.25,Junta,0,2024-04-12
163276,23.25,97.75,Junta,0,2024-04-12
163277,23.25,98.25,Junta,0,2024-04-12
163278,23.25,98.75,UWSA,15,2024-04-12
163279,23.25,99.25,UWSA,15,2024-04-12
163987,23.75,93.25,ZRA,1,2024-04-12
163988,23.75,93.75,Chin Resistance,9,2024-04-12
163989,23.75,94.25,Chin Resistance,9,2024-04-12
163990,23.75,94.75,Junta,0,2024-04-12
163991,23.75,95.25,Junta,0,2024-04-12
163992,23.75,95.75,Junta,0,2024-04-12
163993,23.75,96.25,Junta,0,2024-04-12
163994,23.75,96.75,KIA,3,2024-04-12
163995,23.75,97.25,KIA,3,2024-04-12
163996,23.75,97.75,KIA,3,2024-04-12
163997,23.75,98.25,KIA,3,2024-04-12
163998,23.75,98.75,Junta,0,2024-04-12
164707,24.25,93.25,ZRA,1,2024-04-12
164708,24.25,93.75,ZRA,1,2024-04-12
164709,24.25,94.25,Junta,0,2024-04-12
164710,24.25,94.75,Junta,0,2024-04-12
164711,24.25,95.25,Junta,0,2024-04-12
164712,24.25,95.75,KIA,3,2024-04-12
164713,24.25,96.25,KIA,3,2024-04-12
164714,24.25,96.75,KIA,3,2024-04-12
164715,24.25,97.25,KIA,3,2024-04-12
164716,24.25,97.75,Junta,0,2024-04-12
164717,24.25,98.25,Junta,0,2024-04-12
164718,24.25,98.75,Junta,0,2024-04-12
165430,24.75,94.75,Junta,0,2024-04-12
165431,24.75,95.25,KIA,3,2024-04-12
165432,24.75,95.75,KIA,3,2024-04-12
165433,24.75,96.25,KIA,3,2024-04-12
165434,24.75,96.75,KIA,3,2024-04-12
165435,24.75,97.25,KIA,3,2024-04-12
165436,24.75,97.75,Junta,0,2024-04-12
166150,25.25,94.75,Junta,0,2024-04-12
166151,25.25,95.25,Junta,0,2024-04-12
166152,25.25,95.75,KIA,3,2024-04-12
166153,25.25,96.25,KIA,3,2024-04-12
166154,25.25,96.75,KIA,3,2024-04-12
166155,25.25,97.25,KIA,3,2024-04-12
166156,25.25,97.75,Junta,0,2024-04-12
166870,25.75,94.75,Junta,0,2024-04-12
166871,25.75,95.25,Junta,0,2024-04-12
166872,25.75,95.75,KIA,3,2024-04-12
166873,25.75,96.25,KIA,3,2024-04-12
166874,25.75,96.75,KIA,3,2024-04-12
166875,25.75,97.25,KIA,3,2024-04-12
166876,25.75,97.75,KIA,3,2024-04-12
166877,25.75,98.25,Junta,0,2024-04-12
166878,25.75,98.75,Junta,0,2024-04-12
167591,26.25,95.25,Junta,0,2024-04-12
167592,26.25,95.75,KIA,3,2024-04-12
167593,26.25,96.25,KIA,3,2024-04-12
167594,26.25,96.75,KIA,3,2024-04-12
167595,26.25,97.25,KIA,3,2024-04-12
167596,26.25,97.75,KIA,3,2024-04-12
167597,26.25,98.25,KIA,3,2024-04-12
167598,26.25,98.75,Junta,0,2024-04-12
168311,26.75,95.25,Junta,0,2024-04-12
168312,26.75,95.75,Junta,0,2024-04-12
168313,26.75,96.25,KIA,3,2024-04-12
168314,26.75,96.75,KIA,3,2024-04-12
168315,26.75,97.25,KIA,3,2024-04-12
168316,26.75,97.75,KIA,3,2024-04-12
168317,26.75,98.25,KIA,3,2024-04-12
168318,26.75,98.75,Junta,0,2024-04-12
169033,27.25,96.25,KIA,3,2024-04-12
169034,27.25,96.75,KIA,3,2024-04-12
169035,27.25,97.25,KIA,3,2024-04-12
169036,27.25,97.75,KIA,3,2024-04-12
169037,27.25,98.25,Junta,0,2024-04-12
169038,27.25,98.75,Junta,0,2024-04-12
169754,27.75,96.75,KIA,3,2024-04-12
169755,27.75,97.25,Junta,0,2024-04-12
169756,27.75,97.75,Junta,0,2024-04-12
169757,27.75,98.25,Junta,0,2024-04-12
170475,28.25,97.25,Junta,0,2024-04-12
170476,28.25,97.75,Junta,0,2024-04-12
170477,28.25,98.25,Junta,0,2024-04-12
144558,10.25,98.75,Junta,0,2024-04-17
145277,10.75,98.25,Junta,0,2024-04-17
145278,10.75,98.75,Junta,0,2024-04-17
145998,11.25,98.75,Junta,0,2024-04-17
145999,11.25,99.25,PDF,2,2024-04-17
146717,11.75,98.25,Junta,0,2024-04-17
146718,11.75,98.75,PDF,2,2024-04-17
146719,11.75,99.25,PDF,2,2024-04-17
146720,11.75,99.75,Junta,0,2024-04-17
147437,12.25,98.25,Junta,0,2024-04-17
147438,12.25,98.75,Junta,0,2024-04-17
147439,12.25,99.25,PDF,2,2024-04-17
148157,12.75,98.25,Junta,0,2024-04-17
148158,12.75,98.75,Junta,0,2024-04-17
148159,12.75,99.25,PDF,2,2024-04-17
148878,13.25,98.75,Junta,0,2024-04-17
148879,13.25,99.25,PDF,2,2024-04-17
149597,13.75,98.25,Junta,0,2024-04-17
149598,13.75,98.75,Karen,4,2024-04-17
149599,13.75,99.25,Karen,4,2024-04-17
150317,14.25,98.25,Junta,0,2024-04-17
150318,14.25,98.75,Karen,4,2024-04-17
151036,14.75,97.75,Junta,0,2024-04-17
151037,14.75,98.25,Karen,4,2024-04-17
151756,15.25,97.75,Junta,0,2024-04-17
151757,15.25,98.25,Junta,0,2024-04-17
152471,15.75,95.25,Junta,0,2024-04-17
152472,15.75,95.75,Junta,0,2024-04-17
152476,15.75,97.75,Junta,0,2024-04-17
152477,15.75,98.25,Karen,4,2024-04-17
153189,16.25,94.25,Junta,0,2024-04-17
153190,16.25,94.75,Junta,0,2024-04-17
153191,16.25,95.25,Junta,0,2024-04-17
153192,16.25,95.75,Junta,0,2024-04-17
153193,16.25,96.25,Junta,0,2024-04-17
153196,16.25,97.75,Junta,0,2024-04-17
153197,16.25,98.25,Karen,4,2024-04-17
153198,16.25,98.75,Karen,4,2024-04-17
153909,16.75,94.25,Junta,0,2024-04-17
153910,16.75,94.75,Junta,0,2024-04-17
153911,16.75,95.25,Junta,0,2024-04-17
153912,16.75,95.75,Junta,0,2024-04-17
153913,16.75,96.25,Junta,0,2024-04-17
153914,16.75,96.75,Junta,0,2024-04-17
153915,16.75,97.25,Junta,0,2024-04-17
153916,16.75,97.75,Junta,0,2024-04-17
153917,16.75,98.25,Karen,4,2024-04-17
153918,16.75,98.75,Karen,4,2024-04-17
154630,17.25,94.75,Junta,0,2024-04-17
154631,17.25,95.25,Junta,0,2024-04-17
154632,17.25,95.75,Junta,0,2024-04-17
154633,17.25,96.25,Junta,0,2024-04-17
154634,17.25,96.75,Junta,0,2024-04-17
154635,17.25,97.25,Junta,0,2024-04-17
154636,17.25,97.75,Junta,0,2024-04-17
154637,17.25,98.25,Junta,0,2024-04-17
155350,17.75,94.75,Junta,0,2024-04-17
155351,17.75,95.25,Junta,0,2024-04-17
155352,17.75,95.75,Junta,0,2024-04-17
155353,17.75,96.25,Junta,0,2024-04-17
155354,17.75,96.75,Junta,0,2024-04-17
155355,17.75,97.25,Junta,0,2024-04-17
155356,17.75,97.75,Junta,0,2024-04-17
156069,18.25,94.25,Junta,0,2024-04-17
156070,18.25,94.75,Junta,0,2024-04-17
156071,18.25,95.25,Junta,0,2024-04-17
156072,18.25,95.75,Junta,0,2024-04-17
156073,18.25,96.25,PDF,2,2024-04-17
156074,18.25,96.75,Junta,0,2024-04-17
156075,18.25,97.25,Junta,0,2024-04-17
156076,18.25,97.75,Junta,0,2024-04-17
156788,18.75,93.75,Junta,0,2024-04-17
156789,18.75,94.25,Junta,0,2024-04-17
156790,18.75,94.75,Junta,0,2024-04-17
156791,18.75,95.25,Junta,0,2024-04-17
156792,18.75,95.75,PDF,2,2024-04-17
156793,18.75,96.25,PDF,2,2024-04-17
156794,18.75,96.75,Junta,0,2024-04-17
156795,18.75,97.25,Karenni,5,2024-04-17
156796,18.75,97.75,Karenni,5,2024-04-17
157508,19.25,93.75,Junta,0,2024-04-17
157509,19.25,94.25,Junta,0,2024-04-17
157510,19.25,94.75,Junta,0,2024-04-17
157511,19.25,95.25,Junta,0,2024-04-17
157512,19.25,95.75,Junta,0,2024-04-17
157513,19.25,96.25,Junta,0,2024-04-17
157514,19.25,96.75,Junta,0,2024-04-17
157515,19.25,97.25,Karenni,5,2024-04-17
157516,19.25,97.75,Karenni,5,2024-04-17
158228,19.75,93.75,Junta,0,2024-04-17
158229,19.75,94.25,Junta,0,2024-04-17
158230,19.75,94.75,Junta,0,2024-04-17
158231,19.75,95.25,Junta,0,2024-04-17
158232,19.75,95.75,Junta,0,2024-04-17
158233,19.75,96.25,Junta,0,2024-04-17
158234,19.75,96.75,Karenni,5,2024-04-17
158235,19.75,97.25,Karenni,5,2024-04-17
158236,19.75,97.75,Junta,0,2024-04-17
158237,19.75,98.25,Junta,0,2024-04-17
158238,19.75,98.75,Junta,0,2024-04-17
158946,20.25,92.75,Junta,0,2024-04-17
158947,20.25,93.25,Junta,0,2024-04-17
158948,20.25,93.75,AA,6,2024-04-17
158949,20.25,94.25,AA,6,2024-04-17
158950,20.25,94.75,Junta,0,2024-04-17
158951,20.25,95.25,Junta,0,2024-04-17
158952,20.25,95.75,Junta,0,2024-04-17
158953,20.25,96.25,Junta,0,2024-04-17
158954,20.25,96.75,Junta,0,2024-04-17
158955,20.25,97.25,Junta,0,2024-04-17
158956,20.25,97.75,Junta,0,2024-04-17
158957,20.25,98.25,Junta,0,2024-04-17
158958,20.25,98.75,Junta,0,2024-04-17
158959,20.25,99.25,Junta,0,2024-04-17
158960,20.25,99.75,Junta,0,2024-04-17
158961,20.25,100.25,Junta,0,2024-04-17
159665,20.75,92.25,Junta,0,2024-04-17
159666,20.75,92.75,AA,6,2024-04-17
159667,20.75,93.25,AA,6,2024-04-17
159668,20.75,93.75,AA,6,2024-04-17
159669,20.75,94.25,AA,6,2024-04-17
159670,20.75,94.75,Junta,0,2024-04-17
159671,20.75,95.25,Junta,0,2024-04-17
159672,20.75,95.75,Junta,0,2024-04-17
159673,20.75,96.25,Junta,0,2024-04-17
159674,20.75,96.75,Junta,0,2024-04-17
159675,20.75,97.25,Junta,0,2024-04-17
159676,20.75,97.75,Junta,0,2024-04-17
159677,20.75,98.25,Junta,0,2024-04-17
159678,20.75,98.75,Junta,0,2024-04-17
159679,20.75,99.25,Junta,0,2024-04-17
159680,20.75,99.75,Junta,0,2024-04-17
159681,20.75,100.25,Junta,0,2024-04-17
160385,21.25,92.25,AA,6,2024-04-17
160386,21.25,92.75,AA,6,2024-04-17
160387,21.25,93.25,AA,6,2024-04-17
160388,21.25,93.75,Chin Resistance,9,2024-04-17
160389,21.25,94.25,PDF,2,2024-04-17
160390,21.25,94.75,Junta,0,2024-04-17
160391,21.25,95.25,Junta,0,2024-04-17
160392,21.25,95.75,Junta,0,2024-04-17
160393,21.25,96.25,Junta,0,2024-04-17
160394,21.25,96.75,Junta,0,2024-04-17
160395,21.25,97.25,SSPP,12,2024-04-17
160396,21.25,97.75,SSPP,12,2024-04-17
160397,21.25,98.25,Junta,0,2024-04-17
160398,21.25,98.75,Junta,0,2024-04-17
160399,21.25,99.25,Junta,0,2024-04-17
160400,21.25,99.75,Junta,0,2024-04-17
160401,21.25,100.25,Junta,0,2024-04-17
160402,21.25,100.75,Junta,0,2024-04-17
161105,21.75,92.25,AA,6,2024-04-17
161106,21.75,92.75,AA,6,2024-04-17
161107,21.75,93.25,Chin Resistance,9,2024-04-17
161108,21.75,93.75,Chin Resistance,9,2024-04-17
161109,21.75,94.25,Chin Resistance,9,2024-04-17
161110,21.75,94.75,PDF,2,2024-04-17
161111,21.75,95.25,PDF,2,2024-04-17
161112,21.75,95.75,Junta,0,2024-04-17
161113,21.75,96.25,Junta,0,2024-04-17
161114,21.75,96.75,Junta,0,2024-04-17
161115,21.75,97.25,SSPP,12,2024-04-17
161116,21.75,97.75,SSPP,12,2024-04-17
161117,21.75,98.25,SSPP,12,2024-04-17
161118,21.75,98.75,Junta,0,2024-04-17
161119,21.75,99.25,Junta,0,2024-04-17
161120,21.75,99.75,NDAA,14,2024-04-17
161121,21.75,100.25,NDAA,14,2024-04-17
161122,21.75,100.75,NDAA,14,2024-04-17
161123,21.75,101.25,Junta,0,2024-04-17
161826,22.25,92.75,AA,6,2024-04-17
161827,22.25,93.25,Chin Resistance,9,2024-04-17
161828,22.25,93.75,Chin Resistance,9,2024-04-17
161829,22.25,94.25,Junta,0,2024-04-17
161830,22.25,94.75,Junta,0,2024-04-17
161831,22.25,95.25,Junta,0,2024-04-17
161832,22.25,95.75,Junta,0,2024-04-17
161833,22.25,96.25,Junta,0,2024-04-17
161834,22.25,96.75,Junta,0,2024-04-17
161835,22.25,97.25,SSPP,12,2024-04-17
161836,22.25,97.75,SSPP,12,2024-04-17
161837,22.25,98.25,SSPP,12,2024-04-17
161838,22.25,98.75,SSPP,12,2024-04-17
161839,22.25,99.25,UWSA,15,2024-04-17
161840,22.25,99.75,UWSA,15,2024-04-17
162547,22.75,93.25,Chin Resistance,9,2024-04-17
162548,22.75,93.75,Chin Resistance,9,2024-04-17
162549,22.75,94.25,Junta,0,2024-04-17
162550,22.75,94.75,Junta,0,2024-04-17
162551,22.75,95.25,Junta,0,2024-04-17
162552,22.75,95.75,Junta,0,2024-04-17
162553,22.75,96.25,PDF,2,2024-04-17
162554,22.75,96.75,Junta,0,2024-04-17
162555,22.75,97.25,Junta,0,2024-04-17
162556,22.75,97.75,SSPP,12,2024-04-17
162557,22.75,98.25,SSPP,12,2024-04-17
162558,22.75,98.75,SSPP,12,2024-04-17
162559,22.75,99.25,UWSA,15,2024-04-17
163267,23.25,93.25,Chin Resistance,9,2024-04-17
163268,23.25,93.75,Chin Resistance,9,2024-04-17
163269,23.25,94.25,Junta,0,2024-04-17
163270,23.25,94.75,Junta,0,2024-04-17
163271,23.25,95.25,Junta,0,2024-04-17
163272,23.25,95.75,Junta,0,2024-04-17
163273,23.25,96.25,Junta,0,2024-04-17
163274,23.25,96.75,KIA,3,2024-04-17
163275,23.25,97.25,Junta,0,2024-04-17
163276,23.25,97.75,Junta,0,2024-04-17
163277,23.25,98.25,Junta,0,2024-04-17
163278,23.25,98.75,UWSA,15,2024-04-17
163279,23.25,99.25,UWSA,15,2024-04-17
163987,23.75,93.25,ZRA,1,2024-04-17
163988,23.75,93.75,Chin Resistance,9,2024-04-17
163989,23.75,94.25,Chin Resistance,9,2024-04-17
163990,23.75,94.75,Junta,0,2024-04-17
163991,23.75,95.25,Junta,0,2024-04-17
163992,23.75,95.75,Junta,0,2024-04-17
163993,23.75,96.25,Junta,0,2024-04-17
163994,23.75,96.75,KIA,3,2024-04-17
163995,23.75,97.25,KIA,3,2024-04-17
163996,23.75,97.75,KIA,3,2024-04-17
163997,23.75,98.25,KIA,3,2024-04-17
163998,23.75,98.75,Junta,0,2024-04-17
164707,24.25,93.25,ZRA,1,2024-04-17
164708,24.25,93.75,ZRA,1,2024-04-17
164709,24.25,94.25,Junta,0,2024-04-17
164710,24.25,94.75,Junta,0,2024-04-17
164711,24.25,95.25,Junta,0,2024-04-17
164712,24.25,95.75,KIA,3,2024-04-17
164713,24.25,96.25,KIA,3,2024-04-17
164714,24.25,96.75,KIA,3,2024-04-17
164715,24.25,97.25,KIA,3,2024-04-17
164716,24.25,97.75,Junta,0,2024-04-17
164717,24.25,98.25,Junta,0,2024-04-17
164718,24.25,98.75,Junta,0,2024-04-17
165430,24.75,94.75,Junta,0,2024-04-17
165431,24.75,95.25,KIA,3,2024-04-17
165432,24.75,95.75,KIA,3,2024-04-17
165433,24.75,96.25,KIA,3,2024-04-17
165434,24.75,96.75,KIA,3,2024-04-17
165435,24.75,97.25,KIA,3,2024-04-17
165436,24.75,97.75,Junta,0,2024-04-17
166150,25.25,94.75,Junta,0,2024-04-17
166151,25.25,95.25,Junta,0,2024-04-17
166152,25.25,95.75,KIA,3,2024-04-17
166153,25.25,96.25,KIA,3,2024-04-17
166154,25.25,96.75,KIA,3,2024-04-17
166155,25.25,97.25,KIA,3,2024-04-17
166156,25.25,97.75,Junta,0,2024-04-17
166870,25.75,94.75,Junta,0,2024-04-17
166871,25.75,95.25,Junta,0,2024-04-17
166872,25.75,95.75,KIA,3,2024-04-17
166873,25.75,96.25,KIA,3,2024-04-17
166874,25.75,96.75,KIA,3,2024-04-17
166875,25.75,97.25,KIA,3,2024-04-17
166876,25.75,97.75,KIA,3,2024-04-17
166877,25.75,98.25,Junta,0,2024-04-17
166878,25.75,98.75,Junta,0,2024-04-17
167591,26.25,95.25,Junta,0,2024-04-17
167592,26.25,95.75,KIA,3,2024-04-17
167593,26.25,96.25,KIA,3,2024-04-17
167594,26.25,96.75,KIA,3,2024-04-17
167595,26.25,97.25,KIA,3,2024-04-17
167596,26.25,97.75,KIA,3,2024-04-17
167597,26.25,98.25,KIA,3,2024-04-17
167598,26.25,98.75,Junta,0,2024-04-17
168311,26.75,95.25,Junta,0,2024-04-17
168312,26.75,95.75,Junta,0,2024-04-17
168313,26.75,96.25,KIA,3,2024-04-17
168314,26.75,96.75,KIA,3,2024-04-17
168315,26.75,97.25,KIA,3,2024-04-17
168316,26.75,97.75,KIA,3,2024-04-17
168317,26.75,98.25,KIA,3,2024-04-17
168318,26.75,98.75,Junta,0,2024-04-17
169033,27.25,96.25,KIA,3,2024-04-17
169034,27.25,96.75,KIA,3,2024-04-17
169035,27.25,97.25,KIA,3,2024-04-17
169036,27.25,97.75,KIA,3,2024-04-17
169037,27.25,98.25,Junta,0,2024-04-17
169038,27.25,98.75,Junta,0,2024-04-17
169754,27.75,96.75,KIA,3,2024-04-17
169755,27.75,97.25,Junta,0,2024-04-17
169756,27.75,97.75,Junta,0,2024-04-17
169757,27.75,98.25,Junta,0,2024-04-17
170475,28.25,97.25,Junta,0,2024-04-17
170476,28.25,97.75,Junta,0,2024-04-17
170477,28.25,98.25,Junta,0,2024-04-17
144558,10.25,98.75,Junta,0,2024-04-29
145277,10.75,98.25,Junta,0,2024-04-29
145278,10.75,98.75,Junta,0,2024-04-29
145998,11.25,98.75,Junta,0,2024-04-29
145999,11.25,99.25,PDF,2,2024-04-29
146717,11.75,98.25,Junta,0,2024-04-29
146718,11.75,98.75,PDF,2,2024-04-29
146719,11.75,99.25,PDF,2,2024-04-29
146720,11.75,99.75,Junta,0,2024-04-29
147437,12.25,98.25,Junta,0,2024-04-29
147438,12.25,98.75,Junta,0,2024-04-29
147439,12.25,99.25,PDF,2,2024-04-29
148157,12.75,98.25,Junta,0,2024-04-29
148158,12.75,98.75,Junta,0,2024-04-29
148159,12.75,99.25,PDF,2,2024-04-29
148878,13.25,98.75,Junta,0,2024-04-29
148879,13.25,99.25,PDF,2,2024-04-29
149597,13.75,98.25,Junta,0,2024-04-29
149598,13.75,98.75,Karen,4,2024-04-29
149599,13.75,99.25,Karen,4,2024-04-29
150317,14.25,98.25,Junta,0,2024-04-29
150318,14.25,98.75,Karen,4,2024-04-29
151036,14.75,97.75,Junta,0,2024-04-29
151037,14.75,98.25,Karen,4,2024-04-29
151756,15.25,97.75,Junta,0,2024-04-29
151757,15.25,98.25,Junta,0,2024-04-29
152471,15.75,95.25,Junta,0,2024-04-29
152472,15.75,95.75,Junta,0,2024-04-29
152476,15.75,97.75,Junta,0,2024-04-29
152477,15.75,98.25,Karen,4,2024-04-29
153189,16.25,94.25,Junta,0,2024-04-29
153190,16.25,94.75,Junta,0,2024-04-29
153191,16.25,95.25,Junta,0,2024-04-29
153192,16.25,95.75,Junta,0,2024-04-29
153193,16.25,96.25,Junta,0,2024-04-29
153196,16.25,97.75,Junta,0,2024-04-29
153197,16.25,98.25,Karen,4,2024-04-29
153198,16.25,98.75,Karen,4,2024-04-29
153909,16.75,94.25,Junta,0,2024-04-29
153910,16.75,94.75,Junta,0,2024-04-29
153911,16.75,95.25,Junta,0,2024-04-29
153912,16.75,95.75,Junta,0,2024-04-29
153913,16.75,96.25,Junta,0,2024-04-29
153914,16.75,96.75,Junta,0,2024-04-29
153915,16.75,97.25,Junta,0,2024-04-29
153916,16.75,97.75,Junta,0,2024-04-29
153917,16.75,98.25,Karen,4,2024-04-29
153918,16.75,98.75,Karen,4,2024-04-29
154630,17.25,94.75,Junta,0,2024-04-29
154631,17.25,95.25,Junta,0,2024-04-29
154632,17.25,95.75,Junta,0,2024-04-29
154633,17.25,96.25,Junta,0,2024-04-29
154634,17.25,96.75,Junta,0,2024-04-29
154635,17.25,97.25,Junta,0,2024-04-29
154636,17.25,97.75,Junta,0,2024-04-29
154637,17.25,98.25,Junta,0,2024-04-29
155350,17.75,94.75,Junta,0,2024-04-29
155351,17.75,95.25,Junta,0,2024-04-29
155352,17.75,95.75,Junta,0,2024-04-29
155353,17.75,96.25,Junta,0,2024-04-29
155354,17.75,96.75,Junta,0,2024-04-29
155355,17.75,97.25,Junta,0,2024-04-29
155356,17.75,97.75,Junta,0,2024-04-29
156069,18.25,94.25,Junta,0,2024-04-29
156070,18.25,94.75,Junta,0,2024-04-29
156071,18.25,95.25,Junta,0,2024-04-29
156072,18.25,95.75,Junta,0,2024-04-29
156073,18.25,96.25,PDF,2,2024-04-29
156074,18.25,96.75,Junta,0,2024-04-29
156075,18.25,97.25,Junta,0,2024-04-29
156076,18.25,97.75,Junta,0,2024-04-29
156788,18.75,93.75,Junta,0,2024-04-29
156789,18.75,94.25,Junta,0,2024-04-29
156790,18.75,94.75,Junta,0,2024-04-29
156791,18.75,95.25,Junta,0,2024-04-29
156792,18.75,95.75,PDF,2,2024-04-29
156793,18.75,96.25,PDF,2,2024-04-29
156794,18.75,96.75,Junta,0,2024-04-29
156795,18.75,97.25,Karenni,5,2024-04-29
156796,18.75,97.75,Karenni,5,2024-04-29
157508,19.25,93.75,Junta,0,2024-04-29
157509,19.25,94.25,Junta,0,2024-04-29
157510,19.25,94.75,Junta,0,2024-04-29
157511,19.25,95.25,Junta,0,2024-04-29
157512,19.25,95.75,Junta,0,2024-04-29
157513,19.25,96.25,Junta,0,2024-04-29
157514,19.25,96.75,Junta,0,2024-04-29
157515,19.25,97.25,Karenni,5,2024-04-29
157516,19.25,97.75,Karenni,5,2024-04-29
158228,19.75,93.75,Junta,0,2024-04-29
158229,19.75,94.25,Junta,0,2024-04-29
158230,19.75,94.75,Junta,0,2024-04-29
158231,19.75,95.25,Junta,0,2024-04-29
158232,19.75,95.75,Junta,0,2024-04-29
158233,19.75,96.25,Junta,0,2024-04-29
158234,19.75,96.75,Karenni,5,2024-04-29
158235,19.75,97.25,Karenni,5,2024-04-29
158236,19.75,97.75,Junta,0,2024-04-29
158237,19.75,98.25,Junta,0,2024-04-29
158238,19.75,98.75,Junta,0,2024-04-29
158946,20.25,92.75,Junta,0,2024-04-29
158947,20.25,93.25,Junta,0,2024-04-29
158948,20.25,93.75,AA,6,2024-04-29
158949,20.25,94.25,AA,6,2024-04-29
158950,20.25,94.75,Junta,0,2024-04-29
158951,20.25,95.25,Junta,0,2024-04-29
158952,20.25,95.75,Junta,0,2024-04-29
158953,20.25,96.25,Junta,0,2024-04-29
158954,20.25,96.75,Junta,0,2024-04-29
158955,20.25,97.25,Junta,0,2024-04-29
158956,20.25,97.75,Junta,0,2024-04-29
158957,20.25,98.25,Junta,0,2024-04-29
158958,20.25,98.75,Junta,0,2024-04-29
158959,20.25,99.25,Junta,0,2024-04-29
158960,20.25,99.75,Junta,0,2024-04-29
158961,20.25,100.25,Junta,0,2024-04-29
159665,20.75,92.25,Junta,0,2024-04-29
159666,20.75,92.75,AA,6,2024-04-29
159667,20.75,93.25,AA,6,2024-04-29
159668,20.75,93.75,AA,6,2024-04-29
159669,20.75,94.25,AA,6,2024-04-29
159670,20.75,94.75,Junta,0,2024-04-29
159671,20.75,95.25,Junta,0,2024-04-29
159672,20.75,95.75,Junta,0,2024-04-29
159673,20.75,96.25,Junta,0,2024-04-29
159674,20.75,96.75,Junta,0,2024-04-29
159675,20.75,97.25,Junta,0,2024-04-29
159676,20.75,97.75,Junta,0,2024-04-29
159677,20.75,98.25,Junta,0,2024-04-29
159678,20.75,98.75,Junta,0,2024-04-29
159679,20.75,99.25,Junta,0,2024-04-29
159680,20.75,99.75,Junta,0,2024-04-29
159681,20.75,100.25,Junta,0,2024-04-29
160385,21.25,92.25,AA,6,2024-04-29
160386,21.25,92.75,AA,6,2024-04-29
160387,21.25,93.25,AA,6,2024-04-29
160388,21.25,93.75,Chin Resistance,9,2024-04-29
160389,21.25,94.25,PDF,2,2024-04-29
160390,21.25,94.75,Junta,0,2024-04-29
160391,21.25,95.25,Junta,0,2024-04-29
160392,21.25,95.75,Junta,0,2024-04-29
160393,21.25,96.25,Junta,0,2024-04-29
160394,21.25,96.75,Junta,0,2024-04-29
160395,21.25,97.25,SSPP,12,2024-04-29
160396,21.25,97.75,SSPP,12,2024-04-29
160397,21.25,98.25,Junta,0,2024-04-29
160398,21.25,98.75,Junta,0,2024-04-29
160399,21.25,99.25,Junta,0,2024-04-29
160400,21.25,99.75,Junta,0,2024-04-29
160401,21.25,100.25,Junta,0,2024-04-29
160402,21.25,100.75,Junta,0,2024-04-29
161105,21.75,92.25,AA,6,2024-04-29
161106,21.75,92.75,AA,6,2024-04-29
161107,21.75,93.25,Chin Resistance,9,2024-04-29
161108,21.75,93.75,Chin Resistance,9,2024-04-29
161109,21.75,94.25,Chin Resistance,9,2024-04-29
161110,21.75,94.75,PDF,2,2024-04-29
161111,21.75,95.25,PDF,2,2024-04-29
161112,21.75,95.75,Junta,0,2024-04-29
161113,21.75,96.25,Junta,0,2024-04-29
161114,21.75,96.75,Junta,0,2024-04-29
161115,21.75,97.25,SSPP,12,2024-04-29
161116,21.75,97.75,SSPP,12,2024-04-29
161117,21.75,98.25,SSPP,12,2024-04-29
161118,21.75,98.75,Junta,0,2024-04-29
161119,21.75,99.25,Junta,0,2024-04-29
161120,21.75,99.75,NDAA,14,2024-04-29
161121,21.75,100.25,NDAA,14,2024-04-29
161122,21.75,100.75,NDAA,14,2024-04-29
161123,21.75,101.25,Junta,0,2024-04-29
161826,22.25,92.75,AA,6,2024-04-29
161827,22.25,93.25,Chin Resistance,9,2024-04-29
161828,22.25,93.75,Chin Resistance,9,2024-04-29
161829,22.25,94.25,Junta,0,2024-04-29
161830,22.25,94.75,Junta,0,2024-04-29
161831,22.25,95.25,Junta,0,2024-04-29
161832,22.25,95.75,Junta,0,2024-04-29
161833,22.25,96.25,Junta,0,2024-04-29
161834,22.25,96.75,Junta,0,2024-04-29
161835,22.25,97.25,SSPP,12,2024-04-29
161836,22.25,97.75,SSPP,12,2024-04-29
161837,22.25,98.25,SSPP,12,2024-04-29
161838,22.25,98.75,SSPP,12,2024-04-29
161839,22.25,99.25,UWSA,15,2024-04-29
161840,22.25,99.75,UWSA,15,2024-04-29
162547,22.75,93.25,Chin Resistance,9,2024-04-29
162548,22.75,93.75,Chin Resistance,9,2024-04-29
162549,22.75,94.25,Junta,0,2024-04-29
162550,22.75,94.75,Junta,0,2024-04-29
162551,22.75,95.25,Junta,0,2024-04-29
162552,22.75,95.75,Junta,0,2024-04-29
162553,22.75,96.25,PDF,2,2024-04-29
162554,22.75,96.75,Junta,0,2024-04-29
162555,22.75,97.25,Junta,0,2024-04-29
162556,22.75,97.75,SSPP,12,2024-04-29
162557,22.75,98.25,SSPP,12,2024-04-29
162558,22.75,98.75,SSPP,12,2024-04-29
162559,22.75,99.25,UWSA,15,2024-04-29
163267,23.25,93.25,Chin Resistance,9,2024-04-29
163268,23.25,93.75,Chin Resistance,9,2024-04-29
163269,23.25,94.25,Junta,0,2024-04-29
163270,23.25,94.75,Junta,0,2024-04-29
163271,23.25,95.25,Junta,0,2024-04-29
163272,23.25,95.75,Junta,0,2024-04-29
163273,23.25,96.25,Junta,0,2024-04-29
163274,23.25,96.75,KIA,3,2024-04-29
163275,23.25,97.25,Junta,0,2024-04-29
163276,23.25,97.75,Junta,0,2024-04-29
163277,23.25,98.25,Junta,0,2024-04-29
163278,23.25,98.75,UWSA,15,2024-04-29
163279,23.25,99.25,UWSA,15,2024-04-29
163987,23.75,93.25,ZRA,1,2024-04-29
163988,23.75,93.75,Chin Resistance,9,2024-04-29
163989,23.75,94.25,Chin Resistance,9,2024-04-29
163990,23.75,94.75,Junta,0,2024-04-29
163991,23.75,95.25,Junta,0,2024-04-29
163992,23.75,95.75,Junta,0,2024-04-29
163993,23.75,96.25,Junta,0,2024-04-29
163994,23.75,96.75,KIA,3,2024-04-29
163995,23.75,97.25,KIA,3,2024-04-29
163996,23.75,97.75,KIA,3,2024-04-29
163997,23.75,98.25,KIA,3,2024-04-29
163998,23.75,98.75,Junta,0,2024-04-29
164707,24.25,93.25,ZRA,1,2024-04-29
164708,24.25,93.75,ZRA,1,2024-04-29
164709,24.25,94.25,Junta,0,2024-04-29
164710,24.25,94.75,Junta,0,2024-04-29
164711,24.25,95.25,Junta,0,2024-04-29
164712,24.25,95.75,KIA,3,2024-04-29
164713,24.25,96.25,KIA,3,2024-04-29
164714,24.25,96.75,KIA,3,2024-04-29
164715,24.25,97.25,KIA,3,2024-04-29
164716,24.25,97.75,Junta,0,2024-04-29
164717,24.25,98.25,Junta,0,2024-04-29
164718,24.25,98.75,Junta,0,2024-04-29
165430,24.75,94.75,Junta,0,2024-04-29
165431,24.75,95.25,KIA,3,2024-04-29
165432,24.75,95.75,KIA,3,2024-04-29
165433,24.75,96.25,KIA,3,2024-04-29
165434,24.75,96.75,KIA,3,2024-04-29
165435,24.75,97.25,KIA,3,2024-04-29
165436,24.75,97.75,Junta,0,2024-04-29
166150,25.25,94.75,Junta,0,2024-04-29
166151,25.25,95.25,Junta,0,2024-04-29
166152,25.25,95.75,KIA,3,2024-04-29
166153,25.25,96.25,KIA,3,2024-04-29
166154,25.25,96.75,KIA,3,2024-04-29
166155,25.25,97.25,KIA,3,2024-04-29
166156,25.25,97.75,Junta,0,2024-04-29
166870,25.75,94.75,Junta,0,2024-04-29
166871,25.75,95.25,Junta,0,2024-04-29
166872,25.75,95.75,KIA,3,2024-04-29
166873,25.75,96.25,KIA,3,2024-04-29
166874,25.75,96.75,KIA,3,2024-04-29
166875,25.75,97.25,KIA,3,2024-04-29
166876,25.75,97.75,KIA,3,2024-04-29
166877,25.75,98.25,Junta,0,2024-04-29
166878,25.75,98.75,Junta,0,2024-04-29
167591,26.25,95.25,Junta,0,2024-04-29
167592,26.25,95.75,KIA,3,2024-04-29
167593,26.25,96.25,KIA,3,2024-04-29
167594,26.25,96.75,KIA,3,2024-04-29
167595,26.25,97.25,KIA,3,2024-04-29
167596,26.25,97.75,KIA,3,2024-04-29
167597,26.25,98.25,KIA,3,2024-04-29
167598,26.25,98.75,Junta,0,2024-04-29
168311,26.75,95.25,Junta,0,2024-04-29
168312,26.75,95.75,Junta,0,2024-04-29
168313,26.75,96.25,KIA,3,2024-04-29
168314,26.75,96.75,KIA,3,2024-04-29
168315,26.75,97.25,KIA,3,2024-04-29
168316,26.75,97.75,KIA,3,2024-04-29
168317,26.75,98.25,KIA,3,2024-04-29
168318,26.75,98.75,Junta,0,2024-04-29
169033,27.25,96.25,KIA,3,2024-04-29
169034,27.25,96.75,KIA,3,2024-04-29
169035,27.25,97.25,KIA,3,2024-04-29
169036,27.25,97.75,KIA,3,2024-04-29
169037,27.25,98.25,Junta,0,2024-04-29
169038,27.25,98.75,Junta,0,2024-04-29
169754,27.75,96.75,KIA,3,2024-04-29
169755,27.75,97.25,Junta,0,2024-04-29
169756,27.75,97.75,Junta,0,2024-04-29
169757,27.75,98.25,Junta,0,2024-04-29
170475,28.25,97.25,Junta,0,2024-04-29
170476,28.25,97.75,Junta,0,2024-04-29
170477,28.25,98.25,Junta,0,2024-04-29
144558,10.25,98.75,Junta,0,2024-04-30
145277,10.75,98.25,Junta,0,2024-04-30
145278,10.75,98.75,Junta,0,2024-04-30
145998,11.25,98.75,Junta,0,2024-04-30
145999,11.25,99.25,PDF,2,2024-04-30
146717,11.75,98.25,Junta,0,2024-04-30
146718,11.75,98.75,PDF,2,2024-04-30
146719,11.75,99.25,PDF,2,2024-04-30
146720,11.75,99.75,Junta,0,2024-04-30
147437,12.25,98.25,Junta,0,2024-04-30
147438,12.25,98.75,Junta,0,2024-04-30
147439,12.25,99.25,PDF,2,2024-04-30
148157,12.75,98.25,Junta,0,2024-04-30
148158,12.75,98.75,Junta,0,2024-04-30
148159,12.75,99.25,PDF,2,2024-04-30
148878,13.25,98.75,Junta,0,2024-04-30
148879,13.25,99.25,PDF,2,2024-04-30
149597,13.75,98.25,Junta,0,2024-04-30
149598,13.75,98.75,Karen,4,2024-04-30
149599,13.75,99.25,Karen,4,2024-04-30
150317,14.25,98.25,Junta,0,2024-04-30
150318,14.25,98.75,Karen,4,2024-04-30
151036,14.75,97.75,Junta,0,2024-04-30
151037,14.75,98.25,Karen,4,2024-04-30
151756,15.25,97.75,Junta,0,2024-04-30
151757,15.25,98.25,Junta,0,2024-04-30
152471,15.75,95.25,Junta,0,2024-04-30
152472,15.75,95.75,Junta,0,2024-04-30
152476,15.75,97.75,Junta,0,2024-04-30
152477,15.75,98.25,Karen,4,2024-04-30
153189,16.25,94.25,Junta,0,2024-04-30
153190,16.25,94.75,Junta,0,2024-04-30
153191,16.25,95.25,Junta,0,2024-04-30
153192,16.25,95.75,Junta,0,2024-04-30
153193,16.25,96.25,Junta,0,2024-04-30
153196,16.25,97.75,Junta,0,2024-04-30
153197,16.25,98.25,Karen,4,2024-04-30
153198,16.25,98.75,Karen,4,2024-04-30
153909,16.75,94.25,Junta,0,2024-04-30
153910,16.75,94.75,Junta,0,2024-04-30
153911,16.75,95.25,Junta,0,2024-04-30
153912,16.75,95.75,Junta,0,2024-04-30
153913,16.75,96.25,Junta,0,2024-04-30
153914,16.75,96.75,Junta,0,2024-04-30
153915,16.75,97.25,Junta,0,2024-04-30
153916,16.75,97.75,Junta,0,2024-04-30
153917,16.75,98.25,Karen,4,2024-04-30
153918,16.75,98.75,Karen,4,2024-04-30
154630,17.25,94.75,Junta,0,2024-04-30
154631,17.25,95.25,Junta,0,2024-04-30
154632,17.25,95.75,Junta,0,2024-04-30
154633,17.25,96.25,Junta,0,2024-04-30
154634,17.25,96.75,Junta,0,2024-04-30
154635,17.25,97.25,Junta,0,2024-04-30
154636,17.25,97.75,Junta,0,2024-04-30
154637,17.25,98.25,Junta,0,2024-04-30
155350,17.75,94.75,Junta,0,2024-04-30
155351,17.75,95.25,Junta,0,2024-04-30
155352,17.75,95.75,Junta,0,2024-04-30
155353,17.75,96.25,Junta,0,2024-04-30
155354,17.75,96.75,Junta,0,2024-04-30
155355,17.75,97.25,Junta,0,2024-04-30
155356,17.75,97.75,Junta,0,2024-04-30
156069,18.25,94.25,Junta,0,2024-04-30
156070,18.25,94.75,Junta,0,2024-04-30
156071,18.25,95.25,Junta,0,2024-04-30
156072,18.25,95.75,Junta,0,2024-04-30
156073,18.25,96.25,PDF,2,2024-04-30
156074,18.25,96.75,Junta,0,2024-04-30
156075,18.25,97.25,Junta,0,2024-04-30
156076,18.25,97.75,Junta,0,2024-04-30
156788,18.75,93.75,Junta,0,2024-04-30
156789,18.75,94.25,Junta,0,2024-04-30
156790,18.75,94.75,Junta,0,2024-04-30
156791,18.75,95.25,Junta,0,2024-04-30
156792,18.75,95.75,PDF,2,2024-04-30
156793,18.75,96.25,PDF,2,2024-04-30
156794,18.75,96.75,Junta,0,2024-04-30
156795,18.75,97.25,Karenni,5,2024-04-30
156796,18.75,97.75,Karenni,5,2024-04-30
157508,19.25,93.75,Junta,0,2024-04-30
157509,19.25,94.25,Junta,0,2024-04-30
157510,19.25,94.75,Junta,0,2024-04-30
157511,19.25,95.25,Junta,0,2024-04-30
157512,19.25,95.75,Junta,0,2024-04-30
157513,19.25,96.25,Junta,0,2024-04-30
157514,19.25,96.75,Junta,0,2024-04-30
157515,19.25,97.25,Karenni,5,2024-04-30
157516,19.25,97.75,Karenni,5,2024-04-30
158228,19.75,93.75,Junta,0,2024-04-30
158229,19.75,94.25,Junta,0,2024-04-30
158230,19.75,94.75,Junta,0,2024-04-30
158231,19.75,95.25,Junta,0,2024-04-30
158232,19.75,95.75,Junta,0,2024-04-30
158233,19.75,96.25,Junta,0,2024-04-30
158234,19.75,96.75,Karenni,5,2024-04-30
158235,19.75,97.25,Karenni,5,2024-04-30
158236,19.75,97.75,Junta,0,2024-04-30
158237,19.75,98.25,Junta,0,2024-04-30
158238,19.75,98.75,Junta,0,2024-04-30
158946,20.25,92.75,Junta,0,2024-04-30
158947,20.25,93.25,Junta,0,2024-04-30
158948,20.25,93.75,AA,6,2024-04-30
158949,20.25,94.25,AA,6,2024-04-30
158950,20.25,94.75,Junta,0,2024-04-30
158951,20.25,95.25,Junta,0,2024-04-30
158952,20.25,95.75,Junta,0,2024-04-30
158953,20.25,96.25,Junta,0,2024-04-30
158954,20.25,96.75,Junta,0,2024-04-30
158955,20.25,97.25,Junta,0,2024-04-30
158956,20.25,97.75,Junta,0,2024-04-30
158957,20.25,98.25,Junta,0,2024-04-30
158958,20.25,98.75,Junta,0,2024-04-30
158959,20.25,99.25,Junta,0,2024-04-30
158960,20.25,99.75,Junta,0,2024-04-30
158961,20.25,100.25,Junta,0,2024-04-30
159665,20.75,92.25,Junta,0,2024-04-30
159666,20.75,92.75,AA,6,2024-04-30
159667,20.75,93.25,AA,6,2024-04-30
159668,20.75,93.75,AA,6,2024-04-30
159669,20.75,94.25,AA,6,2024-04-30
159670,20.75,94.75,Junta,0,2024-04-30
159671,20.75,95.25,Junta,0,2024-04-30
159672,20.75,95.75,Junta,0,2024-04-30
159673,20.75,96.25,Junta,0,2024-04-30
159674,20.75,96.75,Junta,0,2024-04-30
159675,20.75,97.25,Junta,0,2024-04-30
159676,20.75,97.75,Junta,0,2024-04-30
159677,20.75,98.25,Junta,0,2024-04-30
159678,20.75,98.75,Junta,0,2024-04-30
159679,20.75,99.25,Junta,0,2024-04-30
159680,20.75,99.75,Junta,0,2024-04-30
159681,20.75,100.25,Junta,0,2024-04-30
160385,21.25,92.25,AA,6,2024-04-30
160386,21.25,92.75,AA,6,2024-04-30
160387,21.25,93.25,AA,6,2024-04-30
160388,21.25,93.75,Chin Resistance,9,2024-04-30
160389,21.25,94.25,PDF,2,2024-04-30
160390,21.25,94.75,Junta,0,2024-04-30
160391,21.25,95.25,Junta,0,2024-04-30
160392,21.25,95.75,Junta,0,2024-04-30
160393,21.25,96.25,Junta,0,2024-04-30
160394,21.25,96.75,Junta,0,2024-04-30
160395,21.25,97.25,SSPP,12,2024-04-30
160396,21.25,97.75,SSPP,12,2024-04-30
160397,21.25,98.25,Junta,0,2024-04-30
160398,21.25,98.75,Junta,0,2024-04-30
160399,21.25,99.25,Junta,0,2024-04-30
160400,21.25,99.75,Junta,0,2024-04-30
160401,21.25,100.25,Junta,0,2024-04-30
160402,21.25,100.75,Junta,0,2024-04-30
161105,21.75,92.25,AA,6,2024-04-30
161106,21.75,92.75,AA,6,2024-04-30
161107,21.75,93.25,Chin Resistance,9,2024-04-30
161108,21.75,93.75,Chin Resistance,9,2024-04-30
161109,21.75,94.25,Chin Resistance,9,2024-04-30
161110,21.75,94.75,PDF,2,2024-04-30
161111,21.75,95.25,PDF,2,2024-04-30
161112,21.75,95.75,Junta,0,2024-04-30
161113,21.75,96.25,Junta,0,2024-04-30
161114,21.75,96.75,Junta,0,2024-04-30
161115,21.75,97.25,SSPP,12,2024-04-30
161116,21.75,97.75,SSPP,12,2024-04-30
161117,21.75,98.25,SSPP,12,2024-04-30
161118,21.75,98.75,Junta,0,2024-04-30
161119,21.75,99.25,Junta,0,2024-04-30
161120,21.75,99.75,NDAA,14,2024-04-30
161121,21.75,100.25,NDAA,14,2024-04-30
161122,21.75,100.75,NDAA,14,2024-04-30
161123,21.75,101.25,Junta,0,2024-04-30
161826,22.25,92.75,AA,6,2024-04-30
161827,22.25,93.25,Chin Resistance,9,2024-04-30
161828,22.25,93.75,Chin Resistance,9,2024-04-30
161829,22.25,94.25,Junta,0,2024-04-30
161830,22.25,94.75,Junta,0,2024-04-30
161831,22.25,95.25,Junta,0,2024-04-30
161832,22.25,95.75,Junta,0,2024-04-30
161833,22.25,96.25,Junta,0,2024-04-30
161834,22.25,96.75,Junta,0,2024-04-30
161835,22.25,97.25,SSPP,12,2024-04-30
161836,22.25,97.75,SSPP,12,2024-04-30
161837,22.25,98.25,SSPP,12,2024-04-30
161838,22.25,98.75,SSPP,12,2024-04-30
161839,22.25,99.25,UWSA,15,2024-04-30
161840,22.25,99.75,UWSA,15,2024-04-30
162547,22.75,93.25,Chin Resistance,9,2024-04-30
162548,22.75,93.75,Chin Resistance,9,2024-04-30
162549,22.75,94.25,Junta,0,2024-04-30
162550,22.75,94.75,Junta,0,2024-04-30
162551,22.75,95.25,Junta,0,2024-04-30
162552,22.75,95.75,Junta,0,2024-04-30
162553,22.75,96.25,PDF,2,2024-04-30
162554,22.75,96.75,Junta,0,2024-04-30
162555,22.75,97.25,Junta,0,2024-04-30
162556,22.75,97.75,SSPP,12,2024-04-30
162557,22.75,98.25,SSPP,12,2024-04-30
162558,22.75,98.75,SSPP,12,2024-04-30
162559,22.75,99.25,UWSA,15,2024-04-30
163267,23.25,93.25,Chin Resistance,9,2024-04-30
163268,23.25,93.75,Chin Resistance,9,2024-04-30
163269,23.25,94.25,Junta,0,2024-04-30
163270,23.25,94.75,Junta,0,2024-04-30
163271,23.25,95.25,Junta,0,2024-04-30
163272,23.25,95.75,Junta,0,2024-04-30
163273,23.25,96.25,Junta,0,2024-04-30
163274,23.25,96.75,KIA,3,2024-04-30
163275,23.25,97.25,Junta,0,2024-04-30
163276,23.25,97.75,Junta,0,2024-04-30
163277,23.25,98.25,Junta,0,2024-04-30
163278,23.25,98.75,UWSA,15,2024-04-30
163279,23.25,99.25,UWSA,15,2024-04-30
163987,23.75,93.25,ZRA,1,2024-04-30
163988,23.75,93.75,Chin Resistance,9,2024-04-30
163989,23.75,94.25,Chin Resistance,9,2024-04-30
163990,23.75,94.75,Junta,0,2024-04-30
163991,23.75,95.25,Junta,0,2024-04-30
163992,23.75,95.75,Junta,0,2024-04-30
163993,23.75,96.25,Junta,0,2024-04-30
163994,23.75,96.75,KIA,3,2024-04-30
163995,23.75,97.25,KIA,3,2024-04-30
163996,23.75,97.75,KIA,3,2024-04-30
163997,23.75,98.25,KIA,3,2024-04-30
163998,23.75,98.75,Junta,0,2024-04-30
164707,24.25,93.25,ZRA,1,2024-04-30
164708,24.25,93.75,ZRA,1,2024-04-30
164709,24.25,94.25,Junta,0,2024-04-30
164710,24.25,94.75,Junta,0,2024-04-30
164711,24.25,95.25,Junta,0,2024-04-30
164712,24.25,95.75,KIA,3,2024-04-30
164713,24.25,96.25,KIA,3,2024-04-30
164714,24.25,96.75,KIA,3,2024-04-30
164715,24.25,97.25,KIA,3,2024-04-30
164716,24.25,97.75,Junta,0,2024-04-30
164717,24.25,98.25,Junta,0,2024-04-30
164718,24.25,98.75,Junta,0,2024-04-30
165430,24.75,94.75,Junta,0,2024-04-30
165431,24.75,95.25,KIA,3,2024-04-30
165432,24.75,95.75,KIA,3,2024-04-30
165433,24.75,96.25,KIA,3,2024-04-30
165434,24.75,96.75,KIA,3,2024-04-30
165435,24.75,97.25,KIA,3,2024-04-30
165436,24.75,97.75,Junta,0,2024-04-30
166150,25.25,94.75,Junta,0,2024-04-30
166151,25.25,95.25,Junta,0,2024-04-30
166152,25.25,95.75,KIA,3,2024-04-30
166153,25.25,96.25,KIA,3,2024-04-30
166154,25.25,96.75,KIA,3,2024-04-30
166155,25.25,97.25,KIA,3,2024-04-30
166156,25.25,97.75,Junta,0,2024-04-30
166870,25.75,94.75,Junta,0,2024-04-30
166871,25.75,95.25,Junta,0,2024-04-30
166872,25.75,95.75,KIA,3,2024-04-30
166873,25.75,96.25,KIA,3,2024-04-30
166874,25.75,96.75,KIA,3,2024-04-30
166875,25.75,97.25,KIA,3,2024-04-30
166876,25.75,97.75,KIA,3,2024-04-30
166877,25.75,98.25,Junta,0,2024-04-30
166878,25.75,98.75,Junta,0,2024-04-30
167591,26.25,95.25,Junta,0,2024-04-30
167592,26.25,95.75,KIA,3,2024-04-30
167593,26.25,96.25,KIA,3,2024-04-30
167594,26.25,96.75,KIA,3,2024-04-30
167595,26.25,97.25,KIA,3,2024-04-30
167596,26.25,97.75,KIA,3,2024-04-30
167597,26.25,98.25,KIA,3,2024-04-30
167598,26.25,98.75,Junta,0,2024-04-30
168311,26.75,95.25,Junta,0,2024-04-30
168312,26.75,95.75,Junta,0,2024-04-30
168313,26.75,96.25,KIA,3,2024-04-30
168314,26.75,96.75,KIA,3,2024-04-30
168315,26.75,97.25,KIA,3,2024-04-30
168316,26.75,97.75,KIA,3,2024-04-30
168317,26.75,98.25,KIA,3,2024-04-30
168318,26.75,98.75,Junta,0,2024-04-30
169033,27.25,96.25,KIA,3,2024-04-30
169034,27.25,96.75,KIA,3,2024-04-30
169035,27.25,97.25,KIA,3,2024-04-30
169036,27.25,97.75,KIA,3,2024-04-30
169037,27.25,98.25,Junta,0,2024-04-30
169038,27.25,98.75,Junta,0,2024-04-30
169754,27.75,96.75,KIA,3,2024-04-30
169755,27.75,97.25,Junta,0,2024-04-30
169756,27.75,97.75,Junta,0,2024-04-30
169757,27.75,98.25,Junta,0,2024-04-30
170475,28.25,97.25,Junta,0,2024-04-30
170476,28.25,97.75,Junta,0,2024-04-30
170477,28.25,98.25,Junta,0,2024-04-30
144558,10.25,98.75,Junta,0,2024-05-22
145277,10.75,98.25,Junta,0,2024-05-22
145278,10.75,98.75,Junta,0,2024-05-22
145998,11.25,98.75,Junta,0,2024-05-22
145999,11.25,99.25,PDF,2,2024-05-22
146717,11.75,98.25,Junta,0,2024-05-22
146718,11.75,98.75,PDF,2,2024-05-22
146719,11.75,99.25,PDF,2,2024-05-22
146720,11.75,99.75,Junta,0,2024-05-22
147437,12.25,98.25,Junta,0,2024-05-22
147438,12.25,98.75,Junta,0,2024-05-22
147439,12.25,99.25,PDF,2,2024-05-22
148157,12.75,98.25,Junta,0,2024-05-22
148158,12.75,98.75,Junta,0,2024-05-22
148159,12.75,99.25,PDF,2,2024-05-22
148878,13.25,98.75,Junta,0,2024-05-22
148879,13.25,99.25,PDF,2,2024-05-22
149597,13.75,98.25,Junta,0,2024-05-22
149598,13.75,98.75,Karen,4,2024-05-22
149599,13.75,99.25,Karen,4,2024-05-22
150317,14.25,98.25,Junta,0,2024-05-22
150318,14.25,98.75,Karen,4,2024-05-22
151036,14.75,97.75,Junta,0,2024-05-22
151037,14.75,98.25,Karen,4,2024-05-22
151756,15.25,97.75,Junta,0,2024-05-22
151757,15.25,98.25,Junta,0,2024-05-22
152471,15.75,95.25,Junta,0,2024-05-22
152472,15.75,95.75,Junta,0,2024-05-22
152476,15.75,97.75,Junta,0,2024-05-22
152477,15.75,98.25,Karen,4,2024-05-22
153189,16.25,94.25,Junta,0,2024-05-22
153190,16.25,94.75,Junta,0,2024-05-22
153191,16.25,95.25,Junta,0,2024-05-22
153192,16.25,95.75,Junta,0,2024-05-22
153193,16.25,96.25,Junta,0,2024-05-22
153196,16.25,97.75,Junta,0,2024-05-22
153197,16.25,98.25,Karen,4,2024-05-22
153198,16.25,98.75,Karen,4,2024-05-22
153909,16.75,94.25,Junta,0,2024-05-22
153910,16.75,94.75,Junta,0,2024-05-22
153911,16.75,95.25,Junta,0,2024-05-22
153912,16.75,95.75,Junta,0,2024-05-22
153913,16.75,96.25,Junta,0,2024-05-22
153914,16.75,96.75,Junta,0,2024-05-22
153915,16.75,97.25,Junta,0,2024-05-22
153916,16.75,97.75,Junta,0,2024-05-22
153917,16.75,98.25,Karen,4,2024-05-22
153918,16.75,98.75,Karen,4,2024-05-22
154630,17.25,94.75,Junta,0,2024-05-22
154631,17.25,95.25,Junta,0,2024-05-22
154632,17.25,95.75,Junta,0,2024-05-22
154633,17.25,96.25,Junta,0,2024-05-22
154634,17.25,96.75,Junta,0,2024-05-22
154635,17.25,97.25,Junta,0,2024-05-22
154636,17.25,97.75,Junta,0,2024-05-22
154637,17.25,98.25,Junta,0,2024-05-22
155350,17.75,94.75,Junta,0,2024-05-22
155351,17.75,95.25,Junta,0,2024-05-22
155352,17.75,95.75,Junta,0,2024-05-22
155353,17.75,96.25,Junta,0,2024-05-22
155354,17.75,96.75,Junta,0,2024-05-22
155355,17.75,97.25,Junta,0,2024-05-22
155356,17.75,97.75,Junta,0,2024-05-22
156069,18.25,94.25,Junta,0,2024-05-22
156070,18.25,94.75,Junta,0,2024-05-22
156071,18.25,95.25,Junta,0,2024-05-22
156072,18.25,95.75,Junta,0,2024-05-22
156073,18.25,96.25,PDF,2,2024-05-22
156074,18.25,96.75,Junta,0,2024-05-22
156075,18.25,97.25,Junta,0,2024-05-22
156076,18.25,97.75,Junta,0,2024-05-22
156788,18.75,93.75,Junta,0,2024-05-22
156789,18.75,94.25,Junta,0,2024-05-22
156790,18.75,94.75,Junta,0,2024-05-22
156791,18.75,95.25,Junta,0,2024-05-22
156792,18.75,95.75,PDF,2,2024-05-22
156793,18.75,96.25,PDF,2,2024-05-22
156794,18.75,96.75,Junta,0,2024-05-22
156795,18.75,97.25,Karenni,5,2024-05-22
156796,18.75,97.75,Karenni,5,2024-05-22
157508,19.25,93.75,Junta,0,2024-05-22
157509,19.25,94.25,Junta,0,2024-05-22
157510,19.25,94.75,Junta,0,2024-05-22
157511,19.25,95.25,Junta,0,2024-05-22
157512,19.25,95.75,Junta,0,2024-05-22
157513,19.25,96.25,Junta,0,2024-05-22
157514,19.25,96.75,Junta,0,2024-05-22
157515,19.25,97.25,Karenni,5,2024-05-22
157516,19.25,97.75,Karenni,5,2024-05-22
158228,19.75,93.75,Junta,0,2024-05-22
158229,19.75,94.25,Junta,0,2024-05-22
158230,19.75,94.75,Junta,0,2024-05-22
158231,19.75,95.25,Junta,0,2024-05-22
158232,19.75,95.75,Junta,0,2024-05-22
158233,19.75,96.25,Junta,0,2024-05-22
158234,19.75,96.75,Karenni,5,2024-05-22
158235,19.75,97.25,Karenni,5,2024-05-22
158236,19.75,97.75,Junta,0,2024-05-22
158237,19.75,98.25,Junta,0,2024-05-22
158238,19.75,98.75,Junta,0,2024-05-22
158946,20.25,92.75,Junta,0,2024-05-22
158947,20.25,93.25,Junta,0,2024-05-22
158948,20.25,93.75,AA,6,2024-05-22
158949,20.25,94.25,AA,6,2024-05-22
158950,20.25,94.75,Junta,0,2024-05-22
158951,20.25,95.25,Junta,0,2024-05-22
158952,20.25,95.75,Junta,0,2024-05-22
158953,20.25,96.25,Junta,0,2024-05-22
158954,20.25,96.75,Junta,0,2024-05-22
158955,20.25,97.25,Junta,0,2024-05-22
158956,20.25,97.75,Junta,0,2024-05-22
158957,20.25,98.25,Junta,0,2024-05-22
158958,20.25,98.75,Junta,0,2024-05-22
158959,20.25,99.25,Junta,0,2024-05-22
158960,20.25,99.75,Junta,0,2024-05-22
158961,20.25,100.25,Junta,0,2024-05-22
159665,20.75,92.25,Junta,0,2024-05-22
159666,20.75,92.75,AA,6,2024-05-22
159667,20.75,93.25,AA,6,2024-05-22
159668,20.75,93.75,AA,6,2024-05-22
159669,20.75,94.25,AA,6,2024-05-22
159670,20.75,94.75,Junta,0,2024-05-22
159671,20.75,95.25,Junta,0,2024-05-22
159672,20.75,95.75,Junta,0,2024-05-22
159673,20.75,96.25,Junta,0,2024-05-22
159674,20.75,96.75,Junta,0,2024-05-22
159675,20.75,97.25,Junta,0,2024-05-22
159676,20.75,97.75,Junta,0,2024-05-22
159677,20.75,98.25,Junta,0,2024-05-22
159678,20.75,98.75,Junta,0,2024-05-22
159679,20.75,99.25,Junta,0,2024-05-22
159680,20.75,99.75,Junta,0,2024-05-22
159681,20.75,100.25,Junta,0,2024-05-22
160385,21.25,92.25,AA,6,2024-05-22
160386,21.25,92.75,AA,6,2024-05-22
160387,21.25,93.25,Chin Resistance,9,2024-05-22
160388,21.25,93.75,Chin Resistance,9,2024-05-22
160389,21.25,94.25,PDF,2,2024-05-22
160390,21.25,94.75,Junta,0,2024-05-22
160391,21.25,95.25,Junta,0,2024-05-22
160392,21.25,95.75,Junta,0,2024-05-22
160393,21.25,96.25,Junta,0,2024-05-22
160394,21.25,96.75,Junta,0,2024-05-22
160395,21.25,97.25,SSPP,12,2024-05-22
160396,21.25,97.75,SSPP,12,2024-05-22
160397,21.25,98.25,Junta,0,2024-05-22
160398,21.25,98.75,Junta,0,2024-05-22
160399,21.25,99.25,Junta,0,2024-05-22
160400,21.25,99.75,Junta,0,2024-05-22
160401,21.25,100.25,Junta,0,2024-05-22
160402,21.25,100.75,Junta,0,2024-05-22
161105,21.75,92.25,AA,6,2024-05-22
161106,21.75,92.75,AA,6,2024-05-22
161107,21.75,93.25,Chin Resistance,9,2024-05-22
161108,21.75,93.75,Chin Resistance,9,2024-05-22
161109,21.75,94.25,Chin Resistance,9,2024-05-22
161110,21.75,94.75,PDF,2,2024-05-22
161111,21.75,95.25,PDF,2,2024-05-22
161112,21.75,95.75,Junta,0,2024-05-22
161113,21.75,96.25,Junta,0,2024-05-22
161114,21.75,96.75,Junta,0,2024-05-22
161115,21.75,97.25,SSPP,12,2024-05-22
161116,21.75,97.75,SSPP,12,2024-05-22
161117,21.75,98.25,SSPP,12,2024-05-22
161118,21.75,98.75,Junta,0,2024-05-22
161119,21.75,99.25,Junta,0,2024-05-22
161120,21.75,99.75,NDAA,14,2024-05-22
161121,21.75,100.25,NDAA,14,2024-05-22
161122,21.75,100.75,NDAA,14,2024-05-22
161123,21.75,101.25,Junta,0,2024-05-22
161826,22.25,92.75,AA,6,2024-05-22
161827,22.25,93.25,Chin Resistance,9,2024-05-22
161828,22.25,93.75,Chin Resistance,9,2024-05-22
161829,22.25,94.25,Junta,0,2024-05-22
161830,22.25,94.75,Junta,0,2024-05-22
161831,22.25,95.25,Junta,0,2024-05-22
161832,22.25,95.75,Junta,0,2024-05-22
161833,22.25,96.25,Junta,0,2024-05-22
161834,22.25,96.75,Junta,0,2024-05-22
161835,22.25,97.25,SSPP,12,2024-05-22
161836,22.25,97.75,SSPP,12,2024-05-22
161837,22.25,98.25,SSPP,12,2024-05-22
161838,22.25,98.75,SSPP,12,2024-05-22
161839,22.25,99.25,UWSA,15,2024-05-22
161840,22.25,99.75,UWSA,15,2024-05-22
162547,22.75,93.25,Chin Resistance,9,2024-05-22
162548,22.75,93.75,Chin Resistance,9,2024-05-22
162549,22.75,94.25,Junta,0,2024-05-22
162550,22.75,94.75,Junta,0,2024-05-22
162551,22.75,95.25,Junta,0,2024-05-22
162552,22.75,95.75,Junta,0,2024-05-22
162553,22.75,96.25,PDF,2,2024-05-22
162554,22.75,96.75,Junta,0,2024-05-22
162555,22.75,97.25,Junta,0,2024-05-22
162556,22.75,97.75,SSPP,12,2024-05-22
162557,22.75,98.25,SSPP,12,2024-05-22
162558,22.75,98.75,SSPP,12,2024-05-22
162559,22.75,99.25,UWSA,15,2024-05-22
163267,23.25,93.25,Chin Resistance,9,2024-05-22
163268,23.25,93.75,Chin Resistance,9,2024-05-22
163269,23.25,94.25,Junta,0,2024-05-22
163270,23.25,94.75,Junta,0,2024-05-22
163271,23.25,95.25,Junta,0,2024-05-22
163272,23.25,95.75,Junta,0,2024-05-22
163273,23.25,96.25,Junta,0,2024-05-22
163274,23.25,96.75,KIA,3,2024-05-22
163275,23.25,97.25,Junta,0,2024-05-22
163276,23.25,97.75,Junta,0,2024-05-22
163277,23.25,98.25,Junta,0,2024-05-22
163278,23.25,98.75,UWSA,15,2024-05-22
163279,23.25,99.25,UWSA,15,2024-05-22
163987,23.75,93.25,ZRA,1,2024-05-22
163988,23.75,93.75,Chin Resistance,9,2024-05-22
163989,23.75,94.25,Chin Resistance,9,2024-05-22
163990,23.75,94.75,Junta,0,2024-05-22
163991,23.75,95.25,Junta,0,2024-05-22
163992,23.75,95.75,Junta,0,2024-05-22
163993,23.75,96.25,Junta,0,2024-05-22
163994,23.75,96.75,KIA,3,2024-05-22
163995,23.75,97.25,KIA,3,2024-05-22
163996,23.75,97.75,KIA,3,2024-05-22
163997,23.75,98.25,KIA,3,2024-05-22
163998,23.75,98.75,Junta,0,2024-05-22
164707,24.25,93.25,ZRA,1,2024-05-22
164708,24.25,93.75,Chin Resistance,9,2024-05-22
164709,24.25,94.25,Junta,0,2024-05-22
164710,24.25,94.75,Junta,0,2024-05-22
164711,24.25,95.25,Junta,0,2024-05-22
164712,24.25,95.75,KIA,3,2024-05-22
164713,24.25,96.25,KIA,3,2024-05-22
164714,24.25,96.75,KIA,3,2024-05-22
164715,24.25,97.25,KIA,3,2024-05-22
164716,24.25,97.75,Junta,0,2024-05-22
164717,24.25,98.25,Junta,0,2024-05-22
164718,24.25,98.75,Junta,0,2024-05-22
165430,24.75,94.75,Junta,0,2024-05-22
165431,24.75,95.25,KIA,3,2024-05-22
165432,24.75,95.75,KIA,3,2024-05-22
165433,24.75,96.25,KIA,3,2024-05-22
165434,24.75,96.75,KIA,3,2024-05-22
165435,24.75,97.25,KIA,3,2024-05-22
165436,24.75,97.75,Junta,0,2024-05-22
166150,25.25,94.75,Junta,0,2024-05-22
166151,25.25,95.25,Junta,0,2024-05-22
166152,25.25,95.75,KIA,3,2024-05-22
166153,25.25,96.25,KIA,3,2024-05-22
166154,25.25,96.75,KIA,3,2024-05-22
166155,25.25,97.25,KIA,3,2024-05-22
166156,25.25,97.75,Junta,0,2024-05-22
166870,25.75,94.75,Junta,0,2024-05-22
166871,25.75,95.25,Junta,0,2024-05-22
166872,25.75,95.75,KIA,3,2024-05-22
166873,25.75,96.25,KIA,3,2024-05-22
166874,25.75,96.75,KIA,3,2024-05-22
166875,25.75,97.25,KIA,3,2024-05-22
166876,25.75,97.75,KIA,3,2024-05-22
166877,25.75,98.25,Junta,0,2024-05-22
166878,25.75,98.75,Junta,0,2024-05-22
167591,26.25,95.25,Junta,0,2024-05-22
167592,26.25,95.75,KIA,3,2024-05-22
167593,26.25,96.25,KIA,3,2024-05-22
167594,26.25,96.75,KIA,3,2024-05-22
167595,26.25,97.25,KIA,3,2024-05-22
167596,26.25,97.75,KIA,3,2024-05-22
167597,26.25,98.25,KIA,3,2024-05-22
167598,26.25,98.75,Junta,0,2024-05-22
168311,26.75,95.25,Junta,0,2024-05-22
168312,26.75,95.75,Junta,0,2024-05-22
168313,26.75,96.25,KIA,3,2024-05-22
168314,26.75,96.75,KIA,3,2024-05-22
168315,26.75,97.25,KIA,3,2024-05-22
168316,26.75,97.75,KIA,3,2024-05-22
168317,26.75,98.25,KIA,3,2024-05-22
168318,26.75,98.75,Junta,0,2024-05-22
169033,27.25,96.25,KIA,3,2024-05-22
169034,27.25,96.75,KIA,3,2024-05-22
169035,27.25,97.25,KIA,3,2024-05-22
169036,27.25,97.75,KIA,3,2024-05-22
169037,27.25,98.25,Junta,0,2024-05-22
169038,27.25,98.75,Junta,0,2024-05-22
169754,27.75,96.75,KIA,3,2024-05-22
169755,27.75,97.25,Junta,0,2024-05-22
169756,27.75,97.75,Junta,0,2024-05-22
169757,27.75,98.25,Junta,0,2024-05-22
170475,28.25,97.25,Junta,0,2024-05-22
170476,28.25,97.75,Junta,0,2024-05-22
170477,28.25,98.25,Junta,0,2024-05-22
144558,10.25,98.75,Junta,0,2024-05-24
145277,10.75,98.25,Junta,0,2024-05-24
145278,10.75,98.75,Junta,0,2024-05-24
145998,11.25,98.75,Junta,0,2024-05-24
145999,11.25,99.25,PDF,2,2024-05-24
146717,11.75,98.25,Junta,0,2024-05-24
146718,11.75,98.75,PDF,2,2024-05-24
146719,11.75,99.25,PDF,2,2024-05-24
146720,11.75,99.75,Junta,0,2024-05-24
147437,12.25,98.25,Junta,0,2024-05-24
147438,12.25,98.75,Junta,0,2024-05-24
147439,12.25,99.25,PDF,2,2024-05-24
148157,12.75,98.25,Junta,0,2024-05-24
148158,12.75,98.75,Junta,0,2024-05-24
148159,12.75,99.25,PDF,2,2024-05-24
148878,13.25,98.75,Junta,0,2024-05-24
148879,13.25,99.25,PDF,2,2024-05-24
149597,13.75,98.25,Junta,0,2024-05-24
149598,13.75,98.75,Karen,4,2024-05-24
149599,13.75,99.25,Karen,4,2024-05-24
150317,14.25,98.25,Junta,0,2024-05-24
150318,14.25,98.75,Karen,4,2024-05-24
151036,14.75,97.75,Junta,0,2024-05-24
151037,14.75,98.25,Karen,4,2024-05-24
151756,15.25,97.75,Junta,0,2024-05-24
151757,15.25,98.25,Junta,0,2024-05-24
152471,15.75,95.25,Junta,0,2024-05-24
152472,15.75,95.75,Junta,0,2024-05-24
152476,15.75,97.75,Junta,0,2024-05-24
152477,15.75,98.25,Junta,0,2024-05-24
153189,16.25,94.25,Junta,0,2024-05-24
153190,16.25,94.75,Junta,0,2024-05-24
153191,16.25,95.25,Junta,0,2024-05-24
153192,16.25,95.75,Junta,0,2024-05-24
153193,16.25,96.25,Junta,0,2024-05-24
153196,16.25,97.75,Junta,0,2024-05-24
153197,16.25,98.25,Junta,0,2024-05-24
153198,16.25,98.75,Junta,0,2024-05-24
153909,16.75,94.25,Junta,0,2024-05-24
153910,16.75,94.75,Junta,0,2024-05-24
153911,16.75,95.25,Junta,0,2024-05-24
153912,16.75,95.75,Junta,0,2024-05-24
153913,16.75,96.25,Junta,0,2024-05-24
153914,16.75,96.75,Junta,0,2024-05-24
153915,16.75,97.25,Junta,0,2024-05-24
153916,16.75,97.75,Junta,0,2024-05-24
153917,16.75,98.25,Junta,0,2024-05-24
154630,17.25,94.75,Junta,0,2024-05-24
154631,17.25,95.25,Junta,0,2024-05-24
154632,17.25,95.75,Junta,0,2024-05-24
154633,17.25,96.25,Junta,0,2024-05-24
154634,17.25,96.75,Junta,0,2024-05-24
154635,17.25,97.25,Karen,4,2024-05-24
154636,17.25,97.75,Karen,4,2024-05-24
154637,17.25,98.25,Karen,4,2024-05-24
155350,17.75,94.75,Junta,0,2024-05-24
155351,17.75,95.25,Junta,0,2024-05-24
155352,17.75,95.75,Junta,0,2024-05-24
155353,17.75,96.25,Junta,0,2024-05-24
155354,17.75,96.75,Karen,4,2024-05-24
155355,17.75,97.25,Karen,4,2024-05-24
155356,17.75,97.75,Karen,4,2024-05-24
156069,18.25,94.25,Junta,0,2024-05-24
156070,18.25,94.75,Junta,0,2024-05-24
156071,18.25,95.25,Junta,0,2024-05-24
156072,18.25,95.75,Junta,0,2024-05-24
156073,18.25,96.25,PDF,2,2024-05-24
156074,18.25,96.75,Karen,4,2024-05-24
156075,18.25,97.25,Karen,4,2024-05-24
156076,18.25,97.75,Karen,4,2024-05-24
156788,18.75,93.75,Junta,0,2024-05-24
156789,18.75,94.25,Junta,0,2024-05-24
156790,18.75,94.75,Junta,0,2024-05-24
156791,18.75,95.25,Junta,0,2024-05-24
156792,18.75,95.75,PDF,2,2024-05-24
156793,18.75,96.25,PDF,2,2024-05-24
156794,18.75,96.75,Karen,4,2024-05-24
156795,18.75,97.25,Karenni,5,2024-05-24
156796,18.75,97.75,Karenni,5,2024-05-24
157508,19.25,93.75,Junta,0,2024-05-24
157509,19.25,94.25,Junta,0,2024-05-24
157510,19.25,94.75,Junta,0,2024-05-24
157511,19.25,95.25,Junta,0,2024-05-24
157512,19.25,95.75,Junta,0,2024-05-24
157513,19.25,96.25,Junta,0,2024-05-24
157514,19.25,96.75,Karen,4,2024-05-24
157515,19.25,97.25,Karenni,5,2024-05-24
157516,19.25,97.75,Karenni,5,2024-05-24
158228,19.75,93.75,Junta,0,2024-05-24
158229,19.75,94.25,Junta,0,2024-05-24
158230,19.75,94.75,Junta,0,2024-05-24
158231,19.75,95.25,Junta,0,2024-05-24
158232,19.75,95.75,Junta,0,2024-05-24
158233,19.75,96.25,Junta,0,2024-05-24
158234,19.75,96.75,Karenni,5,2024-05-24
158235,19.75,97.25,Karenni,5,2024-05-24
158236,19.75,97.75,Junta,0,2024-05-24
158237,19.75,98.25,Junta,0,2024-05-24
158238,19.75,98.75,Junta,0,2024-05-24
158946,20.25,92.75,Junta,0,2024-05-24
158947,20.25,93.25,Junta,0,2024-05-24
158948,20.25,93.75,AA,6,2024-05-24
158949,20.25,94.25,AA,6,2024-05-24
158950,20.25,94.75,Junta,0,2024-05-24
158951,20.25,95.25,Junta,0,2024-05-24
158952,20.25,95.75,Junta,0,2024-05-24
158953,20.25,96.25,Junta,0,2024-05-24
158954,20.25,96.75,Junta,0,2024-05-24
158955,20.25,97.25,Junta,0,2024-05-24
158956,20.25,97.75,Junta,0,2024-05-24
158957,20.25,98.25,Junta,0,2024-05-24
158958,20.25,98.75,Junta,0,2024-05-24
158959,20.25,99.25,Junta,0,2024-05-24
158960,20.25,99.75,Junta,0,2024-05-24
158961,20.25,100.25,Junta,0,2024-05-24
159665,20.75,92.25,Junta,0,2024-05-24
159666,20.75,92.75,AA,6,2024-05-24
159667,20.75,93.25,AA,6,2024-05-24
159668,20.75,93.75,AA,6,2024-05-24
159669,20.75,94.25,AA,6,2024-05-24
159670,20.75,94.75,Junta,0,2024-05-24
159671,20.75,95.25,Junta,0,2024-05-24
159672,20.75,95.75,Junta,0,2024-05-24
159673,20.75,96.25,Junta,0,2024-05-24
159674,20.75,96.75,Junta,0,2024-05-24
159675,20.75,97.25,Junta,0,2024-05-24
159676,20.75,97.75,Junta,0,2024-05-24
159677,20.75,98.25,Junta,0,2024-05-24
159678,20.75,98.75,Junta,0,2024-05-24
159679,20.75,99.25,Junta,0,2024-05-24
159680,20.75,99.75,Junta,0,2024-05-24
159681,20.75,100.25,Junta,0,2024-05-24
160385,21.25,92.25,AA,6,2024-05-24
160386,21.25,92.75,AA,6,2024-05-24
160387,21.25,93.25,Chin Resistance,9,2024-05-24
160388,21.25,93.75,Chin Resistance,9,2024-05-24
160389,21.25,94.25,PDF,2,2024-05-24
160390,21.25,94.75,Junta,0,2024-05-24
160391,21.25,95.25,Junta,0,2024-05-24
160392,21.25,95.75,Junta,0,2024-05-24
160393,21.25,96.25,Junta,0,2024-05-24
160394,21.25,96.75,Junta,0,2024-05-24
160395,21.25,97.25,SSPP,12,2024-05-24
160396,21.25,97.75,SSPP,12,2024-05-24
160397,21.25,98.25,Junta,0,2024-05-24
160398,21.25,98.75,Junta,0,2024-05-24
160399,21.25,99.25,Junta,0,2024-05-24
160400,21.25,99.75,Junta,0,2024-05-24
160401,21.25,100.25,Junta,0,2024-05-24
160402,21.25,100.75,Junta,0,2024-05-24
161105,21.75,92.25,AA,6,2024-05-24
161106,21.75,92.75,AA,6,2024-05-24
161107,21.75,93.25,Chin Resistance,9,2024-05-24
161108,21.75,93.75,Chin Resistance,9,2024-05-24
161109,21.75,94.25,Chin Resistance,9,2024-05-24
161110,21.75,94.75,PDF,2,2024-05-24
161111,21.75,95.25,PDF,2,2024-05-24
161112,21.75,95.75,Junta,0,2024-05-24
161113,21.75,96.25,Junta,0,2024-05-24
161114,21.75,96.75,Junta,0,2024-05-24
161115,21.75,97.25,SSPP,12,2024-05-24
161116,21.75,97.75,SSPP,12,2024-05-24
161117,21.75,98.25,SSPP,12,2024-05-24
161118,21.75,98.75,Junta,0,2024-05-24
161119,21.75,99.25,Junta,0,2024-05-24
161120,21.75,99.75,NDAA,14,2024-05-24
161121,21.75,100.25,NDAA,14,2024-05-24
161122,21.75,100.75,NDAA,14,2024-05-24
161123,21.75,101.25,Junta,0,2024-05-24
161826,22.25,92.75,AA,6,2024-05-24
161827,22.25,93.25,Chin Resistance,9,2024-05-24
161828,22.25,93.75,Chin Resistance,9,2024-05-24
161829,22.25,94.25,Junta,0,2024-05-24
161830,22.25,94.75,Junta,0,2024-05-24
161831,22.25,95.25,Junta,0,2024-05-24
161832,22.25,95.75,Junta,0,2024-05-24
161833,22.25,96.25,Junta,0,2024-05-24
161834,22.25,96.75,Junta,0,2024-05-24
161835,22.25,97.25,SSPP,12,2024-05-24
161836,22.25,97.75,SSPP,12,2024-05-24
161837,22.25,98.25,SSPP,12,2024-05-24
161838,22.25,98.75,SSPP,12,2024-05-24
161839,22.25,99.25,UWSA,15,2024-05-24
161840,22.25,99.75,UWSA,15,2024-05-24
162547,22.75,93.25,Chin Resistance,9,2024-05-24
162548,22.75,93.75,Chin Resistance,9,2024-05-24
162549,22.75,94.25,Junta,0,2024-05-24
162550,22.75,94.75,Junta,0,2024-05-24
162551,22.75,95.25,Junta,0,2024-05-24
162552,22.75,95.75,Junta,0,2024-05-24
162553,22.75,96.25,PDF,2,2024-05-24
162554,22.75,96.75,Junta,0,2024-05-24
162555,22.75,97.25,Junta,0,2024-05-24
162556,22.75,97.75,SSPP,12,2024-05-24
162557,22.75,98.25,SSPP,12,2024-05-24
162558,22.75,98.75,SSPP,12,2024-05-24
162559,22.75,99.25,UWSA,15,2024-05-24
163267,23.25,93.25,Chin Resistance,9,2024-05-24
163268,23.25,93.75,Chin Resistance,9,2024-05-24
163269,23.25,94.25,Junta,0,2024-05-24
163270,23.25,94.75,Junta,0,2024-05-24
163271,23.25,95.25,Junta,0,2024-05-24
163272,23.25,95.75,Junta,0,2024-05-24
163273,23.25,96.25,Junta,0,2024-05-24
163274,23.25,96.75,KIA,3,2024-05-24
163275,23.25,97.25,Junta,0,2024-05-24
163276,23.25,97.75,Junta,0,2024-05-24
163277,23.25,98.25,Junta,0,2024-05-24
163278,23.25,98.75,UWSA,15,2024-05-24
163279,23.25,99.25,UWSA,15,2024-05-24
163987,23.75,93.25,ZRA,1,2024-05-24
163988,23.75,93.75,Chin Resistance,9,2024-05-24
163989,23.75,94.25,Chin Resistance,9,2024-05-24
163990,23.75,94.75,Junta,0,2024-05-24
163991,23.75,95.25,Junta,0,2024-05-24
163992,23.75,95.75,Junta,0,2024-05-24
163993,23.75,96.25,Junta,0,2024-05-24
163994,23.75,96.75,KIA,3,2024-05-24
163995,23.75,97.25,KIA,3,2024-05-24
163996,23.75,97.75,KIA,3,2024-05-24
163997,23.75,98.25,KIA,3,2024-05-24
163998,23.75,98.75,Junta,0,2024-05-24
164707,24.25,93.25,ZRA,1,2024-05-24
164708,24.25,93.75,Chin Resistance,9,2024-05-24
164709,24.25,94.25,Junta,0,2024-05-24
164710,24.25,94.75,Junta,0,2024-05-24
164711,24.25,95.25,Junta,0,2024-05-24
164712,24.25,95.75,KIA,3,2024-05-24
164713,24.25,96.25,KIA,3,2024-05-24
164714,24.25,96.75,KIA,3,2024-05-24
164715,24.25,97.25,KIA,3,2024-05-24
164716,24.25,97.75,Junta,0,2024-05-24
164717,24.25,98.25,Junta,0,2024-05-24
164718,24.25,98.75,Junta,0,2024-05-24
165430,24.75,94.75,Junta,0,2024-05-24
165431,24.75,95.25,KIA,3,2024-05-24
165432,24.75,95.75,KIA,3,2024-05-24
165433,24.75,96.25,KIA,3,2024-05-24
165434,24.75,96.75,KIA,3,2024-05-24
165435,24.75,97.25,KIA,3,2024-05-24
165436,24.75,97.75,Junta,0,2024-05-24
166150,25.25,94.75,Junta,0,2024-05-24
166151,25.25,95.25,Junta,0,2024-05-24
166152,25.25,95.75,KIA,3,2024-05-24
166153,25.25,96.25,KIA,3,2024-05-24
166154,25.25,96.75,KIA,3,2024-05-24
166155,25.25,97.25,KIA,3,2024-05-24
166156,25.25,97.75,Junta,0,2024-05-24
166870,25.75,94.75,Junta,0,2024-05-24
166871,25.75,95.25,Junta,0,2024-05-24
166872,25.75,95.75,KIA,3,2024-05-24
166873,25.75,96.25,KIA,3,2024-05-24
166874,25.75,96.75,KIA,3,2024-05-24
166875,25.75,97.25,KIA,3,2024-05-24
166876,25.75,97.75,KIA,3,2024-05-24
166877,25.75,98.25,Junta,0,2024-05-24
166878,25.75,98.75,Junta,0,2024-05-24
167591,26.25,95.25,Junta,0,2024-05-24
167592,26.25,95.75,KIA,3,2024-05-24
167593,26.25,96.25,KIA,3,2024-05-24
167594,26.25,96.75,KIA,3,2024-05-24
167595,26.25,97.25,KIA,3,2024-05-24
167596,26.25,97.75,KIA,3,2024-05-24
167597,26.25,98.25,KIA,3,2024-05-24
167598,26.25,98.75,Junta,0,2024-05-24
168311,26.75,95.25,Junta,0,2024-05-24
168312,26.75,95.75,Junta,0,2024-05-24
168313,26.75,96.25,KIA,3,2024-05-24
168314,26.75,96.75,KIA,3,2024-05-24
168315,26.75,97.25,KIA,3,2024-05-24
168316,26.75,97.75,KIA,3,2024-05-24
168317,26.75,98.25,KIA,3,2024-05-24
168318,26.75,98.75,Junta,0,2024-05-24
169033,27.25,96.25,KIA,3,2024-05-24
169034,27.25,96.75,KIA,3,2024-05-24
169035,27.25,97.25,KIA,3,2024-05-24
169036,27.25,97.75,KIA,3,2024-05-24
169037,27.25,98.25,Junta,0,2024-05-24
169038,27.25,98.75,Junta,0,2024-05-24
169754,27.75,96.75,KIA,3,2024-05-24
169755,27.75,97.25,Junta,0,2024-05-24
169756,27.75,97.75,Junta,0,2024-05-24
169757,27.75,98.25,Junta,0,2024-05-24
170475,28.25,97.25,Junta,0,2024-05-24
170476,28.25,97.75,Junta,0,2024-05-24
170477,28.25,98.25,Junta,0,2024-05-24
144558,10.25,98.75,Junta,0,2024-05-26
145277,10.75,98.25,Junta,0,2024-05-26
145278,10.75,98.75,Junta,0,2024-05-26
145998,11.25,98.75,Junta,0,2024-05-26
145999,11.25,99.25,PDF,2,2024-05-26
146717,11.75,98.25,Junta,0,2024-05-26
146718,11.75,98.75,PDF,2,2024-05-26
146719,11.75,99.25,PDF,2,2024-05-26
146720,11.75,99.75,Junta,0,2024-05-26
147437,12.25,98.25,Junta,0,2024-05-26
147438,12.25,98.75,Junta,0,2024-05-26
147439,12.25,99.25,PDF,2,2024-05-26
148157,12.75,98.25,Junta,0,2024-05-26
148158,12.75,98.75,Junta,0,2024-05-26
148159,12.75,99.25,PDF,2,2024-05-26
148878,13.25,98.75,Junta,0,2024-05-26
148879,13.25,99.25,PDF,2,2024-05-26
149597,13.75,98.25,Junta,0,2024-05-26
149598,13.75,98.75,Karen,4,2024-05-26
149599,13.75,99.25,Karen,4,2024-05-26
150317,14.25,98.25,Junta,0,2024-05-26
150318,14.25,98.75,Karen,4,2024-05-26
151036,14.75,97.75,Junta,0,2024-05-26
151037,14.75,98.25,Karen,4,2024-05-26
151756,15.25,97.75,Junta,0,2024-05-26
151757,15.25,98.25,Junta,0,2024-05-26
152471,15.75,95.25,Junta,0,2024-05-26
152472,15.75,95.75,Junta,0,2024-05-26
152476,15.75,97.75,Junta,0,2024-05-26
152477,15.75,98.25,Junta,0,2024-05-26
153189,16.25,94.25,Junta,0,2024-05-26
153190,16.25,94.75,Junta,0,2024-05-26
153191,16.25,95.25,Junta,0,2024-05-26
153192,16.25,95.75,Junta,0,2024-05-26
153193,16.25,96.25,Junta,0,2024-05-26
153196,16.25,97.75,Junta,0,2024-05-26
153197,16.25,98.25,Junta,0,2024-05-26
153198,16.25,98.75,Junta,0,2024-05-26
153909,16.75,94.25,Junta,0,2024-05-26
153910,16.75,94.75,Junta,0,2024-05-26
153911,16.75,95.25,Junta,0,2024-05-26
153912,16.75,95.75,Junta,0,2024-05-26
153913,16.75,96.25,Junta,0,2024-05-26
153914,16.75,96.75,Junta,0,2024-05-26
153915,16.75,97.25,Junta,0,2024-05-26
153916,16.75,97.75,Junta,0,2024-05-26
153917,16.75,98.25,Junta,0,2024-05-26
154630,17.25,94.75,Junta,0,2024-05-26
154631,17.25,95.25,Junta,0,2024-05-26
154632,17.25,95.75,Junta,0,2024-05-26
154633,17.25,96.25,Junta,0,2024-05-26
154634,17.25,96.75,Junta,0,2024-05-26
154635,17.25,97.25,Karen,4,2024-05-26
154636,17.25,97.75,Karen,4,2024-05-26
154637,17.25,98.25,Karen,4,2024-05-26
155350,17.75,94.75,Junta,0,2024-05-26
155351,17.75,95.25,Junta,0,2024-05-26
155352,17.75,95.75,Junta,0,2024-05-26
155353,17.75,96.25,Junta,0,2024-05-26
155354,17.75,96.75,Karen,4,2024-05-26
155355,17.75,97.25,Karen,4,2024-05-26
155356,17.75,97.75,Karen,4,2024-05-26
156069,18.25,94.25,Junta,0,2024-05-26
156070,18.25,94.75,Junta,0,2024-05-26
156071,18.25,95.25,Junta,0,2024-05-26
156072,18.25,95.75,Junta,0,2024-05-26
156073,18.25,96.25,PDF,2,2024-05-26
156074,18.25,96.75,Karen,4,2024-05-26
156075,18.25,97.25,Karen,4,2024-05-26
156076,18.25,97.75,Karen,4,2024-05-26
156788,18.75,93.75,Junta,0,2024-05-26
156789,18.75,94.25,Junta,0,2024-05-26
156790,18.75,94.75,Junta,0,2024-05-26
156791,18.75,95.25,Junta,0,2024-05-26
156792,18.75,95.75,PDF,2,2024-05-26
156793,18.75,96.25,PDF,2,2024-05-26
156794,18.75,96.75,Karen,4,2024-05-26
156795,18.75,97.25,Karenni,5,2024-05-26
156796,18.75,97.75,Karenni,5,2024-05-26
157508,19.25,93.75,Junta,0,2024-05-26
157509,19.25,94.25,Junta,0,2024-05-26
157510,19.25,94.75,Junta,0,2024-05-26
157511,19.25,95.25,Junta,0,2024-05-26
157512,19.25,95.75,Junta,0,2024-05-26
157513,19.25,96.25,Junta,0,2024-05-26
157514,19.25,96.75,Karen,4,2024-05-26
157515,19.25,97.25,Karenni,5,2024-05-26
157516,19.25,97.75,Karenni,5,2024-05-26
158228,19.75,93.75,Junta,0,2024-05-26
158229,19.75,94.25,Junta,0,2024-05-26
158230,19.75,94.75,Junta,0,2024-05-26
158231,19.75,95.25,Junta,0,2024-05-26
158232,19.75,95.75,Junta,0,2024-05-26
158233,19.75,96.25,Junta,0,2024-05-26
158234,19.75,96.75,Karenni,5,2024-05-26
158235,19.75,97.25,Karenni,5,2024-05-26
158236,19.75,97.75,Junta,0,2024-05-26
158237,19.75,98.25,Junta,0,2024-05-26
158238,19.75,98.75,Junta,0,2024-05-26
158946,20.25,92.75,Junta,0,2024-05-26
158947,20.25,93.25,Junta,0,2024-05-26
158948,20.25,93.75,AA,6,2024-05-26
158949,20.25,94.25,AA,6,2024-05-26
158950,20.25,94.75,Junta,0,2024-05-26
158951,20.25,95.25,Junta,0,2024-05-26
158952,20.25,95.75,Junta,0,2024-05-26
158953,20.25,96.25,Junta,0,2024-05-26
158954,20.25,96.75,Junta,0,2024-05-26
158955,20.25,97.25,Junta,0,2024-05-26
158956,20.25,97.75,Junta,0,2024-05-26
158957,20.25,98.25,Junta,0,2024-05-26
158958,20.25,98.75,Junta,0,2024-05-26
158959,20.25,99.25,Junta,0,2024-05-26
158960,20.25,99.75,Junta,0,2024-05-26
158961,20.25,100.25,Junta,0,2024-05-26
159665,20.75,92.25,Junta,0,2024-05-26
159666,20.75,92.75,AA,6,2024-05-26
159667,20.75,93.25,AA,6,2024-05-26
159668,20.75,93.75,AA,6,2024-05-26
159669,20.75,94.25,AA,6,2024-05-26
159670,20.75,94.75,Junta,0,2024-05-26
159671,20.75,95.25,Junta,0,2024-05-26
159672,20.75,95.75,Junta,0,2024-05-26
159673,20.75,96.25,Junta,0,2024-05-26
159674,20.75,96.75,Junta,0,2024-05-26
159675,20.75,97.25,Junta,0,2024-05-26
159676,20.75,97.75,Junta,0,2024-05-26
159677,20.75,98.25,Junta,0,2024-05-26
159678,20.75,98.75,Junta,0,2024-05-26
159679,20.75,99.25,Junta,0,2024-05-26
159680,20.75,99.75,Junta,0,2024-05-26
159681,20.75,100.25,Junta,0,2024-05-26
160385,21.25,92.25,AA,6,2024-05-26
160386,21.25,92.75,AA,6,2024-05-26
160387,21.25,93.25,Chin Resistance,9,2024-05-26
160388,21.25,93.75,Chin Resistance,9,2024-05-26
160389,21.25,94.25,PDF,2,2024-05-26
160390,21.25,94.75,Junta,0,2024-05-26
160391,21.25,95.25,Junta,0,2024-05-26
160392,21.25,95.75,Junta,0,2024-05-26
160393,21.25,96.25,Junta,0,2024-05-26
160394,21.25,96.75,Junta,0,2024-05-26
160395,21.25,97.25,SSPP,12,2024-05-26
160396,21.25,97.75,SSPP,12,2024-05-26
160397,21.25,98.25,Junta,0,2024-05-26
160398,21.25,98.75,Junta,0,2024-05-26
160399,21.25,99.25,Junta,0,2024-05-26
160400,21.25,99.75,Junta,0,2024-05-26
160401,21.25,100.25,Junta,0,2024-05-26
160402,21.25,100.75,Junta,0,2024-05-26
161105,21.75,92.25,AA,6,2024-05-26
161106,21.75,92.75,AA,6,2024-05-26
161107,21.75,93.25,Chin Resistance,9,2024-05-26
161108,21.75,93.75,Chin Resistance,9,2024-05-26
161109,21.75,94.25,Chin Resistance,9,2024-05-26
161110,21.75,94.75,PDF,2,2024-05-26
161111,21.75,95.25,PDF,2,2024-05-26
161112,21.75,95.75,Junta,0,2024-05-26
161113,21.75,96.25,Junta,0,2024-05-26
161114,21.75,96.75,Junta,0,2024-05-26
161115,21.75,97.25,SSPP,12,2024-05-26
161116,21.75,97.75,SSPP,12,2024-05-26
161117,21.75,98.25,SSPP,12,2024-05-26
161118,21.75,98.75,Junta,0,2024-05-26
161119,21.75,99.25,Junta,0,2024-05-26
161120,21.75,99.75,NDAA,14,2024-05-26
161121,21.75,100.25,NDAA,14,2024-05-26
161122,21.75,100.75,NDAA,14,2024-05-26
161123,21.75,101.25,Junta,0,2024-05-26
161826,22.25,92.75,AA,6,2024-05-26
161827,22.25,93.25,Chin Resistance,9,2024-05-26
161828,22.25,93.75,Chin Resistance,9,2024-05-26
161829,22.25,94.25,Junta,0,2024-05-26
161830,22.25,94.75,Junta,0,2024-05-26
161831,22.25,95.25,Junta,0,2024-05-26
161832,22.25,95.75,Junta,0,2024-05-26
161833,22.25,96.25,Junta,0,2024-05-26
161834,22.25,96.75,Junta,0,2024-05-26
161835,22.25,97.25,SSPP,12,2024-05-26
161836,22.25,97.75,SSPP,12,2024-05-26
161837,22.25,98.25,SSPP,12,2024-05-26
161838,22.25,98.75,SSPP,12,2024-05-26
161839,22.25,99.25,UWSA,15,2024-05-26
161840,22.25,99.75,UWSA,15,2024-05-26
162547,22.75,93.25,Chin Resistance,9,2024-05-26
162548,22.75,93.75,Chin Resistance,9,2024-05-26
162549,22.75,94.25,Junta,0,2024-05-26
162550,22.75,94.75,Junta,0,2024-05-26
162551,22.75,95.25,Junta,0,2024-05-26
162552,22.75,95.75,Junta,0,2024-05-26
162553,22.75,96.25,PDF,2,2024-05-26
162554,22.75,96.75,Junta,0,2024-05-26
162555,22.75,97.25,Junta,0,2024-05-26
162556,22.75,97.75,SSPP,12,2024-05-26
162557,22.75,98.25,SSPP,12,2024-05-26
162558,22.75,98.75,SSPP,12,2024-05-26
162559,22.75,99.25,UWSA,15,2024-05-26
163267,23.25,93.25,Chin Resistance,9,2024-05-26
163268,23.25,93.75,Chin Resistance,9,2024-05-26
163269,23.25,94.25,Junta,0,2024-05-26
163270,23.25,94.75,Junta,0,2024-05-26
163271,23.25,95.25,Junta,0,2024-05-26
163272,23.25,95.75,Junta,0,2024-05-26
163273,23.25,96.25,Junta,0,2024-05-26
163274,23.25,96.75,KIA,3,2024-05-26
163275,23.25,97.25,Junta,0,2024-05-26
163276,23.25,97.75,Junta,0,2024-05-26
163277,23.25,98.25,Junta,0,2024-05-26
163278,23.25,98.75,UWSA,15,2024-05-26
163279,23.25,99.25,UWSA,15,2024-05-26
163987,23.75,93.25,Chin Resistance,9,2024-05-26
163988,23.75,93.75,Chin Resistance,9,2024-05-26
163989,23.75,94.25,Chin Resistance,9,2024-05-26
163990,23.75,94.75,Junta,0,2024-05-26
163991,23.75,95.25,Junta,0,2024-05-26
163992,23.75,95.75,Junta,0,2024-05-26
163993,23.75,96.25,Junta,0,2024-05-26
163994,23.75,96.75,KIA,3,2024-05-26
163995,23.75,97.25,KIA,3,2024-05-26
163996,23.75,97.75,KIA,3,2024-05-26
163997,23.75,98.25,KIA,3,2024-05-26
163998,23.75,98.75,Junta,0,2024-05-26
164707,24.25,93.25,Chin Resistance,9,2024-05-26
164708,24.25,93.75,Chin Resistance,9,2024-05-26
164709,24.25,94.25,Junta,0,2024-05-26
164710,24.25,94.75,Junta,0,2024-05-26
164711,24.25,95.25,Junta,0,2024-05-26
164712,24.25,95.75,KIA,3,2024-05-26
164713,24.25,96.25,KIA,3,2024-05-26
164714,24.25,96.75,KIA,3,2024-05-26
164715,24.25,97.25,KIA,3,2024-05-26
164716,24.25,97.75,Junta,0,2024-05-26
164717,24.25,98.25,Junta,0,2024-05-26
164718,24.25,98.75,Junta,0,2024-05-26
165430,24.75,94.75,Junta,0,2024-05-26
165431,24.75,95.25,KIA,3,2024-05-26
165432,24.75,95.75,KIA,3,2024-05-26
165433,24.75,96.25,KIA,3,2024-05-26
165434,24.75,96.75,KIA,3,2024-05-26
165435,24.75,97.25,KIA,3,2024-05-26
165436,24.75,97.75,Junta,0,2024-05-26
166150,25.25,94.75,Junta,0,2024-05-26
166151,25.25,95.25,Junta,0,2024-05-26
166152,25.25,95.75,KIA,3,2024-05-26
166153,25.25,96.25,KIA,3,2024-05-26
166154,25.25,96.75,KIA,3,2024-05-26
166155,25.25,97.25,KIA,3,2024-05-26
166156,25.25,97.75,Junta,0,2024-05-26
166870,25.75,94.75,Junta,0,2024-05-26
166871,25.75,95.25,Junta,0,2024-05-26
166872,25.75,95.75,KIA,3,2024-05-26
166873,25.75,96.25,KIA,3,2024-05-26
166874,25.75,96.75,KIA,3,2024-05-26
166875,25.75,97.25,KIA,3,2024-05-26
166876,25.75,97.75,KIA,3,2024-05-26
166877,25.75,98.25,Junta,0,2024-05-26
166878,25.75,98.75,Junta,0,2024-05-26
167591,26.25,95.25,Junta,0,2024-05-26
167592,26.25,95.75,KIA,3,2024-05-26
167593,26.25,96.25,KIA,3,2024-05-26
167594,26.25,96.75,KIA,3,2024-05-26
167595,26.25,97.25,KIA,3,2024-05-26
167596,26.25,97.75,KIA,3,2024-05-26
167597,26.25,98.25,KIA,3,2024-05-26
167598,26.25,98.75,Junta,0,2024-05-26
168311,26.75,95.25,Junta,0,2024-05-26
168312,26.75,95.75,Junta,0,2024-05-26
168313,26.75,96.25,KIA,3,2024-05-26
168314,26.75,96.75,KIA,3,2024-05-26
168315,26.75,97.25,KIA,3,2024-05-26
168316,26.75,97.75,KIA,3,2024-05-26
168317,26.75,98.25,KIA,3,2024-05-26
168318,26.75,98.75,Junta,0,2024-05-26
169033,27.25,96.25,KIA,3,2024-05-26
169034,27.25,96.75,KIA,3,2024-05-26
169035,27.25,97.25,KIA,3,2024-05-26
169036,27.25,97.75,KIA,3,2024-05-26
169037,27.25,98.25,Junta,0,2024-05-26
169038,27.25,98.75,Junta,0,2024-05-26
169754,27.75,96.75,KIA,3,2024-05-26
169755,27.75,97.25,Junta,0,2024-05-26
169756,27.75,97.75,Junta,0,2024-05-26
169757,27.75,98.25,Junta,0,2024-05-26
170475,28.25,97.25,Junta,0,2024-05-26
170476,28.25,97.75,Junta,0,2024-05-26
170477,28.25,98.25,Junta,0,2024-05-26
144558,10.25,98.75,Junta,0,2024-05-29
145277,10.75,98.25,Junta,0,2024-05-29
145278,10.75,98.75,Junta,0,2024-05-29
145998,11.25,98.75,Junta,0,2024-05-29
145999,11.25,99.25,PDF,2,2024-05-29
146717,11.75,98.25,Junta,0,2024-05-29
146718,11.75,98.75,PDF,2,2024-05-29
146719,11.75,99.25,PDF,2,2024-05-29
146720,11.75,99.75,Junta,0,2024-05-29
147437,12.25,98.25,Junta,0,2024-05-29
147438,12.25,98.75,Junta,0,2024-05-29
147439,12.25,99.25,PDF,2,2024-05-29
148157,12.75,98.25,Junta,0,2024-05-29
148158,12.75,98.75,Junta,0,2024-05-29
148159,12.75,99.25,PDF,2,2024-05-29
148878,13.25,98.75,Junta,0,2024-05-29
148879,13.25,99.25,PDF,2,2024-05-29
149597,13.75,98.25,Junta,0,2024-05-29
149598,13.75,98.75,Karen,4,2024-05-29
149599,13.75,99.25,Karen,4,2024-05-29
150317,14.25,98.25,Junta,0,2024-05-29
150318,14.25,98.75,Karen,4,2024-05-29
151036,14.75,97.75,Junta,0,2024-05-29
151037,14.75,98.25,Karen,4,2024-05-29
151756,15.25,97.75,Junta,0,2024-05-29
151757,15.25,98.25,Junta,0,2024-05-29
152471,15.75,95.25,Junta,0,2024-05-29
152472,15.75,95.75,Junta,0,2024-05-29
152476,15.75,97.75,Junta,0,2024-05-29
152477,15.75,98.25,Junta,0,2024-05-29
153189,16.25,94.25,Junta,0,2024-05-29
153190,16.25,94.75,Junta,0,2024-05-29
153191,16.25,95.25,Junta,0,2024-05-29
153192,16.25,95.75,Junta,0,2024-05-29
153193,16.25,96.25,Junta,0,2024-05-29
153196,16.25,97.75,Junta,0,2024-05-29
153197,16.25,98.25,Junta,0,2024-05-29
153198,16.25,98.75,Junta,0,2024-05-29
153909,16.75,94.25,Junta,0,2024-05-29
153910,16.75,94.75,Junta,0,2024-05-29
153911,16.75,95.25,Junta,0,2024-05-29
153912,16.75,95.75,Junta,0,2024-05-29
153913,16.75,96.25,Junta,0,2024-05-29
153914,16.75,96.75,Junta,0,2024-05-29
153915,16.75,97.25,Junta,0,2024-05-29
153916,16.75,97.75,Junta,0,2024-05-29
153917,16.75,98.25,Junta,0,2024-05-29
154630,17.25,94.75,Junta,0,2024-05-29
154631,17.25,95.25,Junta,0,2024-05-29
154632,17.25,95.75,Junta,0,2024-05-29
154633,17.25,96.25,Junta,0,2024-05-29
154634,17.25,96.75,Junta,0,2024-05-29
154635,17.25,97.25,Karen,4,2024-05-29
154636,17.25,97.75,Karen,4,2024-05-29
154637,17.25,98.25,Karen,4,2024-05-29
155350,17.75,94.75,Junta,0,2024-05-29
155351,17.75,95.25,Junta,0,2024-05-29
155352,17.75,95.75,Junta,0,2024-05-29
155353,17.75,96.25,Junta,0,2024-05-29
155354,17.75,96.75,Karen,4,2024-05-29
155355,17.75,97.25,Karen,4,2024-05-29
155356,17.75,97.75,Karen,4,2024-05-29
156069,18.25,94.25,Junta,0,2024-05-29
156070,18.25,94.75,Junta,0,2024-05-29
156071,18.25,95.25,Junta,0,2024-05-29
156072,18.25,95.75,Junta,0,2024-05-29
156073,18.25,96.25,PDF,2,2024-05-29
156074,18.25,96.75,Karen,4,2024-05-29
156075,18.25,97.25,Karen,4,2024-05-29
156076,18.25,97.75,Karen,4,2024-05-29
156788,18.75,93.75,Junta,0,2024-05-29
156789,18.75,94.25,Junta,0,2024-05-29
156790,18.75,94.75,Junta,0,2024-05-29
156791,18.75,95.25,Junta,0,2024-05-29
156792,18.75,95.75,PDF,2,2024-05-29
156793,18.75,96.25,PDF,2,2024-05-29
156794,18.75,96.75,Karen,4,2024-05-29
156795,18.75,97.25,Karenni,5,2024-05-29
156796,18.75,97.75,Karenni,5,2024-05-29
157508,19.25,93.75,Junta,0,2024-05-29
157509,19.25,94.25,Junta,0,2024-05-29
157510,19.25,94.75,Junta,0,2024-05-29
157511,19.25,95.25,Junta,0,2024-05-29
157512,19.25,95.75,Junta,0,2024-05-29
157513,19.25,96.25,Junta,0,2024-05-29
157514,19.25,96.75,Karen,4,2024-05-29
157515,19.25,97.25,Karenni,5,2024-05-29
157516,19.25,97.75,Karenni,5,2024-05-29
158228,19.75,93.75,Junta,0,2024-05-29
158229,19.75,94.25,Junta,0,2024-05-29
158230,19.75,94.75,Junta,0,2024-05-29
158231,19.75,95.25,Junta,0,2024-05-29
158232,19.75,95.75,Junta,0,2024-05-29
158233,19.75,96.25,Junta,0,2024-05-29
158234,19.75,96.75,Karenni,5,2024-05-29
158235,19.75,97.25,Karenni,5,2024-05-29
158236,19.75,97.75,Junta,0,2024-05-29
158237,19.75,98.25,Junta,0,2024-05-29
158238,19.75,98.75,Junta,0,2024-05-29
158946,20.25,92.75,Junta,0,2024-05-29
158947,20.25,93.25,Junta,0,2024-05-29
158948,20.25,93.75,AA,6,2024-05-29
158949,20.25,94.25,AA,6,2024-05-29
158950,20.25,94.75,Junta,0,2024-05-29
158951,20.25,95.25,Junta,0,2024-05-29
158952,20.25,95.75,Junta,0,2024-05-29
158953,20.25,96.25,Junta,0,2024-05-29
158954,20.25,96.75,Junta,0,2024-05-29
158955,20.25,97.25,Junta,0,2024-05-29
158956,20.25,97.75,Junta,0,2024-05-29
158957,20.25,98.25,Junta,0,2024-05-29
158958,20.25,98.75,Junta,0,2024-05-29
158959,20.25,99.25,Junta,0,2024-05-29
158960,20.25,99.75,Junta,0,2024-05-29
158961,20.25,100.25,Junta,0,2024-05-29
159665,20.75,92.25,Junta,0,2024-05-29
159666,20.75,92.75,AA,6,2024-05-29
159667,20.75,93.25,AA,6,2024-05-29
159668,20.75,93.75,AA,6,2024-05-29
159669,20.75,94.25,AA,6,2024-05-29
159670,20.75,94.75,Junta,0,2024-05-29
159671,20.75,95.25,Junta,0,2024-05-29
159672,20.75,95.75,Junta,0,2024-05-29
159673,20.75,96.25,Junta,0,2024-05-29
159674,20.75,96.75,Junta,0,2024-05-29
159675,20.75,97.25,Junta,0,2024-05-29
159676,20.75,97.75,Junta,0,2024-05-29
159677,20.75,98.25,Junta,0,2024-05-29
159678,20.75,98.75,Junta,0,2024-05-29
159679,20.75,99.25,Junta,0,2024-05-29
159680,20.75,99.75,Junta,0,2024-05-29
159681,20.75,100.25,Junta,0,2024-05-29
160385,21.25,92.25,AA,6,2024-05-29
160386,21.25,92.75,AA,6,2024-05-29
160387,21.25,93.25,Chin Resistance,9,2024-05-29
160388,21.25,93.75,Chin Resistance,9,2024-05-29
160389,21.25,94.25,PDF,2,2024-05-29
160390,21.25,94.75,Junta,0,2024-05-29
160391,21.25,95.25,Junta,0,2024-05-29
160392,21.25,95.75,Junta,0,2024-05-29
160393,21.25,96.25,Junta,0,2024-05-29
160394,21.25,96.75,Junta,0,2024-05-29
160395,21.25,97.25,SSPP,12,2024-05-29
160396,21.25,97.75,SSPP,12,2024-05-29
160397,21.25,98.25,Junta,0,2024-05-29
160398,21.25,98.75,Junta,0,2024-05-29
160399,21.25,99.25,Junta,0,2024-05-29
160400,21.25,99.75,Junta,0,2024-05-29
160401,21.25,100.25,Junta,0,2024-05-29
160402,21.25,100.75,Junta,0,2024-05-29
161105,21.75,92.25,AA,6,2024-05-29
161106,21.75,92.75,AA,6,2024-05-29
161107,21.75,93.25,Chin Resistance,9,2024-05-29
161108,21.75,93.75,Chin Resistance,9,2024-05-29
161109,21.75,94.25,Chin Resistance,9,2024-05-29
161110,21.75,94.75,PDF,2,2024-05-29
161111,21.75,95.25,PDF,2,2024-05-29
161112,21.75,95.75,Junta,0,2024-05-29
161113,21.75,96.25,Junta,0,2024-05-29
161114,21.75,96.75,Junta,0,2024-05-29
161115,21.75,97.25,SSPP,12,2024-05-29
161116,21.75,97.75,SSPP,12,2024-05-29
161117,21.75,98.25,SSPP,12,2024-05-29
161118,21.75,98.75,Junta,0,2024-05-29
161119,21.75,99.25,Junta,0,2024-05-29
161120,21.75,99.75,NDAA,14,2024-05-29
161121,21.75,100.25,NDAA,14,2024-05-29
161122,21.75,100.75,NDAA,14,2024-05-29
161123,21.75,101.25,Junta,0,2024-05-29
161826,22.25,92.75,AA,6,2024-05-29
161827,22.25,93.25,Chin Resistance,9,2024-05-29
161828,22.25,93.75,Chin Resistance,9,2024-05-29
161829,22.25,94.25,Junta,0,2024-05-29
161830,22.25,94.75,Junta,0,2024-05-29
161831,22.25,95.25,Junta,0,2024-05-29
161832,22.25,95.75,Junta,0,2024-05-29
161833,22.25,96.25,Junta,0,2024-05-29
161834,22.25,96.75,Junta,0,2024-05-29
161835,22.25,97.25,SSPP,12,2024-05-29
161836,22.25,97.75,SSPP,12,2024-05-29
161837,22.25,98.25,SSPP,12,2024-05-29
161838,22.25,98.75,SSPP,12,2024-05-29
161839,22.25,99.25,UWSA,15,2024-05-29
161840,22.25,99.75,UWSA,15,2024-05-29
162547,22.75,93.25,Chin Resistance,9,2024-05-29
162548,22.75,93.75,Chin Resistance,9,2024-05-29
162549,22.75,94.25,Junta,0,2024-05-29
162550,22.75,94.75,Junta,0,2024-05-29
162551,22.75,95.25,Junta,0,2024-05-29
162552,22.75,95.75,Junta,0,2024-05-29
162553,22.75,96.25,PDF,2,2024-05-29
162554,22.75,96.75,Junta,0,2024-05-29
162555,22.75,97.25,Junta,0,2024-05-29
162556,22.75,97.75,SSPP,12,2024-05-29
162557,22.75,98.25,SSPP,12,2024-05-29
162558,22.75,98.75,SSPP,12,2024-05-29
162559,22.75,99.25,UWSA,15,2024-05-29
163267,23.25,93.25,Chin Resistance,9,2024-05-29
163268,23.25,93.75,Chin Resistance,9,2024-05-29
163269,23.25,94.25,Junta,0,2024-05-29
163270,23.25,94.75,Junta,0,2024-05-29
163271,23.25,95.25,Junta,0,2024-05-29
163272,23.25,95.75,Junta,0,2024-05-29
163273,23.25,96.25,Junta,0,2024-05-29
163274,23.25,96.75,KIA,3,2024-05-29
163275,23.25,97.25,Junta,0,2024-05-29
163276,23.25,97.75,Junta,0,2024-05-29
163277,23.25,98.25,Junta,0,2024-05-29
163278,23.25,98.75,UWSA,15,2024-05-29
163279,23.25,99.25,UWSA,15,2024-05-29
163987,23.75,93.25,Chin Resistance,9,2024-05-29
163988,23.75,93.75,Chin Resistance,9,2024-05-29
163989,23.75,94.25,Chin Resistance,9,2024-05-29
163990,23.75,94.75,Junta,0,2024-05-29
163991,23.75,95.25,Junta,0,2024-05-29
163992,23.75,95.75,Junta,0,2024-05-29
163993,23.75,96.25,Junta,0,2024-05-29
163994,23.75,96.75,KIA,3,2024-05-29
163995,23.75,97.25,KIA,3,2024-05-29
163996,23.75,97.75,KIA,3,2024-05-29
163997,23.75,98.25,KIA,3,2024-05-29
163998,23.75,98.75,Junta,0,2024-05-29
164707,24.25,93.25,Chin Resistance,9,2024-05-29
164708,24.25,93.75,Chin Resistance,9,2024-05-29
164709,24.25,94.25,Junta,0,2024-05-29
164710,24.25,94.75,Junta,0,2024-05-29
164711,24.25,95.25,Junta,0,2024-05-29
164712,24.25,95.75,KIA,3,2024-05-29
164713,24.25,96.25,KIA,3,2024-05-29
164714,24.25,96.75,KIA,3,2024-05-29
164715,24.25,97.25,KIA,3,2024-05-29
164716,24.25,97.75,Junta,0,2024-05-29
164717,24.25,98.25,Junta,0,2024-05-29
164718,24.25,98.75,Junta,0,2024-05-29
165430,24.75,94.75,Junta,0,2024-05-29
165431,24.75,95.25,KIA,3,2024-05-29
165432,24.75,95.75,KIA,3,2024-05-29
165433,24.75,96.25,KIA,3,2024-05-29
165434,24.75,96.75,KIA,3,2024-05-29
165435,24.75,97.25,KIA,3,2024-05-29
165436,24.75,97.75,Junta,0,2024-05-29
166150,25.25,94.75,Junta,0,2024-05-29
166151,25.25,95.25,Junta,0,2024-05-29
166152,25.25,95.75,KIA,3,2024-05-29
166153,25.25,96.25,KIA,3,2024-05-29
166154,25.25,96.75,KIA,3,2024-05-29
166155,25.25,97.25,KIA,3,2024-05-29
166156,25.25,97.75,Junta,0,2024-05-29
166870,25.75,94.75,Junta,0,2024-05-29
166871,25.75,95.25,Junta,0,2024-05-29
166872,25.75,95.75,KIA,3,2024-05-29
166873,25.75,96.25,KIA,3,2024-05-29
166874,25.75,96.75,KIA,3,2024-05-29
166875,25.75,97.25,KIA,3,2024-05-29
166876,25.75,97.75,KIA,3,2024-05-29
166877,25.75,98.25,Junta,0,2024-05-29
166878,25.75,98.75,Junta,0,2024-05-29
167591,26.25,95.25,Junta,0,2024-05-29
167592,26.25,95.75,KIA,3,2024-05-29
167593,26.25,96.25,KIA,3,2024-05-29
167594,26.25,96.75,KIA,3,2024-05-29
167595,26.25,97.25,KIA,3,2024-05-29
167596,26.25,97.75,KIA,3,2024-05-29
167597,26.25,98.25,KIA,3,2024-05-29
167598,26.25,98.75,Junta,0,2024-05-29
168311,26.75,95.25,Junta,0,2024-05-29
168312,26.75,95.75,Junta,0,2024-05-29
168313,26.75,96.25,KIA,3,2024-05-29
168314,26.75,96.75,KIA,3,2024-05-29
168315,26.75,97.25,KIA,3,2024-05-29
168316,26.75,97.75,KIA,3,2024-05-29
168317,26.75,98.25,KIA,3,2024-05-29
168318,26.75,98.75,Junta,0,2024-05-29
169033,27.25,96.25,KIA,3,2024-05-29
169034,27.25,96.75,KIA,3,2024-05-29
169035,27.25,97.25,KIA,3,2024-05-29
169036,27.25,97.75,KIA,3,2024-05-29
169037,27.25,98.25,Junta,0,2024-05-29
169038,27.25,98.75,Junta,0,2024-05-29
169754,27.75,96.75,KIA,3,2024-05-29
169755,27.75,97.25,Junta,0,2024-05-29
169756,27.75,97.75,Junta,0,2024-05-29
169757,27.75,98.25,Junta,0,2024-05-29
170475,28.25,97.25,Junta,0,2024-05-29
170476,28.25,97.75,Junta,0,2024-05-29
170477,28.25,98.25,Junta,0,2024-05-29
144558,10.25,98.75,Junta,0,2024-05-31
145277,10.75,98.25,Junta,0,2024-05-31
145278,10.75,98.75,Junta,0,2024-05-31
145998,11.25,98.75,Junta,0,2024-05-31
145999,11.25,99.25,PDF,2,2024-05-31
146717,11.75,98.25,Junta,0,2024-05-31
146718,11.75,98.75,PDF,2,2024-05-31
146719,11.75,99.25,PDF,2,2024-05-31
146720,11.75,99.75,Junta,0,2024-05-31
147437,12.25,98.25,Junta,0,2024-05-31
147438,12.25,98.75,Junta,0,2024-05-31
147439,12.25,99.25,PDF,2,2024-05-31
148157,12.75,98.25,Junta,0,2024-05-31
148158,12.75,98.75,Junta,0,2024-05-31
148159,12.75,99.25,PDF,2,2024-05-31
148878,13.25,98.75,Junta,0,2024-05-31
148879,13.25,99.25,PDF,2,2024-05-31
149597,13.75,98.25,Junta,0,2024-05-31
149598,13.75,98.75,Karen,4,2024-05-31
149599,13.75,99.25,Karen,4,2024-05-31
150317,14.25,98.25,Junta,0,2024-05-31
150318,14.25,98.75,Karen,4,2024-05-31
151036,14.75,97.75,Junta,0,2024-05-31
151037,14.75,98.25,Karen,4,2024-05-31
151756,15.25,97.75,Junta,0,2024-05-31
151757,15.25,98.25,Junta,0,2024-05-31
152471,15.75,95.25,Junta,0,2024-05-31
152472,15.75,95.75,Junta,0,2024-05-31
152476,15.75,97.75,Junta,0,2024-05-31
152477,15.75,98.25,Junta,0,2024-05-31
153189,16.25,94.25,Junta,0,2024-05-31
153190,16.25,94.75,Junta,0,2024-05-31
153191,16.25,95.25,Junta,0,2024-05-31
153192,16.25,95.75,Junta,0,2024-05-31
153193,16.25,96.25,Junta,0,2024-05-31
153196,16.25,97.75,Junta,0,2024-05-31
153197,16.25,98.25,Junta,0,2024-05-31
153198,16.25,98.75,Junta,0,2024-05-31
153909,16.75,94.25,Junta,0,2024-05-31
153910,16.75,94.75,Junta,0,2024-05-31
153911,16.75,95.25,Junta,0,2024-05-31
153912,16.75,95.75,Junta,0,2024-05-31
153913,16.75,96.25,Junta,0,2024-05-31
153914,16.75,96.75,Junta,0,2024-05-31
153915,16.75,97.25,Junta,0,2024-05-31
153916,16.75,97.75,Junta,0,2024-05-31
153917,16.75,98.25,Junta,0,2024-05-31
154630,17.25,94.75,Junta,0,2024-05-31
154631,17.25,95.25,Junta,0,2024-05-31
154632,17.25,95.75,Junta,0,2024-05-31
154633,17.25,96.25,Junta,0,2024-05-31
154634,17.25,96.75,Junta,0,2024-05-31
154635,17.25,97.25,Karen,4,2024-05-31
154636,17.25,97.75,Karen,4,2024-05-31
154637,17.25,98.25,Karen,4,2024-05-31
155350,17.75,94.75,Junta,0,2024-05-31
155351,17.75,95.25,Junta,0,2024-05-31
155352,17.75,95.75,Junta,0,2024-05-31
155353,17.75,96.25,Junta,0,2024-05-31
155354,17.75,96.75,Karen,4,2024-05-31
155355,17.75,97.25,Karen,4,2024-05-31
155356,17.75,97.75,Karen,4,2024-05-31
156069,18.25,94.25,Junta,0,2024-05-31
156070,18.25,94.75,Junta,0,2024-05-31
156071,18.25,95.25,Junta,0,2024-05-31
156072,18.25,95.75,Junta,0,2024-05-31
156073,18.25,96.25,PDF,2,2024-05-31
156074,18.25,96.75,Karen,4,2024-05-31
156075,18.25,97.25,Karen,4,2024-05-31
156076,18.25,97.75,Karen,4,2024-05-31
156788,18.75,93.75,Junta,0,2024-05-31
156789,18.75,94.25,Junta,0,2024-05-31
156790,18.75,94.75,Junta,0,2024-05-31
156791,18.75,95.25,Junta,0,2024-05-31
156792,18.75,95.75,PDF,2,2024-05-31
156793,18.75,96.25,PDF,2,2024-05-31
156794,18.75,96.75,Karen,4,2024-05-31
156795,18.75,97.25,Karenni,5,2024-05-31
156796,18.75,97.75,Karenni,5,2024-05-31
157508,19.25,93.75,Junta,0,2024-05-31
157509,19.25,94.25,Junta,0,2024-05-31
157510,19.25,94.75,Junta,0,2024-05-31
157511,19.25,95.25,Junta,0,2024-05-31
157512,19.25,95.75,Junta,0,2024-05-31
157513,19.25,96.25,Junta,0,2024-05-31
157514,19.25,96.75,Karen,4,2024-05-31
157515,19.25,97.25,Karenni,5,2024-05-31
157516,19.25,97.75,Karenni,5,2024-05-31
158228,19.75,93.75,Junta,0,2024-05-31
158229,19.75,94.25,Junta,0,2024-05-31
158230,19.75,94.75,Junta,0,2024-05-31
158231,19.75,95.25,Junta,0,2024-05-31
158232,19.75,95.75,Junta,0,2024-05-31
158233,19.75,96.25,Junta,0,2024-05-31
158234,19.75,96.75,Karenni,5,2024-05-31
158235,19.75,97.25,Karenni,5,2024-05-31
158236,19.75,97.75,Junta,0,2024-05-31
158237,19.75,98.25,Junta,0,2024-05-31
158238,19.75,98.75,Junta,0,2024-05-31
158946,20.25,92.75,Junta,0,2024-05-31
158947,20.25,93.25,Junta,0,2024-05-31
158948,20.25,93.75,AA,6,2024-05-31
158949,20.25,94.25,AA,6,2024-05-31
158950,20.25,94.75,Junta,0,2024-05-31
158951,20.25,95.25,Junta,0,2024-05-31
158952,20.25,95.75,Junta,0,2024-05-31
158953,20.25,96.25,Junta,0,2024-05-31
158954,20.25,96.75,Junta,0,2024-05-31
158955,20.25,97.25,Junta,0,2024-05-31
158956,20.25,97.75,Junta,0,2024-05-31
158957,20.25,98.25,Junta,0,2024-05-31
158958,20.25,98.75,Junta,0,2024-05-31
158959,20.25,99.25,Junta,0,2024-05-31
158960,20.25,99.75,Junta,0,2024-05-31
158961,20.25,100.25,Junta,0,2024-05-31
159665,20.75,92.25,Junta,0,2024-05-31
159666,20.75,92.75,AA,6,2024-05-31
159667,20.75,93.25,AA,6,2024-05-31
159668,20.75,93.75,AA,6,2024-05-31
159669,20.75,94.25,AA,6,2024-05-31
159670,20.75,94.75,Junta,0,2024-05-31
159671,20.75,95.25,Junta,0,2024-05-31
159672,20.75,95.75,Junta,0,2024-05-31
159673,20.75,96.25,Junta,0,2024-05-31
159674,20.75,96.75,Junta,0,2024-05-31
159675,20.75,97.25,Junta,0,2024-05-31
159676,20.75,97.75,Junta,0,2024-05-31
159677,20.75,98.25,Junta,0,2024-05-31
159678,20.75,98.75,Junta,0,2024-05-31
159679,20.75,99.25,Junta,0,2024-05-31
159680,20.75,99.75,Junta,0,2024-05-31
159681,20.75,100.25,Junta,0,2024-05-31
160385,21.25,92.25,AA,6,2024-05-31
160386,21.25,92.75,AA,6,2024-05-31
160387,21.25,93.25,Chin Resistance,9,2024-05-31
160388,21.25,93.75,Chin Resistance,9,2024-05-31
160389,21.25,94.25,PDF,2,2024-05-31
160390,21.25,94.75,Junta,0,2024-05-31
160391,21.25,95.25,Junta,0,2024-05-31
160392,21.25,95.75,Junta,0,2024-05-31
160393,21.25,96.25,Junta,0,2024-05-31
160394,21.25,96.75,Junta,0,2024-05-31
160395,21.25,97.25,SSPP,12,2024-05-31
160396,21.25,97.75,SSPP,12,2024-05-31
160397,21.25,98.25,Junta,0,2024-05-31
160398,21.25,98.75,Junta,0,2024-05-31
160399,21.25,99.25,Junta,0,2024-05-31
160400,21.25,99.75,Junta,0,2024-05-31
160401,21.25,100.25,Junta,0,2024-05-31
160402,21.25,100.75,Junta,0,2024-05-31
161105,21.75,92.25,AA,6,2024-05-31
161106,21.75,92.75,AA,6,2024-05-31
161107,21.75,93.25,Chin Resistance,9,2024-05-31
161108,21.75,93.75,Chin Resistance,9,2024-05-31
161109,21.75,94.25,Chin Resistance,9,2024-05-31
161110,21.75,94.75,PDF,2,2024-05-31
161111,21.75,95.25,PDF,2,2024-05-31
161112,21.75,95.75,Junta,0,2024-05-31
161113,21.75,96.25,Junta,0,2024-05-31
161114,21.75,96.75,Junta,0,2024-05-31
161115,21.75,97.25,SSPP,12,2024-05-31
161116,21.75,97.75,SSPP,12,2024-05-31
161117,21.75,98.25,SSPP,12,2024-05-31
161118,21.75,98.75,Junta,0,2024-05-31
161119,21.75,99.25,Junta,0,2024-05-31
161120,21.75,99.75,NDAA,14,2024-05-31
161121,21.75,100.25,NDAA,14,2024-05-31
161122,21.75,100.75,NDAA,14,2024-05-31
161123,21.75,101.25,Junta,0,2024-05-31
161826,22.25,92.75,AA,6,2024-05-31
161827,22.25,93.25,Chin Resistance,9,2024-05-31
161828,22.25,93.75,Chin Resistance,9,2024-05-31
161829,22.25,94.25,Junta,0,2024-05-31
161830,22.25,94.75,Junta,0,2024-05-31
161831,22.25,95.25,Junta,0,2024-05-31
161832,22.25,95.75,Junta,0,2024-05-31
161833,22.25,96.25,Junta,0,2024-05-31
161834,22.25,96.75,Junta,0,2024-05-31
161835,22.25,97.25,SSPP,12,2024-05-31
161836,22.25,97.75,SSPP,12,2024-05-31
161837,22.25,98.25,SSPP,12,2024-05-31
161838,22.25,98.75,SSPP,12,2024-05-31
161839,22.25,99.25,UWSA,15,2024-05-31
161840,22.25,99.75,UWSA,15,2024-05-31
162547,22.75,93.25,Chin Resistance,9,2024-05-31
162548,22.75,93.75,Chin Resistance,9,2024-05-31
162549,22.75,94.25,Junta,0,2024-05-31
162550,22.75,94.75,Junta,0,2024-05-31
162551,22.75,95.25,Junta,0,2024-05-31
162552,22.75,95.75,Junta,0,2024-05-31
162553,22.75,96.25,PDF,2,2024-05-31
162554,22.75,96.75,Junta,0,2024-05-31
162555,22.75,97.25,Junta,0,2024-05-31
162556,22.75,97.75,SSPP,12,2024-05-31
162557,22.75,98.25,SSPP,12,2024-05-31
162558,22.75,98.75,SSPP,12,2024-05-31
162559,22.75,99.25,UWSA,15,2024-05-31
163267,23.25,93.25,Chin Resistance,9,2024-05-31
163268,23.25,93.75,Chin Resistance,9,2024-05-31
163269,23.25,94.25,Junta,0,2024-05-31
163270,23.25,94.75,Junta,0,2024-05-31
163271,23.25,95.25,Junta,0,2024-05-31
163272,23.25,95.75,Junta,0,2024-05-31
163273,23.25,96.25,Junta,0,2024-05-31
163274,23.25,96.75,KIA,3,2024-05-31
163275,23.25,97.25,Junta,0,2024-05-31
163276,23.25,97.75,Junta,0,2024-05-31
163277,23.25,98.25,Junta,0,2024-05-31
163278,23.25,98.75,UWSA,15,2024-05-31
163279,23.25,99.25,UWSA,15,2024-05-31
163987,23.75,93.25,Chin Resistance,9,2024-05-31
163988,23.75,93.75,Chin Resistance,9,2024-05-31
163989,23.75,94.25,Chin Resistance,9,2024-05-31
163990,23.75,94.75,Junta,0,2024-05-31
163991,23.75,95.25,Junta,0,2024-05-31
163992,23.75,95.75,Junta,0,2024-05-31
163993,23.75,96.25,Junta,0,2024-05-31
163994,23.75,96.75,KIA,3,2024-05-31
163995,23.75,97.25,KIA,3,2024-05-31
163996,23.75,97.75,KIA,3,2024-05-31
163997,23.75,98.25,KIA,3,2024-05-31
163998,23.75,98.75,Junta,0,2024-05-31
164707,24.25,93.25,Chin Resistance,9,2024-05-31
164708,24.25,93.75,Chin Resistance,9,2024-05-31
164709,24.25,94.25,Junta,0,2024-05-31
164710,24.25,94.75,Junta,0,2024-05-31
164711,24.25,95.25,Junta,0,2024-05-31
164712,24.25,95.75,KIA,3,2024-05-31
164713,24.25,96.25,KIA,3,2024-05-31
164714,24.25,96.75,KIA,3,2024-05-31
164715,24.25,97.25,KIA,3,2024-05-31
164716,24.25,97.75,Junta,0,2024-05-31
164717,24.25,98.25,Junta,0,2024-05-31
164718,24.25,98.75,Junta,0,2024-05-31
165430,24.75,94.75,Junta,0,2024-05-31
165431,24.75,95.25,KIA,3,2024-05-31
165432,24.75,95.75,KIA,3,2024-05-31
165433,24.75,96.25,KIA,3,2024-05-31
165434,24.75,96.75,KIA,3,2024-05-31
165435,24.75,97.25,KIA,3,2024-05-31
165436,24.75,97.75,Junta,0,2024-05-31
166150,25.25,94.75,Junta,0,2024-05-31
166151,25.25,95.25,Junta,0,2024-05-31
166152,25.25,95.75,KIA,3,2024-05-31
166153,25.25,96.25,KIA,3,2024-05-31
166154,25.25,96.75,KIA,3,2024-05-31
166155,25.25,97.25,KIA,3,2024-05-31
166156,25.25,97.75,Junta,0,2024-05-31
166870,25.75,94.75,Junta,0,2024-05-31
166871,25.75,95.25,Junta,0,2024-05-31
166872,25.75,95.75,KIA,3,2024-05-31
166873,25.75,96.25,KIA,3,2024-05-31
166874,25.75,96.75,KIA,3,2024-05-31
166875,25.75,97.25,KIA,3,2024-05-31
166876,25.75,97.75,KIA,3,2024-05-31
166877,25.75,98.25,Junta,0,2024-05-31
166878,25.75,98.75,Junta,0,2024-05-31
167591,26.25,95.25,Junta,0,2024-05-31
167592,26.25,95.75,KIA,3,2024-05-31
167593,26.25,96.25,KIA,3,2024-05-31
167594,26.25,96.75,KIA,3,2024-05-31
167595,26.25,97.25,KIA,3,2024-05-31
167596,26.25,97.75,KIA,3,2024-05-31
167597,26.25,98.25,KIA,3,2024-05-31
167598,26.25,98.75,Junta,0,2024-05-31
168311,26.75,95.25,Junta,0,2024-05-31
168312,26.75,95.75,Junta,0,2024-05-31
168313,26.75,96.25,KIA,3,2024-05-31
168314,26.75,96.75,KIA,3,2024-05-31
168315,26.75,97.25,KIA,3,2024-05-31
168316,26.75,97.75,KIA,3,2024-05-31
168317,26.75,98.25,KIA,3,2024-05-31
168318,26.75,98.75,Junta,0,2024-05-31
169033,27.25,96.25,KIA,3,2024-05-31
169034,27.25,96.75,KIA,3,2024-05-31
169035,27.25,97.25,KIA,3,2024-05-31
169036,27.25,97.75,KIA,3,2024-05-31
169037,27.25,98.25,Junta,0,2024-05-31
169038,27.25,98.75,Junta,0,2024-05-31
169754,27.75,96.75,KIA,3,2024-05-31
169755,27.75,97.25,Junta,0,2024-05-31
169756,27.75,97.75,Junta,0,2024-05-31
169757,27.75,98.25,Junta,0,2024-05-31
170475,28.25,97.25,Junta,0,2024-05-31
170476,28.25,97.75,Junta,0,2024-05-31
170477,28.25,98.25,Junta,0,2024-05-31
144558,10.25,98.75,Junta,0,2024-07-01
145277,10.75,98.25,Junta,0,2024-07-01
145278,10.75,98.75,Junta,0,2024-07-01
145998,11.25,98.75,Junta,0,2024-07-01
145999,11.25,99.25,PDF,2,2024-07-01
146717,11.75,98.25,Junta,0,2024-07-01
146718,11.75,98.75,PDF,2,2024-07-01
146719,11.75,99.25,PDF,2,2024-07-01
146720,11.75,99.75,Junta,0,2024-07-01
147437,12.25,98.25,Junta,0,2024-07-01
147438,12.25,98.75,Junta,0,2024-07-01
147439,12.25,99.25,PDF,2,2024-07-01
148157,12.75,98.25,Junta,0,2024-07-01
148158,12.75,98.75,Junta,0,2024-07-01
148159,12.75,99.25,PDF,2,2024-07-01
148878,13.25,98.75,Junta,0,2024-07-01
148879,13.25,99.25,PDF,2,2024-07-01
149597,13.75,98.25,Junta,0,2024-07-01
149598,13.75,98.75,Karen,4,2024-07-01
149599,13.75,99.25,Karen,4,2024-07-01
150317,14.25,98.25,Junta,0,2024-07-01
150318,14.25,98.75,Karen,4,2024-07-01
151036,14.75,97.75,Junta,0,2024-07-01
151037,14.75,98.25,Karen,4,2024-07-01
151756,15.25,97.75,Junta,0,2024-07-01
151757,15.25,98.25,Junta,0,2024-07-01
152471,15.75,95.25,Junta,0,2024-07-01
152472,15.75,95.75,Junta,0,2024-07-01
152476,15.75,97.75,Junta,0,2024-07-01
152477,15.75,98.25,Junta,0,2024-07-01
153189,16.25,94.25,Junta,0,2024-07-01
153190,16.25,94.75,Junta,0,2024-07-01
153191,16.25,95.25,Junta,0,2024-07-01
153192,16.25,95.75,Junta,0,2024-07-01
153193,16.25,96.25,Junta,0,2024-07-01
153196,16.25,97.75,Junta,0,2024-07-01
153197,16.25,98.25,Junta,0,2024-07-01
153198,16.25,98.75,Junta,0,2024-07-01
153909,16.75,94.25,Junta,0,2024-07-01
153910,16.75,94.75,Junta,0,2024-07-01
153911,16.75,95.25,Junta,0,2024-07-01
153912,16.75,95.75,Junta,0,2024-07-01
153913,16.75,96.25,Junta,0,2024-07-01
153914,16.75,96.75,Junta,0,2024-07-01
153915,16.75,97.25,Junta,0,2024-07-01
153916,16.75,97.75,Junta,0,2024-07-01
153917,16.75,98.25,Junta,0,2024-07-01
154630,17.25,94.75,Junta,0,2024-07-01
154631,17.25,95.25,Junta,0,2024-07-01
154632,17.25,95.75,Junta,0,2024-07-01
154633,17.25,96.25,Junta,0,2024-07-01
154634,17.25,96.75,Junta,0,2024-07-01
154635,17.25,97.25,Karen,4,2024-07-01
154636,17.25,97.75,Karen,4,2024-07-01
154637,17.25,98.25,Karen,4,2024-07-01
155350,17.75,94.75,Junta,0,2024-07-01
155351,17.75,95.25,Junta,0,2024-07-01
155352,17.75,95.75,Junta,0,2024-07-01
155353,17.75,96.25,Junta,0,2024-07-01
155354,17.75,96.75,Karen,4,2024-07-01
155355,17.75,97.25,Karen,4,2024-07-01
155356,17.75,97.75,Karen,4,2024-07-01
156069,18.25,94.25,Junta,0,2024-07-01
156070,18.25,94.75,Junta,0,2024-07-01
156071,18.25,95.25,Junta,0,2024-07-01
156072,18.25,95.75,Junta,0,2024-07-01
156073,18.25,96.25,PDF,2,2024-07-01
156074,18.25,96.75,Karen,4,2024-07-01
156075,18.25,97.25,Karen,4,2024-07-01
156076,18.25,97.75,Karen,4,2024-07-01
156788,18.75,93.75,Junta,0,2024-07-01
156789,18.75,94.25,Junta,0,2024-07-01
156790,18.75,94.75,Junta,0,2024-07-01
156791,18.75,95.25,Junta,0,2024-07-01
156792,18.75,95.75,PDF,2,2024-07-01
156793,18.75,96.25,PDF,2,2024-07-01
156794,18.75,96.75,Karen,4,2024-07-01
156795,18.75,97.25,Karenni,5,2024-07-01
156796,18.75,97.75,Karenni,5,2024-07-01
157508,19.25,93.75,Junta,0,2024-07-01
157509,19.25,94.25,Junta,0,2024-07-01
157510,19.25,94.75,Junta,0,2024-07-01
157511,19.25,95.25,Junta,0,2024-07-01
157512,19.25,95.75,Junta,0,2024-07-01
157513,19.25,96.25,Junta,0,2024-07-01
157514,19.25,96.75,Karen,4,2024-07-01
157515,19.25,97.25,Karenni,5,2024-07-01
157516,19.25,97.75,Karenni,5,2024-07-01
158228,19.75,93.75,Junta,0,2024-07-01
158229,19.75,94.25,Junta,0,2024-07-01
158230,19.75,94.75,Junta,0,2024-07-01
158231,19.75,95.25,Junta,0,2024-07-01
158232,19.75,95.75,Junta,0,2024-07-01
158233,19.75,96.25,Junta,0,2024-07-01
158234,19.75,96.75,Karenni,5,2024-07-01
158235,19.75,97.25,Karenni,5,2024-07-01
158236,19.75,97.75,Junta,0,2024-07-01
158237,19.75,98.25,Junta,0,2024-07-01
158238,19.75,98.75,Junta,0,2024-07-01
158946,20.25,92.75,Junta,0,2024-07-01
158947,20.25,93.25,Junta,0,2024-07-01
158948,20.25,93.75,AA,6,2024-07-01
158949,20.25,94.25,AA,6,2024-07-01
158950,20.25,94.75,Junta,0,2024-07-01
158951,20.25,95.25,Junta,0,2024-07-01
158952,20.25,95.75,Junta,0,2024-07-01
158953,20.25,96.25,Junta,0,2024-07-01
158954,20.25,96.75,Junta,0,2024-07-01
158955,20.25,97.25,Junta,0,2024-07-01
158956,20.25,97.75,Junta,0,2024-07-01
158957,20.25,98.25,Junta,0,2024-07-01
158958,20.25,98.75,Junta,0,2024-07-01
158959,20.25,99.25,Junta,0,2024-07-01
158960,20.25,99.75,Junta,0,2024-07-01
158961,20.25,100.25,Junta,0,2024-07-01
159665,20.75,92.25,Junta,0,2024-07-01
159666,20.75,92.75,AA,6,2024-07-01
159667,20.75,93.25,AA,6,2024-07-01
159668,20.75,93.75,AA,6,2024-07-01
159669,20.75,94.25,AA,6,2024-07-01
159670,20.75,94.75,Junta,0,2024-07-01
159671,20.75,95.25,Junta,0,2024-07-01
159672,20.75,95.75,Junta,0,2024-07-01
159673,20.75,96.25,Junta,0,2024-07-01
159674,20.75,96.75,Junta,0,2024-07-01
159675,20.75,97.25,Junta,0,2024-07-01
159676,20.75,97.75,Junta,0,2024-07-01
159677,20.75,98.25,Junta,0,2024-07-01
159678,20.75,98.75,Junta,0,2024-07-01
159679,20.75,99.25,Junta,0,2024-07-01
159680,20.75,99.75,Junta,0,2024-07-01
159681,20.75,100.25,Junta,0,2024-07-01
160385,21.25,92.25,AA,6,2024-07-01
160386,21.25,92.75,AA,6,2024-07-01
160387,21.25,93.25,Chin Resistance,9,2024-07-01
160388,21.25,93.75,Chin Resistance,9,2024-07-01
160389,21.25,94.25,PDF,2,2024-07-01
160390,21.25,94.75,Junta,0,2024-07-01
160391,21.25,95.25,Junta,0,2024-07-01
160392,21.25,95.75,Junta,0,2024-07-01
160393,21.25,96.25,Junta,0,2024-07-01
160394,21.25,96.75,Junta,0,2024-07-01
160395,21.25,97.25,SSPP,12,2024-07-01
160396,21.25,97.75,SSPP,12,2024-07-01
160397,21.25,98.25,Junta,0,2024-07-01
160398,21.25,98.75,Junta,0,2024-07-01
160399,21.25,99.25,Junta,0,2024-07-01
160400,21.25,99.75,Junta,0,2024-07-01
160401,21.25,100.25,Junta,0,2024-07-01
160402,21.25,100.75,Junta,0,2024-07-01
161105,21.75,92.25,AA,6,2024-07-01
161106,21.75,92.75,AA,6,2024-07-01
161107,21.75,93.25,Chin Resistance,9,2024-07-01
161108,21.75,93.75,Chin Resistance,9,2024-07-01
161109,21.75,94.25,Chin Resistance,9,2024-07-01
161110,21.75,94.75,PDF,2,2024-07-01
161111,21.75,95.25,PDF,2,2024-07-01
161112,21.75,95.75,Junta,0,2024-07-01
161113,21.75,96.25,Junta,0,2024-07-01
161114,21.75,96.75,Junta,0,2024-07-01
161115,21.75,97.25,SSPP,12,2024-07-01
161116,21.75,97.75,SSPP,12,2024-07-01
161117,21.75,98.25,SSPP,12,2024-07-01
161118,21.75,98.75,Junta,0,2024-07-01
161119,21.75,99.25,Junta,0,2024-07-01
161120,21.75,99.75,NDAA,14,2024-07-01
161121,21.75,100.25,NDAA,14,2024-07-01
161122,21.75,100.75,NDAA,14,2024-07-01
161123,21.75,101.25,Junta,0,2024-07-01
161826,22.25,92.75,AA,6,2024-07-01
161827,22.25,93.25,Chin Resistance,9,2024-07-01
161828,22.25,93.75,Chin Resistance,9,2024-07-01
161829,22.25,94.25,Junta,0,2024-07-01
161830,22.25,94.75,Junta,0,2024-07-01
161831,22.25,95.25,Junta,0,2024-07-01
161832,22.25,95.75,Junta,0,2024-07-01
161833,22.25,96.25,Junta,0,2024-07-01
161834,22.25,96.75,Junta,0,2024-07-01
161835,22.25,97.25,SSPP,12,2024-07-01
161836,22.25,97.75,SSPP,12,2024-07-01
161837,22.25,98.25,SSPP,12,2024-07-01
161838,22.25,98.75,SSPP,12,2024-07-01
161839,22.25,99.25,UWSA,15,2024-07-01
161840,22.25,99.75,UWSA,15,2024-07-01
162547,22.75,93.25,Chin Resistance,9,2024-07-01
162548,22.75,93.75,Chin Resistance,9,2024-07-01
162549,22.75,94.25,Junta,0,2024-07-01
162550,22.75,94.75,Junta,0,2024-07-01
162551,22.75,95.25,Junta,0,2024-07-01
162552,22.75,95.75,Junta,0,2024-07-01
162553,22.75,96.25,PDF,2,2024-07-01
162554,22.75,96.75,Junta,0,2024-07-01
162555,22.75,97.25,Junta,0,2024-07-01
162556,22.75,97.75,SSPP,12,2024-07-01
162557,22.75,98.25,SSPP,12,2024-07-01
162558,22.75,98.75,SSPP,12,2024-07-01
162559,22.75,99.25,UWSA,15,2024-07-01
163267,23.25,93.25,Chin Resistance,9,2024-07-01
163268,23.25,93.75,Chin Resistance,9,2024-07-01
163269,23.25,94.25,Junta,0,2024-07-01
163270,23.25,94.75,Junta,0,2024-07-01
163271,23.25,95.25,Junta,0,2024-07-01
163272,23.25,95.75,Junta,0,2024-07-01
163273,23.25,96.25,Junta,0,2024-07-01
163274,23.25,96.75,KIA,3,2024-07-01
163275,23.25,97.25,Junta,0,2024-07-01
163276,23.25,97.75,Junta,0,2024-07-01
163277,23.25,98.25,Junta,0,2024-07-01
163278,23.25,98.75,UWSA,15,2024-07-01
163279,23.25,99.25,UWSA,15,2024-07-01
163987,23.75,93.25,Chin Resistance,9,2024-07-01
163988,23.75,93.75,Chin Resistance,9,2024-07-01
163989,23.75,94.25,Chin Resistance,9,2024-07-01
163990,23.75,94.75,Junta,0,2024-07-01
163991,23.75,95.25,Junta,0,2024-07-01
163992,23.75,95.75,Junta,0,2024-07-01
163993,23.75,96.25,Junta,0,2024-07-01
163994,23.75,96.75,KIA,3,2024-07-01
163995,23.75,97.25,KIA,3,2024-07-01
163996,23.75,97.75,KIA,3,2024-07-01
163997,23.75,98.25,KIA,3,2024-07-01
163998,23.75,98.75,Junta,0,2024-07-01
164707,24.25,93.25,Chin Resistance,9,2024-07-01
164708,24.25,93.75,Chin Resistance,9,2024-07-01
164709,24.25,94.25,Junta,0,2024-07-01
164710,24.25,94.75,Junta,0,2024-07-01
164711,24.25,95.25,Junta,0,2024-07-01
164712,24.25,95.75,KIA,3,2024-07-01
164713,24.25,96.25,KIA,3,2024-07-01
164714,24.25,96.75,KIA,3,2024-07-01
164715,24.25,97.25,KIA,3,2024-07-01
164716,24.25,97.75,Junta,0,2024-07-01
164717,24.25,98.25,Junta,0,2024-07-01
164718,24.25,98.75,Junta,0,2024-07-01
165430,24.75,94.75,Junta,0,2024-07-01
165431,24.75,95.25,KIA,3,2024-07-01
165432,24.75,95.75,KIA,3,2024-07-01
165433,24.75,96.25,KIA,3,2024-07-01
165434,24.75,96.75,KIA,3,2024-07-01
165435,24.75,97.25,KIA,3,2024-07-01
165436,24.75,97.75,Junta,0,2024-07-01
166150,25.25,94.75,Junta,0,2024-07-01
166151,25.25,95.25,Junta,0,2024-07-01
166152,25.25,95.75,KIA,3,2024-07-01
166153,25.25,96.25,KIA,3,2024-07-01
166154,25.25,96.75,KIA,3,2024-07-01
166155,25.25,97.25,KIA,3,2024-07-01
166156,25.25,97.75,Junta,0,2024-07-01
166870,25.75,94.75,Junta,0,2024-07-01
166871,25.75,95.25,Junta,0,2024-07-01
166872,25.75,95.75,KIA,3,2024-07-01
166873,25.75,96.25,KIA,3,2024-07-01
166874,25.75,96.75,KIA,3,2024-07-01
166875,25.75,97.25,KIA,3,2024-07-01
166876,25.75,97.75,KIA,3,2024-07-01
166877,25.75,98.25,Junta,0,2024-07-01
166878,25.75,98.75,Junta,0,2024-07-01
167591,26.25,95.25,Junta,0,2024-07-01
167592,26.25,95.75,KIA,3,2024-07-01
167593,26.25,96.25,KIA,3,2024-07-01
167594,26.25,96.75,KIA,3,2024-07-01
167595,26.25,97.25,KIA,3,2024-07-01
167596,26.25,97.75,KIA,3,2024-07-01
167597,26.25,98.25,KIA,3,2024-07-01
167598,26.25,98.75,Junta,0,2024-07-01
168311,26.75,95.25,Junta,0,2024-07-01
168312,26.75,95.75,Junta,0,2024-07-01
168313,26.75,96.25,KIA,3,2024-07-01
168314,26.75,96.75,KIA,3,2024-07-01
168315,26.75,97.25,KIA,3,2024-07-01
168316,26.75,97.75,KIA,3,2024-07-01
168317,26.75,98.25,KIA,3,2024-07-01
168318,26.75,98.75,Junta,0,2024-07-01
169033,27.25,96.25,KIA,3,2024-07-01
169034,27.25,96.75,KIA,3,2024-07-01
169035,27.25,97.25,KIA,3,2024-07-01
169036,27.25,97.75,KIA,3,2024-07-01
169037,27.25,98.25,Junta,0,2024-07-01
169038,27.25,98.75,Junta,0,2024-07-01
169754,27.75,96.75,KIA,3,2024-07-01
169755,27.75,97.25,Junta,0,2024-07-01
169756,27.75,97.75,Junta,0,2024-07-01
169757,27.75,98.25,Junta,0,2024-07-01
170475,28.25,97.25,Junta,0,2024-07-01
170476,28.25,97.75,Junta,0,2024-07-01
170477,28.25,98.25,Junta,0,2024-07-01
144558,10.25,98.75,Junta,0,2024-07-02
145277,10.75,98.25,Junta,0,2024-07-02
145278,10.75,98.75,Junta,0,2024-07-02
145998,11.25,98.75,Junta,0,2024-07-02
145999,11.25,99.25,PDF,2,2024-07-02
146717,11.75,98.25,Junta,0,2024-07-02
146718,11.75,98.75,PDF,2,2024-07-02
146719,11.75,99.25,PDF,2,2024-07-02
146720,11.75,99.75,Junta,0,2024-07-02
147437,12.25,98.25,Junta,0,2024-07-02
147438,12.25,98.75,Junta,0,2024-07-02
147439,12.25,99.25,PDF,2,2024-07-02
148157,12.75,98.25,Junta,0,2024-07-02
148158,12.75,98.75,Junta,0,2024-07-02
148159,12.75,99.25,PDF,2,2024-07-02
148878,13.25,98.75,Junta,0,2024-07-02
148879,13.25,99.25,PDF,2,2024-07-02
149597,13.75,98.25,Junta,0,2024-07-02
149598,13.75,98.75,Karen,4,2024-07-02
149599,13.75,99.25,Karen,4,2024-07-02
150317,14.25,98.25,Junta,0,2024-07-02
150318,14.25,98.75,Karen,4,2024-07-02
151036,14.75,97.75,Junta,0,2024-07-02
151037,14.75,98.25,Karen,4,2024-07-02
151756,15.25,97.75,Junta,0,2024-07-02
151757,15.25,98.25,Junta,0,2024-07-02
152471,15.75,95.25,Junta,0,2024-07-02
152472,15.75,95.75,Junta,0,2024-07-02
152476,15.75,97.75,Junta,0,2024-07-02
152477,15.75,98.25,Junta,0,2024-07-02
153189,16.25,94.25,Junta,0,2024-07-02
153190,16.25,94.75,Junta,0,2024-07-02
153191,16.25,95.25,Junta,0,2024-07-02
153192,16.25,95.75,Junta,0,2024-07-02
153193,16.25,96.25,Junta,0,2024-07-02
153196,16.25,97.75,Junta,0,2024-07-02
153197,16.25,98.25,Junta,0,2024-07-02
153198,16.25,98.75,Junta,0,2024-07-02
153909,16.75,94.25,Junta,0,2024-07-02
153910,16.75,94.75,Junta,0,2024-07-02
153911,16.75,95.25,Junta,0,2024-07-02
153912,16.75,95.75,Junta,0,2024-07-02
153913,16.75,96.25,Junta,0,2024-07-02
153914,16.75,96.75,Junta,0,2024-07-02
153915,16.75,97.25,Junta,0,2024-07-02
153916,16.75,97.75,Junta,0,2024-07-02
153917,16.75,98.25,Junta,0,2024-07-02
154630,17.25,94.75,Junta,0,2024-07-02
154631,17.25,95.25,Junta,0,2024-07-02
154632,17.25,95.75,Junta,0,2024-07-02
154633,17.25,96.25,Junta,0,2024-07-02
154634,17.25,96.75,Junta,0,2024-07-02
154635,17.25,97.25,Karen,4,2024-07-02
154636,17.25,97.75,Karen,4,2024-07-02
154637,17.25,98.25,Karen,4,2024-07-02
155350,17.75,94.75,Junta,0,2024-07-02
155351,17.75,95.25,Junta,0,2024-07-02
155352,17.75,95.75,Junta,0,2024-07-02
155353,17.75,96.25,Junta,0,2024-07-02
155354,17.75,96.75,Karen,4,2024-07-02
155355,17.75,97.25,Karen,4,2024-07-02
155356,17.75,97.75,Karen,4,2024-07-02
156069,18.25,94.25,Junta,0,2024-07-02
156070,18.25,94.75,Junta,0,2024-07-02
156071,18.25,95.25,Junta,0,2024-07-02
156072,18.25,95.75,Junta,0,2024-07-02
156073,18.25,96.25,PDF,2,2024-07-02
156074,18.25,96.75,Karen,4,2024-07-02
156075,18.25,97.25,Karen,4,2024-07-02
156076,18.25,97.75,Karen,4,2024-07-02
156788,18.75,93.75,Junta,0,2024-07-02
156789,18.75,94.25,AA,6,2024-07-02
156790,18.75,94.75,AA,6,2024-07-02
156791,18.75,95.25,Junta,0,2024-07-02
156792,18.75,95.75,PDF,2,2024-07-02
156793,18.75,96.25,PDF,2,2024-07-02
156794,18.75,96.75,Karen,4,2024-07-02
156795,18.75,97.25,Karenni,5,2024-07-02
156796,18.75,97.75,Karenni,5,2024-07-02
157508,19.25,93.75,Junta,0,2024-07-02
157509,19.25,94.25,AA,6,2024-07-02
157510,19.25,94.75,Junta,0,2024-07-02
157511,19.25,95.25,Junta,0,2024-07-02
157512,19.25,95.75,Junta,0,2024-07-02
157513,19.25,96.25,Junta,0,2024-07-02
157514,19.25,96.75,Karen,4,2024-07-02
157515,19.25,97.25,Karenni,5,2024-07-02
157516,19.25,97.75,Karenni,5,2024-07-02
158228,19.75,93.75,AA,6,2024-07-02
158229,19.75,94.25,AA,6,2024-07-02
158230,19.75,94.75,Junta,0,2024-07-02
158231,19.75,95.25,Junta,0,2024-07-02
158232,19.75,95.75,Junta,0,2024-07-02
158233,19.75,96.25,Junta,0,2024-07-02
158234,19.75,96.75,Karenni,5,2024-07-02
158235,19.75,97.25,Karenni,5,2024-07-02
158236,19.75,97.75,Junta,0,2024-07-02
158237,19.75,98.25,Junta,0,2024-07-02
158238,19.75,98.75,Junta,0,2024-07-02
158946,20.25,92.75,Junta,0,2024-07-02
158947,20.25,93.25,Junta,0,2024-07-02
158948,20.25,93.75,AA,6,2024-07-02
158949,20.25,94.25,AA,6,2024-07-02
158950,20.25,94.75,Junta,0,2024-07-02
158951,20.25,95.25,Junta,0,2024-07-02
158952,20.25,95.75,Junta,0,2024-07-02
158953,20.25,96.25,Junta,0,2024-07-02
158954,20.25,96.75,Junta,0,2024-07-02
158955,20.25,97.25,Junta,0,2024-07-02
158956,20.25,97.75,Junta,0,2024-07-02
158957,20.25,98.25,Junta,0,2024-07-02
158958,20.25,98.75,Junta,0,2024-07-02
158959,20.25,99.25,Junta,0,2024-07-02
158960,20.25,99.75,Junta,0,2024-07-02
158961,20.25,100.25,Junta,0,2024-07-02
159665,20.75,92.25,Junta,0,2024-07-02
159666,20.75,92.75,AA,6,2024-07-02
159667,20.75,93.25,AA,6,2024-07-02
159668,20.75,93.75,AA,6,2024-07-02
159669,20.75,94.25,AA,6,2024-07-02
159670,20.75,94.75,Junta,0,2024-07-02
159671,20.75,95.25,Junta,0,2024-07-02
159672,20.75,95.75,Junta,0,2024-07-02
159673,20.75,96.25,Junta,0,2024-07-02
159674,20.75,96.75,Junta,0,2024-07-02
159675,20.75,97.25,Junta,0,2024-07-02
159676,20.75,97.75,Junta,0,2024-07-02
159677,20.75,98.25,Junta,0,2024-07-02
159678,20.75,98.75,Junta,0,2024-07-02
159679,20.75,99.25,Junta,0,2024-07-02
159680,20.75,99.75,Junta,0,2024-07-02
159681,20.75,100.25,Junta,0,2024-07-02
160385,21.25,92.25,AA,6,2024-07-02
160386,21.25,92.75,AA,6,2024-07-02
160387,21.25,93.25,Chin Resistance,9,2024-07-02
160388,21.25,93.75,Chin Resistance,9,2024-07-02
160389,21.25,94.25,PDF,2,2024-07-02
160390,21.25,94.75,Junta,0,2024-07-02
160391,21.25,95.25,Junta,0,2024-07-02
160392,21.25,95.75,Junta,0,2024-07-02
160393,21.25,96.25,Junta,0,2024-07-02
160394,21.25,96.75,Junta,0,2024-07-02
160395,21.25,97.25,SSPP,12,2024-07-02
160396,21.25,97.75,SSPP,12,2024-07-02
160397,21.25,98.25,Junta,0,2024-07-02
160398,21.25,98.75,Junta,0,2024-07-02
160399,21.25,99.25,Junta,0,2024-07-02
160400,21.25,99.75,Junta,0,2024-07-02
160401,21.25,100.25,Junta,0,2024-07-02
160402,21.25,100.75,Junta,0,2024-07-02
161105,21.75,92.25,AA,6,2024-07-02
161106,21.75,92.75,AA,6,2024-07-02
161107,21.75,93.25,Chin Resistance,9,2024-07-02
161108,21.75,93.75,Chin Resistance,9,2024-07-02
161109,21.75,94.25,Chin Resistance,9,2024-07-02
161110,21.75,94.75,PDF,2,2024-07-02
161111,21.75,95.25,PDF,2,2024-07-02
161112,21.75,95.75,Junta,0,2024-07-02
161113,21.75,96.25,Junta,0,2024-07-02
161114,21.75,96.75,Junta,0,2024-07-02
161115,21.75,97.25,SSPP,12,2024-07-02
161116,21.75,97.75,SSPP,12,2024-07-02
161117,21.75,98.25,SSPP,12,2024-07-02
161118,21.75,98.75,Junta,0,2024-07-02
161119,21.75,99.25,Junta,0,2024-07-02
161120,21.75,99.75,NDAA,14,2024-07-02
161121,21.75,100.25,NDAA,14,2024-07-02
161122,21.75,100.75,NDAA,14,2024-07-02
161123,21.75,101.25,Junta,0,2024-07-02
161826,22.25,92.75,AA,6,2024-07-02
161827,22.25,93.25,Chin Resistance,9,2024-07-02
161828,22.25,93.75,Chin Resistance,9,2024-07-02
161829,22.25,94.25,Junta,0,2024-07-02
161830,22.25,94.75,Junta,0,2024-07-02
161831,22.25,95.25,Junta,0,2024-07-02
161832,22.25,95.75,Junta,0,2024-07-02
161833,22.25,96.25,Junta,0,2024-07-02
161834,22.25,96.75,Junta,0,2024-07-02
161835,22.25,97.25,SSPP,12,2024-07-02
161836,22.25,97.75,SSPP,12,2024-07-02
161837,22.25,98.25,SSPP,12,2024-07-02
161838,22.25,98.75,SSPP,12,2024-07-02
161839,22.25,99.25,UWSA,15,2024-07-02
161840,22.25,99.75,UWSA,15,2024-07-02
162547,22.75,93.25,Chin Resistance,9,2024-07-02
162548,22.75,93.75,Chin Resistance,9,2024-07-02
162549,22.75,94.25,Junta,0,2024-07-02
162550,22.75,94.75,Junta,0,2024-07-02
162551,22.75,95.25,Junta,0,2024-07-02
162552,22.75,95.75,Junta,0,2024-07-02
162553,22.75,96.25,PDF,2,2024-07-02
162554,22.75,96.75,Junta,0,2024-07-02
162555,22.75,97.25,Junta,0,2024-07-02
162556,22.75,97.75,SSPP,12,2024-07-02
162557,22.75,98.25,SSPP,12,2024-07-02
162558,22.75,98.75,SSPP,12,2024-07-02
162559,22.75,99.25,UWSA,15,2024-07-02
163267,23.25,93.25,Chin Resistance,9,2024-07-02
163268,23.25,93.75,Chin Resistance,9,2024-07-02
163269,23.25,94.25,Junta,0,2024-07-02
163270,23.25,94.75,Junta,0,2024-07-02
163271,23.25,95.25,Junta,0,2024-07-02
163272,23.25,95.75,Junta,0,2024-07-02
163273,23.25,96.25,Junta,0,2024-07-02
163274,23.25,96.75,KIA,3,2024-07-02
163275,23.25,97.25,Junta,0,2024-07-02
163276,23.25,97.75,Junta,0,2024-07-02
163277,23.25,98.25,Junta,0,2024-07-02
163278,23.25,98.75,UWSA,15,2024-07-02
163279,23.25,99.25,UWSA,15,2024-07-02
163987,23.75,93.25,Chin Resistance,9,2024-07-02
163988,23.75,93.75,Chin Resistance,9,2024-07-02
163989,23.75,94.25,Chin Resistance,9,2024-07-02
163990,23.75,94.75,Junta,0,2024-07-02
163991,23.75,95.25,Junta,0,2024-07-02
163992,23.75,95.75,Junta,0,2024-07-02
163993,23.75,96.25,Junta,0,2024-07-02
163994,23.75,96.75,KIA,3,2024-07-02
163995,23.75,97.25,KIA,3,2024-07-02
163996,23.75,97.75,KIA,3,2024-07-02
163997,23.75,98.25,KIA,3,2024-07-02
163998,23.75,98.75,Junta,0,2024-07-02
164707,24.25,93.25,Chin Resistance,9,2024-07-02
164708,24.25,93.75,Chin Resistance,9,2024-07-02
164709,24.25,94.25,Junta,0,2024-07-02
164710,24.25,94.75,Junta,0,2024-07-02
164711,24.25,95.25,Junta,0,2024-07-02
164712,24.25,95.75,KIA,3,2024-07-02
164713,24.25,96.25,KIA,3,2024-07-02
164714,24.25,96.75,KIA,3,2024-07-02
164715,24.25,97.25,KIA,3,2024-07-02
164716,24.25,97.75,Junta,0,2024-07-02
164717,24.25,98.25,Junta,0,2024-07-02
164718,24.25,98.75,Junta,0,2024-07-02
165430,24.75,94.75,Junta,0,2024-07-02
165431,24.75,95.25,KIA,3,2024-07-02
165432,24.75,95.75,KIA,3,2024-07-02
165433,24.75,96.25,KIA,3,2024-07-02
165434,24.75,96.75,KIA,3,2024-07-02
165435,24.75,97.25,KIA,3,2024-07-02
165436,24.75,97.75,Junta,0,2024-07-02
166150,25.25,94.75,Junta,0,2024-07-02
166151,25.25,95.25,Junta,0,2024-07-02
166152,25.25,95.75,KIA,3,2024-07-02
166153,25.25,96.25,KIA,3,2024-07-02
166154,25.25,96.75,KIA,3,2024-07-02
166155,25.25,97.25,KIA,3,2024-07-02
166156,25.25,97.75,Junta,0,2024-07-02
166870,25.75,94.75,Junta,0,2024-07-02
166871,25.75,95.25,Junta,0,2024-07-02
166872,25.75,95.75,KIA,3,2024-07-02
166873,25.75,96.25,KIA,3,2024-07-02
166874,25.75,96.75,KIA,3,2024-07-02
166875,25.75,97.25,KIA,3,2024-07-02
166876,25.75,97.75,KIA,3,2024-07-02
166877,25.75,98.25,Junta,0,2024-07-02
166878,25.75,98.75,Junta,0,2024-07-02
167591,26.25,95.25,Junta,0,2024-07-02
167592,26.25,95.75,KIA,3,2024-07-02
167593,26.25,96.25,KIA,3,2024-07-02
167594,26.25,96.75,KIA,3,2024-07-02
167595,26.25,97.25,KIA,3,2024-07-02
167596,26.25,97.75,KIA,3,2024-07-02
167597,26.25,98.25,KIA,3,2024-07-02
167598,26.25,98.75,Junta,0,2024-07-02
168311,26.75,95.25,Junta,0,2024-07-02
168312,26.75,95.75,Junta,0,2024-07-02
168313,26.75,96.25,KIA,3,2024-07-02
168314,26.75,96.75,KIA,3,2024-07-02
168315,26.75,97.25,KIA,3,2024-07-02
168316,26.75,97.75,KIA,3,2024-07-02
168317,26.75,98.25,KIA,3,2024-07-02
168318,26.75,98.75,Junta,0,2024-07-02
169033,27.25,96.25,KIA,3,2024-07-02
169034,27.25,96.75,KIA,3,2024-07-02
169035,27.25,97.25,KIA,3,2024-07-02
169036,27.25,97.75,KIA,3,2024-07-02
169037,27.25,98.25,Junta,0,2024-07-02
169038,27.25,98.75,Junta,0,2024-07-02
169754,27.75,96.75,KIA,3,2024-07-02
169755,27.75,97.25,Junta,0,2024-07-02
169756,27.75,97.75,Junta,0,2024-07-02
169757,27.75,98.25,Junta,0,2024-07-02
170475,28.25,97.25,Junta,0,2024-07-02
170476,28.25,97.75,Junta,0,2024-07-02
170477,28.25,98.25,Junta,0,2024-07-02
144558,10.25,98.75,Junta,0,2024-07-03
145277,10.75,98.25,Junta,0,2024-07-03
145278,10.75,98.75,Junta,0,2024-07-03
145998,11.25,98.75,Junta,0,2024-07-03
145999,11.25,99.25,PDF,2,2024-07-03
146717,11.75,98.25,Junta,0,2024-07-03
146718,11.75,98.75,PDF,2,2024-07-03
146719,11.75,99.25,PDF,2,2024-07-03
146720,11.75,99.75,Junta,0,2024-07-03
147437,12.25,98.25,Junta,0,2024-07-03
147438,12.25,98.75,Junta,0,2024-07-03
147439,12.25,99.25,PDF,2,2024-07-03
148157,12.75,98.25,Junta,0,2024-07-03
148158,12.75,98.75,Junta,0,2024-07-03
148159,12.75,99.25,PDF,2,2024-07-03
148878,13.25,98.75,Junta,0,2024-07-03
148879,13.25,99.25,PDF,2,2024-07-03
149597,13.75,98.25,Junta,0,2024-07-03
149598,13.75,98.75,Karen,4,2024-07-03
149599,13.75,99.25,Karen,4,2024-07-03
150317,14.25,98.25,Junta,0,2024-07-03
150318,14.25,98.75,Karen,4,2024-07-03
151036,14.75,97.75,Junta,0,2024-07-03
151037,14.75,98.25,Karen,4,2024-07-03
151756,15.25,97.75,Junta,0,2024-07-03
151757,15.25,98.25,Junta,0,2024-07-03
152471,15.75,95.25,Junta,0,2024-07-03
152472,15.75,95.75,Junta,0,2024-07-03
152476,15.75,97.75,Junta,0,2024-07-03
152477,15.75,98.25,Junta,0,2024-07-03
153189,16.25,94.25,Junta,0,2024-07-03
153190,16.25,94.75,Junta,0,2024-07-03
153191,16.25,95.25,Junta,0,2024-07-03
153192,16.25,95.75,Junta,0,2024-07-03
153193,16.25,96.25,Junta,0,2024-07-03
153196,16.25,97.75,Junta,0,2024-07-03
153197,16.25,98.25,Junta,0,2024-07-03
153198,16.25,98.75,Junta,0,2024-07-03
153909,16.75,94.25,Junta,0,2024-07-03
153910,16.75,94.75,Junta,0,2024-07-03
153911,16.75,95.25,Junta,0,2024-07-03
153912,16.75,95.75,Junta,0,2024-07-03
153913,16.75,96.25,Junta,0,2024-07-03
153914,16.75,96.75,Junta,0,2024-07-03
153915,16.75,97.25,Junta,0,2024-07-03
153916,16.75,97.75,Junta,0,2024-07-03
153917,16.75,98.25,Junta,0,2024-07-03
154630,17.25,94.75,Junta,0,2024-07-03
154631,17.25,95.25,Junta,0,2024-07-03
154632,17.25,95.75,Junta,0,2024-07-03
154633,17.25,96.25,Junta,0,2024-07-03
154634,17.25,96.75,Junta,0,2024-07-03
154635,17.25,97.25,Karen,4,2024-07-03
154636,17.25,97.75,Karen,4,2024-07-03
154637,17.25,98.25,Karen,4,2024-07-03
155350,17.75,94.75,Junta,0,2024-07-03
155351,17.75,95.25,Junta,0,2024-07-03
155352,17.75,95.75,Junta,0,2024-07-03
155353,17.75,96.25,Junta,0,2024-07-03
155354,17.75,96.75,Karen,4,2024-07-03
155355,17.75,97.25,Karen,4,2024-07-03
155356,17.75,97.75,Karen,4,2024-07-03
156069,18.25,94.25,Junta,0,2024-07-03
156070,18.25,94.75,Junta,0,2024-07-03
156071,18.25,95.25,Junta,0,2024-07-03
156072,18.25,95.75,Junta,0,2024-07-03
156073,18.25,96.25,PDF,2,2024-07-03
156074,18.25,96.75,Karen,4,2024-07-03
156075,18.25,97.25,Karen,4,2024-07-03
156076,18.25,97.75,Karen,4,2024-07-03
156788,18.75,93.75,Junta,0,2024-07-03
156789,18.75,94.25,Junta,0,2024-07-03
156790,18.75,94.75,Junta,0,2024-07-03
156791,18.75,95.25,Junta,0,2024-07-03
156792,18.75,95.75,PDF,2,2024-07-03
156793,18.75,96.25,PDF,2,2024-07-03
156794,18.75,96.75,Karen,4,2024-07-03
156795,18.75,97.25,Karenni,5,2024-07-03
156796,18.75,97.75,Karenni,5,2024-07-03
157508,19.25,93.75,Junta,0,2024-07-03
157509,19.25,94.25,Junta,0,2024-07-03
157510,19.25,94.75,Junta,0,2024-07-03
157511,19.25,95.25,Junta,0,2024-07-03
157512,19.25,95.75,Junta,0,2024-07-03
157513,19.25,96.25,Junta,0,2024-07-03
157514,19.25,96.75,Karen,4,2024-07-03
157515,19.25,97.25,Karenni,5,2024-07-03
157516,19.25,97.75,Karenni,5,2024-07-03
158228,19.75,93.75,AA,6,2024-07-03
158229,19.75,94.25,AA,6,2024-07-03
158230,19.75,94.75,Junta,0,2024-07-03
158231,19.75,95.25,Junta,0,2024-07-03
158232,19.75,95.75,Junta,0,2024-07-03
158233,19.75,96.25,Junta,0,2024-07-03
158234,19.75,96.75,Karenni,5,2024-07-03
158235,19.75,97.25,Karenni,5,2024-07-03
158236,19.75,97.75,Junta,0,2024-07-03
158237,19.75,98.25,Junta,0,2024-07-03
158238,19.75,98.75,Junta,0,2024-07-03
158946,20.25,92.75,Junta,0,2024-07-03
158947,20.25,93.25,Junta,0,2024-07-03
158948,20.25,93.75,AA,6,2024-07-03
158949,20.25,94.25,AA,6,2024-07-03
158950,20.25,94.75,Junta,0,2024-07-03
158951,20.25,95.25,Junta,0,2024-07-03
158952,20.25,95.75,Junta,0,2024-07-03
158953,20.25,96.25,Junta,0,2024-07-03
158954,20.25,96.75,Junta,0,2024-07-03
158955,20.25,97.25,Junta,0,2024-07-03
158956,20.25,97.75,Junta,0,2024-07-03
158957,20.25,98.25,Junta,0,2024-07-03
158958,20.25,98.75,Junta,0,2024-07-03
158959,20.25,99.25,Junta,0,2024-07-03
158960,20.25,99.75,Junta,0,2024-07-03
158961,20.25,100.25,Junta,0,2024-07-03
159665,20.75,92.25,Junta,0,2024-07-03
159666,20.75,92.75,AA,6,2024-07-03
159667,20.75,93.25,AA,6,2024-07-03
159668,20.75,93.75,AA,6,2024-07-03
159669,20.75,94.25,AA,6,2024-07-03
159670,20.75,94.75,Junta,0,2024-07-03
159671,20.75,95.25,Junta,0,2024-07-03
159672,20.75,95.75,Junta,0,2024-07-03
159673,20.75,96.25,Junta,0,2024-07-03
159674,20.75,96.75,Junta,0,2024-07-03
159675,20.75,97.25,Junta,0,2024-07-03
159676,20.75,97.75,Junta,0,2024-07-03
159677,20.75,98.25,Junta,0,2024-07-03
159678,20.75,98.75,Junta,0,2024-07-03
159679,20.75,99.25,Junta,0,2024-07-03
159680,20.75,99.75,Junta,0,2024-07-03
159681,20.75,100.25,Junta,0,2024-07-03
160385,21.25,92.25,AA,6,2024-07-03
160386,21.25,92.75,AA,6,2024-07-03
160387,21.25,93.25,Chin Resistance,9,2024-07-03
160388,21.25,93.75,Chin Resistance,9,2024-07-03
160389,21.25,94.25,PDF,2,2024-07-03
160390,21.25,94.75,Junta,0,2024-07-03
160391,21.25,95.25,Junta,0,2024-07-03
160392,21.25,95.75,Junta,0,2024-07-03
160393,21.25,96.25,Junta,0,2024-07-03
160394,21.25,96.75,Junta,0,2024-07-03
160395,21.25,97.25,SSPP,12,2024-07-03
160396,21.25,97.75,SSPP,12,2024-07-03
160397,21.25,98.25,Junta,0,2024-07-03
160398,21.25,98.75,Junta,0,2024-07-03
160399,21.25,99.25,Junta,0,2024-07-03
160400,21.25,99.75,Junta,0,2024-07-03
160401,21.25,100.25,Junta,0,2024-07-03
160402,21.25,100.75,Junta,0,2024-07-03
161105,21.75,92.25,AA,6,2024-07-03
161106,21.75,92.75,AA,6,2024-07-03
161107,21.75,93.25,Chin Resistance,9,2024-07-03
161108,21.75,93.75,Chin Resistance,9,2024-07-03
161109,21.75,94.25,Chin Resistance,9,2024-07-03
161110,21.75,94.75,PDF,2,2024-07-03
161111,21.75,95.25,PDF,2,2024-07-03
161112,21.75,95.75,Junta,0,2024-07-03
161113,21.75,96.25,Junta,0,2024-07-03
161114,21.75,96.75,Junta,0,2024-07-03
161115,21.75,97.25,SSPP,12,2024-07-03
161116,21.75,97.75,SSPP,12,2024-07-03
161117,21.75,98.25,SSPP,12,2024-07-03
161118,21.75,98.75,Junta,0,2024-07-03
161119,21.75,99.25,Junta,0,2024-07-03
161120,21.75,99.75,NDAA,14,2024-07-03
161121,21.75,100.25,NDAA,14,2024-07-03
161122,21.75,100.75,NDAA,14,2024-07-03
161123,21.75,101.25,Junta,0,2024-07-03
161826,22.25,92.75,AA,6,2024-07-03
161827,22.25,93.25,Chin Resistance,9,2024-07-03
161828,22.25,93.75,Chin Resistance,9,2024-07-03
161829,22.25,94.25,Junta,0,2024-07-03
161830,22.25,94.75,Junta,0,2024-07-03
161831,22.25,95.25,Junta,0,2024-07-03
161832,22.25,95.75,Junta,0,2024-07-03
161833,22.25,96.25,Junta,0,2024-07-03
161834,22.25,96.75,Junta,0,2024-07-03
161835,22.25,97.25,SSPP,12,2024-07-03
161836,22.25,97.75,SSPP,12,2024-07-03
161837,22.25,98.25,SSPP,12,2024-07-03
161838,22.25,98.75,SSPP,12,2024-07-03
161839,22.25,99.25,UWSA,15,2024-07-03
161840,22.25,99.75,UWSA,15,2024-07-03
162547,22.75,93.25,Chin Resistance,9,2024-07-03
162548,22.75,93.75,Chin Resistance,9,2024-07-03
162549,22.75,94.25,Junta,0,2024-07-03
162550,22.75,94.75,Junta,0,2024-07-03
162551,22.75,95.25,Junta,0,2024-07-03
162552,22.75,95.75,Junta,0,2024-07-03
162553,22.75,96.25,PDF,2,2024-07-03
162554,22.75,96.75,Junta,0,2024-07-03
162555,22.75,97.25,Junta,0,2024-07-03
162556,22.75,97.75,SSPP,12,2024-07-03
162557,22.75,98.25,SSPP,12,2024-07-03
162558,22.75,98.75,SSPP,12,2024-07-03
162559,22.75,99.25,UWSA,15,2024-07-03
163267,23.25,93.25,Chin Resistance,9,2024-07-03
163268,23.25,93.75,Chin Resistance,9,2024-07-03
163269,23.25,94.25,Junta,0,2024-07-03
163270,23.25,94.75,Junta,0,2024-07-03
163271,23.25,95.25,Junta,0,2024-07-03
163272,23.25,95.75,Junta,0,2024-07-03
163273,23.25,96.25,Junta,0,2024-07-03
163274,23.25,96.75,KIA,3,2024-07-03
163275,23.25,97.25,Junta,0,2024-07-03
163276,23.25,97.75,Junta,0,2024-07-03
163277,23.25,98.25,Junta,0,2024-07-03
163278,23.25,98.75,UWSA,15,2024-07-03
163279,23.25,99.25,UWSA,15,2024-07-03
163987,23.75,93.25,Chin Resistance,9,2024-07-03
163988,23.75,93.75,Chin Resistance,9,2024-07-03
163989,23.75,94.25,Chin Resistance,9,2024-07-03
163990,23.75,94.75,Junta,0,2024-07-03
163991,23.75,95.25,Junta,0,2024-07-03
163992,23.75,95.75,Junta,0,2024-07-03
163993,23.75,96.25,Junta,0,2024-07-03
163994,23.75,96.75,KIA,3,2024-07-03
163995,23.75,97.25,KIA,3,2024-07-03
163996,23.75,97.75,KIA,3,2024-07-03
163997,23.75,98.25,KIA,3,2024-07-03
163998,23.75,98.75,Junta,0,2024-07-03
164707,24.25,93.25,Chin Resistance,9,2024-07-03
164708,24.25,93.75,Chin Resistance,9,2024-07-03
164709,24.25,94.25,Junta,0,2024-07-03
164710,24.25,94.75,Junta,0,2024-07-03
164711,24.25,95.25,Junta,0,2024-07-03
164712,24.25,95.75,KIA,3,2024-07-03
164713,24.25,96.25,KIA,3,2024-07-03
164714,24.25,96.75,KIA,3,2024-07-03
164715,24.25,97.25,KIA,3,2024-07-03
164716,24.25,97.75,Junta,0,2024-07-03
164717,24.25,98.25,Junta,0,2024-07-03
164718,24.25,98.75,Junta,0,2024-07-03
165430,24.75,94.75,Junta,0,2024-07-03
165431,24.75,95.25,KIA,3,2024-07-03
165432,24.75,95.75,KIA,3,2024-07-03
165433,24.75,96.25,KIA,3,2024-07-03
165434,24.75,96.75,KIA,3,2024-07-03
165435,24.75,97.25,KIA,3,2024-07-03
165436,24.75,97.75,Junta,0,2024-07-03
166150,25.25,94.75,Junta,0,2024-07-03
166151,25.25,95.25,Junta,0,2024-07-03
166152,25.25,95.75,KIA,3,2024-07-03
166153,25.25,96.25,KIA,3,2024-07-03
166154,25.25,96.75,KIA,3,2024-07-03
166155,25.25,97.25,KIA,3,2024-07-03
166156,25.25,97.75,Junta,0,2024-07-03
166870,25.75,94.75,Junta,0,2024-07-03
166871,25.75,95.25,Junta,0,2024-07-03
166872,25.75,95.75,KIA,3,2024-07-03
166873,25.75,96.25,KIA,3,2024-07-03
166874,25.75,96.75,KIA,3,2024-07-03
166875,25.75,97.25,KIA,3,2024-07-03
166876,25.75,97.75,KIA,3,2024-07-03
166877,25.75,98.25,Junta,0,2024-07-03
166878,25.75,98.75,Junta,0,2024-07-03
167591,26.25,95.25,Junta,0,2024-07-03
167592,26.25,95.75,KIA,3,2024-07-03
167593,26.25,96.25,KIA,3,2024-07-03
167594,26.25,96.75,KIA,3,2024-07-03
167595,26.25,97.25,KIA,3,2024-07-03
167596,26.25,97.75,KIA,3,2024-07-03
167597,26.25,98.25,KIA,3,2024-07-03
167598,26.25,98.75,Junta,0,2024-07-03
168311,26.75,95.25,Junta,0,2024-07-03
168312,26.75,95.75,Junta,0,2024-07-03
168313,26.75,96.25,KIA,3,2024-07-03
168314,26.75,96.75,KIA,3,2024-07-03
168315,26.75,97.25,KIA,3,2024-07-03
168316,26.75,97.75,KIA,3,2024-07-03
168317,26.75,98.25,KIA,3,2024-07-03
168318,26.75,98.75,Junta,0,2024-07-03
169033,27.25,96.25,KIA,3,2024-07-03
169034,27.25,96.75,KIA,3,2024-07-03
169035,27.25,97.25,KIA,3,2024-07-03
169036,27.25,97.75,KIA,3,2024-07-03
169037,27.25,98.25,Junta,0,2024-07-03
169038,27.25,98.75,Junta,0,2024-07-03
169754,27.75,96.75,KIA,3,2024-07-03
169755,27.75,97.25,Junta,0,2024-07-03
169756,27.75,97.75,Junta,0,2024-07-03
169757,27.75,98.25,Junta,0,2024-07-03
170475,28.25,97.25,Junta,0,2024-07-03
170476,28.25,97.75,Junta,0,2024-07-03
170477,28.25,98.25,Junta,0,2024-07-03
144558,10.25,98.75,Junta,0,2024-07-25
145277,10.75,98.25,Junta,0,2024-07-25
145278,10.75,98.75,Junta,0,2024-07-25
145998,11.25,98.75,Junta,0,2024-07-25
145999,11.25,99.25,PDF,2,2024-07-25
146717,11.75,98.25,Junta,0,2024-07-25
146718,11.75,98.75,PDF,2,2024-07-25
146719,11.75,99.25,PDF,2,2024-07-25
146720,11.75,99.75,Junta,0,2024-07-25
147437,12.25,98.25,Junta,0,2024-07-25
147438,12.25,98.75,Junta,0,2024-07-25
147439,12.25,99.25,PDF,2,2024-07-25
148157,12.75,98.25,Junta,0,2024-07-25
148158,12.75,98.75,Junta,0,2024-07-25
148159,12.75,99.25,PDF,2,2024-07-25
148878,13.25,98.75,Junta,0,2024-07-25
148879,13.25,99.25,PDF,2,2024-07-25
149597,13.75,98.25,Junta,0,2024-07-25
149598,13.75,98.75,Karen,4,2024-07-25
149599,13.75,99.25,Karen,4,2024-07-25
150317,14.25,98.25,Junta,0,2024-07-25
150318,14.25,98.75,Karen,4,2024-07-25
151036,14.75,97.75,Junta,0,2024-07-25
151037,14.75,98.25,Karen,4,2024-07-25
151756,15.25,97.75,Junta,0,2024-07-25
151757,15.25,98.25,Junta,0,2024-07-25
152471,15.75,95.25,Junta,0,2024-07-25
152472,15.75,95.75,Junta,0,2024-07-25
152476,15.75,97.75,Junta,0,2024-07-25
152477,15.75,98.25,Junta,0,2024-07-25
153189,16.25,94.25,Junta,0,2024-07-25
153190,16.25,94.75,Junta,0,2024-07-25
153191,16.25,95.25,Junta,0,2024-07-25
153192,16.25,95.75,Junta,0,2024-07-25
153193,16.25,96.25,Junta,0,2024-07-25
153196,16.25,97.75,Junta,0,2024-07-25
153197,16.25,98.25,Junta,0,2024-07-25
153198,16.25,98.75,Junta,0,2024-07-25
153909,16.75,94.25,Junta,0,2024-07-25
153910,16.75,94.75,Junta,0,2024-07-25
153911,16.75,95.25,Junta,0,2024-07-25
153912,16.75,95.75,Junta,0,2024-07-25
153913,16.75,96.25,Junta,0,2024-07-25
153914,16.75,96.75,Junta,0,2024-07-25
153915,16.75,97.25,Junta,0,2024-07-25
153916,16.75,97.75,Junta,0,2024-07-25
153917,16.75,98.25,Junta,0,2024-07-25
154630,17.25,94.75,Junta,0,2024-07-25
154631,17.25,95.25,Junta,0,2024-07-25
154632,17.25,95.75,Junta,0,2024-07-25
154633,17.25,96.25,Junta,0,2024-07-25
154634,17.25,96.75,Junta,0,2024-07-25
154635,17.25,97.25,Karen,4,2024-07-25
154636,17.25,97.75,Karen,4,2024-07-25
154637,17.25,98.25,Karen,4,2024-07-25
155350,17.75,94.75,Junta,0,2024-07-25
155351,17.75,95.25,Junta,0,2024-07-25
155352,17.75,95.75,Junta,0,2024-07-25
155353,17.75,96.25,Junta,0,2024-07-25
155354,17.75,96.75,Karen,4,2024-07-25
155355,17.75,97.25,Karen,4,2024-07-25
155356,17.75,97.75,Karen,4,2024-07-25
156069,18.25,94.25,Junta,0,2024-07-25
156070,18.25,94.75,Junta,0,2024-07-25
156071,18.25,95.25,Junta,0,2024-07-25
156072,18.25,95.75,Junta,0,2024-07-25
156073,18.25,96.25,PDF,2,2024-07-25
156074,18.25,96.75,Karen,4,2024-07-25
156075,18.25,97.25,Karen,4,2024-07-25
156076,18.25,97.75,Karen,4,2024-07-25
156788,18.75,93.75,Junta,0,2024-07-25
156789,18.75,94.25,Junta,0,2024-07-25
156790,18.75,94.75,Junta,0,2024-07-25
156791,18.75,95.25,Junta,0,2024-07-25
156792,18.75,95.75,PDF,2,2024-07-25
156793,18.75,96.25,PDF,2,2024-07-25
156794,18.75,96.75,Karen,4,2024-07-25
156795,18.75,97.25,Karenni,5,2024-07-25
156796,18.75,97.75,Karenni,5,2024-07-25
157508,19.25,93.75,Junta,0,2024-07-25
157509,19.25,94.25,Junta,0,2024-07-25
157510,19.25,94.75,Junta,0,2024-07-25
157511,19.25,95.25,Junta,0,2024-07-25
157512,19.25,95.75,Junta,0,2024-07-25
157513,19.25,96.25,Junta,0,2024-07-25
157514,19.25,96.75,Karen,4,2024-07-25
157515,19.25,97.25,Karenni,5,2024-07-25
157516,19.25,97.75,Karenni,5,2024-07-25
158228,19.75,93.75,AA,6,2024-07-25
158229,19.75,94.25,AA,6,2024-07-25
158230,19.75,94.75,Junta,0,2024-07-25
158231,19.75,95.25,Junta,0,2024-07-25
158232,19.75,95.75,Junta,0,2024-07-25
158233,19.75,96.25,Junta,0,2024-07-25
158234,19.75,96.75,Karenni,5,2024-07-25
158235,19.75,97.25,Karenni,5,2024-07-25
158236,19.75,97.75,Junta,0,2024-07-25
158237,19.75,98.25,Junta,0,2024-07-25
158238,19.75,98.75,Junta,0,2024-07-25
158946,20.25,92.75,Junta,0,2024-07-25
158947,20.25,93.25,Junta,0,2024-07-25
158948,20.25,93.75,AA,6,2024-07-25
158949,20.25,94.25,AA,6,2024-07-25
158950,20.25,94.75,Junta,0,2024-07-25
158951,20.25,95.25,Junta,0,2024-07-25
158952,20.25,95.75,Junta,0,2024-07-25
158953,20.25,96.25,Junta,0,2024-07-25
158954,20.25,96.75,Junta,0,2024-07-25
158955,20.25,97.25,Junta,0,2024-07-25
158956,20.25,97.75,Junta,0,2024-07-25
158957,20.25,98.25,Junta,0,2024-07-25
158958,20.25,98.75,Junta,0,2024-07-25
158959,20.25,99.25,Junta,0,2024-07-25
158960,20.25,99.75,Junta,0,2024-07-25
158961,20.25,100.25,Junta,0,2024-07-25
159665,20.75,92.25,Junta,0,2024-07-25
159666,20.75,92.75,AA,6,2024-07-25
159667,20.75,93.25,AA,6,2024-07-25
159668,20.75,93.75,AA,6,2024-07-25
159669,20.75,94.25,AA,6,2024-07-25
159670,20.75,94.75,Junta,0,2024-07-25
159671,20.75,95.25,Junta,0,2024-07-25
159672,20.75,95.75,Junta,0,2024-07-25
159673,20.75,96.25,Junta,0,2024-07-25
159674,20.75,96.75,Junta,0,2024-07-25
159675,20.75,97.25,Junta,0,2024-07-25
159676,20.75,97.75,Junta,0,2024-07-25
159677,20.75,98.25,Junta,0,2024-07-25
159678,20.75,98.75,Junta,0,2024-07-25
159679,20.75,99.25,Junta,0,2024-07-25
159680,20.75,99.75,Junta,0,2024-07-25
159681,20.75,100.25,Junta,0,2024-07-25
160385,21.25,92.25,AA,6,2024-07-25
160386,21.25,92.75,AA,6,2024-07-25
160387,21.25,93.25,Chin Resistance,9,2024-07-25
160388,21.25,93.75,Chin Resistance,9,2024-07-25
160389,21.25,94.25,PDF,2,2024-07-25
160390,21.25,94.75,Junta,0,2024-07-25
160391,21.25,95.25,Junta,0,2024-07-25
160392,21.25,95.75,Junta,0,2024-07-25
160393,21.25,96.25,Junta,0,2024-07-25
160394,21.25,96.75,Junta,0,2024-07-25
160395,21.25,97.25,Junta,0,2024-07-25
160396,21.25,97.75,Junta,0,2024-07-25
160397,21.25,98.25,Junta,0,2024-07-25
160398,21.25,98.75,Junta,0,2024-07-25
160399,21.25,99.25,Junta,0,2024-07-25
160400,21.25,99.75,Junta,0,2024-07-25
160401,21.25,100.25,Junta,0,2024-07-25
160402,21.25,100.75,Junta,0,2024-07-25
161105,21.75,92.25,AA,6,2024-07-25
161106,21.75,92.75,AA,6,2024-07-25
161107,21.75,93.25,Chin Resistance,9,2024-07-25
161108,21.75,93.75,Chin Resistance,9,2024-07-25
161109,21.75,94.25,Chin Resistance,9,2024-07-25
161110,21.75,94.75,PDF,2,2024-07-25
161111,21.75,95.25,PDF,2,2024-07-25
161112,21.75,95.75,Junta,0,2024-07-25
161113,21.75,96.25,Junta,0,2024-07-25
161114,21.75,96.75,Junta,0,2024-07-25
161115,21.75,97.25,Junta,0,2024-07-25
161116,21.75,97.75,Junta,0,2024-07-25
161117,21.75,98.25,Junta,0,2024-07-25
161118,21.75,98.75,Junta,0,2024-07-25
161119,21.75,99.25,Junta,0,2024-07-25
161120,21.75,99.75,NDAA,14,2024-07-25
161121,21.75,100.25,NDAA,14,2024-07-25
161122,21.75,100.75,NDAA,14,2024-07-25
161123,21.75,101.25,Junta,0,2024-07-25
161826,22.25,92.75,AA,6,2024-07-25
161827,22.25,93.25,Chin Resistance,9,2024-07-25
161828,22.25,93.75,Chin Resistance,9,2024-07-25
161829,22.25,94.25,Junta,0,2024-07-25
161830,22.25,94.75,Junta,0,2024-07-25
161831,22.25,95.25,Junta,0,2024-07-25
161832,22.25,95.75,Junta,0,2024-07-25
161833,22.25,96.25,Junta,0,2024-07-25
161834,22.25,96.75,Junta,0,2024-07-25
161835,22.25,97.25,Junta,0,2024-07-25
161836,22.25,97.75,Junta,0,2024-07-25
161837,22.25,98.25,Junta,0,2024-07-25
161838,22.25,98.75,UWSA,15,2024-07-25
161839,22.25,99.25,UWSA,15,2024-07-25
161840,22.25,99.75,UWSA,15,2024-07-25
162547,22.75,93.25,Chin Resistance,9,2024-07-25
162548,22.75,93.75,Chin Resistance,9,2024-07-25
162549,22.75,94.25,Junta,0,2024-07-25
162550,22.75,94.75,Junta,0,2024-07-25
162551,22.75,95.25,Junta,0,2024-07-25
162552,22.75,95.75,Junta,0,2024-07-25
162553,22.75,96.25,PDF,2,2024-07-25
162554,22.75,96.75,Junta,0,2024-07-25
162555,22.75,97.25,Junta,0,2024-07-25
162556,22.75,97.75,Junta,0,2024-07-25
162557,22.75,98.25,Junta,0,2024-07-25
162558,22.75,98.75,UWSA,15,2024-07-25
162559,22.75,99.25,UWSA,15,2024-07-25
163267,23.25,93.25,Chin Resistance,9,2024-07-25
163268,23.25,93.75,Chin Resistance,9,2024-07-25
163269,23.25,94.25,Junta,0,2024-07-25
163270,23.25,94.75,Junta,0,2024-07-25
163271,23.25,95.25,Junta,0,2024-07-25
163272,23.25,95.75,Junta,0,2024-07-25
163273,23.25,96.25,Junta,0,2024-07-25
163274,23.25,96.75,KIA,3,2024-07-25
163275,23.25,97.25,Junta,0,2024-07-25
163276,23.25,97.75,Junta,0,2024-07-25
163277,23.25,98.25,Junta,0,2024-07-25
163278,23.25,98.75,UWSA,15,2024-07-25
163279,23.25,99.25,UWSA,15,2024-07-25
163987,23.75,93.25,Chin Resistance,9,2024-07-25
163988,23.75,93.75,Chin Resistance,9,2024-07-25
163989,23.75,94.25,Chin Resistance,9,2024-07-25
163990,23.75,94.75,Junta,0,2024-07-25
163991,23.75,95.25,Junta,0,2024-07-25
163992,23.75,95.75,Junta,0,2024-07-25
163993,23.75,96.25,Junta,0,2024-07-25
163994,23.75,96.75,KIA,3,2024-07-25
163995,23.75,97.25,KIA,3,2024-07-25
163996,23.75,97.75,KIA,3,2024-07-25
163997,23.75,98.25,KIA,3,2024-07-25
163998,23.75,98.75,Junta,0,2024-07-25
164707,24.25,93.25,Chin Resistance,9,2024-07-25
164708,24.25,93.75,Chin Resistance,9,2024-07-25
164709,24.25,94.25,Junta,0,2024-07-25
164710,24.25,94.75,Junta,0,2024-07-25
164711,24.25,95.25,Junta,0,2024-07-25
164712,24.25,95.75,KIA,3,2024-07-25
164713,24.25,96.25,KIA,3,2024-07-25
164714,24.25,96.75,KIA,3,2024-07-25
164715,24.25,97.25,KIA,3,2024-07-25
164716,24.25,97.75,Junta,0,2024-07-25
164717,24.25,98.25,Junta,0,2024-07-25
164718,24.25,98.75,Junta,0,2024-07-25
165430,24.75,94.75,Junta,0,2024-07-25
165431,24.75,95.25,KIA,3,2024-07-25
165432,24.75,95.75,KIA,3,2024-07-25
165433,24.75,96.25,KIA,3,2024-07-25
165434,24.75,96.75,KIA,3,2024-07-25
165435,24.75,97.25,KIA,3,2024-07-25
165436,24.75,97.75,Junta,0,2024-07-25
166150,25.25,94.75,Junta,0,2024-07-25
166151,25.25,95.25,Junta,0,2024-07-25
166152,25.25,95.75,KIA,3,2024-07-25
166153,25.25,96.25,KIA,3,2024-07-25
166154,25.25,96.75,KIA,3,2024-07-25
166155,25.25,97.25,KIA,3,2024-07-25
166156,25.25,97.75,Junta,0,2024-07-25
166870,25.75,94.75,Junta,0,2024-07-25
166871,25.75,95.25,Junta,0,2024-07-25
166872,25.75,95.75,KIA,3,2024-07-25
166873,25.75,96.25,KIA,3,2024-07-25
166874,25.75,96.75,KIA,3,2024-07-25
166875,25.75,97.25,KIA,3,2024-07-25
166876,25.75,97.75,KIA,3,2024-07-25
166877,25.75,98.25,Junta,0,2024-07-25
166878,25.75,98.75,Junta,0,2024-07-25
167591,26.25,95.25,Junta,0,2024-07-25
167592,26.25,95.75,KIA,3,2024-07-25
167593,26.25,96.25,KIA,3,2024-07-25
167594,26.25,96.75,KIA,3,2024-07-25
167595,26.25,97.25,KIA,3,2024-07-25
167596,26.25,97.75,KIA,3,2024-07-25
167597,26.25,98.25,KIA,3,2024-07-25
167598,26.25,98.75,Junta,0,2024-07-25
168311,26.75,95.25,Junta,0,2024-07-25
168312,26.75,95.75,Junta,0,2024-07-25
168313,26.75,96.25,KIA,3,2024-07-25
168314,26.75,96.75,KIA,3,2024-07-25
168315,26.75,97.25,KIA,3,2024-07-25
168316,26.75,97.75,KIA,3,2024-07-25
168317,26.75,98.25,KIA,3,2024-07-25
168318,26.75,98.75,Junta,0,2024-07-25
169033,27.25,96.25,KIA,3,2024-07-25
169034,27.25,96.75,KIA,3,2024-07-25
169035,27.25,97.25,KIA,3,2024-07-25
169036,27.25,97.75,KIA,3,2024-07-25
169037,27.25,98.25,Junta,0,2024-07-25
169038,27.25,98.75,Junta,0,2024-07-25
169754,27.75,96.75,KIA,3,2024-07-25
169755,27.75,97.25,Junta,0,2024-07-25
169756,27.75,97.75,Junta,0,2024-07-25
169757,27.75,98.25,Junta,0,2024-07-25
170475,28.25,97.25,Junta,0,2024-07-25
170476,28.25,97.75,Junta,0,2024-07-25
170477,28.25,98.25,Junta,0,2024-07-25
144558,10.25,98.75,Junta,0,2024-08-08
145277,10.75,98.25,Junta,0,2024-08-08
145278,10.75,98.75,Junta,0,2024-08-08
145998,11.25,98.75,Junta,0,2024-08-08
145999,11.25,99.25,PDF,2,2024-08-08
146717,11.75,98.25,Junta,0,2024-08-08
146718,11.75,98.75,PDF,2,2024-08-08
146719,11.75,99.25,PDF,2,2024-08-08
146720,11.75,99.75,Junta,0,2024-08-08
147437,12.25,98.25,Junta,0,2024-08-08
147438,12.25,98.75,Junta,0,2024-08-08
147439,12.25,99.25,PDF,2,2024-08-08
148157,12.75,98.25,Junta,0,2024-08-08
148158,12.75,98.75,Junta,0,2024-08-08
148159,12.75,99.25,PDF,2,2024-08-08
148878,13.25,98.75,Junta,0,2024-08-08
148879,13.25,99.25,PDF,2,2024-08-08
149597,13.75,98.25,Junta,0,2024-08-08
149598,13.75,98.75,Karen,4,2024-08-08
149599,13.75,99.25,Karen,4,2024-08-08
150317,14.25,98.25,Junta,0,2024-08-08
150318,14.25,98.75,Karen,4,2024-08-08
151036,14.75,97.75,Junta,0,2024-08-08
151037,14.75,98.25,Karen,4,2024-08-08
151756,15.25,97.75,Junta,0,2024-08-08
151757,15.25,98.25,Junta,0,2024-08-08
152471,15.75,95.25,Junta,0,2024-08-08
152472,15.75,95.75,Junta,0,2024-08-08
152476,15.75,97.75,Junta,0,2024-08-08
152477,15.75,98.25,Junta,0,2024-08-08
153189,16.25,94.25,Junta,0,2024-08-08
153190,16.25,94.75,Junta,0,2024-08-08
153191,16.25,95.25,Junta,0,2024-08-08
153192,16.25,95.75,Junta,0,2024-08-08
153193,16.25,96.25,Junta,0,2024-08-08
153196,16.25,97.75,Junta,0,2024-08-08
153197,16.25,98.25,Junta,0,2024-08-08
153198,16.25,98.75,Junta,0,2024-08-08
153909,16.75,94.25,Junta,0,2024-08-08
153910,16.75,94.75,Junta,0,2024-08-08
153911,16.75,95.25,Junta,0,2024-08-08
153912,16.75,95.75,Junta,0,2024-08-08
153913,16.75,96.25,Junta,0,2024-08-08
153914,16.75,96.75,Junta,0,2024-08-08
153915,16.75,97.25,Junta,0,2024-08-08
153916,16.75,97.75,Junta,0,2024-08-08
153917,16.75,98.25,Junta,0,2024-08-08
154630,17.25,94.75,Junta,0,2024-08-08
154631,17.25,95.25,Junta,0,2024-08-08
154632,17.25,95.75,Junta,0,2024-08-08
154633,17.25,96.25,Junta,0,2024-08-08
154634,17.25,96.75,Junta,0,2024-08-08
154635,17.25,97.25,Karen,4,2024-08-08
154636,17.25,97.75,Karen,4,2024-08-08
154637,17.25,98.25,Karen,4,2024-08-08
155350,17.75,94.75,Junta,0,2024-08-08
155351,17.75,95.25,Junta,0,2024-08-08
155352,17.75,95.75,Junta,0,2024-08-08
155353,17.75,96.25,Junta,0,2024-08-08
155354,17.75,96.75,Karen,4,2024-08-08
155355,17.75,97.25,Karen,4,2024-08-08
155356,17.75,97.75,Karen,4,2024-08-08
156069,18.25,94.25,Junta,0,2024-08-08
156070,18.25,94.75,Junta,0,2024-08-08
156071,18.25,95.25,Junta,0,2024-08-08
156072,18.25,95.75,Junta,0,2024-08-08
156073,18.25,96.25,PDF,2,2024-08-08
156074,18.25,96.75,Karen,4,2024-08-08
156075,18.25,97.25,Karen,4,2024-08-08
156076,18.25,97.75,Karen,4,2024-08-08
156788,18.75,93.75,Junta,0,2024-08-08
156789,18.75,94.25,Junta,0,2024-08-08
156790,18.75,94.75,Junta,0,2024-08-08
156791,18.75,95.25,Junta,0,2024-08-08
156792,18.75,95.75,PDF,2,2024-08-08
156793,18.75,96.25,PDF,2,2024-08-08
156794,18.75,96.75,Karen,4,2024-08-08
156795,18.75,97.25,Karenni,5,2024-08-08
156796,18.75,97.75,Karenni,5,2024-08-08
157508,19.25,93.75,Junta,0,2024-08-08
157509,19.25,94.25,Junta,0,2024-08-08
157510,19.25,94.75,Junta,0,2024-08-08
157511,19.25,95.25,Junta,0,2024-08-08
157512,19.25,95.75,Junta,0,2024-08-08
157513,19.25,96.25,Junta,0,2024-08-08
157514,19.25,96.75,Karen,4,2024-08-08
157515,19.25,97.25,Karenni,5,2024-08-08
157516,19.25,97.75,Karenni,5,2024-08-08
158228,19.75,93.75,AA,6,2024-08-08
158229,19.75,94.25,AA,6,2024-08-08
158230,19.75,94.75,Junta,0,2024-08-08
158231,19.75,95.25,Junta,0,2024-08-08
158232,19.75,95.75,Junta,0,2024-08-08
158233,19.75,96.25,Junta,0,2024-08-08
158234,19.75,96.75,Karenni,5,2024-08-08
158235,19.75,97.25,Karenni,5,2024-08-08
158236,19.75,97.75,Junta,0,2024-08-08
158237,19.75,98.25,Junta,0,2024-08-08
158238,19.75,98.75,Junta,0,2024-08-08
158946,20.25,92.75,Junta,0,2024-08-08
158947,20.25,93.25,Junta,0,2024-08-08
158948,20.25,93.75,AA,6,2024-08-08
158949,20.25,94.25,AA,6,2024-08-08
158950,20.25,94.75,Junta,0,2024-08-08
158951,20.25,95.25,Junta,0,2024-08-08
158952,20.25,95.75,Junta,0,2024-08-08
158953,20.25,96.25,Junta,0,2024-08-08
158954,20.25,96.75,Junta,0,2024-08-08
158955,20.25,97.25,Junta,0,2024-08-08
158956,20.25,97.75,Junta,0,2024-08-08
158957,20.25,98.25,Junta,0,2024-08-08
158958,20.25,98.75,Junta,0,2024-08-08
158959,20.25,99.25,Junta,0,2024-08-08
158960,20.25,99.75,Junta,0,2024-08-08
158961,20.25,100.25,Junta,0,2024-08-08
159665,20.75,92.25,Junta,0,2024-08-08
159666,20.75,92.75,AA,6,2024-08-08
159667,20.75,93.25,AA,6,2024-08-08
159668,20.75,93.75,AA,6,2024-08-08
159669,20.75,94.25,AA,6,2024-08-08
159670,20.75,94.75,Junta,0,2024-08-08
159671,20.75,95.25,Junta,0,2024-08-08
159672,20.75,95.75,Junta,0,2024-08-08
159673,20.75,96.25,Junta,0,2024-08-08
159674,20.75,96.75,Junta,0,2024-08-08
159675,20.75,97.25,Junta,0,2024-08-08
159676,20.75,97.75,Junta,0,2024-08-08
159677,20.75,98.25,Junta,0,2024-08-08
159678,20.75,98.75,Junta,0,2024-08-08
159679,20.75,99.25,Junta,0,2024-08-08
159680,20.75,99.75,Junta,0,2024-08-08
159681,20.75,100.25,Junta,0,2024-08-08
160385,21.25,92.25,AA,6,2024-08-08
160386,21.25,92.75,AA,6,2024-08-08
160387,21.25,93.25,Chin Resistance,9,2024-08-08
160388,21.25,93.75,Chin Resistance,9,2024-08-08
160389,21.25,94.25,PDF,2,2024-08-08
160390,21.25,94.75,Junta,0,2024-08-08
160391,21.25,95.25,Junta,0,2024-08-08
160392,21.25,95.75,Junta,0,2024-08-08
160393,21.25,96.25,Junta,0,2024-08-08
160394,21.25,96.75,Junta,0,2024-08-08
160395,21.25,97.25,SSPP,12,2024-08-08
160396,21.25,97.75,SSPP,12,2024-08-08
160397,21.25,98.25,Junta,0,2024-08-08
160398,21.25,98.75,Junta,0,2024-08-08
160399,21.25,99.25,Junta,0,2024-08-08
160400,21.25,99.75,Junta,0,2024-08-08
160401,21.25,100.25,Junta,0,2024-08-08
160402,21.25,100.75,Junta,0,2024-08-08
161105,21.75,92.25,AA,6,2024-08-08
161106,21.75,92.75,AA,6,2024-08-08
161107,21.75,93.25,Chin Resistance,9,2024-08-08
161108,21.75,93.75,Chin Resistance,9,2024-08-08
161109,21.75,94.25,Chin Resistance,9,2024-08-08
161110,21.75,94.75,Junta,0,2024-08-08
161111,21.75,95.25,PDF,2,2024-08-08
161112,21.75,95.75,Junta,0,2024-08-08
161113,21.75,96.25,Junta,0,2024-08-08
161114,21.75,96.75,Junta,0,2024-08-08
161115,21.75,97.25,SSPP,12,2024-08-08
161116,21.75,97.75,SSPP,12,2024-08-08
161117,21.75,98.25,SSPP,12,2024-08-08
161118,21.75,98.75,Junta,0,2024-08-08
161119,21.75,99.25,Junta,0,2024-08-08
161120,21.75,99.75,NDAA,14,2024-08-08
161121,21.75,100.25,NDAA,14,2024-08-08
161122,21.75,100.75,NDAA,14,2024-08-08
161123,21.75,101.25,Junta,0,2024-08-08
161826,22.25,92.75,AA,6,2024-08-08
161827,22.25,93.25,Chin Resistance,9,2024-08-08
161828,22.25,93.75,Chin Resistance,9,2024-08-08
161829,22.25,94.25,Junta,0,2024-08-08
161830,22.25,94.75,Junta,0,2024-08-08
161831,22.25,95.25,Junta,0,2024-08-08
161832,22.25,95.75,Junta,0,2024-08-08
161833,22.25,96.25,Junta,0,2024-08-08
161834,22.25,96.75,Junta,0,2024-08-08
161835,22.25,97.25,SSPP,12,2024-08-08
161836,22.25,97.75,SSPP,12,2024-08-08
161837,22.25,98.25,SSPP,12,2024-08-08
161838,22.25,98.75,SSPP,12,2024-08-08
161839,22.25,99.25,UWSA,15,2024-08-08
161840,22.25,99.75,UWSA,15,2024-08-08
162547,22.75,93.25,Chin Resistance,9,2024-08-08
162548,22.75,93.75,Chin Resistance,9,2024-08-08
162549,22.75,94.25,Junta,0,2024-08-08
162550,22.75,94.75,Junta,0,2024-08-08
162551,22.75,95.25,Junta,0,2024-08-08
162552,22.75,95.75,Junta,0,2024-08-08
162553,22.75,96.25,PDF,2,2024-08-08
162554,22.75,96.75,Junta,0,2024-08-08
162555,22.75,97.25,Junta,0,2024-08-08
162556,22.75,97.75,SSPP,12,2024-08-08
162557,22.75,98.25,SSPP,12,2024-08-08
162558,22.75,98.75,SSPP,12,2024-08-08
162559,22.75,99.25,UWSA,15,2024-08-08
163267,23.25,93.25,Chin Resistance,9,2024-08-08
163268,23.25,93.75,Chin Resistance,9,2024-08-08
163269,23.25,94.25,Junta,0,2024-08-08
163270,23.25,94.75,Junta,0,2024-08-08
163271,23.25,95.25,Junta,0,2024-08-08
163272,23.25,95.75,Junta,0,2024-08-08
163273,23.25,96.25,Junta,0,2024-08-08
163274,23.25,96.75,KIA,3,2024-08-08
163275,23.25,97.25,Junta,0,2024-08-08
163276,23.25,97.75,Junta,0,2024-08-08
163277,23.25,98.25,Junta,0,2024-08-08
163278,23.25,98.75,UWSA,15,2024-08-08
163279,23.25,99.25,UWSA,15,2024-08-08
163987,23.75,93.25,Chin Resistance,9,2024-08-08
163988,23.75,93.75,Chin Resistance,9,2024-08-08
163989,23.75,94.25,Chin Resistance,9,2024-08-08
163990,23.75,94.75,Junta,0,2024-08-08
163991,23.75,95.25,Junta,0,2024-08-08
163992,23.75,95.75,Junta,0,2024-08-08
163993,23.75,96.25,Junta,0,2024-08-08
163994,23.75,96.75,KIA,3,2024-08-08
163995,23.75,97.25,KIA,3,2024-08-08
163996,23.75,97.75,KIA,3,2024-08-08
163997,23.75,98.25,KIA,3,2024-08-08
163998,23.75,98.75,Junta,0,2024-08-08
164707,24.25,93.25,Chin Resistance,9,2024-08-08
164708,24.25,93.75,Chin Resistance,9,2024-08-08
164709,24.25,94.25,Junta,0,2024-08-08
164710,24.25,94.75,Junta,0,2024-08-08
164711,24.25,95.25,Junta,0,2024-08-08
164712,24.25,95.75,KIA,3,2024-08-08
164713,24.25,96.25,KIA,3,2024-08-08
164714,24.25,96.75,KIA,3,2024-08-08
164715,24.25,97.25,KIA,3,2024-08-08
164716,24.25,97.75,Junta,0,2024-08-08
164717,24.25,98.25,Junta,0,2024-08-08
164718,24.25,98.75,Junta,0,2024-08-08
165430,24.75,94.75,Junta,0,2024-08-08
165431,24.75,95.25,KIA,3,2024-08-08
165432,24.75,95.75,KIA,3,2024-08-08
165433,24.75,96.25,KIA,3,2024-08-08
165434,24.75,96.75,KIA,3,2024-08-08
165435,24.75,97.25,KIA,3,2024-08-08
165436,24.75,97.75,Junta,0,2024-08-08
166150,25.25,94.75,Junta,0,2024-08-08
166151,25.25,95.25,Junta,0,2024-08-08
166152,25.25,95.75,KIA,3,2024-08-08
166153,25.25,96.25,KIA,3,2024-08-08
166154,25.25,96.75,KIA,3,2024-08-08
166155,25.25,97.25,KIA,3,2024-08-08
166156,25.25,97.75,Junta,0,2024-08-08
166870,25.75,94.75,Junta,0,2024-08-08
166871,25.75,95.25,Junta,0,2024-08-08
166872,25.75,95.75,KIA,3,2024-08-08
166873,25.75,96.25,KIA,3,2024-08-08
166874,25.75,96.75,KIA,3,2024-08-08
166875,25.75,97.25,KIA,3,2024-08-08
166876,25.75,97.75,KIA,3,2024-08-08
166877,25.75,98.25,Junta,0,2024-08-08
166878,25.75,98.75,Junta,0,2024-08-08
167591,26.25,95.25,Junta,0,2024-08-08
167592,26.25,95.75,KIA,3,2024-08-08
167593,26.25,96.25,KIA,3,2024-08-08
167594,26.25,96.75,KIA,3,2024-08-08
167595,26.25,97.25,KIA,3,2024-08-08
167596,26.25,97.75,KIA,3,2024-08-08
167597,26.25,98.25,KIA,3,2024-08-08
167598,26.25,98.75,Junta,0,2024-08-08
168311,26.75,95.25,Junta,0,2024-08-08
168312,26.75,95.75,Junta,0,2024-08-08
168313,26.75,96.25,KIA,3,2024-08-08
168314,26.75,96.75,KIA,3,2024-08-08
168315,26.75,97.25,KIA,3,2024-08-08
168316,26.75,97.75,KIA,3,2024-08-08
168317,26.75,98.25,KIA,3,2024-08-08
168318,26.75,98.75,Junta,0,2024-08-08
169033,27.25,96.25,KIA,3,2024-08-08
169034,27.25,96.75,KIA,3,2024-08-08
169035,27.25,97.25,KIA,3,2024-08-08
169036,27.25,97.75,KIA,3,2024-08-08
169037,27.25,98.25,Junta,0,2024-08-08
169038,27.25,98.75,Junta,0,2024-08-08
169754,27.75,96.75,KIA,3,2024-08-08
169755,27.75,97.25,Junta,0,2024-08-08
169756,27.75,97.75,Junta,0,2024-08-08
169757,27.75,98.25,Junta,0,2024-08-08
170475,28.25,97.25,Junta,0,2024-08-08
170476,28.25,97.75,Junta,0,2024-08-08
170477,28.25,98.25,Junta,0,2024-08-08
144558,10.25,98.75,Junta,0,2024-08-09
145277,10.75,98.25,Junta,0,2024-08-09
145278,10.75,98.75,Junta,0,2024-08-09
145998,11.25,98.75,Junta,0,2024-08-09
145999,11.25,99.25,PDF,2,2024-08-09
146717,11.75,98.25,Junta,0,2024-08-09
146718,11.75,98.75,PDF,2,2024-08-09
146719,11.75,99.25,PDF,2,2024-08-09
146720,11.75,99.75,Junta,0,2024-08-09
147437,12.25,98.25,Junta,0,2024-08-09
147438,12.25,98.75,Junta,0,2024-08-09
147439,12.25,99.25,PDF,2,2024-08-09
148157,12.75,98.25,Junta,0,2024-08-09
148158,12.75,98.75,Junta,0,2024-08-09
148159,12.75,99.25,PDF,2,2024-08-09
148878,13.25,98.75,Junta,0,2024-08-09
148879,13.25,99.25,PDF,2,2024-08-09
149597,13.75,98.25,Junta,0,2024-08-09
149598,13.75,98.75,Karen,4,2024-08-09
149599,13.75,99.25,Karen,4,2024-08-09
150317,14.25,98.25,Junta,0,2024-08-09
150318,14.25,98.75,Karen,4,2024-08-09
151036,14.75,97.75,Junta,0,2024-08-09
151037,14.75,98.25,Karen,4,2024-08-09
151756,15.25,97.75,Junta,0,2024-08-09
151757,15.25,98.25,Junta,0,2024-08-09
152471,15.75,95.25,Junta,0,2024-08-09
152472,15.75,95.75,Junta,0,2024-08-09
152476,15.75,97.75,Junta,0,2024-08-09
152477,15.75,98.25,Junta,0,2024-08-09
153189,16.25,94.25,Junta,0,2024-08-09
153190,16.25,94.75,Junta,0,2024-08-09
153191,16.25,95.25,Junta,0,2024-08-09
153192,16.25,95.75,Junta,0,2024-08-09
153193,16.25,96.25,Junta,0,2024-08-09
153196,16.25,97.75,Junta,0,2024-08-09
153197,16.25,98.25,Junta,0,2024-08-09
153198,16.25,98.75,Junta,0,2024-08-09
153909,16.75,94.25,Junta,0,2024-08-09
153910,16.75,94.75,Junta,0,2024-08-09
153911,16.75,95.25,Junta,0,2024-08-09
153912,16.75,95.75,Junta,0,2024-08-09
153913,16.75,96.25,Junta,0,2024-08-09
153914,16.75,96.75,Junta,0,2024-08-09
153915,16.75,97.25,Junta,0,2024-08-09
153916,16.75,97.75,Junta,0,2024-08-09
153917,16.75,98.25,Junta,0,2024-08-09
154630,17.25,94.75,Junta,0,2024-08-09
154631,17.25,95.25,Junta,0,2024-08-09
154632,17.25,95.75,Junta,0,2024-08-09
154633,17.25,96.25,Junta,0,2024-08-09
154634,17.25,96.75,Junta,0,2024-08-09
154635,17.25,97.25,Karen,4,2024-08-09
154636,17.25,97.75,Karen,4,2024-08-09
154637,17.25,98.25,Karen,4,2024-08-09
155350,17.75,94.75,Junta,0,2024-08-09
155351,17.75,95.25,Junta,0,2024-08-09
155352,17.75,95.75,Junta,0,2024-08-09
155353,17.75,96.25,Junta,0,2024-08-09
155354,17.75,96.75,Karen,4,2024-08-09
155355,17.75,97.25,Karen,4,2024-08-09
155356,17.75,97.75,Karen,4,2024-08-09
156069,18.25,94.25,Junta,0,2024-08-09
156070,18.25,94.75,Junta,0,2024-08-09
156071,18.25,95.25,Junta,0,2024-08-09
156072,18.25,95.75,Junta,0,2024-08-09
156073,18.25,96.25,PDF,2,2024-08-09
156074,18.25,96.75,Karen,4,2024-08-09
156075,18.25,97.25,Karen,4,2024-08-09
156076,18.25,97.75,Karen,4,2024-08-09
156788,18.75,93.75,Junta,0,2024-08-09
156789,18.75,94.25,Junta,0,2024-08-09
156790,18.75,94.75,Junta,0,2024-08-09
156791,18.75,95.25,Junta,0,2024-08-09
156792,18.75,95.75,PDF,2,2024-08-09
156793,18.75,96.25,PDF,2,2024-08-09
156794,18.75,96.75,Karen,4,2024-08-09
156795,18.75,97.25,Karenni,5,2024-08-09
156796,18.75,97.75,Karenni,5,2024-08-09
157508,19.25,93.75,Junta,0,2024-08-09
157509,19.25,94.25,Junta,0,2024-08-09
157510,19.25,94.75,Junta,0,2024-08-09
157511,19.25,95.25,Junta,0,2024-08-09
157512,19.25,95.75,Junta,0,2024-08-09
157513,19.25,96.25,Junta,0,2024-08-09
157514,19.25,96.75,Karen,4,2024-08-09
157515,19.25,97.25,Karenni,5,2024-08-09
157516,19.25,97.75,Karenni,5,2024-08-09
158228,19.75,93.75,AA,6,2024-08-09
158229,19.75,94.25,AA,6,2024-08-09
158230,19.75,94.75,Junta,0,2024-08-09
158231,19.75,95.25,Junta,0,2024-08-09
158232,19.75,95.75,Junta,0,2024-08-09
158233,19.75,96.25,Junta,0,2024-08-09
158234,19.75,96.75,Karenni,5,2024-08-09
158235,19.75,97.25,Karenni,5,2024-08-09
158236,19.75,97.75,Junta,0,2024-08-09
158237,19.75,98.25,Junta,0,2024-08-09
158238,19.75,98.75,Junta,0,2024-08-09
158946,20.25,92.75,Junta,0,2024-08-09
158947,20.25,93.25,Junta,0,2024-08-09
158948,20.25,93.75,AA,6,2024-08-09
158949,20.25,94.25,AA,6,2024-08-09
158950,20.25,94.75,Junta,0,2024-08-09
158951,20.25,95.25,Junta,0,2024-08-09
158952,20.25,95.75,Junta,0,2024-08-09
158953,20.25,96.25,Junta,0,2024-08-09
158954,20.25,96.75,Junta,0,2024-08-09
158955,20.25,97.25,Junta,0,2024-08-09
158956,20.25,97.75,Junta,0,2024-08-09
158957,20.25,98.25,Junta,0,2024-08-09
158958,20.25,98.75,Junta,0,2024-08-09
158959,20.25,99.25,Junta,0,2024-08-09
158960,20.25,99.75,Junta,0,2024-08-09
158961,20.25,100.25,Junta,0,2024-08-09
159665,20.75,92.25,Junta,0,2024-08-09
159666,20.75,92.75,AA,6,2024-08-09
159667,20.75,93.25,AA,6,2024-08-09
159668,20.75,93.75,AA,6,2024-08-09
159669,20.75,94.25,AA,6,2024-08-09
159670,20.75,94.75,Junta,0,2024-08-09
159671,20.75,95.25,Junta,0,2024-08-09
159672,20.75,95.75,Junta,0,2024-08-09
159673,20.75,96.25,Junta,0,2024-08-09
159674,20.75,96.75,Junta,0,2024-08-09
159675,20.75,97.25,Junta,0,2024-08-09
159676,20.75,97.75,Junta,0,2024-08-09
159677,20.75,98.25,Junta,0,2024-08-09
159678,20.75,98.75,Junta,0,2024-08-09
159679,20.75,99.25,Junta,0,2024-08-09
159680,20.75,99.75,Junta,0,2024-08-09
159681,20.75,100.25,Junta,0,2024-08-09
160385,21.25,92.25,AA,6,2024-08-09
160386,21.25,92.75,AA,6,2024-08-09
160387,21.25,93.25,Chin Resistance,9,2024-08-09
160388,21.25,93.75,Chin Resistance,9,2024-08-09
160389,21.25,94.25,PDF,2,2024-08-09
160390,21.25,94.75,Junta,0,2024-08-09
160391,21.25,95.25,Junta,0,2024-08-09
160392,21.25,95.75,Junta,0,2024-08-09
160393,21.25,96.25,Junta,0,2024-08-09
160394,21.25,96.75,Junta,0,2024-08-09
160395,21.25,97.25,SSPP,12,2024-08-09
160396,21.25,97.75,SSPP,12,2024-08-09
160397,21.25,98.25,Junta,0,2024-08-09
160398,21.25,98.75,Junta,0,2024-08-09
160399,21.25,99.25,Junta,0,2024-08-09
160400,21.25,99.75,Junta,0,2024-08-09
160401,21.25,100.25,Junta,0,2024-08-09
160402,21.25,100.75,Junta,0,2024-08-09
161105,21.75,92.25,AA,6,2024-08-09
161106,21.75,92.75,AA,6,2024-08-09
161107,21.75,93.25,Chin Resistance,9,2024-08-09
161108,21.75,93.75,Chin Resistance,9,2024-08-09
161109,21.75,94.25,Chin Resistance,9,2024-08-09
161110,21.75,94.75,Junta,0,2024-08-09
161111,21.75,95.25,PDF,2,2024-08-09
161112,21.75,95.75,Junta,0,2024-08-09
161113,21.75,96.25,Junta,0,2024-08-09
161114,21.75,96.75,Junta,0,2024-08-09
161115,21.75,97.25,SSPP,12,2024-08-09
161116,21.75,97.75,SSPP,12,2024-08-09
161117,21.75,98.25,SSPP,12,2024-08-09
161118,21.75,98.75,Junta,0,2024-08-09
161119,21.75,99.25,Junta,0,2024-08-09
161120,21.75,99.75,NDAA,14,2024-08-09
161121,21.75,100.25,NDAA,14,2024-08-09
161122,21.75,100.75,NDAA,14,2024-08-09
161123,21.75,101.25,Junta,0,2024-08-09
161826,22.25,92.75,AA,6,2024-08-09
161827,22.25,93.25,Chin Resistance,9,2024-08-09
161828,22.25,93.75,Chin Resistance,9,2024-08-09
161829,22.25,94.25,Junta,0,2024-08-09
161830,22.25,94.75,Junta,0,2024-08-09
161831,22.25,95.25,Junta,0,2024-08-09
161832,22.25,95.75,Junta,0,2024-08-09
161833,22.25,96.25,Junta,0,2024-08-09
161834,22.25,96.75,Junta,0,2024-08-09
161835,22.25,97.25,SSPP,12,2024-08-09
161836,22.25,97.75,SSPP,12,2024-08-09
161837,22.25,98.25,SSPP,12,2024-08-09
161838,22.25,98.75,SSPP,12,2024-08-09
161839,22.25,99.25,UWSA,15,2024-08-09
161840,22.25,99.75,UWSA,15,2024-08-09
162547,22.75,93.25,Chin Resistance,9,2024-08-09
162548,22.75,93.75,Chin Resistance,9,2024-08-09
162549,22.75,94.25,Junta,0,2024-08-09
162550,22.75,94.75,Junta,0,2024-08-09
162551,22.75,95.25,Junta,0,2024-08-09
162552,22.75,95.75,Junta,0,2024-08-09
162553,22.75,96.25,PDF,2,2024-08-09
162554,22.75,96.75,Junta,0,2024-08-09
162555,22.75,97.25,Junta,0,2024-08-09
162556,22.75,97.75,SSPP,12,2024-08-09
162557,22.75,98.25,SSPP,12,2024-08-09
162558,22.75,98.75,SSPP,12,2024-08-09
162559,22.75,99.25,UWSA,15,2024-08-09
163267,23.25,93.25,Chin Resistance,9,2024-08-09
163268,23.25,93.75,Chin Resistance,9,2024-08-09
163269,23.25,94.25,Junta,0,2024-08-09
163270,23.25,94.75,Junta,0,2024-08-09
163271,23.25,95.25,Junta,0,2024-08-09
163272,23.25,95.75,Junta,0,2024-08-09
163273,23.25,96.25,Junta,0,2024-08-09
163274,23.25,96.75,KIA,3,2024-08-09
163275,23.25,97.25,Junta,0,2024-08-09
163276,23.25,97.75,Junta,0,2024-08-09
163277,23.25,98.25,Junta,0,2024-08-09
163278,23.25,98.75,UWSA,15,2024-08-09
163279,23.25,99.25,UWSA,15,2024-08-09
163987,23.75,93.25,Chin Resistance,9,2024-08-09
163988,23.75,93.75,Chin Resistance,9,2024-08-09
163989,23.75,94.25,Chin Resistance,9,2024-08-09
163990,23.75,94.75,Junta,0,2024-08-09
163991,23.75,95.25,Junta,0,2024-08-09
163992,23.75,95.75,Junta,0,2024-08-09
163993,23.75,96.25,Junta,0,2024-08-09
163994,23.75,96.75,KIA,3,2024-08-09
163995,23.75,97.25,KIA,3,2024-08-09
163996,23.75,97.75,KIA,3,2024-08-09
163997,23.75,98.25,KIA,3,2024-08-09
163998,23.75,98.75,Junta,0,2024-08-09
164707,24.25,93.25,Chin Resistance,9,2024-08-09
164708,24.25,93.75,Chin Resistance,9,2024-08-09
164709,24.25,94.25,Junta,0,2024-08-09
164710,24.25,94.75,Junta,0,2024-08-09
164711,24.25,95.25,Junta,0,2024-08-09
164712,24.25,95.75,KIA,3,2024-08-09
164713,24.25,96.25,KIA,3,2024-08-09
164714,24.25,96.75,KIA,3,2024-08-09
164715,24.25,97.25,KIA,3,2024-08-09
164716,24.25,97.75,Junta,0,2024-08-09
164717,24.25,98.25,Junta,0,2024-08-09
164718,24.25,98.75,Junta,0,2024-08-09
165430,24.75,94.75,Junta,0,2024-08-09
165431,24.75,95.25,KIA,3,2024-08-09
165432,24.75,95.75,KIA,3,2024-08-09
165433,24.75,96.25,KIA,3,2024-08-09
165434,24.75,96.75,KIA,3,2024-08-09
165435,24.75,97.25,KIA,3,2024-08-09
165436,24.75,97.75,Junta,0,2024-08-09
166150,25.25,94.75,Junta,0,2024-08-09
166151,25.25,95.25,Junta,0,2024-08-09
166152,25.25,95.75,KIA,3,2024-08-09
166153,25.25,96.25,KIA,3,2024-08-09
166154,25.25,96.75,KIA,3,2024-08-09
166155,25.25,97.25,KIA,3,2024-08-09
166156,25.25,97.75,Junta,0,2024-08-09
166870,25.75,94.75,Junta,0,2024-08-09
166871,25.75,95.25,Junta,0,2024-08-09
166872,25.75,95.75,KIA,3,2024-08-09
166873,25.75,96.25,KIA,3,2024-08-09
166874,25.75,96.75,KIA,3,2024-08-09
166875,25.75,97.25,KIA,3,2024-08-09
166876,25.75,97.75,KIA,3,2024-08-09
166877,25.75,98.25,Junta,0,2024-08-09
166878,25.75,98.75,Junta,0,2024-08-09
167591,26.25,95.25,Junta,0,2024-08-09
167592,26.25,95.75,KIA,3,2024-08-09
167593,26.25,96.25,KIA,3,2024-08-09
167594,26.25,96.75,KIA,3,2024-08-09
167595,26.25,97.25,KIA,3,2024-08-09
167596,26.25,97.75,KIA,3,2024-08-09
167597,26.25,98.25,KIA,3,2024-08-09
167598,26.25,98.75,Junta,0,2024-08-09
168311,26.75,95.25,Junta,0,2024-08-09
168312,26.75,95.75,Junta,0,2024-08-09
168313,26.75,96.25,KIA,3,2024-08-09
168314,26.75,96.75,KIA,3,2024-08-09
168315,26.75,97.25,KIA,3,2024-08-09
168316,26.75,97.75,KIA,3,2024-08-09
168317,26.75,98.25,KIA,3,2024-08-09
168318,26.75,98.75,Junta,0,2024-08-09
169033,27.25,96.25,KIA,3,2024-08-09
169034,27.25,96.75,KIA,3,2024-08-09
169035,27.25,97.25,KIA,3,2024-08-09
169036,27.25,97.75,KIA,3,2024-08-09
169037,27.25,98.25,Junta,0,2024-08-09
169038,27.25,98.75,Junta,0,2024-08-09
169754,27.75,96.75,KIA,3,2024-08-09
169755,27.75,97.25,Junta,0,2024-08-09
169756,27.75,97.75,Junta,0,2024-08-09
169757,27.75,98.25,Junta,0,2024-08-09
170475,28.25,97.25,Junta,0,2024-08-09
170476,28.25,97.75,Junta,0,2024-08-09
170477,28.25,98.25,Junta,0,2024-08-09
144558,10.25,98.75,Junta,0,2024-08-12
145277,10.75,98.25,Junta,0,2024-08-12
145278,10.75,98.75,Junta,0,2024-08-12
145998,11.25,98.75,Junta,0,2024-08-12
145999,11.25,99.25,PDF,2,2024-08-12
146717,11.75,98.25,Junta,0,2024-08-12
146718,11.75,98.75,PDF,2,2024-08-12
146719,11.75,99.25,PDF,2,2024-08-12
146720,11.75,99.75,Junta,0,2024-08-12
147437,12.25,98.25,Junta,0,2024-08-12
147438,12.25,98.75,Junta,0,2024-08-12
147439,12.25,99.25,PDF,2,2024-08-12
148157,12.75,98.25,Junta,0,2024-08-12
148158,12.75,98.75,Junta,0,2024-08-12
148159,12.75,99.25,PDF,2,2024-08-12
148878,13.25,98.75,Junta,0,2024-08-12
148879,13.25,99.25,PDF,2,2024-08-12
149597,13.75,98.25,Junta,0,2024-08-12
149598,13.75,98.75,Karen,4,2024-08-12
149599,13.75,99.25,Karen,4,2024-08-12
150317,14.25,98.25,Junta,0,2024-08-12
150318,14.25,98.75,Karen,4,2024-08-12
151036,14.75,97.75,Junta,0,2024-08-12
151037,14.75,98.25,Karen,4,2024-08-12
151756,15.25,97.75,Junta,0,2024-08-12
151757,15.25,98.25,Junta,0,2024-08-12
152471,15.75,95.25,Junta,0,2024-08-12
152472,15.75,95.75,Junta,0,2024-08-12
152476,15.75,97.75,Junta,0,2024-08-12
152477,15.75,98.25,Junta,0,2024-08-12
153189,16.25,94.25,Junta,0,2024-08-12
153190,16.25,94.75,Junta,0,2024-08-12
153191,16.25,95.25,Junta,0,2024-08-12
153192,16.25,95.75,Junta,0,2024-08-12
153193,16.25,96.25,Junta,0,2024-08-12
153196,16.25,97.75,Junta,0,2024-08-12
153197,16.25,98.25,Junta,0,2024-08-12
153198,16.25,98.75,Junta,0,2024-08-12
153909,16.75,94.25,Junta,0,2024-08-12
153910,16.75,94.75,Junta,0,2024-08-12
153911,16.75,95.25,Junta,0,2024-08-12
153912,16.75,95.75,Junta,0,2024-08-12
153913,16.75,96.25,Junta,0,2024-08-12
153914,16.75,96.75,Junta,0,2024-08-12
153915,16.75,97.25,Junta,0,2024-08-12
153916,16.75,97.75,Junta,0,2024-08-12
153917,16.75,98.25,Junta,0,2024-08-12
154630,17.25,94.75,Junta,0,2024-08-12
154631,17.25,95.25,Junta,0,2024-08-12
154632,17.25,95.75,Junta,0,2024-08-12
154633,17.25,96.25,Junta,0,2024-08-12
154634,17.25,96.75,Junta,0,2024-08-12
154635,17.25,97.25,Karen,4,2024-08-12
154636,17.25,97.75,Karen,4,2024-08-12
154637,17.25,98.25,Karen,4,2024-08-12
155350,17.75,94.75,Junta,0,2024-08-12
155351,17.75,95.25,Junta,0,2024-08-12
155352,17.75,95.75,Junta,0,2024-08-12
155353,17.75,96.25,Junta,0,2024-08-12
155354,17.75,96.75,Karen,4,2024-08-12
155355,17.75,97.25,Karen,4,2024-08-12
155356,17.75,97.75,Karen,4,2024-08-12
156069,18.25,94.25,Junta,0,2024-08-12
156070,18.25,94.75,Junta,0,2024-08-12
156071,18.25,95.25,Junta,0,2024-08-12
156072,18.25,95.75,Junta,0,2024-08-12
156073,18.25,96.25,PDF,2,2024-08-12
156074,18.25,96.75,Karen,4,2024-08-12
156075,18.25,97.25,Karen,4,2024-08-12
156076,18.25,97.75,Karen,4,2024-08-12
156788,18.75,93.75,Junta,0,2024-08-12
156789,18.75,94.25,Junta,0,2024-08-12
156790,18.75,94.75,Junta,0,2024-08-12
156791,18.75,95.25,Junta,0,2024-08-12
156792,18.75,95.75,PDF,2,2024-08-12
156793,18.75,96.25,PDF,2,2024-08-12
156794,18.75,96.75,Karen,4,2024-08-12
156795,18.75,97.25,Karenni,5,2024-08-12
156796,18.75,97.75,Karenni,5,2024-08-12
157508,19.25,93.75,Junta,0,2024-08-12
157509,19.25,94.25,Junta,0,2024-08-12
157510,19.25,94.75,Junta,0,2024-08-12
157511,19.25,95.25,Junta,0,2024-08-12
157512,19.25,95.75,Junta,0,2024-08-12
157513,19.25,96.25,Junta,0,2024-08-12
157514,19.25,96.75,Karen,4,2024-08-12
157515,19.25,97.25,Karenni,5,2024-08-12
157516,19.25,97.75,Karenni,5,2024-08-12
158228,19.75,93.75,AA,6,2024-08-12
158229,19.75,94.25,AA,6,2024-08-12
158230,19.75,94.75,Junta,0,2024-08-12
158231,19.75,95.25,Junta,0,2024-08-12
158232,19.75,95.75,Junta,0,2024-08-12
158233,19.75,96.25,Junta,0,2024-08-12
158234,19.75,96.75,Karenni,5,2024-08-12
158235,19.75,97.25,Karenni,5,2024-08-12
158236,19.75,97.75,Junta,0,2024-08-12
158237,19.75,98.25,Junta,0,2024-08-12
158238,19.75,98.75,Junta,0,2024-08-12
158946,20.25,92.75,Junta,0,2024-08-12
158947,20.25,93.25,Junta,0,2024-08-12
158948,20.25,93.75,AA,6,2024-08-12
158949,20.25,94.25,AA,6,2024-08-12
158950,20.25,94.75,Junta,0,2024-08-12
158951,20.25,95.25,Junta,0,2024-08-12
158952,20.25,95.75,Junta,0,2024-08-12
158953,20.25,96.25,Junta,0,2024-08-12
158954,20.25,96.75,Junta,0,2024-08-12
158955,20.25,97.25,Junta,0,2024-08-12
158956,20.25,97.75,Junta,0,2024-08-12
158957,20.25,98.25,Junta,0,2024-08-12
158958,20.25,98.75,Junta,0,2024-08-12
158959,20.25,99.25,Junta,0,2024-08-12
158960,20.25,99.75,Junta,0,2024-08-12
158961,20.25,100.25,Junta,0,2024-08-12
159665,20.75,92.25,Junta,0,2024-08-12
159666,20.75,92.75,AA,6,2024-08-12
159667,20.75,93.25,AA,6,2024-08-12
159668,20.75,93.75,AA,6,2024-08-12
159669,20.75,94.25,AA,6,2024-08-12
159670,20.75,94.75,Junta,0,2024-08-12
159671,20.75,95.25,Junta,0,2024-08-12
159672,20.75,95.75,Junta,0,2024-08-12
159673,20.75,96.25,Junta,0,2024-08-12
159674,20.75,96.75,Junta,0,2024-08-12
159675,20.75,97.25,Junta,0,2024-08-12
159676,20.75,97.75,Junta,0,2024-08-12
159677,20.75,98.25,Junta,0,2024-08-12
159678,20.75,98.75,Junta,0,2024-08-12
159679,20.75,99.25,Junta,0,2024-08-12
159680,20.75,99.75,Junta,0,2024-08-12
159681,20.75,100.25,Junta,0,2024-08-12
160385,21.25,92.25,AA,6,2024-08-12
160386,21.25,92.75,AA,6,2024-08-12
160387,21.25,93.25,Chin Resistance,9,2024-08-12
160388,21.25,93.75,Chin Resistance,9,2024-08-12
160389,21.25,94.25,PDF,2,2024-08-12
160390,21.25,94.75,Junta,0,2024-08-12
160391,21.25,95.25,Junta,0,2024-08-12
160392,21.25,95.75,Junta,0,2024-08-12
160393,21.25,96.25,Junta,0,2024-08-12
160394,21.25,96.75,Junta,0,2024-08-12
160395,21.25,97.25,SSPP,12,2024-08-12
160396,21.25,97.75,SSPP,12,2024-08-12
160397,21.25,98.25,Junta,0,2024-08-12
160398,21.25,98.75,Junta,0,2024-08-12
160399,21.25,99.25,Junta,0,2024-08-12
160400,21.25,99.75,Junta,0,2024-08-12
160401,21.25,100.25,Junta,0,2024-08-12
160402,21.25,100.75,Junta,0,2024-08-12
161105,21.75,92.25,AA,6,2024-08-12
161106,21.75,92.75,AA,6,2024-08-12
161107,21.75,93.25,Chin Resistance,9,2024-08-12
161108,21.75,93.75,Chin Resistance,9,2024-08-12
161109,21.75,94.25,Chin Resistance,9,2024-08-12
161110,21.75,94.75,Junta,0,2024-08-12
161111,21.75,95.25,PDF,2,2024-08-12
161112,21.75,95.75,Junta,0,2024-08-12
161113,21.75,96.25,Junta,0,2024-08-12
161114,21.75,96.75,Junta,0,2024-08-12
161115,21.75,97.25,SSPP,12,2024-08-12
161116,21.75,97.75,SSPP,12,2024-08-12
161117,21.75,98.25,SSPP,12,2024-08-12
161118,21.75,98.75,Junta,0,2024-08-12
161119,21.75,99.25,Junta,0,2024-08-12
161120,21.75,99.75,NDAA,14,2024-08-12
161121,21.75,100.25,NDAA,14,2024-08-12
161122,21.75,100.75,NDAA,14,2024-08-12
161123,21.75,101.25,Junta,0,2024-08-12
161826,22.25,92.75,AA,6,2024-08-12
161827,22.25,93.25,Chin Resistance,9,2024-08-12
161828,22.25,93.75,Chin Resistance,9,2024-08-12
161829,22.25,94.25,Junta,0,2024-08-12
161830,22.25,94.75,Junta,0,2024-08-12
161831,22.25,95.25,Junta,0,2024-08-12
161832,22.25,95.75,Junta,0,2024-08-12
161833,22.25,96.25,Junta,0,2024-08-12
161834,22.25,96.75,Junta,0,2024-08-12
161835,22.25,97.25,SSPP,12,2024-08-12
161836,22.25,97.75,SSPP,12,2024-08-12
161837,22.25,98.25,SSPP,12,2024-08-12
161838,22.25,98.75,SSPP,12,2024-08-12
161839,22.25,99.25,UWSA,15,2024-08-12
161840,22.25,99.75,UWSA,15,2024-08-12
162547,22.75,93.25,Chin Resistance,9,2024-08-12
162548,22.75,93.75,Chin Resistance,9,2024-08-12
162549,22.75,94.25,Junta,0,2024-08-12
162550,22.75,94.75,Junta,0,2024-08-12
162551,22.75,95.25,Junta,0,2024-08-12
162552,22.75,95.75,Junta,0,2024-08-12
162553,22.75,96.25,PDF,2,2024-08-12
162554,22.75,96.75,Junta,0,2024-08-12
162555,22.75,97.25,Junta,0,2024-08-12
162556,22.75,97.75,SSPP,12,2024-08-12
162557,22.75,98.25,SSPP,12,2024-08-12
162558,22.75,98.75,SSPP,12,2024-08-12
162559,22.75,99.25,UWSA,15,2024-08-12
163267,23.25,93.25,Chin Resistance,9,2024-08-12
163268,23.25,93.75,Chin Resistance,9,2024-08-12
163269,23.25,94.25,Junta,0,2024-08-12
163270,23.25,94.75,Junta,0,2024-08-12
163271,23.25,95.25,Junta,0,2024-08-12
163272,23.25,95.75,Junta,0,2024-08-12
163273,23.25,96.25,Junta,0,2024-08-12
163274,23.25,96.75,KIA,3,2024-08-12
163275,23.25,97.25,Junta,0,2024-08-12
163276,23.25,97.75,Junta,0,2024-08-12
163277,23.25,98.25,Junta,0,2024-08-12
163278,23.25,98.75,UWSA,15,2024-08-12
163279,23.25,99.25,UWSA,15,2024-08-12
163987,23.75,93.25,Chin Resistance,9,2024-08-12
163988,23.75,93.75,Chin Resistance,9,2024-08-12
163989,23.75,94.25,Chin Resistance,9,2024-08-12
163990,23.75,94.75,Junta,0,2024-08-12
163991,23.75,95.25,Junta,0,2024-08-12
163992,23.75,95.75,Junta,0,2024-08-12
163993,23.75,96.25,Junta,0,2024-08-12
163994,23.75,96.75,KIA,3,2024-08-12
163995,23.75,97.25,KIA,3,2024-08-12
163996,23.75,97.75,KIA,3,2024-08-12
163997,23.75,98.25,KIA,3,2024-08-12
163998,23.75,98.75,Junta,0,2024-08-12
164707,24.25,93.25,Chin Resistance,9,2024-08-12
164708,24.25,93.75,Chin Resistance,9,2024-08-12
164709,24.25,94.25,Junta,0,2024-08-12
164710,24.25,94.75,Junta,0,2024-08-12
164711,24.25,95.25,Junta,0,2024-08-12
164712,24.25,95.75,KIA,3,2024-08-12
164713,24.25,96.25,KIA,3,2024-08-12
164714,24.25,96.75,KIA,3,2024-08-12
164715,24.25,97.25,KIA,3,2024-08-12
164716,24.25,97.75,Junta,0,2024-08-12
164717,24.25,98.25,Junta,0,2024-08-12
164718,24.25,98.75,Junta,0,2024-08-12
165430,24.75,94.75,Junta,0,2024-08-12
165431,24.75,95.25,KIA,3,2024-08-12
165432,24.75,95.75,KIA,3,2024-08-12
165433,24.75,96.25,KIA,3,2024-08-12
165434,24.75,96.75,KIA,3,2024-08-12
165435,24.75,97.25,KIA,3,2024-08-12
165436,24.75,97.75,Junta,0,2024-08-12
166150,25.25,94.75,Junta,0,2024-08-12
166151,25.25,95.25,Junta,0,2024-08-12
166152,25.25,95.75,KIA,3,2024-08-12
166153,25.25,96.25,KIA,3,2024-08-12
166154,25.25,96.75,KIA,3,2024-08-12
166155,25.25,97.25,KIA,3,2024-08-12
166156,25.25,97.75,Junta,0,2024-08-12
166870,25.75,94.75,Junta,0,2024-08-12
166871,25.75,95.25,Junta,0,2024-08-12
166872,25.75,95.75,KIA,3,2024-08-12
166873,25.75,96.25,KIA,3,2024-08-12
166874,25.75,96.75,KIA,3,2024-08-12
166875,25.75,97.25,KIA,3,2024-08-12
166876,25.75,97.75,KIA,3,2024-08-12
166877,25.75,98.25,Junta,0,2024-08-12
166878,25.75,98.75,Junta,0,2024-08-12
167591,26.25,95.25,Junta,0,2024-08-12
167592,26.25,95.75,KIA,3,2024-08-12
167593,26.25,96.25,KIA,3,2024-08-12
167594,26.25,96.75,KIA,3,2024-08-12
167595,26.25,97.25,KIA,3,2024-08-12
167596,26.25,97.75,KIA,3,2024-08-12
167597,26.25,98.25,KIA,3,2024-08-12
167598,26.25,98.75,Junta,0,2024-08-12
168311,26.75,95.25,Junta,0,2024-08-12
168312,26.75,95.75,Junta,0,2024-08-12
168313,26.75,96.25,KIA,3,2024-08-12
168314,26.75,96.75,KIA,3,2024-08-12
168315,26.75,97.25,KIA,3,2024-08-12
168316,26.75,97.75,KIA,3,2024-08-12
168317,26.75,98.25,KIA,3,2024-08-12
168318,26.75,98.75,Junta,0,2024-08-12
169033,27.25,96.25,KIA,3,2024-08-12
169034,27.25,96.75,KIA,3,2024-08-12
169035,27.25,97.25,KIA,3,2024-08-12
169036,27.25,97.75,KIA,3,2024-08-12
169037,27.25,98.25,Junta,0,2024-08-12
169038,27.25,98.75,Junta,0,2024-08-12
169754,27.75,96.75,KIA,3,2024-08-12
169755,27.75,97.25,Junta,0,2024-08-12
169756,27.75,97.75,Junta,0,2024-08-12
169757,27.75,98.25,Junta,0,2024-08-12
170475,28.25,97.25,Junta,0,2024-08-12
170476,28.25,97.75,Junta,0,2024-08-12
170477,28.25,98.25,Junta,0,2024-08-12
144558,10.25,98.75,Junta,0,2024-08-24
145277,10.75,98.25,Junta,0,2024-08-24
145278,10.75,98.75,Junta,0,2024-08-24
145998,11.25,98.75,Junta,0,2024-08-24
145999,11.25,99.25,PDF,2,2024-08-24
146717,11.75,98.25,Junta,0,2024-08-24
146718,11.75,98.75,PDF,2,2024-08-24
146719,11.75,99.25,PDF,2,2024-08-24
146720,11.75,99.75,Junta,0,2024-08-24
147437,12.25,98.25,Junta,0,2024-08-24
147438,12.25,98.75,Junta,0,2024-08-24
147439,12.25,99.25,PDF,2,2024-08-24
148157,12.75,98.25,Junta,0,2024-08-24
148158,12.75,98.75,Junta,0,2024-08-24
148159,12.75,99.25,PDF,2,2024-08-24
148878,13.25,98.75,Junta,0,2024-08-24
148879,13.25,99.25,PDF,2,2024-08-24
149597,13.75,98.25,Junta,0,2024-08-24
149598,13.75,98.75,Karen,4,2024-08-24
149599,13.75,99.25,Karen,4,2024-08-24
150317,14.25,98.25,Junta,0,2024-08-24
150318,14.25,98.75,Karen,4,2024-08-24
151036,14.75,97.75,Junta,0,2024-08-24
151037,14.75,98.25,Karen,4,2024-08-24
151756,15.25,97.75,Junta,0,2024-08-24
151757,15.25,98.25,Junta,0,2024-08-24
152471,15.75,95.25,Junta,0,2024-08-24
152472,15.75,95.75,Junta,0,2024-08-24
152476,15.75,97.75,Junta,0,2024-08-24
152477,15.75,98.25,Junta,0,2024-08-24
153189,16.25,94.25,Junta,0,2024-08-24
153190,16.25,94.75,Junta,0,2024-08-24
153191,16.25,95.25,Junta,0,2024-08-24
153192,16.25,95.75,Junta,0,2024-08-24
153193,16.25,96.25,Junta,0,2024-08-24
153196,16.25,97.75,Junta,0,2024-08-24
153197,16.25,98.25,Junta,0,2024-08-24
153198,16.25,98.75,Junta,0,2024-08-24
153909,16.75,94.25,Junta,0,2024-08-24
153910,16.75,94.75,Junta,0,2024-08-24
153911,16.75,95.25,Junta,0,2024-08-24
153912,16.75,95.75,Junta,0,2024-08-24
153913,16.75,96.25,Junta,0,2024-08-24
153914,16.75,96.75,Junta,0,2024-08-24
153915,16.75,97.25,Junta,0,2024-08-24
153916,16.75,97.75,Junta,0,2024-08-24
153917,16.75,98.25,Junta,0,2024-08-24
154630,17.25,94.75,Junta,0,2024-08-24
154631,17.25,95.25,Junta,0,2024-08-24
154632,17.25,95.75,Junta,0,2024-08-24
154633,17.25,96.25,Junta,0,2024-08-24
154634,17.25,96.75,Junta,0,2024-08-24
154635,17.25,97.25,Karen,4,2024-08-24
154636,17.25,97.75,Karen,4,2024-08-24
154637,17.25,98.25,Karen,4,2024-08-24
155350,17.75,94.75,Junta,0,2024-08-24
155351,17.75,95.25,Junta,0,2024-08-24
155352,17.75,95.75,Junta,0,2024-08-24
155353,17.75,96.25,Junta,0,2024-08-24
155354,17.75,96.75,Karen,4,2024-08-24
155355,17.75,97.25,Karen,4,2024-08-24
155356,17.75,97.75,Karen,4,2024-08-24
156069,18.25,94.25,Junta,0,2024-08-24
156070,18.25,94.75,Junta,0,2024-08-24
156071,18.25,95.25,Junta,0,2024-08-24
156072,18.25,95.75,Junta,0,2024-08-24
156073,18.25,96.25,PDF,2,2024-08-24
156074,18.25,96.75,Karen,4,2024-08-24
156075,18.25,97.25,Karen,4,2024-08-24
156076,18.25,97.75,Karen,4,2024-08-24
156788,18.75,93.75,Junta,0,2024-08-24
156789,18.75,94.25,Junta,0,2024-08-24
156790,18.75,94.75,Junta,0,2024-08-24
156791,18.75,95.25,Junta,0,2024-08-24
156792,18.75,95.75,PDF,2,2024-08-24
156793,18.75,96.25,PDF,2,2024-08-24
156794,18.75,96.75,Karen,4,2024-08-24
156795,18.75,97.25,Karenni,5,2024-08-24
156796,18.75,97.75,Karenni,5,2024-08-24
157508,19.25,93.75,Junta,0,2024-08-24
157509,19.25,94.25,Junta,0,2024-08-24
157510,19.25,94.75,Junta,0,2024-08-24
157511,19.25,95.25,Junta,0,2024-08-24
157512,19.25,95.75,Junta,0,2024-08-24
157513,19.25,96.25,Junta,0,2024-08-24
157514,19.25,96.75,Karen,4,2024-08-24
157515,19.25,97.25,Karenni,5,2024-08-24
157516,19.25,97.75,Karenni,5,2024-08-24
158228,19.75,93.75,AA,6,2024-08-24
158229,19.75,94.25,AA,6,2024-08-24
158230,19.75,94.75,Junta,0,2024-08-24
158231,19.75,95.25,Junta,0,2024-08-24
158232,19.75,95.75,Junta,0,2024-08-24
158233,19.75,96.25,Junta,0,2024-08-24
158234,19.75,96.75,Karenni,5,2024-08-24
158235,19.75,97.25,Karenni,5,2024-08-24
158236,19.75,97.75,Junta,0,2024-08-24
158237,19.75,98.25,Junta,0,2024-08-24
158238,19.75,98.75,Junta,0,2024-08-24
158946,20.25,92.75,Junta,0,2024-08-24
158947,20.25,93.25,Junta,0,2024-08-24
158948,20.25,93.75,AA,6,2024-08-24
158949,20.25,94.25,AA,6,2024-08-24
158950,20.25,94.75,Junta,0,2024-08-24
158951,20.25,95.25,Junta,0,2024-08-24
158952,20.25,95.75,Junta,0,2024-08-24
158953,20.25,96.25,Junta,0,2024-08-24
158954,20.25,96.75,Junta,0,2024-08-24
158955,20.25,97.25,Junta,0,2024-08-24
158956,20.25,97.75,Junta,0,2024-08-24
158957,20.25,98.25,Junta,0,2024-08-24
158958,20.25,98.75,Junta,0,2024-08-24
158959,20.25,99.25,Junta,0,2024-08-24
158960,20.25,99.75,Junta,0,2024-08-24
158961,20.25,100.25,Junta,0,2024-08-24
159665,20.75,92.25,Junta,0,2024-08-24
159666,20.75,92.75,AA,6,2024-08-24
159667,20.75,93.25,AA,6,2024-08-24
159668,20.75,93.75,AA,6,2024-08-24
159669,20.75,94.25,AA,6,2024-08-24
159670,20.75,94.75,Junta,0,2024-08-24
159671,20.75,95.25,Junta,0,2024-08-24
159672,20.75,95.75,Junta,0,2024-08-24
159673,20.75,96.25,Junta,0,2024-08-24
159674,20.75,96.75,Junta,0,2024-08-24
159675,20.75,97.25,Junta,0,2024-08-24
159676,20.75,97.75,Junta,0,2024-08-24
159677,20.75,98.25,Junta,0,2024-08-24
159678,20.75,98.75,Junta,0,2024-08-24
159679,20.75,99.25,Junta,0,2024-08-24
159680,20.75,99.75,Junta,0,2024-08-24
159681,20.75,100.25,Junta,0,2024-08-24
160385,21.25,92.25,AA,6,2024-08-24
160386,21.25,92.75,AA,6,2024-08-24
160387,21.25,93.25,Chin Resistance,9,2024-08-24
160388,21.25,93.75,Chin Resistance,9,2024-08-24
160389,21.25,94.25,PDF,2,2024-08-24
160390,21.25,94.75,Junta,0,2024-08-24
160391,21.25,95.25,Junta,0,2024-08-24
160392,21.25,95.75,Junta,0,2024-08-24
160393,21.25,96.25,Junta,0,2024-08-24
160394,21.25,96.75,Junta,0,2024-08-24
160395,21.25,97.25,SSPP,12,2024-08-24
160396,21.25,97.75,SSPP,12,2024-08-24
160397,21.25,98.25,Junta,0,2024-08-24
160398,21.25,98.75,Junta,0,2024-08-24
160399,21.25,99.25,Junta,0,2024-08-24
160400,21.25,99.75,Junta,0,2024-08-24
160401,21.25,100.25,Junta,0,2024-08-24
160402,21.25,100.75,Junta,0,2024-08-24
161105,21.75,92.25,AA,6,2024-08-24
161106,21.75,92.75,AA,6,2024-08-24
161107,21.75,93.25,Chin Resistance,9,2024-08-24
161108,21.75,93.75,Chin Resistance,9,2024-08-24
161109,21.75,94.25,Chin Resistance,9,2024-08-24
161110,21.75,94.75,Junta,0,2024-08-24
161111,21.75,95.25,PDF,2,2024-08-24
161112,21.75,95.75,Junta,0,2024-08-24
161113,21.75,96.25,Junta,0,2024-08-24
161114,21.75,96.75,Junta,0,2024-08-24
161115,21.75,97.25,SSPP,12,2024-08-24
161116,21.75,97.75,SSPP,12,2024-08-24
161117,21.75,98.25,SSPP,12,2024-08-24
161118,21.75,98.75,Junta,0,2024-08-24
161119,21.75,99.25,Junta,0,2024-08-24
161120,21.75,99.75,NDAA,14,2024-08-24
161121,21.75,100.25,NDAA,14,2024-08-24
161122,21.75,100.75,NDAA,14,2024-08-24
161123,21.75,101.25,Junta,0,2024-08-24
161826,22.25,92.75,AA,6,2024-08-24
161827,22.25,93.25,Chin Resistance,9,2024-08-24
161828,22.25,93.75,Chin Resistance,9,2024-08-24
161829,22.25,94.25,Junta,0,2024-08-24
161830,22.25,94.75,Junta,0,2024-08-24
161831,22.25,95.25,Junta,0,2024-08-24
161832,22.25,95.75,Junta,0,2024-08-24
161833,22.25,96.25,Junta,0,2024-08-24
161834,22.25,96.75,Junta,0,2024-08-24
161835,22.25,97.25,SSPP,12,2024-08-24
161836,22.25,97.75,SSPP,12,2024-08-24
161837,22.25,98.25,SSPP,12,2024-08-24
161838,22.25,98.75,SSPP,12,2024-08-24
161839,22.25,99.25,UWSA,15,2024-08-24
161840,22.25,99.75,UWSA,15,2024-08-24
162547,22.75,93.25,Chin Resistance,9,2024-08-24
162548,22.75,93.75,Chin Resistance,9,2024-08-24
162549,22.75,94.25,Junta,0,2024-08-24
162550,22.75,94.75,Junta,0,2024-08-24
162551,22.75,95.25,Junta,0,2024-08-24
162552,22.75,95.75,Junta,0,2024-08-24
162553,22.75,96.25,PDF,2,2024-08-24
162554,22.75,96.75,Junta,0,2024-08-24
162555,22.75,97.25,Junta,0,2024-08-24
162556,22.75,97.75,SSPP,12,2024-08-24
162557,22.75,98.25,SSPP,12,2024-08-24
162558,22.75,98.75,SSPP,12,2024-08-24
162559,22.75,99.25,UWSA,15,2024-08-24
163267,23.25,93.25,Chin Resistance,9,2024-08-24
163268,23.25,93.75,Chin Resistance,9,2024-08-24
163269,23.25,94.25,Junta,0,2024-08-24
163270,23.25,94.75,Junta,0,2024-08-24
163271,23.25,95.25,Junta,0,2024-08-24
163272,23.25,95.75,Junta,0,2024-08-24
163273,23.25,96.25,Junta,0,2024-08-24
163274,23.25,96.75,KIA,3,2024-08-24
163275,23.25,97.25,Junta,0,2024-08-24
163276,23.25,97.75,Junta,0,2024-08-24
163277,23.25,98.25,Junta,0,2024-08-24
163278,23.25,98.75,UWSA,15,2024-08-24
163279,23.25,99.25,UWSA,15,2024-08-24
163987,23.75,93.25,Chin Resistance,9,2024-08-24
163988,23.75,93.75,Chin Resistance,9,2024-08-24
163989,23.75,94.25,Chin Resistance,9,2024-08-24
163990,23.75,94.75,Junta,0,2024-08-24
163991,23.75,95.25,Junta,0,2024-08-24
163992,23.75,95.75,Junta,0,2024-08-24
163993,23.75,96.25,Junta,0,2024-08-24
163994,23.75,96.75,KIA,3,2024-08-24
163995,23.75,97.25,KIA,3,2024-08-24
163996,23.75,97.75,KIA,3,2024-08-24
163997,23.75,98.25,KIA,3,2024-08-24
163998,23.75,98.75,Junta,0,2024-08-24
164707,24.25,93.25,Chin Resistance,9,2024-08-24
164708,24.25,93.75,Chin Resistance,9,2024-08-24
164709,24.25,94.25,Junta,0,2024-08-24
164710,24.25,94.75,Junta,0,2024-08-24
164711,24.25,95.25,Junta,0,2024-08-24
164712,24.25,95.75,KIA,3,2024-08-24
164713,24.25,96.25,KIA,3,2024-08-24
164714,24.25,96.75,KIA,3,2024-08-24
164715,24.25,97.25,KIA,3,2024-08-24
164716,24.25,97.75,Junta,0,2024-08-24
164717,24.25,98.25,Junta,0,2024-08-24
164718,24.25,98.75,Junta,0,2024-08-24
165430,24.75,94.75,Junta,0,2024-08-24
165431,24.75,95.25,KIA,3,2024-08-24
165432,24.75,95.75,KIA,3,2024-08-24
165433,24.75,96.25,KIA,3,2024-08-24
165434,24.75,96.75,KIA,3,2024-08-24
165435,24.75,97.25,KIA,3,2024-08-24
165436,24.75,97.75,Junta,0,2024-08-24
166150,25.25,94.75,Junta,0,2024-08-24
166151,25.25,95.25,Junta,0,2024-08-24
166152,25.25,95.75,KIA,3,2024-08-24
166153,25.25,96.25,KIA,3,2024-08-24
166154,25.25,96.75,KIA,3,2024-08-24
166155,25.25,97.25,KIA,3,2024-08-24
166156,25.25,97.75,Junta,0,2024-08-24
166870,25.75,94.75,Junta,0,2024-08-24
166871,25.75,95.25,Junta,0,2024-08-24
166872,25.75,95.75,KIA,3,2024-08-24
166873,25.75,96.25,KIA,3,2024-08-24
166874,25.75,96.75,KIA,3,2024-08-24
166875,25.75,97.25,KIA,3,2024-08-24
166876,25.75,97.75,KIA,3,2024-08-24
166877,25.75,98.25,Junta,0,2024-08-24
166878,25.75,98.75,Junta,0,2024-08-24
167591,26.25,95.25,Junta,0,2024-08-24
167592,26.25,95.75,KIA,3,2024-08-24
167593,26.25,96.25,KIA,3,2024-08-24
167594,26.25,96.75,KIA,3,2024-08-24
167595,26.25,97.25,KIA,3,2024-08-24
167596,26.25,97.75,KIA,3,2024-08-24
167597,26.25,98.25,KIA,3,2024-08-24
167598,26.25,98.75,Junta,0,2024-08-24
168311,26.75,95.25,Junta,0,2024-08-24
168312,26.75,95.75,Junta,0,2024-08-24
168313,26.75,96.25,KIA,3,2024-08-24
168314,26.75,96.75,KIA,3,2024-08-24
168315,26.75,97.25,KIA,3,2024-08-24
168316,26.75,97.75,KIA,3,2024-08-24
168317,26.75,98.25,KIA,3,2024-08-24
168318,26.75,98.75,Junta,0,2024-08-24
169033,27.25,96.25,KIA,3,2024-08-24
169034,27.25,96.75,KIA,3,2024-08-24
169035,27.25,97.25,KIA,3,2024-08-24
169036,27.25,97.75,KIA,3,2024-08-24
169037,27.25,98.25,Junta,0,2024-08-24
169038,27.25,98.75,Junta,0,2024-08-24
169754,27.75,96.75,KIA,3,2024-08-24
169755,27.75,97.25,Junta,0,2024-08-24
169756,27.75,97.75,Junta,0,2024-08-24
169757,27.75,98.25,Junta,0,2024-08-24
170475,28.25,97.25,Junta,0,2024-08-24
170476,28.25,97.75,Junta,0,2024-08-24
170477,28.25,98.25,Junta,0,2024-08-24
144558,10.25,98.75,Junta,0,2024-08-28
145277,10.75,98.25,Junta,0,2024-08-28
145278,10.75,98.75,Junta,0,2024-08-28
145998,11.25,98.75,Junta,0,2024-08-28
145999,11.25,99.25,PDF,2,2024-08-28
146717,11.75,98.25,Junta,0,2024-08-28
146718,11.75,98.75,PDF,2,2024-08-28
146719,11.75,99.25,PDF,2,2024-08-28
146720,11.75,99.75,Junta,0,2024-08-28
147437,12.25,98.25,Junta,0,2024-08-28
147438,12.25,98.75,Junta,0,2024-08-28
147439,12.25,99.25,PDF,2,2024-08-28
148157,12.75,98.25,Junta,0,2024-08-28
148158,12.75,98.75,Junta,0,2024-08-28
148159,12.75,99.25,PDF,2,2024-08-28
148878,13.25,98.75,Junta,0,2024-08-28
148879,13.25,99.25,PDF,2,2024-08-28
149597,13.75,98.25,Junta,0,2024-08-28
149598,13.75,98.75,Karen,4,2024-08-28
149599,13.75,99.25,Karen,4,2024-08-28
150317,14.25,98.25,Junta,0,2024-08-28
150318,14.25,98.75,Karen,4,2024-08-28
151036,14.75,97.75,Junta,0,2024-08-28
151037,14.75,98.25,Karen,4,2024-08-28
151756,15.25,97.75,Junta,0,2024-08-28
151757,15.25,98.25,Junta,0,2024-08-28
152471,15.75,95.25,Junta,0,2024-08-28
152472,15.75,95.75,Junta,0,2024-08-28
152476,15.75,97.75,Junta,0,2024-08-28
152477,15.75,98.25,Junta,0,2024-08-28
153189,16.25,94.25,Junta,0,2024-08-28
153190,16.25,94.75,Junta,0,2024-08-28
153191,16.25,95.25,Junta,0,2024-08-28
153192,16.25,95.75,Junta,0,2024-08-28
153193,16.25,96.25,Junta,0,2024-08-28
153196,16.25,97.75,Junta,0,2024-08-28
153197,16.25,98.25,Junta,0,2024-08-28
153198,16.25,98.75,Junta,0,2024-08-28
153909,16.75,94.25,Junta,0,2024-08-28
153910,16.75,94.75,Junta,0,2024-08-28
153911,16.75,95.25,Junta,0,2024-08-28
153912,16.75,95.75,Junta,0,2024-08-28
153913,16.75,96.25,Junta,0,2024-08-28
153914,16.75,96.75,Junta,0,2024-08-28
153915,16.75,97.25,Junta,0,2024-08-28
153916,16.75,97.75,Junta,0,2024-08-28
153917,16.75,98.25,Junta,0,2024-08-28
154630,17.25,94.75,Junta,0,2024-08-28
154631,17.25,95.25,Junta,0,2024-08-28
154632,17.25,95.75,Junta,0,2024-08-28
154633,17.25,96.25,Junta,0,2024-08-28
154634,17.25,96.75,Junta,0,2024-08-28
154635,17.25,97.25,Karen,4,2024-08-28
154636,17.25,97.75,Karen,4,2024-08-28
154637,17.25,98.25,Karen,4,2024-08-28
155350,17.75,94.75,Junta,0,2024-08-28
155351,17.75,95.25,Junta,0,2024-08-28
155352,17.75,95.75,Junta,0,2024-08-28
155353,17.75,96.25,Junta,0,2024-08-28
155354,17.75,96.75,Karen,4,2024-08-28
155355,17.75,97.25,Karen,4,2024-08-28
155356,17.75,97.75,Karen,4,2024-08-28
156069,18.25,94.25,Junta,0,2024-08-28
156070,18.25,94.75,Junta,0,2024-08-28
156071,18.25,95.25,Junta,0,2024-08-28
156072,18.25,95.75,Junta,0,2024-08-28
156073,18.25,96.25,PDF,2,2024-08-28
156074,18.25,96.75,Karen,4,2024-08-28
156075,18.25,97.25,Karen,4,2024-08-28
156076,18.25,97.75,Karen,4,2024-08-28
156788,18.75,93.75,Junta,0,2024-08-28
156789,18.75,94.25,Junta,0,2024-08-28
156790,18.75,94.75,Junta,0,2024-08-28
156791,18.75,95.25,Junta,0,2024-08-28
156792,18.75,95.75,PDF,2,2024-08-28
156793,18.75,96.25,PDF,2,2024-08-28
156794,18.75,96.75,Karen,4,2024-08-28
156795,18.75,97.25,Karenni,5,2024-08-28
156796,18.75,97.75,Karenni,5,2024-08-28
157508,19.25,93.75,Junta,0,2024-08-28
157509,19.25,94.25,Junta,0,2024-08-28
157510,19.25,94.75,Junta,0,2024-08-28
157511,19.25,95.25,Junta,0,2024-08-28
157512,19.25,95.75,Junta,0,2024-08-28
157513,19.25,96.25,Junta,0,2024-08-28
157514,19.25,96.75,Karen,4,2024-08-28
157515,19.25,97.25,Karenni,5,2024-08-28
157516,19.25,97.75,Karenni,5,2024-08-28
158228,19.75,93.75,AA,6,2024-08-28
158229,19.75,94.25,AA,6,2024-08-28
158230,19.75,94.75,Junta,0,2024-08-28
158231,19.75,95.25,Junta,0,2024-08-28
158232,19.75,95.75,Junta,0,2024-08-28
158233,19.75,96.25,Junta,0,2024-08-28
158234,19.75,96.75,Karenni,5,2024-08-28
158235,19.75,97.25,Karenni,5,2024-08-28
158236,19.75,97.75,Junta,0,2024-08-28
158237,19.75,98.25,Junta,0,2024-08-28
158238,19.75,98.75,Junta,0,2024-08-28
158946,20.25,92.75,Junta,0,2024-08-28
158947,20.25,93.25,Junta,0,2024-08-28
158948,20.25,93.75,AA,6,2024-08-28
158949,20.25,94.25,AA,6,2024-08-28
158950,20.25,94.75,Junta,0,2024-08-28
158951,20.25,95.25,Junta,0,2024-08-28
158952,20.25,95.75,Junta,0,2024-08-28
158953,20.25,96.25,Junta,0,2024-08-28
158954,20.25,96.75,Junta,0,2024-08-28
158955,20.25,97.25,Junta,0,2024-08-28
158956,20.25,97.75,Junta,0,2024-08-28
158957,20.25,98.25,Junta,0,2024-08-28
158958,20.25,98.75,Junta,0,2024-08-28
158959,20.25,99.25,Junta,0,2024-08-28
158960,20.25,99.75,Junta,0,2024-08-28
158961,20.25,100.25,Junta,0,2024-08-28
159665,20.75,92.25,Junta,0,2024-08-28
159666,20.75,92.75,AA,6,2024-08-28
159667,20.75,93.25,AA,6,2024-08-28
159668,20.75,93.75,AA,6,2024-08-28
159669,20.75,94.25,AA,6,2024-08-28
159670,20.75,94.75,Junta,0,2024-08-28
159671,20.75,95.25,Junta,0,2024-08-28
159672,20.75,95.75,Junta,0,2024-08-28
159673,20.75,96.25,Junta,0,2024-08-28
159674,20.75,96.75,Junta,0,2024-08-28
159675,20.75,97.25,Junta,0,2024-08-28
159676,20.75,97.75,Junta,0,2024-08-28
159677,20.75,98.25,Junta,0,2024-08-28
159678,20.75,98.75,Junta,0,2024-08-28
159679,20.75,99.25,Junta,0,2024-08-28
159680,20.75,99.75,Junta,0,2024-08-28
159681,20.75,100.25,Junta,0,2024-08-28
160385,21.25,92.25,AA,6,2024-08-28
160386,21.25,92.75,AA,6,2024-08-28
160387,21.25,93.25,Chin Resistance,9,2024-08-28
160388,21.25,93.75,Chin Resistance,9,2024-08-28
160389,21.25,94.25,PDF,2,2024-08-28
160390,21.25,94.75,Junta,0,2024-08-28
160391,21.25,95.25,Junta,0,2024-08-28
160392,21.25,95.75,Junta,0,2024-08-28
160393,21.25,96.25,Junta,0,2024-08-28
160394,21.25,96.75,Junta,0,2024-08-28
160395,21.25,97.25,SSPP,12,2024-08-28
160396,21.25,97.75,SSPP,12,2024-08-28
160397,21.25,98.25,Junta,0,2024-08-28
160398,21.25,98.75,Junta,0,2024-08-28
160399,21.25,99.25,Junta,0,2024-08-28
160400,21.25,99.75,Junta,0,2024-08-28
160401,21.25,100.25,Junta,0,2024-08-28
160402,21.25,100.75,Junta,0,2024-08-28
161105,21.75,92.25,AA,6,2024-08-28
161106,21.75,92.75,AA,6,2024-08-28
161107,21.75,93.25,Chin Resistance,9,2024-08-28
161108,21.75,93.75,Chin Resistance,9,2024-08-28
161109,21.75,94.25,Chin Resistance,9,2024-08-28
161110,21.75,94.75,Junta,0,2024-08-28
161111,21.75,95.25,PDF,2,2024-08-28
161112,21.75,95.75,Junta,0,2024-08-28
161113,21.75,96.25,Junta,0,2024-08-28
161114,21.75,96.75,Junta,0,2024-08-28
161115,21.75,97.25,SSPP,12,2024-08-28
161116,21.75,97.75,SSPP,12,2024-08-28
161117,21.75,98.25,SSPP,12,2024-08-28
161118,21.75,98.75,Junta,0,2024-08-28
161119,21.75,99.25,Junta,0,2024-08-28
161120,21.75,99.75,NDAA,14,2024-08-28
161121,21.75,100.25,NDAA,14,2024-08-28
161122,21.75,100.75,NDAA,14,2024-08-28
161123,21.75,101.25,Junta,0,2024-08-28
161826,22.25,92.75,AA,6,2024-08-28
161827,22.25,93.25,Chin Resistance,9,2024-08-28
161828,22.25,93.75,Chin Resistance,9,2024-08-28
161829,22.25,94.25,Junta,0,2024-08-28
161830,22.25,94.75,Junta,0,2024-08-28
161831,22.25,95.25,Junta,0,2024-08-28
161832,22.25,95.75,Junta,0,2024-08-28
161833,22.25,96.25,Junta,0,2024-08-28
161834,22.25,96.75,Junta,0,2024-08-28
161835,22.25,97.25,SSPP,12,2024-08-28
161836,22.25,97.75,SSPP,12,2024-08-28
161837,22.25,98.25,SSPP,12,2024-08-28
161838,22.25,98.75,SSPP,12,2024-08-28
161839,22.25,99.25,UWSA,15,2024-08-28
161840,22.25,99.75,UWSA,15,2024-08-28
162547,22.75,93.25,Chin Resistance,9,2024-08-28
162548,22.75,93.75,Chin Resistance,9,2024-08-28
162549,22.75,94.25,Junta,0,2024-08-28
162550,22.75,94.75,Junta,0,2024-08-28
162551,22.75,95.25,Junta,0,2024-08-28
162552,22.75,95.75,Junta,0,2024-08-28
162553,22.75,96.25,PDF,2,2024-08-28
162554,22.75,96.75,Junta,0,2024-08-28
162555,22.75,97.25,Junta,0,2024-08-28
162556,22.75,97.75,SSPP,12,2024-08-28
162557,22.75,98.25,SSPP,12,2024-08-28
162558,22.75,98.75,SSPP,12,2024-08-28
162559,22.75,99.25,UWSA,15,2024-08-28
163267,23.25,93.25,Chin Resistance,9,2024-08-28
163268,23.25,93.75,Chin Resistance,9,2024-08-28
163269,23.25,94.25,Junta,0,2024-08-28
163270,23.25,94.75,Junta,0,2024-08-28
163271,23.25,95.25,Junta,0,2024-08-28
163272,23.25,95.75,Junta,0,2024-08-28
163273,23.25,96.25,Junta,0,2024-08-28
163274,23.25,96.75,KIA,3,2024-08-28
163275,23.25,97.25,Junta,0,2024-08-28
163276,23.25,97.75,Junta,0,2024-08-28
163277,23.25,98.25,Junta,0,2024-08-28
163278,23.25,98.75,UWSA,15,2024-08-28
163279,23.25,99.25,UWSA,15,2024-08-28
163987,23.75,93.25,Chin Resistance,9,2024-08-28
163988,23.75,93.75,Chin Resistance,9,2024-08-28
163989,23.75,94.25,Chin Resistance,9,2024-08-28
163990,23.75,94.75,Junta,0,2024-08-28
163991,23.75,95.25,Junta,0,2024-08-28
163992,23.75,95.75,Junta,0,2024-08-28
163993,23.75,96.25,Junta,0,2024-08-28
163994,23.75,96.75,KIA,3,2024-08-28
163995,23.75,97.25,KIA,3,2024-08-28
163996,23.75,97.75,KIA,3,2024-08-28
163997,23.75,98.25,KIA,3,2024-08-28
163998,23.75,98.75,Junta,0,2024-08-28
164707,24.25,93.25,Chin Resistance,9,2024-08-28
164708,24.25,93.75,Chin Resistance,9,2024-08-28
164709,24.25,94.25,Junta,0,2024-08-28
164710,24.25,94.75,Junta,0,2024-08-28
164711,24.25,95.25,Junta,0,2024-08-28
164712,24.25,95.75,KIA,3,2024-08-28
164713,24.25,96.25,KIA,3,2024-08-28
164714,24.25,96.75,KIA,3,2024-08-28
164715,24.25,97.25,KIA,3,2024-08-28
164716,24.25,97.75,Junta,0,2024-08-28
164717,24.25,98.25,Junta,0,2024-08-28
164718,24.25,98.75,Junta,0,2024-08-28
165430,24.75,94.75,Junta,0,2024-08-28
165431,24.75,95.25,KIA,3,2024-08-28
165432,24.75,95.75,KIA,3,2024-08-28
165433,24.75,96.25,KIA,3,2024-08-28
165434,24.75,96.75,KIA,3,2024-08-28
165435,24.75,97.25,KIA,3,2024-08-28
165436,24.75,97.75,Junta,0,2024-08-28
166150,25.25,94.75,Junta,0,2024-08-28
166151,25.25,95.25,Junta,0,2024-08-28
166152,25.25,95.75,KIA,3,2024-08-28
166153,25.25,96.25,KIA,3,2024-08-28
166154,25.25,96.75,KIA,3,2024-08-28
166155,25.25,97.25,KIA,3,2024-08-28
166156,25.25,97.75,Junta,0,2024-08-28
166870,25.75,94.75,Junta,0,2024-08-28
166871,25.75,95.25,Junta,0,2024-08-28
166872,25.75,95.75,KIA,3,2024-08-28
166873,25.75,96.25,KIA,3,2024-08-28
166874,25.75,96.75,KIA,3,2024-08-28
166875,25.75,97.25,KIA,3,2024-08-28
166876,25.75,97.75,KIA,3,2024-08-28
166877,25.75,98.25,Junta,0,2024-08-28
166878,25.75,98.75,Junta,0,2024-08-28
167591,26.25,95.25,Junta,0,2024-08-28
167592,26.25,95.75,KIA,3,2024-08-28
167593,26.25,96.25,KIA,3,2024-08-28
167594,26.25,96.75,KIA,3,2024-08-28
167595,26.25,97.25,KIA,3,2024-08-28
167596,26.25,97.75,KIA,3,2024-08-28
167597,26.25,98.25,KIA,3,2024-08-28
167598,26.25,98.75,Junta,0,2024-08-28
168311,26.75,95.25,Junta,0,2024-08-28
168312,26.75,95.75,Junta,0,2024-08-28
168313,26.75,96.25,KIA,3,2024-08-28
168314,26.75,96.75,KIA,3,2024-08-28
168315,26.75,97.25,KIA,3,2024-08-28
168316,26.75,97.75,KIA,3,2024-08-28
168317,26.75,98.25,KIA,3,2024-08-28
168318,26.75,98.75,Junta,0,2024-08-28
169033,27.25,96.25,KIA,3,2024-08-28
169034,27.25,96.75,KIA,3,2024-08-28
169035,27.25,97.25,KIA,3,2024-08-28
169036,27.25,97.75,KIA,3,2024-08-28
169037,27.25,98.25,Junta,0,2024-08-28
169038,27.25,98.75,Junta,0,2024-08-28
169754,27.75,96.75,KIA,3,2024-08-28
169755,27.75,97.25,Junta,0,2024-08-28
169756,27.75,97.75,Junta,0,2024-08-28
169757,27.75,98.25,Junta,0,2024-08-28
170475,28.25,97.25,Junta,0,2024-08-28
170476,28.25,97.75,Junta,0,2024-08-28
170477,28.25,98.25,Junta,0,2024-08-28
144558,10.25,98.75,Junta,0,2024-09-02
145277,10.75,98.25,Junta,0,2024-09-02
145278,10.75,98.75,Junta,0,2024-09-02
145998,11.25,98.75,Junta,0,2024-09-02
145999,11.25,99.25,PDF,2,2024-09-02
146717,11.75,98.25,Junta,0,2024-09-02
146718,11.75,98.75,PDF,2,2024-09-02
146719,11.75,99.25,PDF,2,2024-09-02
146720,11.75,99.75,Junta,0,2024-09-02
147437,12.25,98.25,Junta,0,2024-09-02
147438,12.25,98.75,Junta,0,2024-09-02
147439,12.25,99.25,PDF,2,2024-09-02
148157,12.75,98.25,Junta,0,2024-09-02
148158,12.75,98.75,Junta,0,2024-09-02
148159,12.75,99.25,PDF,2,2024-09-02
148878,13.25,98.75,Junta,0,2024-09-02
148879,13.25,99.25,PDF,2,2024-09-02
149597,13.75,98.25,Junta,0,2024-09-02
149598,13.75,98.75,Karen,4,2024-09-02
149599,13.75,99.25,Karen,4,2024-09-02
150317,14.25,98.25,Junta,0,2024-09-02
150318,14.25,98.75,Karen,4,2024-09-02
151036,14.75,97.75,Junta,0,2024-09-02
151037,14.75,98.25,Karen,4,2024-09-02
151756,15.25,97.75,Junta,0,2024-09-02
151757,15.25,98.25,Junta,0,2024-09-02
152471,15.75,95.25,Junta,0,2024-09-02
152472,15.75,95.75,Junta,0,2024-09-02
152476,15.75,97.75,Junta,0,2024-09-02
152477,15.75,98.25,Junta,0,2024-09-02
153189,16.25,94.25,Junta,0,2024-09-02
153190,16.25,94.75,Junta,0,2024-09-02
153191,16.25,95.25,Junta,0,2024-09-02
153192,16.25,95.75,Junta,0,2024-09-02
153193,16.25,96.25,Junta,0,2024-09-02
153196,16.25,97.75,Junta,0,2024-09-02
153197,16.25,98.25,Junta,0,2024-09-02
153198,16.25,98.75,Junta,0,2024-09-02
153909,16.75,94.25,Junta,0,2024-09-02
153910,16.75,94.75,Junta,0,2024-09-02
153911,16.75,95.25,Junta,0,2024-09-02
153912,16.75,95.75,Junta,0,2024-09-02
153913,16.75,96.25,Junta,0,2024-09-02
153914,16.75,96.75,Junta,0,2024-09-02
153915,16.75,97.25,Junta,0,2024-09-02
153916,16.75,97.75,Junta,0,2024-09-02
153917,16.75,98.25,Junta,0,2024-09-02
154630,17.25,94.75,Junta,0,2024-09-02
154631,17.25,95.25,Junta,0,2024-09-02
154632,17.25,95.75,Junta,0,2024-09-02
154633,17.25,96.25,Junta,0,2024-09-02
154634,17.25,96.75,Junta,0,2024-09-02
154635,17.25,97.25,Karen,4,2024-09-02
154636,17.25,97.75,Karen,4,2024-09-02
154637,17.25,98.25,Karen,4,2024-09-02
155350,17.75,94.75,Junta,0,2024-09-02
155351,17.75,95.25,Junta,0,2024-09-02
155352,17.75,95.75,Junta,0,2024-09-02
155353,17.75,96.25,Junta,0,2024-09-02
155354,17.75,96.75,Karen,4,2024-09-02
155355,17.75,97.25,Karen,4,2024-09-02
155356,17.75,97.75,Karen,4,2024-09-02
156069,18.25,94.25,Junta,0,2024-09-02
156070,18.25,94.75,Junta,0,2024-09-02
156071,18.25,95.25,Junta,0,2024-09-02
156072,18.25,95.75,Junta,0,2024-09-02
156073,18.25,96.25,PDF,2,2024-09-02
156074,18.25,96.75,Karen,4,2024-09-02
156075,18.25,97.25,Karen,4,2024-09-02
156076,18.25,97.75,Karen,4,2024-09-02
156788,18.75,93.75,Junta,0,2024-09-02
156789,18.75,94.25,Junta,0,2024-09-02
156790,18.75,94.75,Junta,0,2024-09-02
156791,18.75,95.25,Junta,0,2024-09-02
156792,18.75,95.75,PDF,2,2024-09-02
156793,18.75,96.25,PDF,2,2024-09-02
156794,18.75,96.75,Karen,4,2024-09-02
156795,18.75,97.25,Karenni,5,2024-09-02
156796,18.75,97.75,Karenni,5,2024-09-02
157508,19.25,93.75,Junta,0,2024-09-02
157509,19.25,94.25,Junta,0,2024-09-02
157510,19.25,94.75,Junta,0,2024-09-02
157511,19.25,95.25,Junta,0,2024-09-02
157512,19.25,95.75,Junta,0,2024-09-02
157513,19.25,96.25,Junta,0,2024-09-02
157514,19.25,96.75,Karen,4,2024-09-02
157515,19.25,97.25,Karenni,5,2024-09-02
157516,19.25,97.75,Karenni,5,2024-09-02
158228,19.75,93.75,AA,6,2024-09-02
158229,19.75,94.25,AA,6,2024-09-02
158230,19.75,94.75,Junta,0,2024-09-02
158231,19.75,95.25,Junta,0,2024-09-02
158232,19.75,95.75,Junta,0,2024-09-02
158233,19.75,96.25,Junta,0,2024-09-02
158234,19.75,96.75,Karenni,5,2024-09-02
158235,19.75,97.25,Karenni,5,2024-09-02
158236,19.75,97.75,Junta,0,2024-09-02
158237,19.75,98.25,Junta,0,2024-09-02
158238,19.75,98.75,Junta,0,2024-09-02
158946,20.25,92.75,Junta,0,2024-09-02
158947,20.25,93.25,Junta,0,2024-09-02
158948,20.25,93.75,AA,6,2024-09-02
158949,20.25,94.25,AA,6,2024-09-02
158950,20.25,94.75,Junta,0,2024-09-02
158951,20.25,95.25,Junta,0,2024-09-02
158952,20.25,95.75,Junta,0,2024-09-02
158953,20.25,96.25,Junta,0,2024-09-02
158954,20.25,96.75,Junta,0,2024-09-02
158955,20.25,97.25,Junta,0,2024-09-02
158956,20.25,97.75,Junta,0,2024-09-02
158957,20.25,98.25,Junta,0,2024-09-02
158958,20.25,98.75,Junta,0,2024-09-02
158959,20.25,99.25,Junta,0,2024-09-02
158960,20.25,99.75,Junta,0,2024-09-02
158961,20.25,100.25,Junta,0,2024-09-02
159665,20.75,92.25,Junta,0,2024-09-02
159666,20.75,92.75,AA,6,2024-09-02
159667,20.75,93.25,AA,6,2024-09-02
159668,20.75,93.75,AA,6,2024-09-02
159669,20.75,94.25,AA,6,2024-09-02
159670,20.75,94.75,Junta,0,2024-09-02
159671,20.75,95.25,Junta,0,2024-09-02
159672,20.75,95.75,Junta,0,2024-09-02
159673,20.75,96.25,Junta,0,2024-09-02
159674,20.75,96.75,Junta,0,2024-09-02
159675,20.75,97.25,Junta,0,2024-09-02
159676,20.75,97.75,Junta,0,2024-09-02
159677,20.75,98.25,Junta,0,2024-09-02
159678,20.75,98.75,Junta,0,2024-09-02
159679,20.75,99.25,Junta,0,2024-09-02
159680,20.75,99.75,Junta,0,2024-09-02
159681,20.75,100.25,Junta,0,2024-09-02
160385,21.25,92.25,AA,6,2024-09-02
160386,21.25,92.75,AA,6,2024-09-02
160387,21.25,93.25,Chin Resistance,9,2024-09-02
160388,21.25,93.75,Chin Resistance,9,2024-09-02
160389,21.25,94.25,PDF,2,2024-09-02
160390,21.25,94.75,Junta,0,2024-09-02
160391,21.25,95.25,Junta,0,2024-09-02
160392,21.25,95.75,Junta,0,2024-09-02
160393,21.25,96.25,Junta,0,2024-09-02
160394,21.25,96.75,Junta,0,2024-09-02
160395,21.25,97.25,SSPP,12,2024-09-02
160396,21.25,97.75,SSPP,12,2024-09-02
160397,21.25,98.25,Junta,0,2024-09-02
160398,21.25,98.75,Junta,0,2024-09-02
160399,21.25,99.25,Junta,0,2024-09-02
160400,21.25,99.75,Junta,0,2024-09-02
160401,21.25,100.25,Junta,0,2024-09-02
160402,21.25,100.75,Junta,0,2024-09-02
161105,21.75,92.25,AA,6,2024-09-02
161106,21.75,92.75,AA,6,2024-09-02
161107,21.75,93.25,Chin Resistance,9,2024-09-02
161108,21.75,93.75,Chin Resistance,9,2024-09-02
161109,21.75,94.25,Chin Resistance,9,2024-09-02
161110,21.75,94.75,PDF,2,2024-09-02
161111,21.75,95.25,PDF,2,2024-09-02
161112,21.75,95.75,Junta,0,2024-09-02
161113,21.75,96.25,Junta,0,2024-09-02
161114,21.75,96.75,Junta,0,2024-09-02
161115,21.75,97.25,SSPP,12,2024-09-02
161116,21.75,97.75,SSPP,12,2024-09-02
161117,21.75,98.25,SSPP,12,2024-09-02
161118,21.75,98.75,Junta,0,2024-09-02
161119,21.75,99.25,Junta,0,2024-09-02
161120,21.75,99.75,NDAA,14,2024-09-02
161121,21.75,100.25,NDAA,14,2024-09-02
161122,21.75,100.75,NDAA,14,2024-09-02
161123,21.75,101.25,Junta,0,2024-09-02
161826,22.25,92.75,AA,6,2024-09-02
161827,22.25,93.25,Chin Resistance,9,2024-09-02
161828,22.25,93.75,Chin Resistance,9,2024-09-02
161829,22.25,94.25,Junta,0,2024-09-02
161830,22.25,94.75,Junta,0,2024-09-02
161831,22.25,95.25,Junta,0,2024-09-02
161832,22.25,95.75,Junta,0,2024-09-02
161833,22.25,96.25,Junta,0,2024-09-02
161834,22.25,96.75,Junta,0,2024-09-02
161835,22.25,97.25,SSPP,12,2024-09-02
161836,22.25,97.75,SSPP,12,2024-09-02
161837,22.25,98.25,SSPP,12,2024-09-02
161838,22.25,98.75,SSPP,12,2024-09-02
161839,22.25,99.25,UWSA,15,2024-09-02
161840,22.25,99.75,UWSA,15,2024-09-02
162547,22.75,93.25,Chin Resistance,9,2024-09-02
162548,22.75,93.75,Chin Resistance,9,2024-09-02
162549,22.75,94.25,Junta,0,2024-09-02
162550,22.75,94.75,Junta,0,2024-09-02
162551,22.75,95.25,Junta,0,2024-09-02
162552,22.75,95.75,Junta,0,2024-09-02
162553,22.75,96.25,PDF,2,2024-09-02
162554,22.75,96.75,Junta,0,2024-09-02
162555,22.75,97.25,Junta,0,2024-09-02
162556,22.75,97.75,Junta,0,2024-09-02
162557,22.75,98.25,SSPP,12,2024-09-02
162558,22.75,98.75,SSPP,12,2024-09-02
162559,22.75,99.25,UWSA,15,2024-09-02
163267,23.25,93.25,Chin Resistance,9,2024-09-02
163268,23.25,93.75,Chin Resistance,9,2024-09-02
163269,23.25,94.25,Junta,0,2024-09-02
163270,23.25,94.75,Junta,0,2024-09-02
163271,23.25,95.25,Junta,0,2024-09-02
163272,23.25,95.75,Junta,0,2024-09-02
163273,23.25,96.25,Junta,0,2024-09-02
163274,23.25,96.75,KIA,3,2024-09-02
163275,23.25,97.25,Junta,0,2024-09-02
163276,23.25,97.75,Junta,0,2024-09-02
163277,23.25,98.25,Junta,0,2024-09-02
163278,23.25,98.75,UWSA,15,2024-09-02
163279,23.25,99.25,UWSA,15,2024-09-02
163987,23.75,93.25,Chin Resistance,9,2024-09-02
163988,23.75,93.75,Chin Resistance,9,2024-09-02
163989,23.75,94.25,Chin Resistance,9,2024-09-02
163990,23.75,94.75,Junta,0,2024-09-02
163991,23.75,95.25,Junta,0,2024-09-02
163992,23.75,95.75,Junta,0,2024-09-02
163993,23.75,96.25,Junta,0,2024-09-02
163994,23.75,96.75,KIA,3,2024-09-02
163995,23.75,97.25,KIA,3,2024-09-02
163996,23.75,97.75,KIA,3,2024-09-02
163997,23.75,98.25,KIA,3,2024-09-02
163998,23.75,98.75,Junta,0,2024-09-02
164707,24.25,93.25,Chin Resistance,9,2024-09-02
164708,24.25,93.75,Chin Resistance,9,2024-09-02
164709,24.25,94.25,Junta,0,2024-09-02
164710,24.25,94.75,Junta,0,2024-09-02
164711,24.25,95.25,Junta,0,2024-09-02
164712,24.25,95.75,KIA,3,2024-09-02
164713,24.25,96.25,KIA,3,2024-09-02
164714,24.25,96.75,KIA,3,2024-09-02
164715,24.25,97.25,KIA,3,2024-09-02
164716,24.25,97.75,Junta,0,2024-09-02
164717,24.25,98.25,Junta,0,2024-09-02
164718,24.25,98.75,Junta,0,2024-09-02
165430,24.75,94.75,Junta,0,2024-09-02
165431,24.75,95.25,KIA,3,2024-09-02
165432,24.75,95.75,KIA,3,2024-09-02
165433,24.75,96.25,KIA,3,2024-09-02
165434,24.75,96.75,KIA,3,2024-09-02
165435,24.75,97.25,KIA,3,2024-09-02
165436,24.75,97.75,Junta,0,2024-09-02
166150,25.25,94.75,Junta,0,2024-09-02
166151,25.25,95.25,Junta,0,2024-09-02
166152,25.25,95.75,KIA,3,2024-09-02
166153,25.25,96.25,KIA,3,2024-09-02
166154,25.25,96.75,KIA,3,2024-09-02
166155,25.25,97.25,KIA,3,2024-09-02
166156,25.25,97.75,Junta,0,2024-09-02
166870,25.75,94.75,Junta,0,2024-09-02
166871,25.75,95.25,Junta,0,2024-09-02
166872,25.75,95.75,KIA,3,2024-09-02
166873,25.75,96.25,KIA,3,2024-09-02
166874,25.75,96.75,KIA,3,2024-09-02
166875,25.75,97.25,KIA,3,2024-09-02
166876,25.75,97.75,KIA,3,2024-09-02
166877,25.75,98.25,Junta,0,2024-09-02
166878,25.75,98.75,Junta,0,2024-09-02
167591,26.25,95.25,Junta,0,2024-09-02
167592,26.25,95.75,KIA,3,2024-09-02
167593,26.25,96.25,KIA,3,2024-09-02
167594,26.25,96.75,KIA,3,2024-09-02
167595,26.25,97.25,KIA,3,2024-09-02
167596,26.25,97.75,KIA,3,2024-09-02
167597,26.25,98.25,KIA,3,2024-09-02
167598,26.25,98.75,Junta,0,2024-09-02
168311,26.75,95.25,Junta,0,2024-09-02
168312,26.75,95.75,Junta,0,2024-09-02
168313,26.75,96.25,KIA,3,2024-09-02
168314,26.75,96.75,KIA,3,2024-09-02
168315,26.75,97.25,KIA,3,2024-09-02
168316,26.75,97.75,KIA,3,2024-09-02
168317,26.75,98.25,KIA,3,2024-09-02
168318,26.75,98.75,Junta,0,2024-09-02
169033,27.25,96.25,KIA,3,2024-09-02
169034,27.25,96.75,KIA,3,2024-09-02
169035,27.25,97.25,KIA,3,2024-09-02
169036,27.25,97.75,KIA,3,2024-09-02
169037,27.25,98.25,Junta,0,2024-09-02
169038,27.25,98.75,Junta,0,2024-09-02
169754,27.75,96.75,KIA,3,2024-09-02
169755,27.75,97.25,Junta,0,2024-09-02
169756,27.75,97.75,Junta,0,2024-09-02
169757,27.75,98.25,Junta,0,2024-09-02
170475,28.25,97.25,Junta,0,2024-09-02
170476,28.25,97.75,Junta,0,2024-09-02
170477,28.25,98.25,Junta,0,2024-09-02
144558,10.25,98.75,Junta,0,2024-09-05
145277,10.75,98.25,Junta,0,2024-09-05
145278,10.75,98.75,Junta,0,2024-09-05
145998,11.25,98.75,Junta,0,2024-09-05
145999,11.25,99.25,PDF,2,2024-09-05
146717,11.75,98.25,Junta,0,2024-09-05
146718,11.75,98.75,PDF,2,2024-09-05
146719,11.75,99.25,PDF,2,2024-09-05
146720,11.75,99.75,Junta,0,2024-09-05
147437,12.25,98.25,Junta,0,2024-09-05
147438,12.25,98.75,Junta,0,2024-09-05
147439,12.25,99.25,PDF,2,2024-09-05
148157,12.75,98.25,Junta,0,2024-09-05
148158,12.75,98.75,Junta,0,2024-09-05
148159,12.75,99.25,PDF,2,2024-09-05
148878,13.25,98.75,Junta,0,2024-09-05
148879,13.25,99.25,PDF,2,2024-09-05
149597,13.75,98.25,Junta,0,2024-09-05
149598,13.75,98.75,Karen,4,2024-09-05
149599,13.75,99.25,Karen,4,2024-09-05
150317,14.25,98.25,Junta,0,2024-09-05
150318,14.25,98.75,Karen,4,2024-09-05
151036,14.75,97.75,Junta,0,2024-09-05
151037,14.75,98.25,Karen,4,2024-09-05
151756,15.25,97.75,Junta,0,2024-09-05
151757,15.25,98.25,Junta,0,2024-09-05
152471,15.75,95.25,Junta,0,2024-09-05
152472,15.75,95.75,Junta,0,2024-09-05
152476,15.75,97.75,Junta,0,2024-09-05
152477,15.75,98.25,Junta,0,2024-09-05
153189,16.25,94.25,Junta,0,2024-09-05
153190,16.25,94.75,Junta,0,2024-09-05
153191,16.25,95.25,Junta,0,2024-09-05
153192,16.25,95.75,Junta,0,2024-09-05
153193,16.25,96.25,Junta,0,2024-09-05
153196,16.25,97.75,Junta,0,2024-09-05
153197,16.25,98.25,Junta,0,2024-09-05
153198,16.25,98.75,Junta,0,2024-09-05
153909,16.75,94.25,Junta,0,2024-09-05
153910,16.75,94.75,Junta,0,2024-09-05
153911,16.75,95.25,Junta,0,2024-09-05
153912,16.75,95.75,Junta,0,2024-09-05
153913,16.75,96.25,Junta,0,2024-09-05
153914,16.75,96.75,Junta,0,2024-09-05
153915,16.75,97.25,Junta,0,2024-09-05
153916,16.75,97.75,Junta,0,2024-09-05
153917,16.75,98.25,Junta,0,2024-09-05
154630,17.25,94.75,Junta,0,2024-09-05
154631,17.25,95.25,Junta,0,2024-09-05
154632,17.25,95.75,Junta,0,2024-09-05
154633,17.25,96.25,Junta,0,2024-09-05
154634,17.25,96.75,Junta,0,2024-09-05
154635,17.25,97.25,Karen,4,2024-09-05
154636,17.25,97.75,Karen,4,2024-09-05
154637,17.25,98.25,Karen,4,2024-09-05
155350,17.75,94.75,Junta,0,2024-09-05
155351,17.75,95.25,Junta,0,2024-09-05
155352,17.75,95.75,Junta,0,2024-09-05
155353,17.75,96.25,Junta,0,2024-09-05
155354,17.75,96.75,Karen,4,2024-09-05
155355,17.75,97.25,Karen,4,2024-09-05
155356,17.75,97.75,Karen,4,2024-09-05
156069,18.25,94.25,Junta,0,2024-09-05
156070,18.25,94.75,Junta,0,2024-09-05
156071,18.25,95.25,Junta,0,2024-09-05
156072,18.25,95.75,Junta,0,2024-09-05
156073,18.25,96.25,PDF,2,2024-09-05
156074,18.25,96.75,Karen,4,2024-09-05
156075,18.25,97.25,Karen,4,2024-09-05
156076,18.25,97.75,Karen,4,2024-09-05
156788,18.75,93.75,Junta,0,2024-09-05
156789,18.75,94.25,Junta,0,2024-09-05
156790,18.75,94.75,Junta,0,2024-09-05
156791,18.75,95.25,Junta,0,2024-09-05
156792,18.75,95.75,PDF,2,2024-09-05
156793,18.75,96.25,PDF,2,2024-09-05
156794,18.75,96.75,Karen,4,2024-09-05
156795,18.75,97.25,Karenni,5,2024-09-05
156796,18.75,97.75,Karenni,5,2024-09-05
157508,19.25,93.75,Junta,0,2024-09-05
157509,19.25,94.25,Junta,0,2024-09-05
157510,19.25,94.75,Junta,0,2024-09-05
157511,19.25,95.25,Junta,0,2024-09-05
157512,19.25,95.75,Junta,0,2024-09-05
157513,19.25,96.25,Junta,0,2024-09-05
157514,19.25,96.75,Karen,4,2024-09-05
157515,19.25,97.25,Karenni,5,2024-09-05
157516,19.25,97.75,Karenni,5,2024-09-05
158228,19.75,93.75,AA,6,2024-09-05
158229,19.75,94.25,AA,6,2024-09-05
158230,19.75,94.75,Junta,0,2024-09-05
158231,19.75,95.25,Junta,0,2024-09-05
158232,19.75,95.75,Junta,0,2024-09-05
158233,19.75,96.25,Junta,0,2024-09-05
158234,19.75,96.75,Karenni,5,2024-09-05
158235,19.75,97.25,Karenni,5,2024-09-05
158236,19.75,97.75,Junta,0,2024-09-05
158237,19.75,98.25,Junta,0,2024-09-05
158238,19.75,98.75,Junta,0,2024-09-05
158946,20.25,92.75,Junta,0,2024-09-05
158947,20.25,93.25,Junta,0,2024-09-05
158948,20.25,93.75,AA,6,2024-09-05
158949,20.25,94.25,AA,6,2024-09-05
158950,20.25,94.75,Junta,0,2024-09-05
158951,20.25,95.25,Junta,0,2024-09-05
158952,20.25,95.75,Junta,0,2024-09-05
158953,20.25,96.25,Junta,0,2024-09-05
158954,20.25,96.75,Junta,0,2024-09-05
158955,20.25,97.25,Junta,0,2024-09-05
158956,20.25,97.75,Junta,0,2024-09-05
158957,20.25,98.25,Junta,0,2024-09-05
158958,20.25,98.75,Junta,0,2024-09-05
158959,20.25,99.25,Junta,0,2024-09-05
158960,20.25,99.75,Junta,0,2024-09-05
158961,20.25,100.25,Junta,0,2024-09-05
159665,20.75,92.25,Junta,0,2024-09-05
159666,20.75,92.75,AA,6,2024-09-05
159667,20.75,93.25,AA,6,2024-09-05
159668,20.75,93.75,AA,6,2024-09-05
159669,20.75,94.25,AA,6,2024-09-05
159670,20.75,94.75,Junta,0,2024-09-05
159671,20.75,95.25,Junta,0,2024-09-05
159672,20.75,95.75,Junta,0,2024-09-05
159673,20.75,96.25,Junta,0,2024-09-05
159674,20.75,96.75,Junta,0,2024-09-05
159675,20.75,97.25,Junta,0,2024-09-05
159676,20.75,97.75,Junta,0,2024-09-05
159677,20.75,98.25,Junta,0,2024-09-05
159678,20.75,98.75,Junta,0,2024-09-05
159679,20.75,99.25,Junta,0,2024-09-05
159680,20.75,99.75,Junta,0,2024-09-05
159681,20.75,100.25,Junta,0,2024-09-05
160385,21.25,92.25,AA,6,2024-09-05
160386,21.25,92.75,AA,6,2024-09-05
160387,21.25,93.25,Chin Resistance,9,2024-09-05
160388,21.25,93.75,Chin Resistance,9,2024-09-05
160389,21.25,94.25,PDF,2,2024-09-05
160390,21.25,94.75,Junta,0,2024-09-05
160391,21.25,95.25,Junta,0,2024-09-05
160392,21.25,95.75,Junta,0,2024-09-05
160393,21.25,96.25,Junta,0,2024-09-05
160394,21.25,96.75,Junta,0,2024-09-05
160395,21.25,97.25,SSPP,12,2024-09-05
160396,21.25,97.75,SSPP,12,2024-09-05
160397,21.25,98.25,Junta,0,2024-09-05
160398,21.25,98.75,Junta,0,2024-09-05
160399,21.25,99.25,Junta,0,2024-09-05
160400,21.25,99.75,Junta,0,2024-09-05
160401,21.25,100.25,Junta,0,2024-09-05
160402,21.25,100.75,Junta,0,2024-09-05
161105,21.75,92.25,AA,6,2024-09-05
161106,21.75,92.75,AA,6,2024-09-05
161107,21.75,93.25,Chin Resistance,9,2024-09-05
161108,21.75,93.75,Chin Resistance,9,2024-09-05
161109,21.75,94.25,Chin Resistance,9,2024-09-05
161110,21.75,94.75,PDF,2,2024-09-05
161111,21.75,95.25,PDF,2,2024-09-05
161112,21.75,95.75,Junta,0,2024-09-05
161113,21.75,96.25,Junta,0,2024-09-05
161114,21.75,96.75,Junta,0,2024-09-05
161115,21.75,97.25,SSPP,12,2024-09-05
161116,21.75,97.75,SSPP,12,2024-09-05
161117,21.75,98.25,SSPP,12,2024-09-05
161118,21.75,98.75,Junta,0,2024-09-05
161119,21.75,99.25,Junta,0,2024-09-05
161120,21.75,99.75,NDAA,14,2024-09-05
161121,21.75,100.25,NDAA,14,2024-09-05
161122,21.75,100.75,NDAA,14,2024-09-05
161123,21.75,101.25,Junta,0,2024-09-05
161826,22.25,92.75,AA,6,2024-09-05
161827,22.25,93.25,Chin Resistance,9,2024-09-05
161828,22.25,93.75,Chin Resistance,9,2024-09-05
161829,22.25,94.25,Junta,0,2024-09-05
161830,22.25,94.75,Junta,0,2024-09-05
161831,22.25,95.25,Junta,0,2024-09-05
161832,22.25,95.75,Junta,0,2024-09-05
161833,22.25,96.25,Junta,0,2024-09-05
161834,22.25,96.75,Junta,0,2024-09-05
161835,22.25,97.25,SSPP,12,2024-09-05
161836,22.25,97.75,SSPP,12,2024-09-05
161837,22.25,98.25,SSPP,12,2024-09-05
161838,22.25,98.75,SSPP,12,2024-09-05
161839,22.25,99.25,UWSA,15,2024-09-05
161840,22.25,99.75,UWSA,15,2024-09-05
162547,22.75,93.25,Chin Resistance,9,2024-09-05
162548,22.75,93.75,Chin Resistance,9,2024-09-05
162549,22.75,94.25,Junta,0,2024-09-05
162550,22.75,94.75,Junta,0,2024-09-05
162551,22.75,95.25,Junta,0,2024-09-05
162552,22.75,95.75,Junta,0,2024-09-05
162553,22.75,96.25,PDF,2,2024-09-05
162554,22.75,96.75,Junta,0,2024-09-05
162555,22.75,97.25,Junta,0,2024-09-05
162556,22.75,97.75,Junta,0,2024-09-05
162557,22.75,98.25,SSPP,12,2024-09-05
162558,22.75,98.75,SSPP,12,2024-09-05
162559,22.75,99.25,UWSA,15,2024-09-05
163267,23.25,93.25,Chin Resistance,9,2024-09-05
163268,23.25,93.75,Chin Resistance,9,2024-09-05
163269,23.25,94.25,Junta,0,2024-09-05
163270,23.25,94.75,Junta,0,2024-09-05
163271,23.25,95.25,Junta,0,2024-09-05
163272,23.25,95.75,Junta,0,2024-09-05
163273,23.25,96.25,Junta,0,2024-09-05
163274,23.25,96.75,KIA,3,2024-09-05
163275,23.25,97.25,Junta,0,2024-09-05
163276,23.25,97.75,Junta,0,2024-09-05
163277,23.25,98.25,Junta,0,2024-09-05
163278,23.25,98.75,UWSA,15,2024-09-05
163279,23.25,99.25,UWSA,15,2024-09-05
163987,23.75,93.25,Chin Resistance,9,2024-09-05
163988,23.75,93.75,Chin Resistance,9,2024-09-05
163989,23.75,94.25,Chin Resistance,9,2024-09-05
163990,23.75,94.75,Junta,0,2024-09-05
163991,23.75,95.25,Junta,0,2024-09-05
163992,23.75,95.75,Junta,0,2024-09-05
163993,23.75,96.25,Junta,0,2024-09-05
163994,23.75,96.75,KIA,3,2024-09-05
163995,23.75,97.25,KIA,3,2024-09-05
163996,23.75,97.75,KIA,3,2024-09-05
163997,23.75,98.25,KIA,3,2024-09-05
163998,23.75,98.75,Junta,0,2024-09-05
164707,24.25,93.25,Chin Resistance,9,2024-09-05
164708,24.25,93.75,Chin Resistance,9,2024-09-05
164709,24.25,94.25,Junta,0,2024-09-05
164710,24.25,94.75,Junta,0,2024-09-05
164711,24.25,95.25,Junta,0,2024-09-05
164712,24.25,95.75,KIA,3,2024-09-05
164713,24.25,96.25,KIA,3,2024-09-05
164714,24.25,96.75,KIA,3,2024-09-05
164715,24.25,97.25,KIA,3,2024-09-05
164716,24.25,97.75,Junta,0,2024-09-05
164717,24.25,98.25,Junta,0,2024-09-05
164718,24.25,98.75,Junta,0,2024-09-05
165430,24.75,94.75,Junta,0,2024-09-05
165431,24.75,95.25,KIA,3,2024-09-05
165432,24.75,95.75,KIA,3,2024-09-05
165433,24.75,96.25,KIA,3,2024-09-05
165434,24.75,96.75,KIA,3,2024-09-05
165435,24.75,97.25,KIA,3,2024-09-05
165436,24.75,97.75,Junta,0,2024-09-05
166150,25.25,94.75,Junta,0,2024-09-05
166151,25.25,95.25,Junta,0,2024-09-05
166152,25.25,95.75,KIA,3,2024-09-05
166153,25.25,96.25,KIA,3,2024-09-05
166154,25.25,96.75,KIA,3,2024-09-05
166155,25.25,97.25,KIA,3,2024-09-05
166156,25.25,97.75,Junta,0,2024-09-05
166870,25.75,94.75,Junta,0,2024-09-05
166871,25.75,95.25,Junta,0,2024-09-05
166872,25.75,95.75,KIA,3,2024-09-05
166873,25.75,96.25,KIA,3,2024-09-05
166874,25.75,96.75,KIA,3,2024-09-05
166875,25.75,97.25,KIA,3,2024-09-05
166876,25.75,97.75,KIA,3,2024-09-05
166877,25.75,98.25,Junta,0,2024-09-05
166878,25.75,98.75,Junta,0,2024-09-05
167591,26.25,95.25,Junta,0,2024-09-05
167592,26.25,95.75,KIA,3,2024-09-05
167593,26.25,96.25,KIA,3,2024-09-05
167594,26.25,96.75,KIA,3,2024-09-05
167595,26.25,97.25,KIA,3,2024-09-05
167596,26.25,97.75,KIA,3,2024-09-05
167597,26.25,98.25,KIA,3,2024-09-05
167598,26.25,98.75,Junta,0,2024-09-05
168311,26.75,95.25,Junta,0,2024-09-05
168312,26.75,95.75,Junta,0,2024-09-05
168313,26.75,96.25,KIA,3,2024-09-05
168314,26.75,96.75,KIA,3,2024-09-05
168315,26.75,97.25,KIA,3,2024-09-05
168316,26.75,97.75,KIA,3,2024-09-05
168317,26.75,98.25,KIA,3,2024-09-05
168318,26.75,98.75,Junta,0,2024-09-05
169033,27.25,96.25,KIA,3,2024-09-05
169034,27.25,96.75,KIA,3,2024-09-05
169035,27.25,97.25,KIA,3,2024-09-05
169036,27.25,97.75,KIA,3,2024-09-05
169037,27.25,98.25,Junta,0,2024-09-05
169038,27.25,98.75,Junta,0,2024-09-05
169754,27.75,96.75,KIA,3,2024-09-05
169755,27.75,97.25,Junta,0,2024-09-05
169756,27.75,97.75,Junta,0,2024-09-05
169757,27.75,98.25,Junta,0,2024-09-05
170475,28.25,97.25,Junta,0,2024-09-05
170476,28.25,97.75,Junta,0,2024-09-05
170477,28.25,98.25,Junta,0,2024-09-05
144558,10.25,98.75,Junta,0,2024-10-20
145277,10.75,98.25,Junta,0,2024-10-20
145278,10.75,98.75,Junta,0,2024-10-20
145998,11.25,98.75,Junta,0,2024-10-20
145999,11.25,99.25,PDF,2,2024-10-20
146717,11.75,98.25,Junta,0,2024-10-20
146718,11.75,98.75,PDF,2,2024-10-20
146719,11.75,99.25,PDF,2,2024-10-20
146720,11.75,99.75,Junta,0,2024-10-20
147437,12.25,98.25,Junta,0,2024-10-20
147438,12.25,98.75,Junta,0,2024-10-20
147439,12.25,99.25,PDF,2,2024-10-20
148157,12.75,98.25,Junta,0,2024-10-20
148158,12.75,98.75,Junta,0,2024-10-20
148159,12.75,99.25,PDF,2,2024-10-20
148878,13.25,98.75,Junta,0,2024-10-20
148879,13.25,99.25,PDF,2,2024-10-20
149597,13.75,98.25,Junta,0,2024-10-20
149598,13.75,98.75,Karen,4,2024-10-20
149599,13.75,99.25,Karen,4,2024-10-20
150317,14.25,98.25,Junta,0,2024-10-20
150318,14.25,98.75,Karen,4,2024-10-20
151036,14.75,97.75,Junta,0,2024-10-20
151037,14.75,98.25,Karen,4,2024-10-20
151756,15.25,97.75,Junta,0,2024-10-20
151757,15.25,98.25,Junta,0,2024-10-20
152471,15.75,95.25,Junta,0,2024-10-20
152472,15.75,95.75,Junta,0,2024-10-20
152476,15.75,97.75,Junta,0,2024-10-20
152477,15.75,98.25,Junta,0,2024-10-20
153189,16.25,94.25,Junta,0,2024-10-20
153190,16.25,94.75,Junta,0,2024-10-20
153191,16.25,95.25,Junta,0,2024-10-20
153192,16.25,95.75,Junta,0,2024-10-20
153193,16.25,96.25,Junta,0,2024-10-20
153196,16.25,97.75,Junta,0,2024-10-20
153197,16.25,98.25,Junta,0,2024-10-20
153198,16.25,98.75,Junta,0,2024-10-20
153909,16.75,94.25,Junta,0,2024-10-20
153910,16.75,94.75,Junta,0,2024-10-20
153911,16.75,95.25,Junta,0,2024-10-20
153912,16.75,95.75,Junta,0,2024-10-20
153913,16.75,96.25,Junta,0,2024-10-20
153914,16.75,96.75,Junta,0,2024-10-20
153915,16.75,97.25,Junta,0,2024-10-20
153916,16.75,97.75,Junta,0,2024-10-20
153917,16.75,98.25,Junta,0,2024-10-20
154630,17.25,94.75,Junta,0,2024-10-20
154631,17.25,95.25,Junta,0,2024-10-20
154632,17.25,95.75,Junta,0,2024-10-20
154633,17.25,96.25,Junta,0,2024-10-20
154634,17.25,96.75,Junta,0,2024-10-20
154635,17.25,97.25,Karen,4,2024-10-20
154636,17.25,97.75,Karen,4,2024-10-20
154637,17.25,98.25,Karen,4,2024-10-20
155350,17.75,94.75,Junta,0,2024-10-20
155351,17.75,95.25,Junta,0,2024-10-20
155352,17.75,95.75,Junta,0,2024-10-20
155353,17.75,96.25,Junta,0,2024-10-20
155354,17.75,96.75,Karen,4,2024-10-20
155355,17.75,97.25,Karen,4,2024-10-20
155356,17.75,97.75,Karen,4,2024-10-20
156069,18.25,94.25,Junta,0,2024-10-20
156070,18.25,94.75,Junta,0,2024-10-20
156071,18.25,95.25,Junta,0,2024-10-20
156072,18.25,95.75,Junta,0,2024-10-20
156073,18.25,96.25,PDF,2,2024-10-20
156074,18.25,96.75,Karen,4,2024-10-20
156075,18.25,97.25,Karen,4,2024-10-20
156076,18.25,97.75,Karen,4,2024-10-20
156788,18.75,93.75,Junta,0,2024-10-20
156789,18.75,94.25,Junta,0,2024-10-20
156790,18.75,94.75,Junta,0,2024-10-20
156791,18.75,95.25,Junta,0,2024-10-20
156792,18.75,95.75,PDF,2,2024-10-20
156793,18.75,96.25,PDF,2,2024-10-20
156794,18.75,96.75,Karen,4,2024-10-20
156795,18.75,97.25,Karenni,5,2024-10-20
156796,18.75,97.75,Karenni,5,2024-10-20
157508,19.25,93.75,Junta,0,2024-10-20
157509,19.25,94.25,Junta,0,2024-10-20
157510,19.25,94.75,Junta,0,2024-10-20
157511,19.25,95.25,Junta,0,2024-10-20
157512,19.25,95.75,Junta,0,2024-10-20
157513,19.25,96.25,Junta,0,2024-10-20
157514,19.25,96.75,Karen,4,2024-10-20
157515,19.25,97.25,Karenni,5,2024-10-20
157516,19.25,97.75,Karenni,5,2024-10-20
158228,19.75,93.75,AA,6,2024-10-20
158229,19.75,94.25,AA,6,2024-10-20
158230,19.75,94.75,Junta,0,2024-10-20
158231,19.75,95.25,Junta,0,2024-10-20
158232,19.75,95.75,Junta,0,2024-10-20
158233,19.75,96.25,Junta,0,2024-10-20
158234,19.75,96.75,Karenni,5,2024-10-20
158235,19.75,97.25,Karenni,5,2024-10-20
158236,19.75,97.75,Junta,0,2024-10-20
158237,19.75,98.25,Junta,0,2024-10-20
158238,19.75,98.75,Junta,0,2024-10-20
158946,20.25,92.75,Junta,0,2024-10-20
158947,20.25,93.25,Junta,0,2024-10-20
158948,20.25,93.75,AA,6,2024-10-20
158949,20.25,94.25,AA,6,2024-10-20
158950,20.25,94.75,Junta,0,2024-10-20
158951,20.25,95.25,Junta,0,2024-10-20
158952,20.25,95.75,Junta,0,2024-10-20
158953,20.25,96.25,Junta,0,2024-10-20
158954,20.25,96.75,Junta,0,2024-10-20
158955,20.25,97.25,Junta,0,2024-10-20
158956,20.25,97.75,Junta,0,2024-10-20
158957,20.25,98.25,Junta,0,2024-10-20
158958,20.25,98.75,Junta,0,2024-10-20
158959,20.25,99.25,Junta,0,2024-10-20
158960,20.25,99.75,Junta,0,2024-10-20
158961,20.25,100.25,Junta,0,2024-10-20
159665,20.75,92.25,Junta,0,2024-10-20
159666,20.75,92.75,AA,6,2024-10-20
159667,20.75,93.25,AA,6,2024-10-20
159668,20.75,93.75,AA,6,2024-10-20
159669,20.75,94.25,AA,6,2024-10-20
159670,20.75,94.75,Junta,0,2024-10-20
159671,20.75,95.25,Junta,0,2024-10-20
159672,20.75,95.75,Junta,0,2024-10-20
159673,20.75,96.25,Junta,0,2024-10-20
159674,20.75,96.75,Junta,0,2024-10-20
159675,20.75,97.25,Junta,0,2024-10-20
159676,20.75,97.75,Junta,0,2024-10-20
159677,20.75,98.25,Junta,0,2024-10-20
159678,20.75,98.75,Junta,0,2024-10-20
159679,20.75,99.25,Junta,0,2024-10-20
159680,20.75,99.75,Junta,0,2024-10-20
159681,20.75,100.25,Junta,0,2024-10-20
160385,21.25,92.25,AA,6,2024-10-20
160386,21.25,92.75,AA,6,2024-10-20
160387,21.25,93.25,Chin Resistance,9,2024-10-20
160388,21.25,93.75,Chin Resistance,9,2024-10-20
160389,21.25,94.25,PDF,2,2024-10-20
160390,21.25,94.75,Junta,0,2024-10-20
160391,21.25,95.25,Junta,0,2024-10-20
160392,21.25,95.75,Junta,0,2024-10-20
160393,21.25,96.25,Junta,0,2024-10-20
160394,21.25,96.75,Junta,0,2024-10-20
160395,21.25,97.25,SSPP,12,2024-10-20
160396,21.25,97.75,SSPP,12,2024-10-20
160397,21.25,98.25,Junta,0,2024-10-20
160398,21.25,98.75,Junta,0,2024-10-20
160399,21.25,99.25,Junta,0,2024-10-20
160400,21.25,99.75,Junta,0,2024-10-20
160401,21.25,100.25,Junta,0,2024-10-20
160402,21.25,100.75,Junta,0,2024-10-20
161105,21.75,92.25,AA,6,2024-10-20
161106,21.75,92.75,AA,6,2024-10-20
161107,21.75,93.25,Chin Resistance,9,2024-10-20
161108,21.75,93.75,Chin Resistance,9,2024-10-20
161109,21.75,94.25,Chin Resistance,9,2024-10-20
161110,21.75,94.75,PDF,2,2024-10-20
161111,21.75,95.25,PDF,2,2024-10-20
161112,21.75,95.75,Junta,0,2024-10-20
161113,21.75,96.25,Junta,0,2024-10-20
161114,21.75,96.75,Junta,0,2024-10-20
161115,21.75,97.25,SSPP,12,2024-10-20
161116,21.75,97.75,SSPP,12,2024-10-20
161117,21.75,98.25,SSPP,12,2024-10-20
161118,21.75,98.75,Junta,0,2024-10-20
161119,21.75,99.25,Junta,0,2024-10-20
161120,21.75,99.75,NDAA,14,2024-10-20
161121,21.75,100.25,NDAA,14,2024-10-20
161122,21.75,100.75,NDAA,14,2024-10-20
161123,21.75,101.25,Junta,0,2024-10-20
161826,22.25,92.75,AA,6,2024-10-20
161827,22.25,93.25,Chin Resistance,9,2024-10-20
161828,22.25,93.75,Chin Resistance,9,2024-10-20
161829,22.25,94.25,Junta,0,2024-10-20
161830,22.25,94.75,Junta,0,2024-10-20
161831,22.25,95.25,Junta,0,2024-10-20
161832,22.25,95.75,Junta,0,2024-10-20
161833,22.25,96.25,Junta,0,2024-10-20
161834,22.25,96.75,Junta,0,2024-10-20
161835,22.25,97.25,SSPP,12,2024-10-20
161836,22.25,97.75,SSPP,12,2024-10-20
161837,22.25,98.25,SSPP,12,2024-10-20
161838,22.25,98.75,SSPP,12,2024-10-20
161839,22.25,99.25,UWSA,15,2024-10-20
161840,22.25,99.75,UWSA,15,2024-10-20
162547,22.75,93.25,Chin Resistance,9,2024-10-20
162548,22.75,93.75,Chin Resistance,9,2024-10-20
162549,22.75,94.25,Junta,0,2024-10-20
162550,22.75,94.75,Junta,0,2024-10-20
162551,22.75,95.25,Junta,0,2024-10-20
162552,22.75,95.75,Junta,0,2024-10-20
162553,22.75,96.25,Junta,0,2024-10-20
162554,22.75,96.75,Junta,0,2024-10-20
162555,22.75,97.25,Junta,0,2024-10-20
162556,22.75,97.75,Junta,0,2024-10-20
162557,22.75,98.25,SSPP,12,2024-10-20
162558,22.75,98.75,SSPP,12,2024-10-20
162559,22.75,99.25,UWSA,15,2024-10-20
163267,23.25,93.25,Chin Resistance,9,2024-10-20
163268,23.25,93.75,Chin Resistance,9,2024-10-20
163269,23.25,94.25,Junta,0,2024-10-20
163270,23.25,94.75,Junta,0,2024-10-20
163271,23.25,95.25,Junta,0,2024-10-20
163272,23.25,95.75,Junta,0,2024-10-20
163273,23.25,96.25,Junta,0,2024-10-20
163274,23.25,96.75,KIA,3,2024-10-20
163275,23.25,97.25,Junta,0,2024-10-20
163276,23.25,97.75,Junta,0,2024-10-20
163277,23.25,98.25,Junta,0,2024-10-20
163278,23.25,98.75,UWSA,15,2024-10-20
163279,23.25,99.25,UWSA,15,2024-10-20
163987,23.75,93.25,Chin Resistance,9,2024-10-20
163988,23.75,93.75,Chin Resistance,9,2024-10-20
163989,23.75,94.25,Chin Resistance,9,2024-10-20
163990,23.75,94.75,Junta,0,2024-10-20
163991,23.75,95.25,Junta,0,2024-10-20
163992,23.75,95.75,Junta,0,2024-10-20
163993,23.75,96.25,Junta,0,2024-10-20
163994,23.75,96.75,KIA,3,2024-10-20
163995,23.75,97.25,KIA,3,2024-10-20
163996,23.75,97.75,KIA,3,2024-10-20
163997,23.75,98.25,KIA,3,2024-10-20
163998,23.75,98.75,Junta,0,2024-10-20
164707,24.25,93.25,Chin Resistance,9,2024-10-20
164708,24.25,93.75,Chin Resistance,9,2024-10-20
164709,24.25,94.25,Junta,0,2024-10-20
164710,24.25,94.75,Junta,0,2024-10-20
164711,24.25,95.25,Junta,0,2024-10-20
164712,24.25,95.75,KIA,3,2024-10-20
164713,24.25,96.25,KIA,3,2024-10-20
164714,24.25,96.75,KIA,3,2024-10-20
164715,24.25,97.25,KIA,3,2024-10-20
164716,24.25,97.75,Junta,0,2024-10-20
164717,24.25,98.25,Junta,0,2024-10-20
164718,24.25,98.75,Junta,0,2024-10-20
165430,24.75,94.75,Junta,0,2024-10-20
165431,24.75,95.25,KIA,3,2024-10-20
165432,24.75,95.75,KIA,3,2024-10-20
165433,24.75,96.25,KIA,3,2024-10-20
165434,24.75,96.75,KIA,3,2024-10-20
165435,24.75,97.25,KIA,3,2024-10-20
165436,24.75,97.75,Junta,0,2024-10-20
166150,25.25,94.75,Junta,0,2024-10-20
166151,25.25,95.25,Junta,0,2024-10-20
166152,25.25,95.75,KIA,3,2024-10-20
166153,25.25,96.25,KIA,3,2024-10-20
166154,25.25,96.75,KIA,3,2024-10-20
166155,25.25,97.25,KIA,3,2024-10-20
166156,25.25,97.75,Junta,0,2024-10-20
166870,25.75,94.75,Junta,0,2024-10-20
166871,25.75,95.25,Junta,0,2024-10-20
166872,25.75,95.75,KIA,3,2024-10-20
166873,25.75,96.25,KIA,3,2024-10-20
166874,25.75,96.75,KIA,3,2024-10-20
166875,25.75,97.25,KIA,3,2024-10-20
166876,25.75,97.75,KIA,3,2024-10-20
166877,25.75,98.25,Junta,0,2024-10-20
166878,25.75,98.75,Junta,0,2024-10-20
167591,26.25,95.25,Junta,0,2024-10-20
167592,26.25,95.75,KIA,3,2024-10-20
167593,26.25,96.25,KIA,3,2024-10-20
167594,26.25,96.75,KIA,3,2024-10-20
167595,26.25,97.25,KIA,3,2024-10-20
167596,26.25,97.75,KIA,3,2024-10-20
167597,26.25,98.25,KIA,3,2024-10-20
167598,26.25,98.75,Junta,0,2024-10-20
168311,26.75,95.25,Junta,0,2024-10-20
168312,26.75,95.75,Junta,0,2024-10-20
168313,26.75,96.25,KIA,3,2024-10-20
168314,26.75,96.75,KIA,3,2024-10-20
168315,26.75,97.25,KIA,3,2024-10-20
168316,26.75,97.75,KIA,3,2024-10-20
168317,26.75,98.25,KIA,3,2024-10-20
168318,26.75,98.75,Junta,0,2024-10-20
169033,27.25,96.25,KIA,3,2024-10-20
169034,27.25,96.75,KIA,3,2024-10-20
169035,27.25,97.25,KIA,3,2024-10-20
169036,27.25,97.75,KIA,3,2024-10-20
169037,27.25,98.25,Junta,0,2024-10-20
169038,27.25,98.75,Junta,0,2024-10-20
169754,27.75,96.75,KIA,3,2024-10-20
169755,27.75,97.25,Junta,0,2024-10-20
169756,27.75,97.75,Junta,0,2024-10-20
169757,27.75,98.25,Junta,0,2024-10-20
170475,28.25,97.25,Junta,0,2024-10-20
170476,28.25,97.75,Junta,0,2024-10-20
170477,28.25,98.25,Junta,0,2024-10-20
144558,10.25,98.75,Junta,0,2024-10-23
145277,10.75,98.25,Junta,0,2024-10-23
145278,10.75,98.75,Junta,0,2024-10-23
145998,11.25,98.75,Junta,0,2024-10-23
145999,11.25,99.25,PDF,2,2024-10-23
146717,11.75,98.25,Junta,0,2024-10-23
146718,11.75,98.75,PDF,2,2024-10-23
146719,11.75,99.25,PDF,2,2024-10-23
146720,11.75,99.75,Junta,0,2024-10-23
147437,12.25,98.25,Junta,0,2024-10-23
147438,12.25,98.75,Junta,0,2024-10-23
147439,12.25,99.25,PDF,2,2024-10-23
148157,12.75,98.25,Junta,0,2024-10-23
148158,12.75,98.75,Junta,0,2024-10-23
148159,12.75,99.25,PDF,2,2024-10-23
148878,13.25,98.75,Junta,0,2024-10-23
148879,13.25,99.25,PDF,2,2024-10-23
149597,13.75,98.25,Junta,0,2024-10-23
149598,13.75,98.75,Karen,4,2024-10-23
149599,13.75,99.25,Karen,4,2024-10-23
150317,14.25,98.25,Junta,0,2024-10-23
150318,14.25,98.75,Karen,4,2024-10-23
151036,14.75,97.75,Junta,0,2024-10-23
151037,14.75,98.25,Karen,4,2024-10-23
151756,15.25,97.75,Junta,0,2024-10-23
151757,15.25,98.25,Junta,0,2024-10-23
152471,15.75,95.25,Junta,0,2024-10-23
152472,15.75,95.75,Junta,0,2024-10-23
152476,15.75,97.75,Junta,0,2024-10-23
152477,15.75,98.25,Junta,0,2024-10-23
153189,16.25,94.25,Junta,0,2024-10-23
153190,16.25,94.75,Junta,0,2024-10-23
153191,16.25,95.25,Junta,0,2024-10-23
153192,16.25,95.75,Junta,0,2024-10-23
153193,16.25,96.25,Junta,0,2024-10-23
153196,16.25,97.75,Junta,0,2024-10-23
153197,16.25,98.25,Junta,0,2024-10-23
153198,16.25,98.75,Junta,0,2024-10-23
153909,16.75,94.25,Junta,0,2024-10-23
153910,16.75,94.75,Junta,0,2024-10-23
153911,16.75,95.25,Junta,0,2024-10-23
153912,16.75,95.75,Junta,0,2024-10-23
153913,16.75,96.25,Junta,0,2024-10-23
153914,16.75,96.75,Junta,0,2024-10-23
153915,16.75,97.25,Junta,0,2024-10-23
153916,16.75,97.75,Junta,0,2024-10-23
153917,16.75,98.25,Junta,0,2024-10-23
154630,17.25,94.75,Junta,0,2024-10-23
154631,17.25,95.25,Junta,0,2024-10-23
154632,17.25,95.75,Junta,0,2024-10-23
154633,17.25,96.25,Junta,0,2024-10-23
154634,17.25,96.75,Junta,0,2024-10-23
154635,17.25,97.25,Karen,4,2024-10-23
154636,17.25,97.75,Karen,4,2024-10-23
154637,17.25,98.25,Karen,4,2024-10-23
155350,17.75,94.75,Junta,0,2024-10-23
155351,17.75,95.25,Junta,0,2024-10-23
155352,17.75,95.75,Junta,0,2024-10-23
155353,17.75,96.25,Junta,0,2024-10-23
155354,17.75,96.75,Karen,4,2024-10-23
155355,17.75,97.25,Karen,4,2024-10-23
155356,17.75,97.75,Karen,4,2024-10-23
156069,18.25,94.25,Junta,0,2024-10-23
156070,18.25,94.75,Junta,0,2024-10-23
156071,18.25,95.25,Junta,0,2024-10-23
156072,18.25,95.75,Junta,0,2024-10-23
156073,18.25,96.25,PDF,2,2024-10-23
156074,18.25,96.75,Karen,4,2024-10-23
156075,18.25,97.25,Karen,4,2024-10-23
156076,18.25,97.75,Karen,4,2024-10-23
156788,18.75,93.75,Junta,0,2024-10-23
156789,18.75,94.25,Junta,0,2024-10-23
156790,18.75,94.75,Junta,0,2024-10-23
156791,18.75,95.25,Junta,0,2024-10-23
156792,18.75,95.75,PDF,2,2024-10-23
156793,18.75,96.25,PDF,2,2024-10-23
156794,18.75,96.75,Karen,4,2024-10-23
156795,18.75,97.25,Karenni,5,2024-10-23
156796,18.75,97.75,Karenni,5,2024-10-23
157508,19.25,93.75,Junta,0,2024-10-23
157509,19.25,94.25,Junta,0,2024-10-23
157510,19.25,94.75,Junta,0,2024-10-23
157511,19.25,95.25,Junta,0,2024-10-23
157512,19.25,95.75,Junta,0,2024-10-23
157513,19.25,96.25,Junta,0,2024-10-23
157514,19.25,96.75,Karen,4,2024-10-23
157515,19.25,97.25,Karenni,5,2024-10-23
157516,19.25,97.75,Karenni,5,2024-10-23
158228,19.75,93.75,AA,6,2024-10-23
158229,19.75,94.25,AA,6,2024-10-23
158230,19.75,94.75,Junta,0,2024-10-23
158231,19.75,95.25,Junta,0,2024-10-23
158232,19.75,95.75,Junta,0,2024-10-23
158233,19.75,96.25,Junta,0,2024-10-23
158234,19.75,96.75,Karenni,5,2024-10-23
158235,19.75,97.25,Karenni,5,2024-10-23
158236,19.75,97.75,Junta,0,2024-10-23
158237,19.75,98.25,Junta,0,2024-10-23
158238,19.75,98.75,Junta,0,2024-10-23
158946,20.25,92.75,Junta,0,2024-10-23
158947,20.25,93.25,Junta,0,2024-10-23
158948,20.25,93.75,AA,6,2024-10-23
158949,20.25,94.25,AA,6,2024-10-23
158950,20.25,94.75,Junta,0,2024-10-23
158951,20.25,95.25,Junta,0,2024-10-23
158952,20.25,95.75,Junta,0,2024-10-23
158953,20.25,96.25,Junta,0,2024-10-23
158954,20.25,96.75,Junta,0,2024-10-23
158955,20.25,97.25,Junta,0,2024-10-23
158956,20.25,97.75,Junta,0,2024-10-23
158957,20.25,98.25,Junta,0,2024-10-23
158958,20.25,98.75,Junta,0,2024-10-23
158959,20.25,99.25,Junta,0,2024-10-23
158960,20.25,99.75,Junta,0,2024-10-23
158961,20.25,100.25,Junta,0,2024-10-23
159665,20.75,92.25,Junta,0,2024-10-23
159666,20.75,92.75,AA,6,2024-10-23
159667,20.75,93.25,AA,6,2024-10-23
159668,20.75,93.75,AA,6,2024-10-23
159669,20.75,94.25,AA,6,2024-10-23
159670,20.75,94.75,Junta,0,2024-10-23
159671,20.75,95.25,Junta,0,2024-10-23
159672,20.75,95.75,Junta,0,2024-10-23
159673,20.75,96.25,Junta,0,2024-10-23
159674,20.75,96.75,Junta,0,2024-10-23
159675,20.75,97.25,Junta,0,2024-10-23
159676,20.75,97.75,Junta,0,2024-10-23
159677,20.75,98.25,Junta,0,2024-10-23
159678,20.75,98.75,Junta,0,2024-10-23
159679,20.75,99.25,Junta,0,2024-10-23
159680,20.75,99.75,Junta,0,2024-10-23
159681,20.75,100.25,Junta,0,2024-10-23
160385,21.25,92.25,AA,6,2024-10-23
160386,21.25,92.75,AA,6,2024-10-23
160387,21.25,93.25,Chin Resistance,9,2024-10-23
160388,21.25,93.75,Chin Resistance,9,2024-10-23
160389,21.25,94.25,PDF,2,2024-10-23
160390,21.25,94.75,Junta,0,2024-10-23
160391,21.25,95.25,Junta,0,2024-10-23
160392,21.25,95.75,Junta,0,2024-10-23
160393,21.25,96.25,Junta,0,2024-10-23
160394,21.25,96.75,Junta,0,2024-10-23
160395,21.25,97.25,SSPP,12,2024-10-23
160396,21.25,97.75,SSPP,12,2024-10-23
160397,21.25,98.25,Junta,0,2024-10-23
160398,21.25,98.75,Junta,0,2024-10-23
160399,21.25,99.25,Junta,0,2024-10-23
160400,21.25,99.75,Junta,0,2024-10-23
160401,21.25,100.25,Junta,0,2024-10-23
160402,21.25,100.75,Junta,0,2024-10-23
161105,21.75,92.25,AA,6,2024-10-23
161106,21.75,92.75,AA,6,2024-10-23
161107,21.75,93.25,Chin Resistance,9,2024-10-23
161108,21.75,93.75,Chin Resistance,9,2024-10-23
161109,21.75,94.25,Chin Resistance,9,2024-10-23
161110,21.75,94.75,PDF,2,2024-10-23
161111,21.75,95.25,PDF,2,2024-10-23
161112,21.75,95.75,Junta,0,2024-10-23
161113,21.75,96.25,Junta,0,2024-10-23
161114,21.75,96.75,Junta,0,2024-10-23
161115,21.75,97.25,SSPP,12,2024-10-23
161116,21.75,97.75,SSPP,12,2024-10-23
161117,21.75,98.25,SSPP,12,2024-10-23
161118,21.75,98.75,Junta,0,2024-10-23
161119,21.75,99.25,Junta,0,2024-10-23
161120,21.75,99.75,NDAA,14,2024-10-23
161121,21.75,100.25,NDAA,14,2024-10-23
161122,21.75,100.75,NDAA,14,2024-10-23
161123,21.75,101.25,Junta,0,2024-10-23
161826,22.25,92.75,AA,6,2024-10-23
161827,22.25,93.25,Chin Resistance,9,2024-10-23
161828,22.25,93.75,Chin Resistance,9,2024-10-23
161829,22.25,94.25,Junta,0,2024-10-23
161830,22.25,94.75,Junta,0,2024-10-23
161831,22.25,95.25,Junta,0,2024-10-23
161832,22.25,95.75,Junta,0,2024-10-23
161833,22.25,96.25,Junta,0,2024-10-23
161834,22.25,96.75,Junta,0,2024-10-23
161835,22.25,97.25,SSPP,12,2024-10-23
161836,22.25,97.75,SSPP,12,2024-10-23
161837,22.25,98.25,SSPP,12,2024-10-23
161838,22.25,98.75,SSPP,12,2024-10-23
161839,22.25,99.25,UWSA,15,2024-10-23
161840,22.25,99.75,UWSA,15,2024-10-23
162547,22.75,93.25,Chin Resistance,9,2024-10-23
162548,22.75,93.75,Chin Resistance,9,2024-10-23
162549,22.75,94.25,Junta,0,2024-10-23
162550,22.75,94.75,Junta,0,2024-10-23
162551,22.75,95.25,Junta,0,2024-10-23
162552,22.75,95.75,Junta,0,2024-10-23
162553,22.75,96.25,Junta,0,2024-10-23
162554,22.75,96.75,Junta,0,2024-10-23
162555,22.75,97.25,Junta,0,2024-10-23
162556,22.75,97.75,Junta,0,2024-10-23
162557,22.75,98.25,SSPP,12,2024-10-23
162558,22.75,98.75,SSPP,12,2024-10-23
162559,22.75,99.25,UWSA,15,2024-10-23
163267,23.25,93.25,Chin Resistance,9,2024-10-23
163268,23.25,93.75,Chin Resistance,9,2024-10-23
163269,23.25,94.25,Junta,0,2024-10-23
163270,23.25,94.75,Junta,0,2024-10-23
163271,23.25,95.25,Junta,0,2024-10-23
163272,23.25,95.75,Junta,0,2024-10-23
163273,23.25,96.25,Junta,0,2024-10-23
163274,23.25,96.75,KIA,3,2024-10-23
163275,23.25,97.25,Junta,0,2024-10-23
163276,23.25,97.75,Junta,0,2024-10-23
163277,23.25,98.25,Junta,0,2024-10-23
163278,23.25,98.75,UWSA,15,2024-10-23
163279,23.25,99.25,UWSA,15,2024-10-23
163987,23.75,93.25,Chin Resistance,9,2024-10-23
163988,23.75,93.75,Chin Resistance,9,2024-10-23
163989,23.75,94.25,Chin Resistance,9,2024-10-23
163990,23.75,94.75,Junta,0,2024-10-23
163991,23.75,95.25,Junta,0,2024-10-23
163992,23.75,95.75,Junta,0,2024-10-23
163993,23.75,96.25,Junta,0,2024-10-23
163994,23.75,96.75,KIA,3,2024-10-23
163995,23.75,97.25,KIA,3,2024-10-23
163996,23.75,97.75,KIA,3,2024-10-23
163997,23.75,98.25,KIA,3,2024-10-23
163998,23.75,98.75,Junta,0,2024-10-23
164707,24.25,93.25,Chin Resistance,9,2024-10-23
164708,24.25,93.75,Chin Resistance,9,2024-10-23
164709,24.25,94.25,Junta,0,2024-10-23
164710,24.25,94.75,Junta,0,2024-10-23
164711,24.25,95.25,Junta,0,2024-10-23
164712,24.25,95.75,KIA,3,2024-10-23
164713,24.25,96.25,KIA,3,2024-10-23
164714,24.25,96.75,KIA,3,2024-10-23
164715,24.25,97.25,KIA,3,2024-10-23
164716,24.25,97.75,Junta,0,2024-10-23
164717,24.25,98.25,Junta,0,2024-10-23
164718,24.25,98.75,Junta,0,2024-10-23
165430,24.75,94.75,Junta,0,2024-10-23
165431,24.75,95.25,KIA,3,2024-10-23
165432,24.75,95.75,KIA,3,2024-10-23
165433,24.75,96.25,KIA,3,2024-10-23
165434,24.75,96.75,KIA,3,2024-10-23
165435,24.75,97.25,KIA,3,2024-10-23
165436,24.75,97.75,Junta,0,2024-10-23
166150,25.25,94.75,Junta,0,2024-10-23
166151,25.25,95.25,Junta,0,2024-10-23
166152,25.25,95.75,KIA,3,2024-10-23
166153,25.25,96.25,KIA,3,2024-10-23
166154,25.25,96.75,KIA,3,2024-10-23
166155,25.25,97.25,KIA,3,2024-10-23
166156,25.25,97.75,Junta,0,2024-10-23
166870,25.75,94.75,Junta,0,2024-10-23
166871,25.75,95.25,Junta,0,2024-10-23
166872,25.75,95.75,KIA,3,2024-10-23
166873,25.75,96.25,KIA,3,2024-10-23
166874,25.75,96.75,KIA,3,2024-10-23
166875,25.75,97.25,KIA,3,2024-10-23
166876,25.75,97.75,KIA,3,2024-10-23
166877,25.75,98.25,Junta,0,2024-10-23
166878,25.75,98.75,Junta,0,2024-10-23
167591,26.25,95.25,Junta,0,2024-10-23
167592,26.25,95.75,KIA,3,2024-10-23
167593,26.25,96.25,KIA,3,2024-10-23
167594,26.25,96.75,KIA,3,2024-10-23
167595,26.25,97.25,KIA,3,2024-10-23
167596,26.25,97.75,KIA,3,2024-10-23
167597,26.25,98.25,KIA,3,2024-10-23
167598,26.25,98.75,Junta,0,2024-10-23
168311,26.75,95.25,Junta,0,2024-10-23
168312,26.75,95.75,Junta,0,2024-10-23
168313,26.75,96.25,KIA,3,2024-10-23
168314,26.75,96.75,KIA,3,2024-10-23
168315,26.75,97.25,KIA,3,2024-10-23
168316,26.75,97.75,KIA,3,2024-10-23
168317,26.75,98.25,KIA,3,2024-10-23
168318,26.75,98.75,Junta,0,2024-10-23
169033,27.25,96.25,KIA,3,2024-10-23
169034,27.25,96.75,KIA,3,2024-10-23
169035,27.25,97.25,KIA,3,2024-10-23
169036,27.25,97.75,KIA,3,2024-10-23
169037,27.25,98.25,Junta,0,2024-10-23
169038,27.25,98.75,Junta,0,2024-10-23
169754,27.75,96.75,KIA,3,2024-10-23
169755,27.75,97.25,Junta,0,2024-10-23
169756,27.75,97.75,Junta,0,2024-10-23
169757,27.75,98.25,Junta,0,2024-10-23
170475,28.25,97.25,Junta,0,2024-10-23
170476,28.25,97.75,Junta,0,2024-10-23
170477,28.25,98.25,Junta,0,2024-10-23
144558,10.25,98.75,Junta,0,2024-11-10
145277,10.75,98.25,Junta,0,2024-11-10
145278,10.75,98.75,Junta,0,2024-11-10
145998,11.25,98.75,Junta,0,2024-11-10
145999,11.25,99.25,PDF,2,2024-11-10
146717,11.75,98.25,Junta,0,2024-11-10
146718,11.75,98.75,PDF,2,2024-11-10
146719,11.75,99.25,PDF,2,2024-11-10
146720,11.75,99.75,Junta,0,2024-11-10
147437,12.25,98.25,Junta,0,2024-11-10
147438,12.25,98.75,Junta,0,2024-11-10
147439,12.25,99.25,PDF,2,2024-11-10
148157,12.75,98.25,Junta,0,2024-11-10
148158,12.75,98.75,Junta,0,2024-11-10
148159,12.75,99.25,PDF,2,2024-11-10
148878,13.25,98.75,Junta,0,2024-11-10
148879,13.25,99.25,PDF,2,2024-11-10
149597,13.75,98.25,Junta,0,2024-11-10
149598,13.75,98.75,Karen,4,2024-11-10
149599,13.75,99.25,Karen,4,2024-11-10
150317,14.25,98.25,Junta,0,2024-11-10
150318,14.25,98.75,Karen,4,2024-11-10
151036,14.75,97.75,Junta,0,2024-11-10
151037,14.75,98.25,Karen,4,2024-11-10
151756,15.25,97.75,Junta,0,2024-11-10
151757,15.25,98.25,Junta,0,2024-11-10
152471,15.75,95.25,Junta,0,2024-11-10
152472,15.75,95.75,Junta,0,2024-11-10
152476,15.75,97.75,Junta,0,2024-11-10
152477,15.75,98.25,Junta,0,2024-11-10
153189,16.25,94.25,Junta,0,2024-11-10
153190,16.25,94.75,Junta,0,2024-11-10
153191,16.25,95.25,Junta,0,2024-11-10
153192,16.25,95.75,Junta,0,2024-11-10
153193,16.25,96.25,Junta,0,2024-11-10
153196,16.25,97.75,Junta,0,2024-11-10
153197,16.25,98.25,Junta,0,2024-11-10
153198,16.25,98.75,Junta,0,2024-11-10
153909,16.75,94.25,Junta,0,2024-11-10
153910,16.75,94.75,Junta,0,2024-11-10
153911,16.75,95.25,Junta,0,2024-11-10
153912,16.75,95.75,Junta,0,2024-11-10
153913,16.75,96.25,Junta,0,2024-11-10
153914,16.75,96.75,Junta,0,2024-11-10
153915,16.75,97.25,Junta,0,2024-11-10
153916,16.75,97.75,Junta,0,2024-11-10
153917,16.75,98.25,Junta,0,2024-11-10
154630,17.25,94.75,Junta,0,2024-11-10
154631,17.25,95.25,Junta,0,2024-11-10
154632,17.25,95.75,Junta,0,2024-11-10
154633,17.25,96.25,Junta,0,2024-11-10
154634,17.25,96.75,Junta,0,2024-11-10
154635,17.25,97.25,Karen,4,2024-11-10
154636,17.25,97.75,Karen,4,2024-11-10
154637,17.25,98.25,Karen,4,2024-11-10
155350,17.75,94.75,Junta,0,2024-11-10
155351,17.75,95.25,Junta,0,2024-11-10
155352,17.75,95.75,Junta,0,2024-11-10
155353,17.75,96.25,Junta,0,2024-11-10
155354,17.75,96.75,Karen,4,2024-11-10
155355,17.75,97.25,Karen,4,2024-11-10
155356,17.75,97.75,Karen,4,2024-11-10
156069,18.25,94.25,Junta,0,2024-11-10
156070,18.25,94.75,Junta,0,2024-11-10
156071,18.25,95.25,Junta,0,2024-11-10
156072,18.25,95.75,Junta,0,2024-11-10
156073,18.25,96.25,PDF,2,2024-11-10
156074,18.25,96.75,Karen,4,2024-11-10
156075,18.25,97.25,Karen,4,2024-11-10
156076,18.25,97.75,Karen,4,2024-11-10
156788,18.75,93.75,Junta,0,2024-11-10
156789,18.75,94.25,Junta,0,2024-11-10
156790,18.75,94.75,Junta,0,2024-11-10
156791,18.75,95.25,Junta,0,2024-11-10
156792,18.75,95.75,PDF,2,2024-11-10
156793,18.75,96.25,PDF,2,2024-11-10
156794,18.75,96.75,Karen,4,2024-11-10
156795,18.75,97.25,Karenni,5,2024-11-10
156796,18.75,97.75,Karenni,5,2024-11-10
157508,19.25,93.75,Junta,0,2024-11-10
157509,19.25,94.25,Junta,0,2024-11-10
157510,19.25,94.75,Junta,0,2024-11-10
157511,19.25,95.25,Junta,0,2024-11-10
157512,19.25,95.75,Junta,0,2024-11-10
157513,19.25,96.25,Junta,0,2024-11-10
157514,19.25,96.75,Karen,4,2024-11-10
157515,19.25,97.25,Karenni,5,2024-11-10
157516,19.25,97.75,Karenni,5,2024-11-10
158228,19.75,93.75,AA,6,2024-11-10
158229,19.75,94.25,AA,6,2024-11-10
158230,19.75,94.75,Junta,0,2024-11-10
158231,19.75,95.25,Junta,0,2024-11-10
158232,19.75,95.75,Junta,0,2024-11-10
158233,19.75,96.25,Junta,0,2024-11-10
158234,19.75,96.75,Karenni,5,2024-11-10
158235,19.75,97.25,Karenni,5,2024-11-10
158236,19.75,97.75,Junta,0,2024-11-10
158237,19.75,98.25,Junta,0,2024-11-10
158238,19.75,98.75,Junta,0,2024-11-10
158946,20.25,92.75,Junta,0,2024-11-10
158947,20.25,93.25,Junta,0,2024-11-10
158948,20.25,93.75,AA,6,2024-11-10
158949,20.25,94.25,AA,6,2024-11-10
158950,20.25,94.75,Junta,0,2024-11-10
158951,20.25,95.25,Junta,0,2024-11-10
158952,20.25,95.75,Junta,0,2024-11-10
158953,20.25,96.25,Junta,0,2024-11-10
158954,20.25,96.75,Junta,0,2024-11-10
158955,20.25,97.25,Junta,0,2024-11-10
158956,20.25,97.75,Junta,0,2024-11-10
158957,20.25,98.25,Junta,0,2024-11-10
158958,20.25,98.75,Junta,0,2024-11-10
158959,20.25,99.25,Junta,0,2024-11-10
158960,20.25,99.75,Junta,0,2024-11-10
158961,20.25,100.25,Junta,0,2024-11-10
159665,20.75,92.25,Junta,0,2024-11-10
159666,20.75,92.75,AA,6,2024-11-10
159667,20.75,93.25,AA,6,2024-11-10
159668,20.75,93.75,AA,6,2024-11-10
159669,20.75,94.25,AA,6,2024-11-10
159670,20.75,94.75,Junta,0,2024-11-10
159671,20.75,95.25,Junta,0,2024-11-10
159672,20.75,95.75,Junta,0,2024-11-10
159673,20.75,96.25,Junta,0,2024-11-10
159674,20.75,96.75,Junta,0,2024-11-10
159675,20.75,97.25,Junta,0,2024-11-10
159676,20.75,97.75,Junta,0,2024-11-10
159677,20.75,98.25,Junta,0,2024-11-10
159678,20.75,98.75,Junta,0,2024-11-10
159679,20.75,99.25,Junta,0,2024-11-10
159680,20.75,99.75,Junta,0,2024-11-10
159681,20.75,100.25,Junta,0,2024-11-10
160385,21.25,92.25,AA,6,2024-11-10
160386,21.25,92.75,AA,6,2024-11-10
160387,21.25,93.25,Chin Resistance,9,2024-11-10
160388,21.25,93.75,Chin Resistance,9,2024-11-10
160389,21.25,94.25,PDF,2,2024-11-10
160390,21.25,94.75,Junta,0,2024-11-10
160391,21.25,95.25,Junta,0,2024-11-10
160392,21.25,95.75,Junta,0,2024-11-10
160393,21.25,96.25,Junta,0,2024-11-10
160394,21.25,96.75,Junta,0,2024-11-10
160395,21.25,97.25,SSPP,12,2024-11-10
160396,21.25,97.75,SSPP,12,2024-11-10
160397,21.25,98.25,Junta,0,2024-11-10
160398,21.25,98.75,Junta,0,2024-11-10
160399,21.25,99.25,Junta,0,2024-11-10
160400,21.25,99.75,Junta,0,2024-11-10
160401,21.25,100.25,Junta,0,2024-11-10
160402,21.25,100.75,Junta,0,2024-11-10
161105,21.75,92.25,AA,6,2024-11-10
161106,21.75,92.75,AA,6,2024-11-10
161107,21.75,93.25,Chin Resistance,9,2024-11-10
161108,21.75,93.75,Chin Resistance,9,2024-11-10
161109,21.75,94.25,Chin Resistance,9,2024-11-10
161110,21.75,94.75,Junta,0,2024-11-10
161111,21.75,95.25,PDF,2,2024-11-10
161112,21.75,95.75,Junta,0,2024-11-10
161113,21.75,96.25,Junta,0,2024-11-10
161114,21.75,96.75,Junta,0,2024-11-10
161115,21.75,97.25,SSPP,12,2024-11-10
161116,21.75,97.75,SSPP,12,2024-11-10
161117,21.75,98.25,SSPP,12,2024-11-10
161118,21.75,98.75,Junta,0,2024-11-10
161119,21.75,99.25,Junta,0,2024-11-10
161120,21.75,99.75,NDAA,14,2024-11-10
161121,21.75,100.25,NDAA,14,2024-11-10
161122,21.75,100.75,NDAA,14,2024-11-10
161123,21.75,101.25,Junta,0,2024-11-10
161826,22.25,92.75,AA,6,2024-11-10
161827,22.25,93.25,Chin Resistance,9,2024-11-10
161828,22.25,93.75,Chin Resistance,9,2024-11-10
161829,22.25,94.25,Junta,0,2024-11-10
161830,22.25,94.75,Junta,0,2024-11-10
161831,22.25,95.25,Junta,0,2024-11-10
161832,22.25,95.75,Junta,0,2024-11-10
161833,22.25,96.25,Junta,0,2024-11-10
161834,22.25,96.75,Junta,0,2024-11-10
161835,22.25,97.25,SSPP,12,2024-11-10
161836,22.25,97.75,SSPP,12,2024-11-10
161837,22.25,98.25,SSPP,12,2024-11-10
161838,22.25,98.75,SSPP,12,2024-11-10
161839,22.25,99.25,UWSA,15,2024-11-10
161840,22.25,99.75,UWSA,15,2024-11-10
162547,22.75,93.25,Chin Resistance,9,2024-11-10
162548,22.75,93.75,Chin Resistance,9,2024-11-10
162549,22.75,94.25,Junta,0,2024-11-10
162550,22.75,94.75,Junta,0,2024-11-10
162551,22.75,95.25,Junta,0,2024-11-10
162552,22.75,95.75,Junta,0,2024-11-10
162553,22.75,96.25,Junta,0,2024-11-10
162554,22.75,96.75,Junta,0,2024-11-10
162555,22.75,97.25,Junta,0,2024-11-10
162556,22.75,97.75,Junta,0,2024-11-10
162557,22.75,98.25,SSPP,12,2024-11-10
162558,22.75,98.75,SSPP,12,2024-11-10
162559,22.75,99.25,UWSA,15,2024-11-10
163267,23.25,93.25,Chin Resistance,9,2024-11-10
163268,23.25,93.75,Chin Resistance,9,2024-11-10
163269,23.25,94.25,Junta,0,2024-11-10
163270,23.25,94.75,Junta,0,2024-11-10
163271,23.25,95.25,Junta,0,2024-11-10
163272,23.25,95.75,Junta,0,2024-11-10
163273,23.25,96.25,Junta,0,2024-11-10
163274,23.25,96.75,KIA,3,2024-11-10
163275,23.25,97.25,Junta,0,2024-11-10
163276,23.25,97.75,Junta,0,2024-11-10
163277,23.25,98.25,Junta,0,2024-11-10
163278,23.25,98.75,UWSA,15,2024-11-10
163279,23.25,99.25,UWSA,15,2024-11-10
163987,23.75,93.25,Chin Resistance,9,2024-11-10
163988,23.75,93.75,Chin Resistance,9,2024-11-10
163989,23.75,94.25,Chin Resistance,9,2024-11-10
163990,23.75,94.75,Junta,0,2024-11-10
163991,23.75,95.25,Junta,0,2024-11-10
163992,23.75,95.75,Junta,0,2024-11-10
163993,23.75,96.25,Junta,0,2024-11-10
163994,23.75,96.75,KIA,3,2024-11-10
163995,23.75,97.25,KIA,3,2024-11-10
163996,23.75,97.75,KIA,3,2024-11-10
163997,23.75,98.25,KIA,3,2024-11-10
163998,23.75,98.75,Junta,0,2024-11-10
164707,24.25,93.25,Chin Resistance,9,2024-11-10
164708,24.25,93.75,Chin Resistance,9,2024-11-10
164709,24.25,94.25,Junta,0,2024-11-10
164710,24.25,94.75,Junta,0,2024-11-10
164711,24.25,95.25,Junta,0,2024-11-10
164712,24.25,95.75,KIA,3,2024-11-10
164713,24.25,96.25,KIA,3,2024-11-10
164714,24.25,96.75,KIA,3,2024-11-10
164715,24.25,97.25,KIA,3,2024-11-10
164716,24.25,97.75,Junta,0,2024-11-10
164717,24.25,98.25,Junta,0,2024-11-10
164718,24.25,98.75,Junta,0,2024-11-10
165430,24.75,94.75,Junta,0,2024-11-10
165431,24.75,95.25,KIA,3,2024-11-10
165432,24.75,95.75,KIA,3,2024-11-10
165433,24.75,96.25,KIA,3,2024-11-10
165434,24.75,96.75,KIA,3,2024-11-10
165435,24.75,97.25,KIA,3,2024-11-10
165436,24.75,97.75,Junta,0,2024-11-10
166150,25.25,94.75,Junta,0,2024-11-10
166151,25.25,95.25,Junta,0,2024-11-10
166152,25.25,95.75,KIA,3,2024-11-10
166153,25.25,96.25,KIA,3,2024-11-10
166154,25.25,96.75,KIA,3,2024-11-10
166155,25.25,97.25,KIA,3,2024-11-10
166156,25.25,97.75,Junta,0,2024-11-10
166870,25.75,94.75,Junta,0,2024-11-10
166871,25.75,95.25,Junta,0,2024-11-10
166872,25.75,95.75,KIA,3,2024-11-10
166873,25.75,96.25,KIA,3,2024-11-10
166874,25.75,96.75,KIA,3,2024-11-10
166875,25.75,97.25,KIA,3,2024-11-10
166876,25.75,97.75,KIA,3,2024-11-10
166877,25.75,98.25,Junta,0,2024-11-10
166878,25.75,98.75,Junta,0,2024-11-10
167591,26.25,95.25,Junta,0,2024-11-10
167592,26.25,95.75,KIA,3,2024-11-10
167593,26.25,96.25,KIA,3,2024-11-10
167594,26.25,96.75,KIA,3,2024-11-10
167595,26.25,97.25,KIA,3,2024-11-10
167596,26.25,97.75,KIA,3,2024-11-10
167597,26.25,98.25,KIA,3,2024-11-10
167598,26.25,98.75,Junta,0,2024-11-10
168311,26.75,95.25,Junta,0,2024-11-10
168312,26.75,95.75,Junta,0,2024-11-10
168313,26.75,96.25,KIA,3,2024-11-10
168314,26.75,96.75,KIA,3,2024-11-10
168315,26.75,97.25,KIA,3,2024-11-10
168316,26.75,97.75,KIA,3,2024-11-10
168317,26.75,98.25,KIA,3,2024-11-10
168318,26.75,98.75,Junta,0,2024-11-10
169033,27.25,96.25,KIA,3,2024-11-10
169034,27.25,96.75,KIA,3,2024-11-10
169035,27.25,97.25,KIA,3,2024-11-10
169036,27.25,97.75,KIA,3,2024-11-10
169037,27.25,98.25,Junta,0,2024-11-10
169038,27.25,98.75,Junta,0,2024-11-10
169754,27.75,96.75,KIA,3,2024-11-10
169755,27.75,97.25,Junta,0,2024-11-10
169756,27.75,97.75,Junta,0,2024-11-10
169757,27.75,98.25,Junta,0,2024-11-10
170475,28.25,97.25,Junta,0,2024-11-10
170476,28.25,97.75,Junta,0,2024-11-10
170477,28.25,98.25,Junta,0,2024-11-10
144558,10.25,98.75,Junta,0,2024-11-12
145277,10.75,98.25,Junta,0,2024-11-12
145278,10.75,98.75,Junta,0,2024-11-12
145998,11.25,98.75,Junta,0,2024-11-12
145999,11.25,99.25,PDF,2,2024-11-12
146717,11.75,98.25,Junta,0,2024-11-12
146718,11.75,98.75,PDF,2,2024-11-12
146719,11.75,99.25,PDF,2,2024-11-12
146720,11.75,99.75,Junta,0,2024-11-12
147437,12.25,98.25,Junta,0,2024-11-12
147438,12.25,98.75,Junta,0,2024-11-12
147439,12.25,99.25,PDF,2,2024-11-12
148157,12.75,98.25,Junta,0,2024-11-12
148158,12.75,98.75,Junta,0,2024-11-12
148159,12.75,99.25,PDF,2,2024-11-12
148878,13.25,98.75,Junta,0,2024-11-12
148879,13.25,99.25,PDF,2,2024-11-12
149597,13.75,98.25,Junta,0,2024-11-12
149598,13.75,98.75,Karen,4,2024-11-12
149599,13.75,99.25,Karen,4,2024-11-12
150317,14.25,98.25,Junta,0,2024-11-12
150318,14.25,98.75,Karen,4,2024-11-12
151036,14.75,97.75,Junta,0,2024-11-12
151037,14.75,98.25,Karen,4,2024-11-12
151756,15.25,97.75,Junta,0,2024-11-12
151757,15.25,98.25,Junta,0,2024-11-12
152471,15.75,95.25,Junta,0,2024-11-12
152472,15.75,95.75,Junta,0,2024-11-12
152476,15.75,97.75,Junta,0,2024-11-12
152477,15.75,98.25,Junta,0,2024-11-12
153189,16.25,94.25,Junta,0,2024-11-12
153190,16.25,94.75,Junta,0,2024-11-12
153191,16.25,95.25,Junta,0,2024-11-12
153192,16.25,95.75,Junta,0,2024-11-12
153193,16.25,96.25,Junta,0,2024-11-12
153196,16.25,97.75,Junta,0,2024-11-12
153197,16.25,98.25,Junta,0,2024-11-12
153198,16.25,98.75,Junta,0,2024-11-12
153909,16.75,94.25,Junta,0,2024-11-12
153910,16.75,94.75,Junta,0,2024-11-12
153911,16.75,95.25,Junta,0,2024-11-12
153912,16.75,95.75,Junta,0,2024-11-12
153913,16.75,96.25,Junta,0,2024-11-12
153914,16.75,96.75,Junta,0,2024-11-12
153915,16.75,97.25,Junta,0,2024-11-12
153916,16.75,97.75,Junta,0,2024-11-12
153917,16.75,98.25,Junta,0,2024-11-12
154630,17.25,94.75,Junta,0,2024-11-12
154631,17.25,95.25,Junta,0,2024-11-12
154632,17.25,95.75,Junta,0,2024-11-12
154633,17.25,96.25,Junta,0,2024-11-12
154634,17.25,96.75,Junta,0,2024-11-12
154635,17.25,97.25,Karen,4,2024-11-12
154636,17.25,97.75,Karen,4,2024-11-12
154637,17.25,98.25,Karen,4,2024-11-12
155350,17.75,94.75,Junta,0,2024-11-12
155351,17.75,95.25,Junta,0,2024-11-12
155352,17.75,95.75,Junta,0,2024-11-12
155353,17.75,96.25,Junta,0,2024-11-12
155354,17.75,96.75,Karen,4,2024-11-12
155355,17.75,97.25,Karen,4,2024-11-12
155356,17.75,97.75,Karen,4,2024-11-12
156069,18.25,94.25,Junta,0,2024-11-12
156070,18.25,94.75,Junta,0,2024-11-12
156071,18.25,95.25,Junta,0,2024-11-12
156072,18.25,95.75,Junta,0,2024-11-12
156073,18.25,96.25,PDF,2,2024-11-12
156074,18.25,96.75,Karen,4,2024-11-12
156075,18.25,97.25,Karen,4,2024-11-12
156076,18.25,97.75,Karen,4,2024-11-12
156788,18.75,93.75,Junta,0,2024-11-12
156789,18.75,94.25,Junta,0,2024-11-12
156790,18.75,94.75,Junta,0,2024-11-12
156791,18.75,95.25,Junta,0,2024-11-12
156792,18.75,95.75,PDF,2,2024-11-12
156793,18.75,96.25,PDF,2,2024-11-12
156794,18.75,96.75,Karen,4,2024-11-12
156795,18.75,97.25,Karenni,5,2024-11-12
156796,18.75,97.75,Karenni,5,2024-11-12
157508,19.25,93.75,Junta,0,2024-11-12
157509,19.25,94.25,Junta,0,2024-11-12
157510,19.25,94.75,Junta,0,2024-11-12
157511,19.25,95.25,Junta,0,2024-11-12
157512,19.25,95.75,Junta,0,2024-11-12
157513,19.25,96.25,Junta,0,2024-11-12
157514,19.25,96.75,Karen,4,2024-11-12
157515,19.25,97.25,Karenni,5,2024-11-12
157516,19.25,97.75,Karenni,5,2024-11-12
158228,19.75,93.75,AA,6,2024-11-12
158229,19.75,94.25,AA,6,2024-11-12
158230,19.75,94.75,Junta,0,2024-11-12
158231,19.75,95.25,Junta,0,2024-11-12
158232,19.75,95.75,Junta,0,2024-11-12
158233,19.75,96.25,Junta,0,2024-11-12
158234,19.75,96.75,Karenni,5,2024-11-12
158235,19.75,97.25,Karenni,5,2024-11-12
158236,19.75,97.75,Junta,0,2024-11-12
158237,19.75,98.25,Junta,0,2024-11-12
158238,19.75,98.75,Junta,0,2024-11-12
158946,20.25,92.75,Junta,0,2024-11-12
158947,20.25,93.25,Junta,0,2024-11-12
158948,20.25,93.75,AA,6,2024-11-12
158949,20.25,94.25,AA,6,2024-11-12
158950,20.25,94.75,Junta,0,2024-11-12
158951,20.25,95.25,Junta,0,2024-11-12
158952,20.25,95.75,Junta,0,2024-11-12
158953,20.25,96.25,Junta,0,2024-11-12
158954,20.25,96.75,Junta,0,2024-11-12
158955,20.25,97.25,Junta,0,2024-11-12
158956,20.25,97.75,Junta,0,2024-11-12
158957,20.25,98.25,Junta,0,2024-11-12
158958,20.25,98.75,Junta,0,2024-11-12
158959,20.25,99.25,Junta,0,2024-11-12
158960,20.25,99.75,Junta,0,2024-11-12
158961,20.25,100.25,Junta,0,2024-11-12
159665,20.75,92.25,Junta,0,2024-11-12
159666,20.75,92.75,AA,6,2024-11-12
159667,20.75,93.25,AA,6,2024-11-12
159668,20.75,93.75,AA,6,2024-11-12
159669,20.75,94.25,AA,6,2024-11-12
159670,20.75,94.75,Junta,0,2024-11-12
159671,20.75,95.25,Junta,0,2024-11-12
159672,20.75,95.75,Junta,0,2024-11-12
159673,20.75,96.25,Junta,0,2024-11-12
159674,20.75,96.75,Junta,0,2024-11-12
159675,20.75,97.25,Junta,0,2024-11-12
159676,20.75,97.75,Junta,0,2024-11-12
159677,20.75,98.25,Junta,0,2024-11-12
159678,20.75,98.75,Junta,0,2024-11-12
159679,20.75,99.25,Junta,0,2024-11-12
159680,20.75,99.75,Junta,0,2024-11-12
159681,20.75,100.25,Junta,0,2024-11-12
160385,21.25,92.25,AA,6,2024-11-12
160386,21.25,92.75,AA,6,2024-11-12
160387,21.25,93.25,Chin Resistance,9,2024-11-12
160388,21.25,93.75,Chin Resistance,9,2024-11-12
160389,21.25,94.25,PDF,2,2024-11-12
160390,21.25,94.75,Junta,0,2024-11-12
160391,21.25,95.25,Junta,0,2024-11-12
160392,21.25,95.75,Junta,0,2024-11-12
160393,21.25,96.25,Junta,0,2024-11-12
160394,21.25,96.75,Junta,0,2024-11-12
160395,21.25,97.25,SSPP,12,2024-11-12
160396,21.25,97.75,SSPP,12,2024-11-12
160397,21.25,98.25,Junta,0,2024-11-12
160398,21.25,98.75,Junta,0,2024-11-12
160399,21.25,99.25,Junta,0,2024-11-12
160400,21.25,99.75,Junta,0,2024-11-12
160401,21.25,100.25,Junta,0,2024-11-12
160402,21.25,100.75,Junta,0,2024-11-12
161105,21.75,92.25,AA,6,2024-11-12
161106,21.75,92.75,AA,6,2024-11-12
161107,21.75,93.25,Chin Resistance,9,2024-11-12
161108,21.75,93.75,Chin Resistance,9,2024-11-12
161109,21.75,94.25,Chin Resistance,9,2024-11-12
161110,21.75,94.75,Junta,0,2024-11-12
161111,21.75,95.25,PDF,2,2024-11-12
161112,21.75,95.75,Junta,0,2024-11-12
161113,21.75,96.25,Junta,0,2024-11-12
161114,21.75,96.75,Junta,0,2024-11-12
161115,21.75,97.25,SSPP,12,2024-11-12
161116,21.75,97.75,SSPP,12,2024-11-12
161117,21.75,98.25,SSPP,12,2024-11-12
161118,21.75,98.75,Junta,0,2024-11-12
161119,21.75,99.25,Junta,0,2024-11-12
161120,21.75,99.75,NDAA,14,2024-11-12
161121,21.75,100.25,NDAA,14,2024-11-12
161122,21.75,100.75,NDAA,14,2024-11-12
161123,21.75,101.25,Junta,0,2024-11-12
161826,22.25,92.75,AA,6,2024-11-12
161827,22.25,93.25,Chin Resistance,9,2024-11-12
161828,22.25,93.75,Chin Resistance,9,2024-11-12
161829,22.25,94.25,Junta,0,2024-11-12
161830,22.25,94.75,Junta,0,2024-11-12
161831,22.25,95.25,Junta,0,2024-11-12
161832,22.25,95.75,Junta,0,2024-11-12
161833,22.25,96.25,Junta,0,2024-11-12
161834,22.25,96.75,Junta,0,2024-11-12
161835,22.25,97.25,SSPP,12,2024-11-12
161836,22.25,97.75,SSPP,12,2024-11-12
161837,22.25,98.25,SSPP,12,2024-11-12
161838,22.25,98.75,SSPP,12,2024-11-12
161839,22.25,99.25,UWSA,15,2024-11-12
161840,22.25,99.75,UWSA,15,2024-11-12
162547,22.75,93.25,Chin Resistance,9,2024-11-12
162548,22.75,93.75,Chin Resistance,9,2024-11-12
162549,22.75,94.25,Junta,0,2024-11-12
162550,22.75,94.75,Junta,0,2024-11-12
162551,22.75,95.25,Junta,0,2024-11-12
162552,22.75,95.75,Junta,0,2024-11-12
162553,22.75,96.25,Junta,0,2024-11-12
162554,22.75,96.75,Junta,0,2024-11-12
162555,22.75,97.25,Junta,0,2024-11-12
162556,22.75,97.75,Junta,0,2024-11-12
162557,22.75,98.25,SSPP,12,2024-11-12
162558,22.75,98.75,SSPP,12,2024-11-12
162559,22.75,99.25,UWSA,15,2024-11-12
163267,23.25,93.25,Chin Resistance,9,2024-11-12
163268,23.25,93.75,Chin Resistance,9,2024-11-12
163269,23.25,94.25,Junta,0,2024-11-12
163270,23.25,94.75,Junta,0,2024-11-12
163271,23.25,95.25,Junta,0,2024-11-12
163272,23.25,95.75,Junta,0,2024-11-12
163273,23.25,96.25,Junta,0,2024-11-12
163274,23.25,96.75,KIA,3,2024-11-12
163275,23.25,97.25,Junta,0,2024-11-12
163276,23.25,97.75,Junta,0,2024-11-12
163277,23.25,98.25,Junta,0,2024-11-12
163278,23.25,98.75,UWSA,15,2024-11-12
163279,23.25,99.25,UWSA,15,2024-11-12
163987,23.75,93.25,Chin Resistance,9,2024-11-12
163988,23.75,93.75,Chin Resistance,9,2024-11-12
163989,23.75,94.25,Chin Resistance,9,2024-11-12
163990,23.75,94.75,Junta,0,2024-11-12
163991,23.75,95.25,Junta,0,2024-11-12
163992,23.75,95.75,Junta,0,2024-11-12
163993,23.75,96.25,Junta,0,2024-11-12
163994,23.75,96.75,KIA,3,2024-11-12
163995,23.75,97.25,KIA,3,2024-11-12
163996,23.75,97.75,KIA,3,2024-11-12
163997,23.75,98.25,KIA,3,2024-11-12
163998,23.75,98.75,Junta,0,2024-11-12
164707,24.25,93.25,Chin Resistance,9,2024-11-12
164708,24.25,93.75,Chin Resistance,9,2024-11-12
164709,24.25,94.25,Junta,0,2024-11-12
164710,24.25,94.75,Junta,0,2024-11-12
164711,24.25,95.25,Junta,0,2024-11-12
164712,24.25,95.75,KIA,3,2024-11-12
164713,24.25,96.25,KIA,3,2024-11-12
164714,24.25,96.75,KIA,3,2024-11-12
164715,24.25,97.25,KIA,3,2024-11-12
164716,24.25,97.75,Junta,0,2024-11-12
164717,24.25,98.25,Junta,0,2024-11-12
164718,24.25,98.75,Junta,0,2024-11-12
165430,24.75,94.75,Junta,0,2024-11-12
165431,24.75,95.25,KIA,3,2024-11-12
165432,24.75,95.75,KIA,3,2024-11-12
165433,24.75,96.25,KIA,3,2024-11-12
165434,24.75,96.75,KIA,3,2024-11-12
165435,24.75,97.25,KIA,3,2024-11-12
165436,24.75,97.75,Junta,0,2024-11-12
166150,25.25,94.75,Junta,0,2024-11-12
166151,25.25,95.25,Junta,0,2024-11-12
166152,25.25,95.75,KIA,3,2024-11-12
166153,25.25,96.25,KIA,3,2024-11-12
166154,25.25,96.75,KIA,3,2024-11-12
166155,25.25,97.25,KIA,3,2024-11-12
166156,25.25,97.75,Junta,0,2024-11-12
166870,25.75,94.75,Junta,0,2024-11-12
166871,25.75,95.25,Junta,0,2024-11-12
166872,25.75,95.75,KIA,3,2024-11-12
166873,25.75,96.25,KIA,3,2024-11-12
166874,25.75,96.75,KIA,3,2024-11-12
166875,25.75,97.25,KIA,3,2024-11-12
166876,25.75,97.75,KIA,3,2024-11-12
166877,25.75,98.25,Junta,0,2024-11-12
166878,25.75,98.75,Junta,0,2024-11-12
167591,26.25,95.25,Junta,0,2024-11-12
167592,26.25,95.75,KIA,3,2024-11-12
167593,26.25,96.25,KIA,3,2024-11-12
167594,26.25,96.75,KIA,3,2024-11-12
167595,26.25,97.25,KIA,3,2024-11-12
167596,26.25,97.75,KIA,3,2024-11-12
167597,26.25,98.25,KIA,3,2024-11-12
167598,26.25,98.75,Junta,0,2024-11-12
168311,26.75,95.25,Junta,0,2024-11-12
168312,26.75,95.75,Junta,0,2024-11-12
168313,26.75,96.25,KIA,3,2024-11-12
168314,26.75,96.75,KIA,3,2024-11-12
168315,26.75,97.25,KIA,3,2024-11-12
168316,26.75,97.75,KIA,3,2024-11-12
168317,26.75,98.25,KIA,3,2024-11-12
168318,26.75,98.75,Junta,0,2024-11-12
169033,27.25,96.25,KIA,3,2024-11-12
169034,27.25,96.75,KIA,3,2024-11-12
169035,27.25,97.25,KIA,3,2024-11-12
169036,27.25,97.75,KIA,3,2024-11-12
169037,27.25,98.25,Junta,0,2024-11-12
169038,27.25,98.75,Junta,0,2024-11-12
169754,27.75,96.75,KIA,3,2024-11-12
169755,27.75,97.25,Junta,0,2024-11-12
169756,27.75,97.75,Junta,0,2024-11-12
169757,27.75,98.25,Junta,0,2024-11-12
170475,28.25,97.25,Junta,0,2024-11-12
170476,28.25,97.75,Junta,0,2024-11-12
170477,28.25,98.25,Junta,0,2024-11-12
144558,10.25,98.75,Junta,0,2024-12-03
145277,10.75,98.25,Junta,0,2024-12-03
145278,10.75,98.75,Junta,0,2024-12-03
145998,11.25,98.75,Junta,0,2024-12-03
145999,11.25,99.25,PDF,2,2024-12-03
146717,11.75,98.25,Junta,0,2024-12-03
146718,11.75,98.75,PDF,2,2024-12-03
146719,11.75,99.25,PDF,2,2024-12-03
146720,11.75,99.75,Junta,0,2024-12-03
147437,12.25,98.25,Junta,0,2024-12-03
147438,12.25,98.75,Junta,0,2024-12-03
147439,12.25,99.25,PDF,2,2024-12-03
148157,12.75,98.25,Junta,0,2024-12-03
148158,12.75,98.75,Junta,0,2024-12-03
148159,12.75,99.25,PDF,2,2024-12-03
148878,13.25,98.75,Junta,0,2024-12-03
148879,13.25,99.25,PDF,2,2024-12-03
149597,13.75,98.25,Junta,0,2024-12-03
149598,13.75,98.75,Karen,4,2024-12-03
149599,13.75,99.25,Karen,4,2024-12-03
150317,14.25,98.25,Junta,0,2024-12-03
150318,14.25,98.75,Karen,4,2024-12-03
151036,14.75,97.75,Junta,0,2024-12-03
151037,14.75,98.25,Karen,4,2024-12-03
151756,15.25,97.75,Junta,0,2024-12-03
151757,15.25,98.25,Junta,0,2024-12-03
152471,15.75,95.25,Junta,0,2024-12-03
152472,15.75,95.75,Junta,0,2024-12-03
152476,15.75,97.75,Junta,0,2024-12-03
152477,15.75,98.25,Junta,0,2024-12-03
153189,16.25,94.25,Junta,0,2024-12-03
153190,16.25,94.75,Junta,0,2024-12-03
153191,16.25,95.25,Junta,0,2024-12-03
153192,16.25,95.75,Junta,0,2024-12-03
153193,16.25,96.25,Junta,0,2024-12-03
153196,16.25,97.75,Junta,0,2024-12-03
153197,16.25,98.25,Junta,0,2024-12-03
153198,16.25,98.75,Junta,0,2024-12-03
153909,16.75,94.25,Junta,0,2024-12-03
153910,16.75,94.75,Junta,0,2024-12-03
153911,16.75,95.25,Junta,0,2024-12-03
153912,16.75,95.75,Junta,0,2024-12-03
153913,16.75,96.25,Junta,0,2024-12-03
153914,16.75,96.75,Junta,0,2024-12-03
153915,16.75,97.25,Junta,0,2024-12-03
153916,16.75,97.75,Junta,0,2024-12-03
153917,16.75,98.25,Junta,0,2024-12-03
154630,17.25,94.75,Junta,0,2024-12-03
154631,17.25,95.25,Junta,0,2024-12-03
154632,17.25,95.75,Junta,0,2024-12-03
154633,17.25,96.25,Junta,0,2024-12-03
154634,17.25,96.75,Junta,0,2024-12-03
154635,17.25,97.25,Karen,4,2024-12-03
154636,17.25,97.75,Karen,4,2024-12-03
154637,17.25,98.25,Karen,4,2024-12-03
155350,17.75,94.75,Junta,0,2024-12-03
155351,17.75,95.25,Junta,0,2024-12-03
155352,17.75,95.75,Junta,0,2024-12-03
155353,17.75,96.25,Junta,0,2024-12-03
155354,17.75,96.75,Karen,4,2024-12-03
155355,17.75,97.25,Karen,4,2024-12-03
155356,17.75,97.75,Karen,4,2024-12-03
156069,18.25,94.25,Junta,0,2024-12-03
156070,18.25,94.75,Junta,0,2024-12-03
156071,18.25,95.25,Junta,0,2024-12-03
156072,18.25,95.75,Junta,0,2024-12-03
156073,18.25,96.25,PDF,2,2024-12-03
156074,18.25,96.75,Karen,4,2024-12-03
156075,18.25,97.25,Karen,4,2024-12-03
156076,18.25,97.75,Karen,4,2024-12-03
156788,18.75,93.75,Junta,0,2024-12-03
156789,18.75,94.25,Junta,0,2024-12-03
156790,18.75,94.75,Junta,0,2024-12-03
156791,18.75,95.25,Junta,0,2024-12-03
156792,18.75,95.75,PDF,2,2024-12-03
156793,18.75,96.25,PDF,2,2024-12-03
156794,18.75,96.75,Karen,4,2024-12-03
156795,18.75,97.25,Karenni,5,2024-12-03
156796,18.75,97.75,Karenni,5,2024-12-03
157508,19.25,93.75,Junta,0,2024-12-03
157509,19.25,94.25,Junta,0,2024-12-03
157510,19.25,94.75,Junta,0,2024-12-03
157511,19.25,95.25,Junta,0,2024-12-03
157512,19.25,95.75,Junta,0,2024-12-03
157513,19.25,96.25,Junta,0,2024-12-03
157514,19.25,96.75,Karen,4,2024-12-03
157515,19.25,97.25,Karenni,5,2024-12-03
157516,19.25,97.75,Karenni,5,2024-12-03
158228,19.75,93.75,AA,6,2024-12-03
158229,19.75,94.25,AA,6,2024-12-03
158230,19.75,94.75,Junta,0,2024-12-03
158231,19.75,95.25,Junta,0,2024-12-03
158232,19.75,95.75,Junta,0,2024-12-03
158233,19.75,96.25,Junta,0,2024-12-03
158234,19.75,96.75,Karenni,5,2024-12-03
158235,19.75,97.25,Karenni,5,2024-12-03
158236,19.75,97.75,Junta,0,2024-12-03
158237,19.75,98.25,Junta,0,2024-12-03
158238,19.75,98.75,Junta,0,2024-12-03
158946,20.25,92.75,Junta,0,2024-12-03
158947,20.25,93.25,Junta,0,2024-12-03
158948,20.25,93.75,AA,6,2024-12-03
158949,20.25,94.25,AA,6,2024-12-03
158950,20.25,94.75,Junta,0,2024-12-03
158951,20.25,95.25,Junta,0,2024-12-03
158952,20.25,95.75,Junta,0,2024-12-03
158953,20.25,96.25,Junta,0,2024-12-03
158954,20.25,96.75,Junta,0,2024-12-03
158955,20.25,97.25,Junta,0,2024-12-03
158956,20.25,97.75,Junta,0,2024-12-03
158957,20.25,98.25,Junta,0,2024-12-03
158958,20.25,98.75,Junta,0,2024-12-03
158959,20.25,99.25,Junta,0,2024-12-03
158960,20.25,99.75,Junta,0,2024-12-03
158961,20.25,100.25,Junta,0,2024-12-03
159665,20.75,92.25,Junta,0,2024-12-03
159666,20.75,92.75,AA,6,2024-12-03
159667,20.75,93.25,AA,6,2024-12-03
159668,20.75,93.75,AA,6,2024-12-03
159669,20.75,94.25,AA,6,2024-12-03
159670,20.75,94.75,Junta,0,2024-12-03
159671,20.75,95.25,Junta,0,2024-12-03
159672,20.75,95.75,Junta,0,2024-12-03
159673,20.75,96.25,Junta,0,2024-12-03
159674,20.75,96.75,Junta,0,2024-12-03
159675,20.75,97.25,Junta,0,2024-12-03
159676,20.75,97.75,Junta,0,2024-12-03
159677,20.75,98.25,Junta,0,2024-12-03
159678,20.75,98.75,Junta,0,2024-12-03
159679,20.75,99.25,Junta,0,2024-12-03
159680,20.75,99.75,Junta,0,2024-12-03
159681,20.75,100.25,Junta,0,2024-12-03
160385,21.25,92.25,AA,6,2024-12-03
160386,21.25,92.75,AA,6,2024-12-03
160387,21.25,93.25,Chin Resistance,9,2024-12-03
160388,21.25,93.75,Chin Resistance,9,2024-12-03
160389,21.25,94.25,PDF,2,2024-12-03
160390,21.25,94.75,Junta,0,2024-12-03
160391,21.25,95.25,Junta,0,2024-12-03
160392,21.25,95.75,Junta,0,2024-12-03
160393,21.25,96.25,Junta,0,2024-12-03
160394,21.25,96.75,Junta,0,2024-12-03
160395,21.25,97.25,SSPP,12,2024-12-03
160396,21.25,97.75,SSPP,12,2024-12-03
160397,21.25,98.25,Junta,0,2024-12-03
160398,21.25,98.75,Junta,0,2024-12-03
160399,21.25,99.25,Junta,0,2024-12-03
160400,21.25,99.75,Junta,0,2024-12-03
160401,21.25,100.25,Junta,0,2024-12-03
160402,21.25,100.75,Junta,0,2024-12-03
161105,21.75,92.25,AA,6,2024-12-03
161106,21.75,92.75,AA,6,2024-12-03
161107,21.75,93.25,Chin Resistance,9,2024-12-03
161108,21.75,93.75,Chin Resistance,9,2024-12-03
161109,21.75,94.25,Chin Resistance,9,2024-12-03
161110,21.75,94.75,PDF,2,2024-12-03
161111,21.75,95.25,PDF,2,2024-12-03
161112,21.75,95.75,Junta,0,2024-12-03
161113,21.75,96.25,Junta,0,2024-12-03
161114,21.75,96.75,Junta,0,2024-12-03
161115,21.75,97.25,SSPP,12,2024-12-03
161116,21.75,97.75,SSPP,12,2024-12-03
161117,21.75,98.25,SSPP,12,2024-12-03
161118,21.75,98.75,Junta,0,2024-12-03
161119,21.75,99.25,Junta,0,2024-12-03
161120,21.75,99.75,NDAA,14,2024-12-03
161121,21.75,100.25,NDAA,14,2024-12-03
161122,21.75,100.75,NDAA,14,2024-12-03
161123,21.75,101.25,Junta,0,2024-12-03
161826,22.25,92.75,AA,6,2024-12-03
161827,22.25,93.25,Chin Resistance,9,2024-12-03
161828,22.25,93.75,Chin Resistance,9,2024-12-03
161829,22.25,94.25,Junta,0,2024-12-03
161830,22.25,94.75,Junta,0,2024-12-03
161831,22.25,95.25,Junta,0,2024-12-03
161832,22.25,95.75,Junta,0,2024-12-03
161833,22.25,96.25,Junta,0,2024-12-03
161834,22.25,96.75,Junta,0,2024-12-03
161835,22.25,97.25,SSPP,12,2024-12-03
161836,22.25,97.75,SSPP,12,2024-12-03
161837,22.25,98.25,SSPP,12,2024-12-03
161838,22.25,98.75,SSPP,12,2024-12-03
161839,22.25,99.25,UWSA,15,2024-12-03
161840,22.25,99.75,UWSA,15,2024-12-03
162547,22.75,93.25,Chin Resistance,9,2024-12-03
162548,22.75,93.75,Chin Resistance,9,2024-12-03
162549,22.75,94.25,Junta,0,2024-12-03
162550,22.75,94.75,Junta,0,2024-12-03
162551,22.75,95.25,Junta,0,2024-12-03
162552,22.75,95.75,Junta,0,2024-12-03
162553,22.75,96.25,Junta,0,2024-12-03
162554,22.75,96.75,Junta,0,2024-12-03
162555,22.75,97.25,Junta,0,2024-12-03
162556,22.75,97.75,Junta,0,2024-12-03
162557,22.75,98.25,SSPP,12,2024-12-03
162558,22.75,98.75,SSPP,12,2024-12-03
162559,22.75,99.25,UWSA,15,2024-12-03
163267,23.25,93.25,Chin Resistance,9,2024-12-03
163268,23.25,93.75,Chin Resistance,9,2024-12-03
163269,23.25,94.25,Junta,0,2024-12-03
163270,23.25,94.75,Junta,0,2024-12-03
163271,23.25,95.25,Junta,0,2024-12-03
163272,23.25,95.75,Junta,0,2024-12-03
163273,23.25,96.25,Junta,0,2024-12-03
163274,23.25,96.75,KIA,3,2024-12-03
163275,23.25,97.25,Junta,0,2024-12-03
163276,23.25,97.75,Junta,0,2024-12-03
163277,23.25,98.25,Junta,0,2024-12-03
163278,23.25,98.75,UWSA,15,2024-12-03
163279,23.25,99.25,UWSA,15,2024-12-03
163987,23.75,93.25,Chin Resistance,9,2024-12-03
163988,23.75,93.75,Chin Resistance,9,2024-12-03
163989,23.75,94.25,Chin Resistance,9,2024-12-03
163990,23.75,94.75,Junta,0,2024-12-03
163991,23.75,95.25,Junta,0,2024-12-03
163992,23.75,95.75,Junta,0,2024-12-03
163993,23.75,96.25,Junta,0,2024-12-03
163994,23.75,96.75,KIA,3,2024-12-03
163995,23.75,97.25,KIA,3,2024-12-03
163996,23.75,97.75,KIA,3,2024-12-03
163997,23.75,98.25,KIA,3,2024-12-03
163998,23.75,98.75,Junta,0,2024-12-03
164707,24.25,93.25,Chin Resistance,9,2024-12-03
164708,24.25,93.75,Chin Resistance,9,2024-12-03
164709,24.25,94.25,Junta,0,2024-12-03
164710,24.25,94.75,Junta,0,2024-12-03
164711,24.25,95.25,Junta,0,2024-12-03
164712,24.25,95.75,KIA,3,2024-12-03
164713,24.25,96.25,KIA,3,2024-12-03
164714,24.25,96.75,KIA,3,2024-12-03
164715,24.25,97.25,KIA,3,2024-12-03
164716,24.25,97.75,Junta,0,2024-12-03
164717,24.25,98.25,Junta,0,2024-12-03
164718,24.25,98.75,Junta,0,2024-12-03
165430,24.75,94.75,Junta,0,2024-12-03
165431,24.75,95.25,KIA,3,2024-12-03
165432,24.75,95.75,KIA,3,2024-12-03
165433,24.75,96.25,KIA,3,2024-12-03
165434,24.75,96.75,KIA,3,2024-12-03
165435,24.75,97.25,KIA,3,2024-12-03
165436,24.75,97.75,Junta,0,2024-12-03
166150,25.25,94.75,Junta,0,2024-12-03
166151,25.25,95.25,Junta,0,2024-12-03
166152,25.25,95.75,KIA,3,2024-12-03
166153,25.25,96.25,KIA,3,2024-12-03
166154,25.25,96.75,KIA,3,2024-12-03
166155,25.25,97.25,KIA,3,2024-12-03
166156,25.25,97.75,Junta,0,2024-12-03
166870,25.75,94.75,Junta,0,2024-12-03
166871,25.75,95.25,Junta,0,2024-12-03
166872,25.75,95.75,KIA,3,2024-12-03
166873,25.75,96.25,KIA,3,2024-12-03
166874,25.75,96.75,KIA,3,2024-12-03
166875,25.75,97.25,KIA,3,2024-12-03
166876,25.75,97.75,KIA,3,2024-12-03
166877,25.75,98.25,Junta,0,2024-12-03
166878,25.75,98.75,Junta,0,2024-12-03
167591,26.25,95.25,Junta,0,2024-12-03
167592,26.25,95.75,KIA,3,2024-12-03
167593,26.25,96.25,KIA,3,2024-12-03
167594,26.25,96.75,KIA,3,2024-12-03
167595,26.25,97.25,KIA,3,2024-12-03
167596,26.25,97.75,KIA,3,2024-12-03
167597,26.25,98.25,KIA,3,2024-12-03
167598,26.25,98.75,Junta,0,2024-12-03
168311,26.75,95.25,Junta,0,2024-12-03
168312,26.75,95.75,Junta,0,2024-12-03
168313,26.75,96.25,KIA,3,2024-12-03
168314,26.75,96.75,KIA,3,2024-12-03
168315,26.75,97.25,KIA,3,2024-12-03
168316,26.75,97.75,KIA,3,2024-12-03
168317,26.75,98.25,KIA,3,2024-12-03
168318,26.75,98.75,Junta,0,2024-12-03
169033,27.25,96.25,KIA,3,2024-12-03
169034,27.25,96.75,KIA,3,2024-12-03
169035,27.25,97.25,KIA,3,2024-12-03
169036,27.25,97.75,KIA,3,2024-12-03
169037,27.25,98.25,Junta,0,2024-12-03
169038,27.25,98.75,Junta,0,2024-12-03
169754,27.75,96.75,KIA,3,2024-12-03
169755,27.75,97.25,Junta,0,2024-12-03
169756,27.75,97.75,Junta,0,2024-12-03
169757,27.75,98.25,Junta,0,2024-12-03
170475,28.25,97.25,Junta,0,2024-12-03
170476,28.25,97.75,Junta,0,2024-12-03
170477,28.25,98.25,Junta,0,2024-12-03
144558,10.25,98.75,Junta,0,2024-12-16
145277,10.75,98.25,Junta,0,2024-12-16
145278,10.75,98.75,Junta,0,2024-12-16
145998,11.25,98.75,Junta,0,2024-12-16
145999,11.25,99.25,PDF,2,2024-12-16
146717,11.75,98.25,Junta,0,2024-12-16
146718,11.75,98.75,PDF,2,2024-12-16
146719,11.75,99.25,PDF,2,2024-12-16
146720,11.75,99.75,Junta,0,2024-12-16
147437,12.25,98.25,Junta,0,2024-12-16
147438,12.25,98.75,Junta,0,2024-12-16
147439,12.25,99.25,PDF,2,2024-12-16
148157,12.75,98.25,Junta,0,2024-12-16
148158,12.75,98.75,Junta,0,2024-12-16
148159,12.75,99.25,PDF,2,2024-12-16
148878,13.25,98.75,Junta,0,2024-12-16
148879,13.25,99.25,PDF,2,2024-12-16
149597,13.75,98.25,Junta,0,2024-12-16
149598,13.75,98.75,Karen,4,2024-12-16
149599,13.75,99.25,Karen,4,2024-12-16
150317,14.25,98.25,Junta,0,2024-12-16
150318,14.25,98.75,Karen,4,2024-12-16
151036,14.75,97.75,Junta,0,2024-12-16
151037,14.75,98.25,Karen,4,2024-12-16
151756,15.25,97.75,Junta,0,2024-12-16
151757,15.25,98.25,Junta,0,2024-12-16
152471,15.75,95.25,Junta,0,2024-12-16
152472,15.75,95.75,Junta,0,2024-12-16
152476,15.75,97.75,Junta,0,2024-12-16
152477,15.75,98.25,Junta,0,2024-12-16
153189,16.25,94.25,Junta,0,2024-12-16
153190,16.25,94.75,Junta,0,2024-12-16
153191,16.25,95.25,Junta,0,2024-12-16
153192,16.25,95.75,Junta,0,2024-12-16
153193,16.25,96.25,Junta,0,2024-12-16
153196,16.25,97.75,Junta,0,2024-12-16
153197,16.25,98.25,Junta,0,2024-12-16
153198,16.25,98.75,Junta,0,2024-12-16
153909,16.75,94.25,Junta,0,2024-12-16
153910,16.75,94.75,Junta,0,2024-12-16
153911,16.75,95.25,Junta,0,2024-12-16
153912,16.75,95.75,Junta,0,2024-12-16
153913,16.75,96.25,Junta,0,2024-12-16
153914,16.75,96.75,Junta,0,2024-12-16
153915,16.75,97.25,Junta,0,2024-12-16
153916,16.75,97.75,Junta,0,2024-12-16
153917,16.75,98.25,Junta,0,2024-12-16
154630,17.25,94.75,Junta,0,2024-12-16
154631,17.25,95.25,Junta,0,2024-12-16
154632,17.25,95.75,Junta,0,2024-12-16
154633,17.25,96.25,Junta,0,2024-12-16
154634,17.25,96.75,Junta,0,2024-12-16
154635,17.25,97.25,Karen,4,2024-12-16
154636,17.25,97.75,Karen,4,2024-12-16
154637,17.25,98.25,Karen,4,2024-12-16
155350,17.75,94.75,Junta,0,2024-12-16
155351,17.75,95.25,Junta,0,2024-12-16
155352,17.75,95.75,Junta,0,2024-12-16
155353,17.75,96.25,Junta,0,2024-12-16
155354,17.75,96.75,Karen,4,2024-12-16
155355,17.75,97.25,Karen,4,2024-12-16
155356,17.75,97.75,Karen,4,2024-12-16
156069,18.25,94.25,Junta,0,2024-12-16
156070,18.25,94.75,Junta,0,2024-12-16
156071,18.25,95.25,Junta,0,2024-12-16
156072,18.25,95.75,Junta,0,2024-12-16
156073,18.25,96.25,PDF,2,2024-12-16
156074,18.25,96.75,Karen,4,2024-12-16
156075,18.25,97.25,Karen,4,2024-12-16
156076,18.25,97.75,Karen,4,2024-12-16
156788,18.75,93.75,Junta,0,2024-12-16
156789,18.75,94.25,Junta,0,2024-12-16
156790,18.75,94.75,Junta,0,2024-12-16
156791,18.75,95.25,Junta,0,2024-12-16
156792,18.75,95.75,PDF,2,2024-12-16
156793,18.75,96.25,PDF,2,2024-12-16
156794,18.75,96.75,Karen,4,2024-12-16
156795,18.75,97.25,Karenni,5,2024-12-16
156796,18.75,97.75,Karenni,5,2024-12-16
157508,19.25,93.75,Junta,0,2024-12-16
157509,19.25,94.25,Junta,0,2024-12-16
157510,19.25,94.75,Junta,0,2024-12-16
157511,19.25,95.25,Junta,0,2024-12-16
157512,19.25,95.75,Junta,0,2024-12-16
157513,19.25,96.25,Junta,0,2024-12-16
157514,19.25,96.75,Karen,4,2024-12-16
157515,19.25,97.25,Karenni,5,2024-12-16
157516,19.25,97.75,Karenni,5,2024-12-16
158228,19.75,93.75,AA,6,2024-12-16
158229,19.75,94.25,AA,6,2024-12-16
158230,19.75,94.75,Junta,0,2024-12-16
158231,19.75,95.25,Junta,0,2024-12-16
158232,19.75,95.75,Junta,0,2024-12-16
158233,19.75,96.25,Junta,0,2024-12-16
158234,19.75,96.75,Karenni,5,2024-12-16
158235,19.75,97.25,Karenni,5,2024-12-16
158236,19.75,97.75,Junta,0,2024-12-16
158237,19.75,98.25,Junta,0,2024-12-16
158238,19.75,98.75,Junta,0,2024-12-16
158946,20.25,92.75,Junta,0,2024-12-16
158947,20.25,93.25,Junta,0,2024-12-16
158948,20.25,93.75,AA,6,2024-12-16
158949,20.25,94.25,AA,6,2024-12-16
158950,20.25,94.75,Junta,0,2024-12-16
158951,20.25,95.25,Junta,0,2024-12-16
158952,20.25,95.75,Junta,0,2024-12-16
158953,20.25,96.25,Junta,0,2024-12-16
158954,20.25,96.75,Junta,0,2024-12-16
158955,20.25,97.25,Junta,0,2024-12-16
158956,20.25,97.75,Junta,0,2024-12-16
158957,20.25,98.25,Junta,0,2024-12-16
158958,20.25,98.75,Junta,0,2024-12-16
158959,20.25,99.25,Junta,0,2024-12-16
158960,20.25,99.75,Junta,0,2024-12-16
158961,20.25,100.25,Junta,0,2024-12-16
159665,20.75,92.25,Junta,0,2024-12-16
159666,20.75,92.75,AA,6,2024-12-16
159667,20.75,93.25,AA,6,2024-12-16
159668,20.75,93.75,AA,6,2024-12-16
159669,20.75,94.25,AA,6,2024-12-16
159670,20.75,94.75,Junta,0,2024-12-16
159671,20.75,95.25,Junta,0,2024-12-16
159672,20.75,95.75,Junta,0,2024-12-16
159673,20.75,96.25,Junta,0,2024-12-16
159674,20.75,96.75,Junta,0,2024-12-16
159675,20.75,97.25,Junta,0,2024-12-16
159676,20.75,97.75,Junta,0,2024-12-16
159677,20.75,98.25,Junta,0,2024-12-16
159678,20.75,98.75,Junta,0,2024-12-16
159679,20.75,99.25,Junta,0,2024-12-16
159680,20.75,99.75,Junta,0,2024-12-16
159681,20.75,100.25,Junta,0,2024-12-16
160385,21.25,92.25,AA,6,2024-12-16
160386,21.25,92.75,AA,6,2024-12-16
160387,21.25,93.25,Chin Resistance,9,2024-12-16
160388,21.25,93.75,Chin Resistance,9,2024-12-16
160389,21.25,94.25,PDF,2,2024-12-16
160390,21.25,94.75,Junta,0,2024-12-16
160391,21.25,95.25,Junta,0,2024-12-16
160392,21.25,95.75,Junta,0,2024-12-16
160393,21.25,96.25,Junta,0,2024-12-16
160394,21.25,96.75,Junta,0,2024-12-16
160395,21.25,97.25,SSPP,12,2024-12-16
160396,21.25,97.75,SSPP,12,2024-12-16
160397,21.25,98.25,Junta,0,2024-12-16
160398,21.25,98.75,Junta,0,2024-12-16
160399,21.25,99.25,Junta,0,2024-12-16
160400,21.25,99.75,Junta,0,2024-12-16
160401,21.25,100.25,Junta,0,2024-12-16
160402,21.25,100.75,Junta,0,2024-12-16
161105,21.75,92.25,AA,6,2024-12-16
161106,21.75,92.75,AA,6,2024-12-16
161107,21.75,93.25,Chin Resistance,9,2024-12-16
161108,21.75,93.75,Chin Resistance,9,2024-12-16
161109,21.75,94.25,Chin Resistance,9,2024-12-16
161110,21.75,94.75,PDF,2,2024-12-16
161111,21.75,95.25,PDF,2,2024-12-16
161112,21.75,95.75,Junta,0,2024-12-16
161113,21.75,96.25,Junta,0,2024-12-16
161114,21.75,96.75,Junta,0,2024-12-16
161115,21.75,97.25,SSPP,12,2024-12-16
161116,21.75,97.75,SSPP,12,2024-12-16
161117,21.75,98.25,SSPP,12,2024-12-16
161118,21.75,98.75,Junta,0,2024-12-16
161119,21.75,99.25,Junta,0,2024-12-16
161120,21.75,99.75,NDAA,14,2024-12-16
161121,21.75,100.25,NDAA,14,2024-12-16
161122,21.75,100.75,NDAA,14,2024-12-16
161123,21.75,101.25,Junta,0,2024-12-16
161826,22.25,92.75,AA,6,2024-12-16
161827,22.25,93.25,Chin Resistance,9,2024-12-16
161828,22.25,93.75,Chin Resistance,9,2024-12-16
161829,22.25,94.25,Junta,0,2024-12-16
161830,22.25,94.75,Junta,0,2024-12-16
161831,22.25,95.25,Junta,0,2024-12-16
161832,22.25,95.75,Junta,0,2024-12-16
161833,22.25,96.25,Junta,0,2024-12-16
161834,22.25,96.75,Junta,0,2024-12-16
161835,22.25,97.25,SSPP,12,2024-12-16
161836,22.25,97.75,SSPP,12,2024-12-16
161837,22.25,98.25,SSPP,12,2024-12-16
161838,22.25,98.75,SSPP,12,2024-12-16
161839,22.25,99.25,UWSA,15,2024-12-16
161840,22.25,99.75,UWSA,15,2024-12-16
162547,22.75,93.25,Chin Resistance,9,2024-12-16
162548,22.75,93.75,Chin Resistance,9,2024-12-16
162549,22.75,94.25,Junta,0,2024-12-16
162550,22.75,94.75,Junta,0,2024-12-16
162551,22.75,95.25,Junta,0,2024-12-16
162552,22.75,95.75,Junta,0,2024-12-16
162553,22.75,96.25,Junta,0,2024-12-16
162554,22.75,96.75,Junta,0,2024-12-16
162555,22.75,97.25,Junta,0,2024-12-16
162556,22.75,97.75,Junta,0,2024-12-16
162557,22.75,98.25,SSPP,12,2024-12-16
162558,22.75,98.75,SSPP,12,2024-12-16
162559,22.75,99.25,UWSA,15,2024-12-16
163267,23.25,93.25,Chin Resistance,9,2024-12-16
163268,23.25,93.75,Chin Resistance,9,2024-12-16
163269,23.25,94.25,Junta,0,2024-12-16
163270,23.25,94.75,Junta,0,2024-12-16
163271,23.25,95.25,Junta,0,2024-12-16
163272,23.25,95.75,Junta,0,2024-12-16
163273,23.25,96.25,Junta,0,2024-12-16
163274,23.25,96.75,KIA,3,2024-12-16
163275,23.25,97.25,Junta,0,2024-12-16
163276,23.25,97.75,Junta,0,2024-12-16
163277,23.25,98.25,Junta,0,2024-12-16
163278,23.25,98.75,UWSA,15,2024-12-16
163279,23.25,99.25,UWSA,15,2024-12-16
163987,23.75,93.25,Chin Resistance,9,2024-12-16
163988,23.75,93.75,Chin Resistance,9,2024-12-16
163989,23.75,94.25,Chin Resistance,9,2024-12-16
163990,23.75,94.75,Junta,0,2024-12-16
163991,23.75,95.25,Junta,0,2024-12-16
163992,23.75,95.75,Junta,0,2024-12-16
163993,23.75,96.25,Junta,0,2024-12-16
163994,23.75,96.75,KIA,3,2024-12-16
163995,23.75,97.25,KIA,3,2024-12-16
163996,23.75,97.75,KIA,3,2024-12-16
163997,23.75,98.25,KIA,3,2024-12-16
163998,23.75,98.75,Junta,0,2024-12-16
164707,24.25,93.25,Chin Resistance,9,2024-12-16
164708,24.25,93.75,Chin Resistance,9,2024-12-16
164709,24.25,94.25,Junta,0,2024-12-16
164710,24.25,94.75,Junta,0,2024-12-16
164711,24.25,95.25,Junta,0,2024-12-16
164712,24.25,95.75,KIA,3,2024-12-16
164713,24.25,96.25,KIA,3,2024-12-16
164714,24.25,96.75,KIA,3,2024-12-16
164715,24.25,97.25,KIA,3,2024-12-16
164716,24.25,97.75,Junta,0,2024-12-16
164717,24.25,98.25,Junta,0,2024-12-16
164718,24.25,98.75,Junta,0,2024-12-16
165430,24.75,94.75,Junta,0,2024-12-16
165431,24.75,95.25,KIA,3,2024-12-16
165432,24.75,95.75,KIA,3,2024-12-16
165433,24.75,96.25,KIA,3,2024-12-16
165434,24.75,96.75,KIA,3,2024-12-16
165435,24.75,97.25,KIA,3,2024-12-16
165436,24.75,97.75,Junta,0,2024-12-16
166150,25.25,94.75,Junta,0,2024-12-16
166151,25.25,95.25,Junta,0,2024-12-16
166152,25.25,95.75,KIA,3,2024-12-16
166153,25.25,96.25,KIA,3,2024-12-16
166154,25.25,96.75,KIA,3,2024-12-16
166155,25.25,97.25,KIA,3,2024-12-16
166156,25.25,97.75,Junta,0,2024-12-16
166870,25.75,94.75,Junta,0,2024-12-16
166871,25.75,95.25,Junta,0,2024-12-16
166872,25.75,95.75,KIA,3,2024-12-16
166873,25.75,96.25,KIA,3,2024-12-16
166874,25.75,96.75,KIA,3,2024-12-16
166875,25.75,97.25,KIA,3,2024-12-16
166876,25.75,97.75,KIA,3,2024-12-16
166877,25.75,98.25,Junta,0,2024-12-16
166878,25.75,98.75,Junta,0,2024-12-16
167591,26.25,95.25,Junta,0,2024-12-16
167592,26.25,95.75,KIA,3,2024-12-16
167593,26.25,96.25,KIA,3,2024-12-16
167594,26.25,96.75,KIA,3,2024-12-16
167595,26.25,97.25,KIA,3,2024-12-16
167596,26.25,97.75,KIA,3,2024-12-16
167597,26.25,98.25,KIA,3,2024-12-16
167598,26.25,98.75,Junta,0,2024-12-16
168311,26.75,95.25,Junta,0,2024-12-16
168312,26.75,95.75,Junta,0,2024-12-16
168313,26.75,96.25,KIA,3,2024-12-16
168314,26.75,96.75,KIA,3,2024-12-16
168315,26.75,97.25,KIA,3,2024-12-16
168316,26.75,97.75,KIA,3,2024-12-16
168317,26.75,98.25,KIA,3,2024-12-16
168318,26.75,98.75,Junta,0,2024-12-16
169033,27.25,96.25,KIA,3,2024-12-16
169034,27.25,96.75,KIA,3,2024-12-16
169035,27.25,97.25,KIA,3,2024-12-16
169036,27.25,97.75,KIA,3,2024-12-16
169037,27.25,98.25,Junta,0,2024-12-16
169038,27.25,98.75,Junta,0,2024-12-16
169754,27.75,96.75,KIA,3,2024-12-16
169755,27.75,97.25,Junta,0,2024-12-16
169756,27.75,97.75,Junta,0,2024-12-16
169757,27.75,98.25,Junta,0,2024-12-16
170475,28.25,97.25,Junta,0,2024-12-16
170476,28.25,97.75,Junta,0,2024-12-16
170477,28.25,98.25,Junta,0,2024-12-16
144558,10.25,98.75,Junta,0,2024-12-17
145277,10.75,98.25,Junta,0,2024-12-17
145278,10.75,98.75,Junta,0,2024-12-17
145998,11.25,98.75,Junta,0,2024-12-17
145999,11.25,99.25,PDF,2,2024-12-17
146717,11.75,98.25,Junta,0,2024-12-17
146718,11.75,98.75,PDF,2,2024-12-17
146719,11.75,99.25,PDF,2,2024-12-17
146720,11.75,99.75,Junta,0,2024-12-17
147437,12.25,98.25,Junta,0,2024-12-17
147438,12.25,98.75,Junta,0,2024-12-17
147439,12.25,99.25,PDF,2,2024-12-17
148157,12.75,98.25,Junta,0,2024-12-17
148158,12.75,98.75,Junta,0,2024-12-17
148159,12.75,99.25,PDF,2,2024-12-17
148878,13.25,98.75,Junta,0,2024-12-17
148879,13.25,99.25,PDF,2,2024-12-17
149597,13.75,98.25,Junta,0,2024-12-17
149598,13.75,98.75,Karen,4,2024-12-17
149599,13.75,99.25,Karen,4,2024-12-17
150317,14.25,98.25,Junta,0,2024-12-17
150318,14.25,98.75,Karen,4,2024-12-17
151036,14.75,97.75,Junta,0,2024-12-17
151037,14.75,98.25,Karen,4,2024-12-17
151756,15.25,97.75,Junta,0,2024-12-17
151757,15.25,98.25,Junta,0,2024-12-17
152471,15.75,95.25,Junta,0,2024-12-17
152472,15.75,95.75,Junta,0,2024-12-17
152476,15.75,97.75,Junta,0,2024-12-17
152477,15.75,98.25,Junta,0,2024-12-17
153189,16.25,94.25,Junta,0,2024-12-17
153190,16.25,94.75,Junta,0,2024-12-17
153191,16.25,95.25,Junta,0,2024-12-17
153192,16.25,95.75,Junta,0,2024-12-17
153193,16.25,96.25,Junta,0,2024-12-17
153196,16.25,97.75,Junta,0,2024-12-17
153197,16.25,98.25,Junta,0,2024-12-17
153198,16.25,98.75,Junta,0,2024-12-17
153909,16.75,94.25,Junta,0,2024-12-17
153910,16.75,94.75,Junta,0,2024-12-17
153911,16.75,95.25,Junta,0,2024-12-17
153912,16.75,95.75,Junta,0,2024-12-17
153913,16.75,96.25,Junta,0,2024-12-17
153914,16.75,96.75,Junta,0,2024-12-17
153915,16.75,97.25,Junta,0,2024-12-17
153916,16.75,97.75,Junta,0,2024-12-17
153917,16.75,98.25,Junta,0,2024-12-17
154630,17.25,94.75,Junta,0,2024-12-17
154631,17.25,95.25,Junta,0,2024-12-17
154632,17.25,95.75,Junta,0,2024-12-17
154633,17.25,96.25,Junta,0,2024-12-17
154634,17.25,96.75,Junta,0,2024-12-17
154635,17.25,97.25,Karen,4,2024-12-17
154636,17.25,97.75,Karen,4,2024-12-17
154637,17.25,98.25,Karen,4,2024-12-17
155350,17.75,94.75,Junta,0,2024-12-17
155351,17.75,95.25,Junta,0,2024-12-17
155352,17.75,95.75,Junta,0,2024-12-17
155353,17.75,96.25,Junta,0,2024-12-17
155354,17.75,96.75,Karen,4,2024-12-17
155355,17.75,97.25,Karen,4,2024-12-17
155356,17.75,97.75,Karen,4,2024-12-17
156069,18.25,94.25,Junta,0,2024-12-17
156070,18.25,94.75,Junta,0,2024-12-17
156071,18.25,95.25,Junta,0,2024-12-17
156072,18.25,95.75,Junta,0,2024-12-17
156073,18.25,96.25,PDF,2,2024-12-17
156074,18.25,96.75,Karen,4,2024-12-17
156075,18.25,97.25,Karen,4,2024-12-17
156076,18.25,97.75,Karen,4,2024-12-17
156788,18.75,93.75,Junta,0,2024-12-17
156789,18.75,94.25,Junta,0,2024-12-17
156790,18.75,94.75,Junta,0,2024-12-17
156791,18.75,95.25,Junta,0,2024-12-17
156792,18.75,95.75,PDF,2,2024-12-17
156793,18.75,96.25,PDF,2,2024-12-17
156794,18.75,96.75,Karen,4,2024-12-17
156795,18.75,97.25,Karenni,5,2024-12-17
156796,18.75,97.75,Karenni,5,2024-12-17
157508,19.25,93.75,Junta,0,2024-12-17
157509,19.25,94.25,Junta,0,2024-12-17
157510,19.25,94.75,Junta,0,2024-12-17
157511,19.25,95.25,Junta,0,2024-12-17
157512,19.25,95.75,Junta,0,2024-12-17
157513,19.25,96.25,Junta,0,2024-12-17
157514,19.25,96.75,Karen,4,2024-12-17
157515,19.25,97.25,Karenni,5,2024-12-17
157516,19.25,97.75,Karenni,5,2024-12-17
158228,19.75,93.75,AA,6,2024-12-17
158229,19.75,94.25,AA,6,2024-12-17
158230,19.75,94.75,Junta,0,2024-12-17
158231,19.75,95.25,Junta,0,2024-12-17
158232,19.75,95.75,Junta,0,2024-12-17
158233,19.75,96.25,Junta,0,2024-12-17
158234,19.75,96.75,Karenni,5,2024-12-17
158235,19.75,97.25,Karenni,5,2024-12-17
158236,19.75,97.75,Junta,0,2024-12-17
158237,19.75,98.25,Junta,0,2024-12-17
158238,19.75,98.75,Junta,0,2024-12-17
158946,20.25,92.75,Junta,0,2024-12-17
158947,20.25,93.25,Junta,0,2024-12-17
158948,20.25,93.75,AA,6,2024-12-17
158949,20.25,94.25,AA,6,2024-12-17
158950,20.25,94.75,Junta,0,2024-12-17
158951,20.25,95.25,Junta,0,2024-12-17
158952,20.25,95.75,Junta,0,2024-12-17
158953,20.25,96.25,Junta,0,2024-12-17
158954,20.25,96.75,Junta,0,2024-12-17
158955,20.25,97.25,Junta,0,2024-12-17
158956,20.25,97.75,Junta,0,2024-12-17
158957,20.25,98.25,Junta,0,2024-12-17
158958,20.25,98.75,Junta,0,2024-12-17
158959,20.25,99.25,Junta,0,2024-12-17
158960,20.25,99.75,Junta,0,2024-12-17
158961,20.25,100.25,Junta,0,2024-12-17
159665,20.75,92.25,Junta,0,2024-12-17
159666,20.75,92.75,AA,6,2024-12-17
159667,20.75,93.25,AA,6,2024-12-17
159668,20.75,93.75,AA,6,2024-12-17
159669,20.75,94.25,AA,6,2024-12-17
159670,20.75,94.75,Junta,0,2024-12-17
159671,20.75,95.25,Junta,0,2024-12-17
159672,20.75,95.75,Junta,0,2024-12-17
159673,20.75,96.25,Junta,0,2024-12-17
159674,20.75,96.75,Junta,0,2024-12-17
159675,20.75,97.25,Junta,0,2024-12-17
159676,20.75,97.75,Junta,0,2024-12-17
159677,20.75,98.25,Junta,0,2024-12-17
159678,20.75,98.75,Junta,0,2024-12-17
159679,20.75,99.25,Junta,0,2024-12-17
159680,20.75,99.75,Junta,0,2024-12-17
159681,20.75,100.25,Junta,0,2024-12-17
160385,21.25,92.25,AA,6,2024-12-17
160386,21.25,92.75,AA,6,2024-12-17
160387,21.25,93.25,Chin Resistance,9,2024-12-17
160388,21.25,93.75,Chin Resistance,9,2024-12-17
160389,21.25,94.25,PDF,2,2024-12-17
160390,21.25,94.75,Junta,0,2024-12-17
160391,21.25,95.25,Junta,0,2024-12-17
160392,21.25,95.75,Junta,0,2024-12-17
160393,21.25,96.25,Junta,0,2024-12-17
160394,21.25,96.75,Junta,0,2024-12-17
160395,21.25,97.25,SSPP,12,2024-12-17
160396,21.25,97.75,SSPP,12,2024-12-17
160397,21.25,98.25,Junta,0,2024-12-17
160398,21.25,98.75,Junta,0,2024-12-17
160399,21.25,99.25,Junta,0,2024-12-17
160400,21.25,99.75,Junta,0,2024-12-17
160401,21.25,100.25,Junta,0,2024-12-17
160402,21.25,100.75,Junta,0,2024-12-17
161105,21.75,92.25,AA,6,2024-12-17
161106,21.75,92.75,AA,6,2024-12-17
161107,21.75,93.25,Chin Resistance,9,2024-12-17
161108,21.75,93.75,Chin Resistance,9,2024-12-17
161109,21.75,94.25,Chin Resistance,9,2024-12-17
161110,21.75,94.75,PDF,2,2024-12-17
161111,21.75,95.25,PDF,2,2024-12-17
161112,21.75,95.75,Junta,0,2024-12-17
161113,21.75,96.25,Junta,0,2024-12-17
161114,21.75,96.75,Junta,0,2024-12-17
161115,21.75,97.25,SSPP,12,2024-12-17
161116,21.75,97.75,SSPP,12,2024-12-17
161117,21.75,98.25,SSPP,12,2024-12-17
161118,21.75,98.75,Junta,0,2024-12-17
161119,21.75,99.25,Junta,0,2024-12-17
161120,21.75,99.75,NDAA,14,2024-12-17
161121,21.75,100.25,NDAA,14,2024-12-17
161122,21.75,100.75,NDAA,14,2024-12-17
161123,21.75,101.25,Junta,0,2024-12-17
161826,22.25,92.75,AA,6,2024-12-17
161827,22.25,93.25,Chin Resistance,9,2024-12-17
161828,22.25,93.75,Chin Resistance,9,2024-12-17
161829,22.25,94.25,Junta,0,2024-12-17
161830,22.25,94.75,Junta,0,2024-12-17
161831,22.25,95.25,Junta,0,2024-12-17
161832,22.25,95.75,Junta,0,2024-12-17
161833,22.25,96.25,Junta,0,2024-12-17
161834,22.25,96.75,Junta,0,2024-12-17
161835,22.25,97.25,SSPP,12,2024-12-17
161836,22.25,97.75,SSPP,12,2024-12-17
161837,22.25,98.25,SSPP,12,2024-12-17
161838,22.25,98.75,SSPP,12,2024-12-17
161839,22.25,99.25,UWSA,15,2024-12-17
161840,22.25,99.75,UWSA,15,2024-12-17
162547,22.75,93.25,Chin Resistance,9,2024-12-17
162548,22.75,93.75,Chin Resistance,9,2024-12-17
162549,22.75,94.25,Junta,0,2024-12-17
162550,22.75,94.75,Junta,0,2024-12-17
162551,22.75,95.25,Junta,0,2024-12-17
162552,22.75,95.75,Junta,0,2024-12-17
162553,22.75,96.25,Junta,0,2024-12-17
162554,22.75,96.75,Junta,0,2024-12-17
162555,22.75,97.25,Junta,0,2024-12-17
162556,22.75,97.75,Junta,0,2024-12-17
162557,22.75,98.25,SSPP,12,2024-12-17
162558,22.75,98.75,SSPP,12,2024-12-17
162559,22.75,99.25,UWSA,15,2024-12-17
163267,23.25,93.25,Chin Resistance,9,2024-12-17
163268,23.25,93.75,Chin Resistance,9,2024-12-17
163269,23.25,94.25,Junta,0,2024-12-17
163270,23.25,94.75,Junta,0,2024-12-17
163271,23.25,95.25,Junta,0,2024-12-17
163272,23.25,95.75,Junta,0,2024-12-17
163273,23.25,96.25,Junta,0,2024-12-17
163274,23.25,96.75,KIA,3,2024-12-17
163275,23.25,97.25,Junta,0,2024-12-17
163276,23.25,97.75,Junta,0,2024-12-17
163277,23.25,98.25,Junta,0,2024-12-17
163278,23.25,98.75,UWSA,15,2024-12-17
163279,23.25,99.25,UWSA,15,2024-12-17
163987,23.75,93.25,Chin Resistance,9,2024-12-17
163988,23.75,93.75,Chin Resistance,9,2024-12-17
163989,23.75,94.25,Chin Resistance,9,2024-12-17
163990,23.75,94.75,Junta,0,2024-12-17
163991,23.75,95.25,Junta,0,2024-12-17
163992,23.75,95.75,Junta,0,2024-12-17
163993,23.75,96.25,Junta,0,2024-12-17
163994,23.75,96.75,KIA,3,2024-12-17
163995,23.75,97.25,KIA,3,2024-12-17
163996,23.75,97.75,KIA,3,2024-12-17
163997,23.75,98.25,KIA,3,2024-12-17
163998,23.75,98.75,Junta,0,2024-12-17
164707,24.25,93.25,Chin Resistance,9,2024-12-17
164708,24.25,93.75,Chin Resistance,9,2024-12-17
164709,24.25,94.25,Junta,0,2024-12-17
164710,24.25,94.75,Junta,0,2024-12-17
164711,24.25,95.25,Junta,0,2024-12-17
164712,24.25,95.75,KIA,3,2024-12-17
164713,24.25,96.25,KIA,3,2024-12-17
164714,24.25,96.75,KIA,3,2024-12-17
164715,24.25,97.25,KIA,3,2024-12-17
164716,24.25,97.75,Junta,0,2024-12-17
164717,24.25,98.25,Junta,0,2024-12-17
164718,24.25,98.75,Junta,0,2024-12-17
165430,24.75,94.75,Junta,0,2024-12-17
165431,24.75,95.25,KIA,3,2024-12-17
165432,24.75,95.75,KIA,3,2024-12-17
165433,24.75,96.25,KIA,3,2024-12-17
165434,24.75,96.75,KIA,3,2024-12-17
165435,24.75,97.25,KIA,3,2024-12-17
165436,24.75,97.75,Junta,0,2024-12-17
166150,25.25,94.75,Junta,0,2024-12-17
166151,25.25,95.25,Junta,0,2024-12-17
166152,25.25,95.75,KIA,3,2024-12-17
166153,25.25,96.25,KIA,3,2024-12-17
166154,25.25,96.75,KIA,3,2024-12-17
166155,25.25,97.25,KIA,3,2024-12-17
166156,25.25,97.75,Junta,0,2024-12-17
166870,25.75,94.75,Junta,0,2024-12-17
166871,25.75,95.25,Junta,0,2024-12-17
166872,25.75,95.75,KIA,3,2024-12-17
166873,25.75,96.25,KIA,3,2024-12-17
166874,25.75,96.75,KIA,3,2024-12-17
166875,25.75,97.25,KIA,3,2024-12-17
166876,25.75,97.75,KIA,3,2024-12-17
166877,25.75,98.25,Junta,0,2024-12-17
166878,25.75,98.75,Junta,0,2024-12-17
167591,26.25,95.25,Junta,0,2024-12-17
167592,26.25,95.75,KIA,3,2024-12-17
167593,26.25,96.25,KIA,3,2024-12-17
167594,26.25,96.75,KIA,3,2024-12-17
167595,26.25,97.25,KIA,3,2024-12-17
167596,26.25,97.75,KIA,3,2024-12-17
167597,26.25,98.25,KIA,3,2024-12-17
167598,26.25,98.75,Junta,0,2024-12-17
168311,26.75,95.25,Junta,0,2024-12-17
168312,26.75,95.75,Junta,0,2024-12-17
168313,26.75,96.25,KIA,3,2024-12-17
168314,26.75,96.75,KIA,3,2024-12-17
168315,26.75,97.25,KIA,3,2024-12-17
168316,26.75,97.75,KIA,3,2024-12-17
168317,26.75,98.25,KIA,3,2024-12-17
168318,26.75,98.75,Junta,0,2024-12-17
169033,27.25,96.25,KIA,3,2024-12-17
169034,27.25,96.75,KIA,3,2024-12-17
169035,27.25,97.25,KIA,3,2024-12-17
169036,27.25,97.75,KIA,3,2024-12-17
169037,27.25,98.25,Junta,0,2024-12-17
169038,27.25,98.75,Junta,0,2024-12-17
169754,27.75,96.75,KIA,3,2024-12-17
169755,27.75,97.25,Junta,0,2024-12-17
169756,27.75,97.75,Junta,0,2024-12-17
169757,27.75,98.25,Junta,0,2024-12-17
170475,28.25,97.25,Junta,0,2024-12-17
170476,28.25,97.75,Junta,0,2024-12-17
170477,28.25,98.25,Junta,0,2024-12-17
144558,10.25,98.75,Junta,0,2024-12-20
145277,10.75,98.25,Junta,0,2024-12-20
145278,10.75,98.75,Junta,0,2024-12-20
145998,11.25,98.75,Junta,0,2024-12-20
145999,11.25,99.25,PDF,2,2024-12-20
146717,11.75,98.25,Junta,0,2024-12-20
146718,11.75,98.75,PDF,2,2024-12-20
146719,11.75,99.25,PDF,2,2024-12-20
146720,11.75,99.75,Junta,0,2024-12-20
147437,12.25,98.25,Junta,0,2024-12-20
147438,12.25,98.75,Junta,0,2024-12-20
147439,12.25,99.25,PDF,2,2024-12-20
148157,12.75,98.25,Junta,0,2024-12-20
148158,12.75,98.75,Junta,0,2024-12-20
148159,12.75,99.25,PDF,2,2024-12-20
148878,13.25,98.75,Junta,0,2024-12-20
148879,13.25,99.25,PDF,2,2024-12-20
149597,13.75,98.25,Junta,0,2024-12-20
149598,13.75,98.75,Karen,4,2024-12-20
149599,13.75,99.25,Karen,4,2024-12-20
150317,14.25,98.25,Junta,0,2024-12-20
150318,14.25,98.75,Karen,4,2024-12-20
151036,14.75,97.75,Junta,0,2024-12-20
151037,14.75,98.25,Karen,4,2024-12-20
151756,15.25,97.75,Junta,0,2024-12-20
151757,15.25,98.25,Junta,0,2024-12-20
152471,15.75,95.25,Junta,0,2024-12-20
152472,15.75,95.75,Junta,0,2024-12-20
152476,15.75,97.75,Junta,0,2024-12-20
152477,15.75,98.25,Junta,0,2024-12-20
153189,16.25,94.25,Junta,0,2024-12-20
153190,16.25,94.75,Junta,0,2024-12-20
153191,16.25,95.25,Junta,0,2024-12-20
153192,16.25,95.75,Junta,0,2024-12-20
153193,16.25,96.25,Junta,0,2024-12-20
153196,16.25,97.75,Junta,0,2024-12-20
153197,16.25,98.25,Junta,0,2024-12-20
153198,16.25,98.75,Junta,0,2024-12-20
153909,16.75,94.25,Junta,0,2024-12-20
153910,16.75,94.75,Junta,0,2024-12-20
153911,16.75,95.25,Junta,0,2024-12-20
153912,16.75,95.75,Junta,0,2024-12-20
153913,16.75,96.25,Junta,0,2024-12-20
153914,16.75,96.75,Junta,0,2024-12-20
153915,16.75,97.25,Junta,0,2024-12-20
153916,16.75,97.75,Junta,0,2024-12-20
153917,16.75,98.25,Junta,0,2024-12-20
154630,17.25,94.75,Junta,0,2024-12-20
154631,17.25,95.25,Junta,0,2024-12-20
154632,17.25,95.75,Junta,0,2024-12-20
154633,17.25,96.25,Junta,0,2024-12-20
154634,17.25,96.75,Junta,0,2024-12-20
154635,17.25,97.25,Karen,4,2024-12-20
154636,17.25,97.75,Karen,4,2024-12-20
154637,17.25,98.25,Karen,4,2024-12-20
155350,17.75,94.75,Junta,0,2024-12-20
155351,17.75,95.25,Junta,0,2024-12-20
155352,17.75,95.75,Junta,0,2024-12-20
155353,17.75,96.25,Junta,0,2024-12-20
155354,17.75,96.75,Karen,4,2024-12-20
155355,17.75,97.25,Karen,4,2024-12-20
155356,17.75,97.75,Karen,4,2024-12-20
156069,18.25,94.25,Junta,0,2024-12-20
156070,18.25,94.75,Junta,0,2024-12-20
156071,18.25,95.25,Junta,0,2024-12-20
156072,18.25,95.75,Junta,0,2024-12-20
156073,18.25,96.25,PDF,2,2024-12-20
156074,18.25,96.75,Karen,4,2024-12-20
156075,18.25,97.25,Karen,4,2024-12-20
156076,18.25,97.75,Karen,4,2024-12-20
156788,18.75,93.75,Junta,0,2024-12-20
156789,18.75,94.25,Junta,0,2024-12-20
156790,18.75,94.75,Junta,0,2024-12-20
156791,18.75,95.25,Junta,0,2024-12-20
156792,18.75,95.75,PDF,2,2024-12-20
156793,18.75,96.25,PDF,2,2024-12-20
156794,18.75,96.75,Karen,4,2024-12-20
156795,18.75,97.25,Karenni,5,2024-12-20
156796,18.75,97.75,Karenni,5,2024-12-20
157508,19.25,93.75,Junta,0,2024-12-20
157509,19.25,94.25,Junta,0,2024-12-20
157510,19.25,94.75,Junta,0,2024-12-20
157511,19.25,95.25,Junta,0,2024-12-20
157512,19.25,95.75,Junta,0,2024-12-20
157513,19.25,96.25,Junta,0,2024-12-20
157514,19.25,96.75,Karen,4,2024-12-20
157515,19.25,97.25,Karenni,5,2024-12-20
157516,19.25,97.75,Karenni,5,2024-12-20
158228,19.75,93.75,AA,6,2024-12-20
158229,19.75,94.25,AA,6,2024-12-20
158230,19.75,94.75,Junta,0,2024-12-20
158231,19.75,95.25,Junta,0,2024-12-20
158232,19.75,95.75,Junta,0,2024-12-20
158233,19.75,96.25,Junta,0,2024-12-20
158234,19.75,96.75,Karenni,5,2024-12-20
158235,19.75,97.25,Karenni,5,2024-12-20
158236,19.75,97.75,Junta,0,2024-12-20
158237,19.75,98.25,Junta,0,2024-12-20
158238,19.75,98.75,Junta,0,2024-12-20
158946,20.25,92.75,Junta,0,2024-12-20
158947,20.25,93.25,Junta,0,2024-12-20
158948,20.25,93.75,AA,6,2024-12-20
158949,20.25,94.25,AA,6,2024-12-20
158950,20.25,94.75,Junta,0,2024-12-20
158951,20.25,95.25,Junta,0,2024-12-20
158952,20.25,95.75,Junta,0,2024-12-20
158953,20.25,96.25,Junta,0,2024-12-20
158954,20.25,96.75,Junta,0,2024-12-20
158955,20.25,97.25,Junta,0,2024-12-20
158956,20.25,97.75,Junta,0,2024-12-20
158957,20.25,98.25,Junta,0,2024-12-20
158958,20.25,98.75,Junta,0,2024-12-20
158959,20.25,99.25,Junta,0,2024-12-20
158960,20.25,99.75,Junta,0,2024-12-20
158961,20.25,100.25,Junta,0,2024-12-20
159665,20.75,92.25,Junta,0,2024-12-20
159666,20.75,92.75,AA,6,2024-12-20
159667,20.75,93.25,AA,6,2024-12-20
159668,20.75,93.75,AA,6,2024-12-20
159669,20.75,94.25,AA,6,2024-12-20
159670,20.75,94.75,Junta,0,2024-12-20
159671,20.75,95.25,Junta,0,2024-12-20
159672,20.75,95.75,Junta,0,2024-12-20
159673,20.75,96.25,Junta,0,2024-12-20
159674,20.75,96.75,Junta,0,2024-12-20
159675,20.75,97.25,Junta,0,2024-12-20
159676,20.75,97.75,Junta,0,2024-12-20
159677,20.75,98.25,Junta,0,2024-12-20
159678,20.75,98.75,Junta,0,2024-12-20
159679,20.75,99.25,Junta,0,2024-12-20
159680,20.75,99.75,Junta,0,2024-12-20
159681,20.75,100.25,Junta,0,2024-12-20
160385,21.25,92.25,AA,6,2024-12-20
160386,21.25,92.75,AA,6,2024-12-20
160387,21.25,93.25,Chin Resistance,9,2024-12-20
160388,21.25,93.75,Chin Resistance,9,2024-12-20
160389,21.25,94.25,PDF,2,2024-12-20
160390,21.25,94.75,Junta,0,2024-12-20
160391,21.25,95.25,Junta,0,2024-12-20
160392,21.25,95.75,Junta,0,2024-12-20
160393,21.25,96.25,Junta,0,2024-12-20
160394,21.25,96.75,Junta,0,2024-12-20
160395,21.25,97.25,SSPP,12,2024-12-20
160396,21.25,97.75,SSPP,12,2024-12-20
160397,21.25,98.25,Junta,0,2024-12-20
160398,21.25,98.75,Junta,0,2024-12-20
160399,21.25,99.25,Junta,0,2024-12-20
160400,21.25,99.75,Junta,0,2024-12-20
160401,21.25,100.25,Junta,0,2024-12-20
160402,21.25,100.75,Junta,0,2024-12-20
161105,21.75,92.25,AA,6,2024-12-20
161106,21.75,92.75,AA,6,2024-12-20
161107,21.75,93.25,Chin Resistance,9,2024-12-20
161108,21.75,93.75,Chin Resistance,9,2024-12-20
161109,21.75,94.25,Chin Resistance,9,2024-12-20
161110,21.75,94.75,PDF,2,2024-12-20
161111,21.75,95.25,PDF,2,2024-12-20
161112,21.75,95.75,Junta,0,2024-12-20
161113,21.75,96.25,Junta,0,2024-12-20
161114,21.75,96.75,Junta,0,2024-12-20
161115,21.75,97.25,SSPP,12,2024-12-20
161116,21.75,97.75,SSPP,12,2024-12-20
161117,21.75,98.25,SSPP,12,2024-12-20
161118,21.75,98.75,Junta,0,2024-12-20
161119,21.75,99.25,Junta,0,2024-12-20
161120,21.75,99.75,NDAA,14,2024-12-20
161121,21.75,100.25,NDAA,14,2024-12-20
161122,21.75,100.75,NDAA,14,2024-12-20
161123,21.75,101.25,Junta,0,2024-12-20
161826,22.25,92.75,AA,6,2024-12-20
161827,22.25,93.25,Chin Resistance,9,2024-12-20
161828,22.25,93.75,Chin Resistance,9,2024-12-20
161829,22.25,94.25,Junta,0,2024-12-20
161830,22.25,94.75,Junta,0,2024-12-20
161831,22.25,95.25,Junta,0,2024-12-20
161832,22.25,95.75,Junta,0,2024-12-20
161833,22.25,96.25,Junta,0,2024-12-20
161834,22.25,96.75,Junta,0,2024-12-20
161835,22.25,97.25,SSPP,12,2024-12-20
161836,22.25,97.75,SSPP,12,2024-12-20
161837,22.25,98.25,SSPP,12,2024-12-20
161838,22.25,98.75,SSPP,12,2024-12-20
161839,22.25,99.25,UWSA,15,2024-12-20
161840,22.25,99.75,UWSA,15,2024-12-20
162547,22.75,93.25,Chin Resistance,9,2024-12-20
162548,22.75,93.75,Chin Resistance,9,2024-12-20
162549,22.75,94.25,Junta,0,2024-12-20
162550,22.75,94.75,Junta,0,2024-12-20
162551,22.75,95.25,Junta,0,2024-12-20
162552,22.75,95.75,Junta,0,2024-12-20
162553,22.75,96.25,Junta,0,2024-12-20
162554,22.75,96.75,Junta,0,2024-12-20
162555,22.75,97.25,Junta,0,2024-12-20
162556,22.75,97.75,Junta,0,2024-12-20
162557,22.75,98.25,SSPP,12,2024-12-20
162558,22.75,98.75,SSPP,12,2024-12-20
162559,22.75,99.25,UWSA,15,2024-12-20
163267,23.25,93.25,Chin Resistance,9,2024-12-20
163268,23.25,93.75,Chin Resistance,9,2024-12-20
163269,23.25,94.25,Junta,0,2024-12-20
163270,23.25,94.75,Junta,0,2024-12-20
163271,23.25,95.25,Junta,0,2024-12-20
163272,23.25,95.75,Junta,0,2024-12-20
163273,23.25,96.25,Junta,0,2024-12-20
163274,23.25,96.75,KIA,3,2024-12-20
163275,23.25,97.25,Junta,0,2024-12-20
163276,23.25,97.75,Junta,0,2024-12-20
163277,23.25,98.25,Junta,0,2024-12-20
163278,23.25,98.75,UWSA,15,2024-12-20
163279,23.25,99.25,UWSA,15,2024-12-20
163987,23.75,93.25,Chin Resistance,9,2024-12-20
163988,23.75,93.75,Chin Resistance,9,2024-12-20
163989,23.75,94.25,Chin Resistance,9,2024-12-20
163990,23.75,94.75,Junta,0,2024-12-20
163991,23.75,95.25,Junta,0,2024-12-20
163992,23.75,95.75,Junta,0,2024-12-20
163993,23.75,96.25,Junta,0,2024-12-20
163994,23.75,96.75,KIA,3,2024-12-20
163995,23.75,97.25,KIA,3,2024-12-20
163996,23.75,97.75,KIA,3,2024-12-20
163997,23.75,98.25,KIA,3,2024-12-20
163998,23.75,98.75,Junta,0,2024-12-20
164707,24.25,93.25,Chin Resistance,9,2024-12-20
164708,24.25,93.75,Chin Resistance,9,2024-12-20
164709,24.25,94.25,Junta,0,2024-12-20
164710,24.25,94.75,Junta,0,2024-12-20
164711,24.25,95.25,Junta,0,2024-12-20
164712,24.25,95.75,KIA,3,2024-12-20
164713,24.25,96.25,KIA,3,2024-12-20
164714,24.25,96.75,KIA,3,2024-12-20
164715,24.25,97.25,KIA,3,2024-12-20
164716,24.25,97.75,Junta,0,2024-12-20
164717,24.25,98.25,Junta,0,2024-12-20
164718,24.25,98.75,Junta,0,2024-12-20
165430,24.75,94.75,Junta,0,2024-12-20
165431,24.75,95.25,KIA,3,2024-12-20
165432,24.75,95.75,KIA,3,2024-12-20
165433,24.75,96.25,KIA,3,2024-12-20
165434,24.75,96.75,KIA,3,2024-12-20
165435,24.75,97.25,KIA,3,2024-12-20
165436,24.75,97.75,Junta,0,2024-12-20
166150,25.25,94.75,Junta,0,2024-12-20
166151,25.25,95.25,Junta,0,2024-12-20
166152,25.25,95.75,KIA,3,2024-12-20
166153,25.25,96.25,KIA,3,2024-12-20
166154,25.25,96.75,KIA,3,2024-12-20
166155,25.25,97.25,KIA,3,2024-12-20
166156,25.25,97.75,Junta,0,2024-12-20
166870,25.75,94.75,Junta,0,2024-12-20
166871,25.75,95.25,Junta,0,2024-12-20
166872,25.75,95.75,KIA,3,2024-12-20
166873,25.75,96.25,KIA,3,2024-12-20
166874,25.75,96.75,KIA,3,2024-12-20
166875,25.75,97.25,KIA,3,2024-12-20
166876,25.75,97.75,KIA,3,2024-12-20
166877,25.75,98.25,Junta,0,2024-12-20
166878,25.75,98.75,Junta,0,2024-12-20
167591,26.25,95.25,Junta,0,2024-12-20
167592,26.25,95.75,KIA,3,2024-12-20
167593,26.25,96.25,KIA,3,2024-12-20
167594,26.25,96.75,KIA,3,2024-12-20
167595,26.25,97.25,KIA,3,2024-12-20
167596,26.25,97.75,KIA,3,2024-12-20
167597,26.25,98.25,KIA,3,2024-12-20
167598,26.25,98.75,Junta,0,2024-12-20
168311,26.75,95.25,Junta,0,2024-12-20
168312,26.75,95.75,Junta,0,2024-12-20
168313,26.75,96.25,KIA,3,2024-12-20
168314,26.75,96.75,KIA,3,2024-12-20
168315,26.75,97.25,KIA,3,2024-12-20
168316,26.75,97.75,KIA,3,2024-12-20
168317,26.75,98.25,KIA,3,2024-12-20
168318,26.75,98.75,Junta,0,2024-12-20
169033,27.25,96.25,KIA,3,2024-12-20
169034,27.25,96.75,KIA,3,2024-12-20
169035,27.25,97.25,KIA,3,2024-12-20
169036,27.25,97.75,KIA,3,2024-12-20
169037,27.25,98.25,Junta,0,2024-12-20
169038,27.25,98.75,Junta,0,2024-12-20
169754,27.75,96.75,KIA,3,2024-12-20
169755,27.75,97.25,Junta,0,2024-12-20
169756,27.75,97.75,Junta,0,2024-12-20
169757,27.75,98.25,Junta,0,2024-12-20
170475,28.25,97.25,Junta,0,2024-12-20
170476,28.25,97.75,Junta,0,2024-12-20
170477,28.25,98.25,Junta,0,2024-12-20
144558,10.25,98.75,Junta,0,2024-12-21
145277,10.75,98.25,Junta,0,2024-12-21
145278,10.75,98.75,Junta,0,2024-12-21
145998,11.25,98.75,Junta,0,2024-12-21
145999,11.25,99.25,PDF,2,2024-12-21
146717,11.75,98.25,Junta,0,2024-12-21
146718,11.75,98.75,PDF,2,2024-12-21
146719,11.75,99.25,PDF,2,2024-12-21
146720,11.75,99.75,Junta,0,2024-12-21
147437,12.25,98.25,Junta,0,2024-12-21
147438,12.25,98.75,Junta,0,2024-12-21
147439,12.25,99.25,PDF,2,2024-12-21
148157,12.75,98.25,Junta,0,2024-12-21
148158,12.75,98.75,Junta,0,2024-12-21
148159,12.75,99.25,PDF,2,2024-12-21
148878,13.25,98.75,Junta,0,2024-12-21
148879,13.25,99.25,PDF,2,2024-12-21
149597,13.75,98.25,Junta,0,2024-12-21
149598,13.75,98.75,Karen,4,2024-12-21
149599,13.75,99.25,Karen,4,2024-12-21
150317,14.25,98.25,Junta,0,2024-12-21
150318,14.25,98.75,Karen,4,2024-12-21
151036,14.75,97.75,Junta,0,2024-12-21
151037,14.75,98.25,Karen,4,2024-12-21
151756,15.25,97.75,Junta,0,2024-12-21
151757,15.25,98.25,Junta,0,2024-12-21
152471,15.75,95.25,Junta,0,2024-12-21
152472,15.75,95.75,Junta,0,2024-12-21
152476,15.75,97.75,Junta,0,2024-12-21
152477,15.75,98.25,Junta,0,2024-12-21
153189,16.25,94.25,Junta,0,2024-12-21
153190,16.25,94.75,Junta,0,2024-12-21
153191,16.25,95.25,Junta,0,2024-12-21
153192,16.25,95.75,Junta,0,2024-12-21
153193,16.25,96.25,Junta,0,2024-12-21
153196,16.25,97.75,Junta,0,2024-12-21
153197,16.25,98.25,Junta,0,2024-12-21
153198,16.25,98.75,Junta,0,2024-12-21
153909,16.75,94.25,Junta,0,2024-12-21
153910,16.75,94.75,Junta,0,2024-12-21
153911,16.75,95.25,Junta,0,2024-12-21
153912,16.75,95.75,Junta,0,2024-12-21
153913,16.75,96.25,Junta,0,2024-12-21
153914,16.75,96.75,Junta,0,2024-12-21
153915,16.75,97.25,Junta,0,2024-12-21
153916,16.75,97.75,Junta,0,2024-12-21
153917,16.75,98.25,Junta,0,2024-12-21
154630,17.25,94.75,Junta,0,2024-12-21
154631,17.25,95.25,Junta,0,2024-12-21
154632,17.25,95.75,Junta,0,2024-12-21
154633,17.25,96.25,Junta,0,2024-12-21
154634,17.25,96.75,Junta,0,2024-12-21
154635,17.25,97.25,Karen,4,2024-12-21
154636,17.25,97.75,Karen,4,2024-12-21
154637,17.25,98.25,Karen,4,2024-12-21
155350,17.75,94.75,Junta,0,2024-12-21
155351,17.75,95.25,Junta,0,2024-12-21
155352,17.75,95.75,Junta,0,2024-12-21
155353,17.75,96.25,Junta,0,2024-12-21
155354,17.75,96.75,Karen,4,2024-12-21
155355,17.75,97.25,Karen,4,2024-12-21
155356,17.75,97.75,Karen,4,2024-12-21
156069,18.25,94.25,Junta,0,2024-12-21
156070,18.25,94.75,Junta,0,2024-12-21
156071,18.25,95.25,Junta,0,2024-12-21
156072,18.25,95.75,Junta,0,2024-12-21
156073,18.25,96.25,PDF,2,2024-12-21
156074,18.25,96.75,Karen,4,2024-12-21
156075,18.25,97.25,Karen,4,2024-12-21
156076,18.25,97.75,Karen,4,2024-12-21
156788,18.75,93.75,Junta,0,2024-12-21
156789,18.75,94.25,Junta,0,2024-12-21
156790,18.75,94.75,Junta,0,2024-12-21
156791,18.75,95.25,Junta,0,2024-12-21
156792,18.75,95.75,PDF,2,2024-12-21
156793,18.75,96.25,PDF,2,2024-12-21
156794,18.75,96.75,Karen,4,2024-12-21
156795,18.75,97.25,Karenni,5,2024-12-21
156796,18.75,97.75,Karenni,5,2024-12-21
157508,19.25,93.75,Junta,0,2024-12-21
157509,19.25,94.25,Junta,0,2024-12-21
157510,19.25,94.75,Junta,0,2024-12-21
157511,19.25,95.25,Junta,0,2024-12-21
157512,19.25,95.75,Junta,0,2024-12-21
157513,19.25,96.25,Junta,0,2024-12-21
157514,19.25,96.75,Karen,4,2024-12-21
157515,19.25,97.25,Karenni,5,2024-12-21
157516,19.25,97.75,Karenni,5,2024-12-21
158228,19.75,93.75,AA,6,2024-12-21
158229,19.75,94.25,AA,6,2024-12-21
158230,19.75,94.75,Junta,0,2024-12-21
158231,19.75,95.25,Junta,0,2024-12-21
158232,19.75,95.75,Junta,0,2024-12-21
158233,19.75,96.25,Junta,0,2024-12-21
158234,19.75,96.75,Karenni,5,2024-12-21
158235,19.75,97.25,Karenni,5,2024-12-21
158236,19.75,97.75,Junta,0,2024-12-21
158237,19.75,98.25,Junta,0,2024-12-21
158238,19.75,98.75,Junta,0,2024-12-21
158946,20.25,92.75,Junta,0,2024-12-21
158947,20.25,93.25,Junta,0,2024-12-21
158948,20.25,93.75,AA,6,2024-12-21
158949,20.25,94.25,AA,6,2024-12-21
158950,20.25,94.75,Junta,0,2024-12-21
158951,20.25,95.25,Junta,0,2024-12-21
158952,20.25,95.75,Junta,0,2024-12-21
158953,20.25,96.25,Junta,0,2024-12-21
158954,20.25,96.75,Junta,0,2024-12-21
158955,20.25,97.25,Junta,0,2024-12-21
158956,20.25,97.75,Junta,0,2024-12-21
158957,20.25,98.25,Junta,0,2024-12-21
158958,20.25,98.75,Junta,0,2024-12-21
158959,20.25,99.25,Junta,0,2024-12-21
158960,20.25,99.75,Junta,0,2024-12-21
158961,20.25,100.25,Junta,0,2024-12-21
159665,20.75,92.25,Junta,0,2024-12-21
159666,20.75,92.75,AA,6,2024-12-21
159667,20.75,93.25,AA,6,2024-12-21
159668,20.75,93.75,AA,6,2024-12-21
159669,20.75,94.25,AA,6,2024-12-21
159670,20.75,94.75,Junta,0,2024-12-21
159671,20.75,95.25,Junta,0,2024-12-21
159672,20.75,95.75,Junta,0,2024-12-21
159673,20.75,96.25,Junta,0,2024-12-21
159674,20.75,96.75,Junta,0,2024-12-21
159675,20.75,97.25,Junta,0,2024-12-21
159676,20.75,97.75,Junta,0,2024-12-21
159677,20.75,98.25,Junta,0,2024-12-21
159678,20.75,98.75,Junta,0,2024-12-21
159679,20.75,99.25,Junta,0,2024-12-21
159680,20.75,99.75,Junta,0,2024-12-21
159681,20.75,100.25,Junta,0,2024-12-21
160385,21.25,92.25,AA,6,2024-12-21
160386,21.25,92.75,AA,6,2024-12-21
160387,21.25,93.25,Chin Resistance,9,2024-12-21
160388,21.25,93.75,Chin Resistance,9,2024-12-21
160389,21.25,94.25,PDF,2,2024-12-21
160390,21.25,94.75,Junta,0,2024-12-21
160391,21.25,95.25,Junta,0,2024-12-21
160392,21.25,95.75,Junta,0,2024-12-21
160393,21.25,96.25,Junta,0,2024-12-21
160394,21.25,96.75,Junta,0,2024-12-21
160395,21.25,97.25,SSPP,12,2024-12-21
160396,21.25,97.75,SSPP,12,2024-12-21
160397,21.25,98.25,Junta,0,2024-12-21
160398,21.25,98.75,Junta,0,2024-12-21
160399,21.25,99.25,Junta,0,2024-12-21
160400,21.25,99.75,Junta,0,2024-12-21
160401,21.25,100.25,Junta,0,2024-12-21
160402,21.25,100.75,Junta,0,2024-12-21
161105,21.75,92.25,AA,6,2024-12-21
161106,21.75,92.75,AA,6,2024-12-21
161107,21.75,93.25,Chin Resistance,9,2024-12-21
161108,21.75,93.75,Chin Resistance,9,2024-12-21
161109,21.75,94.25,Chin Resistance,9,2024-12-21
161110,21.75,94.75,PDF,2,2024-12-21
161111,21.75,95.25,PDF,2,2024-12-21
161112,21.75,95.75,Junta,0,2024-12-21
161113,21.75,96.25,Junta,0,2024-12-21
161114,21.75,96.75,Junta,0,2024-12-21
161115,21.75,97.25,SSPP,12,2024-12-21
161116,21.75,97.75,SSPP,12,2024-12-21
161117,21.75,98.25,SSPP,12,2024-12-21
161118,21.75,98.75,Junta,0,2024-12-21
161119,21.75,99.25,Junta,0,2024-12-21
161120,21.75,99.75,NDAA,14,2024-12-21
161121,21.75,100.25,NDAA,14,2024-12-21
161122,21.75,100.75,NDAA,14,2024-12-21
161123,21.75,101.25,Junta,0,2024-12-21
161826,22.25,92.75,AA,6,2024-12-21
161827,22.25,93.25,Chin Resistance,9,2024-12-21
161828,22.25,93.75,Chin Resistance,9,2024-12-21
161829,22.25,94.25,Junta,0,2024-12-21
161830,22.25,94.75,Junta,0,2024-12-21
161831,22.25,95.25,Junta,0,2024-12-21
161832,22.25,95.75,Junta,0,2024-12-21
161833,22.25,96.25,Junta,0,2024-12-21
161834,22.25,96.75,Junta,0,2024-12-21
161835,22.25,97.25,SSPP,12,2024-12-21
161836,22.25,97.75,SSPP,12,2024-12-21
161837,22.25,98.25,SSPP,12,2024-12-21
161838,22.25,98.75,SSPP,12,2024-12-21
161839,22.25,99.25,UWSA,15,2024-12-21
161840,22.25,99.75,UWSA,15,2024-12-21
162547,22.75,93.25,Chin Resistance,9,2024-12-21
162548,22.75,93.75,Chin Resistance,9,2024-12-21
162549,22.75,94.25,Junta,0,2024-12-21
162550,22.75,94.75,Junta,0,2024-12-21
162551,22.75,95.25,Junta,0,2024-12-21
162552,22.75,95.75,Junta,0,2024-12-21
162553,22.75,96.25,Junta,0,2024-12-21
162554,22.75,96.75,Junta,0,2024-12-21
162555,22.75,97.25,Junta,0,2024-12-21
162556,22.75,97.75,Junta,0,2024-12-21
162557,22.75,98.25,SSPP,12,2024-12-21
162558,22.75,98.75,SSPP,12,2024-12-21
162559,22.75,99.25,UWSA,15,2024-12-21
163267,23.25,93.25,Chin Resistance,9,2024-12-21
163268,23.25,93.75,Chin Resistance,9,2024-12-21
163269,23.25,94.25,Junta,0,2024-12-21
163270,23.25,94.75,Junta,0,2024-12-21
163271,23.25,95.25,Junta,0,2024-12-21
163272,23.25,95.75,Junta,0,2024-12-21
163273,23.25,96.25,Junta,0,2024-12-21
163274,23.25,96.75,KIA,3,2024-12-21
163275,23.25,97.25,Junta,0,2024-12-21
163276,23.25,97.75,Junta,0,2024-12-21
163277,23.25,98.25,Junta,0,2024-12-21
163278,23.25,98.75,UWSA,15,2024-12-21
163279,23.25,99.25,UWSA,15,2024-12-21
163987,23.75,93.25,Chin Resistance,9,2024-12-21
163988,23.75,93.75,Chin Resistance,9,2024-12-21
163989,23.75,94.25,Chin Resistance,9,2024-12-21
163990,23.75,94.75,Junta,0,2024-12-21
163991,23.75,95.25,Junta,0,2024-12-21
163992,23.75,95.75,Junta,0,2024-12-21
163993,23.75,96.25,Junta,0,2024-12-21
163994,23.75,96.75,KIA,3,2024-12-21
163995,23.75,97.25,KIA,3,2024-12-21
163996,23.75,97.75,KIA,3,2024-12-21
163997,23.75,98.25,KIA,3,2024-12-21
163998,23.75,98.75,Junta,0,2024-12-21
164707,24.25,93.25,Chin Resistance,9,2024-12-21
164708,24.25,93.75,Chin Resistance,9,2024-12-21
164709,24.25,94.25,Junta,0,2024-12-21
164710,24.25,94.75,Junta,0,2024-12-21
164711,24.25,95.25,Junta,0,2024-12-21
164712,24.25,95.75,KIA,3,2024-12-21
164713,24.25,96.25,KIA,3,2024-12-21
164714,24.25,96.75,KIA,3,2024-12-21
164715,24.25,97.25,KIA,3,2024-12-21
164716,24.25,97.75,Junta,0,2024-12-21
164717,24.25,98.25,Junta,0,2024-12-21
164718,24.25,98.75,Junta,0,2024-12-21
165430,24.75,94.75,Junta,0,2024-12-21
165431,24.75,95.25,KIA,3,2024-12-21
165432,24.75,95.75,KIA,3,2024-12-21
165433,24.75,96.25,KIA,3,2024-12-21
165434,24.75,96.75,KIA,3,2024-12-21
165435,24.75,97.25,KIA,3,2024-12-21
165436,24.75,97.75,Junta,0,2024-12-21
166150,25.25,94.75,Junta,0,2024-12-21
166151,25.25,95.25,Junta,0,2024-12-21
166152,25.25,95.75,KIA,3,2024-12-21
166153,25.25,96.25,KIA,3,2024-12-21
166154,25.25,96.75,KIA,3,2024-12-21
166155,25.25,97.25,KIA,3,2024-12-21
166156,25.25,97.75,Junta,0,2024-12-21
166870,25.75,94.75,Junta,0,2024-12-21
166871,25.75,95.25,Junta,0,2024-12-21
166872,25.75,95.75,KIA,3,2024-12-21
166873,25.75,96.25,KIA,3,2024-12-21
166874,25.75,96.75,KIA,3,2024-12-21
166875,25.75,97.25,KIA,3,2024-12-21
166876,25.75,97.75,KIA,3,2024-12-21
166877,25.75,98.25,Junta,0,2024-12-21
166878,25.75,98.75,Junta,0,2024-12-21
167591,26.25,95.25,Junta,0,2024-12-21
167592,26.25,95.75,KIA,3,2024-12-21
167593,26.25,96.25,KIA,3,2024-12-21
167594,26.25,96.75,KIA,3,2024-12-21
167595,26.25,97.25,KIA,3,2024-12-21
167596,26.25,97.75,KIA,3,2024-12-21
167597,26.25,98.25,KIA,3,2024-12-21
167598,26.25,98.75,Junta,0,2024-12-21
168311,26.75,95.25,Junta,0,2024-12-21
168312,26.75,95.75,Junta,0,2024-12-21
168313,26.75,96.25,KIA,3,2024-12-21
168314,26.75,96.75,KIA,3,2024-12-21
168315,26.75,97.25,KIA,3,2024-12-21
168316,26.75,97.75,KIA,3,2024-12-21
168317,26.75,98.25,KIA,3,2024-12-21
168318,26.75,98.75,Junta,0,2024-12-21
169033,27.25,96.25,KIA,3,2024-12-21
169034,27.25,96.75,KIA,3,2024-12-21
169035,27.25,97.25,KIA,3,2024-12-21
169036,27.25,97.75,KIA,3,2024-12-21
169037,27.25,98.25,Junta,0,2024-12-21
169038,27.25,98.75,Junta,0,2024-12-21
169754,27.75,96.75,KIA,3,2024-12-21
169755,27.75,97.25,Junta,0,2024-12-21
169756,27.75,97.75,Junta,0,2024-12-21
169757,27.75,98.25,Junta,0,2024-12-21
170475,28.25,97.25,Junta,0,2024-12-21
170476,28.25,97.75,Junta,0,2024-12-21
170477,28.25,98.25,Junta,0,2024-12-21
144558,10.25,98.75,Junta,0,2024-12-22
145277,10.75,98.25,Junta,0,2024-12-22
145278,10.75,98.75,Junta,0,2024-12-22
145998,11.25,98.75,Junta,0,2024-12-22
145999,11.25,99.25,PDF,2,2024-12-22
146717,11.75,98.25,Junta,0,2024-12-22
146718,11.75,98.75,PDF,2,2024-12-22
146719,11.75,99.25,PDF,2,2024-12-22
146720,11.75,99.75,Junta,0,2024-12-22
147437,12.25,98.25,Junta,0,2024-12-22
147438,12.25,98.75,Junta,0,2024-12-22
147439,12.25,99.25,PDF,2,2024-12-22
148157,12.75,98.25,Junta,0,2024-12-22
148158,12.75,98.75,Junta,0,2024-12-22
148159,12.75,99.25,PDF,2,2024-12-22
148878,13.25,98.75,Junta,0,2024-12-22
148879,13.25,99.25,PDF,2,2024-12-22
149597,13.75,98.25,Junta,0,2024-12-22
149598,13.75,98.75,Karen,4,2024-12-22
149599,13.75,99.25,Karen,4,2024-12-22
150317,14.25,98.25,Junta,0,2024-12-22
150318,14.25,98.75,Karen,4,2024-12-22
151036,14.75,97.75,Junta,0,2024-12-22
151037,14.75,98.25,Karen,4,2024-12-22
151756,15.25,97.75,Junta,0,2024-12-22
151757,15.25,98.25,Junta,0,2024-12-22
152471,15.75,95.25,Junta,0,2024-12-22
152472,15.75,95.75,Junta,0,2024-12-22
152476,15.75,97.75,Junta,0,2024-12-22
152477,15.75,98.25,Junta,0,2024-12-22
153189,16.25,94.25,Junta,0,2024-12-22
153190,16.25,94.75,Junta,0,2024-12-22
153191,16.25,95.25,Junta,0,2024-12-22
153192,16.25,95.75,Junta,0,2024-12-22
153193,16.25,96.25,Junta,0,2024-12-22
153196,16.25,97.75,Junta,0,2024-12-22
153197,16.25,98.25,Junta,0,2024-12-22
153198,16.25,98.75,Junta,0,2024-12-22
153909,16.75,94.25,Junta,0,2024-12-22
153910,16.75,94.75,Junta,0,2024-12-22
153911,16.75,95.25,Junta,0,2024-12-22
153912,16.75,95.75,Junta,0,2024-12-22
153913,16.75,96.25,Junta,0,2024-12-22
153914,16.75,96.75,Junta,0,2024-12-22
153915,16.75,97.25,Junta,0,2024-12-22
153916,16.75,97.75,Junta,0,2024-12-22
153917,16.75,98.25,Junta,0,2024-12-22
154630,17.25,94.75,Junta,0,2024-12-22
154631,17.25,95.25,Junta,0,2024-12-22
154632,17.25,95.75,Junta,0,2024-12-22
154633,17.25,96.25,Junta,0,2024-12-22
154634,17.25,96.75,Junta,0,2024-12-22
154635,17.25,97.25,Karen,4,2024-12-22
154636,17.25,97.75,Karen,4,2024-12-22
154637,17.25,98.25,Karen,4,2024-12-22
155350,17.75,94.75,Junta,0,2024-12-22
155351,17.75,95.25,Junta,0,2024-12-22
155352,17.75,95.75,Junta,0,2024-12-22
155353,17.75,96.25,Junta,0,2024-12-22
155354,17.75,96.75,Karen,4,2024-12-22
155355,17.75,97.25,Karen,4,2024-12-22
155356,17.75,97.75,Karen,4,2024-12-22
156069,18.25,94.25,Junta,0,2024-12-22
156070,18.25,94.75,Junta,0,2024-12-22
156071,18.25,95.25,Junta,0,2024-12-22
156072,18.25,95.75,Junta,0,2024-12-22
156073,18.25,96.25,PDF,2,2024-12-22
156074,18.25,96.75,Karen,4,2024-12-22
156075,18.25,97.25,Karen,4,2024-12-22
156076,18.25,97.75,Karen,4,2024-12-22
156788,18.75,93.75,Junta,0,2024-12-22
156789,18.75,94.25,Junta,0,2024-12-22
156790,18.75,94.75,Junta,0,2024-12-22
156791,18.75,95.25,Junta,0,2024-12-22
156792,18.75,95.75,PDF,2,2024-12-22
156793,18.75,96.25,PDF,2,2024-12-22
156794,18.75,96.75,Karen,4,2024-12-22
156795,18.75,97.25,Karenni,5,2024-12-22
156796,18.75,97.75,Karenni,5,2024-12-22
157508,19.25,93.75,Junta,0,2024-12-22
157509,19.25,94.25,Junta,0,2024-12-22
157510,19.25,94.75,Junta,0,2024-12-22
157511,19.25,95.25,Junta,0,2024-12-22
157512,19.25,95.75,Junta,0,2024-12-22
157513,19.25,96.25,Junta,0,2024-12-22
157514,19.25,96.75,Karen,4,2024-12-22
157515,19.25,97.25,Karenni,5,2024-12-22
157516,19.25,97.75,Karenni,5,2024-12-22
158228,19.75,93.75,AA,6,2024-12-22
158229,19.75,94.25,AA,6,2024-12-22
158230,19.75,94.75,Junta,0,2024-12-22
158231,19.75,95.25,Junta,0,2024-12-22
158232,19.75,95.75,Junta,0,2024-12-22
158233,19.75,96.25,Junta,0,2024-12-22
158234,19.75,96.75,Karenni,5,2024-12-22
158235,19.75,97.25,Karenni,5,2024-12-22
158236,19.75,97.75,Junta,0,2024-12-22
158237,19.75,98.25,Junta,0,2024-12-22
158238,19.75,98.75,Junta,0,2024-12-22
158946,20.25,92.75,Junta,0,2024-12-22
158947,20.25,93.25,Junta,0,2024-12-22
158948,20.25,93.75,AA,6,2024-12-22
158949,20.25,94.25,AA,6,2024-12-22
158950,20.25,94.75,Junta,0,2024-12-22
158951,20.25,95.25,Junta,0,2024-12-22
158952,20.25,95.75,Junta,0,2024-12-22
158953,20.25,96.25,Junta,0,2024-12-22
158954,20.25,96.75,Junta,0,2024-12-22
158955,20.25,97.25,Junta,0,2024-12-22
158956,20.25,97.75,Junta,0,2024-12-22
158957,20.25,98.25,Junta,0,2024-12-22
158958,20.25,98.75,Junta,0,2024-12-22
158959,20.25,99.25,Junta,0,2024-12-22
158960,20.25,99.75,Junta,0,2024-12-22
158961,20.25,100.25,Junta,0,2024-12-22
159665,20.75,92.25,Junta,0,2024-12-22
159666,20.75,92.75,AA,6,2024-12-22
159667,20.75,93.25,AA,6,2024-12-22
159668,20.75,93.75,AA,6,2024-12-22
159669,20.75,94.25,AA,6,2024-12-22
159670,20.75,94.75,Junta,0,2024-12-22
159671,20.75,95.25,Junta,0,2024-12-22
159672,20.75,95.75,Junta,0,2024-12-22
159673,20.75,96.25,Junta,0,2024-12-22
159674,20.75,96.75,Junta,0,2024-12-22
159675,20.75,97.25,Junta,0,2024-12-22
159676,20.75,97.75,Junta,0,2024-12-22
159677,20.75,98.25,Junta,0,2024-12-22
159678,20.75,98.75,Junta,0,2024-12-22
159679,20.75,99.25,Junta,0,2024-12-22
159680,20.75,99.75,Junta,0,2024-12-22
159681,20.75,100.25,Junta,0,2024-12-22
160385,21.25,92.25,AA,6,2024-12-22
160386,21.25,92.75,AA,6,2024-12-22
160387,21.25,93.25,Chin Resistance,9,2024-12-22
160388,21.25,93.75,Chin Resistance,9,2024-12-22
160389,21.25,94.25,PDF,2,2024-12-22
160390,21.25,94.75,Junta,0,2024-12-22
160391,21.25,95.25,Junta,0,2024-12-22
160392,21.25,95.75,Junta,0,2024-12-22
160393,21.25,96.25,Junta,0,2024-12-22
160394,21.25,96.75,Junta,0,2024-12-22
160395,21.25,97.25,SSPP,12,2024-12-22
160396,21.25,97.75,SSPP,12,2024-12-22
160397,21.25,98.25,Junta,0,2024-12-22
160398,21.25,98.75,Junta,0,2024-12-22
160399,21.25,99.25,Junta,0,2024-12-22
160400,21.25,99.75,Junta,0,2024-12-22
160401,21.25,100.25,Junta,0,2024-12-22
160402,21.25,100.75,Junta,0,2024-12-22
161105,21.75,92.25,AA,6,2024-12-22
161106,21.75,92.75,AA,6,2024-12-22
161107,21.75,93.25,Chin Resistance,9,2024-12-22
161108,21.75,93.75,Chin Resistance,9,2024-12-22
161109,21.75,94.25,Chin Resistance,9,2024-12-22
161110,21.75,94.75,PDF,2,2024-12-22
161111,21.75,95.25,PDF,2,2024-12-22
161112,21.75,95.75,Junta,0,2024-12-22
161113,21.75,96.25,Junta,0,2024-12-22
161114,21.75,96.75,Junta,0,2024-12-22
161115,21.75,97.25,SSPP,12,2024-12-22
161116,21.75,97.75,SSPP,12,2024-12-22
161117,21.75,98.25,SSPP,12,2024-12-22
161118,21.75,98.75,Junta,0,2024-12-22
161119,21.75,99.25,Junta,0,2024-12-22
161120,21.75,99.75,NDAA,14,2024-12-22
161121,21.75,100.25,NDAA,14,2024-12-22
161122,21.75,100.75,NDAA,14,2024-12-22
161123,21.75,101.25,Junta,0,2024-12-22
161826,22.25,92.75,AA,6,2024-12-22
161827,22.25,93.25,Chin Resistance,9,2024-12-22
161828,22.25,93.75,Chin Resistance,9,2024-12-22
161829,22.25,94.25,Junta,0,2024-12-22
161830,22.25,94.75,Junta,0,2024-12-22
161831,22.25,95.25,Junta,0,2024-12-22
161832,22.25,95.75,Junta,0,2024-12-22
161833,22.25,96.25,Junta,0,2024-12-22
161834,22.25,96.75,Junta,0,2024-12-22
161835,22.25,97.25,SSPP,12,2024-12-22
161836,22.25,97.75,SSPP,12,2024-12-22
161837,22.25,98.25,SSPP,12,2024-12-22
161838,22.25,98.75,SSPP,12,2024-12-22
161839,22.25,99.25,UWSA,15,2024-12-22
161840,22.25,99.75,UWSA,15,2024-12-22
162547,22.75,93.25,Chin Resistance,9,2024-12-22
162548,22.75,93.75,Chin Resistance,9,2024-12-22
162549,22.75,94.25,Junta,0,2024-12-22
162550,22.75,94.75,Junta,0,2024-12-22
162551,22.75,95.25,Junta,0,2024-12-22
162552,22.75,95.75,Junta,0,2024-12-22
162553,22.75,96.25,Junta,0,2024-12-22
162554,22.75,96.75,Junta,0,2024-12-22
162555,22.75,97.25,Junta,0,2024-12-22
162556,22.75,97.75,Junta,0,2024-12-22
162557,22.75,98.25,SSPP,12,2024-12-22
162558,22.75,98.75,SSPP,12,2024-12-22
162559,22.75,99.25,UWSA,15,2024-12-22
163267,23.25,93.25,Chin Resistance,9,2024-12-22
163268,23.25,93.75,Chin Resistance,9,2024-12-22
163269,23.25,94.25,Junta,0,2024-12-22
163270,23.25,94.75,Junta,0,2024-12-22
163271,23.25,95.25,Junta,0,2024-12-22
163272,23.25,95.75,Junta,0,2024-12-22
163273,23.25,96.25,Junta,0,2024-12-22
163274,23.25,96.75,KIA,3,2024-12-22
163275,23.25,97.25,Junta,0,2024-12-22
163276,23.25,97.75,Junta,0,2024-12-22
163277,23.25,98.25,Junta,0,2024-12-22
163278,23.25,98.75,UWSA,15,2024-12-22
163279,23.25,99.25,UWSA,15,2024-12-22
163987,23.75,93.25,Chin Resistance,9,2024-12-22
163988,23.75,93.75,Chin Resistance,9,2024-12-22
163989,23.75,94.25,Chin Resistance,9,2024-12-22
163990,23.75,94.75,Junta,0,2024-12-22
163991,23.75,95.25,Junta,0,2024-12-22
163992,23.75,95.75,Junta,0,2024-12-22
163993,23.75,96.25,Junta,0,2024-12-22
163994,23.75,96.75,KIA,3,2024-12-22
163995,23.75,97.25,KIA,3,2024-12-22
163996,23.75,97.75,KIA,3,2024-12-22
163997,23.75,98.25,KIA,3,2024-12-22
163998,23.75,98.75,Junta,0,2024-12-22
164707,24.25,93.25,Chin Resistance,9,2024-12-22
164708,24.25,93.75,Chin Resistance,9,2024-12-22
164709,24.25,94.25,Junta,0,2024-12-22
164710,24.25,94.75,Junta,0,2024-12-22
164711,24.25,95.25,Junta,0,2024-12-22
164712,24.25,95.75,KIA,3,2024-12-22
164713,24.25,96.25,KIA,3,2024-12-22
164714,24.25,96.75,KIA,3,2024-12-22
164715,24.25,97.25,KIA,3,2024-12-22
164716,24.25,97.75,Junta,0,2024-12-22
164717,24.25,98.25,Junta,0,2024-12-22
164718,24.25,98.75,Junta,0,2024-12-22
165430,24.75,94.75,Junta,0,2024-12-22
165431,24.75,95.25,KIA,3,2024-12-22
165432,24.75,95.75,KIA,3,2024-12-22
165433,24.75,96.25,KIA,3,2024-12-22
165434,24.75,96.75,KIA,3,2024-12-22
165435,24.75,97.25,KIA,3,2024-12-22
165436,24.75,97.75,Junta,0,2024-12-22
166150,25.25,94.75,Junta,0,2024-12-22
166151,25.25,95.25,Junta,0,2024-12-22
166152,25.25,95.75,KIA,3,2024-12-22
166153,25.25,96.25,KIA,3,2024-12-22
166154,25.25,96.75,KIA,3,2024-12-22
166155,25.25,97.25,KIA,3,2024-12-22
166156,25.25,97.75,Junta,0,2024-12-22
166870,25.75,94.75,Junta,0,2024-12-22
166871,25.75,95.25,Junta,0,2024-12-22
166872,25.75,95.75,KIA,3,2024-12-22
166873,25.75,96.25,KIA,3,2024-12-22
166874,25.75,96.75,KIA,3,2024-12-22
166875,25.75,97.25,KIA,3,2024-12-22
166876,25.75,97.75,KIA,3,2024-12-22
166877,25.75,98.25,Junta,0,2024-12-22
166878,25.75,98.75,Junta,0,2024-12-22
167591,26.25,95.25,Junta,0,2024-12-22
167592,26.25,95.75,KIA,3,2024-12-22
167593,26.25,96.25,KIA,3,2024-12-22
167594,26.25,96.75,KIA,3,2024-12-22
167595,26.25,97.25,KIA,3,2024-12-22
167596,26.25,97.75,KIA,3,2024-12-22
167597,26.25,98.25,KIA,3,2024-12-22
167598,26.25,98.75,Junta,0,2024-12-22
168311,26.75,95.25,Junta,0,2024-12-22
168312,26.75,95.75,Junta,0,2024-12-22
168313,26.75,96.25,KIA,3,2024-12-22
168314,26.75,96.75,KIA,3,2024-12-22
168315,26.75,97.25,KIA,3,2024-12-22
168316,26.75,97.75,KIA,3,2024-12-22
168317,26.75,98.25,KIA,3,2024-12-22
168318,26.75,98.75,Junta,0,2024-12-22
169033,27.25,96.25,KIA,3,2024-12-22
169034,27.25,96.75,KIA,3,2024-12-22
169035,27.25,97.25,KIA,3,2024-12-22
169036,27.25,97.75,KIA,3,2024-12-22
169037,27.25,98.25,Junta,0,2024-12-22
169038,27.25,98.75,Junta,0,2024-12-22
169754,27.75,96.75,KIA,3,2024-12-22
169755,27.75,97.25,Junta,0,2024-12-22
169756,27.75,97.75,Junta,0,2024-12-22
169757,27.75,98.25,Junta,0,2024-12-22
170475,28.25,97.25,Junta,0,2024-12-22
170476,28.25,97.75,Junta,0,2024-12-22
170477,28.25,98.25,Junta,0,2024-12-22
144558,10.25,98.75,Junta,0,2024-12-29
145277,10.75,98.25,Junta,0,2024-12-29
145278,10.75,98.75,Junta,0,2024-12-29
145998,11.25,98.75,Junta,0,2024-12-29
145999,11.25,99.25,PDF,2,2024-12-29
146717,11.75,98.25,Junta,0,2024-12-29
146718,11.75,98.75,PDF,2,2024-12-29
146719,11.75,99.25,PDF,2,2024-12-29
146720,11.75,99.75,Junta,0,2024-12-29
147437,12.25,98.25,Junta,0,2024-12-29
147438,12.25,98.75,Junta,0,2024-12-29
147439,12.25,99.25,PDF,2,2024-12-29
148157,12.75,98.25,Junta,0,2024-12-29
148158,12.75,98.75,Junta,0,2024-12-29
148159,12.75,99.25,PDF,2,2024-12-29
148878,13.25,98.75,Junta,0,2024-12-29
148879,13.25,99.25,PDF,2,2024-12-29
149597,13.75,98.25,Junta,0,2024-12-29
149598,13.75,98.75,Karen,4,2024-12-29
149599,13.75,99.25,Karen,4,2024-12-29
150317,14.25,98.25,Junta,0,2024-12-29
150318,14.25,98.75,Karen,4,2024-12-29
151036,14.75,97.75,Junta,0,2024-12-29
151037,14.75,98.25,Karen,4,2024-12-29
151756,15.25,97.75,Junta,0,2024-12-29
151757,15.25,98.25,Junta,0,2024-12-29
152471,15.75,95.25,Junta,0,2024-12-29
152472,15.75,95.75,Junta,0,2024-12-29
152476,15.75,97.75,Junta,0,2024-12-29
152477,15.75,98.25,Junta,0,2024-12-29
153189,16.25,94.25,Junta,0,2024-12-29
153190,16.25,94.75,Junta,0,2024-12-29
153191,16.25,95.25,Junta,0,2024-12-29
153192,16.25,95.75,Junta,0,2024-12-29
153193,16.25,96.25,Junta,0,2024-12-29
153196,16.25,97.75,Junta,0,2024-12-29
153197,16.25,98.25,Junta,0,2024-12-29
153198,16.25,98.75,Junta,0,2024-12-29
153909,16.75,94.25,Junta,0,2024-12-29
153910,16.75,94.75,Junta,0,2024-12-29
153911,16.75,95.25,Junta,0,2024-12-29
153912,16.75,95.75,Junta,0,2024-12-29
153913,16.75,96.25,Junta,0,2024-12-29
153914,16.75,96.75,Junta,0,2024-12-29
153915,16.75,97.25,Junta,0,2024-12-29
153916,16.75,97.75,Junta,0,2024-12-29
153917,16.75,98.25,Junta,0,2024-12-29
154630,17.25,94.75,Junta,0,2024-12-29
154631,17.25,95.25,Junta,0,2024-12-29
154632,17.25,95.75,Junta,0,2024-12-29
154633,17.25,96.25,Junta,0,2024-12-29
154634,17.25,96.75,Junta,0,2024-12-29
154635,17.25,97.25,Karen,4,2024-12-29
154636,17.25,97.75,Karen,4,2024-12-29
154637,17.25,98.25,Karen,4,2024-12-29
155350,17.75,94.75,Junta,0,2024-12-29
155351,17.75,95.25,Junta,0,2024-12-29
155352,17.75,95.75,Junta,0,2024-12-29
155353,17.75,96.25,Junta,0,2024-12-29
155354,17.75,96.75,Karen,4,2024-12-29
155355,17.75,97.25,Karen,4,2024-12-29
155356,17.75,97.75,Karen,4,2024-12-29
156069,18.25,94.25,Junta,0,2024-12-29
156070,18.25,94.75,Junta,0,2024-12-29
156071,18.25,95.25,Junta,0,2024-12-29
156072,18.25,95.75,Junta,0,2024-12-29
156073,18.25,96.25,PDF,2,2024-12-29
156074,18.25,96.75,Karen,4,2024-12-29
156075,18.25,97.25,Karen,4,2024-12-29
156076,18.25,97.75,Karen,4,2024-12-29
156788,18.75,93.75,Junta,0,2024-12-29
156789,18.75,94.25,Junta,0,2024-12-29
156790,18.75,94.75,Junta,0,2024-12-29
156791,18.75,95.25,Junta,0,2024-12-29
156792,18.75,95.75,PDF,2,2024-12-29
156793,18.75,96.25,PDF,2,2024-12-29
156794,18.75,96.75,Karen,4,2024-12-29
156795,18.75,97.25,Karenni,5,2024-12-29
156796,18.75,97.75,Karenni,5,2024-12-29
157508,19.25,93.75,Junta,0,2024-12-29
157509,19.25,94.25,Junta,0,2024-12-29
157510,19.25,94.75,Junta,0,2024-12-29
157511,19.25,95.25,Junta,0,2024-12-29
157512,19.25,95.75,Junta,0,2024-12-29
157513,19.25,96.25,Junta,0,2024-12-29
157514,19.25,96.75,Karen,4,2024-12-29
157515,19.25,97.25,Karenni,5,2024-12-29
157516,19.25,97.75,Karenni,5,2024-12-29
158228,19.75,93.75,AA,6,2024-12-29
158229,19.75,94.25,AA,6,2024-12-29
158230,19.75,94.75,Junta,0,2024-12-29
158231,19.75,95.25,Junta,0,2024-12-29
158232,19.75,95.75,Junta,0,2024-12-29
158233,19.75,96.25,Junta,0,2024-12-29
158234,19.75,96.75,Karenni,5,2024-12-29
158235,19.75,97.25,Karenni,5,2024-12-29
158236,19.75,97.75,Junta,0,2024-12-29
158237,19.75,98.25,Junta,0,2024-12-29
158238,19.75,98.75,Junta,0,2024-12-29
158946,20.25,92.75,Junta,0,2024-12-29
158947,20.25,93.25,Junta,0,2024-12-29
158948,20.25,93.75,AA,6,2024-12-29
158949,20.25,94.25,AA,6,2024-12-29
158950,20.25,94.75,Junta,0,2024-12-29
158951,20.25,95.25,Junta,0,2024-12-29
158952,20.25,95.75,Junta,0,2024-12-29
158953,20.25,96.25,Junta,0,2024-12-29
158954,20.25,96.75,Junta,0,2024-12-29
158955,20.25,97.25,Junta,0,2024-12-29
158956,20.25,97.75,Junta,0,2024-12-29
158957,20.25,98.25,Junta,0,2024-12-29
158958,20.25,98.75,Junta,0,2024-12-29
158959,20.25,99.25,Junta,0,2024-12-29
158960,20.25,99.75,Junta,0,2024-12-29
158961,20.25,100.25,Junta,0,2024-12-29
159665,20.75,92.25,Junta,0,2024-12-29
159666,20.75,92.75,AA,6,2024-12-29
159667,20.75,93.25,AA,6,2024-12-29
159668,20.75,93.75,AA,6,2024-12-29
159669,20.75,94.25,AA,6,2024-12-29
159670,20.75,94.75,Junta,0,2024-12-29
159671,20.75,95.25,Junta,0,2024-12-29
159672,20.75,95.75,Junta,0,2024-12-29
159673,20.75,96.25,Junta,0,2024-12-29
159674,20.75,96.75,Junta,0,2024-12-29
159675,20.75,97.25,Junta,0,2024-12-29
159676,20.75,97.75,Junta,0,2024-12-29
159677,20.75,98.25,Junta,0,2024-12-29
159678,20.75,98.75,Junta,0,2024-12-29
159679,20.75,99.25,Junta,0,2024-12-29
159680,20.75,99.75,Junta,0,2024-12-29
159681,20.75,100.25,Junta,0,2024-12-29
160385,21.25,92.25,AA,6,2024-12-29
160386,21.25,92.75,AA,6,2024-12-29
160387,21.25,93.25,Chin Resistance,9,2024-12-29
160388,21.25,93.75,Chin Resistance,9,2024-12-29
160389,21.25,94.25,PDF,2,2024-12-29
160390,21.25,94.75,Junta,0,2024-12-29
160391,21.25,95.25,Junta,0,2024-12-29
160392,21.25,95.75,Junta,0,2024-12-29
160393,21.25,96.25,Junta,0,2024-12-29
160394,21.25,96.75,Junta,0,2024-12-29
160395,21.25,97.25,SSPP,12,2024-12-29
160396,21.25,97.75,SSPP,12,2024-12-29
160397,21.25,98.25,Junta,0,2024-12-29
160398,21.25,98.75,Junta,0,2024-12-29
160399,21.25,99.25,Junta,0,2024-12-29
160400,21.25,99.75,Junta,0,2024-12-29
160401,21.25,100.25,Junta,0,2024-12-29
160402,21.25,100.75,Junta,0,2024-12-29
161105,21.75,92.25,AA,6,2024-12-29
161106,21.75,92.75,AA,6,2024-12-29
161107,21.75,93.25,Chin Resistance,9,2024-12-29
161108,21.75,93.75,Chin Resistance,9,2024-12-29
161109,21.75,94.25,Chin Resistance,9,2024-12-29
161110,21.75,94.75,PDF,2,2024-12-29
161111,21.75,95.25,PDF,2,2024-12-29
161112,21.75,95.75,Junta,0,2024-12-29
161113,21.75,96.25,Junta,0,2024-12-29
161114,21.75,96.75,Junta,0,2024-12-29
161115,21.75,97.25,SSPP,12,2024-12-29
161116,21.75,97.75,SSPP,12,2024-12-29
161117,21.75,98.25,SSPP,12,2024-12-29
161118,21.75,98.75,Junta,0,2024-12-29
161119,21.75,99.25,Junta,0,2024-12-29
161120,21.75,99.75,NDAA,14,2024-12-29
161121,21.75,100.25,NDAA,14,2024-12-29
161122,21.75,100.75,NDAA,14,2024-12-29
161123,21.75,101.25,Junta,0,2024-12-29
161826,22.25,92.75,AA,6,2024-12-29
161827,22.25,93.25,Chin Resistance,9,2024-12-29
161828,22.25,93.75,Chin Resistance,9,2024-12-29
161829,22.25,94.25,Junta,0,2024-12-29
161830,22.25,94.75,Junta,0,2024-12-29
161831,22.25,95.25,Junta,0,2024-12-29
161832,22.25,95.75,Junta,0,2024-12-29
161833,22.25,96.25,Junta,0,2024-12-29
161834,22.25,96.75,Junta,0,2024-12-29
161835,22.25,97.25,SSPP,12,2024-12-29
161836,22.25,97.75,SSPP,12,2024-12-29
161837,22.25,98.25,SSPP,12,2024-12-29
161838,22.25,98.75,SSPP,12,2024-12-29
161839,22.25,99.25,UWSA,15,2024-12-29
161840,22.25,99.75,UWSA,15,2024-12-29
162547,22.75,93.25,Chin Resistance,9,2024-12-29
162548,22.75,93.75,Chin Resistance,9,2024-12-29
162549,22.75,94.25,Junta,0,2024-12-29
162550,22.75,94.75,Junta,0,2024-12-29
162551,22.75,95.25,Junta,0,2024-12-29
162552,22.75,95.75,Junta,0,2024-12-29
162553,22.75,96.25,Junta,0,2024-12-29
162554,22.75,96.75,Junta,0,2024-12-29
162555,22.75,97.25,Junta,0,2024-12-29
162556,22.75,97.75,Junta,0,2024-12-29
162557,22.75,98.25,SSPP,12,2024-12-29
162558,22.75,98.75,SSPP,12,2024-12-29
162559,22.75,99.25,UWSA,15,2024-12-29
163267,23.25,93.25,Chin Resistance,9,2024-12-29
163268,23.25,93.75,Chin Resistance,9,2024-12-29
163269,23.25,94.25,Junta,0,2024-12-29
163270,23.25,94.75,Junta,0,2024-12-29
163271,23.25,95.25,Junta,0,2024-12-29
163272,23.25,95.75,Junta,0,2024-12-29
163273,23.25,96.25,Junta,0,2024-12-29
163274,23.25,96.75,KIA,3,2024-12-29
163275,23.25,97.25,Junta,0,2024-12-29
163276,23.25,97.75,Junta,0,2024-12-29
163277,23.25,98.25,Junta,0,2024-12-29
163278,23.25,98.75,UWSA,15,2024-12-29
163279,23.25,99.25,UWSA,15,2024-12-29
163987,23.75,93.25,Chin Resistance,9,2024-12-29
163988,23.75,93.75,Chin Resistance,9,2024-12-29
163989,23.75,94.25,Chin Resistance,9,2024-12-29
163990,23.75,94.75,Junta,0,2024-12-29
163991,23.75,95.25,Junta,0,2024-12-29
163992,23.75,95.75,Junta,0,2024-12-29
163993,23.75,96.25,Junta,0,2024-12-29
163994,23.75,96.75,KIA,3,2024-12-29
163995,23.75,97.25,KIA,3,2024-12-29
163996,23.75,97.75,KIA,3,2024-12-29
163997,23.75,98.25,KIA,3,2024-12-29
163998,23.75,98.75,Junta,0,2024-12-29
164707,24.25,93.25,Chin Resistance,9,2024-12-29
164708,24.25,93.75,Chin Resistance,9,2024-12-29
164709,24.25,94.25,Junta,0,2024-12-29
164710,24.25,94.75,Junta,0,2024-12-29
164711,24.25,95.25,Junta,0,2024-12-29
164712,24.25,95.75,KIA,3,2024-12-29
164713,24.25,96.25,KIA,3,2024-12-29
164714,24.25,96.75,KIA,3,2024-12-29
164715,24.25,97.25,KIA,3,2024-12-29
164716,24.25,97.75,Junta,0,2024-12-29
164717,24.25,98.25,Junta,0,2024-12-29
164718,24.25,98.75,Junta,0,2024-12-29
165430,24.75,94.75,Junta,0,2024-12-29
165431,24.75,95.25,KIA,3,2024-12-29
165432,24.75,95.75,KIA,3,2024-12-29
165433,24.75,96.25,KIA,3,2024-12-29
165434,24.75,96.75,KIA,3,2024-12-29
165435,24.75,97.25,KIA,3,2024-12-29
165436,24.75,97.75,Junta,0,2024-12-29
166150,25.25,94.75,Junta,0,2024-12-29
166151,25.25,95.25,Junta,0,2024-12-29
166152,25.25,95.75,KIA,3,2024-12-29
166153,25.25,96.25,KIA,3,2024-12-29
166154,25.25,96.75,KIA,3,2024-12-29
166155,25.25,97.25,KIA,3,2024-12-29
166156,25.25,97.75,Junta,0,2024-12-29
166870,25.75,94.75,Junta,0,2024-12-29
166871,25.75,95.25,Junta,0,2024-12-29
166872,25.75,95.75,KIA,3,2024-12-29
166873,25.75,96.25,KIA,3,2024-12-29
166874,25.75,96.75,KIA,3,2024-12-29
166875,25.75,97.25,KIA,3,2024-12-29
166876,25.75,97.75,KIA,3,2024-12-29
166877,25.75,98.25,Junta,0,2024-12-29
166878,25.75,98.75,Junta,0,2024-12-29
167591,26.25,95.25,Junta,0,2024-12-29
167592,26.25,95.75,KIA,3,2024-12-29
167593,26.25,96.25,KIA,3,2024-12-29
167594,26.25,96.75,KIA,3,2024-12-29
167595,26.25,97.25,KIA,3,2024-12-29
167596,26.25,97.75,KIA,3,2024-12-29
167597,26.25,98.25,KIA,3,2024-12-29
167598,26.25,98.75,Junta,0,2024-12-29
168311,26.75,95.25,Junta,0,2024-12-29
168312,26.75,95.75,Junta,0,2024-12-29
168313,26.75,96.25,KIA,3,2024-12-29
168314,26.75,96.75,KIA,3,2024-12-29
168315,26.75,97.25,KIA,3,2024-12-29
168316,26.75,97.75,KIA,3,2024-12-29
168317,26.75,98.25,KIA,3,2024-12-29
168318,26.75,98.75,Junta,0,2024-12-29
169033,27.25,96.25,KIA,3,2024-12-29
169034,27.25,96.75,KIA,3,2024-12-29
169035,27.25,97.25,KIA,3,2024-12-29
169036,27.25,97.75,KIA,3,2024-12-29
169037,27.25,98.25,Junta,0,2024-12-29
169038,27.25,98.75,Junta,0,2024-12-29
169754,27.75,96.75,KIA,3,2024-12-29
169755,27.75,97.25,Junta,0,2024-12-29
169756,27.75,97.75,Junta,0,2024-12-29
169757,27.75,98.25,Junta,0,2024-12-29
170475,28.25,97.25,Junta,0,2024-12-29
170476,28.25,97.75,Junta,0,2024-12-29
170477,28.25,98.25,Junta,0,2024-12-29
144558,10.25,98.75,Junta,0,2025-01-05
145277,10.75,98.25,Junta,0,2025-01-05
145278,10.75,98.75,Junta,0,2025-01-05
145998,11.25,98.75,Junta,0,2025-01-05
145999,11.25,99.25,PDF,2,2025-01-05
146717,11.75,98.25,Junta,0,2025-01-05
146718,11.75,98.75,PDF,2,2025-01-05
146719,11.75,99.25,PDF,2,2025-01-05
146720,11.75,99.75,Junta,0,2025-01-05
147437,12.25,98.25,Junta,0,2025-01-05
147438,12.25,98.75,Junta,0,2025-01-05
147439,12.25,99.25,PDF,2,2025-01-05
148157,12.75,98.25,Junta,0,2025-01-05
148158,12.75,98.75,Junta,0,2025-01-05
148159,12.75,99.25,PDF,2,2025-01-05
148878,13.25,98.75,Junta,0,2025-01-05
148879,13.25,99.25,PDF,2,2025-01-05
149597,13.75,98.25,Junta,0,2025-01-05
149598,13.75,98.75,Karen,4,2025-01-05
149599,13.75,99.25,Karen,4,2025-01-05
150317,14.25,98.25,Junta,0,2025-01-05
150318,14.25,98.75,Karen,4,2025-01-05
151036,14.75,97.75,Junta,0,2025-01-05
151037,14.75,98.25,Karen,4,2025-01-05
151756,15.25,97.75,Junta,0,2025-01-05
151757,15.25,98.25,Junta,0,2025-01-05
152471,15.75,95.25,Junta,0,2025-01-05
152472,15.75,95.75,Junta,0,2025-01-05
152476,15.75,97.75,Junta,0,2025-01-05
152477,15.75,98.25,Junta,0,2025-01-05
153189,16.25,94.25,Junta,0,2025-01-05
153190,16.25,94.75,Junta,0,2025-01-05
153191,16.25,95.25,Junta,0,2025-01-05
153192,16.25,95.75,Junta,0,2025-01-05
153193,16.25,96.25,Junta,0,2025-01-05
153196,16.25,97.75,Junta,0,2025-01-05
153197,16.25,98.25,Junta,0,2025-01-05
153198,16.25,98.75,Junta,0,2025-01-05
153909,16.75,94.25,Junta,0,2025-01-05
153910,16.75,94.75,Junta,0,2025-01-05
153911,16.75,95.25,Junta,0,2025-01-05
153912,16.75,95.75,Junta,0,2025-01-05
153913,16.75,96.25,Junta,0,2025-01-05
153914,16.75,96.75,Junta,0,2025-01-05
153915,16.75,97.25,Junta,0,2025-01-05
153916,16.75,97.75,Junta,0,2025-01-05
153917,16.75,98.25,Junta,0,2025-01-05
154630,17.25,94.75,Junta,0,2025-01-05
154631,17.25,95.25,Junta,0,2025-01-05
154632,17.25,95.75,Junta,0,2025-01-05
154633,17.25,96.25,Junta,0,2025-01-05
154634,17.25,96.75,Junta,0,2025-01-05
154635,17.25,97.25,Karen,4,2025-01-05
154636,17.25,97.75,Karen,4,2025-01-05
154637,17.25,98.25,Karen,4,2025-01-05
155350,17.75,94.75,Junta,0,2025-01-05
155351,17.75,95.25,Junta,0,2025-01-05
155352,17.75,95.75,Junta,0,2025-01-05
155353,17.75,96.25,Junta,0,2025-01-05
155354,17.75,96.75,Karen,4,2025-01-05
155355,17.75,97.25,Karen,4,2025-01-05
155356,17.75,97.75,Karen,4,2025-01-05
156069,18.25,94.25,Junta,0,2025-01-05
156070,18.25,94.75,Junta,0,2025-01-05
156071,18.25,95.25,Junta,0,2025-01-05
156072,18.25,95.75,Junta,0,2025-01-05
156073,18.25,96.25,PDF,2,2025-01-05
156074,18.25,96.75,Karen,4,2025-01-05
156075,18.25,97.25,Karen,4,2025-01-05
156076,18.25,97.75,Karen,4,2025-01-05
156788,18.75,93.75,Junta,0,2025-01-05
156789,18.75,94.25,Junta,0,2025-01-05
156790,18.75,94.75,Junta,0,2025-01-05
156791,18.75,95.25,Junta,0,2025-01-05
156792,18.75,95.75,PDF,2,2025-01-05
156793,18.75,96.25,PDF,2,2025-01-05
156794,18.75,96.75,Karen,4,2025-01-05
156795,18.75,97.25,Karenni,5,2025-01-05
156796,18.75,97.75,Karenni,5,2025-01-05
157508,19.25,93.75,Junta,0,2025-01-05
157509,19.25,94.25,Junta,0,2025-01-05
157510,19.25,94.75,Junta,0,2025-01-05
157511,19.25,95.25,Junta,0,2025-01-05
157512,19.25,95.75,Junta,0,2025-01-05
157513,19.25,96.25,Junta,0,2025-01-05
157514,19.25,96.75,Karen,4,2025-01-05
157515,19.25,97.25,Karenni,5,2025-01-05
157516,19.25,97.75,Karenni,5,2025-01-05
158228,19.75,93.75,AA,6,2025-01-05
158229,19.75,94.25,AA,6,2025-01-05
158230,19.75,94.75,Junta,0,2025-01-05
158231,19.75,95.25,Junta,0,2025-01-05
158232,19.75,95.75,Junta,0,2025-01-05
158233,19.75,96.25,Junta,0,2025-01-05
158234,19.75,96.75,Karenni,5,2025-01-05
158235,19.75,97.25,Karenni,5,2025-01-05
158236,19.75,97.75,Junta,0,2025-01-05
158237,19.75,98.25,Junta,0,2025-01-05
158238,19.75,98.75,Junta,0,2025-01-05
158946,20.25,92.75,Junta,0,2025-01-05
158947,20.25,93.25,Junta,0,2025-01-05
158948,20.25,93.75,AA,6,2025-01-05
158949,20.25,94.25,AA,6,2025-01-05
158950,20.25,94.75,Junta,0,2025-01-05
158951,20.25,95.25,Junta,0,2025-01-05
158952,20.25,95.75,Junta,0,2025-01-05
158953,20.25,96.25,Junta,0,2025-01-05
158954,20.25,96.75,Junta,0,2025-01-05
158955,20.25,97.25,Junta,0,2025-01-05
158956,20.25,97.75,Junta,0,2025-01-05
158957,20.25,98.25,Junta,0,2025-01-05
158958,20.25,98.75,Junta,0,2025-01-05
158959,20.25,99.25,Junta,0,2025-01-05
158960,20.25,99.75,Junta,0,2025-01-05
158961,20.25,100.25,Junta,0,2025-01-05
159665,20.75,92.25,Junta,0,2025-01-05
159666,20.75,92.75,AA,6,2025-01-05
159667,20.75,93.25,AA,6,2025-01-05
159668,20.75,93.75,AA,6,2025-01-05
159669,20.75,94.25,AA,6,2025-01-05
159670,20.75,94.75,Junta,0,2025-01-05
159671,20.75,95.25,Junta,0,2025-01-05
159672,20.75,95.75,Junta,0,2025-01-05
159673,20.75,96.25,Junta,0,2025-01-05
159674,20.75,96.75,Junta,0,2025-01-05
159675,20.75,97.25,Junta,0,2025-01-05
159676,20.75,97.75,Junta,0,2025-01-05
159677,20.75,98.25,Junta,0,2025-01-05
159678,20.75,98.75,Junta,0,2025-01-05
159679,20.75,99.25,Junta,0,2025-01-05
159680,20.75,99.75,Junta,0,2025-01-05
159681,20.75,100.25,Junta,0,2025-01-05
160385,21.25,92.25,AA,6,2025-01-05
160386,21.25,92.75,AA,6,2025-01-05
160387,21.25,93.25,Chin Resistance,9,2025-01-05
160388,21.25,93.75,Chin Resistance,9,2025-01-05
160389,21.25,94.25,PDF,2,2025-01-05
160390,21.25,94.75,Junta,0,2025-01-05
160391,21.25,95.25,Junta,0,2025-01-05
160392,21.25,95.75,Junta,0,2025-01-05
160393,21.25,96.25,Junta,0,2025-01-05
160394,21.25,96.75,Junta,0,2025-01-05
160395,21.25,97.25,SSPP,12,2025-01-05
160396,21.25,97.75,SSPP,12,2025-01-05
160397,21.25,98.25,Junta,0,2025-01-05
160398,21.25,98.75,Junta,0,2025-01-05
160399,21.25,99.25,Junta,0,2025-01-05
160400,21.25,99.75,Junta,0,2025-01-05
160401,21.25,100.25,Junta,0,2025-01-05
160402,21.25,100.75,Junta,0,2025-01-05
161105,21.75,92.25,AA,6,2025-01-05
161106,21.75,92.75,AA,6,2025-01-05
161107,21.75,93.25,Chin Resistance,9,2025-01-05
161108,21.75,93.75,Chin Resistance,9,2025-01-05
161109,21.75,94.25,Chin Resistance,9,2025-01-05
161110,21.75,94.75,PDF,2,2025-01-05
161111,21.75,95.25,PDF,2,2025-01-05
161112,21.75,95.75,Junta,0,2025-01-05
161113,21.75,96.25,Junta,0,2025-01-05
161114,21.75,96.75,Junta,0,2025-01-05
161115,21.75,97.25,SSPP,12,2025-01-05
161116,21.75,97.75,SSPP,12,2025-01-05
161117,21.75,98.25,SSPP,12,2025-01-05
161118,21.75,98.75,Junta,0,2025-01-05
161119,21.75,99.25,Junta,0,2025-01-05
161120,21.75,99.75,NDAA,14,2025-01-05
161121,21.75,100.25,NDAA,14,2025-01-05
161122,21.75,100.75,NDAA,14,2025-01-05
161123,21.75,101.25,Junta,0,2025-01-05
161826,22.25,92.75,AA,6,2025-01-05
161827,22.25,93.25,Chin Resistance,9,2025-01-05
161828,22.25,93.75,Chin Resistance,9,2025-01-05
161829,22.25,94.25,Junta,0,2025-01-05
161830,22.25,94.75,Junta,0,2025-01-05
161831,22.25,95.25,Junta,0,2025-01-05
161832,22.25,95.75,Junta,0,2025-01-05
161833,22.25,96.25,Junta,0,2025-01-05
161834,22.25,96.75,Junta,0,2025-01-05
161835,22.25,97.25,SSPP,12,2025-01-05
161836,22.25,97.75,SSPP,12,2025-01-05
161837,22.25,98.25,SSPP,12,2025-01-05
161838,22.25,98.75,SSPP,12,2025-01-05
161839,22.25,99.25,UWSA,15,2025-01-05
161840,22.25,99.75,UWSA,15,2025-01-05
162547,22.75,93.25,Chin Resistance,9,2025-01-05
162548,22.75,93.75,Chin Resistance,9,2025-01-05
162549,22.75,94.25,Junta,0,2025-01-05
162550,22.75,94.75,Junta,0,2025-01-05
162551,22.75,95.25,Junta,0,2025-01-05
162552,22.75,95.75,Junta,0,2025-01-05
162553,22.75,96.25,Junta,0,2025-01-05
162554,22.75,96.75,Junta,0,2025-01-05
162555,22.75,97.25,Junta,0,2025-01-05
162556,22.75,97.75,Junta,0,2025-01-05
162557,22.75,98.25,SSPP,12,2025-01-05
162558,22.75,98.75,SSPP,12,2025-01-05
162559,22.75,99.25,UWSA,15,2025-01-05
163267,23.25,93.25,Chin Resistance,9,2025-01-05
163268,23.25,93.75,Chin Resistance,9,2025-01-05
163269,23.25,94.25,Junta,0,2025-01-05
163270,23.25,94.75,Junta,0,2025-01-05
163271,23.25,95.25,Junta,0,2025-01-05
163272,23.25,95.75,Junta,0,2025-01-05
163273,23.25,96.25,Junta,0,2025-01-05
163274,23.25,96.75,KIA,3,2025-01-05
163275,23.25,97.25,Junta,0,2025-01-05
163276,23.25,97.75,Junta,0,2025-01-05
163277,23.25,98.25,Junta,0,2025-01-05
163278,23.25,98.75,UWSA,15,2025-01-05
163279,23.25,99.25,UWSA,15,2025-01-05
163987,23.75,93.25,Chin Resistance,9,2025-01-05
163988,23.75,93.75,Chin Resistance,9,2025-01-05
163989,23.75,94.25,Chin Resistance,9,2025-01-05
163990,23.75,94.75,Junta,0,2025-01-05
163991,23.75,95.25,Junta,0,2025-01-05
163992,23.75,95.75,Junta,0,2025-01-05
163993,23.75,96.25,Junta,0,2025-01-05
163994,23.75,96.75,KIA,3,2025-01-05
163995,23.75,97.25,KIA,3,2025-01-05
163996,23.75,97.75,KIA,3,2025-01-05
163997,23.75,98.25,KIA,3,2025-01-05
163998,23.75,98.75,Junta,0,2025-01-05
164707,24.25,93.25,Chin Resistance,9,2025-01-05
164708,24.25,93.75,Chin Resistance,9,2025-01-05
164709,24.25,94.25,Junta,0,2025-01-05
164710,24.25,94.75,Junta,0,2025-01-05
164711,24.25,95.25,Junta,0,2025-01-05
164712,24.25,95.75,KIA,3,2025-01-05
164713,24.25,96.25,KIA,3,2025-01-05
164714,24.25,96.75,KIA,3,2025-01-05
164715,24.25,97.25,KIA,3,2025-01-05
164716,24.25,97.75,Junta,0,2025-01-05
164717,24.25,98.25,Junta,0,2025-01-05
164718,24.25,98.75,Junta,0,2025-01-05
165430,24.75,94.75,Junta,0,2025-01-05
165431,24.75,95.25,KIA,3,2025-01-05
165432,24.75,95.75,KIA,3,2025-01-05
165433,24.75,96.25,KIA,3,2025-01-05
165434,24.75,96.75,KIA,3,2025-01-05
165435,24.75,97.25,KIA,3,2025-01-05
165436,24.75,97.75,Junta,0,2025-01-05
166150,25.25,94.75,Junta,0,2025-01-05
166151,25.25,95.25,Junta,0,2025-01-05
166152,25.25,95.75,KIA,3,2025-01-05
166153,25.25,96.25,KIA,3,2025-01-05
166154,25.25,96.75,KIA,3,2025-01-05
166155,25.25,97.25,KIA,3,2025-01-05
166156,25.25,97.75,Junta,0,2025-01-05
166870,25.75,94.75,Junta,0,2025-01-05
166871,25.75,95.25,Junta,0,2025-01-05
166872,25.75,95.75,KIA,3,2025-01-05
166873,25.75,96.25,KIA,3,2025-01-05
166874,25.75,96.75,KIA,3,2025-01-05
166875,25.75,97.25,KIA,3,2025-01-05
166876,25.75,97.75,KIA,3,2025-01-05
166877,25.75,98.25,Junta,0,2025-01-05
166878,25.75,98.75,Junta,0,2025-01-05
167591,26.25,95.25,Junta,0,2025-01-05
167592,26.25,95.75,KIA,3,2025-01-05
167593,26.25,96.25,KIA,3,2025-01-05
167594,26.25,96.75,KIA,3,2025-01-05
167595,26.25,97.25,KIA,3,2025-01-05
167596,26.25,97.75,KIA,3,2025-01-05
167597,26.25,98.25,KIA,3,2025-01-05
167598,26.25,98.75,Junta,0,2025-01-05
168311,26.75,95.25,Junta,0,2025-01-05
168312,26.75,95.75,Junta,0,2025-01-05
168313,26.75,96.25,KIA,3,2025-01-05
168314,26.75,96.75,KIA,3,2025-01-05
168315,26.75,97.25,KIA,3,2025-01-05
168316,26.75,97.75,KIA,3,2025-01-05
168317,26.75,98.25,KIA,3,2025-01-05
168318,26.75,98.75,Junta,0,2025-01-05
169033,27.25,96.25,KIA,3,2025-01-05
169034,27.25,96.75,KIA,3,2025-01-05
169035,27.25,97.25,KIA,3,2025-01-05
169036,27.25,97.75,KIA,3,2025-01-05
169037,27.25,98.25,Junta,0,2025-01-05
169038,27.25,98.75,Junta,0,2025-01-05
169754,27.75,96.75,KIA,3,2025-01-05
169755,27.75,97.25,Junta,0,2025-01-05
169756,27.75,97.75,Junta,0,2025-01-05
169757,27.75,98.25,Junta,0,2025-01-05
170475,28.25,97.25,Junta,0,2025-01-05
170476,28.25,97.75,Junta,0,2025-01-05
170477,28.25,98.25,Junta,0,2025-01-05
144558,10.25,98.75,Junta,0,2025-02-04
145277,10.75,98.25,Junta,0,2025-02-04
145278,10.75,98.75,Junta,0,2025-02-04
145998,11.25,98.75,Junta,0,2025-02-04
145999,11.25,99.25,PDF,2,2025-02-04
146717,11.75,98.25,Junta,0,2025-02-04
146718,11.75,98.75,PDF,2,2025-02-04
146719,11.75,99.25,PDF,2,2025-02-04
146720,11.75,99.75,Junta,0,2025-02-04
147437,12.25,98.25,Junta,0,2025-02-04
147438,12.25,98.75,Junta,0,2025-02-04
147439,12.25,99.25,PDF,2,2025-02-04
148157,12.75,98.25,Junta,0,2025-02-04
148158,12.75,98.75,Junta,0,2025-02-04
148159,12.75,99.25,PDF,2,2025-02-04
148878,13.25,98.75,Junta,0,2025-02-04
148879,13.25,99.25,PDF,2,2025-02-04
149597,13.75,98.25,Junta,0,2025-02-04
149598,13.75,98.75,Karen,4,2025-02-04
149599,13.75,99.25,Karen,4,2025-02-04
150317,14.25,98.25,Junta,0,2025-02-04
150318,14.25,98.75,Karen,4,2025-02-04
151036,14.75,97.75,Junta,0,2025-02-04
151037,14.75,98.25,Karen,4,2025-02-04
151756,15.25,97.75,Junta,0,2025-02-04
151757,15.25,98.25,Junta,0,2025-02-04
152471,15.75,95.25,Junta,0,2025-02-04
152472,15.75,95.75,Junta,0,2025-02-04
152476,15.75,97.75,Junta,0,2025-02-04
152477,15.75,98.25,Junta,0,2025-02-04
153189,16.25,94.25,Junta,0,2025-02-04
153190,16.25,94.75,Junta,0,2025-02-04
153191,16.25,95.25,Junta,0,2025-02-04
153192,16.25,95.75,Junta,0,2025-02-04
153193,16.25,96.25,Junta,0,2025-02-04
153196,16.25,97.75,Junta,0,2025-02-04
153197,16.25,98.25,Junta,0,2025-02-04
153198,16.25,98.75,Junta,0,2025-02-04
153909,16.75,94.25,Junta,0,2025-02-04
153910,16.75,94.75,Junta,0,2025-02-04
153911,16.75,95.25,Junta,0,2025-02-04
153912,16.75,95.75,Junta,0,2025-02-04
153913,16.75,96.25,Junta,0,2025-02-04
153914,16.75,96.75,Junta,0,2025-02-04
153915,16.75,97.25,Junta,0,2025-02-04
153916,16.75,97.75,Junta,0,2025-02-04
153917,16.75,98.25,Junta,0,2025-02-04
154630,17.25,94.75,Junta,0,2025-02-04
154631,17.25,95.25,Junta,0,2025-02-04
154632,17.25,95.75,Junta,0,2025-02-04
154633,17.25,96.25,Junta,0,2025-02-04
154634,17.25,96.75,Junta,0,2025-02-04
154635,17.25,97.25,Karen,4,2025-02-04
154636,17.25,97.75,Karen,4,2025-02-04
154637,17.25,98.25,Karen,4,2025-02-04
155350,17.75,94.75,Junta,0,2025-02-04
155351,17.75,95.25,Junta,0,2025-02-04
155352,17.75,95.75,Junta,0,2025-02-04
155353,17.75,96.25,Junta,0,2025-02-04
155354,17.75,96.75,Karen,4,2025-02-04
155355,17.75,97.25,Karen,4,2025-02-04
155356,17.75,97.75,Karen,4,2025-02-04
156069,18.25,94.25,Junta,0,2025-02-04
156070,18.25,94.75,Junta,0,2025-02-04
156071,18.25,95.25,Junta,0,2025-02-04
156072,18.25,95.75,Junta,0,2025-02-04
156073,18.25,96.25,PDF,2,2025-02-04
156074,18.25,96.75,Karen,4,2025-02-04
156075,18.25,97.25,Karen,4,2025-02-04
156076,18.25,97.75,Karen,4,2025-02-04
156788,18.75,93.75,Junta,0,2025-02-04
156789,18.75,94.25,Junta,0,2025-02-04
156790,18.75,94.75,Junta,0,2025-02-04
156791,18.75,95.25,Junta,0,2025-02-04
156792,18.75,95.75,PDF,2,2025-02-04
156793,18.75,96.25,PDF,2,2025-02-04
156794,18.75,96.75,Karen,4,2025-02-04
156795,18.75,97.25,Karenni,5,2025-02-04
156796,18.75,97.75,Karenni,5,2025-02-04
157508,19.25,93.75,Junta,0,2025-02-04
157509,19.25,94.25,Junta,0,2025-02-04
157510,19.25,94.75,Junta,0,2025-02-04
157511,19.25,95.25,Junta,0,2025-02-04
157512,19.25,95.75,Junta,0,2025-02-04
157513,19.25,96.25,Junta,0,2025-02-04
157514,19.25,96.75,Karen,4,2025-02-04
157515,19.25,97.25,Karenni,5,2025-02-04
157516,19.25,97.75,Karenni,5,2025-02-04
158228,19.75,93.75,AA,6,2025-02-04
158229,19.75,94.25,AA,6,2025-02-04
158230,19.75,94.75,Junta,0,2025-02-04
158231,19.75,95.25,Junta,0,2025-02-04
158232,19.75,95.75,Junta,0,2025-02-04
158233,19.75,96.25,Junta,0,2025-02-04
158234,19.75,96.75,Karenni,5,2025-02-04
158235,19.75,97.25,Karenni,5,2025-02-04
158236,19.75,97.75,Junta,0,2025-02-04
158237,19.75,98.25,Junta,0,2025-02-04
158238,19.75,98.75,Junta,0,2025-02-04
158946,20.25,92.75,Junta,0,2025-02-04
158947,20.25,93.25,Junta,0,2025-02-04
158948,20.25,93.75,AA,6,2025-02-04
158949,20.25,94.25,AA,6,2025-02-04
158950,20.25,94.75,Junta,0,2025-02-04
158951,20.25,95.25,Junta,0,2025-02-04
158952,20.25,95.75,Junta,0,2025-02-04
158953,20.25,96.25,Junta,0,2025-02-04
158954,20.25,96.75,Junta,0,2025-02-04
158955,20.25,97.25,Junta,0,2025-02-04
158956,20.25,97.75,Junta,0,2025-02-04
158957,20.25,98.25,Junta,0,2025-02-04
158958,20.25,98.75,Junta,0,2025-02-04
158959,20.25,99.25,Junta,0,2025-02-04
158960,20.25,99.75,Junta,0,2025-02-04
158961,20.25,100.25,Junta,0,2025-02-04
159665,20.75,92.25,Junta,0,2025-02-04
159666,20.75,92.75,AA,6,2025-02-04
159667,20.75,93.25,AA,6,2025-02-04
159668,20.75,93.75,AA,6,2025-02-04
159669,20.75,94.25,AA,6,2025-02-04
159670,20.75,94.75,Junta,0,2025-02-04
159671,20.75,95.25,Junta,0,2025-02-04
159672,20.75,95.75,Junta,0,2025-02-04
159673,20.75,96.25,Junta,0,2025-02-04
159674,20.75,96.75,Junta,0,2025-02-04
159675,20.75,97.25,Junta,0,2025-02-04
159676,20.75,97.75,Junta,0,2025-02-04
159677,20.75,98.25,Junta,0,2025-02-04
159678,20.75,98.75,Junta,0,2025-02-04
159679,20.75,99.25,Junta,0,2025-02-04
159680,20.75,99.75,Junta,0,2025-02-04
159681,20.75,100.25,Junta,0,2025-02-04
160385,21.25,92.25,AA,6,2025-02-04
160386,21.25,92.75,AA,6,2025-02-04
160387,21.25,93.25,Chin Resistance,9,2025-02-04
160388,21.25,93.75,Chin Resistance,9,2025-02-04
160389,21.25,94.25,PDF,2,2025-02-04
160390,21.25,94.75,Junta,0,2025-02-04
160391,21.25,95.25,Junta,0,2025-02-04
160392,21.25,95.75,Junta,0,2025-02-04
160393,21.25,96.25,Junta,0,2025-02-04
160394,21.25,96.75,Junta,0,2025-02-04
160395,21.25,97.25,SSPP,12,2025-02-04
160396,21.25,97.75,SSPP,12,2025-02-04
160397,21.25,98.25,Junta,0,2025-02-04
160398,21.25,98.75,Junta,0,2025-02-04
160399,21.25,99.25,Junta,0,2025-02-04
160400,21.25,99.75,Junta,0,2025-02-04
160401,21.25,100.25,Junta,0,2025-02-04
160402,21.25,100.75,Junta,0,2025-02-04
161105,21.75,92.25,AA,6,2025-02-04
161106,21.75,92.75,AA,6,2025-02-04
161107,21.75,93.25,Chin Resistance,9,2025-02-04
161108,21.75,93.75,Chin Resistance,9,2025-02-04
161109,21.75,94.25,Chin Resistance,9,2025-02-04
161110,21.75,94.75,PDF,2,2025-02-04
161111,21.75,95.25,PDF,2,2025-02-04
161112,21.75,95.75,Junta,0,2025-02-04
161113,21.75,96.25,Junta,0,2025-02-04
161114,21.75,96.75,Junta,0,2025-02-04
161115,21.75,97.25,SSPP,12,2025-02-04
161116,21.75,97.75,SSPP,12,2025-02-04
161117,21.75,98.25,SSPP,12,2025-02-04
161118,21.75,98.75,Junta,0,2025-02-04
161119,21.75,99.25,Junta,0,2025-02-04
161120,21.75,99.75,NDAA,14,2025-02-04
161121,21.75,100.25,NDAA,14,2025-02-04
161122,21.75,100.75,NDAA,14,2025-02-04
161123,21.75,101.25,Junta,0,2025-02-04
161826,22.25,92.75,AA,6,2025-02-04
161827,22.25,93.25,Chin Resistance,9,2025-02-04
161828,22.25,93.75,Chin Resistance,9,2025-02-04
161829,22.25,94.25,Junta,0,2025-02-04
161830,22.25,94.75,Junta,0,2025-02-04
161831,22.25,95.25,Junta,0,2025-02-04
161832,22.25,95.75,Junta,0,2025-02-04
161833,22.25,96.25,Junta,0,2025-02-04
161834,22.25,96.75,Junta,0,2025-02-04
161835,22.25,97.25,SSPP,12,2025-02-04
161836,22.25,97.75,SSPP,12,2025-02-04
161837,22.25,98.25,SSPP,12,2025-02-04
161838,22.25,98.75,SSPP,12,2025-02-04
161839,22.25,99.25,UWSA,15,2025-02-04
161840,22.25,99.75,UWSA,15,2025-02-04
162547,22.75,93.25,Chin Resistance,9,2025-02-04
162548,22.75,93.75,Chin Resistance,9,2025-02-04
162549,22.75,94.25,Junta,0,2025-02-04
162550,22.75,94.75,Junta,0,2025-02-04
162551,22.75,95.25,Junta,0,2025-02-04
162552,22.75,95.75,Junta,0,2025-02-04
162553,22.75,96.25,Junta,0,2025-02-04
162554,22.75,96.75,Junta,0,2025-02-04
162555,22.75,97.25,Junta,0,2025-02-04
162556,22.75,97.75,Junta,0,2025-02-04
162557,22.75,98.25,SSPP,12,2025-02-04
162558,22.75,98.75,SSPP,12,2025-02-04
162559,22.75,99.25,UWSA,15,2025-02-04
163267,23.25,93.25,Chin Resistance,9,2025-02-04
163268,23.25,93.75,Chin Resistance,9,2025-02-04
163269,23.25,94.25,Junta,0,2025-02-04
163270,23.25,94.75,Junta,0,2025-02-04
163271,23.25,95.25,Junta,0,2025-02-04
163272,23.25,95.75,Junta,0,2025-02-04
163273,23.25,96.25,Junta,0,2025-02-04
163274,23.25,96.75,KIA,3,2025-02-04
163275,23.25,97.25,Junta,0,2025-02-04
163276,23.25,97.75,Junta,0,2025-02-04
163277,23.25,98.25,Junta,0,2025-02-04
163278,23.25,98.75,UWSA,15,2025-02-04
163279,23.25,99.25,UWSA,15,2025-02-04
163987,23.75,93.25,Chin Resistance,9,2025-02-04
163988,23.75,93.75,Chin Resistance,9,2025-02-04
163989,23.75,94.25,Chin Resistance,9,2025-02-04
163990,23.75,94.75,Junta,0,2025-02-04
163991,23.75,95.25,Junta,0,2025-02-04
163992,23.75,95.75,Junta,0,2025-02-04
163993,23.75,96.25,Junta,0,2025-02-04
163994,23.75,96.75,KIA,3,2025-02-04
163995,23.75,97.25,KIA,3,2025-02-04
163996,23.75,97.75,KIA,3,2025-02-04
163997,23.75,98.25,KIA,3,2025-02-04
163998,23.75,98.75,Junta,0,2025-02-04
164707,24.25,93.25,Chin Resistance,9,2025-02-04
164708,24.25,93.75,Chin Resistance,9,2025-02-04
164709,24.25,94.25,Junta,0,2025-02-04
164710,24.25,94.75,Junta,0,2025-02-04
164711,24.25,95.25,Junta,0,2025-02-04
164712,24.25,95.75,KIA,3,2025-02-04
164713,24.25,96.25,KIA,3,2025-02-04
164714,24.25,96.75,KIA,3,2025-02-04
164715,24.25,97.25,KIA,3,2025-02-04
164716,24.25,97.75,Junta,0,2025-02-04
164717,24.25,98.25,Junta,0,2025-02-04
164718,24.25,98.75,Junta,0,2025-02-04
165430,24.75,94.75,Junta,0,2025-02-04
165431,24.75,95.25,KIA,3,2025-02-04
165432,24.75,95.75,KIA,3,2025-02-04
165433,24.75,96.25,KIA,3,2025-02-04
165434,24.75,96.75,KIA,3,2025-02-04
165435,24.75,97.25,KIA,3,2025-02-04
165436,24.75,97.75,Junta,0,2025-02-04
166150,25.25,94.75,Junta,0,2025-02-04
166151,25.25,95.25,Junta,0,2025-02-04
166152,25.25,95.75,KIA,3,2025-02-04
166153,25.25,96.25,KIA,3,2025-02-04
166154,25.25,96.75,KIA,3,2025-02-04
166155,25.25,97.25,KIA,3,2025-02-04
166156,25.25,97.75,Junta,0,2025-02-04
166870,25.75,94.75,Junta,0,2025-02-04
166871,25.75,95.25,Junta,0,2025-02-04
166872,25.75,95.75,KIA,3,2025-02-04
166873,25.75,96.25,KIA,3,2025-02-04
166874,25.75,96.75,KIA,3,2025-02-04
166875,25.75,97.25,KIA,3,2025-02-04
166876,25.75,97.75,KIA,3,2025-02-04
166877,25.75,98.25,Junta,0,2025-02-04
166878,25.75,98.75,Junta,0,2025-02-04
167591,26.25,95.25,Junta,0,2025-02-04
167592,26.25,95.75,KIA,3,2025-02-04
167593,26.25,96.25,KIA,3,2025-02-04
167594,26.25,96.75,KIA,3,2025-02-04
167595,26.25,97.25,KIA,3,2025-02-04
167596,26.25,97.75,KIA,3,2025-02-04
167597,26.25,98.25,KIA,3,2025-02-04
167598,26.25,98.75,Junta,0,2025-02-04
168311,26.75,95.25,Junta,0,2025-02-04
168312,26.75,95.75,Junta,0,2025-02-04
168313,26.75,96.25,KIA,3,2025-02-04
168314,26.75,96.75,KIA,3,2025-02-04
168315,26.75,97.25,KIA,3,2025-02-04
168316,26.75,97.75,KIA,3,2025-02-04
168317,26.75,98.25,KIA,3,2025-02-04
168318,26.75,98.75,Junta,0,2025-02-04
169033,27.25,96.25,KIA,3,2025-02-04
169034,27.25,96.75,KIA,3,2025-02-04
169035,27.25,97.25,KIA,3,2025-02-04
169036,27.25,97.75,KIA,3,2025-02-04
169037,27.25,98.25,Junta,0,2025-02-04
169038,27.25,98.75,Junta,0,2025-02-04
169754,27.75,96.75,KIA,3,2025-02-04
169755,27.75,97.25,Junta,0,2025-02-04
169756,27.75,97.75,Junta,0,2025-02-04
169757,27.75,98.25,Junta,0,2025-02-04
170475,28.25,97.25,Junta,0,2025-02-04
170476,28.25,97.75,Junta,0,2025-02-04
170477,28.25,98.25,Junta,0,2025-02-04
144558,10.25,98.75,Junta,0,2025-03-09
145277,10.75,98.25,Junta,0,2025-03-09
145278,10.75,98.75,Junta,0,2025-03-09
145998,11.25,98.75,Junta,0,2025-03-09
145999,11.25,99.25,PDF,2,2025-03-09
146717,11.75,98.25,Junta,0,2025-03-09
146718,11.75,98.75,Junta,0,2025-03-09
146719,11.75,99.25,PDF,2,2025-03-09
146720,11.75,99.75,Junta,0,2025-03-09
147437,12.25,98.25,Junta,0,2025-03-09
147438,12.25,98.75,Junta,0,2025-03-09
147439,12.25,99.25,PDF,2,2025-03-09
148157,12.75,98.25,Junta,0,2025-03-09
148158,12.75,98.75,Junta,0,2025-03-09
148159,12.75,99.25,PDF,2,2025-03-09
148878,13.25,98.75,Junta,0,2025-03-09
148879,13.25,99.25,PDF,2,2025-03-09
149597,13.75,98.25,Junta,0,2025-03-09
149598,13.75,98.75,Karen,4,2025-03-09
149599,13.75,99.25,Karen,4,2025-03-09
150317,14.25,98.25,Junta,0,2025-03-09
150318,14.25,98.75,Karen,4,2025-03-09
151036,14.75,97.75,Junta,0,2025-03-09
151037,14.75,98.25,Karen,4,2025-03-09
151756,15.25,97.75,Junta,0,2025-03-09
151757,15.25,98.25,Junta,0,2025-03-09
152471,15.75,95.25,Junta,0,2025-03-09
152472,15.75,95.75,Junta,0,2025-03-09
152476,15.75,97.75,Junta,0,2025-03-09
152477,15.75,98.25,Junta,0,2025-03-09
153189,16.25,94.25,Junta,0,2025-03-09
153190,16.25,94.75,Junta,0,2025-03-09
153191,16.25,95.25,Junta,0,2025-03-09
153192,16.25,95.75,Junta,0,2025-03-09
153193,16.25,96.25,Junta,0,2025-03-09
153196,16.25,97.75,Junta,0,2025-03-09
153197,16.25,98.25,Junta,0,2025-03-09
153198,16.25,98.75,Junta,0,2025-03-09
153909,16.75,94.25,Junta,0,2025-03-09
153910,16.75,94.75,Junta,0,2025-03-09
153911,16.75,95.25,Junta,0,2025-03-09
153912,16.75,95.75,Junta,0,2025-03-09
153913,16.75,96.25,Junta,0,2025-03-09
153914,16.75,96.75,Junta,0,2025-03-09
153915,16.75,97.25,Junta,0,2025-03-09
153916,16.75,97.75,Junta,0,2025-03-09
153917,16.75,98.25,Junta,0,2025-03-09
154630,17.25,94.75,Junta,0,2025-03-09
154631,17.25,95.25,Junta,0,2025-03-09
154632,17.25,95.75,Junta,0,2025-03-09
154633,17.25,96.25,Junta,0,2025-03-09
154634,17.25,96.75,Junta,0,2025-03-09
154635,17.25,97.25,Karen,4,2025-03-09
154636,17.25,97.75,Karen,4,2025-03-09
154637,17.25,98.25,Karen,4,2025-03-09
155350,17.75,94.75,Junta,0,2025-03-09
155351,17.75,95.25,Junta,0,2025-03-09
155352,17.75,95.75,Junta,0,2025-03-09
155353,17.75,96.25,Junta,0,2025-03-09
155354,17.75,96.75,Karen,4,2025-03-09
155355,17.75,97.25,Karen,4,2025-03-09
155356,17.75,97.75,Karen,4,2025-03-09
156069,18.25,94.25,Junta,0,2025-03-09
156070,18.25,94.75,Junta,0,2025-03-09
156071,18.25,95.25,Junta,0,2025-03-09
156072,18.25,95.75,Junta,0,2025-03-09
156073,18.25,96.25,PDF,2,2025-03-09
156074,18.25,96.75,Karen,4,2025-03-09
156075,18.25,97.25,Karen,4,2025-03-09
156076,18.25,97.75,Karen,4,2025-03-09
156788,18.75,93.75,Junta,0,2025-03-09
156789,18.75,94.25,Junta,0,2025-03-09
156790,18.75,94.75,Junta,0,2025-03-09
156791,18.75,95.25,Junta,0,2025-03-09
156792,18.75,95.75,PDF,2,2025-03-09
156793,18.75,96.25,PDF,2,2025-03-09
156794,18.75,96.75,Karen,4,2025-03-09
156795,18.75,97.25,Karenni,5,2025-03-09
156796,18.75,97.75,Karenni,5,2025-03-09
157508,19.25,93.75,Junta,0,2025-03-09
157509,19.25,94.25,Junta,0,2025-03-09
157510,19.25,94.75,Junta,0,2025-03-09
157511,19.25,95.25,Junta,0,2025-03-09
157512,19.25,95.75,Junta,0,2025-03-09
157513,19.25,96.25,Junta,0,2025-03-09
157514,19.25,96.75,Karen,4,2025-03-09
157515,19.25,97.25,Karenni,5,2025-03-09
157516,19.25,97.75,Karenni,5,2025-03-09
158228,19.75,93.75,AA,6,2025-03-09
158229,19.75,94.25,AA,6,2025-03-09
158230,19.75,94.75,Junta,0,2025-03-09
158231,19.75,95.25,Junta,0,2025-03-09
158232,19.75,95.75,Junta,0,2025-03-09
158233,19.75,96.25,Junta,0,2025-03-09
158234,19.75,96.75,Karenni,5,2025-03-09
158235,19.75,97.25,Karenni,5,2025-03-09
158236,19.75,97.75,Junta,0,2025-03-09
158237,19.75,98.25,Junta,0,2025-03-09
158238,19.75,98.75,Junta,0,2025-03-09
158946,20.25,92.75,Junta,0,2025-03-09
158947,20.25,93.25,Junta,0,2025-03-09
158948,20.25,93.75,AA,6,2025-03-09
158949,20.25,94.25,AA,6,2025-03-09
158950,20.25,94.75,Junta,0,2025-03-09
158951,20.25,95.25,Junta,0,2025-03-09
158952,20.25,95.75,Junta,0,2025-03-09
158953,20.25,96.25,Junta,0,2025-03-09
158954,20.25,96.75,Junta,0,2025-03-09
158955,20.25,97.25,Junta,0,2025-03-09
158956,20.25,97.75,Junta,0,2025-03-09
158957,20.25,98.25,Junta,0,2025-03-09
158958,20.25,98.75,Junta,0,2025-03-09
158959,20.25,99.25,Junta,0,2025-03-09
158960,20.25,99.75,Junta,0,2025-03-09
158961,20.25,100.25,Junta,0,2025-03-09
159665,20.75,92.25,Junta,0,2025-03-09
159666,20.75,92.75,AA,6,2025-03-09
159667,20.75,93.25,AA,6,2025-03-09
159668,20.75,93.75,AA,6,2025-03-09
159669,20.75,94.25,AA,6,2025-03-09
159670,20.75,94.75,Junta,0,2025-03-09
159671,20.75,95.25,Junta,0,2025-03-09
159672,20.75,95.75,Junta,0,2025-03-09
159673,20.75,96.25,Junta,0,2025-03-09
159674,20.75,96.75,Junta,0,2025-03-09
159675,20.75,97.25,Junta,0,2025-03-09
159676,20.75,97.75,Junta,0,2025-03-09
159677,20.75,98.25,Junta,0,2025-03-09
159678,20.75,98.75,Junta,0,2025-03-09
159679,20.75,99.25,Junta,0,2025-03-09
159680,20.75,99.75,Junta,0,2025-03-09
159681,20.75,100.25,Junta,0,2025-03-09
160385,21.25,92.25,AA,6,2025-03-09
160386,21.25,92.75,AA,6,2025-03-09
160387,21.25,93.25,Chin Resistance,9,2025-03-09
160388,21.25,93.75,Chin Resistance,9,2025-03-09
160389,21.25,94.25,PDF,2,2025-03-09
160390,21.25,94.75,Junta,0,2025-03-09
160391,21.25,95.25,Junta,0,2025-03-09
160392,21.25,95.75,Junta,0,2025-03-09
160393,21.25,96.25,Junta,0,2025-03-09
160394,21.25,96.75,Junta,0,2025-03-09
160395,21.25,97.25,SSPP,12,2025-03-09
160396,21.25,97.75,SSPP,12,2025-03-09
160397,21.25,98.25,Junta,0,2025-03-09
160398,21.25,98.75,Junta,0,2025-03-09
160399,21.25,99.25,Junta,0,2025-03-09
160400,21.25,99.75,Junta,0,2025-03-09
160401,21.25,100.25,Junta,0,2025-03-09
160402,21.25,100.75,Junta,0,2025-03-09
161105,21.75,92.25,AA,6,2025-03-09
161106,21.75,92.75,AA,6,2025-03-09
161107,21.75,93.25,Chin Resistance,9,2025-03-09
161108,21.75,93.75,Chin Resistance,9,2025-03-09
161109,21.75,94.25,Chin Resistance,9,2025-03-09
161110,21.75,94.75,PDF,2,2025-03-09
161111,21.75,95.25,PDF,2,2025-03-09
161112,21.75,95.75,Junta,0,2025-03-09
161113,21.75,96.25,Junta,0,2025-03-09
161114,21.75,96.75,Junta,0,2025-03-09
161115,21.75,97.25,SSPP,12,2025-03-09
161116,21.75,97.75,SSPP,12,2025-03-09
161117,21.75,98.25,SSPP,12,2025-03-09
161118,21.75,98.75,Junta,0,2025-03-09
161119,21.75,99.25,Junta,0,2025-03-09
161120,21.75,99.75,NDAA,14,2025-03-09
161121,21.75,100.25,NDAA,14,2025-03-09
161122,21.75,100.75,NDAA,14,2025-03-09
161123,21.75,101.25,Junta,0,2025-03-09
161826,22.25,92.75,AA,6,2025-03-09
161827,22.25,93.25,Chin Resistance,9,2025-03-09
161828,22.25,93.75,Chin Resistance,9,2025-03-09
161829,22.25,94.25,Junta,0,2025-03-09
161830,22.25,94.75,Junta,0,2025-03-09
161831,22.25,95.25,Junta,0,2025-03-09
161832,22.25,95.75,Junta,0,2025-03-09
161833,22.25,96.25,Junta,0,2025-03-09
161834,22.25,96.75,Junta,0,2025-03-09
161835,22.25,97.25,SSPP,12,2025-03-09
161836,22.25,97.75,SSPP,12,2025-03-09
161837,22.25,98.25,SSPP,12,2025-03-09
161838,22.25,98.75,SSPP,12,2025-03-09
161839,22.25,99.25,UWSA,15,2025-03-09
161840,22.25,99.75,UWSA,15,2025-03-09
162547,22.75,93.25,Chin Resistance,9,2025-03-09
162548,22.75,93.75,Chin Resistance,9,2025-03-09
162549,22.75,94.25,Junta,0,2025-03-09
162550,22.75,94.75,Junta,0,2025-03-09
162551,22.75,95.25,Junta,0,2025-03-09
162552,22.75,95.75,Junta,0,2025-03-09
162553,22.75,96.25,Junta,0,2025-03-09
162554,22.75,96.75,Junta,0,2025-03-09
162555,22.75,97.25,Junta,0,2025-03-09
162556,22.75,97.75,Junta,0,2025-03-09
162557,22.75,98.25,SSPP,12,2025-03-09
162558,22.75,98.75,SSPP,12,2025-03-09
162559,22.75,99.25,UWSA,15,2025-03-09
163267,23.25,93.25,Chin Resistance,9,2025-03-09
163268,23.25,93.75,Chin Resistance,9,2025-03-09
163269,23.25,94.25,Junta,0,2025-03-09
163270,23.25,94.75,Junta,0,2025-03-09
163271,23.25,95.25,Junta,0,2025-03-09
163272,23.25,95.75,Junta,0,2025-03-09
163273,23.25,96.25,Junta,0,2025-03-09
163274,23.25,96.75,KIA,3,2025-03-09
163275,23.25,97.25,Junta,0,2025-03-09
163276,23.25,97.75,Junta,0,2025-03-09
163277,23.25,98.25,Junta,0,2025-03-09
163278,23.25,98.75,UWSA,15,2025-03-09
163279,23.25,99.25,UWSA,15,2025-03-09
163987,23.75,93.25,Chin Resistance,9,2025-03-09
163988,23.75,93.75,Chin Resistance,9,2025-03-09
163989,23.75,94.25,Chin Resistance,9,2025-03-09
163990,23.75,94.75,Junta,0,2025-03-09
163991,23.75,95.25,Junta,0,2025-03-09
163992,23.75,95.75,Junta,0,2025-03-09
163993,23.75,96.25,Junta,0,2025-03-09
163994,23.75,96.75,KIA,3,2025-03-09
163995,23.75,97.25,KIA,3,2025-03-09
163996,23.75,97.75,KIA,3,2025-03-09
163997,23.75,98.25,KIA,3,2025-03-09
163998,23.75,98.75,Junta,0,2025-03-09
164707,24.25,93.25,Chin Resistance,9,2025-03-09
164708,24.25,93.75,Chin Resistance,9,2025-03-09
164709,24.25,94.25,Junta,0,2025-03-09
164710,24.25,94.75,Junta,0,2025-03-09
164711,24.25,95.25,Junta,0,2025-03-09
164712,24.25,95.75,KIA,3,2025-03-09
164713,24.25,96.25,KIA,3,2025-03-09
164714,24.25,96.75,KIA,3,2025-03-09
164715,24.25,97.25,KIA,3,2025-03-09
164716,24.25,97.75,Junta,0,2025-03-09
164717,24.25,98.25,Junta,0,2025-03-09
164718,24.25,98.75,Junta,0,2025-03-09
165430,24.75,94.75,Junta,0,2025-03-09
165431,24.75,95.25,KIA,3,2025-03-09
165432,24.75,95.75,KIA,3,2025-03-09
165433,24.75,96.25,KIA,3,2025-03-09
165434,24.75,96.75,KIA,3,2025-03-09
165435,24.75,97.25,KIA,3,2025-03-09
165436,24.75,97.75,Junta,0,2025-03-09
166150,25.25,94.75,Junta,0,2025-03-09
166151,25.25,95.25,Junta,0,2025-03-09
166152,25.25,95.75,KIA,3,2025-03-09
166153,25.25,96.25,KIA,3,2025-03-09
166154,25.25,96.75,KIA,3,2025-03-09
166155,25.25,97.25,KIA,3,2025-03-09
166156,25.25,97.75,Junta,0,2025-03-09
166870,25.75,94.75,Junta,0,2025-03-09
166871,25.75,95.25,Junta,0,2025-03-09
166872,25.75,95.75,KIA,3,2025-03-09
166873,25.75,96.25,KIA,3,2025-03-09
166874,25.75,96.75,KIA,3,2025-03-09
166875,25.75,97.25,KIA,3,2025-03-09
166876,25.75,97.75,KIA,3,2025-03-09
166877,25.75,98.25,Junta,0,2025-03-09
166878,25.75,98.75,Junta,0,2025-03-09
167591,26.25,95.25,Junta,0,2025-03-09
167592,26.25,95.75,KIA,3,2025-03-09
167593,26.25,96.25,KIA,3,2025-03-09
167594,26.25,96.75,KIA,3,2025-03-09
167595,26.25,97.25,KIA,3,2025-03-09
167596,26.25,97.75,KIA,3,2025-03-09
167597,26.25,98.25,KIA,3,2025-03-09
167598,26.25,98.75,Junta,0,2025-03-09
168311,26.75,95.25,Junta,0,2025-03-09
168312,26.75,95.75,Junta,0,2025-03-09
168313,26.75,96.25,KIA,3,2025-03-09
168314,26.75,96.75,KIA,3,2025-03-09
168315,26.75,97.25,KIA,3,2025-03-09
168316,26.75,97.75,KIA,3,2025-03-09
168317,26.75,98.25,KIA,3,2025-03-09
168318,26.75,98.75,Junta,0,2025-03-09
169033,27.25,96.25,KIA,3,2025-03-09
169034,27.25,96.75,KIA,3,2025-03-09
169035,27.25,97.25,KIA,3,2025-03-09
169036,27.25,97.75,KIA,3,2025-03-09
169037,27.25,98.25,Junta,0,2025-03-09
169038,27.25,98.75,Junta,0,2025-03-09
169754,27.75,96.75,KIA,3,2025-03-09
169755,27.75,97.25,Junta,0,2025-03-09
169756,27.75,97.75,Junta,0,2025-03-09
169757,27.75,98.25,Junta,0,2025-03-09
170475,28.25,97.25,Junta,0,2025-03-09
170476,28.25,97.75,Junta,0,2025-03-09
170477,28.25,98.25,Junta,0,2025-03-09
144558,10.25,98.75,Junta,0,2025-04-03
145277,10.75,98.25,Junta,0,2025-04-03
145278,10.75,98.75,Junta,0,2025-04-03
145998,11.25,98.75,Junta,0,2025-04-03
145999,11.25,99.25,PDF,2,2025-04-03
146717,11.75,98.25,Junta,0,2025-04-03
146718,11.75,98.75,Junta,0,2025-04-03
146719,11.75,99.25,PDF,2,2025-04-03
146720,11.75,99.75,Junta,0,2025-04-03
147437,12.25,98.25,Junta,0,2025-04-03
147438,12.25,98.75,Junta,0,2025-04-03
147439,12.25,99.25,PDF,2,2025-04-03
148157,12.75,98.25,Junta,0,2025-04-03
148158,12.75,98.75,Junta,0,2025-04-03
148159,12.75,99.25,PDF,2,2025-04-03
148878,13.25,98.75,Junta,0,2025-04-03
148879,13.25,99.25,PDF,2,2025-04-03
149597,13.75,98.25,Junta,0,2025-04-03
149598,13.75,98.75,Karen,4,2025-04-03
149599,13.75,99.25,Karen,4,2025-04-03
150317,14.25,98.25,Junta,0,2025-04-03
150318,14.25,98.75,Karen,4,2025-04-03
151036,14.75,97.75,Junta,0,2025-04-03
151037,14.75,98.25,Karen,4,2025-04-03
151756,15.25,97.75,Junta,0,2025-04-03
151757,15.25,98.25,Junta,0,2025-04-03
152471,15.75,95.25,Junta,0,2025-04-03
152472,15.75,95.75,Junta,0,2025-04-03
152476,15.75,97.75,Junta,0,2025-04-03
152477,15.75,98.25,Junta,0,2025-04-03
153189,16.25,94.25,Junta,0,2025-04-03
153190,16.25,94.75,Junta,0,2025-04-03
153191,16.25,95.25,Junta,0,2025-04-03
153192,16.25,95.75,Junta,0,2025-04-03
153193,16.25,96.25,Junta,0,2025-04-03
153196,16.25,97.75,Junta,0,2025-04-03
153197,16.25,98.25,Junta,0,2025-04-03
153198,16.25,98.75,Junta,0,2025-04-03
153909,16.75,94.25,Junta,0,2025-04-03
153910,16.75,94.75,Junta,0,2025-04-03
153911,16.75,95.25,Junta,0,2025-04-03
153912,16.75,95.75,Junta,0,2025-04-03
153913,16.75,96.25,Junta,0,2025-04-03
153914,16.75,96.75,Junta,0,2025-04-03
153915,16.75,97.25,Junta,0,2025-04-03
153916,16.75,97.75,Junta,0,2025-04-03
153917,16.75,98.25,Junta,0,2025-04-03
154630,17.25,94.75,Junta,0,2025-04-03
154631,17.25,95.25,Junta,0,2025-04-03
154632,17.25,95.75,Junta,0,2025-04-03
154633,17.25,96.25,Junta,0,2025-04-03
154634,17.25,96.75,Junta,0,2025-04-03
154635,17.25,97.25,Karen,4,2025-04-03
154636,17.25,97.75,Karen,4,2025-04-03
154637,17.25,98.25,Karen,4,2025-04-03
155350,17.75,94.75,Junta,0,2025-04-03
155351,17.75,95.25,Junta,0,2025-04-03
155352,17.75,95.75,Junta,0,2025-04-03
155353,17.75,96.25,Junta,0,2025-04-03
155354,17.75,96.75,Karen,4,2025-04-03
155355,17.75,97.25,Karen,4,2025-04-03
155356,17.75,97.75,Karen,4,2025-04-03
156069,18.25,94.25,Junta,0,2025-04-03
156070,18.25,94.75,Junta,0,2025-04-03
156071,18.25,95.25,Junta,0,2025-04-03
156072,18.25,95.75,Junta,0,2025-04-03
156073,18.25,96.25,PDF,2,2025-04-03
156074,18.25,96.75,Karen,4,2025-04-03
156075,18.25,97.25,Karen,4,2025-04-03
156076,18.25,97.75,Karen,4,2025-04-03
156788,18.75,93.75,Junta,0,2025-04-03
156789,18.75,94.25,Junta,0,2025-04-03
156790,18.75,94.75,Junta,0,2025-04-03
156791,18.75,95.25,Junta,0,2025-04-03
156792,18.75,95.75,PDF,2,2025-04-03
156793,18.75,96.25,PDF,2,2025-04-03
156794,18.75,96.75,Karen,4,2025-04-03
156795,18.75,97.25,Karenni,5,2025-04-03
156796,18.75,97.75,Karenni,5,2025-04-03
157508,19.25,93.75,Junta,0,2025-04-03
157509,19.25,94.25,Junta,0,2025-04-03
157510,19.25,94.75,Junta,0,2025-04-03
157511,19.25,95.25,Junta,0,2025-04-03
157512,19.25,95.75,Junta,0,2025-04-03
157513,19.25,96.25,Junta,0,2025-04-03
157514,19.25,96.75,Karen,4,2025-04-03
157515,19.25,97.25,Karenni,5,2025-04-03
157516,19.25,97.75,Karenni,5,2025-04-03
158228,19.75,93.75,AA,6,2025-04-03
158229,19.75,94.25,AA,6,2025-04-03
158230,19.75,94.75,Junta,0,2025-04-03
158231,19.75,95.25,Junta,0,2025-04-03
158232,19.75,95.75,Junta,0,2025-04-03
158233,19.75,96.25,Junta,0,2025-04-03
158234,19.75,96.75,Karenni,5,2025-04-03
158235,19.75,97.25,Karenni,5,2025-04-03
158236,19.75,97.75,Junta,0,2025-04-03
158237,19.75,98.25,Junta,0,2025-04-03
158238,19.75,98.75,Junta,0,2025-04-03
158946,20.25,92.75,Junta,0,2025-04-03
158947,20.25,93.25,Junta,0,2025-04-03
158948,20.25,93.75,AA,6,2025-04-03
158949,20.25,94.25,AA,6,2025-04-03
158950,20.25,94.75,Junta,0,2025-04-03
158951,20.25,95.25,Junta,0,2025-04-03
158952,20.25,95.75,Junta,0,2025-04-03
158953,20.25,96.25,Junta,0,2025-04-03
158954,20.25,96.75,Junta,0,2025-04-03
158955,20.25,97.25,Junta,0,2025-04-03
158956,20.25,97.75,Junta,0,2025-04-03
158957,20.25,98.25,Junta,0,2025-04-03
158958,20.25,98.75,Junta,0,2025-04-03
158959,20.25,99.25,Junta,0,2025-04-03
158960,20.25,99.75,Junta,0,2025-04-03
158961,20.25,100.25,Junta,0,2025-04-03
159665,20.75,92.25,Junta,0,2025-04-03
159666,20.75,92.75,AA,6,2025-04-03
159667,20.75,93.25,AA,6,2025-04-03
159668,20.75,93.75,AA,6,2025-04-03
159669,20.75,94.25,AA,6,2025-04-03
159670,20.75,94.75,Junta,0,2025-04-03
159671,20.75,95.25,Junta,0,2025-04-03
159672,20.75,95.75,Junta,0,2025-04-03
159673,20.75,96.25,Junta,0,2025-04-03
159674,20.75,96.75,Junta,0,2025-04-03
159675,20.75,97.25,Junta,0,2025-04-03
159676,20.75,97.75,Junta,0,2025-04-03
159677,20.75,98.25,Junta,0,2025-04-03
159678,20.75,98.75,Junta,0,2025-04-03
159679,20.75,99.25,Junta,0,2025-04-03
159680,20.75,99.75,Junta,0,2025-04-03
159681,20.75,100.25,Junta,0,2025-04-03
160385,21.25,92.25,AA,6,2025-04-03
160386,21.25,92.75,AA,6,2025-04-03
160387,21.25,93.25,Chin Resistance,9,2025-04-03
160388,21.25,93.75,Chin Resistance,9,2025-04-03
160389,21.25,94.25,PDF,2,2025-04-03
160390,21.25,94.75,Junta,0,2025-04-03
160391,21.25,95.25,Junta,0,2025-04-03
160392,21.25,95.75,Junta,0,2025-04-03
160393,21.25,96.25,Junta,0,2025-04-03
160394,21.25,96.75,Junta,0,2025-04-03
160395,21.25,97.25,SSPP,12,2025-04-03
160396,21.25,97.75,SSPP,12,2025-04-03
160397,21.25,98.25,Junta,0,2025-04-03
160398,21.25,98.75,Junta,0,2025-04-03
160399,21.25,99.25,Junta,0,2025-04-03
160400,21.25,99.75,Junta,0,2025-04-03
160401,21.25,100.25,Junta,0,2025-04-03
160402,21.25,100.75,Junta,0,2025-04-03
161105,21.75,92.25,AA,6,2025-04-03
161106,21.75,92.75,AA,6,2025-04-03
161107,21.75,93.25,Chin Resistance,9,2025-04-03
161108,21.75,93.75,Chin Resistance,9,2025-04-03
161109,21.75,94.25,Chin Resistance,9,2025-04-03
161110,21.75,94.75,Junta,0,2025-04-03
161111,21.75,95.25,PDF,2,2025-04-03
161112,21.75,95.75,Junta,0,2025-04-03
161113,21.75,96.25,Junta,0,2025-04-03
161114,21.75,96.75,Junta,0,2025-04-03
161115,21.75,97.25,SSPP,12,2025-04-03
161116,21.75,97.75,SSPP,12,2025-04-03
161117,21.75,98.25,SSPP,12,2025-04-03
161118,21.75,98.75,Junta,0,2025-04-03
161119,21.75,99.25,Junta,0,2025-04-03
161120,21.75,99.75,NDAA,14,2025-04-03
161121,21.75,100.25,NDAA,14,2025-04-03
161122,21.75,100.75,NDAA,14,2025-04-03
161123,21.75,101.25,Junta,0,2025-04-03
161826,22.25,92.75,AA,6,2025-04-03
161827,22.25,93.25,Chin Resistance,9,2025-04-03
161828,22.25,93.75,Chin Resistance,9,2025-04-03
161829,22.25,94.25,Junta,0,2025-04-03
161830,22.25,94.75,Junta,0,2025-04-03
161831,22.25,95.25,Junta,0,2025-04-03
161832,22.25,95.75,Junta,0,2025-04-03
161833,22.25,96.25,Junta,0,2025-04-03
161834,22.25,96.75,Junta,0,2025-04-03
161835,22.25,97.25,SSPP,12,2025-04-03
161836,22.25,97.75,SSPP,12,2025-04-03
161837,22.25,98.25,SSPP,12,2025-04-03
161838,22.25,98.75,SSPP,12,2025-04-03
161839,22.25,99.25,UWSA,15,2025-04-03
161840,22.25,99.75,UWSA,15,2025-04-03
162547,22.75,93.25,Chin Resistance,9,2025-04-03
162548,22.75,93.75,Chin Resistance,9,2025-04-03
162549,22.75,94.25,Junta,0,2025-04-03
162550,22.75,94.75,Junta,0,2025-04-03
162551,22.75,95.25,Junta,0,2025-04-03
162552,22.75,95.75,Junta,0,2025-04-03
162553,22.75,96.25,Junta,0,2025-04-03
162554,22.75,96.75,Junta,0,2025-04-03
162555,22.75,97.25,Junta,0,2025-04-03
162556,22.75,97.75,Junta,0,2025-04-03
162557,22.75,98.25,SSPP,12,2025-04-03
162558,22.75,98.75,SSPP,12,2025-04-03
162559,22.75,99.25,UWSA,15,2025-04-03
163267,23.25,93.25,Chin Resistance,9,2025-04-03
163268,23.25,93.75,Chin Resistance,9,2025-04-03
163269,23.25,94.25,Junta,0,2025-04-03
163270,23.25,94.75,Junta,0,2025-04-03
163271,23.25,95.25,Junta,0,2025-04-03
163272,23.25,95.75,Junta,0,2025-04-03
163273,23.25,96.25,Junta,0,2025-04-03
163274,23.25,96.75,KIA,3,2025-04-03
163275,23.25,97.25,Junta,0,2025-04-03
163276,23.25,97.75,Junta,0,2025-04-03
163277,23.25,98.25,Junta,0,2025-04-03
163278,23.25,98.75,UWSA,15,2025-04-03
163279,23.25,99.25,UWSA,15,2025-04-03
163987,23.75,93.25,Chin Resistance,9,2025-04-03
163988,23.75,93.75,Chin Resistance,9,2025-04-03
163989,23.75,94.25,Chin Resistance,9,2025-04-03
163990,23.75,94.75,Junta,0,2025-04-03
163991,23.75,95.25,Junta,0,2025-04-03
163992,23.75,95.75,Junta,0,2025-04-03
163993,23.75,96.25,Junta,0,2025-04-03
163994,23.75,96.75,KIA,3,2025-04-03
163995,23.75,97.25,KIA,3,2025-04-03
163996,23.75,97.75,KIA,3,2025-04-03
163997,23.75,98.25,KIA,3,2025-04-03
163998,23.75,98.75,Junta,0,2025-04-03
164707,24.25,93.25,Chin Resistance,9,2025-04-03
164708,24.25,93.75,Chin Resistance,9,2025-04-03
164709,24.25,94.25,Junta,0,2025-04-03
164710,24.25,94.75,Junta,0,2025-04-03
164711,24.25,95.25,Junta,0,2025-04-03
164712,24.25,95.75,KIA,3,2025-04-03
164713,24.25,96.25,KIA,3,2025-04-03
164714,24.25,96.75,KIA,3,2025-04-03
164715,24.25,97.25,KIA,3,2025-04-03
164716,24.25,97.75,Junta,0,2025-04-03
164717,24.25,98.25,Junta,0,2025-04-03
164718,24.25,98.75,Junta,0,2025-04-03
165430,24.75,94.75,Junta,0,2025-04-03
165431,24.75,95.25,KIA,3,2025-04-03
165432,24.75,95.75,KIA,3,2025-04-03
165433,24.75,96.25,KIA,3,2025-04-03
165434,24.75,96.75,KIA,3,2025-04-03
165435,24.75,97.25,KIA,3,2025-04-03
165436,24.75,97.75,Junta,0,2025-04-03
166150,25.25,94.75,Junta,0,2025-04-03
166151,25.25,95.25,Junta,0,2025-04-03
166152,25.25,95.75,KIA,3,2025-04-03
166153,25.25,96.25,KIA,3,2025-04-03
166154,25.25,96.75,KIA,3,2025-04-03
166155,25.25,97.25,KIA,3,2025-04-03
166156,25.25,97.75,Junta,0,2025-04-03
166870,25.75,94.75,Junta,0,2025-04-03
166871,25.75,95.25,Junta,0,2025-04-03
166872,25.75,95.75,KIA,3,2025-04-03
166873,25.75,96.25,KIA,3,2025-04-03
166874,25.75,96.75,KIA,3,2025-04-03
166875,25.75,97.25,KIA,3,2025-04-03
166876,25.75,97.75,KIA,3,2025-04-03
166877,25.75,98.25,Junta,0,2025-04-03
166878,25.75,98.75,Junta,0,2025-04-03
167591,26.25,95.25,Junta,0,2025-04-03
167592,26.25,95.75,KIA,3,2025-04-03
167593,26.25,96.25,KIA,3,2025-04-03
167594,26.25,96.75,KIA,3,2025-04-03
167595,26.25,97.25,KIA,3,2025-04-03
167596,26.25,97.75,KIA,3,2025-04-03
167597,26.25,98.25,KIA,3,2025-04-03
167598,26.25,98.75,Junta,0,2025-04-03
168311,26.75,95.25,Junta,0,2025-04-03
168312,26.75,95.75,Junta,0,2025-04-03
168313,26.75,96.25,KIA,3,2025-04-03
168314,26.75,96.75,KIA,3,2025-04-03
168315,26.75,97.25,KIA,3,2025-04-03
168316,26.75,97.75,KIA,3,2025-04-03
168317,26.75,98.25,KIA,3,2025-04-03
168318,26.75,98.75,Junta,0,2025-04-03
169033,27.25,96.25,KIA,3,2025-04-03
169034,27.25,96.75,KIA,3,2025-04-03
169035,27.25,97.25,KIA,3,2025-04-03
169036,27.25,97.75,KIA,3,2025-04-03
169037,27.25,98.25,Junta,0,2025-04-03
169038,27.25,98.75,Junta,0,2025-04-03
169754,27.75,96.75,KIA,3,2025-04-03
169755,27.75,97.25,Junta,0,2025-04-03
169756,27.75,97.75,Junta,0,2025-04-03
169757,27.75,98.25,Junta,0,2025-04-03
170475,28.25,97.25,Junta,0,2025-04-03
170476,28.25,97.75,Junta,0,2025-04-03
170477,28.25,98.25,Junta,0,2025-04-03
144558,10.25,98.75,Junta,0,2025-04-04
145277,10.75,98.25,Junta,0,2025-04-04
145278,10.75,98.75,Junta,0,2025-04-04
145998,11.25,98.75,Junta,0,2025-04-04
145999,11.25,99.25,PDF,2,2025-04-04
146717,11.75,98.25,Junta,0,2025-04-04
146718,11.75,98.75,Junta,0,2025-04-04
146719,11.75,99.25,PDF,2,2025-04-04
146720,11.75,99.75,Junta,0,2025-04-04
147437,12.25,98.25,Junta,0,2025-04-04
147438,12.25,98.75,Junta,0,2025-04-04
147439,12.25,99.25,PDF,2,2025-04-04
148157,12.75,98.25,Junta,0,2025-04-04
148158,12.75,98.75,Junta,0,2025-04-04
148159,12.75,99.25,PDF,2,2025-04-04
148878,13.25,98.75,Junta,0,2025-04-04
148879,13.25,99.25,PDF,2,2025-04-04
149597,13.75,98.25,Junta,0,2025-04-04
149598,13.75,98.75,Karen,4,2025-04-04
149599,13.75,99.25,Karen,4,2025-04-04
150317,14.25,98.25,Junta,0,2025-04-04
150318,14.25,98.75,Karen,4,2025-04-04
151036,14.75,97.75,Junta,0,2025-04-04
151037,14.75,98.25,Karen,4,2025-04-04
151756,15.25,97.75,Junta,0,2025-04-04
151757,15.25,98.25,Junta,0,2025-04-04
152471,15.75,95.25,Junta,0,2025-04-04
152472,15.75,95.75,Junta,0,2025-04-04
152476,15.75,97.75,Junta,0,2025-04-04
152477,15.75,98.25,Junta,0,2025-04-04
153189,16.25,94.25,Junta,0,2025-04-04
153190,16.25,94.75,Junta,0,2025-04-04
153191,16.25,95.25,Junta,0,2025-04-04
153192,16.25,95.75,Junta,0,2025-04-04
153193,16.25,96.25,Junta,0,2025-04-04
153196,16.25,97.75,Junta,0,2025-04-04
153197,16.25,98.25,Junta,0,2025-04-04
153198,16.25,98.75,Junta,0,2025-04-04
153909,16.75,94.25,Junta,0,2025-04-04
153910,16.75,94.75,Junta,0,2025-04-04
153911,16.75,95.25,Junta,0,2025-04-04
153912,16.75,95.75,Junta,0,2025-04-04
153913,16.75,96.25,Junta,0,2025-04-04
153914,16.75,96.75,Junta,0,2025-04-04
153915,16.75,97.25,Junta,0,2025-04-04
153916,16.75,97.75,Junta,0,2025-04-04
153917,16.75,98.25,Junta,0,2025-04-04
154630,17.25,94.75,Junta,0,2025-04-04
154631,17.25,95.25,Junta,0,2025-04-04
154632,17.25,95.75,Junta,0,2025-04-04
154633,17.25,96.25,Junta,0,2025-04-04
154634,17.25,96.75,Junta,0,2025-04-04
154635,17.25,97.25,Karen,4,2025-04-04
154636,17.25,97.75,Karen,4,2025-04-04
154637,17.25,98.25,Karen,4,2025-04-04
155350,17.75,94.75,Junta,0,2025-04-04
155351,17.75,95.25,Junta,0,2025-04-04
155352,17.75,95.75,Junta,0,2025-04-04
155353,17.75,96.25,Junta,0,2025-04-04
155354,17.75,96.75,Karen,4,2025-04-04
155355,17.75,97.25,Karen,4,2025-04-04
155356,17.75,97.75,Karen,4,2025-04-04
156069,18.25,94.25,Junta,0,2025-04-04
156070,18.25,94.75,Junta,0,2025-04-04
156071,18.25,95.25,Junta,0,2025-04-04
156072,18.25,95.75,Junta,0,2025-04-04
156073,18.25,96.25,PDF,2,2025-04-04
156074,18.25,96.75,Karen,4,2025-04-04
156075,18.25,97.25,Karen,4,2025-04-04
156076,18.25,97.75,Karen,4,2025-04-04
156788,18.75,93.75,Junta,0,2025-04-04
156789,18.75,94.25,Junta,0,2025-04-04
156790,18.75,94.75,Junta,0,2025-04-04
156791,18.75,95.25,Junta,0,2025-04-04
156792,18.75,95.75,PDF,2,2025-04-04
156793,18.75,96.25,PDF,2,2025-04-04
156794,18.75,96.75,Karen,4,2025-04-04
156795,18.75,97.25,Karenni,5,2025-04-04
156796,18.75,97.75,Karenni,5,2025-04-04
157508,19.25,93.75,Junta,0,2025-04-04
157509,19.25,94.25,Junta,0,2025-04-04
157510,19.25,94.75,Junta,0,2025-04-04
157511,19.25,95.25,Junta,0,2025-04-04
157512,19.25,95.75,Junta,0,2025-04-04
157513,19.25,96.25,Junta,0,2025-04-04
157514,19.25,96.75,Karen,4,2025-04-04
157515,19.25,97.25,Karenni,5,2025-04-04
157516,19.25,97.75,Karenni,5,2025-04-04
158228,19.75,93.75,AA,6,2025-04-04
158229,19.75,94.25,AA,6,2025-04-04
158230,19.75,94.75,Junta,0,2025-04-04
158231,19.75,95.25,Junta,0,2025-04-04
158232,19.75,95.75,Junta,0,2025-04-04
158233,19.75,96.25,Junta,0,2025-04-04
158234,19.75,96.75,Karenni,5,2025-04-04
158235,19.75,97.25,Karenni,5,2025-04-04
158236,19.75,97.75,Junta,0,2025-04-04
158237,19.75,98.25,Junta,0,2025-04-04
158238,19.75,98.75,Junta,0,2025-04-04
158946,20.25,92.75,Junta,0,2025-04-04
158947,20.25,93.25,Junta,0,2025-04-04
158948,20.25,93.75,AA,6,2025-04-04
158949,20.25,94.25,AA,6,2025-04-04
158950,20.25,94.75,Junta,0,2025-04-04
158951,20.25,95.25,Junta,0,2025-04-04
158952,20.25,95.75,Junta,0,2025-04-04
158953,20.25,96.25,Junta,0,2025-04-04
158954,20.25,96.75,Junta,0,2025-04-04
158955,20.25,97.25,Junta,0,2025-04-04
158956,20.25,97.75,Junta,0,2025-04-04
158957,20.25,98.25,Junta,0,2025-04-04
158958,20.25,98.75,Junta,0,2025-04-04
158959,20.25,99.25,Junta,0,2025-04-04
158960,20.25,99.75,Junta,0,2025-04-04
158961,20.25,100.25,Junta,0,2025-04-04
159665,20.75,92.25,Junta,0,2025-04-04
159666,20.75,92.75,AA,6,2025-04-04
159667,20.75,93.25,AA,6,2025-04-04
159668,20.75,93.75,AA,6,2025-04-04
159669,20.75,94.25,AA,6,2025-04-04
159670,20.75,94.75,Junta,0,2025-04-04
159671,20.75,95.25,Junta,0,2025-04-04
159672,20.75,95.75,Junta,0,2025-04-04
159673,20.75,96.25,Junta,0,2025-04-04
159674,20.75,96.75,Junta,0,2025-04-04
159675,20.75,97.25,Junta,0,2025-04-04
159676,20.75,97.75,Junta,0,2025-04-04
159677,20.75,98.25,Junta,0,2025-04-04
159678,20.75,98.75,Junta,0,2025-04-04
159679,20.75,99.25,Junta,0,2025-04-04
159680,20.75,99.75,Junta,0,2025-04-04
159681,20.75,100.25,Junta,0,2025-04-04
160385,21.25,92.25,AA,6,2025-04-04
160386,21.25,92.75,AA,6,2025-04-04
160387,21.25,93.25,Chin Resistance,9,2025-04-04
160388,21.25,93.75,Chin Resistance,9,2025-04-04
160389,21.25,94.25,PDF,2,2025-04-04
160390,21.25,94.75,Junta,0,2025-04-04
160391,21.25,95.25,Junta,0,2025-04-04
160392,21.25,95.75,Junta,0,2025-04-04
160393,21.25,96.25,Junta,0,2025-04-04
160394,21.25,96.75,Junta,0,2025-04-04
160395,21.25,97.25,SSPP,12,2025-04-04
160396,21.25,97.75,SSPP,12,2025-04-04
160397,21.25,98.25,Junta,0,2025-04-04
160398,21.25,98.75,Junta,0,2025-04-04
160399,21.25,99.25,Junta,0,2025-04-04
160400,21.25,99.75,Junta,0,2025-04-04
160401,21.25,100.25,Junta,0,2025-04-04
160402,21.25,100.75,Junta,0,2025-04-04
161105,21.75,92.25,AA,6,2025-04-04
161106,21.75,92.75,AA,6,2025-04-04
161107,21.75,93.25,Chin Resistance,9,2025-04-04
161108,21.75,93.75,Chin Resistance,9,2025-04-04
161109,21.75,94.25,Chin Resistance,9,2025-04-04
161110,21.75,94.75,Junta,0,2025-04-04
161111,21.75,95.25,PDF,2,2025-04-04
161112,21.75,95.75,Junta,0,2025-04-04
161113,21.75,96.25,Junta,0,2025-04-04
161114,21.75,96.75,Junta,0,2025-04-04
161115,21.75,97.25,SSPP,12,2025-04-04
161116,21.75,97.75,SSPP,12,2025-04-04
161117,21.75,98.25,SSPP,12,2025-04-04
161118,21.75,98.75,Junta,0,2025-04-04
161119,21.75,99.25,Junta,0,2025-04-04
161120,21.75,99.75,NDAA,14,2025-04-04
161121,21.75,100.25,NDAA,14,2025-04-04
161122,21.75,100.75,NDAA,14,2025-04-04
161123,21.75,101.25,Junta,0,2025-04-04
161826,22.25,92.75,AA,6,2025-04-04
161827,22.25,93.25,Chin Resistance,9,2025-04-04
161828,22.25,93.75,Chin Resistance,9,2025-04-04
161829,22.25,94.25,Junta,0,2025-04-04
161830,22.25,94.75,Junta,0,2025-04-04
161831,22.25,95.25,Junta,0,2025-04-04
161832,22.25,95.75,Junta,0,2025-04-04
161833,22.25,96.25,Junta,0,2025-04-04
161834,22.25,96.75,Junta,0,2025-04-04
161835,22.25,97.25,SSPP,12,2025-04-04
161836,22.25,97.75,SSPP,12,2025-04-04
161837,22.25,98.25,SSPP,12,2025-04-04
161838,22.25,98.75,SSPP,12,2025-04-04
161839,22.25,99.25,UWSA,15,2025-04-04
161840,22.25,99.75,UWSA,15,2025-04-04
162547,22.75,93.25,Chin Resistance,9,2025-04-04
162548,22.75,93.75,Chin Resistance,9,2025-04-04
162549,22.75,94.25,Junta,0,2025-04-04
162550,22.75,94.75,Junta,0,2025-04-04
162551,22.75,95.25,Junta,0,2025-04-04
162552,22.75,95.75,Junta,0,2025-04-04
162553,22.75,96.25,Junta,0,2025-04-04
162554,22.75,96.75,Junta,0,2025-04-04
162555,22.75,97.25,Junta,0,2025-04-04
162556,22.75,97.75,Junta,0,2025-04-04
162557,22.75,98.25,SSPP,12,2025-04-04
162558,22.75,98.75,SSPP,12,2025-04-04
162559,22.75,99.25,UWSA,15,2025-04-04
163267,23.25,93.25,Chin Resistance,9,2025-04-04
163268,23.25,93.75,Chin Resistance,9,2025-04-04
163269,23.25,94.25,Junta,0,2025-04-04
163270,23.25,94.75,Junta,0,2025-04-04
163271,23.25,95.25,Junta,0,2025-04-04
163272,23.25,95.75,Junta,0,2025-04-04
163273,23.25,96.25,Junta,0,2025-04-04
163274,23.25,96.75,KIA,3,2025-04-04
163275,23.25,97.25,Junta,0,2025-04-04
163276,23.25,97.75,Junta,0,2025-04-04
163277,23.25,98.25,Junta,0,2025-04-04
163278,23.25,98.75,UWSA,15,2025-04-04
163279,23.25,99.25,UWSA,15,2025-04-04
163987,23.75,93.25,Chin Resistance,9,2025-04-04
163988,23.75,93.75,Chin Resistance,9,2025-04-04
163989,23.75,94.25,Chin Resistance,9,2025-04-04
163990,23.75,94.75,Junta,0,2025-04-04
163991,23.75,95.25,Junta,0,2025-04-04
163992,23.75,95.75,Junta,0,2025-04-04
163993,23.75,96.25,Junta,0,2025-04-04
163994,23.75,96.75,KIA,3,2025-04-04
163995,23.75,97.25,KIA,3,2025-04-04
163996,23.75,97.75,KIA,3,2025-04-04
163997,23.75,98.25,KIA,3,2025-04-04
163998,23.75,98.75,Junta,0,2025-04-04
164707,24.25,93.25,Chin Resistance,9,2025-04-04
164708,24.25,93.75,Chin Resistance,9,2025-04-04
164709,24.25,94.25,Junta,0,2025-04-04
164710,24.25,94.75,Junta,0,2025-04-04
164711,24.25,95.25,Junta,0,2025-04-04
164712,24.25,95.75,KIA,3,2025-04-04
164713,24.25,96.25,KIA,3,2025-04-04
164714,24.25,96.75,KIA,3,2025-04-04
164715,24.25,97.25,KIA,3,2025-04-04
164716,24.25,97.75,Junta,0,2025-04-04
164717,24.25,98.25,Junta,0,2025-04-04
164718,24.25,98.75,Junta,0,2025-04-04
165430,24.75,94.75,Junta,0,2025-04-04
165431,24.75,95.25,KIA,3,2025-04-04
165432,24.75,95.75,KIA,3,2025-04-04
165433,24.75,96.25,KIA,3,2025-04-04
165434,24.75,96.75,KIA,3,2025-04-04
165435,24.75,97.25,KIA,3,2025-04-04
165436,24.75,97.75,Junta,0,2025-04-04
166150,25.25,94.75,Junta,0,2025-04-04
166151,25.25,95.25,Junta,0,2025-04-04
166152,25.25,95.75,KIA,3,2025-04-04
166153,25.25,96.25,KIA,3,2025-04-04
166154,25.25,96.75,KIA,3,2025-04-04
166155,25.25,97.25,KIA,3,2025-04-04
166156,25.25,97.75,Junta,0,2025-04-04
166870,25.75,94.75,Junta,0,2025-04-04
166871,25.75,95.25,Junta,0,2025-04-04
166872,25.75,95.75,KIA,3,2025-04-04
166873,25.75,96.25,KIA,3,2025-04-04
166874,25.75,96.75,KIA,3,2025-04-04
166875,25.75,97.25,KIA,3,2025-04-04
166876,25.75,97.75,KIA,3,2025-04-04
166877,25.75,98.25,Junta,0,2025-04-04
166878,25.75,98.75,Junta,0,2025-04-04
167591,26.25,95.25,Junta,0,2025-04-04
167592,26.25,95.75,KIA,3,2025-04-04
167593,26.25,96.25,KIA,3,2025-04-04
167594,26.25,96.75,KIA,3,2025-04-04
167595,26.25,97.25,KIA,3,2025-04-04
167596,26.25,97.75,KIA,3,2025-04-04
167597,26.25,98.25,KIA,3,2025-04-04
167598,26.25,98.75,Junta,0,2025-04-04
168311,26.75,95.25,Junta,0,2025-04-04
168312,26.75,95.75,Junta,0,2025-04-04
168313,26.75,96.25,KIA,3,2025-04-04
168314,26.75,96.75,KIA,3,2025-04-04
168315,26.75,97.25,KIA,3,2025-04-04
168316,26.75,97.75,KIA,3,2025-04-04
168317,26.75,98.25,KIA,3,2025-04-04
168318,26.75,98.75,Junta,0,2025-04-04
169033,27.25,96.25,KIA,3,2025-04-04
169034,27.25,96.75,KIA,3,2025-04-04
169035,27.25,97.25,KIA,3,2025-04-04
169036,27.25,97.75,KIA,3,2025-04-04
169037,27.25,98.25,Junta,0,2025-04-04
169038,27.25,98.75,Junta,0,2025-04-04
169754,27.75,96.75,KIA,3,2025-04-04
169755,27.75,97.25,Junta,0,2025-04-04
169756,27.75,97.75,Junta,0,2025-04-04
169757,27.75,98.25,Junta,0,2025-04-04
170475,28.25,97.25,Junta,0,2025-04-04
170476,28.25,97.75,Junta,0,2025-04-04
170477,28.25,98.25,Junta,0,2025-04-04
144558,10.25,98.75,Junta,0,2025-05-04
145277,10.75,98.25,Junta,0,2025-05-04
145278,10.75,98.75,Junta,0,2025-05-04
145998,11.25,98.75,Junta,0,2025-05-04
145999,11.25,99.25,PDF,2,2025-05-04
146717,11.75,98.25,Junta,0,2025-05-04
146718,11.75,98.75,Junta,0,2025-05-04
146719,11.75,99.25,PDF,2,2025-05-04
146720,11.75,99.75,Junta,0,2025-05-04
147437,12.25,98.25,Junta,0,2025-05-04
147438,12.25,98.75,Junta,0,2025-05-04
147439,12.25,99.25,PDF,2,2025-05-04
148157,12.75,98.25,Junta,0,2025-05-04
148158,12.75,98.75,Junta,0,2025-05-04
148159,12.75,99.25,PDF,2,2025-05-04
148878,13.25,98.75,Junta,0,2025-05-04
148879,13.25,99.25,PDF,2,2025-05-04
149597,13.75,98.25,Junta,0,2025-05-04
149598,13.75,98.75,Karen,4,2025-05-04
149599,13.75,99.25,Karen,4,2025-05-04
150317,14.25,98.25,Junta,0,2025-05-04
150318,14.25,98.75,Karen,4,2025-05-04
151036,14.75,97.75,Junta,0,2025-05-04
151037,14.75,98.25,Karen,4,2025-05-04
151756,15.25,97.75,Junta,0,2025-05-04
151757,15.25,98.25,Junta,0,2025-05-04
152471,15.75,95.25,Junta,0,2025-05-04
152472,15.75,95.75,Junta,0,2025-05-04
152476,15.75,97.75,Junta,0,2025-05-04
152477,15.75,98.25,Junta,0,2025-05-04
153189,16.25,94.25,Junta,0,2025-05-04
153190,16.25,94.75,Junta,0,2025-05-04
153191,16.25,95.25,Junta,0,2025-05-04
153192,16.25,95.75,Junta,0,2025-05-04
153193,16.25,96.25,Junta,0,2025-05-04
153196,16.25,97.75,Junta,0,2025-05-04
153197,16.25,98.25,Junta,0,2025-05-04
153198,16.25,98.75,Junta,0,2025-05-04
153909,16.75,94.25,Junta,0,2025-05-04
153910,16.75,94.75,Junta,0,2025-05-04
153911,16.75,95.25,Junta,0,2025-05-04
153912,16.75,95.75,Junta,0,2025-05-04
153913,16.75,96.25,Junta,0,2025-05-04
153914,16.75,96.75,Junta,0,2025-05-04
153915,16.75,97.25,Junta,0,2025-05-04
153916,16.75,97.75,Junta,0,2025-05-04
153917,16.75,98.25,Junta,0,2025-05-04
154630,17.25,94.75,Junta,0,2025-05-04
154631,17.25,95.25,Junta,0,2025-05-04
154632,17.25,95.75,Junta,0,2025-05-04
154633,17.25,96.25,Junta,0,2025-05-04
154634,17.25,96.75,Junta,0,2025-05-04
154635,17.25,97.25,Karen,4,2025-05-04
154636,17.25,97.75,Karen,4,2025-05-04
154637,17.25,98.25,Karen,4,2025-05-04
155350,17.75,94.75,Junta,0,2025-05-04
155351,17.75,95.25,Junta,0,2025-05-04
155352,17.75,95.75,Junta,0,2025-05-04
155353,17.75,96.25,Junta,0,2025-05-04
155354,17.75,96.75,Karen,4,2025-05-04
155355,17.75,97.25,Karen,4,2025-05-04
155356,17.75,97.75,Karen,4,2025-05-04
156069,18.25,94.25,Junta,0,2025-05-04
156070,18.25,94.75,Junta,0,2025-05-04
156071,18.25,95.25,Junta,0,2025-05-04
156072,18.25,95.75,Junta,0,2025-05-04
156073,18.25,96.25,PDF,2,2025-05-04
156074,18.25,96.75,Karen,4,2025-05-04
156075,18.25,97.25,Karen,4,2025-05-04
156076,18.25,97.75,Karen,4,2025-05-04
156788,18.75,93.75,Junta,0,2025-05-04
156789,18.75,94.25,Junta,0,2025-05-04
156790,18.75,94.75,Junta,0,2025-05-04
156791,18.75,95.25,Junta,0,2025-05-04
156792,18.75,95.75,PDF,2,2025-05-04
156793,18.75,96.25,PDF,2,2025-05-04
156794,18.75,96.75,Karen,4,2025-05-04
156795,18.75,97.25,Karenni,5,2025-05-04
156796,18.75,97.75,Karenni,5,2025-05-04
157508,19.25,93.75,Junta,0,2025-05-04
157509,19.25,94.25,Junta,0,2025-05-04
157510,19.25,94.75,Junta,0,2025-05-04
157511,19.25,95.25,Junta,0,2025-05-04
157512,19.25,95.75,Junta,0,2025-05-04
157513,19.25,96.25,Junta,0,2025-05-04
157514,19.25,96.75,Karen,4,2025-05-04
157515,19.25,97.25,Karenni,5,2025-05-04
157516,19.25,97.75,Karenni,5,2025-05-04
158228,19.75,93.75,AA,6,2025-05-04
158229,19.75,94.25,AA,6,2025-05-04
158230,19.75,94.75,Junta,0,2025-05-04
158231,19.75,95.25,Junta,0,2025-05-04
158232,19.75,95.75,Junta,0,2025-05-04
158233,19.75,96.25,Junta,0,2025-05-04
158234,19.75,96.75,Karenni,5,2025-05-04
158235,19.75,97.25,Karenni,5,2025-05-04
158236,19.75,97.75,Junta,0,2025-05-04
158237,19.75,98.25,Junta,0,2025-05-04
158238,19.75,98.75,Junta,0,2025-05-04
158946,20.25,92.75,Junta,0,2025-05-04
158947,20.25,93.25,Junta,0,2025-05-04
158948,20.25,93.75,AA,6,2025-05-04
158949,20.25,94.25,AA,6,2025-05-04
158950,20.25,94.75,Junta,0,2025-05-04
158951,20.25,95.25,Junta,0,2025-05-04
158952,20.25,95.75,Junta,0,2025-05-04
158953,20.25,96.25,Junta,0,2025-05-04
158954,20.25,96.75,Junta,0,2025-05-04
158955,20.25,97.25,Junta,0,2025-05-04
158956,20.25,97.75,Junta,0,2025-05-04
158957,20.25,98.25,Junta,0,2025-05-04
158958,20.25,98.75,Junta,0,2025-05-04
158959,20.25,99.25,Junta,0,2025-05-04
158960,20.25,99.75,Junta,0,2025-05-04
158961,20.25,100.25,Junta,0,2025-05-04
159665,20.75,92.25,Junta,0,2025-05-04
159666,20.75,92.75,AA,6,2025-05-04
159667,20.75,93.25,AA,6,2025-05-04
159668,20.75,93.75,AA,6,2025-05-04
159669,20.75,94.25,AA,6,2025-05-04
159670,20.75,94.75,Junta,0,2025-05-04
159671,20.75,95.25,Junta,0,2025-05-04
159672,20.75,95.75,Junta,0,2025-05-04
159673,20.75,96.25,Junta,0,2025-05-04
159674,20.75,96.75,Junta,0,2025-05-04
159675,20.75,97.25,Junta,0,2025-05-04
159676,20.75,97.75,Junta,0,2025-05-04
159677,20.75,98.25,Junta,0,2025-05-04
159678,20.75,98.75,Junta,0,2025-05-04
159679,20.75,99.25,Junta,0,2025-05-04
159680,20.75,99.75,Junta,0,2025-05-04
159681,20.75,100.25,Junta,0,2025-05-04
160385,21.25,92.25,AA,6,2025-05-04
160386,21.25,92.75,AA,6,2025-05-04
160387,21.25,93.25,Chin Resistance,9,2025-05-04
160388,21.25,93.75,Chin Resistance,9,2025-05-04
160389,21.25,94.25,Chin Resistance,9,2025-05-04
160390,21.25,94.75,Junta,0,2025-05-04
160391,21.25,95.25,Junta,0,2025-05-04
160392,21.25,95.75,Junta,0,2025-05-04
160393,21.25,96.25,Junta,0,2025-05-04
160394,21.25,96.75,Junta,0,2025-05-04
160395,21.25,97.25,Junta,0,2025-05-04
160396,21.25,97.75,Junta,0,2025-05-04
160397,21.25,98.25,Junta,0,2025-05-04
160398,21.25,98.75,Junta,0,2025-05-04
160399,21.25,99.25,Junta,0,2025-05-04
160400,21.25,99.75,Junta,0,2025-05-04
160401,21.25,100.25,Junta,0,2025-05-04
160402,21.25,100.75,Junta,0,2025-05-04
161105,21.75,92.25,AA,6,2025-05-04
161106,21.75,92.75,AA,6,2025-05-04
161107,21.75,93.25,Chin Resistance,9,2025-05-04
161108,21.75,93.75,Chin Resistance,9,2025-05-04
161109,21.75,94.25,Chin Resistance,9,2025-05-04
161110,21.75,94.75,PDF,2,2025-05-04
161111,21.75,95.25,PDF,2,2025-05-04
161112,21.75,95.75,Junta,0,2025-05-04
161113,21.75,96.25,Junta,0,2025-05-04
161114,21.75,96.75,Junta,0,2025-05-04
161115,21.75,97.25,Junta,0,2025-05-04
161116,21.75,97.75,Junta,0,2025-05-04
161117,21.75,98.25,Junta,0,2025-05-04
161118,21.75,98.75,Junta,0,2025-05-04
161119,21.75,99.25,Junta,0,2025-05-04
161120,21.75,99.75,NDAA,14,2025-05-04
161121,21.75,100.25,NDAA,14,2025-05-04
161122,21.75,100.75,NDAA,14,2025-05-04
161123,21.75,101.25,Junta,0,2025-05-04
161826,22.25,92.75,AA,6,2025-05-04
161827,22.25,93.25,Chin Resistance,9,2025-05-04
161828,22.25,93.75,Chin Resistance,9,2025-05-04
161829,22.25,94.25,Junta,0,2025-05-04
161830,22.25,94.75,Junta,0,2025-05-04
161831,22.25,95.25,Junta,0,2025-05-04
161832,22.25,95.75,Junta,0,2025-05-04
161833,22.25,96.25,Junta,0,2025-05-04
161834,22.25,96.75,Junta,0,2025-05-04
161835,22.25,97.25,Junta,0,2025-05-04
161836,22.25,97.75,Junta,0,2025-05-04
161837,22.25,98.25,Junta,0,2025-05-04
161838,22.25,98.75,UWSA,15,2025-05-04
161839,22.25,99.25,UWSA,15,2025-05-04
161840,22.25,99.75,UWSA,15,2025-05-04
162547,22.75,93.25,Chin Resistance,9,2025-05-04
162548,22.75,93.75,Chin Resistance,9,2025-05-04
162549,22.75,94.25,Junta,0,2025-05-04
162550,22.75,94.75,Junta,0,2025-05-04
162551,22.75,95.25,Junta,0,2025-05-04
162552,22.75,95.75,Junta,0,2025-05-04
162553,22.75,96.25,Junta,0,2025-05-04
162554,22.75,96.75,Junta,0,2025-05-04
162555,22.75,97.25,Junta,0,2025-05-04
162556,22.75,97.75,Junta,0,2025-05-04
162557,22.75,98.25,Junta,0,2025-05-04
162558,22.75,98.75,UWSA,15,2025-05-04
162559,22.75,99.25,UWSA,15,2025-05-04
163267,23.25,93.25,Chin Resistance,9,2025-05-04
163268,23.25,93.75,Chin Resistance,9,2025-05-04
163269,23.25,94.25,Junta,0,2025-05-04
163270,23.25,94.75,Junta,0,2025-05-04
163271,23.25,95.25,Junta,0,2025-05-04
163272,23.25,95.75,Junta,0,2025-05-04
163273,23.25,96.25,Junta,0,2025-05-04
163274,23.25,96.75,KIA,3,2025-05-04
163275,23.25,97.25,Junta,0,2025-05-04
163276,23.25,97.75,Junta,0,2025-05-04
163277,23.25,98.25,Junta,0,2025-05-04
163278,23.25,98.75,UWSA,15,2025-05-04
163279,23.25,99.25,UWSA,15,2025-05-04
163987,23.75,93.25,Chin Resistance,9,2025-05-04
163988,23.75,93.75,Chin Resistance,9,2025-05-04
163989,23.75,94.25,Chin Resistance,9,2025-05-04
163990,23.75,94.75,Junta,0,2025-05-04
163991,23.75,95.25,Junta,0,2025-05-04
163992,23.75,95.75,Junta,0,2025-05-04
163993,23.75,96.25,Junta,0,2025-05-04
163994,23.75,96.75,KIA,3,2025-05-04
163995,23.75,97.25,KIA,3,2025-05-04
163996,23.75,97.75,KIA,3,2025-05-04
163997,23.75,98.25,KIA,3,2025-05-04
163998,23.75,98.75,Junta,0,2025-05-04
164707,24.25,93.25,Chin Resistance,9,2025-05-04
164708,24.25,93.75,Chin Resistance,9,2025-05-04
164709,24.25,94.25,Junta,0,2025-05-04
164710,24.25,94.75,Junta,0,2025-05-04
164711,24.25,95.25,Junta,0,2025-05-04
164712,24.25,95.75,KIA,3,2025-05-04
164713,24.25,96.25,KIA,3,2025-05-04
164714,24.25,96.75,KIA,3,2025-05-04
164715,24.25,97.25,KIA,3,2025-05-04
164716,24.25,97.75,Junta,0,2025-05-04
164717,24.25,98.25,Junta,0,2025-05-04
164718,24.25,98.75,Junta,0,2025-05-04
165430,24.75,94.75,Junta,0,2025-05-04
165431,24.75,95.25,KIA,3,2025-05-04
165432,24.75,95.75,KIA,3,2025-05-04
165433,24.75,96.25,KIA,3,2025-05-04
165434,24.75,96.75,KIA,3,2025-05-04
165435,24.75,97.25,KIA,3,2025-05-04
165436,24.75,97.75,Junta,0,2025-05-04
166150,25.25,94.75,Junta,0,2025-05-04
166151,25.25,95.25,Junta,0,2025-05-04
166152,25.25,95.75,KIA,3,2025-05-04
166153,25.25,96.25,KIA,3,2025-05-04
166154,25.25,96.75,KIA,3,2025-05-04
166155,25.25,97.25,KIA,3,2025-05-04
166156,25.25,97.75,Junta,0,2025-05-04
166870,25.75,94.75,Junta,0,2025-05-04
166871,25.75,95.25,Junta,0,2025-05-04
166872,25.75,95.75,KIA,3,2025-05-04
166873,25.75,96.25,KIA,3,2025-05-04
166874,25.75,96.75,KIA,3,2025-05-04
166875,25.75,97.25,KIA,3,2025-05-04
166876,25.75,97.75,KIA,3,2025-05-04
166877,25.75,98.25,Junta,0,2025-05-04
166878,25.75,98.75,Junta,0,2025-05-04
167591,26.25,95.25,Junta,0,2025-05-04
167592,26.25,95.75,KIA,3,2025-05-04
167593,26.25,96.25,KIA,3,2025-05-04
167594,26.25,96.75,KIA,3,2025-05-04
167595,26.25,97.25,KIA,3,2025-05-04
167596,26.25,97.75,KIA,3,2025-05-04
167597,26.25,98.25,KIA,3,2025-05-04
167598,26.25,98.75,Junta,0,2025-05-04
168311,26.75,95.25,Junta,0,2025-05-04
168312,26.75,95.75,Junta,0,2025-05-04
168313,26.75,96.25,KIA,3,2025-05-04
168314,26.75,96.75,KIA,3,2025-05-04
168315,26.75,97.25,KIA,3,2025-05-04
168316,26.75,97.75,KIA,3,2025-05-04
168317,26.75,98.25,KIA,3,2025-05-04
168318,26.75,98.75,Junta,0,2025-05-04
169033,27.25,96.25,KIA,3,2025-05-04
169034,27.25,96.75,KIA,3,2025-05-04
169035,27.25,97.25,KIA,3,2025-05-04
169036,27.25,97.75,KIA,3,2025-05-04
169037,27.25,98.25,Junta,0,2025-05-04
169038,27.25,98.75,Junta,0,2025-05-04
169754,27.75,96.75,KIA,3,2025-05-04
169755,27.75,97.25,Junta,0,2025-05-04
169756,27.75,97.75,Junta,0,2025-05-04
169757,27.75,98.25,Junta,0,2025-05-04
170475,28.25,97.25,Junta,0,2025-05-04
170476,28.25,97.75,Junta,0,2025-05-04
170477,28.25,98.25,Junta,0,2025-05-04
144558,10.25,98.75,Junta,0,2025-05-13
145277,10.75,98.25,Junta,0,2025-05-13
145278,10.75,98.75,Junta,0,2025-05-13
145998,11.25,98.75,Junta,0,2025-05-13
145999,11.25,99.25,PDF,2,2025-05-13
146717,11.75,98.25,Junta,0,2025-05-13
146718,11.75,98.75,PDF,2,2025-05-13
146719,11.75,99.25,PDF,2,2025-05-13
146720,11.75,99.75,Junta,0,2025-05-13
147437,12.25,98.25,Junta,0,2025-05-13
147438,12.25,98.75,Junta,0,2025-05-13
147439,12.25,99.25,PDF,2,2025-05-13
148157,12.75,98.25,Junta,0,2025-05-13
148158,12.75,98.75,Junta,0,2025-05-13
148159,12.75,99.25,PDF,2,2025-05-13
148878,13.25,98.75,Junta,0,2025-05-13
148879,13.25,99.25,PDF,2,2025-05-13
149597,13.75,98.25,Junta,0,2025-05-13
149598,13.75,98.75,Karen,4,2025-05-13
149599,13.75,99.25,Karen,4,2025-05-13
150317,14.25,98.25,Junta,0,2025-05-13
150318,14.25,98.75,Karen,4,2025-05-13
151036,14.75,97.75,Junta,0,2025-05-13
151037,14.75,98.25,Karen,4,2025-05-13
151756,15.25,97.75,Junta,0,2025-05-13
151757,15.25,98.25,Junta,0,2025-05-13
152471,15.75,95.25,Junta,0,2025-05-13
152472,15.75,95.75,Junta,0,2025-05-13
152476,15.75,97.75,Junta,0,2025-05-13
152477,15.75,98.25,Junta,0,2025-05-13
153189,16.25,94.25,Junta,0,2025-05-13
153190,16.25,94.75,Junta,0,2025-05-13
153191,16.25,95.25,Junta,0,2025-05-13
153192,16.25,95.75,Junta,0,2025-05-13
153193,16.25,96.25,Junta,0,2025-05-13
153196,16.25,97.75,Junta,0,2025-05-13
153197,16.25,98.25,Junta,0,2025-05-13
153198,16.25,98.75,Junta,0,2025-05-13
153909,16.75,94.25,Junta,0,2025-05-13
153910,16.75,94.75,Junta,0,2025-05-13
153911,16.75,95.25,Junta,0,2025-05-13
153912,16.75,95.75,Junta,0,2025-05-13
153913,16.75,96.25,Junta,0,2025-05-13
153914,16.75,96.75,Junta,0,2025-05-13
153915,16.75,97.25,Junta,0,2025-05-13
153916,16.75,97.75,Junta,0,2025-05-13
153917,16.75,98.25,Junta,0,2025-05-13
154630,17.25,94.75,Junta,0,2025-05-13
154631,17.25,95.25,Junta,0,2025-05-13
154632,17.25,95.75,Junta,0,2025-05-13
154633,17.25,96.25,Junta,0,2025-05-13
154634,17.25,96.75,Junta,0,2025-05-13
154635,17.25,97.25,Karen,4,2025-05-13
154636,17.25,97.75,Karen,4,2025-05-13
154637,17.25,98.25,Karen,4,2025-05-13
155350,17.75,94.75,Junta,0,2025-05-13
155351,17.75,95.25,Junta,0,2025-05-13
155352,17.75,95.75,Junta,0,2025-05-13
155353,17.75,96.25,Junta,0,2025-05-13
155354,17.75,96.75,Karen,4,2025-05-13
155355,17.75,97.25,Karen,4,2025-05-13
155356,17.75,97.75,Karen,4,2025-05-13
156069,18.25,94.25,Junta,0,2025-05-13
156070,18.25,94.75,Junta,0,2025-05-13
156071,18.25,95.25,Junta,0,2025-05-13
156072,18.25,95.75,Junta,0,2025-05-13
156073,18.25,96.25,PDF,2,2025-05-13
156074,18.25,96.75,Karen,4,2025-05-13
156075,18.25,97.25,Karen,4,2025-05-13
156076,18.25,97.75,Karen,4,2025-05-13
156788,18.75,93.75,Junta,0,2025-05-13
156789,18.75,94.25,Junta,0,2025-05-13
156790,18.75,94.75,Junta,0,2025-05-13
156791,18.75,95.25,Junta,0,2025-05-13
156792,18.75,95.75,PDF,2,2025-05-13
156793,18.75,96.25,PDF,2,2025-05-13
156794,18.75,96.75,Karen,4,2025-05-13
156795,18.75,97.25,Karenni,5,2025-05-13
156796,18.75,97.75,Karenni,5,2025-05-13
157508,19.25,93.75,Junta,0,2025-05-13
157509,19.25,94.25,Junta,0,2025-05-13
157510,19.25,94.75,Junta,0,2025-05-13
157511,19.25,95.25,Junta,0,2025-05-13
157512,19.25,95.75,Junta,0,2025-05-13
157513,19.25,96.25,Junta,0,2025-05-13
157514,19.25,96.75,Karen,4,2025-05-13
157515,19.25,97.25,Karenni,5,2025-05-13
157516,19.25,97.75,Karenni,5,2025-05-13
158228,19.75,93.75,AA,6,2025-05-13
158229,19.75,94.25,AA,6,2025-05-13
158230,19.75,94.75,Junta,0,2025-05-13
158231,19.75,95.25,Junta,0,2025-05-13
158232,19.75,95.75,Junta,0,2025-05-13
158233,19.75,96.25,Junta,0,2025-05-13
158234,19.75,96.75,Karenni,5,2025-05-13
158235,19.75,97.25,Karenni,5,2025-05-13
158236,19.75,97.75,Junta,0,2025-05-13
158237,19.75,98.25,Junta,0,2025-05-13
158238,19.75,98.75,Junta,0,2025-05-13
158946,20.25,92.75,Junta,0,2025-05-13
158947,20.25,93.25,Junta,0,2025-05-13
158948,20.25,93.75,AA,6,2025-05-13
158949,20.25,94.25,AA,6,2025-05-13
158950,20.25,94.75,Junta,0,2025-05-13
158951,20.25,95.25,Junta,0,2025-05-13
158952,20.25,95.75,Junta,0,2025-05-13
158953,20.25,96.25,Junta,0,2025-05-13
158954,20.25,96.75,Junta,0,2025-05-13
158955,20.25,97.25,Junta,0,2025-05-13
158956,20.25,97.75,Junta,0,2025-05-13
158957,20.25,98.25,Junta,0,2025-05-13
158958,20.25,98.75,Junta,0,2025-05-13
158959,20.25,99.25,Junta,0,2025-05-13
158960,20.25,99.75,Junta,0,2025-05-13
158961,20.25,100.25,Junta,0,2025-05-13
159665,20.75,92.25,Junta,0,2025-05-13
159666,20.75,92.75,AA,6,2025-05-13
159667,20.75,93.25,AA,6,2025-05-13
159668,20.75,93.75,AA,6,2025-05-13
159669,20.75,94.25,Junta,0,2025-05-13
159670,20.75,94.75,Junta,0,2025-05-13
159671,20.75,95.25,Junta,0,2025-05-13
159672,20.75,95.75,Junta,0,2025-05-13
159673,20.75,96.25,Junta,0,2025-05-13
159674,20.75,96.75,Junta,0,2025-05-13
159675,20.75,97.25,Junta,0,2025-05-13
159676,20.75,97.75,Junta,0,2025-05-13
159677,20.75,98.25,Junta,0,2025-05-13
159678,20.75,98.75,Junta,0,2025-05-13
159679,20.75,99.25,Junta,0,2025-05-13
159680,20.75,99.75,Junta,0,2025-05-13
159681,20.75,100.25,Junta,0,2025-05-13
160385,21.25,92.25,AA,6,2025-05-13
160386,21.25,92.75,AA,6,2025-05-13
160387,21.25,93.25,Chin Resistance,9,2025-05-13
160388,21.25,93.75,Chin Resistance,9,2025-05-13
160389,21.25,94.25,Chin Resistance,9,2025-05-13
160390,21.25,94.75,Junta,0,2025-05-13
160391,21.25,95.25,Junta,0,2025-05-13
160392,21.25,95.75,Junta,0,2025-05-13
160393,21.25,96.25,Junta,0,2025-05-13
160394,21.25,96.75,Junta,0,2025-05-13
160395,21.25,97.25,Junta,0,2025-05-13
160396,21.25,97.75,Junta,0,2025-05-13
160397,21.25,98.25,Junta,0,2025-05-13
160398,21.25,98.75,Junta,0,2025-05-13
160399,21.25,99.25,Junta,0,2025-05-13
160400,21.25,99.75,Junta,0,2025-05-13
160401,21.25,100.25,Junta,0,2025-05-13
160402,21.25,100.75,Junta,0,2025-05-13
161105,21.75,92.25,AA,6,2025-05-13
161106,21.75,92.75,AA,6,2025-05-13
161107,21.75,93.25,Chin Resistance,9,2025-05-13
161108,21.75,93.75,Chin Resistance,9,2025-05-13
161109,21.75,94.25,Chin Resistance,9,2025-05-13
161110,21.75,94.75,PDF,2,2025-05-13
161111,21.75,95.25,PDF,2,2025-05-13
161112,21.75,95.75,Junta,0,2025-05-13
161113,21.75,96.25,Junta,0,2025-05-13
161114,21.75,96.75,Junta,0,2025-05-13
161115,21.75,97.25,Junta,0,2025-05-13
161116,21.75,97.75,Junta,0,2025-05-13
161117,21.75,98.25,Junta,0,2025-05-13
161118,21.75,98.75,Junta,0,2025-05-13
161119,21.75,99.25,Junta,0,2025-05-13
161120,21.75,99.75,NDAA,14,2025-05-13
161121,21.75,100.25,NDAA,14,2025-05-13
161122,21.75,100.75,NDAA,14,2025-05-13
161123,21.75,101.25,Junta,0,2025-05-13
161826,22.25,92.75,AA,6,2025-05-13
161827,22.25,93.25,Chin Resistance,9,2025-05-13
161828,22.25,93.75,Chin Resistance,9,2025-05-13
161829,22.25,94.25,Junta,0,2025-05-13
161830,22.25,94.75,Junta,0,2025-05-13
161831,22.25,95.25,Junta,0,2025-05-13
161832,22.25,95.75,Junta,0,2025-05-13
161833,22.25,96.25,Junta,0,2025-05-13
161834,22.25,96.75,Junta,0,2025-05-13
161835,22.25,97.25,Junta,0,2025-05-13
161836,22.25,97.75,Junta,0,2025-05-13
161837,22.25,98.25,Junta,0,2025-05-13
161838,22.25,98.75,UWSA,15,2025-05-13
161839,22.25,99.25,UWSA,15,2025-05-13
161840,22.25,99.75,UWSA,15,2025-05-13
162547,22.75,93.25,Chin Resistance,9,2025-05-13
162548,22.75,93.75,Chin Resistance,9,2025-05-13
162549,22.75,94.25,Junta,0,2025-05-13
162550,22.75,94.75,Junta,0,2025-05-13
162551,22.75,95.25,Junta,0,2025-05-13
162552,22.75,95.75,Junta,0,2025-05-13
162553,22.75,96.25,Junta,0,2025-05-13
162554,22.75,96.75,Junta,0,2025-05-13
162555,22.75,97.25,Junta,0,2025-05-13
162556,22.75,97.75,Junta,0,2025-05-13
162557,22.75,98.25,Junta,0,2025-05-13
162558,22.75,98.75,UWSA,15,2025-05-13
162559,22.75,99.25,UWSA,15,2025-05-13
163267,23.25,93.25,Chin Resistance,9,2025-05-13
163268,23.25,93.75,Chin Resistance,9,2025-05-13
163269,23.25,94.25,Junta,0,2025-05-13
163270,23.25,94.75,Junta,0,2025-05-13
163271,23.25,95.25,Junta,0,2025-05-13
163272,23.25,95.75,Junta,0,2025-05-13
163273,23.25,96.25,Junta,0,2025-05-13
163274,23.25,96.75,KIA,3,2025-05-13
163275,23.25,97.25,Junta,0,2025-05-13
163276,23.25,97.75,Junta,0,2025-05-13
163277,23.25,98.25,Junta,0,2025-05-13
163278,23.25,98.75,UWSA,15,2025-05-13
163279,23.25,99.25,UWSA,15,2025-05-13
163987,23.75,93.25,Chin Resistance,9,2025-05-13
163988,23.75,93.75,Chin Resistance,9,2025-05-13
163989,23.75,94.25,Chin Resistance,9,2025-05-13
163990,23.75,94.75,Junta,0,2025-05-13
163991,23.75,95.25,Junta,0,2025-05-13
163992,23.75,95.75,Junta,0,2025-05-13
163993,23.75,96.25,Junta,0,2025-05-13
163994,23.75,96.75,KIA,3,2025-05-13
163995,23.75,97.25,KIA,3,2025-05-13
163996,23.75,97.75,KIA,3,2025-05-13
163997,23.75,98.25,KIA,3,2025-05-13
163998,23.75,98.75,Junta,0,2025-05-13
164707,24.25,93.25,Chin Resistance,9,2025-05-13
164708,24.25,93.75,Chin Resistance,9,2025-05-13
164709,24.25,94.25,Junta,0,2025-05-13
164710,24.25,94.75,Junta,0,2025-05-13
164711,24.25,95.25,Junta,0,2025-05-13
164712,24.25,95.75,KIA,3,2025-05-13
164713,24.25,96.25,KIA,3,2025-05-13
164714,24.25,96.75,KIA,3,2025-05-13
164715,24.25,97.25,KIA,3,2025-05-13
164716,24.25,97.75,Junta,0,2025-05-13
164717,24.25,98.25,Junta,0,2025-05-13
164718,24.25,98.75,Junta,0,2025-05-13
165430,24.75,94.75,Junta,0,2025-05-13
165431,24.75,95.25,KIA,3,2025-05-13
165432,24.75,95.75,KIA,3,2025-05-13
165433,24.75,96.25,KIA,3,2025-05-13
165434,24.75,96.75,KIA,3,2025-05-13
165435,24.75,97.25,KIA,3,2025-05-13
165436,24.75,97.75,Junta,0,2025-05-13
166150,25.25,94.75,Junta,0,2025-05-13
166151,25.25,95.25,Junta,0,2025-05-13
166152,25.25,95.75,KIA,3,2025-05-13
166153,25.25,96.25,KIA,3,2025-05-13
166154,25.25,96.75,KIA,3,2025-05-13
166155,25.25,97.25,KIA,3,2025-05-13
166156,25.25,97.75,Junta,0,2025-05-13
166870,25.75,94.75,Junta,0,2025-05-13
166871,25.75,95.25,Junta,0,2025-05-13
166872,25.75,95.75,KIA,3,2025-05-13
166873,25.75,96.25,KIA,3,2025-05-13
166874,25.75,96.75,KIA,3,2025-05-13
166875,25.75,97.25,KIA,3,2025-05-13
166876,25.75,97.75,KIA,3,2025-05-13
166877,25.75,98.25,Junta,0,2025-05-13
166878,25.75,98.75,Junta,0,2025-05-13
167591,26.25,95.25,Junta,0,2025-05-13
167592,26.25,95.75,KIA,3,2025-05-13
167593,26.25,96.25,KIA,3,2025-05-13
167594,26.25,96.75,KIA,3,2025-05-13
167595,26.25,97.25,KIA,3,2025-05-13
167596,26.25,97.75,KIA,3,2025-05-13
167597,26.25,98.25,KIA,3,2025-05-13
167598,26.25,98.75,Junta,0,2025-05-13
168311,26.75,95.25,Junta,0,2025-05-13
168312,26.75,95.75,Junta,0,2025-05-13
168313,26.75,96.25,KIA,3,2025-05-13
168314,26.75,96.75,KIA,3,2025-05-13
168315,26.75,97.25,KIA,3,2025-05-13
168316,26.75,97.75,KIA,3,2025-05-13
168317,26.75,98.25,KIA,3,2025-05-13
168318,26.75,98.75,Junta,0,2025-05-13
169033,27.25,96.25,KIA,3,2025-05-13
169034,27.25,96.75,KIA,3,2025-05-13
169035,27.25,97.25,KIA,3,2025-05-13
169036,27.25,97.75,KIA,3,2025-05-13
169037,27.25,98.25,Junta,0,2025-05-13
169038,27.25,98.75,Junta,0,2025-05-13
169754,27.75,96.75,KIA,3,2025-05-13
169755,27.75,97.25,Junta,0,2025-05-13
169756,27.75,97.75,Junta,0,2025-05-13
169757,27.75,98.25,Junta,0,2025-05-13
170475,28.25,97.25,Junta,0,2025-05-13
170476,28.25,97.75,Junta,0,2025-05-13
170477,28.25,98.25,Junta,0,2025-05-13
144558,10.25,98.75,Junta,0,2025-06-05
145277,10.75,98.25,Junta,0,2025-06-05
145278,10.75,98.75,Junta,0,2025-06-05
145998,11.25,98.75,Junta,0,2025-06-05
145999,11.25,99.25,PDF,2,2025-06-05
146717,11.75,98.25,Junta,0,2025-06-05
146718,11.75,98.75,PDF,2,2025-06-05
146719,11.75,99.25,PDF,2,2025-06-05
146720,11.75,99.75,Junta,0,2025-06-05
147437,12.25,98.25,Junta,0,2025-06-05
147438,12.25,98.75,Junta,0,2025-06-05
147439,12.25,99.25,PDF,2,2025-06-05
148157,12.75,98.25,Junta,0,2025-06-05
148158,12.75,98.75,Junta,0,2025-06-05
148159,12.75,99.25,PDF,2,2025-06-05
148878,13.25,98.75,Junta,0,2025-06-05
148879,13.25,99.25,PDF,2,2025-06-05
149597,13.75,98.25,Junta,0,2025-06-05
149598,13.75,98.75,Karen,4,2025-06-05
149599,13.75,99.25,Karen,4,2025-06-05
150317,14.25,98.25,Junta,0,2025-06-05
150318,14.25,98.75,Karen,4,2025-06-05
151036,14.75,97.75,Junta,0,2025-06-05
151037,14.75,98.25,Karen,4,2025-06-05
151756,15.25,97.75,Junta,0,2025-06-05
151757,15.25,98.25,Junta,0,2025-06-05
152471,15.75,95.25,Junta,0,2025-06-05
152472,15.75,95.75,Junta,0,2025-06-05
152476,15.75,97.75,Junta,0,2025-06-05
152477,15.75,98.25,Junta,0,2025-06-05
153189,16.25,94.25,Junta,0,2025-06-05
153190,16.25,94.75,Junta,0,2025-06-05
153191,16.25,95.25,Junta,0,2025-06-05
153192,16.25,95.75,Junta,0,2025-06-05
153193,16.25,96.25,Junta,0,2025-06-05
153196,16.25,97.75,Junta,0,2025-06-05
153197,16.25,98.25,Junta,0,2025-06-05
153198,16.25,98.75,Junta,0,2025-06-05
153909,16.75,94.25,Junta,0,2025-06-05
153910,16.75,94.75,Junta,0,2025-06-05
153911,16.75,95.25,Junta,0,2025-06-05
153912,16.75,95.75,Junta,0,2025-06-05
153913,16.75,96.25,Junta,0,2025-06-05
153914,16.75,96.75,Junta,0,2025-06-05
153915,16.75,97.25,Junta,0,2025-06-05
153916,16.75,97.75,Junta,0,2025-06-05
153917,16.75,98.25,Junta,0,2025-06-05
154630,17.25,94.75,Junta,0,2025-06-05
154631,17.25,95.25,Junta,0,2025-06-05
154632,17.25,95.75,Junta,0,2025-06-05
154633,17.25,96.25,Junta,0,2025-06-05
154634,17.25,96.75,Junta,0,2025-06-05
154635,17.25,97.25,Karen,4,2025-06-05
154636,17.25,97.75,Karen,4,2025-06-05
154637,17.25,98.25,Karen,4,2025-06-05
155350,17.75,94.75,Junta,0,2025-06-05
155351,17.75,95.25,Junta,0,2025-06-05
155352,17.75,95.75,Junta,0,2025-06-05
155353,17.75,96.25,Junta,0,2025-06-05
155354,17.75,96.75,Karen,4,2025-06-05
155355,17.75,97.25,Karen,4,2025-06-05
155356,17.75,97.75,Karen,4,2025-06-05
156069,18.25,94.25,Junta,0,2025-06-05
156070,18.25,94.75,Junta,0,2025-06-05
156071,18.25,95.25,Junta,0,2025-06-05
156072,18.25,95.75,Junta,0,2025-06-05
156073,18.25,96.25,PDF,2,2025-06-05
156074,18.25,96.75,Karen,4,2025-06-05
156075,18.25,97.25,Karen,4,2025-06-05
156076,18.25,97.75,Karen,4,2025-06-05
156788,18.75,93.75,Junta,0,2025-06-05
156789,18.75,94.25,Junta,0,2025-06-05
156790,18.75,94.75,Junta,0,2025-06-05
156791,18.75,95.25,Junta,0,2025-06-05
156792,18.75,95.75,PDF,2,2025-06-05
156793,18.75,96.25,PDF,2,2025-06-05
156794,18.75,96.75,Karen,4,2025-06-05
156795,18.75,97.25,Karenni,5,2025-06-05
156796,18.75,97.75,Karenni,5,2025-06-05
157508,19.25,93.75,Junta,0,2025-06-05
157509,19.25,94.25,Junta,0,2025-06-05
157510,19.25,94.75,Junta,0,2025-06-05
157511,19.25,95.25,Junta,0,2025-06-05
157512,19.25,95.75,Junta,0,2025-06-05
157513,19.25,96.25,Junta,0,2025-06-05
157514,19.25,96.75,Karen,4,2025-06-05
157515,19.25,97.25,Karenni,5,2025-06-05
157516,19.25,97.75,Karenni,5,2025-06-05
158228,19.75,93.75,AA,6,2025-06-05
158229,19.75,94.25,AA,6,2025-06-05
158230,19.75,94.75,Junta,0,2025-06-05
158231,19.75,95.25,Junta,0,2025-06-05
158232,19.75,95.75,Junta,0,2025-06-05
158233,19.75,96.25,Junta,0,2025-06-05
158234,19.75,96.75,Karenni,5,2025-06-05
158235,19.75,97.25,Karenni,5,2025-06-05
158236,19.75,97.75,Junta,0,2025-06-05
158237,19.75,98.25,Junta,0,2025-06-05
158238,19.75,98.75,Junta,0,2025-06-05
158946,20.25,92.75,Junta,0,2025-06-05
158947,20.25,93.25,Junta,0,2025-06-05
158948,20.25,93.75,AA,6,2025-06-05
158949,20.25,94.25,AA,6,2025-06-05
158950,20.25,94.75,Junta,0,2025-06-05
158951,20.25,95.25,Junta,0,2025-06-05
158952,20.25,95.75,Junta,0,2025-06-05
158953,20.25,96.25,Junta,0,2025-06-05
158954,20.25,96.75,Junta,0,2025-06-05
158955,20.25,97.25,Junta,0,2025-06-05
158956,20.25,97.75,Junta,0,2025-06-05
158957,20.25,98.25,Junta,0,2025-06-05
158958,20.25,98.75,Junta,0,2025-06-05
158959,20.25,99.25,Junta,0,2025-06-05
158960,20.25,99.75,Junta,0,2025-06-05
158961,20.25,100.25,Junta,0,2025-06-05
159665,20.75,92.25,Junta,0,2025-06-05
159666,20.75,92.75,AA,6,2025-06-05
159667,20.75,93.25,AA,6,2025-06-05
159668,20.75,93.75,AA,6,2025-06-05
159669,20.75,94.25,Junta,0,2025-06-05
159670,20.75,94.75,Junta,0,2025-06-05
159671,20.75,95.25,Junta,0,2025-06-05
159672,20.75,95.75,Junta,0,2025-06-05
159673,20.75,96.25,Junta,0,2025-06-05
159674,20.75,96.75,Junta,0,2025-06-05
159675,20.75,97.25,Junta,0,2025-06-05
159676,20.75,97.75,Junta,0,2025-06-05
159677,20.75,98.25,Junta,0,2025-06-05
159678,20.75,98.75,Junta,0,2025-06-05
159679,20.75,99.25,Junta,0,2025-06-05
159680,20.75,99.75,Junta,0,2025-06-05
159681,20.75,100.25,Junta,0,2025-06-05
160385,21.25,92.25,AA,6,2025-06-05
160386,21.25,92.75,AA,6,2025-06-05
160387,21.25,93.25,Chin Resistance,9,2025-06-05
160388,21.25,93.75,Chin Resistance,9,2025-06-05
160389,21.25,94.25,Chin Resistance,9,2025-06-05
160390,21.25,94.75,Junta,0,2025-06-05
160391,21.25,95.25,Junta,0,2025-06-05
160392,21.25,95.75,Junta,0,2025-06-05
160393,21.25,96.25,Junta,0,2025-06-05
160394,21.25,96.75,Junta,0,2025-06-05
160395,21.25,97.25,Junta,0,2025-06-05
160396,21.25,97.75,Junta,0,2025-06-05
160397,21.25,98.25,Junta,0,2025-06-05
160398,21.25,98.75,Junta,0,2025-06-05
160399,21.25,99.25,Junta,0,2025-06-05
160400,21.25,99.75,Junta,0,2025-06-05
160401,21.25,100.25,Junta,0,2025-06-05
160402,21.25,100.75,Junta,0,2025-06-05
161105,21.75,92.25,AA,6,2025-06-05
161106,21.75,92.75,AA,6,2025-06-05
161107,21.75,93.25,Chin Resistance,9,2025-06-05
161108,21.75,93.75,Chin Resistance,9,2025-06-05
161109,21.75,94.25,Chin Resistance,9,2025-06-05
161110,21.75,94.75,PDF,2,2025-06-05
161111,21.75,95.25,PDF,2,2025-06-05
161112,21.75,95.75,Junta,0,2025-06-05
161113,21.75,96.25,Junta,0,2025-06-05
161114,21.75,96.75,Junta,0,2025-06-05
161115,21.75,97.25,Junta,0,2025-06-05
161116,21.75,97.75,Junta,0,2025-06-05
161117,21.75,98.25,Junta,0,2025-06-05
161118,21.75,98.75,Junta,0,2025-06-05
161119,21.75,99.25,Junta,0,2025-06-05
161120,21.75,99.75,NDAA,14,2025-06-05
161121,21.75,100.25,NDAA,14,2025-06-05
161122,21.75,100.75,NDAA,14,2025-06-05
161123,21.75,101.25,Junta,0,2025-06-05
161826,22.25,92.75,AA,6,2025-06-05
161827,22.25,93.25,Chin Resistance,9,2025-06-05
161828,22.25,93.75,Chin Resistance,9,2025-06-05
161829,22.25,94.25,Junta,0,2025-06-05
161830,22.25,94.75,Junta,0,2025-06-05
161831,22.25,95.25,Junta,0,2025-06-05
161832,22.25,95.75,Junta,0,2025-06-05
161833,22.25,96.25,Junta,0,2025-06-05
161834,22.25,96.75,Junta,0,2025-06-05
161835,22.25,97.25,Junta,0,2025-06-05
161836,22.25,97.75,Junta,0,2025-06-05
161837,22.25,98.25,Junta,0,2025-06-05
161838,22.25,98.75,UWSA,15,2025-06-05
161839,22.25,99.25,UWSA,15,2025-06-05
161840,22.25,99.75,UWSA,15,2025-06-05
162547,22.75,93.25,Chin Resistance,9,2025-06-05
162548,22.75,93.75,Chin Resistance,9,2025-06-05
162549,22.75,94.25,Junta,0,2025-06-05
162550,22.75,94.75,Junta,0,2025-06-05
162551,22.75,95.25,Junta,0,2025-06-05
162552,22.75,95.75,Junta,0,2025-06-05
162553,22.75,96.25,Junta,0,2025-06-05
162554,22.75,96.75,Junta,0,2025-06-05
162555,22.75,97.25,Junta,0,2025-06-05
162556,22.75,97.75,Junta,0,2025-06-05
162557,22.75,98.25,Junta,0,2025-06-05
162558,22.75,98.75,UWSA,15,2025-06-05
162559,22.75,99.25,UWSA,15,2025-06-05
163267,23.25,93.25,Chin Resistance,9,2025-06-05
163268,23.25,93.75,Chin Resistance,9,2025-06-05
163269,23.25,94.25,Junta,0,2025-06-05
163270,23.25,94.75,Junta,0,2025-06-05
163271,23.25,95.25,Junta,0,2025-06-05
163272,23.25,95.75,Junta,0,2025-06-05
163273,23.25,96.25,Junta,0,2025-06-05
163274,23.25,96.75,KIA,3,2025-06-05
163275,23.25,97.25,Junta,0,2025-06-05
163276,23.25,97.75,Junta,0,2025-06-05
163277,23.25,98.25,Junta,0,2025-06-05
163278,23.25,98.75,UWSA,15,2025-06-05
163279,23.25,99.25,UWSA,15,2025-06-05
163987,23.75,93.25,Chin Resistance,9,2025-06-05
163988,23.75,93.75,Chin Resistance,9,2025-06-05
163989,23.75,94.25,Chin Resistance,9,2025-06-05
163990,23.75,94.75,Junta,0,2025-06-05
163991,23.75,95.25,Junta,0,2025-06-05
163992,23.75,95.75,Junta,0,2025-06-05
163993,23.75,96.25,Junta,0,2025-06-05
163994,23.75,96.75,KIA,3,2025-06-05
163995,23.75,97.25,KIA,3,2025-06-05
163996,23.75,97.75,KIA,3,2025-06-05
163997,23.75,98.25,KIA,3,2025-06-05
163998,23.75,98.75,Junta,0,2025-06-05
164707,24.25,93.25,Chin Resistance,9,2025-06-05
164708,24.25,93.75,Chin Resistance,9,2025-06-05
164709,24.25,94.25,Junta,0,2025-06-05
164710,24.25,94.75,Junta,0,2025-06-05
164711,24.25,95.25,Junta,0,2025-06-05
164712,24.25,95.75,KIA,3,2025-06-05
164713,24.25,96.25,KIA,3,2025-06-05
164714,24.25,96.75,KIA,3,2025-06-05
164715,24.25,97.25,KIA,3,2025-06-05
164716,24.25,97.75,Junta,0,2025-06-05
164717,24.25,98.25,Junta,0,2025-06-05
164718,24.25,98.75,Junta,0,2025-06-05
165430,24.75,94.75,Junta,0,2025-06-05
165431,24.75,95.25,KIA,3,2025-06-05
165432,24.75,95.75,KIA,3,2025-06-05
165433,24.75,96.25,KIA,3,2025-06-05
165434,24.75,96.75,KIA,3,2025-06-05
165435,24.75,97.25,KIA,3,2025-06-05
165436,24.75,97.75,Junta,0,2025-06-05
166150,25.25,94.75,Junta,0,2025-06-05
166151,25.25,95.25,Junta,0,2025-06-05
166152,25.25,95.75,KIA,3,2025-06-05
166153,25.25,96.25,KIA,3,2025-06-05
166154,25.25,96.75,KIA,3,2025-06-05
166155,25.25,97.25,KIA,3,2025-06-05
166156,25.25,97.75,Junta,0,2025-06-05
166870,25.75,94.75,Junta,0,2025-06-05
166871,25.75,95.25,Junta,0,2025-06-05
166872,25.75,95.75,KIA,3,2025-06-05
166873,25.75,96.25,KIA,3,2025-06-05
166874,25.75,96.75,KIA,3,2025-06-05
166875,25.75,97.25,KIA,3,2025-06-05
166876,25.75,97.75,KIA,3,2025-06-05
166877,25.75,98.25,Junta,0,2025-06-05
166878,25.75,98.75,Junta,0,2025-06-05
167591,26.25,95.25,Junta,0,2025-06-05
167592,26.25,95.75,KIA,3,2025-06-05
167593,26.25,96.25,KIA,3,2025-06-05
167594,26.25,96.75,KIA,3,2025-06-05
167595,26.25,97.25,KIA,3,2025-06-05
167596,26.25,97.75,KIA,3,2025-06-05
167597,26.25,98.25,KIA,3,2025-06-05
167598,26.25,98.75,Junta,0,2025-06-05
168311,26.75,95.25,Junta,0,2025-06-05
168312,26.75,95.75,Junta,0,2025-06-05
168313,26.75,96.25,KIA,3,2025-06-05
168314,26.75,96.75,KIA,3,2025-06-05
168315,26.75,97.25,KIA,3,2025-06-05
168316,26.75,97.75,KIA,3,2025-06-05
168317,26.75,98.25,KIA,3,2025-06-05
168318,26.75,98.75,Junta,0,2025-06-05
169033,27.25,96.25,KIA,3,2025-06-05
169034,27.25,96.75,KIA,3,2025-06-05
169035,27.25,97.25,KIA,3,2025-06-05
169036,27.25,97.75,KIA,3,2025-06-05
169037,27.25,98.25,Junta,0,2025-06-05
169038,27.25,98.75,Junta,0,2025-06-05
169754,27.75,96.75,KIA,3,2025-06-05
169755,27.75,97.25,Junta,0,2025-06-05
169756,27.75,97.75,Junta,0,2025-06-05
169757,27.75,98.25,Junta,0,2025-06-05
170475,28.25,97.25,Junta,0,2025-06-05
170476,28.25,97.75,Junta,0,2025-06-05
170477,28.25,98.25,Junta,0,2025-06-05
144558,10.25,98.75,Junta,0,2025-07-04
145277,10.75,98.25,Junta,0,2025-07-04
145278,10.75,98.75,Junta,0,2025-07-04
145998,11.25,98.75,Junta,0,2025-07-04
145999,11.25,99.25,PDF,2,2025-07-04
146717,11.75,98.25,Junta,0,2025-07-04
146718,11.75,98.75,PDF,2,2025-07-04
146719,11.75,99.25,PDF,2,2025-07-04
146720,11.75,99.75,Junta,0,2025-07-04
147437,12.25,98.25,Junta,0,2025-07-04
147438,12.25,98.75,Junta,0,2025-07-04
147439,12.25,99.25,PDF,2,2025-07-04
148157,12.75,98.25,Junta,0,2025-07-04
148158,12.75,98.75,Junta,0,2025-07-04
148159,12.75,99.25,PDF,2,2025-07-04
148878,13.25,98.75,Junta,0,2025-07-04
148879,13.25,99.25,PDF,2,2025-07-04
149597,13.75,98.25,Junta,0,2025-07-04
149598,13.75,98.75,Karen,4,2025-07-04
149599,13.75,99.25,Karen,4,2025-07-04
150317,14.25,98.25,Junta,0,2025-07-04
150318,14.25,98.75,Karen,4,2025-07-04
151036,14.75,97.75,Junta,0,2025-07-04
151037,14.75,98.25,Karen,4,2025-07-04
151756,15.25,97.75,Junta,0,2025-07-04
151757,15.25,98.25,Junta,0,2025-07-04
152471,15.75,95.25,Junta,0,2025-07-04
152472,15.75,95.75,Junta,0,2025-07-04
152476,15.75,97.75,Junta,0,2025-07-04
152477,15.75,98.25,Junta,0,2025-07-04
153189,16.25,94.25,Junta,0,2025-07-04
153190,16.25,94.75,Junta,0,2025-07-04
153191,16.25,95.25,Junta,0,2025-07-04
153192,16.25,95.75,Junta,0,2025-07-04
153193,16.25,96.25,Junta,0,2025-07-04
153196,16.25,97.75,Junta,0,2025-07-04
153197,16.25,98.25,Junta,0,2025-07-04
153198,16.25,98.75,Junta,0,2025-07-04
153909,16.75,94.25,Junta,0,2025-07-04
153910,16.75,94.75,Junta,0,2025-07-04
153911,16.75,95.25,Junta,0,2025-07-04
153912,16.75,95.75,Junta,0,2025-07-04
153913,16.75,96.25,Junta,0,2025-07-04
153914,16.75,96.75,Junta,0,2025-07-04
153915,16.75,97.25,Junta,0,2025-07-04
153916,16.75,97.75,Junta,0,2025-07-04
153917,16.75,98.25,Junta,0,2025-07-04
154630,17.25,94.75,Junta,0,2025-07-04
154631,17.25,95.25,Junta,0,2025-07-04
154632,17.25,95.75,Junta,0,2025-07-04
154633,17.25,96.25,Junta,0,2025-07-04
154634,17.25,96.75,Junta,0,2025-07-04
154635,17.25,97.25,Karen,4,2025-07-04
154636,17.25,97.75,Karen,4,2025-07-04
154637,17.25,98.25,Karen,4,2025-07-04
155350,17.75,94.75,Junta,0,2025-07-04
155351,17.75,95.25,Junta,0,2025-07-04
155352,17.75,95.75,Junta,0,2025-07-04
155353,17.75,96.25,Junta,0,2025-07-04
155354,17.75,96.75,Karen,4,2025-07-04
155355,17.75,97.25,Karen,4,2025-07-04
155356,17.75,97.75,Karen,4,2025-07-04
156069,18.25,94.25,Junta,0,2025-07-04
156070,18.25,94.75,Junta,0,2025-07-04
156071,18.25,95.25,Junta,0,2025-07-04
156072,18.25,95.75,Junta,0,2025-07-04
156073,18.25,96.25,PDF,2,2025-07-04
156074,18.25,96.75,Karen,4,2025-07-04
156075,18.25,97.25,Karen,4,2025-07-04
156076,18.25,97.75,Karen,4,2025-07-04
156788,18.75,93.75,Junta,0,2025-07-04
156789,18.75,94.25,Junta,0,2025-07-04
156790,18.75,94.75,Junta,0,2025-07-04
156791,18.75,95.25,Junta,0,2025-07-04
156792,18.75,95.75,PDF,2,2025-07-04
156793,18.75,96.25,PDF,2,2025-07-04
156794,18.75,96.75,Karen,4,2025-07-04
156795,18.75,97.25,Karenni,5,2025-07-04
156796,18.75,97.75,Karenni,5,2025-07-04
157508,19.25,93.75,Junta,0,2025-07-04
157509,19.25,94.25,Junta,0,2025-07-04
157510,19.25,94.75,Junta,0,2025-07-04
157511,19.25,95.25,Junta,0,2025-07-04
157512,19.25,95.75,Junta,0,2025-07-04
157513,19.25,96.25,Junta,0,2025-07-04
157514,19.25,96.75,Karen,4,2025-07-04
157515,19.25,97.25,Karenni,5,2025-07-04
157516,19.25,97.75,Karenni,5,2025-07-04
158228,19.75,93.75,AA,6,2025-07-04
158229,19.75,94.25,AA,6,2025-07-04
158230,19.75,94.75,Junta,0,2025-07-04
158231,19.75,95.25,Junta,0,2025-07-04
158232,19.75,95.75,Junta,0,2025-07-04
158233,19.75,96.25,Junta,0,2025-07-04
158234,19.75,96.75,Karenni,5,2025-07-04
158235,19.75,97.25,Karenni,5,2025-07-04
158236,19.75,97.75,Junta,0,2025-07-04
158237,19.75,98.25,Junta,0,2025-07-04
158238,19.75,98.75,Junta,0,2025-07-04
158946,20.25,92.75,Junta,0,2025-07-04
158947,20.25,93.25,Junta,0,2025-07-04
158948,20.25,93.75,AA,6,2025-07-04
158949,20.25,94.25,AA,6,2025-07-04
158950,20.25,94.75,Junta,0,2025-07-04
158951,20.25,95.25,Junta,0,2025-07-04
158952,20.25,95.75,Junta,0,2025-07-04
158953,20.25,96.25,Junta,0,2025-07-04
158954,20.25,96.75,Junta,0,2025-07-04
158955,20.25,97.25,Junta,0,2025-07-04
158956,20.25,97.75,Junta,0,2025-07-04
158957,20.25,98.25,Junta,0,2025-07-04
158958,20.25,98.75,Junta,0,2025-07-04
158959,20.25,99.25,Junta,0,2025-07-04
158960,20.25,99.75,Junta,0,2025-07-04
158961,20.25,100.25,Junta,0,2025-07-04
159665,20.75,92.25,Junta,0,2025-07-04
159666,20.75,92.75,AA,6,2025-07-04
159667,20.75,93.25,AA,6,2025-07-04
159668,20.75,93.75,AA,6,2025-07-04
159669,20.75,94.25,Junta,0,2025-07-04
159670,20.75,94.75,Junta,0,2025-07-04
159671,20.75,95.25,Junta,0,2025-07-04
159672,20.75,95.75,Junta,0,2025-07-04
159673,20.75,96.25,Junta,0,2025-07-04
159674,20.75,96.75,Junta,0,2025-07-04
159675,20.75,97.25,Junta,0,2025-07-04
159676,20.75,97.75,Junta,0,2025-07-04
159677,20.75,98.25,Junta,0,2025-07-04
159678,20.75,98.75,Junta,0,2025-07-04
159679,20.75,99.25,Junta,0,2025-07-04
159680,20.75,99.75,Junta,0,2025-07-04
159681,20.75,100.25,Junta,0,2025-07-04
160385,21.25,92.25,AA,6,2025-07-04
160386,21.25,92.75,AA,6,2025-07-04
160387,21.25,93.25,Chin Resistance,9,2025-07-04
160388,21.25,93.75,Chin Resistance,9,2025-07-04
160389,21.25,94.25,Chin Resistance,9,2025-07-04
160390,21.25,94.75,Junta,0,2025-07-04
160391,21.25,95.25,Junta,0,2025-07-04
160392,21.25,95.75,Junta,0,2025-07-04
160393,21.25,96.25,Junta,0,2025-07-04
160394,21.25,96.75,Junta,0,2025-07-04
160395,21.25,97.25,Junta,0,2025-07-04
160396,21.25,97.75,Junta,0,2025-07-04
160397,21.25,98.25,Junta,0,2025-07-04
160398,21.25,98.75,Junta,0,2025-07-04
160399,21.25,99.25,Junta,0,2025-07-04
160400,21.25,99.75,Junta,0,2025-07-04
160401,21.25,100.25,Junta,0,2025-07-04
160402,21.25,100.75,Junta,0,2025-07-04
161105,21.75,92.25,AA,6,2025-07-04
161106,21.75,92.75,AA,6,2025-07-04
161107,21.75,93.25,Chin Resistance,9,2025-07-04
161108,21.75,93.75,Chin Resistance,9,2025-07-04
161109,21.75,94.25,Chin Resistance,9,2025-07-04
161110,21.75,94.75,PDF,2,2025-07-04
161111,21.75,95.25,PDF,2,2025-07-04
161112,21.75,95.75,Junta,0,2025-07-04
161113,21.75,96.25,Junta,0,2025-07-04
161114,21.75,96.75,Junta,0,2025-07-04
161115,21.75,97.25,Junta,0,2025-07-04
161116,21.75,97.75,Junta,0,2025-07-04
161117,21.75,98.25,Junta,0,2025-07-04
161118,21.75,98.75,Junta,0,2025-07-04
161119,21.75,99.25,Junta,0,2025-07-04
161120,21.75,99.75,NDAA,14,2025-07-04
161121,21.75,100.25,NDAA,14,2025-07-04
161122,21.75,100.75,NDAA,14,2025-07-04
161123,21.75,101.25,Junta,0,2025-07-04
161826,22.25,92.75,AA,6,2025-07-04
161827,22.25,93.25,Chin Resistance,9,2025-07-04
161828,22.25,93.75,Chin Resistance,9,2025-07-04
161829,22.25,94.25,Junta,0,2025-07-04
161830,22.25,94.75,Junta,0,2025-07-04
161831,22.25,95.25,Junta,0,2025-07-04
161832,22.25,95.75,Junta,0,2025-07-04
161833,22.25,96.25,Junta,0,2025-07-04
161834,22.25,96.75,Junta,0,2025-07-04
161835,22.25,97.25,Junta,0,2025-07-04
161836,22.25,97.75,Junta,0,2025-07-04
161837,22.25,98.25,Junta,0,2025-07-04
161838,22.25,98.75,UWSA,15,2025-07-04
161839,22.25,99.25,UWSA,15,2025-07-04
161840,22.25,99.75,UWSA,15,2025-07-04
162547,22.75,93.25,Chin Resistance,9,2025-07-04
162548,22.75,93.75,Chin Resistance,9,2025-07-04
162549,22.75,94.25,Junta,0,2025-07-04
162550,22.75,94.75,Junta,0,2025-07-04
162551,22.75,95.25,Junta,0,2025-07-04
162552,22.75,95.75,Junta,0,2025-07-04
162553,22.75,96.25,Junta,0,2025-07-04
162554,22.75,96.75,Junta,0,2025-07-04
162555,22.75,97.25,Junta,0,2025-07-04
162556,22.75,97.75,Junta,0,2025-07-04
162557,22.75,98.25,Junta,0,2025-07-04
162558,22.75,98.75,UWSA,15,2025-07-04
162559,22.75,99.25,UWSA,15,2025-07-04
163267,23.25,93.25,Chin Resistance,9,2025-07-04
163268,23.25,93.75,Chin Resistance,9,2025-07-04
163269,23.25,94.25,Junta,0,2025-07-04
163270,23.25,94.75,Junta,0,2025-07-04
163271,23.25,95.25,Junta,0,2025-07-04
163272,23.25,95.75,Junta,0,2025-07-04
163273,23.25,96.25,Junta,0,2025-07-04
163274,23.25,96.75,KIA,3,2025-07-04
163275,23.25,97.25,Junta,0,2025-07-04
163276,23.25,97.75,Junta,0,2025-07-04
163277,23.25,98.25,Junta,0,2025-07-04
163278,23.25,98.75,UWSA,15,2025-07-04
163279,23.25,99.25,UWSA,15,2025-07-04
163987,23.75,93.25,Chin Resistance,9,2025-07-04
163988,23.75,93.75,Chin Resistance,9,2025-07-04
163989,23.75,94.25,Chin Resistance,9,2025-07-04
163990,23.75,94.75,Junta,0,2025-07-04
163991,23.75,95.25,Junta,0,2025-07-04
163992,23.75,95.75,Junta,0,2025-07-04
163993,23.75,96.25,Junta,0,2025-07-04
163994,23.75,96.75,KIA,3,2025-07-04
163995,23.75,97.25,KIA,3,2025-07-04
163996,23.75,97.75,KIA,3,2025-07-04
163997,23.75,98.25,KIA,3,2025-07-04
163998,23.75,98.75,Junta,0,2025-07-04
164707,24.25,93.25,Chin Resistance,9,2025-07-04
164708,24.25,93.75,Chin Resistance,9,2025-07-04
164709,24.25,94.25,Junta,0,2025-07-04
164710,24.25,94.75,Junta,0,2025-07-04
164711,24.25,95.25,Junta,0,2025-07-04
164712,24.25,95.75,KIA,3,2025-07-04
164713,24.25,96.25,KIA,3,2025-07-04
164714,24.25,96.75,KIA,3,2025-07-04
164715,24.25,97.25,KIA,3,2025-07-04
164716,24.25,97.75,Junta,0,2025-07-04
164717,24.25,98.25,Junta,0,2025-07-04
164718,24.25,98.75,Junta,0,2025-07-04
165430,24.75,94.75,Junta,0,2025-07-04
165431,24.75,95.25,KIA,3,2025-07-04
165432,24.75,95.75,KIA,3,2025-07-04
165433,24.75,96.25,KIA,3,2025-07-04
165434,24.75,96.75,KIA,3,2025-07-04
165435,24.75,97.25,KIA,3,2025-07-04
165436,24.75,97.75,Junta,0,2025-07-04
166150,25.25,94.75,Junta,0,2025-07-04
166151,25.25,95.25,Junta,0,2025-07-04
166152,25.25,95.75,KIA,3,2025-07-04
166153,25.25,96.25,KIA,3,2025-07-04
166154,25.25,96.75,KIA,3,2025-07-04
166155,25.25,97.25,KIA,3,2025-07-04
166156,25.25,97.75,Junta,0,2025-07-04
166870,25.75,94.75,Junta,0,2025-07-04
166871,25.75,95.25,Junta,0,2025-07-04
166872,25.75,95.75,KIA,3,2025-07-04
166873,25.75,96.25,KIA,3,2025-07-04
166874,25.75,96.75,KIA,3,2025-07-04
166875,25.75,97.25,KIA,3,2025-07-04
166876,25.75,97.75,KIA,3,2025-07-04
166877,25.75,98.25,Junta,0,2025-07-04
166878,25.75,98.75,Junta,0,2025-07-04
167591,26.25,95.25,Junta,0,2025-07-04
167592,26.25,95.75,KIA,3,2025-07-04
167593,26.25,96.25,KIA,3,2025-07-04
167594,26.25,96.75,KIA,3,2025-07-04
167595,26.25,97.25,KIA,3,2025-07-04
167596,26.25,97.75,KIA,3,2025-07-04
167597,26.25,98.25,KIA,3,2025-07-04
167598,26.25,98.75,Junta,0,2025-07-04
168311,26.75,95.25,Junta,0,2025-07-04
168312,26.75,95.75,Junta,0,2025-07-04
168313,26.75,96.25,KIA,3,2025-07-04
168314,26.75,96.75,KIA,3,2025-07-04
168315,26.75,97.25,KIA,3,2025-07-04
168316,26.75,97.75,KIA,3,2025-07-04
168317,26.75,98.25,KIA,3,2025-07-04
168318,26.75,98.75,Junta,0,2025-07-04
169033,27.25,96.25,KIA,3,2025-07-04
169034,27.25,96.75,KIA,3,2025-07-04
169035,27.25,97.25,KIA,3,2025-07-04
169036,27.25,97.75,KIA,3,2025-07-04
169037,27.25,98.25,Junta,0,2025-07-04
169038,27.25,98.75,Junta,0,2025-07-04
169754,27.75,96.75,KIA,3,2025-07-04
169755,27.75,97.25,Junta,0,2025-07-04
169756,27.75,97.75,Junta,0,2025-07-04
169757,27.75,98.25,Junta,0,2025-07-04
170475,28.25,97.25,Junta,0,2025-07-04
170476,28.25,97.75,Junta,0,2025-07-04
170477,28.25,98.25,Junta,0,2025-07-04
144558,10.25,98.75,Junta,0,2025-08-04
145277,10.75,98.25,Junta,0,2025-08-04
145278,10.75,98.75,Junta,0,2025-08-04
145998,11.25,98.75,Junta,0,2025-08-04
145999,11.25,99.25,PDF,2,2025-08-04
146717,11.75,98.25,Junta,0,2025-08-04
146718,11.75,98.75,PDF,2,2025-08-04
146719,11.75,99.25,PDF,2,2025-08-04
146720,11.75,99.75,Junta,0,2025-08-04
147437,12.25,98.25,Junta,0,2025-08-04
147438,12.25,98.75,Junta,0,2025-08-04
147439,12.25,99.25,PDF,2,2025-08-04
148157,12.75,98.25,Junta,0,2025-08-04
148158,12.75,98.75,Junta,0,2025-08-04
148159,12.75,99.25,PDF,2,2025-08-04
148878,13.25,98.75,Junta,0,2025-08-04
148879,13.25,99.25,PDF,2,2025-08-04
149597,13.75,98.25,Junta,0,2025-08-04
149598,13.75,98.75,Karen,4,2025-08-04
149599,13.75,99.25,Karen,4,2025-08-04
150317,14.25,98.25,Junta,0,2025-08-04
150318,14.25,98.75,Karen,4,2025-08-04
151036,14.75,97.75,Junta,0,2025-08-04
151037,14.75,98.25,Karen,4,2025-08-04
151756,15.25,97.75,Junta,0,2025-08-04
151757,15.25,98.25,Junta,0,2025-08-04
152471,15.75,95.25,Junta,0,2025-08-04
152472,15.75,95.75,Junta,0,2025-08-04
152476,15.75,97.75,Junta,0,2025-08-04
152477,15.75,98.25,Junta,0,2025-08-04
153189,16.25,94.25,Junta,0,2025-08-04
153190,16.25,94.75,Junta,0,2025-08-04
153191,16.25,95.25,Junta,0,2025-08-04
153192,16.25,95.75,Junta,0,2025-08-04
153193,16.25,96.25,Junta,0,2025-08-04
153196,16.25,97.75,Junta,0,2025-08-04
153197,16.25,98.25,Junta,0,2025-08-04
153198,16.25,98.75,Junta,0,2025-08-04
153909,16.75,94.25,Junta,0,2025-08-04
153910,16.75,94.75,Junta,0,2025-08-04
153911,16.75,95.25,Junta,0,2025-08-04
153912,16.75,95.75,Junta,0,2025-08-04
153913,16.75,96.25,Junta,0,2025-08-04
153914,16.75,96.75,Junta,0,2025-08-04
153915,16.75,97.25,Junta,0,2025-08-04
153916,16.75,97.75,Junta,0,2025-08-04
153917,16.75,98.25,Junta,0,2025-08-04
154630,17.25,94.75,Junta,0,2025-08-04
154631,17.25,95.25,Junta,0,2025-08-04
154632,17.25,95.75,Junta,0,2025-08-04
154633,17.25,96.25,Junta,0,2025-08-04
154634,17.25,96.75,Junta,0,2025-08-04
154635,17.25,97.25,Karen,4,2025-08-04
154636,17.25,97.75,Karen,4,2025-08-04
154637,17.25,98.25,Karen,4,2025-08-04
155350,17.75,94.75,Junta,0,2025-08-04
155351,17.75,95.25,Junta,0,2025-08-04
155352,17.75,95.75,Junta,0,2025-08-04
155353,17.75,96.25,Junta,0,2025-08-04
155354,17.75,96.75,Karen,4,2025-08-04
155355,17.75,97.25,Karen,4,2025-08-04
155356,17.75,97.75,Karen,4,2025-08-04
156069,18.25,94.25,Junta,0,2025-08-04
156070,18.25,94.75,Junta,0,2025-08-04
156071,18.25,95.25,Junta,0,2025-08-04
156072,18.25,95.75,Junta,0,2025-08-04
156073,18.25,96.25,PDF,2,2025-08-04
156074,18.25,96.75,Karen,4,2025-08-04
156075,18.25,97.25,Karen,4,2025-08-04
156076,18.25,97.75,Karen,4,2025-08-04
156788,18.75,93.75,Junta,0,2025-08-04
156789,18.75,94.25,Junta,0,2025-08-04
156790,18.75,94.75,Junta,0,2025-08-04
156791,18.75,95.25,Junta,0,2025-08-04
156792,18.75,95.75,PDF,2,2025-08-04
156793,18.75,96.25,PDF,2,2025-08-04
156794,18.75,96.75,Karen,4,2025-08-04
156795,18.75,97.25,Karenni,5,2025-08-04
156796,18.75,97.75,Karenni,5,2025-08-04
157508,19.25,93.75,Junta,0,2025-08-04
157509,19.25,94.25,Junta,0,2025-08-04
157510,19.25,94.75,Junta,0,2025-08-04
157511,19.25,95.25,Junta,0,2025-08-04
157512,19.25,95.75,Junta,0,2025-08-04
157513,19.25,96.25,Junta,0,2025-08-04
157514,19.25,96.75,Karen,4,2025-08-04
157515,19.25,97.25,Karenni,5,2025-08-04
157516,19.25,97.75,Karenni,5,2025-08-04
158228,19.75,93.75,AA,6,2025-08-04
158229,19.75,94.25,AA,6,2025-08-04
158230,19.75,94.75,Junta,0,2025-08-04
158231,19.75,95.25,Junta,0,2025-08-04
158232,19.75,95.75,Junta,0,2025-08-04
158233,19.75,96.25,Junta,0,2025-08-04
158234,19.75,96.75,Karenni,5,2025-08-04
158235,19.75,97.25,Karenni,5,2025-08-04
158236,19.75,97.75,Junta,0,2025-08-04
158237,19.75,98.25,Junta,0,2025-08-04
158238,19.75,98.75,Junta,0,2025-08-04
158946,20.25,92.75,Junta,0,2025-08-04
158947,20.25,93.25,Junta,0,2025-08-04
158948,20.25,93.75,AA,6,2025-08-04
158949,20.25,94.25,AA,6,2025-08-04
158950,20.25,94.75,Junta,0,2025-08-04
158951,20.25,95.25,Junta,0,2025-08-04
158952,20.25,95.75,Junta,0,2025-08-04
158953,20.25,96.25,Junta,0,2025-08-04
158954,20.25,96.75,Junta,0,2025-08-04
158955,20.25,97.25,Junta,0,2025-08-04
158956,20.25,97.75,Junta,0,2025-08-04
158957,20.25,98.25,Junta,0,2025-08-04
158958,20.25,98.75,Junta,0,2025-08-04
158959,20.25,99.25,Junta,0,2025-08-04
158960,20.25,99.75,Junta,0,2025-08-04
158961,20.25,100.25,Junta,0,2025-08-04
159665,20.75,92.25,Junta,0,2025-08-04
159666,20.75,92.75,AA,6,2025-08-04
159667,20.75,93.25,AA,6,2025-08-04
159668,20.75,93.75,AA,6,2025-08-04
159669,20.75,94.25,Junta,0,2025-08-04
159670,20.75,94.75,Junta,0,2025-08-04
159671,20.75,95.25,Junta,0,2025-08-04
159672,20.75,95.75,Junta,0,2025-08-04
159673,20.75,96.25,Junta,0,2025-08-04
159674,20.75,96.75,Junta,0,2025-08-04
159675,20.75,97.25,Junta,0,2025-08-04
159676,20.75,97.75,Junta,0,2025-08-04
159677,20.75,98.25,Junta,0,2025-08-04
159678,20.75,98.75,Junta,0,2025-08-04
159679,20.75,99.25,Junta,0,2025-08-04
159680,20.75,99.75,Junta,0,2025-08-04
159681,20.75,100.25,Junta,0,2025-08-04
160385,21.25,92.25,AA,6,2025-08-04
160386,21.25,92.75,AA,6,2025-08-04
160387,21.25,93.25,Chin Resistance,9,2025-08-04
160388,21.25,93.75,Chin Resistance,9,2025-08-04
160389,21.25,94.25,Chin Resistance,9,2025-08-04
160390,21.25,94.75,Junta,0,2025-08-04
160391,21.25,95.25,Junta,0,2025-08-04
160392,21.25,95.75,Junta,0,2025-08-04
160393,21.25,96.25,Junta,0,2025-08-04
160394,21.25,96.75,Junta,0,2025-08-04
160395,21.25,97.25,Junta,0,2025-08-04
160396,21.25,97.75,Junta,0,2025-08-04
160397,21.25,98.25,Junta,0,2025-08-04
160398,21.25,98.75,Junta,0,2025-08-04
160399,21.25,99.25,Junta,0,2025-08-04
160400,21.25,99.75,Junta,0,2025-08-04
160401,21.25,100.25,Junta,0,2025-08-04
160402,21.25,100.75,Junta,0,2025-08-04
161105,21.75,92.25,AA,6,2025-08-04
161106,21.75,92.75,AA,6,2025-08-04
161107,21.75,93.25,Chin Resistance,9,2025-08-04
161108,21.75,93.75,Chin Resistance,9,2025-08-04
161109,21.75,94.25,Chin Resistance,9,2025-08-04
161110,21.75,94.75,PDF,2,2025-08-04
161111,21.75,95.25,PDF,2,2025-08-04
161112,21.75,95.75,Junta,0,2025-08-04
161113,21.75,96.25,Junta,0,2025-08-04
161114,21.75,96.75,Junta,0,2025-08-04
161115,21.75,97.25,Junta,0,2025-08-04
161116,21.75,97.75,Junta,0,2025-08-04
161117,21.75,98.25,Junta,0,2025-08-04
161118,21.75,98.75,Junta,0,2025-08-04
161119,21.75,99.25,Junta,0,2025-08-04
161120,21.75,99.75,NDAA,14,2025-08-04
161121,21.75,100.25,NDAA,14,2025-08-04
161122,21.75,100.75,NDAA,14,2025-08-04
161123,21.75,101.25,Junta,0,2025-08-04
161826,22.25,92.75,AA,6,2025-08-04
161827,22.25,93.25,Chin Resistance,9,2025-08-04
161828,22.25,93.75,Chin Resistance,9,2025-08-04
161829,22.25,94.25,Junta,0,2025-08-04
161830,22.25,94.75,Junta,0,2025-08-04
161831,22.25,95.25,Junta,0,2025-08-04
161832,22.25,95.75,Junta,0,2025-08-04
161833,22.25,96.25,Junta,0,2025-08-04
161834,22.25,96.75,Junta,0,2025-08-04
161835,22.25,97.25,Junta,0,2025-08-04
161836,22.25,97.75,Junta,0,2025-08-04
161837,22.25,98.25,Junta,0,2025-08-04
161838,22.25,98.75,UWSA,15,2025-08-04
161839,22.25,99.25,UWSA,15,2025-08-04
161840,22.25,99.75,UWSA,15,2025-08-04
162547,22.75,93.25,Chin Resistance,9,2025-08-04
162548,22.75,93.75,Chin Resistance,9,2025-08-04
162549,22.75,94.25,Junta,0,2025-08-04
162550,22.75,94.75,Junta,0,2025-08-04
162551,22.75,95.25,Junta,0,2025-08-04
162552,22.75,95.75,Junta,0,2025-08-04
162553,22.75,96.25,Junta,0,2025-08-04
162554,22.75,96.75,Junta,0,2025-08-04
162555,22.75,97.25,Junta,0,2025-08-04
162556,22.75,97.75,Junta,0,2025-08-04
162557,22.75,98.25,Junta,0,2025-08-04
162558,22.75,98.75,UWSA,15,2025-08-04
162559,22.75,99.25,UWSA,15,2025-08-04
163267,23.25,93.25,Chin Resistance,9,2025-08-04
163268,23.25,93.75,Chin Resistance,9,2025-08-04
163269,23.25,94.25,Junta,0,2025-08-04
163270,23.25,94.75,Junta,0,2025-08-04
163271,23.25,95.25,Junta,0,2025-08-04
163272,23.25,95.75,Junta,0,2025-08-04
163273,23.25,96.25,Junta,0,2025-08-04
163274,23.25,96.75,KIA,3,2025-08-04
163275,23.25,97.25,Junta,0,2025-08-04
163276,23.25,97.75,Junta,0,2025-08-04
163277,23.25,98.25,Junta,0,2025-08-04
163278,23.25,98.75,UWSA,15,2025-08-04
163279,23.25,99.25,UWSA,15,2025-08-04
163987,23.75,93.25,Chin Resistance,9,2025-08-04
163988,23.75,93.75,Chin Resistance,9,2025-08-04
163989,23.75,94.25,Chin Resistance,9,2025-08-04
163990,23.75,94.75,Junta,0,2025-08-04
163991,23.75,95.25,Junta,0,2025-08-04
163992,23.75,95.75,Junta,0,2025-08-04
163993,23.75,96.25,Junta,0,2025-08-04
163994,23.75,96.75,KIA,3,2025-08-04
163995,23.75,97.25,KIA,3,2025-08-04
163996,23.75,97.75,KIA,3,2025-08-04
163997,23.75,98.25,KIA,3,2025-08-04
163998,23.75,98.75,Junta,0,2025-08-04
164707,24.25,93.25,Chin Resistance,9,2025-08-04
164708,24.25,93.75,Chin Resistance,9,2025-08-04
164709,24.25,94.25,Junta,0,2025-08-04
164710,24.25,94.75,Junta,0,2025-08-04
164711,24.25,95.25,Junta,0,2025-08-04
164712,24.25,95.75,KIA,3,2025-08-04
164713,24.25,96.25,KIA,3,2025-08-04
164714,24.25,96.75,KIA,3,2025-08-04
164715,24.25,97.25,KIA,3,2025-08-04
164716,24.25,97.75,Junta,0,2025-08-04
164717,24.25,98.25,Junta,0,2025-08-04
164718,24.25,98.75,Junta,0,2025-08-04
165430,24.75,94.75,Junta,0,2025-08-04
165431,24.75,95.25,KIA,3,2025-08-04
165432,24.75,95.75,KIA,3,2025-08-04
165433,24.75,96.25,KIA,3,2025-08-04
165434,24.75,96.75,KIA,3,2025-08-04
165435,24.75,97.25,KIA,3,2025-08-04
165436,24.75,97.75,Junta,0,2025-08-04
166150,25.25,94.75,Junta,0,2025-08-04
166151,25.25,95.25,Junta,0,2025-08-04
166152,25.25,95.75,KIA,3,2025-08-04
166153,25.25,96.25,KIA,3,2025-08-04
166154,25.25,96.75,KIA,3,2025-08-04
166155,25.25,97.25,KIA,3,2025-08-04
166156,25.25,97.75,Junta,0,2025-08-04
166870,25.75,94.75,Junta,0,2025-08-04
166871,25.75,95.25,Junta,0,2025-08-04
166872,25.75,95.75,KIA,3,2025-08-04
166873,25.75,96.25,KIA,3,2025-08-04
166874,25.75,96.75,KIA,3,2025-08-04
166875,25.75,97.25,KIA,3,2025-08-04
166876,25.75,97.75,KIA,3,2025-08-04
166877,25.75,98.25,Junta,0,2025-08-04
166878,25.75,98.75,Junta,0,2025-08-04
167591,26.25,95.25,Junta,0,2025-08-04
167592,26.25,95.75,KIA,3,2025-08-04
167593,26.25,96.25,KIA,3,2025-08-04
167594,26.25,96.75,KIA,3,2025-08-04
167595,26.25,97.25,KIA,3,2025-08-04
167596,26.25,97.75,KIA,3,2025-08-04
167597,26.25,98.25,KIA,3,2025-08-04
167598,26.25,98.75,Junta,0,2025-08-04
168311,26.75,95.25,Junta,0,2025-08-04
168312,26.75,95.75,Junta,0,2025-08-04
168313,26.75,96.25,KIA,3,2025-08-04
168314,26.75,96.75,KIA,3,2025-08-04
168315,26.75,97.25,KIA,3,2025-08-04
168316,26.75,97.75,KIA,3,2025-08-04
168317,26.75,98.25,KIA,3,2025-08-04
168318,26.75,98.75,Junta,0,2025-08-04
169033,27.25,96.25,KIA,3,2025-08-04
169034,27.25,96.75,KIA,3,2025-08-04
169035,27.25,97.25,KIA,3,2025-08-04
169036,27.25,97.75,KIA,3,2025-08-04
169037,27.25,98.25,Junta,0,2025-08-04
169038,27.25,98.75,Junta,0,2025-08-04
169754,27.75,96.75,KIA,3,2025-08-04
169755,27.75,97.25,Junta,0,2025-08-04
169756,27.75,97.75,Junta,0,2025-08-04
169757,27.75,98.25,Junta,0,2025-08-04
170475,28.25,97.25,Junta,0,2025-08-04
170476,28.25,97.75,Junta,0,2025-08-04
170477,28.25,98.25,Junta,0,2025-08-04
144558,10.25,98.75,Junta,0,2025-09-04
145277,10.75,98.25,Junta,0,2025-09-04
145278,10.75,98.75,Junta,0,2025-09-04
145998,11.25,98.75,Junta,0,2025-09-04
145999,11.25,99.25,PDF,2,2025-09-04
146717,11.75,98.25,Junta,0,2025-09-04
146718,11.75,98.75,PDF,2,2025-09-04
146719,11.75,99.25,PDF,2,2025-09-04
146720,11.75,99.75,Junta,0,2025-09-04
147437,12.25,98.25,Junta,0,2025-09-04
147438,12.25,98.75,Junta,0,2025-09-04
147439,12.25,99.25,PDF,2,2025-09-04
148157,12.75,98.25,Junta,0,2025-09-04
148158,12.75,98.75,Junta,0,2025-09-04
148159,12.75,99.25,PDF,2,2025-09-04
148878,13.25,98.75,Junta,0,2025-09-04
148879,13.25,99.25,PDF,2,2025-09-04
149597,13.75,98.25,Junta,0,2025-09-04
149598,13.75,98.75,Karen,4,2025-09-04
149599,13.75,99.25,Karen,4,2025-09-04
150317,14.25,98.25,Junta,0,2025-09-04
150318,14.25,98.75,Karen,4,2025-09-04
151036,14.75,97.75,Junta,0,2025-09-04
151037,14.75,98.25,Karen,4,2025-09-04
151756,15.25,97.75,Junta,0,2025-09-04
151757,15.25,98.25,Junta,0,2025-09-04
152471,15.75,95.25,Junta,0,2025-09-04
152472,15.75,95.75,Junta,0,2025-09-04
152476,15.75,97.75,Junta,0,2025-09-04
152477,15.75,98.25,Junta,0,2025-09-04
153189,16.25,94.25,Junta,0,2025-09-04
153190,16.25,94.75,Junta,0,2025-09-04
153191,16.25,95.25,Junta,0,2025-09-04
153192,16.25,95.75,Junta,0,2025-09-04
153193,16.25,96.25,Junta,0,2025-09-04
153196,16.25,97.75,Junta,0,2025-09-04
153197,16.25,98.25,Junta,0,2025-09-04
153198,16.25,98.75,Junta,0,2025-09-04
153909,16.75,94.25,Junta,0,2025-09-04
153910,16.75,94.75,Junta,0,2025-09-04
153911,16.75,95.25,Junta,0,2025-09-04
153912,16.75,95.75,Junta,0,2025-09-04
153913,16.75,96.25,Junta,0,2025-09-04
153914,16.75,96.75,Junta,0,2025-09-04
153915,16.75,97.25,Junta,0,2025-09-04
153916,16.75,97.75,Junta,0,2025-09-04
153917,16.75,98.25,Junta,0,2025-09-04
154630,17.25,94.75,Junta,0,2025-09-04
154631,17.25,95.25,Junta,0,2025-09-04
154632,17.25,95.75,Junta,0,2025-09-04
154633,17.25,96.25,Junta,0,2025-09-04
154634,17.25,96.75,Junta,0,2025-09-04
154635,17.25,97.25,Karen,4,2025-09-04
154636,17.25,97.75,Karen,4,2025-09-04
154637,17.25,98.25,Karen,4,2025-09-04
155350,17.75,94.75,Junta,0,2025-09-04
155351,17.75,95.25,Junta,0,2025-09-04
155352,17.75,95.75,Junta,0,2025-09-04
155353,17.75,96.25,Junta,0,2025-09-04
155354,17.75,96.75,Karen,4,2025-09-04
155355,17.75,97.25,Karen,4,2025-09-04
155356,17.75,97.75,Karen,4,2025-09-04
156069,18.25,94.25,Junta,0,2025-09-04
156070,18.25,94.75,Junta,0,2025-09-04
156071,18.25,95.25,Junta,0,2025-09-04
156072,18.25,95.75,Junta,0,2025-09-04
156073,18.25,96.25,PDF,2,2025-09-04
156074,18.25,96.75,Karen,4,2025-09-04
156075,18.25,97.25,Karen,4,2025-09-04
156076,18.25,97.75,Karen,4,2025-09-04
156788,18.75,93.75,Junta,0,2025-09-04
156789,18.75,94.25,Junta,0,2025-09-04
156790,18.75,94.75,Junta,0,2025-09-04
156791,18.75,95.25,Junta,0,2025-09-04
156792,18.75,95.75,PDF,2,2025-09-04
156793,18.75,96.25,PDF,2,2025-09-04
156794,18.75,96.75,Karen,4,2025-09-04
156795,18.75,97.25,Karenni,5,2025-09-04
156796,18.75,97.75,Karenni,5,2025-09-04
157508,19.25,93.75,Junta,0,2025-09-04
157509,19.25,94.25,Junta,0,2025-09-04
157510,19.25,94.75,Junta,0,2025-09-04
157511,19.25,95.25,Junta,0,2025-09-04
157512,19.25,95.75,Junta,0,2025-09-04
157513,19.25,96.25,Junta,0,2025-09-04
157514,19.25,96.75,Karen,4,2025-09-04
157515,19.25,97.25,Karenni,5,2025-09-04
157516,19.25,97.75,Karenni,5,2025-09-04
158228,19.75,93.75,AA,6,2025-09-04
158229,19.75,94.25,AA,6,2025-09-04
158230,19.75,94.75,Junta,0,2025-09-04
158231,19.75,95.25,Junta,0,2025-09-04
158232,19.75,95.75,Junta,0,2025-09-04
158233,19.75,96.25,Junta,0,2025-09-04
158234,19.75,96.75,Karenni,5,2025-09-04
158235,19.75,97.25,Karenni,5,2025-09-04
158236,19.75,97.75,Junta,0,2025-09-04
158237,19.75,98.25,Junta,0,2025-09-04
158238,19.75,98.75,Junta,0,2025-09-04
158946,20.25,92.75,Junta,0,2025-09-04
158947,20.25,93.25,Junta,0,2025-09-04
158948,20.25,93.75,AA,6,2025-09-04
158949,20.25,94.25,AA,6,2025-09-04
158950,20.25,94.75,Junta,0,2025-09-04
158951,20.25,95.25,Junta,0,2025-09-04
158952,20.25,95.75,Junta,0,2025-09-04
158953,20.25,96.25,Junta,0,2025-09-04
158954,20.25,96.75,Junta,0,2025-09-04
158955,20.25,97.25,Junta,0,2025-09-04
158956,20.25,97.75,Junta,0,2025-09-04
158957,20.25,98.25,Junta,0,2025-09-04
158958,20.25,98.75,Junta,0,2025-09-04
158959,20.25,99.25,Junta,0,2025-09-04
158960,20.25,99.75,Junta,0,2025-09-04
158961,20.25,100.25,Junta,0,2025-09-04
159665,20.75,92.25,Junta,0,2025-09-04
159666,20.75,92.75,AA,6,2025-09-04
159667,20.75,93.25,AA,6,2025-09-04
159668,20.75,93.75,AA,6,2025-09-04
159669,20.75,94.25,Junta,0,2025-09-04
159670,20.75,94.75,Junta,0,2025-09-04
159671,20.75,95.25,Junta,0,2025-09-04
159672,20.75,95.75,Junta,0,2025-09-04
159673,20.75,96.25,Junta,0,2025-09-04
159674,20.75,96.75,Junta,0,2025-09-04
159675,20.75,97.25,Junta,0,2025-09-04
159676,20.75,97.75,Junta,0,2025-09-04
159677,20.75,98.25,Junta,0,2025-09-04
159678,20.75,98.75,Junta,0,2025-09-04
159679,20.75,99.25,Junta,0,2025-09-04
159680,20.75,99.75,Junta,0,2025-09-04
159681,20.75,100.25,Junta,0,2025-09-04
160385,21.25,92.25,AA,6,2025-09-04
160386,21.25,92.75,AA,6,2025-09-04
160387,21.25,93.25,Chin Resistance,9,2025-09-04
160388,21.25,93.75,Chin Resistance,9,2025-09-04
160389,21.25,94.25,Chin Resistance,9,2025-09-04
160390,21.25,94.75,Junta,0,2025-09-04
160391,21.25,95.25,Junta,0,2025-09-04
160392,21.25,95.75,Junta,0,2025-09-04
160393,21.25,96.25,Junta,0,2025-09-04
160394,21.25,96.75,Junta,0,2025-09-04
160395,21.25,97.25,Junta,0,2025-09-04
160396,21.25,97.75,Junta,0,2025-09-04
160397,21.25,98.25,Junta,0,2025-09-04
160398,21.25,98.75,Junta,0,2025-09-04
160399,21.25,99.25,Junta,0,2025-09-04
160400,21.25,99.75,Junta,0,2025-09-04
160401,21.25,100.25,Junta,0,2025-09-04
160402,21.25,100.75,Junta,0,2025-09-04
161105,21.75,92.25,AA,6,2025-09-04
161106,21.75,92.75,AA,6,2025-09-04
161107,21.75,93.25,Chin Resistance,9,2025-09-04
161108,21.75,93.75,Chin Resistance,9,2025-09-04
161109,21.75,94.25,Chin Resistance,9,2025-09-04
161110,21.75,94.75,PDF,2,2025-09-04
161111,21.75,95.25,PDF,2,2025-09-04
161112,21.75,95.75,Junta,0,2025-09-04
161113,21.75,96.25,Junta,0,2025-09-04
161114,21.75,96.75,Junta,0,2025-09-04
161115,21.75,97.25,Junta,0,2025-09-04
161116,21.75,97.75,Junta,0,2025-09-04
161117,21.75,98.25,Junta,0,2025-09-04
161118,21.75,98.75,Junta,0,2025-09-04
161119,21.75,99.25,Junta,0,2025-09-04
161120,21.75,99.75,NDAA,14,2025-09-04
161121,21.75,100.25,NDAA,14,2025-09-04
161122,21.75,100.75,NDAA,14,2025-09-04
161123,21.75,101.25,Junta,0,2025-09-04
161826,22.25,92.75,AA,6,2025-09-04
161827,22.25,93.25,Chin Resistance,9,2025-09-04
161828,22.25,93.75,Chin Resistance,9,2025-09-04
161829,22.25,94.25,Junta,0,2025-09-04
161830,22.25,94.75,Junta,0,2025-09-04
161831,22.25,95.25,Junta,0,2025-09-04
161832,22.25,95.75,Junta,0,2025-09-04
161833,22.25,96.25,Junta,0,2025-09-04
161834,22.25,96.75,Junta,0,2025-09-04
161835,22.25,97.25,Junta,0,2025-09-04
161836,22.25,97.75,Junta,0,2025-09-04
161837,22.25,98.25,Junta,0,2025-09-04
161838,22.25,98.75,UWSA,15,2025-09-04
161839,22.25,99.25,UWSA,15,2025-09-04
161840,22.25,99.75,UWSA,15,2025-09-04
162547,22.75,93.25,Chin Resistance,9,2025-09-04
162548,22.75,93.75,Chin Resistance,9,2025-09-04
162549,22.75,94.25,Junta,0,2025-09-04
162550,22.75,94.75,Junta,0,2025-09-04
162551,22.75,95.25,Junta,0,2025-09-04
162552,22.75,95.75,Junta,0,2025-09-04
162553,22.75,96.25,Junta,0,2025-09-04
162554,22.75,96.75,Junta,0,2025-09-04
162555,22.75,97.25,Junta,0,2025-09-04
162556,22.75,97.75,Junta,0,2025-09-04
162557,22.75,98.25,Junta,0,2025-09-04
162558,22.75,98.75,UWSA,15,2025-09-04
162559,22.75,99.25,UWSA,15,2025-09-04
163267,23.25,93.25,Chin Resistance,9,2025-09-04
163268,23.25,93.75,Chin Resistance,9,2025-09-04
163269,23.25,94.25,Junta,0,2025-09-04
163270,23.25,94.75,Junta,0,2025-09-04
163271,23.25,95.25,Junta,0,2025-09-04
163272,23.25,95.75,Junta,0,2025-09-04
163273,23.25,96.25,Junta,0,2025-09-04
163274,23.25,96.75,KIA,3,2025-09-04
163275,23.25,97.25,Junta,0,2025-09-04
163276,23.25,97.75,Junta,0,2025-09-04
163277,23.25,98.25,Junta,0,2025-09-04
163278,23.25,98.75,UWSA,15,2025-09-04
163279,23.25,99.25,UWSA,15,2025-09-04
163987,23.75,93.25,Chin Resistance,9,2025-09-04
163988,23.75,93.75,Chin Resistance,9,2025-09-04
163989,23.75,94.25,Chin Resistance,9,2025-09-04
163990,23.75,94.75,Junta,0,2025-09-04
163991,23.75,95.25,Junta,0,2025-09-04
163992,23.75,95.75,Junta,0,2025-09-04
163993,23.75,96.25,Junta,0,2025-09-04
163994,23.75,96.75,KIA,3,2025-09-04
163995,23.75,97.25,KIA,3,2025-09-04
163996,23.75,97.75,KIA,3,2025-09-04
163997,23.75,98.25,KIA,3,2025-09-04
163998,23.75,98.75,Junta,0,2025-09-04
164707,24.25,93.25,Chin Resistance,9,2025-09-04
164708,24.25,93.75,Chin Resistance,9,2025-09-04
164709,24.25,94.25,Junta,0,2025-09-04
164710,24.25,94.75,Junta,0,2025-09-04
164711,24.25,95.25,Junta,0,2025-09-04
164712,24.25,95.75,KIA,3,2025-09-04
164713,24.25,96.25,KIA,3,2025-09-04
164714,24.25,96.75,KIA,3,2025-09-04
164715,24.25,97.25,KIA,3,2025-09-04
164716,24.25,97.75,Junta,0,2025-09-04
164717,24.25,98.25,Junta,0,2025-09-04
164718,24.25,98.75,Junta,0,2025-09-04
165430,24.75,94.75,Junta,0,2025-09-04
165431,24.75,95.25,KIA,3,2025-09-04
165432,24.75,95.75,KIA,3,2025-09-04
165433,24.75,96.25,KIA,3,2025-09-04
165434,24.75,96.75,KIA,3,2025-09-04
165435,24.75,97.25,KIA,3,2025-09-04
165436,24.75,97.75,Junta,0,2025-09-04
166150,25.25,94.75,Junta,0,2025-09-04
166151,25.25,95.25,Junta,0,2025-09-04
166152,25.25,95.75,KIA,3,2025-09-04
166153,25.25,96.25,KIA,3,2025-09-04
166154,25.25,96.75,KIA,3,2025-09-04
166155,25.25,97.25,KIA,3,2025-09-04
166156,25.25,97.75,Junta,0,2025-09-04
166870,25.75,94.75,Junta,0,2025-09-04
166871,25.75,95.25,Junta,0,2025-09-04
166872,25.75,95.75,KIA,3,2025-09-04
166873,25.75,96.25,KIA,3,2025-09-04
166874,25.75,96.75,KIA,3,2025-09-04
166875,25.75,97.25,KIA,3,2025-09-04
166876,25.75,97.75,KIA,3,2025-09-04
166877,25.75,98.25,Junta,0,2025-09-04
166878,25.75,98.75,Junta,0,2025-09-04
167591,26.25,95.25,Junta,0,2025-09-04
167592,26.25,95.75,KIA,3,2025-09-04
167593,26.25,96.25,KIA,3,2025-09-04
167594,26.25,96.75,KIA,3,2025-09-04
167595,26.25,97.25,KIA,3,2025-09-04
167596,26.25,97.75,KIA,3,2025-09-04
167597,26.25,98.25,KIA,3,2025-09-04
167598,26.25,98.75,Junta,0,2025-09-04
168311,26.75,95.25,Junta,0,2025-09-04
168312,26.75,95.75,Junta,0,2025-09-04
168313,26.75,96.25,KIA,3,2025-09-04
168314,26.75,96.75,KIA,3,2025-09-04
168315,26.75,97.25,KIA,3,2025-09-04
168316,26.75,97.75,KIA,3,2025-09-04
168317,26.75,98.25,KIA,3,2025-09-04
168318,26.75,98.75,Junta,0,2025-09-04
169033,27.25,96.25,KIA,3,2025-09-04
169034,27.25,96.75,KIA,3,2025-09-04
169035,27.25,97.25,KIA,3,2025-09-04
169036,27.25,97.75,KIA,3,2025-09-04
169037,27.25,98.25,Junta,0,2025-09-04
169038,27.25,98.75,Junta,0,2025-09-04
169754,27.75,96.75,KIA,3,2025-09-04
169755,27.75,97.25,Junta,0,2025-09-04
169756,27.75,97.75,Junta,0,2025-09-04
169757,27.75,98.25,Junta,0,2025-09-04
170475,28.25,97.25,Junta,0,2025-09-04
170476,28.25,97.75,Junta,0,2025-09-04
170477,28.25,98.25,Junta,0,2025-09-04
144558,10.25,98.75,Junta,0,2025-10-03
145277,10.75,98.25,Junta,0,2025-10-03
145278,10.75,98.75,Junta,0,2025-10-03
145998,11.25,98.75,Junta,0,2025-10-03
145999,11.25,99.25,PDF,2,2025-10-03
146717,11.75,98.25,Junta,0,2025-10-03
146718,11.75,98.75,PDF,2,2025-10-03
146719,11.75,99.25,PDF,2,2025-10-03
146720,11.75,99.75,Junta,0,2025-10-03
147437,12.25,98.25,Junta,0,2025-10-03
147438,12.25,98.75,Junta,0,2025-10-03
147439,12.25,99.25,PDF,2,2025-10-03
148157,12.75,98.25,Junta,0,2025-10-03
148158,12.75,98.75,Junta,0,2025-10-03
148159,12.75,99.25,PDF,2,2025-10-03
148878,13.25,98.75,Junta,0,2025-10-03
148879,13.25,99.25,PDF,2,2025-10-03
149597,13.75,98.25,Junta,0,2025-10-03
149598,13.75,98.75,Karen,4,2025-10-03
149599,13.75,99.25,Karen,4,2025-10-03
150317,14.25,98.25,Junta,0,2025-10-03
150318,14.25,98.75,Karen,4,2025-10-03
151036,14.75,97.75,Junta,0,2025-10-03
151037,14.75,98.25,Karen,4,2025-10-03
151756,15.25,97.75,Junta,0,2025-10-03
151757,15.25,98.25,Junta,0,2025-10-03
152471,15.75,95.25,Junta,0,2025-10-03
152472,15.75,95.75,Junta,0,2025-10-03
152476,15.75,97.75,Junta,0,2025-10-03
152477,15.75,98.25,Junta,0,2025-10-03
153189,16.25,94.25,Junta,0,2025-10-03
153190,16.25,94.75,Junta,0,2025-10-03
153191,16.25,95.25,Junta,0,2025-10-03
153192,16.25,95.75,Junta,0,2025-10-03
153193,16.25,96.25,Junta,0,2025-10-03
153196,16.25,97.75,Junta,0,2025-10-03
153197,16.25,98.25,Junta,0,2025-10-03
153198,16.25,98.75,Junta,0,2025-10-03
153909,16.75,94.25,Junta,0,2025-10-03
153910,16.75,94.75,Junta,0,2025-10-03
153911,16.75,95.25,Junta,0,2025-10-03
153912,16.75,95.75,Junta,0,2025-10-03
153913,16.75,96.25,Junta,0,2025-10-03
153914,16.75,96.75,Junta,0,2025-10-03
153915,16.75,97.25,Junta,0,2025-10-03
153916,16.75,97.75,Junta,0,2025-10-03
153917,16.75,98.25,Junta,0,2025-10-03
154630,17.25,94.75,Junta,0,2025-10-03
154631,17.25,95.25,Junta,0,2025-10-03
154632,17.25,95.75,Junta,0,2025-10-03
154633,17.25,96.25,Junta,0,2025-10-03
154634,17.25,96.75,Junta,0,2025-10-03
154635,17.25,97.25,Karen,4,2025-10-03
154636,17.25,97.75,Karen,4,2025-10-03
154637,17.25,98.25,Karen,4,2025-10-03
155350,17.75,94.75,Junta,0,2025-10-03
155351,17.75,95.25,Junta,0,2025-10-03
155352,17.75,95.75,Junta,0,2025-10-03
155353,17.75,96.25,Junta,0,2025-10-03
155354,17.75,96.75,Karen,4,2025-10-03
155355,17.75,97.25,Karen,4,2025-10-03
155356,17.75,97.75,Karen,4,2025-10-03
156069,18.25,94.25,Junta,0,2025-10-03
156070,18.25,94.75,Junta,0,2025-10-03
156071,18.25,95.25,Junta,0,2025-10-03
156072,18.25,95.75,Junta,0,2025-10-03
156073,18.25,96.25,PDF,2,2025-10-03
156074,18.25,96.75,Karen,4,2025-10-03
156075,18.25,97.25,Karen,4,2025-10-03
156076,18.25,97.75,Karen,4,2025-10-03
156788,18.75,93.75,Junta,0,2025-10-03
156789,18.75,94.25,Junta,0,2025-10-03
156790,18.75,94.75,Junta,0,2025-10-03
156791,18.75,95.25,Junta,0,2025-10-03
156792,18.75,95.75,PDF,2,2025-10-03
156793,18.75,96.25,PDF,2,2025-10-03
156794,18.75,96.75,Karen,4,2025-10-03
156795,18.75,97.25,Karenni,5,2025-10-03
156796,18.75,97.75,Karenni,5,2025-10-03
157508,19.25,93.75,Junta,0,2025-10-03
157509,19.25,94.25,Junta,0,2025-10-03
157510,19.25,94.75,Junta,0,2025-10-03
157511,19.25,95.25,Junta,0,2025-10-03
157512,19.25,95.75,Junta,0,2025-10-03
157513,19.25,96.25,Junta,0,2025-10-03
157514,19.25,96.75,Karen,4,2025-10-03
157515,19.25,97.25,Karenni,5,2025-10-03
157516,19.25,97.75,Karenni,5,2025-10-03
158228,19.75,93.75,AA,6,2025-10-03
158229,19.75,94.25,AA,6,2025-10-03
158230,19.75,94.75,Junta,0,2025-10-03
158231,19.75,95.25,Junta,0,2025-10-03
158232,19.75,95.75,Junta,0,2025-10-03
158233,19.75,96.25,Junta,0,2025-10-03
158234,19.75,96.75,Karenni,5,2025-10-03
158235,19.75,97.25,Karenni,5,2025-10-03
158236,19.75,97.75,Junta,0,2025-10-03
158237,19.75,98.25,Junta,0,2025-10-03
158238,19.75,98.75,Junta,0,2025-10-03
158946,20.25,92.75,Junta,0,2025-10-03
158947,20.25,93.25,Junta,0,2025-10-03
158948,20.25,93.75,AA,6,2025-10-03
158949,20.25,94.25,AA,6,2025-10-03
158950,20.25,94.75,Junta,0,2025-10-03
158951,20.25,95.25,Junta,0,2025-10-03
158952,20.25,95.75,Junta,0,2025-10-03
158953,20.25,96.25,Junta,0,2025-10-03
158954,20.25,96.75,Junta,0,2025-10-03
158955,20.25,97.25,Junta,0,2025-10-03
158956,20.25,97.75,Junta,0,2025-10-03
158957,20.25,98.25,Junta,0,2025-10-03
158958,20.25,98.75,Junta,0,2025-10-03
158959,20.25,99.25,Junta,0,2025-10-03
158960,20.25,99.75,Junta,0,2025-10-03
158961,20.25,100.25,Junta,0,2025-10-03
159665,20.75,92.25,Junta,0,2025-10-03
159666,20.75,92.75,AA,6,2025-10-03
159667,20.75,93.25,AA,6,2025-10-03
159668,20.75,93.75,AA,6,2025-10-03
159669,20.75,94.25,Junta,0,2025-10-03
159670,20.75,94.75,Junta,0,2025-10-03
159671,20.75,95.25,Junta,0,2025-10-03
159672,20.75,95.75,Junta,0,2025-10-03
159673,20.75,96.25,Junta,0,2025-10-03
159674,20.75,96.75,Junta,0,2025-10-03
159675,20.75,97.25,Junta,0,2025-10-03
159676,20.75,97.75,Junta,0,2025-10-03
159677,20.75,98.25,Junta,0,2025-10-03
159678,20.75,98.75,Junta,0,2025-10-03
159679,20.75,99.25,Junta,0,2025-10-03
159680,20.75,99.75,Junta,0,2025-10-03
159681,20.75,100.25,Junta,0,2025-10-03
160385,21.25,92.25,AA,6,2025-10-03
160386,21.25,92.75,AA,6,2025-10-03
160387,21.25,93.25,Chin Resistance,9,2025-10-03
160388,21.25,93.75,Chin Resistance,9,2025-10-03
160389,21.25,94.25,Chin Resistance,9,2025-10-03
160390,21.25,94.75,Junta,0,2025-10-03
160391,21.25,95.25,Junta,0,2025-10-03
160392,21.25,95.75,Junta,0,2025-10-03
160393,21.25,96.25,Junta,0,2025-10-03
160394,21.25,96.75,Junta,0,2025-10-03
160395,21.25,97.25,Junta,0,2025-10-03
160396,21.25,97.75,Junta,0,2025-10-03
160397,21.25,98.25,Junta,0,2025-10-03
160398,21.25,98.75,Junta,0,2025-10-03
160399,21.25,99.25,Junta,0,2025-10-03
160400,21.25,99.75,Junta,0,2025-10-03
160401,21.25,100.25,Junta,0,2025-10-03
160402,21.25,100.75,Junta,0,2025-10-03
161105,21.75,92.25,AA,6,2025-10-03
161106,21.75,92.75,AA,6,2025-10-03
161107,21.75,93.25,Chin Resistance,9,2025-10-03
161108,21.75,93.75,Chin Resistance,9,2025-10-03
161109,21.75,94.25,Chin Resistance,9,2025-10-03
161110,21.75,94.75,PDF,2,2025-10-03
161111,21.75,95.25,PDF,2,2025-10-03
161112,21.75,95.75,Junta,0,2025-10-03
161113,21.75,96.25,Junta,0,2025-10-03
161114,21.75,96.75,Junta,0,2025-10-03
161115,21.75,97.25,Junta,0,2025-10-03
161116,21.75,97.75,Junta,0,2025-10-03
161117,21.75,98.25,Junta,0,2025-10-03
161118,21.75,98.75,Junta,0,2025-10-03
161119,21.75,99.25,Junta,0,2025-10-03
161120,21.75,99.75,NDAA,14,2025-10-03
161121,21.75,100.25,NDAA,14,2025-10-03
161122,21.75,100.75,NDAA,14,2025-10-03
161123,21.75,101.25,Junta,0,2025-10-03
161826,22.25,92.75,AA,6,2025-10-03
161827,22.25,93.25,Chin Resistance,9,2025-10-03
161828,22.25,93.75,Chin Resistance,9,2025-10-03
161829,22.25,94.25,Junta,0,2025-10-03
161830,22.25,94.75,Junta,0,2025-10-03
161831,22.25,95.25,Junta,0,2025-10-03
161832,22.25,95.75,Junta,0,2025-10-03
161833,22.25,96.25,Junta,0,2025-10-03
161834,22.25,96.75,Junta,0,2025-10-03
161835,22.25,97.25,Junta,0,2025-10-03
161836,22.25,97.75,Junta,0,2025-10-03
161837,22.25,98.25,Junta,0,2025-10-03
161838,22.25,98.75,UWSA,15,2025-10-03
161839,22.25,99.25,UWSA,15,2025-10-03
161840,22.25,99.75,UWSA,15,2025-10-03
162547,22.75,93.25,Chin Resistance,9,2025-10-03
162548,22.75,93.75,Chin Resistance,9,2025-10-03
162549,22.75,94.25,Junta,0,2025-10-03
162550,22.75,94.75,Junta,0,2025-10-03
162551,22.75,95.25,Junta,0,2025-10-03
162552,22.75,95.75,Junta,0,2025-10-03
162553,22.75,96.25,Junta,0,2025-10-03
162554,22.75,96.75,Junta,0,2025-10-03
162555,22.75,97.25,Junta,0,2025-10-03
162556,22.75,97.75,Junta,0,2025-10-03
162557,22.75,98.25,Junta,0,2025-10-03
162558,22.75,98.75,UWSA,15,2025-10-03
162559,22.75,99.25,UWSA,15,2025-10-03
163267,23.25,93.25,Chin Resistance,9,2025-10-03
163268,23.25,93.75,Chin Resistance,9,2025-10-03
163269,23.25,94.25,Junta,0,2025-10-03
163270,23.25,94.75,Junta,0,2025-10-03
163271,23.25,95.25,Junta,0,2025-10-03
163272,23.25,95.75,Junta,0,2025-10-03
163273,23.25,96.25,Junta,0,2025-10-03
163274,23.25,96.75,KIA,3,2025-10-03
163275,23.25,97.25,Junta,0,2025-10-03
163276,23.25,97.75,Junta,0,2025-10-03
163277,23.25,98.25,Junta,0,2025-10-03
163278,23.25,98.75,UWSA,15,2025-10-03
163279,23.25,99.25,UWSA,15,2025-10-03
163987,23.75,93.25,Chin Resistance,9,2025-10-03
163988,23.75,93.75,Chin Resistance,9,2025-10-03
163989,23.75,94.25,Chin Resistance,9,2025-10-03
163990,23.75,94.75,Junta,0,2025-10-03
163991,23.75,95.25,Junta,0,2025-10-03
163992,23.75,95.75,Junta,0,2025-10-03
163993,23.75,96.25,Junta,0,2025-10-03
163994,23.75,96.75,KIA,3,2025-10-03
163995,23.75,97.25,KIA,3,2025-10-03
163996,23.75,97.75,KIA,3,2025-10-03
163997,23.75,98.25,KIA,3,2025-10-03
163998,23.75,98.75,Junta,0,2025-10-03
164707,24.25,93.25,Chin Resistance,9,2025-10-03
164708,24.25,93.75,Chin Resistance,9,2025-10-03
164709,24.25,94.25,Junta,0,2025-10-03
164710,24.25,94.75,Junta,0,2025-10-03
164711,24.25,95.25,Junta,0,2025-10-03
164712,24.25,95.75,KIA,3,2025-10-03
164713,24.25,96.25,KIA,3,2025-10-03
164714,24.25,96.75,KIA,3,2025-10-03
164715,24.25,97.25,KIA,3,2025-10-03
164716,24.25,97.75,Junta,0,2025-10-03
164717,24.25,98.25,Junta,0,2025-10-03
164718,24.25,98.75,Junta,0,2025-10-03
165430,24.75,94.75,Junta,0,2025-10-03
165431,24.75,95.25,KIA,3,2025-10-03
165432,24.75,95.75,KIA,3,2025-10-03
165433,24.75,96.25,KIA,3,2025-10-03
165434,24.75,96.75,KIA,3,2025-10-03
165435,24.75,97.25,KIA,3,2025-10-03
165436,24.75,97.75,Junta,0,2025-10-03
166150,25.25,94.75,Junta,0,2025-10-03
166151,25.25,95.25,Junta,0,2025-10-03
166152,25.25,95.75,KIA,3,2025-10-03
166153,25.25,96.25,KIA,3,2025-10-03
166154,25.25,96.75,KIA,3,2025-10-03
166155,25.25,97.25,KIA,3,2025-10-03
166156,25.25,97.75,Junta,0,2025-10-03
166870,25.75,94.75,Junta,0,2025-10-03
166871,25.75,95.25,Junta,0,2025-10-03
166872,25.75,95.75,KIA,3,2025-10-03
166873,25.75,96.25,KIA,3,2025-10-03
166874,25.75,96.75,KIA,3,2025-10-03
166875,25.75,97.25,KIA,3,2025-10-03
166876,25.75,97.75,KIA,3,2025-10-03
166877,25.75,98.25,Junta,0,2025-10-03
166878,25.75,98.75,Junta,0,2025-10-03
167591,26.25,95.25,Junta,0,2025-10-03
167592,26.25,95.75,KIA,3,2025-10-03
167593,26.25,96.25,KIA,3,2025-10-03
167594,26.25,96.75,KIA,3,2025-10-03
167595,26.25,97.25,KIA,3,2025-10-03
167596,26.25,97.75,KIA,3,2025-10-03
167597,26.25,98.25,KIA,3,2025-10-03
167598,26.25,98.75,Junta,0,2025-10-03
168311,26.75,95.25,Junta,0,2025-10-03
168312,26.75,95.75,Junta,0,2025-10-03
168313,26.75,96.25,KIA,3,2025-10-03
168314,26.75,96.75,KIA,3,2025-10-03
168315,26.75,97.25,KIA,3,2025-10-03
168316,26.75,97.75,KIA,3,2025-10-03
168317,26.75,98.25,KIA,3,2025-10-03
168318,26.75,98.75,Junta,0,2025-10-03
169033,27.25,96.25,KIA,3,2025-10-03
169034,27.25,96.75,KIA,3,2025-10-03
169035,27.25,97.25,KIA,3,2025-10-03
169036,27.25,97.75,KIA,3,2025-10-03
169037,27.25,98.25,Junta,0,2025-10-03
169038,27.25,98.75,Junta,0,2025-10-03
169754,27.75,96.75,KIA,3,2025-10-03
169755,27.75,97.25,Junta,0,2025-10-03
169756,27.75,97.75,Junta,0,2025-10-03
169757,27.75,98.25,Junta,0,2025-10-03
170475,28.25,97.25,Junta,0,2025-10-03
170476,28.25,97.75,Junta,0,2025-10-03
170477,28.25,98.25,Junta,0,2025-10-03
144558,10.25,98.75,Junta,0,2025-10-31
145277,10.75,98.25,Junta,0,2025-10-31
145278,10.75,98.75,Junta,0,2025-10-31
145998,11.25,98.75,Junta,0,2025-10-31
145999,11.25,99.25,PDF,2,2025-10-31
146717,11.75,98.25,Junta,0,2025-10-31
146718,11.75,98.75,PDF,2,2025-10-31
146719,11.75,99.25,PDF,2,2025-10-31
146720,11.75,99.75,Junta,0,2025-10-31
147437,12.25,98.25,Junta,0,2025-10-31
147438,12.25,98.75,Junta,0,2025-10-31
147439,12.25,99.25,PDF,2,2025-10-31
148157,12.75,98.25,Junta,0,2025-10-31
148158,12.75,98.75,Junta,0,2025-10-31
148159,12.75,99.25,PDF,2,2025-10-31
148878,13.25,98.75,Junta,0,2025-10-31
148879,13.25,99.25,PDF,2,2025-10-31
149597,13.75,98.25,Junta,0,2025-10-31
149598,13.75,98.75,Karen,4,2025-10-31
149599,13.75,99.25,Karen,4,2025-10-31
150317,14.25,98.25,Junta,0,2025-10-31
150318,14.25,98.75,Karen,4,2025-10-31
151036,14.75,97.75,Junta,0,2025-10-31
151037,14.75,98.25,Karen,4,2025-10-31
151756,15.25,97.75,Junta,0,2025-10-31
151757,15.25,98.25,Junta,0,2025-10-31
152471,15.75,95.25,Junta,0,2025-10-31
152472,15.75,95.75,Junta,0,2025-10-31
152476,15.75,97.75,Junta,0,2025-10-31
152477,15.75,98.25,Junta,0,2025-10-31
153189,16.25,94.25,Junta,0,2025-10-31
153190,16.25,94.75,Junta,0,2025-10-31
153191,16.25,95.25,Junta,0,2025-10-31
153192,16.25,95.75,Junta,0,2025-10-31
153193,16.25,96.25,Junta,0,2025-10-31
153196,16.25,97.75,Junta,0,2025-10-31
153197,16.25,98.25,Junta,0,2025-10-31
153198,16.25,98.75,Junta,0,2025-10-31
153909,16.75,94.25,Junta,0,2025-10-31
153910,16.75,94.75,Junta,0,2025-10-31
153911,16.75,95.25,Junta,0,2025-10-31
153912,16.75,95.75,Junta,0,2025-10-31
153913,16.75,96.25,Junta,0,2025-10-31
153914,16.75,96.75,Junta,0,2025-10-31
153915,16.75,97.25,Junta,0,2025-10-31
153916,16.75,97.75,Junta,0,2025-10-31
153917,16.75,98.25,Junta,0,2025-10-31
154630,17.25,94.75,Junta,0,2025-10-31
154631,17.25,95.25,Junta,0,2025-10-31
154632,17.25,95.75,Junta,0,2025-10-31
154633,17.25,96.25,Junta,0,2025-10-31
154634,17.25,96.75,Junta,0,2025-10-31
154635,17.25,97.25,Karen,4,2025-10-31
154636,17.25,97.75,Karen,4,2025-10-31
154637,17.25,98.25,Karen,4,2025-10-31
155350,17.75,94.75,Junta,0,2025-10-31
155351,17.75,95.25,Junta,0,2025-10-31
155352,17.75,95.75,Junta,0,2025-10-31
155353,17.75,96.25,Junta,0,2025-10-31
155354,17.75,96.75,Karen,4,2025-10-31
155355,17.75,97.25,Karen,4,2025-10-31
155356,17.75,97.75,Karen,4,2025-10-31
156069,18.25,94.25,Junta,0,2025-10-31
156070,18.25,94.75,Junta,0,2025-10-31
156071,18.25,95.25,Junta,0,2025-10-31
156072,18.25,95.75,Junta,0,2025-10-31
156073,18.25,96.25,PDF,2,2025-10-31
156074,18.25,96.75,Karen,4,2025-10-31
156075,18.25,97.25,Karen,4,2025-10-31
156076,18.25,97.75,Karen,4,2025-10-31
156788,18.75,93.75,Junta,0,2025-10-31
156789,18.75,94.25,Junta,0,2025-10-31
156790,18.75,94.75,Junta,0,2025-10-31
156791,18.75,95.25,Junta,0,2025-10-31
156792,18.75,95.75,PDF,2,2025-10-31
156793,18.75,96.25,PDF,2,2025-10-31
156794,18.75,96.75,Karen,4,2025-10-31
156795,18.75,97.25,Karenni,5,2025-10-31
156796,18.75,97.75,Karenni,5,2025-10-31
157508,19.25,93.75,Junta,0,2025-10-31
157509,19.25,94.25,Junta,0,2025-10-31
157510,19.25,94.75,Junta,0,2025-10-31
157511,19.25,95.25,Junta,0,2025-10-31
157512,19.25,95.75,Junta,0,2025-10-31
157513,19.25,96.25,Junta,0,2025-10-31
157514,19.25,96.75,Karen,4,2025-10-31
157515,19.25,97.25,Karenni,5,2025-10-31
157516,19.25,97.75,Karenni,5,2025-10-31
158228,19.75,93.75,AA,6,2025-10-31
158229,19.75,94.25,AA,6,2025-10-31
158230,19.75,94.75,Junta,0,2025-10-31
158231,19.75,95.25,Junta,0,2025-10-31
158232,19.75,95.75,Junta,0,2025-10-31
158233,19.75,96.25,Junta,0,2025-10-31
158234,19.75,96.75,Karenni,5,2025-10-31
158235,19.75,97.25,Karenni,5,2025-10-31
158236,19.75,97.75,Junta,0,2025-10-31
158237,19.75,98.25,Junta,0,2025-10-31
158238,19.75,98.75,Junta,0,2025-10-31
158946,20.25,92.75,Junta,0,2025-10-31
158947,20.25,93.25,Junta,0,2025-10-31
158948,20.25,93.75,AA,6,2025-10-31
158949,20.25,94.25,AA,6,2025-10-31
158950,20.25,94.75,Junta,0,2025-10-31
158951,20.25,95.25,Junta,0,2025-10-31
158952,20.25,95.75,Junta,0,2025-10-31
158953,20.25,96.25,Junta,0,2025-10-31
158954,20.25,96.75,Junta,0,2025-10-31
158955,20.25,97.25,Junta,0,2025-10-31
158956,20.25,97.75,Junta,0,2025-10-31
158957,20.25,98.25,Junta,0,2025-10-31
158958,20.25,98.75,Junta,0,2025-10-31
158959,20.25,99.25,Junta,0,2025-10-31
158960,20.25,99.75,Junta,0,2025-10-31
158961,20.25,100.25,Junta,0,2025-10-31
159665,20.75,92.25,Junta,0,2025-10-31
159666,20.75,92.75,AA,6,2025-10-31
159667,20.75,93.25,AA,6,2025-10-31
159668,20.75,93.75,AA,6,2025-10-31
159669,20.75,94.25,Junta,0,2025-10-31
159670,20.75,94.75,Junta,0,2025-10-31
159671,20.75,95.25,Junta,0,2025-10-31
159672,20.75,95.75,Junta,0,2025-10-31
159673,20.75,96.25,Junta,0,2025-10-31
159674,20.75,96.75,Junta,0,2025-10-31
159675,20.75,97.25,Junta,0,2025-10-31
159676,20.75,97.75,Junta,0,2025-10-31
159677,20.75,98.25,Junta,0,2025-10-31
159678,20.75,98.75,Junta,0,2025-10-31
159679,20.75,99.25,Junta,0,2025-10-31
159680,20.75,99.75,Junta,0,2025-10-31
159681,20.75,100.25,Junta,0,2025-10-31
160385,21.25,92.25,AA,6,2025-10-31
160386,21.25,92.75,AA,6,2025-10-31
160387,21.25,93.25,Chin Resistance,9,2025-10-31
160388,21.25,93.75,Chin Resistance,9,2025-10-31
160389,21.25,94.25,Chin Resistance,9,2025-10-31
160390,21.25,94.75,Junta,0,2025-10-31
160391,21.25,95.25,Junta,0,2025-10-31
160392,21.25,95.75,Junta,0,2025-10-31
160393,21.25,96.25,Junta,0,2025-10-31
160394,21.25,96.75,Junta,0,2025-10-31
160395,21.25,97.25,Junta,0,2025-10-31
160396,21.25,97.75,Junta,0,2025-10-31
160397,21.25,98.25,Junta,0,2025-10-31
160398,21.25,98.75,Junta,0,2025-10-31
160399,21.25,99.25,Junta,0,2025-10-31
160400,21.25,99.75,Junta,0,2025-10-31
160401,21.25,100.25,Junta,0,2025-10-31
160402,21.25,100.75,Junta,0,2025-10-31
161105,21.75,92.25,AA,6,2025-10-31
161106,21.75,92.75,AA,6,2025-10-31
161107,21.75,93.25,Chin Resistance,9,2025-10-31
161108,21.75,93.75,Chin Resistance,9,2025-10-31
161109,21.75,94.25,Chin Resistance,9,2025-10-31
161110,21.75,94.75,PDF,2,2025-10-31
161111,21.75,95.25,PDF,2,2025-10-31
161112,21.75,95.75,Junta,0,2025-10-31
161113,21.75,96.25,Junta,0,2025-10-31
161114,21.75,96.75,Junta,0,2025-10-31
161115,21.75,97.25,Junta,0,2025-10-31
161116,21.75,97.75,Junta,0,2025-10-31
161117,21.75,98.25,Junta,0,2025-10-31
161118,21.75,98.75,Junta,0,2025-10-31
161119,21.75,99.25,Junta,0,2025-10-31
161120,21.75,99.75,NDAA,14,2025-10-31
161121,21.75,100.25,NDAA,14,2025-10-31
161122,21.75,100.75,NDAA,14,2025-10-31
161123,21.75,101.25,Junta,0,2025-10-31
161826,22.25,92.75,AA,6,2025-10-31
161827,22.25,93.25,Chin Resistance,9,2025-10-31
161828,22.25,93.75,Chin Resistance,9,2025-10-31
161829,22.25,94.25,Junta,0,2025-10-31
161830,22.25,94.75,Junta,0,2025-10-31
161831,22.25,95.25,Junta,0,2025-10-31
161832,22.25,95.75,Junta,0,2025-10-31
161833,22.25,96.25,Junta,0,2025-10-31
161834,22.25,96.75,Junta,0,2025-10-31
161835,22.25,97.25,Junta,0,2025-10-31
161836,22.25,97.75,Junta,0,2025-10-31
161837,22.25,98.25,Junta,0,2025-10-31
161838,22.25,98.75,UWSA,15,2025-10-31
161839,22.25,99.25,UWSA,15,2025-10-31
161840,22.25,99.75,UWSA,15,2025-10-31
162547,22.75,93.25,Chin Resistance,9,2025-10-31
162548,22.75,93.75,Chin Resistance,9,2025-10-31
162549,22.75,94.25,Junta,0,2025-10-31
162550,22.75,94.75,Junta,0,2025-10-31
162551,22.75,95.25,Junta,0,2025-10-31
162552,22.75,95.75,Junta,0,2025-10-31
162553,22.75,96.25,Junta,0,2025-10-31
162554,22.75,96.75,Junta,0,2025-10-31
162555,22.75,97.25,Junta,0,2025-10-31
162556,22.75,97.75,Junta,0,2025-10-31
162557,22.75,98.25,Junta,0,2025-10-31
162558,22.75,98.75,UWSA,15,2025-10-31
162559,22.75,99.25,UWSA,15,2025-10-31
163267,23.25,93.25,Chin Resistance,9,2025-10-31
163268,23.25,93.75,Chin Resistance,9,2025-10-31
163269,23.25,94.25,Junta,0,2025-10-31
163270,23.25,94.75,Junta,0,2025-10-31
163271,23.25,95.25,Junta,0,2025-10-31
163272,23.25,95.75,Junta,0,2025-10-31
163273,23.25,96.25,Junta,0,2025-10-31
163274,23.25,96.75,KIA,3,2025-10-31
163275,23.25,97.25,Junta,0,2025-10-31
163276,23.25,97.75,Junta,0,2025-10-31
163277,23.25,98.25,Junta,0,2025-10-31
163278,23.25,98.75,UWSA,15,2025-10-31
163279,23.25,99.25,UWSA,15,2025-10-31
163987,23.75,93.25,Chin Resistance,9,2025-10-31
163988,23.75,93.75,Chin Resistance,9,2025-10-31
163989,23.75,94.25,Chin Resistance,9,2025-10-31
163990,23.75,94.75,Junta,0,2025-10-31
163991,23.75,95.25,Junta,0,2025-10-31
163992,23.75,95.75,Junta,0,2025-10-31
163993,23.75,96.25,Junta,0,2025-10-31
163994,23.75,96.75,KIA,3,2025-10-31
163995,23.75,97.25,KIA,3,2025-10-31
163996,23.75,97.75,KIA,3,2025-10-31
163997,23.75,98.25,KIA,3,2025-10-31
163998,23.75,98.75,Junta,0,2025-10-31
164707,24.25,93.25,Chin Resistance,9,2025-10-31
164708,24.25,93.75,Chin Resistance,9,2025-10-31
164709,24.25,94.25,Junta,0,2025-10-31
164710,24.25,94.75,Junta,0,2025-10-31
164711,24.25,95.25,Junta,0,2025-10-31
164712,24.25,95.75,KIA,3,2025-10-31
164713,24.25,96.25,KIA,3,2025-10-31
164714,24.25,96.75,KIA,3,2025-10-31
164715,24.25,97.25,KIA,3,2025-10-31
164716,24.25,97.75,Junta,0,2025-10-31
164717,24.25,98.25,Junta,0,2025-10-31
164718,24.25,98.75,Junta,0,2025-10-31
165430,24.75,94.75,Junta,0,2025-10-31
165431,24.75,95.25,KIA,3,2025-10-31
165432,24.75,95.75,KIA,3,2025-10-31
165433,24.75,96.25,KIA,3,2025-10-31
165434,24.75,96.75,KIA,3,2025-10-31
165435,24.75,97.25,KIA,3,2025-10-31
165436,24.75,97.75,Junta,0,2025-10-31
166150,25.25,94.75,Junta,0,2025-10-31
166151,25.25,95.25,Junta,0,2025-10-31
166152,25.25,95.75,KIA,3,2025-10-31
166153,25.25,96.25,KIA,3,2025-10-31
166154,25.25,96.75,KIA,3,2025-10-31
166155,25.25,97.25,KIA,3,2025-10-31
166156,25.25,97.75,Junta,0,2025-10-31
166870,25.75,94.75,Junta,0,2025-10-31
166871,25.75,95.25,Junta,0,2025-10-31
166872,25.75,95.75,KIA,3,2025-10-31
166873,25.75,96.25,KIA,3,2025-10-31
166874,25.75,96.75,KIA,3,2025-10-31
166875,25.75,97.25,KIA,3,2025-10-31
166876,25.75,97.75,KIA,3,2025-10-31
166877,25.75,98.25,Junta,0,2025-10-31
166878,25.75,98.75,Junta,0,2025-10-31
167591,26.25,95.25,Junta,0,2025-10-31
167592,26.25,95.75,KIA,3,2025-10-31
167593,26.25,96.25,KIA,3,2025-10-31
167594,26.25,96.75,KIA,3,2025-10-31
167595,26.25,97.25,KIA,3,2025-10-31
167596,26.25,97.75,KIA,3,2025-10-31
167597,26.25,98.25,KIA,3,2025-10-31
167598,26.25,98.75,Junta,0,2025-10-31
168311,26.75,95.25,Junta,0,2025-10-31
168312,26.75,95.75,Junta,0,2025-10-31
168313,26.75,96.25,KIA,3,2025-10-31
168314,26.75,96.75,KIA,3,2025-10-31
168315,26.75,97.25,KIA,3,2025-10-31
168316,26.75,97.75,KIA,3,2025-10-31
168317,26.75,98.25,KIA,3,2025-10-31
168318,26.75,98.75,Junta,0,2025-10-31
169033,27.25,96.25,KIA,3,2025-10-31
169034,27.25,96.75,KIA,3,2025-10-31
169035,27.25,97.25,KIA,3,2025-10-31
169036,27.25,97.75,KIA,3,2025-10-31
169037,27.25,98.25,Junta,0,2025-10-31
169038,27.25,98.75,Junta,0,2025-10-31
169754,27.75,96.75,KIA,3,2025-10-31
169755,27.75,97.25,Junta,0,2025-10-31
169756,27.75,97.75,Junta,0,2025-10-31
169757,27.75,98.25,Junta,0,2025-10-31
170475,28.25,97.25,Junta,0,2025-10-31
170476,28.25,97.75,Junta,0,2025-10-31
170477,28.25,98.25,Junta,0,2025-10-31
144558,10.25,98.75,Junta,0,2025-11-06
145277,10.75,98.25,Junta,0,2025-11-06
145278,10.75,98.75,Junta,0,2025-11-06
145998,11.25,98.75,Junta,0,2025-11-06
145999,11.25,99.25,PDF,2,2025-11-06
146717,11.75,98.25,Junta,0,2025-11-06
146718,11.75,98.75,PDF,2,2025-11-06
146719,11.75,99.25,PDF,2,2025-11-06
146720,11.75,99.75,Junta,0,2025-11-06
147437,12.25,98.25,Junta,0,2025-11-06
147438,12.25,98.75,Junta,0,2025-11-06
147439,12.25,99.25,PDF,2,2025-11-06
148157,12.75,98.25,Junta,0,2025-11-06
148158,12.75,98.75,Junta,0,2025-11-06
148159,12.75,99.25,PDF,2,2025-11-06
148878,13.25,98.75,Junta,0,2025-11-06
148879,13.25,99.25,PDF,2,2025-11-06
149597,13.75,98.25,Junta,0,2025-11-06
149598,13.75,98.75,Karen,4,2025-11-06
149599,13.75,99.25,Karen,4,2025-11-06
150317,14.25,98.25,Junta,0,2025-11-06
150318,14.25,98.75,Karen,4,2025-11-06
151036,14.75,97.75,Junta,0,2025-11-06
151037,14.75,98.25,Karen,4,2025-11-06
151756,15.25,97.75,Junta,0,2025-11-06
151757,15.25,98.25,Junta,0,2025-11-06
152471,15.75,95.25,Junta,0,2025-11-06
152472,15.75,95.75,Junta,0,2025-11-06
152476,15.75,97.75,Junta,0,2025-11-06
152477,15.75,98.25,Junta,0,2025-11-06
153189,16.25,94.25,Junta,0,2025-11-06
153190,16.25,94.75,Junta,0,2025-11-06
153191,16.25,95.25,Junta,0,2025-11-06
153192,16.25,95.75,Junta,0,2025-11-06
153193,16.25,96.25,Junta,0,2025-11-06
153196,16.25,97.75,Junta,0,2025-11-06
153197,16.25,98.25,Junta,0,2025-11-06
153198,16.25,98.75,Junta,0,2025-11-06
153909,16.75,94.25,Junta,0,2025-11-06
153910,16.75,94.75,Junta,0,2025-11-06
153911,16.75,95.25,Junta,0,2025-11-06
153912,16.75,95.75,Junta,0,2025-11-06
153913,16.75,96.25,Junta,0,2025-11-06
153914,16.75,96.75,Junta,0,2025-11-06
153915,16.75,97.25,Junta,0,2025-11-06
153916,16.75,97.75,Junta,0,2025-11-06
153917,16.75,98.25,Junta,0,2025-11-06
154630,17.25,94.75,Junta,0,2025-11-06
154631,17.25,95.25,Junta,0,2025-11-06
154632,17.25,95.75,Junta,0,2025-11-06
154633,17.25,96.25,Junta,0,2025-11-06
154634,17.25,96.75,Junta,0,2025-11-06
154635,17.25,97.25,Karen,4,2025-11-06
154636,17.25,97.75,Karen,4,2025-11-06
154637,17.25,98.25,Karen,4,2025-11-06
155350,17.75,94.75,Junta,0,2025-11-06
155351,17.75,95.25,Junta,0,2025-11-06
155352,17.75,95.75,Junta,0,2025-11-06
155353,17.75,96.25,Junta,0,2025-11-06
155354,17.75,96.75,Karen,4,2025-11-06
155355,17.75,97.25,Karen,4,2025-11-06
155356,17.75,97.75,Karen,4,2025-11-06
156069,18.25,94.25,Junta,0,2025-11-06
156070,18.25,94.75,Junta,0,2025-11-06
156071,18.25,95.25,Junta,0,2025-11-06
156072,18.25,95.75,Junta,0,2025-11-06
156073,18.25,96.25,PDF,2,2025-11-06
156074,18.25,96.75,Karen,4,2025-11-06
156075,18.25,97.25,Karen,4,2025-11-06
156076,18.25,97.75,Karen,4,2025-11-06
156788,18.75,93.75,Junta,0,2025-11-06
156789,18.75,94.25,Junta,0,2025-11-06
156790,18.75,94.75,Junta,0,2025-11-06
156791,18.75,95.25,Junta,0,2025-11-06
156792,18.75,95.75,PDF,2,2025-11-06
156793,18.75,96.25,PDF,2,2025-11-06
156794,18.75,96.75,Karen,4,2025-11-06
156795,18.75,97.25,Karenni,5,2025-11-06
156796,18.75,97.75,Karenni,5,2025-11-06
157508,19.25,93.75,Junta,0,2025-11-06
157509,19.25,94.25,Junta,0,2025-11-06
157510,19.25,94.75,Junta,0,2025-11-06
157511,19.25,95.25,Junta,0,2025-11-06
157512,19.25,95.75,Junta,0,2025-11-06
157513,19.25,96.25,Junta,0,2025-11-06
157514,19.25,96.75,Karen,4,2025-11-06
157515,19.25,97.25,Karenni,5,2025-11-06
157516,19.25,97.75,Karenni,5,2025-11-06
158228,19.75,93.75,AA,6,2025-11-06
158229,19.75,94.25,AA,6,2025-11-06
158230,19.75,94.75,Junta,0,2025-11-06
158231,19.75,95.25,Junta,0,2025-11-06
158232,19.75,95.75,Junta,0,2025-11-06
158233,19.75,96.25,Junta,0,2025-11-06
158234,19.75,96.75,Karenni,5,2025-11-06
158235,19.75,97.25,Karenni,5,2025-11-06
158236,19.75,97.75,Junta,0,2025-11-06
158237,19.75,98.25,Junta,0,2025-11-06
158238,19.75,98.75,Junta,0,2025-11-06
158946,20.25,92.75,Junta,0,2025-11-06
158947,20.25,93.25,Junta,0,2025-11-06
158948,20.25,93.75,AA,6,2025-11-06
158949,20.25,94.25,AA,6,2025-11-06
158950,20.25,94.75,Junta,0,2025-11-06
158951,20.25,95.25,Junta,0,2025-11-06
158952,20.25,95.75,Junta,0,2025-11-06
158953,20.25,96.25,Junta,0,2025-11-06
158954,20.25,96.75,Junta,0,2025-11-06
158955,20.25,97.25,Junta,0,2025-11-06
158956,20.25,97.75,Junta,0,2025-11-06
158957,20.25,98.25,Junta,0,2025-11-06
158958,20.25,98.75,Junta,0,2025-11-06
158959,20.25,99.25,Junta,0,2025-11-06
158960,20.25,99.75,Junta,0,2025-11-06
158961,20.25,100.25,Junta,0,2025-11-06
159665,20.75,92.25,Junta,0,2025-11-06
159666,20.75,92.75,AA,6,2025-11-06
159667,20.75,93.25,AA,6,2025-11-06
159668,20.75,93.75,AA,6,2025-11-06
159669,20.75,94.25,Junta,0,2025-11-06
159670,20.75,94.75,Junta,0,2025-11-06
159671,20.75,95.25,Junta,0,2025-11-06
159672,20.75,95.75,Junta,0,2025-11-06
159673,20.75,96.25,Junta,0,2025-11-06
159674,20.75,96.75,Junta,0,2025-11-06
159675,20.75,97.25,Junta,0,2025-11-06
159676,20.75,97.75,Junta,0,2025-11-06
159677,20.75,98.25,Junta,0,2025-11-06
159678,20.75,98.75,Junta,0,2025-11-06
159679,20.75,99.25,Junta,0,2025-11-06
159680,20.75,99.75,Junta,0,2025-11-06
159681,20.75,100.25,Junta,0,2025-11-06
160385,21.25,92.25,AA,6,2025-11-06
160386,21.25,92.75,AA,6,2025-11-06
160387,21.25,93.25,Chin Resistance,9,2025-11-06
160388,21.25,93.75,Chin Resistance,9,2025-11-06
160389,21.25,94.25,Chin Resistance,9,2025-11-06
160390,21.25,94.75,Junta,0,2025-11-06
160391,21.25,95.25,Junta,0,2025-11-06
160392,21.25,95.75,Junta,0,2025-11-06
160393,21.25,96.25,Junta,0,2025-11-06
160394,21.25,96.75,Junta,0,2025-11-06
160395,21.25,97.25,SSPP,12,2025-11-06
160396,21.25,97.75,SSPP,12,2025-11-06
160397,21.25,98.25,Junta,0,2025-11-06
160398,21.25,98.75,Junta,0,2025-11-06
160399,21.25,99.25,Junta,0,2025-11-06
160400,21.25,99.75,Junta,0,2025-11-06
160401,21.25,100.25,Junta,0,2025-11-06
160402,21.25,100.75,Junta,0,2025-11-06
161105,21.75,92.25,AA,6,2025-11-06
161106,21.75,92.75,AA,6,2025-11-06
161107,21.75,93.25,Chin Resistance,9,2025-11-06
161108,21.75,93.75,Chin Resistance,9,2025-11-06
161109,21.75,94.25,Chin Resistance,9,2025-11-06
161110,21.75,94.75,PDF,2,2025-11-06
161111,21.75,95.25,PDF,2,2025-11-06
161112,21.75,95.75,Junta,0,2025-11-06
161113,21.75,96.25,Junta,0,2025-11-06
161114,21.75,96.75,Junta,0,2025-11-06
161115,21.75,97.25,SSPP,12,2025-11-06
161116,21.75,97.75,SSPP,12,2025-11-06
161117,21.75,98.25,SSPP,12,2025-11-06
161118,21.75,98.75,Junta,0,2025-11-06
161119,21.75,99.25,Junta,0,2025-11-06
161120,21.75,99.75,NDAA,14,2025-11-06
161121,21.75,100.25,NDAA,14,2025-11-06
161122,21.75,100.75,NDAA,14,2025-11-06
161123,21.75,101.25,Junta,0,2025-11-06
161826,22.25,92.75,AA,6,2025-11-06
161827,22.25,93.25,Chin Resistance,9,2025-11-06
161828,22.25,93.75,Chin Resistance,9,2025-11-06
161829,22.25,94.25,Junta,0,2025-11-06
161830,22.25,94.75,Junta,0,2025-11-06
161831,22.25,95.25,Junta,0,2025-11-06
161832,22.25,95.75,Junta,0,2025-11-06
161833,22.25,96.25,Junta,0,2025-11-06
161834,22.25,96.75,Junta,0,2025-11-06
161835,22.25,97.25,SSPP,12,2025-11-06
161836,22.25,97.75,SSPP,12,2025-11-06
161837,22.25,98.25,SSPP,12,2025-11-06
161838,22.25,98.75,SSPP,12,2025-11-06
161839,22.25,99.25,UWSA,15,2025-11-06
161840,22.25,99.75,UWSA,15,2025-11-06
162547,22.75,93.25,Chin Resistance,9,2025-11-06
162548,22.75,93.75,Chin Resistance,9,2025-11-06
162549,22.75,94.25,Junta,0,2025-11-06
162550,22.75,94.75,Junta,0,2025-11-06
162551,22.75,95.25,Junta,0,2025-11-06
162552,22.75,95.75,Junta,0,2025-11-06
162553,22.75,96.25,Junta,0,2025-11-06
162554,22.75,96.75,Junta,0,2025-11-06
162555,22.75,97.25,Junta,0,2025-11-06
162556,22.75,97.75,Junta,0,2025-11-06
162557,22.75,98.25,SSPP,12,2025-11-06
162558,22.75,98.75,SSPP,12,2025-11-06
162559,22.75,99.25,UWSA,15,2025-11-06
163267,23.25,93.25,Chin Resistance,9,2025-11-06
163268,23.25,93.75,Chin Resistance,9,2025-11-06
163269,23.25,94.25,Junta,0,2025-11-06
163270,23.25,94.75,Junta,0,2025-11-06
163271,23.25,95.25,Junta,0,2025-11-06
163272,23.25,95.75,Junta,0,2025-11-06
163273,23.25,96.25,Junta,0,2025-11-06
163274,23.25,96.75,KIA,3,2025-11-06
163275,23.25,97.25,Junta,0,2025-11-06
163276,23.25,97.75,Junta,0,2025-11-06
163277,23.25,98.25,Junta,0,2025-11-06
163278,23.25,98.75,UWSA,15,2025-11-06
163279,23.25,99.25,UWSA,15,2025-11-06
163987,23.75,93.25,Chin Resistance,9,2025-11-06
163988,23.75,93.75,Chin Resistance,9,2025-11-06
163989,23.75,94.25,Chin Resistance,9,2025-11-06
163990,23.75,94.75,Junta,0,2025-11-06
163991,23.75,95.25,Junta,0,2025-11-06
163992,23.75,95.75,Junta,0,2025-11-06
163993,23.75,96.25,Junta,0,2025-11-06
163994,23.75,96.75,KIA,3,2025-11-06
163995,23.75,97.25,KIA,3,2025-11-06
163996,23.75,97.75,KIA,3,2025-11-06
163997,23.75,98.25,KIA,3,2025-11-06
163998,23.75,98.75,Junta,0,2025-11-06
164707,24.25,93.25,Chin Resistance,9,2025-11-06
164708,24.25,93.75,Chin Resistance,9,2025-11-06
164709,24.25,94.25,Junta,0,2025-11-06
164710,24.25,94.75,Junta,0,2025-11-06
164711,24.25,95.25,Junta,0,2025-11-06
164712,24.25,95.75,KIA,3,2025-11-06
164713,24.25,96.25,KIA,3,2025-11-06
164714,24.25,96.75,KIA,3,2025-11-06
164715,24.25,97.25,KIA,3,2025-11-06
164716,24.25,97.75,Junta,0,2025-11-06
164717,24.25,98.25,Junta,0,2025-11-06
164718,24.25,98.75,Junta,0,2025-11-06
165430,24.75,94.75,Junta,0,2025-11-06
165431,24.75,95.25,KIA,3,2025-11-06
165432,24.75,95.75,KIA,3,2025-11-06
165433,24.75,96.25,KIA,3,2025-11-06
165434,24.75,96.75,KIA,3,2025-11-06
165435,24.75,97.25,KIA,3,2025-11-06
165436,24.75,97.75,Junta,0,2025-11-06
166150,25.25,94.75,Junta,0,2025-11-06
166151,25.25,95.25,Junta,0,2025-11-06
166152,25.25,95.75,KIA,3,2025-11-06
166153,25.25,96.25,KIA,3,2025-11-06
166154,25.25,96.75,KIA,3,2025-11-06
166155,25.25,97.25,KIA,3,2025-11-06
166156,25.25,97.75,Junta,0,2025-11-06
166870,25.75,94.75,Junta,0,2025-11-06
166871,25.75,95.25,Junta,0,2025-11-06
166872,25.75,95.75,KIA,3,2025-11-06
166873,25.75,96.25,KIA,3,2025-11-06
166874,25.75,96.75,KIA,3,2025-11-06
166875,25.75,97.25,KIA,3,2025-11-06
166876,25.75,97.75,KIA,3,2025-11-06
166877,25.75,98.25,Junta,0,2025-11-06
166878,25.75,98.75,Junta,0,2025-11-06
167591,26.25,95.25,Junta,0,2025-11-06
167592,26.25,95.75,KIA,3,2025-11-06
167593,26.25,96.25,KIA,3,2025-11-06
167594,26.25,96.75,KIA,3,2025-11-06
167595,26.25,97.25,KIA,3,2025-11-06
167596,26.25,97.75,KIA,3,2025-11-06
167597,26.25,98.25,KIA,3,2025-11-06
167598,26.25,98.75,Junta,0,2025-11-06
168311,26.75,95.25,Junta,0,2025-11-06
168312,26.75,95.75,Junta,0,2025-11-06
168313,26.75,96.25,KIA,3,2025-11-06
168314,26.75,96.75,KIA,3,2025-11-06
168315,26.75,97.25,KIA,3,2025-11-06
168316,26.75,97.75,KIA,3,2025-11-06
168317,26.75,98.25,KIA,3,2025-11-06
168318,26.75,98.75,Junta,0,2025-11-06
169033,27.25,96.25,KIA,3,2025-11-06
169034,27.25,96.75,KIA,3,2025-11-06
169035,27.25,97.25,KIA,3,2025-11-06
169036,27.25,97.75,KIA,3,2025-11-06
169037,27.25,98.25,Junta,0,2025-11-06
169038,27.25,98.75,Junta,0,2025-11-06
169754,27.75,96.75,KIA,3,2025-11-06
169755,27.75,97.25,Junta,0,2025-11-06
169756,27.75,97.75,Junta,0,2025-11-06
169757,27.75,98.25,Junta,0,2025-11-06
170475,28.25,97.25,Junta,0,2025-11-06
170476,28.25,97.75,Junta,0,2025-11-06
170477,28.25,98.25,Junta,0,2025-11-06
144558,10.25,98.75,Junta,0,2025-12-07
145277,10.75,98.25,Junta,0,2025-12-07
145278,10.75,98.75,Junta,0,2025-12-07
145998,11.25,98.75,Junta,0,2025-12-07
145999,11.25,99.25,PDF,2,2025-12-07
146717,11.75,98.25,Junta,0,2025-12-07
146718,11.75,98.75,PDF,2,2025-12-07
146719,11.75,99.25,PDF,2,2025-12-07
146720,11.75,99.75,Junta,0,2025-12-07
147437,12.25,98.25,Junta,0,2025-12-07
147438,12.25,98.75,Junta,0,2025-12-07
147439,12.25,99.25,PDF,2,2025-12-07
148157,12.75,98.25,Junta,0,2025-12-07
148158,12.75,98.75,Junta,0,2025-12-07
148159,12.75,99.25,PDF,2,2025-12-07
148878,13.25,98.75,Junta,0,2025-12-07
148879,13.25,99.25,PDF,2,2025-12-07
149597,13.75,98.25,Junta,0,2025-12-07
149598,13.75,98.75,Karen,4,2025-12-07
149599,13.75,99.25,Karen,4,2025-12-07
150317,14.25,98.25,Junta,0,2025-12-07
150318,14.25,98.75,Karen,4,2025-12-07
151036,14.75,97.75,Junta,0,2025-12-07
151037,14.75,98.25,Karen,4,2025-12-07
151756,15.25,97.75,Junta,0,2025-12-07
151757,15.25,98.25,Junta,0,2025-12-07
152471,15.75,95.25,Junta,0,2025-12-07
152472,15.75,95.75,Junta,0,2025-12-07
152476,15.75,97.75,Junta,0,2025-12-07
152477,15.75,98.25,Junta,0,2025-12-07
153189,16.25,94.25,Junta,0,2025-12-07
153190,16.25,94.75,Junta,0,2025-12-07
153191,16.25,95.25,Junta,0,2025-12-07
153192,16.25,95.75,Junta,0,2025-12-07
153193,16.25,96.25,Junta,0,2025-12-07
153196,16.25,97.75,Junta,0,2025-12-07
153197,16.25,98.25,Junta,0,2025-12-07
153198,16.25,98.75,Junta,0,2025-12-07
153909,16.75,94.25,Junta,0,2025-12-07
153910,16.75,94.75,Junta,0,2025-12-07
153911,16.75,95.25,Junta,0,2025-12-07
153912,16.75,95.75,Junta,0,2025-12-07
153913,16.75,96.25,Junta,0,2025-12-07
153914,16.75,96.75,Junta,0,2025-12-07
153915,16.75,97.25,Junta,0,2025-12-07
153916,16.75,97.75,Junta,0,2025-12-07
153917,16.75,98.25,Junta,0,2025-12-07
154630,17.25,94.75,Junta,0,2025-12-07
154631,17.25,95.25,Junta,0,2025-12-07
154632,17.25,95.75,Junta,0,2025-12-07
154633,17.25,96.25,Junta,0,2025-12-07
154634,17.25,96.75,Junta,0,2025-12-07
154635,17.25,97.25,Karen,4,2025-12-07
154636,17.25,97.75,Karen,4,2025-12-07
154637,17.25,98.25,Karen,4,2025-12-07
155350,17.75,94.75,Junta,0,2025-12-07
155351,17.75,95.25,Junta,0,2025-12-07
155352,17.75,95.75,Junta,0,2025-12-07
155353,17.75,96.25,Junta,0,2025-12-07
155354,17.75,96.75,Karen,4,2025-12-07
155355,17.75,97.25,Karen,4,2025-12-07
155356,17.75,97.75,Karen,4,2025-12-07
156069,18.25,94.25,Junta,0,2025-12-07
156070,18.25,94.75,Junta,0,2025-12-07
156071,18.25,95.25,Junta,0,2025-12-07
156072,18.25,95.75,Junta,0,2025-12-07
156073,18.25,96.25,PDF,2,2025-12-07
156074,18.25,96.75,Karen,4,2025-12-07
156075,18.25,97.25,Karen,4,2025-12-07
156076,18.25,97.75,Karen,4,2025-12-07
156788,18.75,93.75,Junta,0,2025-12-07
156789,18.75,94.25,Junta,0,2025-12-07
156790,18.75,94.75,Junta,0,2025-12-07
156791,18.75,95.25,Junta,0,2025-12-07
156792,18.75,95.75,PDF,2,2025-12-07
156793,18.75,96.25,PDF,2,2025-12-07
156794,18.75,96.75,Karen,4,2025-12-07
156795,18.75,97.25,Karenni,5,2025-12-07
156796,18.75,97.75,Karenni,5,2025-12-07
157508,19.25,93.75,Junta,0,2025-12-07
157509,19.25,94.25,Junta,0,2025-12-07
157510,19.25,94.75,Junta,0,2025-12-07
157511,19.25,95.25,Junta,0,2025-12-07
157512,19.25,95.75,Junta,0,2025-12-07
157513,19.25,96.25,Junta,0,2025-12-07
157514,19.25,96.75,Karen,4,2025-12-07
157515,19.25,97.25,Karenni,5,2025-12-07
157516,19.25,97.75,Karenni,5,2025-12-07
158228,19.75,93.75,AA,6,2025-12-07
158229,19.75,94.25,AA,6,2025-12-07
158230,19.75,94.75,Junta,0,2025-12-07
158231,19.75,95.25,Junta,0,2025-12-07
158232,19.75,95.75,Junta,0,2025-12-07
158233,19.75,96.25,Junta,0,2025-12-07
158234,19.75,96.75,Karenni,5,2025-12-07
158235,19.75,97.25,Karenni,5,2025-12-07
158236,19.75,97.75,Junta,0,2025-12-07
158237,19.75,98.25,Junta,0,2025-12-07
158238,19.75,98.75,Junta,0,2025-12-07
158946,20.25,92.75,Junta,0,2025-12-07
158947,20.25,93.25,Junta,0,2025-12-07
158948,20.25,93.75,AA,6,2025-12-07
158949,20.25,94.25,AA,6,2025-12-07
158950,20.25,94.75,Junta,0,2025-12-07
158951,20.25,95.25,Junta,0,2025-12-07
158952,20.25,95.75,Junta,0,2025-12-07
158953,20.25,96.25,Junta,0,2025-12-07
158954,20.25,96.75,Junta,0,2025-12-07
158955,20.25,97.25,Junta,0,2025-12-07
158956,20.25,97.75,Junta,0,2025-12-07
158957,20.25,98.25,Junta,0,2025-12-07
158958,20.25,98.75,Junta,0,2025-12-07
158959,20.25,99.25,Junta,0,2025-12-07
158960,20.25,99.75,Junta,0,2025-12-07
158961,20.25,100.25,Junta,0,2025-12-07
159665,20.75,92.25,Junta,0,2025-12-07
159666,20.75,92.75,AA,6,2025-12-07
159667,20.75,93.25,AA,6,2025-12-07
159668,20.75,93.75,AA,6,2025-12-07
159669,20.75,94.25,Junta,0,2025-12-07
159670,20.75,94.75,Junta,0,2025-12-07
159671,20.75,95.25,Junta,0,2025-12-07
159672,20.75,95.75,Junta,0,2025-12-07
159673,20.75,96.25,Junta,0,2025-12-07
159674,20.75,96.75,Junta,0,2025-12-07
159675,20.75,97.25,Junta,0,2025-12-07
159676,20.75,97.75,Junta,0,2025-12-07
159677,20.75,98.25,Junta,0,2025-12-07
159678,20.75,98.75,Junta,0,2025-12-07
159679,20.75,99.25,Junta,0,2025-12-07
159680,20.75,99.75,Junta,0,2025-12-07
159681,20.75,100.25,Junta,0,2025-12-07
160385,21.25,92.25,AA,6,2025-12-07
160386,21.25,92.75,AA,6,2025-12-07
160387,21.25,93.25,Chin Resistance,9,2025-12-07
160388,21.25,93.75,Chin Resistance,9,2025-12-07
160389,21.25,94.25,Chin Resistance,9,2025-12-07
160390,21.25,94.75,Junta,0,2025-12-07
160391,21.25,95.25,Junta,0,2025-12-07
160392,21.25,95.75,Junta,0,2025-12-07
160393,21.25,96.25,Junta,0,2025-12-07
160394,21.25,96.75,Junta,0,2025-12-07
160395,21.25,97.25,SSPP,12,2025-12-07
160396,21.25,97.75,SSPP,12,2025-12-07
160397,21.25,98.25,Junta,0,2025-12-07
160398,21.25,98.75,Junta,0,2025-12-07
160399,21.25,99.25,Junta,0,2025-12-07
160400,21.25,99.75,Junta,0,2025-12-07
160401,21.25,100.25,Junta,0,2025-12-07
160402,21.25,100.75,Junta,0,2025-12-07
161105,21.75,92.25,AA,6,2025-12-07
161106,21.75,92.75,AA,6,2025-12-07
161107,21.75,93.25,Chin Resistance,9,2025-12-07
161108,21.75,93.75,Chin Resistance,9,2025-12-07
161109,21.75,94.25,Chin Resistance,9,2025-12-07
161110,21.75,94.75,PDF,2,2025-12-07
161111,21.75,95.25,PDF,2,2025-12-07
161112,21.75,95.75,Junta,0,2025-12-07
161113,21.75,96.25,Junta,0,2025-12-07
161114,21.75,96.75,Junta,0,2025-12-07
161115,21.75,97.25,SSPP,12,2025-12-07
161116,21.75,97.75,SSPP,12,2025-12-07
161117,21.75,98.25,SSPP,12,2025-12-07
161118,21.75,98.75,Junta,0,2025-12-07
161119,21.75,99.25,Junta,0,2025-12-07
161120,21.75,99.75,NDAA,14,2025-12-07
161121,21.75,100.25,NDAA,14,2025-12-07
161122,21.75,100.75,NDAA,14,2025-12-07
161123,21.75,101.25,Junta,0,2025-12-07
161826,22.25,92.75,AA,6,2025-12-07
161827,22.25,93.25,Chin Resistance,9,2025-12-07
161828,22.25,93.75,Chin Resistance,9,2025-12-07
161829,22.25,94.25,Junta,0,2025-12-07
161830,22.25,94.75,Junta,0,2025-12-07
161831,22.25,95.25,Junta,0,2025-12-07
161832,22.25,95.75,Junta,0,2025-12-07
161833,22.25,96.25,Junta,0,2025-12-07
161834,22.25,96.75,Junta,0,2025-12-07
161835,22.25,97.25,SSPP,12,2025-12-07
161836,22.25,97.75,SSPP,12,2025-12-07
161837,22.25,98.25,SSPP,12,2025-12-07
161838,22.25,98.75,SSPP,12,2025-12-07
161839,22.25,99.25,UWSA,15,2025-12-07
161840,22.25,99.75,UWSA,15,2025-12-07
162547,22.75,93.25,Chin Resistance,9,2025-12-07
162548,22.75,93.75,Chin Resistance,9,2025-12-07
162549,22.75,94.25,Junta,0,2025-12-07
162550,22.75,94.75,Junta,0,2025-12-07
162551,22.75,95.25,Junta,0,2025-12-07
162552,22.75,95.75,Junta,0,2025-12-07
162553,22.75,96.25,Junta,0,2025-12-07
162554,22.75,96.75,Junta,0,2025-12-07
162555,22.75,97.25,Junta,0,2025-12-07
162556,22.75,97.75,Junta,0,2025-12-07
162557,22.75,98.25,SSPP,12,2025-12-07
162558,22.75,98.75,SSPP,12,2025-12-07
162559,22.75,99.25,UWSA,15,2025-12-07
163267,23.25,93.25,Chin Resistance,9,2025-12-07
163268,23.25,93.75,Chin Resistance,9,2025-12-07
163269,23.25,94.25,Junta,0,2025-12-07
163270,23.25,94.75,Junta,0,2025-12-07
163271,23.25,95.25,Junta,0,2025-12-07
163272,23.25,95.75,Junta,0,2025-12-07
163273,23.25,96.25,Junta,0,2025-12-07
163274,23.25,96.75,KIA,3,2025-12-07
163275,23.25,97.25,Junta,0,2025-12-07
163276,23.25,97.75,Junta,0,2025-12-07
163277,23.25,98.25,Junta,0,2025-12-07
163278,23.25,98.75,UWSA,15,2025-12-07
163279,23.25,99.25,UWSA,15,2025-12-07
163987,23.75,93.25,Chin Resistance,9,2025-12-07
163988,23.75,93.75,Chin Resistance,9,2025-12-07
163989,23.75,94.25,Chin Resistance,9,2025-12-07
163990,23.75,94.75,Junta,0,2025-12-07
163991,23.75,95.25,Junta,0,2025-12-07
163992,23.75,95.75,Junta,0,2025-12-07
163993,23.75,96.25,Junta,0,2025-12-07
163994,23.75,96.75,KIA,3,2025-12-07
163995,23.75,97.25,KIA,3,2025-12-07
163996,23.75,97.75,KIA,3,2025-12-07
163997,23.75,98.25,KIA,3,2025-12-07
163998,23.75,98.75,Junta,0,2025-12-07
164707,24.25,93.25,Chin Resistance,9,2025-12-07
164708,24.25,93.75,Chin Resistance,9,2025-12-07
164709,24.25,94.25,Junta,0,2025-12-07
164710,24.25,94.75,Junta,0,2025-12-07
164711,24.25,95.25,Junta,0,2025-12-07
164712,24.25,95.75,KIA,3,2025-12-07
164713,24.25,96.25,KIA,3,2025-12-07
164714,24.25,96.75,KIA,3,2025-12-07
164715,24.25,97.25,KIA,3,2025-12-07
164716,24.25,97.75,Junta,0,2025-12-07
164717,24.25,98.25,Junta,0,2025-12-07
164718,24.25,98.75,Junta,0,2025-12-07
165430,24.75,94.75,Junta,0,2025-12-07
165431,24.75,95.25,KIA,3,2025-12-07
165432,24.75,95.75,KIA,3,2025-12-07
165433,24.75,96.25,KIA,3,2025-12-07
165434,24.75,96.75,KIA,3,2025-12-07
165435,24.75,97.25,KIA,3,2025-12-07
165436,24.75,97.75,Junta,0,2025-12-07
166150,25.25,94.75,Junta,0,2025-12-07
166151,25.25,95.25,Junta,0,2025-12-07
166152,25.25,95.75,KIA,3,2025-12-07
166153,25.25,96.25,KIA,3,2025-12-07
166154,25.25,96.75,KIA,3,2025-12-07
166155,25.25,97.25,KIA,3,2025-12-07
166156,25.25,97.75,Junta,0,2025-12-07
166870,25.75,94.75,Junta,0,2025-12-07
166871,25.75,95.25,Junta,0,2025-12-07
166872,25.75,95.75,KIA,3,2025-12-07
166873,25.75,96.25,KIA,3,2025-12-07
166874,25.75,96.75,KIA,3,2025-12-07
166875,25.75,97.25,KIA,3,2025-12-07
166876,25.75,97.75,KIA,3,2025-12-07
166877,25.75,98.25,Junta,0,2025-12-07
166878,25.75,98.75,Junta,0,2025-12-07
167591,26.25,95.25,Junta,0,2025-12-07
167592,26.25,95.75,KIA,3,2025-12-07
167593,26.25,96.25,KIA,3,2025-12-07
167594,26.25,96.75,KIA,3,2025-12-07
167595,26.25,97.25,KIA,3,2025-12-07
167596,26.25,97.75,KIA,3,2025-12-07
167597,26.25,98.25,KIA,3,2025-12-07
167598,26.25,98.75,Junta,0,2025-12-07
168311,26.75,95.25,Junta,0,2025-12-07
168312,26.75,95.75,Junta,0,2025-12-07
168313,26.75,96.25,KIA,3,2025-12-07
168314,26.75,96.75,KIA,3,2025-12-07
168315,26.75,97.25,KIA,3,2025-12-07
168316,26.75,97.75,KIA,3,2025-12-07
168317,26.75,98.25,KIA,3,2025-12-07
168318,26.75,98.75,Junta,0,2025-12-07
169033,27.25,96.25,KIA,3,2025-12-07
169034,27.25,96.75,KIA,3,2025-12-07
169035,27.25,97.25,KIA,3,2025-12-07
169036,27.25,97.75,KIA,3,2025-12-07
169037,27.25,98.25,Junta,0,2025-12-07
169038,27.25,98.75,Junta,0,2025-12-07
169754,27.75,96.75,KIA,3,2025-12-07
169755,27.75,97.25,Junta,0,2025-12-07
169756,27.75,97.75,Junta,0,2025-12-07
169757,27.75,98.25,Junta,0,2025-12-07
170475,28.25,97.25,Junta,0,2025-12-07
170476,28.25,97.75,Junta,0,2025-12-07
170477,28.25,98.25,Junta,0,2025-12-07
144558,10.25,98.75,Junta,0,2026-01-04
145277,10.75,98.25,Junta,0,2026-01-04
145278,10.75,98.75,Junta,0,2026-01-04
145998,11.25,98.75,Junta,0,2026-01-04
145999,11.25,99.25,PDF,2,2026-01-04
146717,11.75,98.25,Junta,0,2026-01-04
146718,11.75,98.75,PDF,2,2026-01-04
146719,11.75,99.25,PDF,2,2026-01-04
146720,11.75,99.75,Junta,0,2026-01-04
147437,12.25,98.25,Junta,0,2026-01-04
147438,12.25,98.75,Junta,0,2026-01-04
147439,12.25,99.25,PDF,2,2026-01-04
148157,12.75,98.25,Junta,0,2026-01-04
148158,12.75,98.75,Junta,0,2026-01-04
148159,12.75,99.25,PDF,2,2026-01-04
148878,13.25,98.75,Junta,0,2026-01-04
148879,13.25,99.25,PDF,2,2026-01-04
149597,13.75,98.25,Junta,0,2026-01-04
149598,13.75,98.75,Karen,4,2026-01-04
149599,13.75,99.25,Karen,4,2026-01-04
150317,14.25,98.25,Junta,0,2026-01-04
150318,14.25,98.75,Karen,4,2026-01-04
151036,14.75,97.75,Junta,0,2026-01-04
151037,14.75,98.25,Karen,4,2026-01-04
151756,15.25,97.75,Junta,0,2026-01-04
151757,15.25,98.25,Junta,0,2026-01-04
152471,15.75,95.25,Junta,0,2026-01-04
152472,15.75,95.75,Junta,0,2026-01-04
152476,15.75,97.75,Junta,0,2026-01-04
152477,15.75,98.25,Junta,0,2026-01-04
153189,16.25,94.25,Junta,0,2026-01-04
153190,16.25,94.75,Junta,0,2026-01-04
153191,16.25,95.25,Junta,0,2026-01-04
153192,16.25,95.75,Junta,0,2026-01-04
153193,16.25,96.25,Junta,0,2026-01-04
153196,16.25,97.75,Junta,0,2026-01-04
153197,16.25,98.25,Junta,0,2026-01-04
153198,16.25,98.75,Junta,0,2026-01-04
153909,16.75,94.25,Junta,0,2026-01-04
153910,16.75,94.75,Junta,0,2026-01-04
153911,16.75,95.25,Junta,0,2026-01-04
153912,16.75,95.75,Junta,0,2026-01-04
153913,16.75,96.25,Junta,0,2026-01-04
153914,16.75,96.75,Junta,0,2026-01-04
153915,16.75,97.25,Junta,0,2026-01-04
153916,16.75,97.75,Junta,0,2026-01-04
153917,16.75,98.25,Junta,0,2026-01-04
154630,17.25,94.75,Junta,0,2026-01-04
154631,17.25,95.25,Junta,0,2026-01-04
154632,17.25,95.75,Junta,0,2026-01-04
154633,17.25,96.25,Junta,0,2026-01-04
154634,17.25,96.75,Junta,0,2026-01-04
154635,17.25,97.25,Karen,4,2026-01-04
154636,17.25,97.75,Karen,4,2026-01-04
154637,17.25,98.25,Karen,4,2026-01-04
155350,17.75,94.75,Junta,0,2026-01-04
155351,17.75,95.25,Junta,0,2026-01-04
155352,17.75,95.75,Junta,0,2026-01-04
155353,17.75,96.25,Junta,0,2026-01-04
155354,17.75,96.75,Karen,4,2026-01-04
155355,17.75,97.25,Karen,4,2026-01-04
155356,17.75,97.75,Karen,4,2026-01-04
156069,18.25,94.25,Junta,0,2026-01-04
156070,18.25,94.75,Junta,0,2026-01-04
156071,18.25,95.25,Junta,0,2026-01-04
156072,18.25,95.75,Junta,0,2026-01-04
156073,18.25,96.25,PDF,2,2026-01-04
156074,18.25,96.75,Karen,4,2026-01-04
156075,18.25,97.25,Karen,4,2026-01-04
156076,18.25,97.75,Karen,4,2026-01-04
156788,18.75,93.75,Junta,0,2026-01-04
156789,18.75,94.25,Junta,0,2026-01-04
156790,18.75,94.75,Junta,0,2026-01-04
156791,18.75,95.25,Junta,0,2026-01-04
156792,18.75,95.75,PDF,2,2026-01-04
156793,18.75,96.25,PDF,2,2026-01-04
156794,18.75,96.75,Karen,4,2026-01-04
156795,18.75,97.25,Karenni,5,2026-01-04
156796,18.75,97.75,Karenni,5,2026-01-04
157508,19.25,93.75,Junta,0,2026-01-04
157509,19.25,94.25,Junta,0,2026-01-04
157510,19.25,94.75,Junta,0,2026-01-04
157511,19.25,95.25,Junta,0,2026-01-04
157512,19.25,95.75,Junta,0,2026-01-04
157513,19.25,96.25,Junta,0,2026-01-04
157514,19.25,96.75,Karen,4,2026-01-04
157515,19.25,97.25,Karenni,5,2026-01-04
157516,19.25,97.75,Karenni,5,2026-01-04
158228,19.75,93.75,AA,6,2026-01-04
158229,19.75,94.25,AA,6,2026-01-04
158230,19.75,94.75,Junta,0,2026-01-04
158231,19.75,95.25,Junta,0,2026-01-04
158232,19.75,95.75,Junta,0,2026-01-04
158233,19.75,96.25,Junta,0,2026-01-04
158234,19.75,96.75,Karenni,5,2026-01-04
158235,19.75,97.25,Karenni,5,2026-01-04
158236,19.75,97.75,Junta,0,2026-01-04
158237,19.75,98.25,Junta,0,2026-01-04
158238,19.75,98.75,Junta,0,2026-01-04
158946,20.25,92.75,Junta,0,2026-01-04
158947,20.25,93.25,Junta,0,2026-01-04
158948,20.25,93.75,AA,6,2026-01-04
158949,20.25,94.25,AA,6,2026-01-04
158950,20.25,94.75,Junta,0,2026-01-04
158951,20.25,95.25,Junta,0,2026-01-04
158952,20.25,95.75,Junta,0,2026-01-04
158953,20.25,96.25,Junta,0,2026-01-04
158954,20.25,96.75,Junta,0,2026-01-04
158955,20.25,97.25,Junta,0,2026-01-04
158956,20.25,97.75,Junta,0,2026-01-04
158957,20.25,98.25,Junta,0,2026-01-04
158958,20.25,98.75,Junta,0,2026-01-04
158959,20.25,99.25,Junta,0,2026-01-04
158960,20.25,99.75,Junta,0,2026-01-04
158961,20.25,100.25,Junta,0,2026-01-04
159665,20.75,92.25,Junta,0,2026-01-04
159666,20.75,92.75,AA,6,2026-01-04
159667,20.75,93.25,AA,6,2026-01-04
159668,20.75,93.75,AA,6,2026-01-04
159669,20.75,94.25,Junta,0,2026-01-04
159670,20.75,94.75,Junta,0,2026-01-04
159671,20.75,95.25,Junta,0,2026-01-04
159672,20.75,95.75,Junta,0,2026-01-04
159673,20.75,96.25,Junta,0,2026-01-04
159674,20.75,96.75,Junta,0,2026-01-04
159675,20.75,97.25,Junta,0,2026-01-04
159676,20.75,97.75,Junta,0,2026-01-04
159677,20.75,98.25,Junta,0,2026-01-04
159678,20.75,98.75,Junta,0,2026-01-04
159679,20.75,99.25,Junta,0,2026-01-04
159680,20.75,99.75,Junta,0,2026-01-04
159681,20.75,100.25,Junta,0,2026-01-04
160385,21.25,92.25,AA,6,2026-01-04
160386,21.25,92.75,AA,6,2026-01-04
160387,21.25,93.25,Chin Resistance,9,2026-01-04
160388,21.25,93.75,Chin Resistance,9,2026-01-04
160389,21.25,94.25,Chin Resistance,9,2026-01-04
160390,21.25,94.75,Junta,0,2026-01-04
160391,21.25,95.25,Junta,0,2026-01-04
160392,21.25,95.75,Junta,0,2026-01-04
160393,21.25,96.25,Junta,0,2026-01-04
160394,21.25,96.75,Junta,0,2026-01-04
160395,21.25,97.25,SSPP,12,2026-01-04
160396,21.25,97.75,SSPP,12,2026-01-04
160397,21.25,98.25,Junta,0,2026-01-04
160398,21.25,98.75,Junta,0,2026-01-04
160399,21.25,99.25,Junta,0,2026-01-04
160400,21.25,99.75,Junta,0,2026-01-04
160401,21.25,100.25,Junta,0,2026-01-04
160402,21.25,100.75,Junta,0,2026-01-04
161105,21.75,92.25,AA,6,2026-01-04
161106,21.75,92.75,AA,6,2026-01-04
161107,21.75,93.25,Chin Resistance,9,2026-01-04
161108,21.75,93.75,Chin Resistance,9,2026-01-04
161109,21.75,94.25,Chin Resistance,9,2026-01-04
161110,21.75,94.75,PDF,2,2026-01-04
161111,21.75,95.25,Junta,0,2026-01-04
161112,21.75,95.75,Junta,0,2026-01-04
161113,21.75,96.25,Junta,0,2026-01-04
161114,21.75,96.75,Junta,0,2026-01-04
161115,21.75,97.25,SSPP,12,2026-01-04
161116,21.75,97.75,SSPP,12,2026-01-04
161117,21.75,98.25,SSPP,12,2026-01-04
161118,21.75,98.75,Junta,0,2026-01-04
161119,21.75,99.25,Junta,0,2026-01-04
161120,21.75,99.75,NDAA,14,2026-01-04
161121,21.75,100.25,NDAA,14,2026-01-04
161122,21.75,100.75,NDAA,14,2026-01-04
161123,21.75,101.25,Junta,0,2026-01-04
161826,22.25,92.75,AA,6,2026-01-04
161827,22.25,93.25,Chin Resistance,9,2026-01-04
161828,22.25,93.75,Chin Resistance,9,2026-01-04
161829,22.25,94.25,Junta,0,2026-01-04
161830,22.25,94.75,Junta,0,2026-01-04
161831,22.25,95.25,Junta,0,2026-01-04
161832,22.25,95.75,Junta,0,2026-01-04
161833,22.25,96.25,Junta,0,2026-01-04
161834,22.25,96.75,Junta,0,2026-01-04
161835,22.25,97.25,SSPP,12,2026-01-04
161836,22.25,97.75,SSPP,12,2026-01-04
161837,22.25,98.25,SSPP,12,2026-01-04
161838,22.25,98.75,SSPP,12,2026-01-04
161839,22.25,99.25,UWSA,15,2026-01-04
161840,22.25,99.75,UWSA,15,2026-01-04
162547,22.75,93.25,Chin Resistance,9,2026-01-04
162548,22.75,93.75,Chin Resistance,9,2026-01-04
162549,22.75,94.25,Junta,0,2026-01-04
162550,22.75,94.75,Junta,0,2026-01-04
162551,22.75,95.25,Junta,0,2026-01-04
162552,22.75,95.75,Junta,0,2026-01-04
162553,22.75,96.25,Junta,0,2026-01-04
162554,22.75,96.75,Junta,0,2026-01-04
162555,22.75,97.25,Junta,0,2026-01-04
162556,22.75,97.75,Junta,0,2026-01-04
162557,22.75,98.25,SSPP,12,2026-01-04
162558,22.75,98.75,SSPP,12,2026-01-04
162559,22.75,99.25,UWSA,15,2026-01-04
163267,23.25,93.25,Chin Resistance,9,2026-01-04
163268,23.25,93.75,Chin Resistance,9,2026-01-04
163269,23.25,94.25,Junta,0,2026-01-04
163270,23.25,94.75,Junta,0,2026-01-04
163271,23.25,95.25,Junta,0,2026-01-04
163272,23.25,95.75,Junta,0,2026-01-04
163273,23.25,96.25,Junta,0,2026-01-04
163274,23.25,96.75,KIA,3,2026-01-04
163275,23.25,97.25,Junta,0,2026-01-04
163276,23.25,97.75,Junta,0,2026-01-04
163277,23.25,98.25,Junta,0,2026-01-04
163278,23.25,98.75,UWSA,15,2026-01-04
163279,23.25,99.25,UWSA,15,2026-01-04
163987,23.75,93.25,Chin Resistance,9,2026-01-04
163988,23.75,93.75,Chin Resistance,9,2026-01-04
163989,23.75,94.25,Chin Resistance,9,2026-01-04
163990,23.75,94.75,Junta,0,2026-01-04
163991,23.75,95.25,Junta,0,2026-01-04
163992,23.75,95.75,Junta,0,2026-01-04
163993,23.75,96.25,Junta,0,2026-01-04
163994,23.75,96.75,KIA,3,2026-01-04
163995,23.75,97.25,KIA,3,2026-01-04
163996,23.75,97.75,KIA,3,2026-01-04
163997,23.75,98.25,KIA,3,2026-01-04
163998,23.75,98.75,Junta,0,2026-01-04
164707,24.25,93.25,Chin Resistance,9,2026-01-04
164708,24.25,93.75,Chin Resistance,9,2026-01-04
164709,24.25,94.25,Junta,0,2026-01-04
164710,24.25,94.75,Junta,0,2026-01-04
164711,24.25,95.25,Junta,0,2026-01-04
164712,24.25,95.75,KIA,3,2026-01-04
164713,24.25,96.25,KIA,3,2026-01-04
164714,24.25,96.75,KIA,3,2026-01-04
164715,24.25,97.25,KIA,3,2026-01-04
164716,24.25,97.75,Junta,0,2026-01-04
164717,24.25,98.25,Junta,0,2026-01-04
164718,24.25,98.75,Junta,0,2026-01-04
165430,24.75,94.75,Junta,0,2026-01-04
165431,24.75,95.25,KIA,3,2026-01-04
165432,24.75,95.75,KIA,3,2026-01-04
165433,24.75,96.25,KIA,3,2026-01-04
165434,24.75,96.75,KIA,3,2026-01-04
165435,24.75,97.25,KIA,3,2026-01-04
165436,24.75,97.75,Junta,0,2026-01-04
166150,25.25,94.75,Junta,0,2026-01-04
166151,25.25,95.25,Junta,0,2026-01-04
166152,25.25,95.75,KIA,3,2026-01-04
166153,25.25,96.25,KIA,3,2026-01-04
166154,25.25,96.75,KIA,3,2026-01-04
166155,25.25,97.25,KIA,3,2026-01-04
166156,25.25,97.75,Junta,0,2026-01-04
166870,25.75,94.75,Junta,0,2026-01-04
166871,25.75,95.25,Junta,0,2026-01-04
166872,25.75,95.75,KIA,3,2026-01-04
166873,25.75,96.25,KIA,3,2026-01-04
166874,25.75,96.75,KIA,3,2026-01-04
166875,25.75,97.25,KIA,3,2026-01-04
166876,25.75,97.75,KIA,3,2026-01-04
166877,25.75,98.25,Junta,0,2026-01-04
166878,25.75,98.75,Junta,0,2026-01-04
167591,26.25,95.25,Junta,0,2026-01-04
167592,26.25,95.75,KIA,3,2026-01-04
167593,26.25,96.25,KIA,3,2026-01-04
167594,26.25,96.75,KIA,3,2026-01-04
167595,26.25,97.25,KIA,3,2026-01-04
167596,26.25,97.75,KIA,3,2026-01-04
167597,26.25,98.25,KIA,3,2026-01-04
167598,26.25,98.75,Junta,0,2026-01-04
168311,26.75,95.25,Junta,0,2026-01-04
168312,26.75,95.75,Junta,0,2026-01-04
168313,26.75,96.25,KIA,3,2026-01-04
168314,26.75,96.75,KIA,3,2026-01-04
168315,26.75,97.25,KIA,3,2026-01-04
168316,26.75,97.75,KIA,3,2026-01-04
168317,26.75,98.25,KIA,3,2026-01-04
168318,26.75,98.75,Junta,0,2026-01-04
169033,27.25,96.25,KIA,3,2026-01-04
169034,27.25,96.75,KIA,3,2026-01-04
169035,27.25,97.25,KIA,3,2026-01-04
169036,27.25,97.75,KIA,3,2026-01-04
169037,27.25,98.25,Junta,0,2026-01-04
169038,27.25,98.75,Junta,0,2026-01-04
169754,27.75,96.75,KIA,3,2026-01-04
169755,27.75,97.25,Junta,0,2026-01-04
169756,27.75,97.75,Junta,0,2026-01-04
169757,27.75,98.25,Junta,0,2026-01-04
170475,28.25,97.25,Junta,0,2026-01-04
170476,28.25,97.75,Junta,0,2026-01-04
170477,28.25,98.25,Junta,0,2026-01-04
144558,10.25,98.75,Junta,0,2026-02-03
145277,10.75,98.25,Junta,0,2026-02-03
145278,10.75,98.75,Junta,0,2026-02-03
145998,11.25,98.75,Junta,0,2026-02-03
145999,11.25,99.25,PDF,2,2026-02-03
146717,11.75,98.25,Junta,0,2026-02-03
146718,11.75,98.75,PDF,2,2026-02-03
146719,11.75,99.25,PDF,2,2026-02-03
146720,11.75,99.75,Junta,0,2026-02-03
147437,12.25,98.25,Junta,0,2026-02-03
147438,12.25,98.75,Junta,0,2026-02-03
147439,12.25,99.25,PDF,2,2026-02-03
148157,12.75,98.25,Junta,0,2026-02-03
148158,12.75,98.75,Junta,0,2026-02-03
148159,12.75,99.25,PDF,2,2026-02-03
148878,13.25,98.75,Junta,0,2026-02-03
148879,13.25,99.25,PDF,2,2026-02-03
149597,13.75,98.25,Junta,0,2026-02-03
149598,13.75,98.75,Karen,4,2026-02-03
149599,13.75,99.25,Karen,4,2026-02-03
150317,14.25,98.25,Junta,0,2026-02-03
150318,14.25,98.75,Karen,4,2026-02-03
151036,14.75,97.75,Junta,0,2026-02-03
151037,14.75,98.25,Karen,4,2026-02-03
151756,15.25,97.75,Junta,0,2026-02-03
151757,15.25,98.25,Junta,0,2026-02-03
152471,15.75,95.25,Junta,0,2026-02-03
152472,15.75,95.75,Junta,0,2026-02-03
152476,15.75,97.75,Junta,0,2026-02-03
152477,15.75,98.25,Junta,0,2026-02-03
153189,16.25,94.25,Junta,0,2026-02-03
153190,16.25,94.75,Junta,0,2026-02-03
153191,16.25,95.25,Junta,0,2026-02-03
153192,16.25,95.75,Junta,0,2026-02-03
153193,16.25,96.25,Junta,0,2026-02-03
153196,16.25,97.75,Junta,0,2026-02-03
153197,16.25,98.25,Junta,0,2026-02-03
153198,16.25,98.75,Junta,0,2026-02-03
153909,16.75,94.25,Junta,0,2026-02-03
153910,16.75,94.75,Junta,0,2026-02-03
153911,16.75,95.25,Junta,0,2026-02-03
153912,16.75,95.75,Junta,0,2026-02-03
153913,16.75,96.25,Junta,0,2026-02-03
153914,16.75,96.75,Junta,0,2026-02-03
153915,16.75,97.25,Junta,0,2026-02-03
153916,16.75,97.75,Junta,0,2026-02-03
153917,16.75,98.25,Junta,0,2026-02-03
154630,17.25,94.75,Junta,0,2026-02-03
154631,17.25,95.25,Junta,0,2026-02-03
154632,17.25,95.75,Junta,0,2026-02-03
154633,17.25,96.25,Junta,0,2026-02-03
154634,17.25,96.75,Junta,0,2026-02-03
154635,17.25,97.25,Karen,4,2026-02-03
154636,17.25,97.75,Karen,4,2026-02-03
154637,17.25,98.25,Karen,4,2026-02-03
155350,17.75,94.75,Junta,0,2026-02-03
155351,17.75,95.25,Junta,0,2026-02-03
155352,17.75,95.75,Junta,0,2026-02-03
155353,17.75,96.25,Junta,0,2026-02-03
155354,17.75,96.75,Karen,4,2026-02-03
155355,17.75,97.25,Karen,4,2026-02-03
155356,17.75,97.75,Karen,4,2026-02-03
156069,18.25,94.25,Junta,0,2026-02-03
156070,18.25,94.75,Junta,0,2026-02-03
156071,18.25,95.25,Junta,0,2026-02-03
156072,18.25,95.75,Junta,0,2026-02-03
156073,18.25,96.25,PDF,2,2026-02-03
156074,18.25,96.75,Karen,4,2026-02-03
156075,18.25,97.25,Karen,4,2026-02-03
156076,18.25,97.75,Karen,4,2026-02-03
156788,18.75,93.75,Junta,0,2026-02-03
156789,18.75,94.25,Junta,0,2026-02-03
156790,18.75,94.75,Junta,0,2026-02-03
156791,18.75,95.25,Junta,0,2026-02-03
156792,18.75,95.75,PDF,2,2026-02-03
156793,18.75,96.25,PDF,2,2026-02-03
156794,18.75,96.75,Karen,4,2026-02-03
156795,18.75,97.25,Karenni,5,2026-02-03
156796,18.75,97.75,Karenni,5,2026-02-03
157508,19.25,93.75,Junta,0,2026-02-03
157509,19.25,94.25,Junta,0,2026-02-03
157510,19.25,94.75,Junta,0,2026-02-03
157511,19.25,95.25,Junta,0,2026-02-03
157512,19.25,95.75,Junta,0,2026-02-03
157513,19.25,96.25,Junta,0,2026-02-03
157514,19.25,96.75,Karen,4,2026-02-03
157515,19.25,97.25,Karenni,5,2026-02-03
157516,19.25,97.75,Karenni,5,2026-02-03
158228,19.75,93.75,AA,6,2026-02-03
158229,19.75,94.25,AA,6,2026-02-03
158230,19.75,94.75,Junta,0,2026-02-03
158231,19.75,95.25,Junta,0,2026-02-03
158232,19.75,95.75,Junta,0,2026-02-03
158233,19.75,96.25,Junta,0,2026-02-03
158234,19.75,96.75,Karenni,5,2026-02-03
158235,19.75,97.25,Karenni,5,2026-02-03
158236,19.75,97.75,Junta,0,2026-02-03
158237,19.75,98.25,Junta,0,2026-02-03
158238,19.75,98.75,Junta,0,2026-02-03
158946,20.25,92.75,Junta,0,2026-02-03
158947,20.25,93.25,Junta,0,2026-02-03
158948,20.25,93.75,AA,6,2026-02-03
158949,20.25,94.25,AA,6,2026-02-03
158950,20.25,94.75,Junta,0,2026-02-03
158951,20.25,95.25,Junta,0,2026-02-03
158952,20.25,95.75,Junta,0,2026-02-03
158953,20.25,96.25,Junta,0,2026-02-03
158954,20.25,96.75,Junta,0,2026-02-03
158955,20.25,97.25,Junta,0,2026-02-03
158956,20.25,97.75,Junta,0,2026-02-03
158957,20.25,98.25,Junta,0,2026-02-03
158958,20.25,98.75,Junta,0,2026-02-03
158959,20.25,99.25,Junta,0,2026-02-03
158960,20.25,99.75,Junta,0,2026-02-03
158961,20.25,100.25,Junta,0,2026-02-03
159665,20.75,92.25,Junta,0,2026-02-03
159666,20.75,92.75,AA,6,2026-02-03
159667,20.75,93.25,AA,6,2026-02-03
159668,20.75,93.75,AA,6,2026-02-03
159669,20.75,94.25,Junta,0,2026-02-03
159670,20.75,94.75,Junta,0,2026-02-03
159671,20.75,95.25,Junta,0,2026-02-03
159672,20.75,95.75,Junta,0,2026-02-03
159673,20.75,96.25,Junta,0,2026-02-03
159674,20.75,96.75,Junta,0,2026-02-03
159675,20.75,97.25,Junta,0,2026-02-03
159676,20.75,97.75,Junta,0,2026-02-03
159677,20.75,98.25,Junta,0,2026-02-03
159678,20.75,98.75,Junta,0,2026-02-03
159679,20.75,99.25,Junta,0,2026-02-03
159680,20.75,99.75,Junta,0,2026-02-03
159681,20.75,100.25,Junta,0,2026-02-03
160385,21.25,92.25,AA,6,2026-02-03
160386,21.25,92.75,AA,6,2026-02-03
160387,21.25,93.25,Chin Resistance,9,2026-02-03
160388,21.25,93.75,Chin Resistance,9,2026-02-03
160389,21.25,94.25,Chin Resistance,9,2026-02-03
160390,21.25,94.75,Junta,0,2026-02-03
160391,21.25,95.25,Junta,0,2026-02-03
160392,21.25,95.75,Junta,0,2026-02-03
160393,21.25,96.25,Junta,0,2026-02-03
160394,21.25,96.75,Junta,0,2026-02-03
160395,21.25,97.25,SSPP,12,2026-02-03
160396,21.25,97.75,SSPP,12,2026-02-03
160397,21.25,98.25,Junta,0,2026-02-03
160398,21.25,98.75,Junta,0,2026-02-03
160399,21.25,99.25,Junta,0,2026-02-03
160400,21.25,99.75,Junta,0,2026-02-03
160401,21.25,100.25,Junta,0,2026-02-03
160402,21.25,100.75,Junta,0,2026-02-03
161105,21.75,92.25,AA,6,2026-02-03
161106,21.75,92.75,AA,6,2026-02-03
161107,21.75,93.25,Chin Resistance,9,2026-02-03
161108,21.75,93.75,Chin Resistance,9,2026-02-03
161109,21.75,94.25,Chin Resistance,9,2026-02-03
161110,21.75,94.75,PDF,2,2026-02-03
161111,21.75,95.25,PDF,2,2026-02-03
161112,21.75,95.75,Junta,0,2026-02-03
161113,21.75,96.25,Junta,0,2026-02-03
161114,21.75,96.75,Junta,0,2026-02-03
161115,21.75,97.25,SSPP,12,2026-02-03
161116,21.75,97.75,SSPP,12,2026-02-03
161117,21.75,98.25,SSPP,12,2026-02-03
161118,21.75,98.75,Junta,0,2026-02-03
161119,21.75,99.25,Junta,0,2026-02-03
161120,21.75,99.75,NDAA,14,2026-02-03
161121,21.75,100.25,NDAA,14,2026-02-03
161122,21.75,100.75,NDAA,14,2026-02-03
161123,21.75,101.25,Junta,0,2026-02-03
161826,22.25,92.75,AA,6,2026-02-03
161827,22.25,93.25,Chin Resistance,9,2026-02-03
161828,22.25,93.75,Chin Resistance,9,2026-02-03
161829,22.25,94.25,Junta,0,2026-02-03
161830,22.25,94.75,Junta,0,2026-02-03
161831,22.25,95.25,Junta,0,2026-02-03
161832,22.25,95.75,Junta,0,2026-02-03
161833,22.25,96.25,Junta,0,2026-02-03
161834,22.25,96.75,Junta,0,2026-02-03
161835,22.25,97.25,SSPP,12,2026-02-03
161836,22.25,97.75,SSPP,12,2026-02-03
161837,22.25,98.25,SSPP,12,2026-02-03
161838,22.25,98.75,SSPP,12,2026-02-03
161839,22.25,99.25,UWSA,15,2026-02-03
161840,22.25,99.75,UWSA,15,2026-02-03
162547,22.75,93.25,Chin Resistance,9,2026-02-03
162548,22.75,93.75,Chin Resistance,9,2026-02-03
162549,22.75,94.25,Junta,0,2026-02-03
162550,22.75,94.75,Junta,0,2026-02-03
162551,22.75,95.25,Junta,0,2026-02-03
162552,22.75,95.75,Junta,0,2026-02-03
162553,22.75,96.25,Junta,0,2026-02-03
162554,22.75,96.75,Junta,0,2026-02-03
162555,22.75,97.25,Junta,0,2026-02-03
162556,22.75,97.75,Junta,0,2026-02-03
162557,22.75,98.25,SSPP,12,2026-02-03
162558,22.75,98.75,SSPP,12,2026-02-03
162559,22.75,99.25,UWSA,15,2026-02-03
163267,23.25,93.25,Chin Resistance,9,2026-02-03
163268,23.25,93.75,Chin Resistance,9,2026-02-03
163269,23.25,94.25,Junta,0,2026-02-03
163270,23.25,94.75,Junta,0,2026-02-03
163271,23.25,95.25,Junta,0,2026-02-03
163272,23.25,95.75,Junta,0,2026-02-03
163273,23.25,96.25,Junta,0,2026-02-03
163274,23.25,96.75,KIA,3,2026-02-03
163275,23.25,97.25,Junta,0,2026-02-03
163276,23.25,97.75,Junta,0,2026-02-03
163277,23.25,98.25,Junta,0,2026-02-03
163278,23.25,98.75,UWSA,15,2026-02-03
163279,23.25,99.25,UWSA,15,2026-02-03
163987,23.75,93.25,Chin Resistance,9,2026-02-03
163988,23.75,93.75,Chin Resistance,9,2026-02-03
163989,23.75,94.25,Chin Resistance,9,2026-02-03
163990,23.75,94.75,Junta,0,2026-02-03
163991,23.75,95.25,Junta,0,2026-02-03
163992,23.75,95.75,Junta,0,2026-02-03
163993,23.75,96.25,Junta,0,2026-02-03
163994,23.75,96.75,KIA,3,2026-02-03
163995,23.75,97.25,KIA,3,2026-02-03
163996,23.75,97.75,KIA,3,2026-02-03
163997,23.75,98.25,KIA,3,2026-02-03
163998,23.75,98.75,Junta,0,2026-02-03
164707,24.25,93.25,Chin Resistance,9,2026-02-03
164708,24.25,93.75,Chin Resistance,9,2026-02-03
164709,24.25,94.25,Junta,0,2026-02-03
164710,24.25,94.75,Junta,0,2026-02-03
164711,24.25,95.25,Junta,0,2026-02-03
164712,24.25,95.75,KIA,3,2026-02-03
164713,24.25,96.25,KIA,3,2026-02-03
164714,24.25,96.75,KIA,3,2026-02-03
164715,24.25,97.25,KIA,3,2026-02-03
164716,24.25,97.75,Junta,0,2026-02-03
164717,24.25,98.25,Junta,0,2026-02-03
164718,24.25,98.75,Junta,0,2026-02-03
165430,24.75,94.75,Junta,0,2026-02-03
165431,24.75,95.25,KIA,3,2026-02-03
165432,24.75,95.75,KIA,3,2026-02-03
165433,24.75,96.25,KIA,3,2026-02-03
165434,24.75,96.75,KIA,3,2026-02-03
165435,24.75,97.25,KIA,3,2026-02-03
165436,24.75,97.75,Junta,0,2026-02-03
166150,25.25,94.75,Junta,0,2026-02-03
166151,25.25,95.25,Junta,0,2026-02-03
166152,25.25,95.75,KIA,3,2026-02-03
166153,25.25,96.25,KIA,3,2026-02-03
166154,25.25,96.75,KIA,3,2026-02-03
166155,25.25,97.25,KIA,3,2026-02-03
166156,25.25,97.75,Junta,0,2026-02-03
166870,25.75,94.75,Junta,0,2026-02-03
166871,25.75,95.25,Junta,0,2026-02-03
166872,25.75,95.75,KIA,3,2026-02-03
166873,25.75,96.25,KIA,3,2026-02-03
166874,25.75,96.75,KIA,3,2026-02-03
166875,25.75,97.25,KIA,3,2026-02-03
166876,25.75,97.75,KIA,3,2026-02-03
166877,25.75,98.25,Junta,0,2026-02-03
166878,25.75,98.75,Junta,0,2026-02-03
167591,26.25,95.25,Junta,0,2026-02-03
167592,26.25,95.75,KIA,3,2026-02-03
167593,26.25,96.25,KIA,3,2026-02-03
167594,26.25,96.75,KIA,3,2026-02-03
167595,26.25,97.25,KIA,3,2026-02-03
167596,26.25,97.75,KIA,3,2026-02-03
167597,26.25,98.25,KIA,3,2026-02-03
167598,26.25,98.75,Junta,0,2026-02-03
168311,26.75,95.25,Junta,0,2026-02-03
168312,26.75,95.75,Junta,0,2026-02-03
168313,26.75,96.25,KIA,3,2026-02-03
168314,26.75,96.75,KIA,3,2026-02-03
168315,26.75,97.25,KIA,3,2026-02-03
168316,26.75,97.75,KIA,3,2026-02-03
168317,26.75,98.25,KIA,3,2026-02-03
168318,26.75,98.75,Junta,0,2026-02-03
169033,27.25,96.25,KIA,3,2026-02-03
169034,27.25,96.75,KIA,3,2026-02-03
169035,27.25,97.25,KIA,3,2026-02-03
169036,27.25,97.75,KIA,3,2026-02-03
169037,27.25,98.25,Junta,0,2026-02-03
169038,27.25,98.75,Junta,0,2026-02-03
169754,27.75,96.75,KIA,3,2026-02-03
169755,27.75,97.25,Junta,0,2026-02-03
169756,27.75,97.75,Junta,0,2026-02-03
169757,27.75,98.25,Junta,0,2026-02-03
170475,28.25,97.25,Junta,0,2026-02-03
170476,28.25,97.75,Junta,0,2026-02-03
170477,28.25,98.25,Junta,0,2026-02-03
144558,10.25,98.75,Junta,0,2026-03-06
145277,10.75,98.25,Junta,0,2026-03-06
145278,10.75,98.75,Junta,0,2026-03-06
145998,11.25,98.75,Junta,0,2026-03-06
145999,11.25,99.25,PDF,2,2026-03-06
146717,11.75,98.25,Junta,0,2026-03-06
146718,11.75,98.75,PDF,2,2026-03-06
146719,11.75,99.25,PDF,2,2026-03-06
146720,11.75,99.75,Junta,0,2026-03-06
147437,12.25,98.25,Junta,0,2026-03-06
147438,12.25,98.75,Junta,0,2026-03-06
147439,12.25,99.25,PDF,2,2026-03-06
148157,12.75,98.25,Junta,0,2026-03-06
148158,12.75,98.75,Junta,0,2026-03-06
148159,12.75,99.25,PDF,2,2026-03-06
148878,13.25,98.75,Junta,0,2026-03-06
148879,13.25,99.25,PDF,2,2026-03-06
149597,13.75,98.25,Junta,0,2026-03-06
149598,13.75,98.75,Karen,4,2026-03-06
149599,13.75,99.25,Karen,4,2026-03-06
150317,14.25,98.25,Junta,0,2026-03-06
150318,14.25,98.75,Karen,4,2026-03-06
151036,14.75,97.75,Junta,0,2026-03-06
151037,14.75,98.25,Karen,4,2026-03-06
151756,15.25,97.75,Junta,0,2026-03-06
151757,15.25,98.25,Junta,0,2026-03-06
152471,15.75,95.25,Junta,0,2026-03-06
152472,15.75,95.75,Junta,0,2026-03-06
152476,15.75,97.75,Junta,0,2026-03-06
152477,15.75,98.25,Junta,0,2026-03-06
153189,16.25,94.25,Junta,0,2026-03-06
153190,16.25,94.75,Junta,0,2026-03-06
153191,16.25,95.25,Junta,0,2026-03-06
153192,16.25,95.75,Junta,0,2026-03-06
153193,16.25,96.25,Junta,0,2026-03-06
153196,16.25,97.75,Junta,0,2026-03-06
153197,16.25,98.25,Junta,0,2026-03-06
153198,16.25,98.75,Junta,0,2026-03-06
153909,16.75,94.25,Junta,0,2026-03-06
153910,16.75,94.75,Junta,0,2026-03-06
153911,16.75,95.25,Junta,0,2026-03-06
153912,16.75,95.75,Junta,0,2026-03-06
153913,16.75,96.25,Junta,0,2026-03-06
153914,16.75,96.75,Junta,0,2026-03-06
153915,16.75,97.25,Junta,0,2026-03-06
153916,16.75,97.75,Junta,0,2026-03-06
153917,16.75,98.25,Junta,0,2026-03-06
154630,17.25,94.75,Junta,0,2026-03-06
154631,17.25,95.25,Junta,0,2026-03-06
154632,17.25,95.75,Junta,0,2026-03-06
154633,17.25,96.25,Junta,0,2026-03-06
154634,17.25,96.75,Junta,0,2026-03-06
154635,17.25,97.25,Karen,4,2026-03-06
154636,17.25,97.75,Karen,4,2026-03-06
154637,17.25,98.25,Karen,4,2026-03-06
155350,17.75,94.75,Junta,0,2026-03-06
155351,17.75,95.25,Junta,0,2026-03-06
155352,17.75,95.75,Junta,0,2026-03-06
155353,17.75,96.25,Junta,0,2026-03-06
155354,17.75,96.75,Karen,4,2026-03-06
155355,17.75,97.25,Karen,4,2026-03-06
155356,17.75,97.75,Karen,4,2026-03-06
156069,18.25,94.25,Junta,0,2026-03-06
156070,18.25,94.75,Junta,0,2026-03-06
156071,18.25,95.25,Junta,0,2026-03-06
156072,18.25,95.75,Junta,0,2026-03-06
156073,18.25,96.25,PDF,2,2026-03-06
156074,18.25,96.75,Karen,4,2026-03-06
156075,18.25,97.25,Karen,4,2026-03-06
156076,18.25,97.75,Karen,4,2026-03-06
156788,18.75,93.75,Junta,0,2026-03-06
156789,18.75,94.25,Junta,0,2026-03-06
156790,18.75,94.75,Junta,0,2026-03-06
156791,18.75,95.25,Junta,0,2026-03-06
156792,18.75,95.75,PDF,2,2026-03-06
156793,18.75,96.25,PDF,2,2026-03-06
156794,18.75,96.75,Karen,4,2026-03-06
156795,18.75,97.25,Karenni,5,2026-03-06
156796,18.75,97.75,Karenni,5,2026-03-06
157508,19.25,93.75,Junta,0,2026-03-06
157509,19.25,94.25,Junta,0,2026-03-06
157510,19.25,94.75,Junta,0,2026-03-06
157511,19.25,95.25,Junta,0,2026-03-06
157512,19.25,95.75,Junta,0,2026-03-06
157513,19.25,96.25,Junta,0,2026-03-06
157514,19.25,96.75,Karen,4,2026-03-06
157515,19.25,97.25,Karenni,5,2026-03-06
157516,19.25,97.75,Karenni,5,2026-03-06
158228,19.75,93.75,AA,6,2026-03-06
158229,19.75,94.25,AA,6,2026-03-06
158230,19.75,94.75,Junta,0,2026-03-06
158231,19.75,95.25,Junta,0,2026-03-06
158232,19.75,95.75,Junta,0,2026-03-06
158233,19.75,96.25,Junta,0,2026-03-06
158234,19.75,96.75,Karenni,5,2026-03-06
158235,19.75,97.25,Karenni,5,2026-03-06
158236,19.75,97.75,Junta,0,2026-03-06
158237,19.75,98.25,Junta,0,2026-03-06
158238,19.75,98.75,Junta,0,2026-03-06
158946,20.25,92.75,Junta,0,2026-03-06
158947,20.25,93.25,Junta,0,2026-03-06
158948,20.25,93.75,AA,6,2026-03-06
158949,20.25,94.25,AA,6,2026-03-06
158950,20.25,94.75,Junta,0,2026-03-06
158951,20.25,95.25,Junta,0,2026-03-06
158952,20.25,95.75,Junta,0,2026-03-06
158953,20.25,96.25,Junta,0,2026-03-06
158954,20.25,96.75,Junta,0,2026-03-06
158955,20.25,97.25,Junta,0,2026-03-06
158956,20.25,97.75,Junta,0,2026-03-06
158957,20.25,98.25,Junta,0,2026-03-06
158958,20.25,98.75,Junta,0,2026-03-06
158959,20.25,99.25,Junta,0,2026-03-06
158960,20.25,99.75,Junta,0,2026-03-06
158961,20.25,100.25,Junta,0,2026-03-06
159665,20.75,92.25,Junta,0,2026-03-06
159666,20.75,92.75,AA,6,2026-03-06
159667,20.75,93.25,AA,6,2026-03-06
159668,20.75,93.75,AA,6,2026-03-06
159669,20.75,94.25,Junta,0,2026-03-06
159670,20.75,94.75,Junta,0,2026-03-06
159671,20.75,95.25,Junta,0,2026-03-06
159672,20.75,95.75,Junta,0,2026-03-06
159673,20.75,96.25,Junta,0,2026-03-06
159674,20.75,96.75,Junta,0,2026-03-06
159675,20.75,97.25,Junta,0,2026-03-06
159676,20.75,97.75,Junta,0,2026-03-06
159677,20.75,98.25,Junta,0,2026-03-06
159678,20.75,98.75,Junta,0,2026-03-06
159679,20.75,99.25,Junta,0,2026-03-06
159680,20.75,99.75,Junta,0,2026-03-06
159681,20.75,100.25,Junta,0,2026-03-06
160385,21.25,92.25,AA,6,2026-03-06
160386,21.25,92.75,AA,6,2026-03-06
160387,21.25,93.25,Chin Resistance,9,2026-03-06
160388,21.25,93.75,Chin Resistance,9,2026-03-06
160389,21.25,94.25,Chin Resistance,9,2026-03-06
160390,21.25,94.75,Junta,0,2026-03-06
160391,21.25,95.25,Junta,0,2026-03-06
160392,21.25,95.75,Junta,0,2026-03-06
160393,21.25,96.25,Junta,0,2026-03-06
160394,21.25,96.75,Junta,0,2026-03-06
160395,21.25,97.25,SSPP,12,2026-03-06
160396,21.25,97.75,SSPP,12,2026-03-06
160397,21.25,98.25,Junta,0,2026-03-06
160398,21.25,98.75,Junta,0,2026-03-06
160399,21.25,99.25,Junta,0,2026-03-06
160400,21.25,99.75,Junta,0,2026-03-06
160401,21.25,100.25,Junta,0,2026-03-06
160402,21.25,100.75,Junta,0,2026-03-06
161105,21.75,92.25,AA,6,2026-03-06
161106,21.75,92.75,AA,6,2026-03-06
161107,21.75,93.25,Chin Resistance,9,2026-03-06
161108,21.75,93.75,Chin Resistance,9,2026-03-06
161109,21.75,94.25,Chin Resistance,9,2026-03-06
161110,21.75,94.75,PDF,2,2026-03-06
161111,21.75,95.25,PDF,2,2026-03-06
161112,21.75,95.75,Junta,0,2026-03-06
161113,21.75,96.25,Junta,0,2026-03-06
161114,21.75,96.75,Junta,0,2026-03-06
161115,21.75,97.25,SSPP,12,2026-03-06
161116,21.75,97.75,SSPP,12,2026-03-06
161117,21.75,98.25,SSPP,12,2026-03-06
161118,21.75,98.75,Junta,0,2026-03-06
161119,21.75,99.25,Junta,0,2026-03-06
161120,21.75,99.75,NDAA,14,2026-03-06
161121,21.75,100.25,NDAA,14,2026-03-06
161122,21.75,100.75,NDAA,14,2026-03-06
161123,21.75,101.25,Junta,0,2026-03-06
161826,22.25,92.75,AA,6,2026-03-06
161827,22.25,93.25,Chin Resistance,9,2026-03-06
161828,22.25,93.75,Chin Resistance,9,2026-03-06
161829,22.25,94.25,Junta,0,2026-03-06
161830,22.25,94.75,Junta,0,2026-03-06
161831,22.25,95.25,Junta,0,2026-03-06
161832,22.25,95.75,Junta,0,2026-03-06
161833,22.25,96.25,Junta,0,2026-03-06
161834,22.25,96.75,Junta,0,2026-03-06
161835,22.25,97.25,SSPP,12,2026-03-06
161836,22.25,97.75,SSPP,12,2026-03-06
161837,22.25,98.25,SSPP,12,2026-03-06
161838,22.25,98.75,SSPP,12,2026-03-06
161839,22.25,99.25,UWSA,15,2026-03-06
161840,22.25,99.75,UWSA,15,2026-03-06
162547,22.75,93.25,Chin Resistance,9,2026-03-06
162548,22.75,93.75,Chin Resistance,9,2026-03-06
162549,22.75,94.25,Junta,0,2026-03-06
162550,22.75,94.75,Junta,0,2026-03-06
162551,22.75,95.25,Junta,0,2026-03-06
162552,22.75,95.75,Junta,0,2026-03-06
162553,22.75,96.25,Junta,0,2026-03-06
162554,22.75,96.75,Junta,0,2026-03-06
162555,22.75,97.25,Junta,0,2026-03-06
162556,22.75,97.75,Junta,0,2026-03-06
162557,22.75,98.25,SSPP,12,2026-03-06
162558,22.75,98.75,SSPP,12,2026-03-06
162559,22.75,99.25,UWSA,15,2026-03-06
163267,23.25,93.25,Chin Resistance,9,2026-03-06
163268,23.25,93.75,Chin Resistance,9,2026-03-06
163269,23.25,94.25,Junta,0,2026-03-06
163270,23.25,94.75,Junta,0,2026-03-06
163271,23.25,95.25,Junta,0,2026-03-06
163272,23.25,95.75,Junta,0,2026-03-06
163273,23.25,96.25,Junta,0,2026-03-06
163274,23.25,96.75,KIA,3,2026-03-06
163275,23.25,97.25,Junta,0,2026-03-06
163276,23.25,97.75,Junta,0,2026-03-06
163277,23.25,98.25,Junta,0,2026-03-06
163278,23.25,98.75,UWSA,15,2026-03-06
163279,23.25,99.25,UWSA,15,2026-03-06
163987,23.75,93.25,Chin Resistance,9,2026-03-06
163988,23.75,93.75,Chin Resistance,9,2026-03-06
163989,23.75,94.25,Chin Resistance,9,2026-03-06
163990,23.75,94.75,Junta,0,2026-03-06
163991,23.75,95.25,Junta,0,2026-03-06
163992,23.75,95.75,Junta,0,2026-03-06
163993,23.75,96.25,Junta,0,2026-03-06
163994,23.75,96.75,KIA,3,2026-03-06
163995,23.75,97.25,KIA,3,2026-03-06
163996,23.75,97.75,KIA,3,2026-03-06
163997,23.75,98.25,KIA,3,2026-03-06
163998,23.75,98.75,Junta,0,2026-03-06
164707,24.25,93.25,Chin Resistance,9,2026-03-06
164708,24.25,93.75,Chin Resistance,9,2026-03-06
164709,24.25,94.25,Junta,0,2026-03-06
164710,24.25,94.75,Junta,0,2026-03-06
164711,24.25,95.25,Junta,0,2026-03-06
164712,24.25,95.75,KIA,3,2026-03-06
164713,24.25,96.25,KIA,3,2026-03-06
164714,24.25,96.75,KIA,3,2026-03-06
164715,24.25,97.25,KIA,3,2026-03-06
164716,24.25,97.75,Junta,0,2026-03-06
164717,24.25,98.25,Junta,0,2026-03-06
164718,24.25,98.75,Junta,0,2026-03-06
165430,24.75,94.75,Junta,0,2026-03-06
165431,24.75,95.25,KIA,3,2026-03-06
165432,24.75,95.75,KIA,3,2026-03-06
165433,24.75,96.25,KIA,3,2026-03-06
165434,24.75,96.75,KIA,3,2026-03-06
165435,24.75,97.25,KIA,3,2026-03-06
165436,24.75,97.75,Junta,0,2026-03-06
166150,25.25,94.75,Junta,0,2026-03-06
166151,25.25,95.25,Junta,0,2026-03-06
166152,25.25,95.75,KIA,3,2026-03-06
166153,25.25,96.25,KIA,3,2026-03-06
166154,25.25,96.75,KIA,3,2026-03-06
166155,25.25,97.25,KIA,3,2026-03-06
166156,25.25,97.75,Junta,0,2026-03-06
166870,25.75,94.75,Junta,0,2026-03-06
166871,25.75,95.25,Junta,0,2026-03-06
166872,25.75,95.75,KIA,3,2026-03-06
166873,25.75,96.25,KIA,3,2026-03-06
166874,25.75,96.75,KIA,3,2026-03-06
166875,25.75,97.25,KIA,3,2026-03-06
166876,25.75,97.75,KIA,3,2026-03-06
166877,25.75,98.25,Junta,0,2026-03-06
166878,25.75,98.75,Junta,0,2026-03-06
167591,26.25,95.25,Junta,0,2026-03-06
167592,26.25,95.75,KIA,3,2026-03-06
167593,26.25,96.25,KIA,3,2026-03-06
167594,26.25,96.75,KIA,3,2026-03-06
167595,26.25,97.25,KIA,3,2026-03-06
167596,26.25,97.75,KIA,3,2026-03-06
167597,26.25,98.25,KIA,3,2026-03-06
167598,26.25,98.75,Junta,0,2026-03-06
168311,26.75,95.25,Junta,0,2026-03-06
168312,26.75,95.75,Junta,0,2026-03-06
168313,26.75,96.25,KIA,3,2026-03-06
168314,26.75,96.75,KIA,3,2026-03-06
168315,26.75,97.25,KIA,3,2026-03-06
168316,26.75,97.75,KIA,3,2026-03-06
168317,26.75,98.25,KIA,3,2026-03-06
168318,26.75,98.75,Junta,0,2026-03-06
169033,27.25,96.25,KIA,3,2026-03-06
169034,27.25,96.75,KIA,3,2026-03-06
169035,27.25,97.25,KIA,3,2026-03-06
169036,27.25,97.75,KIA,3,2026-03-06
169037,27.25,98.25,Junta,0,2026-03-06
169038,27.25,98.75,Junta,0,2026-03-06
169754,27.75,96.75,KIA,3,2026-03-06
169755,27.75,97.25,Junta,0,2026-03-06
169756,27.75,97.75,Junta,0,2026-03-06
169757,27.75,98.25,Junta,0,2026-03-06
170475,28.25,97.25,Junta,0,2026-03-06
170476,28.25,97.75,Junta,0,2026-03-06
170477,28.25,98.25,Junta,0,2026-03-06
144558,10.25,98.75,Junta,0,2026-04-04
145277,10.75,98.25,Junta,0,2026-04-04
145278,10.75,98.75,Junta,0,2026-04-04
145998,11.25,98.75,Junta,0,2026-04-04
145999,11.25,99.25,PDF,2,2026-04-04
146717,11.75,98.25,Junta,0,2026-04-04
146718,11.75,98.75,PDF,2,2026-04-04
146719,11.75,99.25,PDF,2,2026-04-04
146720,11.75,99.75,Junta,0,2026-04-04
147437,12.25,98.25,Junta,0,2026-04-04
147438,12.25,98.75,Junta,0,2026-04-04
147439,12.25,99.25,PDF,2,2026-04-04
148157,12.75,98.25,Junta,0,2026-04-04
148158,12.75,98.75,Junta,0,2026-04-04
148159,12.75,99.25,PDF,2,2026-04-04
148878,13.25,98.75,Junta,0,2026-04-04
148879,13.25,99.25,PDF,2,2026-04-04
149597,13.75,98.25,Junta,0,2026-04-04
149598,13.75,98.75,Karen,4,2026-04-04
149599,13.75,99.25,Karen,4,2026-04-04
150317,14.25,98.25,Junta,0,2026-04-04
150318,14.25,98.75,Karen,4,2026-04-04
151036,14.75,97.75,Junta,0,2026-04-04
151037,14.75,98.25,Karen,4,2026-04-04
151756,15.25,97.75,Junta,0,2026-04-04
151757,15.25,98.25,Junta,0,2026-04-04
152471,15.75,95.25,Junta,0,2026-04-04
152472,15.75,95.75,Junta,0,2026-04-04
152476,15.75,97.75,Junta,0,2026-04-04
152477,15.75,98.25,Karen,4,2026-04-04
153189,16.25,94.25,Junta,0,2026-04-04
153190,16.25,94.75,Junta,0,2026-04-04
153191,16.25,95.25,Junta,0,2026-04-04
153192,16.25,95.75,Junta,0,2026-04-04
153193,16.25,96.25,Junta,0,2026-04-04
153196,16.25,97.75,Junta,0,2026-04-04
153197,16.25,98.25,Karen,4,2026-04-04
153198,16.25,98.75,Karen,4,2026-04-04
153909,16.75,94.25,Junta,0,2026-04-04
153910,16.75,94.75,Junta,0,2026-04-04
153911,16.75,95.25,Junta,0,2026-04-04
153912,16.75,95.75,Junta,0,2026-04-04
153913,16.75,96.25,Junta,0,2026-04-04
153914,16.75,96.75,Junta,0,2026-04-04
153915,16.75,97.25,Junta,0,2026-04-04
153916,16.75,97.75,Junta,0,2026-04-04
153917,16.75,98.25,Karen,4,2026-04-04
153918,16.75,98.75,Karen,4,2026-04-04
154630,17.25,94.75,Junta,0,2026-04-04
154631,17.25,95.25,Junta,0,2026-04-04
154632,17.25,95.75,Junta,0,2026-04-04
154633,17.25,96.25,Junta,0,2026-04-04
154634,17.25,96.75,Junta,0,2026-04-04
154635,17.25,97.25,Karen,4,2026-04-04
154636,17.25,97.75,Karen,4,2026-04-04
154637,17.25,98.25,Karen,4,2026-04-04
155350,17.75,94.75,Junta,0,2026-04-04
155351,17.75,95.25,Junta,0,2026-04-04
155352,17.75,95.75,Junta,0,2026-04-04
155353,17.75,96.25,Junta,0,2026-04-04
155354,17.75,96.75,Karen,4,2026-04-04
155355,17.75,97.25,Karen,4,2026-04-04
155356,17.75,97.75,Karen,4,2026-04-04
156069,18.25,94.25,Junta,0,2026-04-04
156070,18.25,94.75,Junta,0,2026-04-04
156071,18.25,95.25,Junta,0,2026-04-04
156072,18.25,95.75,Junta,0,2026-04-04
156073,18.25,96.25,PDF,2,2026-04-04
156074,18.25,96.75,Karen,4,2026-04-04
156075,18.25,97.25,Karen,4,2026-04-04
156076,18.25,97.75,Karen,4,2026-04-04
156788,18.75,93.75,Junta,0,2026-04-04
156789,18.75,94.25,Junta,0,2026-04-04
156790,18.75,94.75,Junta,0,2026-04-04
156791,18.75,95.25,Junta,0,2026-04-04
156792,18.75,95.75,PDF,2,2026-04-04
156793,18.75,96.25,PDF,2,2026-04-04
156794,18.75,96.75,Karen,4,2026-04-04
156795,18.75,97.25,Karenni,5,2026-04-04
156796,18.75,97.75,Karenni,5,2026-04-04
157508,19.25,93.75,Junta,0,2026-04-04
157509,19.25,94.25,Junta,0,2026-04-04
157510,19.25,94.75,Junta,0,2026-04-04
157511,19.25,95.25,Junta,0,2026-04-04
157512,19.25,95.75,Junta,0,2026-04-04
157513,19.25,96.25,Junta,0,2026-04-04
157514,19.25,96.75,Karen,4,2026-04-04
157515,19.25,97.25,Karenni,5,2026-04-04
157516,19.25,97.75,Karenni,5,2026-04-04
158228,19.75,93.75,AA,6,2026-04-04
158229,19.75,94.25,AA,6,2026-04-04
158230,19.75,94.75,Junta,0,2026-04-04
158231,19.75,95.25,Junta,0,2026-04-04
158232,19.75,95.75,Junta,0,2026-04-04
158233,19.75,96.25,Junta,0,2026-04-04
158234,19.75,96.75,Karenni,5,2026-04-04
158235,19.75,97.25,Karenni,5,2026-04-04
158236,19.75,97.75,Junta,0,2026-04-04
158237,19.75,98.25,Junta,0,2026-04-04
158238,19.75,98.75,Junta,0,2026-04-04
158946,20.25,92.75,Junta,0,2026-04-04
158947,20.25,93.25,Junta,0,2026-04-04
158948,20.25,93.75,AA,6,2026-04-04
158949,20.25,94.25,AA,6,2026-04-04
158950,20.25,94.75,Junta,0,2026-04-04
158951,20.25,95.25,Junta,0,2026-04-04
158952,20.25,95.75,Junta,0,2026-04-04
158953,20.25,96.25,Junta,0,2026-04-04
158954,20.25,96.75,Junta,0,2026-04-04
158955,20.25,97.25,Junta,0,2026-04-04
158956,20.25,97.75,Junta,0,2026-04-04
158957,20.25,98.25,Junta,0,2026-04-04
158958,20.25,98.75,Junta,0,2026-04-04
158959,20.25,99.25,Junta,0,2026-04-04
158960,20.25,99.75,Junta,0,2026-04-04
158961,20.25,100.25,Junta,0,2026-04-04
159665,20.75,92.25,Junta,0,2026-04-04
159666,20.75,92.75,AA,6,2026-04-04
159667,20.75,93.25,AA,6,2026-04-04
159668,20.75,93.75,AA,6,2026-04-04
159669,20.75,94.25,Junta,0,2026-04-04
159670,20.75,94.75,Junta,0,2026-04-04
159671,20.75,95.25,Junta,0,2026-04-04
159672,20.75,95.75,Junta,0,2026-04-04
159673,20.75,96.25,Junta,0,2026-04-04
159674,20.75,96.75,Junta,0,2026-04-04
159675,20.75,97.25,Junta,0,2026-04-04
159676,20.75,97.75,Junta,0,2026-04-04
159677,20.75,98.25,Junta,0,2026-04-04
159678,20.75,98.75,Junta,0,2026-04-04
159679,20.75,99.25,Junta,0,2026-04-04
159680,20.75,99.75,Junta,0,2026-04-04
159681,20.75,100.25,Junta,0,2026-04-04
160385,21.25,92.25,AA,6,2026-04-04
160386,21.25,92.75,AA,6,2026-04-04
160387,21.25,93.25,Chin Resistance,9,2026-04-04
160388,21.25,93.75,Chin Resistance,9,2026-04-04
160389,21.25,94.25,Chin Resistance,9,2026-04-04
160390,21.25,94.75,Junta,0,2026-04-04
160391,21.25,95.25,Junta,0,2026-04-04
160392,21.25,95.75,Junta,0,2026-04-04
160393,21.25,96.25,Junta,0,2026-04-04
160394,21.25,96.75,Junta,0,2026-04-04
160395,21.25,97.25,SSPP,12,2026-04-04
160396,21.25,97.75,SSPP,12,2026-04-04
160397,21.25,98.25,Junta,0,2026-04-04
160398,21.25,98.75,Junta,0,2026-04-04
160399,21.25,99.25,Junta,0,2026-04-04
160400,21.25,99.75,Junta,0,2026-04-04
160401,21.25,100.25,Junta,0,2026-04-04
160402,21.25,100.75,Junta,0,2026-04-04
161105,21.75,92.25,AA,6,2026-04-04
161106,21.75,92.75,AA,6,2026-04-04
161107,21.75,93.25,Chin Resistance,9,2026-04-04
161108,21.75,93.75,Chin Resistance,9,2026-04-04
161109,21.75,94.25,Chin Resistance,9,2026-04-04
161110,21.75,94.75,PDF,2,2026-04-04
161111,21.75,95.25,PDF,2,2026-04-04
161112,21.75,95.75,Junta,0,2026-04-04
161113,21.75,96.25,Junta,0,2026-04-04
161114,21.75,96.75,Junta,0,2026-04-04
161115,21.75,97.25,SSPP,12,2026-04-04
161116,21.75,97.75,SSPP,12,2026-04-04
161117,21.75,98.25,SSPP,12,2026-04-04
161118,21.75,98.75,Junta,0,2026-04-04
161119,21.75,99.25,Junta,0,2026-04-04
161120,21.75,99.75,NDAA,14,2026-04-04
161121,21.75,100.25,NDAA,14,2026-04-04
161122,21.75,100.75,NDAA,14,2026-04-04
161123,21.75,101.25,Junta,0,2026-04-04
161826,22.25,92.75,AA,6,2026-04-04
161827,22.25,93.25,Chin Resistance,9,2026-04-04
161828,22.25,93.75,Chin Resistance,9,2026-04-04
161829,22.25,94.25,Junta,0,2026-04-04
161830,22.25,94.75,Junta,0,2026-04-04
161831,22.25,95.25,Junta,0,2026-04-04
161832,22.25,95.75,Junta,0,2026-04-04
161833,22.25,96.25,Junta,0,2026-04-04
161834,22.25,96.75,Junta,0,2026-04-04
161835,22.25,97.25,SSPP,12,2026-04-04
161836,22.25,97.75,SSPP,12,2026-04-04
161837,22.25,98.25,SSPP,12,2026-04-04
161838,22.25,98.75,SSPP,12,2026-04-04
161839,22.25,99.25,UWSA,15,2026-04-04
161840,22.25,99.75,UWSA,15,2026-04-04
162547,22.75,93.25,Chin Resistance,9,2026-04-04
162548,22.75,93.75,Chin Resistance,9,2026-04-04
162549,22.75,94.25,Junta,0,2026-04-04
162550,22.75,94.75,Junta,0,2026-04-04
162551,22.75,95.25,Junta,0,2026-04-04
162552,22.75,95.75,Junta,0,2026-04-04
162553,22.75,96.25,Junta,0,2026-04-04
162554,22.75,96.75,Junta,0,2026-04-04
162555,22.75,97.25,Junta,0,2026-04-04
162556,22.75,97.75,Junta,0,2026-04-04
162557,22.75,98.25,SSPP,12,2026-04-04
162558,22.75,98.75,SSPP,12,2026-04-04
162559,22.75,99.25,UWSA,15,2026-04-04
163267,23.25,93.25,Chin Resistance,9,2026-04-04
163268,23.25,93.75,Chin Resistance,9,2026-04-04
163269,23.25,94.25,Junta,0,2026-04-04
163270,23.25,94.75,Junta,0,2026-04-04
163271,23.25,95.25,Junta,0,2026-04-04
163272,23.25,95.75,Junta,0,2026-04-04
163273,23.25,96.25,Junta,0,2026-04-04
163274,23.25,96.75,KIA,3,2026-04-04
163275,23.25,97.25,Junta,0,2026-04-04
163276,23.25,97.75,Junta,0,2026-04-04
163277,23.25,98.25,Junta,0,2026-04-04
163278,23.25,98.75,UWSA,15,2026-04-04
163279,23.25,99.25,UWSA,15,2026-04-04
163987,23.75,93.25,Chin Resistance,9,2026-04-04
163988,23.75,93.75,Chin Resistance,9,2026-04-04
163989,23.75,94.25,Chin Resistance,9,2026-04-04
163990,23.75,94.75,Junta,0,2026-04-04
163991,23.75,95.25,Junta,0,2026-04-04
163992,23.75,95.75,Junta,0,2026-04-04
163993,23.75,96.25,Junta,0,2026-04-04
163994,23.75,96.75,KIA,3,2026-04-04
163995,23.75,97.25,KIA,3,2026-04-04
163996,23.75,97.75,Junta,0,2026-04-04
163997,23.75,98.25,Junta,0,2026-04-04
163998,23.75,98.75,Junta,0,2026-04-04
164707,24.25,93.25,Chin Resistance,9,2026-04-04
164708,24.25,93.75,Chin Resistance,9,2026-04-04
164709,24.25,94.25,Junta,0,2026-04-04
164710,24.25,94.75,Junta,0,2026-04-04
164711,24.25,95.25,Junta,0,2026-04-04
164712,24.25,95.75,KIA,3,2026-04-04
164713,24.25,96.25,KIA,3,2026-04-04
164714,24.25,96.75,KIA,3,2026-04-04
164715,24.25,97.25,KIA,3,2026-04-04
164716,24.25,97.75,Junta,0,2026-04-04
164717,24.25,98.25,Junta,0,2026-04-04
164718,24.25,98.75,Junta,0,2026-04-04
165430,24.75,94.75,Junta,0,2026-04-04
165431,24.75,95.25,KIA,3,2026-04-04
165432,24.75,95.75,KIA,3,2026-04-04
165433,24.75,96.25,KIA,3,2026-04-04
165434,24.75,96.75,KIA,3,2026-04-04
165435,24.75,97.25,KIA,3,2026-04-04
165436,24.75,97.75,Junta,0,2026-04-04
166150,25.25,94.75,Junta,0,2026-04-04
166151,25.25,95.25,Junta,0,2026-04-04
166152,25.25,95.75,KIA,3,2026-04-04
166153,25.25,96.25,KIA,3,2026-04-04
166154,25.25,96.75,KIA,3,2026-04-04
166155,25.25,97.25,KIA,3,2026-04-04
166156,25.25,97.75,Junta,0,2026-04-04
166870,25.75,94.75,Junta,0,2026-04-04
166871,25.75,95.25,Junta,0,2026-04-04
166872,25.75,95.75,KIA,3,2026-04-04
166873,25.75,96.25,KIA,3,2026-04-04
166874,25.75,96.75,KIA,3,2026-04-04
166875,25.75,97.25,KIA,3,2026-04-04
166876,25.75,97.75,KIA,3,2026-04-04
166877,25.75,98.25,Junta,0,2026-04-04
166878,25.75,98.75,Junta,0,2026-04-04
167591,26.25,95.25,Junta,0,2026-04-04
167592,26.25,95.75,KIA,3,2026-04-04
167593,26.25,96.25,KIA,3,2026-04-04
167594,26.25,96.75,KIA,3,2026-04-04
167595,26.25,97.25,KIA,3,2026-04-04
167596,26.25,97.75,KIA,3,2026-04-04
167597,26.25,98.25,KIA,3,2026-04-04
167598,26.25,98.75,Junta,0,2026-04-04
168311,26.75,95.25,Junta,0,2026-04-04
168312,26.75,95.75,Junta,0,2026-04-04
168313,26.75,96.25,KIA,3,2026-04-04
168314,26.75,96.75,KIA,3,2026-04-04
168315,26.75,97.25,KIA,3,2026-04-04
168316,26.75,97.75,KIA,3,2026-04-04
168317,26.75,98.25,KIA,3,2026-04-04
168318,26.75,98.75,Junta,0,2026-04-04
169033,27.25,96.25,KIA,3,2026-04-04
169034,27.25,96.75,KIA,3,2026-04-04
169035,27.25,97.25,KIA,3,2026-04-04
169036,27.25,97.75,KIA,3,2026-04-04
169037,27.25,98.25,Junta,0,2026-04-04
169038,27.25,98.75,Junta,0,2026-04-04
169754,27.75,96.75,KIA,3,2026-04-04
169755,27.75,97.25,Junta,0,2026-04-04
169756,27.75,97.75,Junta,0,2026-04-04
169757,27.75,98.25,Junta,0,2026-04-04
170475,28.25,97.25,Junta,0,2026-04-04
170476,28.25,97.75,Junta,0,2026-04-04
170477,28.25,98.25,Junta,0,2026-04-04
144558,10.25,98.75,Junta,0,2026-05-07
145277,10.75,98.25,Junta,0,2026-05-07
145278,10.75,98.75,Junta,0,2026-05-07
145998,11.25,98.75,Junta,0,2026-05-07
145999,11.25,99.25,PDF,2,2026-05-07
146717,11.75,98.25,Junta,0,2026-05-07
146718,11.75,98.75,Junta,0,2026-05-07
146719,11.75,99.25,PDF,2,2026-05-07
146720,11.75,99.75,Junta,0,2026-05-07
147437,12.25,98.25,Junta,0,2026-05-07
147438,12.25,98.75,Junta,0,2026-05-07
147439,12.25,99.25,PDF,2,2026-05-07
148157,12.75,98.25,Junta,0,2026-05-07
148158,12.75,98.75,Junta,0,2026-05-07
148159,12.75,99.25,PDF,2,2026-05-07
148878,13.25,98.75,Junta,0,2026-05-07
148879,13.25,99.25,PDF,2,2026-05-07
149597,13.75,98.25,Junta,0,2026-05-07
149598,13.75,98.75,Karen,4,2026-05-07
149599,13.75,99.25,Karen,4,2026-05-07
150317,14.25,98.25,Junta,0,2026-05-07
150318,14.25,98.75,Karen,4,2026-05-07
151036,14.75,97.75,Junta,0,2026-05-07
151037,14.75,98.25,Karen,4,2026-05-07
151756,15.25,97.75,Junta,0,2026-05-07
151757,15.25,98.25,Junta,0,2026-05-07
152471,15.75,95.25,Junta,0,2026-05-07
152472,15.75,95.75,Junta,0,2026-05-07
152476,15.75,97.75,Junta,0,2026-05-07
152477,15.75,98.25,Karen,4,2026-05-07
153189,16.25,94.25,Junta,0,2026-05-07
153190,16.25,94.75,Junta,0,2026-05-07
153191,16.25,95.25,Junta,0,2026-05-07
153192,16.25,95.75,Junta,0,2026-05-07
153193,16.25,96.25,Junta,0,2026-05-07
153196,16.25,97.75,Junta,0,2026-05-07
153197,16.25,98.25,Karen,4,2026-05-07
153198,16.25,98.75,Karen,4,2026-05-07
153909,16.75,94.25,Junta,0,2026-05-07
153910,16.75,94.75,Junta,0,2026-05-07
153911,16.75,95.25,Junta,0,2026-05-07
153912,16.75,95.75,Junta,0,2026-05-07
153913,16.75,96.25,Junta,0,2026-05-07
153914,16.75,96.75,Junta,0,2026-05-07
153915,16.75,97.25,Junta,0,2026-05-07
153916,16.75,97.75,Junta,0,2026-05-07
153917,16.75,98.25,Karen,4,2026-05-07
153918,16.75,98.75,Karen,4,2026-05-07
154630,17.25,94.75,Junta,0,2026-05-07
154631,17.25,95.25,Junta,0,2026-05-07
154632,17.25,95.75,Junta,0,2026-05-07
154633,17.25,96.25,Junta,0,2026-05-07
154634,17.25,96.75,Junta,0,2026-05-07
154635,17.25,97.25,Karen,4,2026-05-07
154636,17.25,97.75,Karen,4,2026-05-07
154637,17.25,98.25,Karen,4,2026-05-07
155350,17.75,94.75,Junta,0,2026-05-07
155351,17.75,95.25,Junta,0,2026-05-07
155352,17.75,95.75,Junta,0,2026-05-07
155353,17.75,96.25,Junta,0,2026-05-07
155354,17.75,96.75,Karen,4,2026-05-07
155355,17.75,97.25,Karen,4,2026-05-07
155356,17.75,97.75,Karen,4,2026-05-07
156069,18.25,94.25,Junta,0,2026-05-07
156070,18.25,94.75,Junta,0,2026-05-07
156071,18.25,95.25,Junta,0,2026-05-07
156072,18.25,95.75,Junta,0,2026-05-07
156073,18.25,96.25,PDF,2,2026-05-07
156074,18.25,96.75,Karen,4,2026-05-07
156075,18.25,97.25,Karen,4,2026-05-07
156076,18.25,97.75,Karen,4,2026-05-07
156788,18.75,93.75,Junta,0,2026-05-07
156789,18.75,94.25,Junta,0,2026-05-07
156790,18.75,94.75,Junta,0,2026-05-07
156791,18.75,95.25,Junta,0,2026-05-07
156792,18.75,95.75,PDF,2,2026-05-07
156793,18.75,96.25,PDF,2,2026-05-07
156794,18.75,96.75,Karen,4,2026-05-07
156795,18.75,97.25,Karenni,5,2026-05-07
156796,18.75,97.75,Karenni,5,2026-05-07
157508,19.25,93.75,Junta,0,2026-05-07
157509,19.25,94.25,Junta,0,2026-05-07
157510,19.25,94.75,Junta,0,2026-05-07
157511,19.25,95.25,Junta,0,2026-05-07
157512,19.25,95.75,Junta,0,2026-05-07
157513,19.25,96.25,Junta,0,2026-05-07
157514,19.25,96.75,Karen,4,2026-05-07
157515,19.25,97.25,Karenni,5,2026-05-07
157516,19.25,97.75,Karenni,5,2026-05-07
158228,19.75,93.75,AA,6,2026-05-07
158229,19.75,94.25,AA,6,2026-05-07
158230,19.75,94.75,Junta,0,2026-05-07
158231,19.75,95.25,Junta,0,2026-05-07
158232,19.75,95.75,Junta,0,2026-05-07
158233,19.75,96.25,Junta,0,2026-05-07
158234,19.75,96.75,Karenni,5,2026-05-07
158235,19.75,97.25,Karenni,5,2026-05-07
158236,19.75,97.75,Junta,0,2026-05-07
158237,19.75,98.25,Junta,0,2026-05-07
158238,19.75,98.75,Junta,0,2026-05-07
158946,20.25,92.75,Junta,0,2026-05-07
158947,20.25,93.25,Junta,0,2026-05-07
158948,20.25,93.75,AA,6,2026-05-07
158949,20.25,94.25,AA,6,2026-05-07
158950,20.25,94.75,Junta,0,2026-05-07
158951,20.25,95.25,Junta,0,2026-05-07
158952,20.25,95.75,Junta,0,2026-05-07
158953,20.25,96.25,Junta,0,2026-05-07
158954,20.25,96.75,Junta,0,2026-05-07
158955,20.25,97.25,Junta,0,2026-05-07
158956,20.25,97.75,Junta,0,2026-05-07
158957,20.25,98.25,Junta,0,2026-05-07
158958,20.25,98.75,Junta,0,2026-05-07
158959,20.25,99.25,Junta,0,2026-05-07
158960,20.25,99.75,Junta,0,2026-05-07
158961,20.25,100.25,Junta,0,2026-05-07
159665,20.75,92.25,Junta,0,2026-05-07
159666,20.75,92.75,AA,6,2026-05-07
159667,20.75,93.25,AA,6,2026-05-07
159668,20.75,93.75,AA,6,2026-05-07
159669,20.75,94.25,Junta,0,2026-05-07
159670,20.75,94.75,Junta,0,2026-05-07
159671,20.75,95.25,Junta,0,2026-05-07
159672,20.75,95.75,Junta,0,2026-05-07
159673,20.75,96.25,Junta,0,2026-05-07
159674,20.75,96.75,Junta,0,2026-05-07
159675,20.75,97.25,Junta,0,2026-05-07
159676,20.75,97.75,Junta,0,2026-05-07
159677,20.75,98.25,Junta,0,2026-05-07
159678,20.75,98.75,Junta,0,2026-05-07
159679,20.75,99.25,Junta,0,2026-05-07
159680,20.75,99.75,Junta,0,2026-05-07
159681,20.75,100.25,Junta,0,2026-05-07
160385,21.25,92.25,AA,6,2026-05-07
160386,21.25,92.75,AA,6,2026-05-07
160387,21.25,93.25,Chin Resistance,9,2026-05-07
160388,21.25,93.75,Chin Resistance,9,2026-05-07
160389,21.25,94.25,Chin Resistance,9,2026-05-07
160390,21.25,94.75,Junta,0,2026-05-07
160391,21.25,95.25,Junta,0,2026-05-07
160392,21.25,95.75,Junta,0,2026-05-07
160393,21.25,96.25,Junta,0,2026-05-07
160394,21.25,96.75,Junta,0,2026-05-07
160395,21.25,97.25,SSPP,12,2026-05-07
160396,21.25,97.75,SSPP,12,2026-05-07
160397,21.25,98.25,Junta,0,2026-05-07
160398,21.25,98.75,Junta,0,2026-05-07
160399,21.25,99.25,Junta,0,2026-05-07
160400,21.25,99.75,Junta,0,2026-05-07
160401,21.25,100.25,Junta,0,2026-05-07
160402,21.25,100.75,Junta,0,2026-05-07
161105,21.75,92.25,AA,6,2026-05-07
161106,21.75,92.75,AA,6,2026-05-07
161107,21.75,93.25,Chin Resistance,9,2026-05-07
161108,21.75,93.75,Chin Resistance,9,2026-05-07
161109,21.75,94.25,Chin Resistance,9,2026-05-07
161110,21.75,94.75,PDF,2,2026-05-07
161111,21.75,95.25,PDF,2,2026-05-07
161112,21.75,95.75,Junta,0,2026-05-07
161113,21.75,96.25,Junta,0,2026-05-07
161114,21.75,96.75,Junta,0,2026-05-07
161115,21.75,97.25,SSPP,12,2026-05-07
161116,21.75,97.75,SSPP,12,2026-05-07
161117,21.75,98.25,SSPP,12,2026-05-07
161118,21.75,98.75,Junta,0,2026-05-07
161119,21.75,99.25,Junta,0,2026-05-07
161120,21.75,99.75,NDAA,14,2026-05-07
161121,21.75,100.25,NDAA,14,2026-05-07
161122,21.75,100.75,NDAA,14,2026-05-07
161123,21.75,101.25,Junta,0,2026-05-07
161826,22.25,92.75,AA,6,2026-05-07
161827,22.25,93.25,Chin Resistance,9,2026-05-07
161828,22.25,93.75,Chin Resistance,9,2026-05-07
161829,22.25,94.25,Junta,0,2026-05-07
161830,22.25,94.75,Junta,0,2026-05-07
161831,22.25,95.25,Junta,0,2026-05-07
161832,22.25,95.75,Junta,0,2026-05-07
161833,22.25,96.25,Junta,0,2026-05-07
161834,22.25,96.75,Junta,0,2026-05-07
161835,22.25,97.25,SSPP,12,2026-05-07
161836,22.25,97.75,SSPP,12,2026-05-07
161837,22.25,98.25,SSPP,12,2026-05-07
161838,22.25,98.75,SSPP,12,2026-05-07
161839,22.25,99.25,UWSA,15,2026-05-07
161840,22.25,99.75,UWSA,15,2026-05-07
162547,22.75,93.25,Chin Resistance,9,2026-05-07
162548,22.75,93.75,Chin Resistance,9,2026-05-07
162549,22.75,94.25,Junta,0,2026-05-07
162550,22.75,94.75,Junta,0,2026-05-07
162551,22.75,95.25,Junta,0,2026-05-07
162552,22.75,95.75,Junta,0,2026-05-07
162553,22.75,96.25,Junta,0,2026-05-07
162554,22.75,96.75,Junta,0,2026-05-07
162555,22.75,97.25,Junta,0,2026-05-07
162556,22.75,97.75,Junta,0,2026-05-07
162557,22.75,98.25,SSPP,12,2026-05-07
162558,22.75,98.75,SSPP,12,2026-05-07
162559,22.75,99.25,UWSA,15,2026-05-07
163267,23.25,93.25,Chin Resistance,9,2026-05-07
163268,23.25,93.75,Chin Resistance,9,2026-05-07
163269,23.25,94.25,Junta,0,2026-05-07
163270,23.25,94.75,Junta,0,2026-05-07
163271,23.25,95.25,Junta,0,2026-05-07
163272,23.25,95.75,Junta,0,2026-05-07
163273,23.25,96.25,Junta,0,2026-05-07
163274,23.25,96.75,KIA,3,2026-05-07
163275,23.25,97.25,Junta,0,2026-05-07
163276,23.25,97.75,Junta,0,2026-05-07
163277,23.25,98.25,Junta,0,2026-05-07
163278,23.25,98.75,UWSA,15,2026-05-07
163279,23.25,99.25,UWSA,15,2026-05-07
163987,23.75,93.25,Chin Resistance,9,2026-05-07
163988,23.75,93.75,Chin Resistance,9,2026-05-07
163989,23.75,94.25,Chin Resistance,9,2026-05-07
163990,23.75,94.75,Junta,0,2026-05-07
163991,23.75,95.25,Junta,0,2026-05-07
163992,23.75,95.75,Junta,0,2026-05-07
163993,23.75,96.25,Junta,0,2026-05-07
163994,23.75,96.75,KIA,3,2026-05-07
163995,23.75,97.25,KIA,3,2026-05-07
163996,23.75,97.75,Junta,0,2026-05-07
163997,23.75,98.25,Junta,0,2026-05-07
163998,23.75,98.75,Junta,0,2026-05-07
164707,24.25,93.25,Chin Resistance,9,2026-05-07
164708,24.25,93.75,Chin Resistance,9,2026-05-07
164709,24.25,94.25,Junta,0,2026-05-07
164710,24.25,94.75,Junta,0,2026-05-07
164711,24.25,95.25,Junta,0,2026-05-07
164712,24.25,95.75,KIA,3,2026-05-07
164713,24.25,96.25,KIA,3,2026-05-07
164714,24.25,96.75,KIA,3,2026-05-07
164715,24.25,97.25,KIA,3,2026-05-07
164716,24.25,97.75,Junta,0,2026-05-07
164717,24.25,98.25,Junta,0,2026-05-07
164718,24.25,98.75,Junta,0,2026-05-07
165430,24.75,94.75,Junta,0,2026-05-07
165431,24.75,95.25,KIA,3,2026-05-07
165432,24.75,95.75,KIA,3,2026-05-07
165433,24.75,96.25,KIA,3,2026-05-07
165434,24.75,96.75,KIA,3,2026-05-07
165435,24.75,97.25,KIA,3,2026-05-07
165436,24.75,97.75,Junta,0,2026-05-07
166150,25.25,94.75,Junta,0,2026-05-07
166151,25.25,95.25,Junta,0,2026-05-07
166152,25.25,95.75,KIA,3,2026-05-07
166153,25.25,96.25,KIA,3,2026-05-07
166154,25.25,96.75,KIA,3,2026-05-07
166155,25.25,97.25,KIA,3,2026-05-07
166156,25.25,97.75,Junta,0,2026-05-07
166870,25.75,94.75,Junta,0,2026-05-07
166871,25.75,95.25,Junta,0,2026-05-07
166872,25.75,95.75,KIA,3,2026-05-07
166873,25.75,96.25,KIA,3,2026-05-07
166874,25.75,96.75,KIA,3,2026-05-07
166875,25.75,97.25,KIA,3,2026-05-07
166876,25.75,97.75,KIA,3,2026-05-07
166877,25.75,98.25,Junta,0,2026-05-07
166878,25.75,98.75,Junta,0,2026-05-07
167591,26.25,95.25,Junta,0,2026-05-07
167592,26.25,95.75,KIA,3,2026-05-07
167593,26.25,96.25,KIA,3,2026-05-07
167594,26.25,96.75,KIA,3,2026-05-07
167595,26.25,97.25,KIA,3,2026-05-07
167596,26.25,97.75,KIA,3,2026-05-07
167597,26.25,98.25,KIA,3,2026-05-07
167598,26.25,98.75,Junta,0,2026-05-07
168311,26.75,95.25,Junta,0,2026-05-07
168312,26.75,95.75,Junta,0,2026-05-07
168313,26.75,96.25,KIA,3,2026-05-07
168314,26.75,96.75,KIA,3,2026-05-07
168315,26.75,97.25,KIA,3,2026-05-07
168316,26.75,97.75,KIA,3,2026-05-07
168317,26.75,98.25,KIA,3,2026-05-07
168318,26.75,98.75,Junta,0,2026-05-07
169033,27.25,96.25,KIA,3,2026-05-07
169034,27.25,96.75,KIA,3,2026-05-07
169035,27.25,97.25,KIA,3,2026-05-07
169036,27.25,97.75,KIA,3,2026-05-07
169037,27.25,98.25,Junta,0,2026-05-07
169038,27.25,98.75,Junta,0,2026-05-07
169754,27.75,96.75,KIA,3,2026-05-07
169755,27.75,97.25,Junta,0,2026-05-07
169756,27.75,97.75,Junta,0,2026-05-07
169757,27.75,98.25,Junta,0,2026-05-07
170475,28.25,97.25,Junta,0,2026-05-07
170476,28.25,97.75,Junta,0,2026-05-07
170477,28.25,98.25,Junta,0,2026-05-07
