lat,lon,year_month,level1_side,level1_side_next,changed,pred_logistic_regression,prob_logistic_regression,pred_random_forest,prob_random_forest,pred_gradient_boosting,prob_gradient_boosting
10.25,98.75,2025-11,Pro-Junta,Pro-Junta,0,0,0.008107461694667412,0,0.1456416346486892,0,0.00024589931326360256
10.25,98.75,2025-12,Pro-Junta,Pro-Junta,0,0,0.0072914863014514825,0,0.1456416346486892,0,0.00024589931326360256
10.25,98.75,2026-01,Pro-Junta,Pro-Junta,0,0,0.006557091847697693,0,0.1456416346486892,0,0.00024589931326360256
10.25,98.75,2026-02,Pro-Junta,Pro-Junta,0,0,0.005896225861496115,0,0.1456416346486892,0,0.00024589931326360256
10.25,98.75,2026-03,Pro-Junta,Pro-Junta,0,0,0.005669272340680335,0,0.16882811080388307,0,0.0005040428796072605
10.25,98.75,2026-04,Pro-Junta,Pro-Junta,0,0,0.004766673115103253,0,0.1456416346486892,0,0.00024589931326360256
10.75,98.25,2025-11,Pro-Junta,Pro-Junta,0,0,0.008107461694667412,0,0.1456416346486892,0,0.00024589931326360256
10.75,98.25,2025-12,Pro-Junta,Pro-Junta,0,0,0.0072914863014514825,0,0.1456416346486892,0,0.00024589931326360256
10.75,98.25,2026-01,Pro-Junta,Pro-Junta,0,0,0.006557091847697693,0,0.1456416346486892,0,0.00024589931326360256
10.75,98.25,2026-02,Pro-Junta,Pro-Junta,0,0,0.005896225861496115,0,0.1456416346486892,0,0.00024589931326360256
10.75,98.25,2026-03,Pro-Junta,Pro-Junta,0,0,0.005669272340680335,0,0.16882811080388307,0,0.0005040428796072605
10.75,98.25,2026-04,Pro-Junta,Pro-Junta,0,0,0.004766673115103253,0,0.1456416346486892,0,0.00024589931326360256
10.75,98.75,2025-11,Pro-Junta,Pro-Junta,0,0,0.008107461694667412,0,0.1456416346486892,0,0.00024589931326360256
10.75,98.75,2025-12,Pro-Junta,Pro-Junta,0,0,0.0072914863014514825,0,0.1456416346486892,0,0.00024589931326360256
10.75,98.75,2026-01,Pro-Junta,Pro-Junta,0,0,0.006557091847697693,0,0.1456416346486892,0,0.00024589931326360256
10.75,98.75,2026-02,Pro-Junta,Pro-Junta,0,0,0.0029696323071452665,0,0.05780816007607065,0,0.0001010962320379559
10.75,98.75,2026-03,Pro-Junta,Pro-Junta,0,0,0.007960625033353088,0,0.09013124140966985,0,0.0001867656249842743
10.75,98.75,2026-04,Pro-Junta,Pro-Junta,0,0,0.00487437063370876,0,0.08889735617106971,0,0.00023561504727978434
11.25,98.75,2025-11,Pro-Junta,Pro-Junta,0,0,0.008107461694667412,0,0.1456416346486892,0,0.00024589931326360256
11.25,98.75,2025-12,Pro-Junta,Pro-Junta,0,0,0.0072914863014514825,0,0.1456416346486892,0,0.00024589931326360256
11.25,98.75,2026-01,Pro-Junta,Pro-Junta,0,0,0.006557091847697693,0,0.1456416346486892,0,0.00024589931326360256
11.25,98.75,2026-02,Pro-Junta,Pro-Junta,0,0,0.005896225861496115,0,0.1456416346486892,0,0.00024589931326360256
11.25,98.75,2026-03,Pro-Junta,Pro-Junta,0,0,0.005669272340680335,0,0.16882811080388307,0,0.0005040428796072605
11.25,98.75,2026-04,Pro-Junta,Pro-Junta,0,0,0.004766673115103253,0,0.1456416346486892,0,0.00024589931326360256
11.25,99.25,2025-11,Anti-Junta,Anti-Junta,0,0,0.009064450614697904,0,0.07414779625232869,0,0.00037102601720736384
11.25,99.25,2025-12,Anti-Junta,Anti-Junta,0,0,0.007507085759153631,0,0.07148162816781903,0,0.00037102601720736384
11.25,99.25,2026-01,Anti-Junta,Anti-Junta,0,0,0.006215613701613649,0,0.06853347171770639,0,0.00033693660493291255
11.25,99.25,2026-02,Anti-Junta,Anti-Junta,0,0,0.005145166632271862,0,0.06337716136703446,0,0.00033693660493291255
11.25,99.25,2026-03,Anti-Junta,Anti-Junta,0,0,0.0045539199302047076,0,0.08278076307880353,0,0.00031044153356288447
11.25,99.25,2026-04,Anti-Junta,Anti-Junta,0,0,0.003523728666922815,0,0.04504737939296063,0,0.00018529231951491478
11.75,98.25,2025-11,Pro-Junta,Pro-Junta,0,0,0.008107461694667412,0,0.1456416346486892,0,0.00024589931326360256
11.75,98.25,2025-12,Pro-Junta,Pro-Junta,0,0,0.0072914863014514825,0,0.1456416346486892,0,0.00024589931326360256
11.75,98.25,2026-01,Pro-Junta,Pro-Junta,0,0,0.006557091847697693,0,0.1456416346486892,0,0.00024589931326360256
11.75,98.25,2026-02,Pro-Junta,Pro-Junta,0,0,0.005896225861496115,0,0.1456416346486892,0,0.00024589931326360256
11.75,98.25,2026-03,Pro-Junta,Pro-Junta,0,0,0.005301610758018675,0,0.1456416346486892,0,0.00024589931326360256
11.75,98.25,2026-04,Pro-Junta,Pro-Junta,0,0,0.004766673115103253,0,0.1456416346486892,0,0.00024589931326360256
11.75,98.75,2025-11,Anti-Junta,Anti-Junta,0,1,0.7551152072266941,0,0.49196090883848187,0,0.012830561674985988
11.75,98.75,2025-12,Anti-Junta,Anti-Junta,0,1,0.7348133745669092,0,0.36584640166181404,0,0.000712696659650744
11.75,98.75,2026-01,Anti-Junta,Anti-Junta,0,1,0.7134671070745738,0,0.36584640166181404,0,0.000712696659650744
11.75,98.75,2026-02,Anti-Junta,Anti-Junta,0,1,0.6911248338790803,0,0.36584640166181404,0,0.000712696659650744
11.75,98.75,2026-03,Anti-Junta,Anti-Junta,0,1,0.6678514651703026,0,0.36584640166181404,0,0.000712696659650744
11.75,98.75,2026-04,Anti-Junta,Pro-Junta,1,1,0.6590365182206642,0,0.40135230237209074,0,0.0012281346096681643
11.75,99.25,2025-11,Anti-Junta,Anti-Junta,0,0,0.008509455725810102,0,0.076383357312168,0,0.000269490441234973
11.75,99.25,2025-12,Anti-Junta,Anti-Junta,0,0,0.010443038676987098,0,0.09492937861178835,0,0.00031338404936439456
11.75,99.25,2026-01,Anti-Junta,Anti-Junta,0,0,0.008650886116447376,0,0.08177644906093376,0,0.00031338404936439456
11.75,99.25,2026-02,Anti-Junta,Anti-Junta,0,0,0.008625188104312152,0,0.05586421640997033,0,0.00031338404936439456
11.75,99.25,2026-03,Anti-Junta,Anti-Junta,0,0,0.005929382367910291,0,0.07414779625232869,0,0.00037102601720736384
11.75,99.25,2026-04,Anti-Junta,Anti-Junta,0,0,0.005248494479928866,0,0.10566323039827877,0,0.0006215445731942448
11.75,99.75,2025-11,Pro-Junta,Pro-Junta,0,0,0.008107461694667412,0,0.1456416346486892,0,0.00024589931326360256
11.75,99.75,2025-12,Pro-Junta,Pro-Junta,0,0,0.0072914863014514825,0,0.1456416346486892,0,0.00024589931326360256
11.75,99.75,2026-01,Pro-Junta,Pro-Junta,0,0,0.006557091847697693,0,0.1456416346486892,0,0.00024589931326360256
11.75,99.75,2026-02,Pro-Junta,Pro-Junta,0,0,0.005896225861496115,0,0.1456416346486892,0,0.00024589931326360256
11.75,99.75,2026-03,Pro-Junta,Pro-Junta,0,0,0.005301610758018675,0,0.1456416346486892,0,0.00024589931326360256
11.75,99.75,2026-04,Pro-Junta,Pro-Junta,0,0,0.005097427398417488,0,0.16882811080388307,0,0.0005040428796072605
12.25,98.25,2025-11,Pro-Junta,Pro-Junta,0,0,0.002764255288507124,0,0.044471298102885415,0,0.00011272315053072363
12.25,98.25,2025-12,Pro-Junta,Pro-Junta,0,0,0.0022868301068615267,0,0.044471298102885415,0,0.00011272315053072363
12.25,98.25,2026-01,Pro-Junta,Pro-Junta,0,0,0.001891706449270174,0,0.044471298102885415,0,0.00011272315053072363
12.25,98.25,2026-02,Pro-Junta,Pro-Junta,0,0,0.001564746076741048,0,0.044471298102885415,0,0.00011259759158912832
12.25,98.25,2026-03,Pro-Junta,Pro-Junta,0,0,0.0012942238828170486,0,0.0395900701534105,0,0.00011271867985794656
12.25,98.25,2026-04,Pro-Junta,Pro-Junta,0,0,0.001070420961688793,0,0.0395900701534105,0,0.00011271867985794656
12.25,98.75,2025-11,Pro-Junta,Pro-Junta,0,0,0.0014228290812387757,0,0.0395900701534105,0,0.00011271867985794656
12.25,98.75,2025-12,Pro-Junta,Pro-Junta,0,0,0.0011768133851291398,0,0.0395900701534105,0,0.00011271867985794656
12.25,98.75,2026-01,Pro-Junta,Pro-Junta,0,0,0.0009732938203045166,0,0.0395900701534105,0,0.00011271867985794656
12.25,98.75,2026-02,Pro-Junta,Pro-Junta,0,0,0.0008049428162763822,0,0.0395900701534105,0,0.00011271867985794656
12.25,98.75,2026-03,Pro-Junta,Pro-Junta,0,0,0.0006656921460818616,0,0.0395900701534105,0,0.00011271867985794656
12.25,98.75,2026-04,Pro-Junta,Pro-Junta,0,0,0.0005888907434149031,0,0.045410652918601,0,0.00018885982738836712
12.25,99.25,2025-11,Anti-Junta,Anti-Junta,0,0,0.006515571824563887,0,0.04504737939296063,0,0.00018529231951491478
12.25,99.25,2025-12,Anti-Junta,Anti-Junta,0,0,0.005393746628671165,0,0.04504737939296063,0,0.00018529231951491478
12.25,99.25,2026-01,Anti-Junta,Anti-Junta,0,0,0.004464204902766043,0,0.04504737939296063,0,0.00018529231951491478
12.25,99.25,2026-02,Anti-Junta,Anti-Junta,0,0,0.003694262533238154,0,0.04504737939296063,0,0.00018529231951491478
12.25,99.25,2026-03,Anti-Junta,Anti-Junta,0,0,0.0041083900491113625,0,0.0694823976230182,0,0.00016529465863309367
12.25,99.25,2026-04,Anti-Junta,Anti-Junta,0,0,0.014211379439270314,0,0.11215621078337987,0,0.0006331786493423637
12.75,98.25,2025-11,Pro-Junta,Pro-Junta,0,0,0.008107461694667412,0,0.1456416346486892,0,0.00024589931326360256
12.75,98.25,2025-12,Pro-Junta,Pro-Junta,0,0,0.0072914863014514825,0,0.1456416346486892,0,0.00024589931326360256
12.75,98.25,2026-01,Pro-Junta,Pro-Junta,0,0,0.006557091847697693,0,0.1456416346486892,0,0.00024589931326360256
12.75,98.25,2026-02,Pro-Junta,Pro-Junta,0,0,0.005896225861496115,0,0.1456416346486892,0,0.00024589931326360256
12.75,98.25,2026-03,Pro-Junta,Pro-Junta,0,0,0.005669272340680335,0,0.16882811080388307,0,0.0005040428796072605
12.75,98.25,2026-04,Pro-Junta,Pro-Junta,0,0,0.005097427398417488,0,0.16882811080388307,0,0.0005040428796072605
12.75,98.75,2025-11,Pro-Junta,Pro-Junta,0,0,0.004847507823438501,0,0.06304092242204061,0,0.00010219795023120832
12.75,98.75,2025-12,Pro-Junta,Pro-Junta,0,0,0.009184078715128755,0,0.01806599062454849,0,5.2359836254487734e-05
12.75,98.75,2026-01,Pro-Junta,Pro-Junta,0,0,0.005051620329172481,0,0.035614786165355246,0,8.51316275284883e-05
12.75,98.75,2026-02,Pro-Junta,Pro-Junta,0,0,0.0033023474392342095,0,0.09786019963230645,0,0.00022572495951808975
12.75,98.75,2026-03,Pro-Junta,Pro-Junta,0,0,0.002922242653521139,0,0.09629997718737293,0,0.0003781726562040075
12.75,98.75,2026-04,Pro-Junta,Pro-Junta,0,0,0.002585774953578235,0,0.08938839094111106,0,0.00026325372403017514
12.75,99.25,2025-11,Anti-Junta,Anti-Junta,0,0,0.016111100248327657,0,0.1932565447723073,0,0.0005946252016441351
12.75,99.25,2025-12,Anti-Junta,Anti-Junta,0,0,0.014501375456679254,0,0.1932565447723073,0,0.0005946252016441351
12.75,99.25,2026-01,Anti-Junta,Anti-Junta,0,0,0.01305035142878942,0,0.1932565447723073,0,0.0005946252016441351
12.75,99.25,2026-02,Anti-Junta,Anti-Junta,0,0,0.011742788469759598,0,0.1932565447723073,0,0.0005946252016441351
12.75,99.25,2026-03,Anti-Junta,Anti-Junta,0,0,0.011293349583374915,0,0.2654232195611497,0,0.0012184128731580865
12.75,99.25,2026-04,Anti-Junta,Anti-Junta,0,0,0.010860923299185846,0,0.23137544305663657,0,0.0008987936949270898
13.25,98.75,2025-11,Pro-Junta,Pro-Junta,0,0,0.005299443671604106,0,0.08106828931416978,0,0.00019065241030408016
13.25,98.75,2025-12,Pro-Junta,Pro-Junta,0,0,0.005790814607464913,0,0.053646147779871346,0,0.000272267964367365
13.25,98.75,2026-01,Pro-Junta,Pro-Junta,0,0,0.0036735584027741113,0,0.09786019963230645,0,0.00022572495951808975
13.25,98.75,2026-02,Pro-Junta,Pro-Junta,0,0,0.0029696323071452665,0,0.05780816007607065,0,0.0001010962320379559
13.25,98.75,2026-03,Pro-Junta,Pro-Junta,0,0,0.0034139870891551774,0,0.07487883664155515,0,0.00013495215352457896
13.25,98.75,2026-04,Pro-Junta,Pro-Junta,0,0,0.011162113506321996,0,0.059521315183697014,0,0.0008141161640285039
13.25,99.25,2025-11,Anti-Junta,Anti-Junta,0,0,0.016111100248327657,0,0.1932565447723073,0,0.0005946252016441351
13.25,99.25,2025-12,Anti-Junta,Anti-Junta,0,0,0.014501375456679254,0,0.1932565447723073,0,0.0005946252016441351
13.25,99.25,2026-01,Anti-Junta,Anti-Junta,0,0,0.01305035142878942,0,0.1932565447723073,0,0.0005946252016441351
13.25,99.25,2026-02,Anti-Junta,Anti-Junta,0,0,0.011742788469759598,0,0.1932565447723073,0,0.0005946252016441351
13.25,99.25,2026-03,Anti-Junta,Anti-Junta,0,0,0.012071489767741254,0,0.23137544305663657,0,0.0008987936949270898
13.25,99.25,2026-04,Anti-Junta,Anti-Junta,0,0,0.010160014910793288,0,0.2654232195611497,0,0.0012184128731580865
13.75,98.25,2025-11,Pro-Junta,Pro-Junta,0,0,0.001489632173569017,0,0.016172232598107447,0,6.773547829321996e-05
13.75,98.25,2025-12,Pro-Junta,Pro-Junta,0,0,0.014055334144028828,0,0.10473811227255224,0,0.0002469481784059554
13.75,98.25,2026-01,Pro-Junta,Pro-Junta,0,0,0.00702729985577501,0,0.10973525665628606,0,8.46382450939039e-05
13.75,98.25,2026-02,Pro-Junta,Pro-Junta,0,0,0.003979300118826828,0,0.04201310671457145,0,6.502124858178887e-05
13.75,98.25,2026-03,Pro-Junta,Pro-Junta,0,0,5.37660020052603e-05,0,0.04559632576190776,0,9.108628468740133e-05
13.75,98.25,2026-04,Pro-Junta,Pro-Junta,0,0,0.03169439707837143,0,0.0550084908235708,0,0.0012701544566492181
13.75,98.75,2025-11,Anti-Junta,Anti-Junta,0,0,0.011992969002688224,0,0.04615351939680177,0,0.00031338404936439456
13.75,98.75,2025-12,Anti-Junta,Anti-Junta,0,0,0.00931888747797679,0,0.09361771835919795,0,0.0005016951952079875
13.75,98.75,2026-01,Anti-Junta,Anti-Junta,0,0,0.006751123925507197,0,0.07148162816781903,0,0.00037102601720736384
13.75,98.75,2026-02,Anti-Junta,Anti-Junta,0,0,0.0011918831354914697,0,0.09952504457757627,0,0.0002445176316471967
13.75,98.75,2026-03,Anti-Junta,Anti-Junta,0,0,0.018064263172931586,0,0.1143751417264289,0,0.0005037381619831827
13.75,98.75,2026-04,Anti-Junta,Anti-Junta,0,0,0.013560328202731797,0,0.15548942661012452,0,0.004160106964633648
13.75,99.25,2025-11,Anti-Junta,Anti-Junta,0,0,0.016111100248327657,0,0.1932565447723073,0,0.0005946252016441351
13.75,99.25,2025-12,Anti-Junta,Anti-Junta,0,0,0.014501375456679254,0,0.1932565447723073,0,0.0005946252016441351
13.75,99.25,2026-01,Anti-Junta,Anti-Junta,0,0,0.01305035142878942,0,0.1932565447723073,0,0.0005946252016441351
13.75,99.25,2026-02,Anti-Junta,Anti-Junta,0,0,0.011742788469759598,0,0.1932565447723073,0,0.0005946252016441351
13.75,99.25,2026-03,Anti-Junta,Anti-Junta,0,0,0.012071489767741254,0,0.23137544305663657,0,0.0008987936949270898
13.75,99.25,2026-04,Anti-Junta,Anti-Junta,0,0,0.010160014910793288,0,0.2654232195611497,0,0.0012184128731580865
14.25,98.25,2025-11,Pro-Junta,Pro-Junta,0,0,0.0018316838524035867,0,0.02525586827086261,0,0.00010410599777317115
14.25,98.25,2025-12,Pro-Junta,Pro-Junta,0,0,0.021880499288563834,0,0.04360097420289939,0,0.0002444536367540403
14.25,98.25,2026-01,Pro-Junta,Pro-Junta,0,0,0.009846668292782738,0,0.07016673185110162,0,7.103678425826773e-05
14.25,98.25,2026-02,Pro-Junta,Pro-Junta,0,0,0.0024578427974839656,0,0.045318937980859134,0,5.477957974420403e-05
14.25,98.25,2026-03,Pro-Junta,Pro-Junta,0,0,0.008409670325880273,0,0.08266376965908022,0,0.00024087924520915262
14.25,98.25,2026-04,Pro-Junta,Pro-Junta,0,0,0.0067337176491681664,0,0.10321498869340923,0,0.00035624606387329197
14.25,98.75,2025-11,Anti-Junta,Anti-Junta,0,0,0.016111100248327657,0,0.1932565447723073,0,0.0005946252016441351
14.25,98.75,2025-12,Anti-Junta,Anti-Junta,0,0,0.016560029307520287,0,0.23137544305663657,0,0.0008987936949270898
14.25,98.75,2026-01,Anti-Junta,Anti-Junta,0,0,0.01305035142878942,0,0.1932565447723073,0,0.0005946252016441351
14.25,98.75,2026-02,Anti-Junta,Anti-Junta,0,0,0.011742788469759598,0,0.1932565447723073,0,0.0005946252016441351
14.25,98.75,2026-03,Anti-Junta,Anti-Junta,0,0,0.012071489767741254,0,0.23137544305663657,0,0.0008987936949270898
14.25,98.75,2026-04,Anti-Junta,Anti-Junta,0,0,0.01326327534758096,0,0.3579518178966881,0,0.021120710099870897
14.75,97.75,2025-11,Pro-Junta,Pro-Junta,0,0,0.00454526009793278,0,0.09786019963230645,0,0.00022572495951808975
14.75,97.75,2025-12,Pro-Junta,Pro-Junta,0,0,0.004022671729702128,0,0.09629997718737293,0,0.0003781726562040075
14.75,97.75,2026-01,Pro-Junta,Pro-Junta,0,0,0.003112284098784225,0,0.0931839660411277,0,0.0002049828914352332
14.75,97.75,2026-02,Pro-Junta,Pro-Junta,0,0,0.002574904725345155,0,0.08260000677801024,0,0.0002049828914352332
14.75,97.75,2026-03,Pro-Junta,Pro-Junta,0,0,0.0022783382117287795,0,0.05291754833263124,0,0.00018886731741745512
14.75,97.75,2026-04,Pro-Junta,Pro-Junta,0,0,0.0018846790312776014,0,0.05291754833263124,0,0.00018886731741745512
14.75,98.25,2025-11,Anti-Junta,Anti-Junta,0,0,0.008674791133758186,0,0.05564306377589379,0,0.00024234021575705416
14.75,98.25,2025-12,Anti-Junta,Anti-Junta,0,0,0.011027101931832208,0,0.11307013635700748,0,0.0004475157356487039
14.75,98.25,2026-01,Anti-Junta,Anti-Junta,0,0,0.008545112902173285,0,0.06721630980673639,0,0.00031338404936439456
14.75,98.25,2026-02,Anti-Junta,Anti-Junta,0,0,0.008731325215361473,0,0.04615351939680177,0,0.00031338404936439456
14.75,98.25,2026-03,Anti-Junta,Anti-Junta,0,0,0.0045327267976640676,0,0.10104250909023448,0,0.0003146687019171867
14.75,98.25,2026-04,Anti-Junta,Anti-Junta,0,0,0.014225882056423524,0,0.11723614131728914,0,0.0006331786493423637
15.25,97.75,2025-11,Pro-Junta,Pro-Junta,0,0,0.0005703424093095261,0,0.0395900701534105,0,0.00011271867985794656
15.25,97.75,2025-12,Pro-Junta,Pro-Junta,0,0,0.0004716571589243616,0,0.0395900701534105,0,0.00011271867985794656
15.25,97.75,2026-01,Pro-Junta,Pro-Junta,0,0,0.0003900405637860736,0,0.0395900701534105,0,0.00011271867985794656
15.25,97.75,2026-02,Pro-Junta,Pro-Junta,0,0,0.00032254252684139645,0,0.0395900701534105,0,0.00011271867985794656
15.25,97.75,2026-03,Pro-Junta,Pro-Junta,0,0,0.00026672217103534,0,0.0395900701534105,0,0.00011271867985794656
15.25,97.75,2026-04,Pro-Junta,Pro-Junta,0,0,0.0002359393665219889,0,0.045410652918601,0,0.00018885982738836712
15.25,98.25,2025-11,Pro-Junta,Pro-Junta,0,0,0.000163840022694167,0,0.0395900701534105,0,0.00011271867985794656
15.25,98.25,2025-12,Pro-Junta,Pro-Junta,0,0,0.00013548156389788548,0,0.0395900701534105,0,0.00011271867985794656
15.25,98.25,2026-01,Pro-Junta,Pro-Junta,0,0,0.00011203101503549482,0,0.0395900701534105,0,0.00011271867985794656
15.25,98.25,2026-02,Pro-Junta,Pro-Junta,0,0,9.263915337996325e-05,0,0.0395900701534105,0,0.00011271867985794656
15.25,98.25,2026-03,Pro-Junta,Pro-Junta,0,0,7.660364343433278e-05,0,0.0395900701534105,0,0.00011271867985794656
15.25,98.25,2026-04,Pro-Junta,Pro-Junta,0,0,6.776121521782699e-05,0,0.045410652918601,0,0.00018885982738836712
15.75,95.25,2025-11,Pro-Junta,Pro-Junta,0,0,0.008107461694667412,0,0.1456416346486892,0,0.00024589931326360256
15.75,95.25,2025-12,Pro-Junta,Pro-Junta,0,0,0.0072914863014514825,0,0.1456416346486892,0,0.00024589931326360256
15.75,95.25,2026-01,Pro-Junta,Pro-Junta,0,0,0.006557091847697693,0,0.1456416346486892,0,0.00024589931326360256
15.75,95.25,2026-02,Pro-Junta,Pro-Junta,0,0,0.005896225861496115,0,0.1456416346486892,0,0.00024589931326360256
15.75,95.25,2026-03,Pro-Junta,Pro-Junta,0,0,0.005301610758018675,0,0.1456416346486892,0,0.00024589931326360256
15.75,95.25,2026-04,Pro-Junta,Pro-Junta,0,0,0.004766673115103253,0,0.1456416346486892,0,0.00024589931326360256
15.75,95.75,2025-11,Pro-Junta,Pro-Junta,0,0,0.008107461694667412,0,0.1456416346486892,0,0.00024589931326360256
15.75,95.75,2025-12,Pro-Junta,Pro-Junta,0,0,0.0072914863014514825,0,0.1456416346486892,0,0.00024589931326360256
15.75,95.75,2026-01,Pro-Junta,Pro-Junta,0,0,0.006557091847697693,0,0.1456416346486892,0,0.00024589931326360256
15.75,95.75,2026-02,Pro-Junta,Pro-Junta,0,0,0.005896225861496115,0,0.1456416346486892,0,0.00024589931326360256
15.75,95.75,2026-03,Pro-Junta,Pro-Junta,0,0,0.005301610758018675,0,0.1456416346486892,0,0.00024589931326360256
15.75,95.75,2026-04,Pro-Junta,Pro-Junta,0,0,0.004766673115103253,0,0.1456416346486892,0,0.00024589931326360256
15.75,97.75,2025-11,Pro-Junta,Pro-Junta,0,0,0.0025441799718499657,0,0.044471298102885415,0,0.00011272315053072363
15.75,97.75,2025-12,Pro-Junta,Pro-Junta,0,0,0.0021046846251703594,0,0.044471298102885415,0,0.00011272315053072363
15.75,97.75,2026-01,Pro-Junta,Pro-Junta,0,0,0.0017409775574673924,0,0.044471298102885415,0,0.00011259759158912832
15.75,97.75,2026-02,Pro-Junta,Pro-Junta,0,0,0.0016475619983576646,0,0.041025034411793164,0,0.0001447652069650803
15.75,97.75,2026-03,Pro-Junta,Pro-Junta,0,0,0.0011910448732228188,0,0.0395900701534105,0,0.00011271867985794656
15.75,97.75,2026-04,Pro-Junta,Pro-Junta,0,0,0.0010536970394900017,0,0.045410652918601,0,0.00018885982738836712
15.75,98.25,2025-11,Pro-Junta,Pro-Junta,0,0,0.023590197815277537,0,0.0555110357284524,0,0.0001424846002458051
15.75,98.25,2025-12,Pro-Junta,Pro-Junta,0,0,0.027972550591233356,0,0.08380349598914848,0,0.0001842604139845408
15.75,98.25,2026-01,Pro-Junta,Pro-Junta,0,0,0.023242779021659093,0,0.08106828931416978,0,0.0001842604139845408
15.75,98.25,2026-02,Pro-Junta,Pro-Junta,0,0,0.027075990283190278,0,0.04574660288275511,0,0.00020170637101697914
15.75,98.25,2026-03,Pro-Junta,Anti-Junta,1,0,0.01620148996334173,0,0.09786019963230645,0,0.00028498261977227373
15.75,98.25,2026-04,Anti-Junta,Anti-Junta,0,1,0.7818247666666955,0,0.3006866398821224,0,0.000991359517626653
16.25,94.25,2025-11,Pro-Junta,Pro-Junta,0,0,0.008107461694667412,0,0.1456416346486892,0,0.00024589931326360256
16.25,94.25,2025-12,Pro-Junta,Pro-Junta,0,0,0.0072914863014514825,0,0.1456416346486892,0,0.00024589931326360256
16.25,94.25,2026-01,Pro-Junta,Pro-Junta,0,0,0.006557091847697693,0,0.1456416346486892,0,0.00024589931326360256
16.25,94.25,2026-02,Pro-Junta,Pro-Junta,0,0,0.005896225861496115,0,0.1456416346486892,0,0.00024589931326360256
16.25,94.25,2026-03,Pro-Junta,Pro-Junta,0,0,0.005301610758018675,0,0.1456416346486892,0,0.00024589931326360256
16.25,94.25,2026-04,Pro-Junta,Pro-Junta,0,0,0.004766673115103253,0,0.1456416346486892,0,0.00024589931326360256
16.25,94.75,2025-11,Pro-Junta,Pro-Junta,0,0,0.008107461694667412,0,0.1456416346486892,0,0.00024589931326360256
16.25,94.75,2025-12,Pro-Junta,Pro-Junta,0,0,0.0072914863014514825,0,0.1456416346486892,0,0.00024589931326360256
16.25,94.75,2026-01,Pro-Junta,Pro-Junta,0,0,0.006557091847697693,0,0.1456416346486892,0,0.00024589931326360256
16.25,94.75,2026-02,Pro-Junta,Pro-Junta,0,0,0.005896225861496115,0,0.1456416346486892,0,0.00024589931326360256
16.25,94.75,2026-03,Pro-Junta,Pro-Junta,0,0,0.005301610758018675,0,0.1456416346486892,0,0.00024589931326360256
16.25,94.75,2026-04,Pro-Junta,Pro-Junta,0,0,0.004766673115103253,0,0.1456416346486892,0,0.00024589931326360256
16.25,95.25,2025-11,Pro-Junta,Pro-Junta,0,0,0.008107461694667412,0,0.1456416346486892,0,0.00024589931326360256
16.25,95.25,2025-12,Pro-Junta,Pro-Junta,0,0,0.0072914863014514825,0,0.1456416346486892,0,0.00024589931326360256
16.25,95.25,2026-01,Pro-Junta,Pro-Junta,0,0,0.006557091847697693,0,0.1456416346486892,0,0.00024589931326360256
16.25,95.25,2026-02,Pro-Junta,Pro-Junta,0,0,0.005896225861496115,0,0.1456416346486892,0,0.00024589931326360256
16.25,95.25,2026-03,Pro-Junta,Pro-Junta,0,0,0.005301610758018675,0,0.1456416346486892,0,0.00024589931326360256
16.25,95.25,2026-04,Pro-Junta,Pro-Junta,0,0,0.004766673115103253,0,0.1456416346486892,0,0.00024589931326360256
16.25,95.75,2025-11,Pro-Junta,Pro-Junta,0,0,0.008107461694667412,0,0.1456416346486892,0,0.00024589931326360256
16.25,95.75,2025-12,Pro-Junta,Pro-Junta,0,0,0.0072914863014514825,0,0.1456416346486892,0,0.00024589931326360256
16.25,95.75,2026-01,Pro-Junta,Pro-Junta,0,0,0.006557091847697693,0,0.1456416346486892,0,0.00024589931326360256
16.25,95.75,2026-02,Pro-Junta,Pro-Junta,0,0,0.005896225861496115,0,0.1456416346486892,0,0.00024589931326360256
16.25,95.75,2026-03,Pro-Junta,Pro-Junta,0,0,0.005301610758018675,0,0.1456416346486892,0,0.00024589931326360256
16.25,95.75,2026-04,Pro-Junta,Pro-Junta,0,0,0.004766673115103253,0,0.1456416346486892,0,0.00024589931326360256
16.25,96.25,2025-11,Pro-Junta,Pro-Junta,0,0,0.008107461694667412,0,0.1456416346486892,0,0.00024589931326360256
16.25,96.25,2025-12,Pro-Junta,Pro-Junta,0,0,0.0072914863014514825,0,0.1456416346486892,0,0.00024589931326360256
16.25,96.25,2026-01,Pro-Junta,Pro-Junta,0,0,0.006557091847697693,0,0.1456416346486892,0,0.00024589931326360256
16.25,96.25,2026-02,Pro-Junta,Pro-Junta,0,0,0.005896225861496115,0,0.1456416346486892,0,0.00024589931326360256
16.25,96.25,2026-03,Pro-Junta,Pro-Junta,0,0,0.005301610758018675,0,0.1456416346486892,0,0.00024589931326360256
16.25,96.25,2026-04,Pro-Junta,Pro-Junta,0,0,0.004766673115103253,0,0.1456416346486892,0,0.00024589931326360256
16.25,97.75,2025-11,Pro-Junta,Pro-Junta,0,0,0.003003310124994451,0,0.044471298102885415,0,0.00011272315053072363
16.25,97.75,2025-12,Pro-Junta,Pro-Junta,0,0,0.0026575331759537413,0,0.05291754833263124,0,0.00018886731741745512
16.25,97.75,2026-01,Pro-Junta,Pro-Junta,0,0,0.0001459280175777931,0,0.046250649489365275,0,6.090172950603672e-05
16.25,97.75,2026-02,Pro-Junta,Pro-Junta,0,0,0.014385662340971212,0,0.09028940570718158,0,0.00013574439466342104
16.25,97.75,2026-03,Pro-Junta,Pro-Junta,0,0,0.0009917518352571416,0,0.05676547120810617,0,4.672542225288799e-05
16.25,97.75,2026-04,Pro-Junta,Pro-Junta,0,0,0.0034431746989198753,0,0.07125600205907638,0,9.46850465218874e-05
16.25,98.25,2025-11,Pro-Junta,Pro-Junta,0,0,0.015100374449175492,0,0.044471298102885415,0,0.0001089436009310597
16.25,98.25,2025-12,Pro-Junta,Pro-Junta,0,0,0.013380530890951618,0,0.05291754833263124,0,0.00016142370231250866
16.25,98.25,2026-01,Pro-Junta,Pro-Junta,0,0,0.010374386874436809,0,0.044471298102885415,0,0.0001089436009310597
16.25,98.25,2026-02,Pro-Junta,Pro-Junta,0,0,0.009822286872989276,0,0.04590626236126809,0,0.00012373284643922233
16.25,98.25,2026-03,Pro-Junta,Anti-Junta,1,0,0.007116811085772316,0,0.0395900701534105,0,0.0001423139823383895
16.25,98.25,2026-04,Anti-Junta,Anti-Junta,0,1,0.6093299786800883,0,0.20931168888328017,0,0.0003838144807200363
16.25,98.75,2025-11,Pro-Junta,Pro-Junta,0,0,0.032042147191791104,0,0.06096038298740909,0,0.0001842604139845408
16.25,98.75,2025-12,Pro-Junta,Pro-Junta,0,0,0.02370222007754505,0,0.11356501461635451,0,0.00032323067159079045
16.25,98.75,2026-01,Pro-Junta,Pro-Junta,0,0,0.018420443313081146,0,0.08594399941262726,0,0.00021815734371118388
16.25,98.75,2026-02,Pro-Junta,Pro-Junta,0,0,0.015280410957312012,0,0.0931839660411277,0,0.0001981105328058733
16.25,98.75,2026-03,Pro-Junta,Anti-Junta,1,0,0.012668734390949607,0,0.08260000677801024,0,0.0002587967219049779
16.25,98.75,2026-04,Anti-Junta,Anti-Junta,0,1,0.722993985097846,0,0.24758319106007845,0,0.001275439913819355
16.75,94.25,2025-11,Pro-Junta,Pro-Junta,0,0,0.008107461694667412,0,0.1456416346486892,0,0.00024589931326360256
16.75,94.25,2025-12,Pro-Junta,Pro-Junta,0,0,0.0072914863014514825,0,0.1456416346486892,0,0.00024589931326360256
16.75,94.25,2026-01,Pro-Junta,Pro-Junta,0,0,0.006557091847697693,0,0.1456416346486892,0,0.00024589931326360256
16.75,94.25,2026-02,Pro-Junta,Pro-Junta,0,0,0.005896225861496115,0,0.1456416346486892,0,0.00024589931326360256
16.75,94.25,2026-03,Pro-Junta,Pro-Junta,0,0,0.005301610758018675,0,0.1456416346486892,0,0.00024589931326360256
16.75,94.25,2026-04,Pro-Junta,Pro-Junta,0,0,0.004766673115103253,0,0.1456416346486892,0,0.00024589931326360256
16.75,94.75,2025-11,Pro-Junta,Pro-Junta,0,0,0.008107461694667412,0,0.1456416346486892,0,0.00024589931326360256
16.75,94.75,2025-12,Pro-Junta,Pro-Junta,0,0,0.0072914863014514825,0,0.1456416346486892,0,0.00024589931326360256
16.75,94.75,2026-01,Pro-Junta,Pro-Junta,0,0,0.006557091847697693,0,0.1456416346486892,0,0.00024589931326360256
16.75,94.75,2026-02,Pro-Junta,Pro-Junta,0,0,0.005896225861496115,0,0.1456416346486892,0,0.00024589931326360256
16.75,94.75,2026-03,Pro-Junta,Pro-Junta,0,0,0.005301610758018675,0,0.1456416346486892,0,0.00024589931326360256
16.75,94.75,2026-04,Pro-Junta,Pro-Junta,0,0,0.004766673115103253,0,0.1456416346486892,0,0.00024589931326360256
16.75,95.25,2025-11,Pro-Junta,Pro-Junta,0,0,0.008107461694667412,0,0.1456416346486892,0,0.00024589931326360256
16.75,95.25,2025-12,Pro-Junta,Pro-Junta,0,0,0.0072914863014514825,0,0.1456416346486892,0,0.00024589931326360256
16.75,95.25,2026-01,Pro-Junta,Pro-Junta,0,0,0.006557091847697693,0,0.1456416346486892,0,0.00024589931326360256
16.75,95.25,2026-02,Pro-Junta,Pro-Junta,0,0,0.005896225861496115,0,0.1456416346486892,0,0.00024589931326360256
16.75,95.25,2026-03,Pro-Junta,Pro-Junta,0,0,0.005301610758018675,0,0.1456416346486892,0,0.00024589931326360256
16.75,95.25,2026-04,Pro-Junta,Pro-Junta,0,0,0.004766673115103253,0,0.1456416346486892,0,0.00024589931326360256
16.75,95.75,2025-11,Pro-Junta,Pro-Junta,0,0,0.008107461694667412,0,0.1456416346486892,0,0.00024589931326360256
16.75,95.75,2025-12,Pro-Junta,Pro-Junta,0,0,0.0072914863014514825,0,0.1456416346486892,0,0.00024589931326360256
16.75,95.75,2026-01,Pro-Junta,Pro-Junta,0,0,0.006557091847697693,0,0.1456416346486892,0,0.00024589931326360256
16.75,95.75,2026-02,Pro-Junta,Pro-Junta,0,0,0.005896225861496115,0,0.1456416346486892,0,0.00024589931326360256
16.75,95.75,2026-03,Pro-Junta,Pro-Junta,0,0,0.005301610758018675,0,0.1456416346486892,0,0.00024589931326360256
16.75,95.75,2026-04,Pro-Junta,Pro-Junta,0,0,0.004766673115103253,0,0.1456416346486892,0,0.00024589931326360256
16.75,96.25,2025-11,Pro-Junta,Pro-Junta,0,0,0.00454526009793278,0,0.09786019963230645,0,0.00022572495951808975
16.75,96.25,2025-12,Pro-Junta,Pro-Junta,0,0,0.0037613909402056524,0,0.08594399941262726,0,0.00022572495951808975
16.75,96.25,2026-01,Pro-Junta,Pro-Junta,0,0,0.003112284098784225,0,0.0931839660411277,0,0.0002049828914352332
16.75,96.25,2026-02,Pro-Junta,Pro-Junta,0,0,0.002574904725345155,0,0.08260000677801024,0,0.0002049828914352332
16.75,96.25,2026-03,Pro-Junta,Pro-Junta,0,0,0.0024368524010376334,0,0.04590626236126809,0,0.0001447709484901501
16.75,96.25,2026-04,Pro-Junta,Pro-Junta,0,0,0.001762019583292248,0,0.044471298102885415,0,0.00011272315053072363
16.75,96.75,2025-11,Pro-Junta,Pro-Junta,0,0,0.008668010690672202,0,0.16882811080388307,0,0.0005040428796072605
16.75,96.75,2025-12,Pro-Junta,Pro-Junta,0,0,0.0072914863014514825,0,0.1456416346486892,0,0.00024589931326360256
16.75,96.75,2026-01,Pro-Junta,Pro-Junta,0,0,0.0080151837682522,0,0.19109609347273274,0,0.00043820347980328886
16.75,96.75,2026-02,Pro-Junta,Pro-Junta,0,0,0.006304862054075238,0,0.16882811080388307,0,0.0005040428796072605
16.75,96.75,2026-03,Pro-Junta,Pro-Junta,0,0,0.00606227550527052,0,0.15338424673096263,0,0.0003530608279896407
16.75,96.75,2026-04,Pro-Junta,Pro-Junta,0,0,0.004766673115103253,0,0.1456416346486892,0,0.00024589931326360256
16.75,97.25,2025-11,Pro-Junta,Pro-Junta,0,0,0.0051979722200365,0,0.09941346174159221,0,0.0002898904651675739
16.75,97.25,2025-12,Pro-Junta,Pro-Junta,0,0,0.0037613909402056524,0,0.08594399941262726,0,0.00022572495951808975
16.75,97.25,2026-01,Pro-Junta,Pro-Junta,0,0,0.0038072943382489468,0,0.13110273960354502,0,0.00028505228891177563
16.75,97.25,2026-02,Pro-Junta,Pro-Junta,0,0,0.003150290952954752,0,0.0889101353522313,0,0.00028505228891177563
16.75,97.25,2026-03,Pro-Junta,Pro-Junta,0,0,0.0024368524010376334,0,0.04590626236126809,0,0.0001447709484901501
16.75,97.25,2026-04,Pro-Junta,Pro-Junta,0,0,0.0018846790312776014,0,0.05291754833263124,0,0.00018886731741745512
16.75,97.75,2025-11,Pro-Junta,Pro-Junta,0,0,0.00018748641245629666,0,0.041025034411793164,0,0.0001447652069650803
16.75,97.75,2025-12,Pro-Junta,Pro-Junta,0,0,0.00014492927941356208,0,0.045410652918601,0,0.00018885982738836712
16.75,97.75,2026-01,Pro-Junta,Pro-Junta,0,0,0.0001371410500843592,0,0.05096689425105353,0,0.00015332427774742829
16.75,97.75,2026-02,Pro-Junta,Pro-Junta,0,0,0.0001134032927856471,0,0.05096689425105353,0,0.00015332427774742829
16.75,97.75,2026-03,Pro-Junta,Pro-Junta,0,0,7.660364343433278e-05,0,0.0395900701534105,0,0.00011271867985794656
16.75,97.75,2026-04,Pro-Junta,Pro-Junta,0,0,6.776121521782699e-05,0,0.045410652918601,0,0.00018885982738836712
16.75,98.25,2025-11,Pro-Junta,Pro-Junta,0,0,0.05624322588981949,0,0.04510130333376571,0,0.0005528021762903967
16.75,98.25,2025-12,Pro-Junta,Pro-Junta,0,0,0.057640557191306264,0,0.09013124140966985,0,0.00018050391724628315
16.75,98.25,2026-01,Pro-Junta,Pro-Junta,0,0,0.03599268872136681,0,0.08889735617106971,0,0.00022771593362908623
16.75,98.25,2026-02,Pro-Junta,Pro-Junta,0,0,0.019667760649876163,0,0.05818302912392121,0,0.00015597579924509384
16.75,98.25,2026-03,Pro-Junta,Anti-Junta,1,0,0.02045502553537742,0,0.08380349598914848,0,0.00024070498825038631
16.75,98.25,2026-04,Anti-Junta,Anti-Junta,0,1,0.8196222670695059,1,0.5331379475885543,0,0.002298319845342165
16.75,98.75,2025-11,Anti-Junta,Anti-Junta,0,0,0.16371258358203197,0,0.09451772143597223,0,0.0002889168084018206
16.75,98.75,2025-12,Anti-Junta,Anti-Junta,0,0,0.08952834590858638,0,0.06861405658055714,0,0.0002473730886124159
16.75,98.75,2026-01,Anti-Junta,Anti-Junta,0,0,0.09868369661745097,0,0.07696569499336879,0,0.00022400368657473068
16.75,98.75,2026-02,Anti-Junta,Anti-Junta,0,0,0.0830188082150371,0,0.06381276544251419,0,0.00022400368657473068
16.75,98.75,2026-03,Anti-Junta,Anti-Junta,0,0,0.08468929960560782,0,0.04274997503257956,0,0.00022400368657473068
16.75,98.75,2026-04,Anti-Junta,Anti-Junta,0,0,0.05896179483116576,0,0.06833180052623879,0,0.00026520993217100697
17.25,94.75,2025-11,Pro-Junta,Pro-Junta,0,0,0.008107461694667412,0,0.1456416346486892,0,0.00024589931326360256
17.25,94.75,2025-12,Pro-Junta,Pro-Junta,0,0,0.0072914863014514825,0,0.1456416346486892,0,0.00024589931326360256
17.25,94.75,2026-01,Pro-Junta,Pro-Junta,0,0,0.006557091847697693,0,0.1456416346486892,0,0.00024589931326360256
17.25,94.75,2026-02,Pro-Junta,Pro-Junta,0,0,0.005896225861496115,0,0.1456416346486892,0,0.00024589931326360256
17.25,94.75,2026-03,Pro-Junta,Pro-Junta,0,0,0.005301610758018675,0,0.1456416346486892,0,0.00024589931326360256
17.25,94.75,2026-04,Pro-Junta,Pro-Junta,0,0,0.004766673115103253,0,0.1456416346486892,0,0.00024589931326360256
17.25,95.25,2025-11,Pro-Junta,Pro-Junta,0,0,0.008107461694667412,0,0.1456416346486892,0,0.00024589931326360256
17.25,95.25,2025-12,Pro-Junta,Pro-Junta,0,0,0.0072914863014514825,0,0.1456416346486892,0,0.00024589931326360256
17.25,95.25,2026-01,Pro-Junta,Pro-Junta,0,0,0.006557091847697693,0,0.1456416346486892,0,0.00024589931326360256
17.25,95.25,2026-02,Pro-Junta,Pro-Junta,0,0,0.005896225861496115,0,0.1456416346486892,0,0.00024589931326360256
17.25,95.25,2026-03,Pro-Junta,Pro-Junta,0,0,0.005301610758018675,0,0.1456416346486892,0,0.00024589931326360256
17.25,95.25,2026-04,Pro-Junta,Pro-Junta,0,0,0.004766673115103253,0,0.1456416346486892,0,0.00024589931326360256
17.25,95.75,2025-11,Pro-Junta,Pro-Junta,0,0,0.008107461694667412,0,0.1456416346486892,0,0.00024589931326360256
17.25,95.75,2025-12,Pro-Junta,Pro-Junta,0,0,0.0072914863014514825,0,0.1456416346486892,0,0.00024589931326360256
17.25,95.75,2026-01,Pro-Junta,Pro-Junta,0,0,0.006557091847697693,0,0.1456416346486892,0,0.00024589931326360256
17.25,95.75,2026-02,Pro-Junta,Pro-Junta,0,0,0.005896225861496115,0,0.1456416346486892,0,0.00024589931326360256
17.25,95.75,2026-03,Pro-Junta,Pro-Junta,0,0,0.005301610758018675,0,0.1456416346486892,0,0.00024589931326360256
17.25,95.75,2026-04,Pro-Junta,Pro-Junta,0,0,0.004766673115103253,0,0.1456416346486892,0,0.00024589931326360256
17.25,96.25,2025-11,Pro-Junta,Pro-Junta,0,0,0.008668010690672202,0,0.16882811080388307,0,0.0005040428796072605
17.25,96.25,2025-12,Pro-Junta,Pro-Junta,0,0,0.0072914863014514825,0,0.1456416346486892,0,0.00024589931326360256
17.25,96.25,2026-01,Pro-Junta,Pro-Junta,0,0,0.007011206136601217,0,0.16882811080388307,0,0.0005040428796072605
17.25,96.25,2026-02,Pro-Junta,Pro-Junta,0,0,0.006304862054075238,0,0.16882811080388307,0,0.0005040428796072605
17.25,96.25,2026-03,Pro-Junta,Pro-Junta,0,0,0.0064823446779649786,0,0.19109609347273274,0,0.00043820347980328886
17.25,96.25,2026-04,Pro-Junta,Pro-Junta,0,0,0.006232972122717397,0,0.21296598835187808,0,0.0005223010703849641
17.25,96.75,2025-11,Pro-Junta,Pro-Junta,0,0,0.006344975075420653,0,0.08065720373581707,0,0.0001100039213905649
17.25,96.75,2025-12,Pro-Junta,Pro-Junta,0,0,0.004592856259176763,0,0.0758113666602893,0,0.00010048868161778457
17.25,96.75,2026-01,Pro-Junta,Pro-Junta,0,0,0.00795550593949778,0,0.039136650329241025,0,6.372474261336806e-05
17.25,96.75,2026-02,Pro-Junta,Pro-Junta,0,0,0.00012437256589036615,0,0.03806129821247394,0,8.120763743054724e-05
17.25,96.75,2026-03,Pro-Junta,Pro-Junta,0,0,0.013752032646735612,0,0.05296720980196611,0,0.00037146682573818994
17.25,96.75,2026-04,Pro-Junta,Pro-Junta,0,0,0.01264302766108631,0,0.07454090538131056,0,0.00012409695083253657
17.25,97.25,2025-11,Anti-Junta,Anti-Junta,0,0,0.2668179373118266,0,0.056270861190571606,0,0.000634965480245928
17.25,97.25,2025-12,Anti-Junta,Anti-Junta,0,0,0.020925091956317986,0,0.03578306230362819,0,6.748613785776474e-05
17.25,97.25,2026-01,Anti-Junta,Anti-Junta,0,0,0.08431255696035707,0,0.022583844574043034,0,0.00019874779340645855
17.25,97.25,2026-02,Anti-Junta,Anti-Junta,0,0,0.15959721214010933,0,0.07430062242264791,0,0.0002706713546577304
17.25,97.25,2026-03,Anti-Junta,Anti-Junta,0,0,0.03337641944847983,0,0.02564995589447921,0,0.001370609771949585
17.25,97.25,2026-04,Anti-Junta,Anti-Junta,0,0,0.04452177742141208,0,0.023160167243061885,0,0.00022411505044863045
17.25,97.75,2025-11,Anti-Junta,Anti-Junta,0,0,0.17887858604611503,0,0.08374718899661182,0,0.0005103301017093155
17.25,97.75,2025-12,Anti-Junta,Anti-Junta,0,0,0.07432084441910244,0,0.05170796568246753,0,0.00019779486969265532
17.25,97.75,2026-01,Anti-Junta,Anti-Junta,0,0,0.04605126399616473,0,0.035609571921597014,0,0.0001216806231339318
17.25,97.75,2026-02,Anti-Junta,Anti-Junta,0,0,0.04367757212018822,0,0.08974269281035595,0,0.000187198193491017
17.25,97.75,2026-03,Anti-Junta,Anti-Junta,0,0,0.04488639400553673,0,0.032104018770135835,0,0.00023959039218481552
17.25,97.75,2026-04,Anti-Junta,Anti-Junta,0,0,0.039223723576176414,0,0.0388528870230463,0,0.0001463831251989891
17.25,98.25,2025-11,Anti-Junta,Anti-Junta,0,0,0.03735536088311263,0,0.07155505566834337,0,0.00019623681507435127
17.25,98.25,2025-12,Anti-Junta,Anti-Junta,0,0,0.03108982936507597,0,0.07155505566834337,0,0.00019623681507435127
17.25,98.25,2026-01,Anti-Junta,Anti-Junta,0,0,0.024202616623051856,0,0.03923138366687071,0,0.00013244019911519433
17.25,98.25,2026-02,Anti-Junta,Anti-Junta,0,0,0.020097109327659145,0,0.03923138366687071,0,0.00013244019911519433
17.25,98.25,2026-03,Anti-Junta,Anti-Junta,0,0,0.016676120555422166,0,0.04263492803109292,0,0.0004430114460168706
17.25,98.25,2026-04,Anti-Junta,Anti-Junta,0,0,0.013829244145946907,0,0.04994400030172337,0,0.00019360679557843327
17.75,94.75,2025-11,Pro-Junta,Pro-Junta,0,0,0.003262970955618395,0,0.044471298102885415,0,0.00011272315053072363
17.75,94.75,2025-12,Pro-Junta,Pro-Junta,0,0,0.0028873853281434756,0,0.05291754833263124,0,0.00018886731741745512
17.75,94.75,2026-01,Pro-Junta,Pro-Junta,0,0,0.0025549208245875866,0,0.04590626236126809,0,0.0001447709484901501
17.75,94.75,2026-02,Pro-Junta,Pro-Junta,0,0,0.0018474520995870707,0,0.044471298102885415,0,0.00011272315053072363
17.75,94.75,2026-03,Pro-Junta,Pro-Junta,0,0,0.001528128887474828,0,0.044471298102885415,0,0.00011272315053072363
17.75,94.75,2026-04,Pro-Junta,Pro-Junta,0,0,0.001263929267365259,0,0.044471298102885415,0,0.00011259759158912832
17.75,95.25,2025-11,Pro-Junta,Pro-Junta,0,0,0.008953457206786954,0,0.019668653843266624,0,4.1163669857244616e-05
17.75,95.25,2025-12,Pro-Junta,Pro-Junta,0,0,0.004086325450449801,0,0.09786019963230645,0,0.00022572495951808975
17.75,95.25,2026-01,Pro-Junta,Pro-Junta,0,0,0.00386755321681351,0,0.08214842431261063,0,0.0002898904651675739
17.75,95.25,2026-02,Pro-Junta,Pro-Junta,0,0,0.002797630324126255,0,0.0931839660411277,0,0.0002049828914352332
17.75,95.25,2026-03,Pro-Junta,Pro-Junta,0,0,0.002647668368294621,0,0.07187916449260619,0,0.00026325372403017514
17.75,95.25,2026-04,Pro-Junta,Pro-Junta,0,0,0.002047823666558136,0,0.05291754833263124,0,0.00018886731741745512
17.75,95.75,2025-11,Pro-Junta,Pro-Junta,0,0,0.005600742675324069,0,0.009844612689114159,0,7.862512889159371e-05
17.75,95.75,2025-12,Pro-Junta,Pro-Junta,0,0,0.006507711194545387,0,0.07125744273766614,0,0.0001292565055314885
17.75,95.75,2026-01,Pro-Junta,Pro-Junta,0,0,0.005112804751997768,0,0.09682302660570274,0,0.00012117711565868874
17.75,95.75,2026-02,Pro-Junta,Pro-Junta,0,0,0.005780888620074594,0,0.022107168829869753,0,7.284647279419099e-05
17.75,95.75,2026-03,Pro-Junta,Pro-Junta,0,0,0.0033955977369744127,0,0.09941346174159221,0,0.0002898904651675739
17.75,95.75,2026-04,Pro-Junta,Pro-Junta,0,0,0.002809438163230825,0,0.08214842431261063,0,0.0002898904651675739
17.75,96.25,2025-11,Pro-Junta,Pro-Junta,0,0,0.0032121014690463232,0,0.05291754833263124,0,0.00018886731741745512
17.75,96.25,2025-12,Pro-Junta,Pro-Junta,0,0,0.002842354497484032,0,0.04590626236126809,0,0.0001447709484901501
17.75,96.25,2026-01,Pro-Junta,Pro-Junta,0,0,0.0028770745159714816,0,0.07229101229790506,0,0.0005779717063822758
17.75,96.25,2026-02,Pro-Junta,Pro-Junta,0,0,0.0033312047782509996,0,0.05574089145390062,0,0.00048572187125873215
17.75,96.25,2026-03,Pro-Junta,Pro-Junta,0,0,0.00240929885989408,0,0.07516298735229451,0,0.00037525987669190865
17.75,96.25,2026-04,Pro-Junta,Pro-Junta,0,0,0.0021317653557967418,0,0.08004544481588527,0,0.000974639655401521
17.75,96.75,2025-11,Anti-Junta,Anti-Junta,0,0,0.15698027562376518,0,0.10609656446342215,0,0.0001919972464955442
17.75,96.75,2025-12,Anti-Junta,Anti-Junta,0,0,0.037305796735275766,0,0.04095618045345585,0,0.00012207076474982578
17.75,96.75,2026-01,Anti-Junta,Anti-Junta,0,0,0.03310534699294871,0,0.0491974909993113,0,0.00024824309997693877
17.75,96.75,2026-02,Anti-Junta,Anti-Junta,0,0,0.08769386228243103,0,0.08504913206186147,0,0.00014470817391892994
17.75,96.75,2026-03,Anti-Junta,Anti-Junta,0,0,0.00039049354205183105,0,0.03957555374600818,0,0.00486637622860031
17.75,96.75,2026-04,Anti-Junta,Anti-Junta,0,0,0.3838465792408001,0,0.024610043560936958,0,0.0016674752089898765
17.75,97.25,2025-11,Anti-Junta,Anti-Junta,0,0,0.017205836678286787,0,0.0530253513996261,0,0.00017767704222441694
17.75,97.25,2025-12,Anti-Junta,Anti-Junta,0,0,0.011687331635086897,0,0.04924858739916436,0,0.00019623449108540882
17.75,97.25,2026-01,Anti-Junta,Anti-Junta,0,0,0.012643376615790888,0,0.07040496491361938,0,0.00028486298737555993
17.75,97.25,2026-02,Anti-Junta,Anti-Junta,0,0,0.014616466397132304,0,0.06641249660808946,0,0.000517447840960992
17.75,97.25,2026-03,Anti-Junta,Anti-Junta,0,0,0.009920078816200316,0,0.09386622193042575,0,0.014966999310506823
17.75,97.25,2026-04,Anti-Junta,Anti-Junta,0,0,0.010040384350237127,0,0.07522575265668192,0,0.0012804239418230021
17.75,97.75,2025-11,Anti-Junta,Anti-Junta,0,0,0.04983106194235537,0,0.08507987059155907,0,0.0003118616512907812
17.75,97.75,2025-12,Anti-Junta,Anti-Junta,0,0,0.034212793761399005,0,0.057561165640944545,0,0.0002408404287353133
17.75,97.75,2026-01,Anti-Junta,Anti-Junta,0,0,0.03461740785576522,0,0.05308254466233315,0,0.0001677485962345273
17.75,97.75,2026-02,Anti-Junta,Anti-Junta,0,0,0.02525650430126852,0,0.07155505566834337,0,0.00019623681507435127
17.75,97.75,2026-03,Anti-Junta,Anti-Junta,0,0,0.02097606821676509,0,0.0874068112233524,0,0.0023791299034082356
17.75,97.75,2026-04,Anti-Junta,Anti-Junta,0,0,0.019871100872691685,0,0.061895800710925625,0,0.0002775868613331004
18.25,94.25,2025-11,Pro-Junta,Pro-Junta,0,0,3.365781738618802e-05,0,0.02486961989551979,0,5.0761453080232556e-05
18.25,94.25,2025-12,Pro-Junta,Pro-Junta,0,0,2.986547627227036e-07,0,0.044171226705212875,0,4.385495914544623e-05
18.25,94.25,2026-01,Pro-Junta,Pro-Junta,0,0,0.0189172729445817,0,0.0981711107424788,0,0.0002728545789610629
18.25,94.25,2026-02,Pro-Junta,Pro-Junta,0,0,0.009350652092359368,0,0.09650561412110102,0,0.00010560770610843166
18.25,94.25,2026-03,Pro-Junta,Pro-Junta,0,0,0.002163754812481562,0,0.01505538969382712,0,0.00011009370280933687
18.25,94.25,2026-04,Pro-Junta,Pro-Junta,0,0,0.003064526206727375,0,0.06304092242204061,0,0.00010047909209205006
18.25,94.75,2025-11,Pro-Junta,Pro-Junta,0,0,0.008107461694667412,0,0.1456416346486892,0,0.00024589931326360256
18.25,94.75,2025-12,Pro-Junta,Pro-Junta,0,0,0.007796062271068093,0,0.16882811080388307,0,0.0005040428796072605
18.25,94.75,2026-01,Pro-Junta,Pro-Junta,0,0,0.007496532989697278,0,0.15338424673096263,0,0.0003530608279896407
18.25,94.75,2026-02,Pro-Junta,Pro-Junta,0,0,0.005896225861496115,0,0.1456416346486892,0,0.00024589931326360256
18.25,94.75,2026-03,Pro-Junta,Pro-Junta,0,0,0.005669272340680335,0,0.16882811080388307,0,0.0005040428796072605
18.25,94.75,2026-04,Pro-Junta,Pro-Junta,0,0,0.004766673115103253,0,0.1456416346486892,0,0.00024589931326360256
18.25,95.25,2025-11,Pro-Junta,Pro-Junta,0,0,0.008668010690672202,0,0.16882811080388307,0,0.0005040428796072605
18.25,95.25,2025-12,Pro-Junta,Pro-Junta,0,0,0.007796062271068093,0,0.16882811080388307,0,0.0005040428796072605
18.25,95.25,2026-01,Pro-Junta,Pro-Junta,0,0,0.007496532989697278,0,0.15338424673096263,0,0.0003530608279896407
18.25,95.25,2026-02,Pro-Junta,Pro-Junta,0,0,0.005896225861496115,0,0.1456416346486892,0,0.00024589931326360256
18.25,95.25,2026-03,Pro-Junta,Pro-Junta,0,0,0.006931318436475304,0,0.21296598835187808,0,0.0005223010703849641
18.25,95.25,2026-04,Pro-Junta,Pro-Junta,0,0,0.005097427398417488,0,0.16882811080388307,0,0.0005040428796072605
18.25,95.75,2025-11,Pro-Junta,Pro-Junta,0,0,0.0018040585825518333,0,0.026902400301079536,0,0.00016086641517496807
18.25,95.75,2025-12,Pro-Junta,Pro-Junta,0,0,0.00016857374098488596,0,0.019789209010378936,0,0.00010209224327880767
18.25,95.75,2026-01,Pro-Junta,Pro-Junta,0,0,0.02470100545534851,0,0.046758635850375034,0,0.0003644951890061887
18.25,95.75,2026-02,Pro-Junta,Pro-Junta,0,0,0.003672813873728207,0,0.012454784101964954,0,8.291842783360552e-05
18.25,95.75,2026-03,Pro-Junta,Pro-Junta,0,0,0.0008792943278124052,0,0.03247190019712018,0,5.2745646190004734e-05
18.25,95.75,2026-04,Pro-Junta,Pro-Junta,0,0,0.01545180518285284,0,0.08777694867539915,0,0.0005745277513536325
18.25,96.25,2025-11,Anti-Junta,Anti-Junta,0,0,0.00633928510943521,0,0.007825295986277259,0,0.00016382575558166666
18.25,96.25,2025-12,Anti-Junta,Anti-Junta,0,0,0.011253441029093201,0,0.059420681624468674,0,0.00017731196141231942
18.25,96.25,2026-01,Anti-Junta,Anti-Junta,0,0,0.012542855520264486,0,0.06426564816665653,0,0.0033642344813087414
18.25,96.25,2026-02,Anti-Junta,Anti-Junta,0,0,0.04548659991292592,0,0.12923537419331266,0,0.0032057408964762126
18.25,96.25,2026-03,Anti-Junta,Anti-Junta,0,0,0.0046614460381581456,0,0.032553195253254515,0,0.000602824362988281
18.25,96.25,2026-04,Anti-Junta,Anti-Junta,0,0,0.015982599485295977,0,0.05793411157877011,0,0.0021757186775725797
18.25,96.75,2025-11,Anti-Junta,Anti-Junta,0,0,0.023985089346161642,0,0.013919957059267478,0,0.0002050809853002991
18.25,96.75,2025-12,Anti-Junta,Anti-Junta,0,0,0.07831016040848228,0,0.03708007434395399,0,0.00017622972144498318
18.25,96.75,2026-01,Anti-Junta,Anti-Junta,0,0,0.0010518293949341457,0,0.02313403964382538,0,0.00020159025524771462
18.25,96.75,2026-02,Anti-Junta,Anti-Junta,0,1,0.5839110057414524,0,0.0,0,0.00011616137739626519
18.25,96.75,2026-03,Anti-Junta,Anti-Junta,0,0,0.005540574529397761,0,0.009921725517481302,0,0.0018520483301126059
18.25,96.75,2026-04,Anti-Junta,Anti-Junta,0,0,0.03242897320150412,0,0.03317040620097833,0,0.0004755734818100595
18.25,97.25,2025-11,Anti-Junta,Anti-Junta,0,0,0.17705029706620426,0,0.08005038991820923,0,0.0002603386994872217
18.25,97.25,2025-12,Anti-Junta,Anti-Junta,0,0,0.06532251030382824,0,0.07034387720790898,0,0.00011234401314383318
18.25,97.25,2026-01,Anti-Junta,Anti-Junta,0,0,0.045137323088112906,0,0.04851685440395321,0,0.00011592650461335887
18.25,97.25,2026-02,Anti-Junta,Anti-Junta,0,0,0.04923319264616175,0,0.07965653899289121,0,0.00017834980615232822
18.25,97.25,2026-03,Anti-Junta,Anti-Junta,0,0,0.030165655528127482,0,0.036596522661273695,0,0.00296625460006524
18.25,97.25,2026-04,Anti-Junta,Anti-Junta,0,0,0.35060598675563853,0,0.06590675274653798,0,0.002246477216929828
18.25,97.75,2025-11,Anti-Junta,Anti-Junta,0,0,0.088330749123882,0,0.2235069545041163,0,0.0006161468305412963
18.25,97.75,2025-12,Anti-Junta,Anti-Junta,0,0,0.0800926614924097,0,0.2235069545041163,0,0.0006161468305412963
18.25,97.75,2026-01,Anti-Junta,Anti-Junta,0,0,0.06815333282531104,0,0.17110900613945432,0,0.00033991498934093326
18.25,97.75,2026-02,Anti-Junta,Anti-Junta,0,0,0.0656883675415059,0,0.2235069545041163,0,0.0006161468305412963
18.25,97.75,2026-03,Anti-Junta,Anti-Junta,0,0,0.06330649822894509,0,0.22877676833566632,0,0.010664854359259849
18.25,97.75,2026-04,Anti-Junta,Anti-Junta,0,0,0.0649836492057114,0,0.26346077134296264,0,0.0011706371177872383
18.75,93.75,2025-11,Pro-Junta,Pro-Junta,0,0,0.0031620225183179662,0,0.04590626236126809,0,0.0001447709484901501
18.75,93.75,2025-12,Pro-Junta,Pro-Junta,0,0,0.002798023983992274,0,0.05584812220052845,0,0.00015333035868128581
18.75,93.75,2026-01,Pro-Junta,Pro-Junta,0,0,0.002475823336189307,0,0.06942959199278573,0,0.00016240750223122172
18.75,93.75,2026-02,Pro-Junta,Pro-Junta,0,0,0.002048112036403866,0,0.06942959199278573,0,0.0001624059598783933
18.75,93.75,2026-03,Pro-Junta,Pro-Junta,0,0,0.001938248573411666,0,0.06129245835195071,0,0.00028408097963987435
18.75,93.75,2026-04,Pro-Junta,Pro-Junta,0,0,0.0011449913852254073,0,0.045410652918601,0,0.00018885982738836712
18.75,94.25,2025-11,Pro-Junta,Pro-Junta,0,0,0.032994412432815125,0,0.04590626236126809,0,0.0001237340215628905
18.75,94.25,2025-12,Pro-Junta,Pro-Junta,0,0,0.029297167334322985,0,0.05584812220052845,0,0.00013104981148435096
18.75,94.25,2026-01,Pro-Junta,Pro-Junta,0,0,0.02600308264832321,0,0.06942959199278573,0,0.0001388068134802944
18.75,94.25,2026-02,Pro-Junta,Pro-Junta,0,0,0.02307057215786626,0,0.06279190870076175,0,0.00015989855040426278
18.75,94.25,2026-03,Pro-Junta,Pro-Junta,0,0,0.02046182928447516,0,0.06129245835195071,0,0.00016857558962622468
18.75,94.25,2026-04,Pro-Junta,Pro-Junta,0,0,0.013018467454049217,0,0.041025034411793164,0,0.0001237291142459124
18.75,94.75,2025-11,Pro-Junta,Pro-Junta,0,0,0.08721404231578797,0,0.14163220050294947,0,0.00023765549635270655
18.75,94.75,2025-12,Pro-Junta,Pro-Junta,0,0,0.08946407157608186,0,0.1493748125852229,0,0.00030176605888632976
18.75,94.75,2026-01,Pro-Junta,Pro-Junta,0,0,0.08629972263152055,0,0.187086659326993,0,0.00037454331649153385
18.75,94.75,2026-02,Pro-Junta,Pro-Junta,0,0,0.07350905228234114,0,0.1493748125852229,0,0.00030176605888632976
18.75,94.75,2026-03,Pro-Junta,Pro-Junta,0,0,0.06248447316343892,0,0.16481867665814334,0,0.00043082199708426835
18.75,94.75,2026-04,Pro-Junta,Pro-Junta,0,0,0.05650750458309392,0,0.16481867665814334,0,0.00043082199708426835
18.75,95.25,2025-11,Pro-Junta,Pro-Junta,0,0,0.008668010690672202,0,0.16882811080388307,0,0.0005040428796072605
18.75,95.25,2025-12,Pro-Junta,Pro-Junta,0,0,0.008335262071762111,0,0.15338424673096263,0,0.0003530608279896407
18.75,95.25,2026-01,Pro-Junta,Pro-Junta,0,0,0.0080151837682522,0,0.19109609347273274,0,0.00043820347980328886
18.75,95.25,2026-02,Pro-Junta,Pro-Junta,0,0,0.0024914857219760856,0,0.03439335296438942,0,0.00013480201947162798
18.75,95.25,2026-03,Pro-Junta,Pro-Junta,0,0,0.009727762697291566,0,0.11286838503103698,0,0.00034379787154003373
18.75,95.25,2026-04,Pro-Junta,Pro-Junta,0,0,0.005574079313015786,0,0.07642974006852776,0,0.00013964650511511434
18.75,95.75,2025-11,Anti-Junta,Anti-Junta,0,0,0.010774124941093137,0,0.0360200192101214,0,0.00023194555685762677
18.75,95.75,2025-12,Anti-Junta,Anti-Junta,0,0,0.021452647838798924,0,0.13025518683027126,0,0.0003333885838865397
18.75,95.75,2026-01,Anti-Junta,Anti-Junta,0,0,0.01461824269492498,0,0.08735218896919057,0,0.00013806114143644836
18.75,95.75,2026-02,Anti-Junta,Anti-Junta,0,0,0.0010450970414416152,0,0.045866512258073346,0,0.00019179198898484277
18.75,95.75,2026-03,Anti-Junta,Anti-Junta,0,0,0.02291865765416132,0,0.09218729287697708,0,0.00034302453262460543
18.75,95.75,2026-04,Anti-Junta,Anti-Junta,0,0,0.013366213359924233,0,0.06775614274638764,0,0.00011975510086805979
18.75,96.25,2025-11,Anti-Junta,Anti-Junta,0,0,0.013283303787692935,0,0.05008395120208479,0,0.00023194555685762677
18.75,96.25,2025-12,Anti-Junta,Anti-Junta,0,0,0.023469594852851952,0,0.12729706519002806,0,0.00040813101491219924
18.75,96.25,2026-01,Anti-Junta,Anti-Junta,0,0,0.003960508026022298,0,0.05053350606804937,0,0.0017141817735872157
18.75,96.25,2026-02,Anti-Junta,Anti-Junta,0,0,0.034632536989554374,0,0.07221365944190014,0,0.00879002564791592
18.75,96.25,2026-03,Anti-Junta,Anti-Junta,0,0,0.02826974552797782,0,0.09748436720422486,0,0.002948771603212085
18.75,96.25,2026-04,Anti-Junta,Anti-Junta,0,0,0.00614090560258548,0,0.03446787225541191,0,0.0017798616709798838
18.75,96.75,2025-11,Anti-Junta,Anti-Junta,0,0,0.01101224733604797,0,0.12482362681318016,0,0.00019549813230154022
18.75,96.75,2025-12,Anti-Junta,Anti-Junta,0,0,0.0669271674398319,0,0.07201988120842986,0,0.00023005240160491237
18.75,96.75,2026-01,Anti-Junta,Anti-Junta,0,0,0.13209310947218736,0,0.09771962639158625,0,0.000213170813848505
18.75,96.75,2026-02,Anti-Junta,Anti-Junta,0,0,0.04788309541072288,0,0.0632619676872512,0,0.0001713979284325675
18.75,96.75,2026-03,Anti-Junta,Anti-Junta,0,0,0.07783781236556299,0,0.14124726070722024,0,0.005570800766561031
18.75,96.75,2026-04,Anti-Junta,Anti-Junta,0,0,0.0832884363758772,0,0.17606609567972364,0,0.0004669242760155134
18.75,97.25,2025-11,Anti-Junta,Anti-Junta,0,0,0.00015596958591110677,0,0.027707811809094592,0,0.00011217812544560662
18.75,97.25,2025-12,Anti-Junta,Anti-Junta,0,0,0.02751057973049005,0,0.022644593544403444,0,0.0001505474541829458
18.75,97.25,2026-01,Anti-Junta,Anti-Junta,0,0,0.0005696760698320057,0,0.03013857279120664,0,0.0002263321871171508
18.75,97.25,2026-02,Anti-Junta,Anti-Junta,0,0,0.0003130750783867907,0,0.05861449079181392,0,0.000784940909024452
18.75,97.25,2026-03,Anti-Junta,Anti-Junta,0,0,0.026600718486458574,0,0.14477554438336845,0,0.005540096515373294
18.75,97.25,2026-04,Anti-Junta,Anti-Junta,0,0,0.011524265465242418,0,0.12877380053146203,0,0.0011322255469890115
18.75,97.75,2025-11,Anti-Junta,Anti-Junta,0,0,0.017215415546744172,0,0.2654232195611497,0,0.0012184128731580865
18.75,97.75,2025-12,Anti-Junta,Anti-Junta,0,0,0.01549709206989757,0,0.2654232195611497,0,0.0012184128731580865
18.75,97.75,2026-01,Anti-Junta,Anti-Junta,0,0,0.01305035142878942,0,0.1932565447723073,0,0.0005946252016441351
18.75,97.75,2026-02,Anti-Junta,Anti-Junta,0,0,0.01255150299553216,0,0.2654232195611497,0,0.0012184128731580865
18.75,97.75,2026-03,Anti-Junta,Anti-Junta,0,0,0.00015077357115992812,0,0.10273813781021322,0,0.00026145698438400993
18.75,97.75,2026-04,Anti-Junta,Anti-Junta,0,0,0.01849132379260405,0,0.1267844018562205,0,0.0009125295171609523
19.25,93.75,2025-11,Pro-Junta,Pro-Junta,0,0,1.173097823873126e-06,0,0.013163870471101558,0,9.85442795922871e-05
19.25,93.75,2025-12,Pro-Junta,Pro-Junta,0,0,5.143231753045647e-07,0,0.0,0,7.359884858203295e-05
19.25,93.75,2026-01,Pro-Junta,Pro-Junta,0,0,1.7631637448825977e-11,0,0.0,0,5.928389241587313e-05
19.25,93.75,2026-02,Pro-Junta,Pro-Junta,0,0,2.553511142440146e-15,0,0.0,0,4.1000417845233735e-05
19.25,93.75,2026-03,Pro-Junta,Pro-Junta,0,0,0.0010739933130372724,0,0.0,0,0.00012581557467011807
19.25,93.75,2026-04,Pro-Junta,Pro-Junta,0,0,0.010208260449946448,0,0.0,0,0.00021753355372614193
19.25,94.25,2025-11,Pro-Junta,Pro-Junta,0,0,0.018703741750269176,0,0.041025034411793164,0,0.0001237291142459124
19.25,94.25,2025-12,Pro-Junta,Pro-Junta,0,0,0.015516180431650262,0,0.041025034411793164,0,0.0001237291142459124
19.25,94.25,2026-01,Pro-Junta,Pro-Junta,0,0,0.012864733391530398,0,0.041025034411793164,0,0.0001237291142459124
19.25,94.25,2026-02,Pro-Junta,Pro-Junta,0,0,0.013915735852815072,0,0.06129245835195071,0,0.00016857558962622468
19.25,94.25,2026-03,Pro-Junta,Pro-Junta,0,0,0.011534572838471889,0,0.06129245835195071,0,0.00016857558962622468
19.25,94.25,2026-04,Pro-Junta,Pro-Junta,0,0,0.007820563228673208,0,0.05096689425105353,0,0.00013104461405965284
19.25,94.75,2025-11,Pro-Junta,Pro-Junta,0,0,0.008107461694667412,0,0.1456416346486892,0,0.00024589931326360256
19.25,94.75,2025-12,Pro-Junta,Pro-Junta,0,0,0.007796062271068093,0,0.16882811080388307,0,0.0005040428796072605
19.25,94.75,2026-01,Pro-Junta,Pro-Junta,0,0,0.002673732188478577,0,0.03622461018796731,0,0.00019246638907677183
19.25,94.75,2026-02,Pro-Junta,Pro-Junta,0,0,0.010125899494216082,0,0.10735836735654677,0,0.0002541844813504737
19.25,94.75,2026-03,Pro-Junta,Pro-Junta,0,0,0.0011116079206734564,0,0.028666855730088397,0,0.00011489595840931781
19.25,94.75,2026-04,Pro-Junta,Pro-Junta,0,0,0.004709449099977777,0,0.048329589532289476,0,0.000274368115804109
19.25,95.25,2025-11,Pro-Junta,Pro-Junta,0,0,0.003108812147852556,0,0.03246978088073915,0,0.00013012164371665626
19.25,95.25,2025-12,Pro-Junta,Pro-Junta,0,0,0.004559473584590157,0,0.04706213991855207,0,0.00017896168605804994
19.25,95.25,2026-01,Pro-Junta,Pro-Junta,0,0,0.004386200149063489,0,0.014723833060819112,0,5.664900844013395e-05
19.25,95.25,2026-02,Pro-Junta,Pro-Junta,0,0,0.009141487458636023,0,0.06200288351078818,0,0.00022051579985938292
19.25,95.25,2026-03,Pro-Junta,Pro-Junta,0,0,0.00605739634701613,0,0.06372960383502804,0,0.00011135725416402516
19.25,95.25,2026-04,Pro-Junta,Pro-Junta,0,0,0.002864542599088443,0,0.025557444499267362,0,0.00010491121279294983
19.25,95.75,2025-11,Pro-Junta,Pro-Junta,0,0,0.0099068693531241,0,0.19109609347273274,0,0.00043820347980328886
19.25,95.75,2025-12,Pro-Junta,Pro-Junta,0,0,0.00891141965748051,0,0.19109609347273274,0,0.00043820347980328886
19.25,95.75,2026-01,Pro-Junta,Pro-Junta,0,0,0.007011206136601217,0,0.16882811080388307,0,0.0005040428796072605
19.25,95.75,2026-02,Pro-Junta,Pro-Junta,0,0,0.007208428191807218,0,0.19109609347273274,0,0.00043820347980328886
19.25,95.75,2026-03,Pro-Junta,Pro-Junta,0,0,0.00606227550527052,0,0.15338424673096263,0,0.0003530608279896407
19.25,95.75,2026-04,Pro-Junta,Pro-Junta,0,0,0.004766673115103253,0,0.1456416346486892,0,0.00024589931326360256
19.25,96.25,2025-11,Pro-Junta,Pro-Junta,0,0,0.015605134233428138,0,0.09107758591512166,0,0.00010928982941248214
19.25,96.25,2025-12,Pro-Junta,Pro-Junta,0,0,0.0068961195920006066,0,0.06144035037652138,0,8.12075044822048e-05
19.25,96.25,2026-01,Pro-Junta,Pro-Junta,0,0,0.003688206650183089,0,0.07658751243866249,0,0.00012340828023921512
19.25,96.25,2026-02,Pro-Junta,Pro-Junta,0,0,0.004845775432096331,0,0.09026895123566561,0,0.0001100039213905649
19.25,96.25,2026-03,Pro-Junta,Pro-Junta,0,0,0.004831325658740731,0,0.058801999226889716,0,0.0001100039213905649
19.25,96.25,2026-04,Pro-Junta,Pro-Junta,0,0,0.0034946167808587777,0,0.06096038298740909,0,0.00019065241030408016
19.25,96.75,2025-11,Anti-Junta,Anti-Junta,0,0,0.0017289227511270574,0,0.04308718650738155,0,0.00016774660956861713
19.25,96.75,2025-12,Anti-Junta,Anti-Junta,0,0,0.001529643395115604,0,0.0530253513996261,0,0.00017767704222441694
19.25,96.75,2026-01,Anti-Junta,Anti-Junta,0,0,0.0010337454610700805,0,0.04924858739916436,0,0.00019623449108540882
19.25,96.75,2026-02,Anti-Junta,Anti-Junta,0,0,0.0009782406376796539,0,0.04308718650738155,0,0.00016774660956861713
19.25,96.75,2026-03,Anti-Junta,Anti-Junta,0,0,0.0008090346736870675,0,0.058938942062390615,0,0.002034366075039805
19.25,96.75,2026-04,Anti-Junta,Anti-Junta,0,0,0.0005847260361554008,0,0.05806184344775683,0,0.00032471866546006676
19.25,97.25,2025-11,Anti-Junta,Anti-Junta,0,0,0.015668277040793634,0,0.034056425517489435,0,0.00012889533474598857
19.25,97.25,2025-12,Anti-Junta,Anti-Junta,0,0,0.01160490262267369,0,0.10277915433966028,0,0.0003978897510678499
19.25,97.25,2026-01,Anti-Junta,Anti-Junta,0,0,0.010376828471182301,0,0.05588999926957319,0,0.0004475157356487039
19.25,97.25,2026-02,Anti-Junta,Anti-Junta,0,0,0.007050588091868262,0,0.10832939848278843,0,0.0006215445731942448
19.25,97.25,2026-03,Anti-Junta,Anti-Junta,0,0,0.000182794469962201,0,0.11328095038541243,0,0.000460978821865606
19.25,97.25,2026-04,Anti-Junta,Anti-Junta,0,0,0.015218473029419912,0,0.12089054736367073,0,0.0006829680480102107
19.25,97.75,2025-11,Anti-Junta,Anti-Junta,0,0,0.011288761109401932,0,0.10161196348289536,0,0.0004475157356487039
19.25,97.75,2025-12,Anti-Junta,Anti-Junta,0,0,0.012328585930822825,0,0.05633139356498533,0,0.00036121135229424245
19.25,97.75,2026-01,Anti-Junta,Anti-Junta,0,0,0.00733243096561734,0,0.07414779625232869,0,0.00037102601720736384
19.25,97.75,2026-02,Anti-Junta,Anti-Junta,0,0,0.00015608984827608096,0,0.1034146178318695,0,0.0003146687019171867
19.25,97.75,2026-03,Anti-Junta,Anti-Junta,0,0,0.018027593394235198,0,0.12642272196407023,0,0.0006006726199110256
19.25,97.75,2026-04,Anti-Junta,Anti-Junta,0,0,0.01279713419300891,0,0.13791105830290432,0,0.0002509551725553555
19.75,93.75,2025-11,Anti-Junta,Anti-Junta,0,0,0.07096779308214408,0,0.0630207095545777,0,0.00017767914647807544
19.75,93.75,2025-12,Anti-Junta,Anti-Junta,0,0,0.05575490934826153,0,0.05308254466233315,0,0.0001677485962345273
19.75,93.75,2026-01,Anti-Junta,Anti-Junta,0,0,0.04364988861970811,0,0.04879835656055426,0,0.00015838443960546154
19.75,93.75,2026-02,Anti-Junta,Anti-Junta,0,0,0.04140102944716909,0,0.07032978182520813,0,0.00017768240142619114
19.75,93.75,2026-03,Anti-Junta,Anti-Junta,0,0,0.0007194899586698753,0,0.09292230651714518,0,0.000589470962930555
19.75,93.75,2026-04,Anti-Junta,Anti-Junta,0,0,0.1397845025356803,0,0.15002310153460788,0,0.00044803518423776497
19.75,94.25,2025-11,Anti-Junta,Anti-Junta,0,0,0.09351965345990183,0,0.08715909814798488,0,0.00022202849458169817
19.75,94.25,2025-12,Anti-Junta,Anti-Junta,0,0,0.1125766290493428,0,0.11638540704513693,0,0.00025819367255153767
19.75,94.25,2026-01,Anti-Junta,Anti-Junta,0,0,0.0949386953673231,0,0.10261455171886778,0,0.00025819367255153767
19.75,94.25,2026-02,Anti-Junta,Anti-Junta,0,0,0.12045874674394852,0,0.11374683085616354,0,0.0004985954880542641
19.75,94.25,2026-03,Anti-Junta,Anti-Junta,0,0,0.08583569203370861,0,0.11987762793383584,0,0.00048726340448498786
19.75,94.25,2026-04,Anti-Junta,Anti-Junta,0,0,0.059641025634489836,0,0.09040429766323477,0,0.00034936104673689427
19.75,94.75,2025-11,Pro-Junta,Pro-Junta,0,0,0.007254908277147644,0,0.03219827147521766,0,9.335833085529434e-05
19.75,94.75,2025-12,Pro-Junta,Pro-Junta,0,0,0.004370078439721651,0,0.11356501461635451,0,0.0003781726562040075
19.75,94.75,2026-01,Pro-Junta,Pro-Junta,0,0,0.00243468739579564,0,0.026640856575365697,0,0.00013012164371665626
19.75,94.75,2026-02,Pro-Junta,Pro-Junta,0,0,0.010791294445420574,0,0.14632497010423517,0,0.0004558834702846768
19.75,94.75,2026-03,Pro-Junta,Pro-Junta,0,0,0.006253010807998145,0,0.10684372169983355,0,0.0003858445999422551
19.75,94.75,2026-04,Pro-Junta,Pro-Junta,0,0,0.0028383056418387646,0,0.05027076283448457,0,0.00018454257267121418
19.75,95.25,2025-11,Pro-Junta,Pro-Junta,0,0,7.750364637436521e-05,0,0.0395900701534105,0,0.00011271867985794656
19.75,95.25,2025-12,Pro-Junta,Pro-Junta,0,0,6.855733712296945e-05,0,0.045410652918601,0,0.00018885982738836712
19.75,95.25,2026-01,Pro-Junta,Pro-Junta,0,0,5.669006810254321e-05,0,0.045410652918601,0,0.00018885982738836712
19.75,95.25,2026-02,Pro-Junta,Pro-Junta,0,0,5.73845086334597e-05,0,0.06454836404331081,0,0.00016240106136509433
19.75,95.25,2026-03,Pro-Junta,Pro-Junta,0,0,3.6235277785725e-05,0,0.0395900701534105,0,0.00011271867985794656
19.75,95.25,2026-04,Pro-Junta,Pro-Junta,0,0,3.2052457354455297e-05,0,0.045410652918601,0,0.00018885982738836712
19.75,95.75,2025-11,Pro-Junta,Pro-Junta,0,0,0.008668010690672202,0,0.16882811080388307,0,0.0005040428796072605
19.75,95.75,2025-12,Pro-Junta,Pro-Junta,0,0,0.007796062271068093,0,0.16882811080388307,0,0.0005040428796072605
19.75,95.75,2026-01,Pro-Junta,Pro-Junta,0,0,0.007011206136601217,0,0.16882811080388307,0,0.0005040428796072605
19.75,95.75,2026-02,Pro-Junta,Pro-Junta,0,0,0.006741626599287139,0,0.15338424673096263,0,0.0003530608279896407
19.75,95.75,2026-03,Pro-Junta,Pro-Junta,0,0,0.005301610758018675,0,0.1456416346486892,0,0.00024589931326360256
19.75,95.75,2026-04,Pro-Junta,Pro-Junta,0,0,0.004766673115103253,0,0.1456416346486892,0,0.00024589931326360256
19.75,96.25,2025-11,Pro-Junta,Pro-Junta,0,0,0.008668010690672202,0,0.16882811080388307,0,0.0005040428796072605
19.75,96.25,2025-12,Pro-Junta,Pro-Junta,0,0,0.0072914863014514825,0,0.1456416346486892,0,0.00024589931326360256
19.75,96.25,2026-01,Pro-Junta,Pro-Junta,0,0,0.006557091847697693,0,0.1456416346486892,0,0.00024589931326360256
19.75,96.25,2026-02,Pro-Junta,Pro-Junta,0,0,0.005896225861496115,0,0.1456416346486892,0,0.00024589931326360256
19.75,96.25,2026-03,Pro-Junta,Pro-Junta,0,0,0.005301610758018675,0,0.1456416346486892,0,0.00024589931326360256
19.75,96.25,2026-04,Pro-Junta,Pro-Junta,0,0,0.004766673115103253,0,0.1456416346486892,0,0.00024589931326360256
19.75,96.75,2025-11,Anti-Junta,Anti-Junta,0,0,0.003255919754347621,0,0.054443473023456354,0,0.00025056261442341847
19.75,96.75,2025-12,Anti-Junta,Anti-Junta,0,0,0.002518620150213161,0,0.06047429480962453,0,0.00031043785749281953
19.75,96.75,2026-01,Anti-Junta,Anti-Junta,0,0,0.0019479549716672473,0,0.04016615144348571,0,0.00018529012511517753
19.75,96.75,2026-02,Anti-Junta,Anti-Junta,0,0,0.0016112883635774759,0,0.04016615144348571,0,0.00018529012511517753
19.75,96.75,2026-03,Anti-Junta,Anti-Junta,0,0,0.001425548437969901,0,0.06047429480962453,0,0.00031043785749281953
19.75,96.75,2026-04,Anti-Junta,Anti-Junta,0,0,0.0011790631039215876,0,0.06047429480962453,0,0.00031043785749281953
19.75,97.25,2025-11,Anti-Junta,Anti-Junta,0,0,0.011622552065243489,0,0.08893600804061393,0,0.0004121344106249151
19.75,97.25,2025-12,Anti-Junta,Anti-Junta,0,0,0.02161433183013695,0,0.06344183560641385,0,0.00024309346172991678
19.75,97.25,2026-01,Anti-Junta,Anti-Junta,0,0,0.010092056684990965,0,0.07592676027618084,0,0.0001451945559113357
19.75,97.25,2026-02,Anti-Junta,Anti-Junta,0,0,0.00013531577944143113,0,0.031084035450861133,0,0.00012254463031711584
19.75,97.25,2026-03,Anti-Junta,Anti-Junta,0,0,0.019602980992134447,0,0.07243240104799933,0,0.0003747326593226379
19.75,97.25,2026-04,Anti-Junta,Anti-Junta,0,0,0.012202867120822134,0,0.06325468067088806,0,0.00014837680162608767
19.75,97.75,2025-11,Pro-Junta,Pro-Junta,0,0,0.00013656311933091478,0,0.045410652918601,0,0.00018885982738836712
19.75,97.75,2025-12,Pro-Junta,Pro-Junta,0,0,0.00011292538482290823,0,0.045410652918601,0,0.00018885982738836712
19.75,97.75,2026-01,Pro-Junta,Pro-Junta,0,0,8.729121966466106e-05,0,0.0395900701534105,0,0.00011271867985794656
19.75,97.75,2026-02,Pro-Junta,Pro-Junta,0,0,7.218135131368326e-05,0,0.0395900701534105,0,0.00011271867985794656
19.75,97.75,2026-03,Pro-Junta,Pro-Junta,0,0,6.830219298421429e-05,0,0.041025034411793164,0,0.0001447652069650803
19.75,97.75,2026-04,Pro-Junta,Pro-Junta,0,0,5.279699812892796e-05,0,0.045410652918601,0,0.00018885982738836712
19.75,98.25,2025-11,Pro-Junta,Pro-Junta,0,0,0.008107461694667412,0,0.1456416346486892,0,0.00024589931326360256
19.75,98.25,2025-12,Pro-Junta,Pro-Junta,0,0,0.0072914863014514825,0,0.1456416346486892,0,0.00024589931326360256
19.75,98.25,2026-01,Pro-Junta,Pro-Junta,0,0,0.006557091847697693,0,0.1456416346486892,0,0.00024589931326360256
19.75,98.25,2026-02,Pro-Junta,Pro-Junta,0,0,0.005896225861496115,0,0.1456416346486892,0,0.00024589931326360256
19.75,98.25,2026-03,Pro-Junta,Pro-Junta,0,0,0.005669272340680335,0,0.16882811080388307,0,0.0005040428796072605
19.75,98.25,2026-04,Pro-Junta,Pro-Junta,0,0,0.004766673115103253,0,0.1456416346486892,0,0.00024589931326360256
19.75,98.75,2025-11,Pro-Junta,Pro-Junta,0,0,0.008107461694667412,0,0.1456416346486892,0,0.00024589931326360256
19.75,98.75,2025-12,Pro-Junta,Pro-Junta,0,0,0.0072914863014514825,0,0.1456416346486892,0,0.00024589931326360256
19.75,98.75,2026-01,Pro-Junta,Pro-Junta,0,0,0.006557091847697693,0,0.1456416346486892,0,0.00024589931326360256
19.75,98.75,2026-02,Pro-Junta,Pro-Junta,0,0,0.005896225861496115,0,0.1456416346486892,0,0.00024589931326360256
19.75,98.75,2026-03,Pro-Junta,Pro-Junta,0,0,0.005301610758018675,0,0.1456416346486892,0,0.00024589931326360256
19.75,98.75,2026-04,Pro-Junta,Pro-Junta,0,0,0.004766673115103253,0,0.1456416346486892,0,0.00024589931326360256
20.25,92.75,2025-11,Pro-Junta,Pro-Junta,0,0,0.07543407528310855,0,0.05626079394051493,0,0.0004292888661510194
20.25,92.75,2025-12,Pro-Junta,Pro-Junta,0,0,0.005046635584414546,0,0.024075882437897836,0,0.00016255918301921757
20.25,92.75,2026-01,Pro-Junta,Pro-Junta,0,0,0.0017208152927188326,0,0.029051535105525553,0,0.0002098643383938405
20.25,92.75,2026-02,Pro-Junta,Pro-Junta,0,0,2.3210528729620697e-05,0,0.028013408568602696,0,7.038140957395555e-05
20.25,92.75,2026-03,Pro-Junta,Pro-Junta,0,0,0.016902631000791177,0,0.059125180445290866,0,0.0002198956330333227
20.25,92.75,2026-04,Pro-Junta,Pro-Junta,0,0,0.011074289159404277,0,0.04081196914157122,0,4.458514725852987e-05
20.25,93.25,2025-11,Pro-Junta,Pro-Junta,0,0,0.0002006161780358637,0,0.03714471495511839,0,0.0002587586608518713
20.25,93.25,2025-12,Pro-Junta,Pro-Junta,0,0,0.010033483109370075,0,0.06770911843441642,0,0.0005399396349356667
20.25,93.25,2026-01,Pro-Junta,Pro-Junta,0,0,0.004429815837904513,0,0.06956087763859674,0,0.00029557152783814863
20.25,93.25,2026-02,Pro-Junta,Pro-Junta,0,0,1.1022002819528221e-05,0,0.01859171836254768,0,7.496589799627335e-05
20.25,93.25,2026-03,Pro-Junta,Pro-Junta,0,0,0.013020409275932359,0,0.012473301243580108,0,0.000210032702411744
20.25,93.25,2026-04,Pro-Junta,Pro-Junta,0,0,0.02635605959007401,0,0.023168775704780264,0,0.00022653335632195697
20.25,93.75,2025-11,Anti-Junta,Anti-Junta,0,0,0.01839400964807717,0,0.23137544305663657,0,0.0008987936949270898
20.25,93.75,2025-12,Anti-Junta,Anti-Junta,0,0,0.01549709206989757,0,0.2654232195611497,0,0.0012184128731580865
20.25,93.75,2026-01,Anti-Junta,Anti-Junta,0,0,0.013947845619279996,0,0.2654232195611497,0,0.0012184128731580865
20.25,93.75,2026-02,Anti-Junta,Anti-Junta,0,0,0.011742788469759598,0,0.1932565447723073,0,0.0005946252016441351
20.25,93.75,2026-03,Anti-Junta,Anti-Junta,0,0,0.012071489767741254,0,0.23137544305663657,0,0.0008987936949270898
20.25,93.75,2026-04,Anti-Junta,Anti-Junta,0,0,0.010160014910793288,0,0.2654232195611497,0,0.0012184128731580865
20.25,94.25,2025-11,Anti-Junta,Anti-Junta,0,0,0.005998633137152896,0,0.04504737939296063,0,0.00018529231951491478
20.25,94.25,2025-12,Anti-Junta,Anti-Junta,0,0,0.004965367546600793,0,0.04504737939296063,0,0.00018529231951491478
20.25,94.25,2026-01,Anti-Junta,Anti-Junta,0,0,0.004109346335946674,0,0.04504737939296063,0,0.00018529231951491478
20.25,94.25,2026-02,Anti-Junta,Anti-Junta,0,0,0.004159478395106281,0,0.06872301928018683,0,0.00026537831356073096
20.25,94.25,2026-03,Anti-Junta,Anti-Junta,0,0,0.0032182295196405415,0,0.07174790344903839,0,0.00025057017149268706
20.25,94.25,2026-04,Anti-Junta,Anti-Junta,0,0,0.0024894435129254044,0,0.06047429480962453,0,0.00031043785749281953
20.25,94.75,2025-11,Pro-Junta,Pro-Junta,0,0,0.0032273125237587447,0,0.02110802127277449,0,7.409302927553684e-05
20.25,94.75,2025-12,Pro-Junta,Pro-Junta,0,0,0.0052052730081735155,0,0.08855674863293331,0,0.00014351198085764557
20.25,94.75,2026-01,Pro-Junta,Pro-Junta,0,0,0.004028328439465727,0,0.0758113666602893,0,0.00010048868161778457
20.25,94.75,2026-02,Pro-Junta,Pro-Junta,0,0,0.0073321412757147535,0,0.039136650329241025,0,6.372474261336806e-05
20.25,94.75,2026-03,Pro-Junta,Pro-Junta,0,0,0.0033955977369744127,0,0.09941346174159221,0,0.0002898904651675739
20.25,94.75,2026-04,Pro-Junta,Pro-Junta,0,0,0.002455915076314874,0,0.08594399941262726,0,0.00022572495951808975
20.25,95.25,2025-11,Pro-Junta,Pro-Junta,0,0,0.00404078612743859,0,0.0377322111687914,0,7.769683660537544e-05
20.25,95.25,2025-12,Pro-Junta,Pro-Junta,0,0,0.005143030261643317,0,0.08855674863293331,0,0.00014349828625441252
20.25,95.25,2026-01,Pro-Junta,Pro-Junta,0,0,0.0012124122218195588,0,0.020213568809837188,0,3.309756643116058e-05
20.25,95.25,2026-02,Pro-Junta,Pro-Junta,0,0,0.01315911107261625,0,0.08949197018504178,0,0.0002498887921174351
20.25,95.25,2026-03,Pro-Junta,Pro-Junta,0,0,0.006657315603243099,0,0.1012787544408993,0,0.0001389252524495434
20.25,95.25,2026-04,Pro-Junta,Pro-Junta,0,0,0.0026028670355691566,0,0.05457543819697507,0,0.00021453986653029053
20.25,95.75,2025-11,Pro-Junta,Pro-Junta,0,0,0.0025441799718499657,0,0.044471298102885415,0,0.00011272315053072363
20.25,95.75,2025-12,Pro-Junta,Pro-Junta,0,0,0.002251144217141856,0,0.05291754833263124,0,0.00018886731741745512
20.25,95.75,2026-01,Pro-Junta,Pro-Junta,0,0,0.0017409775574673924,0,0.044471298102885415,0,0.00011259759158912832
20.25,95.75,2026-02,Pro-Junta,Pro-Junta,0,0,0.0015403108824531648,0,0.045410652918601,0,0.00018885982738836712
20.25,95.75,2026-03,Pro-Junta,Pro-Junta,0,0,0.0011910448732228188,0,0.0395900701534105,0,0.00011271867985794656
20.25,95.75,2026-04,Pro-Junta,Pro-Junta,0,0,0.000985066524528565,0,0.0395900701534105,0,0.00011271867985794656
20.25,96.25,2025-11,Pro-Junta,Pro-Junta,0,0,0.008107461694667412,0,0.1456416346486892,0,0.00024589931326360256
20.25,96.25,2025-12,Pro-Junta,Pro-Junta,0,0,0.0072914863014514825,0,0.1456416346486892,0,0.00024589931326360256
20.25,96.25,2026-01,Pro-Junta,Pro-Junta,0,0,0.006557091847697693,0,0.1456416346486892,0,0.00024589931326360256
20.25,96.25,2026-02,Pro-Junta,Pro-Junta,0,0,0.005896225861496115,0,0.1456416346486892,0,0.00024589931326360256
20.25,96.25,2026-03,Pro-Junta,Pro-Junta,0,0,0.005301610758018675,0,0.1456416346486892,0,0.00024589931326360256
20.25,96.25,2026-04,Pro-Junta,Pro-Junta,0,0,0.004766673115103253,0,0.1456416346486892,0,0.00024589931326360256
20.25,96.75,2025-11,Pro-Junta,Pro-Junta,0,0,0.004860725807825676,0,0.11356501461635451,0,0.0003781726562040075
20.25,96.75,2025-12,Pro-Junta,Pro-Junta,0,0,0.004022671729702128,0,0.09629997718737293,0,0.0003781726562040075
20.25,96.75,2026-01,Pro-Junta,Pro-Junta,0,0,0.003112284098784225,0,0.0931839660411277,0,0.0002049828914352332
20.25,96.75,2026-02,Pro-Junta,Pro-Junta,0,0,0.002574904725345155,0,0.08260000677801024,0,0.0002049828914352332
20.25,96.75,2026-03,Pro-Junta,Pro-Junta,0,0,0.0022783382117287795,0,0.05291754833263124,0,0.00018886731741745512
20.25,96.75,2026-04,Pro-Junta,Pro-Junta,0,0,0.001762019583292248,0,0.044471298102885415,0,0.00011272315053072363
20.25,97.25,2025-11,Pro-Junta,Pro-Junta,0,0,0.0032121014690463232,0,0.05291754833263124,0,0.00018886731741745512
20.25,97.25,2025-12,Pro-Junta,Pro-Junta,0,0,0.0026575331759537413,0,0.05291754833263124,0,0.00018886731741745512
20.25,97.25,2026-01,Pro-Junta,Pro-Junta,0,0,0.0020554581505410393,0,0.044471298102885415,0,0.00011272315053072363
20.25,97.25,2026-02,Pro-Junta,Pro-Junta,0,0,0.001700243334426593,0,0.044471298102885415,0,0.00011272315053072363
20.25,97.25,2026-03,Pro-Junta,Pro-Junta,0,0,0.0015042646485003577,0,0.05291754833263124,0,0.0002851563581713762
20.25,97.25,2026-04,Pro-Junta,Pro-Junta,0,0,0.0011631626131380073,0,0.0395900701534105,0,0.00011271867985794656
20.25,97.75,2025-11,Pro-Junta,Pro-Junta,0,0,0.008668010690672202,0,0.16882811080388307,0,0.0005040428796072605
20.25,97.75,2025-12,Pro-Junta,Pro-Junta,0,0,0.007796062271068093,0,0.16882811080388307,0,0.0005040428796072605
20.25,97.75,2026-01,Pro-Junta,Pro-Junta,0,0,0.006557091847697693,0,0.1456416346486892,0,0.00024589931326360256
20.25,97.75,2026-02,Pro-Junta,Pro-Junta,0,0,0.005896225861496115,0,0.1456416346486892,0,0.00024589931326360256
20.25,97.75,2026-03,Pro-Junta,Pro-Junta,0,0,0.005669272340680335,0,0.16882811080388307,0,0.0005040428796072605
20.25,97.75,2026-04,Pro-Junta,Pro-Junta,0,0,0.004766673115103253,0,0.1456416346486892,0,0.00024589931326360256
20.25,98.25,2025-11,Pro-Junta,Pro-Junta,0,0,0.008107461694667412,0,0.1456416346486892,0,0.00024589931326360256
20.25,98.25,2025-12,Pro-Junta,Pro-Junta,0,0,0.0072914863014514825,0,0.1456416346486892,0,0.00024589931326360256
20.25,98.25,2026-01,Pro-Junta,Pro-Junta,0,0,0.006557091847697693,0,0.1456416346486892,0,0.00024589931326360256
20.25,98.25,2026-02,Pro-Junta,Pro-Junta,0,0,0.005896225861496115,0,0.1456416346486892,0,0.00024589931326360256
20.25,98.25,2026-03,Pro-Junta,Pro-Junta,0,0,0.005301610758018675,0,0.1456416346486892,0,0.00024589931326360256
20.25,98.25,2026-04,Pro-Junta,Pro-Junta,0,0,0.004766673115103253,0,0.1456416346486892,0,0.00024589931326360256
20.25,98.75,2025-11,Pro-Junta,Pro-Junta,0,0,0.008107461694667412,0,0.1456416346486892,0,0.00024589931326360256
20.25,98.75,2025-12,Pro-Junta,Pro-Junta,0,0,0.0072914863014514825,0,0.1456416346486892,0,0.00024589931326360256
20.25,98.75,2026-01,Pro-Junta,Pro-Junta,0,0,0.006557091847697693,0,0.1456416346486892,0,0.00024589931326360256
20.25,98.75,2026-02,Pro-Junta,Pro-Junta,0,0,0.005896225861496115,0,0.1456416346486892,0,0.00024589931326360256
20.25,98.75,2026-03,Pro-Junta,Pro-Junta,0,0,0.005301610758018675,0,0.1456416346486892,0,0.00024589931326360256
20.25,98.75,2026-04,Pro-Junta,Pro-Junta,0,0,0.004766673115103253,0,0.1456416346486892,0,0.00024589931326360256
20.25,99.25,2025-11,Pro-Junta,Pro-Junta,0,0,0.008107461694667412,0,0.1456416346486892,0,0.00024589931326360256
20.25,99.25,2025-12,Pro-Junta,Pro-Junta,0,0,0.0072914863014514825,0,0.1456416346486892,0,0.00024589931326360256
20.25,99.25,2026-01,Pro-Junta,Pro-Junta,0,0,0.006557091847697693,0,0.1456416346486892,0,0.00024589931326360256
20.25,99.25,2026-02,Pro-Junta,Pro-Junta,0,0,0.005896225861496115,0,0.1456416346486892,0,0.00024589931326360256
20.25,99.25,2026-03,Pro-Junta,Pro-Junta,0,0,0.005301610758018675,0,0.1456416346486892,0,0.00024589931326360256
20.25,99.25,2026-04,Pro-Junta,Pro-Junta,0,0,0.004766673115103253,0,0.1456416346486892,0,0.00024589931326360256
20.25,99.75,2025-11,Pro-Junta,Pro-Junta,0,0,0.008107461694667412,0,0.1456416346486892,0,0.00024589931326360256
20.25,99.75,2025-12,Pro-Junta,Pro-Junta,0,0,0.0072914863014514825,0,0.1456416346486892,0,0.00024589931326360256
20.25,99.75,2026-01,Pro-Junta,Pro-Junta,0,0,0.006557091847697693,0,0.1456416346486892,0,0.00024589931326360256
20.25,99.75,2026-02,Pro-Junta,Pro-Junta,0,0,0.005896225861496115,0,0.1456416346486892,0,0.00024589931326360256
20.25,99.75,2026-03,Pro-Junta,Pro-Junta,0,0,0.005301610758018675,0,0.1456416346486892,0,0.00024589931326360256
20.25,99.75,2026-04,Pro-Junta,Pro-Junta,0,0,0.004766673115103253,0,0.1456416346486892,0,0.00024589931326360256
20.25,100.25,2025-11,Pro-Junta,Pro-Junta,0,0,0.008107461694667412,0,0.1456416346486892,0,0.00024589931326360256
20.25,100.25,2025-12,Pro-Junta,Pro-Junta,0,0,0.0072914863014514825,0,0.1456416346486892,0,0.00024589931326360256
20.25,100.25,2026-01,Pro-Junta,Pro-Junta,0,0,0.006557091847697693,0,0.1456416346486892,0,0.00024589931326360256
20.25,100.25,2026-02,Pro-Junta,Pro-Junta,0,0,0.005896225861496115,0,0.1456416346486892,0,0.00024589931326360256
20.25,100.25,2026-03,Pro-Junta,Pro-Junta,0,0,0.005301610758018675,0,0.1456416346486892,0,0.00024589931326360256
20.25,100.25,2026-04,Pro-Junta,Pro-Junta,0,0,0.004766673115103253,0,0.1456416346486892,0,0.00024589931326360256
20.75,92.25,2025-11,Pro-Junta,Pro-Junta,0,0,0.003560453295269484,0,0.07229101229790506,0,0.0005779717063822758
20.75,92.25,2025-12,Pro-Junta,Pro-Junta,0,0,0.0025752671260056404,0,0.05584812220052845,0,0.00015333035868128581
20.75,92.25,2026-01,Pro-Junta,Pro-Junta,0,0,0.0017409775574673924,0,0.044471298102885415,0,0.00011259759158912832
20.75,92.25,2026-02,Pro-Junta,Pro-Junta,0,0,0.0015403108824531648,0,0.045410652918601,0,0.00018885982738836712
20.75,92.25,2026-03,Pro-Junta,Pro-Junta,0,0,0.0013627416591630965,0,0.041025034411793164,0,0.0001447652069650803
20.75,92.25,2026-04,Pro-Junta,Pro-Junta,0,0,0.000985066524528565,0,0.0395900701534105,0,0.00011271867985794656
20.75,92.75,2025-11,Anti-Junta,Anti-Junta,0,0,1.2499765178587615e-08,0,0.026718373011399482,0,0.0018431539815089608
20.75,92.75,2025-12,Anti-Junta,Anti-Junta,0,0,0.053559892717863815,0,0.02059884889946441,0,0.0013940969263337365
20.75,92.75,2026-01,Anti-Junta,Anti-Junta,0,0,0.021330853246212436,0,0.030379907485669207,0,0.00022973047670343908
20.75,92.75,2026-02,Anti-Junta,Anti-Junta,0,0,1.5865181357282e-05,0,0.01205719653649455,0,0.0001895321950145451
20.75,92.75,2026-03,Anti-Junta,Anti-Junta,0,0,0.02345412212756006,0,0.04870889455817205,0,0.0002919770154198083
20.75,92.75,2026-04,Anti-Junta,Anti-Junta,0,0,0.01666589824336765,0,0.029180046322417278,0,0.00015821645141367505
20.75,93.25,2025-11,Anti-Junta,Anti-Junta,0,0,0.017917792979077637,0,0.05579079706517179,0,0.0016447736737357618
20.75,93.25,2025-12,Anti-Junta,Anti-Junta,0,0,1.4478559292166512e-05,0,0.05102748305334783,0,0.00011689222699541273
20.75,93.25,2026-01,Anti-Junta,Anti-Junta,0,0,0.020944311723345634,0,0.023274435425954865,0,0.0003440195038515412
20.75,93.25,2026-02,Anti-Junta,Anti-Junta,0,0,0.001325529025920532,0,0.011023403228882268,0,0.0001934618444612284
20.75,93.25,2026-03,Anti-Junta,Anti-Junta,0,0,0.02791402870173487,0,0.007587739903498988,0,0.0004636031882549772
20.75,93.25,2026-04,Anti-Junta,Anti-Junta,0,0,0.007324970977951666,0,0.10660004597964758,0,0.00013218585579844746
20.75,93.75,2025-11,Anti-Junta,Anti-Junta,0,0,0.0010024027137767626,0,0.05872766112523524,0,0.0002653751709617435
20.75,93.75,2025-12,Anti-Junta,Anti-Junta,0,0,0.0007750128873977903,0,0.054443473023456354,0,0.00025056261442341847
20.75,93.75,2026-01,Anti-Junta,Anti-Junta,0,0,0.0005991743191676065,0,0.06047429480962453,0,0.00031043785749281953
20.75,93.75,2026-02,Anti-Junta,Anti-Junta,0,0,0.0004955028122002392,0,0.06047429480962453,0,0.00031043785749281953
20.75,93.75,2026-03,Anti-Junta,Anti-Junta,0,0,0.0004688842493536819,0,0.05872766112523524,0,0.0002653751709617435
20.75,93.75,2026-04,Anti-Junta,Anti-Junta,0,0,0.00033885192139356234,0,0.06047429480962453,0,0.00031043785749281953
20.75,94.25,2025-11,Pro-Junta,Pro-Junta,0,1,0.6683952871656912,0,0.4753739423598706,0,0.01343555990022778
20.75,94.25,2025-12,Pro-Junta,Pro-Junta,0,1,0.6595874163247577,0,0.37648326461123355,0,0.0019183744144770315
20.75,94.25,2026-01,Pro-Junta,Pro-Junta,0,1,0.5707415569474366,0,0.3091611747987854,0,0.0015256936891565914
20.75,94.25,2026-02,Pro-Junta,Pro-Junta,0,1,0.593930241180464,0,0.3807963600074583,0,0.0019183744144770315
20.75,94.25,2026-03,Pro-Junta,Pro-Junta,0,1,0.5843743829296071,0,0.37648326461123355,0,0.0019183744144770315
20.75,94.25,2026-04,Pro-Junta,Pro-Junta,0,0,0.47421248860045245,0,0.27992178318747635,0,0.0008854833694967769
20.75,94.75,2025-11,Pro-Junta,Pro-Junta,0,0,0.0055584867333092,0,0.13505871531637992,0,0.000319329057450862
20.75,94.75,2025-12,Pro-Junta,Pro-Junta,0,0,0.006433132394560065,0,0.22239053796343305,0,0.0007022613455192918
20.75,94.75,2026-01,Pro-Junta,Pro-Junta,0,0,0.0001143983710726469,0,0.019580241889767744,0,0.00011594855320935186
20.75,94.75,2026-02,Pro-Junta,Pro-Junta,0,0,0.003433198603047664,0,0.01011722622719444,0,6.896589362275472e-05
20.75,94.75,2026-03,Pro-Junta,Pro-Junta,0,0,0.02454828215076844,0,0.08456211774591037,0,0.00015237671927679204
20.75,94.75,2026-04,Pro-Junta,Pro-Junta,0,0,0.0034767866304246933,0,0.06307519748387364,0,5.9209053885348984e-05
20.75,95.25,2025-11,Pro-Junta,Pro-Junta,0,0,0.0042161789907666355,0,0.04499233885657361,0,0.00017141138605741225
20.75,95.25,2025-12,Pro-Junta,Pro-Junta,0,0,0.018573573418677946,0,0.18451197546886416,0,0.0012737876822624475
20.75,95.25,2026-01,Pro-Junta,Pro-Junta,0,0,0.008838322720171304,0,0.10306520443576592,0,0.0001389252524495434
20.75,95.25,2026-02,Pro-Junta,Pro-Junta,0,0,0.004594788805150585,0,0.06512777425652516,0,0.000587923710054323
20.75,95.25,2026-03,Pro-Junta,Pro-Junta,0,0,0.004799683614724421,0,0.1408884834480518,0,0.0001990118582608018
20.75,95.25,2026-04,Pro-Junta,Pro-Junta,0,0,0.0037141029390975397,0,0.1342537706608433,0,0.00018788923928092708
20.75,95.75,2025-11,Pro-Junta,Pro-Junta,0,0,0.0099068693531241,0,0.19109609347273274,0,0.00043820347980328886
20.75,95.75,2025-12,Pro-Junta,Pro-Junta,0,0,0.010184709664292921,0,0.2380945773634793,0,0.0021646236899436917
20.75,95.75,2026-01,Pro-Junta,Pro-Junta,0,0,0.007011206136601217,0,0.16882811080388307,0,0.0005040428796072605
20.75,95.75,2026-02,Pro-Junta,Pro-Junta,0,0,0.006741626599287139,0,0.15338424673096263,0,0.0003530608279896407
20.75,95.75,2026-03,Pro-Junta,Pro-Junta,0,0,0.005301610758018675,0,0.1456416346486892,0,0.00024589931326360256
20.75,95.75,2026-04,Pro-Junta,Pro-Junta,0,0,0.005828967991002122,0,0.19109609347273274,0,0.00043820347980328886
20.75,96.25,2025-11,Pro-Junta,Pro-Junta,0,0,0.00471058030535342,0,0.13110273960354502,0,0.00028505228891177563
20.75,96.25,2025-12,Pro-Junta,Pro-Junta,0,0,0.0036450789836675514,0,0.07187916449260619,0,0.00026325372403017514
20.75,96.25,2026-01,Pro-Junta,Pro-Junta,0,0,0.0028199039962688386,0,0.05291754833263124,0,0.00018886731741745512
20.75,96.25,2026-02,Pro-Junta,Pro-Junta,0,0,0.002332889996153643,0,0.05291754833263124,0,0.00018886731741745512
20.75,96.25,2026-03,Pro-Junta,Pro-Junta,0,0,0.0018042311593305135,0,0.044471298102885415,0,0.00011272315053072363
20.75,96.25,2026-04,Pro-Junta,Pro-Junta,0,0,0.0015962854742555227,0,0.05291754833263124,0,0.00018886731741745512
20.75,96.75,2025-11,Pro-Junta,Pro-Junta,0,0,0.008107461694667412,0,0.1456416346486892,0,0.00024589931326360256
20.75,96.75,2025-12,Pro-Junta,Pro-Junta,0,0,0.0031244553122400714,0,0.106767495250135,0,0.00010624044427191281
20.75,96.75,2026-01,Pro-Junta,Pro-Junta,0,0,0.006557091847697693,0,0.1456416346486892,0,0.00024589931326360256
20.75,96.75,2026-02,Pro-Junta,Pro-Junta,0,0,0.005896225861496115,0,0.1456416346486892,0,0.00024589931326360256
20.75,96.75,2026-03,Pro-Junta,Pro-Junta,0,0,0.005301610758018675,0,0.1456416346486892,0,0.00024589931326360256
20.75,96.75,2026-04,Pro-Junta,Pro-Junta,0,0,0.004766673115103253,0,0.1456416346486892,0,0.00024589931326360256
20.75,97.25,2025-11,Pro-Junta,Pro-Junta,0,0,0.000163840022694167,0,0.0395900701534105,0,0.00011271867985794656
20.75,97.25,2025-12,Pro-Junta,Pro-Junta,0,0,5.781665896973736e-05,0,0.02551519736891464,0,4.86962590529966e-05
20.75,97.25,2026-01,Pro-Junta,Pro-Junta,0,0,0.00011203101503549482,0,0.0395900701534105,0,0.00011271867985794656
20.75,97.25,2026-02,Pro-Junta,Pro-Junta,0,0,9.263915337996325e-05,0,0.0395900701534105,0,0.00011271867985794656
20.75,97.25,2026-03,Pro-Junta,Pro-Junta,0,0,7.660364343433278e-05,0,0.0395900701534105,0,0.00011271867985794656
20.75,97.25,2026-04,Pro-Junta,Pro-Junta,0,0,6.33436477318057e-05,0,0.0395900701534105,0,0.00011271867985794656
20.75,97.75,2025-11,Pro-Junta,Pro-Junta,0,0,0.008107461694667412,0,0.1456416346486892,0,0.00024589931326360256
20.75,97.75,2025-12,Pro-Junta,Pro-Junta,0,0,0.0031244553122400714,0,0.106767495250135,0,0.00010624044427191281
20.75,97.75,2026-01,Pro-Junta,Pro-Junta,0,0,0.006557091847697693,0,0.1456416346486892,0,0.00024589931326360256
20.75,97.75,2026-02,Pro-Junta,Pro-Junta,0,0,0.005896225861496115,0,0.1456416346486892,0,0.00024589931326360256
20.75,97.75,2026-03,Pro-Junta,Pro-Junta,0,0,0.005301610758018675,0,0.1456416346486892,0,0.00024589931326360256
20.75,97.75,2026-04,Pro-Junta,Pro-Junta,0,0,0.004766673115103253,0,0.1456416346486892,0,0.00024589931326360256
20.75,98.25,2025-11,Pro-Junta,Pro-Junta,0,0,0.018860736773693303,0,0.1456416346486892,0,0.00024588888824467756
20.75,98.25,2025-12,Pro-Junta,Pro-Junta,0,0,0.007317311438792269,0,0.106767495250135,0,0.00010624044427191281
20.75,98.25,2026-01,Pro-Junta,Pro-Junta,0,0,0.015285734044490266,0,0.1456416346486892,0,0.00024589931326360256
20.75,98.25,2026-02,Pro-Junta,Pro-Junta,0,0,0.013757321824186873,0,0.1456416346486892,0,0.00024589931326360256
20.75,98.25,2026-03,Pro-Junta,Pro-Junta,0,0,0.012379813394203125,0,0.1456416346486892,0,0.00024589931326360256
20.75,98.25,2026-04,Pro-Junta,Pro-Junta,0,0,0.011138675887462049,0,0.1456416346486892,0,0.00024589931326360256
20.75,98.75,2025-11,Pro-Junta,Pro-Junta,0,0,0.008107461694667412,0,0.1456416346486892,0,0.00024589931326360256
20.75,98.75,2025-12,Pro-Junta,Pro-Junta,0,0,0.0072914863014514825,0,0.1456416346486892,0,0.00024589931326360256
20.75,98.75,2026-01,Pro-Junta,Pro-Junta,0,0,0.006557091847697693,0,0.1456416346486892,0,0.00024589931326360256
20.75,98.75,2026-02,Pro-Junta,Pro-Junta,0,0,0.005896225861496115,0,0.1456416346486892,0,0.00024589931326360256
20.75,98.75,2026-03,Pro-Junta,Pro-Junta,0,0,0.005301610758018675,0,0.1456416346486892,0,0.00024589931326360256
20.75,98.75,2026-04,Pro-Junta,Pro-Junta,0,0,0.004766673115103253,0,0.1456416346486892,0,0.00024589931326360256
20.75,99.25,2025-11,Pro-Junta,Pro-Junta,0,0,0.008107461694667412,0,0.1456416346486892,0,0.00024589931326360256
20.75,99.25,2025-12,Pro-Junta,Pro-Junta,0,0,0.0072914863014514825,0,0.1456416346486892,0,0.00024589931326360256
20.75,99.25,2026-01,Pro-Junta,Pro-Junta,0,0,0.006557091847697693,0,0.1456416346486892,0,0.00024589931326360256
20.75,99.25,2026-02,Pro-Junta,Pro-Junta,0,0,0.005896225861496115,0,0.1456416346486892,0,0.00024589931326360256
20.75,99.25,2026-03,Pro-Junta,Pro-Junta,0,0,0.005301610758018675,0,0.1456416346486892,0,0.00024589931326360256
20.75,99.25,2026-04,Pro-Junta,Pro-Junta,0,0,0.004766673115103253,0,0.1456416346486892,0,0.00024589931326360256
20.75,99.75,2025-11,Pro-Junta,Pro-Junta,0,0,0.008107461694667412,0,0.1456416346486892,0,0.00024589931326360256
20.75,99.75,2025-12,Pro-Junta,Pro-Junta,0,0,0.0072914863014514825,0,0.1456416346486892,0,0.00024589931326360256
20.75,99.75,2026-01,Pro-Junta,Pro-Junta,0,0,0.006557091847697693,0,0.1456416346486892,0,0.00024589931326360256
20.75,99.75,2026-02,Pro-Junta,Pro-Junta,0,0,0.005896225861496115,0,0.1456416346486892,0,0.00024589931326360256
20.75,99.75,2026-03,Pro-Junta,Pro-Junta,0,0,0.005301610758018675,0,0.1456416346486892,0,0.00024589931326360256
20.75,99.75,2026-04,Pro-Junta,Pro-Junta,0,0,0.004766673115103253,0,0.1456416346486892,0,0.00024589931326360256
20.75,100.25,2025-11,Pro-Junta,Pro-Junta,0,0,0.008107461694667412,0,0.1456416346486892,0,0.00024589931326360256
20.75,100.25,2025-12,Pro-Junta,Pro-Junta,0,0,0.0072914863014514825,0,0.1456416346486892,0,0.00024589931326360256
20.75,100.25,2026-01,Pro-Junta,Pro-Junta,0,0,0.006557091847697693,0,0.1456416346486892,0,0.00024589931326360256
20.75,100.25,2026-02,Pro-Junta,Pro-Junta,0,0,0.005896225861496115,0,0.1456416346486892,0,0.00024589931326360256
20.75,100.25,2026-03,Pro-Junta,Pro-Junta,0,0,0.005301610758018675,0,0.1456416346486892,0,0.00024589931326360256
20.75,100.25,2026-04,Pro-Junta,Pro-Junta,0,0,0.004766673115103253,0,0.1456416346486892,0,0.00024589931326360256
21.25,92.25,2025-11,Anti-Junta,Anti-Junta,0,0,0.00037553201335351614,0,0.054443473023456354,0,0.00025056261442341847
21.25,92.25,2025-12,Anti-Junta,Anti-Junta,0,0,0.00033219547505838393,0,0.05872766112523524,0,0.0002653751709617435
21.25,92.25,2026-01,Anti-Junta,Anti-Junta,0,0,0.0013261762408107176,0,0.09952504457757627,0,0.0002445176316471967
21.25,92.25,2026-02,Anti-Junta,Anti-Junta,0,0,0.017575284308246817,0,0.10791955455900742,0,0.0003225984286897191
21.25,92.25,2026-03,Anti-Junta,Anti-Junta,0,0,0.011546799001933117,0,0.10748871424063555,0,0.00031253812694773353
21.25,92.25,2026-04,Anti-Junta,Anti-Junta,0,0,0.005101429170428453,0,0.05564306377589379,0,0.00024234021575705416
21.25,92.75,2025-11,Anti-Junta,Anti-Junta,0,0,0.01010696787337171,0,0.06456256755746102,0,0.000244835205842833
21.25,92.75,2025-12,Anti-Junta,Anti-Junta,0,0,0.012445405704223289,0,0.1304433936582233,0,0.00032519233127465563
21.25,92.75,2026-01,Anti-Junta,Anti-Junta,0,0,0.009023996046584614,0,0.1105049682853197,0,0.00036575459663959584
21.25,92.75,2026-02,Anti-Junta,Anti-Junta,0,0,0.009449385723084201,0,0.06238652951517372,0,0.0003948522158655757
21.25,92.75,2026-03,Anti-Junta,Anti-Junta,0,0,0.0072489098566335675,0,0.10871094036559813,0,0.0005526308253691196
21.25,92.75,2026-04,Anti-Junta,Anti-Junta,0,0,0.005248494479928866,0,0.10566323039827877,0,0.0006215445731942448
21.25,93.25,2025-11,Anti-Junta,Anti-Junta,0,0,0.00024390868953315975,0,0.05872766112523524,0,0.0002653751709617435
21.25,93.25,2025-12,Anti-Junta,Anti-Junta,0,0,0.00020169423935411597,0,0.05872766112523524,0,0.0002653751709617435
21.25,93.25,2026-01,Anti-Junta,Anti-Junta,0,0,0.00014574900831217165,0,0.06047429480962453,0,0.00031043785749281953
21.25,93.25,2026-02,Anti-Junta,Anti-Junta,0,0,0.00011266469029890634,0,0.04016615144348571,0,0.00018529012511517753
21.25,93.25,2026-03,Anti-Junta,Anti-Junta,0,0,4.2041404567557867e-05,0,0.07077480754738885,0,0.00026145698438400993
21.25,93.25,2026-04,Anti-Junta,Anti-Junta,0,0,0.014153514546740437,0,0.09585802755286334,0,0.0009549435331565291
21.25,93.75,2025-11,Anti-Junta,Anti-Junta,0,0,0.03551020223328458,0,0.09317149798170916,0,0.0004705278183105292
21.25,93.75,2025-12,Anti-Junta,Anti-Junta,0,0,0.014307903198978386,0,0.05170796568246753,0,0.0002767162139454707
21.25,93.75,2026-01,Anti-Junta,Anti-Junta,0,0,0.007569048975740326,0,0.028633264050465842,0,0.00019147500777405885
21.25,93.75,2026-02,Anti-Junta,Anti-Junta,0,0,0.008755871504305669,0,0.09303666977402235,0,0.00021137839743286558
21.25,93.75,2026-03,Anti-Junta,Anti-Junta,0,0,0.010294150108241194,0,0.041601735129881155,0,0.00012444099498548492
21.25,93.75,2026-04,Anti-Junta,Anti-Junta,0,0,0.008375647114963723,0,0.046106193228539684,0,0.0001613061902410909
21.25,94.25,2025-11,Anti-Junta,Anti-Junta,0,0,0.002980444845829181,0,0.060468139837010354,0,0.001118030415035137
21.25,94.25,2025-12,Anti-Junta,Anti-Junta,0,0,0.032100809868855024,0,0.2144199360339681,0,0.05464254088287944
21.25,94.25,2026-01,Anti-Junta,Anti-Junta,0,0,0.006291580190745495,0,0.050392363841878236,0,0.0003731182320361972
21.25,94.25,2026-02,Anti-Junta,Anti-Junta,0,0,0.005039564073174236,0,0.047483808866031756,0,0.002585165239802154
21.25,94.25,2026-03,Anti-Junta,Anti-Junta,0,0,0.024113534371370066,0,0.09415005692277129,0,0.00039491693139737983
21.25,94.25,2026-04,Anti-Junta,Anti-Junta,0,0,0.009275289862401835,0,0.08043154875725511,0,0.0001767671204968569
21.25,94.75,2025-11,Pro-Junta,Pro-Junta,0,0,1.1894831427888905e-06,0,0.010389287761731892,0,0.00022156646244258512
21.25,94.75,2025-12,Pro-Junta,Pro-Junta,0,0,0.04818497786574345,0,0.022801267203645656,0,0.00015059538629714591
21.25,94.75,2026-01,Pro-Junta,Pro-Junta,0,0,0.009413456255191223,0,0.016754161200923476,0,0.00012563453730886497
21.25,94.75,2026-02,Pro-Junta,Pro-Junta,0,0,0.0003376329676941206,0,0.0,0,0.00028458338266461455
21.25,94.75,2026-03,Pro-Junta,Pro-Junta,0,0,0.009899693435195847,0,0.04515493981712229,0,0.00010067006198438142
21.25,94.75,2026-04,Pro-Junta,Pro-Junta,0,0,0.01403399822475394,0,0.015251858371516663,0,0.00012498151621699363
21.25,95.25,2025-11,Pro-Junta,Pro-Junta,0,0,0.004810491220134047,0,0.014101454060318147,0,0.00039636891242717263
21.25,95.25,2025-12,Pro-Junta,Pro-Junta,0,0,0.04209190299427543,0,0.12858513346484554,0,0.0007641580874135968
21.25,95.25,2026-01,Pro-Junta,Pro-Junta,0,0,0.038642527885741115,0,0.021143085353462886,0,0.000157000793741311
21.25,95.25,2026-02,Pro-Junta,Pro-Junta,0,0,0.0015578330138884414,0,0.07149920038991536,0,0.0009080398124807247
21.25,95.25,2026-03,Pro-Junta,Pro-Junta,0,0,5.484197811027519e-05,0,0.023527187746557137,0,3.965935333395213e-05
21.25,95.25,2026-04,Pro-Junta,Pro-Junta,0,0,0.014993987443751558,0,0.07845078986737626,0,0.00024015428323353379
21.25,95.75,2025-11,Pro-Junta,Pro-Junta,0,0,0.015422196473375355,0,0.0,0,0.000225756254387201
21.25,95.75,2025-12,Pro-Junta,Pro-Junta,0,0,0.003265832732446006,0,0.008650288140734002,0,8.953987492893861e-05
21.25,95.75,2026-01,Pro-Junta,Pro-Junta,0,0,0.00018033221932023584,0,0.007970933482392398,0,0.0003624620399865575
21.25,95.75,2026-02,Pro-Junta,Pro-Junta,0,0,0.003400772435470255,0,0.08920034321339405,0,0.000265972611724508
21.25,95.75,2026-03,Pro-Junta,Pro-Junta,0,1,0.6190737882929149,0,0.04605185653232549,0,5.665425320190096e-05
21.25,95.75,2026-04,Pro-Junta,Pro-Junta,0,0,0.08283161041504647,0,0.08904718234223336,0,0.0009241620653634281
21.25,96.25,2025-11,Pro-Junta,Pro-Junta,0,0,0.001687273871727087,0,0.06279190870076175,0,0.0005780427617139527
21.25,96.25,2025-12,Pro-Junta,Pro-Junta,0,0,0.0012197665680995571,0,0.05096689425105353,0,0.00015332427774742829
21.25,96.25,2026-01,Pro-Junta,Pro-Junta,0,0,0.000943115434952977,0,0.041025034411793164,0,0.0001447652069650803
21.25,96.25,2026-02,Pro-Junta,Pro-Junta,0,0,0.0007291648021061921,0,0.045410652918601,0,0.00018885982738836712
21.25,96.25,2026-03,Pro-Junta,Pro-Junta,0,0,0.0006450452382016967,0,0.041025034411793164,0,0.0001447652069650803
21.25,96.25,2026-04,Pro-Junta,Pro-Junta,0,0,0.0004986796250607956,0,0.045410652918601,0,0.00018885982738836712
21.25,96.75,2025-11,Pro-Junta,Pro-Junta,0,0,0.008107461694667412,0,0.1456416346486892,0,0.00024589931326360256
21.25,96.75,2025-12,Pro-Junta,Pro-Junta,0,0,0.0031244553122400714,0,0.106767495250135,0,0.00010624044427191281
21.25,96.75,2026-01,Pro-Junta,Pro-Junta,0,0,0.006557091847697693,0,0.1456416346486892,0,0.00024589931326360256
21.25,96.75,2026-02,Pro-Junta,Pro-Junta,0,0,0.005896225861496115,0,0.1456416346486892,0,0.00024589931326360256
21.25,96.75,2026-03,Pro-Junta,Pro-Junta,0,0,0.005301610758018675,0,0.1456416346486892,0,0.00024589931326360256
21.25,96.75,2026-04,Pro-Junta,Pro-Junta,0,0,0.004766673115103253,0,0.1456416346486892,0,0.00024589931326360256
21.25,97.25,2025-11,Anti-Junta,Anti-Junta,0,1,0.8669643362216387,1,0.6574569457086861,0,0.0051829267624320914
21.25,97.25,2025-12,Anti-Junta,Anti-Junta,0,1,0.7141946530329635,1,0.6651025442200705,0,0.0051250595454878254
21.25,97.25,2026-01,Anti-Junta,Anti-Junta,0,1,0.8403159977745506,1,0.7215220214452972,0,0.0070870759580245355
21.25,97.25,2026-02,Anti-Junta,Anti-Junta,0,1,0.825444804360876,1,0.7130009578062174,0,0.006446084336823189
21.25,97.25,2026-03,Anti-Junta,Anti-Junta,0,1,0.8095026348858808,1,0.7772611336193138,0,0.32302430796041476
21.25,97.25,2026-04,Anti-Junta,Anti-Junta,0,1,0.7924705244002634,0,0.4557043102627496,0,0.002939403312549088
21.25,97.75,2025-11,Anti-Junta,Anti-Junta,0,1,0.8669643362216387,1,0.6574569457086861,0,0.0051829267624320914
21.25,97.75,2025-12,Anti-Junta,Anti-Junta,0,1,0.7141946530329635,1,0.6651025442200705,0,0.0051250595454878254
21.25,97.75,2026-01,Anti-Junta,Anti-Junta,0,1,0.8403159977745506,1,0.7215220214452972,0,0.0070870759580245355
21.25,97.75,2026-02,Anti-Junta,Anti-Junta,0,1,0.825444804360876,1,0.7130009578062174,0,0.006446084336823189
21.25,97.75,2026-03,Anti-Junta,Anti-Junta,0,1,0.8095026348858808,1,0.7772611336193138,0,0.32302430796041476
21.25,97.75,2026-04,Anti-Junta,Anti-Junta,0,1,0.7924705244002634,0,0.4557043102627496,0,0.002939403312549088
21.25,98.25,2025-11,Pro-Junta,Pro-Junta,0,0,0.018860736773693303,0,0.1456416346486892,0,0.00024588888824467756
21.25,98.25,2025-12,Pro-Junta,Pro-Junta,0,0,0.007317311438792269,0,0.106767495250135,0,0.00010624044427191281
21.25,98.25,2026-01,Pro-Junta,Pro-Junta,0,0,0.015285734044490266,0,0.1456416346486892,0,0.00024589931326360256
21.25,98.25,2026-02,Pro-Junta,Pro-Junta,0,0,0.013757321824186873,0,0.1456416346486892,0,0.00024589931326360256
21.25,98.25,2026-03,Pro-Junta,Pro-Junta,0,0,0.012379813394203125,0,0.1456416346486892,0,0.00024589931326360256
21.25,98.25,2026-04,Pro-Junta,Pro-Junta,0,0,0.011138675887462049,0,0.1456416346486892,0,0.00024589931326360256
21.25,98.75,2025-11,Pro-Junta,Pro-Junta,0,0,0.018860736773693303,0,0.1456416346486892,0,0.00024588888824467756
21.25,98.75,2025-12,Pro-Junta,Pro-Junta,0,0,0.007317311438792269,0,0.106767495250135,0,0.00010624044427191281
21.25,98.75,2026-01,Pro-Junta,Pro-Junta,0,0,0.015285734044490266,0,0.1456416346486892,0,0.00024589931326360256
21.25,98.75,2026-02,Pro-Junta,Pro-Junta,0,0,0.013757321824186873,0,0.1456416346486892,0,0.00024589931326360256
21.25,98.75,2026-03,Pro-Junta,Pro-Junta,0,0,0.012379813394203125,0,0.1456416346486892,0,0.00024589931326360256
21.25,98.75,2026-04,Pro-Junta,Pro-Junta,0,0,0.011138675887462049,0,0.1456416346486892,0,0.00024589931326360256
21.25,99.25,2025-11,Pro-Junta,Pro-Junta,0,0,0.008107461694667412,0,0.1456416346486892,0,0.00024589931326360256
21.25,99.25,2025-12,Pro-Junta,Pro-Junta,0,0,0.0072914863014514825,0,0.1456416346486892,0,0.00024589931326360256
21.25,99.25,2026-01,Pro-Junta,Pro-Junta,0,0,0.006557091847697693,0,0.1456416346486892,0,0.00024589931326360256
21.25,99.25,2026-02,Pro-Junta,Pro-Junta,0,0,0.005896225861496115,0,0.1456416346486892,0,0.00024589931326360256
21.25,99.25,2026-03,Pro-Junta,Pro-Junta,0,0,0.005301610758018675,0,0.1456416346486892,0,0.00024589931326360256
21.25,99.25,2026-04,Pro-Junta,Pro-Junta,0,0,0.004766673115103253,0,0.1456416346486892,0,0.00024589931326360256
21.25,99.75,2025-11,Pro-Junta,Pro-Junta,0,0,0.008107461694667412,0,0.1456416346486892,0,0.00024589931326360256
21.25,99.75,2025-12,Pro-Junta,Pro-Junta,0,0,0.0072914863014514825,0,0.1456416346486892,0,0.00024589931326360256
21.25,99.75,2026-01,Pro-Junta,Pro-Junta,0,0,0.006557091847697693,0,0.1456416346486892,0,0.00024589931326360256
21.25,99.75,2026-02,Pro-Junta,Pro-Junta,0,0,0.005896225861496115,0,0.1456416346486892,0,0.00024589931326360256
21.25,99.75,2026-03,Pro-Junta,Pro-Junta,0,0,0.005301610758018675,0,0.1456416346486892,0,0.00024589931326360256
21.25,99.75,2026-04,Pro-Junta,Pro-Junta,0,0,0.004766673115103253,0,0.1456416346486892,0,0.00024589931326360256
21.25,100.25,2025-11,Pro-Junta,Pro-Junta,0,0,0.008107461694667412,0,0.1456416346486892,0,0.00024589931326360256
21.25,100.25,2025-12,Pro-Junta,Pro-Junta,0,0,0.0072914863014514825,0,0.1456416346486892,0,0.00024589931326360256
21.25,100.25,2026-01,Pro-Junta,Pro-Junta,0,0,0.006557091847697693,0,0.1456416346486892,0,0.00024589931326360256
21.25,100.25,2026-02,Pro-Junta,Pro-Junta,0,0,0.005896225861496115,0,0.1456416346486892,0,0.00024589931326360256
21.25,100.25,2026-03,Pro-Junta,Pro-Junta,0,0,0.005301610758018675,0,0.1456416346486892,0,0.00024589931326360256
21.25,100.25,2026-04,Pro-Junta,Pro-Junta,0,0,0.004766673115103253,0,0.1456416346486892,0,0.00024589931326360256
21.25,100.75,2025-11,Pro-Junta,Pro-Junta,0,0,0.008107461694667412,0,0.1456416346486892,0,0.00024589931326360256
21.25,100.75,2025-12,Pro-Junta,Pro-Junta,0,0,0.0072914863014514825,0,0.1456416346486892,0,0.00024589931326360256
21.25,100.75,2026-01,Pro-Junta,Pro-Junta,0,0,0.006557091847697693,0,0.1456416346486892,0,0.00024589931326360256
21.25,100.75,2026-02,Pro-Junta,Pro-Junta,0,0,0.005896225861496115,0,0.1456416346486892,0,0.00024589931326360256
21.25,100.75,2026-03,Pro-Junta,Pro-Junta,0,0,0.005301610758018675,0,0.1456416346486892,0,0.00024589931326360256
21.25,100.75,2026-04,Pro-Junta,Pro-Junta,0,0,0.004766673115103253,0,0.1456416346486892,0,0.00024589931326360256
21.75,92.25,2025-11,Anti-Junta,Anti-Junta,0,0,0.016111100248327657,0,0.1932565447723073,0,0.0005946252016441351
21.75,92.25,2025-12,Anti-Junta,Anti-Junta,0,0,0.014501375456679254,0,0.1932565447723073,0,0.0005946252016441351
21.75,92.25,2026-01,Anti-Junta,Anti-Junta,0,0,0.01305035142878942,0,0.1932565447723073,0,0.0005946252016441351
21.75,92.25,2026-02,Anti-Junta,Anti-Junta,0,0,0.01255150299553216,0,0.2654232195611497,0,0.0012184128731580865
21.75,92.25,2026-03,Anti-Junta,Anti-Junta,0,0,0.010564832681962451,0,0.1932565447723073,0,0.0005946252016441351
21.75,92.25,2026-04,Anti-Junta,Anti-Junta,0,0,0.009503904950782769,0,0.1932565447723073,0,0.0005946252016441351
21.75,92.75,2025-11,Anti-Junta,Anti-Junta,0,0,0.0007536749694746393,0,0.04016615144348571,0,0.00018529012511517753
21.75,92.75,2025-12,Anti-Junta,Anti-Junta,0,0,0.0006232878217500124,0,0.04016615144348571,0,0.00018529012511517753
21.75,92.75,2026-01,Anti-Junta,Anti-Junta,0,0,0.000515446253177677,0,0.04016615144348571,0,0.00018529012511517753
21.75,92.75,2026-02,Anti-Junta,Anti-Junta,0,0,0.0004559709229168107,0,0.06047429480962453,0,0.00031043785749281953
21.75,92.75,2026-03,Anti-Junta,Anti-Junta,0,0,0.00037706768466890775,0,0.06047429480962453,0,0.00031043785749281953
21.75,92.75,2026-04,Anti-Junta,Anti-Junta,0,0,0.0003118139546263527,0,0.06047429480962453,0,0.00031043785749281953
21.75,93.25,2025-11,Anti-Junta,Anti-Junta,0,0,0.0003510569404365735,0,0.06047429480962453,0,0.00031043785749281953
21.75,93.25,2025-12,Anti-Junta,Anti-Junta,0,0,0.00029030321194383206,0,0.06047429480962453,0,0.00031043785749281953
21.75,93.25,2026-01,Anti-Junta,Anti-Junta,0,0,0.0002244131555504765,0,0.04016615144348571,0,0.00018529012511517753
21.75,93.25,2026-02,Anti-Junta,Anti-Junta,0,0,0.0001948531889069102,0,0.1034146178318695,0,0.0003146687019171867
21.75,93.25,2026-03,Anti-Junta,Anti-Junta,0,0,0.015789428987515258,0,0.11215621078337987,0,0.0006331786493423637
21.75,93.25,2026-04,Anti-Junta,Anti-Junta,0,0,0.011972785129590465,0,0.1354099771458849,0,0.0003109241933963088
21.75,93.75,2025-11,Anti-Junta,Anti-Junta,0,0,0.017215415546744172,0,0.2654232195611497,0,0.0012184128731580865
21.75,93.75,2025-12,Anti-Junta,Anti-Junta,0,0,0.016560029307520287,0,0.23137544305663657,0,0.0008987936949270898
21.75,93.75,2026-01,Anti-Junta,Anti-Junta,0,0,0.01305035142878942,0,0.1932565447723073,0,0.0005946252016441351
21.75,93.75,2026-02,Anti-Junta,Anti-Junta,0,0,0.014337374877091866,0,0.256863538474614,0,0.0011153961249088995
21.75,93.75,2026-03,Anti-Junta,Anti-Junta,0,0,0.012071489767741254,0,0.23137544305663657,0,0.0008987936949270898
21.75,93.75,2026-04,Anti-Junta,Anti-Junta,0,0,0.010860923299185846,0,0.23137544305663657,0,0.0008987936949270898
21.75,94.25,2025-11,Anti-Junta,Anti-Junta,0,0,0.01040422065780669,0,0.10717709006667155,0,0.0067609360966093155
21.75,94.25,2025-12,Anti-Junta,Anti-Junta,0,0,0.00985054877741636,0,0.1166774231779307,0,0.005784703090950368
21.75,94.25,2026-01,Anti-Junta,Anti-Junta,0,0,0.005192113353011348,0,0.08068599601756231,0,0.000460978821865606
21.75,94.25,2026-02,Anti-Junta,Anti-Junta,0,0,0.022891075659203258,0,0.14868122021611305,0,0.0007653072162582726
21.75,94.25,2026-03,Anti-Junta,Anti-Junta,0,0,0.004590755942755865,0,0.054612547328116795,0,0.00025354895879996426
21.75,94.25,2026-04,Anti-Junta,Anti-Junta,0,0,0.011199859508528887,0,0.07962259835058964,0,0.0003292737738296233
21.75,94.75,2025-11,Anti-Junta,Anti-Junta,0,0,0.2444238462400629,0,0.08733352958117109,0,0.00027473883332396215
21.75,94.75,2025-12,Anti-Junta,Anti-Junta,0,1,0.7173162936059148,0,0.0475078667116178,0,0.00012886491238219477
21.75,94.75,2026-01,Anti-Junta,Anti-Junta,0,1,0.7457681293934132,0,0.12340662917731407,0,0.0006347940499050224
21.75,94.75,2026-02,Anti-Junta,Anti-Junta,0,1,0.5880512783414352,0,0.21991795335227646,0,0.0005754790446564973
21.75,94.75,2026-03,Anti-Junta,Anti-Junta,0,0,0.41259722576819713,0,0.09628939025951423,0,0.00010451309570122423
21.75,94.75,2026-04,Anti-Junta,Anti-Junta,0,1,0.7137138567984275,0,0.03490715724925812,0,0.00036599065986504917
21.75,95.25,2025-11,Anti-Junta,Anti-Junta,0,0,0.016624708046492003,0,0.01984466689678978,0,0.0003874144457489609
21.75,95.25,2025-12,Anti-Junta,Pro-Junta,1,0,0.008792676702372645,0,0.0,0,0.000317242442257716
21.75,95.25,2026-01,Pro-Junta,Anti-Junta,1,1,0.880039465466787,0,0.01,0,0.0003195287976304946
21.75,95.25,2026-02,Anti-Junta,Anti-Junta,0,1,0.8957121214923492,0,0.10232700877598827,0,0.048093910101752596
21.75,95.25,2026-03,Anti-Junta,Anti-Junta,0,0,0.35865919237018157,0,0.019837390361683256,0,0.00010842086395777264
21.75,95.25,2026-04,Anti-Junta,Anti-Junta,0,1,0.9769422111144133,0,0.131473662388781,0,0.06555933524103016
21.75,95.75,2025-11,Pro-Junta,Pro-Junta,0,0,0.026208172560034774,0,0.05285225928415743,0,0.0004277824839567353
21.75,95.75,2025-12,Pro-Junta,Pro-Junta,0,0,0.006024788902021362,0,0.0,0,0.00015461032546006833
21.75,95.75,2026-01,Pro-Junta,Pro-Junta,0,0,0.012202117057554992,0,0.06417196366026437,0,0.0009357632135499356
21.75,95.75,2026-02,Pro-Junta,Pro-Junta,0,0,0.0006078063170127057,0,0.009685508735369986,0,7.520502807794974e-05
21.75,95.75,2026-03,Pro-Junta,Pro-Junta,0,0,0.007054170387814874,0,0.039119831266432696,0,0.00011610630961183113
21.75,95.75,2026-04,Pro-Junta,Pro-Junta,0,0,0.020438849996936133,0,0.051420756628108154,0,0.00017062434891679007
21.75,96.25,2025-11,Pro-Junta,Pro-Junta,0,0,0.004423998584739047,0,0.07516298735229451,0,0.0009190191068827326
21.75,96.25,2025-12,Pro-Junta,Pro-Junta,0,0,0.003200634822192196,0,0.07229101229790506,0,0.0005779717063822758
21.75,96.25,2026-01,Pro-Junta,Pro-Junta,0,0,0.003029136153040219,0,0.07516298735229451,0,0.0009190191068827326
21.75,96.25,2026-02,Pro-Junta,Pro-Junta,0,0,0.0019148363808763767,0,0.05584812220052845,0,0.0001533289025191251
21.75,96.25,2026-03,Pro-Junta,Pro-Junta,0,0,0.0015838846014800013,0,0.05096689425105353,0,0.00015332427774742829
21.75,96.25,2026-04,Pro-Junta,Pro-Junta,0,0,0.0013100579721211556,0,0.05096689425105353,0,0.00015332427774742829
21.75,96.75,2025-11,Pro-Junta,Pro-Junta,0,0,0.008668010690672202,0,0.16882811080388307,0,0.0005040428796072605
21.75,96.75,2025-12,Pro-Junta,Pro-Junta,0,0,0.0033416404908042144,0,0.12676256591101476,0,0.00019005907350604646
21.75,96.75,2026-01,Pro-Junta,Pro-Junta,0,0,0.007011206136601217,0,0.16882811080388307,0,0.0005040428796072605
21.75,96.75,2026-02,Pro-Junta,Pro-Junta,0,0,0.005896225861496115,0,0.1456416346486892,0,0.00024589931326360256
21.75,96.75,2026-03,Pro-Junta,Pro-Junta,0,0,0.005301610758018675,0,0.1456416346486892,0,0.00024589931326360256
21.75,96.75,2026-04,Pro-Junta,Pro-Junta,0,0,0.004766673115103253,0,0.1456416346486892,0,0.00024589931326360256
21.75,97.25,2025-11,Anti-Junta,Anti-Junta,0,1,0.8745498000763551,1,0.6591832594608884,0,0.0017086632843646493
21.75,97.25,2025-12,Anti-Junta,Anti-Junta,0,1,0.7141946530329635,1,0.6651025442200705,0,0.0051250595454878254
21.75,97.25,2026-01,Anti-Junta,Anti-Junta,0,1,0.8403159977745506,1,0.7215220214452972,0,0.0070870759580245355
21.75,97.25,2026-02,Anti-Junta,Anti-Junta,0,1,0.825444804360876,1,0.7130009578062174,0,0.006446084336823189
21.75,97.25,2026-03,Anti-Junta,Anti-Junta,0,1,0.8095026348858808,1,0.7772611336193138,0,0.32302430796041476
21.75,97.25,2026-04,Anti-Junta,Anti-Junta,0,1,0.7924705244002634,0,0.4557043102627496,0,0.002939403312549088
21.75,97.75,2025-11,Anti-Junta,Anti-Junta,0,1,0.8745498000763551,1,0.6591832594608884,0,0.0017086632843646493
21.75,97.75,2025-12,Anti-Junta,Anti-Junta,0,1,0.7141946530329635,1,0.6651025442200705,0,0.0051250595454878254
21.75,97.75,2026-01,Anti-Junta,Anti-Junta,0,1,0.8403159977745506,1,0.7215220214452972,0,0.0070870759580245355
21.75,97.75,2026-02,Anti-Junta,Anti-Junta,0,1,0.825444804360876,1,0.7130009578062174,0,0.006446084336823189
21.75,97.75,2026-03,Anti-Junta,Anti-Junta,0,1,0.8095026348858808,1,0.7772611336193138,0,0.32302430796041476
21.75,97.75,2026-04,Anti-Junta,Anti-Junta,0,1,0.7924705244002634,0,0.4557043102627496,0,0.002939403312549088
21.75,98.25,2025-11,Anti-Junta,Anti-Junta,0,1,0.8745498000763551,1,0.6591832594608884,0,0.0017086632843646493
21.75,98.25,2025-12,Anti-Junta,Anti-Junta,0,1,0.7141946530329635,1,0.6651025442200705,0,0.0051250595454878254
21.75,98.25,2026-01,Anti-Junta,Anti-Junta,0,1,0.8403159977745506,1,0.7215220214452972,0,0.0070870759580245355
21.75,98.25,2026-02,Anti-Junta,Anti-Junta,0,1,0.825444804360876,1,0.7130009578062174,0,0.006446084336823189
21.75,98.25,2026-03,Anti-Junta,Anti-Junta,0,1,0.8095026348858808,1,0.7772611336193138,0,0.32302430796041476
21.75,98.25,2026-04,Anti-Junta,Anti-Junta,0,1,0.7924705244002634,0,0.4557043102627496,0,0.002939403312549088
21.75,98.75,2025-11,Pro-Junta,Pro-Junta,0,0,0.008107461694667412,0,0.1456416346486892,0,0.00024589931326360256
21.75,98.75,2025-12,Pro-Junta,Pro-Junta,0,0,0.0031244553122400714,0,0.106767495250135,0,0.00010624044427191281
21.75,98.75,2026-01,Pro-Junta,Pro-Junta,0,0,0.006557091847697693,0,0.1456416346486892,0,0.00024589931326360256
21.75,98.75,2026-02,Pro-Junta,Pro-Junta,0,0,0.005896225861496115,0,0.1456416346486892,0,0.00024589931326360256
21.75,98.75,2026-03,Pro-Junta,Pro-Junta,0,0,0.005301610758018675,0,0.1456416346486892,0,0.00024589931326360256
21.75,98.75,2026-04,Pro-Junta,Pro-Junta,0,0,0.004766673115103253,0,0.1456416346486892,0,0.00024589931326360256
21.75,99.25,2025-11,Pro-Junta,Pro-Junta,0,0,0.008107461694667412,0,0.1456416346486892,0,0.00024589931326360256
21.75,99.25,2025-12,Pro-Junta,Pro-Junta,0,0,0.0072914863014514825,0,0.1456416346486892,0,0.00024589931326360256
21.75,99.25,2026-01,Pro-Junta,Pro-Junta,0,0,0.006557091847697693,0,0.1456416346486892,0,0.00024589931326360256
21.75,99.25,2026-02,Pro-Junta,Pro-Junta,0,0,0.005896225861496115,0,0.1456416346486892,0,0.00024589931326360256
21.75,99.25,2026-03,Pro-Junta,Pro-Junta,0,0,0.005301610758018675,0,0.1456416346486892,0,0.00024589931326360256
21.75,99.25,2026-04,Pro-Junta,Pro-Junta,0,0,0.004766673115103253,0,0.1456416346486892,0,0.00024589931326360256
21.75,99.75,2025-11,Anti-Junta,Anti-Junta,0,0,0.016111100248327657,0,0.1932565447723073,0,0.0005946252016441351
21.75,99.75,2025-12,Anti-Junta,Anti-Junta,0,0,0.014501375456679254,0,0.1932565447723073,0,0.0005946252016441351
21.75,99.75,2026-01,Anti-Junta,Anti-Junta,0,0,0.01305035142878942,0,0.1932565447723073,0,0.0005946252016441351
21.75,99.75,2026-02,Anti-Junta,Anti-Junta,0,0,0.011742788469759598,0,0.1932565447723073,0,0.0005946252016441351
21.75,99.75,2026-03,Anti-Junta,Anti-Junta,0,0,0.010564832681962451,0,0.1932565447723073,0,0.0005946252016441351
21.75,99.75,2026-04,Anti-Junta,Anti-Junta,0,0,0.009503904950782769,0,0.1932565447723073,0,0.0005946252016441351
21.75,100.25,2025-11,Anti-Junta,Anti-Junta,0,0,0.016111100248327657,0,0.1932565447723073,0,0.0005946252016441351
21.75,100.25,2025-12,Anti-Junta,Anti-Junta,0,0,0.014501375456679254,0,0.1932565447723073,0,0.0005946252016441351
21.75,100.25,2026-01,Anti-Junta,Anti-Junta,0,0,0.01305035142878942,0,0.1932565447723073,0,0.0005946252016441351
21.75,100.25,2026-02,Anti-Junta,Anti-Junta,0,0,0.011742788469759598,0,0.1932565447723073,0,0.0005946252016441351
21.75,100.25,2026-03,Anti-Junta,Anti-Junta,0,0,0.010564832681962451,0,0.1932565447723073,0,0.0005946252016441351
21.75,100.25,2026-04,Anti-Junta,Anti-Junta,0,0,0.009503904950782769,0,0.1932565447723073,0,0.0005946252016441351
21.75,100.75,2025-11,Anti-Junta,Anti-Junta,0,0,0.016111100248327657,0,0.1932565447723073,0,0.0005946252016441351
21.75,100.75,2025-12,Anti-Junta,Anti-Junta,0,0,0.014501375456679254,0,0.1932565447723073,0,0.0005946252016441351
21.75,100.75,2026-01,Anti-Junta,Anti-Junta,0,0,0.01305035142878942,0,0.1932565447723073,0,0.0005946252016441351
21.75,100.75,2026-02,Anti-Junta,Anti-Junta,0,0,0.011742788469759598,0,0.1932565447723073,0,0.0005946252016441351
21.75,100.75,2026-03,Anti-Junta,Anti-Junta,0,0,0.010564832681962451,0,0.1932565447723073,0,0.0005946252016441351
21.75,100.75,2026-04,Anti-Junta,Anti-Junta,0,0,0.009503904950782769,0,0.1932565447723073,0,0.0005946252016441351
21.75,101.25,2025-11,Pro-Junta,Pro-Junta,0,0,0.008107461694667412,0,0.1456416346486892,0,0.00024589931326360256
21.75,101.25,2025-12,Pro-Junta,Pro-Junta,0,0,0.0072914863014514825,0,0.1456416346486892,0,0.00024589931326360256
21.75,101.25,2026-01,Pro-Junta,Pro-Junta,0,0,0.006557091847697693,0,0.1456416346486892,0,0.00024589931326360256
21.75,101.25,2026-02,Pro-Junta,Pro-Junta,0,0,0.005896225861496115,0,0.1456416346486892,0,0.00024589931326360256
21.75,101.25,2026-03,Pro-Junta,Pro-Junta,0,0,0.005301610758018675,0,0.1456416346486892,0,0.00024589931326360256
21.75,101.25,2026-04,Pro-Junta,Pro-Junta,0,0,0.004766673115103253,0,0.1456416346486892,0,0.00024589931326360256
22.25,92.75,2025-11,Anti-Junta,Anti-Junta,0,0,0.017896267603103408,0,0.1932565447723073,0,0.0005946252016441351
22.25,92.75,2025-12,Anti-Junta,Anti-Junta,0,0,0.016111100248327657,0,0.1932565447723073,0,0.0005946252016441351
22.25,92.75,2026-01,Anti-Junta,Anti-Junta,0,0,0.014501375456679254,0,0.1932565447723073,0,0.0005946252016441351
22.25,92.75,2026-02,Anti-Junta,Anti-Junta,0,0,0.01305035142878942,0,0.1932565447723073,0,0.0005946252016441351
22.25,92.75,2026-03,Anti-Junta,Anti-Junta,0,0,0.013415156870945695,0,0.23137544305663657,0,0.0008987936949270898
22.25,92.75,2026-04,Anti-Junta,Anti-Junta,0,0,0.010564832681962451,0,0.1932565447723073,0,0.0005946252016441351
22.25,93.25,2025-11,Anti-Junta,Anti-Junta,0,0,0.01839400964807717,0,0.23137544305663657,0,0.0008987936949270898
22.25,93.25,2025-12,Anti-Junta,Anti-Junta,0,0,0.01549709206989757,0,0.2654232195611497,0,0.0012184128731580865
22.25,93.25,2026-01,Anti-Junta,Anti-Junta,0,0,0.013947845619279996,0,0.2654232195611497,0,0.0012184128731580865
22.25,93.25,2026-02,Anti-Junta,Anti-Junta,0,0,0.01255150299553216,0,0.2654232195611497,0,0.0012184128731580865
22.25,93.25,2026-03,Anti-Junta,Anti-Junta,0,0,0.012902546085223251,0,0.256863538474614,0,0.0011153961249088995
22.25,93.25,2026-04,Anti-Junta,Anti-Junta,0,0,0.009503904950782769,0,0.1932565447723073,0,0.0005946252016441351
22.25,93.75,2025-11,Anti-Junta,Anti-Junta,0,0,0.00619542008545807,0,0.08105369548375993,0,0.0003867511283669586
22.25,93.75,2025-12,Anti-Junta,Anti-Junta,0,0,0.02317403177405013,0,0.15002310153460788,0,0.000626750968063529
22.25,93.75,2026-01,Anti-Junta,Anti-Junta,0,0,0.00434434523120389,0,0.046307029276488054,0,0.00027785495087017336
22.25,93.75,2026-02,Anti-Junta,Anti-Junta,0,0,0.012670958672805871,0,0.0604640696947376,0,0.00038913874511187696
22.25,93.75,2026-03,Anti-Junta,Anti-Junta,0,0,0.016314711136667187,0,0.11962250629341625,0,0.00015717531101100898
22.25,93.75,2026-04,Anti-Junta,Anti-Junta,0,0,0.00578230649986419,0,0.028633264050465842,0,0.00017247250061571998
22.25,94.25,2025-11,Pro-Junta,Pro-Junta,0,0,0.00679603922242112,0,0.18342376740896266,0,0.0005784193266777122
22.25,94.25,2025-12,Pro-Junta,Pro-Junta,0,0,0.005261314831779268,0,0.1565967027773074,0,0.0012046571482104017
22.25,94.25,2026-01,Pro-Junta,Pro-Junta,0,0,0.004071750723324275,0,0.15366053701977134,0,0.00030192500422575753
22.25,94.25,2026-02,Pro-Junta,Pro-Junta,0,0,0.003150290952954752,0,0.0889101353522313,0,0.00028505228891177563
22.25,94.25,2026-03,Pro-Junta,Pro-Junta,0,0,0.0022783382117287795,0,0.05291754833263124,0,0.00018886731741745512
22.25,94.25,2026-04,Pro-Junta,Pro-Junta,0,0,0.0021561517917833453,0,0.05584812220052845,0,0.00015333035868128581
22.25,94.75,2025-11,Pro-Junta,Pro-Junta,0,0,0.004369084622938757,0,0.01974460930873129,0,0.0003219199756476121
22.25,94.75,2025-12,Pro-Junta,Pro-Junta,0,0,0.005124147074739179,0,0.019220616124828418,0,0.00019611210689981102
22.25,94.75,2026-01,Pro-Junta,Pro-Junta,0,0,0.015700277578959327,0,0.11926208105148982,0,0.0010964742468602445
22.25,94.75,2026-02,Pro-Junta,Pro-Junta,0,0,0.006089962590749729,0,0.04634082609419887,0,0.0009230126779385081
22.25,94.75,2026-03,Pro-Junta,Pro-Junta,0,0,0.0003598264326865571,0,0.015949748858362808,0,1.926129899316399e-05
22.25,94.75,2026-04,Pro-Junta,Pro-Junta,0,0,0.020895252831019003,0,0.09027349439156365,0,0.0013920272164157123
22.25,95.25,2025-11,Pro-Junta,Pro-Junta,0,0,0.000853315073519703,0,0.008297934244981087,0,0.00011656632888975084
22.25,95.25,2025-12,Pro-Junta,Pro-Junta,0,0,0.0287958502644727,0,0.0780505380659466,0,0.0014255039761289496
22.25,95.25,2026-01,Pro-Junta,Pro-Junta,0,0,0.024253577830151,0,0.03140494912538289,0,0.00015271122228556022
22.25,95.25,2026-02,Pro-Junta,Pro-Junta,0,0,0.0026869602429051443,0,0.012977955954302511,0,8.34205447632072e-05
22.25,95.25,2026-03,Pro-Junta,Pro-Junta,0,0,3.6481597257907755e-05,0,0.009685508735369986,0,4.031670268646271e-05
22.25,95.25,2026-04,Pro-Junta,Pro-Junta,0,0,0.02537079393076488,0,0.03379963795481844,0,0.0007759005175836552
22.25,95.75,2025-11,Pro-Junta,Pro-Junta,0,0,0.002221496775684951,0,0.00897056585667585,0,0.0001169387580690667
22.25,95.75,2025-12,Pro-Junta,Pro-Junta,0,0,0.0026928221268356237,0,0.007055912914398812,0,5.920827166779287e-05
22.25,95.75,2026-01,Pro-Junta,Pro-Junta,0,0,0.03422629205863654,0,0.01984466689678978,0,0.00023185565185846726
22.25,95.75,2026-02,Pro-Junta,Pro-Junta,0,0,0.022420107839287058,0,0.0,0,0.0002730584259798497
22.25,95.75,2026-03,Pro-Junta,Pro-Junta,0,0,7.393305800221005e-05,0,0.005103185017296909,0,4.84017445848769e-05
22.25,95.75,2026-04,Pro-Junta,Pro-Junta,0,0,0.01977380586995073,0,0.05783567313947362,0,0.00041169695704032435
22.25,96.25,2025-11,Pro-Junta,Pro-Junta,0,0,0.006346225071190857,0,0.0182723884996607,0,0.0002230062385912421
22.25,96.25,2025-12,Pro-Junta,Pro-Junta,0,0,0.013553428501916006,0,0.056017408580488974,0,0.0003005420388990677
22.25,96.25,2026-01,Pro-Junta,Pro-Junta,0,0,0.015119278173975409,0,0.12620684656490241,0,0.0009427204584872708
22.25,96.25,2026-02,Pro-Junta,Pro-Junta,0,0,0.010518909625402155,0,0.023613176471787022,0,0.00010139617322132588
22.25,96.25,2026-03,Pro-Junta,Pro-Junta,0,0,0.004675168725335511,0,0.043316377067295485,0,0.00031849504939605085
22.25,96.25,2026-04,Pro-Junta,Pro-Junta,0,0,0.004604618530979515,0,0.04451621846372719,0,9.907657225344417e-05
22.25,96.75,2025-11,Pro-Junta,Pro-Junta,0,0,0.010752626013844878,0,0.09750781576740425,0,0.000512961354683226
22.25,96.75,2025-12,Pro-Junta,Pro-Junta,0,0,0.004527052661067136,0,0.02545940480725238,0,0.0001357178209851454
22.25,96.75,2026-01,Pro-Junta,Pro-Junta,0,0,0.00958777640413254,0,0.021261987733704118,0,5.235510519499059e-05
22.25,96.75,2026-02,Pro-Junta,Pro-Junta,0,0,0.0033023474392342095,0,0.09786019963230645,0,0.00022572495951808975
22.25,96.75,2026-03,Pro-Junta,Pro-Junta,0,0,0.002732240916260589,0,0.08594399941262726,0,0.00022572495951808975
22.25,96.75,2026-04,Pro-Junta,Pro-Junta,0,0,0.0022603325274399223,0,0.0931839660411277,0,0.0002049828914352332
22.25,97.25,2025-11,Anti-Junta,Anti-Junta,0,1,0.9360410509343217,1,0.7078060919078779,0,0.011267289402931204
22.25,97.25,2025-12,Anti-Junta,Anti-Junta,0,1,0.7141946530329635,1,0.6651025442200705,0,0.0051250595454878254
22.25,97.25,2026-01,Anti-Junta,Anti-Junta,0,1,0.8403159977745506,1,0.7215220214452972,0,0.0070870759580245355
22.25,97.25,2026-02,Anti-Junta,Anti-Junta,0,1,0.825444804360876,1,0.7130009578062174,0,0.006446084336823189
22.25,97.25,2026-03,Anti-Junta,Anti-Junta,0,1,0.8095026348858808,1,0.7772611336193138,0,0.32302430796041476
22.25,97.25,2026-04,Anti-Junta,Anti-Junta,0,1,0.7924705244002634,0,0.4557043102627496,0,0.002939403312549088
22.25,97.75,2025-11,Anti-Junta,Anti-Junta,0,1,0.9468597034994963,0,0.4719413635632818,0,0.007708036110402305
22.25,97.75,2025-12,Anti-Junta,Anti-Junta,0,1,0.6575552105118055,0,0.4429666344531635,0,0.058373434711411556
22.25,97.75,2026-01,Anti-Junta,Anti-Junta,0,1,0.7366973604401458,0,0.3741433973578971,0,0.0018870304035139673
22.25,97.75,2026-02,Anti-Junta,Anti-Junta,0,1,0.7634963811431505,1,0.5008069865592866,0,0.003201883063275974
22.25,97.75,2026-03,Anti-Junta,Anti-Junta,0,1,0.7717883225431551,0,0.46421802856004374,0,0.2277627075993942
22.25,97.75,2026-04,Anti-Junta,Anti-Junta,0,1,0.7413226885929122,0,0.22332570167946222,0,0.0025530696256907347
22.25,98.25,2025-11,Anti-Junta,Anti-Junta,0,1,0.7362914382022042,0,0.23827029041823672,0,0.0003827631523043167
22.25,98.25,2025-12,Anti-Junta,Anti-Junta,0,0,0.47942215962651924,0,0.23656955964159845,0,0.0012083084842658797
22.25,98.25,2026-01,Anti-Junta,Anti-Junta,0,1,0.6408821867535831,0,0.2745414149843732,0,0.001052694954034228
22.25,98.25,2026-02,Anti-Junta,Anti-Junta,0,1,0.5960688810774301,0,0.2660203513452934,0,0.0010404595063660295
22.25,98.25,2026-03,Anti-Junta,Anti-Junta,0,1,0.549593546893788,0,0.3064168413281766,0,0.01934747330354197
22.25,98.25,2026-04,Anti-Junta,Anti-Junta,0,1,0.502236315926723,0,0.218772099238703,0,0.0007818898673896726
22.25,98.75,2025-11,Anti-Junta,Anti-Junta,0,0,0.022068134901197942,0,0.1932565447723073,0,0.0005946252016441351
22.25,98.75,2025-12,Anti-Junta,Anti-Junta,0,0,0.008578834940822991,0,0.17254331752925314,0,0.00018085615680000944
22.25,98.75,2026-01,Anti-Junta,Anti-Junta,0,0,0.017896267603103408,0,0.1932565447723073,0,0.0005946252016441351
22.25,98.75,2026-02,Anti-Junta,Anti-Junta,0,0,0.016111100248327657,0,0.1932565447723073,0,0.0005946252016441351
22.25,98.75,2026-03,Anti-Junta,Anti-Junta,0,0,0.014501375456679254,0,0.1932565447723073,0,0.0005946252016441351
22.25,98.75,2026-04,Anti-Junta,Anti-Junta,0,0,0.01305035142878942,0,0.1932565447723073,0,0.0005946252016441351
22.25,99.25,2025-11,Pro-Junta,Pro-Junta,0,0,0.23645051494923186,0,0.27138051664816665,0,0.0013009134397249848
22.25,99.25,2025-12,Pro-Junta,Pro-Junta,0,0,0.21769686766367297,0,0.27840528156802485,0,0.001572768887342132
22.25,99.25,2026-01,Pro-Junta,Pro-Junta,0,0,0.20004094785371726,0,0.16238980397496325,0,0.0002842378003553468
22.25,99.25,2026-02,Pro-Junta,Pro-Junta,0,0,0.18348113061020893,0,0.14163220050294947,0,0.00023765549635270655
22.25,99.25,2026-03,Pro-Junta,Pro-Junta,0,0,0.16800426839954133,0,0.14163220050294947,0,0.00023765549635270655
22.25,99.25,2026-04,Pro-Junta,Pro-Junta,0,0,0.15358733543814287,0,0.14163220050294947,0,0.00023765549635270655
22.75,93.25,2025-11,Anti-Junta,Anti-Junta,0,0,0.0058135435606233915,0,0.06443883117840794,0,0.0002505655816546121
22.75,93.25,2025-12,Anti-Junta,Anti-Junta,0,0,0.004499687337745687,0,0.08278076307880353,0,0.00031044153356288447
22.75,93.25,2026-01,Anti-Junta,Anti-Junta,0,0,0.0037236481947630893,0,0.09008983534943399,0,0.00046869597304352123
22.75,93.25,2026-02,Anti-Junta,Anti-Junta,0,0,0.00017739293665528186,0,0.1034146178318695,0,0.0003146687019171867
22.75,93.25,2026-03,Anti-Junta,Anti-Junta,0,0,0.0168206627568087,0,0.10111786614781927,0,0.0008143636558701601
22.75,93.25,2026-04,Anti-Junta,Anti-Junta,0,0,0.01806627806207907,0,0.15467649574069464,0,0.0002928040955240886
22.75,93.75,2025-11,Anti-Junta,Anti-Junta,0,0,0.06740485201205741,0,0.06878239074446106,0,0.00020079016621307987
22.75,93.75,2025-12,Anti-Junta,Anti-Junta,0,0,0.0013581439502821015,0,0.03732071157655493,0,0.0001798035413847889
22.75,93.75,2026-01,Anti-Junta,Anti-Junta,0,0,0.009121602115241663,0,0.06945402422958293,0,0.0003266190136171955
22.75,93.75,2026-02,Anti-Junta,Anti-Junta,0,0,0.00023285988109285528,0,0.07483149049394883,0,0.0004965238551013978
22.75,93.75,2026-03,Anti-Junta,Anti-Junta,0,0,0.016875723760621134,0,0.03455880980492611,0,0.0005661117864107167
22.75,93.75,2026-04,Anti-Junta,Anti-Junta,0,0,0.018804872505554515,0,0.049137524154379546,0,8.015808372635221e-05
22.75,94.25,2025-11,Pro-Junta,Pro-Junta,0,0,0.008285541265348239,0,0.03747822675284773,0,0.0001316220970708192
22.75,94.25,2025-12,Pro-Junta,Pro-Junta,0,0,0.012136153706202432,0,0.10477483435232525,0,0.00016599558462425428
22.75,94.25,2026-01,Pro-Junta,Pro-Junta,0,0,0.005243563025225633,0,0.07678679573360202,0,7.391034802337489e-05
22.75,94.25,2026-02,Pro-Junta,Pro-Junta,0,0,0.003218139221034655,0,0.03684507642482983,0,9.995001862194772e-05
22.75,94.25,2026-03,Pro-Junta,Pro-Junta,0,0,0.00484832062694278,0,0.07028277422184048,0,0.0001232918712616984
22.75,94.25,2026-04,Pro-Junta,Pro-Junta,0,0,0.005750244826203113,0,0.11527630823595514,0,0.00028991424783986013
22.75,94.75,2025-11,Pro-Junta,Pro-Junta,0,0,0.0055584867333092,0,0.13505871531637992,0,0.000319329057450862
22.75,94.75,2025-12,Pro-Junta,Pro-Junta,0,0,0.006016232967037347,0,0.22239053796343305,0,0.0017195916362103168
22.75,94.75,2026-01,Pro-Junta,Pro-Junta,0,0,0.0038072943382489468,0,0.13110273960354502,0,0.00028505228891177563
22.75,94.75,2026-02,Pro-Junta,Pro-Junta,0,0,0.003150290952954752,0,0.0889101353522313,0,0.00028505228891177563
22.75,94.75,2026-03,Pro-Junta,Pro-Junta,0,0,0.0024368524010376334,0,0.04590626236126809,0,0.0001447709484901501
22.75,94.75,2026-04,Pro-Junta,Pro-Junta,0,0,0.0028216926786229076,0,0.07516298735229451,0,0.0009190191068827326
22.75,95.25,2025-11,Pro-Junta,Pro-Junta,0,0,0.0017861942658136845,0,0.0017189006750241076,0,7.462994888147999e-05
22.75,95.25,2025-12,Pro-Junta,Pro-Junta,0,0,0.0015982816677823023,0,0.029307169810339123,0,8.919684478326757e-05
22.75,95.25,2026-01,Pro-Junta,Pro-Junta,0,0,0.010502792219077349,0,0.013136878980415793,0,0.00011764452562859763
22.75,95.25,2026-02,Pro-Junta,Pro-Junta,0,0,0.12255798196071464,0,0.028470692451200486,0,0.0003010138419055427
22.75,95.25,2026-03,Pro-Junta,Pro-Junta,0,0,0.005572294076435472,0,0.0220930259026705,0,0.0007401303776511011
22.75,95.25,2026-04,Pro-Junta,Pro-Junta,0,0,0.002358173731405784,0,0.07238216444517356,0,0.00038670663655401486
22.75,95.75,2025-11,Pro-Junta,Pro-Junta,0,0,0.008601921953207472,0,0.024737322832354858,0,0.00023440009630557157
22.75,95.75,2025-12,Pro-Junta,Pro-Junta,0,0,0.0006539035919595034,0,0.019788002682377487,0,0.0001681356611496376
22.75,95.75,2026-01,Pro-Junta,Pro-Junta,0,0,0.015678381742148664,0,0.016170488965815664,0,5.0870621147866065e-05
22.75,95.75,2026-02,Pro-Junta,Pro-Junta,0,0,0.028415445685864803,0,0.01,0,7.380834915404588e-05
22.75,95.75,2026-03,Pro-Junta,Pro-Junta,0,0,0.012918695198255028,0,0.06149320266714022,0,0.00045074024153630293
22.75,95.75,2026-04,Pro-Junta,Pro-Junta,0,0,0.005268103437111896,0,0.023183232430566393,0,0.0001435791768947203
22.75,96.25,2025-11,Pro-Junta,Pro-Junta,0,0,0.043596470109705486,0,0.008277020834606234,0,6.029682374803722e-05
22.75,96.25,2025-12,Pro-Junta,Pro-Junta,0,1,0.6494314925540433,0,0.05814756872489575,0,0.0003586264601575036
22.75,96.25,2026-01,Pro-Junta,Pro-Junta,0,1,0.7331471884561862,0,0.047080234474162985,0,0.00022600872176495375
22.75,96.25,2026-02,Pro-Junta,Pro-Junta,0,0,0.058150617414423025,0,0.016984200487306197,0,0.0002659507848803644
22.75,96.25,2026-03,Pro-Junta,Pro-Junta,0,0,0.09769564634226337,0,0.012704684759440423,0,8.214362451346026e-05
22.75,96.25,2026-04,Pro-Junta,Pro-Junta,0,0,0.1136593065209623,0,0.030891904555071324,0,8.865747445186589e-05
22.75,96.75,2025-11,Pro-Junta,Pro-Junta,0,0,0.33170912192767726,0,0.0982383711542086,0,0.000693660685964521
22.75,96.75,2025-12,Pro-Junta,Pro-Junta,0,0,0.006698281345637873,0,0.12988561525129982,0,0.00215757356397431
22.75,96.75,2026-01,Pro-Junta,Pro-Junta,0,0,0.007083094623853171,0,0.032102934670402594,0,6.069467644553642e-05
22.75,96.75,2026-02,Pro-Junta,Pro-Junta,0,0,0.006972780823190481,0,0.001727097936505695,0,7.238710523180086e-05
22.75,96.75,2026-03,Pro-Junta,Pro-Junta,0,0,0.014705613032754009,0,0.008783010850904507,0,6.957248173275586e-05
22.75,96.75,2026-04,Pro-Junta,Pro-Junta,0,0,0.015353716137745239,0,0.016338892688042797,0,6.119066299227939e-05
22.75,97.25,2025-11,Pro-Junta,Pro-Junta,0,1,0.6834593632742574,0,0.019223803363518758,0,0.000631586970503799
22.75,97.25,2025-12,Pro-Junta,Pro-Junta,0,0,0.007120391242258142,0,0.02940633245382586,0,0.0001264456738779918
22.75,97.25,2026-01,Pro-Junta,Pro-Junta,0,0,0.0012499240571925785,0,0.011967764293249892,0,0.00014690868230864552
22.75,97.25,2026-02,Pro-Junta,Pro-Junta,0,0,0.0039366413109331614,0,0.061328940420787154,0,0.0001469550437926259
22.75,97.25,2026-03,Pro-Junta,Pro-Junta,0,0,0.012222095287335913,0,0.012226103839767773,0,7.04893115733862e-05
22.75,97.25,2026-04,Pro-Junta,Pro-Junta,0,0,0.012305388336360511,0,0.016338892688042797,0,7.06708325720147e-05
22.75,97.75,2025-11,Pro-Junta,Pro-Junta,0,0,0.13278549443786414,0,0.2526791020074654,0,0.0012685291340128737
22.75,97.75,2025-12,Pro-Junta,Pro-Junta,0,0,0.03260285240974377,0,0.05669543485388231,0,8.952742970448728e-05
22.75,97.75,2026-01,Pro-Junta,Pro-Junta,0,0,0.06130344034835821,0,0.044471298102885415,0,0.0001089436009310597
22.75,97.75,2026-02,Pro-Junta,Pro-Junta,0,0,0.05123493510534768,0,0.044471298102885415,0,0.0001089436009310597
22.75,97.75,2026-03,Pro-Junta,Pro-Junta,0,0,0.04274478439379578,0,0.044471298102885415,0,0.0001089436009310597
22.75,97.75,2026-04,Pro-Junta,Pro-Junta,0,0,0.03560873467971376,0,0.044471298102885415,0,0.0001089436009310597
22.75,98.25,2025-11,Anti-Junta,Anti-Junta,0,1,0.8745498000763551,1,0.6591832594608884,0,0.0017086632843646493
22.75,98.25,2025-12,Anti-Junta,Anti-Junta,0,1,0.7141946530329635,1,0.6651025442200705,0,0.0051250595454878254
22.75,98.25,2026-01,Anti-Junta,Anti-Junta,0,1,0.8403159977745506,1,0.7215220214452972,0,0.0070870759580245355
22.75,98.25,2026-02,Anti-Junta,Anti-Junta,0,1,0.825444804360876,1,0.7130009578062174,0,0.006446084336823189
22.75,98.25,2026-03,Anti-Junta,Anti-Junta,0,1,0.8095026348858808,1,0.7772611336193138,0,0.32302430796041476
22.75,98.25,2026-04,Anti-Junta,Anti-Junta,0,1,0.7924705244002634,0,0.4557043102627496,0,0.002939403312549088
22.75,98.75,2025-11,Anti-Junta,Anti-Junta,0,0,0.022068134901197942,0,0.1932565447723073,0,0.0005946252016441351
22.75,98.75,2025-12,Anti-Junta,Anti-Junta,0,0,0.008578834940822991,0,0.17254331752925314,0,0.00018085615680000944
22.75,98.75,2026-01,Anti-Junta,Anti-Junta,0,0,0.017896267603103408,0,0.1932565447723073,0,0.0005946252016441351
22.75,98.75,2026-02,Anti-Junta,Anti-Junta,0,0,0.016111100248327657,0,0.1932565447723073,0,0.0005946252016441351
22.75,98.75,2026-03,Anti-Junta,Anti-Junta,0,0,0.014501375456679254,0,0.1932565447723073,0,0.0005946252016441351
22.75,98.75,2026-04,Anti-Junta,Anti-Junta,0,0,0.01305035142878942,0,0.1932565447723073,0,0.0005946252016441351
22.75,99.25,2025-11,Pro-Junta,Pro-Junta,0,0,0.23645051494923186,0,0.27138051664816665,0,0.0013009134397249848
22.75,99.25,2025-12,Pro-Junta,Pro-Junta,0,0,0.21769686766367297,0,0.27840528156802485,0,0.001572768887342132
22.75,99.25,2026-01,Pro-Junta,Pro-Junta,0,0,0.20004094785371726,0,0.16238980397496325,0,0.0002842378003553468
22.75,99.25,2026-02,Pro-Junta,Pro-Junta,0,0,0.18348113061020893,0,0.14163220050294947,0,0.00023765549635270655
22.75,99.25,2026-03,Pro-Junta,Pro-Junta,0,0,0.16800426839954133,0,0.14163220050294947,0,0.00023765549635270655
22.75,99.25,2026-04,Pro-Junta,Pro-Junta,0,0,0.15358733543814287,0,0.14163220050294947,0,0.00023765549635270655
23.25,93.25,2025-11,Anti-Junta,Anti-Junta,0,0,0.01839400964807717,0,0.23137544305663657,0,0.0008987936949270898
23.25,93.25,2025-12,Anti-Junta,Anti-Junta,0,0,0.014501375456679254,0,0.1932565447723073,0,0.0005946252016441351
23.25,93.25,2026-01,Anti-Junta,Anti-Junta,0,0,0.013947845619279996,0,0.2654232195611497,0,0.0012184128731580865
23.25,93.25,2026-02,Anti-Junta,Anti-Junta,0,0,0.011742788469759598,0,0.1932565447723073,0,0.0005946252016441351
23.25,93.25,2026-03,Anti-Junta,Anti-Junta,0,0,0.012071489767741254,0,0.23137544305663657,0,0.0008987936949270898
23.25,93.25,2026-04,Anti-Junta,Anti-Junta,0,0,0.012409276459510494,0,0.2730979455703495,0,0.001329283952598892
23.25,93.75,2025-11,Anti-Junta,Anti-Junta,0,0,0.010041095171331399,0,0.11312810741201286,0,0.000522518019264572
23.25,93.75,2025-12,Anti-Junta,Anti-Junta,0,0,0.007275793122953686,0,0.08467834069748159,0,0.0004556055321284096
23.25,93.75,2026-01,Anti-Junta,Anti-Junta,0,0,0.005633342182509384,0,0.08278076307880353,0,0.00031044153356288447
23.25,93.75,2026-02,Anti-Junta,Anti-Junta,0,0,0.004360032725573574,0,0.04504737939296063,0,0.00018529231951491478
23.25,93.75,2026-03,Anti-Junta,Anti-Junta,0,0,1.1705724439388096e-11,0,0.029424936014415738,0,0.00019784761564497233
23.25,93.75,2026-04,Anti-Junta,Anti-Junta,0,0,0.05939420073463596,0,0.06676033366612946,0,0.0002782245911175408
23.25,94.25,2025-11,Pro-Junta,Pro-Junta,0,0,0.0016282749921553551,0,0.06451886922923537,0,0.00010261093694232556
23.25,94.25,2025-12,Pro-Junta,Pro-Junta,0,0,0.009707820302933493,0,0.10165296500627957,0,0.00021085885251969814
23.25,94.25,2026-01,Pro-Junta,Pro-Junta,0,0,0.004870865239995222,0,0.08246816061956039,0,9.280813166844074e-05
23.25,94.25,2026-02,Pro-Junta,Pro-Junta,0,0,0.0037176773817348087,0,0.03716285987984699,0,6.998519813698756e-05
23.25,94.25,2026-03,Pro-Junta,Pro-Junta,0,0,0.004848665446598157,0,0.05447764884378154,0,0.0001292565055314885
23.25,94.25,2026-04,Pro-Junta,Pro-Junta,0,0,0.00496718218698126,0,0.06254673859681001,0,0.00012835103444090544
23.25,94.75,2025-11,Pro-Junta,Pro-Junta,0,0,0.0029103715100320857,0,0.04590626236126809,0,0.0001447709484901501
23.25,94.75,2025-12,Pro-Junta,Pro-Junta,0,0,0.0027543829573681462,0,0.06942959199278573,0,0.00016240750223122172
23.25,94.75,2026-01,Pro-Junta,Pro-Junta,0,0,0.001991792589773142,0,0.04590626236126809,0,0.0001447695736040307
23.25,94.75,2026-02,Pro-Junta,Pro-Junta,0,0,0.0016475619983576646,0,0.041025034411793164,0,0.0001447652069650803
23.25,94.75,2026-03,Pro-Junta,Pro-Junta,0,0,0.0012740077933039756,0,0.045410652918601,0,0.00018885982738836712
23.25,94.75,2026-04,Pro-Junta,Pro-Junta,0,0,0.0012056181501991859,0,0.05096689425105353,0,0.00015332427774742829
23.25,95.25,2025-11,Pro-Junta,Pro-Junta,0,0,0.0022718883101532743,0,0.03217593103346765,0,0.0001686576698051807
23.25,95.25,2025-12,Pro-Junta,Pro-Junta,0,0,0.012360960637618733,0,0.08081631469694434,0,0.00013397906165950912
23.25,95.25,2026-01,Pro-Junta,Pro-Junta,0,0,0.00985266283629197,0,0.14986412108262112,0,0.00034078945275362553
23.25,95.25,2026-02,Pro-Junta,Pro-Junta,0,0,0.0022922270089972196,0,0.01868319188367775,0,9.339207945760264e-05
23.25,95.25,2026-03,Pro-Junta,Pro-Junta,0,0,0.0017047656515220124,0,0.010556830640936718,0,5.33511853099441e-05
23.25,95.25,2026-04,Pro-Junta,Pro-Junta,0,0,0.02132297854026609,0,0.09749561703737976,0,0.00041400631613154175
23.25,95.75,2025-11,Pro-Junta,Pro-Junta,0,0,0.005532490886831574,0,0.012362042830464638,0,8.540110099431528e-05
23.25,95.75,2025-12,Pro-Junta,Pro-Junta,0,0,0.006798642766667435,0,0.1294579747459748,0,0.0003948520550060209
23.25,95.75,2026-01,Pro-Junta,Pro-Junta,0,0,0.005872310974560405,0,0.020043834807785474,0,0.0001783941266494498
23.25,95.75,2026-02,Pro-Junta,Pro-Junta,0,0,0.019413810531317303,0,0.07070073938250863,0,0.0007541490481362463
23.25,95.75,2026-03,Pro-Junta,Pro-Junta,0,0,0.0076440049109385,0,0.11194662746820852,0,0.00015303556194428599
23.25,95.75,2026-04,Pro-Junta,Pro-Junta,0,0,0.0037136238027049386,0,0.06512777425652516,0,0.000587923710054323
23.25,96.25,2025-11,Pro-Junta,Pro-Junta,0,0,0.014773275085060133,0,0.2915145698311882,0,0.0036840017502932686
23.25,96.25,2025-12,Pro-Junta,Pro-Junta,0,0,0.010184709664292921,0,0.2380945773634793,0,0.0021646236899436917
23.25,96.25,2026-01,Pro-Junta,Pro-Junta,0,0,0.011192328885824986,0,0.28689877967010935,0,0.0011566970815549446
23.25,96.25,2026-02,Pro-Junta,Pro-Junta,0,0,0.007707301106416976,0,0.21296598835187808,0,0.0005223010703849641
23.25,96.25,2026-03,Pro-Junta,Pro-Junta,0,0,0.00606227550527052,0,0.15338424673096263,0,0.0003530608279896407
23.25,96.25,2026-04,Pro-Junta,Pro-Junta,0,0,0.005451006659612036,0,0.15338424673096263,0,0.0003530608279896407
23.25,96.75,2025-11,Anti-Junta,Anti-Junta,0,0,0.1822846083838871,0,0.07178556235502707,0,0.015841568977571652
23.25,96.75,2025-12,Anti-Junta,Anti-Junta,0,0,0.02148325041761986,0,0.03516754640366076,0,0.00021442143079289865
23.25,96.75,2026-01,Anti-Junta,Anti-Junta,0,0,0.0445337269044616,0,0.01956345010876035,0,0.0006940274409370704
23.25,96.75,2026-02,Anti-Junta,Anti-Junta,0,0,0.044781163325768016,0,0.11314394797318782,0,0.00038333973650582373
23.25,96.75,2026-03,Anti-Junta,Anti-Junta,0,0,0.010764870625209434,0,0.008260427022182557,0,0.00016989044918689044
23.25,96.75,2026-04,Anti-Junta,Anti-Junta,0,0,0.01687049787639888,0,0.029597961058434687,0,0.00010617110638051107
23.25,97.25,2025-11,Pro-Junta,Pro-Junta,0,0,0.05381590082814912,0,0.09001969863716638,0,0.0005475264678649396
23.25,97.25,2025-12,Pro-Junta,Pro-Junta,0,0,0.009247807102331551,0,0.053191547699718865,0,0.00015761693942406406
23.25,97.25,2026-01,Pro-Junta,Pro-Junta,0,0,0.005580967775712294,0,0.024798166505550306,0,8.928450373680869e-05
23.25,97.25,2026-02,Pro-Junta,Pro-Junta,0,0,0.00528174954651621,0,0.06744036577974924,0,0.00011156111062945678
23.25,97.25,2026-03,Pro-Junta,Pro-Junta,0,0,0.005810752154689361,0,0.034654175918931475,0,6.095251828421833e-05
23.25,97.25,2026-04,Pro-Junta,Pro-Junta,0,0,0.005051620329172481,0,0.035614786165355246,0,8.51316275284883e-05
23.25,97.75,2025-11,Pro-Junta,Pro-Junta,0,0,0.010234875137098042,0,0.19004253311622865,0,0.0004380242817288305
23.25,97.75,2025-12,Pro-Junta,Pro-Junta,0,0,0.0033940070403328288,0,0.032171693176491975,0,3.9344233254453514e-05
23.25,97.75,2026-01,Pro-Junta,Pro-Junta,0,0,0.005055475989362169,0,0.09786019963230645,0,0.00022572495951808975
23.25,97.75,2026-02,Pro-Junta,Pro-Junta,0,0,0.004183985551820282,0,0.08594399941262726,0,0.00022572495951808975
23.25,97.75,2026-03,Pro-Junta,Pro-Junta,0,0,0.0034622045964625156,0,0.0931839660411277,0,0.0002049828914352332
23.25,97.75,2026-04,Pro-Junta,Pro-Junta,0,0,0.0028645801700848254,0,0.08260000677801024,0,0.0002049828914352332
23.25,98.25,2025-11,Pro-Junta,Pro-Junta,0,0,0.0016592883345343179,0,0.0395900701534105,0,0.00011789410907634285
23.25,98.25,2025-12,Pro-Junta,Pro-Junta,0,0,0.0005861049687606398,0,0.02551519736891464,0,5.093227636821575e-05
23.25,98.25,2026-01,Pro-Junta,Pro-Junta,0,0,0.0011351299576151446,0,0.0395900701534105,0,0.00011271390045906662
23.25,98.25,2026-02,Pro-Junta,Pro-Junta,0,0,0.0009388124007188944,0,0.0395900701534105,0,0.00011271867985794656
23.25,98.25,2026-03,Pro-Junta,Pro-Junta,0,0,0.0007764210257213354,0,0.0395900701534105,0,0.00011271867985794656
23.25,98.25,2026-04,Pro-Junta,Pro-Junta,0,0,0.0006421012973221324,0,0.0395900701534105,0,0.00011271867985794656
23.25,98.75,2025-11,Pro-Junta,Pro-Junta,0,0,0.23645051494923186,0,0.27138051664816665,0,0.0013009134397249848
23.25,98.75,2025-12,Pro-Junta,Pro-Junta,0,0,0.10614143934926924,0,0.22876000286017742,0,0.0006524433628179109
23.25,98.75,2026-01,Pro-Junta,Pro-Junta,0,0,0.20004094785371726,0,0.16238980397496325,0,0.0002842378003553468
23.25,98.75,2026-02,Pro-Junta,Pro-Junta,0,0,0.18348113061020893,0,0.14163220050294947,0,0.00023765549635270655
23.25,98.75,2026-03,Pro-Junta,Pro-Junta,0,0,0.16800426839954133,0,0.14163220050294947,0,0.00023765549635270655
23.25,98.75,2026-04,Pro-Junta,Pro-Junta,0,0,0.15358733543814287,0,0.14163220050294947,0,0.00023765549635270655
23.25,99.25,2025-11,Pro-Junta,Pro-Junta,0,0,0.23645051494923186,0,0.27138051664816665,0,0.0013009134397249848
23.25,99.25,2025-12,Pro-Junta,Pro-Junta,0,0,0.21769686766367297,0,0.27840528156802485,0,0.001572768887342132
23.25,99.25,2026-01,Pro-Junta,Pro-Junta,0,0,0.20004094785371726,0,0.16238980397496325,0,0.0002842378003553468
23.25,99.25,2026-02,Pro-Junta,Pro-Junta,0,0,0.18348113061020893,0,0.14163220050294947,0,0.00023765549635270655
23.25,99.25,2026-03,Pro-Junta,Pro-Junta,0,0,0.16800426839954133,0,0.14163220050294947,0,0.00023765549635270655
23.25,99.25,2026-04,Pro-Junta,Pro-Junta,0,0,0.15358733543814287,0,0.14163220050294947,0,0.00023765549635270655
23.75,93.25,2025-11,Anti-Junta,Anti-Junta,0,0,0.016111100248327657,0,0.1932565447723073,0,0.0005946252016441351
23.75,93.25,2025-12,Anti-Junta,Anti-Junta,0,0,0.014501375456679254,0,0.1932565447723073,0,0.0005946252016441351
23.75,93.25,2026-01,Anti-Junta,Anti-Junta,0,0,0.01305035142878942,0,0.1932565447723073,0,0.0005946252016441351
23.75,93.25,2026-02,Anti-Junta,Anti-Junta,0,0,0.011742788469759598,0,0.1932565447723073,0,0.0005946252016441351
23.75,93.25,2026-03,Anti-Junta,Anti-Junta,0,0,0.010564832681962451,0,0.1932565447723073,0,0.0005946252016441351
23.75,93.25,2026-04,Anti-Junta,Anti-Junta,0,0,0.012409276459510494,0,0.2730979455703495,0,0.001329283952598892
23.75,93.75,2025-11,Anti-Junta,Anti-Junta,0,0,0.017215415546744172,0,0.2654232195611497,0,0.0012184128731580865
23.75,93.75,2025-12,Anti-Junta,Anti-Junta,0,0,0.01549709206989757,0,0.2654232195611497,0,0.0012184128731580865
23.75,93.75,2026-01,Anti-Junta,Anti-Junta,0,0,0.01305035142878942,0,0.1932565447723073,0,0.0005946252016441351
23.75,93.75,2026-02,Anti-Junta,Anti-Junta,0,0,0.011742788469759598,0,0.1932565447723073,0,0.0005946252016441351
23.75,93.75,2026-03,Anti-Junta,Anti-Junta,0,0,0.010564832681962451,0,0.1932565447723073,0,0.0005946252016441351
23.75,93.75,2026-04,Anti-Junta,Anti-Junta,0,0,0.012409276459510494,0,0.2730979455703495,0,0.001329283952598892
23.75,94.25,2025-11,Anti-Junta,Anti-Junta,0,0,0.005905367551739963,0,0.08278076307880353,0,0.00031044153356288447
23.75,94.25,2025-12,Anti-Junta,Anti-Junta,0,0,0.0048880879732349876,0,0.08278076307880353,0,0.00031044153356288447
23.75,94.25,2026-01,Anti-Junta,Anti-Junta,0,0,0.003782588214409477,0,0.04504737939296063,0,0.00018529231951491478
23.75,94.25,2026-02,Anti-Junta,Anti-Junta,0,0,0.0031298348313211705,0,0.052356451663591076,0,0.00018509109125648714
23.75,94.25,2026-03,Anti-Junta,Anti-Junta,0,0,0.0025894329499336374,0,0.04016615144348571,0,0.00018529012511517753
23.75,94.25,2026-04,Anti-Junta,Anti-Junta,0,0,0.002803364278851749,0,0.06866582601747978,0,0.0002810834926744416
23.75,94.75,2025-11,Pro-Junta,Pro-Junta,0,0,0.0046509264520914265,0,0.05992480533877582,0,0.00021054314080026936
23.75,94.75,2025-12,Pro-Junta,Pro-Junta,0,0,0.005918615382205576,0,0.09425510938553544,0,0.00020870344149750435
23.75,94.75,2026-01,Pro-Junta,Pro-Junta,0,0,0.004283725131034224,0,0.08106828931416978,0,0.00019065241030408016
23.75,94.75,2026-02,Pro-Junta,Pro-Junta,0,0,0.004377484680794906,0,0.050981125565715144,0,0.00019065241030408016
23.75,94.75,2026-03,Pro-Junta,Pro-Junta,0,0,0.0031749168551807767,0,0.11356501461635451,0,0.0003781726562040075
23.75,94.75,2026-04,Pro-Junta,Pro-Junta,0,0,0.0030047920702357786,0,0.1177936778873983,0,0.000319329057450862
23.75,95.25,2025-11,Pro-Junta,Pro-Junta,0,0,0.006022604263558992,0,0.050981125565715144,0,0.00019065241030408016
23.75,95.25,2025-12,Pro-Junta,Pro-Junta,0,0,0.004370078439721651,0,0.11356501461635451,0,0.0003781726562040075
23.75,95.25,2026-01,Pro-Junta,Pro-Junta,0,0,0.003616311110813295,0,0.09629997718737293,0,0.0003781726562040075
23.75,95.25,2026-02,Pro-Junta,Pro-Junta,0,0,0.0032001846999428806,0,0.08938839094111106,0,0.00026325372403017514
23.75,95.25,2026-03,Pro-Junta,Pro-Junta,0,0,0.0016307357192222628,0,0.020619588137483335,0,0.00013012164371665626
23.75,95.25,2026-04,Pro-Junta,Pro-Junta,0,0,0.008117415311196606,0,0.06772726836383094,0,0.0004657412602244011
23.75,95.75,2025-11,Pro-Junta,Pro-Junta,0,0,0.007414254032112277,0,0.05447764884378154,0,0.00014351198085764557
23.75,95.75,2025-12,Pro-Junta,Pro-Junta,0,0,0.0077784504596238434,0,0.13195341567982624,0,0.0004716023295505691
23.75,95.75,2026-01,Pro-Junta,Pro-Junta,0,0,0.01346670758367224,0,0.09179864991395259,0,7.569197847613453e-05
23.75,95.75,2026-02,Pro-Junta,Pro-Junta,0,0,0.01392757983291454,0,0.12147924380357267,0,0.00024915994091459487
23.75,95.75,2026-03,Pro-Junta,Pro-Junta,0,0,0.003983413582605554,0,0.06976346737076386,0,0.0001030441934679282
23.75,95.75,2026-04,Pro-Junta,Pro-Junta,0,0,0.0035299375710035902,0,0.057538081893158816,0,0.0003536139336413041
23.75,96.25,2025-11,Pro-Junta,Pro-Junta,0,0,0.006885999618639622,0,0.04574660288275511,0,0.00020870344149750435
23.75,96.25,2025-12,Pro-Junta,Pro-Junta,0,0,0.004086325450449801,0,0.09786019963230645,0,0.00022572495951808975
23.75,96.25,2026-01,Pro-Junta,Pro-Junta,0,0,0.004136177832233853,0,0.1177936778873983,0,0.000319329057450862
23.75,96.25,2026-02,Pro-Junta,Pro-Junta,0,0,0.00391474711082154,0,0.16990576449345415,0,0.0010754515310004405
23.75,96.25,2026-03,Pro-Junta,Pro-Junta,0,0,0.0006910195847429687,0,0.011838828717226236,0,6.090172950603672e-05
23.75,96.25,2026-04,Pro-Junta,Pro-Junta,0,0,0.01153030252725256,0,0.0559919215010087,0,0.0003473912596027058
23.75,96.75,2025-11,Anti-Junta,Anti-Junta,0,0,0.0011555122266014065,0,0.05872766112523524,0,0.0002653751709617435
23.75,96.75,2025-12,Anti-Junta,Anti-Junta,0,0,0.0007808097214253245,0,0.04016615144348571,0,0.00018529012511517753
23.75,96.75,2026-01,Anti-Junta,Anti-Junta,0,0,0.0007388757142198034,0,0.054443473023456354,0,0.00025056261442341847
23.75,96.75,2026-02,Anti-Junta,Anti-Junta,0,0,0.0006991922303480666,0,0.06866582601747978,0,0.0002810834926744416
23.75,96.75,2026-03,Anti-Junta,Anti-Junta,0,0,0.0004416073240427768,0,0.04016615144348571,0,0.00018529012511517753
23.75,96.75,2026-04,Anti-Junta,Anti-Junta,0,0,0.0004470148061650476,0,0.05872766112523524,0,0.0002653751709617435
23.75,97.25,2025-11,Anti-Junta,Anti-Junta,0,0,0.0005555793152195691,0,0.054443473023456354,0,0.00025056261442341847
23.75,97.25,2025-12,Anti-Junta,Anti-Junta,0,0,0.0004015141203077649,0,0.04016615144348571,0,0.00018529012511517753
23.75,97.25,2026-01,Anti-Junta,Anti-Junta,0,0,0.00037994273945849495,0,0.054443473023456354,0,0.00025056261442341847
23.75,97.25,2026-02,Anti-Junta,Anti-Junta,0,0,0.00029371319661665023,0,0.06047429480962453,0,0.00031043785749281953
23.75,97.25,2026-03,Anti-Junta,Anti-Junta,0,0,0.00024288093494201024,0,0.06047429480962453,0,0.00031043785749281953
23.75,97.25,2026-04,Anti-Junta,Anti-Junta,0,0,0.0002008443274593067,0,0.06047429480962453,0,0.00031043785749281953
23.75,97.75,2025-11,Anti-Junta,Anti-Junta,0,0,0.004886367783342074,0,0.06047429480962453,0,0.00031043785749281953
23.75,97.75,2025-12,Anti-Junta,Anti-Junta,0,0,0.0037812555878137546,0,0.04016615144348571,0,0.00018529012511517753
23.75,97.75,2026-01,Anti-Junta,Anti-Junta,0,0,0.003128731451084225,0,0.04016615144348571,0,0.00018529012511517753
23.75,97.75,2026-02,Anti-Junta,Anti-Junta,0,0,0.002768554598648187,0,0.06047429480962453,0,0.00031043785749281953
23.75,97.75,2026-03,Anti-Junta,Pro-Junta,1,0,0.002290388572026018,0,0.06047429480962453,0,0.00031043785749281953
23.75,97.75,2026-04,Pro-Junta,Pro-Junta,0,0,0.2530966925354432,0,0.27365945075443143,0,0.0014049690459733886
23.75,98.25,2025-11,Anti-Junta,Anti-Junta,0,0,0.010560537041929396,0,0.06721630980673639,0,0.00031338404936439456
23.75,98.25,2025-12,Anti-Junta,Anti-Junta,0,0,0.010790190836756508,0,0.04615351939680177,0,0.00031338404936439456
23.75,98.25,2026-01,Anti-Junta,Anti-Junta,0,0,0.00733243096561734,0,0.07414779625232869,0,0.00037102601720736384
23.75,98.25,2026-02,Anti-Junta,Anti-Junta,0,0,0.006070821639081511,0,0.07148162816781903,0,0.00037102601720736384
23.75,98.25,2026-03,Anti-Junta,Pro-Junta,1,0,0.005373779677067009,0,0.10271507394816613,0,0.0005644508223416925
23.75,98.25,2026-04,Pro-Junta,Pro-Junta,0,1,0.5860645212627974,0,0.425524689255722,0,0.08178168219458956
23.75,98.75,2025-11,Pro-Junta,Pro-Junta,0,0,0.001190624170389546,0,0.0395900701534105,0,0.00011271867985794656
23.75,98.75,2025-12,Pro-Junta,Pro-Junta,0,0,0.0009847185059774978,0,0.0395900701534105,0,0.00011271867985794656
23.75,98.75,2026-01,Pro-Junta,Pro-Junta,0,0,0.0008143929806188559,0,0.0395900701534105,0,0.00011271867985794656
23.75,98.75,2026-02,Pro-Junta,Pro-Junta,0,0,0.0006735085860410538,0,0.0395900701534105,0,0.00011271867985794656
23.75,98.75,2026-03,Pro-Junta,Pro-Junta,0,0,0.0005569826386451083,0,0.0395900701534105,0,0.00011271867985794656
23.75,98.75,2026-04,Pro-Junta,Pro-Junta,0,0,0.0004606079383327925,0,0.0395900701534105,0,0.00011271867985794656
24.25,93.25,2025-11,Anti-Junta,Anti-Junta,0,0,0.016111100248327657,0,0.1932565447723073,0,0.0005946252016441351
24.25,93.25,2025-12,Anti-Junta,Anti-Junta,0,0,0.014501375456679254,0,0.1932565447723073,0,0.0005946252016441351
24.25,93.25,2026-01,Anti-Junta,Anti-Junta,0,0,0.01305035142878942,0,0.1932565447723073,0,0.0005946252016441351
24.25,93.25,2026-02,Anti-Junta,Anti-Junta,0,0,0.011742788469759598,0,0.1932565447723073,0,0.0005946252016441351
24.25,93.25,2026-03,Anti-Junta,Anti-Junta,0,0,0.010564832681962451,0,0.1932565447723073,0,0.0005946252016441351
24.25,93.25,2026-04,Anti-Junta,Anti-Junta,0,0,0.009503904950782769,0,0.1932565447723073,0,0.0005946252016441351
24.25,93.75,2025-11,Anti-Junta,Anti-Junta,0,0,0.016111100248327657,0,0.1932565447723073,0,0.0005946252016441351
24.25,93.75,2025-12,Anti-Junta,Anti-Junta,0,0,0.014501375456679254,0,0.1932565447723073,0,0.0005946252016441351
24.25,93.75,2026-01,Anti-Junta,Anti-Junta,0,0,0.01305035142878942,0,0.1932565447723073,0,0.0005946252016441351
24.25,93.75,2026-02,Anti-Junta,Anti-Junta,0,0,0.011742788469759598,0,0.1932565447723073,0,0.0005946252016441351
24.25,93.75,2026-03,Anti-Junta,Anti-Junta,0,0,0.010564832681962451,0,0.1932565447723073,0,0.0005946252016441351
24.25,93.75,2026-04,Anti-Junta,Anti-Junta,0,0,0.009503904950782769,0,0.1932565447723073,0,0.0005946252016441351
24.25,94.25,2025-11,Pro-Junta,Pro-Junta,0,0,0.002764255288507124,0,0.044471298102885415,0,0.00011272315053072363
24.25,94.25,2025-12,Pro-Junta,Pro-Junta,0,0,0.0022868301068615267,0,0.044471298102885415,0,0.00011272315053072363
24.25,94.25,2026-01,Pro-Junta,Pro-Junta,0,0,0.001891706449270174,0,0.044471298102885415,0,0.00011272315053072363
24.25,94.25,2026-02,Pro-Junta,Pro-Junta,0,0,0.001564746076741048,0,0.044471298102885415,0,0.00011259759158912832
24.25,94.25,2026-03,Pro-Junta,Pro-Junta,0,0,0.0012942238828170486,0,0.0395900701534105,0,0.00011271867985794656
24.25,94.25,2026-04,Pro-Junta,Pro-Junta,0,0,0.001070420961688793,0,0.0395900701534105,0,0.00011271867985794656
24.25,94.75,2025-11,Pro-Junta,Pro-Junta,0,0,0.00037634764170807813,0,0.0395900701534105,0,0.00011271867985794656
24.25,94.75,2025-12,Pro-Junta,Pro-Junta,0,0,0.00031121848044356074,0,0.0395900701534105,0,0.00011271867985794656
24.25,94.75,2026-01,Pro-Junta,Pro-Junta,0,0,0.0002573573998190272,0,0.0395900701534105,0,0.00011271867985794656
24.25,94.75,2026-02,Pro-Junta,Pro-Junta,0,0,0.00021281581213601497,0,0.0395900701534105,0,0.00011271867985794656
24.25,94.75,2026-03,Pro-Junta,Pro-Junta,0,0,0.00018825324958038272,0,0.045410652918601,0,0.00018885982738836712
24.25,94.75,2026-04,Pro-Junta,Pro-Junta,0,0,0.000155669854250838,0,0.045410652918601,0,0.00018885982738836712
24.25,95.25,2025-11,Pro-Junta,Pro-Junta,0,0,0.0014228290812387757,0,0.0395900701534105,0,0.00011271867985794656
24.25,95.25,2025-12,Pro-Junta,Pro-Junta,0,0,0.0011768133851291398,0,0.0395900701534105,0,0.00011271867985794656
24.25,95.25,2026-01,Pro-Junta,Pro-Junta,0,0,0.0010411049746180704,0,0.045410652918601,0,0.00018885982738836712
24.25,95.25,2026-02,Pro-Junta,Pro-Junta,0,0,0.0008610347585078028,0,0.045410652918601,0,0.00018885982738836712
24.25,95.25,2026-03,Pro-Junta,Pro-Junta,0,0,0.0007120874068739057,0,0.045410652918601,0,0.00018885982738836712
24.25,95.25,2026-04,Pro-Junta,Pro-Junta,0,0,0.0005888907434149031,0,0.045410652918601,0,0.00018885982738836712
24.25,95.75,2025-11,Anti-Junta,Anti-Junta,0,0,0.019213285048681264,0,0.04564686553502169,0,0.00030334222432495944
24.25,95.75,2025-12,Anti-Junta,Anti-Junta,0,0,0.018264245449011236,0,0.09414049428825645,0,0.00025612249435444926
24.25,95.75,2026-01,Anti-Junta,Anti-Junta,0,0,0.016189979094926973,0,0.13246909275877053,0,0.00036575459663959584
24.25,95.75,2026-02,Anti-Junta,Anti-Junta,0,0,0.02276943179686203,0,0.07112094962009866,0,0.00018409046020093086
24.25,95.75,2026-03,Anti-Junta,Anti-Junta,0,0,0.011972833110987912,0,0.10832939848278843,0,0.0006215445731942448
24.25,95.75,2026-04,Anti-Junta,Anti-Junta,0,0,0.011336642098760202,0,0.10604477228108845,0,0.0005526308253691196
24.25,96.25,2025-11,Anti-Junta,Anti-Junta,0,0,0.06980840626368688,0,0.08347741232569286,0,0.0004705278183105292
24.25,96.25,2025-12,Anti-Junta,Anti-Junta,0,0,0.027455109084402927,0,0.05216935826278799,0,0.00027039915768900394
24.25,96.25,2026-01,Anti-Junta,Anti-Junta,0,0,0.000958199496814872,0,0.0023157003416020287,0,0.00013006167733301655
24.25,96.25,2026-02,Anti-Junta,Anti-Junta,0,0,0.0782857425474689,0,0.031070441207217404,0,0.001281825291917367
24.25,96.25,2026-03,Anti-Junta,Anti-Junta,0,0,0.07948181624363472,0,0.06048359468377772,0,0.00016869633835384722
24.25,96.25,2026-04,Anti-Junta,Anti-Junta,0,0,0.008417343699584977,0,0.0027008686278052795,0,0.00016882021400247695
24.25,96.75,2025-11,Anti-Junta,Anti-Junta,0,0,0.02017759312638092,0,0.017911069957897947,0,0.0003478618999755844
24.25,96.75,2025-12,Anti-Junta,Anti-Junta,0,0,0.013796261632481035,0,0.06690972341140085,0,0.00016298462905434396
24.25,96.75,2026-01,Anti-Junta,Anti-Junta,0,0,0.011435305130073662,0,0.06733424504345663,0,0.00016298462905434396
24.25,96.75,2026-02,Anti-Junta,Anti-Junta,0,0,0.03598019250100733,0,0.03644330575537186,0,0.00010652019776832631
24.25,96.75,2026-03,Anti-Junta,Anti-Junta,0,0,0.011200980329320827,0,0.07414779625232869,0,0.00037102601720736384
24.25,96.75,2026-04,Anti-Junta,Anti-Junta,0,0,0.011336642098760202,0,0.10604477228108845,0,0.0005526308253691196
24.25,97.25,2025-11,Anti-Junta,Anti-Junta,0,0,0.021553402649284882,0,0.08036923935759101,0,0.00031338404936439456
24.25,97.25,2025-12,Anti-Junta,Anti-Junta,0,0,0.017889044911851663,0,0.06721630980673639,0,0.00031338404936439456
24.25,97.25,2026-01,Anti-Junta,Anti-Junta,0,0,0.013134186262236789,0,0.05713811823756204,0,0.00020816370166759437
24.25,97.25,2026-02,Anti-Junta,Anti-Junta,0,0,0.03217504530291196,0,0.06723397450327119,0,0.0007802065074283773
24.25,97.25,2026-03,Anti-Junta,Anti-Junta,0,0,0.03843333667362915,0,0.0413866385637203,0,0.0002375312447328088
24.25,97.25,2026-04,Anti-Junta,Anti-Junta,0,0,0.026716537666012525,0,0.017433273867207354,0,0.00025431411268039806
24.25,97.75,2025-11,Pro-Junta,Pro-Junta,0,0,0.00024832134951955585,0,0.0395900701534105,0,0.00011271867985794656
24.25,97.75,2025-12,Pro-Junta,Pro-Junta,0,0,0.0002053433359134439,0,0.0395900701534105,0,0.00011271867985794656
24.25,97.75,2026-01,Pro-Junta,Pro-Junta,0,0,0.00016980244334208842,0,0.0395900701534105,0,0.00011271867985794656
24.25,97.75,2026-02,Pro-Junta,Pro-Junta,0,0,0.006445622652172939,0,0.1260404144926258,0,0.0010622755384977623
24.25,97.75,2026-03,Pro-Junta,Pro-Junta,0,0,0.007960625033353088,0,0.09013124140966985,0,0.0001867656249842743
24.25,97.75,2026-04,Pro-Junta,Pro-Junta,0,0,0.0052125587910675664,0,0.08029797020524355,0,0.00018218228350684026
24.25,98.25,2025-11,Pro-Junta,Pro-Junta,0,0,0.011138675887462049,0,0.1456416346486892,0,0.00024589931326360256
24.25,98.25,2025-12,Pro-Junta,Pro-Junta,0,0,0.010020706044987055,0,0.1456416346486892,0,0.00024589931326360256
24.25,98.25,2026-01,Pro-Junta,Pro-Junta,0,0,0.009013922089271514,0,0.1456416346486892,0,0.00024589931326360256
24.25,98.25,2026-02,Pro-Junta,Pro-Junta,0,0,0.008107461694667412,0,0.1456416346486892,0,0.00024589931326360256
24.25,98.25,2026-03,Pro-Junta,Pro-Junta,0,0,0.007796062271068093,0,0.16882811080388307,0,0.0005040428796072605
24.25,98.25,2026-04,Pro-Junta,Pro-Junta,0,0,0.006557091847697693,0,0.1456416346486892,0,0.00024589931326360256
24.25,98.75,2025-11,Pro-Junta,Pro-Junta,0,0,0.011138675887462049,0,0.1456416346486892,0,0.00024589931326360256
24.25,98.75,2025-12,Pro-Junta,Pro-Junta,0,0,0.010020706044987055,0,0.1456416346486892,0,0.00024589931326360256
24.25,98.75,2026-01,Pro-Junta,Pro-Junta,0,0,0.009013922089271514,0,0.1456416346486892,0,0.00024589931326360256
24.25,98.75,2026-02,Pro-Junta,Pro-Junta,0,0,0.008107461694667412,0,0.1456416346486892,0,0.00024589931326360256
24.25,98.75,2026-03,Pro-Junta,Pro-Junta,0,0,0.0072914863014514825,0,0.1456416346486892,0,0.00024589931326360256
24.25,98.75,2026-04,Pro-Junta,Pro-Junta,0,0,0.006557091847697693,0,0.1456416346486892,0,0.00024589931326360256
24.75,94.75,2025-11,Pro-Junta,Pro-Junta,0,0,0.008107461694667412,0,0.1456416346486892,0,0.00024589931326360256
24.75,94.75,2025-12,Pro-Junta,Pro-Junta,0,0,0.0072914863014514825,0,0.1456416346486892,0,0.00024589931326360256
24.75,94.75,2026-01,Pro-Junta,Pro-Junta,0,0,0.006557091847697693,0,0.1456416346486892,0,0.00024589931326360256
24.75,94.75,2026-02,Pro-Junta,Pro-Junta,0,0,0.005896225861496115,0,0.1456416346486892,0,0.00024589931326360256
24.75,94.75,2026-03,Pro-Junta,Pro-Junta,0,0,0.005669272340680335,0,0.16882811080388307,0,0.0005040428796072605
24.75,94.75,2026-04,Pro-Junta,Pro-Junta,0,0,0.004766673115103253,0,0.1456416346486892,0,0.00024589931326360256
24.75,95.25,2025-11,Anti-Junta,Anti-Junta,0,0,0.01043611350261557,0,0.04504737939296063,0,0.00018529231951491478
24.75,95.25,2025-12,Anti-Junta,Anti-Junta,0,0,0.008645139003606092,0,0.04504737939296063,0,0.00018529231951491478
24.75,95.25,2026-01,Anti-Junta,Anti-Junta,0,0,0.007159295661839122,0,0.04504737939296063,0,0.00018529231951491478
24.75,95.25,2026-02,Anti-Junta,Anti-Junta,0,0,0.005605518301129833,0,0.04290664608659345,0,0.00016529465863309367
24.75,95.25,2026-03,Anti-Junta,Anti-Junta,0,0,0.029447984145880908,0,0.09585802755286334,0,0.0009549435331565291
24.75,95.25,2026-04,Anti-Junta,Anti-Junta,0,0,0.02786893409758641,0,0.14074147663473568,0,0.002269670434085777
24.75,95.75,2025-11,Anti-Junta,Anti-Junta,0,0,0.03219603268670663,0,0.2654232195611497,0,0.0012184128731580865
24.75,95.75,2025-12,Anti-Junta,Anti-Junta,0,0,0.027185601807710513,0,0.1932565447723073,0,0.0005946252016441351
24.75,95.75,2026-01,Anti-Junta,Anti-Junta,0,0,0.024496928703471515,0,0.1932565447723073,0,0.0005946252016441351
24.75,95.75,2026-02,Anti-Junta,Anti-Junta,0,0,0.026882064326940024,0,0.256863538474614,0,0.0011153961249088995
24.75,95.75,2026-03,Anti-Junta,Anti-Junta,0,0,0.021231998086523013,0,0.2654232195611497,0,0.0012184128731580865
24.75,95.75,2026-04,Anti-Junta,Anti-Junta,0,0,0.017896267603103408,0,0.1932565447723073,0,0.0005946252016441351
24.75,96.25,2025-11,Anti-Junta,Anti-Junta,0,0,0.013148586332535695,0,0.08278076307880353,0,0.00031044153356288447
24.75,96.25,2025-12,Anti-Junta,Anti-Junta,0,0,0.010194013848563145,0,0.04504737939296063,0,0.00018529231951491478
24.75,96.25,2026-01,Anti-Junta,Anti-Junta,0,0,0.008444232301509516,0,0.04504737939296063,0,0.00018529231951491478
24.75,96.25,2026-02,Anti-Junta,Anti-Junta,0,0,0.00854679404569401,0,0.06872301928018683,0,0.00026537831356073096
24.75,96.25,2026-03,Anti-Junta,Anti-Junta,0,0,0.0057891830121435586,0,0.04504737939296063,0,0.00018529231951491478
24.75,96.25,2026-04,Anti-Junta,Anti-Junta,0,0,0.00479182131992128,0,0.052356451663591076,0,0.00018509109125648714
24.75,96.75,2025-11,Anti-Junta,Anti-Junta,0,0,0.03219603268670663,0,0.2654232195611497,0,0.0012184128731580865
24.75,96.75,2025-12,Anti-Junta,Anti-Junta,0,0,0.027185601807710513,0,0.1932565447723073,0,0.0005946252016441351
24.75,96.75,2026-01,Anti-Junta,Anti-Junta,0,0,0.024496928703471515,0,0.1932565447723073,0,0.0005946252016441351
24.75,96.75,2026-02,Anti-Junta,Anti-Junta,0,0,0.028703123931873173,0,0.2730979455703495,0,0.001329283952598892
24.75,96.75,2026-03,Anti-Junta,Anti-Junta,0,0,0.02267922806028799,0,0.23137544305663657,0,0.0008987936949270898
24.75,96.75,2026-04,Anti-Junta,Anti-Junta,0,0,0.01912056703073595,0,0.2654232195611497,0,0.0012184128731580865
24.75,97.25,2025-11,Anti-Junta,Anti-Junta,0,0,0.011331097637852549,0,0.04504737939296063,0,0.00018529231951491478
24.75,97.25,2025-12,Anti-Junta,Anti-Junta,0,0,0.009387989194036845,0,0.04504737939296063,0,0.00018529231951491478
24.75,97.25,2026-01,Anti-Junta,Anti-Junta,0,0,0.007775473288823518,0,0.04504737939296063,0,0.00018529231951491478
24.75,97.25,2026-02,Anti-Junta,Anti-Junta,0,0,0.0068840615852622964,0,0.08278076307880353,0,0.00031044153356288447
24.75,97.25,2026-03,Anti-Junta,Anti-Junta,0,0,0.006516485224306486,0,0.07603209155081726,0,0.000265383174665087
24.75,97.25,2026-04,Anti-Junta,Anti-Junta,0,0,0.004717229965912532,0,0.06047429480962453,0,0.00031043785749281953
24.75,97.75,2025-11,Pro-Junta,Pro-Junta,0,0,0.000163840022694167,0,0.0395900701534105,0,0.00011271867985794656
24.75,97.75,2025-12,Pro-Junta,Pro-Junta,0,0,0.00013548156389788548,0,0.0395900701534105,0,0.00011271867985794656
24.75,97.75,2026-01,Pro-Junta,Pro-Junta,0,0,0.00011203101503549482,0,0.0395900701534105,0,0.00011271867985794656
24.75,97.75,2026-02,Pro-Junta,Pro-Junta,0,0,9.909957839155571e-05,0,0.045410652918601,0,0.00018885982738836712
24.75,97.75,2026-03,Pro-Junta,Pro-Junta,0,0,9.377392078910697e-05,0,0.05096689425105353,0,0.00015332427774742829
24.75,97.75,2026-04,Pro-Junta,Pro-Junta,0,0,6.776121521782699e-05,0,0.045410652918601,0,0.00018885982738836712
25.25,94.75,2025-11,Pro-Junta,Pro-Junta,0,0,0.008107461694667412,0,0.1456416346486892,0,0.00024589931326360256
25.25,94.75,2025-12,Pro-Junta,Pro-Junta,0,0,0.0072914863014514825,0,0.1456416346486892,0,0.00024589931326360256
25.25,94.75,2026-01,Pro-Junta,Pro-Junta,0,0,0.006557091847697693,0,0.1456416346486892,0,0.00024589931326360256
25.25,94.75,2026-02,Pro-Junta,Pro-Junta,0,0,0.005896225861496115,0,0.1456416346486892,0,0.00024589931326360256
25.25,94.75,2026-03,Pro-Junta,Pro-Junta,0,0,0.005669272340680335,0,0.16882811080388307,0,0.0005040428796072605
25.25,94.75,2026-04,Pro-Junta,Pro-Junta,0,0,0.004766673115103253,0,0.1456416346486892,0,0.00024589931326360256
25.25,95.25,2025-11,Pro-Junta,Pro-Junta,0,0,0.008107461694667412,0,0.1456416346486892,0,0.00024589931326360256
25.25,95.25,2025-12,Pro-Junta,Pro-Junta,0,0,0.0072914863014514825,0,0.1456416346486892,0,0.00024589931326360256
25.25,95.25,2026-01,Pro-Junta,Pro-Junta,0,0,0.006557091847697693,0,0.1456416346486892,0,0.00024589931326360256
25.25,95.25,2026-02,Pro-Junta,Pro-Junta,0,0,0.005896225861496115,0,0.1456416346486892,0,0.00024589931326360256
25.25,95.25,2026-03,Pro-Junta,Pro-Junta,0,0,0.005669272340680335,0,0.16882811080388307,0,0.0005040428796072605
25.25,95.25,2026-04,Pro-Junta,Pro-Junta,0,0,0.004766673115103253,0,0.1456416346486892,0,0.00024589931326360256
25.25,95.75,2025-11,Anti-Junta,Anti-Junta,0,0,0.03219603268670663,0,0.2654232195611497,0,0.0012184128731580865
25.25,95.75,2025-12,Anti-Junta,Anti-Junta,0,0,0.03098832084738993,0,0.23137544305663657,0,0.0008987936949270898
25.25,95.75,2026-01,Anti-Junta,Anti-Junta,0,0,0.026160756833841142,0,0.2654232195611497,0,0.0012184128731580865
25.25,95.75,2026-02,Anti-Junta,Anti-Junta,0,0,0.022068134901197942,0,0.1932565447723073,0,0.0005946252016441351
25.25,95.75,2026-03,Anti-Junta,Anti-Junta,0,0,0.025868357855196783,0,0.2730979455703495,0,0.001329283952598892
25.25,95.75,2026-04,Anti-Junta,Anti-Junta,0,0,0.017896267603103408,0,0.1932565447723073,0,0.0005946252016441351
25.25,96.25,2025-11,Anti-Junta,Anti-Junta,0,0,0.03219603268670663,0,0.2654232195611497,0,0.0012184128731580865
25.25,96.25,2025-12,Anti-Junta,Anti-Junta,0,0,0.03098832084738993,0,0.23137544305663657,0,0.0008987936949270898
25.25,96.25,2026-01,Anti-Junta,Anti-Junta,0,0,0.026160756833841142,0,0.2654232195611497,0,0.0012184128731580865
25.25,96.25,2026-02,Anti-Junta,Anti-Junta,0,0,0.022068134901197942,0,0.1932565447723073,0,0.0005946252016441351
25.25,96.25,2026-03,Anti-Junta,Anti-Junta,0,0,0.024222663783927352,0,0.256863538474614,0,0.0011153961249088995
25.25,96.25,2026-04,Anti-Junta,Anti-Junta,0,0,0.017896267603103408,0,0.1932565447723073,0,0.0005946252016441351
25.25,96.75,2025-11,Anti-Junta,Anti-Junta,0,0,0.013148586332535695,0,0.08278076307880353,0,0.00031044153356288447
25.25,96.75,2025-12,Anti-Junta,Anti-Junta,0,0,0.011648410816264252,0,0.06443883117840794,0,0.0002505655816546121
25.25,96.75,2026-01,Anti-Junta,Anti-Junta,0,0,0.009027853654388088,0,0.08278076307880353,0,0.00031044153356288447
25.25,96.75,2026-02,Anti-Junta,Anti-Junta,0,0,0.006992675309261306,0,0.04504737939296063,0,0.00018529231951491478
25.25,96.75,2026-03,Anti-Junta,Anti-Junta,0,0,0.008091158957061442,0,0.12284208691319083,0,0.0034116839368462967
25.25,96.75,2026-04,Anti-Junta,Anti-Junta,0,0,0.00479182131992128,0,0.052356451663591076,0,0.00018509109125648714
25.25,97.25,2025-11,Anti-Junta,Anti-Junta,0,0,0.0015542395217792361,0,0.04016615144348571,0,0.00018529012511517753
25.25,97.25,2025-12,Anti-Junta,Anti-Junta,0,0,0.001285531422042798,0,0.04016615144348571,0,0.00018529012511517753
25.25,97.25,2026-01,Anti-Junta,Anti-Junta,0,0,0.001063230039444861,0,0.04016615144348571,0,0.00018529012511517753
25.25,97.25,2026-02,Anti-Junta,Anti-Junta,0,0,0.02469128894499981,0,0.0972928275868695,0,0.00020229593343351615
25.25,97.25,2026-03,Anti-Junta,Anti-Junta,0,0,0.047529480943149696,0,0.09174499170352479,0,0.000210856637676408
25.25,97.25,2026-04,Anti-Junta,Anti-Junta,0,0,0.023613103982231393,0,0.0904147406556634,0,0.00011179959036557726
25.25,97.75,2025-11,Pro-Junta,Pro-Junta,0,0,0.005212659645801918,0,0.026419949263701586,0,0.00013655866571351513
25.25,97.75,2025-12,Pro-Junta,Pro-Junta,0,0,0.004519889746924847,0,0.06304092242204061,0,0.00011346952318966606
25.25,97.75,2026-01,Pro-Junta,Pro-Junta,0,0,0.004618794345647954,0,0.05192561841833401,0,0.00011346952318966606
25.25,97.75,2026-02,Pro-Junta,Pro-Junta,0,0,0.004949438721293027,0,0.030534855631445968,0,8.504315962281589e-05
25.25,97.75,2026-03,Pro-Junta,Pro-Junta,0,0,0.0033955977369744127,0,0.09941346174159221,0,0.0002898904651675739
25.25,97.75,2026-04,Pro-Junta,Pro-Junta,0,0,0.002455915076314874,0,0.08594399941262726,0,0.00022572495951808975
25.75,94.75,2025-11,Pro-Junta,Pro-Junta,0,0,0.008107461694667412,0,0.1456416346486892,0,0.00024589931326360256
25.75,94.75,2025-12,Pro-Junta,Pro-Junta,0,0,0.0072914863014514825,0,0.1456416346486892,0,0.00024589931326360256
25.75,94.75,2026-01,Pro-Junta,Pro-Junta,0,0,0.006557091847697693,0,0.1456416346486892,0,0.00024589931326360256
25.75,94.75,2026-02,Pro-Junta,Pro-Junta,0,0,0.005896225861496115,0,0.1456416346486892,0,0.00024589931326360256
25.75,94.75,2026-03,Pro-Junta,Pro-Junta,0,0,0.005301610758018675,0,0.1456416346486892,0,0.00024589931326360256
25.75,94.75,2026-04,Pro-Junta,Pro-Junta,0,0,0.004766673115103253,0,0.1456416346486892,0,0.00024589931326360256
25.75,95.25,2025-11,Pro-Junta,Pro-Junta,0,0,0.008107461694667412,0,0.1456416346486892,0,0.00024589931326360256
25.75,95.25,2025-12,Pro-Junta,Pro-Junta,0,0,0.0072914863014514825,0,0.1456416346486892,0,0.00024589931326360256
25.75,95.25,2026-01,Pro-Junta,Pro-Junta,0,0,0.006557091847697693,0,0.1456416346486892,0,0.00024589931326360256
25.75,95.25,2026-02,Pro-Junta,Pro-Junta,0,0,0.005896225861496115,0,0.1456416346486892,0,0.00024589931326360256
25.75,95.25,2026-03,Pro-Junta,Pro-Junta,0,0,0.005301610758018675,0,0.1456416346486892,0,0.00024589931326360256
25.75,95.25,2026-04,Pro-Junta,Pro-Junta,0,0,0.004766673115103253,0,0.1456416346486892,0,0.00024589931326360256
25.75,95.75,2025-11,Anti-Junta,Anti-Junta,0,0,0.03219603268670663,0,0.2654232195611497,0,0.0012184128731580865
25.75,95.75,2025-12,Anti-Junta,Anti-Junta,0,0,0.03098832084738993,0,0.23137544305663657,0,0.0008987936949270898
25.75,95.75,2026-01,Anti-Junta,Anti-Junta,0,0,0.026160756833841142,0,0.2654232195611497,0,0.0012184128731580865
25.75,95.75,2026-02,Anti-Junta,Anti-Junta,0,0,0.022068134901197942,0,0.1932565447723073,0,0.0005946252016441351
25.75,95.75,2026-03,Anti-Junta,Anti-Junta,0,0,0.024222663783927352,0,0.256863538474614,0,0.0011153961249088995
25.75,95.75,2026-04,Anti-Junta,Anti-Junta,0,0,0.017896267603103408,0,0.1932565447723073,0,0.0005946252016441351
25.75,96.25,2025-11,Anti-Junta,Anti-Junta,0,0,0.07536214690756551,0,0.02988561525129983,0,0.00010676358812523067
25.75,96.25,2025-12,Anti-Junta,Anti-Junta,0,0,0.39024259644490805,0,0.009885615251299827,0,0.00011180245414118646
25.75,96.25,2026-01,Anti-Junta,Anti-Junta,0,0,0.12340202671278751,0,0.02170962714302841,0,0.000174024479709997
25.75,96.25,2026-02,Anti-Junta,Anti-Junta,0,0,0.03090083979105439,0,0.03,0,9.84402036207769e-05
25.75,96.25,2026-03,Anti-Junta,Anti-Junta,0,0,0.0640312462940951,0,0.02983957987549319,0,0.000308847294753286
25.75,96.25,2026-04,Anti-Junta,Anti-Junta,0,0,0.04579028802186435,0,0.03365570766829877,0,0.0002153945237581933
25.75,96.75,2025-11,Anti-Junta,Anti-Junta,0,0,0.0010098986277591205,0,0.06047429480962453,0,0.00031043785749281953
25.75,96.75,2025-12,Anti-Junta,Anti-Junta,0,0,0.0008934213674969463,0,0.054443473023456354,0,0.00025056261442341847
25.75,96.75,2026-01,Anti-Junta,Anti-Junta,0,0,0.0006907362975842563,0,0.06047429480962453,0,0.00031043785749281953
25.75,96.75,2026-02,Anti-Junta,Anti-Junta,0,0,0.0005340085796096096,0,0.04016615144348571,0,0.00018529012511517753
25.75,96.75,2026-03,Anti-Junta,Anti-Junta,0,0,0.0006185282899697779,0,0.11284672875823926,0,0.0034121021768842037
25.75,96.75,2026-04,Anti-Junta,Anti-Junta,0,0,0.0003651887187777038,0,0.04016615144348571,0,0.00018529012511517753
25.75,97.25,2025-11,Anti-Junta,Anti-Junta,0,0,0.03016024792941122,0,0.1932565447723073,0,0.0005946252016441351
25.75,97.25,2025-12,Anti-Junta,Anti-Junta,0,0,0.027185601807710513,0,0.1932565447723073,0,0.0005946252016441351
25.75,97.25,2026-01,Anti-Junta,Anti-Junta,0,0,0.024496928703471515,0,0.1932565447723073,0,0.0005946252016441351
25.75,97.25,2026-02,Anti-Junta,Anti-Junta,0,0,0.022068134901197942,0,0.1932565447723073,0,0.0005946252016441351
25.75,97.25,2026-03,Anti-Junta,Anti-Junta,0,0,0.02267922806028799,0,0.23137544305663657,0,0.0008987936949270898
25.75,97.25,2026-04,Anti-Junta,Anti-Junta,0,0,0.017896267603103408,0,0.1932565447723073,0,0.0005946252016441351
25.75,97.75,2025-11,Anti-Junta,Anti-Junta,0,0,0.03016024792941122,0,0.1932565447723073,0,0.0005946252016441351
25.75,97.75,2025-12,Anti-Junta,Anti-Junta,0,0,0.027185601807710513,0,0.1932565447723073,0,0.0005946252016441351
25.75,97.75,2026-01,Anti-Junta,Anti-Junta,0,0,0.024496928703471515,0,0.1932565447723073,0,0.0005946252016441351
25.75,97.75,2026-02,Anti-Junta,Anti-Junta,0,0,0.022068134901197942,0,0.1932565447723073,0,0.0005946252016441351
25.75,97.75,2026-03,Anti-Junta,Anti-Junta,0,0,0.02267922806028799,0,0.23137544305663657,0,0.0008987936949270898
25.75,97.75,2026-04,Anti-Junta,Anti-Junta,0,0,0.017896267603103408,0,0.1932565447723073,0,0.0005946252016441351
25.75,98.25,2025-11,Pro-Junta,Pro-Junta,0,0,0.0010205236173501163,0,0.0395900701534105,0,0.00011271867985794656
25.75,98.25,2025-12,Pro-Junta,Pro-Junta,0,0,0.0008440101590157361,0,0.0395900701534105,0,0.00011271867985794656
25.75,98.25,2026-01,Pro-Junta,Pro-Junta,0,0,0.0006980057751020071,0,0.0395900701534105,0,0.00011271867985794656
25.75,98.25,2026-02,Pro-Junta,Pro-Junta,0,0,0.0005772439362325685,0,0.0395900701534105,0,0.00011271867985794656
25.75,98.25,2026-03,Pro-Junta,Pro-Junta,0,0,0.0004773650982893183,0,0.0395900701534105,0,0.00011271867985794656
25.75,98.25,2026-04,Pro-Junta,Pro-Junta,0,0,0.00039476117882832735,0,0.0395900701534105,0,0.00011271867985794656
25.75,98.75,2025-11,Pro-Junta,Pro-Junta,0,0,0.008107461694667412,0,0.1456416346486892,0,0.00024589931326360256
25.75,98.75,2025-12,Pro-Junta,Pro-Junta,0,0,0.0072914863014514825,0,0.1456416346486892,0,0.00024589931326360256
25.75,98.75,2026-01,Pro-Junta,Pro-Junta,0,0,0.006557091847697693,0,0.1456416346486892,0,0.00024589931326360256
25.75,98.75,2026-02,Pro-Junta,Pro-Junta,0,0,0.005896225861496115,0,0.1456416346486892,0,0.00024589931326360256
25.75,98.75,2026-03,Pro-Junta,Pro-Junta,0,0,0.005301610758018675,0,0.1456416346486892,0,0.00024589931326360256
25.75,98.75,2026-04,Pro-Junta,Pro-Junta,0,0,0.004766673115103253,0,0.1456416346486892,0,0.00024589931326360256
26.25,95.25,2025-11,Pro-Junta,Pro-Junta,0,0,0.004243136301348394,0,0.09331357610030291,0,0.0001563434254742764
26.25,95.25,2025-12,Pro-Junta,Pro-Junta,0,0,0.0067528138292935695,0,0.030534855631445968,0,8.503747458156744e-05
26.25,95.25,2026-01,Pro-Junta,Pro-Junta,0,0,0.0036735584027741113,0,0.09786019963230645,0,0.00022572495951808975
26.25,95.25,2026-02,Pro-Junta,Pro-Junta,0,0,0.0030395626609130565,0,0.08594399941262726,0,0.00022572495951808975
26.25,95.25,2026-03,Pro-Junta,Pro-Junta,0,0,0.002514707986505384,0,0.0931839660411277,0,0.0002049828914352332
26.25,95.25,2026-04,Pro-Junta,Pro-Junta,0,0,0.002080293171159152,0,0.08260000677801024,0,0.0002049828914352332
26.25,95.75,2025-11,Anti-Junta,Anti-Junta,0,0,0.03219603268670663,0,0.2654232195611497,0,0.0012184128731580865
26.25,95.75,2025-12,Anti-Junta,Anti-Junta,0,0,0.03098832084738993,0,0.23137544305663657,0,0.0008987936949270898
26.25,95.75,2026-01,Anti-Junta,Anti-Junta,0,0,0.026160756833841142,0,0.2654232195611497,0,0.0012184128731580865
26.25,95.75,2026-02,Anti-Junta,Anti-Junta,0,0,0.022068134901197942,0,0.1932565447723073,0,0.0005946252016441351
26.25,95.75,2026-03,Anti-Junta,Anti-Junta,0,0,0.024222663783927352,0,0.256863538474614,0,0.0011153961249088995
26.25,95.75,2026-04,Anti-Junta,Anti-Junta,0,0,0.017896267603103408,0,0.1932565447723073,0,0.0005946252016441351
26.25,96.25,2025-11,Anti-Junta,Anti-Junta,0,0,0.03219603268670663,0,0.2654232195611497,0,0.0012184128731580865
26.25,96.25,2025-12,Anti-Junta,Anti-Junta,0,0,0.03098832084738993,0,0.23137544305663657,0,0.0008987936949270898
26.25,96.25,2026-01,Anti-Junta,Anti-Junta,0,0,0.026160756833841142,0,0.2654232195611497,0,0.0012184128731580865
26.25,96.25,2026-02,Anti-Junta,Anti-Junta,0,0,0.022068134901197942,0,0.1932565447723073,0,0.0005946252016441351
26.25,96.25,2026-03,Anti-Junta,Anti-Junta,0,0,0.024222663783927352,0,0.256863538474614,0,0.0011153961249088995
26.25,96.25,2026-04,Anti-Junta,Anti-Junta,0,0,0.017896267603103408,0,0.1932565447723073,0,0.0005946252016441351
26.25,96.75,2025-11,Anti-Junta,Anti-Junta,0,0,0.011155854420527172,0,0.08278076307880353,0,0.00031044153356288447
26.25,96.75,2025-12,Anti-Junta,Anti-Junta,0,0,0.00988076135597752,0,0.06443883117840794,0,0.0002505655816546121
26.25,96.75,2026-01,Anti-Junta,Anti-Junta,0,0,0.007654794484391747,0,0.08278076307880353,0,0.00031044153356288447
26.25,96.75,2026-02,Anti-Junta,Anti-Junta,0,0,0.005927297913946877,0,0.052356451663591076,0,0.00018509109125648714
26.25,96.75,2026-03,Anti-Junta,Anti-Junta,0,0,0.005999474506332926,0,0.05872766112523524,0,0.0002653751709617435
26.25,96.75,2026-04,Anti-Junta,Anti-Junta,0,0,0.004060386570768209,0,0.04016615144348571,0,0.00018529012511517753
26.25,97.25,2025-11,Anti-Junta,Anti-Junta,0,0,0.03016024792941122,0,0.1932565447723073,0,0.0005946252016441351
26.25,97.25,2025-12,Anti-Junta,Anti-Junta,0,0,0.027185601807710513,0,0.1932565447723073,0,0.0005946252016441351
26.25,97.25,2026-01,Anti-Junta,Anti-Junta,0,0,0.024496928703471515,0,0.1932565447723073,0,0.0005946252016441351
26.25,97.25,2026-02,Anti-Junta,Anti-Junta,0,0,0.022068134901197942,0,0.1932565447723073,0,0.0005946252016441351
26.25,97.25,2026-03,Anti-Junta,Anti-Junta,0,0,0.01987524210942063,0,0.1932565447723073,0,0.0005946252016441351
26.25,97.25,2026-04,Anti-Junta,Anti-Junta,0,0,0.017896267603103408,0,0.1932565447723073,0,0.0005946252016441351
26.25,97.75,2025-11,Anti-Junta,Anti-Junta,0,0,0.03016024792941122,0,0.1932565447723073,0,0.0005946252016441351
26.25,97.75,2025-12,Anti-Junta,Anti-Junta,0,0,0.027185601807710513,0,0.1932565447723073,0,0.0005946252016441351
26.25,97.75,2026-01,Anti-Junta,Anti-Junta,0,0,0.024496928703471515,0,0.1932565447723073,0,0.0005946252016441351
26.25,97.75,2026-02,Anti-Junta,Anti-Junta,0,0,0.022068134901197942,0,0.1932565447723073,0,0.0005946252016441351
26.25,97.75,2026-03,Anti-Junta,Anti-Junta,0,0,0.01987524210942063,0,0.1932565447723073,0,0.0005946252016441351
26.25,97.75,2026-04,Anti-Junta,Anti-Junta,0,0,0.017896267603103408,0,0.1932565447723073,0,0.0005946252016441351
26.25,98.25,2025-11,Anti-Junta,Anti-Junta,0,0,0.03016024792941122,0,0.1932565447723073,0,0.0005946252016441351
26.25,98.25,2025-12,Anti-Junta,Anti-Junta,0,0,0.027185601807710513,0,0.1932565447723073,0,0.0005946252016441351
26.25,98.25,2026-01,Anti-Junta,Anti-Junta,0,0,0.024496928703471515,0,0.1932565447723073,0,0.0005946252016441351
26.25,98.25,2026-02,Anti-Junta,Anti-Junta,0,0,0.022068134901197942,0,0.1932565447723073,0,0.0005946252016441351
26.25,98.25,2026-03,Anti-Junta,Anti-Junta,0,0,0.01987524210942063,0,0.1932565447723073,0,0.0005946252016441351
26.25,98.25,2026-04,Anti-Junta,Anti-Junta,0,0,0.017896267603103408,0,0.1932565447723073,0,0.0005946252016441351
26.25,98.75,2025-11,Pro-Junta,Pro-Junta,0,0,0.008107461694667412,0,0.1456416346486892,0,0.00024589931326360256
26.25,98.75,2025-12,Pro-Junta,Pro-Junta,0,0,0.0072914863014514825,0,0.1456416346486892,0,0.00024589931326360256
26.25,98.75,2026-01,Pro-Junta,Pro-Junta,0,0,0.006557091847697693,0,0.1456416346486892,0,0.00024589931326360256
26.25,98.75,2026-02,Pro-Junta,Pro-Junta,0,0,0.005896225861496115,0,0.1456416346486892,0,0.00024589931326360256
26.25,98.75,2026-03,Pro-Junta,Pro-Junta,0,0,0.005301610758018675,0,0.1456416346486892,0,0.00024589931326360256
26.25,98.75,2026-04,Pro-Junta,Pro-Junta,0,0,0.004766673115103253,0,0.1456416346486892,0,0.00024589931326360256
26.75,95.25,2025-11,Pro-Junta,Pro-Junta,0,0,0.008107461694667412,0,0.1456416346486892,0,0.00024589931326360256
26.75,95.25,2025-12,Pro-Junta,Pro-Junta,0,0,0.0072914863014514825,0,0.1456416346486892,0,0.00024589931326360256
26.75,95.25,2026-01,Pro-Junta,Pro-Junta,0,0,0.006557091847697693,0,0.1456416346486892,0,0.00024589931326360256
26.75,95.25,2026-02,Pro-Junta,Pro-Junta,0,0,0.005896225861496115,0,0.1456416346486892,0,0.00024589931326360256
26.75,95.25,2026-03,Pro-Junta,Pro-Junta,0,0,0.005301610758018675,0,0.1456416346486892,0,0.00024589931326360256
26.75,95.25,2026-04,Pro-Junta,Pro-Junta,0,0,0.004766673115103253,0,0.1456416346486892,0,0.00024589931326360256
26.75,95.75,2025-11,Pro-Junta,Pro-Junta,0,0,0.008107461694667412,0,0.1456416346486892,0,0.00024589931326360256
26.75,95.75,2025-12,Pro-Junta,Pro-Junta,0,0,0.0072914863014514825,0,0.1456416346486892,0,0.00024589931326360256
26.75,95.75,2026-01,Pro-Junta,Pro-Junta,0,0,0.006557091847697693,0,0.1456416346486892,0,0.00024589931326360256
26.75,95.75,2026-02,Pro-Junta,Pro-Junta,0,0,0.005896225861496115,0,0.1456416346486892,0,0.00024589931326360256
26.75,95.75,2026-03,Pro-Junta,Pro-Junta,0,0,0.005301610758018675,0,0.1456416346486892,0,0.00024589931326360256
26.75,95.75,2026-04,Pro-Junta,Pro-Junta,0,0,0.004766673115103253,0,0.1456416346486892,0,0.00024589931326360256
26.75,96.25,2025-11,Anti-Junta,Anti-Junta,0,0,0.03016024792941122,0,0.1932565447723073,0,0.0005946252016441351
26.75,96.25,2025-12,Anti-Junta,Anti-Junta,0,0,0.027185601807710513,0,0.1932565447723073,0,0.0005946252016441351
26.75,96.25,2026-01,Anti-Junta,Anti-Junta,0,0,0.024496928703471515,0,0.1932565447723073,0,0.0005946252016441351
26.75,96.25,2026-02,Anti-Junta,Anti-Junta,0,0,0.022068134901197942,0,0.1932565447723073,0,0.0005946252016441351
26.75,96.25,2026-03,Anti-Junta,Anti-Junta,0,0,0.01987524210942063,0,0.1932565447723073,0,0.0005946252016441351
26.75,96.25,2026-04,Anti-Junta,Anti-Junta,0,0,0.017896267603103408,0,0.1932565447723073,0,0.0005946252016441351
26.75,96.75,2025-11,Anti-Junta,Anti-Junta,0,0,0.03016024792941122,0,0.1932565447723073,0,0.0005946252016441351
26.75,96.75,2025-12,Anti-Junta,Anti-Junta,0,0,0.027185601807710513,0,0.1932565447723073,0,0.0005946252016441351
26.75,96.75,2026-01,Anti-Junta,Anti-Junta,0,0,0.024496928703471515,0,0.1932565447723073,0,0.0005946252016441351
26.75,96.75,2026-02,Anti-Junta,Anti-Junta,0,0,0.022068134901197942,0,0.1932565447723073,0,0.0005946252016441351
26.75,96.75,2026-03,Anti-Junta,Anti-Junta,0,0,0.01987524210942063,0,0.1932565447723073,0,0.0005946252016441351
26.75,96.75,2026-04,Anti-Junta,Anti-Junta,0,0,0.017896267603103408,0,0.1932565447723073,0,0.0005946252016441351
26.75,97.25,2025-11,Anti-Junta,Anti-Junta,0,0,0.03016024792941122,0,0.1932565447723073,0,0.0005946252016441351
26.75,97.25,2025-12,Anti-Junta,Anti-Junta,0,0,0.027185601807710513,0,0.1932565447723073,0,0.0005946252016441351
26.75,97.25,2026-01,Anti-Junta,Anti-Junta,0,0,0.024496928703471515,0,0.1932565447723073,0,0.0005946252016441351
26.75,97.25,2026-02,Anti-Junta,Anti-Junta,0,0,0.022068134901197942,0,0.1932565447723073,0,0.0005946252016441351
26.75,97.25,2026-03,Anti-Junta,Anti-Junta,0,0,0.01987524210942063,0,0.1932565447723073,0,0.0005946252016441351
26.75,97.25,2026-04,Anti-Junta,Anti-Junta,0,0,0.017896267603103408,0,0.1932565447723073,0,0.0005946252016441351
26.75,97.75,2025-11,Anti-Junta,Anti-Junta,0,0,0.03016024792941122,0,0.1932565447723073,0,0.0005946252016441351
26.75,97.75,2025-12,Anti-Junta,Anti-Junta,0,0,0.027185601807710513,0,0.1932565447723073,0,0.0005946252016441351
26.75,97.75,2026-01,Anti-Junta,Anti-Junta,0,0,0.024496928703471515,0,0.1932565447723073,0,0.0005946252016441351
26.75,97.75,2026-02,Anti-Junta,Anti-Junta,0,0,0.022068134901197942,0,0.1932565447723073,0,0.0005946252016441351
26.75,97.75,2026-03,Anti-Junta,Anti-Junta,0,0,0.01987524210942063,0,0.1932565447723073,0,0.0005946252016441351
26.75,97.75,2026-04,Anti-Junta,Anti-Junta,0,0,0.017896267603103408,0,0.1932565447723073,0,0.0005946252016441351
26.75,98.25,2025-11,Anti-Junta,Anti-Junta,0,0,0.03016024792941122,0,0.1932565447723073,0,0.0005946252016441351
26.75,98.25,2025-12,Anti-Junta,Anti-Junta,0,0,0.027185601807710513,0,0.1932565447723073,0,0.0005946252016441351
26.75,98.25,2026-01,Anti-Junta,Anti-Junta,0,0,0.024496928703471515,0,0.1932565447723073,0,0.0005946252016441351
26.75,98.25,2026-02,Anti-Junta,Anti-Junta,0,0,0.022068134901197942,0,0.1932565447723073,0,0.0005946252016441351
26.75,98.25,2026-03,Anti-Junta,Anti-Junta,0,0,0.01987524210942063,0,0.1932565447723073,0,0.0005946252016441351
26.75,98.25,2026-04,Anti-Junta,Anti-Junta,0,0,0.017896267603103408,0,0.1932565447723073,0,0.0005946252016441351
26.75,98.75,2025-11,Pro-Junta,Pro-Junta,0,0,0.008107461694667412,0,0.1456416346486892,0,0.00024589931326360256
26.75,98.75,2025-12,Pro-Junta,Pro-Junta,0,0,0.0072914863014514825,0,0.1456416346486892,0,0.00024589931326360256
26.75,98.75,2026-01,Pro-Junta,Pro-Junta,0,0,0.006557091847697693,0,0.1456416346486892,0,0.00024589931326360256
26.75,98.75,2026-02,Pro-Junta,Pro-Junta,0,0,0.005896225861496115,0,0.1456416346486892,0,0.00024589931326360256
26.75,98.75,2026-03,Pro-Junta,Pro-Junta,0,0,0.005301610758018675,0,0.1456416346486892,0,0.00024589931326360256
26.75,98.75,2026-04,Pro-Junta,Pro-Junta,0,0,0.004766673115103253,0,0.1456416346486892,0,0.00024589931326360256
27.25,96.25,2025-11,Anti-Junta,Anti-Junta,0,0,0.03016024792941122,0,0.1932565447723073,0,0.0005946252016441351
27.25,96.25,2025-12,Anti-Junta,Anti-Junta,0,0,0.027185601807710513,0,0.1932565447723073,0,0.0005946252016441351
27.25,96.25,2026-01,Anti-Junta,Anti-Junta,0,0,0.024496928703471515,0,0.1932565447723073,0,0.0005946252016441351
27.25,96.25,2026-02,Anti-Junta,Anti-Junta,0,0,0.022068134901197942,0,0.1932565447723073,0,0.0005946252016441351
27.25,96.25,2026-03,Anti-Junta,Anti-Junta,0,0,0.01987524210942063,0,0.1932565447723073,0,0.0005946252016441351
27.25,96.25,2026-04,Anti-Junta,Anti-Junta,0,0,0.017896267603103408,0,0.1932565447723073,0,0.0005946252016441351
27.25,96.75,2025-11,Anti-Junta,Anti-Junta,0,0,0.03016024792941122,0,0.1932565447723073,0,0.0005946252016441351
27.25,96.75,2025-12,Anti-Junta,Anti-Junta,0,0,0.027185601807710513,0,0.1932565447723073,0,0.0005946252016441351
27.25,96.75,2026-01,Anti-Junta,Anti-Junta,0,0,0.024496928703471515,0,0.1932565447723073,0,0.0005946252016441351
27.25,96.75,2026-02,Anti-Junta,Anti-Junta,0,0,0.022068134901197942,0,0.1932565447723073,0,0.0005946252016441351
27.25,96.75,2026-03,Anti-Junta,Anti-Junta,0,0,0.01987524210942063,0,0.1932565447723073,0,0.0005946252016441351
27.25,96.75,2026-04,Anti-Junta,Anti-Junta,0,0,0.017896267603103408,0,0.1932565447723073,0,0.0005946252016441351
27.25,97.25,2025-11,Anti-Junta,Anti-Junta,0,0,0.03016024792941122,0,0.1932565447723073,0,0.0005946252016441351
27.25,97.25,2025-12,Anti-Junta,Anti-Junta,0,0,0.027185601807710513,0,0.1932565447723073,0,0.0005946252016441351
27.25,97.25,2026-01,Anti-Junta,Anti-Junta,0,0,0.024496928703471515,0,0.1932565447723073,0,0.0005946252016441351
27.25,97.25,2026-02,Anti-Junta,Anti-Junta,0,0,0.022068134901197942,0,0.1932565447723073,0,0.0005946252016441351
27.25,97.25,2026-03,Anti-Junta,Anti-Junta,0,0,0.01987524210942063,0,0.1932565447723073,0,0.0005946252016441351
27.25,97.25,2026-04,Anti-Junta,Anti-Junta,0,0,0.017896267603103408,0,0.1932565447723073,0,0.0005946252016441351
27.25,97.75,2025-11,Anti-Junta,Anti-Junta,0,0,0.03016024792941122,0,0.1932565447723073,0,0.0005946252016441351
27.25,97.75,2025-12,Anti-Junta,Anti-Junta,0,0,0.027185601807710513,0,0.1932565447723073,0,0.0005946252016441351
27.25,97.75,2026-01,Anti-Junta,Anti-Junta,0,0,0.024496928703471515,0,0.1932565447723073,0,0.0005946252016441351
27.25,97.75,2026-02,Anti-Junta,Anti-Junta,0,0,0.022068134901197942,0,0.1932565447723073,0,0.0005946252016441351
27.25,97.75,2026-03,Anti-Junta,Anti-Junta,0,0,0.01987524210942063,0,0.1932565447723073,0,0.0005946252016441351
27.25,97.75,2026-04,Anti-Junta,Anti-Junta,0,0,0.017896267603103408,0,0.1932565447723073,0,0.0005946252016441351
27.25,98.25,2025-11,Pro-Junta,Pro-Junta,0,0,0.008107461694667412,0,0.1456416346486892,0,0.00024589931326360256
27.25,98.25,2025-12,Pro-Junta,Pro-Junta,0,0,0.0072914863014514825,0,0.1456416346486892,0,0.00024589931326360256
27.25,98.25,2026-01,Pro-Junta,Pro-Junta,0,0,0.006557091847697693,0,0.1456416346486892,0,0.00024589931326360256
27.25,98.25,2026-02,Pro-Junta,Pro-Junta,0,0,0.005896225861496115,0,0.1456416346486892,0,0.00024589931326360256
27.25,98.25,2026-03,Pro-Junta,Pro-Junta,0,0,0.005301610758018675,0,0.1456416346486892,0,0.00024589931326360256
27.25,98.25,2026-04,Pro-Junta,Pro-Junta,0,0,0.004766673115103253,0,0.1456416346486892,0,0.00024589931326360256
27.25,98.75,2025-11,Pro-Junta,Pro-Junta,0,0,0.008107461694667412,0,0.1456416346486892,0,0.00024589931326360256
27.25,98.75,2025-12,Pro-Junta,Pro-Junta,0,0,0.0072914863014514825,0,0.1456416346486892,0,0.00024589931326360256
27.25,98.75,2026-01,Pro-Junta,Pro-Junta,0,0,0.006557091847697693,0,0.1456416346486892,0,0.00024589931326360256
27.25,98.75,2026-02,Pro-Junta,Pro-Junta,0,0,0.005896225861496115,0,0.1456416346486892,0,0.00024589931326360256
27.25,98.75,2026-03,Pro-Junta,Pro-Junta,0,0,0.005301610758018675,0,0.1456416346486892,0,0.00024589931326360256
27.25,98.75,2026-04,Pro-Junta,Pro-Junta,0,0,0.004766673115103253,0,0.1456416346486892,0,0.00024589931326360256
27.75,96.75,2025-11,Anti-Junta,Anti-Junta,0,0,0.03016024792941122,0,0.1932565447723073,0,0.0005946252016441351
27.75,96.75,2025-12,Anti-Junta,Anti-Junta,0,0,0.027185601807710513,0,0.1932565447723073,0,0.0005946252016441351
27.75,96.75,2026-01,Anti-Junta,Anti-Junta,0,0,0.024496928703471515,0,0.1932565447723073,0,0.0005946252016441351
27.75,96.75,2026-02,Anti-Junta,Anti-Junta,0,0,0.022068134901197942,0,0.1932565447723073,0,0.0005946252016441351
27.75,96.75,2026-03,Anti-Junta,Anti-Junta,0,0,0.01987524210942063,0,0.1932565447723073,0,0.0005946252016441351
27.75,96.75,2026-04,Anti-Junta,Anti-Junta,0,0,0.017896267603103408,0,0.1932565447723073,0,0.0005946252016441351
27.75,97.25,2025-11,Pro-Junta,Pro-Junta,0,0,0.008107461694667412,0,0.1456416346486892,0,0.00024589931326360256
27.75,97.25,2025-12,Pro-Junta,Pro-Junta,0,0,0.0072914863014514825,0,0.1456416346486892,0,0.00024589931326360256
27.75,97.25,2026-01,Pro-Junta,Pro-Junta,0,0,0.006557091847697693,0,0.1456416346486892,0,0.00024589931326360256
27.75,97.25,2026-02,Pro-Junta,Pro-Junta,0,0,0.005896225861496115,0,0.1456416346486892,0,0.00024589931326360256
27.75,97.25,2026-03,Pro-Junta,Pro-Junta,0,0,0.005301610758018675,0,0.1456416346486892,0,0.00024589931326360256
27.75,97.25,2026-04,Pro-Junta,Pro-Junta,0,0,0.004766673115103253,0,0.1456416346486892,0,0.00024589931326360256
27.75,97.75,2025-11,Pro-Junta,Pro-Junta,0,0,0.008107461694667412,0,0.1456416346486892,0,0.00024589931326360256
27.75,97.75,2025-12,Pro-Junta,Pro-Junta,0,0,0.0072914863014514825,0,0.1456416346486892,0,0.00024589931326360256
27.75,97.75,2026-01,Pro-Junta,Pro-Junta,0,0,0.006557091847697693,0,0.1456416346486892,0,0.00024589931326360256
27.75,97.75,2026-02,Pro-Junta,Pro-Junta,0,0,0.005896225861496115,0,0.1456416346486892,0,0.00024589931326360256
27.75,97.75,2026-03,Pro-Junta,Pro-Junta,0,0,0.005301610758018675,0,0.1456416346486892,0,0.00024589931326360256
27.75,97.75,2026-04,Pro-Junta,Pro-Junta,0,0,0.004766673115103253,0,0.1456416346486892,0,0.00024589931326360256
27.75,98.25,2025-11,Pro-Junta,Pro-Junta,0,0,0.008107461694667412,0,0.1456416346486892,0,0.00024589931326360256
27.75,98.25,2025-12,Pro-Junta,Pro-Junta,0,0,0.0072914863014514825,0,0.1456416346486892,0,0.00024589931326360256
27.75,98.25,2026-01,Pro-Junta,Pro-Junta,0,0,0.006557091847697693,0,0.1456416346486892,0,0.00024589931326360256
27.75,98.25,2026-02,Pro-Junta,Pro-Junta,0,0,0.005896225861496115,0,0.1456416346486892,0,0.00024589931326360256
27.75,98.25,2026-03,Pro-Junta,Pro-Junta,0,0,0.005301610758018675,0,0.1456416346486892,0,0.00024589931326360256
27.75,98.25,2026-04,Pro-Junta,Pro-Junta,0,0,0.004766673115103253,0,0.1456416346486892,0,0.00024589931326360256
28.25,97.25,2025-11,Pro-Junta,Pro-Junta,0,0,0.008107461694667412,0,0.1456416346486892,0,0.00024589931326360256
28.25,97.25,2025-12,Pro-Junta,Pro-Junta,0,0,0.0072914863014514825,0,0.1456416346486892,0,0.00024589931326360256
28.25,97.25,2026-01,Pro-Junta,Pro-Junta,0,0,0.006557091847697693,0,0.1456416346486892,0,0.00024589931326360256
28.25,97.25,2026-02,Pro-Junta,Pro-Junta,0,0,0.005896225861496115,0,0.1456416346486892,0,0.00024589931326360256
28.25,97.25,2026-03,Pro-Junta,Pro-Junta,0,0,0.005301610758018675,0,0.1456416346486892,0,0.00024589931326360256
28.25,97.25,2026-04,Pro-Junta,Pro-Junta,0,0,0.004766673115103253,0,0.1456416346486892,0,0.00024589931326360256
28.25,97.75,2025-11,Pro-Junta,Pro-Junta,0,0,0.008107461694667412,0,0.1456416346486892,0,0.00024589931326360256
28.25,97.75,2025-12,Pro-Junta,Pro-Junta,0,0,0.0072914863014514825,0,0.1456416346486892,0,0.00024589931326360256
28.25,97.75,2026-01,Pro-Junta,Pro-Junta,0,0,0.006557091847697693,0,0.1456416346486892,0,0.00024589931326360256
28.25,97.75,2026-02,Pro-Junta,Pro-Junta,0,0,0.005896225861496115,0,0.1456416346486892,0,0.00024589931326360256
28.25,97.75,2026-03,Pro-Junta,Pro-Junta,0,0,0.005301610758018675,0,0.1456416346486892,0,0.00024589931326360256
28.25,97.75,2026-04,Pro-Junta,Pro-Junta,0,0,0.004766673115103253,0,0.1456416346486892,0,0.00024589931326360256
28.25,98.25,2025-11,Pro-Junta,Pro-Junta,0,0,0.008107461694667412,0,0.1456416346486892,0,0.00024589931326360256
28.25,98.25,2025-12,Pro-Junta,Pro-Junta,0,0,0.0072914863014514825,0,0.1456416346486892,0,0.00024589931326360256
28.25,98.25,2026-01,Pro-Junta,Pro-Junta,0,0,0.006557091847697693,0,0.1456416346486892,0,0.00024589931326360256
28.25,98.25,2026-02,Pro-Junta,Pro-Junta,0,0,0.005896225861496115,0,0.1456416346486892,0,0.00024589931326360256
28.25,98.25,2026-03,Pro-Junta,Pro-Junta,0,0,0.005301610758018675,0,0.1456416346486892,0,0.00024589931326360256
28.25,98.25,2026-04,Pro-Junta,Pro-Junta,0,0,0.004766673115103253,0,0.1456416346486892,0,0.00024589931326360256
