priogrid_gid,year_month,pred_class,pred_class_int,prob_gov,prob_opo,prob_uncertain,confidence,true_class,has_label,is_train_month
143838,2023-11,gov,0,0.47173357009887695,0.29115116596221924,0.23711517453193665,0.47173357009887695,gov,True,True
145998,2023-11,gov,0,0.681552529335022,0.1393592655658722,0.17908820509910583,0.681552529335022,gov,True,True
147437,2023-11,gov,0,0.596450686454773,0.2246580570936203,0.17889121174812317,0.596450686454773,gov,True,True
147438,2023-11,uncertain,2,0.45586755871772766,0.05764075368642807,0.4864916205406189,0.4864916205406189,gov,True,True
147439,2023-11,uncertain,2,0.2567282021045685,0.04014875367283821,0.7031230330467224,0.7031230330467224,uncertain,True,True
148158,2023-11,uncertain,2,0.21785734593868256,0.1086275652050972,0.6735150814056396,0.6735150814056396,uncertain,True,True
149597,2023-11,uncertain,2,0.03857165202498436,0.028038566932082176,0.9333897829055786,0.9333897829055786,uncertain,True,True
150307,2023-11,uncertain,2,0.13657641410827637,0.2283494919538498,0.6350740194320679,0.6350740194320679,gov,True,True
150317,2023-11,uncertain,2,0.02641206979751587,0.01167899277061224,0.9619089365005493,0.9619089365005493,uncertain,True,True
151756,2023-11,uncertain,2,0.1674894392490387,0.012589015997946262,0.8199214935302734,0.8199214935302734,uncertain,True,True
152476,2023-11,uncertain,2,0.3443359434604645,0.019798895344138145,0.6358650922775269,0.6358650922775269,gov,True,True
153190,2023-11,uncertain,2,0.38517722487449646,0.1189468502998352,0.49587586522102356,0.49587586522102356,gov,True,True
153191,2023-11,gov,0,0.5370969772338867,0.07859648764133453,0.38430657982826233,0.5370969772338867,gov,True,True
153192,2023-11,uncertain,2,0.3852888345718384,0.02109423466026783,0.5936169028282166,0.5936169028282166,gov,True,True
153193,2023-11,gov,0,0.7102707028388977,0.04780486971139908,0.241924449801445,0.7102707028388977,gov,True,True
153196,2023-11,uncertain,2,0.17718976736068726,0.01629764772951603,0.8065126538276672,0.8065126538276672,gov,True,True
153197,2023-11,uncertain,2,0.04259556904435158,0.024831382557749748,0.932573139667511,0.932573139667511,uncertain,True,True
153910,2023-11,gov,0,0.6850575804710388,0.08583097904920578,0.2291114777326584,0.6850575804710388,gov,True,True
153911,2023-11,gov,0,0.6956608891487122,0.048805661499500275,0.25553345680236816,0.6956608891487122,gov,True,True
153912,2023-11,gov,0,0.573064386844635,0.058075737208127975,0.3688599169254303,0.573064386844635,gov,True,True
153913,2023-11,gov,0,0.6019975543022156,0.10485745221376419,0.2931450307369232,0.6019975543022156,gov,True,True
153914,2023-11,uncertain,2,0.2874539792537689,0.020881924778223038,0.6916640996932983,0.6916640996932983,gov,True,True
153915,2023-11,uncertain,2,0.07308986783027649,0.005987484473735094,0.920922577381134,0.920922577381134,uncertain,True,True
153916,2023-11,uncertain,2,0.11585601419210434,0.006443834863603115,0.87770015001297,0.87770015001297,gov,True,True
153917,2023-11,uncertain,2,0.05305797606706619,0.012715904973447323,0.9342261552810669,0.9342261552810669,uncertain,True,True
153918,2023-11,uncertain,2,0.0436621755361557,0.05781295895576477,0.898524820804596,0.898524820804596,uncertain,True,True
154630,2023-11,gov,0,0.6883864998817444,0.19707734882831573,0.11453608423471451,0.6883864998817444,gov,True,True
154631,2023-11,gov,0,0.6047269701957703,0.12231680750846863,0.27295616269111633,0.6047269701957703,gov,True,True
154632,2023-11,gov,0,0.7247127890586853,0.10424008965492249,0.1710471659898758,0.7247127890586853,gov,True,True
154633,2023-11,gov,0,0.4668310880661011,0.11752204596996307,0.41564688086509705,0.4668310880661011,gov,True,True
154634,2023-11,uncertain,2,0.11782684922218323,0.018301991745829582,0.863871157169342,0.863871157169342,gov,True,True
154635,2023-11,uncertain,2,0.07503671944141388,0.011783095076680183,0.9131802320480347,0.9131802320480347,uncertain,True,True
154636,2023-11,uncertain,2,0.08691290766000748,0.01045988593250513,0.9026272892951965,0.9026272892951965,uncertain,True,True
155351,2023-11,opo,1,0.2505773901939392,0.5443783402442932,0.205044224858284,0.5443783402442932,gov,True,True
155352,2023-11,gov,0,0.6408379673957825,0.14648321270942688,0.21267883479595184,0.6408379673957825,gov,True,True
155354,2023-11,uncertain,2,0.06630995124578476,0.008344277739524841,0.9253457188606262,0.9253457188606262,uncertain,True,True
156069,2023-11,gov,0,0.610334038734436,0.055870309472084045,0.3337956368923187,0.610334038734436,gov,True,True
156071,2023-11,gov,0,0.38149192929267883,0.34257376194000244,0.27593427896499634,0.38149192929267883,gov,True,True
156072,2023-11,uncertain,2,0.4551757574081421,0.03546969220042229,0.5093545317649841,0.5093545317649841,gov,True,True
156073,2023-11,gov,0,0.561791181564331,0.0028591924346983433,0.4353496730327606,0.561791181564331,gov,True,True
156074,2023-11,uncertain,2,0.11964655667543411,0.0020354511216282845,0.8783180117607117,0.8783180117607117,uncertain,True,True
156075,2023-11,uncertain,2,0.026315733790397644,0.0014109970070421696,0.9722732305526733,0.9722732305526733,uncertain,True,True
156788,2023-11,gov,0,0.6656672954559326,0.1786452829837799,0.1556873917579651,0.6656672954559326,gov,True,True
156789,2023-11,gov,0,0.7500483393669128,0.17083168029785156,0.07911994308233261,0.7500483393669128,gov,True,True
156791,2023-11,gov,0,0.4454489052295685,0.218544140458107,0.3360069692134857,0.4454489052295685,gov,True,True
156792,2023-11,uncertain,2,0.3369539976119995,0.012834894470870495,0.6502110362052917,0.6502110362052917,gov,True,True
156793,2023-11,uncertain,2,0.034042902290821075,0.0013813889818266034,0.9645757079124451,0.9645757079124451,uncertain,True,True
156795,2023-11,uncertain,2,0.008601531386375427,0.015164711512625217,0.9762337803840637,0.9762337803840637,uncertain,True,True
156796,2023-11,uncertain,2,0.13328386843204498,0.2627480924129486,0.6039680242538452,0.6039680242538452,opo,True,True
157508,2023-11,uncertain,2,0.20372246205806732,0.1252359300851822,0.6710416078567505,0.6710416078567505,uncertain,True,True
157510,2023-11,gov,0,0.5775772929191589,0.3005002439022064,0.12192251533269882,0.5775772929191589,gov,True,True
157511,2023-11,uncertain,2,0.22888275980949402,0.1302710771560669,0.6408461332321167,0.6408461332321167,gov,True,True
157513,2023-11,uncertain,2,0.024573616683483124,0.001798169920220971,0.9736281633377075,0.9736281633377075,uncertain,True,True
157514,2023-11,uncertain,2,0.030404653400182724,0.003595812479034066,0.9659994840621948,0.9659994840621948,uncertain,True,True
157515,2023-11,uncertain,2,0.04855699464678764,0.04825586825609207,0.9031871557235718,0.9031871557235718,uncertain,True,True
158229,2023-11,uncertain,2,0.11186540871858597,0.0367916002869606,0.8513429164886475,0.8513429164886475,uncertain,True,True
158231,2023-11,gov,0,0.7519832253456116,0.04007037729024887,0.20794638991355896,0.7519832253456116,gov,True,True
158233,2023-11,gov,0,0.9034163951873779,0.005215201526880264,0.09136845171451569,0.9034163951873779,gov,True,True
158235,2023-11,uncertain,2,0.20424972474575043,0.11213439702987671,0.6836158633232117,0.6836158633232117,opo,True,True
158236,2023-11,uncertain,2,0.0939236432313919,0.15608467161655426,0.7499916553497314,0.7499916553497314,uncertain,True,True
158946,2023-11,uncertain,2,0.038740742951631546,0.028000349178910255,0.9332588911056519,0.9332588911056519,gov,True,True
158947,2023-11,gov,0,0.43458572030067444,0.17700856924057007,0.3884057402610779,0.43458572030067444,gov,True,True
158949,2023-11,uncertain,2,0.23957794904708862,0.0764404758810997,0.6839815974235535,0.6839815974235535,gov,True,True
158950,2023-11,gov,0,0.8978075385093689,0.04920494183897972,0.05298757925629616,0.8978075385093689,gov,True,True
158951,2023-11,gov,0,0.8637495636940002,0.015321068465709686,0.12092938274145126,0.8637495636940002,gov,True,True
158952,2023-11,gov,0,0.7367311716079712,0.14844802021980286,0.11482083052396774,0.7367311716079712,gov,True,True
158953,2023-11,gov,0,0.9155681729316711,0.0604875385761261,0.023944230750203133,0.9155681729316711,gov,True,True
158954,2023-11,gov,0,0.8624805808067322,0.10020708292722702,0.03731237351894379,0.8624805808067322,gov,True,True
158955,2023-11,gov,0,0.6672068238258362,0.07251369953155518,0.26027944684028625,0.6672068238258362,gov,True,True
158956,2023-11,gov,0,0.9180030226707458,0.0478818379342556,0.03411512076854706,0.9180030226707458,gov,True,True
158957,2023-11,gov,0,0.9576393961906433,0.03224177286028862,0.01011886540800333,0.9576393961906433,gov,True,True
158958,2023-11,gov,0,0.9776952862739563,0.02133013866841793,0.0009745724964886904,0.9776952862739563,gov,True,True
158960,2023-11,gov,0,0.5831043720245361,0.12022034078836441,0.29667526483535767,0.5831043720245361,gov,True,True
159665,2023-11,uncertain,2,0.09584981203079224,0.0823921263217926,0.8217580318450928,0.8217580318450928,uncertain,True,True
159666,2023-11,uncertain,2,0.13285484910011292,0.028992043808102608,0.8381531238555908,0.8381531238555908,uncertain,True,True
159667,2023-11,uncertain,2,0.23730336129665375,0.10424155741930008,0.6584550738334656,0.6584550738334656,uncertain,True,True
159670,2023-11,gov,0,0.8992043137550354,0.026839816942811012,0.07395575940608978,0.8992043137550354,gov,True,True
159671,2023-11,gov,0,0.8333247900009155,0.012624343857169151,0.15405091643333435,0.8333247900009155,gov,True,True
159672,2023-11,gov,0,0.9696506857872009,0.005835477262735367,0.02451384998857975,0.9696506857872009,gov,True,True
159673,2023-11,gov,0,0.8637636303901672,0.007678392808884382,0.12855800986289978,0.8637636303901672,gov,True,True
159674,2023-11,gov,0,0.8863935470581055,0.014551921747624874,0.09905447065830231,0.8863935470581055,gov,True,True
159675,2023-11,uncertain,2,0.39084070920944214,0.0026470492593944073,0.606512188911438,0.606512188911438,gov,True,True
159676,2023-11,gov,0,0.9019771218299866,0.004387138411402702,0.09363582730293274,0.9019771218299866,gov,True,True
159679,2023-11,gov,0,0.8165397047996521,0.13289335370063782,0.0505669042468071,0.8165397047996521,gov,True,True
159680,2023-11,gov,0,0.46332553029060364,0.17263616621494293,0.3640383780002594,0.46332553029060364,gov,True,True
160386,2023-11,uncertain,2,0.21051470935344696,0.21810969710350037,0.5713756084442139,0.5713756084442139,uncertain,True,True
160388,2023-11,uncertain,2,0.03445971757173538,0.004026389680802822,0.9615138173103333,0.9615138173103333,uncertain,True,True
160389,2023-11,uncertain,2,0.05782189220190048,0.015237102285027504,0.9269410371780396,0.9269410371780396,uncertain,True,True
160390,2023-11,uncertain,2,0.013388048857450485,0.008834301494061947,0.9777776002883911,0.9777776002883911,uncertain,True,True
160391,2023-11,uncertain,2,0.0048466697335243225,0.0016842336626723409,0.9934691190719604,0.9934691190719604,uncertain,True,True
160392,2023-11,gov,0,0.9725512862205505,0.004558920860290527,0.022889861837029457,0.9725512862205505,gov,True,True
160393,2023-11,gov,0,0.9472806453704834,0.002031040610745549,0.05068821460008621,0.9472806453704834,gov,True,True
160394,2023-11,gov,0,0.5564512014389038,0.01754825748503208,0.42600053548812866,0.5564512014389038,gov,True,True
160396,2023-11,gov,0,0.8799763917922974,0.01232973299920559,0.10769389569759369,0.8799763917922974,gov,True,True
160397,2023-11,gov,0,0.9420098662376404,0.027219323441386223,0.030770912766456604,0.9420098662376404,gov,True,True
160399,2023-11,gov,0,0.9114968180656433,0.07236510515213013,0.01613811030983925,0.9114968180656433,gov,True,True
160400,2023-11,gov,0,0.6316145658493042,0.0623159185051918,0.306069552898407,0.6316145658493042,gov,True,True
161107,2023-11,uncertain,2,0.0568082369863987,0.3087466359138489,0.6344451308250427,0.6344451308250427,opo,True,True
161109,2023-11,uncertain,2,0.00780883152037859,0.0005072694038972259,0.991683840751648,0.991683840751648,uncertain,True,True
161110,2023-11,uncertain,2,0.12044789642095566,0.008491001091897488,0.8710611462593079,0.8710611462593079,uncertain,True,True
161111,2023-11,uncertain,2,0.008697648532688618,0.0017090203473344445,0.9895933866500854,0.9895933866500854,uncertain,True,True
161112,2023-11,gov,0,0.9806210398674011,0.005245163105428219,0.014133835211396217,0.9806210398674011,gov,True,True
161113,2023-11,gov,0,0.9782440662384033,0.002958502620458603,0.018797429278492928,0.9782440662384033,gov,True,True
161116,2023-11,gov,0,0.8888373970985413,0.011496893130242825,0.09966571629047394,0.8888373970985413,gov,True,True
161117,2023-11,gov,0,0.9796738028526306,0.013907310552895069,0.006418898701667786,0.9796738028526306,gov,True,True
161118,2023-11,gov,0,0.9751768708229065,0.016845518723130226,0.007977601140737534,0.9751768708229065,gov,True,True
161119,2023-11,gov,0,0.9549694061279297,0.03479073941707611,0.010239767841994762,0.9549694061279297,gov,True,True
161120,2023-11,gov,0,0.8832781910896301,0.056912023574113846,0.059809714555740356,0.8832781910896301,gov,True,True
161829,2023-11,uncertain,2,3.327669037389569e-05,4.8517322284169495e-05,0.9999182224273682,0.9999182224273682,uncertain,True,True
161830,2023-11,uncertain,2,0.0001687922776909545,0.0009441915317438543,0.9988870024681091,0.9988870024681091,uncertain,True,True
161831,2023-11,uncertain,2,0.0001700580323813483,0.004320257343351841,0.9955097436904907,0.9955097436904907,uncertain,True,True
161832,2023-11,uncertain,2,0.07644049823284149,0.01044202595949173,0.9131174087524414,0.9131174087524414,uncertain,True,True
161833,2023-11,gov,0,0.9715443253517151,0.015539770945906639,0.01291591115295887,0.9715443253517151,gov,True,True
161837,2023-11,gov,0,0.724067211151123,0.1175675019621849,0.15836527943611145,0.724067211151123,gov,True,True
161839,2023-11,gov,0,0.5097895264625549,0.12216725200414658,0.3680432140827179,0.5097895264625549,gov,True,True
162547,2023-11,uncertain,2,0.03646146506071091,0.27574917674064636,0.6877893805503845,0.6877893805503845,uncertain,True,True
162548,2023-11,uncertain,2,0.012248613871634007,0.004247591830790043,0.9835038185119629,0.9835038185119629,uncertain,True,True
162549,2023-11,uncertain,2,0.0019189654849469662,0.0031393752433359623,0.9949416518211365,0.9949416518211365,uncertain,True,True
162551,2023-11,uncertain,2,0.012950469739735126,0.003280311357229948,0.9837692379951477,0.9837692379951477,uncertain,True,True
162552,2023-11,uncertain,2,0.13535520434379578,0.0028585875406861305,0.8617861866950989,0.8617861866950989,gov,True,True
162554,2023-11,gov,0,0.8287215828895569,0.10532184690237045,0.06595662981271744,0.8287215828895569,gov,True,True
162555,2023-11,gov,0,0.7206772565841675,0.18874801695346832,0.09057477861642838,0.7206772565841675,gov,True,True
162558,2023-11,gov,0,0.6285672187805176,0.27653399109840393,0.0948987603187561,0.6285672187805176,gov,True,True
162559,2023-11,gov,0,0.6098755598068237,0.24754515290260315,0.14257930219173431,0.6098755598068237,gov,True,True
163268,2023-11,uncertain,2,0.04600725322961807,0.23949755728244781,0.7144951820373535,0.7144951820373535,opo,True,True
163269,2023-11,uncertain,2,0.006551260128617287,0.03083934262394905,0.9626093506813049,0.9626093506813049,uncertain,True,True
163271,2023-11,uncertain,2,0.004872537683695555,0.0025601941160857677,0.9925673007965088,0.9925673007965088,uncertain,True,True
163272,2023-11,uncertain,2,0.075322225689888,0.013098628260195255,0.9115791916847229,0.9115791916847229,uncertain,True,True
163274,2023-11,gov,0,0.7179878950119019,0.06706857681274414,0.2149435430765152,0.7179878950119019,gov,True,True
163275,2023-11,gov,0,0.8567309975624084,0.07871175557374954,0.06455723941326141,0.8567309975624084,gov,True,True
163278,2023-11,gov,0,0.4394571781158447,0.38167238235473633,0.17887049913406372,0.4394571781158447,gov,True,True
163988,2023-11,uncertain,2,0.19056662917137146,0.15827339887619019,0.6511600017547607,0.6511600017547607,gov,True,True
163989,2023-11,uncertain,2,0.10135050117969513,0.09625042974948883,0.8023990392684937,0.8023990392684937,gov,True,True
163992,2023-11,opo,1,0.05488685145974159,0.760169267654419,0.18494389951229095,0.760169267654419,opo,True,True
163993,2023-11,uncertain,2,0.040465787053108215,0.11588003486394882,0.8436540961265564,0.8436540961265564,uncertain,True,True
163998,2023-11,opo,1,0.3186728060245514,0.5387188792228699,0.14260828495025635,0.5387188792228699,gov,True,True
164709,2023-11,uncertain,2,0.3245932161808014,0.07086162269115448,0.6045451164245605,0.6045451164245605,uncertain,True,True
164710,2023-11,gov,0,0.37337490916252136,0.25747448205947876,0.36915066838264465,0.37337490916252136,gov,True,True
164711,2023-11,gov,0,0.8330812454223633,0.04488436132669449,0.12203433364629745,0.8330812454223633,gov,True,True
164712,2023-11,gov,0,0.744161069393158,0.07790011167526245,0.17793884873390198,0.744161069393158,gov,True,True
164713,2023-11,uncertain,2,0.23748892545700073,0.009706967510282993,0.752804160118103,0.752804160118103,uncertain,True,True
164714,2023-11,uncertain,2,0.15142203867435455,0.008077015168964863,0.8405008912086487,0.8405008912086487,uncertain,True,True
164715,2023-11,gov,0,0.4901130199432373,0.31651923060417175,0.19336768984794617,0.4901130199432373,gov,True,True
165430,2023-11,opo,1,0.19413422048091888,0.6917707920074463,0.11409498751163483,0.6917707920074463,gov,True,True
165433,2023-11,uncertain,2,0.09986606240272522,0.007074260152876377,0.8930596709251404,0.8930596709251404,uncertain,True,True
166150,2023-11,gov,0,0.7272810339927673,0.20404291152954102,0.06867607682943344,0.7272810339927673,gov,True,True
166154,2023-11,uncertain,2,0.1361990123987198,0.03440269082784653,0.8293982744216919,0.8293982744216919,gov,True,True
166155,2023-11,uncertain,2,0.26387712359428406,0.13631266355514526,0.5998102426528931,0.5998102426528931,uncertain,True,True
166873,2023-11,uncertain,2,0.2499825358390808,0.03618958592414856,0.713827908039093,0.713827908039093,uncertain,True,True
166876,2023-11,gov,0,0.6141918897628784,0.1763729602098465,0.2094351053237915,0.6141918897628784,gov,True,True
166877,2023-11,gov,0,0.569667637348175,0.2909889221191406,0.1393434852361679,0.569667637348175,gov,True,True
167591,2023-11,gov,0,0.7663066983222961,0.12170746177434921,0.11198585480451584,0.7663066983222961,gov,True,True
167592,2023-11,uncertain,2,0.3430064916610718,0.10039641708135605,0.5565970540046692,0.5565970540046692,gov,True,True
167594,2023-11,uncertain,2,0.16875210404396057,0.05467076972126961,0.7765771150588989,0.7765771150588989,uncertain,True,True
167597,2023-11,gov,0,0.7609020471572876,0.12337666004896164,0.11572126299142838,0.7609020471572876,gov,True,True
168313,2023-11,gov,0,0.4420953392982483,0.2283819019794464,0.3295227587223053,0.4420953392982483,gov,True,True
168316,2023-11,uncertain,2,0.19916343688964844,0.04887017980217934,0.7519664168357849,0.7519664168357849,uncertain,True,True
169035,2023-11,uncertain,2,0.18857088685035706,0.048679251223802567,0.7627498507499695,0.7627498507499695,uncertain,True,True
169036,2023-11,uncertain,2,0.3908398151397705,0.07036422193050385,0.5387960076332092,0.5387960076332092,gov,True,True
169037,2023-11,gov,0,0.5254214406013489,0.1250704675912857,0.3495081067085266,0.5254214406013489,gov,True,True
169756,2023-11,gov,0,0.5836066007614136,0.061036620289087296,0.3553568422794342,0.5836066007614136,gov,True,True
143838,2023-12,gov,0,0.5467535257339478,0.21210451424121857,0.24114196002483368,0.5467535257339478,gov,True,True
145998,2023-12,gov,0,0.48442786931991577,0.11350978910923004,0.4020622670650482,0.48442786931991577,gov,True,True
147437,2023-12,gov,0,0.5698900818824768,0.1628423035144806,0.267267644405365,0.5698900818824768,gov,True,True
147438,2023-12,uncertain,2,0.261425644159317,0.06924976408481598,0.6693246364593506,0.6693246364593506,gov,True,True
147439,2023-12,uncertain,2,0.09744658321142197,0.04525527358055115,0.8572981357574463,0.8572981357574463,uncertain,True,True
148158,2023-12,uncertain,2,0.15166732668876648,0.08289735019207001,0.7654353380203247,0.7654353380203247,uncertain,True,True
149597,2023-12,uncertain,2,0.056760385632514954,0.03775843605399132,0.9054811000823975,0.9054811000823975,uncertain,True,True
150307,2023-12,uncertain,2,0.21976344287395477,0.19308194518089294,0.5871546268463135,0.5871546268463135,gov,True,True
150317,2023-12,uncertain,2,0.05188090354204178,0.028060689568519592,0.9200583696365356,0.9200583696365356,uncertain,True,True
151756,2023-12,uncertain,2,0.12275391817092896,0.02030845731496811,0.8569375276565552,0.8569375276565552,uncertain,True,True
152476,2023-12,uncertain,2,0.33058103919029236,0.05497857183218002,0.6144404411315918,0.6144404411315918,gov,True,True
153190,2023-12,uncertain,2,0.46783626079559326,0.02841992862522602,0.5037437677383423,0.5037437677383423,gov,True,True
153191,2023-12,gov,0,0.6273424625396729,0.03844187408685684,0.33421555161476135,0.6273424625396729,gov,True,True
153192,2023-12,gov,0,0.6589223146438599,0.017684508115053177,0.3233931362628937,0.6589223146438599,gov,True,True
153193,2023-12,gov,0,0.8173363208770752,0.007200798951089382,0.17546290159225464,0.8173363208770752,gov,True,True
153196,2023-12,uncertain,2,0.18973326683044434,0.04849768429994583,0.7617690563201904,0.7617690563201904,gov,True,True
153197,2023-12,uncertain,2,0.029609112069010735,0.02890905551612377,0.9414818286895752,0.9414818286895752,uncertain,True,True
153910,2023-12,gov,0,0.7304849624633789,0.03831665590405464,0.23119837045669556,0.7304849624633789,gov,True,True
153911,2023-12,uncertain,2,0.3346148133277893,0.043541621416807175,0.6218435764312744,0.6218435764312744,gov,True,True
153912,2023-12,gov,0,0.5995463132858276,0.06564491242170334,0.33480873703956604,0.5995463132858276,gov,True,True
153913,2023-12,uncertain,2,0.42138558626174927,0.026487890630960464,0.5521264672279358,0.5521264672279358,gov,True,True
153914,2023-12,gov,0,0.5328463315963745,0.024528829380869865,0.4426248371601105,0.5328463315963745,gov,True,True
153915,2023-12,uncertain,2,0.08920899033546448,0.005523331463336945,0.905267596244812,0.905267596244812,uncertain,True,True
153916,2023-12,uncertain,2,0.1443651020526886,0.011750742793083191,0.8438841700553894,0.8438841700553894,gov,True,True
153917,2023-12,uncertain,2,0.047660306096076965,0.04464206472039223,0.9076976180076599,0.9076976180076599,uncertain,True,True
153918,2023-12,uncertain,2,0.06628776341676712,0.2245849221944809,0.7091273069381714,0.7091273069381714,uncertain,True,True
154630,2023-12,gov,0,0.965128481388092,0.012061775662004948,0.02280985563993454,0.965128481388092,gov,True,True
154631,2023-12,gov,0,0.8921148777008057,0.027202555909752846,0.08068260550498962,0.8921148777008057,gov,True,True
154632,2023-12,gov,0,0.5101711750030518,0.03211105242371559,0.4577178359031677,0.5101711750030518,gov,True,True
154633,2023-12,gov,0,0.5583133101463318,0.04645943269133568,0.3952272832393646,0.5583133101463318,gov,True,True
154634,2023-12,uncertain,2,0.18789176642894745,0.07690278440713882,0.7352054119110107,0.7352054119110107,gov,True,True
154635,2023-12,uncertain,2,0.04049940034747124,0.005569602362811565,0.9539309144020081,0.9539309144020081,uncertain,True,True
154636,2023-12,uncertain,2,0.03205648437142372,0.004951165989041328,0.9629923701286316,0.9629923701286316,uncertain,True,True
155351,2023-12,gov,0,0.9350100159645081,0.02062024548649788,0.04436972364783287,0.9350100159645081,gov,True,True
155352,2023-12,gov,0,0.5550675988197327,0.01723431795835495,0.4276980757713318,0.5550675988197327,gov,True,True
155354,2023-12,uncertain,2,0.029235592111945152,0.011060451157391071,0.9597040414810181,0.9597040414810181,uncertain,True,True
156069,2023-12,gov,0,0.5427739024162292,0.0992203876376152,0.35800570249557495,0.5427739024162292,gov,True,True
156071,2023-12,gov,0,0.7435289025306702,0.09834706038236618,0.15812402963638306,0.7435289025306702,gov,True,True
156072,2023-12,gov,0,0.6416330337524414,0.06791834533214569,0.2904486060142517,0.6416330337524414,gov,True,True
156073,2023-12,uncertain,2,0.2124527543783188,0.004581571090966463,0.7829657196998596,0.7829657196998596,gov,True,True
156074,2023-12,uncertain,2,0.10461968928575516,0.0013620397076010704,0.8940183520317078,0.8940183520317078,uncertain,True,True
156075,2023-12,uncertain,2,0.02303999289870262,0.0046724178828299046,0.972287654876709,0.972287654876709,uncertain,True,True
156788,2023-12,opo,1,0.2842271327972412,0.3820648491382599,0.3337079882621765,0.3820648491382599,gov,True,True
156789,2023-12,gov,0,0.6480753421783447,0.27836379408836365,0.07356084883213043,0.6480753421783447,gov,True,True
156791,2023-12,gov,0,0.7014292478561401,0.1679735779762268,0.13059712946414948,0.7014292478561401,gov,True,True
156792,2023-12,uncertain,2,0.33301258087158203,0.035036467015743256,0.6319510340690613,0.6319510340690613,gov,True,True
156793,2023-12,uncertain,2,0.06790754199028015,0.0017217721324414015,0.9303707480430603,0.9303707480430603,uncertain,True,True
156795,2023-12,uncertain,2,0.00732524786144495,0.009106246754527092,0.9835684895515442,0.9835684895515442,uncertain,True,True
156796,2023-12,uncertain,2,0.029986955225467682,0.1428733468055725,0.827139675617218,0.827139675617218,uncertain,True,True
157508,2023-12,uncertain,2,0.03361808881163597,0.11548174172639847,0.8509001731872559,0.8509001731872559,uncertain,True,True
157510,2023-12,opo,1,0.3000897467136383,0.4505687654018402,0.2493414580821991,0.4505687654018402,gov,True,True
157511,2023-12,uncertain,2,0.054665274918079376,0.14813756942749023,0.7971972227096558,0.7971972227096558,gov,True,True
157513,2023-12,uncertain,2,0.06287801265716553,0.0010532395681366324,0.9360687136650085,0.9360687136650085,uncertain,True,True
157514,2023-12,uncertain,2,0.01838104799389839,0.001832287642173469,0.97978675365448,0.97978675365448,uncertain,True,True
157515,2023-12,uncertain,2,0.04415814206004143,0.021639708429574966,0.9342021942138672,0.9342021942138672,opo,True,True
158229,2023-12,uncertain,2,0.02419191226363182,0.06594270467758179,0.9098654389381409,0.9098654389381409,uncertain,True,True
158231,2023-12,uncertain,2,0.34292367100715637,0.07547790557146072,0.5815984010696411,0.5815984010696411,gov,True,True
158233,2023-12,gov,0,0.9682778120040894,0.0008953316137194633,0.03082677721977234,0.9682778120040894,gov,True,True
158235,2023-12,uncertain,2,0.2696259617805481,0.06990165263414383,0.6604723930358887,0.6604723930358887,uncertain,True,True
158236,2023-12,uncertain,2,0.10030855983495712,0.28002122044563293,0.6196702718734741,0.6196702718734741,uncertain,True,True
158946,2023-12,uncertain,2,0.0572679340839386,0.32350295782089233,0.6192290782928467,0.6192290782928467,gov,True,True
158947,2023-12,uncertain,2,0.15177369117736816,0.377409428358078,0.47081685066223145,0.47081685066223145,uncertain,True,True
158949,2023-12,uncertain,2,0.05697026476264,0.033258434385061264,0.9097712635993958,0.9097712635993958,gov,True,True
158950,2023-12,gov,0,0.883782148361206,0.07809440046548843,0.03812349587678909,0.883782148361206,gov,True,True
158951,2023-12,gov,0,0.8532671928405762,0.016036147251725197,0.1306966245174408,0.8532671928405762,gov,True,True
158952,2023-12,gov,0,0.5277136564254761,0.028873540461063385,0.44341281056404114,0.5277136564254761,gov,True,True
158953,2023-12,gov,0,0.9489141702651978,0.009107207879424095,0.04197857528924942,0.9489141702651978,gov,True,True
158954,2023-12,gov,0,0.8708896040916443,0.08943668752908707,0.03967367485165596,0.8708896040916443,gov,True,True
158955,2023-12,gov,0,0.7825362682342529,0.03486550226807594,0.18259824812412262,0.7825362682342529,gov,True,True
158956,2023-12,gov,0,0.9571729302406311,0.0164264515042305,0.026400718837976456,0.9571729302406311,gov,True,True
158957,2023-12,gov,0,0.9416062235832214,0.03554990515112877,0.02284383587539196,0.9416062235832214,gov,True,True
158958,2023-12,gov,0,0.95649254322052,0.04200996458530426,0.001497438526712358,0.95649254322052,gov,True,True
158960,2023-12,gov,0,0.6507706046104431,0.08353239297866821,0.26569706201553345,0.6507706046104431,gov,True,True
159665,2023-12,uncertain,2,0.05034750699996948,0.1605112999677658,0.7891412973403931,0.7891412973403931,uncertain,True,True
159666,2023-12,uncertain,2,0.04536513611674309,0.2542561888694763,0.7003785967826843,0.7003785967826843,uncertain,True,True
159667,2023-12,opo,1,0.11207044124603271,0.44522881507873535,0.44270065426826477,0.44522881507873535,opo,True,True
159670,2023-12,gov,0,0.934651255607605,0.012735608033835888,0.05261310562491417,0.934651255607605,gov,True,True
159671,2023-12,gov,0,0.9645676016807556,0.007125235162675381,0.028307240456342697,0.9645676016807556,gov,True,True
159672,2023-12,gov,0,0.9843239784240723,0.0010672906646504998,0.014608633704483509,0.9843239784240723,gov,True,True
159673,2023-12,gov,0,0.9655829668045044,0.0014028361765667796,0.033014245331287384,0.9655829668045044,gov,True,True
159674,2023-12,gov,0,0.9450647234916687,0.005364487878978252,0.04957081377506256,0.9450647234916687,gov,True,True
159675,2023-12,gov,0,0.7040126919746399,0.0031767322216182947,0.2928106188774109,0.7040126919746399,gov,True,True
159676,2023-12,gov,0,0.9546618461608887,0.003634444670751691,0.041703641414642334,0.9546618461608887,gov,True,True
159679,2023-12,gov,0,0.9507402181625366,0.02772735059261322,0.021532416343688965,0.9507402181625366,gov,True,True
159680,2023-12,gov,0,0.5277640223503113,0.15998287498950958,0.31225308775901794,0.5277640223503113,gov,True,True
160386,2023-12,opo,1,0.06006591394543648,0.5193926095962524,0.4205414652824402,0.5193926095962524,opo,True,True
160388,2023-12,uncertain,2,0.027155578136444092,0.015901340171694756,0.9569430947303772,0.9569430947303772,uncertain,True,True
160389,2023-12,uncertain,2,0.012406264431774616,0.00942638237029314,0.9781674146652222,0.9781674146652222,uncertain,True,True
160390,2023-12,uncertain,2,0.0048548937775194645,0.008488461375236511,0.986656665802002,0.986656665802002,uncertain,True,True
160391,2023-12,uncertain,2,0.03882737085223198,0.04969143494963646,0.9114811420440674,0.9114811420440674,uncertain,True,True
160392,2023-12,gov,0,0.9810501933097839,0.0012097558937966824,0.017740074545145035,0.9810501933097839,gov,True,True
160393,2023-12,gov,0,0.9687831401824951,0.00025525345699861646,0.030961615964770317,0.9687831401824951,gov,True,True
160394,2023-12,gov,0,0.843153715133667,0.014176081866025925,0.14267019927501678,0.843153715133667,gov,True,True
160396,2023-12,gov,0,0.9309262633323669,0.007436972577124834,0.061636753380298615,0.9309262633323669,gov,True,True
160397,2023-12,gov,0,0.9612685441970825,0.009404094889760017,0.02932731807231903,0.9612685441970825,gov,True,True
160399,2023-12,gov,0,0.9499493837356567,0.03687956556677818,0.01317103672772646,0.9499493837356567,gov,True,True
160400,2023-12,gov,0,0.6982869505882263,0.07510744035243988,0.2266056090593338,0.6982869505882263,gov,True,True
161107,2023-12,uncertain,2,0.03147919848561287,0.20719683170318604,0.7613239884376526,0.7613239884376526,uncertain,True,True
161109,2023-12,uncertain,2,0.003436615224927664,0.0028918012976646423,0.9936715364456177,0.9936715364456177,uncertain,True,True
161110,2023-12,uncertain,2,0.06173083931207657,0.017119547352194786,0.9211496710777283,0.9211496710777283,uncertain,True,True
161111,2023-12,uncertain,2,0.11738932877779007,0.00212302478030324,0.8804876208305359,0.8804876208305359,uncertain,True,True
161112,2023-12,gov,0,0.9976550340652466,0.00014381598157342523,0.002201174618676305,0.9976550340652466,gov,True,True
161113,2023-12,gov,0,0.9768746495246887,0.0009003828163258731,0.02222496084868908,0.9768746495246887,gov,True,True
161116,2023-12,gov,0,0.9145925641059875,0.0035522785037755966,0.08185523003339767,0.9145925641059875,gov,True,True
161117,2023-12,gov,0,0.9808138012886047,0.004401518497616053,0.01478469930589199,0.9808138012886047,gov,True,True
161118,2023-12,gov,0,0.9489672780036926,0.018456686288118362,0.0325760617852211,0.9489672780036926,gov,True,True
161119,2023-12,gov,0,0.9228082895278931,0.07085771858692169,0.006334042176604271,0.9228082895278931,gov,True,True
161120,2023-12,gov,0,0.9061283469200134,0.06574396044015884,0.02812766470015049,0.9061283469200134,gov,True,True
161829,2023-12,uncertain,2,3.28625574184116e-05,0.0001305129990214482,0.9998365640640259,0.9998365640640259,uncertain,True,True
161830,2023-12,uncertain,2,0.00010138201469089836,0.001510591246187687,0.9983880519866943,0.9983880519866943,uncertain,True,True
161831,2023-12,uncertain,2,0.00035387164098210633,0.0026278330478817225,0.9970183372497559,0.9970183372497559,uncertain,True,True
161832,2023-12,uncertain,2,0.27397915720939636,0.004406997002661228,0.7216138243675232,0.7216138243675232,uncertain,True,True
161833,2023-12,gov,0,0.6859745979309082,0.15595051646232605,0.15807487070560455,0.6859745979309082,gov,True,True
161837,2023-12,gov,0,0.7235552072525024,0.05095542222261429,0.22548937797546387,0.7235552072525024,gov,True,True
161839,2023-12,gov,0,0.5811812281608582,0.24994288384914398,0.16887584328651428,0.5811812281608582,gov,True,True
162547,2023-12,opo,1,0.04205656424164772,0.5821518301963806,0.3757915794849396,0.5821518301963806,opo,True,True
162548,2023-12,uncertain,2,0.005131056532263756,0.006171323824673891,0.9886976480484009,0.9886976480484009,uncertain,True,True
162549,2023-12,uncertain,2,0.00020452415628824383,0.0005038464441895485,0.9992915391921997,0.9992915391921997,uncertain,True,True
162551,2023-12,uncertain,2,0.005720160901546478,0.029688535258173943,0.9645912051200867,0.9645912051200867,uncertain,True,True
162552,2023-12,uncertain,2,0.22023539245128632,0.01734502613544464,0.7624195218086243,0.7624195218086243,gov,True,True
162554,2023-12,opo,1,0.15472117066383362,0.8278185129165649,0.017460333183407784,0.8278185129165649,opo,True,True
162555,2023-12,gov,0,0.5633757710456848,0.4081621766090393,0.02846202813088894,0.5633757710456848,gov,True,True
162558,2023-12,gov,0,0.5580189228057861,0.25632813572883606,0.1856529414653778,0.5580189228057861,gov,True,True
162559,2023-12,opo,1,0.4104635715484619,0.4416460692882538,0.1478903591632843,0.4416460692882538,gov,True,True
163268,2023-12,uncertain,2,0.04903621971607208,0.17347665131092072,0.77748703956604,0.77748703956604,uncertain,True,True
163269,2023-12,uncertain,2,0.0012406700989231467,0.005820244085043669,0.9929389953613281,0.9929389953613281,uncertain,True,True
163271,2023-12,uncertain,2,0.04641837626695633,0.13703764975070953,0.8165439963340759,0.8165439963340759,uncertain,True,True
163272,2023-12,uncertain,2,0.05657946690917015,0.009192325174808502,0.9342281222343445,0.9342281222343445,uncertain,True,True
163274,2023-12,opo,1,0.3908735513687134,0.4882277548313141,0.12089873850345612,0.4882277548313141,gov,True,True
163275,2023-12,opo,1,0.36229389905929565,0.41193968057632446,0.2257663607597351,0.41193968057632446,opo,True,True
163278,2023-12,opo,1,0.35492950677871704,0.45456796884536743,0.1905026137828827,0.45456796884536743,gov,True,True
163988,2023-12,uncertain,2,0.31032341718673706,0.2000276893377304,0.48964887857437134,0.48964887857437134,gov,True,True
163989,2023-12,uncertain,2,0.10310260951519012,0.2785702049732208,0.6183271408081055,0.6183271408081055,gov,True,True
163992,2023-12,opo,1,0.013620523735880852,0.8002305626869202,0.18614895641803741,0.8002305626869202,opo,True,True
163993,2023-12,uncertain,2,0.050323065370321274,0.2521152198314667,0.6975617408752441,0.6975617408752441,uncertain,True,True
163996,2023-12,opo,1,0.21323466300964355,0.512701690196991,0.2740636467933655,0.512701690196991,opo,True,True
163998,2023-12,opo,1,0.36956799030303955,0.5242332220077515,0.10619879513978958,0.5242332220077515,opo,True,True
164709,2023-12,uncertain,2,0.32125532627105713,0.11313831806182861,0.5656062960624695,0.5656062960624695,uncertain,True,True
164710,2023-12,gov,0,0.6153206825256348,0.27098309993743896,0.1136961504817009,0.6153206825256348,gov,True,True
164711,2023-12,gov,0,0.5431192517280579,0.0725288987159729,0.38435184955596924,0.5431192517280579,gov,True,True
164712,2023-12,gov,0,0.6334596872329712,0.2065105140209198,0.16002976894378662,0.6334596872329712,gov,True,True
164713,2023-12,uncertain,2,0.3328753113746643,0.15814557671546936,0.508979082107544,0.508979082107544,opo,True,True
164714,2023-12,uncertain,2,0.054950688034296036,0.16832877695560455,0.7767205238342285,0.7767205238342285,uncertain,True,True
164715,2023-12,opo,1,0.17999304831027985,0.7140262126922607,0.10598073899745941,0.7140262126922607,gov,True,True
165430,2023-12,gov,0,0.6135979294776917,0.28706181049346924,0.0993402823805809,0.6135979294776917,gov,True,True
165433,2023-12,uncertain,2,0.38790667057037354,0.04884122684597969,0.5632521510124207,0.5632521510124207,uncertain,True,True
166150,2023-12,gov,0,0.729637861251831,0.13689318299293518,0.13346892595291138,0.729637861251831,gov,True,True
166154,2023-12,uncertain,2,0.1314319223165512,0.03890282288193703,0.8296653032302856,0.8296653032302856,gov,True,True
166155,2023-12,uncertain,2,0.18664036691188812,0.1323748677968979,0.6809847354888916,0.6809847354888916,uncertain,True,True
166873,2023-12,uncertain,2,0.20562006533145905,0.021425390616059303,0.772954523563385,0.772954523563385,uncertain,True,True
166876,2023-12,gov,0,0.5372282862663269,0.2747213542461395,0.18805038928985596,0.5372282862663269,gov,True,True
166877,2023-12,gov,0,0.4496193826198578,0.34031689167022705,0.21006369590759277,0.4496193826198578,gov,True,True
167591,2023-12,gov,0,0.4828406572341919,0.3518317639827728,0.1653275191783905,0.4828406572341919,gov,True,True
167592,2023-12,uncertain,2,0.36732131242752075,0.09244249016046524,0.5402361750602722,0.5402361750602722,gov,True,True
167594,2023-12,uncertain,2,0.3799244165420532,0.02536926418542862,0.5947062969207764,0.5947062969207764,uncertain,True,True
167597,2023-12,gov,0,0.7623872756958008,0.16013668477535248,0.07747600227594376,0.7623872756958008,gov,True,True
168313,2023-12,uncertain,2,0.38647910952568054,0.0793273076415062,0.5341935753822327,0.5341935753822327,gov,True,True
168316,2023-12,uncertain,2,0.20058970153331757,0.04408849775791168,0.7553218007087708,0.7553218007087708,uncertain,True,True
169035,2023-12,uncertain,2,0.05137085169553757,0.004749218467622995,0.9438799023628235,0.9438799023628235,uncertain,True,True
169036,2023-12,uncertain,2,0.3606484532356262,0.018083274364471436,0.6212683320045471,0.6212683320045471,gov,True,True
169037,2023-12,gov,0,0.6854715347290039,0.07525888830423355,0.23926956951618195,0.6854715347290039,gov,True,True
169756,2023-12,gov,0,0.7853091359138489,0.012364069931209087,0.2023267298936844,0.7853091359138489,gov,True,True
143838,2024-01,gov,0,0.444372296333313,0.3340984582901001,0.22152923047542572,0.444372296333313,gov,True,True
145998,2024-01,gov,0,0.6371480822563171,0.14109556376934052,0.22175636887550354,0.6371480822563171,gov,True,True
147437,2024-01,gov,0,0.36753711104393005,0.2982935607433319,0.33416932821273804,0.36753711104393005,gov,True,True
147438,2024-01,uncertain,2,0.3977396786212921,0.09385382384061813,0.5084065198898315,0.5084065198898315,gov,True,True
147439,2024-01,uncertain,2,0.4454803466796875,0.06655960530042648,0.48795998096466064,0.48795998096466064,uncertain,True,True
148158,2024-01,uncertain,2,0.2580532133579254,0.08143678307533264,0.6605100035667419,0.6605100035667419,uncertain,True,True
149597,2024-01,uncertain,2,0.0856083407998085,0.09476722776889801,0.8196243643760681,0.8196243643760681,uncertain,True,True
150307,2024-01,uncertain,2,0.06399105489253998,0.335015207529068,0.6009937524795532,0.6009937524795532,gov,True,True
150317,2024-01,uncertain,2,0.08575346320867538,0.04480043798685074,0.8694461584091187,0.8694461584091187,uncertain,True,True
151756,2024-01,uncertain,2,0.12579132616519928,0.014665615744888783,0.8595430254936218,0.8595430254936218,uncertain,True,True
152476,2024-01,uncertain,2,0.3561630845069885,0.02616538107395172,0.6176714897155762,0.6176714897155762,gov,True,True
153190,2024-01,uncertain,2,0.2255147397518158,0.09816709905862808,0.6763181090354919,0.6763181090354919,gov,True,True
153191,2024-01,gov,0,0.5295455455780029,0.2627548575401306,0.20769958198070526,0.5295455455780029,gov,True,True
153192,2024-01,gov,0,0.7318267226219177,0.13148550689220428,0.13668783009052277,0.7318267226219177,gov,True,True
153193,2024-01,gov,0,0.4821498990058899,0.08221764862537384,0.4356324374675751,0.4821498990058899,gov,True,True
153196,2024-01,uncertain,2,0.31205859780311584,0.04113181307911873,0.6468096375465393,0.6468096375465393,gov,True,True
153197,2024-01,uncertain,2,0.24515420198440552,0.05216388404369354,0.7026818990707397,0.7026818990707397,uncertain,True,True
153910,2024-01,uncertain,2,0.23981060087680817,0.04152984917163849,0.718659520149231,0.718659520149231,gov,True,True
153911,2024-01,gov,0,0.6195672750473022,0.11117679625749588,0.26925596594810486,0.6195672750473022,gov,True,True
153912,2024-01,gov,0,0.6632502675056458,0.06259428709745407,0.2741554379463196,0.6632502675056458,gov,True,True
153913,2024-01,gov,0,0.5499753355979919,0.17322444915771484,0.2768002152442932,0.5499753355979919,gov,True,True
153914,2024-01,uncertain,2,0.2234627902507782,0.08326748758554459,0.6932697296142578,0.6932697296142578,gov,True,True
153915,2024-01,uncertain,2,0.0818329006433487,0.05082133412361145,0.8673457503318787,0.8673457503318787,uncertain,True,True
153916,2024-01,uncertain,2,0.23519302904605865,0.024265561252832413,0.740541398525238,0.740541398525238,gov,True,True
153917,2024-01,uncertain,2,0.1469884067773819,0.0150990542024374,0.8379125595092773,0.8379125595092773,uncertain,True,True
153918,2024-01,uncertain,2,0.24825750291347504,0.07177536934614182,0.6799671649932861,0.6799671649932861,uncertain,True,True
154630,2024-01,gov,0,0.7735803723335266,0.020907804369926453,0.20551176369190216,0.7735803723335266,gov,True,True
154631,2024-01,gov,0,0.9059085249900818,0.020012086257338524,0.07407929748296738,0.9059085249900818,gov,True,True
154632,2024-01,gov,0,0.6408581733703613,0.035804662853479385,0.32333722710609436,0.6408581733703613,gov,True,True
154633,2024-01,gov,0,0.48728644847869873,0.09804026782512665,0.4146732687950134,0.48728644847869873,gov,True,True
154634,2024-01,uncertain,2,0.11848342418670654,0.09002968668937683,0.7914868593215942,0.7914868593215942,gov,True,True
154635,2024-01,uncertain,2,0.02160053886473179,0.014288144186139107,0.9641113877296448,0.9641113877296448,uncertain,True,True
154636,2024-01,uncertain,2,0.13349689543247223,0.024805573746562004,0.8416975140571594,0.8416975140571594,uncertain,True,True
155351,2024-01,gov,0,0.7768093347549438,0.08302454650402069,0.14016610383987427,0.7768093347549438,gov,True,True
155352,2024-01,gov,0,0.5991364121437073,0.10141881555318832,0.2994447648525238,0.5991364121437073,gov,True,True
155354,2024-01,uncertain,2,0.06415721029043198,0.06960797309875488,0.8662347793579102,0.8662347793579102,uncertain,True,True
156069,2024-01,gov,0,0.5076128244400024,0.07401030510663986,0.4183768630027771,0.5076128244400024,gov,True,True
156071,2024-01,gov,0,0.735778272151947,0.10908901691436768,0.15513268113136292,0.735778272151947,gov,True,True
156072,2024-01,gov,0,0.7084163427352905,0.10463998466730118,0.1869436353445053,0.7084163427352905,gov,True,True
156073,2024-01,uncertain,2,0.2628595232963562,0.03390701115131378,0.7032334208488464,0.7032334208488464,gov,True,True
156074,2024-01,uncertain,2,0.05345351994037628,0.008120072074234486,0.9384264349937439,0.9384264349937439,uncertain,True,True
156075,2024-01,uncertain,2,0.03839007019996643,0.052450601011514664,0.909159243106842,0.909159243106842,uncertain,True,True
156788,2024-01,gov,0,0.6108863949775696,0.04259646311402321,0.34651708602905273,0.6108863949775696,gov,True,True
156789,2024-01,gov,0,0.8430397510528564,0.02679738774895668,0.13016283512115479,0.8430397510528564,gov,True,True
156791,2024-01,gov,0,0.7218273878097534,0.14953045547008514,0.12864215672016144,0.7218273878097534,gov,True,True
156792,2024-01,gov,0,0.8129653334617615,0.0322323814034462,0.15480226278305054,0.8129653334617615,gov,True,True
156793,2024-01,uncertain,2,0.17833217978477478,0.009054025635123253,0.8126137852668762,0.8126137852668762,uncertain,True,True
156795,2024-01,uncertain,2,0.07564602047204971,0.07813046872615814,0.8462234735488892,0.8462234735488892,opo,True,True
156796,2024-01,uncertain,2,0.040496379137039185,0.3124680519104004,0.6470355987548828,0.6470355987548828,uncertain,True,True
157508,2024-01,uncertain,2,0.2760848104953766,0.02429720014333725,0.6996179819107056,0.6996179819107056,uncertain,True,True
157510,2024-01,gov,0,0.6786183714866638,0.18368732929229736,0.13769428431987762,0.6786183714866638,gov,True,True
157511,2024-01,opo,1,0.30095165967941284,0.5343256592750549,0.16472269594669342,0.5343256592750549,gov,True,True
157513,2024-01,uncertain,2,0.24315112829208374,0.032294366508722305,0.7245545387268066,0.7245545387268066,uncertain,True,True
157514,2024-01,uncertain,2,0.034508198499679565,0.001564917154610157,0.9639268517494202,0.9639268517494202,uncertain,True,True
157515,2024-01,uncertain,2,0.03640668839216232,0.01279858686029911,0.9507946372032166,0.9507946372032166,uncertain,True,True
158229,2024-01,uncertain,2,0.311297208070755,0.10915075987577438,0.5795520544052124,0.5795520544052124,uncertain,True,True
158231,2024-01,gov,0,0.44884443283081055,0.40105751156806946,0.15009811520576477,0.44884443283081055,gov,True,True
158233,2024-01,gov,0,0.49804016947746277,0.0314076729118824,0.4705522060394287,0.49804016947746277,gov,True,True
158235,2024-01,uncertain,2,0.1541646420955658,0.14572498202323914,0.7001103758811951,0.7001103758811951,uncertain,True,True
158236,2024-01,opo,1,0.07262086123228073,0.7665979862213135,0.16078117489814758,0.7665979862213135,opo,True,True
158946,2024-01,opo,1,0.041839540004730225,0.8169069886207581,0.14125345647335052,0.8169069886207581,gov,True,True
158947,2024-01,opo,1,0.043586600571870804,0.8301827311515808,0.1262306123971939,0.8301827311515808,opo,True,True
158949,2024-01,uncertain,2,0.1824546605348587,0.15820711851119995,0.6593381762504578,0.6593381762504578,gov,True,True
158950,2024-01,gov,0,0.7513722777366638,0.1051003560423851,0.14352735877037048,0.7513722777366638,gov,True,True
158951,2024-01,gov,0,0.7886934280395508,0.13375158607959747,0.07755499333143234,0.7886934280395508,gov,True,True
158952,2024-01,gov,0,0.720826268196106,0.1661536991596222,0.11302000284194946,0.720826268196106,gov,True,True
158953,2024-01,gov,0,0.8483228087425232,0.05184716731309891,0.09982994198799133,0.8483228087425232,gov,True,True
158954,2024-01,gov,0,0.720192015171051,0.1439560353755951,0.1358519196510315,0.720192015171051,gov,True,True
158955,2024-01,gov,0,0.4488917589187622,0.2681729197502136,0.28293532133102417,0.4488917589187622,opo,True,True
158956,2024-01,gov,0,0.704616129398346,0.2117767333984375,0.08360715955495834,0.704616129398346,gov,True,True
158957,2024-01,gov,0,0.8594668507575989,0.11257317662239075,0.02795993536710739,0.8594668507575989,gov,True,True
158958,2024-01,gov,0,0.9276045560836792,0.034752070903778076,0.03764345124363899,0.9276045560836792,gov,True,True
158960,2024-01,gov,0,0.6634665131568909,0.16477152705192566,0.1717619001865387,0.6634665131568909,gov,True,True
159665,2024-01,uncertain,2,0.028047002851963043,0.33950352668762207,0.6324495077133179,0.6324495077133179,uncertain,True,True
159666,2024-01,opo,1,0.0158221572637558,0.966575026512146,0.017602788284420967,0.966575026512146,opo,True,True
159667,2024-01,opo,1,0.009072809480130672,0.8741365075111389,0.11679067462682724,0.8741365075111389,opo,True,True
159670,2024-01,gov,0,0.9376024603843689,0.01029184926301241,0.05210575461387634,0.9376024603843689,gov,True,True
159671,2024-01,gov,0,0.9502063393592834,0.011079021729528904,0.03871463984251022,0.9502063393592834,gov,True,True
159672,2024-01,gov,0,0.9307675957679749,0.010087904520332813,0.059144455939531326,0.9307675957679749,gov,True,True
159673,2024-01,gov,0,0.9009851813316345,0.0031938415486365557,0.09582096338272095,0.9009851813316345,gov,True,True
159674,2024-01,gov,0,0.9428970217704773,0.009384344331920147,0.047718655318021774,0.9428970217704773,gov,True,True
159675,2024-01,uncertain,2,0.38977572321891785,0.03164966031908989,0.5785746574401855,0.5785746574401855,gov,True,True
159676,2024-01,gov,0,0.792095959186554,0.12192416936159134,0.08597993105649948,0.792095959186554,gov,True,True
159679,2024-01,gov,0,0.7428438663482666,0.10655821114778519,0.15059788525104523,0.7428438663482666,gov,True,True
159680,2024-01,gov,0,0.6124260425567627,0.11740944534540176,0.2701645493507385,0.6124260425567627,gov,True,True
160386,2024-01,opo,1,0.043794743716716766,0.9165273308753967,0.03967798873782158,0.9165273308753967,opo,True,True
160388,2024-01,uncertain,2,0.04137435182929039,0.07430671900510788,0.8843189477920532,0.8843189477920532,uncertain,True,True
160389,2024-01,uncertain,2,0.12280180305242538,0.04539132118225098,0.8318068981170654,0.8318068981170654,uncertain,True,True
160390,2024-01,uncertain,2,0.08320867270231247,0.0227801576256752,0.8940111994743347,0.8940111994743347,uncertain,True,True
160391,2024-01,uncertain,2,0.07116230577230453,0.017065659165382385,0.9117720127105713,0.9117720127105713,uncertain,True,True
160392,2024-01,gov,0,0.6440622210502625,0.010616249404847622,0.34532150626182556,0.6440622210502625,gov,True,True
160393,2024-01,gov,0,0.5299673676490784,0.012287944555282593,0.45774468779563904,0.5299673676490784,gov,True,True
160394,2024-01,gov,0,0.6795392036437988,0.14248502254486084,0.17797572910785675,0.6795392036437988,gov,True,True
160396,2024-01,gov,0,0.6018500924110413,0.2195696234703064,0.17858026921749115,0.6018500924110413,gov,True,True
160397,2024-01,gov,0,0.8839895129203796,0.08610466122627258,0.02990579791367054,0.8839895129203796,gov,True,True
160399,2024-01,gov,0,0.8658099174499512,0.10289186984300613,0.03129817917943001,0.8658099174499512,gov,True,True
160400,2024-01,gov,0,0.6884467005729675,0.1071108877658844,0.20444242656230927,0.6884467005729675,gov,True,True
161107,2024-01,uncertain,2,0.09071517735719681,0.36381885409355164,0.5454660058021545,0.5454660058021545,uncertain,True,True
161109,2024-01,uncertain,2,0.02573934569954872,0.01483552623540163,0.959425151348114,0.959425151348114,uncertain,True,True
161110,2024-01,uncertain,2,0.15298914909362793,0.04343939572572708,0.8035714030265808,0.8035714030265808,uncertain,True,True
161111,2024-01,uncertain,2,0.13976675271987915,0.02055857516825199,0.8396745920181274,0.8396745920181274,uncertain,True,True
161112,2024-01,gov,0,0.9579516053199768,0.022000718861818314,0.020047735422849655,0.9579516053199768,gov,True,True
161113,2024-01,gov,0,0.9256078600883484,0.05628863722085953,0.01810351014137268,0.9256078600883484,gov,True,True
161116,2024-01,gov,0,0.8618441224098206,0.07935113459825516,0.05880477651953697,0.8618441224098206,gov,True,True
161117,2024-01,gov,0,0.9070623517036438,0.04758860915899277,0.04534905403852463,0.9070623517036438,gov,True,True
161118,2024-01,gov,0,0.7763357162475586,0.1707708090543747,0.052893444895744324,0.7763357162475586,gov,True,True
161119,2024-01,gov,0,0.8284823298454285,0.10939734429121017,0.062120355665683746,0.8284823298454285,gov,True,True
161120,2024-01,gov,0,0.7352918386459351,0.1336670070886612,0.13104113936424255,0.7352918386459351,gov,True,True
161829,2024-01,uncertain,2,0.001692731399089098,0.0009057540446519852,0.9974014759063721,0.9974014759063721,uncertain,True,True
161830,2024-01,uncertain,2,0.0009110910468734801,0.0030511049553751945,0.9960378408432007,0.9960378408432007,uncertain,True,True
161831,2024-01,uncertain,2,0.0011927339946851134,0.0017292133998125792,0.9970780611038208,0.9970780611038208,uncertain,True,True
161832,2024-01,uncertain,2,0.03347006067633629,0.022719090804457664,0.943810760974884,0.943810760974884,uncertain,True,True
161833,2024-01,opo,1,0.05870566889643669,0.5756877064704895,0.3656066060066223,0.5756877064704895,gov,True,True
161837,2024-01,gov,0,0.7213625907897949,0.16882003843784332,0.10981733351945877,0.7213625907897949,gov,True,True
161839,2024-01,gov,0,0.5433586835861206,0.2751975357532501,0.18144381046295166,0.5433586835861206,gov,True,True
162547,2024-01,opo,1,0.06165023520588875,0.7636088132858276,0.17474088072776794,0.7636088132858276,opo,True,True
162548,2024-01,uncertain,2,0.0529242567718029,0.023578669875860214,0.9234970808029175,0.9234970808029175,uncertain,True,True
162549,2024-01,uncertain,2,0.016466522589325905,0.005844949744641781,0.9776885509490967,0.9776885509490967,uncertain,True,True
162551,2024-01,uncertain,2,0.003506433218717575,0.00707605667412281,0.9894174933433533,0.9894174933433533,uncertain,True,True
162552,2024-01,uncertain,2,0.18612828850746155,0.034620147198438644,0.7792516350746155,0.7792516350746155,gov,True,True
162554,2024-01,opo,1,0.25214511156082153,0.39784178137779236,0.3500131070613861,0.39784178137779236,gov,True,True
162555,2024-01,uncertain,2,0.13401448726654053,0.05714667588472366,0.8088387846946716,0.8088387846946716,uncertain,True,True
162558,2024-01,opo,1,0.30126678943634033,0.6317851543426514,0.0669480487704277,0.6317851543426514,gov,True,True
162559,2024-01,opo,1,0.26552560925483704,0.6168481111526489,0.11762627214193344,0.6168481111526489,gov,True,True
163268,2024-01,uncertain,2,0.09216488897800446,0.1351456642150879,0.7726894617080688,0.7726894617080688,uncertain,True,True
163269,2024-01,uncertain,2,0.009186438284814358,0.010110210627317429,0.9807033538818359,0.9807033538818359,uncertain,True,True
163271,2024-01,uncertain,2,0.037071432918310165,0.015721894800662994,0.9472066760063171,0.9472066760063171,uncertain,True,True
163272,2024-01,uncertain,2,0.04735453426837921,0.045962944626808167,0.906682550907135,0.906682550907135,uncertain,True,True
163274,2024-01,opo,1,0.031523726880550385,0.8959922194480896,0.07248405367136002,0.8959922194480896,opo,True,True
163275,2024-01,uncertain,2,0.03633645921945572,0.41071367263793945,0.552949845790863,0.552949845790863,uncertain,True,True
163276,2024-01,opo,1,0.1131734848022461,0.5289252400398254,0.35790130496025085,0.5289252400398254,opo,True,True
163278,2024-01,opo,1,0.0544859953224659,0.8374303579330444,0.10808360576629639,0.8374303579330444,gov,True,True
163988,2024-01,uncertain,2,0.31853029131889343,0.08340520411729813,0.5980645418167114,0.5980645418167114,gov,True,True
163989,2024-01,uncertain,2,0.08074168115854263,0.09342551976442337,0.8258327841758728,0.8258327841758728,gov,True,True
163992,2024-01,opo,1,0.013885748572647572,0.7338742017745972,0.25224003195762634,0.7338742017745972,opo,True,True
163993,2024-01,uncertain,2,0.015075369738042355,0.1724642664194107,0.8124603629112244,0.8124603629112244,uncertain,True,True
163996,2024-01,opo,1,0.08948720246553421,0.5576885938644409,0.3528241813182831,0.5576885938644409,opo,True,True
163998,2024-01,opo,1,0.07741100341081619,0.7770975232124329,0.14549148082733154,0.7770975232124329,opo,True,True
164709,2024-01,uncertain,2,0.25821346044540405,0.07654393464326859,0.6652426719665527,0.6652426719665527,uncertain,True,True
164710,2024-01,uncertain,2,0.2991851568222046,0.24067851901054382,0.460136353969574,0.460136353969574,gov,True,True
164711,2024-01,gov,0,0.8026667833328247,0.10351743549108505,0.09381572902202606,0.8026667833328247,gov,True,True
164712,2024-01,uncertain,2,0.30859461426734924,0.3160838484764099,0.37532153725624084,0.37532153725624084,gov,True,True
164713,2024-01,uncertain,2,0.2637161612510681,0.21143411099910736,0.5248497724533081,0.5248497724533081,gov,True,True
164714,2024-01,uncertain,2,0.09109725803136826,0.05576983466744423,0.8531328439712524,0.8531328439712524,uncertain,True,True
164715,2024-01,gov,0,0.4626131057739258,0.35268425941467285,0.18470260500907898,0.4626131057739258,gov,True,True
165430,2024-01,opo,1,0.3929618299007416,0.48352208733558655,0.12351606786251068,0.48352208733558655,gov,True,True
165433,2024-01,uncertain,2,0.07700267434120178,0.06630241125822067,0.8566948771476746,0.8566948771476746,uncertain,True,True
166150,2024-01,gov,0,0.6058328747749329,0.10018140822649002,0.2939857244491577,0.6058328747749329,gov,True,True
166154,2024-01,uncertain,2,0.06532366573810577,0.04356531426310539,0.8911110162734985,0.8911110162734985,gov,True,True
166155,2024-01,uncertain,2,0.15171486139297485,0.2898029088973999,0.5584822297096252,0.5584822297096252,uncertain,True,True
166873,2024-01,uncertain,2,0.09937165677547455,0.006238661706447601,0.8943896889686584,0.8943896889686584,uncertain,True,True
166876,2024-01,gov,0,0.5629131197929382,0.24616503715515137,0.1909218579530716,0.5629131197929382,gov,True,True
166877,2024-01,gov,0,0.6166368722915649,0.23014266788959503,0.15322041511535645,0.6166368722915649,gov,True,True
167591,2024-01,gov,0,0.5935341715812683,0.1287229210138321,0.2777429223060608,0.5935341715812683,gov,True,True
167592,2024-01,gov,0,0.5730552077293396,0.0667124092578888,0.3602323830127716,0.5730552077293396,gov,True,True
167594,2024-01,uncertain,2,0.3785060942173004,0.038000769913196564,0.5834931135177612,0.5834931135177612,uncertain,True,True
167597,2024-01,gov,0,0.6315818428993225,0.21930037438869476,0.14911781251430511,0.6315818428993225,gov,True,True
168313,2024-01,gov,0,0.4943554103374481,0.0982765257358551,0.40736815333366394,0.4943554103374481,gov,True,True
168316,2024-01,uncertain,2,0.21570514142513275,0.20517365634441376,0.5791212320327759,0.5791212320327759,uncertain,True,True
169035,2024-01,uncertain,2,0.3371690511703491,0.09122960269451141,0.571601390838623,0.571601390838623,uncertain,True,True
169036,2024-01,gov,0,0.4750865399837494,0.14977288246154785,0.37514057755470276,0.4750865399837494,gov,True,True
169037,2024-01,gov,0,0.4561971127986908,0.24862226843833923,0.29518067836761475,0.4561971127986908,gov,True,True
169756,2024-01,gov,0,0.6524001359939575,0.1260288655757904,0.2215709686279297,0.6524001359939575,gov,True,True
143838,2024-02,gov,0,0.44909894466400146,0.34678393602371216,0.2041170746088028,0.44909894466400146,gov,True,True
145998,2024-02,gov,0,0.5387227535247803,0.09526904672384262,0.3660081923007965,0.5387227535247803,gov,True,True
147437,2024-02,gov,0,0.5026196241378784,0.2092447131872177,0.28813573718070984,0.5026196241378784,gov,True,True
147438,2024-02,uncertain,2,0.29140353202819824,0.0749603658914566,0.6336360573768616,0.6336360573768616,gov,True,True
147439,2024-02,uncertain,2,0.17588993906974792,0.060911811888217926,0.7631982564926147,0.7631982564926147,uncertain,True,True
148158,2024-02,uncertain,2,0.20971043407917023,0.0638791099190712,0.726410448551178,0.726410448551178,uncertain,True,True
149597,2024-02,uncertain,2,0.1310473531484604,0.0705147460103035,0.7984378933906555,0.7984378933906555,uncertain,True,True
150307,2024-02,opo,1,0.09210234135389328,0.47552913427352905,0.4323684871196747,0.47552913427352905,gov,True,True
150317,2024-02,uncertain,2,0.05521425977349281,0.031386714428663254,0.9133989810943604,0.9133989810943604,uncertain,True,True
151756,2024-02,uncertain,2,0.08433113247156143,0.006773693021386862,0.9088950753211975,0.9088950753211975,uncertain,True,True
152476,2024-02,uncertain,2,0.3223227262496948,0.009176068939268589,0.6685011386871338,0.6685011386871338,gov,True,True
153190,2024-02,gov,0,0.6735876202583313,0.12583935260772705,0.20057308673858643,0.6735876202583313,gov,True,True
153191,2024-02,gov,0,0.7530008554458618,0.09522265940904617,0.15177646279335022,0.7530008554458618,gov,True,True
153192,2024-02,gov,0,0.7474996447563171,0.08343364298343658,0.1690666377544403,0.7474996447563171,gov,True,True
153193,2024-02,gov,0,0.8587518930435181,0.07141783088445663,0.06983023136854172,0.8587518930435181,gov,True,True
153196,2024-02,uncertain,2,0.4003887474536896,0.05685891956090927,0.5427523851394653,0.5427523851394653,gov,True,True
153197,2024-02,uncertain,2,0.05085442215204239,0.02396368235349655,0.9251819252967834,0.9251819252967834,uncertain,True,True
153910,2024-02,gov,0,0.46369171142578125,0.15928363800048828,0.3770245909690857,0.46369171142578125,gov,True,True
153911,2024-02,gov,0,0.5254591107368469,0.19737514853477478,0.2771657705307007,0.5254591107368469,gov,True,True
153912,2024-02,uncertain,2,0.3015827238559723,0.15120910108089447,0.5472081303596497,0.5472081303596497,gov,True,True
153913,2024-02,gov,0,0.5254073739051819,0.2863973379135132,0.18819531798362732,0.5254073739051819,gov,True,True
153914,2024-02,gov,0,0.4236404597759247,0.15620316565036774,0.42015641927719116,0.4236404597759247,gov,True,True
153915,2024-02,uncertain,2,0.11597152054309845,0.050108715891838074,0.8339198231697083,0.8339198231697083,uncertain,True,True
153916,2024-02,uncertain,2,0.3159627318382263,0.06601925194263458,0.6180179715156555,0.6180179715156555,gov,True,True
153917,2024-02,uncertain,2,0.11916552484035492,0.030498111620545387,0.8503363728523254,0.8503363728523254,uncertain,True,True
153918,2024-02,uncertain,2,0.1261502206325531,0.06684114784002304,0.8070086240768433,0.8070086240768433,uncertain,True,True
154630,2024-02,gov,0,0.8769277930259705,0.025787493214011192,0.09728468209505081,0.8769277930259705,gov,True,True
154631,2024-02,gov,0,0.9112303256988525,0.011623432859778404,0.07714620977640152,0.9112303256988525,gov,True,True
154632,2024-02,gov,0,0.788607120513916,0.04162634536623955,0.16976650059223175,0.788607120513916,gov,True,True
154633,2024-02,gov,0,0.7099637389183044,0.1201719120144844,0.1698642522096634,0.7099637389183044,gov,True,True
154634,2024-02,uncertain,2,0.44836387038230896,0.0873568132519722,0.46427932381629944,0.46427932381629944,gov,True,True
154635,2024-02,uncertain,2,0.07415119558572769,0.033705007284879684,0.8921438455581665,0.8921438455581665,uncertain,True,True
154636,2024-02,uncertain,2,0.08024019002914429,0.04334937781095505,0.8764104247093201,0.8764104247093201,uncertain,True,True
155351,2024-02,gov,0,0.8662824630737305,0.04764227569103241,0.0860752984881401,0.8662824630737305,gov,True,True
155352,2024-02,gov,0,0.764479398727417,0.14117826521396637,0.09434228390455246,0.764479398727417,gov,True,True
155354,2024-02,uncertain,2,0.16626864671707153,0.054570168256759644,0.7791611552238464,0.7791611552238464,uncertain,True,True
156069,2024-02,gov,0,0.711793065071106,0.1338445246219635,0.15436246991157532,0.711793065071106,gov,True,True
156071,2024-02,gov,0,0.8944802284240723,0.055314887315034866,0.05020489543676376,0.8944802284240723,gov,True,True
156072,2024-02,gov,0,0.602796196937561,0.09294288605451584,0.30426090955734253,0.602796196937561,gov,True,True
156073,2024-02,gov,0,0.5991254448890686,0.06305620074272156,0.33781835436820984,0.5991254448890686,gov,True,True
156074,2024-02,uncertain,2,0.10375611484050751,0.05001299828290939,0.8462308645248413,0.8462308645248413,uncertain,True,True
156075,2024-02,uncertain,2,0.07899189740419388,0.40083277225494385,0.5201753377914429,0.5201753377914429,opo,True,True
156788,2024-02,gov,0,0.5995239615440369,0.05375518649816513,0.3467208743095398,0.5995239615440369,gov,True,True
156789,2024-02,gov,0,0.923824667930603,0.022964289411902428,0.053211044520139694,0.923824667930603,gov,True,True
156791,2024-02,gov,0,0.8613862991333008,0.084680937230587,0.0539327971637249,0.8613862991333008,gov,True,True
156792,2024-02,gov,0,0.783547580242157,0.03070210851728916,0.1857503056526184,0.783547580242157,gov,True,True
156793,2024-02,uncertain,2,0.21789775788784027,0.008553080260753632,0.7735491991043091,0.7735491991043091,uncertain,True,True
156795,2024-02,uncertain,2,0.05017119646072388,0.346893846988678,0.6029348969459534,0.6029348969459534,uncertain,True,True
156796,2024-02,opo,1,0.019114499911665916,0.9272361397743225,0.053649406880140305,0.9272361397743225,opo,True,True
157508,2024-02,uncertain,2,0.11912434548139572,0.013363204896450043,0.8675124049186707,0.8675124049186707,uncertain,True,True
157510,2024-02,gov,0,0.643261730670929,0.2636924088001251,0.09304589778184891,0.643261730670929,gov,True,True
157511,2024-02,opo,1,0.26215678453445435,0.6054649353027344,0.13237826526165009,0.6054649353027344,gov,True,True
157513,2024-02,uncertain,2,0.06085200235247612,0.004479318857192993,0.9346686601638794,0.9346686601638794,uncertain,True,True
157514,2024-02,uncertain,2,0.025403577834367752,0.010816299356520176,0.9637801051139832,0.9637801051139832,uncertain,True,True
157515,2024-02,uncertain,2,0.025064732879400253,0.15727967023849487,0.8176555633544922,0.8176555633544922,opo,True,True
158229,2024-02,gov,0,0.5454208850860596,0.1071612611413002,0.3474178612232208,0.5454208850860596,uncertain,True,True
158231,2024-02,opo,1,0.2272646427154541,0.43125006556510925,0.34148529171943665,0.43125006556510925,gov,True,True
158233,2024-02,uncertain,2,0.3896036446094513,0.025183644145727158,0.5852126479148865,0.5852126479148865,gov,True,True
158235,2024-02,opo,1,0.1193506047129631,0.50253826379776,0.3781111538410187,0.50253826379776,uncertain,True,True
158236,2024-02,opo,1,0.21579895913600922,0.6241738796234131,0.1600271612405777,0.6241738796234131,opo,True,True
158946,2024-02,opo,1,0.007746977265924215,0.9580925703048706,0.03416043147444725,0.9580925703048706,gov,True,True
158947,2024-02,opo,1,0.014626193791627884,0.8976186513900757,0.08775520324707031,0.8976186513900757,opo,True,True
158949,2024-02,uncertain,2,0.21028800308704376,0.3218742907047272,0.4678376615047455,0.4678376615047455,gov,True,True
158950,2024-02,gov,0,0.6575987339019775,0.2073356658220291,0.13506563007831573,0.6575987339019775,gov,True,True
158951,2024-02,gov,0,0.7806088328361511,0.07849834859371185,0.14089280366897583,0.7806088328361511,gov,True,True
158952,2024-02,uncertain,2,0.4483923017978668,0.06312432885169983,0.4884834587574005,0.4884834587574005,gov,True,True
158953,2024-02,gov,0,0.6229389309883118,0.0839998796582222,0.29306119680404663,0.6229389309883118,gov,True,True
158954,2024-02,gov,0,0.5377659201622009,0.26546257734298706,0.1967715173959732,0.5377659201622009,gov,True,True
158955,2024-02,gov,0,0.5457205176353455,0.3453868329524994,0.10889264196157455,0.5457205176353455,opo,True,True
158956,2024-02,gov,0,0.6459370851516724,0.2494800090789795,0.10458287596702576,0.6459370851516724,gov,True,True
158957,2024-02,gov,0,0.5901988744735718,0.3254452049732208,0.08435595780611038,0.5901988744735718,gov,True,True
158958,2024-02,gov,0,0.6993893980979919,0.18970687687397003,0.11090367287397385,0.6993893980979919,gov,True,True
158960,2024-02,gov,0,0.4920917749404907,0.2150772511959076,0.29283103346824646,0.4920917749404907,gov,True,True
159665,2024-02,opo,1,0.03262116760015488,0.5399248003959656,0.42745402455329895,0.5399248003959656,opo,True,True
159666,2024-02,opo,1,0.008104300126433372,0.9739921689033508,0.017903467640280724,0.9739921689033508,opo,True,True
159667,2024-02,opo,1,0.008465718477964401,0.9171984195709229,0.07433582842350006,0.9171984195709229,opo,True,True
159670,2024-02,gov,0,0.9501356482505798,0.016156518831849098,0.03370773792266846,0.9501356482505798,gov,True,True
159671,2024-02,gov,0,0.9772696495056152,0.007070822641253471,0.015659473836421967,0.9772696495056152,gov,True,True
159672,2024-02,gov,0,0.9789116382598877,0.0029123027343302965,0.018176114186644554,0.9789116382598877,gov,True,True
159673,2024-02,gov,0,0.6677306294441223,0.027489058673381805,0.3047803044319153,0.6677306294441223,gov,True,True
159674,2024-02,gov,0,0.82591712474823,0.07633034139871597,0.09775254875421524,0.82591712474823,gov,True,True
159675,2024-02,uncertain,2,0.4290875196456909,0.09137707203626633,0.47953543066978455,0.47953543066978455,gov,True,True
159676,2024-02,gov,0,0.692179262638092,0.17087700963020325,0.13694369792938232,0.692179262638092,gov,True,True
159679,2024-02,gov,0,0.43333131074905396,0.27706006169319153,0.28960859775543213,0.43333131074905396,gov,True,True
159680,2024-02,uncertain,2,0.3365963399410248,0.19609998166561127,0.4673037528991699,0.4673037528991699,gov,True,True
160386,2024-02,opo,1,0.04092513397336006,0.8518217206001282,0.10725316405296326,0.8518217206001282,opo,True,True
160388,2024-02,uncertain,2,0.03578377142548561,0.02305031567811966,0.9411659240722656,0.9411659240722656,uncertain,True,True
160389,2024-02,uncertain,2,0.12096421420574188,0.013653804548084736,0.8653818964958191,0.8653818964958191,uncertain,True,True
160390,2024-02,uncertain,2,0.11405244469642639,0.022310592234134674,0.8636369705200195,0.8636369705200195,uncertain,True,True
160391,2024-02,uncertain,2,0.2576221823692322,0.05673220753669739,0.685645580291748,0.685645580291748,gov,True,True
160392,2024-02,gov,0,0.9138159155845642,0.006668992806226015,0.07951510697603226,0.9138159155845642,gov,True,True
160393,2024-02,gov,0,0.6012855172157288,0.012299631722271442,0.38641485571861267,0.6012855172157288,gov,True,True
160394,2024-02,gov,0,0.519576370716095,0.15773966908454895,0.32268401980400085,0.519576370716095,gov,True,True
160396,2024-02,gov,0,0.6506416201591492,0.13368076086044312,0.21567757427692413,0.6506416201591492,gov,True,True
160397,2024-02,gov,0,0.882639467716217,0.07553983479738235,0.04182065278291702,0.882639467716217,gov,True,True
160399,2024-02,gov,0,0.780272901058197,0.1153281033039093,0.10439898073673248,0.780272901058197,gov,True,True
160400,2024-02,gov,0,0.6128546595573425,0.06734564155340195,0.3197997212409973,0.6128546595573425,gov,True,True
161107,2024-02,uncertain,2,0.025602426379919052,0.11640529334545135,0.8579922914505005,0.8579922914505005,uncertain,True,True
161109,2024-02,uncertain,2,0.047523465007543564,0.008404724299907684,0.9440717697143555,0.9440717697143555,uncertain,True,True
161110,2024-02,uncertain,2,0.3627466857433319,0.02259397879242897,0.614659309387207,0.614659309387207,gov,True,True
161111,2024-02,uncertain,2,0.44088849425315857,0.02513815276324749,0.5339733362197876,0.5339733362197876,gov,True,True
161112,2024-02,gov,0,0.9295128583908081,0.017399577423930168,0.053087566047906876,0.9295128583908081,gov,True,True
161113,2024-02,gov,0,0.9598204493522644,0.024639926850795746,0.015539610758423805,0.9598204493522644,gov,True,True
161116,2024-02,gov,0,0.897487461566925,0.013379469513893127,0.08913302421569824,0.897487461566925,gov,True,True
161117,2024-02,gov,0,0.6628587245941162,0.08275073766708374,0.2543904781341553,0.6628587245941162,gov,True,True
161118,2024-02,opo,1,0.40484753251075745,0.5219652652740479,0.07318723946809769,0.5219652652740479,opo,True,True
161119,2024-02,gov,0,0.6274226307868958,0.1711329221725464,0.20144446194171906,0.6274226307868958,gov,True,True
161120,2024-02,gov,0,0.5796347260475159,0.11883033066987991,0.3015350103378296,0.5796347260475159,gov,True,True
161829,2024-02,uncertain,2,0.0028834170661866665,0.0017033120384439826,0.9954133629798889,0.9954133629798889,uncertain,True,True
161830,2024-02,uncertain,2,0.0050952197052538395,0.01985595002770424,0.9750487804412842,0.9750487804412842,uncertain,True,True
161831,2024-02,uncertain,2,0.014327097684144974,0.020809734240174294,0.964863121509552,0.964863121509552,uncertain,True,True
161832,2024-02,uncertain,2,0.014983352273702621,0.007389383856207132,0.9776272773742676,0.9776272773742676,uncertain,True,True
161833,2024-02,uncertain,2,0.277527391910553,0.27503976225852966,0.44743281602859497,0.44743281602859497,gov,True,True
161837,2024-02,gov,0,0.7590937614440918,0.12691666185855865,0.11398956179618835,0.7590937614440918,gov,True,True
161839,2024-02,opo,1,0.328614205121994,0.5525457859039307,0.11883997917175293,0.5525457859039307,opo,True,True
162547,2024-02,opo,1,0.06900208443403244,0.7635558843612671,0.16744199395179749,0.7635558843612671,opo,True,True
162548,2024-02,uncertain,2,0.0906059592962265,0.07628253847360611,0.8331115245819092,0.8331115245819092,uncertain,True,True
162549,2024-02,uncertain,2,0.00567582855001092,0.004957461729645729,0.9893667101860046,0.9893667101860046,uncertain,True,True
162551,2024-02,uncertain,2,0.11476996541023254,0.0694122463464737,0.8158177733421326,0.8158177733421326,uncertain,True,True
162552,2024-02,uncertain,2,0.1654648333787918,0.022424420341849327,0.8121106624603271,0.8121106624603271,gov,True,True
162554,2024-02,uncertain,2,0.3535007834434509,0.14293904602527618,0.5035601258277893,0.5035601258277893,gov,True,True
162555,2024-02,uncertain,2,0.4104864001274109,0.0194923784583807,0.5700212121009827,0.5700212121009827,uncertain,True,True
162558,2024-02,opo,1,0.06777138262987137,0.906588613986969,0.025639990344643593,0.906588613986969,opo,True,True
162559,2024-02,opo,1,0.06984729319810867,0.8630281090736389,0.0671246200799942,0.8630281090736389,opo,True,True
163268,2024-02,opo,1,0.0968589186668396,0.5281780362129211,0.37496307492256165,0.5281780362129211,uncertain,True,True
163269,2024-02,uncertain,2,0.008565562777221203,0.04172941669821739,0.9497050642967224,0.9497050642967224,uncertain,True,True
163271,2024-02,uncertain,2,0.4229513704776764,0.11570092290639877,0.4613477289676666,0.4613477289676666,gov,True,True
163272,2024-02,uncertain,2,0.009510872885584831,0.004542470909655094,0.9859467148780823,0.9859467148780823,uncertain,True,True
163274,2024-02,opo,1,0.14173577725887299,0.5528277158737183,0.30543655157089233,0.5528277158737183,opo,True,True
163275,2024-02,uncertain,2,0.02854122407734394,0.015441030263900757,0.9560177326202393,0.9560177326202393,uncertain,True,True
163276,2024-02,uncertain,2,0.3818347752094269,0.07500076293945312,0.5431644916534424,0.5431644916534424,uncertain,True,True
163278,2024-02,opo,1,0.06460388004779816,0.8603336215019226,0.07506252825260162,0.8603336215019226,opo,True,True
163988,2024-02,opo,1,0.13474829494953156,0.6368313431739807,0.22842037677764893,0.6368313431739807,gov,True,True
163989,2024-02,uncertain,2,0.1495000720024109,0.3483509421348572,0.5021489858627319,0.5021489858627319,gov,True,True
163992,2024-02,uncertain,2,0.021442312747240067,0.24189046025276184,0.7366672158241272,0.7366672158241272,uncertain,True,True
163993,2024-02,opo,1,0.036905013024806976,0.5900810956954956,0.3730139434337616,0.5900810956954956,uncertain,True,True
163996,2024-02,gov,0,0.43808501958847046,0.2626490890979767,0.29926586151123047,0.43808501958847046,gov,True,True
163998,2024-02,opo,1,0.23198844492435455,0.6432780623435974,0.12473347038030624,0.6432780623435974,gov,True,True
164709,2024-02,uncertain,2,0.10020515322685242,0.19975529611110687,0.7000395655632019,0.7000395655632019,uncertain,True,True
164710,2024-02,gov,0,0.5548359751701355,0.1910705417394638,0.2540934979915619,0.5548359751701355,gov,True,True
164711,2024-02,gov,0,0.7579330801963806,0.03499848023056984,0.20706847310066223,0.7579330801963806,gov,True,True
164712,2024-02,gov,0,0.7521374225616455,0.1488093137741089,0.09905334562063217,0.7521374225616455,gov,True,True
164713,2024-02,opo,1,0.3243364691734314,0.41234108805656433,0.26332247257232666,0.41234108805656433,gov,True,True
164714,2024-02,opo,1,0.10266607254743576,0.4925067722797394,0.4048271179199219,0.4925067722797394,opo,True,True
164715,2024-02,opo,1,0.3418777585029602,0.480425626039505,0.1776965856552124,0.480425626039505,gov,True,True
165430,2024-02,opo,1,0.36948302388191223,0.5061951875686646,0.12432175874710083,0.5061951875686646,opo,True,True
165433,2024-02,uncertain,2,0.257151335477829,0.1624000072479248,0.5804486274719238,0.5804486274719238,uncertain,True,True
166150,2024-02,gov,0,0.5348197221755981,0.15854394435882568,0.30663636326789856,0.5348197221755981,gov,True,True
166154,2024-02,uncertain,2,0.1776866763830185,0.07472173869609833,0.7475916147232056,0.7475916147232056,gov,True,True
166155,2024-02,uncertain,2,0.3462235629558563,0.2767986059188843,0.376977801322937,0.376977801322937,uncertain,True,True
166873,2024-02,uncertain,2,0.25667619705200195,0.03405844047665596,0.709265410900116,0.709265410900116,uncertain,True,True
166876,2024-02,gov,0,0.4043274223804474,0.33759835362434387,0.25807419419288635,0.4043274223804474,gov,True,True
166877,2024-02,gov,0,0.42122769355773926,0.33763387799263,0.24113844335079193,0.42122769355773926,gov,True,True
167591,2024-02,gov,0,0.48433005809783936,0.15384958684444427,0.36182036995887756,0.48433005809783936,gov,True,True
167592,2024-02,uncertain,2,0.4521695077419281,0.059565234929323196,0.4882652461528778,0.4882652461528778,gov,True,True
167594,2024-02,uncertain,2,0.33450013399124146,0.06243026629090309,0.6030696034431458,0.6030696034431458,uncertain,True,True
167597,2024-02,gov,0,0.5160326361656189,0.18031224608421326,0.30365514755249023,0.5160326361656189,gov,True,True
168313,2024-02,uncertain,2,0.40110668540000916,0.08965811133384705,0.5092352032661438,0.5092352032661438,gov,True,True
168316,2024-02,uncertain,2,0.12176982313394547,0.050709232687950134,0.8275209665298462,0.8275209665298462,uncertain,True,True
169035,2024-02,uncertain,2,0.30656203627586365,0.02783011831343174,0.6656078696250916,0.6656078696250916,uncertain,True,True
169036,2024-02,uncertain,2,0.4718848466873169,0.03350021317601204,0.49461492896080017,0.49461492896080017,gov,True,True
169037,2024-02,gov,0,0.5394825339317322,0.07047546654939651,0.3900420069694519,0.5394825339317322,gov,True,True
169756,2024-02,gov,0,0.7249581813812256,0.061980701982975006,0.21306107938289642,0.7249581813812256,gov,True,True
143838,2024-03,gov,0,0.5762086510658264,0.19787846505641937,0.22591286897659302,0.5762086510658264,gov,True,True
145998,2024-03,gov,0,0.5163958668708801,0.13006965816020966,0.3535345494747162,0.5163958668708801,gov,True,True
147437,2024-03,gov,0,0.4519936442375183,0.15701870620250702,0.39098769426345825,0.4519936442375183,gov,True,True
147438,2024-03,uncertain,2,0.31935030221939087,0.0831885114312172,0.5974611639976501,0.5974611639976501,gov,True,True
147439,2024-03,uncertain,2,0.14957664906978607,0.15823683142662048,0.6921864748001099,0.6921864748001099,uncertain,True,True
148158,2024-03,uncertain,2,0.09198963642120361,0.08000249415636063,0.8280078768730164,0.8280078768730164,uncertain,True,True
149597,2024-03,uncertain,2,0.07744690775871277,0.0401279591023922,0.8824251890182495,0.8824251890182495,uncertain,True,True
150307,2024-03,uncertain,2,0.11167830228805542,0.3875415027141571,0.5007801651954651,0.5007801651954651,gov,True,True
150317,2024-03,uncertain,2,0.06981199234724045,0.06760311126708984,0.8625848889350891,0.8625848889350891,uncertain,True,True
151756,2024-03,uncertain,2,0.3228464126586914,0.23314806818962097,0.4440055191516876,0.4440055191516876,uncertain,True,True
151757,2024-03,uncertain,2,0.1040433943271637,0.06458740681409836,0.831369161605835,0.831369161605835,uncertain,True,True
152476,2024-03,opo,1,0.33835890889167786,0.458939790725708,0.20270124077796936,0.458939790725708,gov,True,True
153190,2024-03,uncertain,2,0.2980347275733948,0.17993025481700897,0.5220350027084351,0.5220350027084351,gov,True,True
153191,2024-03,opo,1,0.2227732241153717,0.6068143248558044,0.17041242122650146,0.6068143248558044,gov,True,True
153192,2024-03,uncertain,2,0.1938048154115677,0.3164072334766388,0.4897879362106323,0.4897879362106323,gov,True,True
153193,2024-03,gov,0,0.6653116345405579,0.05401116982102394,0.2806771397590637,0.6653116345405579,gov,True,True
153196,2024-03,uncertain,2,0.214612677693367,0.3700302541255951,0.4153571128845215,0.4153571128845215,gov,True,True
153197,2024-03,uncertain,2,0.16930712759494781,0.2540249228477478,0.5766679644584656,0.5766679644584656,opo,True,True
153910,2024-03,uncertain,2,0.2847997546195984,0.2652687132358551,0.4499315321445465,0.4499315321445465,gov,True,True
153911,2024-03,opo,1,0.17196393013000488,0.678615927696228,0.1494200974702835,0.678615927696228,gov,True,True
153912,2024-03,uncertain,2,0.2845925986766815,0.2275395691394806,0.4878677427768707,0.4878677427768707,gov,True,True
153913,2024-03,gov,0,0.6154212355613708,0.08372027426958084,0.3008585274219513,0.6154212355613708,gov,True,True
153914,2024-03,uncertain,2,0.4089827537536621,0.05082935094833374,0.5401878952980042,0.5401878952980042,gov,True,True
153915,2024-03,uncertain,2,0.07289832830429077,0.03473147004842758,0.8923701643943787,0.8923701643943787,uncertain,True,True
153916,2024-03,uncertain,2,0.20317041873931885,0.28968575596809387,0.5071437954902649,0.5071437954902649,gov,True,True
153917,2024-03,opo,1,0.24523289501667023,0.38640788197517395,0.36835920810699463,0.38640788197517395,opo,True,True
153918,2024-03,uncertain,2,0.27501580119132996,0.28955820202827454,0.4354260265827179,0.4354260265827179,opo,True,True
154630,2024-03,gov,0,0.8758746385574341,0.09124989062547684,0.032875511795282364,0.8758746385574341,gov,True,True
154631,2024-03,gov,0,0.9359629154205322,0.030054088681936264,0.0339830182492733,0.9359629154205322,gov,True,True
154632,2024-03,gov,0,0.531394362449646,0.034854594618082047,0.43375101685523987,0.531394362449646,gov,True,True
154633,2024-03,gov,0,0.6117352843284607,0.049466539174318314,0.3387982249259949,0.6117352843284607,gov,True,True
154634,2024-03,uncertain,2,0.2532322108745575,0.020376263186335564,0.7263914942741394,0.7263914942741394,gov,True,True
154635,2024-03,uncertain,2,0.010992852970957756,0.021131815388798714,0.9678754210472107,0.9678754210472107,uncertain,True,True
154636,2024-03,uncertain,2,0.02830147184431553,0.36086705327033997,0.6108314394950867,0.6108314394950867,uncertain,True,True
155351,2024-03,gov,0,0.8994795083999634,0.03941498324275017,0.06110544130206108,0.8994795083999634,gov,True,True
155352,2024-03,gov,0,0.657172441482544,0.09567225724458694,0.24715526401996613,0.657172441482544,gov,True,True
155354,2024-03,uncertain,2,0.11796791851520538,0.032397639006376266,0.8496345281600952,0.8496345281600952,uncertain,True,True
156069,2024-03,gov,0,0.6596964597702026,0.19387885928153992,0.14642471075057983,0.6596964597702026,gov,True,True
156071,2024-03,gov,0,0.8711876273155212,0.0669538751244545,0.06185857206583023,0.8711876273155212,gov,True,True
156072,2024-03,gov,0,0.5667608380317688,0.2003667801618576,0.2328723520040512,0.5667608380317688,gov,True,True
156073,2024-03,uncertain,2,0.26891452074050903,0.09563997387886047,0.6354454755783081,0.6354454755783081,gov,True,True
156074,2024-03,uncertain,2,0.040961120277643204,0.010328417643904686,0.9487104415893555,0.9487104415893555,uncertain,True,True
156075,2024-03,uncertain,2,0.04080402851104736,0.34295234084129333,0.6162436604499817,0.6162436604499817,opo,True,True
156788,2024-03,gov,0,0.7145871520042419,0.14779546856880188,0.1376173496246338,0.7145871520042419,gov,True,True
156789,2024-03,gov,0,0.6680735945701599,0.21635237336158752,0.11557403206825256,0.6680735945701599,gov,True,True
156791,2024-03,gov,0,0.6477078199386597,0.21713225543498993,0.13515989482402802,0.6477078199386597,gov,True,True
156792,2024-03,gov,0,0.5704901814460754,0.043868329375982285,0.3856414556503296,0.5704901814460754,gov,True,True
156793,2024-03,uncertain,2,0.18667659163475037,0.017297085374593735,0.7960264086723328,0.7960264086723328,uncertain,True,True
156794,2024-03,uncertain,2,0.06196129322052002,0.010663281194865704,0.9273754358291626,0.9273754358291626,gov,True,True
156795,2024-03,opo,1,0.04464804753661156,0.8225545883178711,0.13279734551906586,0.8225545883178711,opo,True,True
156796,2024-03,opo,1,0.005396430846303701,0.9725208282470703,0.0220827367156744,0.9725208282470703,opo,True,True
157508,2024-03,uncertain,2,0.26497599482536316,0.2460796982049942,0.48894429206848145,0.48894429206848145,opo,True,True
157510,2024-03,gov,0,0.46568647027015686,0.3192479610443115,0.21506547927856445,0.46568647027015686,gov,True,True
157511,2024-03,opo,1,0.38588595390319824,0.4584900736808777,0.15562401711940765,0.4584900736808777,gov,True,True
157513,2024-03,uncertain,2,0.1709248125553131,0.010428672656416893,0.8186464309692383,0.8186464309692383,uncertain,True,True
157514,2024-03,uncertain,2,0.029702069237828255,0.01108559500426054,0.9592123031616211,0.9592123031616211,uncertain,True,True
157515,2024-03,uncertain,2,0.02468016929924488,0.4211162030696869,0.5542036294937134,0.5542036294937134,uncertain,True,True
158229,2024-03,uncertain,2,0.35489317774772644,0.13006052374839783,0.5150462985038757,0.5150462985038757,uncertain,True,True
158231,2024-03,uncertain,2,0.37053561210632324,0.22644439339637756,0.40302005410194397,0.40302005410194397,gov,True,True
158233,2024-03,gov,0,0.5101577043533325,0.029480615630745888,0.46036168932914734,0.5101577043533325,gov,True,True
158235,2024-03,opo,1,0.1477365791797638,0.6928755044937134,0.15938791632652283,0.6928755044937134,opo,True,True
158236,2024-03,opo,1,0.06195760890841484,0.9090045094490051,0.0290378388017416,0.9090045094490051,opo,True,True
158237,2024-03,opo,1,0.10704319924116135,0.8290390372276306,0.06391777098178864,0.8290390372276306,opo,True,True
158238,2024-03,opo,1,0.13969022035598755,0.6186774373054504,0.241632342338562,0.6186774373054504,opo,True,True
158946,2024-03,opo,1,0.03872431069612503,0.9304596185684204,0.03081607259809971,0.9304596185684204,opo,True,True
158947,2024-03,opo,1,0.022717386484146118,0.9482989311218262,0.028983663767576218,0.9482989311218262,opo,True,True
158949,2024-03,uncertain,2,0.14291557669639587,0.10178761929273605,0.7552968263626099,0.7552968263626099,gov,True,True
158950,2024-03,gov,0,0.7328433990478516,0.037134554237127304,0.23002198338508606,0.7328433990478516,gov,True,True
158951,2024-03,gov,0,0.7939306497573853,0.04266699030995369,0.16340230405330658,0.7939306497573853,gov,True,True
158952,2024-03,gov,0,0.7033074498176575,0.05976291745901108,0.23692966997623444,0.7033074498176575,gov,True,True
158953,2024-03,uncertain,2,0.40395087003707886,0.03503330424427986,0.561015784740448,0.561015784740448,gov,True,True
158954,2024-03,gov,0,0.578335165977478,0.24851800501346588,0.17314685881137848,0.578335165977478,gov,True,True
158955,2024-03,opo,1,0.4024098217487335,0.4832032322883606,0.11438698321580887,0.4832032322883606,gov,True,True
158956,2024-03,gov,0,0.6829776763916016,0.25815871357917786,0.05886365473270416,0.6829776763916016,gov,True,True
158957,2024-03,gov,0,0.7111983895301819,0.25073984265327454,0.03806174546480179,0.7111983895301819,gov,True,True
158958,2024-03,gov,0,0.6868168115615845,0.2552018165588379,0.05798142030835152,0.6868168115615845,gov,True,True
158960,2024-03,gov,0,0.5373935103416443,0.17401431500911713,0.2885921895503998,0.5373935103416443,gov,True,True
159665,2024-03,opo,1,0.02774955704808235,0.5339354276657104,0.4383150041103363,0.5339354276657104,uncertain,True,True
159666,2024-03,opo,1,0.012945993803441525,0.9660534262657166,0.021000631153583527,0.9660534262657166,opo,True,True
159667,2024-03,opo,1,0.012848406098783016,0.9094746112823486,0.07767696678638458,0.9094746112823486,opo,True,True
159670,2024-03,gov,0,0.5933127403259277,0.03503474220633507,0.3716525137424469,0.5933127403259277,gov,True,True
159671,2024-03,gov,0,0.9786636829376221,0.01332438550889492,0.008011940866708755,0.9786636829376221,gov,True,True
159672,2024-03,gov,0,0.9599015116691589,0.0017622578889131546,0.03833625093102455,0.9599015116691589,gov,True,True
159673,2024-03,uncertain,2,0.3831052780151367,0.010582689195871353,0.606312096118927,0.606312096118927,gov,True,True
159674,2024-03,gov,0,0.6923911571502686,0.056865233927965164,0.25074368715286255,0.6923911571502686,gov,True,True
159675,2024-03,gov,0,0.6050020456314087,0.0796017199754715,0.3153963088989258,0.6050020456314087,gov,True,True
159676,2024-03,gov,0,0.8817530870437622,0.05683383718132973,0.06141304969787598,0.8817530870437622,gov,True,True
159679,2024-03,opo,1,0.2592688202857971,0.5238171815872192,0.21691405773162842,0.5238171815872192,gov,True,True
159680,2024-03,gov,0,0.3942698836326599,0.2525978982448578,0.3531322479248047,0.3942698836326599,gov,True,True
160386,2024-03,opo,1,0.020138217136263847,0.822672963142395,0.15718883275985718,0.822672963142395,opo,True,True
160388,2024-03,uncertain,2,0.019748399034142494,0.09084614366292953,0.8894054293632507,0.8894054293632507,uncertain,True,True
160389,2024-03,uncertain,2,0.05009632930159569,0.01721893809735775,0.9326846599578857,0.9326846599578857,uncertain,True,True
160390,2024-03,uncertain,2,0.0428638756275177,0.029799113050103188,0.9273369908332825,0.9273369908332825,uncertain,True,True
160391,2024-03,gov,0,0.610934317111969,0.2152349352836609,0.1738307774066925,0.610934317111969,gov,True,True
160392,2024-03,gov,0,0.9489331841468811,0.0026316025760024786,0.0484352633357048,0.9489331841468811,gov,True,True
160393,2024-03,uncertain,2,0.3810984790325165,0.009780116379261017,0.6091213822364807,0.6091213822364807,gov,True,True
160394,2024-03,uncertain,2,0.4375342130661011,0.08628247678279877,0.47618329524993896,0.47618329524993896,gov,True,True
160396,2024-03,gov,0,0.7201313376426697,0.04056417569518089,0.23930446803569794,0.7201313376426697,gov,True,True
160397,2024-03,gov,0,0.768476665019989,0.11866412311792374,0.11285922676324844,0.768476665019989,gov,True,True
160399,2024-03,gov,0,0.6511416435241699,0.17801068723201752,0.17084768414497375,0.6511416435241699,gov,True,True
160400,2024-03,gov,0,0.5783763527870178,0.08134391158819199,0.34027978777885437,0.5783763527870178,gov,True,True
161107,2024-03,opo,1,0.02199619822204113,0.5698432922363281,0.4081604778766632,0.5698432922363281,uncertain,True,True
161109,2024-03,uncertain,2,0.02700898051261902,0.006144643761217594,0.9668462872505188,0.9668462872505188,uncertain,True,True
161110,2024-03,uncertain,2,0.4304490089416504,0.1277867555618286,0.4417641758918762,0.4417641758918762,gov,True,True
161111,2024-03,gov,0,0.8268888592720032,0.05795251950621605,0.1151585653424263,0.8268888592720032,gov,True,True
161112,2024-03,gov,0,0.9785382151603699,0.008894105441868305,0.012567657046020031,0.9785382151603699,gov,True,True
161113,2024-03,gov,0,0.9179332256317139,0.035153742879629135,0.04691310599446297,0.9179332256317139,gov,True,True
161116,2024-03,gov,0,0.693604052066803,0.010445826686918736,0.29595011472702026,0.693604052066803,gov,True,True
161117,2024-03,uncertain,2,0.44237020611763,0.07937227189540863,0.47825750708580017,0.47825750708580017,gov,True,True
161118,2024-03,opo,1,0.3356771469116211,0.5286681652069092,0.13565467298030853,0.5286681652069092,opo,True,True
161119,2024-03,gov,0,0.5133598446846008,0.23878538608551025,0.24785470962524414,0.5133598446846008,gov,True,True
161120,2024-03,gov,0,0.6446006298065186,0.10293640196323395,0.2524629831314087,0.6446006298065186,gov,True,True
161829,2024-03,uncertain,2,0.003020972479134798,0.0014589193742722273,0.9955201148986816,0.9955201148986816,uncertain,True,True
161830,2024-03,uncertain,2,0.01471173670142889,0.03860454261302948,0.9466837048530579,0.9466837048530579,uncertain,True,True
161831,2024-03,uncertain,2,0.023623181506991386,0.04026691988110542,0.9361099004745483,0.9361099004745483,uncertain,True,True
161832,2024-03,uncertain,2,0.09970550239086151,0.013372077606618404,0.886922299861908,0.886922299861908,uncertain,True,True
161833,2024-03,uncertain,2,0.2606809437274933,0.04124514386057854,0.6980739235877991,0.6980739235877991,gov,True,True
161837,2024-03,gov,0,0.568986177444458,0.21898138523101807,0.21203242242336273,0.568986177444458,gov,True,True
161839,2024-03,opo,1,0.18327058851718903,0.7388533353805542,0.07787609100341797,0.7388533353805542,opo,True,True
162547,2024-03,opo,1,0.06775765120983124,0.7242041826248169,0.2080380916595459,0.7242041826248169,opo,True,True
162548,2024-03,uncertain,2,0.047702718526124954,0.035899583250284195,0.9163976907730103,0.9163976907730103,uncertain,True,True
162549,2024-03,uncertain,2,0.014909029938280582,0.007498332764953375,0.9775926470756531,0.9775926470756531,uncertain,True,True
162551,2024-03,uncertain,2,0.12681438028812408,0.09323970973491669,0.7799458503723145,0.7799458503723145,uncertain,True,True
162552,2024-03,gov,0,0.6711597442626953,0.050037313252687454,0.2788030207157135,0.6711597442626953,gov,True,True
162554,2024-03,uncertain,2,0.25751054286956787,0.03566078096628189,0.7068287134170532,0.7068287134170532,gov,True,True
162555,2024-03,uncertain,2,0.4310668408870697,0.015338309109210968,0.5535948872566223,0.5535948872566223,gov,True,True
162556,2024-03,gov,0,0.6163440942764282,0.07421324402093887,0.3094426691532135,0.6163440942764282,gov,True,True
162558,2024-03,opo,1,0.04086364433169365,0.9360973238945007,0.02303897589445114,0.9360973238945007,opo,True,True
162559,2024-03,opo,1,0.08501493185758591,0.8363948464393616,0.07859019935131073,0.8363948464393616,opo,True,True
163268,2024-03,uncertain,2,0.05489697679877281,0.23013652861118317,0.7149665355682373,0.7149665355682373,uncertain,True,True
163269,2024-03,uncertain,2,0.01642615534365177,0.058958977460861206,0.9246148467063904,0.9246148467063904,uncertain,True,True
163271,2024-03,uncertain,2,0.3568660020828247,0.13289566338062286,0.5102383494377136,0.5102383494377136,gov,True,True
163272,2024-03,uncertain,2,0.047401346266269684,0.04487006366252899,0.9077286124229431,0.9077286124229431,uncertain,True,True
163274,2024-03,uncertain,2,0.4038337171077728,0.04755520820617676,0.548611044883728,0.548611044883728,gov,True,True
163275,2024-03,uncertain,2,0.188868448138237,0.011093329638242722,0.80003821849823,0.80003821849823,uncertain,True,True
163276,2024-03,uncertain,2,0.2807796597480774,0.04180928319692612,0.6774110794067383,0.6774110794067383,uncertain,True,True
163278,2024-03,opo,1,0.02346443198621273,0.9559820890426636,0.02055353671312332,0.9559820890426636,opo,True,True
163988,2024-03,uncertain,2,0.10295133292675018,0.4151298403739929,0.4819188416004181,0.4819188416004181,gov,True,True
163989,2024-03,uncertain,2,0.12976767122745514,0.2058115005493164,0.6644207835197449,0.6644207835197449,gov,True,True
163992,2024-03,uncertain,2,0.043316155672073364,0.4441261887550354,0.5125576257705688,0.5125576257705688,gov,True,True
163993,2024-03,uncertain,2,0.06462355703115463,0.16693080961704254,0.7684456706047058,0.7684456706047058,uncertain,True,True
163996,2024-03,uncertain,2,0.3879794776439667,0.10141678899526596,0.5106037259101868,0.5106037259101868,gov,True,True
163998,2024-03,opo,1,0.057717908173799515,0.9035923480987549,0.03868976980447769,0.9035923480987549,gov,True,True
164709,2024-03,uncertain,2,0.13832546770572662,0.06631448864936829,0.7953600883483887,0.7953600883483887,uncertain,True,True
164710,2024-03,gov,0,0.648155152797699,0.1204461082816124,0.23139870166778564,0.648155152797699,gov,True,True
164711,2024-03,gov,0,0.8136721253395081,0.023453503847122192,0.16287440061569214,0.8136721253395081,gov,True,True
164712,2024-03,gov,0,0.6186679601669312,0.2405785769224167,0.14075352251529694,0.6186679601669312,gov,True,True
164713,2024-03,gov,0,0.44851940870285034,0.15379442274570465,0.3976862132549286,0.44851940870285034,gov,True,True
164714,2024-03,uncertain,2,0.1487724781036377,0.11775356531143188,0.7334739565849304,0.7334739565849304,uncertain,True,True
164715,2024-03,opo,1,0.3081362843513489,0.5371615290641785,0.15470220148563385,0.5371615290641785,opo,True,True
165430,2024-03,gov,0,0.49632135033607483,0.4100901484489441,0.09358850866556168,0.49632135033607483,gov,True,True
165433,2024-03,uncertain,2,0.16613715887069702,0.2837652266025543,0.550097644329071,0.550097644329071,uncertain,True,True
166150,2024-03,gov,0,0.4719337224960327,0.20766901969909668,0.320397287607193,0.4719337224960327,gov,True,True
166154,2024-03,opo,1,0.26770466566085815,0.3884216248989105,0.3438737094402313,0.3884216248989105,gov,True,True
166155,2024-03,opo,1,0.2739754915237427,0.5472132563591003,0.17881126701831818,0.5472132563591003,opo,True,True
166873,2024-03,gov,0,0.4975903630256653,0.26546624302864075,0.23694339394569397,0.4975903630256653,opo,True,True
166876,2024-03,opo,1,0.4379791021347046,0.46743452548980713,0.09458635747432709,0.46743452548980713,gov,True,True
166877,2024-03,opo,1,0.4004560708999634,0.4343854784965515,0.1651584804058075,0.4343854784965515,gov,True,True
167591,2024-03,gov,0,0.4786376357078552,0.26199448108673096,0.2593679130077362,0.4786376357078552,gov,True,True
167592,2024-03,gov,0,0.44425106048583984,0.35087060928344727,0.20487825572490692,0.44425106048583984,gov,True,True
167594,2024-03,opo,1,0.3188294470310211,0.49554702639579773,0.18562351167201996,0.49554702639579773,opo,True,True
167597,2024-03,gov,0,0.5378912091255188,0.35560232400894165,0.10650647431612015,0.5378912091255188,gov,True,True
168313,2024-03,gov,0,0.4688887298107147,0.2944445013999939,0.236666738986969,0.4688887298107147,gov,True,True
168316,2024-03,gov,0,0.368698388338089,0.35591432452201843,0.2753872573375702,0.368698388338089,opo,True,True
169035,2024-03,uncertain,2,0.26632195711135864,0.028867581859230995,0.7048105001449585,0.7048105001449585,uncertain,True,True
169036,2024-03,gov,0,0.6173429489135742,0.055374640971422195,0.32728245854377747,0.6173429489135742,gov,True,True
169037,2024-03,gov,0,0.6782569885253906,0.12475061416625977,0.1969923973083496,0.6782569885253906,gov,True,True
169756,2024-03,gov,0,0.5868439078330994,0.03643538057804108,0.376720666885376,0.5868439078330994,gov,True,True
143838,2024-04,gov,0,0.5265909433364868,0.2646085321903229,0.2088005095720291,0.5265909433364868,gov,True,True
145998,2024-04,gov,0,0.5007639527320862,0.2874574363231659,0.2117786407470703,0.5007639527320862,gov,True,True
147437,2024-04,gov,0,0.34843942523002625,0.3326382637023926,0.31892234086990356,0.34843942523002625,gov,True,True
147438,2024-04,uncertain,2,0.2566356956958771,0.09192973375320435,0.651434600353241,0.651434600353241,opo,True,True
147439,2024-04,uncertain,2,0.18396764993667603,0.06656109541654587,0.7494712471961975,0.7494712471961975,uncertain,True,True
148158,2024-04,uncertain,2,0.09120790660381317,0.07249331474304199,0.8362988233566284,0.8362988233566284,uncertain,True,True
149597,2024-04,uncertain,2,0.027998359873890877,0.02348831295967102,0.9485133290290833,0.9485133290290833,uncertain,True,True
150307,2024-04,uncertain,2,0.0702173188328743,0.29789644479751587,0.6318862438201904,0.6318862438201904,gov,True,True
150317,2024-04,uncertain,2,0.02971157431602478,0.03793555498123169,0.9323529601097107,0.9323529601097107,opo,True,True
151756,2024-04,uncertain,2,0.2821509540081024,0.1196291372179985,0.5982198715209961,0.5982198715209961,uncertain,True,True
151757,2024-04,uncertain,2,0.06727474182844162,0.036328550428152084,0.8963966369628906,0.8963966369628906,uncertain,True,True
152476,2024-04,gov,0,0.41785380244255066,0.1669410914182663,0.41520506143569946,0.41785380244255066,gov,True,True
153190,2024-04,gov,0,0.3955349326133728,0.27263131737709045,0.33183372020721436,0.3955349326133728,gov,True,True
153191,2024-04,opo,1,0.3678562343120575,0.43453317880630493,0.19761061668395996,0.43453317880630493,gov,True,True
153192,2024-04,gov,0,0.44125625491142273,0.24268056452274323,0.31606313586235046,0.44125625491142273,gov,True,True
153193,2024-04,gov,0,0.8230655193328857,0.06341170519590378,0.11352282762527466,0.8230655193328857,gov,True,True
153196,2024-04,uncertain,2,0.34421399235725403,0.23050495982170105,0.4252810478210449,0.4252810478210449,opo,True,True
153197,2024-04,uncertain,2,0.12828564643859863,0.0574084147810936,0.8143059611320496,0.8143059611320496,uncertain,True,True
153910,2024-04,opo,1,0.2769419848918915,0.5942235589027405,0.12883438169956207,0.5942235589027405,gov,True,True
153911,2024-04,opo,1,0.29898083209991455,0.5217176079750061,0.17930154502391815,0.5217176079750061,gov,True,True
153912,2024-04,gov,0,0.4515186548233032,0.17704132199287415,0.371440052986145,0.4515186548233032,gov,True,True
153913,2024-04,gov,0,0.8132137656211853,0.07329041510820389,0.11349586397409439,0.8132137656211853,gov,True,True
153914,2024-04,uncertain,2,0.42939499020576477,0.030414780601859093,0.5401902198791504,0.5401902198791504,gov,True,True
153915,2024-04,uncertain,2,0.1561129093170166,0.07345505803823471,0.7704320549964905,0.7704320549964905,uncertain,True,True
153916,2024-04,uncertain,2,0.43098580837249756,0.09204436838626862,0.476969838142395,0.476969838142395,gov,True,True
153917,2024-04,uncertain,2,0.26435181498527527,0.06032885983586311,0.675319254398346,0.675319254398346,gov,True,True
153918,2024-04,uncertain,2,0.2623245418071747,0.11411534249782562,0.6235601305961609,0.6235601305961609,uncertain,True,True
154630,2024-04,gov,0,0.9480456113815308,0.033097513020038605,0.018856924027204514,0.9480456113815308,gov,True,True
154631,2024-04,gov,0,0.9643648862838745,0.00997321680188179,0.02566189132630825,0.9643648862838745,gov,True,True
154632,2024-04,gov,0,0.709740400314331,0.026151210069656372,0.2641083598136902,0.709740400314331,gov,True,True
154633,2024-04,gov,0,0.7254456877708435,0.07500181347131729,0.19955246150493622,0.7254456877708435,gov,True,True
154634,2024-04,uncertain,2,0.15012243390083313,0.0087736239656806,0.8411040306091309,0.8411040306091309,gov,True,True
154635,2024-04,uncertain,2,0.023401504382491112,0.02850351110100746,0.9480950236320496,0.9480950236320496,uncertain,True,True
154636,2024-04,uncertain,2,0.102004773914814,0.07430727034807205,0.8236879110336304,0.8236879110336304,uncertain,True,True
155351,2024-04,gov,0,0.8672621846199036,0.030761893838644028,0.1019759550690651,0.8672621846199036,gov,True,True
155352,2024-04,gov,0,0.618873119354248,0.10448919236660004,0.2766376733779907,0.618873119354248,gov,True,True
155354,2024-04,uncertain,2,0.0577206164598465,0.012905964627861977,0.9293735027313232,0.9293735027313232,uncertain,True,True
156069,2024-04,gov,0,0.7064356803894043,0.23995842039585114,0.05360591784119606,0.7064356803894043,gov,True,True
156071,2024-04,gov,0,0.9118198752403259,0.03699420019984245,0.0511859729886055,0.9118198752403259,gov,True,True
156072,2024-04,gov,0,0.6145707368850708,0.08511760830879211,0.3003116846084595,0.6145707368850708,gov,True,True
156073,2024-04,uncertain,2,0.18986007571220398,0.08961512893438339,0.7205248475074768,0.7205248475074768,gov,True,True
156074,2024-04,uncertain,2,0.10844957083463669,0.045030687004327774,0.8465197086334229,0.8465197086334229,uncertain,True,True
156075,2024-04,uncertain,2,0.027283497154712677,0.43871572613716125,0.534000813961029,0.534000813961029,opo,True,True
156788,2024-04,gov,0,0.6873889565467834,0.10245931148529053,0.21015168726444244,0.6873889565467834,gov,True,True
156789,2024-04,gov,0,0.5704761147499084,0.3358548581600189,0.09366899728775024,0.5704761147499084,gov,True,True
156791,2024-04,gov,0,0.6543964743614197,0.1649763584136963,0.18062712252140045,0.6543964743614197,gov,True,True
156792,2024-04,gov,0,0.4899344742298126,0.11105185747146606,0.3990136981010437,0.4899344742298126,gov,True,True
156793,2024-04,uncertain,2,0.10979058593511581,0.015334687195718288,0.8748747706413269,0.8748747706413269,uncertain,True,True
156794,2024-04,uncertain,2,0.024986550211906433,0.022662552073597908,0.952350914478302,0.952350914478302,gov,True,True
156795,2024-04,opo,1,0.00886156503111124,0.9328410029411316,0.058297403156757355,0.9328410029411316,opo,True,True
156796,2024-04,opo,1,0.008387300185859203,0.9512153267860413,0.04039734974503517,0.9512153267860413,opo,True,True
157508,2024-04,uncertain,2,0.1781730204820633,0.22379469871520996,0.5980322360992432,0.5980322360992432,uncertain,True,True
157510,2024-04,gov,0,0.6865292191505432,0.20768781006336212,0.10578302294015884,0.6865292191505432,gov,True,True
157511,2024-04,opo,1,0.2979046106338501,0.5262703895568848,0.17582501471042633,0.5262703895568848,gov,True,True
157513,2024-04,uncertain,2,0.16491220891475677,0.0032588124740868807,0.8318289518356323,0.8318289518356323,uncertain,True,True
157514,2024-04,uncertain,2,0.015460001304745674,0.006165600847452879,0.9783744812011719,0.9783744812011719,uncertain,True,True
157515,2024-04,opo,1,0.04189900681376457,0.5698862075805664,0.38821476697921753,0.5698862075805664,uncertain,True,True
158229,2024-04,uncertain,2,0.3475436866283417,0.10987246781587601,0.5425837635993958,0.5425837635993958,uncertain,True,True
158231,2024-04,opo,1,0.2542541027069092,0.5158465504646301,0.22989937663078308,0.5158465504646301,gov,True,True
158233,2024-04,gov,0,0.5705372095108032,0.01109226979315281,0.41837048530578613,0.5705372095108032,gov,True,True
158235,2024-04,opo,1,0.0851341113448143,0.7455978393554688,0.16926805675029755,0.7455978393554688,opo,True,True
158236,2024-04,opo,1,0.035415008664131165,0.9487243890762329,0.015860620886087418,0.9487243890762329,opo,True,True
158237,2024-04,opo,1,0.060780271887779236,0.8628454208374023,0.0763743668794632,0.8628454208374023,opo,True,True
158238,2024-04,opo,1,0.1644633561372757,0.6654608845710754,0.17007575929164886,0.6654608845710754,opo,True,True
158946,2024-04,opo,1,0.06229851394891739,0.9087404012680054,0.02896113321185112,0.9087404012680054,gov,True,True
158947,2024-04,opo,1,0.06365340948104858,0.8490048050880432,0.0873417779803276,0.8490048050880432,opo,True,True
158949,2024-04,uncertain,2,0.17870496213436127,0.18178384006023407,0.639511227607727,0.639511227607727,gov,True,True
158950,2024-04,gov,0,0.7588093876838684,0.03152891993522644,0.20966175198554993,0.7588093876838684,gov,True,True
158951,2024-04,gov,0,0.7727557420730591,0.049077387899160385,0.17816686630249023,0.7727557420730591,gov,True,True
158952,2024-04,gov,0,0.8679035305976868,0.03366033732891083,0.09843607991933823,0.8679035305976868,gov,True,True
158953,2024-04,gov,0,0.845431387424469,0.03588001802563667,0.11868856102228165,0.845431387424469,gov,True,True
158954,2024-04,gov,0,0.6480028629302979,0.2611328661441803,0.09086426347494125,0.6480028629302979,gov,True,True
158955,2024-04,opo,1,0.16245892643928528,0.7499974370002747,0.08754362910985947,0.7499974370002747,opo,True,True
158956,2024-04,opo,1,0.40956932306289673,0.5548772215843201,0.03555341437458992,0.5548772215843201,gov,True,True
158957,2024-04,opo,1,0.411100298166275,0.5646070241928101,0.024292709305882454,0.5646070241928101,gov,True,True
158958,2024-04,gov,0,0.5719735622406006,0.36259669065475464,0.06542979180812836,0.5719735622406006,gov,True,True
158960,2024-04,gov,0,0.5538452863693237,0.27425122261047363,0.1719035804271698,0.5538452863693237,gov,True,True
159665,2024-04,opo,1,0.06461750715970993,0.6983786821365356,0.23700372874736786,0.6983786821365356,opo,True,True
159666,2024-04,opo,1,0.015734564512968063,0.9635064601898193,0.02075897343456745,0.9635064601898193,opo,True,True
159667,2024-04,opo,1,0.058784857392311096,0.8147774338722229,0.12643764913082123,0.8147774338722229,opo,True,True
159670,2024-04,gov,0,0.8029751777648926,0.008740394376218319,0.18828445672988892,0.8029751777648926,gov,True,True
159671,2024-04,gov,0,0.9964867830276489,0.0015375161310657859,0.0019757214467972517,0.9964867830276489,gov,True,True
159672,2024-04,gov,0,0.9790274500846863,0.000555744394659996,0.02041677199304104,0.9790274500846863,gov,True,True
159673,2024-04,gov,0,0.9137247204780579,0.010275893844664097,0.07599932700395584,0.9137247204780579,gov,True,True
159674,2024-04,gov,0,0.7293007969856262,0.13067789375782013,0.14002133905887604,0.7293007969856262,gov,True,True
159675,2024-04,gov,0,0.6549172401428223,0.09002429991960526,0.25505852699279785,0.6549172401428223,gov,True,True
159676,2024-04,gov,0,0.8348791599273682,0.08145789057016373,0.08366288989782333,0.8348791599273682,gov,True,True
159679,2024-04,opo,1,0.30128994584083557,0.4405386447906494,0.2581714689731598,0.4405386447906494,gov,True,True
159680,2024-04,gov,0,0.40157487988471985,0.326015442609787,0.2724096477031708,0.40157487988471985,gov,True,True
160386,2024-04,opo,1,0.021014736965298653,0.8730706572532654,0.1059146299958229,0.8730706572532654,opo,True,True
160388,2024-04,uncertain,2,0.030286399647593498,0.026693804189562798,0.9430198073387146,0.9430198073387146,uncertain,True,True
160389,2024-04,uncertain,2,0.010183334350585938,0.0033889494370669127,0.9864277243614197,0.9864277243614197,uncertain,True,True
160390,2024-04,uncertain,2,0.024555061012506485,0.02443893998861313,0.9510059952735901,0.9510059952735901,uncertain,True,True
160391,2024-04,gov,0,0.5902053117752075,0.23660917580127716,0.1731855720281601,0.5902053117752075,gov,True,True
160392,2024-04,gov,0,0.9695369005203247,0.0007679310510866344,0.029695214703679085,0.9695369005203247,gov,True,True
160393,2024-04,gov,0,0.861680269241333,0.0029950712341815233,0.1353245973587036,0.861680269241333,gov,True,True
160394,2024-04,gov,0,0.838922381401062,0.0968649610877037,0.06421263515949249,0.838922381401062,gov,True,True
160396,2024-04,gov,0,0.7278545498847961,0.07229141891002655,0.1998540461063385,0.7278545498847961,gov,True,True
160397,2024-04,gov,0,0.8543388843536377,0.06411165744066238,0.08154942095279694,0.8543388843536377,gov,True,True
160399,2024-04,gov,0,0.6810296177864075,0.16550803184509277,0.15346239507198334,0.6810296177864075,gov,True,True
160400,2024-04,gov,0,0.7016952633857727,0.10531871765851974,0.19298604130744934,0.7016952633857727,gov,True,True
161107,2024-04,opo,1,0.0386539027094841,0.5147024989128113,0.446643590927124,0.5147024989128113,uncertain,True,True
161109,2024-04,uncertain,2,0.014798557385802269,0.003779001533985138,0.9814224243164062,0.9814224243164062,uncertain,True,True
161110,2024-04,uncertain,2,0.19107620418071747,0.16322363913059235,0.645700216293335,0.645700216293335,gov,True,True
161111,2024-04,gov,0,0.7299062609672546,0.18643911182880402,0.08365465700626373,0.7299062609672546,gov,True,True
161112,2024-04,gov,0,0.9900683760643005,0.0017138869734480977,0.00821774173527956,0.9900683760643005,gov,True,True
161113,2024-04,gov,0,0.9541638493537903,0.011554635129868984,0.03428146243095398,0.9541638493537903,gov,True,True
161116,2024-04,uncertain,2,0.3963876962661743,0.02400451898574829,0.5796078443527222,0.5796078443527222,gov,True,True
161117,2024-04,uncertain,2,0.3278099298477173,0.13776132464408875,0.5344287753105164,0.5344287753105164,gov,True,True
161118,2024-04,opo,1,0.22229667007923126,0.6659863591194153,0.11171705275774002,0.6659863591194153,opo,True,True
161119,2024-04,gov,0,0.40694910287857056,0.3898676037788391,0.20318329334259033,0.40694910287857056,gov,True,True
161120,2024-04,gov,0,0.6268442273139954,0.17818757891654968,0.19496819376945496,0.6268442273139954,gov,True,True
161827,2024-04,opo,1,0.02644316293299198,0.7761896848678589,0.1973671317100525,0.7761896848678589,opo,True,True
161829,2024-04,uncertain,2,0.0023922205436974764,0.0024315824266523123,0.9951761960983276,0.9951761960983276,uncertain,True,True
161830,2024-04,uncertain,2,0.015785392373800278,0.22643449902534485,0.7577800750732422,0.7577800750732422,uncertain,True,True
161831,2024-04,uncertain,2,0.0321708582341671,0.10313917696475983,0.8646899461746216,0.8646899461746216,uncertain,True,True
161832,2024-04,uncertain,2,0.07043304294347763,0.01144886389374733,0.9181181788444519,0.9181181788444519,uncertain,True,True
161833,2024-04,uncertain,2,0.21143439412117004,0.09685583412647247,0.6917096972465515,0.6917096972465515,gov,True,True
161837,2024-04,opo,1,0.3493364751338959,0.3522395193576813,0.29842397570610046,0.3522395193576813,gov,True,True
161839,2024-04,opo,1,0.11922022700309753,0.8469253778457642,0.03385435789823532,0.8469253778457642,opo,True,True
162547,2024-04,opo,1,0.030049584805965424,0.8751224875450134,0.09482792764902115,0.8751224875450134,opo,True,True
162548,2024-04,uncertain,2,0.10201001912355423,0.14693789184093475,0.7510521411895752,0.7510521411895752,uncertain,True,True
162549,2024-04,uncertain,2,0.005723149050027132,0.0198361799120903,0.9744405746459961,0.9744405746459961,uncertain,True,True
162550,2024-04,opo,1,0.050716862082481384,0.5914760828018188,0.35780709981918335,0.5914760828018188,opo,True,True
162551,2024-04,uncertain,2,0.10819908231496811,0.05696302652359009,0.8348378539085388,0.8348378539085388,uncertain,True,True
162552,2024-04,gov,0,0.5931103229522705,0.011658698320388794,0.3952309489250183,0.5931103229522705,gov,True,True
162554,2024-04,uncertain,2,0.14238566160202026,0.00895195733755827,0.8486623167991638,0.8486623167991638,gov,True,True
162555,2024-04,uncertain,2,0.24521183967590332,0.014814088121056557,0.7399740815162659,0.7399740815162659,gov,True,True
162556,2024-04,uncertain,2,0.26924681663513184,0.09249240905046463,0.6382607817649841,0.6382607817649841,gov,True,True
162558,2024-04,opo,1,0.0716664120554924,0.8472414612770081,0.08109211176633835,0.8472414612770081,opo,True,True
162559,2024-04,opo,1,0.07723291218280792,0.8510182499885559,0.07174886763095856,0.8510182499885559,opo,True,True
163267,2024-04,opo,1,0.041812025010585785,0.803849995136261,0.15433797240257263,0.803849995136261,opo,True,True
163268,2024-04,uncertain,2,0.06950672715902328,0.4528155028820038,0.47767776250839233,0.47767776250839233,uncertain,True,True
163269,2024-04,uncertain,2,0.015540831722319126,0.04440730810165405,0.9400518536567688,0.9400518536567688,uncertain,True,True
163271,2024-04,gov,0,0.6201587915420532,0.1726488173007965,0.20719239115715027,0.6201587915420532,gov,True,True
163272,2024-04,uncertain,2,0.04956861957907677,0.012028752826154232,0.9384025931358337,0.9384025931358337,uncertain,True,True
163274,2024-04,uncertain,2,0.1763337105512619,0.01155022531747818,0.8121160268783569,0.8121160268783569,gov,True,True
163275,2024-04,uncertain,2,0.032370973378419876,0.0012568130623549223,0.9663721323013306,0.9663721323013306,uncertain,True,True
163276,2024-04,uncertain,2,0.1761830747127533,0.03106769733130932,0.7927491664886475,0.7927491664886475,uncertain,True,True
163278,2024-04,opo,1,0.040957994759082794,0.8948822021484375,0.06415975838899612,0.8948822021484375,opo,True,True
163988,2024-04,uncertain,2,0.21683037281036377,0.26392021775245667,0.519249439239502,0.519249439239502,gov,True,True
163989,2024-04,uncertain,2,0.23612487316131592,0.13500815629959106,0.6288669109344482,0.6288669109344482,gov,True,True
163992,2024-04,uncertain,2,0.045189984142780304,0.1454661637544632,0.8093438148498535,0.8093438148498535,gov,True,True
163993,2024-04,uncertain,2,0.08457715809345245,0.040540911257267,0.8748819828033447,0.8748819828033447,uncertain,True,True
163996,2024-04,uncertain,2,0.3621876537799835,0.12676027417182922,0.5110520720481873,0.5110520720481873,gov,True,True
163998,2024-04,opo,1,0.04517418146133423,0.9055485725402832,0.04927729815244675,0.9055485725402832,gov,True,True
164709,2024-04,uncertain,2,0.10375555604696274,0.06776473671197891,0.8284797668457031,0.8284797668457031,uncertain,True,True
164710,2024-04,gov,0,0.5282390117645264,0.26420971751213074,0.2075512707233429,0.5282390117645264,gov,True,True
164711,2024-04,gov,0,0.8337727189064026,0.017894288524985313,0.14833304286003113,0.8337727189064026,gov,True,True
164712,2024-04,gov,0,0.8034448027610779,0.058297839015722275,0.13825742900371552,0.8034448027610779,gov,True,True
164713,2024-04,gov,0,0.6160011887550354,0.05171545222401619,0.3322833776473999,0.6160011887550354,gov,True,True
164714,2024-04,uncertain,2,0.126883402466774,0.02060973271727562,0.8525068759918213,0.8525068759918213,uncertain,True,True
164715,2024-04,opo,1,0.2671884596347809,0.5655005574226379,0.16731098294258118,0.5655005574226379,gov,True,True
164716,2024-04,opo,1,0.2182549089193344,0.6747591495513916,0.10698592662811279,0.6747591495513916,opo,True,True
165430,2024-04,gov,0,0.6074438095092773,0.306424081325531,0.08613207191228867,0.6074438095092773,gov,True,True
165433,2024-04,uncertain,2,0.2615950405597687,0.08979222923517227,0.6486126780509949,0.6486126780509949,uncertain,True,True
166150,2024-04,gov,0,0.5933709144592285,0.15246981382369995,0.25415921211242676,0.5933709144592285,gov,True,True
166152,2024-04,uncertain,2,0.31695154309272766,0.2662874460220337,0.41676104068756104,0.41676104068756104,opo,True,True
166154,2024-04,uncertain,2,0.34063488245010376,0.23151181638240814,0.4278532862663269,0.4278532862663269,gov,True,True
166155,2024-04,opo,1,0.20980499684810638,0.610628068447113,0.17956697940826416,0.610628068447113,uncertain,True,True
166873,2024-04,uncertain,2,0.3574061989784241,0.13490964472293854,0.5076841711997986,0.5076841711997986,uncertain,True,True
166876,2024-04,opo,1,0.36045676469802856,0.3800809383392334,0.2594623565673828,0.3800809383392334,gov,True,True
166877,2024-04,opo,1,0.32547250390052795,0.43545085191726685,0.239076629281044,0.43545085191726685,gov,True,True
167591,2024-04,gov,0,0.5211695432662964,0.23034344613552094,0.24848705530166626,0.5211695432662964,gov,True,True
167592,2024-04,gov,0,0.6423166990280151,0.19670382142066956,0.1609795242547989,0.6423166990280151,gov,True,True
167594,2024-04,gov,0,0.5565677285194397,0.25586652755737305,0.18756577372550964,0.5565677285194397,opo,True,True
167597,2024-04,opo,1,0.2743838131427765,0.5578097701072693,0.16780635714530945,0.5578097701072693,opo,True,True
168313,2024-04,uncertain,2,0.4092935025691986,0.1789100170135498,0.4117964804172516,0.4117964804172516,gov,True,True
168316,2024-04,opo,1,0.17072442173957825,0.5509611368179321,0.27831441164016724,0.5509611368179321,uncertain,True,True
169035,2024-04,uncertain,2,0.2999371290206909,0.029461732134222984,0.6706011891365051,0.6706011891365051,uncertain,True,True
169036,2024-04,gov,0,0.6383400559425354,0.08646609634160995,0.2751938998699188,0.6383400559425354,gov,True,True
169037,2024-04,gov,0,0.513663113117218,0.12503881752490997,0.3612980544567108,0.513663113117218,gov,True,True
169756,2024-04,gov,0,0.7116153836250305,0.060821764171123505,0.22756291925907135,0.7116153836250305,gov,True,True
143838,2024-05,gov,0,0.7116172313690186,0.11786971241235733,0.1705130636692047,0.7116172313690186,gov,True,True
145998,2024-05,uncertain,2,0.2796400189399719,0.04167543724179268,0.6786845922470093,0.6786845922470093,opo,True,True
147437,2024-05,uncertain,2,0.1828690767288208,0.3884906768798828,0.4286402463912964,0.4286402463912964,gov,True,True
147438,2024-05,uncertain,2,0.331562876701355,0.0476728118956089,0.6207643151283264,0.6207643151283264,gov,True,True
147439,2024-05,gov,0,0.5130314230918884,0.054127804934978485,0.4328407347202301,0.5130314230918884,uncertain,True,True
148158,2024-05,uncertain,2,0.08142624795436859,0.04940594360232353,0.8691678047180176,0.8691678047180176,uncertain,True,True
149597,2024-05,uncertain,2,0.24512429535388947,0.05821544677019119,0.6966602802276611,0.6966602802276611,uncertain,True,True
150307,2024-05,uncertain,2,0.06583807617425919,0.35022032260894775,0.583941638469696,0.583941638469696,gov,True,True
150317,2024-05,uncertain,2,0.04278566315770149,0.0021541626192629337,0.9550601243972778,0.9550601243972778,uncertain,True,True
151756,2024-05,uncertain,2,0.24113823473453522,0.026873160153627396,0.7319886088371277,0.7319886088371277,uncertain,True,True
151757,2024-05,uncertain,2,0.16302655637264252,0.006771273445338011,0.8302021026611328,0.8302021026611328,uncertain,True,True
152476,2024-05,gov,0,0.5206425786018372,0.07749772816896439,0.40185970067977905,0.5206425786018372,gov,True,True
153190,2024-05,opo,1,0.29037827253341675,0.5302106142044067,0.1794111132621765,0.5302106142044067,gov,True,True
153191,2024-05,uncertain,2,0.33869561553001404,0.2827744483947754,0.3785299062728882,0.3785299062728882,gov,True,True
153192,2024-05,gov,0,0.4699144959449768,0.11773556470870972,0.41234999895095825,0.4699144959449768,gov,True,True
153193,2024-05,gov,0,0.77707439661026,0.07508354634046555,0.14784207940101624,0.77707439661026,gov,True,True
153196,2024-05,opo,1,0.3390026390552521,0.3689894676208496,0.2920079231262207,0.3689894676208496,gov,True,True
153197,2024-05,uncertain,2,0.28654757142066956,0.06682270020246506,0.6466296911239624,0.6466296911239624,uncertain,True,True
153910,2024-05,opo,1,0.285831481218338,0.5956460237503052,0.118522509932518,0.5956460237503052,gov,True,True
153911,2024-05,gov,0,0.5177123546600342,0.38391032814979553,0.09837730973958969,0.5177123546600342,gov,True,True
153912,2024-05,gov,0,0.7150562405586243,0.1043851375579834,0.18055865168571472,0.7150562405586243,gov,True,True
153913,2024-05,gov,0,0.8105117678642273,0.025374915450811386,0.1641133427619934,0.8105117678642273,gov,True,True
153914,2024-05,gov,0,0.843566358089447,0.012831008061766624,0.1436026394367218,0.843566358089447,gov,True,True
153915,2024-05,gov,0,0.5601034760475159,0.048011213541030884,0.39188525080680847,0.5601034760475159,uncertain,True,True
153916,2024-05,gov,0,0.6997258067131042,0.12375681847333908,0.17651736736297607,0.6997258067131042,gov,True,True
153917,2024-05,gov,0,0.542201042175293,0.06861172616481781,0.389187216758728,0.542201042175293,opo,True,True
153918,2024-05,gov,0,0.4549400210380554,0.10720926523208618,0.4378507137298584,0.4549400210380554,gov,True,True
154630,2024-05,gov,0,0.7590599060058594,0.15999145805835724,0.08094862848520279,0.7590599060058594,gov,True,True
154631,2024-05,gov,0,0.8479923009872437,0.09279974550008774,0.05920793116092682,0.8479923009872437,gov,True,True
154632,2024-05,gov,0,0.8746083378791809,0.027108335867524147,0.09828335791826248,0.8746083378791809,gov,True,True
154633,2024-05,gov,0,0.8247886896133423,0.02255554124712944,0.15265579521656036,0.8247886896133423,gov,True,True
154634,2024-05,gov,0,0.7989656329154968,0.011736252345144749,0.1892981231212616,0.7989656329154968,gov,True,True
154635,2024-05,gov,0,0.49753469228744507,0.054263804107904434,0.4482015073299408,0.49753469228744507,uncertain,True,True
154636,2024-05,uncertain,2,0.3985659182071686,0.12955880165100098,0.4718753397464752,0.4718753397464752,uncertain,True,True
155351,2024-05,gov,0,0.6798030138015747,0.11099881678819656,0.20919814705848694,0.6798030138015747,gov,True,True
155352,2024-05,gov,0,0.7035856246948242,0.1333731859922409,0.16304121911525726,0.7035856246948242,gov,True,True
155354,2024-05,gov,0,0.48273351788520813,0.08555886894464493,0.43170759081840515,0.48273351788520813,uncertain,True,True
156069,2024-05,gov,0,0.6330663561820984,0.07905679196119308,0.28787681460380554,0.6330663561820984,gov,True,True
156071,2024-05,gov,0,0.644535481929779,0.240046426653862,0.11541814357042313,0.644535481929779,gov,True,True
156072,2024-05,opo,1,0.3756461441516876,0.3955741822719574,0.22877970337867737,0.3955741822719574,gov,True,True
156073,2024-05,gov,0,0.4254792630672455,0.21287432312965393,0.3616463840007782,0.4254792630672455,gov,True,True
156074,2024-05,gov,0,0.5219915509223938,0.13267925381660461,0.3453291952610016,0.5219915509223938,opo,True,True
156075,2024-05,uncertain,2,0.10050736367702484,0.23332957923412323,0.6661630868911743,0.6661630868911743,uncertain,True,True
156788,2024-05,uncertain,2,0.284854531288147,0.14895062148571014,0.5661948919296265,0.5661948919296265,gov,True,True
156789,2024-05,gov,0,0.49012574553489685,0.277922660112381,0.23195159435272217,0.49012574553489685,gov,True,True
156791,2024-05,opo,1,0.25450247526168823,0.693763256072998,0.05173420533537865,0.693763256072998,gov,True,True
156792,2024-05,uncertain,2,0.23730526864528656,0.35409167408943176,0.40860307216644287,0.40860307216644287,gov,True,True
156793,2024-05,uncertain,2,0.3995727002620697,0.08722959458827972,0.5131977200508118,0.5131977200508118,uncertain,True,True
156794,2024-05,uncertain,2,0.2572002708911896,0.10248617082834244,0.6403135657310486,0.6403135657310486,gov,True,True
156795,2024-05,uncertain,2,0.11548256129026413,0.4198618233203888,0.4646555483341217,0.4646555483341217,opo,True,True
156796,2024-05,opo,1,0.08233792334794998,0.7735584378242493,0.14410358667373657,0.7735584378242493,opo,True,True
157508,2024-05,uncertain,2,0.027533432468771935,0.1493009626865387,0.8231656551361084,0.8231656551361084,opo,True,True
157510,2024-05,opo,1,0.09284240752458572,0.7931003570556641,0.11405721306800842,0.7931003570556641,gov,True,True
157511,2024-05,opo,1,0.09010294824838638,0.8672730326652527,0.04262406378984451,0.8672730326652527,gov,True,True
157513,2024-05,uncertain,2,0.2527255117893219,0.01328756008297205,0.7339869141578674,0.7339869141578674,uncertain,True,True
157514,2024-05,uncertain,2,0.10142543166875839,0.0443350113928318,0.8542395234107971,0.8542395234107971,uncertain,True,True
157515,2024-05,uncertain,2,0.06310100853443146,0.11962508410215378,0.8172739148139954,0.8172739148139954,uncertain,True,True
158229,2024-05,uncertain,2,0.07075976580381393,0.07327964156866074,0.8559606075286865,0.8559606075286865,uncertain,True,True
158231,2024-05,gov,0,0.686383068561554,0.22291037440299988,0.09070654958486557,0.686383068561554,gov,True,True
158233,2024-05,gov,0,0.7307673692703247,0.013020244427025318,0.2562123239040375,0.7307673692703247,gov,True,True
158235,2024-05,uncertain,2,0.17198368906974792,0.21941399574279785,0.6086022853851318,0.6086022853851318,opo,True,True
158236,2024-05,opo,1,0.3503064811229706,0.5727682709693909,0.07692523300647736,0.5727682709693909,opo,True,True
158237,2024-05,opo,1,0.39982694387435913,0.5021863579750061,0.09798671305179596,0.5021863579750061,opo,True,True
158238,2024-05,gov,0,0.4482822120189667,0.296527236700058,0.25519058108329773,0.4482822120189667,opo,True,True
158946,2024-05,opo,1,0.03540012612938881,0.8682425022125244,0.09635741263628006,0.8682425022125244,gov,True,True
158947,2024-05,opo,1,0.015662906691432,0.8604660034179688,0.1238710954785347,0.8604660034179688,opo,True,True
158949,2024-05,uncertain,2,0.08136589080095291,0.07251343131065369,0.8461205959320068,0.8461205959320068,gov,True,True
158950,2024-05,gov,0,0.5426703095436096,0.016477158293128014,0.440852552652359,0.5426703095436096,gov,True,True
158951,2024-05,gov,0,0.8079251050949097,0.03607681393623352,0.1559980809688568,0.8079251050949097,gov,True,True
158952,2024-05,gov,0,0.8618524670600891,0.03451450914144516,0.10363303869962692,0.8618524670600891,gov,True,True
158953,2024-05,gov,0,0.7268877625465393,0.07171860337257385,0.20139357447624207,0.7268877625465393,gov,True,True
158954,2024-05,opo,1,0.297664999961853,0.631438136100769,0.07089689373970032,0.631438136100769,gov,True,True
158955,2024-05,uncertain,2,0.18320918083190918,0.33227992057800293,0.48451098799705505,0.48451098799705505,gov,True,True
158956,2024-05,opo,1,0.27556782960891724,0.519089937210083,0.20534226298332214,0.519089937210083,gov,True,True
158957,2024-05,gov,0,0.6533418893814087,0.30886155366897583,0.03779660910367966,0.6533418893814087,gov,True,True
158958,2024-05,gov,0,0.6036492586135864,0.3397391438484192,0.05661160498857498,0.6036492586135864,gov,True,True
158960,2024-05,gov,0,0.49574604630470276,0.26892536878585815,0.23532861471176147,0.49574604630470276,gov,True,True
159665,2024-05,opo,1,0.08371807634830475,0.5785579085350037,0.3377240300178528,0.5785579085350037,opo,True,True
159666,2024-05,opo,1,0.023103944957256317,0.9446905255317688,0.032205525785684586,0.9446905255317688,opo,True,True
159667,2024-05,opo,1,0.016219859942793846,0.9357249736785889,0.04805520176887512,0.9357249736785889,opo,True,True
159670,2024-05,uncertain,2,0.033254992216825485,0.004333146382123232,0.9624118804931641,0.9624118804931641,gov,True,True
159671,2024-05,gov,0,0.7868298888206482,0.013959047384560108,0.19921106100082397,0.7868298888206482,gov,True,True
159672,2024-05,gov,0,0.7373096942901611,0.007541540078818798,0.2551487386226654,0.7373096942901611,gov,True,True
159673,2024-05,gov,0,0.7969986200332642,0.01969006285071373,0.183311328291893,0.7969986200332642,gov,True,True
159674,2024-05,gov,0,0.8759207725524902,0.10480454564094543,0.01927468553185463,0.8759207725524902,gov,True,True
159675,2024-05,gov,0,0.5290716290473938,0.02591625601053238,0.4450121521949768,0.5290716290473938,gov,True,True
159676,2024-05,gov,0,0.8557754755020142,0.04755525663495064,0.09666933864355087,0.8557754755020142,gov,True,True
159679,2024-05,gov,0,0.48788127303123474,0.4323602616786957,0.079758420586586,0.48788127303123474,gov,True,True
159680,2024-05,opo,1,0.4263433814048767,0.4664214253425598,0.10723521560430527,0.4664214253425598,gov,True,True
160386,2024-05,opo,1,0.03869226947426796,0.7737941741943359,0.1875135749578476,0.7737941741943359,opo,True,True
160388,2024-05,uncertain,2,0.04856386408209801,0.1983899176120758,0.7530462145805359,0.7530462145805359,uncertain,True,True
160389,2024-05,uncertain,2,0.008862372487783432,0.0012047894997522235,0.9899328947067261,0.9899328947067261,uncertain,True,True
160390,2024-05,uncertain,2,0.0141060259193182,0.006280334200710058,0.9796136617660522,0.9796136617660522,uncertain,True,True
160391,2024-05,gov,0,0.6927997469902039,0.031133808195590973,0.276066392660141,0.6927997469902039,gov,True,True
160392,2024-05,gov,0,0.9970518350601196,6.212339940248057e-05,0.002886026632040739,0.9970518350601196,gov,True,True
160393,2024-05,gov,0,0.9204975962638855,0.0016683388967067003,0.07783402502536774,0.9204975962638855,gov,True,True
160394,2024-05,gov,0,0.8670865297317505,0.09735799580812454,0.03555545210838318,0.8670865297317505,gov,True,True
160396,2024-05,uncertain,2,0.4386416971683502,0.027186129242181778,0.5341721773147583,0.5341721773147583,gov,True,True
160397,2024-05,gov,0,0.8117181062698364,0.054410386830568314,0.13387152552604675,0.8117181062698364,gov,True,True
160399,2024-05,gov,0,0.6258372068405151,0.1594923585653305,0.21467049419879913,0.6258372068405151,gov,True,True
160400,2024-05,gov,0,0.671355664730072,0.18340134620666504,0.14524294435977936,0.671355664730072,gov,True,True
161107,2024-05,opo,1,0.03490736335515976,0.7512197494506836,0.21387284994125366,0.7512197494506836,uncertain,True,True
161109,2024-05,uncertain,2,0.004056264646351337,0.0010421413462609053,0.9949015378952026,0.9949015378952026,uncertain,True,True
161110,2024-05,uncertain,2,0.2275557518005371,0.019468199461698532,0.7529760003089905,0.7529760003089905,gov,True,True
161111,2024-05,gov,0,0.8945955038070679,0.04545743390917778,0.059946946799755096,0.8945955038070679,gov,True,True
161112,2024-05,gov,0,0.9985564351081848,0.0003136850136797875,0.0011298881145194173,0.9985564351081848,gov,True,True
161113,2024-05,gov,0,0.9644148945808411,0.01827739179134369,0.017307695001363754,0.9644148945808411,gov,True,True
161116,2024-05,uncertain,2,0.45519721508026123,0.0434187613427639,0.5013840198516846,0.5013840198516846,gov,True,True
161117,2024-05,uncertain,2,0.38679975271224976,0.05840947851538658,0.5547907948493958,0.5547907948493958,gov,True,True
161118,2024-05,gov,0,0.4178515374660492,0.3992091119289398,0.18293936550617218,0.4178515374660492,opo,True,True
161119,2024-05,gov,0,0.4441705644130707,0.37705495953559875,0.17877447605133057,0.4441705644130707,gov,True,True
161120,2024-05,gov,0,0.6522334814071655,0.16081641614437103,0.18695016205310822,0.6522334814071655,gov,True,True
161827,2024-05,opo,1,0.049544256180524826,0.821768581867218,0.12868717312812805,0.821768581867218,opo,True,True
161829,2024-05,uncertain,2,0.005955544766038656,0.005313102155923843,0.9887314438819885,0.9887314438819885,uncertain,True,True
161830,2024-05,uncertain,2,0.003926078788936138,0.021472787484526634,0.9746010899543762,0.9746010899543762,uncertain,True,True
161831,2024-05,uncertain,2,0.06422470510005951,0.09619703143835068,0.8395783305168152,0.8395783305168152,uncertain,True,True
161832,2024-05,gov,0,0.7194645404815674,0.023176919668912888,0.257358580827713,0.7194645404815674,uncertain,True,True
161833,2024-05,gov,0,0.8280649781227112,0.052184849977493286,0.11975013464689255,0.8280649781227112,gov,True,True
161837,2024-05,opo,1,0.3270285129547119,0.3437170386314392,0.32925450801849365,0.3437170386314392,gov,True,True
161839,2024-05,opo,1,0.21584410965442657,0.7289146780967712,0.05524124205112457,0.7289146780967712,opo,True,True
162547,2024-05,opo,1,0.031104760244488716,0.9301060438156128,0.03878919407725334,0.9301060438156128,opo,True,True
162548,2024-05,uncertain,2,0.13158847391605377,0.3060753345489502,0.5623362064361572,0.5623362064361572,uncertain,True,True
162549,2024-05,uncertain,2,0.02411581203341484,0.03665807098150253,0.9392261505126953,0.9392261505126953,uncertain,True,True
162550,2024-05,uncertain,2,0.07370647042989731,0.2998547852039337,0.6264386773109436,0.6264386773109436,opo,True,True
162551,2024-05,uncertain,2,0.08338456600904465,0.07862436771392822,0.8379910588264465,0.8379910588264465,uncertain,True,True
162552,2024-05,gov,0,0.8352383971214294,0.012743772938847542,0.15201789140701294,0.8352383971214294,gov,True,True
162554,2024-05,gov,0,0.5828944444656372,0.11991097033023834,0.29719457030296326,0.5828944444656372,gov,True,True
162555,2024-05,uncertain,2,0.15432024002075195,0.0667286068201065,0.7789511680603027,0.7789511680603027,gov,True,True
162556,2024-05,uncertain,2,0.19157208502292633,0.22584089636802673,0.5825870037078857,0.5825870037078857,gov,True,True
162558,2024-05,opo,1,0.05132964253425598,0.9107286930084229,0.03794170916080475,0.9107286930084229,opo,True,True
162559,2024-05,opo,1,0.17654842138290405,0.6972934007644653,0.12615816295146942,0.6972934007644653,opo,True,True
163267,2024-05,opo,1,0.030313922092318535,0.9048612117767334,0.06482493877410889,0.9048612117767334,opo,True,True
163268,2024-05,opo,1,0.0771714299917221,0.4636223316192627,0.45920631289482117,0.4636223316192627,opo,True,True
163269,2024-05,uncertain,2,0.09112968295812607,0.0543031208217144,0.8545671701431274,0.8545671701431274,uncertain,True,True
163271,2024-05,uncertain,2,0.32733187079429626,0.16469106078147888,0.5079770684242249,0.5079770684242249,opo,True,True
163272,2024-05,uncertain,2,0.22057737410068512,0.15725411474704742,0.6221685409545898,0.6221685409545898,uncertain,True,True
163274,2024-05,opo,1,0.26968279480934143,0.4987584352493286,0.23155879974365234,0.4987584352493286,gov,True,True
163275,2024-05,uncertain,2,0.10209538787603378,0.10529647767543793,0.7926080822944641,0.7926080822944641,uncertain,True,True
163276,2024-05,uncertain,2,0.15499398112297058,0.16016149520874023,0.6848444938659668,0.6848444938659668,uncertain,True,True
163278,2024-05,opo,1,0.0453607514500618,0.8549339771270752,0.0997053012251854,0.8549339771270752,opo,True,True
163988,2024-05,uncertain,2,0.1832505762577057,0.2787671387195587,0.5379822850227356,0.5379822850227356,opo,True,True
163989,2024-05,uncertain,2,0.21359145641326904,0.1787574589252472,0.6076510548591614,0.6076510548591614,gov,True,True
163992,2024-05,uncertain,2,0.14519661664962769,0.36717379093170166,0.48762959241867065,0.48762959241867065,gov,True,True
163993,2024-05,uncertain,2,0.20976753532886505,0.3911045789718628,0.39912793040275574,0.39912793040275574,uncertain,True,True
163996,2024-05,uncertain,2,0.14914178848266602,0.1798264980316162,0.6710317134857178,0.6710317134857178,gov,True,True
163998,2024-05,opo,1,0.3080088198184967,0.6004836559295654,0.09150752425193787,0.6004836559295654,gov,True,True
164709,2024-05,uncertain,2,0.21912263333797455,0.06692221015691757,0.7139551639556885,0.7139551639556885,uncertain,True,True
164710,2024-05,gov,0,0.5457782745361328,0.1367122381925583,0.3175095021724701,0.5457782745361328,gov,True,True
164711,2024-05,gov,0,0.8545430302619934,0.023445699363946915,0.12201127409934998,0.8545430302619934,gov,True,True
164712,2024-05,gov,0,0.7678984999656677,0.04593827202916145,0.18616320192813873,0.7678984999656677,gov,True,True
164713,2024-05,gov,0,0.8956209421157837,0.0421457439661026,0.06223331019282341,0.8956209421157837,gov,True,True
164714,2024-05,uncertain,2,0.3086591064929962,0.033533550798892975,0.6578072905540466,0.6578072905540466,uncertain,True,True
164715,2024-05,uncertain,2,0.37065523862838745,0.1937282830476761,0.43561646342277527,0.43561646342277527,opo,True,True
164716,2024-05,opo,1,0.2932891249656677,0.6386222839355469,0.068088598549366,0.6386222839355469,opo,True,True
165430,2024-05,gov,0,0.4709097445011139,0.40077003836631775,0.12832024693489075,0.4709097445011139,opo,True,True
165433,2024-05,gov,0,0.4143851697444916,0.3250613808631897,0.2605534493923187,0.4143851697444916,uncertain,True,True
165435,2024-05,opo,1,0.08952829241752625,0.7303944230079651,0.18007723987102509,0.7303944230079651,opo,True,True
165436,2024-05,opo,1,0.26075372099876404,0.6337012052536011,0.10554508119821548,0.6337012052536011,opo,True,True
166150,2024-05,gov,0,0.7143086194992065,0.22315841913223267,0.06253299117088318,0.7143086194992065,gov,True,True
166152,2024-05,opo,1,0.23212513327598572,0.5846213102340698,0.18325361609458923,0.5846213102340698,opo,True,True
166154,2024-05,uncertain,2,0.2677966058254242,0.3591175675392151,0.3730858862400055,0.3730858862400055,gov,True,True
166155,2024-05,opo,1,0.184763103723526,0.6875522136688232,0.12768466770648956,0.6875522136688232,opo,True,True
166873,2024-05,opo,1,0.18511277437210083,0.4302723705768585,0.38461488485336304,0.4302723705768585,uncertain,True,True
166876,2024-05,opo,1,0.1209755539894104,0.85833740234375,0.02068704552948475,0.85833740234375,opo,True,True
166877,2024-05,opo,1,0.15601827204227448,0.7905688285827637,0.05341290310025215,0.7905688285827637,opo,True,True
167591,2024-05,gov,0,0.5146631598472595,0.21898344159126282,0.2663533687591553,0.5146631598472595,gov,True,True
167592,2024-05,gov,0,0.4655463993549347,0.23599952459335327,0.2984541356563568,0.4655463993549347,gov,True,True
167594,2024-05,gov,0,0.5645928978919983,0.18459701538085938,0.25081008672714233,0.5645928978919983,opo,True,True
167597,2024-05,opo,1,0.10003256797790527,0.8430080413818359,0.0569593720138073,0.8430080413818359,gov,True,True
168313,2024-05,gov,0,0.49188241362571716,0.08946909755468369,0.41864851117134094,0.49188241362571716,gov,True,True
168316,2024-05,opo,1,0.17077235877513885,0.7182719707489014,0.1109556034207344,0.7182719707489014,opo,True,True
169035,2024-05,gov,0,0.48884519934654236,0.0667935162782669,0.44436126947402954,0.48884519934654236,uncertain,True,True
169036,2024-05,gov,0,0.647665798664093,0.12969818711280823,0.22263601422309875,0.647665798664093,gov,True,True
169037,2024-05,gov,0,0.6104501485824585,0.133238285779953,0.2563116252422333,0.6104501485824585,gov,True,True
169756,2024-05,gov,0,0.6009995937347412,0.18125861883163452,0.21774177253246307,0.6009995937347412,gov,True,True
143838,2024-06,gov,0,0.4818267822265625,0.3285345435142517,0.18963873386383057,0.4818267822265625,gov,True,True
145998,2024-06,gov,0,0.517615556716919,0.21029025316238403,0.272094190120697,0.517615556716919,gov,True,True
147437,2024-06,gov,0,0.46035030484199524,0.17150473594665527,0.36814501881599426,0.46035030484199524,gov,True,True
147438,2024-06,gov,0,0.43763241171836853,0.1424427479505539,0.4199248254299164,0.43763241171836853,gov,True,True
147439,2024-06,uncertain,2,0.263072669506073,0.21321018040180206,0.5237171649932861,0.5237171649932861,uncertain,True,True
148158,2024-06,uncertain,2,0.2092570811510086,0.09460711479187012,0.6961358189582825,0.6961358189582825,uncertain,True,True
149597,2024-06,uncertain,2,0.16845440864562988,0.06675641238689423,0.7647892236709595,0.7647892236709595,uncertain,True,True
150307,2024-06,uncertain,2,0.13002294301986694,0.3573324978351593,0.5126445889472961,0.5126445889472961,gov,True,True
150317,2024-06,uncertain,2,0.0820465087890625,0.02837006188929081,0.8895835280418396,0.8895835280418396,uncertain,True,True
151756,2024-06,uncertain,2,0.16527271270751953,0.027496766299009323,0.807230532169342,0.807230532169342,uncertain,True,True
151757,2024-06,uncertain,2,0.17069067060947418,0.06369386613368988,0.7656154632568359,0.7656154632568359,uncertain,True,True
152476,2024-06,uncertain,2,0.3527350425720215,0.036141667515039444,0.611123263835907,0.611123263835907,gov,True,True
153190,2024-06,gov,0,0.6827013492584229,0.059060707688331604,0.25823795795440674,0.6827013492584229,gov,True,True
153191,2024-06,gov,0,0.7467314004898071,0.08604981005191803,0.16721874475479126,0.7467314004898071,gov,True,True
153192,2024-06,gov,0,0.8688638806343079,0.03568402677774429,0.09545210748910904,0.8688638806343079,gov,True,True
153193,2024-06,gov,0,0.7816101312637329,0.014342183247208595,0.20404769480228424,0.7816101312637329,gov,True,True
153196,2024-06,uncertain,2,0.3723337650299072,0.10668881237506866,0.5209774374961853,0.5209774374961853,gov,True,True
153197,2024-06,uncertain,2,0.3262951374053955,0.056181732565164566,0.6175230741500854,0.6175230741500854,uncertain,True,True
153910,2024-06,gov,0,0.6956837773323059,0.10365573316812515,0.20066043734550476,0.6956837773323059,gov,True,True
153911,2024-06,gov,0,0.5894075632095337,0.15648037195205688,0.25411200523376465,0.5894075632095337,gov,True,True
153912,2024-06,gov,0,0.5284954905509949,0.2631763517856598,0.20832818746566772,0.5284954905509949,gov,True,True
153913,2024-06,gov,0,0.5391132831573486,0.1149439886212349,0.34594273567199707,0.5391132831573486,gov,True,True
153914,2024-06,uncertain,2,0.43573546409606934,0.09213415533304214,0.4721303880214691,0.4721303880214691,gov,True,True
153915,2024-06,uncertain,2,0.1725160777568817,0.1692717969417572,0.6582121849060059,0.6582121849060059,uncertain,True,True
153916,2024-06,uncertain,2,0.4248712956905365,0.13641394674777985,0.43871477246284485,0.43871477246284485,gov,True,True
153917,2024-06,gov,0,0.6652810573577881,0.03325607627630234,0.3014628291130066,0.6652810573577881,gov,True,True
153918,2024-06,gov,0,0.6847104430198669,0.03985825553536415,0.2754313349723816,0.6847104430198669,gov,True,True
154630,2024-06,gov,0,0.9385825991630554,0.01811516471207142,0.0433022677898407,0.9385825991630554,gov,True,True
154631,2024-06,gov,0,0.9108020663261414,0.029380422085523605,0.059817492961883545,0.9108020663261414,gov,True,True
154632,2024-06,gov,0,0.8249589800834656,0.07799359411001205,0.09704745560884476,0.8249589800834656,gov,True,True
154633,2024-06,gov,0,0.7535396218299866,0.10841239243745804,0.13804800808429718,0.7535396218299866,gov,True,True
154634,2024-06,uncertain,2,0.3071688115596771,0.06404954195022583,0.6287816762924194,0.6287816762924194,gov,True,True
154635,2024-06,uncertain,2,0.11077411472797394,0.12685799598693848,0.7623679041862488,0.7623679041862488,uncertain,True,True
154636,2024-06,uncertain,2,0.14473921060562134,0.08605819195508957,0.7692026495933533,0.7692026495933533,uncertain,True,True
155351,2024-06,gov,0,0.7361035346984863,0.1979275792837143,0.06596888601779938,0.7361035346984863,gov,True,True
155352,2024-06,gov,0,0.5913910269737244,0.0796353816986084,0.32897359132766724,0.5913910269737244,gov,True,True
155354,2024-06,uncertain,2,0.11353912204504013,0.07055428624153137,0.8159065842628479,0.8159065842628479,uncertain,True,True
156069,2024-06,opo,1,0.3353429138660431,0.5379231572151184,0.1267339587211609,0.5379231572151184,gov,True,True
156071,2024-06,gov,0,0.7947076559066772,0.1574413776397705,0.04785096272826195,0.7947076559066772,gov,True,True
156072,2024-06,gov,0,0.6270425319671631,0.040735360234975815,0.3322221040725708,0.6270425319671631,gov,True,True
156073,2024-06,uncertain,2,0.4286079406738281,0.11578787118196487,0.4556041955947876,0.4556041955947876,gov,True,True
156074,2024-06,uncertain,2,0.2203635573387146,0.16248546540737152,0.6171509027481079,0.6171509027481079,uncertain,True,True
156075,2024-06,uncertain,2,0.040550459176301956,0.34070074558258057,0.6187487244606018,0.6187487244606018,uncertain,True,True
156788,2024-06,opo,1,0.23376581072807312,0.5033206343650818,0.26291361451148987,0.5033206343650818,gov,True,True
156789,2024-06,opo,1,0.3200182020664215,0.48394519090652466,0.19603663682937622,0.48394519090652466,gov,True,True
156791,2024-06,gov,0,0.8501822352409363,0.10473623871803284,0.04508151113986969,0.8501822352409363,gov,True,True
156792,2024-06,gov,0,0.6582813262939453,0.12051369249820709,0.2212049663066864,0.6582813262939453,gov,True,True
156793,2024-06,uncertain,2,0.3255345821380615,0.06027914211153984,0.6141862869262695,0.6141862869262695,uncertain,True,True
156794,2024-06,uncertain,2,0.14746086299419403,0.13633370399475098,0.7162054777145386,0.7162054777145386,gov,True,True
156795,2024-06,opo,1,0.018693814054131508,0.8154482841491699,0.1658579260110855,0.8154482841491699,opo,True,True
156796,2024-06,opo,1,0.012841477058827877,0.9523797035217285,0.03477882593870163,0.9523797035217285,opo,True,True
157508,2024-06,gov,0,0.3686456084251404,0.2728317677974701,0.3585226237773895,0.3686456084251404,uncertain,True,True
157510,2024-06,gov,0,0.6163333654403687,0.2532547414302826,0.13041195273399353,0.6163333654403687,gov,True,True
157511,2024-06,opo,1,0.27434200048446655,0.406517893075943,0.31914007663726807,0.406517893075943,gov,True,True
157513,2024-06,uncertain,2,0.24375085532665253,0.003432460129261017,0.7528166174888611,0.7528166174888611,uncertain,True,True
157514,2024-06,uncertain,2,0.09362110495567322,0.07466823607683182,0.8317107558250427,0.8317107558250427,uncertain,True,True
157515,2024-06,opo,1,0.021941818296909332,0.8656362891197205,0.11242184787988663,0.8656362891197205,opo,True,True
158229,2024-06,uncertain,2,0.17977716028690338,0.11052509397268295,0.7096977829933167,0.7096977829933167,uncertain,True,True
158231,2024-06,uncertain,2,0.2112460881471634,0.2334049940109253,0.5553489327430725,0.5553489327430725,gov,True,True
158233,2024-06,gov,0,0.5261310935020447,0.011358002200722694,0.46251097321510315,0.5261310935020447,gov,True,True
158235,2024-06,opo,1,0.07099462300539017,0.8577014803886414,0.07130386680364609,0.8577014803886414,opo,True,True
158236,2024-06,opo,1,0.039199478924274445,0.9014505743980408,0.05934992805123329,0.9014505743980408,opo,True,True
158237,2024-06,opo,1,0.02110896073281765,0.9210396409034729,0.057851437479257584,0.9210396409034729,opo,True,True
158238,2024-06,opo,1,0.10511759668588638,0.5254360437393188,0.369446337223053,0.5254360437393188,opo,True,True
158946,2024-06,opo,1,0.059264685958623886,0.7191810011863708,0.22155430912971497,0.7191810011863708,gov,True,True
158947,2024-06,opo,1,0.11164475232362747,0.7262176275253296,0.16213762760162354,0.7262176275253296,opo,True,True
158949,2024-06,uncertain,2,0.22854366898536682,0.19310876727104187,0.5783475637435913,0.5783475637435913,gov,True,True
158950,2024-06,gov,0,0.5420469045639038,0.19122092425823212,0.2667321562767029,0.5420469045639038,gov,True,True
158951,2024-06,gov,0,0.49056360125541687,0.28581780195236206,0.22361858189105988,0.49056360125541687,gov,True,True
158952,2024-06,gov,0,0.5800232887268066,0.13417352735996246,0.2858031988143921,0.5800232887268066,gov,True,True
158953,2024-06,gov,0,0.7900663018226624,0.06318562477827072,0.14674802124500275,0.7900663018226624,gov,True,True
158954,2024-06,opo,1,0.15175779163837433,0.4278866946697235,0.42035555839538574,0.4278866946697235,gov,True,True
158955,2024-06,opo,1,0.25546520948410034,0.6322463750839233,0.11228839308023453,0.6322463750839233,opo,True,True
158956,2024-06,opo,1,0.2763114869594574,0.6547170281410217,0.06897146999835968,0.6547170281410217,gov,True,True
158957,2024-06,opo,1,0.28995010256767273,0.6218171715736389,0.08823270350694656,0.6218171715736389,gov,True,True
158958,2024-06,gov,0,0.42879757285118103,0.38450533151626587,0.1866971105337143,0.42879757285118103,gov,True,True
158960,2024-06,gov,0,0.4297947287559509,0.19374226033687592,0.3764629364013672,0.4297947287559509,gov,True,True
159665,2024-06,opo,1,0.0609128400683403,0.5589582920074463,0.3801288306713104,0.5589582920074463,opo,True,True
159666,2024-06,opo,1,0.00803553219884634,0.9792956113815308,0.012668845243752003,0.9792956113815308,opo,True,True
159667,2024-06,opo,1,0.004831811413168907,0.980338454246521,0.014829706400632858,0.980338454246521,opo,True,True
159668,2024-06,opo,1,0.21466860175132751,0.4005303382873535,0.3848010301589966,0.4005303382873535,opo,True,True
159670,2024-06,gov,0,0.5195924639701843,0.05798034742474556,0.42242714762687683,0.5195924639701843,gov,True,True
159671,2024-06,gov,0,0.49452704191207886,0.09972555935382843,0.40574735403060913,0.49452704191207886,gov,True,True
159672,2024-06,gov,0,0.8285146355628967,0.022870296612381935,0.1486150175333023,0.8285146355628967,gov,True,True
159673,2024-06,gov,0,0.8078063130378723,0.017035145312547684,0.1751585602760315,0.8078063130378723,gov,True,True
159674,2024-06,gov,0,0.5528002381324768,0.0684516504406929,0.3787480890750885,0.5528002381324768,gov,True,True
159675,2024-06,uncertain,2,0.3544939160346985,0.13629977405071259,0.5092063546180725,0.5092063546180725,gov,True,True
159676,2024-06,gov,0,0.7921018600463867,0.14676664769649506,0.061131544411182404,0.7921018600463867,gov,True,True
159679,2024-06,gov,0,0.39911869168281555,0.3711267411708832,0.22975456714630127,0.39911869168281555,gov,True,True
159680,2024-06,gov,0,0.4075363576412201,0.21304506063461304,0.37941858172416687,0.4075363576412201,gov,True,True
160386,2024-06,opo,1,0.011832034215331078,0.9602295756340027,0.027938418090343475,0.9602295756340027,opo,True,True
160388,2024-06,uncertain,2,0.04014114290475845,0.20410120487213135,0.7557576298713684,0.7557576298713684,uncertain,True,True
160389,2024-06,uncertain,2,0.04104025289416313,0.017674816772341728,0.9412849545478821,0.9412849545478821,uncertain,True,True
160390,2024-06,uncertain,2,0.0944744348526001,0.03527011349797249,0.8702555298805237,0.8702555298805237,uncertain,True,True
160391,2024-06,uncertain,2,0.15589681267738342,0.056296855211257935,0.7878063917160034,0.7878063917160034,gov,True,True
160392,2024-06,gov,0,0.6319087147712708,0.003551418660208583,0.36453983187675476,0.6319087147712708,gov,True,True
160393,2024-06,gov,0,0.751987874507904,0.006735294125974178,0.24127686023712158,0.751987874507904,gov,True,True
160394,2024-06,gov,0,0.5887302756309509,0.04683873429894447,0.3644309937953949,0.5887302756309509,gov,True,True
160396,2024-06,gov,0,0.7114051580429077,0.07192762941122055,0.21666717529296875,0.7114051580429077,gov,True,True
160397,2024-06,gov,0,0.7768736481666565,0.10661084204912186,0.11651547253131866,0.7768736481666565,gov,True,True
160399,2024-06,gov,0,0.6673282384872437,0.12951155006885529,0.20316021144390106,0.6673282384872437,gov,True,True
160400,2024-06,gov,0,0.6438729166984558,0.08293614536523819,0.2731909155845642,0.6438729166984558,gov,True,True
161107,2024-06,opo,1,0.013705379329621792,0.9390947818756104,0.04719981923699379,0.9390947818756104,opo,True,True
161109,2024-06,uncertain,2,0.004948858171701431,0.009234616532921791,0.9858165979385376,0.9858165979385376,uncertain,True,True
161110,2024-06,uncertain,2,0.15722490847110748,0.151117742061615,0.6916573643684387,0.6916573643684387,gov,True,True
161111,2024-06,uncertain,2,0.29141637682914734,0.10732411593198776,0.6012595295906067,0.6012595295906067,gov,True,True
161112,2024-06,gov,0,0.9079108834266663,0.005393664352595806,0.08669538795948029,0.9079108834266663,gov,True,True
161113,2024-06,gov,0,0.8040006756782532,0.02808726765215397,0.1679120659828186,0.8040006756782532,gov,True,True
161116,2024-06,gov,0,0.47910499572753906,0.042274657636880875,0.4786202907562256,0.47910499572753906,gov,True,True
161117,2024-06,uncertain,2,0.3878592848777771,0.14361682534217834,0.4685238301753998,0.4685238301753998,gov,True,True
161118,2024-06,opo,1,0.3538338243961334,0.5955936908721924,0.05057253688573837,0.5955936908721924,opo,True,True
161119,2024-06,opo,1,0.4283922612667084,0.447999507188797,0.12360815703868866,0.447999507188797,gov,True,True
161120,2024-06,gov,0,0.6118384599685669,0.1214367225766182,0.2667247951030731,0.6118384599685669,gov,True,True
161827,2024-06,opo,1,0.013779780827462673,0.9330942630767822,0.05312590301036835,0.9330942630767822,opo,True,True
161829,2024-06,uncertain,2,0.0032457695342600346,0.014319252222776413,0.9824350476264954,0.9824350476264954,uncertain,True,True
161830,2024-06,uncertain,2,0.003434048965573311,0.06471124291419983,0.931854784488678,0.931854784488678,uncertain,True,True
161831,2024-06,uncertain,2,0.025342583656311035,0.27411365509033203,0.7005437612533569,0.7005437612533569,uncertain,True,True
161832,2024-06,uncertain,2,0.23845508694648743,0.13243044912815094,0.6291145086288452,0.6291145086288452,uncertain,True,True
161833,2024-06,opo,1,0.20929107069969177,0.5307549238204956,0.25995397567749023,0.5307549238204956,opo,True,True
161834,2024-06,opo,1,0.06821738183498383,0.6534298062324524,0.27835285663604736,0.6534298062324524,opo,True,True
161837,2024-06,gov,0,0.4481694996356964,0.26919978857040405,0.28263071179389954,0.4481694996356964,gov,True,True
161839,2024-06,opo,1,0.13231554627418518,0.8045995235443115,0.06308488547801971,0.8045995235443115,opo,True,True
162547,2024-06,opo,1,0.05790647119283676,0.8004767298698425,0.14161676168441772,0.8004767298698425,opo,True,True
162548,2024-06,uncertain,2,0.02230389229953289,0.026988301426172256,0.9507078528404236,0.9507078528404236,uncertain,True,True
162549,2024-06,uncertain,2,0.03644624352455139,0.07152899354696274,0.8920247554779053,0.8920247554779053,uncertain,True,True
162550,2024-06,opo,1,0.017146585509181023,0.7957220077514648,0.1871313899755478,0.7957220077514648,opo,True,True
162551,2024-06,uncertain,2,0.025404566898941994,0.3617631196975708,0.6128323078155518,0.6128323078155518,uncertain,True,True
162552,2024-06,gov,0,0.4262399971485138,0.23518991470336914,0.3385700583457947,0.4262399971485138,gov,True,True
162554,2024-06,uncertain,2,0.0935412123799324,0.050729263573884964,0.8557294607162476,0.8557294607162476,uncertain,True,True
162555,2024-06,uncertain,2,0.07229220867156982,0.029900215566158295,0.8978075385093689,0.8978075385093689,gov,True,True
162556,2024-06,uncertain,2,0.41555479168891907,0.05503224581480026,0.5294129848480225,0.5294129848480225,gov,True,True
162558,2024-06,opo,1,0.03025619499385357,0.9482488036155701,0.021495020017027855,0.9482488036155701,opo,True,True
162559,2024-06,opo,1,0.10105396807193756,0.8151865601539612,0.08375946432352066,0.8151865601539612,opo,True,True
163267,2024-06,opo,1,0.08117236196994781,0.837567925453186,0.08125968277454376,0.837567925453186,opo,True,True
163268,2024-06,uncertain,2,0.0628240704536438,0.09346992522478104,0.843705952167511,0.843705952167511,uncertain,True,True
163269,2024-06,uncertain,2,0.029797708615660667,0.04606042057275772,0.9241418838500977,0.9241418838500977,uncertain,True,True
163271,2024-06,uncertain,2,0.27149394154548645,0.04849306866526604,0.6800130009651184,0.6800130009651184,gov,True,True
163272,2024-06,uncertain,2,0.060233090072870255,0.03434319049119949,0.9054237604141235,0.9054237604141235,uncertain,True,True
163274,2024-06,uncertain,2,0.21615812182426453,0.08838429301977158,0.6954575777053833,0.6954575777053833,gov,True,True
163275,2024-06,uncertain,2,0.024453677237033844,0.00472282525151968,0.9708234667778015,0.9708234667778015,uncertain,True,True
163276,2024-06,uncertain,2,0.1743118315935135,0.01217497419565916,0.8135132193565369,0.8135132193565369,uncertain,True,True
163278,2024-06,opo,1,0.1254417449235916,0.8383167386054993,0.036241572350263596,0.8383167386054993,opo,True,True
163988,2024-06,opo,1,0.16460707783699036,0.5706498026847839,0.2647430896759033,0.5706498026847839,opo,True,True
163989,2024-06,uncertain,2,0.1296338140964508,0.4292369484901428,0.4411291778087616,0.4411291778087616,gov,True,True
163992,2024-06,gov,0,0.4096226096153259,0.3368900716304779,0.25348731875419617,0.4096226096153259,gov,True,True
163993,2024-06,uncertain,2,0.33526894450187683,0.1406317949295044,0.5240992307662964,0.5240992307662964,uncertain,True,True
163996,2024-06,uncertain,2,0.19787928462028503,0.05222925916314125,0.749891459941864,0.749891459941864,gov,True,True
163998,2024-06,opo,1,0.41447967290878296,0.49028295278549194,0.0952373519539833,0.49028295278549194,gov,True,True
164709,2024-06,uncertain,2,0.366578608751297,0.12867708504199982,0.5047443509101868,0.5047443509101868,uncertain,True,True
164710,2024-06,gov,0,0.7199940085411072,0.02990756742656231,0.25009840726852417,0.7199940085411072,gov,True,True
164711,2024-06,gov,0,0.7903798222541809,0.07975655049085617,0.12986361980438232,0.7903798222541809,gov,True,True
164712,2024-06,gov,0,0.5986043810844421,0.3448522686958313,0.056543294340372086,0.5986043810844421,gov,True,True
164713,2024-06,gov,0,0.5179417133331299,0.19970130920410156,0.2823569178581238,0.5179417133331299,gov,True,True
164714,2024-06,uncertain,2,0.2671520411968231,0.03022858314216137,0.7026193141937256,0.7026193141937256,uncertain,True,True
164715,2024-06,uncertain,2,0.2783660888671875,0.22625310719013214,0.49538084864616394,0.49538084864616394,uncertain,True,True
164716,2024-06,opo,1,0.15275748074054718,0.7025870680809021,0.14465543627738953,0.7025870680809021,opo,True,True
165430,2024-06,gov,0,0.4392646551132202,0.18067501485347748,0.3800604045391083,0.4392646551132202,gov,True,True
165433,2024-06,opo,1,0.14986802637577057,0.6055355668067932,0.24459634721279144,0.6055355668067932,uncertain,True,True
165435,2024-06,opo,1,0.08302515745162964,0.7604016661643982,0.15657319128513336,0.7604016661643982,opo,True,True
165436,2024-06,opo,1,0.10491059720516205,0.8214694857597351,0.07361990213394165,0.8214694857597351,opo,True,True
166150,2024-06,gov,0,0.6810325980186462,0.15947332978248596,0.159494087100029,0.6810325980186462,gov,True,True
166152,2024-06,opo,1,0.20440548658370972,0.732145369052887,0.06344921141862869,0.732145369052887,opo,True,True
166154,2024-06,opo,1,0.1662568300962448,0.4948084354400635,0.3389348089694977,0.4948084354400635,gov,True,True
166155,2024-06,opo,1,0.16590377688407898,0.46937763690948486,0.36471864581108093,0.46937763690948486,uncertain,True,True
166156,2024-06,opo,1,0.13114671409130096,0.757548987865448,0.11130434274673462,0.757548987865448,opo,True,True
166873,2024-06,uncertain,2,0.22456330060958862,0.19359464943408966,0.5818420052528381,0.5818420052528381,uncertain,True,True
166876,2024-06,opo,1,0.05505405366420746,0.8615735173225403,0.08337242156267166,0.8615735173225403,opo,True,True
166877,2024-06,opo,1,0.05878889188170433,0.9067342877388,0.03447677195072174,0.9067342877388,gov,True,True
167591,2024-06,gov,0,0.41367143392562866,0.17976658046245575,0.40656203031539917,0.41367143392562866,gov,True,True
167592,2024-06,uncertain,2,0.39118510484695435,0.19861802458763123,0.41019678115844727,0.41019678115844727,gov,True,True
167594,2024-06,uncertain,2,0.29645270109176636,0.19063705205917358,0.5129102468490601,0.5129102468490601,uncertain,True,True
167597,2024-06,opo,1,0.10293373465538025,0.7734656929969788,0.12360063940286636,0.7734656929969788,gov,True,True
168313,2024-06,gov,0,0.46623867750167847,0.13691452145576477,0.39684680104255676,0.46623867750167847,gov,True,True
168316,2024-06,opo,1,0.20516502857208252,0.5511146187782288,0.24372032284736633,0.5511146187782288,opo,True,True
169035,2024-06,uncertain,2,0.25421544909477234,0.038094185292720795,0.7076903581619263,0.7076903581619263,uncertain,True,True
169036,2024-06,gov,0,0.6336390972137451,0.1347516030073166,0.23160924017429352,0.6336390972137451,gov,True,True
169037,2024-06,gov,0,0.6937456130981445,0.19800524413585663,0.10824914276599884,0.6937456130981445,gov,True,True
169756,2024-06,gov,0,0.597178041934967,0.05603710934519768,0.3467848598957062,0.597178041934967,gov,True,True
143838,2024-07,gov,0,0.4650188386440277,0.3365873694419861,0.1983938068151474,0.4650188386440277,gov,True,True
145998,2024-07,gov,0,0.4913032650947571,0.18208085000514984,0.3266158998012543,0.4913032650947571,gov,True,True
147437,2024-07,gov,0,0.610353946685791,0.14555303752422333,0.24409295618534088,0.610353946685791,gov,True,True
147438,2024-07,uncertain,2,0.41742008924484253,0.1122555211186409,0.47032439708709717,0.47032439708709717,gov,True,True
147439,2024-07,uncertain,2,0.28211331367492676,0.09630321711301804,0.6215834617614746,0.6215834617614746,uncertain,True,True
148158,2024-07,uncertain,2,0.215626060962677,0.10458976775407791,0.6797841787338257,0.6797841787338257,uncertain,True,True
149597,2024-07,uncertain,2,0.1435019075870514,0.06770103424787521,0.7887970209121704,0.7887970209121704,uncertain,True,True
150307,2024-07,uncertain,2,0.28505638241767883,0.29256564378738403,0.42237797379493713,0.42237797379493713,gov,True,True
150317,2024-07,uncertain,2,0.10967567563056946,0.03390131890773773,0.856423020362854,0.856423020362854,uncertain,True,True
151756,2024-07,uncertain,2,0.28042149543762207,0.023334888741374016,0.6962435841560364,0.6962435841560364,uncertain,True,True
151757,2024-07,uncertain,2,0.19477838277816772,0.03321250528097153,0.7720091342926025,0.7720091342926025,uncertain,True,True
152476,2024-07,uncertain,2,0.4256628453731537,0.0782758966088295,0.4960612952709198,0.4960612952709198,gov,True,True
153190,2024-07,gov,0,0.6158974170684814,0.07084644585847855,0.3132561147212982,0.6158974170684814,gov,True,True
153191,2024-07,gov,0,0.7877033352851868,0.07448440790176392,0.13781225681304932,0.7877033352851868,gov,True,True
153192,2024-07,gov,0,0.7430275678634644,0.03175544738769531,0.22521694004535675,0.7430275678634644,gov,True,True
153193,2024-07,gov,0,0.8431248068809509,0.03251301497220993,0.12436216324567795,0.8431248068809509,gov,True,True
153196,2024-07,uncertain,2,0.411204993724823,0.13585267961025238,0.4529423415660858,0.4529423415660858,gov,True,True
153197,2024-07,uncertain,2,0.2134699672460556,0.03727903217077255,0.7492510080337524,0.7492510080337524,uncertain,True,True
153910,2024-07,gov,0,0.4406108856201172,0.28145912289619446,0.27793005108833313,0.4406108856201172,gov,True,True
153911,2024-07,gov,0,0.7820658683776855,0.07178398966789246,0.146150141954422,0.7820658683776855,gov,True,True
153912,2024-07,gov,0,0.5359695553779602,0.11868204921483994,0.3453483581542969,0.5359695553779602,gov,True,True
153913,2024-07,gov,0,0.5361265540122986,0.21476399898529053,0.24910949170589447,0.5361265540122986,gov,True,True
153914,2024-07,uncertain,2,0.40834829211235046,0.12512771785259247,0.46652403473854065,0.46652403473854065,gov,True,True
153915,2024-07,uncertain,2,0.15862108767032623,0.13680091500282288,0.7045779824256897,0.7045779824256897,uncertain,True,True
153916,2024-07,uncertain,2,0.376342236995697,0.1205722987651825,0.5030854344367981,0.5030854344367981,gov,True,True
153917,2024-07,uncertain,2,0.3085417151451111,0.0439484603703022,0.6475098729133606,0.6475098729133606,gov,True,True
153918,2024-07,uncertain,2,0.3486206829547882,0.04018493369221687,0.6111944317817688,0.6111944317817688,gov,True,True
154630,2024-07,gov,0,0.7272494435310364,0.08387666940689087,0.18887388706207275,0.7272494435310364,gov,True,True
154631,2024-07,gov,0,0.8636691570281982,0.0664612427353859,0.0698695108294487,0.8636691570281982,gov,True,True
154632,2024-07,gov,0,0.7449559569358826,0.14031226933002472,0.1147317960858345,0.7449559569358826,gov,True,True
154633,2024-07,gov,0,0.7156636118888855,0.06101805716753006,0.22331827878952026,0.7156636118888855,gov,True,True
154634,2024-07,uncertain,2,0.2742757797241211,0.029310252517461777,0.6964139342308044,0.6964139342308044,gov,True,True
154635,2024-07,uncertain,2,0.19811169803142548,0.07988745719194412,0.7220008373260498,0.7220008373260498,uncertain,True,True
154636,2024-07,uncertain,2,0.3333851993083954,0.16213369369506836,0.5044810771942139,0.5044810771942139,uncertain,True,True
155350,2024-07,gov,0,0.609929084777832,0.3182745575904846,0.07179637998342514,0.609929084777832,gov,True,True
155351,2024-07,gov,0,0.5650806427001953,0.3709031641483307,0.0640161782503128,0.5650806427001953,gov,True,True
155352,2024-07,gov,0,0.6321005821228027,0.2463245689868927,0.12157485634088516,0.6321005821228027,gov,True,True
155354,2024-07,uncertain,2,0.20281656086444855,0.05172951892018318,0.745453953742981,0.745453953742981,uncertain,True,True
156069,2024-07,opo,1,0.16548530757427216,0.7012258768081665,0.13328883051872253,0.7012258768081665,opo,True,True
156071,2024-07,gov,0,0.5612587928771973,0.4031629264354706,0.03557821735739708,0.5612587928771973,gov,True,True
156072,2024-07,uncertain,2,0.3784531056880951,0.14671237766742706,0.47483453154563904,0.47483453154563904,gov,True,True
156073,2024-07,uncertain,2,0.2613416314125061,0.05727345123887062,0.6813849210739136,0.6813849210739136,gov,True,True
156074,2024-07,uncertain,2,0.1332940012216568,0.06055118143558502,0.8061547875404358,0.8061547875404358,uncertain,True,True
156075,2024-07,uncertain,2,0.026881219819188118,0.066106416285038,0.9070123434066772,0.9070123434066772,uncertain,True,True
156788,2024-07,uncertain,2,0.16064895689487457,0.3750443756580353,0.46430665254592896,0.46430665254592896,gov,True,True
156789,2024-07,opo,1,0.2552680969238281,0.3893561065196991,0.3553757965564728,0.3893561065196991,uncertain,True,True
156791,2024-07,gov,0,0.8639230132102966,0.10011310875415802,0.03596377745270729,0.8639230132102966,gov,True,True
156792,2024-07,gov,0,0.6167633533477783,0.07900411635637283,0.30423256754875183,0.6167633533477783,gov,True,True
156793,2024-07,uncertain,2,0.24694466590881348,0.06895147264003754,0.6841038465499878,0.6841038465499878,uncertain,True,True
156794,2024-07,uncertain,2,0.10623691231012344,0.10260038822889328,0.7911627292633057,0.7911627292633057,gov,True,True
156795,2024-07,opo,1,0.04028182104229927,0.5705011487007141,0.38921698927879333,0.5705011487007141,opo,True,True
156796,2024-07,opo,1,0.051596008241176605,0.9113963842391968,0.03700758516788483,0.9113963842391968,opo,True,True
157508,2024-07,uncertain,2,0.3153063654899597,0.2978742718696594,0.38681936264038086,0.38681936264038086,gov,True,True
157510,2024-07,gov,0,0.42214980721473694,0.3612416088581085,0.2166086733341217,0.42214980721473694,gov,True,True
157511,2024-07,opo,1,0.42539238929748535,0.43120625615119934,0.1434013694524765,0.43120625615119934,gov,True,True
157513,2024-07,uncertain,2,0.04945186525583267,0.016898110508918762,0.9336500763893127,0.9336500763893127,uncertain,True,True
157514,2024-07,uncertain,2,0.05777185037732124,0.047067802399396896,0.8951603174209595,0.8951603174209595,uncertain,True,True
157515,2024-07,uncertain,2,0.07909839600324631,0.2387976050376892,0.6821039915084839,0.6821039915084839,uncertain,True,True
158229,2024-07,uncertain,2,0.14594654738903046,0.20732632279396057,0.6467271447181702,0.6467271447181702,uncertain,True,True
158231,2024-07,uncertain,2,0.18554972112178802,0.17858609557151794,0.6358641386032104,0.6358641386032104,gov,True,True
158233,2024-07,uncertain,2,0.32290637493133545,0.025533068925142288,0.6515606045722961,0.6515606045722961,gov,True,True
158235,2024-07,opo,1,0.14434081315994263,0.5761758685112,0.2794833183288574,0.5761758685112,opo,True,True
158236,2024-07,opo,1,0.06488882005214691,0.9139565825462341,0.02115454711019993,0.9139565825462341,opo,True,True
158237,2024-07,opo,1,0.036626312881708145,0.9460662007331848,0.01730748638510704,0.9460662007331848,opo,True,True
158238,2024-07,opo,1,0.18675582110881805,0.5902702212333679,0.22297397255897522,0.5902702212333679,opo,True,True
158946,2024-07,opo,1,0.05304897576570511,0.7942315936088562,0.1527194231748581,0.7942315936088562,gov,True,True
158947,2024-07,opo,1,0.023946737870573997,0.9048385620117188,0.07121475040912628,0.9048385620117188,opo,True,True
158949,2024-07,uncertain,2,0.3539819121360779,0.2801595628261566,0.3658584952354431,0.3658584952354431,gov,True,True
158950,2024-07,gov,0,0.6523345708847046,0.149791419506073,0.1978740245103836,0.6523345708847046,gov,True,True
158951,2024-07,uncertain,2,0.3913947343826294,0.19164665043354034,0.41695865988731384,0.41695865988731384,gov,True,True
158952,2024-07,uncertain,2,0.27797049283981323,0.19562947750091553,0.5263999700546265,0.5263999700546265,gov,True,True
158953,2024-07,gov,0,0.5506138801574707,0.15497739613056183,0.2944087088108063,0.5506138801574707,gov,True,True
158954,2024-07,opo,1,0.3258747160434723,0.3697630763053894,0.3043622672557831,0.3697630763053894,gov,True,True
158955,2024-07,opo,1,0.39762333035469055,0.4881237745285034,0.1142529621720314,0.4881237745285034,opo,True,True
158956,2024-07,gov,0,0.7063565254211426,0.27199992537498474,0.021643487736582756,0.7063565254211426,gov,True,True
158957,2024-07,gov,0,0.5945553183555603,0.39476141333580017,0.010683268308639526,0.5945553183555603,gov,True,True
158958,2024-07,gov,0,0.6556787490844727,0.2549833059310913,0.08933795988559723,0.6556787490844727,gov,True,True
158960,2024-07,gov,0,0.46317633986473083,0.2412460893392563,0.2955775856971741,0.46317633986473083,gov,True,True
159665,2024-07,uncertain,2,0.046244557946920395,0.42783454060554504,0.5259209275245667,0.5259209275245667,opo,True,True
159666,2024-07,opo,1,0.007571834605187178,0.96669602394104,0.02573213540017605,0.96669602394104,opo,True,True
159667,2024-07,opo,1,0.003102540737017989,0.9794405698776245,0.017456835135817528,0.9794405698776245,opo,True,True
159668,2024-07,opo,1,0.08719839155673981,0.683035671710968,0.22976598143577576,0.683035671710968,opo,True,True
159670,2024-07,gov,0,0.8554730415344238,0.03777823597192764,0.10674873739480972,0.8554730415344238,gov,True,True
159671,2024-07,gov,0,0.9244305491447449,0.03363460674881935,0.041934918612241745,0.9244305491447449,gov,True,True
159672,2024-07,gov,0,0.865172266960144,0.04498343542218208,0.08984428644180298,0.865172266960144,gov,True,True
159673,2024-07,gov,0,0.8036084175109863,0.03192991390824318,0.1644616276025772,0.8036084175109863,gov,True,True
159674,2024-07,gov,0,0.6979199051856995,0.1302604079246521,0.17181973159313202,0.6979199051856995,gov,True,True
159675,2024-07,gov,0,0.6645092368125916,0.28335049748420715,0.0521402470767498,0.6645092368125916,gov,True,True
159676,2024-07,gov,0,0.740368664264679,0.23263303935527802,0.02699826844036579,0.740368664264679,gov,True,True
159679,2024-07,gov,0,0.5058541893959045,0.2011350691318512,0.29301080107688904,0.5058541893959045,gov,True,True
159680,2024-07,gov,0,0.4400532841682434,0.20495903491973877,0.3549876809120178,0.4400532841682434,gov,True,True
160386,2024-07,opo,1,0.006133635528385639,0.9813588261604309,0.01250755786895752,0.9813588261604309,opo,True,True
160388,2024-07,uncertain,2,0.020834747701883316,0.4293905198574066,0.549774706363678,0.549774706363678,uncertain,True,True
160389,2024-07,uncertain,2,0.02665737457573414,0.037789661437273026,0.9355528950691223,0.9355528950691223,uncertain,True,True
160390,2024-07,uncertain,2,0.09067731350660324,0.03709683567285538,0.8722258806228638,0.8722258806228638,uncertain,True,True
160391,2024-07,uncertain,2,0.41400444507598877,0.13894785940647125,0.44704777002334595,0.44704777002334595,gov,True,True
160392,2024-07,gov,0,0.9543027281761169,0.013673079200088978,0.0320243164896965,0.9543027281761169,gov,True,True
160393,2024-07,gov,0,0.7390596866607666,0.012759518809616566,0.24818085134029388,0.7390596866607666,gov,True,True
160394,2024-07,uncertain,2,0.32664382457733154,0.14458738267421722,0.5287688374519348,0.5287688374519348,gov,True,True
160396,2024-07,gov,0,0.7321041226387024,0.09379318356513977,0.17410261929035187,0.7321041226387024,gov,True,True
160397,2024-07,gov,0,0.848713755607605,0.05433930829167366,0.09694688767194748,0.848713755607605,gov,True,True
160399,2024-07,gov,0,0.8028857111930847,0.06006419658660889,0.1370500773191452,0.8028857111930847,gov,True,True
160400,2024-07,gov,0,0.7308849096298218,0.034400470554828644,0.2347145825624466,0.7308849096298218,gov,True,True
161107,2024-07,opo,1,0.013880984857678413,0.9441338181495667,0.04198525846004486,0.9441338181495667,opo,True,True
161109,2024-07,uncertain,2,0.010697786696255207,0.0032104195561259985,0.9860917925834656,0.9860917925834656,uncertain,True,True
161110,2024-07,gov,0,0.5276931524276733,0.019426830112934113,0.45287999510765076,0.5276931524276733,gov,True,True
161111,2024-07,gov,0,0.9063636064529419,0.0030357232317328453,0.09060075134038925,0.9063636064529419,gov,True,True
161112,2024-07,gov,0,0.9874141812324524,0.0010292486986145377,0.011556537821888924,0.9874141812324524,gov,True,True
161113,2024-07,gov,0,0.674045979976654,0.01586037315428257,0.3100936710834503,0.674045979976654,gov,True,True
161116,2024-07,gov,0,0.5419140458106995,0.012078315950930119,0.4460076689720154,0.5419140458106995,gov,True,True
161117,2024-07,gov,0,0.6163321137428284,0.04828791320323944,0.335379958152771,0.6163321137428284,gov,True,True
161118,2024-07,gov,0,0.6136822700500488,0.22569166123867035,0.16062608361244202,0.6136822700500488,opo,True,True
161119,2024-07,gov,0,0.6309089064598083,0.1331530660390854,0.23593798279762268,0.6309089064598083,gov,True,True
161120,2024-07,gov,0,0.8113870620727539,0.03546420484781265,0.15314877033233643,0.8113870620727539,gov,True,True
161827,2024-07,opo,1,0.014309453777968884,0.9499096274375916,0.03578092157840729,0.9499096274375916,opo,True,True
161829,2024-07,uncertain,2,0.004608498886227608,0.014029596000909805,0.9813619256019592,0.9813619256019592,uncertain,True,True
161830,2024-07,uncertain,2,0.014396053738892078,0.022989239543676376,0.9626147150993347,0.9626147150993347,uncertain,True,True
161831,2024-07,uncertain,2,0.05761096999049187,0.0174237210303545,0.9249652624130249,0.9249652624130249,uncertain,True,True
161832,2024-07,gov,0,0.6394089460372925,0.1155659630894661,0.2450251430273056,0.6394089460372925,gov,True,True
161833,2024-07,opo,1,0.07243296504020691,0.6934729218482971,0.23409403860569,0.6934729218482971,opo,True,True
161834,2024-07,opo,1,0.022353943437337875,0.7988480925559998,0.17879796028137207,0.7988480925559998,opo,True,True
161837,2024-07,opo,1,0.08595298230648041,0.7741797566413879,0.13986718654632568,0.7741797566413879,opo,True,True
161839,2024-07,opo,1,0.24597957730293274,0.5783978700637817,0.1756225824356079,0.5783978700637817,opo,True,True
162547,2024-07,opo,1,0.03639616444706917,0.928240954875946,0.03536287695169449,0.928240954875946,opo,True,True
162548,2024-07,uncertain,2,0.0649329125881195,0.12155921012163162,0.8135079145431519,0.8135079145431519,uncertain,True,True
162549,2024-07,uncertain,2,0.05425597354769707,0.18425287306308746,0.7614911794662476,0.7614911794662476,uncertain,True,True
162550,2024-07,opo,1,0.06508051604032516,0.7011999487876892,0.23371949791908264,0.7011999487876892,opo,True,True
162551,2024-07,uncertain,2,0.11774597316980362,0.1337641179561615,0.7484899163246155,0.7484899163246155,uncertain,True,True
162552,2024-07,gov,0,0.4206944704055786,0.3068183660507202,0.2724871039390564,0.4206944704055786,gov,True,True
162553,2024-07,opo,1,0.019439823925495148,0.9742955565452576,0.006264632102102041,0.9742955565452576,opo,True,True
162554,2024-07,opo,1,0.015477394685149193,0.8674582839012146,0.11706426739692688,0.8674582839012146,opo,True,True
162555,2024-07,opo,1,0.03165159374475479,0.5984187722206116,0.36992961168289185,0.5984187722206116,uncertain,True,True
162556,2024-07,opo,1,0.00987238809466362,0.8752049803733826,0.11492256820201874,0.8752049803733826,opo,True,True
162558,2024-07,opo,1,0.0014519946416839957,0.9946244359016418,0.0039235628210008144,0.9946244359016418,opo,True,True
162559,2024-07,opo,1,0.025661952793598175,0.9369596242904663,0.037378378212451935,0.9369596242904663,opo,True,True
163267,2024-07,opo,1,0.065579853951931,0.8441147208213806,0.09030542522668839,0.8441147208213806,opo,True,True
163268,2024-07,uncertain,2,0.06429803371429443,0.17842453718185425,0.7572774887084961,0.7572774887084961,uncertain,True,True
163269,2024-07,uncertain,2,0.1353011578321457,0.09334301203489304,0.7713558077812195,0.7713558077812195,uncertain,True,True
163271,2024-07,gov,0,0.6195334196090698,0.05548999086022377,0.32497653365135193,0.6195334196090698,gov,True,True
163272,2024-07,uncertain,2,0.11220110207796097,0.037419069558382034,0.8503798842430115,0.8503798842430115,uncertain,True,True
163274,2024-07,uncertain,2,0.06459932029247284,0.44416433572769165,0.49123626947402954,0.49123626947402954,opo,True,True
163275,2024-07,uncertain,2,0.007484471425414085,0.03900272026658058,0.9535127878189087,0.9535127878189087,uncertain,True,True
163276,2024-07,uncertain,2,0.0235338993370533,0.09994103014469147,0.8765251040458679,0.8765251040458679,uncertain,True,True
163278,2024-07,opo,1,0.016719534993171692,0.9139279127120972,0.06935260444879532,0.9139279127120972,opo,True,True
163988,2024-07,opo,1,0.13135206699371338,0.571550726890564,0.29709720611572266,0.571550726890564,opo,True,True
163989,2024-07,opo,1,0.32166606187820435,0.3938983082771301,0.2844356298446655,0.3938983082771301,gov,True,True
163992,2024-07,gov,0,0.620755672454834,0.0823347270488739,0.29690954089164734,0.620755672454834,gov,True,True
163993,2024-07,gov,0,0.5465580224990845,0.08157414197921753,0.371867835521698,0.5465580224990845,gov,True,True
163996,2024-07,uncertain,2,0.15827882289886475,0.24293875694274902,0.5987824201583862,0.5987824201583862,gov,True,True
163998,2024-07,opo,1,0.1894313395023346,0.5738643407821655,0.23670431971549988,0.5738643407821655,gov,True,True
164709,2024-07,uncertain,2,0.4047447443008423,0.07444889098405838,0.5208063721656799,0.5208063721656799,uncertain,True,True
164710,2024-07,gov,0,0.7984225153923035,0.09708994626998901,0.10448756814002991,0.7984225153923035,gov,True,True
164711,2024-07,gov,0,0.6836351752281189,0.25401756167411804,0.06234726682305336,0.6836351752281189,gov,True,True
164712,2024-07,gov,0,0.6913943886756897,0.24101141095161438,0.06759420782327652,0.6913943886756897,gov,True,True
164713,2024-07,gov,0,0.5659369826316833,0.09151898324489594,0.3425440192222595,0.5659369826316833,gov,True,True
164714,2024-07,uncertain,2,0.15130428969860077,0.08443361520767212,0.7642620801925659,0.7642620801925659,uncertain,True,True
164715,2024-07,gov,0,0.3787098526954651,0.30811065435409546,0.31317946314811707,0.3787098526954651,uncertain,True,True
164716,2024-07,opo,1,0.0937320739030838,0.6773915886878967,0.22887635231018066,0.6773915886878967,opo,True,True
165430,2024-07,gov,0,0.5749878287315369,0.2666653096675873,0.15834684669971466,0.5749878287315369,gov,True,True
165433,2024-07,gov,0,0.5624001622200012,0.09731065481901169,0.3402892053127289,0.5624001622200012,uncertain,True,True
165435,2024-07,opo,1,0.2663671374320984,0.58437579870224,0.149257093667984,0.58437579870224,opo,True,True
165436,2024-07,opo,1,0.1420697122812271,0.828163743019104,0.029766520485281944,0.828163743019104,opo,True,True
166150,2024-07,gov,0,0.6854537725448608,0.2350894957780838,0.07945667952299118,0.6854537725448608,gov,True,True
166152,2024-07,opo,1,0.2546793818473816,0.628135085105896,0.11718551814556122,0.628135085105896,opo,True,True
166154,2024-07,uncertain,2,0.33975788950920105,0.1765350103378296,0.48370715975761414,0.48370715975761414,gov,True,True
166155,2024-07,opo,1,0.2161697894334793,0.585877001285553,0.1979532539844513,0.585877001285553,uncertain,True,True
166156,2024-07,opo,1,0.13150256872177124,0.8474997878074646,0.02099764160811901,0.8474997878074646,opo,True,True
166157,2024-07,opo,1,0.11492184549570084,0.7831199765205383,0.10195817053318024,0.7831199765205383,gov,True,True
166873,2024-07,uncertain,2,0.3144707977771759,0.1296611726284027,0.5558680295944214,0.5558680295944214,gov,True,True
166876,2024-07,opo,1,0.1858901083469391,0.7183718085289001,0.09573806077241898,0.7183718085289001,opo,True,True
166877,2024-07,opo,1,0.252631813287735,0.6399736404418945,0.10739459097385406,0.6399736404418945,gov,True,True
167591,2024-07,gov,0,0.79978346824646,0.06314143538475037,0.13707512617111206,0.79978346824646,gov,True,True
167592,2024-07,gov,0,0.509308397769928,0.13982026278972626,0.3508712649345398,0.509308397769928,gov,True,True
167594,2024-07,gov,0,0.484223872423172,0.06699810177087784,0.44877803325653076,0.484223872423172,uncertain,True,True
167597,2024-07,opo,1,0.28800350427627563,0.5589717626571655,0.15302470326423645,0.5589717626571655,gov,True,True
168313,2024-07,gov,0,0.5807246565818787,0.023817775771021843,0.3954576253890991,0.5807246565818787,gov,True,True
168316,2024-07,opo,1,0.1975141316652298,0.7309712171554565,0.07151466608047485,0.7309712171554565,opo,True,True
169035,2024-07,uncertain,2,0.2288462221622467,0.035023633390665054,0.7361301779747009,0.7361301779747009,uncertain,True,True
169036,2024-07,gov,0,0.5351645350456238,0.11480695009231567,0.35002851486206055,0.5351645350456238,gov,True,True
169037,2024-07,gov,0,0.7309623956680298,0.15572118759155273,0.11331640928983688,0.7309623956680298,gov,True,True
169756,2024-07,gov,0,0.6218317747116089,0.044495485723018646,0.3336727023124695,0.6218317747116089,gov,True,True
143838,2024-08,gov,0,0.5227738618850708,0.30969297885894775,0.16753314435482025,0.5227738618850708,gov,True,True
145998,2024-08,gov,0,0.4653628170490265,0.23512783646583557,0.29950934648513794,0.4653628170490265,gov,True,True
147437,2024-08,gov,0,0.49724945425987244,0.17400828003883362,0.32874220609664917,0.49724945425987244,gov,True,True
147438,2024-08,gov,0,0.5078086853027344,0.2166326344013214,0.2755587697029114,0.5078086853027344,gov,True,True
147439,2024-08,gov,0,0.6496395468711853,0.1461508870124817,0.2042095959186554,0.6496395468711853,gov,True,True
148158,2024-08,gov,0,0.461273193359375,0.1569749116897583,0.3817518651485443,0.461273193359375,gov,True,True
149597,2024-08,uncertain,2,0.1465151607990265,0.08500871062278748,0.7684761881828308,0.7684761881828308,uncertain,True,True
150307,2024-08,opo,1,0.05532044172286987,0.4916177988052368,0.4530617296695709,0.4916177988052368,gov,True,True
150317,2024-08,uncertain,2,0.18300530314445496,0.044392701238393784,0.7726019620895386,0.7726019620895386,gov,True,True
151756,2024-08,uncertain,2,0.35280078649520874,0.11307190358638763,0.5341272950172424,0.5341272950172424,gov,True,True
151757,2024-08,uncertain,2,0.2156958431005478,0.05605278164148331,0.7282513380050659,0.7282513380050659,uncertain,True,True
152476,2024-08,gov,0,0.5751771330833435,0.0850781723856926,0.3397447168827057,0.5751771330833435,gov,True,True
153190,2024-08,gov,0,0.4860699474811554,0.15398956835269928,0.35994046926498413,0.4860699474811554,gov,True,True
153191,2024-08,gov,0,0.6341241002082825,0.1914394497871399,0.17443647980690002,0.6341241002082825,gov,True,True
153192,2024-08,gov,0,0.9035847783088684,0.049974147230386734,0.04644106328487396,0.9035847783088684,gov,True,True
153193,2024-08,gov,0,0.9323441386222839,0.03196399286389351,0.03569181263446808,0.9323441386222839,gov,True,True
153196,2024-08,gov,0,0.5854907631874084,0.08028517663478851,0.33422407507896423,0.5854907631874084,gov,True,True
153197,2024-08,uncertain,2,0.32671135663986206,0.08062327653169632,0.5926653742790222,0.5926653742790222,uncertain,True,True
153910,2024-08,uncertain,2,0.2684377431869507,0.2898068130016327,0.4417554438114166,0.4417554438114166,gov,True,True
153911,2024-08,gov,0,0.49761348962783813,0.3233931362628937,0.1789933741092682,0.49761348962783813,gov,True,True
153912,2024-08,gov,0,0.7440122365951538,0.1418006420135498,0.11418713629245758,0.7440122365951538,gov,True,True
153913,2024-08,gov,0,0.8008911609649658,0.12116988003253937,0.07793892174959183,0.8008911609649658,gov,True,True
153914,2024-08,gov,0,0.712677538394928,0.14147751033306122,0.14584502577781677,0.712677538394928,gov,True,True
153915,2024-08,gov,0,0.5356175303459167,0.3002665042877197,0.16411596536636353,0.5356175303459167,gov,True,True
153916,2024-08,gov,0,0.6417021751403809,0.18288736045360565,0.17541047930717468,0.6417021751403809,gov,True,True
153917,2024-08,gov,0,0.6604017019271851,0.11646663397550583,0.2231316715478897,0.6604017019271851,gov,True,True
153918,2024-08,gov,0,0.7002493739128113,0.09016279876232147,0.20958773791790009,0.7002493739128113,gov,True,True
154630,2024-08,gov,0,0.830873966217041,0.0586080476641655,0.11051803082227707,0.830873966217041,gov,True,True
154631,2024-08,gov,0,0.8906729221343994,0.052644144743680954,0.05668298155069351,0.8906729221343994,gov,True,True
154632,2024-08,gov,0,0.9018147587776184,0.048441365361213684,0.049743786454200745,0.9018147587776184,gov,True,True
154633,2024-08,gov,0,0.9351662993431091,0.023679401725530624,0.04115435108542442,0.9351662993431091,gov,True,True
154634,2024-08,gov,0,0.864986777305603,0.058670997619628906,0.07634221762418747,0.864986777305603,gov,True,True
154635,2024-08,gov,0,0.6859275102615356,0.11676715314388275,0.19730527698993683,0.6859275102615356,gov,True,True
154636,2024-08,gov,0,0.520004153251648,0.2874051332473755,0.19259071350097656,0.520004153251648,gov,True,True
155350,2024-08,gov,0,0.6742402911186218,0.21172963082790375,0.11403006315231323,0.6742402911186218,gov,True,True
155351,2024-08,gov,0,0.7236037254333496,0.23147143423557281,0.0449247881770134,0.7236037254333496,gov,True,True
155352,2024-08,gov,0,0.7862092852592468,0.18195243179798126,0.03183819726109505,0.7862092852592468,gov,True,True
155354,2024-08,gov,0,0.7032144069671631,0.04949529469013214,0.24729026854038239,0.7032144069671631,gov,True,True
156069,2024-08,opo,1,0.16071535646915436,0.759650707244873,0.079633928835392,0.759650707244873,opo,True,True
156071,2024-08,gov,0,0.7329463362693787,0.19313682615756989,0.07391683012247086,0.7329463362693787,gov,True,True
156072,2024-08,gov,0,0.7014604210853577,0.24011272192001343,0.058426886796951294,0.7014604210853577,gov,True,True
156073,2024-08,gov,0,0.7037703394889832,0.12433446198701859,0.17189522087574005,0.7037703394889832,gov,True,True
156074,2024-08,gov,0,0.5428372025489807,0.061966028064489365,0.39519670605659485,0.5428372025489807,gov,True,True
156075,2024-08,uncertain,2,0.11620478332042694,0.06607044488191605,0.8177247643470764,0.8177247643470764,uncertain,True,True
156788,2024-08,opo,1,0.12408895790576935,0.6890820264816284,0.18682901561260223,0.6890820264816284,gov,True,True
156789,2024-08,opo,1,0.1302308887243271,0.7384737133979797,0.13129539787769318,0.7384737133979797,gov,True,True
156791,2024-08,gov,0,0.6543559432029724,0.20156747102737427,0.1440766155719757,0.6543559432029724,gov,True,True
156792,2024-08,gov,0,0.6972101330757141,0.146429643034935,0.15636028349399567,0.6972101330757141,gov,True,True
156793,2024-08,gov,0,0.7345458269119263,0.11860889196395874,0.1468452513217926,0.7345458269119263,gov,True,True
156794,2024-08,gov,0,0.45370739698410034,0.2182423174381256,0.32805028557777405,0.45370739698410034,gov,True,True
156795,2024-08,opo,1,0.05117518827319145,0.5319739580154419,0.41685083508491516,0.5319739580154419,opo,True,True
156796,2024-08,opo,1,0.024032525718212128,0.9613317847251892,0.014635656960308552,0.9613317847251892,opo,True,True
157508,2024-08,opo,1,0.3426052927970886,0.366580992937088,0.29081371426582336,0.366580992937088,gov,True,True
157509,2024-08,opo,1,0.24917840957641602,0.5689047574996948,0.18191677331924438,0.5689047574996948,opo,True,True
157510,2024-08,gov,0,0.4200098514556885,0.2472054660320282,0.3327846825122833,0.4200098514556885,gov,True,True
157511,2024-08,opo,1,0.25014930963516235,0.4827929139137268,0.26705774664878845,0.4827929139137268,gov,True,True
157513,2024-08,uncertain,2,0.12627193331718445,0.05369722098112106,0.820030927658081,0.820030927658081,uncertain,True,True
157514,2024-08,uncertain,2,0.14107166230678558,0.12097392976284027,0.7379543781280518,0.7379543781280518,gov,True,True
157515,2024-08,uncertain,2,0.04353705793619156,0.21371106803417206,0.7427518367767334,0.7427518367767334,uncertain,True,True
158229,2024-08,opo,1,0.25601279735565186,0.49480193853378296,0.2491852343082428,0.49480193853378296,gov,True,True
158231,2024-08,gov,0,0.4305192828178406,0.2679210901260376,0.3015596866607666,0.4305192828178406,gov,True,True
158233,2024-08,gov,0,0.5123940110206604,0.11786225438117981,0.3697437644004822,0.5123940110206604,gov,True,True
158235,2024-08,opo,1,0.06209484487771988,0.7495455741882324,0.18835961818695068,0.7495455741882324,opo,True,True
158236,2024-08,opo,1,0.02672802284359932,0.9486680626869202,0.024603867903351784,0.9486680626869202,opo,True,True
158237,2024-08,opo,1,0.020958874374628067,0.9675005674362183,0.011540626175701618,0.9675005674362183,opo,True,True
158238,2024-08,opo,1,0.21944451332092285,0.4364396333694458,0.34411582350730896,0.4364396333694458,gov,True,True
158946,2024-08,opo,1,0.09799343347549438,0.8165613412857056,0.08544518798589706,0.8165613412857056,gov,True,True
158947,2024-08,opo,1,0.0851544588804245,0.7827869653701782,0.13205859065055847,0.7827869653701782,opo,True,True
158949,2024-08,gov,0,0.4719780385494232,0.26065272092819214,0.26736924052238464,0.4719780385494232,gov,True,True
158950,2024-08,gov,0,0.6624703407287598,0.10591132938861847,0.23161830008029938,0.6624703407287598,gov,True,True
158951,2024-08,gov,0,0.6536012887954712,0.1349559724330902,0.21144269406795502,0.6536012887954712,gov,True,True
158952,2024-08,gov,0,0.631716787815094,0.2286456674337387,0.13963747024536133,0.631716787815094,gov,True,True
158953,2024-08,gov,0,0.6754332184791565,0.2122209668159485,0.11234579235315323,0.6754332184791565,gov,True,True
158954,2024-08,gov,0,0.4860280454158783,0.35708123445510864,0.15689077973365784,0.4860280454158783,gov,True,True
158955,2024-08,gov,0,0.5381825566291809,0.3390900790691376,0.12272737175226212,0.5381825566291809,gov,True,True
158956,2024-08,gov,0,0.636483371257782,0.34268343448638916,0.02083325758576393,0.636483371257782,gov,True,True
158957,2024-08,gov,0,0.7611178159713745,0.2297714799642563,0.009110680781304836,0.7611178159713745,gov,True,True
158958,2024-08,gov,0,0.760246992111206,0.15674519538879395,0.0830078050494194,0.760246992111206,gov,True,True
158960,2024-08,gov,0,0.6006985306739807,0.18608617782592773,0.21321530640125275,0.6006985306739807,gov,True,True
159665,2024-08,uncertain,2,0.05889146775007248,0.2690083682537079,0.6721002459526062,0.6721002459526062,uncertain,True,True
159666,2024-08,opo,1,0.01844785362482071,0.9240787625312805,0.05747341364622116,0.9240787625312805,opo,True,True
159667,2024-08,opo,1,0.017669634893536568,0.9298108220100403,0.05251958593726158,0.9298108220100403,opo,True,True
159668,2024-08,opo,1,0.1318178027868271,0.5363093614578247,0.3318727910518646,0.5363093614578247,opo,True,True
159670,2024-08,gov,0,0.6075469851493835,0.02305188961327076,0.36940112709999084,0.6075469851493835,gov,True,True
159671,2024-08,gov,0,0.8680463433265686,0.059719011187553406,0.07223469763994217,0.8680463433265686,gov,True,True
159672,2024-08,gov,0,0.8641939759254456,0.0615997277200222,0.07420626282691956,0.8641939759254456,gov,True,True
159673,2024-08,gov,0,0.7906152606010437,0.03230542317032814,0.17707936465740204,0.7906152606010437,gov,True,True
159674,2024-08,gov,0,0.6416327953338623,0.1063244491815567,0.2520427107810974,0.6416327953338623,gov,True,True
159675,2024-08,gov,0,0.7041172385215759,0.12173096835613251,0.17415183782577515,0.7041172385215759,gov,True,True
159676,2024-08,gov,0,0.758916437625885,0.18817701935768127,0.05290648713707924,0.758916437625885,gov,True,True
159679,2024-08,gov,0,0.4578149914741516,0.296016663312912,0.24616841971874237,0.4578149914741516,gov,True,True
159680,2024-08,gov,0,0.4638439118862152,0.28115805983543396,0.25499796867370605,0.4638439118862152,gov,True,True
160386,2024-08,opo,1,0.009678773581981659,0.9502620100975037,0.040059227496385574,0.9502620100975037,opo,True,True
160388,2024-08,opo,1,0.09715297073125839,0.6086832880973816,0.2941637933254242,0.6086832880973816,gov,True,True
160389,2024-08,uncertain,2,0.0706501230597496,0.05092089623212814,0.8784289956092834,0.8784289956092834,uncertain,True,True
160390,2024-08,uncertain,2,0.08014259487390518,0.03296785056591034,0.8868895769119263,0.8868895769119263,uncertain,True,True
160391,2024-08,gov,0,0.4417058825492859,0.27283433079719543,0.28545984625816345,0.4417058825492859,opo,True,True
160392,2024-08,gov,0,0.9527337551116943,0.013038070872426033,0.034228209406137466,0.9527337551116943,gov,True,True
160393,2024-08,gov,0,0.6977999806404114,0.021372132003307343,0.28082793951034546,0.6977999806404114,gov,True,True
160394,2024-08,gov,0,0.517275869846344,0.04861094802618027,0.43411314487457275,0.517275869846344,gov,True,True
160396,2024-08,gov,0,0.8438295125961304,0.0481194369494915,0.10805107653141022,0.8438295125961304,gov,True,True
160397,2024-08,gov,0,0.8726394772529602,0.05221991240978241,0.075140580534935,0.8726394772529602,gov,True,True
160399,2024-08,gov,0,0.7438888549804688,0.10146684944629669,0.15464428067207336,0.7438888549804688,gov,True,True
160400,2024-08,gov,0,0.7232006192207336,0.056838259100914,0.21996112167835236,0.7232006192207336,gov,True,True
161107,2024-08,opo,1,0.005820853170007467,0.9608907699584961,0.033288370817899704,0.9608907699584961,opo,True,True
161109,2024-08,uncertain,2,0.05301687493920326,0.01194761972874403,0.9350355863571167,0.9350355863571167,uncertain,True,True
161110,2024-08,uncertain,2,0.3458993434906006,0.025354428216814995,0.6287462711334229,0.6287462711334229,uncertain,True,True
161111,2024-08,gov,0,0.9320235252380371,0.02066664770245552,0.047309745103120804,0.9320235252380371,gov,True,True
161112,2024-08,gov,0,0.9903773665428162,0.0010775689734146,0.008545080199837685,0.9903773665428162,gov,True,True
161113,2024-08,gov,0,0.6494970917701721,0.021583624184131622,0.32891935110092163,0.6494970917701721,gov,True,True
161116,2024-08,gov,0,0.5348376631736755,0.01888751983642578,0.44627484679222107,0.5348376631736755,gov,True,True
161117,2024-08,gov,0,0.5113818645477295,0.051432836800813675,0.4371853470802307,0.5113818645477295,gov,True,True
161118,2024-08,gov,0,0.5935098528862,0.3106060028076172,0.09588418900966644,0.5935098528862,gov,True,True
161119,2024-08,gov,0,0.5476630926132202,0.22745975852012634,0.22487710416316986,0.5476630926132202,gov,True,True
161120,2024-08,gov,0,0.7924121618270874,0.04617829620838165,0.16140957176685333,0.7924121618270874,gov,True,True
161827,2024-08,opo,1,0.01056957058608532,0.9620208144187927,0.02740962989628315,0.9620208144187927,opo,True,True
161829,2024-08,uncertain,2,0.03377840667963028,0.01588258519768715,0.9503389596939087,0.9503389596939087,uncertain,True,True
161830,2024-08,uncertain,2,0.012328780256211758,0.011376651003956795,0.9762946963310242,0.9762946963310242,uncertain,True,True
161831,2024-08,uncertain,2,0.367972195148468,0.07256240397691727,0.5594654679298401,0.5594654679298401,gov,True,True
161832,2024-08,gov,0,0.6873689293861389,0.10735062509775162,0.20528049767017365,0.6873689293861389,gov,True,True
161833,2024-08,uncertain,2,0.09653840214014053,0.3747252821922302,0.5287362337112427,0.5287362337112427,gov,True,True
161834,2024-08,opo,1,0.02574848383665085,0.6916549205780029,0.2825965881347656,0.6916549205780029,opo,True,True
161837,2024-08,opo,1,0.17743490636348724,0.5926031470298767,0.22996191680431366,0.5926031470298767,opo,True,True
161839,2024-08,opo,1,0.26033666729927063,0.6597650647163391,0.07989826053380966,0.6597650647163391,opo,True,True
162547,2024-08,opo,1,0.05795879289507866,0.8985208868980408,0.04352033510804176,0.8985208868980408,opo,True,True
162548,2024-08,uncertain,2,0.10735028237104416,0.08575598895549774,0.8068937659263611,0.8068937659263611,gov,True,True
162549,2024-08,uncertain,2,0.2608185410499573,0.0314432717859745,0.7077381610870361,0.7077381610870361,uncertain,True,True
162550,2024-08,opo,1,0.17587321996688843,0.5371005535125732,0.2870262563228607,0.5371005535125732,opo,True,True
162551,2024-08,gov,0,0.5450987815856934,0.12233231216669083,0.3325689435005188,0.5450987815856934,gov,True,True
162552,2024-08,gov,0,0.4880639612674713,0.13774842023849487,0.37418755888938904,0.4880639612674713,opo,True,True
162553,2024-08,opo,1,0.1361772119998932,0.7364393472671509,0.1273835152387619,0.7364393472671509,opo,True,True
162554,2024-08,opo,1,0.04150086268782616,0.5179903507232666,0.44050878286361694,0.5179903507232666,uncertain,True,True
162555,2024-08,opo,1,0.06333646923303604,0.7503588199615479,0.18630468845367432,0.7503588199615479,opo,True,True
162556,2024-08,opo,1,0.05294159799814224,0.8361648321151733,0.1108936220407486,0.8361648321151733,opo,True,True
162558,2024-08,opo,1,0.0018947626231238246,0.9932548999786377,0.004850259516388178,0.9932548999786377,opo,True,True
162559,2024-08,opo,1,0.027609294280409813,0.91926109790802,0.05312957614660263,0.91926109790802,opo,True,True
163267,2024-08,opo,1,0.017291279509663582,0.9636257886886597,0.019082961603999138,0.9636257886886597,opo,True,True
163268,2024-08,uncertain,2,0.05469921976327896,0.2647777795791626,0.6805230379104614,0.6805230379104614,uncertain,True,True
163269,2024-08,uncertain,2,0.05892608314752579,0.016647711396217346,0.924426257610321,0.924426257610321,uncertain,True,True
163271,2024-08,gov,0,0.6009981036186218,0.0295240581035614,0.3694778382778168,0.6009981036186218,gov,True,True
163272,2024-08,uncertain,2,0.019223598763346672,0.005866317544132471,0.9749100804328918,0.9749100804328918,uncertain,True,True
163274,2024-08,uncertain,2,0.017398595809936523,0.0365070104598999,0.9460943341255188,0.9460943341255188,uncertain,True,True
163275,2024-08,uncertain,2,0.01576709933578968,0.00913937110453844,0.9750935435295105,0.9750935435295105,uncertain,True,True
163276,2024-08,uncertain,2,0.05088243633508682,0.015486996620893478,0.9336305856704712,0.9336305856704712,uncertain,True,True
163278,2024-08,opo,1,0.054971762001514435,0.8245630264282227,0.12046520411968231,0.8245630264282227,opo,True,True
163988,2024-08,opo,1,0.09601753950119019,0.6514209508895874,0.2525615692138672,0.6514209508895874,opo,True,True
163989,2024-08,opo,1,0.2391175627708435,0.39251402020454407,0.3683684170246124,0.39251402020454407,gov,True,True
163992,2024-08,gov,0,0.6287728548049927,0.01483388151973486,0.35639333724975586,0.6287728548049927,gov,True,True
163993,2024-08,uncertain,2,0.316762775182724,0.022593660280108452,0.6606435775756836,0.6606435775756836,uncertain,True,True
163996,2024-08,uncertain,2,0.31286224722862244,0.091214619576931,0.595923125743866,0.595923125743866,gov,True,True
163998,2024-08,gov,0,0.6372065544128418,0.2414465695619583,0.12134694308042526,0.6372065544128418,gov,True,True
164709,2024-08,gov,0,0.5987910032272339,0.1803009808063507,0.2209080010652542,0.5987910032272339,gov,True,True
164710,2024-08,gov,0,0.7732617855072021,0.1409255713224411,0.08581266552209854,0.7732617855072021,gov,True,True
164711,2024-08,gov,0,0.775802731513977,0.13175439834594727,0.09244298189878464,0.775802731513977,gov,True,True
164712,2024-08,gov,0,0.7604765295982361,0.20283028483390808,0.03669319674372673,0.7604765295982361,gov,True,True
164713,2024-08,gov,0,0.7436500787734985,0.15930628776550293,0.09704365581274033,0.7436500787734985,gov,True,True
164714,2024-08,gov,0,0.7355777621269226,0.09082399308681488,0.17359821498394012,0.7355777621269226,gov,True,True
164715,2024-08,opo,1,0.194910928606987,0.6586743593215942,0.14641471207141876,0.6586743593215942,gov,True,True
164716,2024-08,opo,1,0.06447825580835342,0.7904531359672546,0.14506860077381134,0.7904531359672546,opo,True,True
165430,2024-08,gov,0,0.49799132347106934,0.32911425828933716,0.17289434373378754,0.49799132347106934,gov,True,True
165433,2024-08,opo,1,0.42785030603408813,0.4624482989311218,0.10970135033130646,0.4624482989311218,gov,True,True
165435,2024-08,opo,1,0.2237747460603714,0.7530034184455872,0.0232218150049448,0.7530034184455872,opo,True,True
165436,2024-08,opo,1,0.11810872703790665,0.8468579053878784,0.03503331169486046,0.8468579053878784,opo,True,True
166150,2024-08,gov,0,0.6363574862480164,0.2738436460494995,0.08979884535074234,0.6363574862480164,gov,True,True
166152,2024-08,opo,1,0.21070446074008942,0.6416428089141846,0.147652730345726,0.6416428089141846,opo,True,True
166154,2024-08,opo,1,0.37013426423072815,0.4959442913532257,0.1339215189218521,0.4959442913532257,gov,True,True
166155,2024-08,opo,1,0.2639482319355011,0.7000595927238464,0.03599223867058754,0.7000595927238464,gov,True,True
166156,2024-08,opo,1,0.11761341243982315,0.8676693439483643,0.014717287383973598,0.8676693439483643,opo,True,True
166157,2024-08,opo,1,0.12206028401851654,0.7681171298027039,0.10982257127761841,0.7681171298027039,gov,True,True
166873,2024-08,opo,1,0.26616519689559937,0.36974799633026123,0.3640868365764618,0.36974799633026123,opo,True,True
166876,2024-08,opo,1,0.07906617224216461,0.8903988003730774,0.030535021796822548,0.8903988003730774,opo,True,True
166877,2024-08,opo,1,0.17836448550224304,0.7501326203346252,0.07150290161371231,0.7501326203346252,gov,True,True
167591,2024-08,gov,0,0.4711521565914154,0.2300257533788681,0.2988220155239105,0.4711521565914154,gov,True,True
167592,2024-08,gov,0,0.42622649669647217,0.3113863170146942,0.262387216091156,0.42622649669647217,gov,True,True
167594,2024-08,uncertain,2,0.35853245854377747,0.19297641515731812,0.4484911561012268,0.4484911561012268,gov,True,True
167597,2024-08,opo,1,0.20086032152175903,0.6795505881309509,0.11958912014961243,0.6795505881309509,gov,True,True
168313,2024-08,gov,0,0.6295740008354187,0.127674400806427,0.24275164306163788,0.6295740008354187,gov,True,True
168316,2024-08,opo,1,0.24543175101280212,0.7062907814979553,0.04827743396162987,0.7062907814979553,opo,True,True
169035,2024-08,gov,0,0.6859687566757202,0.08854883909225464,0.22548241913318634,0.6859687566757202,gov,True,True
169036,2024-08,gov,0,0.6424002647399902,0.21387077867984772,0.14372891187667847,0.6424002647399902,gov,True,True
169037,2024-08,gov,0,0.5930157899856567,0.301835834980011,0.10514829307794571,0.5930157899856567,gov,True,True
169756,2024-08,gov,0,0.7064058780670166,0.08511734008789062,0.20847675204277039,0.7064058780670166,gov,True,True
143838,2024-09,gov,0,0.43392711877822876,0.34489965438842773,0.22117319703102112,0.43392711877822876,gov,True,True
145998,2024-09,gov,0,0.4288173019886017,0.27751192450523376,0.29367080330848694,0.4288173019886017,gov,True,True
147437,2024-09,gov,0,0.5815010070800781,0.21149364113807678,0.2070053070783615,0.5815010070800781,gov,True,True
147438,2024-09,gov,0,0.5152812600135803,0.11605123430490494,0.36866751313209534,0.5152812600135803,gov,True,True
147439,2024-09,uncertain,2,0.3700678050518036,0.13638213276863098,0.49355006217956543,0.49355006217956543,gov,True,True
148158,2024-09,uncertain,2,0.2718958854675293,0.1628250628709793,0.5652790069580078,0.5652790069580078,gov,True,True
149597,2024-09,uncertain,2,0.22653019428253174,0.07971706986427307,0.6937527656555176,0.6937527656555176,uncertain,True,True
150307,2024-09,uncertain,2,0.2156953364610672,0.3513972759246826,0.4329073131084442,0.4329073131084442,gov,True,True
150317,2024-09,uncertain,2,0.10132823139429092,0.029275275766849518,0.8693965077400208,0.8693965077400208,gov,True,True
151756,2024-09,uncertain,2,0.2731751501560211,0.12727271020412445,0.5995521545410156,0.5995521545410156,gov,True,True
151757,2024-09,uncertain,2,0.20894093811511993,0.06467831134796143,0.7263808250427246,0.7263808250427246,uncertain,True,True
152476,2024-09,gov,0,0.6542626023292542,0.07791009545326233,0.2678273320198059,0.6542626023292542,gov,True,True
153190,2024-09,gov,0,0.7322404384613037,0.04500019922852516,0.22275933623313904,0.7322404384613037,gov,True,True
153191,2024-09,gov,0,0.8497434854507446,0.03734566271305084,0.11291083693504333,0.8497434854507446,gov,True,True
153192,2024-09,gov,0,0.9403427839279175,0.02649511769413948,0.033162008970975876,0.9403427839279175,gov,True,True
153193,2024-09,gov,0,0.8881147503852844,0.04314850643277168,0.06873676925897598,0.8881147503852844,gov,True,True
153196,2024-09,gov,0,0.5543869137763977,0.13052846491336823,0.31508463621139526,0.5543869137763977,gov,True,True
153197,2024-09,uncertain,2,0.2628938555717468,0.10221705585718155,0.6348890662193298,0.6348890662193298,uncertain,True,True
153910,2024-09,gov,0,0.6504093408584595,0.11474960297346115,0.23484103381633759,0.6504093408584595,gov,True,True
153911,2024-09,gov,0,0.7597999572753906,0.13650861382484436,0.10369137674570084,0.7597999572753906,gov,True,True
153912,2024-09,gov,0,0.807937502861023,0.12841081619262695,0.06365164369344711,0.807937502861023,gov,True,True
153913,2024-09,gov,0,0.793769359588623,0.1575634777545929,0.04866713285446167,0.793769359588623,gov,True,True
153914,2024-09,gov,0,0.5748764276504517,0.20451390743255615,0.2206096053123474,0.5748764276504517,gov,True,True
153915,2024-09,gov,0,0.5554154515266418,0.3418947160243988,0.10268984735012054,0.5554154515266418,gov,True,True
153916,2024-09,gov,0,0.577542781829834,0.3105553984642029,0.11190181225538254,0.577542781829834,gov,True,True
153917,2024-09,gov,0,0.49649590253829956,0.1892203390598297,0.3142837882041931,0.49649590253829956,gov,True,True
153918,2024-09,gov,0,0.5302674174308777,0.14673100411891937,0.32300156354904175,0.5302674174308777,gov,True,True
154630,2024-09,gov,0,0.8026856184005737,0.12717550992965698,0.07013892382383347,0.8026856184005737,gov,True,True
154631,2024-09,gov,0,0.8495662808418274,0.09281307458877563,0.05762064456939697,0.8495662808418274,gov,True,True
154632,2024-09,gov,0,0.8373231291770935,0.11027893424034119,0.05239793285727501,0.8373231291770935,gov,True,True
154633,2024-09,gov,0,0.9242456555366516,0.04391700029373169,0.031837303191423416,0.9242456555366516,gov,True,True
154634,2024-09,gov,0,0.66319340467453,0.12397290766239166,0.2128337025642395,0.66319340467453,gov,True,True
154635,2024-09,gov,0,0.6478103995323181,0.19363100826740265,0.15855863690376282,0.6478103995323181,gov,True,True
154636,2024-09,gov,0,0.5717319846153259,0.29048606753349304,0.13778190314769745,0.5717319846153259,gov,True,True
155350,2024-09,gov,0,0.5619427561759949,0.29609042406082153,0.1419668346643448,0.5619427561759949,gov,True,True
155351,2024-09,gov,0,0.6803994178771973,0.2440970242023468,0.07550355046987534,0.6803994178771973,gov,True,True
155352,2024-09,gov,0,0.7402459979057312,0.19016322493553162,0.06959077715873718,0.7402459979057312,gov,True,True
155354,2024-09,gov,0,0.5200238227844238,0.044040895998477936,0.4359353184700012,0.5200238227844238,gov,True,True
156069,2024-09,opo,1,0.19434182345867157,0.6918607354164124,0.11379741132259369,0.6918607354164124,opo,True,True
156071,2024-09,gov,0,0.7154247760772705,0.1741708666086197,0.11040434241294861,0.7154247760772705,gov,True,True
156072,2024-09,gov,0,0.7183804512023926,0.16072925925254822,0.12089035660028458,0.7183804512023926,gov,True,True
156073,2024-09,gov,0,0.7779377102851868,0.03847301006317139,0.18358923494815826,0.7779377102851868,gov,True,True
156074,2024-09,gov,0,0.6960729956626892,0.026113146916031837,0.2778139114379883,0.6960729956626892,gov,True,True
156075,2024-09,uncertain,2,0.2228611707687378,0.1648864448070526,0.6122523546218872,0.6122523546218872,uncertain,True,True
156788,2024-09,opo,1,0.14866289496421814,0.527488648891449,0.3238484561443329,0.527488648891449,gov,True,True
156789,2024-09,opo,1,0.12744931876659393,0.7136733531951904,0.15887728333473206,0.7136733531951904,gov,True,True
156791,2024-09,gov,0,0.8609225153923035,0.0637713074684143,0.07530617713928223,0.8609225153923035,gov,True,True
156792,2024-09,gov,0,0.8062677383422852,0.06594215333461761,0.1277901530265808,0.8062677383422852,gov,True,True
156793,2024-09,gov,0,0.8193445205688477,0.05274346470832825,0.1279120147228241,0.8193445205688477,gov,True,True
156794,2024-09,gov,0,0.5444901585578918,0.2612916827201843,0.19421812891960144,0.5444901585578918,gov,True,True
156795,2024-09,opo,1,0.0880429819226265,0.7870689630508423,0.12488797307014465,0.7870689630508423,opo,True,True
156796,2024-09,opo,1,0.06842754781246185,0.9194537997245789,0.012118694372475147,0.9194537997245789,opo,True,True
157508,2024-09,opo,1,0.1338760256767273,0.7197131514549255,0.14641080796718597,0.7197131514549255,gov,True,True
157509,2024-09,opo,1,0.07147510349750519,0.7561959028244019,0.17232897877693176,0.7561959028244019,opo,True,True
157510,2024-09,uncertain,2,0.3080657720565796,0.2881465554237366,0.40378761291503906,0.40378761291503906,gov,True,True
157511,2024-09,uncertain,2,0.2807677388191223,0.15716442465782166,0.5620678067207336,0.5620678067207336,gov,True,True
157513,2024-09,uncertain,2,0.0850738137960434,0.027593782171607018,0.8873323798179626,0.8873323798179626,uncertain,True,True
157514,2024-09,uncertain,2,0.20867837965488434,0.17904391884803772,0.6122776865959167,0.6122776865959167,gov,True,True
157515,2024-09,opo,1,0.07064992189407349,0.5042179226875305,0.4251321852207184,0.5042179226875305,uncertain,True,True
158229,2024-09,opo,1,0.10530318319797516,0.5782617330551147,0.3164350986480713,0.5782617330551147,gov,True,True
158231,2024-09,gov,0,0.504470944404602,0.10357165336608887,0.3919573724269867,0.504470944404602,gov,True,True
158233,2024-09,gov,0,0.6820209622383118,0.06680173426866531,0.25117728114128113,0.6820209622383118,gov,True,True
158235,2024-09,opo,1,0.24038948118686676,0.5897716879844666,0.16983887553215027,0.5897716879844666,opo,True,True
158236,2024-09,opo,1,0.0522310733795166,0.9212846159934998,0.02648429200053215,0.9212846159934998,opo,True,True
158237,2024-09,opo,1,0.050776999443769455,0.9135518074035645,0.0356711819767952,0.9135518074035645,opo,True,True
158238,2024-09,gov,0,0.35126227140426636,0.32912227511405945,0.3196154534816742,0.35126227140426636,gov,True,True
158946,2024-09,opo,1,0.06542111188173294,0.8187420964241028,0.11583679914474487,0.8187420964241028,gov,True,True
158947,2024-09,opo,1,0.07597310096025467,0.810788631439209,0.11323830485343933,0.810788631439209,opo,True,True
158949,2024-09,uncertain,2,0.35624605417251587,0.21354997158050537,0.43020400404930115,0.43020400404930115,gov,True,True
158950,2024-09,uncertain,2,0.4264717400074005,0.14211677014827728,0.431411474943161,0.431411474943161,gov,True,True
158951,2024-09,gov,0,0.569312334060669,0.11209791153669357,0.3185897469520569,0.569312334060669,gov,True,True
158952,2024-09,gov,0,0.7100801467895508,0.0996432900428772,0.19027650356292725,0.7100801467895508,gov,True,True
158953,2024-09,gov,0,0.6243739128112793,0.11804407089948654,0.25758206844329834,0.6243739128112793,gov,True,True
158954,2024-09,gov,0,0.5852610468864441,0.20171667635440826,0.21302227675914764,0.5852610468864441,gov,True,True
158955,2024-09,gov,0,0.7767995595932007,0.1295699179172516,0.09363052994012833,0.7767995595932007,gov,True,True
158956,2024-09,gov,0,0.8946844339370728,0.08108924329280853,0.024226291105151176,0.8946844339370728,gov,True,True
158957,2024-09,gov,0,0.8225948214530945,0.1594899743795395,0.017915286123752594,0.8225948214530945,gov,True,True
158958,2024-09,gov,0,0.7659768462181091,0.12343723326921463,0.11058587580919266,0.7659768462181091,gov,True,True
158960,2024-09,gov,0,0.5008367896080017,0.2753314971923828,0.2238316833972931,0.5008367896080017,gov,True,True
159665,2024-09,uncertain,2,0.04613445699214935,0.27808257937431335,0.6757829785346985,0.6757829785346985,uncertain,True,True
159666,2024-09,opo,1,0.014903204515576363,0.9380675554275513,0.04702923819422722,0.9380675554275513,opo,True,True
159667,2024-09,opo,1,0.008178049698472023,0.9543198347091675,0.03750205412507057,0.9543198347091675,opo,True,True
159668,2024-09,opo,1,0.18623515963554382,0.5734722018241882,0.24029263854026794,0.5734722018241882,opo,True,True
159670,2024-09,gov,0,0.5557820200920105,0.008853729814291,0.4353642761707306,0.5557820200920105,gov,True,True
159671,2024-09,gov,0,0.7815773487091064,0.00947960652410984,0.20894300937652588,0.7815773487091064,gov,True,True
159672,2024-09,gov,0,0.9494457840919495,0.011250855401158333,0.03930339962244034,0.9494457840919495,gov,True,True
159673,2024-09,gov,0,0.7609347701072693,0.017941264435648918,0.22112394869327545,0.7609347701072693,gov,True,True
159674,2024-09,gov,0,0.7700859904289246,0.018922002986073494,0.2109920233488083,0.7700859904289246,gov,True,True
159675,2024-09,gov,0,0.6376674175262451,0.08901896327733994,0.27331364154815674,0.6376674175262451,gov,True,True
159676,2024-09,gov,0,0.8020364046096802,0.12673041224479675,0.0712331160902977,0.8020364046096802,gov,True,True
159679,2024-09,gov,0,0.425334632396698,0.2145424783229828,0.3601228892803192,0.425334632396698,gov,True,True
159680,2024-09,gov,0,0.4292469024658203,0.34227314591407776,0.22847995162010193,0.4292469024658203,gov,True,True
160386,2024-09,opo,1,0.008148331195116043,0.9320589303970337,0.05979267880320549,0.9320589303970337,opo,True,True
160388,2024-09,opo,1,0.09911459684371948,0.4651026427745819,0.43578270077705383,0.4651026427745819,gov,True,True
160389,2024-09,uncertain,2,0.04964311793446541,0.039760056883096695,0.9105967879295349,0.9105967879295349,uncertain,True,True
160390,2024-09,uncertain,2,0.1523117572069168,0.018437005579471588,0.8292511701583862,0.8292511701583862,uncertain,True,True
160391,2024-09,uncertain,2,0.24426241219043732,0.033945925533771515,0.721791684627533,0.721791684627533,uncertain,True,True
160392,2024-09,gov,0,0.9177116751670837,0.018490931019186974,0.06379729509353638,0.9177116751670837,gov,True,True
160393,2024-09,uncertain,2,0.40650084614753723,0.018581347540020943,0.5749177932739258,0.5749177932739258,gov,True,True
160394,2024-09,uncertain,2,0.28936445713043213,0.151404470205307,0.5592310428619385,0.5592310428619385,gov,True,True
160396,2024-09,gov,0,0.5271087288856506,0.09067672491073608,0.3822144567966461,0.5271087288856506,gov,True,True
160397,2024-09,gov,0,0.6720319390296936,0.10692200064659119,0.22104601562023163,0.6720319390296936,gov,True,True
160399,2024-09,gov,0,0.6261685490608215,0.09636133909225464,0.2774701416492462,0.6261685490608215,gov,True,True
160400,2024-09,gov,0,0.6284492015838623,0.15032753348350525,0.22122325003147125,0.6284492015838623,gov,True,True
161107,2024-09,opo,1,0.006037746090441942,0.9756717085838318,0.018290558829903603,0.9756717085838318,opo,True,True
161109,2024-09,uncertain,2,0.02751724235713482,0.005978670436888933,0.9665040969848633,0.9665040969848633,uncertain,True,True
161110,2024-09,uncertain,2,0.22883237898349762,0.03592520207166672,0.7352424263954163,0.7352424263954163,uncertain,True,True
161111,2024-09,gov,0,0.7658507823944092,0.09136465191841125,0.14278459548950195,0.7658507823944092,gov,True,True
161112,2024-09,gov,0,0.8725652098655701,0.04907803609967232,0.0783567875623703,0.8725652098655701,gov,True,True
161113,2024-09,uncertain,2,0.36426156759262085,0.24720028042793274,0.3885381519794464,0.3885381519794464,gov,True,True
161116,2024-09,gov,0,0.6192983984947205,0.08949874341487885,0.2912028729915619,0.6192983984947205,gov,True,True
161117,2024-09,gov,0,0.4717550277709961,0.10814236849546432,0.420102596282959,0.4717550277709961,gov,True,True
161118,2024-09,gov,0,0.5126401782035828,0.29068347811698914,0.19667640328407288,0.5126401782035828,gov,True,True
161119,2024-09,opo,1,0.3305683732032776,0.40134960412979126,0.2680820822715759,0.40134960412979126,gov,True,True
161120,2024-09,gov,0,0.7175551652908325,0.08533632755279541,0.19710850715637207,0.7175551652908325,gov,True,True
161827,2024-09,opo,1,0.020257005468010902,0.9611831903457642,0.018559861928224564,0.9611831903457642,opo,True,True
161829,2024-09,uncertain,2,0.005357624497264624,0.008247420191764832,0.9863948822021484,0.9863948822021484,uncertain,True,True
161830,2024-09,uncertain,2,0.04686244577169418,0.080164834856987,0.8729726672172546,0.8729726672172546,uncertain,True,True
161831,2024-09,gov,0,0.513425886631012,0.19435977935791016,0.2922143340110779,0.513425886631012,gov,True,True
161832,2024-09,gov,0,0.6122146248817444,0.23548077046871185,0.15230455994606018,0.6122146248817444,gov,True,True
161833,2024-09,gov,0,0.48725882172584534,0.3322688341140747,0.18047235906124115,0.48725882172584534,gov,True,True
161834,2024-09,uncertain,2,0.06339480727910995,0.31283190846443176,0.6237732768058777,0.6237732768058777,uncertain,True,True
161837,2024-09,opo,1,0.10737141221761703,0.7799955010414124,0.11263314634561539,0.7799955010414124,opo,True,True
161839,2024-09,opo,1,0.21548278629779816,0.6338174939155579,0.15069971978664398,0.6338174939155579,opo,True,True
162547,2024-09,opo,1,0.10343699902296066,0.7977759838104248,0.09878706187009811,0.7977759838104248,opo,True,True
162548,2024-09,uncertain,2,0.14116741716861725,0.0872284322977066,0.7716041803359985,0.7716041803359985,gov,True,True
162549,2024-09,uncertain,2,0.05898818373680115,0.0697171539068222,0.8712946772575378,0.8712946772575378,uncertain,True,True
162550,2024-09,opo,1,0.14114250242710114,0.48347029089927673,0.3753872215747833,0.48347029089927673,opo,True,True
162551,2024-09,gov,0,0.7842184901237488,0.08581718802452087,0.12996430695056915,0.7842184901237488,gov,True,True
162552,2024-09,gov,0,0.7407048344612122,0.05884553864598274,0.2004496157169342,0.7407048344612122,gov,True,True
162553,2024-09,gov,0,0.6778519749641418,0.26642608642578125,0.05572186037898064,0.6778519749641418,opo,True,True
162554,2024-09,uncertain,2,0.11585994809865952,0.09338003396987915,0.7907600402832031,0.7907600402832031,uncertain,True,True
162555,2024-09,uncertain,2,0.20340906083583832,0.20596390962600708,0.5906270146369934,0.5906270146369934,opo,True,True
162556,2024-09,uncertain,2,0.23125778138637543,0.22371937334537506,0.5450227856636047,0.5450227856636047,gov,True,True
162558,2024-09,opo,1,0.008794566616415977,0.9679722189903259,0.023233236744999886,0.9679722189903259,opo,True,True
162559,2024-09,opo,1,0.12115452438592911,0.7293201088905334,0.14952534437179565,0.7293201088905334,opo,True,True
163267,2024-09,opo,1,0.08435411751270294,0.8478829264640808,0.06776286661624908,0.8478829264640808,opo,True,True
163268,2024-09,uncertain,2,0.07246062904596329,0.25233784317970276,0.6752015948295593,0.6752015948295593,uncertain,True,True
163269,2024-09,uncertain,2,0.0842340812087059,0.013418358750641346,0.9023475646972656,0.9023475646972656,uncertain,True,True
163271,2024-09,gov,0,0.7149490714073181,0.08034094423055649,0.204709991812706,0.7149490714073181,gov,True,True
163272,2024-09,uncertain,2,0.09488842636346817,0.019198458641767502,0.8859131336212158,0.8859131336212158,uncertain,True,True
163274,2024-09,uncertain,2,0.040796685963869095,0.0533798448741436,0.9058234095573425,0.9058234095573425,uncertain,True,True
163275,2024-09,uncertain,2,0.036827921867370605,0.0053816246800124645,0.9577903747558594,0.9577903747558594,uncertain,True,True
163276,2024-09,uncertain,2,0.042838092893362045,0.005409941077232361,0.9517520070075989,0.9517520070075989,uncertain,True,True
163278,2024-09,opo,1,0.030963798984885216,0.7486771941184998,0.22035899758338928,0.7486771941184998,opo,True,True
163988,2024-09,opo,1,0.20179811120033264,0.571392834186554,0.2268090397119522,0.571392834186554,opo,True,True
163989,2024-09,gov,0,0.4451022148132324,0.17925725877285004,0.37564051151275635,0.4451022148132324,gov,True,True
163992,2024-09,gov,0,0.6740769147872925,0.06377098709344864,0.2621520459651947,0.6740769147872925,gov,True,True
163993,2024-09,uncertain,2,0.3378775417804718,0.08833034336566925,0.5737921595573425,0.5737921595573425,uncertain,True,True
163996,2024-09,gov,0,0.512197732925415,0.14163175225257874,0.3461705148220062,0.512197732925415,gov,True,True
163998,2024-09,opo,1,0.27339690923690796,0.5802372097969055,0.1463659256696701,0.5802372097969055,gov,True,True
164709,2024-09,gov,0,0.6304493546485901,0.17255327105522156,0.19699738919734955,0.6304493546485901,gov,True,True
164710,2024-09,gov,0,0.623208224773407,0.2846490740776062,0.09214272350072861,0.623208224773407,gov,True,True
164711,2024-09,gov,0,0.7091742157936096,0.16190917789936066,0.1289166510105133,0.7091742157936096,gov,True,True
164712,2024-09,gov,0,0.5803236961364746,0.3680643141269684,0.05161202698945999,0.5803236961364746,gov,True,True
164713,2024-09,gov,0,0.5477319359779358,0.2585182189941406,0.19374977052211761,0.5477319359779358,gov,True,True
164714,2024-09,gov,0,0.5084572434425354,0.16602762043476105,0.32551515102386475,0.5084572434425354,gov,True,True
164715,2024-09,opo,1,0.21052926778793335,0.6310685873031616,0.15840211510658264,0.6310685873031616,gov,True,True
164716,2024-09,opo,1,0.04391403868794441,0.8510113954544067,0.10507462918758392,0.8510113954544067,opo,True,True
165430,2024-09,gov,0,0.5786725878715515,0.18213003873825073,0.23919734358787537,0.5786725878715515,gov,True,True
165433,2024-09,opo,1,0.4052848815917969,0.44660839438438416,0.14810673892498016,0.44660839438438416,gov,True,True
165435,2024-09,opo,1,0.13413673639297485,0.8106406331062317,0.05522269010543823,0.8106406331062317,opo,True,True
165436,2024-09,opo,1,0.07391952723264694,0.9020853638648987,0.02399507910013199,0.9020853638648987,opo,True,True
166150,2024-09,gov,0,0.5397437214851379,0.1270424723625183,0.33321377635002136,0.5397437214851379,gov,True,True
166152,2024-09,opo,1,0.2896641194820404,0.47386592626571655,0.23646990954875946,0.47386592626571655,opo,True,True
166154,2024-09,opo,1,0.3112221956253052,0.4475177824497223,0.2412600815296173,0.4475177824497223,gov,True,True
166155,2024-09,opo,1,0.273793488740921,0.539899468421936,0.18630707263946533,0.539899468421936,gov,True,True
166156,2024-09,opo,1,0.09384000301361084,0.8744522929191589,0.03170766308903694,0.8744522929191589,opo,True,True
166157,2024-09,opo,1,0.07800625264644623,0.8398122787475586,0.08218149840831757,0.8398122787475586,gov,True,True
166873,2024-09,uncertain,2,0.32478469610214233,0.2679283916950226,0.40728694200515747,0.40728694200515747,gov,True,True
166876,2024-09,opo,1,0.09942889958620071,0.8393595218658447,0.06121155992150307,0.8393595218658447,opo,True,True
166877,2024-09,opo,1,0.1405194103717804,0.7733698487281799,0.08611080795526505,0.7733698487281799,gov,True,True
167591,2024-09,opo,1,0.3291459083557129,0.41280597448349,0.2580481171607971,0.41280597448349,gov,True,True
167592,2024-09,uncertain,2,0.43895888328552246,0.1201903447508812,0.4408508241176605,0.4408508241176605,gov,True,True
167594,2024-09,uncertain,2,0.38348454236984253,0.13390983641147614,0.48260554671287537,0.48260554671287537,gov,True,True
167597,2024-09,opo,1,0.16740688681602478,0.6643142104148865,0.16827885806560516,0.6643142104148865,gov,True,True
168313,2024-09,gov,0,0.5593270659446716,0.10568758100271225,0.3349854052066803,0.5593270659446716,gov,True,True
168316,2024-09,opo,1,0.09617234766483307,0.817337155342102,0.08649051189422607,0.817337155342102,opo,True,True
169035,2024-09,gov,0,0.7251518964767456,0.07870345562696457,0.19614462554454803,0.7251518964767456,gov,True,True
169036,2024-09,gov,0,0.7931721806526184,0.08948302268981934,0.11734477430582047,0.7931721806526184,gov,True,True
169037,2024-09,gov,0,0.7404882907867432,0.1047024205327034,0.15480934083461761,0.7404882907867432,gov,True,True
169756,2024-09,gov,0,0.8148370981216431,0.05032888799905777,0.13483405113220215,0.8148370981216431,gov,True,True
143838,2024-10,gov,0,0.42928725481033325,0.34766867756843567,0.22304411232471466,0.42928725481033325,gov,True,True
145998,2024-10,gov,0,0.48019933700561523,0.20667226612567902,0.31312835216522217,0.48019933700561523,gov,True,True
147437,2024-10,gov,0,0.48707854747772217,0.2376301884651184,0.2752912640571594,0.48707854747772217,gov,True,True
147438,2024-10,gov,0,0.496652215719223,0.17506085336208344,0.3282868564128876,0.496652215719223,gov,True,True
147439,2024-10,gov,0,0.48858916759490967,0.14069844782352448,0.37071239948272705,0.48858916759490967,gov,True,True
148158,2024-10,uncertain,2,0.3791964650154114,0.1858810931444168,0.4349224269390106,0.4349224269390106,gov,True,True
149597,2024-10,uncertain,2,0.17455630004405975,0.0816316083073616,0.7438120245933533,0.7438120245933533,uncertain,True,True
150307,2024-10,uncertain,2,0.12609711289405823,0.15728096663951874,0.7166219353675842,0.7166219353675842,gov,True,True
150317,2024-10,uncertain,2,0.18415327370166779,0.050242695957422256,0.7656039595603943,0.7656039595603943,gov,True,True
151756,2024-10,uncertain,2,0.20968832075595856,0.37887921929359436,0.4114324748516083,0.4114324748516083,gov,True,True
151757,2024-10,uncertain,2,0.1302739530801773,0.11573705077171326,0.7539889812469482,0.7539889812469482,uncertain,True,True
152476,2024-10,gov,0,0.6126790642738342,0.1812555342912674,0.2060653567314148,0.6126790642738342,gov,True,True
153190,2024-10,gov,0,0.6229085326194763,0.05932208523154259,0.3177693486213684,0.6229085326194763,gov,True,True
153191,2024-10,gov,0,0.8535768985748291,0.08229362219572067,0.06412949413061142,0.8535768985748291,gov,True,True
153192,2024-10,gov,0,0.9280290603637695,0.04268590360879898,0.029284991323947906,0.9280290603637695,gov,True,True
153193,2024-10,gov,0,0.8707125186920166,0.044286586344242096,0.0850009098649025,0.8707125186920166,gov,True,True
153196,2024-10,gov,0,0.585975170135498,0.11250291019678116,0.301521897315979,0.585975170135498,gov,True,True
153197,2024-10,uncertain,2,0.33558493852615356,0.06135531887412071,0.6030597686767578,0.6030597686767578,uncertain,True,True
153910,2024-10,gov,0,0.5186474323272705,0.13797055184841156,0.34338200092315674,0.5186474323272705,gov,True,True
153911,2024-10,gov,0,0.7679248452186584,0.14347736537456512,0.08859780430793762,0.7679248452186584,gov,True,True
153912,2024-10,gov,0,0.8533754944801331,0.07829894125461578,0.06832550466060638,0.8533754944801331,gov,True,True
153913,2024-10,gov,0,0.7538000345230103,0.11627556383609772,0.12992437183856964,0.7538000345230103,gov,True,True
153914,2024-10,gov,0,0.5960620641708374,0.21303723752498627,0.19090072810649872,0.5960620641708374,gov,True,True
153915,2024-10,gov,0,0.5789721608161926,0.19001609086990356,0.23101170361042023,0.5789721608161926,gov,True,True
153916,2024-10,gov,0,0.6369993090629578,0.20736081898212433,0.1556399017572403,0.6369993090629578,gov,True,True
153917,2024-10,gov,0,0.7508477568626404,0.0819464847445488,0.16720575094223022,0.7508477568626404,gov,True,True
153918,2024-10,gov,0,0.5852687358856201,0.13796038925647736,0.27677083015441895,0.5852687358856201,opo,True,True
154630,2024-10,gov,0,0.9363630414009094,0.04086343199014664,0.022773442789912224,0.9363630414009094,gov,True,True
154631,2024-10,gov,0,0.9074243307113647,0.067182756960392,0.02539292350411415,0.9074243307113647,gov,True,True
154632,2024-10,gov,0,0.9388266801834106,0.044524189084768295,0.016649093478918076,0.9388266801834106,gov,True,True
154633,2024-10,gov,0,0.9174730181694031,0.037576448172330856,0.044950466603040695,0.9174730181694031,gov,True,True
154634,2024-10,gov,0,0.8658195734024048,0.05901775509119034,0.07516276836395264,0.8658195734024048,gov,True,True
154635,2024-10,gov,0,0.5561647415161133,0.16261066496372223,0.2812245786190033,0.5561647415161133,gov,True,True
154636,2024-10,gov,0,0.6250889301300049,0.21879304945468903,0.15611796081066132,0.6250889301300049,gov,True,True
155350,2024-10,opo,1,0.4300551414489746,0.5151767134666443,0.05476812273263931,0.5151767134666443,gov,True,True
155351,2024-10,gov,0,0.5771618485450745,0.37419062852859497,0.04864747077226639,0.5771618485450745,gov,True,True
155352,2024-10,gov,0,0.6532371044158936,0.29470565915107727,0.05205729976296425,0.6532371044158936,gov,True,True
155354,2024-10,gov,0,0.6694685816764832,0.07093120366334915,0.2596001625061035,0.6694685816764832,gov,True,True
156069,2024-10,opo,1,0.4201418459415436,0.5198476314544678,0.06001053377985954,0.5198476314544678,opo,True,True
156071,2024-10,gov,0,0.8210097551345825,0.09797108918428421,0.0810190886259079,0.8210097551345825,gov,True,True
156072,2024-10,gov,0,0.8033924102783203,0.12660247087478638,0.07000508159399033,0.8033924102783203,gov,True,True
156073,2024-10,gov,0,0.8073867559432983,0.04700872302055359,0.14560450613498688,0.8073867559432983,gov,True,True
156074,2024-10,gov,0,0.7129824757575989,0.050140380859375,0.23687714338302612,0.7129824757575989,gov,True,True
156075,2024-10,uncertain,2,0.17906279861927032,0.14143899083137512,0.6794981360435486,0.6794981360435486,uncertain,True,True
156788,2024-10,opo,1,0.3752990663051605,0.5216280221939087,0.10307294130325317,0.5216280221939087,gov,True,True
156789,2024-10,opo,1,0.29444196820259094,0.5613511204719543,0.1442069113254547,0.5613511204719543,gov,True,True
156791,2024-10,gov,0,0.7770312428474426,0.09552927315235138,0.127439484000206,0.7770312428474426,gov,True,True
156792,2024-10,gov,0,0.8087234497070312,0.12403004616498947,0.06724647432565689,0.8087234497070312,gov,True,True
156793,2024-10,gov,0,0.667148232460022,0.11048448085784912,0.2223672717809677,0.667148232460022,gov,True,True
156794,2024-10,gov,0,0.6197563409805298,0.1365271657705307,0.24371649324893951,0.6197563409805298,gov,True,True
156795,2024-10,opo,1,0.10873774439096451,0.5144910216331482,0.3767712116241455,0.5144910216331482,opo,True,True
156796,2024-10,opo,1,0.11782773584127426,0.8201292157173157,0.06204301118850708,0.8201292157173157,opo,True,True
157508,2024-10,opo,1,0.36548322439193726,0.47556272149086,0.15895406901836395,0.47556272149086,gov,True,True
157509,2024-10,opo,1,0.2914718985557556,0.5817835927009583,0.12674449384212494,0.5817835927009583,opo,True,True
157510,2024-10,gov,0,0.6116542220115662,0.1350754052400589,0.25327032804489136,0.6116542220115662,gov,True,True
157511,2024-10,uncertain,2,0.378816694021225,0.19764922559261322,0.4235341548919678,0.4235341548919678,gov,True,True
157513,2024-10,uncertain,2,0.2925613522529602,0.032942283898591995,0.6744964122772217,0.6744964122772217,uncertain,True,True
157514,2024-10,uncertain,2,0.443056583404541,0.08997689187526703,0.46696656942367554,0.46696656942367554,gov,True,True
157515,2024-10,uncertain,2,0.20581288635730743,0.2532302737236023,0.5409568548202515,0.5409568548202515,uncertain,True,True
158229,2024-10,opo,1,0.22949406504631042,0.5953601598739624,0.17514574527740479,0.5953601598739624,opo,True,True
158231,2024-10,gov,0,0.6143178343772888,0.06641104817390442,0.31927117705345154,0.6143178343772888,gov,True,True
158233,2024-10,gov,0,0.7211338877677917,0.10912247002124786,0.16974365711212158,0.7211338877677917,gov,True,True
158235,2024-10,opo,1,0.1325843632221222,0.6020256876945496,0.26538991928100586,0.6020256876945496,opo,True,True
158236,2024-10,opo,1,0.0289358738809824,0.9282684326171875,0.04279564321041107,0.9282684326171875,opo,True,True
158237,2024-10,opo,1,0.02077183872461319,0.9626300930976868,0.016598055139183998,0.9626300930976868,opo,True,True
158238,2024-10,opo,1,0.30456241965293884,0.43567994236946106,0.2597576677799225,0.43567994236946106,gov,True,True
158946,2024-10,opo,1,0.13775880634784698,0.7576466798782349,0.10459455847740173,0.7576466798782349,gov,True,True
158947,2024-10,opo,1,0.10611508041620255,0.7932561039924622,0.1006288081407547,0.7932561039924622,opo,True,True
158949,2024-10,opo,1,0.35984474420547485,0.38924723863601685,0.2509079873561859,0.38924723863601685,gov,True,True
158950,2024-10,gov,0,0.5524126887321472,0.16860584914684296,0.27898144721984863,0.5524126887321472,gov,True,True
158951,2024-10,gov,0,0.5044180750846863,0.2420361042022705,0.2535458207130432,0.5044180750846863,gov,True,True
158952,2024-10,gov,0,0.5602855682373047,0.31500858068466187,0.12470577657222748,0.5602855682373047,gov,True,True
158953,2024-10,gov,0,0.7170840501785278,0.2105187624692917,0.07239720225334167,0.7170840501785278,gov,True,True
158954,2024-10,gov,0,0.5547324419021606,0.201440691947937,0.24382683634757996,0.5547324419021606,gov,True,True
158955,2024-10,gov,0,0.681007981300354,0.130507230758667,0.18848472833633423,0.681007981300354,gov,True,True
158956,2024-10,gov,0,0.7355625033378601,0.22016581892967224,0.04427160695195198,0.7355625033378601,gov,True,True
158957,2024-10,gov,0,0.644498348236084,0.329576313495636,0.025925325229763985,0.644498348236084,gov,True,True
158958,2024-10,gov,0,0.6708523631095886,0.2652187943458557,0.06392886489629745,0.6708523631095886,gov,True,True
158960,2024-10,gov,0,0.5650894641876221,0.10923509299755096,0.32567545771598816,0.5650894641876221,gov,True,True
159665,2024-10,uncertain,2,0.05355972796678543,0.2017962485551834,0.744644045829773,0.744644045829773,uncertain,True,True
159666,2024-10,opo,1,0.02648034878075123,0.9249229431152344,0.048596758395433426,0.9249229431152344,opo,True,True
159667,2024-10,opo,1,0.009371495805680752,0.9779959917068481,0.012632458470761776,0.9779959917068481,opo,True,True
159668,2024-10,opo,1,0.10916171967983246,0.7331852316856384,0.1576530486345291,0.7331852316856384,opo,True,True
159670,2024-10,uncertain,2,0.38889721035957336,0.010268938727676868,0.6008338332176208,0.6008338332176208,gov,True,True
159671,2024-10,gov,0,0.8722795844078064,0.016769902780652046,0.11095055937767029,0.8722795844078064,gov,True,True
159672,2024-10,gov,0,0.9643356204032898,0.018299952149391174,0.01736443117260933,0.9643356204032898,gov,True,True
159673,2024-10,gov,0,0.9827480912208557,0.004078224301338196,0.013173675164580345,0.9827480912208557,gov,True,True
159674,2024-10,gov,0,0.8768129348754883,0.024090416729450226,0.09909658879041672,0.8768129348754883,gov,True,True
159675,2024-10,gov,0,0.8149388432502747,0.026138683781027794,0.15892241895198822,0.8149388432502747,gov,True,True
159676,2024-10,gov,0,0.8662666082382202,0.08701351284980774,0.04671991243958473,0.8662666082382202,gov,True,True
159679,2024-10,gov,0,0.6598111391067505,0.16561883687973022,0.17457005381584167,0.6598111391067505,gov,True,True
159680,2024-10,gov,0,0.5217133164405823,0.15538692474365234,0.322899729013443,0.5217133164405823,gov,True,True
160386,2024-10,opo,1,0.017881007865071297,0.8894586563110352,0.0926603153347969,0.8894586563110352,opo,True,True
160388,2024-10,uncertain,2,0.1059393435716629,0.4378671944141388,0.4561934769153595,0.4561934769153595,gov,True,True
160389,2024-10,uncertain,2,0.05405870079994202,0.04104107990860939,0.9049002528190613,0.9049002528190613,uncertain,True,True
160390,2024-10,uncertain,2,0.051396653056144714,0.010216061025857925,0.9383872747421265,0.9383872747421265,uncertain,True,True
160391,2024-10,uncertain,2,0.10981449484825134,0.04346584901213646,0.8467197418212891,0.8467197418212891,uncertain,True,True
160392,2024-10,gov,0,0.9751450419425964,0.012352954596281052,0.012502066791057587,0.9751450419425964,gov,True,True
160393,2024-10,gov,0,0.9268399477005005,0.018691817298531532,0.05446821078658104,0.9268399477005005,gov,True,True
160394,2024-10,gov,0,0.5129340291023254,0.12106122821569443,0.36600473523139954,0.5129340291023254,gov,True,True
160396,2024-10,gov,0,0.7397449016571045,0.0760766863822937,0.184178426861763,0.7397449016571045,gov,True,True
160397,2024-10,gov,0,0.7548186779022217,0.18553902208805084,0.05964229255914688,0.7548186779022217,gov,True,True
160399,2024-10,gov,0,0.8062787652015686,0.07003795355558395,0.12368331104516983,0.8062787652015686,gov,True,True
160400,2024-10,gov,0,0.6732183694839478,0.08754511922597885,0.23923653364181519,0.6732183694839478,gov,True,True
161107,2024-10,opo,1,0.010518892668187618,0.9686933159828186,0.020787835121154785,0.9686933159828186,opo,True,True
161109,2024-10,uncertain,2,0.020008433610200882,0.013331814669072628,0.966659665107727,0.966659665107727,uncertain,True,True
161110,2024-10,uncertain,2,0.22256284952163696,0.026704702526330948,0.7507324814796448,0.7507324814796448,uncertain,True,True
161111,2024-10,gov,0,0.6211252212524414,0.22906531393527985,0.14980942010879517,0.6211252212524414,gov,True,True
161112,2024-10,gov,0,0.987319827079773,0.006930450443178415,0.005749803967773914,0.987319827079773,gov,True,True
161113,2024-10,gov,0,0.9197380542755127,0.027539247646927834,0.05272269621491432,0.9197380542755127,gov,True,True
161116,2024-10,gov,0,0.6942684054374695,0.04165411740541458,0.26407745480537415,0.6942684054374695,gov,True,True
161117,2024-10,gov,0,0.6275203824043274,0.12557557225227356,0.24690403044223785,0.6275203824043274,gov,True,True
161118,2024-10,gov,0,0.7256618738174438,0.18993891775608063,0.08439918607473373,0.7256618738174438,gov,True,True
161119,2024-10,gov,0,0.5547945499420166,0.29333606362342834,0.15186932682991028,0.5547945499420166,gov,True,True
161120,2024-10,gov,0,0.7144415378570557,0.11841289699077606,0.16714555025100708,0.7144415378570557,gov,True,True
161827,2024-10,opo,1,0.019583243876695633,0.9321076273918152,0.0483090877532959,0.9321076273918152,opo,True,True
161829,2024-10,uncertain,2,0.00848191324621439,0.006591171491891146,0.9849269390106201,0.9849269390106201,uncertain,True,True
161830,2024-10,uncertain,2,0.05064413323998451,0.028879640623927116,0.9204761981964111,0.9204761981964111,uncertain,True,True
161831,2024-10,gov,0,0.5301963686943054,0.17625878751277924,0.2935447692871094,0.5301963686943054,gov,True,True
161832,2024-10,gov,0,0.9256994724273682,0.05502292886376381,0.019277598708868027,0.9256994724273682,gov,True,True
161833,2024-10,gov,0,0.5589802265167236,0.16568203270435333,0.2753377854824066,0.5589802265167236,gov,True,True
161834,2024-10,uncertain,2,0.03653685376048088,0.1172310933470726,0.8462320566177368,0.8462320566177368,uncertain,True,True
161837,2024-10,opo,1,0.2657238245010376,0.4027886986732483,0.33148741722106934,0.4027886986732483,opo,True,True
161839,2024-10,opo,1,0.2053305059671402,0.7369023561477661,0.05776714161038399,0.7369023561477661,opo,True,True
162547,2024-10,opo,1,0.052660275250673294,0.9236577749252319,0.023682020604610443,0.9236577749252319,opo,True,True
162548,2024-10,uncertain,2,0.0927264615893364,0.07103419303894043,0.8362392783164978,0.8362392783164978,gov,True,True
162549,2024-10,uncertain,2,0.031409453600645065,0.01288975402712822,0.9557007551193237,0.9557007551193237,uncertain,True,True
162550,2024-10,opo,1,0.1151498556137085,0.5267494320869446,0.3581007421016693,0.5267494320869446,opo,True,True
162551,2024-10,gov,0,0.6398067474365234,0.07202527672052383,0.28816792368888855,0.6398067474365234,gov,True,True
162552,2024-10,gov,0,0.7092652916908264,0.03862985596060753,0.2521049380302429,0.7092652916908264,gov,True,True
162553,2024-10,gov,0,0.5518240332603455,0.22361433506011963,0.2245616465806961,0.5518240332603455,opo,True,True
162554,2024-10,uncertain,2,0.06687115877866745,0.25004127621650696,0.6830874681472778,0.6830874681472778,uncertain,True,True
162555,2024-10,uncertain,2,0.0785260945558548,0.37046802043914795,0.5510058403015137,0.5510058403015137,opo,True,True
162556,2024-10,opo,1,0.3253977298736572,0.41023072600364685,0.2643715441226959,0.41023072600364685,gov,True,True
162558,2024-10,opo,1,0.006448314059525728,0.9763192534446716,0.017232490703463554,0.9763192534446716,opo,True,True
162559,2024-10,opo,1,0.0346202552318573,0.9355450868606567,0.029834691435098648,0.9355450868606567,opo,True,True
163267,2024-10,opo,1,0.018658246845006943,0.9625203013420105,0.018821420148015022,0.9625203013420105,opo,True,True
163268,2024-10,uncertain,2,0.04513542354106903,0.1701732873916626,0.7846912741661072,0.7846912741661072,uncertain,True,True
163269,2024-10,uncertain,2,0.05179073289036751,0.006352147553116083,0.941857099533081,0.941857099533081,uncertain,True,True
163271,2024-10,gov,0,0.8471807837486267,0.054309044033288956,0.09851014614105225,0.8471807837486267,gov,True,True
163272,2024-10,uncertain,2,0.12174267321825027,0.015512414276599884,0.8627448678016663,0.8627448678016663,uncertain,True,True
163274,2024-10,uncertain,2,0.024303413927555084,0.052813220769166946,0.9228834509849548,0.9228834509849548,uncertain,True,True
163275,2024-10,uncertain,2,0.017696160823106766,0.03544599935412407,0.9468578100204468,0.9468578100204468,uncertain,True,True
163276,2024-10,uncertain,2,0.11938794702291489,0.040817905217409134,0.8397942185401917,0.8397942185401917,uncertain,True,True
163278,2024-10,opo,1,0.07522820681333542,0.8432913422584534,0.08148039877414703,0.8432913422584534,opo,True,True
163988,2024-10,opo,1,0.08595854043960571,0.8504078984260559,0.06363359838724136,0.8504078984260559,opo,True,True
163989,2024-10,gov,0,0.4157766103744507,0.3238099217414856,0.2604134976863861,0.4157766103744507,gov,True,True
163992,2024-10,gov,0,0.6072421669960022,0.03808455914258957,0.35467329621315,0.6072421669960022,gov,True,True
163993,2024-10,gov,0,0.53546541929245,0.05410761386156082,0.4104270040988922,0.53546541929245,uncertain,True,True
163996,2024-10,uncertain,2,0.39747434854507446,0.13284385204315186,0.4696817994117737,0.4696817994117737,gov,True,True
163998,2024-10,gov,0,0.5283592343330383,0.3124418556690216,0.15919892489910126,0.5283592343330383,gov,True,True
164709,2024-10,gov,0,0.6804322600364685,0.15960097312927246,0.15996675193309784,0.6804322600364685,gov,True,True
164710,2024-10,gov,0,0.7633122801780701,0.195694699883461,0.040993012487888336,0.7633122801780701,gov,True,True
164711,2024-10,gov,0,0.6297311186790466,0.2757355868816376,0.09453332424163818,0.6297311186790466,opo,True,True
164712,2024-10,gov,0,0.7050936222076416,0.23106978833675385,0.06383663415908813,0.7050936222076416,gov,True,True
164713,2024-10,gov,0,0.7141923308372498,0.12221143394708633,0.1635962873697281,0.7141923308372498,gov,True,True
164714,2024-10,gov,0,0.6933039426803589,0.1876879185438156,0.11900816857814789,0.6933039426803589,gov,True,True
164715,2024-10,opo,1,0.2560182809829712,0.46485376358032227,0.27912795543670654,0.46485376358032227,gov,True,True
164716,2024-10,opo,1,0.10449238866567612,0.8123267292976379,0.08318089693784714,0.8123267292976379,opo,True,True
165430,2024-10,gov,0,0.42410317063331604,0.261441171169281,0.31445568799972534,0.42410317063331604,gov,True,True
165433,2024-10,gov,0,0.662466287612915,0.22390876710414886,0.11362491548061371,0.662466287612915,gov,True,True
165435,2024-10,opo,1,0.1194196566939354,0.8524788022041321,0.028101488947868347,0.8524788022041321,opo,True,True
165436,2024-10,opo,1,0.06151054427027702,0.9009591341018677,0.03753035143017769,0.9009591341018677,opo,True,True
166150,2024-10,gov,0,0.7133405804634094,0.15935486555099487,0.12730452418327332,0.7133405804634094,gov,True,True
166152,2024-10,opo,1,0.18321433663368225,0.6688773036003113,0.14790835976600647,0.6688773036003113,opo,True,True
166154,2024-10,opo,1,0.23827889561653137,0.557902455329895,0.2038186639547348,0.557902455329895,gov,True,True
166155,2024-10,opo,1,0.2257099598646164,0.689747154712677,0.08454285562038422,0.689747154712677,gov,True,True
166156,2024-10,opo,1,0.21010079979896545,0.7649474740028381,0.024951763451099396,0.7649474740028381,opo,True,True
166157,2024-10,opo,1,0.16780725121498108,0.7204825282096863,0.11171023547649384,0.7204825282096863,gov,True,True
166873,2024-10,opo,1,0.3280450105667114,0.3766431510448456,0.2953118085861206,0.3766431510448456,gov,True,True
166876,2024-10,opo,1,0.0763135701417923,0.9077509045600891,0.01593545265495777,0.9077509045600891,opo,True,True
166877,2024-10,opo,1,0.07375939935445786,0.8927460312843323,0.0334944874048233,0.8927460312843323,opo,True,True
167591,2024-10,gov,0,0.519353449344635,0.2796493172645569,0.2009972780942917,0.519353449344635,gov,True,True
167592,2024-10,gov,0,0.5908676981925964,0.19350330531597137,0.21562893688678741,0.5908676981925964,gov,True,True
167594,2024-10,gov,0,0.5466496348381042,0.19389161467552185,0.2594587504863739,0.5466496348381042,gov,True,True
167597,2024-10,opo,1,0.06431865692138672,0.8870761394500732,0.048605188727378845,0.8870761394500732,opo,True,True
168313,2024-10,gov,0,0.6346383094787598,0.11290623247623444,0.252455472946167,0.6346383094787598,gov,True,True
168316,2024-10,opo,1,0.06772888451814651,0.880057156085968,0.052213914692401886,0.880057156085968,opo,True,True
169035,2024-10,gov,0,0.6644318103790283,0.07535553723573685,0.2602126896381378,0.6644318103790283,gov,True,True
169036,2024-10,gov,0,0.6094288229942322,0.2579301595687866,0.13264094293117523,0.6094288229942322,gov,True,True
169037,2024-10,gov,0,0.5675588846206665,0.2712945342063904,0.16114658117294312,0.5675588846206665,gov,True,True
169756,2024-10,gov,0,0.7419493198394775,0.07913830876350403,0.17891234159469604,0.7419493198394775,gov,True,True
143838,2024-11,gov,0,0.506756603717804,0.3091197609901428,0.18412359058856964,0.506756603717804,gov,True,True
145998,2024-11,gov,0,0.46390819549560547,0.1936415135860443,0.3424503207206726,0.46390819549560547,gov,True,True
147437,2024-11,gov,0,0.45089268684387207,0.2919345796108246,0.25717276334762573,0.45089268684387207,gov,True,True
147438,2024-11,gov,0,0.4962359666824341,0.19552241265773773,0.30824166536331177,0.4962359666824341,gov,True,True
147439,2024-11,gov,0,0.5720122456550598,0.11921057105064392,0.30877721309661865,0.5720122456550598,gov,True,True
148158,2024-11,uncertain,2,0.33447980880737305,0.16577249765396118,0.49974769353866577,0.49974769353866577,gov,True,True
149597,2024-11,uncertain,2,0.15790703892707825,0.12894412875175476,0.7131487727165222,0.7131487727165222,uncertain,True,True
150307,2024-11,uncertain,2,0.11100458353757858,0.20466311275959015,0.6843323111534119,0.6843323111534119,gov,True,True
150317,2024-11,uncertain,2,0.22804470360279083,0.0680689588189125,0.7038863301277161,0.7038863301277161,gov,True,True
151756,2024-11,uncertain,2,0.2988553047180176,0.14073124527931213,0.5604135394096375,0.5604135394096375,gov,True,True
151757,2024-11,uncertain,2,0.1549086570739746,0.0767304077744484,0.7683609127998352,0.7683609127998352,uncertain,True,True
152476,2024-11,gov,0,0.7344873547554016,0.05350805073976517,0.21200452744960785,0.7344873547554016,gov,True,True
153190,2024-11,gov,0,0.7820562124252319,0.033309563994407654,0.1846342384815216,0.7820562124252319,gov,True,True
153191,2024-11,gov,0,0.7458393573760986,0.09417492896318436,0.1599857062101364,0.7458393573760986,gov,True,True
153192,2024-11,gov,0,0.8780721426010132,0.07792051881551743,0.044007282704114914,0.8780721426010132,gov,True,True
153193,2024-11,gov,0,0.9220772385597229,0.031210578978061676,0.04671208932995796,0.9220772385597229,gov,True,True
153196,2024-11,gov,0,0.5471546649932861,0.09451106935739517,0.3583343029022217,0.5471546649932861,gov,True,True
153197,2024-11,uncertain,2,0.1971052587032318,0.041806917637586594,0.7610878348350525,0.7610878348350525,uncertain,True,True
153910,2024-11,gov,0,0.5937899351119995,0.10809305310249329,0.2981169521808624,0.5937899351119995,gov,True,True
153911,2024-11,gov,0,0.5306885242462158,0.2620951533317566,0.20721636712551117,0.5306885242462158,gov,True,True
153912,2024-11,gov,0,0.6696751713752747,0.14577756822109222,0.1845472753047943,0.6696751713752747,gov,True,True
153913,2024-11,gov,0,0.7184435129165649,0.13952353596687317,0.14203296601772308,0.7184435129165649,gov,True,True
153914,2024-11,gov,0,0.6853622794151306,0.1825203150510788,0.1321174055337906,0.6853622794151306,gov,True,True
153915,2024-11,gov,0,0.5087578892707825,0.15722617506980896,0.33401593565940857,0.5087578892707825,gov,True,True
153916,2024-11,gov,0,0.7056320309638977,0.17902350425720215,0.11534446477890015,0.7056320309638977,gov,True,True
153917,2024-11,gov,0,0.7398070693016052,0.06961312890052795,0.1905798465013504,0.7398070693016052,gov,True,True
153918,2024-11,uncertain,2,0.4163358211517334,0.11627189069986343,0.467392235994339,0.467392235994339,gov,True,True
154630,2024-11,gov,0,0.9643226265907288,0.025850776582956314,0.009826568886637688,0.9643226265907288,gov,True,True
154631,2024-11,gov,0,0.9575899839401245,0.029455360025167465,0.012954585254192352,0.9575899839401245,gov,True,True
154632,2024-11,gov,0,0.9655373692512512,0.017517484724521637,0.01694520004093647,0.9655373692512512,gov,True,True
154633,2024-11,gov,0,0.9147608876228333,0.03040684387087822,0.05483227223157883,0.9147608876228333,gov,True,True
154634,2024-11,gov,0,0.8412061929702759,0.06752413511276245,0.09126967191696167,0.8412061929702759,gov,True,True
154635,2024-11,gov,0,0.6918575167655945,0.09339304268360138,0.21474945545196533,0.6918575167655945,gov,True,True
154636,2024-11,gov,0,0.6904545426368713,0.20651747286319733,0.10302796959877014,0.6904545426368713,gov,True,True
155350,2024-11,gov,0,0.5574396848678589,0.3790276348590851,0.06353266537189484,0.5574396848678589,gov,True,True
155351,2024-11,gov,0,0.7399939298629761,0.2020316869020462,0.0579744316637516,0.7399939298629761,gov,True,True
155352,2024-11,gov,0,0.7980895042419434,0.1585189551115036,0.04339149594306946,0.7980895042419434,gov,True,True
155354,2024-11,gov,0,0.637306809425354,0.08470290899276733,0.2779902517795563,0.637306809425354,gov,True,True
156069,2024-11,opo,1,0.4293111264705658,0.4896794855594635,0.0810094103217125,0.4896794855594635,opo,True,True
156071,2024-11,gov,0,0.8875951170921326,0.046986937522888184,0.06541798263788223,0.8875951170921326,gov,True,True
156072,2024-11,gov,0,0.6887640953063965,0.16194796562194824,0.1492878943681717,0.6887640953063965,gov,True,True
156073,2024-11,gov,0,0.6074124574661255,0.08818527311086655,0.3044022023677826,0.6074124574661255,gov,True,True
156074,2024-11,gov,0,0.6549622416496277,0.06139640137553215,0.28364139795303345,0.6549622416496277,gov,True,True
156075,2024-11,uncertain,2,0.23767757415771484,0.1535836011171341,0.6087388396263123,0.6087388396263123,uncertain,True,True
156788,2024-11,opo,1,0.3314591944217682,0.5679400563240051,0.10060074925422668,0.5679400563240051,gov,True,True
156789,2024-11,opo,1,0.3625534772872925,0.5266475081443787,0.11079902946949005,0.5266475081443787,opo,True,True
156791,2024-11,gov,0,0.7757353186607361,0.07737185060977936,0.14689284563064575,0.7757353186607361,gov,True,True
156792,2024-11,gov,0,0.7900307178497314,0.10186583548784256,0.10810349881649017,0.7900307178497314,gov,True,True
156793,2024-11,gov,0,0.46471595764160156,0.1674484759569168,0.3678356111049652,0.46471595764160156,gov,True,True
156794,2024-11,gov,0,0.6437413692474365,0.16193021833896637,0.19432838261127472,0.6437413692474365,gov,True,True
156795,2024-11,gov,0,0.3939917981624603,0.3558729290962219,0.25013527274131775,0.3939917981624603,opo,True,True
156796,2024-11,opo,1,0.37495118379592896,0.5223548412322998,0.10269401222467422,0.5223548412322998,opo,True,True
157508,2024-11,opo,1,0.29475823044776917,0.5669607520103455,0.13828101754188538,0.5669607520103455,gov,True,True
157509,2024-11,opo,1,0.20270583033561707,0.7405441999435425,0.056749965995550156,0.7405441999435425,opo,True,True
157510,2024-11,uncertain,2,0.32789021730422974,0.32197409868240356,0.3501356840133667,0.3501356840133667,gov,True,True
157511,2024-11,uncertain,2,0.3525560200214386,0.20512361824512482,0.4423203468322754,0.4423203468322754,gov,True,True
157513,2024-11,uncertain,2,0.19485242664813995,0.027298057451844215,0.777849555015564,0.777849555015564,uncertain,True,True
157514,2024-11,uncertain,2,0.37869250774383545,0.12238001078367233,0.49892744421958923,0.49892744421958923,gov,True,True
157515,2024-11,gov,0,0.40933969616889954,0.1954432874917984,0.39521703124046326,0.40933969616889954,uncertain,True,True
158229,2024-11,opo,1,0.1423846334218979,0.74042809009552,0.11718728393316269,0.74042809009552,opo,True,True
158231,2024-11,gov,0,0.6010867953300476,0.1126420795917511,0.2862711250782013,0.6010867953300476,gov,True,True
158233,2024-11,gov,0,0.7745136022567749,0.08679928630590439,0.1386871188879013,0.7745136022567749,gov,True,True
158235,2024-11,opo,1,0.22918157279491425,0.6816629767417908,0.08915545046329498,0.6816629767417908,opo,True,True
158236,2024-11,opo,1,0.07612890005111694,0.899039626121521,0.024831455200910568,0.899039626121521,opo,True,True
158237,2024-11,opo,1,0.12231086194515228,0.8363063931465149,0.041382718831300735,0.8363063931465149,opo,True,True
158238,2024-11,gov,0,0.43634000420570374,0.3685618042945862,0.1950981616973877,0.43634000420570374,gov,True,True
158946,2024-11,opo,1,0.16127848625183105,0.6594670414924622,0.1792544275522232,0.6594670414924622,gov,True,True
158947,2024-11,opo,1,0.08015793561935425,0.6764703392982483,0.24337172508239746,0.6764703392982483,opo,True,True
158949,2024-11,gov,0,0.4209043085575104,0.41279900074005127,0.16629667580127716,0.4209043085575104,gov,True,True
158950,2024-11,gov,0,0.7744073867797852,0.07473836094141006,0.15085424482822418,0.7744073867797852,gov,True,True
158951,2024-11,gov,0,0.6129237413406372,0.1656935065984726,0.2213827669620514,0.6129237413406372,gov,True,True
158952,2024-11,gov,0,0.6205767393112183,0.2537658214569092,0.12565746903419495,0.6205767393112183,gov,True,True
158953,2024-11,gov,0,0.6838881373405457,0.24552690982818604,0.07058499753475189,0.6838881373405457,gov,True,True
158954,2024-11,gov,0,0.7073307633399963,0.19669173657894135,0.09597749263048172,0.7073307633399963,gov,True,True
158955,2024-11,gov,0,0.8106255531311035,0.13770811259746552,0.051666319370269775,0.8106255531311035,gov,True,True
158956,2024-11,gov,0,0.8315408229827881,0.1256110668182373,0.0428481325507164,0.8315408229827881,gov,True,True
158957,2024-11,gov,0,0.8588954210281372,0.12500521540641785,0.01609937474131584,0.8588954210281372,gov,True,True
158958,2024-11,gov,0,0.788711428642273,0.15818357467651367,0.05310496687889099,0.788711428642273,gov,True,True
158960,2024-11,gov,0,0.5918807983398438,0.10003481805324554,0.3080843687057495,0.5918807983398438,gov,True,True
159665,2024-11,uncertain,2,0.04957246780395508,0.28019389510154724,0.6702336072921753,0.6702336072921753,opo,True,True
159666,2024-11,opo,1,0.019814833998680115,0.8935617208480835,0.08662345260381699,0.8935617208480835,opo,True,True
159667,2024-11,opo,1,0.010594021528959274,0.9694364070892334,0.01996958628296852,0.9694364070892334,opo,True,True
159668,2024-11,opo,1,0.05573137104511261,0.7388564348220825,0.20541216433048248,0.7388564348220825,opo,True,True
159670,2024-11,gov,0,0.5569175481796265,0.007964673452079296,0.43511781096458435,0.5569175481796265,gov,True,True
159671,2024-11,gov,0,0.9564975500106812,0.0187549889087677,0.02474742755293846,0.9564975500106812,gov,True,True
159672,2024-11,gov,0,0.9658825397491455,0.018155407160520554,0.015962015837430954,0.9658825397491455,gov,True,True
159673,2024-11,gov,0,0.9631754755973816,0.010191090404987335,0.026633353903889656,0.9631754755973816,gov,True,True
159674,2024-11,gov,0,0.7834324240684509,0.04839644953608513,0.16817116737365723,0.7834324240684509,gov,True,True
159675,2024-11,gov,0,0.8614255785942078,0.04305967688560486,0.09551475197076797,0.8614255785942078,gov,True,True
159676,2024-11,gov,0,0.8793584108352661,0.06835176795721054,0.05228983983397484,0.8793584108352661,gov,True,True
159679,2024-11,gov,0,0.6740297675132751,0.17003744840621948,0.1559327244758606,0.6740297675132751,gov,True,True
159680,2024-11,gov,0,0.5248236060142517,0.13347148895263672,0.34170493483543396,0.5248236060142517,gov,True,True
160386,2024-11,opo,1,0.008540768176317215,0.9023017287254333,0.08915748447179794,0.9023017287254333,opo,True,True
160388,2024-11,uncertain,2,0.03520093485713005,0.4370744824409485,0.5277246236801147,0.5277246236801147,gov,True,True
160389,2024-11,uncertain,2,0.0333467535674572,0.05365196615457535,0.9130013585090637,0.9130013585090637,uncertain,True,True
160390,2024-11,uncertain,2,0.055859196931123734,0.013057454489171505,0.9310833811759949,0.9310833811759949,uncertain,True,True
160391,2024-11,uncertain,2,0.31668439507484436,0.06724430620670319,0.6160712838172913,0.6160712838172913,uncertain,True,True
160392,2024-11,gov,0,0.9830883145332336,0.007108083926141262,0.00980355404317379,0.9830883145332336,gov,True,True
160393,2024-11,gov,0,0.93379145860672,0.007552250288426876,0.05865628644824028,0.93379145860672,gov,True,True
160394,2024-11,gov,0,0.5931604504585266,0.05027040094137192,0.35656917095184326,0.5931604504585266,gov,True,True
160396,2024-11,gov,0,0.682016134262085,0.069306381046772,0.24867750704288483,0.682016134262085,gov,True,True
160397,2024-11,gov,0,0.7948958873748779,0.13021555542945862,0.07488851994276047,0.7948958873748779,gov,True,True
160399,2024-11,gov,0,0.8535510897636414,0.042845163494348526,0.10360372811555862,0.8535510897636414,gov,True,True
160400,2024-11,gov,0,0.7551892399787903,0.04379350319504738,0.20101726055145264,0.7551892399787903,gov,True,True
161107,2024-11,opo,1,0.004471661988645792,0.9789631366729736,0.01656518690288067,0.9789631366729736,opo,True,True
161109,2024-11,uncertain,2,0.04116140305995941,0.01189437136054039,0.9469441771507263,0.9469441771507263,uncertain,True,True
161110,2024-11,uncertain,2,0.4243606626987457,0.00951578188687563,0.5661236047744751,0.5661236047744751,gov,True,True
161111,2024-11,gov,0,0.8966538310050964,0.064836785197258,0.03850941359996796,0.8966538310050964,gov,True,True
161112,2024-11,gov,0,0.9920235872268677,0.00275878026150167,0.005217725411057472,0.9920235872268677,gov,True,True
161113,2024-11,gov,0,0.8896269798278809,0.009635278955101967,0.10073774307966232,0.8896269798278809,gov,True,True
161116,2024-11,gov,0,0.650223433971405,0.043757133185863495,0.30601945519447327,0.650223433971405,gov,True,True
161117,2024-11,gov,0,0.7396500706672668,0.06654633581638336,0.19380363821983337,0.7396500706672668,gov,True,True
161118,2024-11,gov,0,0.7992372512817383,0.11701368540525436,0.08374907821416855,0.7992372512817383,gov,True,True
161119,2024-11,gov,0,0.7167947888374329,0.13893146812915802,0.14427372813224792,0.7167947888374329,gov,True,True
161120,2024-11,gov,0,0.743175208568573,0.08211244642734528,0.1747123748064041,0.743175208568573,gov,True,True
161827,2024-11,opo,1,0.022404028102755547,0.9202650785446167,0.057330865412950516,0.9202650785446167,opo,True,True
161829,2024-11,uncertain,2,0.009195312857627869,0.005584389436990023,0.9852203130722046,0.9852203130722046,uncertain,True,True
161830,2024-11,uncertain,2,0.07034013420343399,0.04279038682579994,0.8868695497512817,0.8868695497512817,uncertain,True,True
161831,2024-11,gov,0,0.7040731310844421,0.13359808921813965,0.1623287796974182,0.7040731310844421,gov,True,True
161832,2024-11,gov,0,0.9899256229400635,0.005042538046836853,0.005031871143728495,0.9899256229400635,gov,True,True
161833,2024-11,gov,0,0.7484877109527588,0.03443148732185364,0.217080757021904,0.7484877109527588,gov,True,True
161834,2024-11,uncertain,2,0.1582685112953186,0.15234316885471344,0.6893883347511292,0.6893883347511292,uncertain,True,True
161837,2024-11,opo,1,0.25529947876930237,0.5496450662612915,0.19505546987056732,0.5496450662612915,opo,True,True
161839,2024-11,opo,1,0.28865060210227966,0.6343043446540833,0.0770450010895729,0.6343043446540833,opo,True,True
162547,2024-11,opo,1,0.05004606768488884,0.9160671234130859,0.033886849880218506,0.9160671234130859,opo,True,True
162548,2024-11,uncertain,2,0.1533953845500946,0.07867361605167389,0.7679309844970703,0.7679309844970703,uncertain,True,True
162549,2024-11,uncertain,2,0.05171193182468414,0.012073610909283161,0.9362144470214844,0.9362144470214844,uncertain,True,True
162550,2024-11,opo,1,0.1403290033340454,0.525279700756073,0.3343912363052368,0.525279700756073,opo,True,True
162551,2024-11,gov,0,0.7748859524726868,0.1019272431731224,0.12318672984838486,0.7748859524726868,gov,True,True
162552,2024-11,gov,0,0.8729163408279419,0.018006252124905586,0.1090773418545723,0.8729163408279419,gov,True,True
162553,2024-11,gov,0,0.676332950592041,0.1754228174686432,0.1482442021369934,0.676332950592041,opo,True,True
162554,2024-11,uncertain,2,0.043967172503471375,0.05533015727996826,0.900702714920044,0.900702714920044,uncertain,True,True
162555,2024-11,uncertain,2,0.03354465216398239,0.02000710368156433,0.9464482069015503,0.9464482069015503,uncertain,True,True
162556,2024-11,uncertain,2,0.10626047849655151,0.3522545099258423,0.5414850115776062,0.5414850115776062,gov,True,True
162558,2024-11,opo,1,0.009246676228940487,0.9730086326599121,0.01774471253156662,0.9730086326599121,opo,True,True
162559,2024-11,opo,1,0.043704211711883545,0.918793261051178,0.03750259056687355,0.918793261051178,opo,True,True
163267,2024-11,opo,1,0.04765593633055687,0.856482207775116,0.09586187452077866,0.856482207775116,opo,True,True
163268,2024-11,uncertain,2,0.1541849970817566,0.10346517711877823,0.7423498034477234,0.7423498034477234,uncertain,True,True
163269,2024-11,uncertain,2,0.12059809267520905,0.01096873078495264,0.8684332370758057,0.8684332370758057,uncertain,True,True
163271,2024-11,gov,0,0.8340484499931335,0.03950190171599388,0.12644971907138824,0.8340484499931335,gov,True,True
163272,2024-11,uncertain,2,0.10645399987697601,0.006002493668347597,0.8875434398651123,0.8875434398651123,uncertain,True,True
163274,2024-11,uncertain,2,0.06470910459756851,0.10008182376623154,0.8352090716362,0.8352090716362,uncertain,True,True
163275,2024-11,uncertain,2,0.011559739708900452,0.006830912083387375,0.9816094040870667,0.9816094040870667,uncertain,True,True
163276,2024-11,uncertain,2,0.07124434411525726,0.03671042621135712,0.892045259475708,0.892045259475708,uncertain,True,True
163278,2024-11,opo,1,0.05048516020178795,0.8830210566520691,0.06649377197027206,0.8830210566520691,opo,True,True
163988,2024-11,opo,1,0.11651067435741425,0.7234601974487305,0.1600290685892105,0.7234601974487305,opo,True,True
163989,2024-11,opo,1,0.2430325448513031,0.47804340720176697,0.27892401814460754,0.47804340720176697,gov,True,True
163992,2024-11,gov,0,0.7931988835334778,0.057255614548921585,0.1495455652475357,0.7931988835334778,gov,True,True
163993,2024-11,gov,0,0.7114595174789429,0.23460908234119415,0.05393135920166969,0.7114595174789429,opo,True,True
163996,2024-11,gov,0,0.3741869628429413,0.27120184898376465,0.35461118817329407,0.3741869628429413,gov,True,True
163998,2024-11,gov,0,0.5749494433403015,0.3545783758163452,0.07047213613986969,0.5749494433403015,gov,True,True
164709,2024-11,opo,1,0.3695271909236908,0.3742382824420929,0.2562345862388611,0.3742382824420929,gov,True,True
164710,2024-11,gov,0,0.7451509237289429,0.1912381649017334,0.06361091881990433,0.7451509237289429,gov,True,True
164711,2024-11,gov,0,0.6721405982971191,0.2508072853088379,0.07705215364694595,0.6721405982971191,opo,True,True
164712,2024-11,gov,0,0.5442759394645691,0.43120336532592773,0.024520743638277054,0.5442759394645691,gov,True,True
164713,2024-11,opo,1,0.3979867994785309,0.46220070123672485,0.13981245458126068,0.46220070123672485,gov,True,True
164714,2024-11,gov,0,0.5785596370697021,0.22719427943229675,0.1942460983991623,0.5785596370697021,gov,True,True
164715,2024-11,opo,1,0.3310290575027466,0.45385482907295227,0.21511614322662354,0.45385482907295227,gov,True,True
164716,2024-11,opo,1,0.0950937420129776,0.8380310535430908,0.06687517464160919,0.8380310535430908,opo,True,True
165430,2024-11,gov,0,0.5583795309066772,0.18960702419281006,0.2520134747028351,0.5583795309066772,gov,True,True
165433,2024-11,gov,0,0.6009238362312317,0.17034144699573517,0.22873464226722717,0.6009238362312317,gov,True,True
165435,2024-11,opo,1,0.281938761472702,0.6358112692832947,0.08224991708993912,0.6358112692832947,opo,True,True
165436,2024-11,opo,1,0.037807367742061615,0.9391990900039673,0.0229935422539711,0.9391990900039673,opo,True,True
166150,2024-11,gov,0,0.6345610022544861,0.24949470162391663,0.1159442812204361,0.6345610022544861,gov,True,True
166152,2024-11,opo,1,0.31260865926742554,0.5372720956802368,0.15011921525001526,0.5372720956802368,opo,True,True
166154,2024-11,gov,0,0.3625754415988922,0.309510201215744,0.32791435718536377,0.3625754415988922,gov,True,True
166155,2024-11,opo,1,0.2985698878765106,0.41721460223197937,0.28421550989151,0.41721460223197937,gov,True,True
166156,2024-11,opo,1,0.12509503960609436,0.8510437607765198,0.023861238732933998,0.8510437607765198,opo,True,True
166157,2024-11,opo,1,0.07177642732858658,0.8651513457298279,0.06307224929332733,0.8651513457298279,opo,True,True
166873,2024-11,uncertain,2,0.31401804089546204,0.3163900375366211,0.3695918917655945,0.3695918917655945,gov,True,True
166876,2024-11,opo,1,0.12800824642181396,0.8290776610374451,0.0429140068590641,0.8290776610374451,opo,True,True
166877,2024-11,opo,1,0.11064177751541138,0.829973042011261,0.059385206550359726,0.829973042011261,opo,True,True
167591,2024-11,gov,0,0.43929341435432434,0.18400754034519196,0.3766990900039673,0.43929341435432434,gov,True,True
167592,2024-11,gov,0,0.5841855406761169,0.24046829342842102,0.17534615099430084,0.5841855406761169,gov,True,True
167594,2024-11,gov,0,0.6870378255844116,0.10699717700481415,0.205965057015419,0.6870378255844116,gov,True,True
167597,2024-11,opo,1,0.15489012002944946,0.7615130543708801,0.08359677344560623,0.7615130543708801,opo,True,True
168313,2024-11,gov,0,0.644960880279541,0.155668243765831,0.19937092065811157,0.644960880279541,gov,True,True
168316,2024-11,opo,1,0.11738160997629166,0.8182608485221863,0.06435757875442505,0.8182608485221863,opo,True,True
169035,2024-11,gov,0,0.6375889182090759,0.10054823011159897,0.2618628144264221,0.6375889182090759,gov,True,True
169036,2024-11,gov,0,0.6737043857574463,0.2050018012523651,0.1212937980890274,0.6737043857574463,gov,True,True
169037,2024-11,gov,0,0.6700562238693237,0.17410805821418762,0.15583571791648865,0.6700562238693237,gov,True,True
169756,2024-11,gov,0,0.7047339081764221,0.12874968349933624,0.16651631891727448,0.7047339081764221,gov,True,True
143838,2024-12,gov,0,0.6041913628578186,0.2546665072441101,0.14114215970039368,0.6041913628578186,gov,True,True
145998,2024-12,gov,0,0.6503347158432007,0.16003169119358063,0.1896335482597351,0.6503347158432007,gov,True,True
147437,2024-12,uncertain,2,0.3917131721973419,0.113100066781044,0.49518680572509766,0.49518680572509766,gov,True,True
147438,2024-12,gov,0,0.8428646326065063,0.06428103148937225,0.09285426139831543,0.8428646326065063,gov,True,True
147439,2024-12,gov,0,0.9086953997612,0.02949049510061741,0.061814140528440475,0.9086953997612,gov,True,True
148158,2024-12,gov,0,0.48067718744277954,0.13369333744049072,0.38562947511672974,0.48067718744277954,gov,True,True
149597,2024-12,uncertain,2,0.06913399696350098,0.09464408457279205,0.8362218737602234,0.8362218737602234,uncertain,True,True
150307,2024-12,uncertain,2,0.027784842997789383,0.0563184916973114,0.9158965945243835,0.9158965945243835,gov,True,True
150317,2024-12,uncertain,2,0.056176550686359406,0.03551775589585304,0.9083056449890137,0.9083056449890137,gov,True,True
151756,2024-12,opo,1,0.2927539050579071,0.3930457532405853,0.31420037150382996,0.3930457532405853,gov,True,True
151757,2024-12,uncertain,2,0.10860294848680496,0.12624426186084747,0.7651528120040894,0.7651528120040894,uncertain,True,True
152476,2024-12,gov,0,0.4929296672344208,0.15212514996528625,0.35494518280029297,0.4929296672344208,gov,True,True
153190,2024-12,gov,0,0.43377619981765747,0.33202695846557617,0.23419685661792755,0.43377619981765747,gov,True,True
153191,2024-12,gov,0,0.7106639742851257,0.10522563010454178,0.18411041796207428,0.7106639742851257,gov,True,True
153192,2024-12,gov,0,0.6377884149551392,0.03603362292051315,0.3261779248714447,0.6377884149551392,gov,True,True
153193,2024-12,gov,0,0.8498477935791016,0.07279712706804276,0.0773550495505333,0.8498477935791016,gov,True,True
153196,2024-12,gov,0,0.6139192581176758,0.10983362048864365,0.27624717354774475,0.6139192581176758,gov,True,True
153197,2024-12,uncertain,2,0.3781058192253113,0.14062918722629547,0.48126494884490967,0.48126494884490967,uncertain,True,True
153910,2024-12,gov,0,0.7146825790405273,0.12827064096927643,0.15704677999019623,0.7146825790405273,gov,True,True
153911,2024-12,gov,0,0.7827954888343811,0.08808578550815582,0.1291186660528183,0.7827954888343811,gov,True,True
153912,2024-12,gov,0,0.6418613791465759,0.07425951957702637,0.28387904167175293,0.6418613791465759,gov,True,True
153913,2024-12,gov,0,0.8122866153717041,0.10592078417539597,0.0817926675081253,0.8122866153717041,gov,True,True
153914,2024-12,gov,0,0.8628711104393005,0.08842263370752335,0.04870617762207985,0.8628711104393005,gov,True,True
153915,2024-12,gov,0,0.6724911332130432,0.16645433008670807,0.16105449199676514,0.6724911332130432,gov,True,True
153916,2024-12,gov,0,0.6574544906616211,0.2722024619579315,0.0703430026769638,0.6574544906616211,opo,True,True
153917,2024-12,gov,0,0.5447176694869995,0.1459854394197464,0.3092968761920929,0.5447176694869995,gov,True,True
153918,2024-12,uncertain,2,0.41486111283302307,0.08949151635169983,0.4956474006175995,0.4956474006175995,gov,True,True
154630,2024-12,gov,0,0.9426420331001282,0.04621750861406326,0.011140522547066212,0.9426420331001282,gov,True,True
154631,2024-12,gov,0,0.9130701422691345,0.02220071107149124,0.06472913920879364,0.9130701422691345,gov,True,True
154632,2024-12,gov,0,0.7584484815597534,0.014801282435655594,0.22675028443336487,0.7584484815597534,gov,True,True
154633,2024-12,gov,0,0.9215335845947266,0.02905157394707203,0.04941484332084656,0.9215335845947266,gov,True,True
154634,2024-12,gov,0,0.9386274218559265,0.03640221431851387,0.024970410391688347,0.9386274218559265,gov,True,True
154635,2024-12,gov,0,0.5575625896453857,0.10581830143928528,0.336619108915329,0.5575625896453857,gov,True,True
154636,2024-12,gov,0,0.6484230756759644,0.23526892066001892,0.11630798876285553,0.6484230756759644,gov,True,True
155350,2024-12,opo,1,0.3942624032497406,0.5727078914642334,0.033029746264219284,0.5727078914642334,opo,True,True
155351,2024-12,gov,0,0.7894734740257263,0.16275234520435333,0.04777419567108154,0.7894734740257263,gov,True,True
155352,2024-12,gov,0,0.5371673703193665,0.08304906636476517,0.379783570766449,0.5371673703193665,gov,True,True
155354,2024-12,gov,0,0.7040577530860901,0.09256730228662491,0.2033749520778656,0.7040577530860901,gov,True,True
156069,2024-12,opo,1,0.14118355512619019,0.8537946343421936,0.005021806340664625,0.8537946343421936,opo,True,True
156071,2024-12,gov,0,0.8836960196495056,0.049523789435625076,0.06678012013435364,0.8836960196495056,gov,True,True
156072,2024-12,uncertain,2,0.30095231533050537,0.016797160729765892,0.6822505593299866,0.6822505593299866,gov,True,True
156073,2024-12,gov,0,0.5628302097320557,0.0903143361210823,0.3468554615974426,0.5628302097320557,gov,True,True
156074,2024-12,gov,0,0.7377323508262634,0.14644397795200348,0.11582370847463608,0.7377323508262634,gov,True,True
156075,2024-12,uncertain,2,0.11430428922176361,0.15899905562400818,0.7266966700553894,0.7266966700553894,uncertain,True,True
156788,2024-12,opo,1,0.05263179540634155,0.9380156397819519,0.009352567605674267,0.9380156397819519,gov,True,True
156789,2024-12,opo,1,0.031392667442560196,0.96542888879776,0.003178398357704282,0.96542888879776,opo,True,True
156791,2024-12,gov,0,0.8403862714767456,0.10661625117063522,0.052997469902038574,0.8403862714767456,gov,True,True
156792,2024-12,gov,0,0.5168869495391846,0.1091289222240448,0.37398412823677063,0.5168869495391846,gov,True,True
156793,2024-12,uncertain,2,0.3154555559158325,0.2310958057641983,0.45344865322113037,0.45344865322113037,gov,True,True
156794,2024-12,opo,1,0.15862032771110535,0.49190911650657654,0.3494705259799957,0.49190911650657654,gov,True,True
156795,2024-12,opo,1,0.015334617346525192,0.6716393828392029,0.3130260109901428,0.6716393828392029,opo,True,True
156796,2024-12,opo,1,0.020375603809952736,0.9115424752235413,0.06808198988437653,0.9115424752235413,opo,True,True
157508,2024-12,opo,1,0.008806653320789337,0.9839558005332947,0.00723749864846468,0.9839558005332947,gov,True,True
157509,2024-12,opo,1,0.025068040937185287,0.9668983221054077,0.00803365744650364,0.9668983221054077,opo,True,True
157510,2024-12,opo,1,0.22693179547786713,0.6665763258934021,0.10649185627698898,0.6665763258934021,gov,True,True
157511,2024-12,opo,1,0.3331601917743683,0.446236252784729,0.22060349583625793,0.446236252784729,gov,True,True
157513,2024-12,uncertain,2,0.18087738752365112,0.03647444397211075,0.7826482057571411,0.7826482057571411,uncertain,True,True
157514,2024-12,uncertain,2,0.14799551665782928,0.0729406327009201,0.7790638208389282,0.7790638208389282,gov,True,True
157515,2024-12,uncertain,2,0.04159868136048317,0.13645929098129272,0.8219420909881592,0.8219420909881592,uncertain,True,True
158229,2024-12,opo,1,0.10604395717382431,0.8391404151916504,0.05481567606329918,0.8391404151916504,opo,True,True
158231,2024-12,uncertain,2,0.3634858727455139,0.13166384398937225,0.5048502683639526,0.5048502683639526,gov,True,True
158233,2024-12,uncertain,2,0.2308199554681778,0.030230678617954254,0.7389492988586426,0.7389492988586426,gov,True,True
158235,2024-12,uncertain,2,0.07503518462181091,0.31018078327178955,0.6147840619087219,0.6147840619087219,opo,True,True
158236,2024-12,opo,1,0.044138748198747635,0.9175980687141418,0.038263145834207535,0.9175980687141418,opo,True,True
158237,2024-12,opo,1,0.03446910157799721,0.9245947599411011,0.04093610867857933,0.9245947599411011,opo,True,True
158238,2024-12,gov,0,0.38438892364501953,0.36482393741607666,0.2507871389389038,0.38438892364501953,gov,True,True
158946,2024-12,opo,1,0.044133394956588745,0.8835034966468811,0.07236304134130478,0.8835034966468811,gov,True,True
158947,2024-12,opo,1,0.022321293130517006,0.9415907263755798,0.03608797490596771,0.9415907263755798,opo,True,True
158949,2024-12,opo,1,0.20587703585624695,0.5959469079971313,0.1981760859489441,0.5959469079971313,gov,True,True
158950,2024-12,gov,0,0.6085832715034485,0.22834083437919617,0.16307595372200012,0.6085832715034485,gov,True,True
158951,2024-12,gov,0,0.6198436617851257,0.1383422166109085,0.24181413650512695,0.6198436617851257,gov,True,True
158952,2024-12,gov,0,0.7926965355873108,0.05133955553174019,0.1559639573097229,0.7926965355873108,gov,True,True
158953,2024-12,gov,0,0.6274036169052124,0.02717524953186512,0.34542110562324524,0.6274036169052124,gov,True,True
158954,2024-12,uncertain,2,0.2838444709777832,0.0805957093834877,0.6355598568916321,0.6355598568916321,gov,True,True
158955,2024-12,uncertain,2,0.2778325080871582,0.18740077316761017,0.5347667336463928,0.5347667336463928,gov,True,True
158956,2024-12,opo,1,0.3484075367450714,0.5811443328857422,0.07044818252325058,0.5811443328857422,gov,True,True
158957,2024-12,gov,0,0.5247524976730347,0.45924973487854004,0.015997808426618576,0.5247524976730347,gov,True,True
158958,2024-12,gov,0,0.8678478002548218,0.0964345633983612,0.03571756184101105,0.8678478002548218,gov,True,True
158960,2024-12,gov,0,0.45870399475097656,0.31055647134780884,0.23073962330818176,0.45870399475097656,gov,True,True
159665,2024-12,opo,1,0.2108875811100006,0.498322993516922,0.2907894551753998,0.498322993516922,opo,True,True
159666,2024-12,opo,1,0.020040124654769897,0.9527277946472168,0.027232041582465172,0.9527277946472168,opo,True,True
159667,2024-12,opo,1,0.0028381377924233675,0.9640153646469116,0.033146537840366364,0.9640153646469116,opo,True,True
159668,2024-12,opo,1,0.023632897064089775,0.8895139098167419,0.08685322105884552,0.8895139098167419,opo,True,True
159670,2024-12,gov,0,0.5559600591659546,0.04663601517677307,0.39740386605262756,0.5559600591659546,gov,True,True
159671,2024-12,gov,0,0.919150710105896,0.01576044224202633,0.06508887559175491,0.919150710105896,gov,True,True
159672,2024-12,gov,0,0.9707643985748291,0.004489094018936157,0.024746594950556755,0.9707643985748291,gov,True,True
159673,2024-12,gov,0,0.9760017395019531,0.002215365646407008,0.021782822906970978,0.9760017395019531,gov,True,True
159674,2024-12,gov,0,0.7406815886497498,0.0038577918894588947,0.25546059012413025,0.7406815886497498,gov,True,True
159675,2024-12,gov,0,0.6051989793777466,0.04899618402123451,0.3458048105239868,0.6051989793777466,gov,True,True
159676,2024-12,gov,0,0.5697534680366516,0.33182626962661743,0.09842030704021454,0.5697534680366516,gov,True,True
159679,2024-12,gov,0,0.6741091012954712,0.26246851682662964,0.06342245638370514,0.6741091012954712,gov,True,True
159680,2024-12,gov,0,0.4201771914958954,0.27694469690322876,0.30287814140319824,0.4201771914958954,gov,True,True
160386,2024-12,opo,1,0.02004905603826046,0.926749587059021,0.053201381117105484,0.926749587059021,opo,True,True
160388,2024-12,opo,1,0.006322333123534918,0.819336473941803,0.1743411421775818,0.819336473941803,opo,True,True
160389,2024-12,uncertain,2,0.021462755277752876,0.10250932723283768,0.8760278820991516,0.8760278820991516,opo,True,True
160390,2024-12,uncertain,2,0.08866268396377563,0.039412520825862885,0.8719248175621033,0.8719248175621033,uncertain,True,True
160391,2024-12,uncertain,2,0.3348654806613922,0.029691962525248528,0.6354425549507141,0.6354425549507141,gov,True,True
160392,2024-12,gov,0,0.9790605306625366,0.01079708244651556,0.010142335668206215,0.9790605306625366,gov,True,True
160393,2024-12,gov,0,0.9456849098205566,0.03345048800110817,0.020864637568593025,0.9456849098205566,gov,True,True
160394,2024-12,uncertain,2,0.3808218240737915,0.06795387715101242,0.5512243509292603,0.5512243509292603,gov,True,True
160396,2024-12,uncertain,2,0.1331447809934616,0.2419184446334839,0.6249367594718933,0.6249367594718933,gov,True,True
160397,2024-12,uncertain,2,0.4099901616573334,0.10962218791246414,0.4803876578807831,0.4803876578807831,gov,True,True
160399,2024-12,gov,0,0.8074600696563721,0.12432540953159332,0.06821456551551819,0.8074600696563721,gov,True,True
160400,2024-12,gov,0,0.6304680705070496,0.14160925149917603,0.22792263329029083,0.6304680705070496,gov,True,True
161107,2024-12,opo,1,0.006772386841475964,0.9571394920349121,0.036088116466999054,0.9571394920349121,opo,True,True
161109,2024-12,uncertain,2,0.010389559902250767,0.020273838192224503,0.9693366289138794,0.9693366289138794,uncertain,True,True
161110,2024-12,gov,0,0.6140901446342468,0.033169832080602646,0.35274001955986023,0.6140901446342468,gov,True,True
161111,2024-12,gov,0,0.7087185978889465,0.039695896208286285,0.2515855133533478,0.7087185978889465,gov,True,True
161112,2024-12,gov,0,0.9648911356925964,0.027681486681103706,0.0074274917133152485,0.9648911356925964,gov,True,True
161113,2024-12,gov,0,0.9582087397575378,0.034153833985328674,0.007637357339262962,0.9582087397575378,gov,True,True
161116,2024-12,uncertain,2,0.3786308467388153,0.23913191258907318,0.3822372853755951,0.3822372853755951,gov,True,True
161117,2024-12,uncertain,2,0.22638662159442902,0.14480215311050415,0.628811240196228,0.628811240196228,gov,True,True
161118,2024-12,gov,0,0.6098742485046387,0.305950790643692,0.08417505025863647,0.6098742485046387,gov,True,True
161119,2024-12,gov,0,0.6755726337432861,0.25766313076019287,0.06676418334245682,0.6755726337432861,gov,True,True
161120,2024-12,gov,0,0.6200077533721924,0.18200701475143433,0.19798526167869568,0.6200077533721924,gov,True,True
161827,2024-12,opo,1,0.0193575918674469,0.8718691468238831,0.10877323150634766,0.8718691468238831,opo,True,True
161829,2024-12,uncertain,2,0.008074820041656494,0.01923447847366333,0.9726907014846802,0.9726907014846802,uncertain,True,True
161830,2024-12,uncertain,2,0.07459235191345215,0.0949295237660408,0.8304781317710876,0.8304781317710876,uncertain,True,True
161831,2024-12,uncertain,2,0.333810418844223,0.29002198576927185,0.3761676251888275,0.3761676251888275,gov,True,True
161832,2024-12,gov,0,0.7260441184043884,0.2217523753643036,0.052203450351953506,0.7260441184043884,gov,True,True
161833,2024-12,gov,0,0.6824859976768494,0.2746739387512207,0.04284008592367172,0.6824859976768494,gov,True,True
161834,2024-12,uncertain,2,0.18247908353805542,0.12649951875209808,0.6910214424133301,0.6910214424133301,uncertain,True,True
161837,2024-12,opo,1,0.11105968803167343,0.628959596157074,0.2599807381629944,0.628959596157074,opo,True,True
161839,2024-12,opo,1,0.18007013201713562,0.75202476978302,0.06790506094694138,0.75202476978302,opo,True,True
162547,2024-12,opo,1,0.028282716870307922,0.8933558464050293,0.07836145162582397,0.8933558464050293,opo,True,True
162548,2024-12,opo,1,0.12981413304805756,0.44741448760032654,0.4227713942527771,0.44741448760032654,opo,True,True
162549,2024-12,uncertain,2,0.03340747952461243,0.08294656872749329,0.8836460113525391,0.8836460113525391,uncertain,True,True
162550,2024-12,gov,0,0.41259071230888367,0.3330628275871277,0.25434640049934387,0.41259071230888367,opo,True,True
162551,2024-12,gov,0,0.6210352182388306,0.08019841462373734,0.2987663447856903,0.6210352182388306,gov,True,True
162552,2024-12,gov,0,0.6291429996490479,0.043288372457027435,0.3275686800479889,0.6291429996490479,gov,True,True
162553,2024-12,gov,0,0.8253845572471619,0.12820304930210114,0.04641236737370491,0.8253845572471619,opo,True,True
162554,2024-12,uncertain,2,0.07598350197076797,0.030714020133018494,0.8933025002479553,0.8933025002479553,uncertain,True,True
162555,2024-12,uncertain,2,0.05748118460178375,0.010769343934953213,0.9317495226860046,0.9317495226860046,uncertain,True,True
162556,2024-12,uncertain,2,0.3144080638885498,0.2970602810382843,0.38853171467781067,0.38853171467781067,gov,True,True
162558,2024-12,opo,1,0.03572981432080269,0.9134541153907776,0.0508161224424839,0.9134541153907776,opo,True,True
162559,2024-12,opo,1,0.11289291828870773,0.7929843068122864,0.0941227525472641,0.7929843068122864,opo,True,True
163267,2024-12,opo,1,0.04074228182435036,0.851744532585144,0.10751320421695709,0.851744532585144,opo,True,True
163268,2024-12,opo,1,0.1758325845003128,0.42549294233322144,0.3986744284629822,0.42549294233322144,uncertain,True,True
163269,2024-12,uncertain,2,0.09117896109819412,0.05548308044672012,0.8533379435539246,0.8533379435539246,uncertain,True,True
163271,2024-12,gov,0,0.8122841715812683,0.11542997509241104,0.07228583097457886,0.8122841715812683,gov,True,True
163272,2024-12,uncertain,2,0.2576684057712555,0.10853024572134018,0.6338013410568237,0.6338013410568237,uncertain,True,True
163274,2024-12,uncertain,2,0.09469380974769592,0.07504836469888687,0.8302578330039978,0.8302578330039978,uncertain,True,True
163275,2024-12,uncertain,2,0.023360619321465492,0.03163358196616173,0.9450058341026306,0.9450058341026306,uncertain,True,True
163276,2024-12,uncertain,2,0.14536194503307343,0.07362818717956543,0.7810098528862,0.7810098528862,uncertain,True,True
163278,2024-12,opo,1,0.07460995763540268,0.825430154800415,0.09995988756418228,0.825430154800415,opo,True,True
163988,2024-12,opo,1,0.02792501263320446,0.7831905484199524,0.18888449668884277,0.7831905484199524,opo,True,True
163989,2024-12,opo,1,0.20737190544605255,0.5253702402114868,0.2672578692436218,0.5253702402114868,gov,True,True
163992,2024-12,gov,0,0.6122565865516663,0.29200583696365356,0.09573759138584137,0.6122565865516663,gov,True,True
163993,2024-12,gov,0,0.6332796216011047,0.28869715332984924,0.0780232846736908,0.6332796216011047,opo,True,True
163996,2024-12,gov,0,0.35837647318840027,0.3046402037143707,0.33698326349258423,0.35837647318840027,gov,True,True
163998,2024-12,opo,1,0.32334062457084656,0.5478042960166931,0.1288551241159439,0.5478042960166931,gov,True,True
164709,2024-12,uncertain,2,0.17750771343708038,0.3256942927837372,0.49679794907569885,0.49679794907569885,gov,True,True
164710,2024-12,gov,0,0.5586821436882019,0.34058451652526855,0.10073330253362656,0.5586821436882019,gov,True,True
164711,2024-12,gov,0,0.5976311564445496,0.3284680247306824,0.07390086352825165,0.5976311564445496,opo,True,True
164712,2024-12,gov,0,0.6581904292106628,0.2928142547607422,0.04899530112743378,0.6581904292106628,gov,True,True
164713,2024-12,opo,1,0.41435930132865906,0.43534451723098755,0.15029624104499817,0.43534451723098755,gov,True,True
164714,2024-12,gov,0,0.41259604692459106,0.3975665271282196,0.18983744084835052,0.41259604692459106,gov,True,True
164715,2024-12,opo,1,0.1726490706205368,0.7296016216278076,0.09774930030107498,0.7296016216278076,gov,True,True
164716,2024-12,opo,1,0.11887694895267487,0.8097565174102783,0.07136651873588562,0.8097565174102783,opo,True,True
165430,2024-12,uncertain,2,0.3457006812095642,0.17088912427425385,0.48341017961502075,0.48341017961502075,gov,True,True
165433,2024-12,gov,0,0.39646387100219727,0.3936792314052582,0.20985692739486694,0.39646387100219727,gov,True,True
165435,2024-12,opo,1,0.2791408598423004,0.6273529529571533,0.09350618720054626,0.6273529529571533,opo,True,True
165436,2024-12,opo,1,0.12777632474899292,0.8046232461929321,0.06760039925575256,0.8046232461929321,opo,True,True
166150,2024-12,gov,0,0.5843914151191711,0.17878012359142303,0.23682838678359985,0.5843914151191711,gov,True,True
166152,2024-12,opo,1,0.24692972004413605,0.6089364886283875,0.1441338211297989,0.6089364886283875,opo,True,True
166154,2024-12,uncertain,2,0.35700681805610657,0.2859179377555847,0.35707521438598633,0.35707521438598633,gov,True,True
166155,2024-12,gov,0,0.4754909873008728,0.39931678771972656,0.1251922845840454,0.4754909873008728,gov,True,True
166156,2024-12,opo,1,0.129057839512825,0.846042275428772,0.02489989809691906,0.846042275428772,opo,True,True
166157,2024-12,opo,1,0.1207488477230072,0.7514513731002808,0.12779977917671204,0.7514513731002808,opo,True,True
166873,2024-12,uncertain,2,0.3581136167049408,0.1433391273021698,0.4985473155975342,0.4985473155975342,gov,True,True
166876,2024-12,opo,1,0.09836971014738083,0.8673931956291199,0.03423704952001572,0.8673931956291199,opo,True,True
166877,2024-12,opo,1,0.1421222686767578,0.7352408170700073,0.12263689935207367,0.7352408170700073,opo,True,True
167591,2024-12,opo,1,0.39974457025527954,0.4289884865283966,0.17126694321632385,0.4289884865283966,gov,True,True
167592,2024-12,gov,0,0.47488197684288025,0.3357212543487549,0.1893966794013977,0.47488197684288025,gov,True,True
167594,2024-12,gov,0,0.5174775719642639,0.18151085078716278,0.3010115921497345,0.5174775719642639,gov,True,True
167597,2024-12,opo,1,0.12379276752471924,0.8167749643325806,0.059432242065668106,0.8167749643325806,opo,True,True
168313,2024-12,gov,0,0.4185574948787689,0.18712294101715088,0.3943195343017578,0.4185574948787689,gov,True,True
168316,2024-12,opo,1,0.10862932354211807,0.7626100778579712,0.12876057624816895,0.7626100778579712,opo,True,True
168318,2024-12,opo,1,0.13009074330329895,0.5999917387962341,0.2699175179004669,0.5999917387962341,opo,True,True
169035,2024-12,gov,0,0.5408201217651367,0.089200459420681,0.3699793517589569,0.5408201217651367,gov,True,True
169036,2024-12,gov,0,0.7402239441871643,0.11535017937421799,0.14442583918571472,0.7402239441871643,gov,True,True
169037,2024-12,gov,0,0.6535919904708862,0.17718112468719482,0.16922695934772491,0.6535919904708862,gov,True,True
169756,2024-12,gov,0,0.6822023987770081,0.09553351998329163,0.2222641408443451,0.6822023987770081,gov,True,True
143838,2025-01,gov,0,0.49917441606521606,0.4113757014274597,0.089449942111969,0.49917441606521606,gov,True,True
145998,2025-01,gov,0,0.607491672039032,0.1498972773551941,0.24261106550693512,0.607491672039032,gov,True,True
147437,2025-01,gov,0,0.5624588131904602,0.16663852334022522,0.2709026336669922,0.5624588131904602,gov,True,True
147438,2025-01,gov,0,0.6575058102607727,0.08223758637905121,0.2602565884590149,0.6575058102607727,gov,True,True
147439,2025-01,gov,0,0.598046600818634,0.06540998071432114,0.33654338121414185,0.598046600818634,gov,True,True
148158,2025-01,gov,0,0.5178792476654053,0.09580148011445999,0.3863193094730377,0.5178792476654053,gov,True,True
149597,2025-01,uncertain,2,0.24514015018939972,0.10505963861942291,0.6498002409934998,0.6498002409934998,uncertain,True,True
150307,2025-01,uncertain,2,0.11976943165063858,0.23131577670574188,0.6489147543907166,0.6489147543907166,gov,True,True
150317,2025-01,uncertain,2,0.1279023438692093,0.03158164769411087,0.8405159711837769,0.8405159711837769,gov,True,True
151756,2025-01,uncertain,2,0.354764461517334,0.18377529084682465,0.46146029233932495,0.46146029233932495,gov,True,True
151757,2025-01,uncertain,2,0.09607268124818802,0.046844493597745895,0.8570827841758728,0.8570827841758728,uncertain,True,True
152476,2025-01,gov,0,0.5270640850067139,0.07978156954050064,0.3931542634963989,0.5270640850067139,gov,True,True
153190,2025-01,gov,0,0.7111822962760925,0.06733670830726624,0.22148096561431885,0.7111822962760925,gov,True,True
153191,2025-01,gov,0,0.8570013642311096,0.04107826203107834,0.10192040354013443,0.8570013642311096,gov,True,True
153192,2025-01,gov,0,0.9313872456550598,0.017200898379087448,0.051411837339401245,0.9313872456550598,gov,True,True
153193,2025-01,gov,0,0.9071503281593323,0.01621076837182045,0.07663894444704056,0.9071503281593323,gov,True,True
153196,2025-01,gov,0,0.6733623147010803,0.10929376631975174,0.21734386682510376,0.6733623147010803,gov,True,True
153197,2025-01,uncertain,2,0.2824854552745819,0.045748598873615265,0.671765923500061,0.671765923500061,uncertain,True,True
153910,2025-01,gov,0,0.6836942434310913,0.036393340677022934,0.27991244196891785,0.6836942434310913,gov,True,True
153911,2025-01,gov,0,0.7935488224029541,0.051528219133615494,0.15492290258407593,0.7935488224029541,gov,True,True
153912,2025-01,gov,0,0.6170759201049805,0.06935420632362366,0.3135698437690735,0.6170759201049805,gov,True,True
153913,2025-01,gov,0,0.756158173084259,0.08160844445228577,0.1622333973646164,0.756158173084259,gov,True,True
153914,2025-01,gov,0,0.808998703956604,0.055884819477796555,0.13511641323566437,0.808998703956604,gov,True,True
153915,2025-01,gov,0,0.7208543419837952,0.10848155617713928,0.17066405713558197,0.7208543419837952,gov,True,True
153916,2025-01,gov,0,0.7123537063598633,0.1567835956811905,0.13086272776126862,0.7123537063598633,gov,True,True
153917,2025-01,gov,0,0.5281313061714172,0.20111200213432312,0.2707567512989044,0.5281313061714172,gov,True,True
153918,2025-01,gov,0,0.4414230287075043,0.1217801570892334,0.43679678440093994,0.4414230287075043,gov,True,True
154630,2025-01,gov,0,0.9466091394424438,0.025082800537347794,0.028308138251304626,0.9466091394424438,gov,True,True
154631,2025-01,gov,0,0.9197136759757996,0.027168799191713333,0.05311755836009979,0.9197136759757996,gov,True,True
154632,2025-01,gov,0,0.7722053527832031,0.07103503495454788,0.156759575009346,0.7722053527832031,gov,True,True
154633,2025-01,gov,0,0.8674559593200684,0.07075564563274384,0.0617884062230587,0.8674559593200684,gov,True,True
154634,2025-01,gov,0,0.9057981967926025,0.04031587392091751,0.053885895758867264,0.9057981967926025,gov,True,True
154635,2025-01,gov,0,0.5790687203407288,0.07062932103872299,0.35030198097229004,0.5790687203407288,gov,True,True
154636,2025-01,gov,0,0.6269730925559998,0.212462916970253,0.16056394577026367,0.6269730925559998,gov,True,True
155350,2025-01,gov,0,0.6989483833312988,0.2529807686805725,0.04807088151574135,0.6989483833312988,opo,True,True
155351,2025-01,gov,0,0.612517774105072,0.22788885235786438,0.1595933437347412,0.612517774105072,gov,True,True
155352,2025-01,gov,0,0.6100723147392273,0.15815193951129913,0.2317756861448288,0.6100723147392273,gov,True,True
155354,2025-01,gov,0,0.7694467902183533,0.0405859649181366,0.1899672895669937,0.7694467902183533,gov,True,True
156069,2025-01,opo,1,0.22509732842445374,0.7162076830863953,0.0586949959397316,0.7162076830863953,opo,True,True
156071,2025-01,gov,0,0.7391820549964905,0.13849720358848572,0.12232072651386261,0.7391820549964905,gov,True,True
156072,2025-01,gov,0,0.4328002631664276,0.15154509246349335,0.4156546890735626,0.4328002631664276,gov,True,True
156073,2025-01,gov,0,0.6581038236618042,0.0440378300845623,0.2978583574295044,0.6581038236618042,gov,True,True
156074,2025-01,gov,0,0.7845207452774048,0.01584896445274353,0.19963034987449646,0.7845207452774048,gov,True,True
156075,2025-01,gov,0,0.5700318217277527,0.03521537780761719,0.3947528004646301,0.5700318217277527,uncertain,True,True
156788,2025-01,opo,1,0.06721573323011398,0.8000024557113647,0.13278184831142426,0.8000024557113647,gov,True,True
156789,2025-01,opo,1,0.1399439424276352,0.7992109060287476,0.060845132917165756,0.7992109060287476,opo,True,True
156791,2025-01,gov,0,0.8912090063095093,0.06621744483709335,0.042573608458042145,0.8912090063095093,gov,True,True
156792,2025-01,gov,0,0.6586672067642212,0.10232632607221603,0.23900645971298218,0.6586672067642212,gov,True,True
156793,2025-01,uncertain,2,0.3268187940120697,0.06599889695644379,0.6071822643280029,0.6071822643280029,gov,True,True
156794,2025-01,gov,0,0.5410709381103516,0.15894687175750732,0.2999821603298187,0.5410709381103516,gov,True,True
156795,2025-01,opo,1,0.20756524801254272,0.6201895475387573,0.17224524915218353,0.6201895475387573,opo,True,True
156796,2025-01,opo,1,0.17441658675670624,0.7915782332420349,0.034005120396614075,0.7915782332420349,opo,True,True
157508,2025-01,opo,1,0.043132610619068146,0.890777051448822,0.06609036028385162,0.890777051448822,gov,True,True
157509,2025-01,opo,1,0.21544207632541656,0.7092220187187195,0.07533586770296097,0.7092220187187195,opo,True,True
157510,2025-01,gov,0,0.5280514359474182,0.2192549705505371,0.25269365310668945,0.5280514359474182,gov,True,True
157511,2025-01,gov,0,0.4881190061569214,0.19362518191337585,0.31825584173202515,0.4881190061569214,gov,True,True
157513,2025-01,uncertain,2,0.04999548941850662,0.007445497438311577,0.9425589442253113,0.9425589442253113,uncertain,True,True
157514,2025-01,uncertain,2,0.17914541065692902,0.018472762778401375,0.8023818135261536,0.8023818135261536,gov,True,True
157515,2025-01,uncertain,2,0.29818153381347656,0.12271837890148163,0.5791001319885254,0.5791001319885254,uncertain,True,True
158229,2025-01,opo,1,0.14939603209495544,0.7979946136474609,0.05260934680700302,0.7979946136474609,opo,True,True
158231,2025-01,gov,0,0.4400654137134552,0.14531885087490082,0.41461578011512756,0.4400654137134552,gov,True,True
158233,2025-01,gov,0,0.5383329391479492,0.02167692966759205,0.4399901330471039,0.5383329391479492,gov,True,True
158235,2025-01,opo,1,0.29992440342903137,0.425814151763916,0.2742614448070526,0.425814151763916,opo,True,True
158236,2025-01,opo,1,0.06291209161281586,0.9162673354148865,0.020820582285523415,0.9162673354148865,opo,True,True
158237,2025-01,opo,1,0.02135276049375534,0.9464625120162964,0.03218476474285126,0.9464625120162964,opo,True,True
158238,2025-01,opo,1,0.2112053632736206,0.45955586433410645,0.32923874258995056,0.45955586433410645,gov,True,True
158946,2025-01,opo,1,0.06836540251970291,0.8567385077476501,0.07489611953496933,0.8567385077476501,gov,True,True
158947,2025-01,opo,1,0.027988892048597336,0.8967055678367615,0.07530554383993149,0.8967055678367615,opo,True,True
158949,2025-01,opo,1,0.15060405433177948,0.6395390629768372,0.20985686779022217,0.6395390629768372,gov,True,True
158950,2025-01,gov,0,0.7173077464103699,0.13014739751815796,0.15254485607147217,0.7173077464103699,gov,True,True
158951,2025-01,gov,0,0.7317414879798889,0.10036101937294006,0.1678975522518158,0.7317414879798889,gov,True,True
158952,2025-01,gov,0,0.7549887895584106,0.11256422847509384,0.1324470043182373,0.7549887895584106,gov,True,True
158953,2025-01,gov,0,0.8012468218803406,0.03680780902504921,0.1619454324245453,0.8012468218803406,gov,True,True
158954,2025-01,gov,0,0.7892987132072449,0.08341990411281586,0.12728141248226166,0.7892987132072449,gov,True,True
158955,2025-01,gov,0,0.7238360047340393,0.21089403331279755,0.06526995450258255,0.7238360047340393,gov,True,True
158956,2025-01,gov,0,0.563714325428009,0.4148900508880615,0.021395612508058548,0.563714325428009,gov,True,True
158957,2025-01,gov,0,0.6660051345825195,0.3257254362106323,0.008269437588751316,0.6660051345825195,gov,True,True
158958,2025-01,gov,0,0.7034590244293213,0.15435965359210968,0.14218133687973022,0.7034590244293213,gov,True,True
158960,2025-01,gov,0,0.5584638714790344,0.1634412407875061,0.27809491753578186,0.5584638714790344,gov,True,True
159665,2025-01,opo,1,0.15972910821437836,0.5214393138885498,0.31883156299591064,0.5214393138885498,opo,True,True
159666,2025-01,opo,1,0.03481706231832504,0.916749894618988,0.048433057963848114,0.916749894618988,opo,True,True
159667,2025-01,opo,1,0.007219071965664625,0.9319407343864441,0.06084023416042328,0.9319407343864441,opo,True,True
159668,2025-01,opo,1,0.03535160794854164,0.7298271656036377,0.23482121527194977,0.7298271656036377,opo,True,True
159670,2025-01,gov,0,0.6949319243431091,0.007752096746116877,0.29731595516204834,0.6949319243431091,gov,True,True
159671,2025-01,gov,0,0.986775815486908,0.0037819677963852882,0.00944217387586832,0.986775815486908,gov,True,True
159672,2025-01,gov,0,0.9570068120956421,0.012878664769232273,0.030114592984318733,0.9570068120956421,gov,True,True
159673,2025-01,gov,0,0.9610469937324524,0.013311194255948067,0.025641851127147675,0.9610469937324524,gov,True,True
159674,2025-01,gov,0,0.8385879993438721,0.04555932432413101,0.11585276573896408,0.8385879993438721,gov,True,True
159675,2025-01,gov,0,0.828656792640686,0.04292979836463928,0.12841346859931946,0.828656792640686,gov,True,True
159676,2025-01,gov,0,0.8415133357048035,0.06053832173347473,0.0979483500123024,0.8415133357048035,gov,True,True
159679,2025-01,gov,0,0.5785630941390991,0.24222631752490997,0.1792105734348297,0.5785630941390991,gov,True,True
159680,2025-01,gov,0,0.4227302372455597,0.2071283757686615,0.3701413869857788,0.4227302372455597,gov,True,True
160386,2025-01,opo,1,0.019701257348060608,0.9492801427841187,0.031018609181046486,0.9492801427841187,opo,True,True
160388,2025-01,opo,1,0.01916748471558094,0.7181516885757446,0.2626807689666748,0.7181516885757446,opo,True,True
160389,2025-01,uncertain,2,0.05726924538612366,0.06797770410776138,0.8747530579566956,0.8747530579566956,uncertain,True,True
160390,2025-01,uncertain,2,0.050612542778253555,0.028647394850850105,0.920740008354187,0.920740008354187,uncertain,True,True
160391,2025-01,gov,0,0.5791184902191162,0.07606527209281921,0.3448161780834198,0.5791184902191162,gov,True,True
160392,2025-01,gov,0,0.9631699323654175,0.0150599405169487,0.021770114079117775,0.9631699323654175,gov,True,True
160393,2025-01,gov,0,0.9082832336425781,0.028136350214481354,0.0635804533958435,0.9082832336425781,gov,True,True
160394,2025-01,gov,0,0.7718647718429565,0.0354081392288208,0.19272707402706146,0.7718647718429565,gov,True,True
160396,2025-01,gov,0,0.7204574346542358,0.0461728610098362,0.23336973786354065,0.7204574346542358,gov,True,True
160397,2025-01,gov,0,0.7397375106811523,0.10257912427186966,0.1576833873987198,0.7397375106811523,gov,True,True
160399,2025-01,gov,0,0.7375369668006897,0.11277115345001221,0.14969190955162048,0.7375369668006897,gov,True,True
160400,2025-01,gov,0,0.6811261773109436,0.05404434725642204,0.26482948660850525,0.6811261773109436,gov,True,True
161107,2025-01,opo,1,0.00678535271435976,0.9822415709495544,0.010973110795021057,0.9822415709495544,opo,True,True
161109,2025-01,uncertain,2,0.016496850177645683,0.0063677285797894,0.977135419845581,0.977135419845581,uncertain,True,True
161110,2025-01,gov,0,0.5182148814201355,0.02765488252043724,0.4541301429271698,0.5182148814201355,gov,True,True
161111,2025-01,gov,0,0.8132424354553223,0.015638742595911026,0.1711188107728958,0.8132424354553223,gov,True,True
161112,2025-01,gov,0,0.9525477290153503,0.009856381453573704,0.037595849484205246,0.9525477290153503,gov,True,True
161113,2025-01,gov,0,0.8227946758270264,0.013569723814725876,0.16363558173179626,0.8227946758270264,gov,True,True
161116,2025-01,gov,0,0.7726293206214905,0.03661024942994118,0.19076044857501984,0.7726293206214905,gov,True,True
161117,2025-01,gov,0,0.5719336271286011,0.16461093723773956,0.26345545053482056,0.5719336271286011,gov,True,True
161118,2025-01,gov,0,0.8130558729171753,0.11403698474168777,0.07290712743997574,0.8130558729171753,gov,True,True
161119,2025-01,gov,0,0.708060622215271,0.18693338334560394,0.10500599443912506,0.708060622215271,gov,True,True
161120,2025-01,gov,0,0.7350667119026184,0.07998436689376831,0.18494893610477448,0.7350667119026184,gov,True,True
161827,2025-01,opo,1,0.015451331622898579,0.9330261945724487,0.051522497087717056,0.9330261945724487,opo,True,True
161829,2025-01,uncertain,2,0.01962759532034397,0.007989787496626377,0.972382664680481,0.972382664680481,uncertain,True,True
161830,2025-01,uncertain,2,0.035361241549253464,0.05061555281281471,0.914023220539093,0.914023220539093,uncertain,True,True
161831,2025-01,uncertain,2,0.243391752243042,0.10604383796453476,0.6505643725395203,0.6505643725395203,gov,True,True
161832,2025-01,gov,0,0.559898853302002,0.054852116852998734,0.3852491080760956,0.559898853302002,gov,True,True
161833,2025-01,gov,0,0.595946192741394,0.0515788272023201,0.3524748980998993,0.595946192741394,gov,True,True
161834,2025-01,uncertain,2,0.21617110073566437,0.11535181105136871,0.6684770584106445,0.6684770584106445,uncertain,True,True
161837,2025-01,opo,1,0.13589386641979218,0.717181921005249,0.1469242125749588,0.717181921005249,opo,True,True
161839,2025-01,opo,1,0.21397334337234497,0.6960967779159546,0.08992989361286163,0.6960967779159546,opo,True,True
162547,2025-01,opo,1,0.02476360648870468,0.909850537776947,0.06538587063550949,0.909850537776947,opo,True,True
162548,2025-01,uncertain,2,0.12926720082759857,0.22522376477718353,0.6455090045928955,0.6455090045928955,uncertain,True,True
162549,2025-01,uncertain,2,0.10016023367643356,0.06453970819711685,0.835300087928772,0.835300087928772,uncertain,True,True
162550,2025-01,opo,1,0.27018338441848755,0.45962095260620117,0.2701956033706665,0.45962095260620117,opo,True,True
162551,2025-01,uncertain,2,0.3335578739643097,0.2787848114967346,0.38765737414360046,0.38765737414360046,gov,True,True
162552,2025-01,gov,0,0.5956164002418518,0.12378666549921036,0.2805970013141632,0.5956164002418518,gov,True,True
162553,2025-01,gov,0,0.615495502948761,0.2950957119464874,0.089408740401268,0.615495502948761,opo,True,True
162554,2025-01,uncertain,2,0.06106121465563774,0.04984404146671295,0.8890946507453918,0.8890946507453918,uncertain,True,True
162555,2025-01,uncertain,2,0.06619945913553238,0.011230507865548134,0.922569990158081,0.922569990158081,uncertain,True,True
162556,2025-01,uncertain,2,0.18909470736980438,0.14305368065834045,0.6678516268730164,0.6678516268730164,gov,True,True
162558,2025-01,opo,1,0.0201556459069252,0.9425927400588989,0.03725164756178856,0.9425927400588989,opo,True,True
162559,2025-01,opo,1,0.0791839137673378,0.8245267271995544,0.09628932178020477,0.8245267271995544,opo,True,True
163267,2025-01,opo,1,0.03408548980951309,0.8169228434562683,0.1489916443824768,0.8169228434562683,opo,True,True
163268,2025-01,uncertain,2,0.12814763188362122,0.17028185725212097,0.7015705108642578,0.7015705108642578,uncertain,True,True
163269,2025-01,uncertain,2,0.14135482907295227,0.05148008093237877,0.8071651458740234,0.8071651458740234,uncertain,True,True
163271,2025-01,gov,0,0.6808937788009644,0.1605294644832611,0.15857674181461334,0.6808937788009644,gov,True,True
163272,2025-01,uncertain,2,0.19601017236709595,0.06964810937643051,0.7343416810035706,0.7343416810035706,uncertain,True,True
163274,2025-01,uncertain,2,0.05605895817279816,0.038740068674087524,0.9052010178565979,0.9052010178565979,uncertain,True,True
163275,2025-01,uncertain,2,0.034812070429325104,0.0051285503432154655,0.9600593447685242,0.9600593447685242,uncertain,True,True
163276,2025-01,uncertain,2,0.2805074453353882,0.061114877462387085,0.6583777070045471,0.6583777070045471,uncertain,True,True
163278,2025-01,opo,1,0.038899198174476624,0.9285348653793335,0.032565876841545105,0.9285348653793335,opo,True,True
163988,2025-01,opo,1,0.06789738684892654,0.6508306860923767,0.28127193450927734,0.6508306860923767,opo,True,True
163989,2025-01,uncertain,2,0.315420001745224,0.3146682381629944,0.369911789894104,0.369911789894104,gov,True,True
163992,2025-01,gov,0,0.5453575253486633,0.30789321660995483,0.14674915373325348,0.5453575253486633,gov,True,True
163993,2025-01,gov,0,0.45905008912086487,0.45654940605163574,0.08440056443214417,0.45905008912086487,opo,True,True
163996,2025-01,gov,0,0.5777792930603027,0.25099560618400574,0.17122508585453033,0.5777792930603027,gov,True,True
163998,2025-01,opo,1,0.1321822553873062,0.8120861053466797,0.05573168396949768,0.8120861053466797,gov,True,True
164709,2025-01,uncertain,2,0.2448662519454956,0.18716762959957123,0.567966103553772,0.567966103553772,gov,True,True
164710,2025-01,gov,0,0.6430257558822632,0.2997618615627289,0.05721236765384674,0.6430257558822632,gov,True,True
164711,2025-01,opo,1,0.3099806308746338,0.6368407011032104,0.05317865312099457,0.6368407011032104,opo,True,True
164712,2025-01,opo,1,0.2806156575679779,0.6799314618110657,0.03945285081863403,0.6799314618110657,gov,True,True
164713,2025-01,opo,1,0.34299373626708984,0.5345984697341919,0.12240777909755707,0.5345984697341919,gov,True,True
164714,2025-01,opo,1,0.22577591240406036,0.5527576208114624,0.22146646678447723,0.5527576208114624,gov,True,True
164715,2025-01,opo,1,0.1012447401881218,0.8168624639511108,0.08189277350902557,0.8168624639511108,opo,True,True
164716,2025-01,opo,1,0.09217551350593567,0.8470827341079712,0.060741785913705826,0.8470827341079712,opo,True,True
165430,2025-01,gov,0,0.5532031655311584,0.20137858390808105,0.2454182356595993,0.5532031655311584,gov,True,True
165433,2025-01,gov,0,0.41009828448295593,0.2914734482765198,0.2984282076358795,0.41009828448295593,gov,True,True
165435,2025-01,opo,1,0.11774075031280518,0.6481447219848633,0.23411448299884796,0.6481447219848633,opo,True,True
165436,2025-01,opo,1,0.06491786986589432,0.9016062021255493,0.033475931733846664,0.9016062021255493,opo,True,True
166150,2025-01,gov,0,0.49052825570106506,0.34928828477859497,0.16018353402614594,0.49052825570106506,gov,True,True
166152,2025-01,opo,1,0.23800203204154968,0.46898797154426575,0.2930099666118622,0.46898797154426575,opo,True,True
166154,2025-01,uncertain,2,0.3390054702758789,0.24763761460781097,0.4133569598197937,0.4133569598197937,gov,True,True
166155,2025-01,uncertain,2,0.25065356492996216,0.36868420243263245,0.3806622326374054,0.3806622326374054,gov,True,True
166156,2025-01,opo,1,0.05036855489015579,0.9252945780754089,0.024336807429790497,0.9252945780754089,opo,True,True
166157,2025-01,opo,1,0.02765136957168579,0.9170058369636536,0.05534279718995094,0.9170058369636536,opo,True,True
166873,2025-01,uncertain,2,0.14281319081783295,0.1990121454000473,0.6581747531890869,0.6581747531890869,gov,True,True
166876,2025-01,opo,1,0.07990416139364243,0.8932981491088867,0.02679773047566414,0.8932981491088867,opo,True,True
166877,2025-01,opo,1,0.03602230176329613,0.9083019495010376,0.05567570775747299,0.9083019495010376,opo,True,True
167591,2025-01,gov,0,0.38266855478286743,0.2516492009162903,0.3656822741031647,0.38266855478286743,gov,True,True
167592,2025-01,opo,1,0.27404123544692993,0.4084897041320801,0.3174690902233124,0.4084897041320801,gov,True,True
167594,2025-01,uncertain,2,0.2893046438694,0.07370919734239578,0.6369861364364624,0.6369861364364624,gov,True,True
167597,2025-01,opo,1,0.08482393622398376,0.8553141951560974,0.05986182391643524,0.8553141951560974,opo,True,True
168313,2025-01,uncertain,2,0.26829397678375244,0.15600912272930145,0.5756968855857849,0.5756968855857849,gov,True,True
168316,2025-01,opo,1,0.08609535545110703,0.8748512864112854,0.039053358137607574,0.8748512864112854,opo,True,True
168318,2025-01,opo,1,0.1663939505815506,0.48878300189971924,0.34482303261756897,0.48878300189971924,opo,True,True
169035,2025-01,gov,0,0.7394655346870422,0.08851741999387741,0.17201702296733856,0.7394655346870422,gov,True,True
169036,2025-01,gov,0,0.780194103717804,0.08348742127418518,0.1363184154033661,0.780194103717804,gov,True,True
169037,2025-01,gov,0,0.7309243679046631,0.03787438943982124,0.23120123147964478,0.7309243679046631,gov,True,True
169756,2025-01,gov,0,0.8628880977630615,0.04797901213169098,0.0891328901052475,0.8628880977630615,gov,True,True
143838,2025-02,gov,0,0.7154942750930786,0.10480567067861557,0.17970001697540283,0.7154942750930786,gov,True,False
145998,2025-02,uncertain,2,0.3493650257587433,0.08471919596195221,0.5659157633781433,0.5659157633781433,gov,True,False
147437,2025-02,gov,0,0.43182504177093506,0.18788883090019226,0.3802860975265503,0.43182504177093506,gov,True,False
147438,2025-02,gov,0,0.6298208236694336,0.08854304999113083,0.28163614869117737,0.6298208236694336,gov,True,False
147439,2025-02,gov,0,0.7058404684066772,0.08165169507265091,0.21250788867473602,0.7058404684066772,gov,True,False
148158,2025-02,uncertain,2,0.17922471463680267,0.1903465986251831,0.6304286122322083,0.6304286122322083,gov,True,False
149597,2025-02,uncertain,2,0.167176753282547,0.03418239951133728,0.7986409068107605,0.7986409068107605,uncertain,True,False
150307,2025-02,uncertain,2,0.07623833417892456,0.0673200860619545,0.8564415574073792,0.8564415574073792,gov,True,False
150317,2025-02,uncertain,2,0.04046076536178589,0.009580563753843307,0.9499586820602417,0.9499586820602417,gov,True,False
151756,2025-02,uncertain,2,0.4601753354072571,0.07874730974435806,0.46107739210128784,0.46107739210128784,gov,True,False
151757,2025-02,uncertain,2,0.4236144423484802,0.02925906889140606,0.5471264719963074,0.5471264719963074,uncertain,True,False
152476,2025-02,gov,0,0.5056936144828796,0.032902974635362625,0.4614034593105316,0.5056936144828796,gov,True,False
153190,2025-02,gov,0,0.5816293954849243,0.30895140767097473,0.10941918939352036,0.5816293954849243,gov,True,False
153191,2025-02,gov,0,0.6919419765472412,0.1973862498998642,0.11067173629999161,0.6919419765472412,gov,True,False
153192,2025-02,gov,0,0.7206721305847168,0.1674383282661438,0.11188943684101105,0.7206721305847168,gov,True,False
153193,2025-02,gov,0,0.8715885281562805,0.09619072824716568,0.032220758497714996,0.8715885281562805,gov,True,False
153196,2025-02,uncertain,2,0.3054563105106354,0.0791098028421402,0.6154338717460632,0.6154338717460632,gov,True,False
153197,2025-02,uncertain,2,0.27878451347351074,0.11218522489070892,0.6090302467346191,0.6090302467346191,uncertain,True,False
153910,2025-02,opo,1,0.3582979738712311,0.45163270831108093,0.19006933271884918,0.45163270831108093,gov,True,False
153911,2025-02,opo,1,0.3427273631095886,0.448697030544281,0.20857557654380798,0.448697030544281,gov,True,False
153912,2025-02,gov,0,0.5162537693977356,0.25915026664733887,0.22459596395492554,0.5162537693977356,gov,True,False
153913,2025-02,gov,0,0.7327366471290588,0.20972689986228943,0.057536475360393524,0.7327366471290588,gov,True,False
153914,2025-02,gov,0,0.7591854929924011,0.14854755997657776,0.09226694703102112,0.7591854929924011,gov,True,False
153915,2025-02,gov,0,0.49840086698532104,0.07291010022163391,0.42868900299072266,0.49840086698532104,gov,True,False
153916,2025-02,uncertain,2,0.3476542532444,0.12952324748039246,0.5228224992752075,0.5228224992752075,gov,True,False
153917,2025-02,uncertain,2,0.17782442271709442,0.10126976668834686,0.7209058403968811,0.7209058403968811,gov,True,False
153918,2025-02,uncertain,2,0.279472678899765,0.13784673810005188,0.5826805830001831,0.5826805830001831,gov,True,False
154630,2025-02,gov,0,0.8113758563995361,0.16675078868865967,0.021873390302062035,0.8113758563995361,gov,True,False
154631,2025-02,gov,0,0.8464272618293762,0.09545976668596268,0.05811302736401558,0.8464272618293762,gov,True,False
154632,2025-02,gov,0,0.8082959055900574,0.04820344224572182,0.1435007005929947,0.8082959055900574,gov,True,False
154633,2025-02,gov,0,0.824226975440979,0.09489955008029938,0.08087339252233505,0.824226975440979,gov,True,False
154634,2025-02,gov,0,0.8066933155059814,0.0762789398431778,0.11702773720026016,0.8066933155059814,gov,True,False
154635,2025-02,gov,0,0.5194898843765259,0.03818797320127487,0.44232210516929626,0.5194898843765259,gov,True,False
154636,2025-02,uncertain,2,0.22615492343902588,0.10301027446985245,0.6708347797393799,0.6708347797393799,gov,True,False
155350,2025-02,gov,0,0.6195151805877686,0.3202393352985382,0.06024550646543503,0.6195151805877686,opo,True,False
155351,2025-02,gov,0,0.7792896628379822,0.1317063271999359,0.08900411427021027,0.7792896628379822,gov,True,False
155352,2025-02,gov,0,0.5513083934783936,0.19262076914310455,0.2560707926750183,0.5513083934783936,gov,True,False
155354,2025-02,gov,0,0.47250548005104065,0.22036239504814148,0.3071320652961731,0.47250548005104065,gov,True,False
156069,2025-02,gov,0,0.4730101525783539,0.4439174234867096,0.08307237178087234,0.4730101525783539,opo,True,False
156071,2025-02,gov,0,0.6033095121383667,0.20388317108154297,0.19280724227428436,0.6033095121383667,gov,True,False
156072,2025-02,uncertain,2,0.35465899109840393,0.2181452363729477,0.42719578742980957,0.42719578742980957,gov,True,False
156073,2025-02,gov,0,0.4564308822154999,0.3078194260597229,0.23574967682361603,0.4564308822154999,gov,True,False
156074,2025-02,gov,0,0.749488115310669,0.13730140030384064,0.1132105141878128,0.749488115310669,gov,True,False
156075,2025-02,gov,0,0.5717138648033142,0.13091450929641724,0.29737162590026855,0.5717138648033142,uncertain,True,False
156788,2025-02,uncertain,2,0.23786921799182892,0.24084915220737457,0.5212816596031189,0.5212816596031189,gov,True,False
156789,2025-02,opo,1,0.30813008546829224,0.5177204608917236,0.17414945363998413,0.5177204608917236,opo,True,False
156791,2025-02,opo,1,0.35709741711616516,0.5037937760353088,0.139108806848526,0.5037937760353088,gov,True,False
156792,2025-02,opo,1,0.29598376154899597,0.4378352463245392,0.26618102192878723,0.4378352463245392,gov,True,False
156793,2025-02,gov,0,0.36321765184402466,0.3269898593425751,0.30979254841804504,0.36321765184402466,gov,True,False
156794,2025-02,opo,1,0.33942118287086487,0.3532198965549469,0.30735892057418823,0.3532198965549469,gov,True,False
156795,2025-02,uncertain,2,0.13818524777889252,0.28902536630630493,0.5727893710136414,0.5727893710136414,opo,True,False
156796,2025-02,opo,1,0.18926677107810974,0.4622720777988434,0.34846118092536926,0.4622720777988434,opo,True,False
157508,2025-02,opo,1,0.04100458323955536,0.8199805617332458,0.13901478052139282,0.8199805617332458,gov,True,False
157509,2025-02,opo,1,0.08505520969629288,0.7959758639335632,0.11896893382072449,0.7959758639335632,opo,True,False
157510,2025-02,opo,1,0.11758638173341751,0.8207547068595886,0.06165893375873566,0.8207547068595886,gov,True,False
157511,2025-02,opo,1,0.15515556931495667,0.7059226036071777,0.138921856880188,0.7059226036071777,gov,True,False
157513,2025-02,uncertain,2,0.2676384747028351,0.22476881742477417,0.5075927376747131,0.5075927376747131,uncertain,True,False
157514,2025-02,uncertain,2,0.07669238746166229,0.12392771244049072,0.7993798851966858,0.7993798851966858,gov,True,False
157515,2025-02,uncertain,2,0.04697451740503311,0.05084490776062012,0.9021806120872498,0.9021806120872498,uncertain,True,False
158229,2025-02,opo,1,0.09554941207170486,0.7116175889968872,0.19283294677734375,0.7116175889968872,opo,True,False
158231,2025-02,gov,0,0.4257657825946808,0.3764246106147766,0.19780956208705902,0.4257657825946808,gov,True,False
158233,2025-02,uncertain,2,0.35147666931152344,0.2520001530647278,0.3965231478214264,0.3965231478214264,gov,True,False
158235,2025-02,uncertain,2,0.06259303539991379,0.17818894982337952,0.7592179775238037,0.7592179775238037,opo,True,False
158236,2025-02,opo,1,0.0739370733499527,0.8712803721427917,0.054782554507255554,0.8712803721427917,opo,True,False
158237,2025-02,opo,1,0.11625517904758453,0.7775192260742188,0.1062256470322609,0.7775192260742188,opo,True,False
158238,2025-02,gov,0,0.5251376628875732,0.2037939429283142,0.27106839418411255,0.5251376628875732,gov,True,False
158946,2025-02,opo,1,0.04690341651439667,0.9081428647041321,0.04495380073785782,0.9081428647041321,gov,True,False
158947,2025-02,opo,1,0.02578791230916977,0.9503138065338135,0.02389833703637123,0.9503138065338135,opo,True,False
158949,2025-02,uncertain,2,0.2002573013305664,0.32044413685798645,0.47929859161376953,0.47929859161376953,gov,True,False
158950,2025-02,gov,0,0.47569406032562256,0.24015727639198303,0.2841486632823944,0.47569406032562256,gov,True,False
158951,2025-02,gov,0,0.4430493712425232,0.3868500888347626,0.17010053992271423,0.4430493712425232,gov,True,False
158952,2025-02,gov,0,0.6076933145523071,0.24326102435588837,0.14904561638832092,0.6076933145523071,gov,True,False
158953,2025-02,gov,0,0.6717100739479065,0.18362121284008026,0.14466875791549683,0.6717100739479065,gov,True,False
158954,2025-02,gov,0,0.611449122428894,0.22665932774543762,0.16189157962799072,0.611449122428894,gov,True,False
158955,2025-02,uncertain,2,0.29913395643234253,0.16468624770641327,0.5361798405647278,0.5361798405647278,gov,True,False
158956,2025-02,opo,1,0.3054143190383911,0.5896925926208496,0.10489308834075928,0.5896925926208496,gov,True,False
158957,2025-02,opo,1,0.45414361357688904,0.4940149486064911,0.05184141546487808,0.4940149486064911,gov,True,False
158958,2025-02,gov,0,0.7021801471710205,0.18484143912792206,0.11297845095396042,0.7021801471710205,gov,True,False
158960,2025-02,gov,0,0.42873144149780273,0.2753686010837555,0.29589998722076416,0.42873144149780273,gov,True,False
159665,2025-02,uncertain,2,0.07392509281635284,0.3571211099624634,0.568953812122345,0.568953812122345,opo,True,False
159666,2025-02,opo,1,0.008311541751027107,0.9758289456367493,0.01585955172777176,0.9758289456367493,opo,True,False
159667,2025-02,opo,1,0.004551100078970194,0.9850558042526245,0.010393085889518261,0.9850558042526245,opo,True,False
159668,2025-02,opo,1,0.11877354234457016,0.7014455199241638,0.17978093028068542,0.7014455199241638,opo,True,False
159670,2025-02,uncertain,2,0.31202825903892517,0.050728533416986465,0.6372431516647339,0.6372431516647339,gov,True,False
159671,2025-02,gov,0,0.8067382574081421,0.06260793656110764,0.13065385818481445,0.8067382574081421,gov,True,False
159672,2025-02,gov,0,0.8633495569229126,0.033947981894016266,0.10270242393016815,0.8633495569229126,gov,True,False
159673,2025-02,gov,0,0.8920525312423706,0.011374314315617085,0.09657314419746399,0.8920525312423706,gov,True,False
159674,2025-02,gov,0,0.8300571441650391,0.031288109719753265,0.1386547088623047,0.8300571441650391,gov,True,False
159675,2025-02,uncertain,2,0.4414997696876526,0.027720795944333076,0.5307794809341431,0.5307794809341431,gov,True,False
159676,2025-02,gov,0,0.6413151621818542,0.22453033924102783,0.1341545283794403,0.6413151621818542,gov,True,False
159679,2025-02,gov,0,0.5260143876075745,0.3506340980529785,0.12335152179002762,0.5260143876075745,gov,True,False
159680,2025-02,gov,0,0.56840980052948,0.21209466457366943,0.21949554979801178,0.56840980052948,gov,True,False
160386,2025-02,opo,1,0.005700187291949987,0.969567060470581,0.024732712656259537,0.969567060470581,opo,True,False
160388,2025-02,opo,1,0.08443637937307358,0.8044552803039551,0.11110831797122955,0.8044552803039551,opo,True,False
160389,2025-02,uncertain,2,0.15058739483356476,0.15831206738948822,0.691100537776947,0.691100537776947,uncertain,True,False
160390,2025-02,uncertain,2,0.1295464038848877,0.06097579002380371,0.8094778060913086,0.8094778060913086,uncertain,True,False
160391,2025-02,uncertain,2,0.3882036805152893,0.11289089173078537,0.49890539050102234,0.49890539050102234,gov,True,False
160392,2025-02,gov,0,0.9490190148353577,0.0039975084364414215,0.04698340967297554,0.9490190148353577,gov,True,False
160393,2025-02,gov,0,0.6984640955924988,0.006756884511560202,0.2947790026664734,0.6984640955924988,gov,True,False
160394,2025-02,gov,0,0.7042368650436401,0.04707701504230499,0.24868611991405487,0.7042368650436401,gov,True,False
160396,2025-02,gov,0,0.5516038537025452,0.12396536767482758,0.32443079352378845,0.5516038537025452,gov,True,False
160397,2025-02,gov,0,0.6326325535774231,0.2303391546010971,0.1370282620191574,0.6326325535774231,gov,True,False
160399,2025-02,gov,0,0.5696412324905396,0.18453313410282135,0.2458256185054779,0.5696412324905396,gov,True,False
160400,2025-02,gov,0,0.6158339381217957,0.17226487398147583,0.21190118789672852,0.6158339381217957,gov,True,False
161107,2025-02,opo,1,0.003444590838626027,0.9823794364929199,0.014175934717059135,0.9823794364929199,opo,True,False
161109,2025-02,uncertain,2,0.05667376518249512,0.021066829562187195,0.9222594499588013,0.9222594499588013,uncertain,True,False
161110,2025-02,uncertain,2,0.3313620388507843,0.12240864336490631,0.5462293028831482,0.5462293028831482,gov,True,False
161111,2025-02,gov,0,0.8511952757835388,0.03615604713559151,0.11264871060848236,0.8511952757835388,gov,True,False
161112,2025-02,gov,0,0.9754664897918701,0.0035479101352393627,0.020985493436455727,0.9754664897918701,gov,True,False
161113,2025-02,gov,0,0.8828873634338379,0.026324285194277763,0.0907883420586586,0.8828873634338379,gov,True,False
161116,2025-02,gov,0,0.48098692297935486,0.1588534712791443,0.36015957593917847,0.48098692297935486,gov,True,False
161117,2025-02,gov,0,0.5294100642204285,0.14046089351177216,0.33012905716896057,0.5294100642204285,gov,True,False
161118,2025-02,gov,0,0.6204102635383606,0.2261800467967987,0.15340974926948547,0.6204102635383606,gov,True,False
161119,2025-02,gov,0,0.6746602654457092,0.2017059624195099,0.12363379448652267,0.6746602654457092,gov,True,False
161120,2025-02,gov,0,0.5309053659439087,0.1767895221710205,0.2923050820827484,0.5309053659439087,gov,True,False
161827,2025-02,opo,1,0.008821407333016396,0.9627346396446228,0.028443971648812294,0.9627346396446228,opo,True,False
161829,2025-02,uncertain,2,0.042850982397794724,0.0277395062148571,0.9294094443321228,0.9294094443321228,uncertain,True,False
161830,2025-02,uncertain,2,0.0182986818253994,0.037406641989946365,0.9442945718765259,0.9442945718765259,uncertain,True,False
161831,2025-02,uncertain,2,0.16540923714637756,0.13186784088611603,0.7027229070663452,0.7027229070663452,gov,True,False
161832,2025-02,gov,0,0.6860185861587524,0.17092275619506836,0.14305859804153442,0.6860185861587524,gov,True,False
161833,2025-02,gov,0,0.4265414774417877,0.39751356840133667,0.17594493925571442,0.4265414774417877,gov,True,False
161834,2025-02,opo,1,0.05488032475113869,0.850756049156189,0.09436360001564026,0.850756049156189,uncertain,True,False
161837,2025-02,gov,0,0.4190111458301544,0.3320860266685486,0.2489027976989746,0.4190111458301544,opo,True,False
161839,2025-02,opo,1,0.35883191227912903,0.5272793173789978,0.11388879269361496,0.5272793173789978,opo,True,False
162547,2025-02,opo,1,0.04278583452105522,0.8975869417190552,0.05962718650698662,0.8975869417190552,opo,True,False
162548,2025-02,uncertain,2,0.15760818123817444,0.27724653482437134,0.5651452541351318,0.5651452541351318,uncertain,True,False
162549,2025-02,uncertain,2,0.30305930972099304,0.12066983431577682,0.5762708187103271,0.5762708187103271,uncertain,True,False
162550,2025-02,opo,1,0.2011977881193161,0.41191366314888,0.3868885338306427,0.41191366314888,opo,True,False
162551,2025-02,uncertain,2,0.2971314787864685,0.28476113080978394,0.41810742020606995,0.41810742020606995,gov,True,False
162552,2025-02,gov,0,0.5421868562698364,0.19838640093803406,0.2594267427921295,0.5421868562698364,gov,True,False
162553,2025-02,gov,0,0.5338934659957886,0.43152937293052673,0.0345771349966526,0.5338934659957886,opo,True,False
162554,2025-02,opo,1,0.2535122334957123,0.481648325920105,0.26483944058418274,0.481648325920105,uncertain,True,False
162555,2025-02,uncertain,2,0.06197166442871094,0.18262551724910736,0.7554027438163757,0.7554027438163757,uncertain,True,False
162556,2025-02,uncertain,2,0.16582824289798737,0.31880584359169006,0.5153658986091614,0.5153658986091614,gov,True,False
162558,2025-02,opo,1,0.10649166256189346,0.8273463845252991,0.06616199016571045,0.8273463845252991,opo,True,False
162559,2025-02,opo,1,0.18381181359291077,0.7751555442810059,0.04103260114789009,0.7751555442810059,opo,True,False
163267,2025-02,opo,1,0.06691911816596985,0.8668442368507385,0.06623657792806625,0.8668442368507385,opo,True,False
163268,2025-02,uncertain,2,0.13817726075649261,0.27640658617019653,0.5854161977767944,0.5854161977767944,uncertain,True,False
163269,2025-02,uncertain,2,0.17633821070194244,0.06377049535512924,0.7598912119865417,0.7598912119865417,uncertain,True,False
163271,2025-02,gov,0,0.4631599187850952,0.07893186062574387,0.4579082131385803,0.4631599187850952,gov,True,False
163272,2025-02,uncertain,2,0.08463827520608902,0.03181751072406769,0.8835442066192627,0.8835442066192627,uncertain,True,False
163274,2025-02,uncertain,2,0.24482448399066925,0.3664185404777527,0.38875696063041687,0.38875696063041687,uncertain,True,False
163275,2025-02,uncertain,2,0.0438351184129715,0.05098507180809975,0.9051797986030579,0.9051797986030579,uncertain,True,False
163276,2025-02,uncertain,2,0.09628069400787354,0.08239835500717163,0.8213210105895996,0.8213210105895996,uncertain,True,False
163278,2025-02,opo,1,0.056976061314344406,0.7832800149917603,0.15974391996860504,0.7832800149917603,opo,True,False
163988,2025-02,opo,1,0.19258123636245728,0.5969759821891785,0.21044276654720306,0.5969759821891785,opo,True,False
163989,2025-02,uncertain,2,0.3525761067867279,0.21146614849567413,0.43595772981643677,0.43595772981643677,gov,True,False
163992,2025-02,uncertain,2,0.3323071002960205,0.18247683346271515,0.48521608114242554,0.48521608114242554,gov,True,False
163993,2025-02,gov,0,0.3632620871067047,0.35036367177963257,0.2863742709159851,0.3632620871067047,opo,True,False
163996,2025-02,gov,0,0.39274659752845764,0.38669681549072266,0.22055655717849731,0.39274659752845764,gov,True,False
163998,2025-02,opo,1,0.28522375226020813,0.46459847688674927,0.250177800655365,0.46459847688674927,gov,True,False
164709,2025-02,gov,0,0.41607820987701416,0.35848721861839294,0.2254345566034317,0.41607820987701416,gov,True,False
164710,2025-02,gov,0,0.6733952164649963,0.14359533786773682,0.18300940096378326,0.6733952164649963,gov,True,False
164711,2025-02,gov,0,0.7034202218055725,0.18252691626548767,0.1140529066324234,0.7034202218055725,opo,True,False
164712,2025-02,gov,0,0.4885473847389221,0.4004514515399933,0.11100118607282639,0.4885473847389221,gov,True,False
164713,2025-02,opo,1,0.27640125155448914,0.46502283215522766,0.25857600569725037,0.46502283215522766,gov,True,False
164714,2025-02,uncertain,2,0.22691844403743744,0.38094815611839294,0.39213335514068604,0.39213335514068604,gov,True,False
164715,2025-02,opo,1,0.10801421105861664,0.7037405371665955,0.1882452666759491,0.7037405371665955,opo,True,False
164716,2025-02,opo,1,0.07716096937656403,0.8478255271911621,0.07501351833343506,0.8478255271911621,opo,True,False
165430,2025-02,gov,0,0.5704460144042969,0.2831304669380188,0.14642351865768433,0.5704460144042969,gov,True,False
165433,2025-02,opo,1,0.26064762473106384,0.5311115980148315,0.20824076235294342,0.5311115980148315,gov,True,False
165435,2025-02,opo,1,0.15405888855457306,0.4316021502017975,0.41433894634246826,0.4316021502017975,opo,True,False
165436,2025-02,opo,1,0.07927018404006958,0.8613268733024597,0.059402965009212494,0.8613268733024597,opo,True,False
166150,2025-02,gov,0,0.5677928328514099,0.25978514552116394,0.17242205142974854,0.5677928328514099,gov,True,False
166152,2025-02,opo,1,0.26040640473365784,0.501211404800415,0.23838219046592712,0.501211404800415,opo,True,False
166154,2025-02,uncertain,2,0.22120454907417297,0.262287437915802,0.5165079832077026,0.5165079832077026,gov,True,False
166155,2025-02,gov,0,0.4221002757549286,0.2860053777694702,0.29189425706863403,0.4221002757549286,gov,True,False
166156,2025-02,opo,1,0.15598617494106293,0.7820314168930054,0.06198238953948021,0.7820314168930054,opo,True,False
166157,2025-02,opo,1,0.07321570813655853,0.8240677714347839,0.10271646082401276,0.8240677714347839,opo,True,False
166873,2025-02,opo,1,0.16085593402385712,0.5119491219520569,0.3271949589252472,0.5119491219520569,gov,True,False
166876,2025-02,opo,1,0.08120863884687424,0.8997188806533813,0.019072486087679863,0.8997188806533813,opo,True,False
166877,2025-02,opo,1,0.05754419043660164,0.8748238682746887,0.06763198971748352,0.8748238682746887,opo,True,False
167591,2025-02,gov,0,0.36528152227401733,0.28522637486457825,0.34949207305908203,0.36528152227401733,gov,True,False
167592,2025-02,gov,0,0.42676594853401184,0.3162044286727905,0.25702959299087524,0.42676594853401184,gov,True,False
167594,2025-02,uncertain,2,0.1618681252002716,0.18441630899906158,0.6537155508995056,0.6537155508995056,gov,True,False
167597,2025-02,opo,1,0.09135062247514725,0.8399841785430908,0.06866519898176193,0.8399841785430908,opo,True,False
168313,2025-02,uncertain,2,0.4109976887702942,0.16836345195770264,0.4206387996673584,0.4206387996673584,gov,True,False
168316,2025-02,opo,1,0.12558145821094513,0.7923414707183838,0.0820770189166069,0.7923414707183838,opo,True,False
168318,2025-02,opo,1,0.1556967794895172,0.5592285990715027,0.2850745916366577,0.5592285990715027,opo,True,False
169035,2025-02,gov,0,0.577683687210083,0.09073061496019363,0.3315856456756592,0.577683687210083,gov,True,False
169036,2025-02,gov,0,0.7830284237861633,0.08285386860370636,0.13411766290664673,0.7830284237861633,gov,True,False
169037,2025-02,gov,0,0.4962981343269348,0.0894758328795433,0.41422605514526367,0.4962981343269348,gov,True,False
169756,2025-02,gov,0,0.666094183921814,0.2061663120985031,0.1277395635843277,0.666094183921814,gov,True,False
143838,2025-03,gov,0,0.6804903149604797,0.20735639333724976,0.11215338855981827,0.6804903149604797,gov,True,False
145998,2025-03,uncertain,2,0.33703097701072693,0.17344367504119873,0.48952528834342957,0.48952528834342957,gov,True,False
147437,2025-03,gov,0,0.6918365359306335,0.08232440054416656,0.2258390486240387,0.6918365359306335,gov,True,False
147438,2025-03,gov,0,0.6018469929695129,0.0873354971408844,0.31081753969192505,0.6018469929695129,gov,True,False
147439,2025-03,uncertain,2,0.23138757050037384,0.061841003596782684,0.7067714929580688,0.7067714929580688,gov,True,False
148158,2025-03,uncertain,2,0.18878735601902008,0.06522340327501297,0.7459893226623535,0.7459893226623535,gov,True,False
149597,2025-03,uncertain,2,0.2518233060836792,0.08106686174869537,0.6671099066734314,0.6671099066734314,uncertain,True,False
150307,2025-03,uncertain,2,0.16888216137886047,0.22150422632694244,0.6096135377883911,0.6096135377883911,gov,True,False
150317,2025-03,uncertain,2,0.12529203295707703,0.02810918353497982,0.8465988039970398,0.8465988039970398,gov,True,False
151756,2025-03,uncertain,2,0.31757140159606934,0.10666424036026001,0.5757643580436707,0.5757643580436707,gov,True,False
151757,2025-03,uncertain,2,0.17375536262989044,0.0633559301495552,0.7628887295722961,0.7628887295722961,uncertain,True,False
152476,2025-03,uncertain,2,0.440579891204834,0.07147898524999619,0.4879411458969116,0.4879411458969116,gov,True,False
153190,2025-03,gov,0,0.63494873046875,0.22526277601718903,0.13978847861289978,0.63494873046875,gov,True,False
153191,2025-03,gov,0,0.5890161395072937,0.1209089607000351,0.2900749146938324,0.5890161395072937,gov,True,False
153192,2025-03,gov,0,0.6394445896148682,0.21020595729351044,0.1503494828939438,0.6394445896148682,gov,True,False
153193,2025-03,gov,0,0.6658669710159302,0.12098035961389542,0.2131526917219162,0.6658669710159302,gov,True,False
153196,2025-03,gov,0,0.5297687649726868,0.09434718638658524,0.3758840262889862,0.5297687649726868,gov,True,False
153197,2025-03,uncertain,2,0.35187864303588867,0.0588083453476429,0.5893129706382751,0.5893129706382751,uncertain,True,False
153910,2025-03,gov,0,0.635012686252594,0.16151507198810577,0.2034722864627838,0.635012686252594,gov,True,False
153911,2025-03,gov,0,0.4326449930667877,0.27763238549232483,0.2897225618362427,0.4326449930667877,gov,True,False
153912,2025-03,gov,0,0.4976043403148651,0.31357404589653015,0.18882158398628235,0.4976043403148651,gov,True,False
153913,2025-03,gov,0,0.5388969779014587,0.3263355791568756,0.13476739823818207,0.5388969779014587,gov,True,False
153914,2025-03,gov,0,0.49230319261550903,0.42504844069480896,0.0826483964920044,0.49230319261550903,gov,True,False
153915,2025-03,gov,0,0.6394181251525879,0.21884508430957794,0.14173676073551178,0.6394181251525879,gov,True,False
153916,2025-03,gov,0,0.5464804768562317,0.11317899823188782,0.3403405547142029,0.5464804768562317,gov,True,False
153917,2025-03,uncertain,2,0.3748217523097992,0.13991516828536987,0.48526307940483093,0.48526307940483093,gov,True,False
153918,2025-03,gov,0,0.45496582984924316,0.20318888127803802,0.3418452739715576,0.45496582984924316,gov,True,False
154630,2025-03,gov,0,0.8463008999824524,0.046707674860954285,0.10699135810136795,0.8463008999824524,gov,True,False
154631,2025-03,gov,0,0.693507969379425,0.12841273844242096,0.178079292178154,0.693507969379425,gov,True,False
154632,2025-03,gov,0,0.6786841750144958,0.14260591566562653,0.17870990931987762,0.6786841750144958,gov,True,False
154633,2025-03,gov,0,0.8818526864051819,0.06943747401237488,0.04870977625250816,0.8818526864051819,gov,True,False
154634,2025-03,gov,0,0.7809766530990601,0.16632626950740814,0.05269705131649971,0.7809766530990601,gov,True,False
154635,2025-03,gov,0,0.7653143405914307,0.10554548352956772,0.1291401982307434,0.7653143405914307,gov,True,False
154636,2025-03,gov,0,0.5171595811843872,0.08150625228881836,0.40133416652679443,0.5171595811843872,gov,True,False
155350,2025-03,gov,0,0.5654910206794739,0.320330947637558,0.11417806148529053,0.5654910206794739,opo,True,False
155351,2025-03,gov,0,0.541694164276123,0.285215824842453,0.17309002578258514,0.541694164276123,gov,True,False
155352,2025-03,gov,0,0.48278623819351196,0.3317534625530243,0.18546020984649658,0.48278623819351196,gov,True,False
155354,2025-03,gov,0,0.5283313989639282,0.2870228886604309,0.18464569747447968,0.5283313989639282,gov,True,False
156069,2025-03,opo,1,0.4588335454463959,0.48158878087997437,0.059577617794275284,0.48158878087997437,opo,True,False
156071,2025-03,gov,0,0.8021307587623596,0.12729042768478394,0.07057888805866241,0.8021307587623596,gov,True,False
156072,2025-03,gov,0,0.751673698425293,0.137083500623703,0.11124274879693985,0.751673698425293,gov,True,False
156073,2025-03,gov,0,0.5128480195999146,0.24806122481822968,0.23909077048301697,0.5128480195999146,gov,True,False
156074,2025-03,gov,0,0.4985673427581787,0.22419779002666473,0.277234822511673,0.4985673427581787,gov,True,False
156075,2025-03,uncertain,2,0.339590460062027,0.22165001928806305,0.4387595057487488,0.4387595057487488,uncertain,True,False
156788,2025-03,opo,1,0.2397947758436203,0.3927394449710846,0.3674657642841339,0.3927394449710846,gov,True,False
156789,2025-03,opo,1,0.30954837799072266,0.559572696685791,0.1308789700269699,0.559572696685791,opo,True,False
156791,2025-03,gov,0,0.8420063853263855,0.08790653944015503,0.07008711248636246,0.8420063853263855,gov,True,False
156792,2025-03,gov,0,0.7721184492111206,0.08093257993459702,0.14694908261299133,0.7721184492111206,gov,True,False
156793,2025-03,gov,0,0.5116912126541138,0.08332844078540802,0.40498030185699463,0.5116912126541138,gov,True,False
156794,2025-03,opo,1,0.26638320088386536,0.40241169929504395,0.3312050700187683,0.40241169929504395,gov,True,False
156795,2025-03,opo,1,0.09706771373748779,0.6202039122581482,0.2827284038066864,0.6202039122581482,opo,True,False
156796,2025-03,opo,1,0.22150182723999023,0.5648676156997681,0.2136305421590805,0.5648676156997681,opo,True,False
157508,2025-03,opo,1,0.09362339228391647,0.760513961315155,0.1458626240491867,0.760513961315155,gov,True,False
157509,2025-03,opo,1,0.1541239321231842,0.7171056270599365,0.1287703961133957,0.7171056270599365,opo,True,False
157510,2025-03,gov,0,0.5619010329246521,0.18139880895614624,0.2567000985145569,0.5619010329246521,gov,True,False
157511,2025-03,gov,0,0.43893730640411377,0.21130910515785217,0.34975355863571167,0.43893730640411377,gov,True,False
157513,2025-03,uncertain,2,0.17610163986682892,0.04261868819594383,0.7812796831130981,0.7812796831130981,uncertain,True,False
157514,2025-03,uncertain,2,0.15248028934001923,0.14553457498550415,0.7019851803779602,0.7019851803779602,gov,True,False
157515,2025-03,uncertain,2,0.1396869421005249,0.33371567726135254,0.5265973806381226,0.5265973806381226,opo,True,False
158229,2025-03,opo,1,0.36621907353401184,0.3968158960342407,0.23696503043174744,0.3968158960342407,opo,True,False
158231,2025-03,gov,0,0.571138858795166,0.3159342110157013,0.1129268929362297,0.571138858795166,gov,True,False
158233,2025-03,uncertain,2,0.3908563256263733,0.10916951298713684,0.49997425079345703,0.49997425079345703,gov,True,False
158235,2025-03,opo,1,0.14080466330051422,0.7250325679779053,0.1341627687215805,0.7250325679779053,opo,True,False
158236,2025-03,opo,1,0.09378974884748459,0.8378582000732422,0.06835208088159561,0.8378582000732422,opo,True,False
158237,2025-03,opo,1,0.050381582230329514,0.8735107183456421,0.0761076956987381,0.8735107183456421,opo,True,False
158238,2025-03,uncertain,2,0.2700325846672058,0.26587140560150146,0.46409597992897034,0.46409597992897034,gov,True,False
158946,2025-03,opo,1,0.04856453090906143,0.8212845921516418,0.1301509290933609,0.8212845921516418,gov,True,False
158947,2025-03,opo,1,0.035665594041347504,0.9167313575744629,0.04760301485657692,0.9167313575744629,opo,True,False
158949,2025-03,uncertain,2,0.14341501891613007,0.18962369859218597,0.6669613122940063,0.6669613122940063,gov,True,False
158950,2025-03,gov,0,0.6227103471755981,0.23780231177806854,0.13948732614517212,0.6227103471755981,gov,True,False
158951,2025-03,gov,0,0.739830493927002,0.18353158235549927,0.07663789391517639,0.739830493927002,gov,True,False
158952,2025-03,gov,0,0.8040795922279358,0.1115635558962822,0.084356889128685,0.8040795922279358,gov,True,False
158953,2025-03,gov,0,0.6900177597999573,0.09600839763879776,0.21397380530834198,0.6900177597999573,gov,True,False
158954,2025-03,gov,0,0.3968319594860077,0.33085793256759644,0.2723100781440735,0.3968319594860077,gov,True,False
158955,2025-03,gov,0,0.5806782245635986,0.33359676599502563,0.08572500199079514,0.5806782245635986,gov,True,False
158956,2025-03,gov,0,0.4943505525588989,0.42516493797302246,0.08048447966575623,0.4943505525588989,gov,True,False
158957,2025-03,gov,0,0.5324051380157471,0.43173837661743164,0.03585651516914368,0.5324051380157471,gov,True,False
158958,2025-03,gov,0,0.6493885517120361,0.20673219859600067,0.143879234790802,0.6493885517120361,gov,True,False
158960,2025-03,gov,0,0.5141080021858215,0.2781289517879486,0.20776304602622986,0.5141080021858215,gov,True,False
159665,2025-03,uncertain,2,0.06322526186704636,0.30234813690185547,0.6344265937805176,0.6344265937805176,opo,True,False
159666,2025-03,opo,1,0.007283030077815056,0.9374732375144958,0.05524367839097977,0.9374732375144958,opo,True,False
159667,2025-03,opo,1,0.012753954157233238,0.9503467082977295,0.036899298429489136,0.9503467082977295,opo,True,False
159668,2025-03,opo,1,0.07764874398708344,0.6937574744224548,0.22859378159046173,0.6937574744224548,opo,True,False
159670,2025-03,gov,0,0.5259555578231812,0.021243900060653687,0.4528004825115204,0.5259555578231812,gov,True,False
159671,2025-03,gov,0,0.9284082651138306,0.02056262455880642,0.051029037684202194,0.9284082651138306,gov,True,False
159672,2025-03,gov,0,0.9605002999305725,0.013450457714498043,0.026049189269542694,0.9605002999305725,gov,True,False
159673,2025-03,gov,0,0.9134805798530579,0.006111518945544958,0.08040785789489746,0.9134805798530579,gov,True,False
159674,2025-03,gov,0,0.588447630405426,0.05492425709962845,0.35662809014320374,0.588447630405426,gov,True,False
159675,2025-03,gov,0,0.5427367091178894,0.07208596169948578,0.3851773142814636,0.5427367091178894,gov,True,False
159676,2025-03,gov,0,0.8222559094429016,0.07748474180698395,0.10025937110185623,0.8222559094429016,gov,True,False
159679,2025-03,gov,0,0.44303756952285767,0.33849164843559265,0.2184707373380661,0.44303756952285767,gov,True,False
159680,2025-03,gov,0,0.4842131435871124,0.18102429807186127,0.3347625136375427,0.4842131435871124,gov,True,False
160386,2025-03,opo,1,0.00810274388641119,0.9133656620979309,0.07853157818317413,0.9133656620979309,opo,True,False
160388,2025-03,opo,1,0.03785576671361923,0.6922832727432251,0.26986098289489746,0.6922832727432251,opo,True,False
160389,2025-03,uncertain,2,0.027036204934120178,0.01586620882153511,0.9570977091789246,0.9570977091789246,uncertain,True,False
160390,2025-03,uncertain,2,0.023172536864876747,0.017392251640558243,0.959435224533081,0.959435224533081,uncertain,True,False
160391,2025-03,uncertain,2,0.23368962109088898,0.12106714397668839,0.6452431678771973,0.6452431678771973,gov,True,False
160392,2025-03,gov,0,0.936787486076355,0.008460401557385921,0.05475212261080742,0.936787486076355,gov,True,False
160393,2025-03,gov,0,0.5350461006164551,0.013296481221914291,0.4516574442386627,0.5350461006164551,gov,True,False
160394,2025-03,gov,0,0.5205554962158203,0.021343037486076355,0.4581014811992645,0.5205554962158203,gov,True,False
160396,2025-03,gov,0,0.6025810837745667,0.04295143485069275,0.354467511177063,0.6025810837745667,gov,True,False
160397,2025-03,gov,0,0.7893962264060974,0.05065030977129936,0.1599535346031189,0.7893962264060974,gov,True,False
160399,2025-03,gov,0,0.8165626525878906,0.07762980461120605,0.10580749809741974,0.8165626525878906,gov,True,False
160400,2025-03,gov,0,0.7563285827636719,0.06359347701072693,0.18007801473140717,0.7563285827636719,gov,True,False
161107,2025-03,opo,1,0.003975566942244768,0.9800850749015808,0.015939338132739067,0.9800850749015808,opo,True,False
161109,2025-03,uncertain,2,0.03341848403215408,0.010028746910393238,0.9565527439117432,0.9565527439117432,uncertain,True,False
161110,2025-03,uncertain,2,0.21794770658016205,0.07277762144804001,0.7092747092247009,0.7092747092247009,gov,True,False
161111,2025-03,gov,0,0.6182119846343994,0.07194152474403381,0.30984652042388916,0.6182119846343994,gov,True,False
161112,2025-03,gov,0,0.947282075881958,0.0014336217427626252,0.051284320652484894,0.947282075881958,gov,True,False
161113,2025-03,gov,0,0.504942774772644,0.010699035599827766,0.48435819149017334,0.504942774772644,gov,True,False
161116,2025-03,gov,0,0.6467114686965942,0.034066785126924515,0.31922173500061035,0.6467114686965942,gov,True,False
161117,2025-03,gov,0,0.6149603724479675,0.056612592190504074,0.3284270465373993,0.6149603724479675,gov,True,False
161118,2025-03,gov,0,0.7487353086471558,0.1424742490053177,0.10879044979810715,0.7487353086471558,gov,True,False
161119,2025-03,gov,0,0.7418973445892334,0.18918336927890778,0.06891926378011703,0.7418973445892334,gov,True,False
161120,2025-03,gov,0,0.6840131878852844,0.12399895489215851,0.19198782742023468,0.6840131878852844,gov,True,False
161827,2025-03,opo,1,0.02192419022321701,0.958843469619751,0.019232336431741714,0.958843469619751,opo,True,False
161829,2025-03,uncertain,2,0.00790786650031805,0.03938312828540802,0.9527089595794678,0.9527089595794678,uncertain,True,False
161830,2025-03,uncertain,2,0.02080717869102955,0.14654132723808289,0.8326515555381775,0.8326515555381775,uncertain,True,False
161831,2025-03,uncertain,2,0.24408267438411713,0.028438270092010498,0.7274789810180664,0.7274789810180664,gov,True,False
161832,2025-03,gov,0,0.578357458114624,0.032326385378837585,0.3893161714076996,0.578357458114624,gov,True,False
161833,2025-03,uncertain,2,0.362536758184433,0.20896929502487183,0.4284939467906952,0.4284939467906952,gov,True,False
161834,2025-03,uncertain,2,0.06145669147372246,0.38241568207740784,0.5561276078224182,0.5561276078224182,uncertain,True,False
161837,2025-03,opo,1,0.20059262216091156,0.6567017436027527,0.14270569384098053,0.6567017436027527,opo,True,False
161839,2025-03,opo,1,0.13995808362960815,0.8166424036026001,0.043399542570114136,0.8166424036026001,opo,True,False
162547,2025-03,opo,1,0.04115039482712746,0.8671331405639648,0.09171649813652039,0.8671331405639648,opo,True,False
162548,2025-03,uncertain,2,0.15454590320587158,0.2643407881259918,0.581113338470459,0.581113338470459,uncertain,True,False
162549,2025-03,uncertain,2,0.1761823296546936,0.1757148653268814,0.6481027603149414,0.6481027603149414,uncertain,True,False
162550,2025-03,uncertain,2,0.20201551914215088,0.3190371096134186,0.47894731163978577,0.47894731163978577,opo,True,False
162551,2025-03,gov,0,0.6029880046844482,0.03947702795267105,0.3575349748134613,0.6029880046844482,gov,True,False
162552,2025-03,gov,0,0.7851977348327637,0.07879095524549484,0.13601131737232208,0.7851977348327637,gov,True,False
162553,2025-03,gov,0,0.5478472113609314,0.4258374869823456,0.026315318420529366,0.5478472113609314,opo,True,False
162554,2025-03,uncertain,2,0.09681199491024017,0.16508840024471283,0.7380995750427246,0.7380995750427246,uncertain,True,False
162555,2025-03,uncertain,2,0.06314285099506378,0.07244750112295151,0.8644096255302429,0.8644096255302429,uncertain,True,False
162556,2025-03,uncertain,2,0.2757315933704376,0.3156202733516693,0.4086480438709259,0.4086480438709259,gov,True,False
162558,2025-03,opo,1,0.04926002398133278,0.886162281036377,0.06457772850990295,0.886162281036377,opo,True,False
162559,2025-03,opo,1,0.0743708536028862,0.8643070459365845,0.06132208928465843,0.8643070459365845,opo,True,False
163267,2025-03,opo,1,0.09140388667583466,0.7369904518127441,0.17160561680793762,0.7369904518127441,opo,True,False
163268,2025-03,uncertain,2,0.12348509579896927,0.2665523886680603,0.6099625825881958,0.6099625825881958,uncertain,True,False
163269,2025-03,uncertain,2,0.22777046263217926,0.045791346579790115,0.7264381051063538,0.7264381051063538,uncertain,True,False
163271,2025-03,gov,0,0.5910056233406067,0.07224134355783463,0.3367530405521393,0.5910056233406067,gov,True,False
163272,2025-03,gov,0,0.42163076996803284,0.23139525949954987,0.3469739258289337,0.42163076996803284,uncertain,True,False
163274,2025-03,uncertain,2,0.06194010749459267,0.021070776507258415,0.9169890880584717,0.9169890880584717,uncertain,True,False
163275,2025-03,uncertain,2,0.11574842780828476,0.016704818233847618,0.8675466775894165,0.8675466775894165,uncertain,True,False
163276,2025-03,uncertain,2,0.2788265347480774,0.1744420826435089,0.5467314124107361,0.5467314124107361,uncertain,True,False
163278,2025-03,opo,1,0.05288207530975342,0.8694806098937988,0.07763727009296417,0.8694806098937988,opo,True,False
163988,2025-03,opo,1,0.17113792896270752,0.5165166258811951,0.3123454749584198,0.5165166258811951,opo,True,False
163989,2025-03,uncertain,2,0.213954895734787,0.2771901488304138,0.5088549852371216,0.5088549852371216,gov,True,False
163992,2025-03,gov,0,0.47631314396858215,0.22499315440654755,0.2986937463283539,0.47631314396858215,gov,True,False
163993,2025-03,uncertain,2,0.40590178966522217,0.16089272499084473,0.43320542573928833,0.43320542573928833,opo,True,False
163996,2025-03,uncertain,2,0.24161581695079803,0.22903583943843842,0.5293483734130859,0.5293483734130859,gov,True,False
163998,2025-03,opo,1,0.2640330493450165,0.6145370006561279,0.12142995744943619,0.6145370006561279,gov,True,False
164709,2025-03,gov,0,0.45952335000038147,0.22227241098880768,0.3182041645050049,0.45952335000038147,gov,True,False
164710,2025-03,gov,0,0.6748058795928955,0.2538732588291168,0.07132086157798767,0.6748058795928955,gov,True,False
164711,2025-03,gov,0,0.7377544045448303,0.18509511649608612,0.07715046405792236,0.7377544045448303,opo,True,False
164712,2025-03,gov,0,0.6222233772277832,0.26955002546310425,0.10822652280330658,0.6222233772277832,gov,True,False
164713,2025-03,opo,1,0.3512594997882843,0.4728162884712219,0.17592421174049377,0.4728162884712219,gov,True,False
164714,2025-03,uncertain,2,0.17722897231578827,0.3940510153770447,0.42871999740600586,0.42871999740600586,gov,True,False
164715,2025-03,opo,1,0.16436798870563507,0.7706295847892761,0.06500240415334702,0.7706295847892761,opo,True,False
164716,2025-03,opo,1,0.18829283118247986,0.7350974082946777,0.07660982757806778,0.7350974082946777,opo,True,False
165430,2025-03,gov,0,0.516890823841095,0.19505921006202698,0.28804993629455566,0.516890823841095,gov,True,False
165433,2025-03,opo,1,0.15943174064159393,0.5841394662857056,0.25642886757850647,0.5841394662857056,gov,True,False
165435,2025-03,opo,1,0.12700922787189484,0.5991418361663818,0.2738489508628845,0.5991418361663818,opo,True,False
165436,2025-03,opo,1,0.06835122406482697,0.8663693070411682,0.06527943164110184,0.8663693070411682,opo,True,False
166150,2025-03,opo,1,0.3318518400192261,0.3666245639324188,0.3015235960483551,0.3666245639324188,gov,True,False
166152,2025-03,opo,1,0.26469236612319946,0.42211249470710754,0.313195139169693,0.42211249470710754,opo,True,False
166154,2025-03,opo,1,0.2550492286682129,0.4409946799278259,0.3039560616016388,0.4409946799278259,gov,True,False
166155,2025-03,opo,1,0.2637832462787628,0.37776678800582886,0.3584499657154083,0.37776678800582886,gov,True,False
166156,2025-03,opo,1,0.10254921764135361,0.829768717288971,0.06768203526735306,0.829768717288971,opo,True,False
166157,2025-03,opo,1,0.07563261687755585,0.755063533782959,0.16930383443832397,0.755063533782959,opo,True,False
166873,2025-03,uncertain,2,0.25178855657577515,0.2763783037662506,0.47183313965797424,0.47183313965797424,gov,True,False
166876,2025-03,opo,1,0.1216946542263031,0.7874773740768433,0.09082802385091782,0.7874773740768433,opo,True,False
166877,2025-03,opo,1,0.2105887234210968,0.6248586773872375,0.16455253958702087,0.6248586773872375,opo,True,False
167591,2025-03,gov,0,0.4658576250076294,0.16682444512844086,0.3673178553581238,0.4658576250076294,gov,True,False
167592,2025-03,gov,0,0.425132691860199,0.1932940036058426,0.38157323002815247,0.425132691860199,gov,True,False
167594,2025-03,gov,0,0.37896719574928284,0.24739189445972443,0.37364089488983154,0.37896719574928284,gov,True,False
167597,2025-03,opo,1,0.3529020845890045,0.4513514041900635,0.1957465410232544,0.4513514041900635,opo,True,False
168313,2025-03,uncertain,2,0.37315282225608826,0.15582136809825897,0.47102582454681396,0.47102582454681396,gov,True,False
168316,2025-03,opo,1,0.27234700322151184,0.6553475260734558,0.07230552285909653,0.6553475260734558,opo,True,False
168318,2025-03,uncertain,2,0.2498176097869873,0.3291177749633789,0.421064555644989,0.421064555644989,opo,True,False
169035,2025-03,gov,0,0.671053409576416,0.13714900612831116,0.19179756939411163,0.671053409576416,gov,True,False
169036,2025-03,gov,0,0.6125692129135132,0.20244376361370087,0.18498702347278595,0.6125692129135132,gov,True,False
169037,2025-03,gov,0,0.5676449537277222,0.13541612029075623,0.296938955783844,0.5676449537277222,gov,True,False
169756,2025-03,gov,0,0.616150975227356,0.14290934801101685,0.24093973636627197,0.616150975227356,gov,True,False
143838,2025-04,gov,0,0.5100075602531433,0.26689931750297546,0.2230931669473648,0.5100075602531433,gov,True,False
145998,2025-04,gov,0,0.4242318272590637,0.23198913037776947,0.343779057264328,0.4242318272590637,gov,True,False
147437,2025-04,gov,0,0.5320659875869751,0.1862868219614029,0.2816471457481384,0.5320659875869751,gov,True,False
147438,2025-04,uncertain,2,0.3594230115413666,0.10871082544326782,0.5318661332130432,0.5318661332130432,gov,True,False
147439,2025-04,uncertain,2,0.3401066064834595,0.09314025938510895,0.566753089427948,0.566753089427948,gov,True,False
148158,2025-04,uncertain,2,0.2395026832818985,0.11695367842912674,0.6435436606407166,0.6435436606407166,gov,True,False
149597,2025-04,uncertain,2,0.2718266248703003,0.2302199751138687,0.4979533553123474,0.4979533553123474,uncertain,True,False
150307,2025-04,uncertain,2,0.07073608040809631,0.39855387806892395,0.5307100415229797,0.5307100415229797,gov,True,False
150317,2025-04,uncertain,2,0.1493690460920334,0.0949002131819725,0.7557307481765747,0.7557307481765747,gov,True,False
151756,2025-04,uncertain,2,0.23672719299793243,0.2751743197441101,0.48809847235679626,0.48809847235679626,gov,True,False
151757,2025-04,uncertain,2,0.10295253992080688,0.08856959640979767,0.8084778785705566,0.8084778785705566,uncertain,True,False
152476,2025-04,uncertain,2,0.3460678458213806,0.18161554634571075,0.47231659293174744,0.47231659293174744,gov,True,False
153190,2025-04,gov,0,0.584742546081543,0.15050384402275085,0.26475363969802856,0.584742546081543,gov,True,False
153191,2025-04,gov,0,0.7665923237800598,0.16940805315971375,0.06399959325790405,0.7665923237800598,gov,True,False
153192,2025-04,gov,0,0.8220497965812683,0.12586985528469086,0.052080340683460236,0.8220497965812683,gov,True,False
153193,2025-04,gov,0,0.75580233335495,0.12539389729499817,0.1188037246465683,0.75580233335495,gov,True,False
153196,2025-04,gov,0,0.43261098861694336,0.2738170325756073,0.29357197880744934,0.43261098861694336,gov,True,False
153197,2025-04,uncertain,2,0.1903115212917328,0.12472886592149734,0.6849595904350281,0.6849595904350281,uncertain,True,False
153910,2025-04,gov,0,0.39400771260261536,0.3122060298919678,0.2937862277030945,0.39400771260261536,gov,True,False
153911,2025-04,gov,0,0.4981114864349365,0.4546685814857483,0.04721996560692787,0.4981114864349365,gov,True,False
153912,2025-04,gov,0,0.6433759331703186,0.2738465666770935,0.08277758210897446,0.6433759331703186,gov,True,False
153913,2025-04,gov,0,0.6883816719055176,0.1837407648563385,0.12787753343582153,0.6883816719055176,gov,True,False
153914,2025-04,gov,0,0.5220754146575928,0.3451334834098816,0.13279102742671967,0.5220754146575928,gov,True,False
153915,2025-04,uncertain,2,0.23166754841804504,0.3022540211677551,0.46607843041419983,0.46607843041419983,gov,True,False
153916,2025-04,opo,1,0.3873424232006073,0.49133431911468506,0.12132331728935242,0.49133431911468506,gov,True,False
153917,2025-04,uncertain,2,0.285995215177536,0.2202197164297104,0.4937850534915924,0.4937850534915924,gov,True,False
153918,2025-04,gov,0,0.37805548310279846,0.31743577122688293,0.3045087456703186,0.37805548310279846,gov,True,False
154630,2025-04,gov,0,0.7932461500167847,0.14465630054473877,0.06209751218557358,0.7932461500167847,gov,True,False
154631,2025-04,gov,0,0.7667150497436523,0.19397877156734467,0.03930620104074478,0.7667150497436523,gov,True,False
154632,2025-04,gov,0,0.8249598741531372,0.10871122032403946,0.06632892042398453,0.8249598741531372,gov,True,False
154633,2025-04,gov,0,0.8500309586524963,0.05883289873600006,0.09113611280918121,0.8500309586524963,gov,True,False
154634,2025-04,gov,0,0.6492260098457336,0.18226583302021027,0.1685081422328949,0.6492260098457336,gov,True,False
154635,2025-04,uncertain,2,0.36908164620399475,0.11609252542257309,0.5148258209228516,0.5148258209228516,gov,True,False
154636,2025-04,gov,0,0.41188928484916687,0.33804214000701904,0.2500686049461365,0.41188928484916687,gov,True,False
155350,2025-04,gov,0,0.5839913487434387,0.30443188548088074,0.11157681047916412,0.5839913487434387,opo,True,False
155351,2025-04,gov,0,0.8137243390083313,0.1272081732749939,0.059067465364933014,0.8137243390083313,gov,True,False
155352,2025-04,gov,0,0.7836608290672302,0.13378502428531647,0.08255409449338913,0.7836608290672302,gov,True,False
155354,2025-04,gov,0,0.49296095967292786,0.13938382267951965,0.3676552474498749,0.49296095967292786,gov,True,False
156069,2025-04,opo,1,0.3464815318584442,0.4522266387939453,0.20129184424877167,0.4522266387939453,opo,True,False
156071,2025-04,gov,0,0.7430322170257568,0.09968927502632141,0.15727847814559937,0.7430322170257568,gov,True,False
156072,2025-04,gov,0,0.6838369965553284,0.11119342595338821,0.2049696296453476,0.6838369965553284,gov,True,False
156073,2025-04,gov,0,0.6298030614852905,0.19962535798549652,0.17057152092456818,0.6298030614852905,gov,True,False
156074,2025-04,gov,0,0.6102914214134216,0.20300902426242828,0.1866995096206665,0.6102914214134216,gov,True,False
156075,2025-04,uncertain,2,0.1923375278711319,0.33926740288734436,0.46839505434036255,0.46839505434036255,uncertain,True,False
156788,2025-04,opo,1,0.23499566316604614,0.47365808486938477,0.2913461923599243,0.47365808486938477,gov,True,False
156789,2025-04,opo,1,0.2843156158924103,0.6225884556770325,0.09309595078229904,0.6225884556770325,opo,True,False
156791,2025-04,gov,0,0.721405029296875,0.1078052744269371,0.1707897186279297,0.721405029296875,gov,True,False
156792,2025-04,gov,0,0.6939429044723511,0.06650912761688232,0.239547997713089,0.6939429044723511,gov,True,False
156793,2025-04,gov,0,0.6787703037261963,0.12775219976902008,0.19347752630710602,0.6787703037261963,gov,True,False
156794,2025-04,opo,1,0.3438827395439148,0.500013530254364,0.15610376000404358,0.500013530254364,gov,True,False
156795,2025-04,opo,1,0.09041853994131088,0.7687065005302429,0.1408749520778656,0.7687065005302429,opo,True,False
156796,2025-04,opo,1,0.0615682378411293,0.8585222363471985,0.07990948110818863,0.8585222363471985,opo,True,False
157508,2025-04,opo,1,0.09783926606178284,0.6817922592163086,0.22036854922771454,0.6817922592163086,gov,True,False
157509,2025-04,opo,1,0.07349759340286255,0.7888897657394409,0.13761267066001892,0.7888897657394409,opo,True,False
157510,2025-04,uncertain,2,0.3680211305618286,0.24466513097286224,0.38731375336647034,0.38731375336647034,gov,True,False
157511,2025-04,uncertain,2,0.4421384930610657,0.07931916415691376,0.478542298078537,0.478542298078537,gov,True,False
157513,2025-04,uncertain,2,0.20943768322467804,0.07774697989225388,0.7128152847290039,0.7128152847290039,uncertain,True,False
157514,2025-04,uncertain,2,0.29079076647758484,0.24756969511508942,0.46163949370384216,0.46163949370384216,gov,True,False
157515,2025-04,opo,1,0.11118955165147781,0.44679880142211914,0.4420117139816284,0.44679880142211914,uncertain,True,False
158229,2025-04,opo,1,0.10464014112949371,0.5973753333091736,0.2979845404624939,0.5973753333091736,opo,True,False
158231,2025-04,gov,0,0.5881448984146118,0.06785581260919571,0.3439992368221283,0.5881448984146118,gov,True,False
158233,2025-04,gov,0,0.6021861433982849,0.10514948517084122,0.29266437888145447,0.6021861433982849,gov,True,False
158235,2025-04,opo,1,0.29764479398727417,0.5444207787513733,0.15793442726135254,0.5444207787513733,opo,True,False
158236,2025-04,opo,1,0.1289815604686737,0.7990604043006897,0.07195807993412018,0.7990604043006897,opo,True,False
158237,2025-04,opo,1,0.08523198217153549,0.7975355982780457,0.11723237484693527,0.7975355982780457,opo,True,False
158238,2025-04,opo,1,0.26571324467658997,0.4189400374889374,0.31534674763679504,0.4189400374889374,gov,True,False
158946,2025-04,opo,1,0.06038784980773926,0.8353070616722107,0.10430505871772766,0.8353070616722107,gov,True,False
158947,2025-04,opo,1,0.0930555909872055,0.6586399674415588,0.24830444157123566,0.6586399674415588,opo,True,False
158949,2025-04,opo,1,0.30498385429382324,0.43302348256111145,0.2619926929473877,0.43302348256111145,gov,True,False
158950,2025-04,uncertain,2,0.31105169653892517,0.22347192466259003,0.465476393699646,0.465476393699646,gov,True,False
158951,2025-04,gov,0,0.5480544567108154,0.1976063847541809,0.25433915853500366,0.5480544567108154,gov,True,False
158952,2025-04,gov,0,0.5591991543769836,0.2930642068386078,0.14773662388324738,0.5591991543769836,gov,True,False
158953,2025-04,gov,0,0.7045806646347046,0.19836442172527313,0.09705495834350586,0.7045806646347046,gov,True,False
158954,2025-04,gov,0,0.705593466758728,0.15756355226039886,0.1368430107831955,0.705593466758728,gov,True,False
158955,2025-04,gov,0,0.7726253867149353,0.20303325355052948,0.024341339245438576,0.7726253867149353,gov,True,False
158956,2025-04,gov,0,0.8273780941963196,0.16387884318828583,0.008743064478039742,0.8273780941963196,gov,True,False
158957,2025-04,gov,0,0.7574953436851501,0.2149607092142105,0.027544017881155014,0.7574953436851501,gov,True,False
158958,2025-04,gov,0,0.7672311663627625,0.14014749228954315,0.09262136369943619,0.7672311663627625,gov,True,False
158960,2025-04,gov,0,0.5662392973899841,0.191155344247818,0.2426053285598755,0.5662392973899841,gov,True,False
159665,2025-04,uncertain,2,0.1876305341720581,0.39881449937820435,0.41355493664741516,0.41355493664741516,opo,True,False
159666,2025-04,opo,1,0.05760975927114487,0.7932513952255249,0.14913880825042725,0.7932513952255249,opo,True,False
159667,2025-04,opo,1,0.017267372459173203,0.7268050312995911,0.25592759251594543,0.7268050312995911,opo,True,False
159668,2025-04,opo,1,0.1011885404586792,0.6290720701217651,0.26973941922187805,0.6290720701217651,opo,True,False
159670,2025-04,uncertain,2,0.3514136075973511,0.04623151943087578,0.602354884147644,0.602354884147644,gov,True,False
159671,2025-04,gov,0,0.6154062151908875,0.027139129117131233,0.35745468735694885,0.6154062151908875,gov,True,False
159672,2025-04,gov,0,0.8791792392730713,0.07357633113861084,0.04724438488483429,0.8791792392730713,gov,True,False
159673,2025-04,gov,0,0.8296224474906921,0.11031166464090347,0.06006591022014618,0.8296224474906921,gov,True,False
159674,2025-04,gov,0,0.5024935603141785,0.17474183440208435,0.32276466488838196,0.5024935603141785,gov,True,False
159675,2025-04,gov,0,0.5102916955947876,0.33223557472229004,0.15747269988059998,0.5102916955947876,gov,True,False
159676,2025-04,gov,0,0.8180384635925293,0.13729353249073029,0.044668056070804596,0.8180384635925293,gov,True,False
159679,2025-04,gov,0,0.48371753096580505,0.23885755240917206,0.2774248719215393,0.48371753096580505,gov,True,False
159680,2025-04,gov,0,0.41224318742752075,0.2543336749076843,0.3334231674671173,0.41224318742752075,gov,True,False
160386,2025-04,opo,1,0.10183565318584442,0.709412693977356,0.18875162303447723,0.709412693977356,opo,True,False
160388,2025-04,uncertain,2,0.08994586765766144,0.3197200894355774,0.5903340578079224,0.5903340578079224,opo,True,False
160389,2025-04,uncertain,2,0.2882309556007385,0.303097665309906,0.4086713492870331,0.4086713492870331,uncertain,True,False
160390,2025-04,uncertain,2,0.182447150349617,0.0632081925868988,0.754344642162323,0.754344642162323,uncertain,True,False
160391,2025-04,gov,0,0.5061129927635193,0.06687400490045547,0.4270130693912506,0.5061129927635193,gov,True,False
160392,2025-04,gov,0,0.8869524002075195,0.0724768340587616,0.0405707024037838,0.8869524002075195,gov,True,False
160393,2025-04,gov,0,0.8892994523048401,0.06302713602781296,0.04767340421676636,0.8892994523048401,gov,True,False
160394,2025-04,gov,0,0.5646807551383972,0.14181764423847198,0.2935015857219696,0.5646807551383972,gov,True,False
160396,2025-04,gov,0,0.9358180165290833,0.043502483516931534,0.020679516717791557,0.9358180165290833,gov,True,False
160397,2025-04,gov,0,0.8396772146224976,0.10263703018426895,0.057685770094394684,0.8396772146224976,gov,True,False
160399,2025-04,gov,0,0.8536614775657654,0.038455694913864136,0.10788273811340332,0.8536614775657654,gov,True,False
160400,2025-04,gov,0,0.7460203766822815,0.06619589775800705,0.18778377771377563,0.7460203766822815,gov,True,False
161107,2025-04,opo,1,0.039944835007190704,0.7923063039779663,0.1677488386631012,0.7923063039779663,opo,True,False
161109,2025-04,uncertain,2,0.24948781728744507,0.009006909094750881,0.7415052652359009,0.7415052652359009,uncertain,True,False
161110,2025-04,gov,0,0.5293756723403931,0.0432097502052784,0.42741450667381287,0.5293756723403931,gov,True,False
161111,2025-04,gov,0,0.7027801275253296,0.20393504202365875,0.09328480809926987,0.7027801275253296,gov,True,False
161112,2025-04,gov,0,0.8756505846977234,0.08471416682004929,0.039635248482227325,0.8756505846977234,gov,True,False
161113,2025-04,gov,0,0.6825125813484192,0.14066554605960846,0.17682185769081116,0.6825125813484192,gov,True,False
161116,2025-04,gov,0,0.8352934122085571,0.038041193038225174,0.12666533887386322,0.8352934122085571,gov,True,False
161117,2025-04,gov,0,0.8775829076766968,0.04337182268500328,0.07904525846242905,0.8775829076766968,gov,True,False
161118,2025-04,gov,0,0.7807536721229553,0.08819317817687988,0.1310531497001648,0.7807536721229553,gov,True,False
161119,2025-04,gov,0,0.754715621471405,0.10943875461816788,0.1358455866575241,0.754715621471405,gov,True,False
161120,2025-04,gov,0,0.7221457362174988,0.08010262250900269,0.19775168597698212,0.7221457362174988,gov,True,False
161827,2025-04,opo,1,0.03688451647758484,0.8550988435745239,0.10801661759614944,0.8550988435745239,opo,True,False
161829,2025-04,uncertain,2,0.03138311579823494,0.03076700121164322,0.9378498196601868,0.9378498196601868,uncertain,True,False
161830,2025-04,uncertain,2,0.062055785208940506,0.03222872316837311,0.9057154655456543,0.9057154655456543,uncertain,True,False
161831,2025-04,uncertain,2,0.17533740401268005,0.34596675634384155,0.4786958694458008,0.4786958694458008,gov,True,False
161832,2025-04,gov,0,0.7054089307785034,0.15927520394325256,0.13531585037708282,0.7054089307785034,gov,True,False
161833,2025-04,gov,0,0.6247273683547974,0.14315465092658997,0.23211795091629028,0.6247273683547974,gov,True,False
161834,2025-04,opo,1,0.30093899369239807,0.5319090485572815,0.16715197265148163,0.5319090485572815,uncertain,True,False
161837,2025-04,gov,0,0.5620625615119934,0.32784441113471985,0.11009307950735092,0.5620625615119934,opo,True,False
161839,2025-04,gov,0,0.4287039041519165,0.42688217759132385,0.14441385865211487,0.4287039041519165,opo,True,False
162547,2025-04,opo,1,0.04862227663397789,0.8283097743988037,0.12306792289018631,0.8283097743988037,opo,True,False
162548,2025-04,opo,1,0.2693881690502167,0.4081469774246216,0.32246485352516174,0.4081469774246216,opo,True,False
162549,2025-04,uncertain,2,0.1234450563788414,0.24774521589279175,0.6288097500801086,0.6288097500801086,uncertain,True,False
162550,2025-04,opo,1,0.26264873147010803,0.521270751953125,0.21608051657676697,0.521270751953125,opo,True,False
162551,2025-04,uncertain,2,0.31088101863861084,0.24881739914417267,0.4403015673160553,0.4403015673160553,gov,True,False
162552,2025-04,gov,0,0.6674814224243164,0.23392069339752197,0.09859784692525864,0.6674814224243164,gov,True,False
162553,2025-04,gov,0,0.5470336675643921,0.4220771789550781,0.030889198184013367,0.5470336675643921,opo,True,False
162554,2025-04,uncertain,2,0.18672999739646912,0.34445804357528687,0.468811959028244,0.468811959028244,uncertain,True,False
162555,2025-04,uncertain,2,0.10478425770998001,0.06556393206119537,0.8296517729759216,0.8296517729759216,uncertain,True,False
162556,2025-04,uncertain,2,0.18735410273075104,0.2888491153717041,0.523796796798706,0.523796796798706,opo,True,False
162558,2025-04,opo,1,0.1294015347957611,0.7651590704917908,0.10543940216302872,0.7651590704917908,opo,True,False
162559,2025-04,opo,1,0.30115383863449097,0.48595964908599854,0.21288657188415527,0.48595964908599854,opo,True,False
163267,2025-04,opo,1,0.054772697389125824,0.7195407152175903,0.22568659484386444,0.7195407152175903,opo,True,False
163268,2025-04,uncertain,2,0.16763344407081604,0.3958125710487366,0.4365540146827698,0.4365540146827698,uncertain,True,False
163269,2025-04,uncertain,2,0.1372971087694168,0.07635322958230972,0.7863496541976929,0.7863496541976929,uncertain,True,False
163271,2025-04,uncertain,2,0.20700500905513763,0.21292003989219666,0.5800749659538269,0.5800749659538269,gov,True,False
163272,2025-04,uncertain,2,0.03575001284480095,0.09668250381946564,0.8675674796104431,0.8675674796104431,uncertain,True,False
163274,2025-04,uncertain,2,0.12618795037269592,0.11350108683109283,0.76031094789505,0.76031094789505,uncertain,True,False
163275,2025-04,uncertain,2,0.03143734857439995,0.01861860230565071,0.949944019317627,0.949944019317627,uncertain,True,False
163276,2025-04,uncertain,2,0.09973170608282089,0.09829870611429214,0.8019696474075317,0.8019696474075317,uncertain,True,False
163278,2025-04,opo,1,0.07477939128875732,0.7346978783607483,0.1905226856470108,0.7346978783607483,opo,True,False
163988,2025-04,uncertain,2,0.1815962791442871,0.1755559742450714,0.6428477764129639,0.6428477764129639,opo,True,False
163989,2025-04,uncertain,2,0.2021297663450241,0.06603869050741196,0.7318316102027893,0.7318316102027893,gov,True,False
163992,2025-04,uncertain,2,0.06301484256982803,0.163691908121109,0.7732931971549988,0.7732931971549988,gov,True,False
163993,2025-04,gov,0,0.35553234815597534,0.2902536690235138,0.35421398282051086,0.35553234815597534,opo,True,False
163996,2025-04,uncertain,2,0.38012248277664185,0.22757916152477264,0.3922983705997467,0.3922983705997467,gov,True,False
163998,2025-04,opo,1,0.29094403982162476,0.5846337676048279,0.12442216277122498,0.5846337676048279,gov,True,False
164709,2025-04,gov,0,0.436256468296051,0.23503370583057404,0.3287099003791809,0.436256468296051,gov,True,False
164710,2025-04,gov,0,0.6839559078216553,0.24928563833236694,0.0667584165930748,0.6839559078216553,gov,True,False
164711,2025-04,gov,0,0.49838605523109436,0.27807530760765076,0.2235386222600937,0.49838605523109436,opo,True,False
164712,2025-04,opo,1,0.36610767245292664,0.38181474804878235,0.252077579498291,0.38181474804878235,gov,True,False
164713,2025-04,opo,1,0.21574312448501587,0.3948288559913635,0.3894280195236206,0.3948288559913635,opo,True,False
164714,2025-04,opo,1,0.08672425150871277,0.7522997856140137,0.16097599267959595,0.7522997856140137,gov,True,False
164715,2025-04,opo,1,0.10330830514431,0.7646051049232483,0.13208653032779694,0.7646051049232483,opo,True,False
164716,2025-04,opo,1,0.18237611651420593,0.7033512592315674,0.11427262425422668,0.7033512592315674,opo,True,False
165430,2025-04,gov,0,0.496608167886734,0.3697730004787445,0.13361889123916626,0.496608167886734,gov,True,False
165433,2025-04,uncertain,2,0.3390927314758301,0.20514194667339325,0.4557652771472931,0.4557652771472931,gov,True,False
165435,2025-04,opo,1,0.17738640308380127,0.5034099221229553,0.3192036747932434,0.5034099221229553,opo,True,False
165436,2025-04,opo,1,0.1747683882713318,0.7095250487327576,0.11570662260055542,0.7095250487327576,opo,True,False
166150,2025-04,gov,0,0.7325887680053711,0.15570276975631714,0.11170842498540878,0.7325887680053711,gov,True,False
166152,2025-04,opo,1,0.38403040170669556,0.4186255633831024,0.19734403491020203,0.4186255633831024,opo,True,False
166154,2025-04,uncertain,2,0.3630892336368561,0.170766681432724,0.46614405512809753,0.46614405512809753,gov,True,False
166155,2025-04,uncertain,2,0.2689673602581024,0.2982772886753082,0.43275532126426697,0.43275532126426697,gov,True,False
166156,2025-04,opo,1,0.10454397648572922,0.7801569104194641,0.11529914289712906,0.7801569104194641,opo,True,False
166157,2025-04,opo,1,0.12594665586948395,0.6860085725784302,0.18804478645324707,0.6860085725784302,opo,True,False
166873,2025-04,uncertain,2,0.17166683077812195,0.057627297937870026,0.7707058191299438,0.7707058191299438,gov,True,False
166876,2025-04,opo,1,0.15129375457763672,0.5342669486999512,0.3144393265247345,0.5342669486999512,opo,True,False
166877,2025-04,opo,1,0.3135451674461365,0.43809303641319275,0.2483617663383484,0.43809303641319275,opo,True,False
167591,2025-04,gov,0,0.6331924200057983,0.11324732005596161,0.25356021523475647,0.6331924200057983,gov,True,False
167592,2025-04,gov,0,0.5061897039413452,0.16735845804214478,0.32645177841186523,0.5061897039413452,gov,True,False
167594,2025-04,uncertain,2,0.2286730259656906,0.09485562890768051,0.6764713525772095,0.6764713525772095,gov,True,False
167597,2025-04,opo,1,0.37157872319221497,0.4420662224292755,0.18635505437850952,0.4420662224292755,opo,True,False
168313,2025-04,uncertain,2,0.27166876196861267,0.1698332279920578,0.558497965335846,0.558497965335846,gov,True,False
168316,2025-04,gov,0,0.41692376136779785,0.41558659076690674,0.16748960316181183,0.41692376136779785,opo,True,False
168318,2025-04,uncertain,2,0.1594468057155609,0.2748012840747833,0.5657519102096558,0.5657519102096558,opo,True,False
169035,2025-04,gov,0,0.5545603036880493,0.22791865468025208,0.21752102673053741,0.5545603036880493,gov,True,False
169036,2025-04,gov,0,0.6881020665168762,0.2000274658203125,0.11187049001455307,0.6881020665168762,gov,True,False
169037,2025-04,gov,0,0.5875319242477417,0.353848397731781,0.05861970782279968,0.5875319242477417,gov,True,False
169756,2025-04,gov,0,0.631089448928833,0.1664067953824997,0.2025037705898285,0.631089448928833,gov,True,False
143838,2025-05,gov,0,0.4882534444332123,0.24894492328166962,0.2628016173839569,0.4882534444332123,gov,True,False
145998,2025-05,gov,0,0.4545915126800537,0.1441800743341446,0.4012283980846405,0.4545915126800537,gov,True,False
147437,2025-05,gov,0,0.443859338760376,0.15154464542865753,0.4045960307121277,0.443859338760376,gov,True,False
147438,2025-05,uncertain,2,0.38608255982398987,0.07170405238866806,0.5422134399414062,0.5422134399414062,gov,True,False
147439,2025-05,uncertain,2,0.39284396171569824,0.09643811732530594,0.5107179284095764,0.5107179284095764,gov,True,False
148158,2025-05,uncertain,2,0.2862107455730438,0.10704026371240616,0.6067489981651306,0.6067489981651306,gov,True,False
149597,2025-05,uncertain,2,0.11348702758550644,0.22955751419067383,0.6569554805755615,0.6569554805755615,uncertain,True,False
150307,2025-05,opo,1,0.10018424689769745,0.599666178226471,0.3001495599746704,0.599666178226471,gov,True,False
150317,2025-05,uncertain,2,0.11867880076169968,0.19525524973869324,0.6860659718513489,0.6860659718513489,gov,True,False
151756,2025-05,uncertain,2,0.18947558104991913,0.2340647429227829,0.5764596462249756,0.5764596462249756,gov,True,False
151757,2025-05,uncertain,2,0.09971154481172562,0.2602942883968353,0.6399941444396973,0.6399941444396973,uncertain,True,False
152476,2025-05,uncertain,2,0.27060243487358093,0.2950916290283203,0.43430590629577637,0.43430590629577637,gov,True,False
153190,2025-05,gov,0,0.43732646107673645,0.16605088114738464,0.3966227173805237,0.43732646107673645,gov,True,False
153191,2025-05,gov,0,0.623879611492157,0.24305459856987,0.13306576013565063,0.623879611492157,gov,True,False
153192,2025-05,gov,0,0.6655565500259399,0.1534874588251114,0.18095609545707703,0.6655565500259399,gov,True,False
153193,2025-05,gov,0,0.7733238935470581,0.04251321777701378,0.18416288495063782,0.7733238935470581,gov,True,False
153196,2025-05,gov,0,0.3810076415538788,0.3145257532596588,0.30446657538414,0.3810076415538788,gov,True,False
153197,2025-05,uncertain,2,0.13597768545150757,0.3396358788013458,0.524386465549469,0.524386465549469,uncertain,True,False
153910,2025-05,opo,1,0.16085833311080933,0.5418999791145325,0.2972416877746582,0.5418999791145325,gov,True,False
153911,2025-05,opo,1,0.3848889172077179,0.4846886992454529,0.1304224133491516,0.4846886992454529,gov,True,False
153912,2025-05,gov,0,0.563650906085968,0.2418048232793808,0.1945442259311676,0.563650906085968,gov,True,False
153913,2025-05,gov,0,0.7041321992874146,0.14707762002944946,0.14879022538661957,0.7041321992874146,gov,True,False
153914,2025-05,gov,0,0.36523380875587463,0.3333999216556549,0.30136629939079285,0.36523380875587463,gov,True,False
153915,2025-05,uncertain,2,0.2545674443244934,0.1686941683292389,0.5767384171485901,0.5767384171485901,gov,True,False
153916,2025-05,opo,1,0.24775533378124237,0.37989842891693115,0.37234625220298767,0.37989842891693115,gov,True,False
153917,2025-05,uncertain,2,0.2929450571537018,0.3013193905353546,0.4057356119155884,0.4057356119155884,gov,True,False
153918,2025-05,opo,1,0.18488213419914246,0.46140527725219727,0.35371261835098267,0.46140527725219727,opo,True,False
154630,2025-05,gov,0,0.7171251773834229,0.17072120308876038,0.11215362697839737,0.7171251773834229,gov,True,False
154631,2025-05,gov,0,0.8981769680976868,0.05399777740240097,0.047825273126363754,0.8981769680976868,gov,True,False
154632,2025-05,gov,0,0.8580526113510132,0.04889073595404625,0.09305664151906967,0.8580526113510132,gov,True,False
154633,2025-05,gov,0,0.8465043902397156,0.03375307470560074,0.11974252760410309,0.8465043902397156,gov,True,False
154634,2025-05,gov,0,0.7372121214866638,0.1353985071182251,0.1273893117904663,0.7372121214866638,gov,True,False
154635,2025-05,gov,0,0.6293491721153259,0.0679812803864479,0.30266955494880676,0.6293491721153259,gov,True,False
154636,2025-05,uncertain,2,0.35509130358695984,0.25733068585395813,0.38757795095443726,0.38757795095443726,gov,True,False
155350,2025-05,gov,0,0.7266061902046204,0.10881369560956955,0.16458012163639069,0.7266061902046204,opo,True,False
155351,2025-05,gov,0,0.7981666922569275,0.14133919775485992,0.060494162142276764,0.7981666922569275,gov,True,False
155352,2025-05,gov,0,0.7596585154533386,0.11044256389141083,0.12989896535873413,0.7596585154533386,gov,True,False
155354,2025-05,gov,0,0.47089630365371704,0.09585167467594147,0.4332520067691803,0.47089630365371704,uncertain,True,False
156069,2025-05,gov,0,0.5641828179359436,0.22076082229614258,0.2150563895702362,0.5641828179359436,opo,True,False
156071,2025-05,gov,0,0.8307937979698181,0.09193652868270874,0.07726969569921494,0.8307937979698181,gov,True,False
156072,2025-05,gov,0,0.6133626103401184,0.1892283856868744,0.197408989071846,0.6133626103401184,gov,True,False
156073,2025-05,gov,0,0.7222921848297119,0.18821637332439423,0.08949143439531326,0.7222921848297119,gov,True,False
156074,2025-05,gov,0,0.45288917422294617,0.29210445284843445,0.2550063729286194,0.45288917422294617,gov,True,False
156075,2025-05,uncertain,2,0.14243420958518982,0.3953233063220978,0.4622425138950348,0.4622425138950348,uncertain,True,False
156788,2025-05,opo,1,0.1428879201412201,0.530694305896759,0.3264177739620209,0.530694305896759,gov,True,False
156789,2025-05,opo,1,0.35965999960899353,0.46154549717903137,0.17879453301429749,0.46154549717903137,opo,True,False
156791,2025-05,gov,0,0.9018712043762207,0.04834822937846184,0.04978059232234955,0.9018712043762207,gov,True,False
156792,2025-05,gov,0,0.6888591051101685,0.09746888279914856,0.21367202699184418,0.6888591051101685,gov,True,False
156793,2025-05,gov,0,0.5969828367233276,0.2983948290348053,0.10462231189012527,0.5969828367233276,gov,True,False
156794,2025-05,opo,1,0.29348599910736084,0.6004959940910339,0.10601797699928284,0.6004959940910339,gov,True,False
156795,2025-05,opo,1,0.055312301963567734,0.7357316613197327,0.2089560180902481,0.7357316613197327,opo,True,False
156796,2025-05,opo,1,0.06724599748849869,0.8964458107948303,0.036308228969573975,0.8964458107948303,opo,True,False
157508,2025-05,opo,1,0.11749935895204544,0.7464865446090698,0.1360141783952713,0.7464865446090698,gov,True,False
157509,2025-05,opo,1,0.21481260657310486,0.5690852403640747,0.21610210835933685,0.5690852403640747,opo,True,False
157510,2025-05,uncertain,2,0.3752686381340027,0.16929997503757477,0.45543134212493896,0.45543134212493896,gov,True,False
157511,2025-05,gov,0,0.5552056431770325,0.13020794093608856,0.3145864009857178,0.5552056431770325,gov,True,False
157513,2025-05,uncertain,2,0.20984190702438354,0.10352960228919983,0.6866284012794495,0.6866284012794495,uncertain,True,False
157514,2025-05,opo,1,0.24241599440574646,0.5708323121070862,0.18675167858600616,0.5708323121070862,gov,True,False
157515,2025-05,opo,1,0.08118172734975815,0.6588700413703918,0.259948194026947,0.6588700413703918,uncertain,True,False
158229,2025-05,opo,1,0.2083962857723236,0.5131633281707764,0.27844035625457764,0.5131633281707764,opo,True,False
158231,2025-05,gov,0,0.5272576808929443,0.087539903819561,0.3852023780345917,0.5272576808929443,gov,True,False
158233,2025-05,gov,0,0.589438796043396,0.1411220133304596,0.2694391906261444,0.589438796043396,gov,True,False
158235,2025-05,opo,1,0.08541671186685562,0.758423388004303,0.1561599224805832,0.758423388004303,opo,True,False
158236,2025-05,opo,1,0.049537207931280136,0.9121593832969666,0.0383034311234951,0.9121593832969666,opo,True,False
158237,2025-05,opo,1,0.06549900770187378,0.8669220209121704,0.06757893413305283,0.8669220209121704,opo,True,False
158238,2025-05,uncertain,2,0.19148623943328857,0.40364521741867065,0.40486854314804077,0.40486854314804077,gov,True,False
158946,2025-05,opo,1,0.05117349326610565,0.9224903583526611,0.026336193084716797,0.9224903583526611,gov,True,False
158947,2025-05,opo,1,0.056432094424963,0.86910480260849,0.0744631364941597,0.86910480260849,opo,True,False
158949,2025-05,opo,1,0.30028441548347473,0.49959537386894226,0.2001202255487442,0.49959537386894226,gov,True,False
158950,2025-05,gov,0,0.4292391240596771,0.15654797852039337,0.4142129719257355,0.4292391240596771,gov,True,False
158951,2025-05,uncertain,2,0.41042664647102356,0.07131990790367126,0.5182534456253052,0.5182534456253052,gov,True,False
158952,2025-05,gov,0,0.7757502794265747,0.12929224967956543,0.09495753049850464,0.7757502794265747,gov,True,False
158953,2025-05,gov,0,0.8303925395011902,0.12122269719839096,0.048384763300418854,0.8303925395011902,gov,True,False
158954,2025-05,gov,0,0.4392226040363312,0.41017207503318787,0.15060532093048096,0.4392226040363312,gov,True,False
158955,2025-05,opo,1,0.33065739274024963,0.40444910526275635,0.2648935317993164,0.40444910526275635,gov,True,False
158956,2025-05,gov,0,0.5060726404190063,0.4258321523666382,0.06809524446725845,0.5060726404190063,gov,True,False
158957,2025-05,gov,0,0.671356201171875,0.2911379635334015,0.03750579431653023,0.671356201171875,gov,True,False
158958,2025-05,gov,0,0.7158918380737305,0.16761083900928497,0.11649730801582336,0.7158918380737305,gov,True,False
158960,2025-05,gov,0,0.508358895778656,0.27567699551582336,0.21596410870552063,0.508358895778656,gov,True,False
159665,2025-05,uncertain,2,0.1323731392621994,0.3274309039115906,0.540195882320404,0.540195882320404,opo,True,False
159666,2025-05,opo,1,0.029175834730267525,0.9179826378822327,0.05284154415130615,0.9179826378822327,opo,True,False
159667,2025-05,opo,1,0.017290577292442322,0.931877851486206,0.050831615924835205,0.931877851486206,opo,True,False
159668,2025-05,opo,1,0.0662812888622284,0.758784294128418,0.17493438720703125,0.758784294128418,opo,True,False
159670,2025-05,uncertain,2,0.458114892244339,0.0240046214312315,0.5178804993629456,0.5178804993629456,gov,True,False
159671,2025-05,gov,0,0.6306723952293396,0.03238167241215706,0.3369459807872772,0.6306723952293396,gov,True,False
159672,2025-05,gov,0,0.8570515513420105,0.0367855429649353,0.10616284608840942,0.8570515513420105,gov,True,False
159673,2025-05,gov,0,0.7170668840408325,0.1764519065618515,0.1064811497926712,0.7170668840408325,gov,True,False
159674,2025-05,gov,0,0.5467876195907593,0.21540531516075134,0.237807035446167,0.5467876195907593,gov,True,False
159675,2025-05,uncertain,2,0.3628503680229187,0.16916954517364502,0.46798011660575867,0.46798011660575867,gov,True,False
159676,2025-05,gov,0,0.756525456905365,0.14811228215694427,0.09536224603652954,0.756525456905365,gov,True,False
159679,2025-05,gov,0,0.47951167821884155,0.3143642246723175,0.20612406730651855,0.47951167821884155,gov,True,False
159680,2025-05,gov,0,0.47172555327415466,0.3556497097015381,0.17262475192546844,0.47172555327415466,gov,True,False
160386,2025-05,opo,1,0.031163131818175316,0.8819404244422913,0.08689646422863007,0.8819404244422913,opo,True,False
160388,2025-05,opo,1,0.038919687271118164,0.686333179473877,0.2747471034526825,0.686333179473877,opo,True,False
160389,2025-05,uncertain,2,0.045619893819093704,0.04845597594976425,0.9059240818023682,0.9059240818023682,uncertain,True,False
160390,2025-05,uncertain,2,0.213483527302742,0.045119669288396835,0.7413967847824097,0.7413967847824097,uncertain,True,False
160391,2025-05,uncertain,2,0.29030725359916687,0.12512890994548798,0.5845638513565063,0.5845638513565063,gov,True,False
160392,2025-05,gov,0,0.8326900005340576,0.09249001741409302,0.07482007145881653,0.8326900005340576,gov,True,False
160393,2025-05,gov,0,0.7090370059013367,0.07337075471878052,0.21759235858917236,0.7090370059013367,gov,True,False
160394,2025-05,gov,0,0.5650625824928284,0.11869832128286362,0.31623905897140503,0.5650625824928284,gov,True,False
160396,2025-05,gov,0,0.7323467135429382,0.13066355884075165,0.13698969781398773,0.7323467135429382,gov,True,False
160397,2025-05,gov,0,0.7404686808586121,0.19612516462802887,0.06340620666742325,0.7404686808586121,gov,True,False
160399,2025-05,gov,0,0.6674689054489136,0.09824199229478836,0.23428912460803986,0.6674689054489136,gov,True,False
160400,2025-05,gov,0,0.6482428312301636,0.162101611495018,0.18965555727481842,0.6482428312301636,gov,True,False
161107,2025-05,opo,1,0.023458244279026985,0.9294800162315369,0.0470617450773716,0.9294800162315369,opo,True,False
161109,2025-05,uncertain,2,0.015968166291713715,0.009114726446568966,0.9749171137809753,0.9749171137809753,uncertain,True,False
161110,2025-05,uncertain,2,0.4048387110233307,0.1281803995370865,0.466980904340744,0.466980904340744,gov,True,False
161111,2025-05,gov,0,0.5894883871078491,0.3423387408256531,0.06817285716533661,0.5894883871078491,gov,True,False
161112,2025-05,gov,0,0.9252864122390747,0.046812303364276886,0.027901243418455124,0.9252864122390747,gov,True,False
161113,2025-05,gov,0,0.9075106978416443,0.016313521191477776,0.07617572695016861,0.9075106978416443,gov,True,False
161116,2025-05,gov,0,0.7439292073249817,0.0798376202583313,0.17623312771320343,0.7439292073249817,gov,True,False
161117,2025-05,gov,0,0.7590125203132629,0.08306752890348434,0.1579200178384781,0.7590125203132629,gov,True,False
161118,2025-05,gov,0,0.7861151695251465,0.09334054589271545,0.12054425477981567,0.7861151695251465,gov,True,False
161119,2025-05,gov,0,0.6641848683357239,0.08607888966798782,0.2497362196445465,0.6641848683357239,gov,True,False
161120,2025-05,gov,0,0.7256268262863159,0.11146081238985062,0.16291233897209167,0.7256268262863159,gov,True,False
161827,2025-05,opo,1,0.02706190198659897,0.9235454797744751,0.04939265176653862,0.9235454797744751,opo,True,False
161829,2025-05,uncertain,2,0.00578499399125576,0.05530824139714241,0.9389067888259888,0.9389067888259888,uncertain,True,False
161830,2025-05,uncertain,2,0.013517691753804684,0.48900964856147766,0.49747273325920105,0.49747273325920105,uncertain,True,False
161831,2025-05,opo,1,0.21099968254566193,0.7236615419387817,0.06533876061439514,0.7236615419387817,gov,True,False
161832,2025-05,gov,0,0.7688981294631958,0.0795787125825882,0.1515231430530548,0.7688981294631958,gov,True,False
161833,2025-05,gov,0,0.6482013463973999,0.07512281835079193,0.27667585015296936,0.6482013463973999,gov,True,False
161834,2025-05,opo,1,0.17034251987934113,0.519109308719635,0.3105481266975403,0.519109308719635,gov,True,False
161837,2025-05,gov,0,0.461503803730011,0.2805302143096924,0.257966011762619,0.461503803730011,opo,True,False
161839,2025-05,opo,1,0.42874303460121155,0.45054224133491516,0.1207147091627121,0.45054224133491516,opo,True,False
162547,2025-05,opo,1,0.0900382474064827,0.8121164441108704,0.09784535318613052,0.8121164441108704,opo,True,False
162548,2025-05,uncertain,2,0.14211884140968323,0.15781739354133606,0.7000637650489807,0.7000637650489807,opo,True,False
162549,2025-05,uncertain,2,0.07751157134771347,0.21796347200870514,0.7045249342918396,0.7045249342918396,uncertain,True,False
162550,2025-05,opo,1,0.07436935603618622,0.8061477541923523,0.11948291957378387,0.8061477541923523,opo,True,False
162551,2025-05,gov,0,0.6479844450950623,0.22230707108974457,0.1297084391117096,0.6479844450950623,gov,True,False
162552,2025-05,gov,0,0.7769767642021179,0.08394226431846619,0.1390809714794159,0.7769767642021179,gov,True,False
162553,2025-05,gov,0,0.6806962490081787,0.2714848220348358,0.04781893640756607,0.6806962490081787,opo,True,False
162554,2025-05,opo,1,0.11355778574943542,0.4772869348526001,0.4091552793979645,0.4772869348526001,uncertain,True,False
162555,2025-05,uncertain,2,0.1169629618525505,0.0923798680305481,0.7906572222709656,0.7906572222709656,uncertain,True,False
162556,2025-05,uncertain,2,0.36109745502471924,0.22786809504032135,0.411034494638443,0.411034494638443,gov,True,False
162558,2025-05,opo,1,0.060774192214012146,0.9173978567123413,0.021827910095453262,0.9173978567123413,opo,True,False
162559,2025-05,opo,1,0.13018223643302917,0.797364354133606,0.07245342433452606,0.797364354133606,opo,True,False
163267,2025-05,opo,1,0.07703139632940292,0.8042734861373901,0.11869513988494873,0.8042734861373901,opo,True,False
163268,2025-05,uncertain,2,0.10940755903720856,0.3959152400493622,0.49467718601226807,0.49467718601226807,uncertain,True,False
163269,2025-05,uncertain,2,0.11355642974376678,0.07540244609117508,0.8110411763191223,0.8110411763191223,uncertain,True,False
163271,2025-05,gov,0,0.5620149970054626,0.16902229189872742,0.26896268129348755,0.5620149970054626,gov,True,False
163272,2025-05,uncertain,2,0.04212024062871933,0.040542036294937134,0.9173377752304077,0.9173377752304077,uncertain,True,False
163274,2025-05,uncertain,2,0.08054319769144058,0.06316853314638138,0.8562882542610168,0.8562882542610168,uncertain,True,False
163275,2025-05,uncertain,2,0.05785064026713371,0.013823412358760834,0.9283260107040405,0.9283260107040405,uncertain,True,False
163276,2025-05,uncertain,2,0.2523108720779419,0.11501612514257431,0.6326729655265808,0.6326729655265808,uncertain,True,False
163278,2025-05,opo,1,0.14958158135414124,0.7540263533592224,0.09639204293489456,0.7540263533592224,opo,True,False
163988,2025-05,opo,1,0.20943504571914673,0.42631950974464417,0.3642454743385315,0.42631950974464417,opo,True,False
163989,2025-05,uncertain,2,0.3347519338130951,0.2310825139284134,0.4341655373573303,0.4341655373573303,gov,True,False
163992,2025-05,uncertain,2,0.4076458811759949,0.08312626928091049,0.5092278122901917,0.5092278122901917,gov,True,False
163993,2025-05,gov,0,0.5156680345535278,0.20117411017417908,0.2831578850746155,0.5156680345535278,opo,True,False
163996,2025-05,uncertain,2,0.297275573015213,0.3331986665725708,0.3695257902145386,0.3695257902145386,gov,True,False
163998,2025-05,opo,1,0.1836182177066803,0.7201006412506104,0.09628115594387054,0.7201006412506104,gov,True,False
164709,2025-05,gov,0,0.4482056498527527,0.28223881125450134,0.2695555090904236,0.4482056498527527,gov,True,False
164710,2025-05,gov,0,0.6570197939872742,0.20855110883712769,0.13442909717559814,0.6570197939872742,gov,True,False
164711,2025-05,gov,0,0.6582793593406677,0.14822934567928314,0.19349130988121033,0.6582793593406677,opo,True,False
164712,2025-05,gov,0,0.47632235288619995,0.2750787138938904,0.24859899282455444,0.47632235288619995,gov,True,False
164713,2025-05,opo,1,0.21974577009677887,0.5023209452629089,0.277933269739151,0.5023209452629089,gov,True,False
164714,2025-05,opo,1,0.1601848155260086,0.7029010057449341,0.1369142234325409,0.7029010057449341,gov,True,False
164715,2025-05,opo,1,0.10457373410463333,0.8303420543670654,0.06508415937423706,0.8303420543670654,opo,True,False
164716,2025-05,opo,1,0.1587669849395752,0.72017902135849,0.1210540160536766,0.72017902135849,opo,True,False
165430,2025-05,gov,0,0.47941911220550537,0.2976083755493164,0.22297246754169464,0.47941911220550537,gov,True,False
165433,2025-05,uncertain,2,0.19977764785289764,0.3201877474784851,0.48003455996513367,0.48003455996513367,gov,True,False
165435,2025-05,opo,1,0.1682007759809494,0.7526917457580566,0.07910745590925217,0.7526917457580566,opo,True,False
165436,2025-05,opo,1,0.15329070389270782,0.7672140598297119,0.07949521392583847,0.7672140598297119,opo,True,False
166150,2025-05,gov,0,0.6040341258049011,0.21275947988033295,0.18320636451244354,0.6040341258049011,gov,True,False
166152,2025-05,opo,1,0.29929447174072266,0.4046630263328552,0.29604244232177734,0.4046630263328552,opo,True,False
166154,2025-05,uncertain,2,0.28949856758117676,0.23875325918197632,0.4717482328414917,0.4717482328414917,gov,True,False
166155,2025-05,opo,1,0.2785933017730713,0.45249244570732117,0.26891428232192993,0.45249244570732117,gov,True,False
166156,2025-05,opo,1,0.18507397174835205,0.7101200222969055,0.10480596870183945,0.7101200222969055,opo,True,False
166157,2025-05,opo,1,0.20659850537776947,0.6647859215736389,0.1286155879497528,0.6647859215736389,opo,True,False
166873,2025-05,uncertain,2,0.2155800312757492,0.11099544167518616,0.673424482345581,0.673424482345581,gov,True,False
166876,2025-05,opo,1,0.33629459142684937,0.5252787470817566,0.13842664659023285,0.5252787470817566,opo,True,False
166877,2025-05,opo,1,0.3420651853084564,0.5289363861083984,0.12899839878082275,0.5289363861083984,opo,True,False
167591,2025-05,uncertain,2,0.34199899435043335,0.21055439114570618,0.4474465847015381,0.4474465847015381,gov,True,False
167592,2025-05,uncertain,2,0.37745004892349243,0.1604955494403839,0.46205446124076843,0.46205446124076843,gov,True,False
167594,2025-05,uncertain,2,0.246745765209198,0.054444294422864914,0.6988099217414856,0.6988099217414856,gov,True,False
167597,2025-05,gov,0,0.5145282745361328,0.34203529357910156,0.14343644678592682,0.5145282745361328,opo,True,False
168313,2025-05,uncertain,2,0.30811622738838196,0.07177350670099258,0.620110273361206,0.620110273361206,gov,True,False
168316,2025-05,opo,1,0.17898719012737274,0.4806903898715973,0.3403224050998688,0.4806903898715973,opo,True,False
168318,2025-05,opo,1,0.10564632713794708,0.4638049900531769,0.43054869771003723,0.4638049900531769,opo,True,False
169035,2025-05,gov,0,0.57650226354599,0.09482807666063309,0.3286696672439575,0.57650226354599,gov,True,False
169036,2025-05,gov,0,0.7097182273864746,0.1384604424238205,0.15182137489318848,0.7097182273864746,gov,True,False
169037,2025-05,gov,0,0.6492967009544373,0.24505336582660675,0.10565000027418137,0.6492967009544373,gov,True,False
169756,2025-05,gov,0,0.6612871289253235,0.22862040996551514,0.11009247601032257,0.6612871289253235,gov,True,False
143838,2025-06,gov,0,0.4741884469985962,0.3531532287597656,0.17265833914279938,0.4741884469985962,gov,True,False
145998,2025-06,gov,0,0.4443758726119995,0.16423770785331726,0.39138638973236084,0.4443758726119995,gov,True,False
147437,2025-06,gov,0,0.4643281400203705,0.20024414360523224,0.33542776107788086,0.4643281400203705,gov,True,False
147438,2025-06,gov,0,0.43039456009864807,0.15820005536079407,0.41140538454055786,0.43039456009864807,gov,True,False
147439,2025-06,uncertain,2,0.39312008023262024,0.1669568419456482,0.4399230182170868,0.4399230182170868,gov,True,False
148158,2025-06,uncertain,2,0.18747155368328094,0.19088949263095856,0.6216389536857605,0.6216389536857605,gov,True,False
149597,2025-06,uncertain,2,0.16650642454624176,0.36266037821769714,0.4708331823348999,0.4708331823348999,uncertain,True,False
150307,2025-06,uncertain,2,0.06847858428955078,0.4181543290615082,0.5133669972419739,0.5133669972419739,gov,True,False
150317,2025-06,uncertain,2,0.2054351568222046,0.19269651174545288,0.6018682718276978,0.6018682718276978,opo,True,False
151756,2025-06,uncertain,2,0.2332231104373932,0.23673957586288452,0.5300373435020447,0.5300373435020447,gov,True,False
151757,2025-06,uncertain,2,0.16204330325126648,0.36765211820602417,0.47030460834503174,0.47030460834503174,uncertain,True,False
152476,2025-06,opo,1,0.30798763036727905,0.42123281955718994,0.270779550075531,0.42123281955718994,gov,True,False
153190,2025-06,gov,0,0.538966715335846,0.18006663024425507,0.28096675872802734,0.538966715335846,gov,True,False
153191,2025-06,gov,0,0.5172675251960754,0.36146432161331177,0.12126817554235458,0.5172675251960754,gov,True,False
153192,2025-06,gov,0,0.5535774230957031,0.16397233307361603,0.28245028853416443,0.5535774230957031,gov,True,False
153193,2025-06,gov,0,0.7132942080497742,0.06180841848254204,0.22489739954471588,0.7132942080497742,gov,True,False
153196,2025-06,opo,1,0.3559419810771942,0.40596869587898254,0.23808930814266205,0.40596869587898254,gov,True,False
153197,2025-06,opo,1,0.18638189136981964,0.4160918891429901,0.39752623438835144,0.4160918891429901,uncertain,True,False
153910,2025-06,opo,1,0.32853853702545166,0.3403400778770447,0.33112138509750366,0.3403400778770447,gov,True,False
153911,2025-06,opo,1,0.36091530323028564,0.5371972918510437,0.10188741236925125,0.5371972918510437,gov,True,False
153912,2025-06,uncertain,2,0.3545806407928467,0.25595009326934814,0.3894692659378052,0.3894692659378052,gov,True,False
153913,2025-06,uncertain,2,0.32802096009254456,0.13057579100131989,0.5414032340049744,0.5414032340049744,gov,True,False
153914,2025-06,uncertain,2,0.1917695701122284,0.3713169991970062,0.436913400888443,0.436913400888443,gov,True,False
153915,2025-06,uncertain,2,0.2250959873199463,0.29595959186553955,0.47894442081451416,0.47894442081451416,gov,True,False
153916,2025-06,opo,1,0.337289959192276,0.4697438180446625,0.1929662674665451,0.4697438180446625,gov,True,False
153917,2025-06,opo,1,0.22753402590751648,0.5626017451286316,0.20986422896385193,0.5626017451286316,opo,True,False
153918,2025-06,opo,1,0.1971319615840912,0.567793607711792,0.23507440090179443,0.567793607711792,gov,True,False
154630,2025-06,gov,0,0.4624209403991699,0.3869912326335907,0.15058781206607819,0.4624209403991699,gov,True,False
154631,2025-06,gov,0,0.7023576498031616,0.16260050237178802,0.13504183292388916,0.7023576498031616,gov,True,False
154632,2025-06,gov,0,0.5501988530158997,0.1857302188873291,0.26407092809677124,0.5501988530158997,gov,True,False
154633,2025-06,gov,0,0.47438764572143555,0.10667376965284348,0.41893863677978516,0.47438764572143555,gov,True,False
154634,2025-06,gov,0,0.37947267293930054,0.37287917733192444,0.24764810502529144,0.37947267293930054,gov,True,False
154635,2025-06,uncertain,2,0.3131482005119324,0.27004003524780273,0.4168117940425873,0.4168117940425873,gov,True,False
154636,2025-06,opo,1,0.16297279298305511,0.5978496074676514,0.2391776144504547,0.5978496074676514,gov,True,False
155350,2025-06,gov,0,0.453721284866333,0.26903101801872253,0.27724775671958923,0.453721284866333,opo,True,False
155351,2025-06,gov,0,0.5864348411560059,0.21325285732746124,0.2003123164176941,0.5864348411560059,gov,True,False
155352,2025-06,gov,0,0.5372042655944824,0.20941787958145142,0.25337791442871094,0.5372042655944824,gov,True,False
155354,2025-06,opo,1,0.3363609313964844,0.4067494869232178,0.25688955187797546,0.4067494869232178,gov,True,False
156069,2025-06,opo,1,0.35163289308547974,0.3935038447380066,0.25486326217651367,0.3935038447380066,opo,True,False
156071,2025-06,gov,0,0.6767826676368713,0.13254177570343018,0.19067561626434326,0.6767826676368713,gov,True,False
156072,2025-06,gov,0,0.7185209393501282,0.15767565369606018,0.12380340695381165,0.7185209393501282,gov,True,False
156073,2025-06,gov,0,0.7854329943656921,0.1766686737537384,0.037898290902376175,0.7854329943656921,gov,True,False
156074,2025-06,gov,0,0.633668065071106,0.29748570919036865,0.06884616613388062,0.633668065071106,gov,True,False
156075,2025-06,opo,1,0.388077050447464,0.4794440269470215,0.13247886300086975,0.4794440269470215,uncertain,True,False
156788,2025-06,uncertain,2,0.2207140028476715,0.32465746998786926,0.45462852716445923,0.45462852716445923,gov,True,False
156789,2025-06,opo,1,0.3028565049171448,0.41101768612861633,0.2861258387565613,0.41101768612861633,opo,True,False
156791,2025-06,gov,0,0.6742814183235168,0.1851009577512741,0.14061762392520905,0.6742814183235168,gov,True,False
156792,2025-06,gov,0,0.5615166425704956,0.24835868179798126,0.19012464582920074,0.5615166425704956,gov,True,False
156793,2025-06,gov,0,0.7635760307312012,0.14298857748508453,0.09343540668487549,0.7635760307312012,gov,True,False
156794,2025-06,gov,0,0.6744238138198853,0.19891464710235596,0.1266615241765976,0.6744238138198853,gov,True,False
156795,2025-06,opo,1,0.16227702796459198,0.6917228102684021,0.14600017666816711,0.6917228102684021,opo,True,False
156796,2025-06,opo,1,0.16691048443317413,0.7795944809913635,0.05349509418010712,0.7795944809913635,opo,True,False
157508,2025-06,opo,1,0.37320488691329956,0.44889068603515625,0.1779044270515442,0.44889068603515625,gov,True,False
157509,2025-06,opo,1,0.32753127813339233,0.4564279615879059,0.21604079008102417,0.4564279615879059,opo,True,False
157510,2025-06,gov,0,0.4617955684661865,0.24091322720050812,0.2972911596298218,0.4617955684661865,gov,True,False
157511,2025-06,opo,1,0.33485841751098633,0.36230412125587463,0.30283743143081665,0.36230412125587463,gov,True,False
157513,2025-06,gov,0,0.5642766952514648,0.11212290823459625,0.3236004114151001,0.5642766952514648,uncertain,True,False
157514,2025-06,gov,0,0.38776496052742004,0.34232860803604126,0.26990634202957153,0.38776496052742004,gov,True,False
157515,2025-06,opo,1,0.15042635798454285,0.5566554069519043,0.29291823506355286,0.5566554069519043,uncertain,True,False
158229,2025-06,gov,0,0.350136935710907,0.3500096797943115,0.2998533844947815,0.350136935710907,opo,True,False
158231,2025-06,gov,0,0.37685081362724304,0.2695607841014862,0.35358837246894836,0.37685081362724304,gov,True,False
158233,2025-06,gov,0,0.6603552103042603,0.14922071993350983,0.19042405486106873,0.6603552103042603,gov,True,False
158235,2025-06,opo,1,0.27218732237815857,0.5370282530784607,0.19078437983989716,0.5370282530784607,opo,True,False
158236,2025-06,opo,1,0.17142945528030396,0.6758701205253601,0.15270043909549713,0.6758701205253601,opo,True,False
158237,2025-06,opo,1,0.20416846871376038,0.6305019855499268,0.16532954573631287,0.6305019855499268,opo,True,False
158238,2025-06,opo,1,0.3492896854877472,0.3893229365348816,0.2613874077796936,0.3893229365348816,gov,True,False
158946,2025-06,opo,1,0.15628190338611603,0.7267800569534302,0.11693806201219559,0.7267800569534302,gov,True,False
158947,2025-06,opo,1,0.1686692237854004,0.6277317404747009,0.20359908044338226,0.6277317404747009,opo,True,False
158949,2025-06,opo,1,0.37261033058166504,0.3983657658100128,0.22902393341064453,0.3983657658100128,gov,True,False
158950,2025-06,gov,0,0.5424089431762695,0.22561731934547424,0.23197367787361145,0.5424089431762695,gov,True,False
158951,2025-06,gov,0,0.47359007596969604,0.2801913022994995,0.24621866643428802,0.47359007596969604,gov,True,False
158952,2025-06,gov,0,0.5468583106994629,0.171815887093544,0.2813258469104767,0.5468583106994629,gov,True,False
158953,2025-06,gov,0,0.6809213757514954,0.16649609804153442,0.1525825560092926,0.6809213757514954,gov,True,False
158954,2025-06,gov,0,0.575070321559906,0.29318147897720337,0.13174821436405182,0.575070321559906,gov,True,False
158955,2025-06,gov,0,0.5750054121017456,0.21545307338237762,0.20954149961471558,0.5750054121017456,gov,True,False
158956,2025-06,gov,0,0.46872398257255554,0.31216901540756226,0.2191070020198822,0.46872398257255554,gov,True,False
158957,2025-06,gov,0,0.4648786187171936,0.2624947428703308,0.2726266384124756,0.4648786187171936,gov,True,False
158958,2025-06,gov,0,0.5815302133560181,0.27306079864501953,0.14540903270244598,0.5815302133560181,gov,True,False
158960,2025-06,gov,0,0.4134432375431061,0.2914787232875824,0.29507797956466675,0.4134432375431061,gov,True,False
159665,2025-06,uncertain,2,0.21751827001571655,0.2322680652141571,0.5502136945724487,0.5502136945724487,opo,True,False
159666,2025-06,opo,1,0.11808066815137863,0.7784469127655029,0.10347242653369904,0.7784469127655029,opo,True,False
159667,2025-06,opo,1,0.03922812640666962,0.8503565192222595,0.11041539907455444,0.8503565192222595,opo,True,False
159668,2025-06,opo,1,0.10659623891115189,0.5690014362335205,0.324402391910553,0.5690014362335205,opo,True,False
159670,2025-06,gov,0,0.499508261680603,0.1795894354581833,0.3209022879600525,0.499508261680603,gov,True,False
159671,2025-06,gov,0,0.7060892581939697,0.09538896381855011,0.19852182269096375,0.7060892581939697,gov,True,False
159672,2025-06,gov,0,0.6973284482955933,0.06595591455698013,0.23671559989452362,0.6973284482955933,gov,True,False
159673,2025-06,gov,0,0.6347449421882629,0.16285884380340576,0.20239625871181488,0.6347449421882629,gov,True,False
159674,2025-06,gov,0,0.5035017132759094,0.24058464169502258,0.2559136748313904,0.5035017132759094,gov,True,False
159675,2025-06,gov,0,0.4598301649093628,0.19716398417949677,0.34300586581230164,0.4598301649093628,gov,True,False
159676,2025-06,gov,0,0.6520058512687683,0.15256890654563904,0.19542524218559265,0.6520058512687683,gov,True,False
159679,2025-06,gov,0,0.6016050577163696,0.274122029542923,0.12427292764186859,0.6016050577163696,gov,True,False
159680,2025-06,gov,0,0.4197113513946533,0.37861600518226624,0.20167261362075806,0.4197113513946533,gov,True,False
160386,2025-06,opo,1,0.10045596957206726,0.8155921101570129,0.08395187556743622,0.8155921101570129,opo,True,False
160388,2025-06,opo,1,0.11010602861642838,0.6397351622581482,0.25015875697135925,0.6397351622581482,opo,True,False
160389,2025-06,uncertain,2,0.19395940005779266,0.17046105861663818,0.6355795860290527,0.6355795860290527,uncertain,True,False
160390,2025-06,uncertain,2,0.25238144397735596,0.17731910943984985,0.570299506187439,0.570299506187439,uncertain,True,False
160391,2025-06,uncertain,2,0.3152417838573456,0.1638217270374298,0.5209365487098694,0.5209365487098694,gov,True,False
160392,2025-06,gov,0,0.7639405131340027,0.09022209048271179,0.1458374261856079,0.7639405131340027,gov,True,False
160393,2025-06,gov,0,0.7508572936058044,0.1377793550491333,0.11136336624622345,0.7508572936058044,gov,True,False
160394,2025-06,gov,0,0.45180657505989075,0.34838226437568665,0.199811190366745,0.45180657505989075,gov,True,False
160396,2025-06,gov,0,0.6927471160888672,0.09725470095872879,0.20999817550182343,0.6927471160888672,gov,True,False
160397,2025-06,gov,0,0.7846522331237793,0.06740178912878036,0.14794597029685974,0.7846522331237793,gov,True,False
160399,2025-06,gov,0,0.5543761253356934,0.2080182433128357,0.23760560154914856,0.5543761253356934,gov,True,False
160400,2025-06,gov,0,0.5974804759025574,0.24028515815734863,0.16223439574241638,0.5974804759025574,gov,True,False
161107,2025-06,opo,1,0.0395338200032711,0.9158750772476196,0.04459105804562569,0.9158750772476196,opo,True,False
161109,2025-06,uncertain,2,0.1255965530872345,0.09462912380695343,0.7797743082046509,0.7797743082046509,uncertain,True,False
161110,2025-06,gov,0,0.56797194480896,0.1484711468219757,0.28355690836906433,0.56797194480896,gov,True,False
161111,2025-06,gov,0,0.6021119952201843,0.22569206357002258,0.1721959412097931,0.6021119952201843,gov,True,False
161112,2025-06,gov,0,0.7286060452461243,0.08380395919084549,0.18759001791477203,0.7286060452461243,gov,True,False
161113,2025-06,gov,0,0.7862356901168823,0.08787368983030319,0.12589065730571747,0.7862356901168823,gov,True,False
161116,2025-06,gov,0,0.7661864161491394,0.07759571820497513,0.15621793270111084,0.7661864161491394,gov,True,False
161117,2025-06,gov,0,0.6936846375465393,0.08303239941596985,0.223283052444458,0.6936846375465393,gov,True,False
161118,2025-06,gov,0,0.6961237192153931,0.18900388479232788,0.11487244814634323,0.6961237192153931,gov,True,False
161119,2025-06,gov,0,0.6552062034606934,0.11687926203012466,0.22791455686092377,0.6552062034606934,gov,True,False
161120,2025-06,gov,0,0.6845052242279053,0.17596329748630524,0.13953149318695068,0.6845052242279053,gov,True,False
161827,2025-06,opo,1,0.030343124642968178,0.9414535164833069,0.028203312307596207,0.9414535164833069,opo,True,False
161829,2025-06,uncertain,2,0.07679517567157745,0.3181350827217102,0.6050696969032288,0.6050696969032288,uncertain,True,False
161830,2025-06,opo,1,0.05762087553739548,0.5841125845909119,0.3582665026187897,0.5841125845909119,uncertain,True,False
161831,2025-06,opo,1,0.36714088916778564,0.4890744984149933,0.1437845528125763,0.4890744984149933,gov,True,False
161832,2025-06,gov,0,0.7239618301391602,0.061970584094524384,0.21406756341457367,0.7239618301391602,gov,True,False
161833,2025-06,gov,0,0.6888977885246277,0.0786706954240799,0.23243144154548645,0.6888977885246277,gov,True,False
161834,2025-06,gov,0,0.5277537703514099,0.2612619698047638,0.2109842449426651,0.5277537703514099,uncertain,True,False
161837,2025-06,uncertain,2,0.3264102041721344,0.32984843850135803,0.3437413275241852,0.3437413275241852,opo,True,False
161839,2025-06,gov,0,0.4779864251613617,0.38224825263023376,0.13976536691188812,0.4779864251613617,opo,True,False
162547,2025-06,opo,1,0.0635283887386322,0.8656454086303711,0.0708262100815773,0.8656454086303711,opo,True,False
162548,2025-06,opo,1,0.21191628277301788,0.4493117928504944,0.33877190947532654,0.4493117928504944,opo,True,False
162549,2025-06,uncertain,2,0.14526531100273132,0.22721831500530243,0.6275163888931274,0.6275163888931274,uncertain,True,False
162550,2025-06,opo,1,0.15620526671409607,0.542529821395874,0.3012649118900299,0.542529821395874,opo,True,False
162551,2025-06,gov,0,0.596064567565918,0.26068681478500366,0.14324866235256195,0.596064567565918,gov,True,False
162552,2025-06,gov,0,0.752570390701294,0.15373733639717102,0.09369224309921265,0.752570390701294,gov,True,False
162553,2025-06,gov,0,0.7358041405677795,0.1345570832490921,0.12963883578777313,0.7358041405677795,opo,True,False
162554,2025-06,uncertain,2,0.3869253993034363,0.17016226053237915,0.4429122805595398,0.4429122805595398,uncertain,True,False
162555,2025-06,uncertain,2,0.2137536257505417,0.1011761799454689,0.6850702166557312,0.6850702166557312,uncertain,True,False
162556,2025-06,uncertain,2,0.35407310724258423,0.18791499733924866,0.4580118954181671,0.4580118954181671,gov,True,False
162558,2025-06,opo,1,0.13264961540699005,0.7761140465736389,0.09123631566762924,0.7761140465736389,opo,True,False
162559,2025-06,opo,1,0.1954822987318039,0.6624881625175476,0.1420295089483261,0.6624881625175476,opo,True,False
163267,2025-06,opo,1,0.10210558027029037,0.7097684144973755,0.18812604248523712,0.7097684144973755,opo,True,False
163268,2025-06,opo,1,0.20371699333190918,0.49410533905029297,0.30217766761779785,0.49410533905029297,uncertain,True,False
163269,2025-06,uncertain,2,0.2874450385570526,0.17266660928726196,0.5398882627487183,0.5398882627487183,uncertain,True,False
163271,2025-06,gov,0,0.4492713212966919,0.34261032938957214,0.20811834931373596,0.4492713212966919,gov,True,False
163272,2025-06,uncertain,2,0.26544055342674255,0.29677921533584595,0.4377802312374115,0.4377802312374115,uncertain,True,False
163274,2025-06,uncertain,2,0.20883922278881073,0.09671908617019653,0.6944417357444763,0.6944417357444763,uncertain,True,False
163275,2025-06,uncertain,2,0.2405257672071457,0.1329658031463623,0.6265084147453308,0.6265084147453308,uncertain,True,False
163276,2025-06,uncertain,2,0.19982677698135376,0.19879913330078125,0.6013740301132202,0.6013740301132202,uncertain,True,False
163278,2025-06,opo,1,0.17068704962730408,0.6832478046417236,0.1460651010274887,0.6832478046417236,opo,True,False
163988,2025-06,gov,0,0.4305717349052429,0.3535012900829315,0.21592693030834198,0.4305717349052429,opo,True,False
163989,2025-06,gov,0,0.5451518893241882,0.2795591354370117,0.17528894543647766,0.5451518893241882,gov,True,False
163992,2025-06,gov,0,0.5392358303070068,0.18451714515686035,0.2762470543384552,0.5392358303070068,gov,True,False
163993,2025-06,gov,0,0.7130510210990906,0.08231335133314133,0.2046356350183487,0.7130510210990906,opo,True,False
163996,2025-06,opo,1,0.21751518547534943,0.55644291639328,0.22604189813137054,0.55644291639328,gov,True,False
163998,2025-06,opo,1,0.08692140132188797,0.8014094829559326,0.11166905611753464,0.8014094829559326,gov,True,False
164709,2025-06,gov,0,0.5210665464401245,0.35599052906036377,0.12294286489486694,0.5210665464401245,gov,True,False
164710,2025-06,gov,0,0.4458066523075104,0.3487167954444885,0.20547659695148468,0.4458066523075104,gov,True,False
164711,2025-06,gov,0,0.5112642645835876,0.26427382230758667,0.22446192800998688,0.5112642645835876,opo,True,False
164712,2025-06,opo,1,0.29872143268585205,0.36792734265327454,0.3333512544631958,0.36792734265327454,gov,True,False
164713,2025-06,uncertain,2,0.2556788921356201,0.36523324251174927,0.3790878355503082,0.3790878355503082,gov,True,False
164714,2025-06,opo,1,0.24258017539978027,0.4617408215999603,0.295678973197937,0.4617408215999603,gov,True,False
164715,2025-06,opo,1,0.21416814625263214,0.5999113321304321,0.1859205663204193,0.5999113321304321,opo,True,False
164716,2025-06,opo,1,0.19159632921218872,0.6253834962844849,0.1830201894044876,0.6253834962844849,opo,True,False
165430,2025-06,gov,0,0.5697863101959229,0.23684030771255493,0.19337333738803864,0.5697863101959229,gov,True,False
165433,2025-06,uncertain,2,0.17029020190238953,0.3318324089050293,0.4978773593902588,0.4978773593902588,gov,True,False
165435,2025-06,opo,1,0.35398536920547485,0.47033610939979553,0.1756785809993744,0.47033610939979553,opo,True,False
165436,2025-06,opo,1,0.22353143990039825,0.7048251032829285,0.0716434195637703,0.7048251032829285,opo,True,False
166150,2025-06,gov,0,0.49504098296165466,0.2783055007457733,0.2266535609960556,0.49504098296165466,gov,True,False
166152,2025-06,opo,1,0.35105419158935547,0.5442298650741577,0.10471596568822861,0.5442298650741577,opo,True,False
166154,2025-06,uncertain,2,0.2248699963092804,0.14461834728717804,0.6305116415023804,0.6305116415023804,gov,True,False
166155,2025-06,opo,1,0.14009971916675568,0.46117809414863586,0.3987221121788025,0.46117809414863586,gov,True,False
166156,2025-06,opo,1,0.08471698313951492,0.790576696395874,0.12470632046461105,0.790576696395874,opo,True,False
166157,2025-06,opo,1,0.12098044157028198,0.7338066697120667,0.1452128291130066,0.7338066697120667,opo,True,False
166873,2025-06,gov,0,0.4615655541419983,0.08197836577892303,0.4564560353755951,0.4615655541419983,gov,True,False
166876,2025-06,opo,1,0.28462937474250793,0.5144016742706299,0.20096896588802338,0.5144016742706299,opo,True,False
166877,2025-06,opo,1,0.2838353216648102,0.4565233886241913,0.25964125990867615,0.4565233886241913,opo,True,False
167591,2025-06,gov,0,0.5316565036773682,0.11328162997961044,0.3550618588924408,0.5316565036773682,gov,True,False
167592,2025-06,gov,0,0.5716792345046997,0.15092480182647705,0.27739596366882324,0.5716792345046997,gov,True,False
167594,2025-06,uncertain,2,0.3376355767250061,0.02956075593829155,0.6328036785125732,0.6328036785125732,gov,True,False
167597,2025-06,gov,0,0.603554904460907,0.21500945091247559,0.181435689330101,0.603554904460907,opo,True,False
168313,2025-06,uncertain,2,0.45282310247421265,0.06065399572253227,0.4865228831768036,0.4865228831768036,gov,True,False
168316,2025-06,gov,0,0.6163877248764038,0.15313848853111267,0.23047375679016113,0.6163877248764038,opo,True,False
168318,2025-06,opo,1,0.2008604109287262,0.4545455873012543,0.3445940315723419,0.4545455873012543,opo,True,False
169035,2025-06,gov,0,0.5756263136863708,0.07416073232889175,0.350212961435318,0.5756263136863708,gov,True,False
169036,2025-06,gov,0,0.7440327405929565,0.04642665758728981,0.20954065024852753,0.7440327405929565,gov,True,False
169037,2025-06,gov,0,0.7875507473945618,0.07720637321472168,0.13524281978607178,0.7875507473945618,gov,True,False
169756,2025-06,gov,0,0.5934128165245056,0.06377040594816208,0.3428168296813965,0.5934128165245056,gov,True,False
143838,2025-07,gov,0,0.42066147923469543,0.38343948125839233,0.19589903950691223,0.42066147923469543,gov,True,False
145998,2025-07,gov,0,0.5440713763237,0.17036274075508118,0.28556591272354126,0.5440713763237,gov,True,False
147437,2025-07,gov,0,0.5680155158042908,0.1321709305047989,0.29981350898742676,0.5680155158042908,gov,True,False
147438,2025-07,gov,0,0.5093113780021667,0.14847855269908905,0.342210054397583,0.5093113780021667,gov,True,False
147439,2025-07,gov,0,0.5056434273719788,0.13917134702205658,0.35518524050712585,0.5056434273719788,gov,True,False
148158,2025-07,uncertain,2,0.27347251772880554,0.14107359945774078,0.585453987121582,0.585453987121582,gov,True,False
149597,2025-07,uncertain,2,0.2890261709690094,0.15612410008907318,0.5548497438430786,0.5548497438430786,uncertain,True,False
150307,2025-07,uncertain,2,0.0877256691455841,0.1259339153766632,0.7863404750823975,0.7863404750823975,gov,True,False
150317,2025-07,uncertain,2,0.16414833068847656,0.10061416774988174,0.7352374792098999,0.7352374792098999,gov,True,False
151756,2025-07,uncertain,2,0.13087058067321777,0.11996615678071976,0.7491632699966431,0.7491632699966431,gov,True,False
151757,2025-07,uncertain,2,0.12366682291030884,0.24180854856967926,0.6345246434211731,0.6345246434211731,uncertain,True,False
152476,2025-07,uncertain,2,0.19416554272174835,0.15626652538776398,0.6495679616928101,0.6495679616928101,gov,True,False
153190,2025-07,gov,0,0.44751089811325073,0.17315568029880524,0.37933340668678284,0.44751089811325073,gov,True,False
153191,2025-07,gov,0,0.7086801528930664,0.06541206687688828,0.22590774297714233,0.7086801528930664,gov,True,False
153192,2025-07,gov,0,0.6102659106254578,0.040519632399082184,0.34921443462371826,0.6102659106254578,gov,True,False
153193,2025-07,gov,0,0.657807469367981,0.03208044916391373,0.3101121187210083,0.657807469367981,gov,True,False
153196,2025-07,uncertain,2,0.29030701518058777,0.3199319541454315,0.3897610008716583,0.3897610008716583,gov,True,False
153197,2025-07,uncertain,2,0.1627407670021057,0.3081875741481781,0.5290716886520386,0.5290716886520386,uncertain,True,False
153910,2025-07,uncertain,2,0.35818779468536377,0.2529747784137726,0.38883745670318604,0.38883745670318604,gov,True,False
153911,2025-07,gov,0,0.6976000070571899,0.10302673280239105,0.19937320053577423,0.6976000070571899,gov,True,False
153912,2025-07,gov,0,0.49522534012794495,0.10006243735551834,0.4047122597694397,0.49522534012794495,gov,True,False
153913,2025-07,uncertain,2,0.3771383762359619,0.06153302639722824,0.5613285899162292,0.5613285899162292,gov,True,False
153914,2025-07,uncertain,2,0.3704071342945099,0.07271471619606018,0.5568780899047852,0.5568780899047852,gov,True,False
153915,2025-07,gov,0,0.48934292793273926,0.10525501519441605,0.4054020643234253,0.48934292793273926,gov,True,False
153916,2025-07,gov,0,0.4395348131656647,0.287742555141449,0.2727225720882416,0.4395348131656647,gov,True,False
153917,2025-07,uncertain,2,0.24687431752681732,0.3448748290538788,0.4082508087158203,0.4082508087158203,gov,True,False
153918,2025-07,uncertain,2,0.2358016073703766,0.2526176869869232,0.5115807056427002,0.5115807056427002,opo,True,False
154630,2025-07,gov,0,0.6259316205978394,0.18893228471279144,0.185136079788208,0.6259316205978394,gov,True,False
154631,2025-07,gov,0,0.7483237385749817,0.1559019833803177,0.09577427804470062,0.7483237385749817,gov,True,False
154632,2025-07,gov,0,0.6182424426078796,0.1323433220386505,0.24941426515579224,0.6182424426078796,gov,True,False
154633,2025-07,gov,0,0.5078774690628052,0.07470590621232986,0.41741663217544556,0.5078774690628052,gov,True,False
154634,2025-07,uncertain,2,0.30858469009399414,0.10564904659986496,0.5857662558555603,0.5857662558555603,gov,True,False
154635,2025-07,gov,0,0.45119521021842957,0.1164296492934227,0.4323751926422119,0.45119521021842957,gov,True,False
154636,2025-07,gov,0,0.42033082246780396,0.21919305622577667,0.3604760766029358,0.42033082246780396,gov,True,False
155350,2025-07,gov,0,0.705324649810791,0.20322416722774506,0.09145119041204453,0.705324649810791,opo,True,False
155351,2025-07,gov,0,0.5870272517204285,0.3361155688762665,0.07685717195272446,0.5870272517204285,gov,True,False
155352,2025-07,gov,0,0.434686541557312,0.3113546669483185,0.25395873188972473,0.434686541557312,gov,True,False
155354,2025-07,uncertain,2,0.2337944507598877,0.17035073041915894,0.5958547592163086,0.5958547592163086,gov,True,False
156069,2025-07,gov,0,0.5254488587379456,0.2022320181131363,0.27231910824775696,0.5254488587379456,opo,True,False
156071,2025-07,gov,0,0.6455874443054199,0.24674178659915924,0.10767077654600143,0.6455874443054199,gov,True,False
156072,2025-07,gov,0,0.44642606377601624,0.1752956658601761,0.37827831506729126,0.44642606377601624,gov,True,False
156073,2025-07,gov,0,0.5594403147697449,0.07713508605957031,0.3634246289730072,0.5594403147697449,gov,True,False
156074,2025-07,uncertain,2,0.19045473635196686,0.09628460556268692,0.7132605910301208,0.7132605910301208,gov,True,False
156075,2025-07,uncertain,2,0.17705421149730682,0.15384957194328308,0.6690962314605713,0.6690962314605713,uncertain,True,False
156788,2025-07,uncertain,2,0.1468845158815384,0.336917906999588,0.5161975622177124,0.5161975622177124,gov,True,False
156789,2025-07,opo,1,0.28641024231910706,0.5020119547843933,0.21157777309417725,0.5020119547843933,opo,True,False
156791,2025-07,gov,0,0.7474340200424194,0.10145393759012222,0.15111206471920013,0.7474340200424194,gov,True,False
156792,2025-07,gov,0,0.605316162109375,0.09958077222108841,0.2951030731201172,0.605316162109375,gov,True,False
156793,2025-07,gov,0,0.5079262852668762,0.07127335667610168,0.4208003878593445,0.5079262852668762,gov,True,False
156794,2025-07,uncertain,2,0.2152121663093567,0.08946722000837326,0.6953206062316895,0.6953206062316895,gov,True,False
156795,2025-07,uncertain,2,0.1324576884508133,0.2296234667301178,0.6379188895225525,0.6379188895225525,opo,True,False
156796,2025-07,opo,1,0.39101511240005493,0.456792950630188,0.1521919071674347,0.456792950630188,opo,True,False
157508,2025-07,opo,1,0.13322500884532928,0.49603918194770813,0.3707357943058014,0.49603918194770813,gov,True,False
157509,2025-07,opo,1,0.1995636522769928,0.4792472720146179,0.32118913531303406,0.4792472720146179,opo,True,False
157510,2025-07,uncertain,2,0.4022538959980011,0.14481410384178162,0.4529319703578949,0.4529319703578949,gov,True,False
157511,2025-07,uncertain,2,0.27718091011047363,0.08700448274612427,0.6358146071434021,0.6358146071434021,gov,True,False
157513,2025-07,uncertain,2,0.4567238986492157,0.083739273250103,0.4595368504524231,0.4595368504524231,uncertain,True,False
157514,2025-07,uncertain,2,0.27710479497909546,0.21149715781211853,0.5113980770111084,0.5113980770111084,gov,True,False
157515,2025-07,uncertain,2,0.18592208623886108,0.288836270570755,0.5252416133880615,0.5252416133880615,uncertain,True,False
158229,2025-07,gov,0,0.3607928156852722,0.3570428490638733,0.2821643650531769,0.3607928156852722,opo,True,False
158231,2025-07,gov,0,0.5159549117088318,0.08822169899940491,0.3958233892917633,0.5159549117088318,gov,True,False
158233,2025-07,gov,0,0.629966139793396,0.11013965308666229,0.2598941922187805,0.629966139793396,gov,True,False
158235,2025-07,opo,1,0.28276410698890686,0.5570679306983948,0.16016797721385956,0.5570679306983948,gov,True,False
158236,2025-07,opo,1,0.19336815178394318,0.6185488104820251,0.1880829930305481,0.6185488104820251,opo,True,False
158237,2025-07,opo,1,0.19798123836517334,0.6482686996459961,0.15375007688999176,0.6482686996459961,opo,True,False
158238,2025-07,opo,1,0.3120343089103699,0.5078545808792114,0.1801110953092575,0.5078545808792114,gov,True,False
158946,2025-07,opo,1,0.3003266453742981,0.5747151970863342,0.12495816498994827,0.5747151970863342,gov,True,False
158947,2025-07,opo,1,0.19648918509483337,0.42586272954940796,0.37764808535575867,0.42586272954940796,opo,True,False
158949,2025-07,opo,1,0.2112300544977188,0.604248583316803,0.1845213621854782,0.604248583316803,gov,True,False
158950,2025-07,uncertain,2,0.34671685099601746,0.27011629939079285,0.3831668794155121,0.3831668794155121,gov,True,False
158951,2025-07,uncertain,2,0.40768274664878845,0.1537403166294098,0.43857696652412415,0.43857696652412415,gov,True,False
158952,2025-07,gov,0,0.5922929644584656,0.14360615611076355,0.2641008496284485,0.5922929644584656,gov,True,False
158953,2025-07,gov,0,0.832970142364502,0.11679252982139587,0.05023736506700516,0.832970142364502,gov,True,False
158954,2025-07,gov,0,0.5657498240470886,0.3212844133377075,0.11296572536230087,0.5657498240470886,gov,True,False
158955,2025-07,gov,0,0.4196036159992218,0.40723198652267456,0.17316441237926483,0.4196036159992218,gov,True,False
158956,2025-07,gov,0,0.4647248089313507,0.4096449315547943,0.12563028931617737,0.4647248089313507,gov,True,False
158957,2025-07,opo,1,0.13357965648174286,0.7369911670684814,0.1294291764497757,0.7369911670684814,gov,True,False
158958,2025-07,opo,1,0.35676512122154236,0.535690426826477,0.10754448175430298,0.535690426826477,gov,True,False
158960,2025-07,gov,0,0.5294391512870789,0.15020126104354858,0.3203595280647278,0.5294391512870789,gov,True,False
159665,2025-07,uncertain,2,0.3519773483276367,0.2787373960018158,0.3692852258682251,0.3692852258682251,opo,True,False
159666,2025-07,opo,1,0.23879016935825348,0.5973386168479919,0.1638711839914322,0.5973386168479919,opo,True,False
159667,2025-07,opo,1,0.17053309082984924,0.5286189317703247,0.30084797739982605,0.5286189317703247,opo,True,False
159668,2025-07,opo,1,0.1643083095550537,0.42416059970855713,0.41153109073638916,0.42416059970855713,opo,True,False
159670,2025-07,gov,0,0.3984634578227997,0.2053063064813614,0.3962302505970001,0.3984634578227997,gov,True,False
159671,2025-07,gov,0,0.5335413813591003,0.18985030055046082,0.27660831809043884,0.5335413813591003,gov,True,False
159672,2025-07,gov,0,0.5795741677284241,0.15249226987361908,0.26793360710144043,0.5795741677284241,gov,True,False
159673,2025-07,gov,0,0.7441015243530273,0.13991811871528625,0.11598031967878342,0.7441015243530273,gov,True,False
159674,2025-07,gov,0,0.5191959738731384,0.26377618312835693,0.21702788770198822,0.5191959738731384,gov,True,False
159675,2025-07,uncertain,2,0.31220635771751404,0.1762593388557434,0.5115342736244202,0.5115342736244202,gov,True,False
159676,2025-07,gov,0,0.6402666568756104,0.1527576595544815,0.20697574317455292,0.6402666568756104,gov,True,False
159679,2025-07,gov,0,0.8001724481582642,0.089420847594738,0.11040673404932022,0.8001724481582642,gov,True,False
159680,2025-07,gov,0,0.592244565486908,0.17315509915351868,0.23460032045841217,0.592244565486908,gov,True,False
160386,2025-07,opo,1,0.2257915437221527,0.5638202428817749,0.21038822829723358,0.5638202428817749,opo,True,False
160388,2025-07,uncertain,2,0.20666810870170593,0.3488069474697113,0.44452494382858276,0.44452494382858276,opo,True,False
160389,2025-07,uncertain,2,0.29055872559547424,0.20999649167060852,0.49944475293159485,0.49944475293159485,uncertain,True,False
160390,2025-07,uncertain,2,0.17646048963069916,0.20112790167331696,0.6224116086959839,0.6224116086959839,uncertain,True,False
160391,2025-07,gov,0,0.5286903977394104,0.2974368631839752,0.17387272417545319,0.5286903977394104,gov,True,False
160392,2025-07,gov,0,0.6087206602096558,0.183773472905159,0.20750582218170166,0.6087206602096558,gov,True,False
160393,2025-07,gov,0,0.6686887145042419,0.11935609579086304,0.21195518970489502,0.6686887145042419,gov,True,False
160394,2025-07,gov,0,0.436366468667984,0.13835155963897705,0.42528197169303894,0.436366468667984,gov,True,False
160396,2025-07,gov,0,0.5936955809593201,0.1645302176475525,0.24177421629428864,0.5936955809593201,gov,True,False
160397,2025-07,gov,0,0.605323076248169,0.11875080317258835,0.2759260833263397,0.605323076248169,gov,True,False
160399,2025-07,gov,0,0.6554142832756042,0.20241625607013702,0.14216946065425873,0.6554142832756042,gov,True,False
160400,2025-07,gov,0,0.5488821268081665,0.14591117203235626,0.3052067160606384,0.5488821268081665,gov,True,False
161107,2025-07,opo,1,0.09985455125570297,0.5983222126960754,0.3018232583999634,0.5983222126960754,opo,True,False
161109,2025-07,uncertain,2,0.19611619412899017,0.1320347636938095,0.6718490123748779,0.6718490123748779,uncertain,True,False
161110,2025-07,uncertain,2,0.3301778733730316,0.1829526126384735,0.4868695139884949,0.4868695139884949,gov,True,False
161111,2025-07,gov,0,0.4008564054965973,0.3044404089450836,0.29470324516296387,0.4008564054965973,gov,True,False
161112,2025-07,gov,0,0.717715322971344,0.06869436055421829,0.21359030902385712,0.717715322971344,gov,True,False
161113,2025-07,gov,0,0.6416860818862915,0.07657155394554138,0.28174230456352234,0.6416860818862915,gov,True,False
161116,2025-07,gov,0,0.46778687834739685,0.13932226598262787,0.3928908109664917,0.46778687834739685,gov,True,False
161117,2025-07,uncertain,2,0.35571742057800293,0.05286741256713867,0.5914152264595032,0.5914152264595032,gov,True,False
161118,2025-07,gov,0,0.5333201885223389,0.19490574300289154,0.2717741131782532,0.5333201885223389,gov,True,False
161119,2025-07,gov,0,0.5790005326271057,0.1864801049232483,0.2345193475484848,0.5790005326271057,gov,True,False
161120,2025-07,gov,0,0.58458411693573,0.1429174542427063,0.27249839901924133,0.58458411693573,gov,True,False
161827,2025-07,opo,1,0.07243774086236954,0.7266198396682739,0.20094239711761475,0.7266198396682739,opo,True,False
161829,2025-07,uncertain,2,0.11818094551563263,0.2881414592266083,0.5936776399612427,0.5936776399612427,uncertain,True,False
161830,2025-07,uncertain,2,0.158946692943573,0.2552349269390106,0.5858184099197388,0.5858184099197388,uncertain,True,False
161831,2025-07,uncertain,2,0.2654730975627899,0.2466571033000946,0.4878697395324707,0.4878697395324707,gov,True,False
161832,2025-07,gov,0,0.5887802243232727,0.10331184417009354,0.30790790915489197,0.5887802243232727,gov,True,False
161833,2025-07,gov,0,0.5584517121315002,0.10621892660856247,0.3353293538093567,0.5584517121315002,gov,True,False
161834,2025-07,gov,0,0.5503799915313721,0.20498988032341003,0.24463017284870148,0.5503799915313721,gov,True,False
161837,2025-07,gov,0,0.4067613184452057,0.3083249628543854,0.2849137783050537,0.4067613184452057,opo,True,False
161839,2025-07,opo,1,0.25567156076431274,0.6517228484153748,0.0926055833697319,0.6517228484153748,opo,True,False
162547,2025-07,opo,1,0.15418626368045807,0.6168572306632996,0.22895656526088715,0.6168572306632996,opo,True,False
162548,2025-07,uncertain,2,0.10268719494342804,0.34755274653434753,0.5497600436210632,0.5497600436210632,opo,True,False
162549,2025-07,opo,1,0.07598857581615448,0.5061893463134766,0.41782209277153015,0.5061893463134766,uncertain,True,False
162550,2025-07,opo,1,0.16039207577705383,0.4949987828731537,0.3446091115474701,0.4949987828731537,opo,True,False
162551,2025-07,uncertain,2,0.3883187174797058,0.06476335972547531,0.5469179153442383,0.5469179153442383,gov,True,False
162552,2025-07,gov,0,0.6235224604606628,0.09357046335935593,0.2829071283340454,0.6235224604606628,gov,True,False
162553,2025-07,gov,0,0.6142361164093018,0.21231749653816223,0.17344635725021362,0.6142361164093018,opo,True,False
162554,2025-07,uncertain,2,0.28579291701316833,0.20158761739730835,0.5126194953918457,0.5126194953918457,uncertain,True,False
162555,2025-07,uncertain,2,0.22443923354148865,0.08136826008558273,0.6941925287246704,0.6941925287246704,uncertain,True,False
162556,2025-07,uncertain,2,0.27957919239997864,0.12405463308095932,0.5963662266731262,0.5963662266731262,gov,True,False
162558,2025-07,opo,1,0.07968936860561371,0.8439989686012268,0.0763116404414177,0.8439989686012268,opo,True,False
162559,2025-07,opo,1,0.11784203350543976,0.7584081292152405,0.12374989688396454,0.7584081292152405,opo,True,False
163267,2025-07,opo,1,0.07087308168411255,0.6129197478294373,0.3162071704864502,0.6129197478294373,opo,True,False
163268,2025-07,uncertain,2,0.04281625896692276,0.2920454740524292,0.6651382446289062,0.6651382446289062,uncertain,True,False
163269,2025-07,uncertain,2,0.07772473990917206,0.36382025480270386,0.5584549903869629,0.5584549903869629,uncertain,True,False
163271,2025-07,uncertain,2,0.41179797053337097,0.11622824519872665,0.47197383642196655,0.47197383642196655,gov,True,False
163272,2025-07,uncertain,2,0.2968485355377197,0.082125723361969,0.6210257411003113,0.6210257411003113,uncertain,True,False
163274,2025-07,uncertain,2,0.3015029728412628,0.02260444313287735,0.6758925914764404,0.6758925914764404,uncertain,True,False
163275,2025-07,uncertain,2,0.27815037965774536,0.014492747373878956,0.707356870174408,0.707356870174408,uncertain,True,False
163276,2025-07,uncertain,2,0.38353240489959717,0.058630071580410004,0.5578374862670898,0.5578374862670898,uncertain,True,False
163278,2025-07,opo,1,0.15554441511631012,0.6662406325340271,0.17821496725082397,0.6662406325340271,opo,True,False
163988,2025-07,opo,1,0.1317557543516159,0.4615532159805298,0.40669095516204834,0.4615532159805298,opo,True,False
163989,2025-07,opo,1,0.15260504186153412,0.43693333864212036,0.41046157479286194,0.43693333864212036,gov,True,False
163992,2025-07,gov,0,0.5128292441368103,0.1895860880613327,0.2975846827030182,0.5128292441368103,gov,True,False
163993,2025-07,gov,0,0.734427273273468,0.12772607803344727,0.13784660398960114,0.734427273273468,opo,True,False
163996,2025-07,uncertain,2,0.38730689883232117,0.22206440567970276,0.39062872529029846,0.39062872529029846,gov,True,False
163998,2025-07,opo,1,0.3320522606372833,0.5210492014884949,0.1468985378742218,0.5210492014884949,gov,True,False
164709,2025-07,opo,1,0.10177768021821976,0.5481593608856201,0.3500629663467407,0.5481593608856201,gov,True,False
164710,2025-07,opo,1,0.28956305980682373,0.5004330277442932,0.21000394225120544,0.5004330277442932,gov,True,False
164711,2025-07,gov,0,0.7037431001663208,0.13905812799930573,0.15719877183437347,0.7037431001663208,opo,True,False
164712,2025-07,gov,0,0.58767169713974,0.24477620422840118,0.16755202412605286,0.58767169713974,gov,True,False
164713,2025-07,gov,0,0.5831465721130371,0.21325932443141937,0.2035941481590271,0.5831465721130371,gov,True,False
164714,2025-07,gov,0,0.36995962262153625,0.3587249517440796,0.27131542563438416,0.36995962262153625,gov,True,False
164715,2025-07,opo,1,0.2941489517688751,0.5117725133895874,0.19407856464385986,0.5117725133895874,opo,True,False
164716,2025-07,gov,0,0.443015992641449,0.4162319004535675,0.14075210690498352,0.443015992641449,opo,True,False
165430,2025-07,opo,1,0.2848062813282013,0.5211774706840515,0.194016233086586,0.5211774706840515,gov,True,False
165433,2025-07,opo,1,0.4007878303527832,0.4226909875869751,0.1765211969614029,0.4226909875869751,gov,True,False
165435,2025-07,opo,1,0.24959786236286163,0.5143782496452332,0.2360239177942276,0.5143782496452332,opo,True,False
165436,2025-07,opo,1,0.24133849143981934,0.632154643535614,0.12650687992572784,0.632154643535614,opo,True,False
166150,2025-07,gov,0,0.7423644065856934,0.14903828501701355,0.10859739780426025,0.7423644065856934,gov,True,False
166152,2025-07,opo,1,0.35646146535873413,0.49858400225639343,0.14495457708835602,0.49858400225639343,opo,True,False
166154,2025-07,gov,0,0.3902728855609894,0.30919507145881653,0.3005320727825165,0.3902728855609894,gov,True,False
166155,2025-07,opo,1,0.258595734834671,0.4611194133758545,0.2802848815917969,0.4611194133758545,gov,True,False
166156,2025-07,opo,1,0.17654143273830414,0.7027294039726257,0.12072915583848953,0.7027294039726257,opo,True,False
166157,2025-07,opo,1,0.26168137788772583,0.40325599908828735,0.33506259322166443,0.40325599908828735,opo,True,False
166873,2025-07,gov,0,0.4730819761753082,0.2909198999404907,0.23599818348884583,0.4730819761753082,gov,True,False
166876,2025-07,opo,1,0.19989539682865143,0.5881605744361877,0.21194401383399963,0.5881605744361877,opo,True,False
166877,2025-07,opo,1,0.32524749636650085,0.46931901574134827,0.2054334431886673,0.46931901574134827,opo,True,False
167591,2025-07,gov,0,0.5569313168525696,0.1701580137014389,0.2729106545448303,0.5569313168525696,gov,True,False
167592,2025-07,gov,0,0.5289580225944519,0.19448724389076233,0.27655473351478577,0.5289580225944519,gov,True,False
167594,2025-07,gov,0,0.40534254908561707,0.23615969717502594,0.3584977388381958,0.40534254908561707,gov,True,False
167597,2025-07,gov,0,0.6338471174240112,0.20422321557998657,0.16192960739135742,0.6338471174240112,opo,True,False
168313,2025-07,gov,0,0.4687104821205139,0.12811343371868134,0.40317606925964355,0.4687104821205139,gov,True,False
168316,2025-07,uncertain,2,0.35000917315483093,0.23118077218532562,0.41881006956100464,0.41881006956100464,opo,True,False
168318,2025-07,gov,0,0.39761462807655334,0.272824764251709,0.3295605778694153,0.39761462807655334,opo,True,False
169035,2025-07,gov,0,0.6243020296096802,0.1749141365289688,0.200783833861351,0.6243020296096802,gov,True,False
169036,2025-07,gov,0,0.5347545742988586,0.20179875195026398,0.2634466886520386,0.5347545742988586,gov,True,False
169037,2025-07,gov,0,0.3746391534805298,0.27798372507095337,0.3473771810531616,0.3746391534805298,gov,True,False
169756,2025-07,gov,0,0.5469480752944946,0.27896565198898315,0.17408624291419983,0.5469480752944946,gov,True,False
143838,2025-08,gov,0,0.45534372329711914,0.26563164591789246,0.279024600982666,0.45534372329711914,gov,True,False
145998,2025-08,uncertain,2,0.3855949938297272,0.10640978813171387,0.5079951882362366,0.5079951882362366,gov,True,False
147437,2025-08,gov,0,0.49277395009994507,0.19618020951747894,0.31104591488838196,0.49277395009994507,gov,True,False
147438,2025-08,uncertain,2,0.3689572811126709,0.1354094296693802,0.4956333339214325,0.4956333339214325,gov,True,False
147439,2025-08,uncertain,2,0.182271346449852,0.08490754663944244,0.7328211665153503,0.7328211665153503,gov,True,False
148158,2025-08,uncertain,2,0.1844176948070526,0.0982106402516365,0.7173717021942139,0.7173717021942139,gov,True,False
149597,2025-08,uncertain,2,0.3512822389602661,0.07962030917406082,0.5690973997116089,0.5690973997116089,uncertain,True,False
150307,2025-08,uncertain,2,0.11659704148769379,0.12499374151229858,0.7584092020988464,0.7584092020988464,gov,True,False
150317,2025-08,uncertain,2,0.19821536540985107,0.04426812753081322,0.7575165033340454,0.7575165033340454,gov,True,False
151756,2025-08,uncertain,2,0.2545449435710907,0.06317013502120972,0.682284951210022,0.682284951210022,gov,True,False
151757,2025-08,uncertain,2,0.18417900800704956,0.058818668127059937,0.7570023536682129,0.7570023536682129,uncertain,True,False
152476,2025-08,gov,0,0.593885600566864,0.1524054855108261,0.2537088990211487,0.593885600566864,gov,True,False
153190,2025-08,uncertain,2,0.36470866203308105,0.20299412310123444,0.4322971701622009,0.4322971701622009,gov,True,False
153191,2025-08,gov,0,0.6142357587814331,0.14578191936016083,0.23998233675956726,0.6142357587814331,gov,True,False
153192,2025-08,gov,0,0.5391610264778137,0.09926087409257889,0.3615781366825104,0.5391610264778137,gov,True,False
153193,2025-08,uncertain,2,0.45489394664764404,0.08899085968732834,0.4561152458190918,0.4561152458190918,gov,True,False
153196,2025-08,gov,0,0.4826887845993042,0.3037380874156952,0.21357311308383942,0.4826887845993042,gov,True,False
153197,2025-08,uncertain,2,0.3697145879268646,0.20937182009220123,0.4209135174751282,0.4209135174751282,uncertain,True,False
153910,2025-08,gov,0,0.43960684537887573,0.2920233905315399,0.26836976408958435,0.43960684537887573,gov,True,False
153911,2025-08,gov,0,0.4766788184642792,0.31963449716567993,0.2036866396665573,0.4766788184642792,gov,True,False
153912,2025-08,gov,0,0.4683656692504883,0.3690507411956787,0.16258355975151062,0.4683656692504883,gov,True,False
153913,2025-08,gov,0,0.3968227803707123,0.26740309596061707,0.33577409386634827,0.3968227803707123,gov,True,False
153914,2025-08,uncertain,2,0.31266218423843384,0.24782530963420868,0.4395125210285187,0.4395125210285187,gov,True,False
153915,2025-08,uncertain,2,0.3471190929412842,0.10851310193538666,0.544367790222168,0.544367790222168,gov,True,False
153916,2025-08,gov,0,0.49358609318733215,0.15025630593299866,0.3561575710773468,0.49358609318733215,gov,True,False
153917,2025-08,gov,0,0.447063684463501,0.13161258399486542,0.4213238060474396,0.447063684463501,gov,True,False
153918,2025-08,gov,0,0.42853400111198425,0.18980666995048523,0.3816593289375305,0.42853400111198425,opo,True,False
154630,2025-08,gov,0,0.6956382989883423,0.13373799622058868,0.17062370479106903,0.6956382989883423,gov,True,False
154631,2025-08,gov,0,0.6151140928268433,0.30336111783981323,0.0815248042345047,0.6151140928268433,gov,True,False
154632,2025-08,gov,0,0.6067124605178833,0.2696547210216522,0.12363281846046448,0.6067124605178833,gov,True,False
154633,2025-08,gov,0,0.6551288366317749,0.15595027804374695,0.18892088532447815,0.6551288366317749,gov,True,False
154634,2025-08,uncertain,2,0.3228774964809418,0.153431236743927,0.5236912965774536,0.5236912965774536,gov,True,False
154635,2025-08,uncertain,2,0.35484328866004944,0.16599003970623016,0.4791666269302368,0.4791666269302368,gov,True,False
154636,2025-08,uncertain,2,0.32805514335632324,0.14899340271949768,0.5229514837265015,0.5229514837265015,gov,True,False
155350,2025-08,gov,0,0.689507782459259,0.1373167783021927,0.17317546904087067,0.689507782459259,opo,True,False
155351,2025-08,gov,0,0.6011828184127808,0.27193841338157654,0.1268787980079651,0.6011828184127808,gov,True,False
155352,2025-08,gov,0,0.5900002121925354,0.28382593393325806,0.12617380917072296,0.5900002121925354,gov,True,False
155354,2025-08,gov,0,0.4276109039783478,0.16501037776470184,0.4073787033557892,0.4276109039783478,gov,True,False
156069,2025-08,gov,0,0.5125811696052551,0.1603376716375351,0.32708120346069336,0.5125811696052551,opo,True,False
156071,2025-08,gov,0,0.7968721985816956,0.09863840043544769,0.10448941588401794,0.7968721985816956,gov,True,False
156072,2025-08,gov,0,0.7069709897041321,0.11516109853982925,0.17786793410778046,0.7069709897041321,gov,True,False
156073,2025-08,gov,0,0.8437482714653015,0.06147481128573418,0.09477691352367401,0.8437482714653015,gov,True,False
156074,2025-08,gov,0,0.6576475501060486,0.06807203590869904,0.2742804288864136,0.6576475501060486,gov,True,False
156075,2025-08,gov,0,0.48956796526908875,0.21780577301979065,0.292626291513443,0.48956796526908875,uncertain,True,False
156788,2025-08,uncertain,2,0.3432092070579529,0.26783430576324463,0.3889564275741577,0.3889564275741577,gov,True,False
156789,2025-08,uncertain,2,0.31976231932640076,0.30779901146888733,0.3724386990070343,0.3724386990070343,opo,True,False
156791,2025-08,gov,0,0.8746660351753235,0.0315154492855072,0.09381850808858871,0.8746660351753235,gov,True,False
156792,2025-08,gov,0,0.7418344616889954,0.060070548206567764,0.19809497892856598,0.7418344616889954,gov,True,False
156793,2025-08,gov,0,0.7400467395782471,0.053382787853479385,0.20657041668891907,0.7400467395782471,gov,True,False
156794,2025-08,gov,0,0.5162125825881958,0.14714562892913818,0.336641788482666,0.5162125825881958,gov,True,False
156795,2025-08,opo,1,0.25338679552078247,0.4729592800140381,0.27365389466285706,0.4729592800140381,opo,True,False
156796,2025-08,opo,1,0.24611526727676392,0.657543957233429,0.09634080529212952,0.657543957233429,opo,True,False
157508,2025-08,opo,1,0.20353733003139496,0.5472636818885803,0.2491990178823471,0.5472636818885803,gov,True,False
157509,2025-08,uncertain,2,0.19004696607589722,0.3968815803527832,0.41307148337364197,0.41307148337364197,opo,True,False
157510,2025-08,uncertain,2,0.30188095569610596,0.22628621757030487,0.4718327522277832,0.4718327522277832,gov,True,False
157511,2025-08,gov,0,0.4870571196079254,0.1280183345079422,0.38492462038993835,0.4870571196079254,gov,True,False
157513,2025-08,gov,0,0.4717039167881012,0.07337259501218796,0.4549234211444855,0.4717039167881012,uncertain,True,False
157514,2025-08,uncertain,2,0.29830828309059143,0.27315837144851685,0.4285333454608917,0.4285333454608917,gov,True,False
157515,2025-08,opo,1,0.18178574740886688,0.5598947405815125,0.2583194971084595,0.5598947405815125,gov,True,False
158229,2025-08,opo,1,0.2183033674955368,0.48475927114486694,0.29693731665611267,0.48475927114486694,opo,True,False
158231,2025-08,gov,0,0.5927132368087769,0.09143370389938354,0.3158530592918396,0.5927132368087769,gov,True,False
158233,2025-08,gov,0,0.654696524143219,0.1779101938009262,0.1673932820558548,0.654696524143219,gov,True,False
158235,2025-08,opo,1,0.22729632258415222,0.3875020146369934,0.38520166277885437,0.3875020146369934,opo,True,False
158236,2025-08,opo,1,0.3738389015197754,0.40579381585121155,0.22036725282669067,0.40579381585121155,opo,True,False
158237,2025-08,opo,1,0.25857511162757874,0.48123303055763245,0.26019179821014404,0.48123303055763245,opo,True,False
158238,2025-08,gov,0,0.43617749214172363,0.4263147711753845,0.13750775158405304,0.43617749214172363,gov,True,False
158946,2025-08,opo,1,0.13393723964691162,0.7951462268829346,0.070916548371315,0.7951462268829346,gov,True,False
158947,2025-08,opo,1,0.11372606456279755,0.7303546667098999,0.15591923892498016,0.7303546667098999,opo,True,False
158949,2025-08,gov,0,0.4304714798927307,0.35413509607315063,0.21539345383644104,0.4304714798927307,gov,True,False
158950,2025-08,gov,0,0.5497520565986633,0.22426366806030273,0.22598429024219513,0.5497520565986633,gov,True,False
158951,2025-08,opo,1,0.3123610019683838,0.3765661120414734,0.3110729157924652,0.3765661120414734,gov,True,False
158952,2025-08,opo,1,0.29945075511932373,0.37244027853012085,0.32810893654823303,0.37244027853012085,gov,True,False
158953,2025-08,gov,0,0.6462452411651611,0.24382616579532623,0.10992864519357681,0.6462452411651611,gov,True,False
158954,2025-08,gov,0,0.6235490441322327,0.20868124067783356,0.16776975989341736,0.6235490441322327,gov,True,False
158955,2025-08,gov,0,0.8107833862304688,0.10947969555854797,0.07973688095808029,0.8107833862304688,gov,True,False
158956,2025-08,gov,0,0.7722054123878479,0.13477082550525665,0.09302370995283127,0.7722054123878479,gov,True,False
158957,2025-08,gov,0,0.5383638739585876,0.33722230792045593,0.12441381812095642,0.5383638739585876,gov,True,False
158958,2025-08,gov,0,0.5430542826652527,0.417554646730423,0.03939110040664673,0.5430542826652527,gov,True,False
158960,2025-08,gov,0,0.5523905754089355,0.22645924985408783,0.22115011513233185,0.5523905754089355,gov,True,False
159665,2025-08,uncertain,2,0.1520235687494278,0.1620578020811081,0.6859186291694641,0.6859186291694641,opo,True,False
159666,2025-08,opo,1,0.0897790715098381,0.7559936046600342,0.15422727167606354,0.7559936046600342,opo,True,False
159667,2025-08,opo,1,0.052581921219825745,0.847971498966217,0.09944655746221542,0.847971498966217,opo,True,False
159668,2025-08,opo,1,0.24607287347316742,0.5435622334480286,0.21036484837532043,0.5435622334480286,opo,True,False
159670,2025-08,gov,0,0.4996638894081116,0.05547776818275452,0.4448584020137787,0.4996638894081116,gov,True,False
159671,2025-08,gov,0,0.6376263499259949,0.17629766464233398,0.18607595562934875,0.6376263499259949,gov,True,False
159672,2025-08,gov,0,0.6789689064025879,0.14610858261585236,0.17492246627807617,0.6789689064025879,gov,True,False
159673,2025-08,gov,0,0.7965280413627625,0.05193088576197624,0.1515410989522934,0.7965280413627625,gov,True,False
159674,2025-08,gov,0,0.47957631945610046,0.0998014584183693,0.4206222593784332,0.47957631945610046,gov,True,False
159675,2025-08,gov,0,0.5173847079277039,0.10481643676757812,0.377798855304718,0.5173847079277039,gov,True,False
159676,2025-08,gov,0,0.7144862413406372,0.10626088082790375,0.17925289273262024,0.7144862413406372,gov,True,False
159679,2025-08,gov,0,0.523885190486908,0.40048959851264954,0.07562524080276489,0.523885190486908,gov,True,False
159680,2025-08,gov,0,0.46427246928215027,0.34045466780662537,0.19527287781238556,0.46427246928215027,gov,True,False
160386,2025-08,opo,1,0.08611983060836792,0.7356787919998169,0.17820139229297638,0.7356787919998169,opo,True,False
160388,2025-08,opo,1,0.10974369198083878,0.5284095406532288,0.36184680461883545,0.5284095406532288,opo,True,False
160389,2025-08,uncertain,2,0.12876610457897186,0.14695201814174652,0.724281907081604,0.724281907081604,uncertain,True,False
160390,2025-08,uncertain,2,0.10087304562330246,0.07213015109300613,0.8269968032836914,0.8269968032836914,uncertain,True,False
160391,2025-08,gov,0,0.6381646394729614,0.17436817288398743,0.18746715784072876,0.6381646394729614,gov,True,False
160392,2025-08,gov,0,0.813361406326294,0.061039894819259644,0.1255986988544464,0.813361406326294,gov,True,False
160393,2025-08,gov,0,0.6682915091514587,0.0648077130317688,0.26690080761909485,0.6682915091514587,gov,True,False
160394,2025-08,gov,0,0.47515764832496643,0.09469616413116455,0.4301462173461914,0.47515764832496643,gov,True,False
160396,2025-08,gov,0,0.8202560544013977,0.06895171850919724,0.1107921227812767,0.8202560544013977,gov,True,False
160397,2025-08,gov,0,0.6765404343605042,0.07876820117235184,0.2446914166212082,0.6765404343605042,gov,True,False
160399,2025-08,gov,0,0.655315637588501,0.1467817723751068,0.1979025900363922,0.655315637588501,gov,True,False
160400,2025-08,gov,0,0.6876629590988159,0.09747824817895889,0.21485881507396698,0.6876629590988159,gov,True,False
161107,2025-08,opo,1,0.03318152204155922,0.902224063873291,0.06459435820579529,0.902224063873291,opo,True,False
161109,2025-08,uncertain,2,0.11798522621393204,0.028308598324656487,0.8537062406539917,0.8537062406539917,uncertain,True,False
161110,2025-08,uncertain,2,0.37153905630111694,0.07115669548511505,0.5573042035102844,0.5573042035102844,gov,True,False
161111,2025-08,gov,0,0.8961386680603027,0.03532811254262924,0.06853319704532623,0.8961386680603027,gov,True,False
161112,2025-08,gov,0,0.9341075420379639,0.009522250853478909,0.056370221078395844,0.9341075420379639,gov,True,False
161113,2025-08,gov,0,0.7660462856292725,0.03675461560487747,0.19719910621643066,0.7660462856292725,gov,True,False
161116,2025-08,gov,0,0.785740852355957,0.029438521713018417,0.18482057750225067,0.785740852355957,gov,True,False
161117,2025-08,gov,0,0.7022520303726196,0.018408868461847305,0.27933913469314575,0.7022520303726196,gov,True,False
161118,2025-08,gov,0,0.785259485244751,0.07919332385063171,0.13554725050926208,0.785259485244751,gov,True,False
161119,2025-08,gov,0,0.7063902020454407,0.0951491966843605,0.1984606236219406,0.7063902020454407,gov,True,False
161120,2025-08,gov,0,0.7713063359260559,0.06317541003227234,0.16551828384399414,0.7713063359260559,gov,True,False
161827,2025-08,opo,1,0.025321612134575844,0.8882623314857483,0.08641611784696579,0.8882623314857483,opo,True,False
161829,2025-08,uncertain,2,0.11442478746175766,0.08611862361431122,0.7994565963745117,0.7994565963745117,uncertain,True,False
161830,2025-08,uncertain,2,0.07576363533735275,0.10955096781253815,0.8146853446960449,0.8146853446960449,uncertain,True,False
161831,2025-08,uncertain,2,0.22868712246418,0.021999020129442215,0.7493138909339905,0.7493138909339905,gov,True,False
161832,2025-08,gov,0,0.7845796346664429,0.04515776410698891,0.17026259005069733,0.7845796346664429,gov,True,False
161833,2025-08,gov,0,0.5375925898551941,0.17744171619415283,0.28496572375297546,0.5375925898551941,gov,True,False
161834,2025-08,opo,1,0.09306611865758896,0.6296703219413757,0.2772635817527771,0.6296703219413757,gov,True,False
161837,2025-08,gov,0,0.41153421998023987,0.2892990708351135,0.2991667687892914,0.41153421998023987,opo,True,False
161839,2025-08,opo,1,0.2432597577571869,0.674971878528595,0.08176835626363754,0.674971878528595,opo,True,False
162547,2025-08,opo,1,0.04573290795087814,0.7966420650482178,0.15762503445148468,0.7966420650482178,opo,True,False
162548,2025-08,opo,1,0.18462589383125305,0.4452950954437256,0.37007904052734375,0.4452950954437256,opo,True,False
162549,2025-08,uncertain,2,0.3745822012424469,0.16030792891979218,0.4651099145412445,0.4651099145412445,uncertain,True,False
162550,2025-08,uncertain,2,0.2717328369617462,0.21747234463691711,0.5107947587966919,0.5107947587966919,opo,True,False
162551,2025-08,uncertain,2,0.405414342880249,0.04724607989192009,0.5473394989967346,0.5473394989967346,gov,True,False
162552,2025-08,gov,0,0.7390028834342957,0.11041636765003204,0.1505807489156723,0.7390028834342957,gov,True,False
162553,2025-08,gov,0,0.5680478811264038,0.36392179131507874,0.06803030520677567,0.5680478811264038,opo,True,False
162554,2025-08,uncertain,2,0.21852552890777588,0.29266321659088135,0.48881128430366516,0.48881128430366516,uncertain,True,False
162555,2025-08,uncertain,2,0.12697458267211914,0.08785475790500641,0.7851706147193909,0.7851706147193909,uncertain,True,False
162556,2025-08,uncertain,2,0.18205903470516205,0.27186304330825806,0.5460779666900635,0.5460779666900635,gov,True,False
162558,2025-08,opo,1,0.023870261386036873,0.9592825174331665,0.01684725470840931,0.9592825174331665,opo,True,False
162559,2025-08,opo,1,0.12415970861911774,0.7816635370254517,0.0941767543554306,0.7816635370254517,opo,True,False
163267,2025-08,opo,1,0.0426572784781456,0.7976028919219971,0.15973986685276031,0.7976028919219971,opo,True,False
163268,2025-08,opo,1,0.08900721371173859,0.5441141128540039,0.3668786585330963,0.5441141128540039,uncertain,True,False
163269,2025-08,uncertain,2,0.31417733430862427,0.1601562649011612,0.5256664156913757,0.5256664156913757,uncertain,True,False
163271,2025-08,uncertain,2,0.2854691743850708,0.07235782593488693,0.6421730518341064,0.6421730518341064,gov,True,False
163272,2025-08,uncertain,2,0.21099549531936646,0.09658586233854294,0.6924186944961548,0.6924186944961548,uncertain,True,False
163274,2025-08,uncertain,2,0.1552181988954544,0.10406111180782318,0.7407206296920776,0.7407206296920776,uncertain,True,False
163275,2025-08,uncertain,2,0.06641914695501328,0.016756033524870872,0.9168248176574707,0.9168248176574707,uncertain,True,False
163276,2025-08,uncertain,2,0.06495896726846695,0.043013766407966614,0.8920271992683411,0.8920271992683411,uncertain,True,False
163278,2025-08,opo,1,0.20456716418266296,0.6376228928565979,0.15780994296073914,0.6376228928565979,opo,True,False
163988,2025-08,opo,1,0.1652648150920868,0.6380148530006409,0.19672028720378876,0.6380148530006409,opo,True,False
163989,2025-08,gov,0,0.4953504204750061,0.23952126502990723,0.2651282846927643,0.4953504204750061,gov,True,False
163992,2025-08,uncertain,2,0.22389957308769226,0.23737165331840515,0.5387287735939026,0.5387287735939026,gov,True,False
163993,2025-08,gov,0,0.45384398102760315,0.15776851773262024,0.3883875608444214,0.45384398102760315,opo,True,False
163996,2025-08,uncertain,2,0.36430537700653076,0.12233636528253555,0.5133582353591919,0.5133582353591919,gov,True,False
163998,2025-08,gov,0,0.5392252206802368,0.3625086843967438,0.09826607257127762,0.5392252206802368,gov,True,False
164709,2025-08,gov,0,0.5125465393066406,0.2830056846141815,0.20444777607917786,0.5125465393066406,gov,True,False
164710,2025-08,gov,0,0.5511507987976074,0.2936210632324219,0.15522809326648712,0.5511507987976074,gov,True,False
164711,2025-08,gov,0,0.5385780930519104,0.1991824358701706,0.2622395157814026,0.5385780930519104,opo,True,False
164712,2025-08,gov,0,0.45667514204978943,0.27430060505867004,0.2690242528915405,0.45667514204978943,gov,True,False
164713,2025-08,gov,0,0.5337647795677185,0.15529869496822357,0.31093651056289673,0.5337647795677185,gov,True,False
164714,2025-08,uncertain,2,0.40289416909217834,0.14124034345149994,0.4558655023574829,0.4558655023574829,gov,True,False
164715,2025-08,opo,1,0.32800018787384033,0.42358842492103577,0.24841143190860748,0.42358842492103577,gov,True,False
164716,2025-08,gov,0,0.40513089299201965,0.3194391429424286,0.27542993426322937,0.40513089299201965,opo,True,False
165430,2025-08,gov,0,0.4872276484966278,0.29839879274368286,0.21437358856201172,0.4872276484966278,gov,True,False
165433,2025-08,gov,0,0.526899516582489,0.24883727729320526,0.22426320612430573,0.526899516582489,gov,True,False
165435,2025-08,opo,1,0.25374218821525574,0.532920777797699,0.21333704888820648,0.532920777797699,opo,True,False
165436,2025-08,opo,1,0.2959293723106384,0.5511474609375,0.15292318165302277,0.5511474609375,opo,True,False
166150,2025-08,gov,0,0.5373230576515198,0.27831217646598816,0.18436476588249207,0.5373230576515198,gov,True,False
166152,2025-08,opo,1,0.24842526018619537,0.4416384994983673,0.30993619561195374,0.4416384994983673,opo,True,False
166154,2025-08,opo,1,0.1786828190088272,0.65373694896698,0.167580246925354,0.65373694896698,gov,True,False
166155,2025-08,opo,1,0.30803802609443665,0.5926285982131958,0.09933336824178696,0.5926285982131958,gov,True,False
166156,2025-08,opo,1,0.300353080034256,0.5374189019203186,0.16222800314426422,0.5374189019203186,opo,True,False
166157,2025-08,opo,1,0.26805150508880615,0.5235928893089294,0.20835565030574799,0.5235928893089294,opo,True,False
166873,2025-08,uncertain,2,0.32301998138427734,0.24201823770999908,0.43496179580688477,0.43496179580688477,gov,True,False
166876,2025-08,opo,1,0.42854151129722595,0.5003262162208557,0.07113233953714371,0.5003262162208557,opo,True,False
166877,2025-08,opo,1,0.32239407300949097,0.562315821647644,0.115290068089962,0.562315821647644,opo,True,False
167591,2025-08,gov,0,0.38162049651145935,0.25724345445632935,0.3611360788345337,0.38162049651145935,gov,True,False
167592,2025-08,uncertain,2,0.3630445599555969,0.1563968062400818,0.4805586636066437,0.4805586636066437,gov,True,False
167594,2025-08,uncertain,2,0.32000264525413513,0.13131800293922424,0.5486793518066406,0.5486793518066406,gov,True,False
167597,2025-08,gov,0,0.44696280360221863,0.36966365575790405,0.1833735704421997,0.44696280360221863,opo,True,False
168313,2025-08,uncertain,2,0.41926810145378113,0.09784502536058426,0.4828869104385376,0.4828869104385376,gov,True,False
168316,2025-08,gov,0,0.46087485551834106,0.186772882938385,0.3523522615432739,0.46087485551834106,opo,True,False
168318,2025-08,gov,0,0.3871868848800659,0.3132309019565582,0.2995821535587311,0.3871868848800659,opo,True,False
169035,2025-08,gov,0,0.5473449230194092,0.04635569080710411,0.4062993824481964,0.5473449230194092,gov,True,False
169036,2025-08,gov,0,0.7591023445129395,0.08217902481555939,0.15871861577033997,0.7591023445129395,gov,True,False
169037,2025-08,gov,0,0.7430280447006226,0.13483943045139313,0.12213252484798431,0.7430280447006226,gov,True,False
169756,2025-08,gov,0,0.8164846897125244,0.06869297474622726,0.11482233554124832,0.8164846897125244,gov,True,False
143838,2025-09,gov,0,0.46526452898979187,0.32149845361709595,0.21323706209659576,0.46526452898979187,gov,True,False
145998,2025-09,gov,0,0.52023845911026,0.12303274124860764,0.35672879219055176,0.52023845911026,gov,True,False
147437,2025-09,gov,0,0.6648852825164795,0.10460223257541656,0.23051248490810394,0.6648852825164795,gov,True,False
147438,2025-09,gov,0,0.4448229968547821,0.15666510164737701,0.3985119163990021,0.4448229968547821,gov,True,False
147439,2025-09,uncertain,2,0.3536183536052704,0.13954481482505798,0.5068368911743164,0.5068368911743164,gov,True,False
148158,2025-09,uncertain,2,0.4303986430168152,0.12113343179225922,0.4484679400920868,0.4484679400920868,gov,True,False
149597,2025-09,gov,0,0.34682783484458923,0.32882142066955566,0.3243507146835327,0.34682783484458923,uncertain,True,False
150307,2025-09,uncertain,2,0.22808699309825897,0.33972063660621643,0.43219244480133057,0.43219244480133057,gov,True,False
150317,2025-09,uncertain,2,0.3178758919239044,0.2833063006401062,0.398817777633667,0.398817777633667,gov,True,False
151756,2025-09,uncertain,2,0.2558468282222748,0.3270688056945801,0.41708433628082275,0.41708433628082275,gov,True,False
151757,2025-09,opo,1,0.22684961557388306,0.41724446415901184,0.3559059798717499,0.41724446415901184,uncertain,True,False
152476,2025-09,gov,0,0.42989057302474976,0.353880912065506,0.21622854471206665,0.42989057302474976,gov,True,False
153190,2025-09,uncertain,2,0.3954995572566986,0.1732310801744461,0.4312693178653717,0.4312693178653717,gov,True,False
153191,2025-09,gov,0,0.7189987301826477,0.0898265540599823,0.1911746710538864,0.7189987301826477,gov,True,False
153192,2025-09,gov,0,0.7446088194847107,0.0992695763707161,0.15612167119979858,0.7446088194847107,gov,True,False
153193,2025-09,gov,0,0.797263503074646,0.09702304750680923,0.10571347922086716,0.797263503074646,gov,True,False
153196,2025-09,opo,1,0.3698398470878601,0.4560745656490326,0.17408554255962372,0.4560745656490326,gov,True,False
153197,2025-09,uncertain,2,0.31892991065979004,0.33098816871643066,0.3500818908214569,0.3500818908214569,uncertain,True,False
153910,2025-09,gov,0,0.4284893572330475,0.18321223556995392,0.3882984519004822,0.4284893572330475,gov,True,False
153911,2025-09,gov,0,0.6217929720878601,0.20577643811702728,0.1724306046962738,0.6217929720878601,gov,True,False
153912,2025-09,gov,0,0.5462175607681274,0.11824245005846024,0.3355400562286377,0.5462175607681274,gov,True,False
153913,2025-09,gov,0,0.7389048933982849,0.10191412270069122,0.15918099880218506,0.7389048933982849,gov,True,False
153914,2025-09,gov,0,0.5861577391624451,0.1593654304742813,0.2544768154621124,0.5861577391624451,gov,True,False
153915,2025-09,gov,0,0.4685196280479431,0.23794232308864594,0.29353800415992737,0.4685196280479431,gov,True,False
153916,2025-09,opo,1,0.38042131066322327,0.4131986200809479,0.20638003945350647,0.4131986200809479,gov,True,False
153917,2025-09,uncertain,2,0.31606730818748474,0.33446231484413147,0.3494703769683838,0.3494703769683838,gov,True,False
153918,2025-09,gov,0,0.40114209055900574,0.2889570891857147,0.30990085005760193,0.40114209055900574,gov,True,False
154630,2025-09,gov,0,0.7371440529823303,0.08301567286252975,0.1798403114080429,0.7371440529823303,gov,True,False
154631,2025-09,gov,0,0.8122265934944153,0.07587777823209763,0.11189565062522888,0.8122265934944153,gov,True,False
154632,2025-09,gov,0,0.8273018002510071,0.05538196489214897,0.11731617897748947,0.8273018002510071,gov,True,False
154633,2025-09,gov,0,0.8997798562049866,0.030483320355415344,0.06973682343959808,0.8997798562049866,gov,True,False
154634,2025-09,gov,0,0.8474069237709045,0.06665647774934769,0.08593666553497314,0.8474069237709045,gov,True,False
154635,2025-09,gov,0,0.7117228507995605,0.10814008116722107,0.18013708293437958,0.7117228507995605,gov,True,False
154636,2025-09,gov,0,0.5909430384635925,0.22374476492404938,0.1853121519088745,0.5909430384635925,gov,True,False
155350,2025-09,gov,0,0.4875021278858185,0.19261518120765686,0.31988269090652466,0.4875021278858185,opo,True,False
155351,2025-09,gov,0,0.5971580147743225,0.2149287313222885,0.18791329860687256,0.5971580147743225,gov,True,False
155352,2025-09,gov,0,0.5126481652259827,0.21771517395973206,0.2696366310119629,0.5126481652259827,gov,True,False
155354,2025-09,gov,0,0.4169110357761383,0.19349762797355652,0.3895913064479828,0.4169110357761383,gov,True,False
156069,2025-09,gov,0,0.3505275845527649,0.32490548491477966,0.32456693053245544,0.3505275845527649,opo,True,False
156071,2025-09,gov,0,0.7762532830238342,0.11864636838436127,0.1051003485918045,0.7762532830238342,gov,True,False
156072,2025-09,gov,0,0.5539833903312683,0.14312218129634857,0.3028944432735443,0.5539833903312683,gov,True,False
156073,2025-09,gov,0,0.7441365122795105,0.09567783772945404,0.16018562018871307,0.7441365122795105,gov,True,False
156074,2025-09,gov,0,0.4458543658256531,0.11390528827905655,0.44024035334587097,0.4458543658256531,gov,True,False
156075,2025-09,uncertain,2,0.3853309750556946,0.20257870852947235,0.41209033131599426,0.41209033131599426,uncertain,True,False
156788,2025-09,opo,1,0.3207550346851349,0.4312068223953247,0.24803809821605682,0.4312068223953247,gov,True,False
156789,2025-09,opo,1,0.31152722239494324,0.4125143587589264,0.2759583592414856,0.4125143587589264,opo,True,False
156791,2025-09,gov,0,0.8358150720596313,0.06883776187896729,0.09534718096256256,0.8358150720596313,gov,True,False
156792,2025-09,gov,0,0.7924259901046753,0.05055231228470802,0.1570216864347458,0.7924259901046753,gov,True,False
156793,2025-09,gov,0,0.8189744353294373,0.04075705632567406,0.1402684599161148,0.8189744353294373,gov,True,False
156794,2025-09,gov,0,0.6666361689567566,0.16548463702201843,0.16787925362586975,0.6666361689567566,gov,True,False
156795,2025-09,opo,1,0.2357308268547058,0.5186073184013367,0.24566182494163513,0.5186073184013367,opo,True,False
156796,2025-09,opo,1,0.2787115275859833,0.6597386002540588,0.06154991686344147,0.6597386002540588,opo,True,False
157508,2025-09,opo,1,0.19134843349456787,0.6022061109542847,0.20644544064998627,0.6022061109542847,gov,True,False
157509,2025-09,opo,1,0.27577516436576843,0.5110872983932495,0.21313756704330444,0.5110872983932495,opo,True,False
157510,2025-09,gov,0,0.4401969015598297,0.24637682735919952,0.31342628598213196,0.4401969015598297,gov,True,False
157511,2025-09,gov,0,0.4590974748134613,0.21763144433498383,0.32327112555503845,0.4590974748134613,gov,True,False
157513,2025-09,uncertain,2,0.4082759916782379,0.050249531865119934,0.541474461555481,0.541474461555481,uncertain,True,False
157514,2025-09,gov,0,0.38365426659584045,0.24352987110614777,0.3728158473968506,0.38365426659584045,gov,True,False
157515,2025-09,opo,1,0.15148420631885529,0.48953625559806824,0.35897958278656006,0.48953625559806824,uncertain,True,False
158229,2025-09,uncertain,2,0.1951604187488556,0.38170138001441956,0.423138290643692,0.423138290643692,opo,True,False
158231,2025-09,gov,0,0.4948282241821289,0.15526629984378815,0.34990552067756653,0.4948282241821289,gov,True,False
158233,2025-09,gov,0,0.5590908527374268,0.1455085277557373,0.29540061950683594,0.5590908527374268,gov,True,False
158235,2025-09,opo,1,0.43042877316474915,0.46809861063957214,0.10147260874509811,0.46809861063957214,opo,True,False
158236,2025-09,opo,1,0.23669804632663727,0.6973217129707336,0.0659802183508873,0.6973217129707336,opo,True,False
158237,2025-09,opo,1,0.08973385393619537,0.8021022081375122,0.10816396772861481,0.8021022081375122,opo,True,False
158238,2025-09,opo,1,0.22600415349006653,0.47543907165527344,0.29855677485466003,0.47543907165527344,gov,True,False
158946,2025-09,opo,1,0.07766357064247131,0.8628877997398376,0.05944857746362686,0.8628877997398376,gov,True,False
158947,2025-09,opo,1,0.08558306843042374,0.7980213165283203,0.11639556288719177,0.7980213165283203,opo,True,False
158949,2025-09,uncertain,2,0.2736515700817108,0.2286127507686615,0.49773573875427246,0.49773573875427246,gov,True,False
158950,2025-09,gov,0,0.44925832748413086,0.13458508253097534,0.4161566197872162,0.44925832748413086,gov,True,False
158951,2025-09,gov,0,0.49036285281181335,0.1189955472946167,0.39064159989356995,0.49036285281181335,gov,True,False
158952,2025-09,gov,0,0.7388768196105957,0.1931302547454834,0.06799298524856567,0.7388768196105957,gov,True,False
158953,2025-09,gov,0,0.7371013164520264,0.11656184494495392,0.14633682370185852,0.7371013164520264,gov,True,False
158954,2025-09,gov,0,0.5487858057022095,0.21658697724342346,0.23462721705436707,0.5487858057022095,gov,True,False
158955,2025-09,gov,0,0.612576961517334,0.222794309258461,0.16462872922420502,0.612576961517334,gov,True,False
158956,2025-09,gov,0,0.6376880407333374,0.2526285946369171,0.10968326032161713,0.6376880407333374,gov,True,False
158957,2025-09,gov,0,0.44288235902786255,0.3860921263694763,0.17102548480033875,0.44288235902786255,gov,True,False
158958,2025-09,gov,0,0.42158451676368713,0.3555721938610077,0.2228432446718216,0.42158451676368713,gov,True,False
158960,2025-09,gov,0,0.5524365305900574,0.12505964934825897,0.32250383496284485,0.5524365305900574,gov,True,False
159665,2025-09,uncertain,2,0.11486269533634186,0.3321966230869293,0.5529406666755676,0.5529406666755676,opo,True,False
159666,2025-09,opo,1,0.02578022889792919,0.8671016693115234,0.10711806267499924,0.8671016693115234,opo,True,False
159667,2025-09,opo,1,0.016669409349560738,0.9073594808578491,0.07597114890813828,0.9073594808578491,opo,True,False
159668,2025-09,opo,1,0.1177792102098465,0.6619612574577332,0.22025953233242035,0.6619612574577332,opo,True,False
159670,2025-09,uncertain,2,0.3673696219921112,0.033853840082883835,0.5987765789031982,0.5987765789031982,gov,True,False
159671,2025-09,gov,0,0.7014259696006775,0.04217813163995743,0.2563958168029785,0.7014259696006775,gov,True,False
159672,2025-09,gov,0,0.897406816482544,0.048978760838508606,0.053614504635334015,0.897406816482544,gov,True,False
159673,2025-09,gov,0,0.8056264519691467,0.037608254700899124,0.15676531195640564,0.8056264519691467,gov,True,False
159674,2025-09,gov,0,0.5441471338272095,0.12422986328601837,0.3316229581832886,0.5441471338272095,gov,True,False
159675,2025-09,uncertain,2,0.2828911542892456,0.17901340126991272,0.5380954146385193,0.5380954146385193,gov,True,False
159676,2025-09,gov,0,0.686830997467041,0.1441245675086975,0.1690443903207779,0.686830997467041,gov,True,False
159679,2025-09,uncertain,2,0.30592572689056396,0.26731711626052856,0.4267571270465851,0.4267571270465851,gov,True,False
159680,2025-09,gov,0,0.5329238772392273,0.17873728275299072,0.28833886981010437,0.5329238772392273,gov,True,False
160386,2025-09,opo,1,0.03404008597135544,0.8500381112098694,0.11592180281877518,0.8500381112098694,opo,True,False
160388,2025-09,opo,1,0.058058444410562515,0.6431490182876587,0.2987925112247467,0.6431490182876587,opo,True,False
160389,2025-09,uncertain,2,0.07765951007604599,0.09332389384508133,0.8290165662765503,0.8290165662765503,uncertain,True,False
160390,2025-09,uncertain,2,0.1353110373020172,0.06824876368045807,0.7964401841163635,0.7964401841163635,uncertain,True,False
160391,2025-09,gov,0,0.49739858508110046,0.1406693011522293,0.3619321286678314,0.49739858508110046,gov,True,False
160392,2025-09,gov,0,0.909805417060852,0.029210180044174194,0.060984451323747635,0.909805417060852,gov,True,False
160393,2025-09,gov,0,0.7060628533363342,0.04326467216014862,0.25067245960235596,0.7060628533363342,gov,True,False
160394,2025-09,uncertain,2,0.35510870814323425,0.08185511082410812,0.5630362033843994,0.5630362033843994,gov,True,False
160396,2025-09,gov,0,0.6474739909172058,0.1542346328496933,0.19829143583774567,0.6474739909172058,gov,True,False
160397,2025-09,gov,0,0.6060963869094849,0.2265341430902481,0.16736944019794464,0.6060963869094849,gov,True,False
160399,2025-09,gov,0,0.5471308827400208,0.2397564798593521,0.21311266720294952,0.5471308827400208,gov,True,False
160400,2025-09,gov,0,0.6136921048164368,0.12524455785751343,0.2610633671283722,0.6136921048164368,gov,True,False
161107,2025-09,opo,1,0.03585504740476608,0.9079710245132446,0.056173957884311676,0.9079710245132446,opo,True,False
161109,2025-09,uncertain,2,0.03555787354707718,0.012622215785086155,0.9518199563026428,0.9518199563026428,uncertain,True,False
161110,2025-09,gov,0,0.455668181180954,0.1428678184747696,0.40146398544311523,0.455668181180954,gov,True,False
161111,2025-09,gov,0,0.8326816558837891,0.09760983288288116,0.06970854103565216,0.8326816558837891,gov,True,False
161112,2025-09,gov,0,0.9627353549003601,0.008321580477058887,0.028943059965968132,0.9627353549003601,gov,True,False
161113,2025-09,gov,0,0.728821337223053,0.03056585043668747,0.24061280488967896,0.728821337223053,opo,True,False
161116,2025-09,gov,0,0.7022804617881775,0.14318236708641052,0.15453726053237915,0.7022804617881775,gov,True,False
161117,2025-09,gov,0,0.7206823229789734,0.12681075930595398,0.15250690281391144,0.7206823229789734,gov,True,False
161118,2025-09,gov,0,0.5262361168861389,0.32952404022216797,0.14423981308937073,0.5262361168861389,gov,True,False
161119,2025-09,opo,1,0.3881606459617615,0.4449414610862732,0.16689784824848175,0.4449414610862732,gov,True,False
161120,2025-09,gov,0,0.6078215837478638,0.11735226213932037,0.2748260796070099,0.6078215837478638,gov,True,False
161827,2025-09,opo,1,0.018128279596567154,0.8737925887107849,0.10807910561561584,0.8737925887107849,opo,True,False
161829,2025-09,uncertain,2,0.026920372620224953,0.11643843352794647,0.8566412329673767,0.8566412329673767,uncertain,True,False
161830,2025-09,uncertain,2,0.02954234555363655,0.16531778872013092,0.80513995885849,0.80513995885849,uncertain,True,False
161831,2025-09,gov,0,0.469831258058548,0.1879158616065979,0.34225285053253174,0.469831258058548,gov,True,False
161832,2025-09,gov,0,0.8836029171943665,0.03499586135149002,0.08140117675065994,0.8836029171943665,gov,True,False
161833,2025-09,gov,0,0.6607288122177124,0.12636682391166687,0.2129044234752655,0.6607288122177124,gov,True,False
161834,2025-09,opo,1,0.12026803940534592,0.6204931139945984,0.2592388391494751,0.6204931139945984,gov,True,False
161837,2025-09,gov,0,0.5381854772567749,0.36244165897369385,0.09937286376953125,0.5381854772567749,opo,True,False
161839,2025-09,opo,1,0.1082070991396904,0.8248883485794067,0.06690454483032227,0.8248883485794067,opo,True,False
162547,2025-09,opo,1,0.05980794504284859,0.7088901996612549,0.2313019186258316,0.7088901996612549,opo,True,False
162548,2025-09,opo,1,0.12381040304899216,0.4437112510204315,0.43247830867767334,0.4437112510204315,opo,True,False
162549,2025-09,uncertain,2,0.127513125538826,0.2455528825521469,0.6269339323043823,0.6269339323043823,uncertain,True,False
162550,2025-09,uncertain,2,0.07106329500675201,0.24613994359970093,0.6827967762947083,0.6827967762947083,opo,True,False
162551,2025-09,uncertain,2,0.4236629009246826,0.09138188511133194,0.48495516180992126,0.48495516180992126,gov,True,False
162552,2025-09,gov,0,0.8717195987701416,0.04790540412068367,0.08037500828504562,0.8717195987701416,gov,True,False
162553,2025-09,gov,0,0.7927682995796204,0.17451739311218262,0.03271438553929329,0.7927682995796204,opo,True,False
162554,2025-09,opo,1,0.20511668920516968,0.45046886801719666,0.34441447257995605,0.45046886801719666,uncertain,True,False
162555,2025-09,uncertain,2,0.13638940453529358,0.21112984418869019,0.6524807214736938,0.6524807214736938,uncertain,True,False
162556,2025-09,uncertain,2,0.2752777934074402,0.26974236965179443,0.4549797773361206,0.4549797773361206,gov,True,False
162558,2025-09,opo,1,0.03498765826225281,0.9345690608024597,0.030443232506513596,0.9345690608024597,opo,True,False
162559,2025-09,opo,1,0.08809828758239746,0.8017120957374573,0.11018963903188705,0.8017120957374573,opo,True,False
163267,2025-09,opo,1,0.07232549786567688,0.6558833718299866,0.27179113030433655,0.6558833718299866,opo,True,False
163268,2025-09,uncertain,2,0.1563742458820343,0.34292441606521606,0.5007013082504272,0.5007013082504272,uncertain,True,False
163269,2025-09,uncertain,2,0.2773841917514801,0.13374094665050507,0.588874876499176,0.588874876499176,uncertain,True,False
163271,2025-09,gov,0,0.5936481952667236,0.06281380355358124,0.34353798627853394,0.5936481952667236,gov,True,False
163272,2025-09,gov,0,0.4567742645740509,0.2129054069519043,0.3303203284740448,0.4567742645740509,uncertain,True,False
163274,2025-09,uncertain,2,0.2767135202884674,0.2028651237487793,0.5204213857650757,0.5204213857650757,uncertain,True,False
163275,2025-09,uncertain,2,0.12616461515426636,0.06430203467607498,0.8095333576202393,0.8095333576202393,uncertain,True,False
163276,2025-09,uncertain,2,0.17941787838935852,0.14323461055755615,0.6773475408554077,0.6773475408554077,uncertain,True,False
163278,2025-09,opo,1,0.20682434737682343,0.731583297252655,0.06159229204058647,0.731583297252655,opo,True,False
163988,2025-09,opo,1,0.15018799901008606,0.5636574029922485,0.2861545979976654,0.5636574029922485,opo,True,False
163989,2025-09,opo,1,0.3099318742752075,0.5061160326004028,0.18395207822322845,0.5061160326004028,opo,True,False
163992,2025-09,gov,0,0.3970078229904175,0.36379867792129517,0.23919348418712616,0.3970078229904175,gov,True,False
163993,2025-09,gov,0,0.49828726053237915,0.2123207449913025,0.28939196467399597,0.49828726053237915,opo,True,False
163996,2025-09,uncertain,2,0.29768601059913635,0.2170249968767166,0.48528897762298584,0.48528897762298584,gov,True,False
163998,2025-09,gov,0,0.6095238327980042,0.3461633324623108,0.04431281238794327,0.6095238327980042,gov,True,False
164709,2025-09,opo,1,0.3366906940937042,0.5279406309127808,0.1353687196969986,0.5279406309127808,gov,True,False
164710,2025-09,gov,0,0.5592963099479675,0.2648385763168335,0.17586515843868256,0.5592963099479675,gov,True,False
164711,2025-09,gov,0,0.44454941153526306,0.2753320634365082,0.280118465423584,0.44454941153526306,opo,True,False
164712,2025-09,gov,0,0.40792399644851685,0.3614637851715088,0.23061217367649078,0.40792399644851685,opo,True,False
164713,2025-09,gov,0,0.43479135632514954,0.29175901412963867,0.2734496295452118,0.43479135632514954,opo,True,False
164714,2025-09,gov,0,0.3829684257507324,0.26277047395706177,0.35426104068756104,0.3829684257507324,gov,True,False
164715,2025-09,opo,1,0.22254978120326996,0.5762544870376587,0.20119570195674896,0.5762544870376587,gov,True,False
164716,2025-09,gov,0,0.3960922956466675,0.3618089258670807,0.24209877848625183,0.3960922956466675,opo,True,False
165430,2025-09,gov,0,0.5584660172462463,0.22112354636192322,0.22041042149066925,0.5584660172462463,gov,True,False
165433,2025-09,uncertain,2,0.29358914494514465,0.27535852789878845,0.43105238676071167,0.43105238676071167,gov,True,False
165435,2025-09,opo,1,0.3619346618652344,0.4643063545227051,0.17375904321670532,0.4643063545227051,opo,True,False
165436,2025-09,opo,1,0.2936895787715912,0.5609986186027527,0.1453118473291397,0.5609986186027527,opo,True,False
166150,2025-09,gov,0,0.5310807228088379,0.2812080383300781,0.1877112090587616,0.5310807228088379,gov,True,False
166152,2025-09,opo,1,0.21316590905189514,0.5753649473190308,0.21146918833255768,0.5753649473190308,opo,True,False
166154,2025-09,gov,0,0.4189597964286804,0.25902366638183594,0.32201653718948364,0.4189597964286804,gov,True,False
166155,2025-09,gov,0,0.49366068840026855,0.3436557948589325,0.16268357634544373,0.49366068840026855,gov,True,False
166156,2025-09,opo,1,0.3469899594783783,0.557671308517456,0.09533876180648804,0.557671308517456,opo,True,False
166157,2025-09,opo,1,0.3522736728191376,0.4876691699028015,0.1600572019815445,0.4876691699028015,opo,True,False
166873,2025-09,uncertain,2,0.2171998918056488,0.36428728699684143,0.41851282119750977,0.41851282119750977,gov,True,False
166876,2025-09,opo,1,0.38383129239082336,0.4630144238471985,0.15315426886081696,0.4630144238471985,opo,True,False
166877,2025-09,opo,1,0.2593979239463806,0.6068509221076965,0.13375112414360046,0.6068509221076965,opo,True,False
167591,2025-09,gov,0,0.48304519057273865,0.2288254350423813,0.28812938928604126,0.48304519057273865,gov,True,False
167592,2025-09,gov,0,0.550738513469696,0.17417944967746735,0.2750820517539978,0.550738513469696,gov,True,False
167594,2025-09,gov,0,0.43050333857536316,0.24428148567676544,0.3252151906490326,0.43050333857536316,gov,True,False
167597,2025-09,gov,0,0.5905740857124329,0.28883254528045654,0.12059337645769119,0.5905740857124329,opo,True,False
168313,2025-09,uncertain,2,0.32839202880859375,0.0958424061536789,0.5757656097412109,0.5757656097412109,gov,True,False
168316,2025-09,gov,0,0.3888360559940338,0.2864060401916504,0.3247579038143158,0.3888360559940338,opo,True,False
168318,2025-09,gov,0,0.39687380194664,0.3505096435546875,0.2526165843009949,0.39687380194664,opo,True,False
169035,2025-09,uncertain,2,0.46170923113822937,0.07277973741292953,0.4655109941959381,0.4655109941959381,gov,True,False
169036,2025-09,gov,0,0.6588425636291504,0.22403812408447266,0.11711931228637695,0.6588425636291504,gov,True,False
169037,2025-09,gov,0,0.6374600529670715,0.1885058879852295,0.1740340292453766,0.6374600529670715,gov,True,False
169756,2025-09,gov,0,0.7563583254814148,0.15260225534439087,0.09103946387767792,0.7563583254814148,gov,True,False
143838,2025-10,gov,0,0.4477823078632355,0.38234636187553406,0.16987134516239166,0.4477823078632355,gov,True,False
145998,2025-10,gov,0,0.5037957429885864,0.09450982511043549,0.4016944169998169,0.5037957429885864,gov,True,False
147437,2025-10,gov,0,0.5254480838775635,0.22923694550991058,0.24531498551368713,0.5254480838775635,gov,True,False
147438,2025-10,gov,0,0.6638094186782837,0.0551723837852478,0.28101828694343567,0.6638094186782837,gov,True,False
147439,2025-10,gov,0,0.6799177527427673,0.049702685326337814,0.27037954330444336,0.6799177527427673,gov,True,False
148158,2025-10,uncertain,2,0.28958311676979065,0.113658107817173,0.5967587828636169,0.5967587828636169,gov,True,False
149597,2025-10,uncertain,2,0.3543766438961029,0.24834324419498444,0.39728012681007385,0.39728012681007385,uncertain,True,False
150307,2025-10,uncertain,2,0.1540270894765854,0.24059541523456573,0.6053774952888489,0.6053774952888489,gov,True,False
150317,2025-10,uncertain,2,0.1501692682504654,0.07068024575710297,0.7791505455970764,0.7791505455970764,opo,True,False
151756,2025-10,uncertain,2,0.3398827314376831,0.11726284772157669,0.5428544282913208,0.5428544282913208,gov,True,False
151757,2025-10,uncertain,2,0.239449143409729,0.11998645961284637,0.6405643820762634,0.6405643820762634,uncertain,True,False
152476,2025-10,uncertain,2,0.4082533121109009,0.17980948090553284,0.4119371473789215,0.4119371473789215,gov,True,False
153190,2025-10,uncertain,2,0.39745309948921204,0.05571572482585907,0.5468311905860901,0.5468311905860901,gov,True,False
153191,2025-10,gov,0,0.8238142728805542,0.042497485876083374,0.13368825614452362,0.8238142728805542,gov,True,False
153192,2025-10,gov,0,0.8990517854690552,0.04816436767578125,0.05278383195400238,0.8990517854690552,gov,True,False
153193,2025-10,gov,0,0.8297138810157776,0.06926319748163223,0.1010228767991066,0.8297138810157776,gov,True,False
153196,2025-10,gov,0,0.5177357196807861,0.33490121364593506,0.1473630666732788,0.5177357196807861,gov,True,False
153197,2025-10,uncertain,2,0.2594350576400757,0.19789740443229675,0.5426675081253052,0.5426675081253052,uncertain,True,False
153910,2025-10,gov,0,0.4162657856941223,0.1991606205701828,0.3845736086368561,0.4162657856941223,gov,True,False
153911,2025-10,gov,0,0.5869129300117493,0.278871089220047,0.13421601057052612,0.5869129300117493,gov,True,False
153912,2025-10,gov,0,0.6206579208374023,0.29657480120658875,0.0827673077583313,0.6206579208374023,gov,True,False
153913,2025-10,gov,0,0.7039554715156555,0.22381295263767242,0.07223161309957504,0.7039554715156555,gov,True,False
153914,2025-10,gov,0,0.51987224817276,0.23772931098937988,0.2423984259366989,0.51987224817276,gov,True,False
153915,2025-10,uncertain,2,0.24785566329956055,0.2659960985183716,0.48614826798439026,0.48614826798439026,gov,True,False
153916,2025-10,gov,0,0.48197871446609497,0.358006089925766,0.16001513600349426,0.48197871446609497,gov,True,False
153917,2025-10,uncertain,2,0.2711617052555084,0.24508732557296753,0.48375093936920166,0.48375093936920166,gov,True,False
153918,2025-10,uncertain,2,0.33015677332878113,0.31530097126960754,0.3545422852039337,0.3545422852039337,opo,True,False
154630,2025-10,gov,0,0.8120845556259155,0.10483377426862717,0.08308161795139313,0.8120845556259155,gov,True,False
154631,2025-10,gov,0,0.7263656258583069,0.20110970735549927,0.07252462208271027,0.7263656258583069,gov,True,False
154632,2025-10,gov,0,0.8885448575019836,0.06505893170833588,0.0463961698114872,0.8885448575019836,gov,True,False
154633,2025-10,gov,0,0.9296146035194397,0.03333381190896034,0.03705152869224548,0.9296146035194397,gov,True,False
154634,2025-10,gov,0,0.8016831278800964,0.10446784645318985,0.09384903311729431,0.8016831278800964,gov,True,False
154635,2025-10,gov,0,0.4742235541343689,0.06506796181201935,0.46070852875709534,0.4742235541343689,gov,True,False
154636,2025-10,gov,0,0.396738737821579,0.24606595933437347,0.35719531774520874,0.396738737821579,gov,True,False
155350,2025-10,gov,0,0.41275325417518616,0.2853981554508209,0.30184853076934814,0.41275325417518616,opo,True,False
155351,2025-10,gov,0,0.6593557000160217,0.13745921850204468,0.2031850963830948,0.6593557000160217,gov,True,False
155352,2025-10,gov,0,0.7854008674621582,0.04256407916545868,0.1720350831747055,0.7854008674621582,gov,True,False
155354,2025-10,gov,0,0.6285691261291504,0.03301430493593216,0.3384166657924652,0.6285691261291504,gov,True,False
156069,2025-10,opo,1,0.39200055599212646,0.408173143863678,0.19982624053955078,0.408173143863678,opo,True,False
156071,2025-10,gov,0,0.8201304078102112,0.056010209023952484,0.12385935336351395,0.8201304078102112,gov,True,False
156072,2025-10,gov,0,0.7807217240333557,0.0413779690861702,0.17790032923221588,0.7807217240333557,gov,True,False
156073,2025-10,gov,0,0.8502251505851746,0.05701987072825432,0.0927550196647644,0.8502251505851746,gov,True,False
156074,2025-10,gov,0,0.6465428471565247,0.06804614514112473,0.28541097044944763,0.6465428471565247,gov,True,False
156075,2025-10,uncertain,2,0.2077748328447342,0.21340540051460266,0.578819751739502,0.578819751739502,uncertain,True,False
156788,2025-10,opo,1,0.24838927388191223,0.5380011200904846,0.21360960602760315,0.5380011200904846,gov,True,False
156789,2025-10,opo,1,0.22201132774353027,0.6565645337104797,0.1214241161942482,0.6565645337104797,opo,True,False
156791,2025-10,gov,0,0.7645071744918823,0.09480295330286026,0.140689879655838,0.7645071744918823,gov,True,False
156792,2025-10,gov,0,0.8053587675094604,0.07302775979042053,0.12161354720592499,0.8053587675094604,gov,True,False
156793,2025-10,gov,0,0.7641077637672424,0.09833154082298279,0.1375606656074524,0.7641077637672424,gov,True,False
156794,2025-10,gov,0,0.431077778339386,0.33081966638565063,0.2381025105714798,0.431077778339386,gov,True,False
156795,2025-10,opo,1,0.10646837204694748,0.5655388832092285,0.3279927670955658,0.5655388832092285,opo,True,False
156796,2025-10,opo,1,0.1571376919746399,0.7849550843238831,0.05790717527270317,0.7849550843238831,opo,True,False
157508,2025-10,opo,1,0.10267575830221176,0.535497784614563,0.36182647943496704,0.535497784614563,gov,True,False
157509,2025-10,opo,1,0.1439652293920517,0.7144712209701538,0.1415635198354721,0.7144712209701538,opo,True,False
157510,2025-10,opo,1,0.15772050619125366,0.4392945170402527,0.4029850661754608,0.4392945170402527,gov,True,False
157511,2025-10,uncertain,2,0.14719676971435547,0.2151830792427063,0.6376200914382935,0.6376200914382935,gov,True,False
157513,2025-10,uncertain,2,0.41475868225097656,0.03876221552491188,0.5464791059494019,0.5464791059494019,uncertain,True,False
157514,2025-10,uncertain,2,0.31919047236442566,0.1898985207080841,0.49091097712516785,0.49091097712516785,gov,True,False
157515,2025-10,uncertain,2,0.09316769242286682,0.31202226877212524,0.5948100090026855,0.5948100090026855,uncertain,True,False
158229,2025-10,uncertain,2,0.22136735916137695,0.3208712637424469,0.45776140689849854,0.45776140689849854,opo,True,False
158231,2025-10,uncertain,2,0.27939826250076294,0.21739667654037476,0.5032050609588623,0.5032050609588623,gov,True,False
158233,2025-10,gov,0,0.8575212359428406,0.016733013093471527,0.12574569880962372,0.8575212359428406,gov,True,False
158235,2025-10,gov,0,0.3871934413909912,0.26877331733703613,0.3440331518650055,0.3871934413909912,opo,True,False
158236,2025-10,opo,1,0.27323949337005615,0.6188604831695557,0.107899971306324,0.6188604831695557,opo,True,False
158237,2025-10,opo,1,0.31002533435821533,0.616152286529541,0.07382237166166306,0.616152286529541,opo,True,False
158238,2025-10,gov,0,0.5767487287521362,0.27071332931518555,0.15253794193267822,0.5767487287521362,gov,True,False
158946,2025-10,opo,1,0.2682097852230072,0.5539925694465637,0.17779763042926788,0.5539925694465637,gov,True,False
158947,2025-10,opo,1,0.19537489116191864,0.5493952035903931,0.2552298903465271,0.5493952035903931,opo,True,False
158949,2025-10,uncertain,2,0.3069848120212555,0.240580216050148,0.4524349868297577,0.4524349868297577,opo,True,False
158950,2025-10,gov,0,0.596408486366272,0.11609223484992981,0.28749921917915344,0.596408486366272,gov,True,False
158951,2025-10,gov,0,0.5103309154510498,0.13467001914978027,0.3549991250038147,0.5103309154510498,gov,True,False
158952,2025-10,gov,0,0.7144045233726501,0.08531153202056885,0.2002839744091034,0.7144045233726501,gov,True,False
158953,2025-10,gov,0,0.8864256739616394,0.046978551894426346,0.06659580022096634,0.8864256739616394,gov,True,False
158954,2025-10,gov,0,0.7266894578933716,0.13563576340675354,0.13767476379871368,0.7266894578933716,gov,True,False
158955,2025-10,gov,0,0.7838985919952393,0.09031012654304504,0.1257912963628769,0.7838985919952393,gov,True,False
158956,2025-10,gov,0,0.748147189617157,0.17738305032253265,0.07446979731321335,0.748147189617157,gov,True,False
158957,2025-10,gov,0,0.7202588319778442,0.22055494785308838,0.059186238795518875,0.7202588319778442,gov,True,False
158958,2025-10,gov,0,0.8518856167793274,0.11806780844926834,0.030046606436371803,0.8518856167793274,gov,True,False
158960,2025-10,gov,0,0.539239227771759,0.19757618010044098,0.2631846070289612,0.539239227771759,gov,True,False
159665,2025-10,uncertain,2,0.1973382830619812,0.1897161602973938,0.612945556640625,0.612945556640625,opo,True,False
159666,2025-10,opo,1,0.1568305790424347,0.6260400414466858,0.21712937951087952,0.6260400414466858,opo,True,False
159667,2025-10,opo,1,0.06276794523000717,0.6583678722381592,0.27886417508125305,0.6583678722381592,opo,True,False
159668,2025-10,uncertain,2,0.145940363407135,0.4032338261604309,0.4508258104324341,0.4508258104324341,opo,True,False
159670,2025-10,gov,0,0.7552474737167358,0.05050186812877655,0.19425062835216522,0.7552474737167358,gov,True,False
159671,2025-10,gov,0,0.7903099060058594,0.05643056333065033,0.1532595455646515,0.7903099060058594,gov,True,False
159672,2025-10,gov,0,0.8942514657974243,0.023918090388178825,0.08183042705059052,0.8942514657974243,gov,True,False
159673,2025-10,gov,0,0.9162445068359375,0.0399060882627964,0.04384946450591087,0.9162445068359375,gov,True,False
159674,2025-10,gov,0,0.46248212456703186,0.0832848995923996,0.45423296093940735,0.46248212456703186,gov,True,False
159675,2025-10,gov,0,0.5463857054710388,0.0821940079331398,0.3714202642440796,0.5463857054710388,gov,True,False
159676,2025-10,gov,0,0.7035511136054993,0.1212250366806984,0.17522385716438293,0.7035511136054993,gov,True,False
159679,2025-10,gov,0,0.6517749428749084,0.2781347930431366,0.07009028643369675,0.6517749428749084,gov,True,False
159680,2025-10,gov,0,0.5225076079368591,0.2558897137641907,0.2216026484966278,0.5225076079368591,gov,True,False
160386,2025-10,opo,1,0.08742225915193558,0.6130900382995605,0.29948773980140686,0.6130900382995605,opo,True,False
160388,2025-10,uncertain,2,0.08469709008932114,0.3528534471988678,0.5624495148658752,0.5624495148658752,opo,True,False
160389,2025-10,uncertain,2,0.03426485136151314,0.06274519860744476,0.9029899835586548,0.9029899835586548,uncertain,True,False
160390,2025-10,uncertain,2,0.19944550096988678,0.0913563072681427,0.7091981768608093,0.7091981768608093,uncertain,True,False
160391,2025-10,uncertain,2,0.31735074520111084,0.056535813957452774,0.6261135339736938,0.6261135339736938,gov,True,False
160392,2025-10,gov,0,0.9410872459411621,0.012408274225890636,0.04650451987981796,0.9410872459411621,gov,True,False
160393,2025-10,gov,0,0.8597166538238525,0.021263787522912025,0.11901945620775223,0.8597166538238525,gov,True,False
160394,2025-10,gov,0,0.5259262323379517,0.04248376935720444,0.4315899610519409,0.5259262323379517,gov,True,False
160396,2025-10,gov,0,0.8461541533470154,0.059822533279657364,0.09402330964803696,0.8461541533470154,gov,True,False
160397,2025-10,gov,0,0.7777928709983826,0.058277152478694916,0.16392995417118073,0.7777928709983826,gov,True,False
160399,2025-10,gov,0,0.7453613877296448,0.15909463167190552,0.09554403275251389,0.7453613877296448,gov,True,False
160400,2025-10,gov,0,0.657852292060852,0.11478181928396225,0.22736595571041107,0.657852292060852,gov,True,False
161107,2025-10,opo,1,0.02380126528441906,0.9347062110900879,0.04149245098233223,0.9347062110900879,opo,True,False
161109,2025-10,uncertain,2,0.013054811395704746,0.008107374422252178,0.9788378477096558,0.9788378477096558,uncertain,True,False
161110,2025-10,uncertain,2,0.474862277507782,0.049489010125398636,0.4756487011909485,0.4756487011909485,gov,True,False
161111,2025-10,gov,0,0.6839755773544312,0.06568910926580429,0.25033536553382874,0.6839755773544312,gov,True,False
161112,2025-10,gov,0,0.9465692043304443,0.013364841230213642,0.0400659516453743,0.9465692043304443,gov,True,False
161113,2025-10,gov,0,0.6287870407104492,0.020922740921378136,0.3502902388572693,0.6287870407104492,gov,True,False
161116,2025-10,gov,0,0.9264889359474182,0.016793210059404373,0.05671783164143562,0.9264889359474182,gov,True,False
161117,2025-10,gov,0,0.7646002173423767,0.0463884174823761,0.18901139497756958,0.7646002173423767,gov,True,False
161118,2025-10,gov,0,0.7412071228027344,0.12526759505271912,0.13352534174919128,0.7412071228027344,gov,True,False
161119,2025-10,gov,0,0.5882230401039124,0.2503328025341034,0.16144408285617828,0.5882230401039124,gov,True,False
161120,2025-10,gov,0,0.6924341917037964,0.10451110452413559,0.2030547708272934,0.6924341917037964,gov,True,False
161827,2025-10,opo,1,0.0492507703602314,0.9013110399246216,0.04943818971514702,0.9013110399246216,opo,True,False
161829,2025-10,uncertain,2,0.005229386501014233,0.024426691234111786,0.9703439474105835,0.9703439474105835,uncertain,True,False
161830,2025-10,uncertain,2,0.05055851861834526,0.28426340222358704,0.6651780605316162,0.6651780605316162,uncertain,True,False
161831,2025-10,uncertain,2,0.18685385584831238,0.24611413478851318,0.567031979560852,0.567031979560852,gov,True,False
161832,2025-10,gov,0,0.691567599773407,0.08323021233081818,0.22520211338996887,0.691567599773407,gov,True,False
161833,2025-10,gov,0,0.6904204487800598,0.06674124300479889,0.2428382933139801,0.6904204487800598,gov,True,False
161834,2025-10,uncertain,2,0.15731005370616913,0.18883350491523743,0.6538564562797546,0.6538564562797546,gov,True,False
161837,2025-10,gov,0,0.505118727684021,0.23434114456176758,0.2605401575565338,0.505118727684021,opo,True,False
161839,2025-10,opo,1,0.16025583446025848,0.7731789946556091,0.06656518578529358,0.7731789946556091,opo,True,False
162547,2025-10,opo,1,0.14136190712451935,0.6929106712341309,0.16572745144367218,0.6929106712341309,opo,True,False
162548,2025-10,uncertain,2,0.12709717452526093,0.22975561022758484,0.6431472301483154,0.6431472301483154,opo,True,False
162549,2025-10,uncertain,2,0.02541169337928295,0.10609757900238037,0.8684907555580139,0.8684907555580139,uncertain,True,False
162550,2025-10,opo,1,0.14301735162734985,0.6849828958511353,0.1719997525215149,0.6849828958511353,opo,True,False
162551,2025-10,gov,0,0.5935153961181641,0.0892098993062973,0.31727463006973267,0.5935153961181641,gov,True,False
162552,2025-10,gov,0,0.8388934135437012,0.03216184303164482,0.12894469499588013,0.8388934135437012,gov,True,False
162553,2025-10,gov,0,0.7575805187225342,0.18074429035186768,0.06167517602443695,0.7575805187225342,gov,True,False
162554,2025-10,uncertain,2,0.09104379266500473,0.18590860068798065,0.7230476140975952,0.7230476140975952,uncertain,True,False
162555,2025-10,uncertain,2,0.04673943668603897,0.032395441085100174,0.9208651185035706,0.9208651185035706,gov,True,False
162556,2025-10,uncertain,2,0.2847156822681427,0.1989244669675827,0.5163598656654358,0.5163598656654358,gov,True,False
162558,2025-10,opo,1,0.04673590138554573,0.9058509469032288,0.04741320013999939,0.9058509469032288,opo,True,False
162559,2025-10,opo,1,0.04520992562174797,0.906333327293396,0.04845677316188812,0.906333327293396,opo,True,False
163267,2025-10,opo,1,0.09158921986818314,0.707372784614563,0.20103803277015686,0.707372784614563,opo,True,False
163268,2025-10,opo,1,0.19218602776527405,0.4136751890182495,0.3941388428211212,0.4136751890182495,uncertain,True,False
163269,2025-10,uncertain,2,0.07136987149715424,0.0356738418340683,0.8929562568664551,0.8929562568664551,gov,True,False
163271,2025-10,gov,0,0.6886962056159973,0.12354107201099396,0.18776269257068634,0.6886962056159973,gov,True,False
163272,2025-10,uncertain,2,0.10223321616649628,0.03935575857758522,0.8584110140800476,0.8584110140800476,uncertain,True,False
163274,2025-10,uncertain,2,0.03255949914455414,0.02865157276391983,0.938788890838623,0.938788890838623,uncertain,True,False
163275,2025-10,uncertain,2,0.04049843177199364,0.005701273214071989,0.9538003206253052,0.9538003206253052,uncertain,True,False
163276,2025-10,uncertain,2,0.1344165802001953,0.03472530096769333,0.830858051776886,0.830858051776886,uncertain,True,False
163278,2025-10,opo,1,0.09071246534585953,0.8205193877220154,0.08876808732748032,0.8205193877220154,opo,True,False
163988,2025-10,opo,1,0.16009509563446045,0.6080748438835144,0.23183003067970276,0.6080748438835144,opo,True,False
163989,2025-10,uncertain,2,0.2852371633052826,0.2660565674304962,0.4487062990665436,0.4487062990665436,gov,True,False
163992,2025-10,uncertain,2,0.42549002170562744,0.10386169701814651,0.47064822912216187,0.47064822912216187,gov,True,False
163993,2025-10,gov,0,0.6763824224472046,0.1545962244272232,0.169021338224411,0.6763824224472046,opo,True,False
163996,2025-10,uncertain,2,0.3818879723548889,0.11557431519031525,0.502537727355957,0.502537727355957,gov,True,False
163998,2025-10,gov,0,0.45739319920539856,0.4289126992225647,0.11369408667087555,0.45739319920539856,gov,True,False
164709,2025-10,opo,1,0.371134877204895,0.3789041042327881,0.24996104836463928,0.3789041042327881,gov,True,False
164710,2025-10,gov,0,0.5737685561180115,0.37050729990005493,0.05572415888309479,0.5737685561180115,gov,True,False
164711,2025-10,opo,1,0.3525340259075165,0.4210323095321655,0.2264336347579956,0.4210323095321655,opo,True,False
164712,2025-10,opo,1,0.42691078782081604,0.4929937422275543,0.08009548485279083,0.4929937422275543,opo,True,False
164713,2025-10,opo,1,0.20413827896118164,0.4848985970020294,0.31096306443214417,0.4848985970020294,opo,True,False
164714,2025-10,uncertain,2,0.23294460773468018,0.32618042826652527,0.4408749043941498,0.4408749043941498,gov,True,False
164715,2025-10,opo,1,0.14707565307617188,0.5218000411987305,0.33112433552742004,0.5218000411987305,opo,True,False
164716,2025-10,opo,1,0.18673843145370483,0.6546169519424438,0.15864461660385132,0.6546169519424438,opo,True,False
165430,2025-10,gov,0,0.40597623586654663,0.2537846863269806,0.3402390480041504,0.40597623586654663,gov,True,False
165433,2025-10,opo,1,0.12454245984554291,0.7026680111885071,0.1727895885705948,0.7026680111885071,gov,True,False
165435,2025-10,opo,1,0.180613711476326,0.6377085447311401,0.18167780339717865,0.6377085447311401,opo,True,False
165436,2025-10,opo,1,0.15626032650470734,0.6944282054901123,0.14931149780750275,0.6944282054901123,opo,True,False
166150,2025-10,gov,0,0.5367695689201355,0.3546715974807739,0.10855880379676819,0.5367695689201355,gov,True,False
166152,2025-10,opo,1,0.15171095728874207,0.6286742091178894,0.21961483359336853,0.6286742091178894,opo,True,False
166154,2025-10,opo,1,0.2694095969200134,0.5344667434692383,0.1961236596107483,0.5344667434692383,gov,True,False
166155,2025-10,opo,1,0.24766765534877777,0.6420363187789917,0.11029598116874695,0.6420363187789917,gov,True,False
166156,2025-10,opo,1,0.22356778383255005,0.598021924495697,0.17841027677059174,0.598021924495697,opo,True,False
166157,2025-10,opo,1,0.34258684515953064,0.43741780519485474,0.21999533474445343,0.43741780519485474,opo,True,False
166873,2025-10,uncertain,2,0.299817830324173,0.1369040310382843,0.563278079032898,0.563278079032898,gov,True,False
166876,2025-10,opo,1,0.3086855709552765,0.5643078088760376,0.1270066201686859,0.5643078088760376,opo,True,False
166877,2025-10,opo,1,0.238402858376503,0.6358205676078796,0.12577663362026215,0.6358205676078796,opo,True,False
167591,2025-10,gov,0,0.5553067326545715,0.15613198280334473,0.28856125473976135,0.5553067326545715,gov,True,False
167592,2025-10,uncertain,2,0.28880470991134644,0.08206237852573395,0.6291329264640808,0.6291329264640808,gov,True,False
167594,2025-10,gov,0,0.4991971552371979,0.08470599353313446,0.41609686613082886,0.4991971552371979,gov,True,False
167597,2025-10,opo,1,0.16978536546230316,0.742439329624176,0.0877753496170044,0.742439329624176,opo,True,False
168313,2025-10,uncertain,2,0.4378449320793152,0.04668837785720825,0.5154666900634766,0.5154666900634766,gov,True,False
168316,2025-10,opo,1,0.3813421130180359,0.4689576327800751,0.14970028400421143,0.4689576327800751,opo,True,False
168318,2025-10,opo,1,0.19842669367790222,0.4691021740436554,0.3324711322784424,0.4691021740436554,opo,True,False
169035,2025-10,gov,0,0.7450293302536011,0.0631331279873848,0.1918375939130783,0.7450293302536011,gov,True,False
169036,2025-10,gov,0,0.8364591002464294,0.08265650272369385,0.08088444173336029,0.8364591002464294,gov,True,False
169037,2025-10,gov,0,0.7437536716461182,0.09256716072559357,0.16367924213409424,0.7437536716461182,gov,True,False
169756,2025-10,gov,0,0.8026326298713684,0.04475425183773041,0.15261317789554596,0.8026326298713684,gov,True,False
143838,2025-11,gov,0,0.5375528931617737,0.25355133414268494,0.20889580249786377,0.5375528931617737,gov,True,False
145998,2025-11,gov,0,0.4337230622768402,0.26776233315467834,0.29851463437080383,0.4337230622768402,gov,True,False
147437,2025-11,gov,0,0.7120012044906616,0.07646126300096512,0.21153756976127625,0.7120012044906616,gov,True,False
147438,2025-11,gov,0,0.675877571105957,0.0794985219836235,0.24462394416332245,0.675877571105957,gov,True,False
147439,2025-11,gov,0,0.5194337964057922,0.06183316558599472,0.41873306035995483,0.5194337964057922,gov,True,False
148158,2025-11,uncertain,2,0.39097580313682556,0.13293275237083435,0.4760914742946625,0.4760914742946625,gov,True,False
149597,2025-11,uncertain,2,0.24736829102039337,0.11888173222541809,0.6337499618530273,0.6337499618530273,uncertain,True,False
150307,2025-11,opo,1,0.06821876764297485,0.4745018482208252,0.4572794735431671,0.4745018482208252,gov,True,False
150317,2025-11,uncertain,2,0.11387795954942703,0.03207920864224434,0.8540427684783936,0.8540427684783936,gov,True,False
151756,2025-11,uncertain,2,0.226472869515419,0.113174207508564,0.6603529453277588,0.6603529453277588,gov,True,False
151757,2025-11,uncertain,2,0.13637149333953857,0.0852188766002655,0.7784096002578735,0.7784096002578735,uncertain,True,False
152476,2025-11,uncertain,2,0.2643725574016571,0.10940428823232651,0.6262231469154358,0.6262231469154358,gov,True,False
153190,2025-11,gov,0,0.5163993835449219,0.08537169545888901,0.3982289433479309,0.5163993835449219,gov,True,False
153191,2025-11,gov,0,0.6656977534294128,0.09287525713443756,0.24142694473266602,0.6656977534294128,gov,True,False
153192,2025-11,gov,0,0.89356929063797,0.04418168216943741,0.062249019742012024,0.89356929063797,gov,True,False
153193,2025-11,gov,0,0.8786001205444336,0.046610888093709946,0.07478897273540497,0.8786001205444336,gov,True,False
153196,2025-11,gov,0,0.49395713210105896,0.1637812852859497,0.34226155281066895,0.49395713210105896,gov,True,False
153197,2025-11,uncertain,2,0.34626689553260803,0.1402275264263153,0.5135055184364319,0.5135055184364319,uncertain,True,False
153910,2025-11,uncertain,2,0.3554765582084656,0.24691402912139893,0.3976093828678131,0.3976093828678131,gov,True,False
153911,2025-11,gov,0,0.5688488483428955,0.22416812181472778,0.2069830745458603,0.5688488483428955,gov,True,False
153912,2025-11,gov,0,0.5424072742462158,0.160666361451149,0.29692643880844116,0.5424072742462158,gov,True,False
153913,2025-11,gov,0,0.7899547815322876,0.10196074843406677,0.10808446258306503,0.7899547815322876,gov,True,False
153914,2025-11,gov,0,0.6628742218017578,0.17027929425239563,0.16684645414352417,0.6628742218017578,gov,True,False
153915,2025-11,uncertain,2,0.39465847611427307,0.17539295554161072,0.4299485385417938,0.4299485385417938,gov,True,False
153916,2025-11,gov,0,0.36745062470436096,0.271942138671875,0.3606072962284088,0.36745062470436096,gov,True,False
153917,2025-11,uncertain,2,0.36455246806144714,0.2160760909318924,0.4193713963031769,0.4193713963031769,gov,True,False
153918,2025-11,uncertain,2,0.2866585850715637,0.30127397179603577,0.4120674431324005,0.4120674431324005,opo,True,False
154630,2025-11,gov,0,0.8597709536552429,0.05056533217430115,0.08966363221406937,0.8597709536552429,gov,True,False
154631,2025-11,gov,0,0.8751318454742432,0.0776369720697403,0.04723121225833893,0.8751318454742432,gov,True,False
154632,2025-11,gov,0,0.8485031723976135,0.03975102677941322,0.11174575239419937,0.8485031723976135,gov,True,False
154633,2025-11,gov,0,0.9022585153579712,0.032614950090646744,0.06512651592493057,0.9022585153579712,gov,True,False
154634,2025-11,gov,0,0.8443944454193115,0.0795094296336174,0.07609603554010391,0.8443944454193115,gov,True,False
154635,2025-11,gov,0,0.5566112995147705,0.12039612233638763,0.32299259305000305,0.5566112995147705,gov,True,False
154636,2025-11,uncertain,2,0.3397790789604187,0.17885085940361023,0.48137006163597107,0.48137006163597107,gov,True,False
155350,2025-11,gov,0,0.844585120677948,0.07026433199644089,0.08515048772096634,0.844585120677948,opo,True,False
155351,2025-11,gov,0,0.8052170872688293,0.11502204835414886,0.07976090162992477,0.8052170872688293,gov,True,False
155352,2025-11,gov,0,0.6421868205070496,0.2267339676618576,0.13107925653457642,0.6421868205070496,gov,True,False
155354,2025-11,gov,0,0.5475901961326599,0.11549706012010574,0.33691275119781494,0.5475901961326599,gov,True,False
156069,2025-11,opo,1,0.22377780079841614,0.6100155711174011,0.16620664298534393,0.6100155711174011,opo,True,False
156071,2025-11,gov,0,0.7947256565093994,0.08983676135540009,0.11543753743171692,0.7947256565093994,gov,True,False
156072,2025-11,gov,0,0.5167509317398071,0.20624198019504547,0.2770070433616638,0.5167509317398071,gov,True,False
156073,2025-11,gov,0,0.6951746344566345,0.12945587933063507,0.17536954581737518,0.6951746344566345,gov,True,False
156074,2025-11,gov,0,0.6135115623474121,0.042864635586738586,0.3436237871646881,0.6135115623474121,gov,True,False
156075,2025-11,uncertain,2,0.2406235784292221,0.18658854067325592,0.5727879405021667,0.5727879405021667,uncertain,True,False
156788,2025-11,opo,1,0.1554279625415802,0.6926625370979309,0.1519095003604889,0.6926625370979309,gov,True,False
156789,2025-11,opo,1,0.24907585978507996,0.5892775654792786,0.16164660453796387,0.5892775654792786,opo,True,False
156791,2025-11,gov,0,0.8624511957168579,0.05599932745099068,0.08154948055744171,0.8624511957168579,gov,True,False
156792,2025-11,gov,0,0.8208257555961609,0.07915360480546951,0.10002065449953079,0.8208257555961609,gov,True,False
156793,2025-11,gov,0,0.7515889406204224,0.054359447211027145,0.1940515786409378,0.7515889406204224,gov,True,False
156794,2025-11,gov,0,0.5949414372444153,0.15346167981624603,0.2515968084335327,0.5949414372444153,gov,True,False
156795,2025-11,uncertain,2,0.11614111810922623,0.4123305678367615,0.4715282917022705,0.4715282917022705,opo,True,False
156796,2025-11,opo,1,0.081657774746418,0.8392717838287354,0.07907044142484665,0.8392717838287354,opo,True,False
157508,2025-11,opo,1,0.02830354869365692,0.883051872253418,0.08864457160234451,0.883051872253418,gov,True,False
157509,2025-11,opo,1,0.09453538805246353,0.8293607234954834,0.07610391825437546,0.8293607234954834,opo,True,False
157510,2025-11,uncertain,2,0.31561076641082764,0.2942250072956085,0.3901642858982086,0.3901642858982086,gov,True,False
157511,2025-11,uncertain,2,0.28460073471069336,0.1841580718755722,0.5312411785125732,0.5312411785125732,gov,True,False
157513,2025-11,uncertain,2,0.4282885193824768,0.025525398552417755,0.546186089515686,0.546186089515686,uncertain,True,False
157514,2025-11,uncertain,2,0.32829034328460693,0.11737136542797089,0.554338276386261,0.554338276386261,gov,True,False
157515,2025-11,uncertain,2,0.07469049841165543,0.1341516077518463,0.7911578416824341,0.7911578416824341,gov,True,False
158229,2025-11,opo,1,0.1397855132818222,0.5503154993057251,0.3098990023136139,0.5503154993057251,opo,True,False
158231,2025-11,uncertain,2,0.44914525747299194,0.04729011654853821,0.5035646557807922,0.5035646557807922,gov,True,False
158233,2025-11,gov,0,0.8223320841789246,0.04763287678360939,0.13003505766391754,0.8223320841789246,gov,True,False
158235,2025-11,opo,1,0.29962682723999023,0.3529166877269745,0.34745651483535767,0.3529166877269745,opo,True,False
158236,2025-11,opo,1,0.07536481320858002,0.8579801321029663,0.06665507704019547,0.8579801321029663,opo,True,False
158237,2025-11,opo,1,0.04381406307220459,0.9276573657989502,0.028528615832328796,0.9276573657989502,opo,True,False
158238,2025-11,opo,1,0.235127791762352,0.6554217338562012,0.10945049673318863,0.6554217338562012,gov,True,False
158946,2025-11,opo,1,0.04105294123291969,0.9222733974456787,0.03667359799146652,0.9222733974456787,gov,True,False
158947,2025-11,opo,1,0.04940590262413025,0.9142261147499084,0.03636797145009041,0.9142261147499084,opo,True,False
158949,2025-11,uncertain,2,0.2861769497394562,0.34577804803848267,0.36804500222206116,0.36804500222206116,gov,True,False
158950,2025-11,gov,0,0.6671995520591736,0.24044188857078552,0.09235851466655731,0.6671995520591736,gov,True,False
158951,2025-11,uncertain,2,0.4075721204280853,0.11828503012657166,0.47414278984069824,0.47414278984069824,gov,True,False
158952,2025-11,gov,0,0.7147131562232971,0.08458133786916733,0.20070549845695496,0.7147131562232971,gov,True,False
158953,2025-11,gov,0,0.7699504494667053,0.0581582635641098,0.17189130187034607,0.7699504494667053,gov,True,False
158954,2025-11,gov,0,0.5827537775039673,0.19915257394313812,0.2180936485528946,0.5827537775039673,gov,True,False
158955,2025-11,gov,0,0.6426233649253845,0.1859312653541565,0.1714453548192978,0.6426233649253845,gov,True,False
158956,2025-11,gov,0,0.6013708710670471,0.2945118844509125,0.10411728173494339,0.6013708710670471,gov,True,False
158957,2025-11,gov,0,0.6569800972938538,0.29986289143562317,0.04315700754523277,0.6569800972938538,gov,True,False
158958,2025-11,gov,0,0.7782313823699951,0.1743825227022171,0.04738613963127136,0.7782313823699951,gov,True,False
158960,2025-11,gov,0,0.6024660468101501,0.18770353496074677,0.2098303884267807,0.6024660468101501,gov,True,False
159665,2025-11,uncertain,2,0.13274821639060974,0.40750786662101746,0.459743857383728,0.459743857383728,opo,True,False
159666,2025-11,opo,1,0.013333270326256752,0.9436904788017273,0.04297627881169319,0.9436904788017273,opo,True,False
159667,2025-11,opo,1,0.01125781238079071,0.9556965231895447,0.033045653253793716,0.9556965231895447,opo,True,False
159668,2025-11,opo,1,0.047899190336465836,0.7837596535682678,0.16834113001823425,0.7837596535682678,opo,True,False
159670,2025-11,uncertain,2,0.38957980275154114,0.04596145823597908,0.5644587874412537,0.5644587874412537,gov,True,False
159671,2025-11,gov,0,0.7070645689964294,0.027093971148133278,0.26584136486053467,0.7070645689964294,gov,True,False
159672,2025-11,gov,0,0.8857113718986511,0.013317395932972431,0.10097118467092514,0.8857113718986511,gov,True,False
159673,2025-11,gov,0,0.9374038577079773,0.017729051411151886,0.04486704245209694,0.9374038577079773,gov,True,False
159674,2025-11,gov,0,0.7059381604194641,0.07332134991884232,0.22074051201343536,0.7059381604194641,gov,True,False
159675,2025-11,gov,0,0.6001779437065125,0.08736281096935272,0.31245920062065125,0.6001779437065125,gov,True,False
159676,2025-11,gov,0,0.697137713432312,0.163087397813797,0.1397748589515686,0.697137713432312,gov,True,False
159679,2025-11,gov,0,0.5135126709938049,0.34463417530059814,0.1418532133102417,0.5135126709938049,gov,True,False
159680,2025-11,gov,0,0.49126681685447693,0.25554603338241577,0.2531871795654297,0.49126681685447693,gov,True,False
160386,2025-11,opo,1,0.0201595239341259,0.8979042768478394,0.08193622529506683,0.8979042768478394,opo,True,False
160388,2025-11,opo,1,0.03177857771515846,0.6901405453681946,0.27808088064193726,0.6901405453681946,opo,True,False
160389,2025-11,uncertain,2,0.02042502537369728,0.042188361287117004,0.9373865723609924,0.9373865723609924,uncertain,True,False
160390,2025-11,uncertain,2,0.06753049790859222,0.07322268933057785,0.8592467904090881,0.8592467904090881,uncertain,True,False
160391,2025-11,gov,0,0.4448021948337555,0.23158913850784302,0.32360875606536865,0.4448021948337555,gov,True,False
160392,2025-11,gov,0,0.9666287302970886,0.01652567647397518,0.01684560813009739,0.9666287302970886,gov,True,False
160393,2025-11,gov,0,0.8870553970336914,0.027987059205770493,0.08495748788118362,0.8870553970336914,gov,True,False
160394,2025-11,gov,0,0.764560341835022,0.03269308805465698,0.20274652540683746,0.764560341835022,gov,True,False
160396,2025-11,gov,0,0.6678715944290161,0.067036934196949,0.2650914788246155,0.6678715944290161,gov,True,False
160397,2025-11,gov,0,0.5240879058837891,0.053601622581481934,0.422310471534729,0.5240879058837891,gov,True,False
160399,2025-11,gov,0,0.8075745701789856,0.10640856623649597,0.08601691573858261,0.8075745701789856,gov,True,False
160400,2025-11,gov,0,0.7292295098304749,0.09526020288467407,0.1755102574825287,0.7292295098304749,gov,True,False
161107,2025-11,opo,1,0.017246929928660393,0.9458345770835876,0.0369185209274292,0.9458345770835876,opo,True,False
161109,2025-11,uncertain,2,0.019475214183330536,0.006494448520243168,0.9740303158760071,0.9740303158760071,uncertain,True,False
161110,2025-11,uncertain,2,0.23033879697322845,0.0331152118742466,0.7365460395812988,0.7365460395812988,gov,True,False
161111,2025-11,gov,0,0.7675442099571228,0.0966746136546135,0.13578112423419952,0.7675442099571228,gov,True,False
161112,2025-11,gov,0,0.9840918779373169,0.005898543167859316,0.010009638033807278,0.9840918779373169,gov,True,False
161113,2025-11,gov,0,0.7881895899772644,0.03618202358484268,0.17562837898731232,0.7881895899772644,gov,True,False
161116,2025-11,gov,0,0.7356674075126648,0.01770145446062088,0.24663111567497253,0.7356674075126648,gov,True,False
161117,2025-11,uncertain,2,0.40692389011383057,0.02893914096057415,0.5641369819641113,0.5641369819641113,gov,True,False
161118,2025-11,gov,0,0.6725202202796936,0.10996714234352112,0.21751271188259125,0.6725202202796936,gov,True,False
161119,2025-11,gov,0,0.7275792360305786,0.16428478062152863,0.10813598334789276,0.7275792360305786,gov,True,False
161120,2025-11,gov,0,0.7774982452392578,0.06280019134283066,0.15970157086849213,0.7774982452392578,gov,True,False
161827,2025-11,opo,1,0.024258458986878395,0.9288039207458496,0.04693761467933655,0.9288039207458496,opo,True,False
161829,2025-11,uncertain,2,0.01837259717285633,0.03863487020134926,0.9429925680160522,0.9429925680160522,uncertain,True,False
161830,2025-11,uncertain,2,0.013826463371515274,0.061292245984077454,0.9248813390731812,0.9248813390731812,uncertain,True,False
161831,2025-11,uncertain,2,0.2901267409324646,0.060373999178409576,0.6494992971420288,0.6494992971420288,gov,True,False
161832,2025-11,gov,0,0.8682802319526672,0.03523603081703186,0.09648365527391434,0.8682802319526672,gov,True,False
161833,2025-11,uncertain,2,0.4326603412628174,0.12324979156255722,0.4440898597240448,0.4440898597240448,gov,True,False
161834,2025-11,uncertain,2,0.15954181551933289,0.17966917157173157,0.6607890129089355,0.6607890129089355,gov,True,False
161837,2025-11,opo,1,0.33451753854751587,0.34317460656166077,0.32230788469314575,0.34317460656166077,opo,True,False
161839,2025-11,opo,1,0.18042777478694916,0.7768165469169617,0.04275566339492798,0.7768165469169617,opo,True,False
162547,2025-11,opo,1,0.05462076514959335,0.7905173301696777,0.15486188232898712,0.7905173301696777,opo,True,False
162548,2025-11,uncertain,2,0.09072607755661011,0.20480133593082428,0.7044726014137268,0.7044726014137268,opo,True,False
162549,2025-11,uncertain,2,0.18800531327724457,0.17440010607242584,0.6375945806503296,0.6375945806503296,uncertain,True,False
162550,2025-11,uncertain,2,0.134134441614151,0.37259700894355774,0.49326854944229126,0.49326854944229126,opo,True,False
162551,2025-11,gov,0,0.46442264318466187,0.10852587223052979,0.42705145478248596,0.46442264318466187,gov,True,False
162552,2025-11,gov,0,0.8772010803222656,0.048923056572675705,0.07387581467628479,0.8772010803222656,gov,True,False
162553,2025-11,gov,0,0.6650633811950684,0.2865256369113922,0.04841102287173271,0.6650633811950684,opo,True,False
162554,2025-11,uncertain,2,0.09325284510850906,0.185469850897789,0.7212772965431213,0.7212772965431213,uncertain,True,False
162555,2025-11,uncertain,2,0.10771332681179047,0.05291088670492172,0.8393758535385132,0.8393758535385132,gov,True,False
162556,2025-11,uncertain,2,0.34031882882118225,0.2500392198562622,0.40964192152023315,0.40964192152023315,gov,True,False
162558,2025-11,opo,1,0.025084497407078743,0.9449134469032288,0.030002033337950706,0.9449134469032288,opo,True,False
162559,2025-11,opo,1,0.1092558354139328,0.8259470462799072,0.06479713320732117,0.8259470462799072,opo,True,False
163267,2025-11,opo,1,0.0837525725364685,0.756736159324646,0.1595112532377243,0.756736159324646,opo,True,False
163268,2025-11,uncertain,2,0.10795220732688904,0.2655775249004364,0.6264702081680298,0.6264702081680298,uncertain,True,False
163269,2025-11,uncertain,2,0.18084441125392914,0.12852852046489716,0.6906270980834961,0.6906270980834961,uncertain,True,False
163271,2025-11,gov,0,0.4750617444515228,0.08082353323698044,0.4441147744655609,0.4750617444515228,gov,True,False
163272,2025-11,uncertain,2,0.19055460393428802,0.05397326871752739,0.7554721832275391,0.7554721832275391,uncertain,True,False
163274,2025-11,uncertain,2,0.0629662349820137,0.05129234120249748,0.8857414126396179,0.8857414126396179,uncertain,True,False
163275,2025-11,uncertain,2,0.03133104741573334,0.010806216858327389,0.9578626751899719,0.9578626751899719,uncertain,True,False
163276,2025-11,uncertain,2,0.18659237027168274,0.05111230909824371,0.7622952461242676,0.7622952461242676,uncertain,True,False
163278,2025-11,opo,1,0.12072083353996277,0.7393537759780884,0.13992539048194885,0.7393537759780884,opo,True,False
163988,2025-11,opo,1,0.08569750189781189,0.8070021271705627,0.10730035603046417,0.8070021271705627,opo,True,False
163989,2025-11,opo,1,0.16420693695545197,0.6926754117012024,0.14311771094799042,0.6926754117012024,gov,True,False
163992,2025-11,uncertain,2,0.34925493597984314,0.12663403153419495,0.5241110324859619,0.5241110324859619,gov,True,False
163993,2025-11,gov,0,0.6783823370933533,0.07719063758850098,0.24442705512046814,0.6783823370933533,opo,True,False
163996,2025-11,uncertain,2,0.43182241916656494,0.08983955532312393,0.47833797335624695,0.47833797335624695,gov,True,False
163998,2025-11,gov,0,0.5586389899253845,0.3535805642604828,0.08778039366006851,0.5586389899253845,gov,True,False
164709,2025-11,gov,0,0.469032883644104,0.4413171708583832,0.08964994549751282,0.469032883644104,gov,True,False
164710,2025-11,gov,0,0.8168625831604004,0.1267697960138321,0.05636764317750931,0.8168625831604004,gov,True,False
164711,2025-11,gov,0,0.6680423617362976,0.17436222732067108,0.1575954109430313,0.6680423617362976,opo,True,False
164712,2025-11,gov,0,0.49311986565589905,0.3166414201259613,0.19023872911930084,0.49311986565589905,opo,True,False
164713,2025-11,gov,0,0.4629330635070801,0.21904616057872772,0.3180207312107086,0.4629330635070801,opo,True,False
164714,2025-11,gov,0,0.4390791356563568,0.1497364640235901,0.4111844003200531,0.4390791356563568,gov,True,False
164715,2025-11,gov,0,0.4324788451194763,0.3417670428752899,0.22575409710407257,0.4324788451194763,opo,True,False
164716,2025-11,gov,0,0.46706682443618774,0.3872011601924896,0.14573203027248383,0.46706682443618774,opo,True,False
165430,2025-11,gov,0,0.636626660823822,0.1932002305984497,0.17017307877540588,0.636626660823822,gov,True,False
165433,2025-11,gov,0,0.37027546763420105,0.3122875690460205,0.31743696331977844,0.37027546763420105,gov,True,False
165435,2025-11,opo,1,0.31059661507606506,0.5309059619903564,0.1584973782300949,0.5309059619903564,opo,True,False
165436,2025-11,opo,1,0.16167941689491272,0.8048561811447144,0.03346435725688934,0.8048561811447144,opo,True,False
166150,2025-11,gov,0,0.6195104718208313,0.24437983334064484,0.13610967993736267,0.6195104718208313,gov,True,False
166152,2025-11,opo,1,0.22352710366249084,0.5319490432739258,0.24452385306358337,0.5319490432739258,opo,True,False
166154,2025-11,opo,1,0.27213847637176514,0.45825982093811035,0.2696017026901245,0.45825982093811035,gov,True,False
166155,2025-11,opo,1,0.2395448088645935,0.496891051530838,0.2635641396045685,0.496891051530838,gov,True,False
166156,2025-11,opo,1,0.1338060200214386,0.8292626738548279,0.03693128004670143,0.8292626738548279,opo,True,False
166157,2025-11,opo,1,0.17026448249816895,0.7650516629219055,0.06468380987644196,0.7650516629219055,opo,True,False
166873,2025-11,uncertain,2,0.24212433397769928,0.2339000701904297,0.5239755511283875,0.5239755511283875,gov,True,False
166876,2025-11,opo,1,0.21260982751846313,0.6751827001571655,0.11220750957727432,0.6751827001571655,opo,True,False
166877,2025-11,opo,1,0.22701770067214966,0.6865540146827698,0.08642826974391937,0.6865540146827698,opo,True,False
167591,2025-11,uncertain,2,0.3681231737136841,0.22213034331798553,0.4097464382648468,0.4097464382648468,gov,True,False
167592,2025-11,uncertain,2,0.3719901740550995,0.22922033071517944,0.39878952503204346,0.39878952503204346,gov,True,False
167594,2025-11,gov,0,0.41436946392059326,0.20565731823444366,0.37997329235076904,0.41436946392059326,gov,True,False
167597,2025-11,opo,1,0.22555194795131683,0.5504431128501892,0.22400490939617157,0.5504431128501892,opo,True,False
168313,2025-11,gov,0,0.41840997338294983,0.16557548940181732,0.41601458191871643,0.41840997338294983,gov,True,False
168316,2025-11,opo,1,0.3790527582168579,0.42456474900245667,0.19638249278068542,0.42456474900245667,opo,True,False
168318,2025-11,opo,1,0.18526870012283325,0.5233500003814697,0.291381299495697,0.5233500003814697,opo,True,False
169035,2025-11,gov,0,0.7463481426239014,0.10165174305438995,0.15200011432170868,0.7463481426239014,gov,True,False
169036,2025-11,gov,0,0.7282112240791321,0.16928769648075104,0.1025010272860527,0.7282112240791321,gov,True,False
169037,2025-11,gov,0,0.6898811459541321,0.14937244355678558,0.16074635088443756,0.6898811459541321,gov,True,False
169756,2025-11,gov,0,0.720838725566864,0.12749142944812775,0.15166981518268585,0.720838725566864,gov,True,False
143838,2025-12,opo,1,0.3924473226070404,0.438822478055954,0.1687302589416504,0.438822478055954,gov,True,False
145998,2025-12,gov,0,0.46415847539901733,0.12420825660228729,0.4116332232952118,0.46415847539901733,gov,True,False
147437,2025-12,gov,0,0.5233099460601807,0.1716843694448471,0.3050056993961334,0.5233099460601807,gov,True,False
147438,2025-12,gov,0,0.6491749882698059,0.13526274263858795,0.21556222438812256,0.6491749882698059,gov,True,False
147439,2025-12,gov,0,0.4890790283679962,0.10789792239665985,0.4030231237411499,0.4890790283679962,gov,True,False
148158,2025-12,uncertain,2,0.35750657320022583,0.13905365765094757,0.503439724445343,0.503439724445343,gov,True,False
149597,2025-12,uncertain,2,0.2699037790298462,0.28815793991088867,0.4419383108615875,0.4419383108615875,uncertain,True,False
150307,2025-12,uncertain,2,0.2711901068687439,0.3362637758255005,0.3925460875034332,0.3925460875034332,gov,True,False
150317,2025-12,uncertain,2,0.3349588215351105,0.10201127082109451,0.563029944896698,0.563029944896698,gov,True,False
151756,2025-12,uncertain,2,0.2840370237827301,0.2444673478603363,0.47149568796157837,0.47149568796157837,gov,True,False
151757,2025-12,uncertain,2,0.1382305771112442,0.1889638453722,0.6728056073188782,0.6728056073188782,uncertain,True,False
152476,2025-12,uncertain,2,0.3277650773525238,0.23434700071811676,0.43788790702819824,0.43788790702819824,gov,True,False
153190,2025-12,gov,0,0.6820535063743591,0.037228718400001526,0.28071776032447815,0.6820535063743591,gov,True,False
153191,2025-12,gov,0,0.7296174764633179,0.07913666218519211,0.19124583899974823,0.7296174764633179,gov,True,False
153192,2025-12,gov,0,0.5691849589347839,0.09972064197063446,0.3310943841934204,0.5691849589347839,gov,True,False
153193,2025-12,gov,0,0.526401162147522,0.08261009305715561,0.39098867774009705,0.526401162147522,gov,True,False
153196,2025-12,gov,0,0.5101096034049988,0.2566094696521759,0.23328091204166412,0.5101096034049988,gov,True,False
153197,2025-12,uncertain,2,0.33755385875701904,0.22351214289665222,0.43893399834632874,0.43893399834632874,uncertain,True,False
153910,2025-12,gov,0,0.5453364849090576,0.14053875207901,0.3141247630119324,0.5453364849090576,gov,True,False
153911,2025-12,gov,0,0.6273223757743835,0.25586578249931335,0.11681181937456131,0.6273223757743835,gov,True,False
153912,2025-12,uncertain,2,0.35943999886512756,0.14439521729946136,0.4961647689342499,0.4961647689342499,gov,True,False
153913,2025-12,gov,0,0.5287551879882812,0.09209774434566498,0.37914711236953735,0.5287551879882812,gov,True,False
153914,2025-12,uncertain,2,0.3333267867565155,0.157986119389534,0.5086870789527893,0.5086870789527893,gov,True,False
153915,2025-12,uncertain,2,0.3579060733318329,0.21391253173351288,0.42818140983581543,0.42818140983581543,gov,True,False
153916,2025-12,uncertain,2,0.3791424334049225,0.23265331983566284,0.3882041871547699,0.3882041871547699,gov,True,False
153917,2025-12,uncertain,2,0.3736521303653717,0.2171286642551422,0.40921923518180847,0.40921923518180847,gov,True,False
153918,2025-12,gov,0,0.4304058253765106,0.24896731972694397,0.320626825094223,0.4304058253765106,opo,True,False
154630,2025-12,gov,0,0.7886760830879211,0.10614344477653503,0.1051805168390274,0.7886760830879211,gov,True,False
154631,2025-12,gov,0,0.7540913820266724,0.18223656713962555,0.06367204338312149,0.7540913820266724,gov,True,False
154632,2025-12,gov,0,0.7405793070793152,0.058320775628089905,0.20109984278678894,0.7405793070793152,gov,True,False
154633,2025-12,gov,0,0.7257334589958191,0.028367383405566216,0.24589912593364716,0.7257334589958191,gov,True,False
154634,2025-12,gov,0,0.5042428970336914,0.13647212088108063,0.35928499698638916,0.5042428970336914,gov,True,False
154635,2025-12,uncertain,2,0.390853613615036,0.11155787110328674,0.49758851528167725,0.49758851528167725,gov,True,False
154636,2025-12,uncertain,2,0.301778107881546,0.27723315358161926,0.4209887385368347,0.4209887385368347,gov,True,False
155350,2025-12,opo,1,0.4288943409919739,0.4462240934371948,0.1248815730214119,0.4462240934371948,opo,True,False
155351,2025-12,opo,1,0.4507735073566437,0.47191351652145386,0.07731302827596664,0.47191351652145386,gov,True,False
155352,2025-12,gov,0,0.7237064838409424,0.13772469758987427,0.13856881856918335,0.7237064838409424,gov,True,False
155354,2025-12,uncertain,2,0.45275360345840454,0.08782435953617096,0.4594220817089081,0.4594220817089081,gov,True,False
156069,2025-12,gov,0,0.6680201292037964,0.21213345229625702,0.1198463961482048,0.6680201292037964,opo,True,False
156071,2025-12,gov,0,0.7385866045951843,0.17036812007427216,0.09104537218809128,0.7385866045951843,gov,True,False
156072,2025-12,gov,0,0.6089171171188354,0.139701709151268,0.25138112902641296,0.6089171171188354,gov,True,False
156073,2025-12,gov,0,0.7274798154830933,0.11697760969400406,0.15554259717464447,0.7274798154830933,gov,True,False
156074,2025-12,uncertain,2,0.3049165904521942,0.11760066449642181,0.5774827599525452,0.5774827599525452,gov,True,False
156075,2025-12,uncertain,2,0.16251617670059204,0.29297390580177307,0.5445099472999573,0.5445099472999573,uncertain,True,False
156788,2025-12,gov,0,0.34312838315963745,0.3335583209991455,0.32331329584121704,0.34312838315963745,gov,True,False
156789,2025-12,gov,0,0.5953055620193481,0.22965475916862488,0.17503969371318817,0.5953055620193481,opo,True,False
156791,2025-12,gov,0,0.9113370776176453,0.04276019334793091,0.04590274766087532,0.9113370776176453,gov,True,False
156792,2025-12,gov,0,0.7696921229362488,0.06627073138952255,0.16403715312480927,0.7696921229362488,gov,True,False
156793,2025-12,gov,0,0.6859392523765564,0.1322636902332306,0.18179699778556824,0.6859392523765564,gov,True,False
156794,2025-12,gov,0,0.404366135597229,0.28774088621139526,0.3078930079936981,0.404366135597229,gov,True,False
156795,2025-12,opo,1,0.11013982445001602,0.511650800704956,0.3782093822956085,0.511650800704956,opo,True,False
156796,2025-12,opo,1,0.07320094108581543,0.8935223817825317,0.033276624977588654,0.8935223817825317,opo,True,False
157508,2025-12,opo,1,0.25780391693115234,0.4926482141017914,0.2495478242635727,0.4926482141017914,gov,True,False
157509,2025-12,opo,1,0.3317549228668213,0.507766604423523,0.16047847270965576,0.507766604423523,opo,True,False
157510,2025-12,gov,0,0.5749728679656982,0.15047189593315125,0.2745552659034729,0.5749728679656982,gov,True,False
157511,2025-12,gov,0,0.5224360227584839,0.0964762270450592,0.3810877203941345,0.5224360227584839,gov,True,False
157513,2025-12,uncertain,2,0.34593743085861206,0.08631004393100739,0.5677525401115417,0.5677525401115417,uncertain,True,False
157514,2025-12,uncertain,2,0.31703847646713257,0.24889254570007324,0.4340689778327942,0.4340689778327942,gov,True,False
157515,2025-12,opo,1,0.13579167425632477,0.5062582492828369,0.3579501211643219,0.5062582492828369,uncertain,True,False
158229,2025-12,gov,0,0.3649381697177887,0.33137819170951843,0.30368366837501526,0.3649381697177887,opo,True,False
158231,2025-12,gov,0,0.5323769450187683,0.10339288413524628,0.3642301857471466,0.5323769450187683,gov,True,False
158233,2025-12,gov,0,0.7443828582763672,0.09206653386354446,0.16355068981647491,0.7443828582763672,gov,True,False
158235,2025-12,opo,1,0.32987430691719055,0.4121514856815338,0.257974237203598,0.4121514856815338,opo,True,False
158236,2025-12,opo,1,0.17662453651428223,0.7032774686813354,0.12009800970554352,0.7032774686813354,opo,True,False
158237,2025-12,opo,1,0.18259267508983612,0.7419583201408386,0.07544901221990585,0.7419583201408386,opo,True,False
158238,2025-12,opo,1,0.2683494985103607,0.5330929160118103,0.19855761528015137,0.5330929160118103,gov,True,False
158946,2025-12,opo,1,0.0763000100851059,0.8837755918502808,0.039924394339323044,0.8837755918502808,gov,True,False
158947,2025-12,opo,1,0.04130910336971283,0.9124916791915894,0.04619927704334259,0.9124916791915894,opo,True,False
158949,2025-12,opo,1,0.2954638600349426,0.4032142460346222,0.3013218641281128,0.4032142460346222,gov,True,False
158950,2025-12,gov,0,0.4837382137775421,0.14180317521095276,0.37445852160453796,0.4837382137775421,gov,True,False
158951,2025-12,gov,0,0.5830034017562866,0.09657370299100876,0.3204229474067688,0.5830034017562866,gov,True,False
158952,2025-12,gov,0,0.5938069820404053,0.1935054212808609,0.21268750727176666,0.5938069820404053,gov,True,False
158953,2025-12,gov,0,0.6469926834106445,0.20513349771499634,0.14787381887435913,0.6469926834106445,gov,True,False
158954,2025-12,gov,0,0.5319525003433228,0.2777186632156372,0.19032877683639526,0.5319525003433228,gov,True,False
158955,2025-12,gov,0,0.6897379755973816,0.14969249069690704,0.16056954860687256,0.6897379755973816,gov,True,False
158956,2025-12,gov,0,0.7121351957321167,0.20780755579471588,0.08005726337432861,0.7121351957321167,gov,True,False
158957,2025-12,gov,0,0.695499062538147,0.24682940542697906,0.05767158418893814,0.695499062538147,gov,True,False
158958,2025-12,gov,0,0.6742443442344666,0.2817859947681427,0.04396959766745567,0.6742443442344666,gov,True,False
158960,2025-12,gov,0,0.553920567035675,0.18461579084396362,0.2614636719226837,0.553920567035675,gov,True,False
159665,2025-12,uncertain,2,0.09777747094631195,0.35903599858283997,0.5431864857673645,0.5431864857673645,opo,True,False
159666,2025-12,opo,1,0.024957897141575813,0.9139710068702698,0.061071112751960754,0.9139710068702698,opo,True,False
159667,2025-12,opo,1,0.013307117857038975,0.9517713189125061,0.03492150455713272,0.9517713189125061,opo,True,False
159668,2025-12,opo,1,0.13132698833942413,0.682506799697876,0.1861661970615387,0.682506799697876,opo,True,False
159670,2025-12,gov,0,0.5009579658508301,0.04375623166561127,0.45528584718704224,0.5009579658508301,gov,True,False
159671,2025-12,gov,0,0.7955062389373779,0.038175906985998154,0.16631777584552765,0.7955062389373779,gov,True,False
159672,2025-12,gov,0,0.8860315084457397,0.052863605320453644,0.06110494211316109,0.8860315084457397,gov,True,False
159673,2025-12,gov,0,0.7719088792800903,0.12302626669406891,0.10506488382816315,0.7719088792800903,gov,True,False
159674,2025-12,gov,0,0.5145782232284546,0.20375898480415344,0.28166285157203674,0.5145782232284546,gov,True,False
159675,2025-12,gov,0,0.47655192017555237,0.3109820485115051,0.21246600151062012,0.47655192017555237,gov,True,False
159676,2025-12,gov,0,0.6857612729072571,0.24561196565628052,0.0686267837882042,0.6857612729072571,gov,True,False
159679,2025-12,gov,0,0.5840733647346497,0.28747132420539856,0.12845531105995178,0.5840733647346497,gov,True,False
159680,2025-12,gov,0,0.5490182042121887,0.22398747503757477,0.2269943654537201,0.5490182042121887,gov,True,False
160386,2025-12,opo,1,0.017627255991101265,0.9233388304710388,0.05903393402695656,0.9233388304710388,opo,True,False
160388,2025-12,opo,1,0.05373934283852577,0.572338879108429,0.37392178177833557,0.572338879108429,opo,True,False
160389,2025-12,uncertain,2,0.09024223685264587,0.0754748061299324,0.8342829942703247,0.8342829942703247,uncertain,True,False
160390,2025-12,uncertain,2,0.14465145766735077,0.09841442108154297,0.7569341063499451,0.7569341063499451,uncertain,True,False
160391,2025-12,gov,0,0.4830159842967987,0.17309477925300598,0.34388917684555054,0.4830159842967987,gov,True,False
160392,2025-12,gov,0,0.9335916042327881,0.0422457717359066,0.024162694811820984,0.9335916042327881,gov,True,False
160393,2025-12,gov,0,0.8093630075454712,0.09574533998966217,0.09489172697067261,0.8093630075454712,gov,True,False
160394,2025-12,gov,0,0.4328438341617584,0.13486221432685852,0.4322938919067383,0.4328438341617584,gov,True,False
160396,2025-12,gov,0,0.7817711234092712,0.14185351133346558,0.07637537270784378,0.7817711234092712,gov,True,False
160397,2025-12,gov,0,0.6724332571029663,0.1482381522655487,0.17932859063148499,0.6724332571029663,gov,True,False
160399,2025-12,gov,0,0.6085451245307922,0.2046043574810028,0.18685053288936615,0.6085451245307922,gov,True,False
160400,2025-12,gov,0,0.6656603813171387,0.10497022420167923,0.22936943173408508,0.6656603813171387,gov,True,False
161107,2025-12,opo,1,0.020069098100066185,0.910070538520813,0.06986039131879807,0.910070538520813,opo,True,False
161109,2025-12,uncertain,2,0.08727076649665833,0.0901806429028511,0.8225485682487488,0.8225485682487488,uncertain,True,False
161110,2025-12,uncertain,2,0.31054168939590454,0.10665027052164078,0.5828079581260681,0.5828079581260681,gov,True,False
161111,2025-12,gov,0,0.7164573669433594,0.1511203497648239,0.13242225348949432,0.7164573669433594,gov,True,False
161112,2025-12,gov,0,0.9306374788284302,0.03929935023188591,0.030063167214393616,0.9306374788284302,gov,True,False
161113,2025-12,gov,0,0.6830288767814636,0.08910028636455536,0.22787080705165863,0.6830288767814636,gov,True,False
161116,2025-12,gov,0,0.8159563541412354,0.019274748861789703,0.16476894915103912,0.8159563541412354,gov,True,False
161117,2025-12,gov,0,0.574415922164917,0.04294273257255554,0.3826413154602051,0.574415922164917,gov,True,False
161118,2025-12,gov,0,0.5455143451690674,0.2585512697696686,0.19593438506126404,0.5455143451690674,gov,True,False
161119,2025-12,gov,0,0.5600023865699768,0.1996368169784546,0.24036088585853577,0.5600023865699768,gov,True,False
161120,2025-12,gov,0,0.7263949513435364,0.07064653933048248,0.20295844972133636,0.7263949513435364,gov,True,False
161827,2025-12,opo,1,0.02520679496228695,0.8958085179328918,0.07898464798927307,0.8958085179328918,opo,True,False
161829,2025-12,uncertain,2,0.0389462448656559,0.101373590528965,0.8596801161766052,0.8596801161766052,uncertain,True,False
161830,2025-12,uncertain,2,0.05603101849555969,0.32416850328445435,0.6198005080223083,0.6198005080223083,uncertain,True,False
161831,2025-12,uncertain,2,0.28624898195266724,0.2661128044128418,0.44763827323913574,0.44763827323913574,gov,True,False
161832,2025-12,gov,0,0.8307687640190125,0.08029565960168839,0.0889354795217514,0.8307687640190125,gov,True,False
161833,2025-12,gov,0,0.5525991320610046,0.1396595537662506,0.3077412545681,0.5525991320610046,gov,True,False
161834,2025-12,uncertain,2,0.2115715593099594,0.2690032720565796,0.5194251537322998,0.5194251537322998,gov,True,False
161837,2025-12,gov,0,0.4243927299976349,0.3164413273334503,0.2591659128665924,0.4243927299976349,opo,True,False
161839,2025-12,opo,1,0.3181314468383789,0.5063099265098572,0.17555858194828033,0.5063099265098572,opo,True,False
162547,2025-12,opo,1,0.05802058055996895,0.7491694092750549,0.19280999898910522,0.7491694092750549,opo,True,False
162548,2025-12,uncertain,2,0.12482252717018127,0.3062983751296997,0.5688791871070862,0.5688791871070862,opo,True,False
162549,2025-12,uncertain,2,0.13298365473747253,0.27325698733329773,0.593759298324585,0.593759298324585,uncertain,True,False
162550,2025-12,opo,1,0.09970437735319138,0.6668533086776733,0.23344232141971588,0.6668533086776733,opo,True,False
162551,2025-12,gov,0,0.4601287543773651,0.21952372789382935,0.32034754753112793,0.4601287543773651,gov,True,False
162552,2025-12,gov,0,0.6079363822937012,0.13532666862010956,0.25673699378967285,0.6079363822937012,gov,True,False
162553,2025-12,gov,0,0.700293242931366,0.11668085306882858,0.18302595615386963,0.700293242931366,gov,True,False
162554,2025-12,uncertain,2,0.12027697265148163,0.07312081009149551,0.8066022992134094,0.8066022992134094,uncertain,True,False
162555,2025-12,uncertain,2,0.1526029109954834,0.0816369578242302,0.7657601237297058,0.7657601237297058,gov,True,False
162556,2025-12,opo,1,0.35895076394081116,0.39988481998443604,0.2411644458770752,0.39988481998443604,gov,True,False
162558,2025-12,opo,1,0.05852728337049484,0.8114293813705444,0.13004334270954132,0.8114293813705444,opo,True,False
162559,2025-12,opo,1,0.2310335785150528,0.6073197722434998,0.16164660453796387,0.6073197722434998,opo,True,False
163267,2025-12,opo,1,0.06560470908880234,0.7232447862625122,0.21115054190158844,0.7232447862625122,opo,True,False
163268,2025-12,opo,1,0.115030437707901,0.4791012108325958,0.4058683216571808,0.4791012108325958,uncertain,True,False
163269,2025-12,uncertain,2,0.1802426129579544,0.1857028603553772,0.6340546011924744,0.6340546011924744,uncertain,True,False
163271,2025-12,gov,0,0.5508294105529785,0.17343182861804962,0.27573874592781067,0.5508294105529785,gov,True,False
163272,2025-12,uncertain,2,0.24966846406459808,0.047178324311971664,0.703153133392334,0.703153133392334,uncertain,True,False
163274,2025-12,uncertain,2,0.37014010548591614,0.05141483619809151,0.5784450769424438,0.5784450769424438,uncertain,True,False
163275,2025-12,uncertain,2,0.08448392152786255,0.022471236065030098,0.8930448889732361,0.8930448889732361,uncertain,True,False
163276,2025-12,uncertain,2,0.2460784912109375,0.16206654906272888,0.591854989528656,0.591854989528656,uncertain,True,False
163278,2025-12,opo,1,0.20268356800079346,0.4604390263557434,0.33687737584114075,0.4604390263557434,opo,True,False
163988,2025-12,opo,1,0.16345104575157166,0.5594580173492432,0.2770909368991852,0.5594580173492432,opo,True,False
163989,2025-12,gov,0,0.36268022656440735,0.298832505941391,0.33848726749420166,0.36268022656440735,gov,True,False
163992,2025-12,uncertain,2,0.42590710520744324,0.08747604489326477,0.48661690950393677,0.48661690950393677,gov,True,False
163993,2025-12,gov,0,0.6485881805419922,0.09726457297801971,0.2541472911834717,0.6485881805419922,opo,True,False
163996,2025-12,gov,0,0.4937075674533844,0.15373927354812622,0.3525531589984894,0.4937075674533844,gov,True,False
163998,2025-12,gov,0,0.5222890973091125,0.34871235489845276,0.1289985477924347,0.5222890973091125,gov,True,False
164709,2025-12,gov,0,0.600736141204834,0.25134092569351196,0.14792294800281525,0.600736141204834,gov,True,False
164710,2025-12,gov,0,0.7015880346298218,0.20227493345737457,0.09613700956106186,0.7015880346298218,gov,True,False
164711,2025-12,gov,0,0.6911274790763855,0.15970009565353394,0.14917246997356415,0.6911274790763855,opo,True,False
164712,2025-12,gov,0,0.5186716914176941,0.2804447412490845,0.20088359713554382,0.5186716914176941,opo,True,False
164713,2025-12,gov,0,0.5577547550201416,0.27267080545425415,0.16957449913024902,0.5577547550201416,opo,True,False
164714,2025-12,opo,1,0.4030328094959259,0.46833208203315735,0.12863507866859436,0.46833208203315735,gov,True,False
164715,2025-12,opo,1,0.20218655467033386,0.7325876355171204,0.06522586196660995,0.7325876355171204,opo,True,False
164716,2025-12,opo,1,0.28343507647514343,0.6099894642829895,0.10657541453838348,0.6099894642829895,opo,True,False
165430,2025-12,gov,0,0.5734565854072571,0.29273954033851624,0.1338038295507431,0.5734565854072571,gov,True,False
165433,2025-12,opo,1,0.32220423221588135,0.4567384421825409,0.22105731070041656,0.4567384421825409,gov,True,False
165435,2025-12,opo,1,0.1567157506942749,0.749173641204834,0.09411058574914932,0.749173641204834,opo,True,False
165436,2025-12,opo,1,0.16381774842739105,0.7872731685638428,0.048909109085798264,0.7872731685638428,opo,True,False
166150,2025-12,opo,1,0.36256787180900574,0.5015885233879089,0.13584358990192413,0.5015885233879089,gov,True,False
166152,2025-12,opo,1,0.254293829202652,0.6055495142936707,0.14015670120716095,0.6055495142936707,opo,True,False
166154,2025-12,opo,1,0.34932321310043335,0.5091761946678162,0.14150060713291168,0.5091761946678162,gov,True,False
166155,2025-12,opo,1,0.26670321822166443,0.6318008303642273,0.10149592161178589,0.6318008303642273,gov,True,False
166156,2025-12,opo,1,0.12555478513240814,0.8177688121795654,0.05667639523744583,0.8177688121795654,opo,True,False
166157,2025-12,opo,1,0.2691395580768585,0.5829111337661743,0.14794932305812836,0.5829111337661743,opo,True,False
166873,2025-12,gov,0,0.42869439721107483,0.18283364176750183,0.3884718716144562,0.42869439721107483,gov,True,False
166876,2025-12,opo,1,0.27309948205947876,0.6235216856002808,0.10337875038385391,0.6235216856002808,opo,True,False
166877,2025-12,opo,1,0.3644886016845703,0.5137360095977783,0.12177538126707077,0.5137360095977783,opo,True,False
167591,2025-12,gov,0,0.5075896978378296,0.22936581075191498,0.26304447650909424,0.5075896978378296,gov,True,False
167592,2025-12,gov,0,0.4971081018447876,0.19451554119586945,0.30837634205818176,0.4971081018447876,gov,True,False
167594,2025-12,uncertain,2,0.4083935618400574,0.0970708578824997,0.49453556537628174,0.49453556537628174,gov,True,False
167597,2025-12,gov,0,0.5231004357337952,0.3108450770378113,0.16605447232723236,0.5231004357337952,opo,True,False
168313,2025-12,uncertain,2,0.3905787467956543,0.09365968406200409,0.5157615542411804,0.5157615542411804,gov,True,False
168316,2025-12,gov,0,0.43399518728256226,0.3382474482059479,0.22775742411613464,0.43399518728256226,opo,True,False
168318,2025-12,opo,1,0.23395936191082,0.3855780363082886,0.3804626166820526,0.3855780363082886,opo,True,False
169035,2025-12,gov,0,0.590564489364624,0.08194976300001144,0.3274857699871063,0.590564489364624,gov,True,False
169036,2025-12,gov,0,0.5360240936279297,0.10372257232666016,0.360253244638443,0.5360240936279297,gov,True,False
169037,2025-12,gov,0,0.6321661472320557,0.15150399506092072,0.21632985770702362,0.6321661472320557,gov,True,False
169756,2025-12,gov,0,0.7185021638870239,0.1089382991194725,0.17255957424640656,0.7185021638870239,gov,True,False
143838,2026-01,gov,0,0.42798861861228943,0.34729620814323425,0.22471517324447632,0.42798861861228943,gov,True,False
145998,2026-01,uncertain,2,0.24359653890132904,0.1973799169063568,0.5590235590934753,0.5590235590934753,gov,True,False
147437,2026-01,gov,0,0.509806752204895,0.28665754199028015,0.2035357505083084,0.509806752204895,gov,True,False
147438,2026-01,gov,0,0.5137684345245361,0.21030621230602264,0.2759253680706024,0.5137684345245361,gov,True,False
147439,2026-01,gov,0,0.6425978541374207,0.08545171469449997,0.2719503939151764,0.6425978541374207,gov,True,False
148158,2026-01,uncertain,2,0.3826960623264313,0.1933996081352234,0.42390429973602295,0.42390429973602295,gov,True,False
149597,2026-01,uncertain,2,0.1830597072839737,0.3438940942287445,0.4730461537837982,0.4730461537837982,uncertain,True,False
150307,2026-01,uncertain,2,0.11598797142505646,0.23025061190128326,0.6537614464759827,0.6537614464759827,gov,True,False
150317,2026-01,uncertain,2,0.14257246255874634,0.2469182163476944,0.6105093359947205,0.6105093359947205,gov,True,False
151756,2026-01,uncertain,2,0.23000791668891907,0.12688235938549042,0.6431097388267517,0.6431097388267517,gov,True,False
151757,2026-01,uncertain,2,0.17099325358867645,0.14506559073925018,0.683941125869751,0.683941125869751,uncertain,True,False
152476,2026-01,gov,0,0.44549110531806946,0.1857338547706604,0.36877501010894775,0.44549110531806946,gov,True,False
153190,2026-01,uncertain,2,0.2019471675157547,0.1965276002883911,0.6015252470970154,0.6015252470970154,gov,True,False
153191,2026-01,opo,1,0.3753257691860199,0.4165731966495514,0.2081010788679123,0.4165731966495514,gov,True,False
153192,2026-01,gov,0,0.4774978756904602,0.43445178866386414,0.08805028349161148,0.4774978756904602,gov,True,False
153193,2026-01,gov,0,0.5408024787902832,0.372727632522583,0.0864698737859726,0.5408024787902832,gov,True,False
153196,2026-01,gov,0,0.40382909774780273,0.33331042528152466,0.26286041736602783,0.40382909774780273,gov,True,False
153197,2026-01,uncertain,2,0.3267861306667328,0.19166305661201477,0.48155084252357483,0.48155084252357483,uncertain,True,False
153910,2026-01,uncertain,2,0.1958024650812149,0.19950637221336365,0.604691207408905,0.604691207408905,gov,True,False
153911,2026-01,uncertain,2,0.3143497109413147,0.1769510954618454,0.5086992383003235,0.5086992383003235,gov,True,False
153912,2026-01,gov,0,0.6592638492584229,0.12265590578317642,0.21808017790317535,0.6592638492584229,gov,True,False
153913,2026-01,gov,0,0.7615407109260559,0.14469410479068756,0.09376508742570877,0.7615407109260559,gov,True,False
153914,2026-01,gov,0,0.8262304663658142,0.09839852899312973,0.07537102699279785,0.8262304663658142,gov,True,False
153915,2026-01,gov,0,0.6129711270332336,0.20249783992767334,0.1845310777425766,0.6129711270332336,gov,True,False
153916,2026-01,gov,0,0.5497260093688965,0.31672340631484985,0.13355055451393127,0.5497260093688965,gov,True,False
153917,2026-01,gov,0,0.5549939870834351,0.16635370254516602,0.27865228056907654,0.5549939870834351,gov,True,False
153918,2026-01,uncertain,2,0.2793879806995392,0.23409044742584229,0.48652151226997375,0.48652151226997375,opo,True,False
154630,2026-01,gov,0,0.710023045539856,0.05974065139889717,0.2302362620830536,0.710023045539856,gov,True,False
154631,2026-01,gov,0,0.8821679353713989,0.026851337403059006,0.09098069369792938,0.8821679353713989,gov,True,False
154632,2026-01,gov,0,0.8917717337608337,0.016928458586335182,0.09129970520734787,0.8917717337608337,gov,True,False
154633,2026-01,gov,0,0.8902073502540588,0.02302764728665352,0.08676499873399734,0.8902073502540588,gov,True,False
154634,2026-01,gov,0,0.8780907392501831,0.05297715216875076,0.0689321756362915,0.8780907392501831,gov,True,False
154635,2026-01,gov,0,0.7884886860847473,0.0868850126862526,0.1246262788772583,0.7884886860847473,gov,True,False
154636,2026-01,gov,0,0.6284846663475037,0.1956731528043747,0.17584213614463806,0.6284846663475037,gov,True,False
155350,2026-01,gov,0,0.6462900638580322,0.11401978880167007,0.23969009518623352,0.6462900638580322,opo,True,False
155351,2026-01,gov,0,0.7056475281715393,0.19371461868286133,0.10063786059617996,0.7056475281715393,gov,True,False
155352,2026-01,gov,0,0.7730538249015808,0.10810951888561249,0.11883673816919327,0.7730538249015808,gov,True,False
155354,2026-01,gov,0,0.7408672571182251,0.1413520723581314,0.11778074502944946,0.7408672571182251,gov,True,False
156069,2026-01,gov,0,0.4430348873138428,0.24886386096477509,0.30810120701789856,0.4430348873138428,opo,True,False
156071,2026-01,gov,0,0.7672984004020691,0.11178157478570938,0.12092006951570511,0.7672984004020691,gov,True,False
156072,2026-01,gov,0,0.6076450943946838,0.1650831550359726,0.22727181017398834,0.6076450943946838,gov,True,False
156073,2026-01,gov,0,0.6702210307121277,0.16035011410713196,0.16942888498306274,0.6702210307121277,gov,True,False
156074,2026-01,gov,0,0.6710404753684998,0.21159927546977997,0.11736024916172028,0.6710404753684998,opo,True,False
156075,2026-01,gov,0,0.6136875152587891,0.2750009596347809,0.11131152510643005,0.6136875152587891,uncertain,True,False
156788,2026-01,opo,1,0.3065909743309021,0.48346662521362305,0.20994244515895844,0.48346662521362305,gov,True,False
156789,2026-01,opo,1,0.21357643604278564,0.6093970537185669,0.17702652513980865,0.6093970537185669,opo,True,False
156791,2026-01,gov,0,0.7564297318458557,0.09394829720258713,0.14962200820446014,0.7564297318458557,gov,True,False
156792,2026-01,gov,0,0.5353946685791016,0.08350730687379837,0.38109803199768066,0.5353946685791016,gov,True,False
156793,2026-01,gov,0,0.5046288967132568,0.1345895677804947,0.3607814610004425,0.5046288967132568,gov,True,False
156794,2026-01,gov,0,0.5794104337692261,0.16486509144306183,0.2557244598865509,0.5794104337692261,gov,True,False
156795,2026-01,gov,0,0.5096461176872253,0.2789585292339325,0.21139541268348694,0.5096461176872253,opo,True,False
156796,2026-01,gov,0,0.47135093808174133,0.3282299041748047,0.20041915774345398,0.47135093808174133,opo,True,False
157508,2026-01,opo,1,0.18209083378314972,0.6803466081619263,0.1375626176595688,0.6803466081619263,gov,True,False
157509,2026-01,opo,1,0.217863529920578,0.6270092725753784,0.15512715280056,0.6270092725753784,opo,True,False
157510,2026-01,gov,0,0.4432981014251709,0.22988641262054443,0.3268154263496399,0.4432981014251709,gov,True,False
157511,2026-01,gov,0,0.5315309166908264,0.13581709563732147,0.3326519727706909,0.5315309166908264,gov,True,False
157513,2026-01,uncertain,2,0.47419700026512146,0.04991978034377098,0.4758831858634949,0.4758831858634949,uncertain,True,False
157514,2026-01,gov,0,0.47841569781303406,0.26270589232444763,0.2588784098625183,0.47841569781303406,gov,True,False
157515,2026-01,opo,1,0.361006498336792,0.39752843976020813,0.24146506190299988,0.39752843976020813,uncertain,True,False
158229,2026-01,opo,1,0.1123056635260582,0.6456579566001892,0.2420363873243332,0.6456579566001892,opo,True,False
158231,2026-01,gov,0,0.5863630175590515,0.08461013436317444,0.3290269076824188,0.5863630175590515,gov,True,False
158233,2026-01,gov,0,0.6097456216812134,0.0951845794916153,0.29506975412368774,0.6097456216812134,gov,True,False
158235,2026-01,opo,1,0.2099297195672989,0.4844340980052948,0.30563610792160034,0.4844340980052948,opo,True,False
158236,2026-01,opo,1,0.1072947308421135,0.8288991451263428,0.06380611658096313,0.8288991451263428,opo,True,False
158237,2026-01,opo,1,0.12946942448616028,0.7418228387832642,0.12870770692825317,0.7418228387832642,opo,True,False
158238,2026-01,uncertain,2,0.3100760877132416,0.3385319411754608,0.3513919711112976,0.3513919711112976,gov,True,False
158946,2026-01,opo,1,0.07796316593885422,0.8769707083702087,0.045066166669130325,0.8769707083702087,opo,True,False
158947,2026-01,opo,1,0.0363459587097168,0.9156085848808289,0.048045482486486435,0.9156085848808289,opo,True,False
158949,2026-01,opo,1,0.24628280103206635,0.5518150329589844,0.20190221071243286,0.5518150329589844,gov,True,False
158950,2026-01,gov,0,0.472181111574173,0.06498812139034271,0.4628308117389679,0.472181111574173,gov,True,False
158951,2026-01,uncertain,2,0.44092586636543274,0.06440844386816025,0.49466562271118164,0.49466562271118164,gov,True,False
158952,2026-01,gov,0,0.5579203367233276,0.25622856616973877,0.1858511120080948,0.5579203367233276,gov,True,False
158953,2026-01,gov,0,0.5349438786506653,0.17960630357265472,0.2854498028755188,0.5349438786506653,gov,True,False
158954,2026-01,gov,0,0.43138009309768677,0.17101527750492096,0.3976045846939087,0.43138009309768677,gov,True,False
158955,2026-01,gov,0,0.6547499299049377,0.09734679013490677,0.24790328741073608,0.6547499299049377,gov,True,False
158956,2026-01,gov,0,0.832377016544342,0.10979097336530685,0.05783204361796379,0.832377016544342,gov,True,False
158957,2026-01,gov,0,0.7702658772468567,0.16096670925617218,0.06876740604639053,0.7702658772468567,gov,True,False
158958,2026-01,gov,0,0.7012130618095398,0.18146084249019623,0.11732607334852219,0.7012130618095398,gov,True,False
158960,2026-01,gov,0,0.5385656952857971,0.2757323980331421,0.1857019066810608,0.5385656952857971,gov,True,False
159665,2026-01,uncertain,2,0.14063160121440887,0.29209524393081665,0.5672731399536133,0.5672731399536133,opo,True,False
159666,2026-01,opo,1,0.03919899836182594,0.9224010705947876,0.038399893790483475,0.9224010705947876,opo,True,False
159667,2026-01,opo,1,0.018994906917214394,0.9591034054756165,0.021901721134781837,0.9591034054756165,opo,True,False
159668,2026-01,opo,1,0.07133226096630096,0.8170854449272156,0.11158223450183868,0.8170854449272156,opo,True,False
159670,2026-01,gov,0,0.5972140431404114,0.03878434747457504,0.364001601934433,0.5972140431404114,gov,True,False
159671,2026-01,gov,0,0.9133921265602112,0.03277270868420601,0.053835172206163406,0.9133921265602112,gov,True,False
159672,2026-01,gov,0,0.8942343592643738,0.04000861942768097,0.06575698405504227,0.8942343592643738,gov,True,False
159673,2026-01,gov,0,0.8511740565299988,0.014169628731906414,0.13465635478496552,0.8511740565299988,gov,True,False
159674,2026-01,gov,0,0.6410711407661438,0.04946989193558693,0.30945897102355957,0.6410711407661438,gov,True,False
159675,2026-01,gov,0,0.5873300433158875,0.21984969079494476,0.1928202360868454,0.5873300433158875,gov,True,False
159676,2026-01,gov,0,0.929012656211853,0.05196619778871536,0.01902109757065773,0.929012656211853,gov,True,False
159679,2026-01,gov,0,0.6699069738388062,0.21281003952026367,0.11728299409151077,0.6699069738388062,gov,True,False
159680,2026-01,gov,0,0.5520989894866943,0.2758864760398865,0.1720145344734192,0.5520989894866943,gov,True,False
160386,2026-01,opo,1,0.040360260754823685,0.8968647122383118,0.06277497857809067,0.8968647122383118,opo,True,False
160388,2026-01,opo,1,0.09097196906805038,0.6862565279006958,0.2227715253829956,0.6862565279006958,opo,True,False
160389,2026-01,uncertain,2,0.15894629061222076,0.09036597609519958,0.7506877183914185,0.7506877183914185,uncertain,True,False
160390,2026-01,uncertain,2,0.248379647731781,0.0819980576634407,0.6696223020553589,0.6696223020553589,uncertain,True,False
160391,2026-01,gov,0,0.5604667067527771,0.23120088875293732,0.20833244919776917,0.5604667067527771,gov,True,False
160392,2026-01,gov,0,0.8372694253921509,0.10030660033226013,0.06242399290204048,0.8372694253921509,gov,True,False
160393,2026-01,gov,0,0.7727510929107666,0.018993021920323372,0.20825590193271637,0.7727510929107666,gov,True,False
160394,2026-01,uncertain,2,0.26590022444725037,0.03058377467095852,0.7035160064697266,0.7035160064697266,gov,True,False
160396,2026-01,gov,0,0.7659165263175964,0.13781288266181946,0.09627054631710052,0.7659165263175964,gov,True,False
160397,2026-01,gov,0,0.8003210425376892,0.1261889487504959,0.07349006831645966,0.8003210425376892,gov,True,False
160399,2026-01,gov,0,0.814409613609314,0.08870566636323929,0.09688469022512436,0.814409613609314,gov,True,False
160400,2026-01,gov,0,0.6856673955917358,0.12578925490379333,0.18854331970214844,0.6856673955917358,gov,True,False
161107,2026-01,opo,1,0.029231371358036995,0.9484712481498718,0.02229740284383297,0.9484712481498718,opo,True,False
161109,2026-01,uncertain,2,0.13308511674404144,0.03021073155105114,0.8367041349411011,0.8367041349411011,uncertain,True,False
161110,2026-01,uncertain,2,0.2719159722328186,0.07449588179588318,0.6535881757736206,0.6535881757736206,gov,True,False
161111,2026-01,gov,0,0.7071698307991028,0.25373101234436035,0.039099276065826416,0.7071698307991028,gov,True,False
161112,2026-01,gov,0,0.8504606485366821,0.06982897967100143,0.07971042394638062,0.8504606485366821,gov,True,False
161113,2026-01,gov,0,0.6860454678535461,0.012838355265557766,0.30111613869667053,0.6860454678535461,gov,True,False
161116,2026-01,gov,0,0.7772275805473328,0.022318240255117416,0.20045410096645355,0.7772275805473328,gov,True,False
161117,2026-01,uncertain,2,0.380158394575119,0.057438064366579056,0.5624035596847534,0.5624035596847534,gov,True,False
161118,2026-01,gov,0,0.7391026020050049,0.12047627568244934,0.14042118191719055,0.7391026020050049,gov,True,False
161119,2026-01,gov,0,0.7391614317893982,0.1735905259847641,0.08724800497293472,0.7391614317893982,gov,True,False
161120,2026-01,gov,0,0.7463473677635193,0.09438397735357285,0.15926861763000488,0.7463473677635193,gov,True,False
161827,2026-01,opo,1,0.037445683032274246,0.9250553250312805,0.03749898448586464,0.9250553250312805,opo,True,False
161829,2026-01,uncertain,2,0.08411555737257004,0.09671259671449661,0.8191718459129333,0.8191718459129333,uncertain,True,False
161830,2026-01,uncertain,2,0.05204788222908974,0.13841602206230164,0.8095360994338989,0.8095360994338989,uncertain,True,False
161831,2026-01,opo,1,0.2585974633693695,0.6239797472953796,0.11742279678583145,0.6239797472953796,gov,True,False
161832,2026-01,gov,0,0.8871178030967712,0.05885102227330208,0.05403120070695877,0.8871178030967712,gov,True,False
161833,2026-01,gov,0,0.5439942479133606,0.019619833678007126,0.4363859295845032,0.5439942479133606,gov,True,False
161834,2026-01,uncertain,2,0.36003267765045166,0.14850227534770966,0.4914650619029999,0.4914650619029999,gov,True,False
161837,2026-01,uncertain,2,0.2297467738389969,0.33417877554893494,0.43607449531555176,0.43607449531555176,opo,True,False
161839,2026-01,opo,1,0.17194819450378418,0.8056121468544006,0.02243969775736332,0.8056121468544006,opo,True,False
162547,2026-01,opo,1,0.03083474189043045,0.8925366997718811,0.07662851363420486,0.8925366997718811,opo,True,False
162548,2026-01,uncertain,2,0.08002891391515732,0.37586820125579834,0.5441028475761414,0.5441028475761414,opo,True,False
162549,2026-01,uncertain,2,0.10337086766958237,0.08470110595226288,0.8119280338287354,0.8119280338287354,uncertain,True,False
162550,2026-01,uncertain,2,0.13699132204055786,0.29958224296569824,0.5634264349937439,0.5634264349937439,opo,True,False
162551,2026-01,opo,1,0.279498815536499,0.4287673234939575,0.2917338013648987,0.4287673234939575,gov,True,False
162552,2026-01,gov,0,0.8048526644706726,0.08926834911108017,0.10587897896766663,0.8048526644706726,gov,True,False
162553,2026-01,gov,0,0.7920478582382202,0.0772763192653656,0.13067586719989777,0.7920478582382202,opo,True,False
162554,2026-01,uncertain,2,0.17783083021640778,0.11619474738836288,0.7059744596481323,0.7059744596481323,uncertain,True,False
162555,2026-01,uncertain,2,0.16133150458335876,0.18391799926757812,0.6547505855560303,0.6547505855560303,gov,True,False
162556,2026-01,opo,1,0.11236327141523361,0.5436792373657227,0.34395748376846313,0.5436792373657227,gov,True,False
162558,2026-01,opo,1,0.022579841315746307,0.9456126093864441,0.031807564198970795,0.9456126093864441,opo,True,False
162559,2026-01,opo,1,0.07714217156171799,0.8381475210189819,0.08471024036407471,0.8381475210189819,opo,True,False
163267,2026-01,opo,1,0.01863827183842659,0.8908819556236267,0.09047970175743103,0.8908819556236267,opo,True,False
163268,2026-01,uncertain,2,0.17825038731098175,0.30324745178222656,0.5185021758079529,0.5185021758079529,opo,True,False
163269,2026-01,uncertain,2,0.2665240168571472,0.05881064757704735,0.6746653318405151,0.6746653318405151,uncertain,True,False
163271,2026-01,gov,0,0.5516362190246582,0.20014257729053497,0.24822120368480682,0.5516362190246582,gov,True,False
163272,2026-01,uncertain,2,0.2552604377269745,0.07968419045209885,0.6650553941726685,0.6650553941726685,uncertain,True,False
163274,2026-01,uncertain,2,0.25474584102630615,0.0759555771946907,0.6692985892295837,0.6692985892295837,uncertain,True,False
163275,2026-01,uncertain,2,0.09278696030378342,0.03067106194794178,0.8765419125556946,0.8765419125556946,uncertain,True,False
163276,2026-01,uncertain,2,0.055044494569301605,0.053423866629600525,0.8915317058563232,0.8915317058563232,uncertain,True,False
163278,2026-01,opo,1,0.025591395795345306,0.837330162525177,0.13707846403121948,0.837330162525177,opo,True,False
163988,2026-01,opo,1,0.22547616064548492,0.4146745800971985,0.35984930396080017,0.4146745800971985,opo,True,False
163989,2026-01,gov,0,0.5607982873916626,0.30923134088516235,0.12997043132781982,0.5607982873916626,gov,True,False
163992,2026-01,gov,0,0.4754548668861389,0.07077319920063019,0.45377203822135925,0.4754548668861389,opo,True,False
163993,2026-01,gov,0,0.4975610077381134,0.14705033600330353,0.3553886413574219,0.4975610077381134,opo,True,False
163996,2026-01,uncertain,2,0.1722598522901535,0.08625786751508713,0.7414822578430176,0.7414822578430176,gov,True,False
163998,2026-01,opo,1,0.08733554184436798,0.7200707197189331,0.1925937831401825,0.7200707197189331,gov,True,False
164709,2026-01,gov,0,0.3912320137023926,0.34003397822380066,0.26873400807380676,0.3912320137023926,gov,True,False
164710,2026-01,gov,0,0.7475696802139282,0.17715801298618317,0.07527231425046921,0.7475696802139282,gov,True,False
164711,2026-01,gov,0,0.5441663861274719,0.13292402029037476,0.32290956377983093,0.5441663861274719,opo,True,False
164712,2026-01,gov,0,0.5820531249046326,0.14993537962436676,0.26801151037216187,0.5820531249046326,opo,True,False
164713,2026-01,gov,0,0.36664295196533203,0.29587095975875854,0.3374861180782318,0.36664295196533203,opo,True,False
164714,2026-01,opo,1,0.3643925189971924,0.43485191464424133,0.20075564086437225,0.43485191464424133,gov,True,False
164715,2026-01,opo,1,0.3181735873222351,0.5475217700004578,0.13430462777614594,0.5475217700004578,opo,True,False
164716,2026-01,opo,1,0.29862114787101746,0.6319887042045593,0.06939016282558441,0.6319887042045593,opo,True,False
165430,2026-01,gov,0,0.4391649663448334,0.3749580681324005,0.1858769953250885,0.4391649663448334,gov,True,False
165433,2026-01,opo,1,0.3014550507068634,0.49234941601753235,0.20619553327560425,0.49234941601753235,gov,True,False
165435,2026-01,opo,1,0.1783696860074997,0.5400323271751404,0.2815980017185211,0.5400323271751404,opo,True,False
165436,2026-01,opo,1,0.24466179311275482,0.6696246266365051,0.08571358025074005,0.6696246266365051,opo,True,False
166150,2026-01,opo,1,0.33341217041015625,0.3868004083633423,0.27978745102882385,0.3868004083633423,gov,True,False
166152,2026-01,opo,1,0.2555902898311615,0.6556495428085327,0.08876015990972519,0.6556495428085327,opo,True,False
166154,2026-01,gov,0,0.4530971348285675,0.43257734179496765,0.11432547122240067,0.4530971348285675,gov,True,False
166155,2026-01,opo,1,0.3264288008213043,0.47728052735328674,0.19629070162773132,0.47728052735328674,gov,True,False
166156,2026-01,opo,1,0.31098565459251404,0.5303365588188171,0.15867778658866882,0.5303365588188171,opo,True,False
166157,2026-01,opo,1,0.337637335062027,0.5008406639099121,0.1615220606327057,0.5008406639099121,opo,True,False
166873,2026-01,opo,1,0.2616674602031708,0.49368321895599365,0.24464936554431915,0.49368321895599365,gov,True,False
166876,2026-01,uncertain,2,0.1992538869380951,0.31720438599586487,0.4835417568683624,0.4835417568683624,opo,True,False
166877,2026-01,opo,1,0.2436436265707016,0.4562097489833832,0.30014657974243164,0.4562097489833832,opo,True,False
167591,2026-01,opo,1,0.36727550625801086,0.37419721484184265,0.2585272789001465,0.37419721484184265,gov,True,False
167592,2026-01,opo,1,0.27071183919906616,0.41083064675331116,0.3184575140476227,0.41083064675331116,gov,True,False
167594,2026-01,uncertain,2,0.39721062779426575,0.17535673081874847,0.42743271589279175,0.42743271589279175,gov,True,False
167597,2026-01,uncertain,2,0.19529816508293152,0.31688350439071655,0.48781833052635193,0.48781833052635193,opo,True,False
168313,2026-01,uncertain,2,0.29777371883392334,0.2035844624042511,0.4986417889595032,0.4986417889595032,gov,True,False
168316,2026-01,gov,0,0.4157305657863617,0.28660616278648376,0.29766330122947693,0.4157305657863617,opo,True,False
168318,2026-01,uncertain,2,0.30424371361732483,0.3298788070678711,0.3658774197101593,0.3658774197101593,opo,True,False
169035,2026-01,gov,0,0.5706024169921875,0.2530941367149353,0.1763034164905548,0.5706024169921875,gov,True,False
169036,2026-01,gov,0,0.7812470197677612,0.1215667650103569,0.09718623012304306,0.7812470197677612,gov,True,False
169037,2026-01,gov,0,0.6202784776687622,0.1058875098824501,0.2738340198993683,0.6202784776687622,gov,True,False
169756,2026-01,gov,0,0.7642366290092468,0.1262047439813614,0.10955862700939178,0.7642366290092468,gov,True,False
143838,2026-02,gov,0,0.4656533896923065,0.28162264823913574,0.25272396206855774,0.4656533896923065,gov,True,False
145998,2026-02,gov,0,0.4966288208961487,0.1686849594116211,0.3346862494945526,0.4966288208961487,gov,True,False
147437,2026-02,gov,0,0.6879141926765442,0.15720123052597046,0.15488460659980774,0.6879141926765442,gov,True,False
147438,2026-02,gov,0,0.47768548130989075,0.14518305659294128,0.3771314322948456,0.47768548130989075,gov,True,False
147439,2026-02,gov,0,0.6160524487495422,0.12597888708114624,0.2579686939716339,0.6160524487495422,gov,True,False
148158,2026-02,uncertain,2,0.3033547103404999,0.13443458080291748,0.5622106790542603,0.5622106790542603,gov,True,False
149597,2026-02,uncertain,2,0.24132421612739563,0.2005678415298462,0.5581079721450806,0.5581079721450806,uncertain,True,False
150307,2026-02,opo,1,0.12874937057495117,0.5877252221107483,0.28352537751197815,0.5877252221107483,gov,True,False
150317,2026-02,uncertain,2,0.2535615563392639,0.2034960240125656,0.5429424047470093,0.5429424047470093,gov,True,False
151756,2026-02,uncertain,2,0.3763236701488495,0.1674003154039383,0.4562760591506958,0.4562760591506958,gov,True,False
151757,2026-02,uncertain,2,0.3994695246219635,0.1842443346977234,0.4162861108779907,0.4162861108779907,uncertain,True,False
152476,2026-02,uncertain,2,0.30142486095428467,0.10086047649383545,0.5977146625518799,0.5977146625518799,gov,True,False
153190,2026-02,gov,0,0.48758718371391296,0.08753568679094315,0.4248771667480469,0.48758718371391296,gov,True,False
153191,2026-02,gov,0,0.5185631513595581,0.1150193139910698,0.3664175868034363,0.5185631513595581,gov,True,False
153192,2026-02,gov,0,0.6845561861991882,0.1421859860420227,0.17325788736343384,0.6845561861991882,gov,True,False
153193,2026-02,gov,0,0.8544526696205139,0.11276068538427353,0.032786544412374496,0.8544526696205139,gov,True,False
153196,2026-02,uncertain,2,0.25646305084228516,0.1562790721654892,0.5872579216957092,0.5872579216957092,gov,True,False
153197,2026-02,gov,0,0.54555743932724,0.1418754756450653,0.3125670254230499,0.54555743932724,uncertain,True,False
153910,2026-02,uncertain,2,0.435594379901886,0.10057404637336731,0.4638316035270691,0.4638316035270691,gov,True,False
153911,2026-02,gov,0,0.47093865275382996,0.19868683815002441,0.330374538898468,0.47093865275382996,gov,True,False
153912,2026-02,gov,0,0.5132142305374146,0.22716400027275085,0.2596217691898346,0.5132142305374146,gov,True,False
153913,2026-02,gov,0,0.7801933884620667,0.15185369551181793,0.06795291602611542,0.7801933884620667,gov,True,False
153914,2026-02,gov,0,0.8991069793701172,0.07383549958467484,0.027057496830821037,0.8991069793701172,gov,True,False
153915,2026-02,gov,0,0.553331196308136,0.1519812047481537,0.2946875989437103,0.553331196308136,gov,True,False
153916,2026-02,gov,0,0.45630043745040894,0.12069521099328995,0.42300429940223694,0.45630043745040894,gov,True,False
153917,2026-02,gov,0,0.796287477016449,0.04132883623242378,0.16238364577293396,0.796287477016449,gov,True,False
153918,2026-02,gov,0,0.7012447714805603,0.07231772691011429,0.22643746435642242,0.7012447714805603,opo,True,False
154630,2026-02,gov,0,0.8376061320304871,0.03623005747795105,0.12616385519504547,0.8376061320304871,gov,True,False
154631,2026-02,gov,0,0.8045291900634766,0.08935005217790604,0.1061207577586174,0.8045291900634766,gov,True,False
154632,2026-02,gov,0,0.8326141834259033,0.03644958883523941,0.1309361606836319,0.8326141834259033,gov,True,False
154633,2026-02,gov,0,0.8958776593208313,0.03939361125230789,0.06472869962453842,0.8958776593208313,gov,True,False
154634,2026-02,gov,0,0.9407860040664673,0.03578617051243782,0.023427754640579224,0.9407860040664673,gov,True,False
154635,2026-02,gov,0,0.799940288066864,0.05865481495857239,0.14140497148036957,0.799940288066864,gov,True,False
154636,2026-02,gov,0,0.530894935131073,0.08463676273822784,0.38446834683418274,0.530894935131073,gov,True,False
155350,2026-02,gov,0,0.5806246995925903,0.3031691908836365,0.1162060871720314,0.5806246995925903,opo,True,False
155351,2026-02,gov,0,0.5718284845352173,0.3666498064994812,0.061521779745817184,0.5718284845352173,gov,True,False
155352,2026-02,gov,0,0.5548589825630188,0.27814289927482605,0.16699814796447754,0.5548589825630188,gov,True,False
155354,2026-02,gov,0,0.5176260471343994,0.06060246378183365,0.42177143692970276,0.5176260471343994,gov,True,False
156069,2026-02,opo,1,0.3808470070362091,0.4351923167705536,0.1839606612920761,0.4351923167705536,opo,True,False
156071,2026-02,gov,0,0.811424195766449,0.12083174288272858,0.06774409115314484,0.811424195766449,gov,True,False
156072,2026-02,uncertain,2,0.3679249584674835,0.23834487795829773,0.3937302231788635,0.3937302231788635,gov,True,False
156073,2026-02,gov,0,0.48489007353782654,0.3106288015842438,0.20448113977909088,0.48489007353782654,gov,True,False
156074,2026-02,gov,0,0.6132450103759766,0.07977785915136337,0.30697712302207947,0.6132450103759766,gov,True,False
156075,2026-02,uncertain,2,0.12389809638261795,0.17196787893772125,0.7041339874267578,0.7041339874267578,uncertain,True,False
156788,2026-02,opo,1,0.37081992626190186,0.44252368807792664,0.18665637075901031,0.44252368807792664,gov,True,False
156789,2026-02,opo,1,0.2901419699192047,0.513329029083252,0.19652900099754333,0.513329029083252,opo,True,False
156791,2026-02,gov,0,0.778401792049408,0.05647074803709984,0.1651274561882019,0.778401792049408,gov,True,False
156792,2026-02,uncertain,2,0.4164886176586151,0.15085503458976746,0.43265625834465027,0.43265625834465027,gov,True,False
156793,2026-02,uncertain,2,0.2587980329990387,0.23162740468978882,0.5095745325088501,0.5095745325088501,gov,True,False
156794,2026-02,opo,1,0.2258235663175583,0.552396297454834,0.22178016602993011,0.552396297454834,gov,True,False
156795,2026-02,uncertain,2,0.028899524360895157,0.4788317084312439,0.49226880073547363,0.49226880073547363,gov,True,False
156796,2026-02,opo,1,0.04130466282367706,0.8583554029464722,0.10033992677927017,0.8583554029464722,opo,True,False
157508,2026-02,opo,1,0.16342906653881073,0.7089136242866516,0.12765730917453766,0.7089136242866516,gov,True,False
157509,2026-02,opo,1,0.1844848096370697,0.7703121304512024,0.045203108340501785,0.7703121304512024,opo,True,False
157510,2026-02,gov,0,0.5050415992736816,0.14560367166996002,0.34935474395751953,0.5050415992736816,gov,True,False
157511,2026-02,uncertain,2,0.35484063625335693,0.07397966086864471,0.5711796283721924,0.5711796283721924,gov,True,False
157513,2026-02,uncertain,2,0.11305101215839386,0.03355608135461807,0.8533928990364075,0.8533928990364075,uncertain,True,False
157514,2026-02,uncertain,2,0.25278061628341675,0.25735002756118774,0.48986929655075073,0.48986929655075073,gov,True,False
157515,2026-02,uncertain,2,0.056199122220277786,0.33725306391716003,0.6065477728843689,0.6065477728843689,uncertain,True,False
158229,2026-02,opo,1,0.28399521112442017,0.44791072607040405,0.26809409260749817,0.44791072607040405,opo,True,False
158231,2026-02,gov,0,0.5683265328407288,0.06908827275037766,0.3625852167606354,0.5683265328407288,gov,True,False
158233,2026-02,gov,0,0.6827523708343506,0.06181472912430763,0.2554328441619873,0.6827523708343506,gov,True,False
158235,2026-02,uncertain,2,0.0771457627415657,0.45648646354675293,0.4663676917552948,0.4663676917552948,gov,True,False
158236,2026-02,opo,1,0.05839119479060173,0.9006826877593994,0.04092613235116005,0.9006826877593994,opo,True,False
158237,2026-02,opo,1,0.049333442002534866,0.8805609941482544,0.07010557502508163,0.8805609941482544,opo,True,False
158238,2026-02,gov,0,0.38888871669769287,0.2668202221393585,0.344291090965271,0.38888871669769287,gov,True,False
158946,2026-02,opo,1,0.044281188398599625,0.9278011918067932,0.027917630970478058,0.9278011918067932,gov,True,False
158947,2026-02,opo,1,0.039730750024318695,0.897071897983551,0.06319734454154968,0.897071897983551,opo,True,False
158949,2026-02,uncertain,2,0.39499416947364807,0.17375488579273224,0.4312509596347809,0.4312509596347809,gov,True,False
158950,2026-02,gov,0,0.5939365029335022,0.10216402262449265,0.30389946699142456,0.5939365029335022,gov,True,False
158951,2026-02,gov,0,0.6529678106307983,0.09880123287439346,0.24823097884655,0.6529678106307983,gov,True,False
158952,2026-02,gov,0,0.6465320587158203,0.18168044090270996,0.17178753018379211,0.6465320587158203,gov,True,False
158953,2026-02,gov,0,0.6376457810401917,0.11993294954299927,0.2424212247133255,0.6376457810401917,gov,True,False
158954,2026-02,opo,1,0.3404334783554077,0.4337690770626068,0.22579742968082428,0.4337690770626068,gov,True,False
158955,2026-02,uncertain,2,0.3812585771083832,0.1626659631729126,0.45607542991638184,0.45607542991638184,gov,True,False
158956,2026-02,gov,0,0.49439695477485657,0.3649858236312866,0.1406172513961792,0.49439695477485657,gov,True,False
158957,2026-02,gov,0,0.6305526494979858,0.3388289213180542,0.030618472024798393,0.6305526494979858,gov,True,False
158958,2026-02,gov,0,0.7263043522834778,0.18630433082580566,0.08739135414361954,0.7263043522834778,gov,True,False
158960,2026-02,gov,0,0.5873590707778931,0.2320042848587036,0.18063665926456451,0.5873590707778931,gov,True,False
159665,2026-02,uncertain,2,0.0915805846452713,0.38413479924201965,0.5242846012115479,0.5242846012115479,opo,True,False
159666,2026-02,opo,1,0.01691986434161663,0.9408808946609497,0.04219922050833702,0.9408808946609497,opo,True,False
159667,2026-02,opo,1,0.015470081008970737,0.9208844304084778,0.06364548206329346,0.9208844304084778,opo,True,False
159668,2026-02,opo,1,0.12948647141456604,0.6655551791191101,0.20495837926864624,0.6655551791191101,opo,True,False
159670,2026-02,gov,0,0.5434418320655823,0.01700037159025669,0.439557820558548,0.5434418320655823,gov,True,False
159671,2026-02,gov,0,0.9108279347419739,0.014809718355536461,0.07436232268810272,0.9108279347419739,gov,True,False
159672,2026-02,gov,0,0.9570567607879639,0.022263605147600174,0.020679589360952377,0.9570567607879639,gov,True,False
159673,2026-02,gov,0,0.9174350500106812,0.022059930488467216,0.060504939407110214,0.9174350500106812,gov,True,False
159674,2026-02,gov,0,0.4890086054801941,0.04029756039381027,0.47069376707077026,0.4890086054801941,gov,True,False
159675,2026-02,uncertain,2,0.31230464577674866,0.16422204673290253,0.52347332239151,0.52347332239151,gov,True,False
159676,2026-02,gov,0,0.6351310014724731,0.21813377737998962,0.14673523604869843,0.6351310014724731,gov,True,False
159679,2026-02,gov,0,0.5764874219894409,0.2787543833255768,0.14475826919078827,0.5764874219894409,gov,True,False
159680,2026-02,gov,0,0.5084382891654968,0.28478124737739563,0.20678046345710754,0.5084382891654968,gov,True,False
160386,2026-02,opo,1,0.02421049028635025,0.9095625281333923,0.06622691452503204,0.9095625281333923,opo,True,False
160388,2026-02,opo,1,0.04178359732031822,0.7319779992103577,0.22623835504055023,0.7319779992103577,opo,True,False
160389,2026-02,uncertain,2,0.05186063051223755,0.2030143290758133,0.7451251149177551,0.7451251149177551,uncertain,True,False
160390,2026-02,uncertain,2,0.184791699051857,0.05539526790380478,0.7598129510879517,0.7598129510879517,uncertain,True,False
160391,2026-02,gov,0,0.7088943719863892,0.12503984570503235,0.16606581211090088,0.7088943719863892,gov,True,False
160392,2026-02,gov,0,0.9422555565834045,0.024283697828650475,0.03346075490117073,0.9422555565834045,gov,True,False
160393,2026-02,gov,0,0.9470250010490417,0.026279598474502563,0.0266953706741333,0.9470250010490417,gov,True,False
160394,2026-02,uncertain,2,0.41472142934799194,0.022274518385529518,0.5630040168762207,0.5630040168762207,gov,True,False
160396,2026-02,gov,0,0.5521775484085083,0.11063511669635773,0.33718737959861755,0.5521775484085083,gov,True,False
160397,2026-02,gov,0,0.6407297849655151,0.13303476572036743,0.22623547911643982,0.6407297849655151,gov,True,False
160399,2026-02,gov,0,0.7232514023780823,0.12897324562072754,0.14777542650699615,0.7232514023780823,gov,True,False
160400,2026-02,gov,0,0.7274203300476074,0.12567155063152313,0.14690811932086945,0.7274203300476074,gov,True,False
161107,2026-02,opo,1,0.04001815989613533,0.9145696759223938,0.04541214555501938,0.9145696759223938,opo,True,False
161109,2026-02,uncertain,2,0.03959159180521965,0.02228866145014763,0.938119649887085,0.938119649887085,uncertain,True,False
161110,2026-02,uncertain,2,0.2737411558628082,0.0781056359410286,0.6481532454490662,0.6481532454490662,gov,True,False
161111,2026-02,gov,0,0.7785858511924744,0.13919825851917267,0.08221584558486938,0.7785858511924744,gov,True,False
161112,2026-02,gov,0,0.9726110696792603,0.01205263752490282,0.015336278825998306,0.9726110696792603,gov,True,False
161113,2026-02,gov,0,0.9027135372161865,0.022535759955644608,0.07475077360868454,0.9027135372161865,gov,True,False
161116,2026-02,gov,0,0.6746681928634644,0.05033966526389122,0.2749921679496765,0.6746681928634644,gov,True,False
161117,2026-02,gov,0,0.5391497015953064,0.1081368625164032,0.3527134656906128,0.5391497015953064,gov,True,False
161118,2026-02,uncertain,2,0.380761981010437,0.22412249445915222,0.39511555433273315,0.39511555433273315,gov,True,False
161119,2026-02,gov,0,0.4678158462047577,0.271548330783844,0.2606358230113983,0.4678158462047577,gov,True,False
161120,2026-02,gov,0,0.7361378073692322,0.11350195854902267,0.15036025643348694,0.7361378073692322,gov,True,False
161827,2026-02,opo,1,0.06553449481725693,0.8013821840286255,0.133083313703537,0.8013821840286255,opo,True,False
161829,2026-02,uncertain,2,0.011799352243542671,0.018105683848261833,0.9700950384140015,0.9700950384140015,uncertain,True,False
161830,2026-02,uncertain,2,0.06884630769491196,0.04702945426106453,0.884124219417572,0.884124219417572,uncertain,True,False
161831,2026-02,gov,0,0.41939666867256165,0.2798059582710266,0.30079734325408936,0.41939666867256165,gov,True,False
161832,2026-02,gov,0,0.9549121260643005,0.028927989304065704,0.016159934923052788,0.9549121260643005,gov,True,False
161833,2026-02,gov,0,0.7580652832984924,0.029098734259605408,0.21283601224422455,0.7580652832984924,gov,True,False
161834,2026-02,uncertain,2,0.12771746516227722,0.057847995311021805,0.8144345283508301,0.8144345283508301,gov,True,False
161837,2026-02,opo,1,0.2888561189174652,0.39875486493110657,0.31238895654678345,0.39875486493110657,opo,True,False
161839,2026-02,opo,1,0.19088368117809296,0.7354695200920105,0.07364684343338013,0.7354695200920105,opo,True,False
162547,2026-02,opo,1,0.05750229209661484,0.833856999874115,0.10864075273275375,0.833856999874115,opo,True,False
162548,2026-02,uncertain,2,0.13220496475696564,0.41170892119407654,0.456086128950119,0.456086128950119,opo,True,False
162549,2026-02,uncertain,2,0.04014049097895622,0.08919685333967209,0.8706626296043396,0.8706626296043396,uncertain,True,False
162550,2026-02,uncertain,2,0.248336523771286,0.3616081774234772,0.39005526900291443,0.39005526900291443,opo,True,False
162551,2026-02,gov,0,0.5668613314628601,0.11800036579370499,0.3151382505893707,0.5668613314628601,gov,True,False
162552,2026-02,gov,0,0.7810096144676208,0.05227987840771675,0.1667105108499527,0.7810096144676208,gov,True,False
162553,2026-02,gov,0,0.6877553462982178,0.16824877262115479,0.14399591088294983,0.6877553462982178,opo,True,False
162554,2026-02,uncertain,2,0.10394751280546188,0.12922126054763794,0.7668312788009644,0.7668312788009644,uncertain,True,False
162555,2026-02,uncertain,2,0.09393337368965149,0.075099878013134,0.8309667706489563,0.8309667706489563,gov,True,False
162556,2026-02,uncertain,2,0.3610760271549225,0.27422937750816345,0.3646945655345917,0.3646945655345917,gov,True,False
162558,2026-02,opo,1,0.07094410806894302,0.8179522752761841,0.11110357195138931,0.8179522752761841,opo,True,False
162559,2026-02,opo,1,0.07807023823261261,0.8567616939544678,0.06516806781291962,0.8567616939544678,opo,True,False
163267,2026-02,opo,1,0.046325281262397766,0.8961820602416992,0.0574926920235157,0.8961820602416992,opo,True,False
163268,2026-02,opo,1,0.11617971211671829,0.4746597707271576,0.4091604948043823,0.4746597707271576,uncertain,True,False
163269,2026-02,uncertain,2,0.06528378278017044,0.04902184382081032,0.8856943845748901,0.8856943845748901,uncertain,True,False
163271,2026-02,gov,0,0.6330686807632446,0.12242942303419113,0.24450187385082245,0.6330686807632446,gov,True,False
163272,2026-02,uncertain,2,0.31195297837257385,0.02841936983168125,0.6596276760101318,0.6596276760101318,uncertain,True,False
163274,2026-02,uncertain,2,0.13276983797550201,0.07650162279605865,0.7907285690307617,0.7907285690307617,uncertain,True,False
163275,2026-02,uncertain,2,0.13575978577136993,0.037095483392477036,0.8271448016166687,0.8271448016166687,uncertain,True,False
163276,2026-02,uncertain,2,0.24459820985794067,0.0548383891582489,0.7005634307861328,0.7005634307861328,uncertain,True,False
163278,2026-02,opo,1,0.05778922885656357,0.8139486908912659,0.12826210260391235,0.8139486908912659,opo,True,False
163988,2026-02,opo,1,0.10363616049289703,0.8030036091804504,0.09336020797491074,0.8030036091804504,opo,True,False
163989,2026-02,opo,1,0.35671761631965637,0.49961334466934204,0.1436690092086792,0.49961334466934204,gov,True,False
163992,2026-02,gov,0,0.5068079233169556,0.10075885057449341,0.3924332857131958,0.5068079233169556,gov,True,False
163993,2026-02,gov,0,0.5972862243652344,0.1678842008113861,0.23482953011989594,0.5972862243652344,opo,True,False
163996,2026-02,gov,0,0.6007312536239624,0.11767210811376572,0.2815965712070465,0.6007312536239624,gov,True,False
163998,2026-02,opo,1,0.2732676565647125,0.6217399835586548,0.1049923449754715,0.6217399835586548,gov,True,False
164709,2026-02,opo,1,0.25905266404151917,0.6658617854118347,0.07508554309606552,0.6658617854118347,gov,True,False
164710,2026-02,gov,0,0.49688175320625305,0.36013591289520264,0.1429823637008667,0.49688175320625305,gov,True,False
164711,2026-02,gov,0,0.5551709532737732,0.10923974215984344,0.33558931946754456,0.5551709532737732,opo,True,False
164712,2026-02,gov,0,0.42075270414352417,0.3851815462112427,0.19406579434871674,0.42075270414352417,gov,True,False
164713,2026-02,opo,1,0.23026804625988007,0.5435768961906433,0.22615504264831543,0.5435768961906433,opo,True,False
164714,2026-02,opo,1,0.24132199585437775,0.547082781791687,0.21159520745277405,0.547082781791687,gov,True,False
164715,2026-02,opo,1,0.19787092506885529,0.657062828540802,0.1450662910938263,0.657062828540802,opo,True,False
164716,2026-02,opo,1,0.2444310188293457,0.6605087518692017,0.09506016969680786,0.6605087518692017,opo,True,False
165430,2026-02,gov,0,0.5058009028434753,0.2432585209608078,0.25094056129455566,0.5058009028434753,gov,True,False
165433,2026-02,opo,1,0.3462541997432709,0.3760260045528412,0.2777198255062103,0.3760260045528412,gov,True,False
165435,2026-02,opo,1,0.2368873804807663,0.5817448496818542,0.18136776983737946,0.5817448496818542,opo,True,False
165436,2026-02,opo,1,0.12047988176345825,0.8253614902496338,0.054158635437488556,0.8253614902496338,opo,True,False
166150,2026-02,gov,0,0.6167703866958618,0.15698176622390747,0.2262478470802307,0.6167703866958618,gov,True,False
166152,2026-02,opo,1,0.24900028109550476,0.5393975377082825,0.21160216629505157,0.5393975377082825,opo,True,False
166154,2026-02,gov,0,0.3832278847694397,0.35848096013069153,0.2582911550998688,0.3832278847694397,gov,True,False
166155,2026-02,gov,0,0.38101518154144287,0.27058929204940796,0.3483954966068268,0.38101518154144287,gov,True,False
166156,2026-02,opo,1,0.1935843974351883,0.6842167377471924,0.12219888716936111,0.6842167377471924,opo,True,False
166157,2026-02,opo,1,0.16985994577407837,0.7412288188934326,0.0889112576842308,0.7412288188934326,opo,True,False
166873,2026-02,opo,1,0.2745150923728943,0.3792901933193207,0.34619465470314026,0.3792901933193207,gov,True,False
166876,2026-02,opo,1,0.21005578339099884,0.4721885025501251,0.31775572896003723,0.4721885025501251,opo,True,False
166877,2026-02,opo,1,0.16222183406352997,0.6226202845573425,0.2151579111814499,0.6226202845573425,opo,True,False
167591,2026-02,gov,0,0.5340969562530518,0.23391379415988922,0.23198921978473663,0.5340969562530518,gov,True,False
167592,2026-02,uncertain,2,0.37779825925827026,0.1718469262123108,0.45035481452941895,0.45035481452941895,gov,True,False
167594,2026-02,uncertain,2,0.34770914912223816,0.16719591617584229,0.48509493470191956,0.48509493470191956,gov,True,False
167597,2026-02,opo,1,0.12358337640762329,0.5972855091094971,0.27913108468055725,0.5972855091094971,opo,True,False
168313,2026-02,uncertain,2,0.36582261323928833,0.07717707753181458,0.5570002794265747,0.5570002794265747,gov,True,False
168316,2026-02,gov,0,0.4712238907814026,0.24924485385417938,0.27953124046325684,0.4712238907814026,opo,True,False
168318,2026-02,uncertain,2,0.25894105434417725,0.3474358916282654,0.3936230540275574,0.3936230540275574,opo,True,False
169035,2026-02,gov,0,0.5382118821144104,0.05567149817943573,0.4061165750026703,0.5382118821144104,gov,True,False
169036,2026-02,gov,0,0.5870267152786255,0.1854868233203888,0.22748641669750214,0.5870267152786255,gov,True,False
169037,2026-02,gov,0,0.6274008750915527,0.12027815729379654,0.2523210346698761,0.6274008750915527,gov,True,False
169756,2026-02,gov,0,0.75397127866745,0.09652436524629593,0.1495044082403183,0.75397127866745,gov,True,False
143838,2026-03,gov,0,0.4376254677772522,0.3890515863895416,0.1733229160308838,0.4376254677772522,gov,True,False
145998,2026-03,gov,0,0.41293057799339294,0.2239416241645813,0.36312779784202576,0.41293057799339294,gov,True,False
147437,2026-03,gov,0,0.7143601179122925,0.056999776512384415,0.2286400943994522,0.7143601179122925,gov,True,False
147438,2026-03,gov,0,0.5575374364852905,0.06948767602443695,0.37297487258911133,0.5575374364852905,gov,True,False
147439,2026-03,gov,0,0.5457890033721924,0.07378412783145905,0.38042691349983215,0.5457890033721924,gov,True,False
148158,2026-03,uncertain,2,0.40939030051231384,0.082301564514637,0.5083081126213074,0.5083081126213074,gov,True,False
149597,2026-03,gov,0,0.48209771513938904,0.28449663519859314,0.23340563476085663,0.48209771513938904,uncertain,True,False
150307,2026-03,uncertain,2,0.12959301471710205,0.38011831045150757,0.4902886748313904,0.4902886748313904,gov,True,False
150317,2026-03,uncertain,2,0.2968761920928955,0.2046031802892685,0.4985205829143524,0.4985205829143524,gov,True,False
151756,2026-03,uncertain,2,0.19560590386390686,0.12035912275314331,0.6840348839759827,0.6840348839759827,gov,True,False
151757,2026-03,uncertain,2,0.15326566994190216,0.1320706009864807,0.7146637439727783,0.7146637439727783,uncertain,True,False
152476,2026-03,uncertain,2,0.31310945749282837,0.1447194218635559,0.5421711206436157,0.5421711206436157,gov,True,False
153190,2026-03,gov,0,0.7907121777534485,0.05670495703816414,0.1525828093290329,0.7907121777534485,gov,True,False
153191,2026-03,gov,0,0.7795100212097168,0.12382109463214874,0.09666883200407028,0.7795100212097168,gov,True,False
153192,2026-03,gov,0,0.7778412103652954,0.15246348083019257,0.0696953758597374,0.7778412103652954,gov,True,False
153193,2026-03,gov,0,0.7648041248321533,0.10129880905151367,0.13389699161052704,0.7648041248321533,gov,True,False
153196,2026-03,uncertain,2,0.3650332987308502,0.2566166818141937,0.37834998965263367,0.37834998965263367,gov,True,False
153197,2026-03,uncertain,2,0.3270633816719055,0.1666153222322464,0.5063213109970093,0.5063213109970093,uncertain,True,False
153910,2026-03,gov,0,0.4756763279438019,0.15145735442638397,0.37286633253097534,0.4756763279438019,gov,True,False
153911,2026-03,gov,0,0.5822794437408447,0.24069558084011078,0.17702488601207733,0.5822794437408447,gov,True,False
153912,2026-03,gov,0,0.5936436653137207,0.2552340030670166,0.15112237632274628,0.5936436653137207,gov,True,False
153913,2026-03,gov,0,0.6302391290664673,0.21848660707473755,0.15127427875995636,0.6302391290664673,gov,True,False
153914,2026-03,gov,0,0.6357455849647522,0.18510954082012177,0.17914485931396484,0.6357455849647522,gov,True,False
153915,2026-03,gov,0,0.4944183826446533,0.16047225892543793,0.34510937333106995,0.4944183826446533,gov,True,False
153916,2026-03,gov,0,0.435735821723938,0.2488023042678833,0.3154618442058563,0.435735821723938,gov,True,False
153917,2026-03,gov,0,0.4714929461479187,0.2389398068189621,0.289567232131958,0.4714929461479187,gov,True,False
153918,2026-03,gov,0,0.4242967367172241,0.3325393795967102,0.24316391348838806,0.4242967367172241,opo,True,False
154630,2026-03,gov,0,0.8208717107772827,0.05269930511713028,0.12642891705036163,0.8208717107772827,gov,True,False
154631,2026-03,gov,0,0.8576658368110657,0.06498827040195465,0.07734598219394684,0.8576658368110657,gov,True,False
154632,2026-03,gov,0,0.7715968489646912,0.06050167232751846,0.16790147125720978,0.7715968489646912,gov,True,False
154633,2026-03,gov,0,0.6844374537467957,0.09439221769571304,0.22117027640342712,0.6844374537467957,gov,True,False
154634,2026-03,gov,0,0.678963303565979,0.1383552998304367,0.1826813668012619,0.678963303565979,gov,True,False
154635,2026-03,gov,0,0.6621513962745667,0.09769704192876816,0.2401515543460846,0.6621513962745667,gov,True,False
154636,2026-03,gov,0,0.48514851927757263,0.13849866390228271,0.3763527274131775,0.48514851927757263,gov,True,False
155350,2026-03,gov,0,0.7344907522201538,0.08374707400798798,0.18176217377185822,0.7344907522201538,opo,True,False
155351,2026-03,gov,0,0.7402599453926086,0.07894638925790787,0.18079358339309692,0.7402599453926086,gov,True,False
155352,2026-03,gov,0,0.5754299759864807,0.19876256585121155,0.22580748796463013,0.5754299759864807,gov,True,False
155354,2026-03,uncertain,2,0.23233094811439514,0.08743637055158615,0.6802327036857605,0.6802327036857605,gov,True,False
156069,2026-03,gov,0,0.4926590919494629,0.2654673755168915,0.2418735772371292,0.4926590919494629,opo,True,False
156071,2026-03,uncertain,2,0.33417442440986633,0.24617215991020203,0.41965335607528687,0.41965335607528687,gov,True,False
156072,2026-03,gov,0,0.4468992352485657,0.33972883224487305,0.21337191760540009,0.4468992352485657,gov,True,False
156073,2026-03,gov,0,0.4371910095214844,0.22643068432807922,0.3363783061504364,0.4371910095214844,gov,True,False
156074,2026-03,gov,0,0.4783251881599426,0.1244901791214943,0.3971845507621765,0.4783251881599426,gov,True,False
156075,2026-03,uncertain,2,0.251093327999115,0.27930358052253723,0.46960318088531494,0.46960318088531494,uncertain,True,False
156788,2026-03,opo,1,0.1773214042186737,0.6415757536888123,0.18110288679599762,0.6415757536888123,gov,True,False
156789,2026-03,uncertain,2,0.3363024592399597,0.3207148313522339,0.3429827094078064,0.3429827094078064,opo,True,False
156791,2026-03,gov,0,0.5007411241531372,0.26496753096580505,0.23429134488105774,0.5007411241531372,gov,True,False
156792,2026-03,gov,0,0.6113196015357971,0.1932060867547989,0.19547434151172638,0.6113196015357971,gov,True,False
156793,2026-03,gov,0,0.7104359269142151,0.17528550326824188,0.11427852511405945,0.7104359269142151,gov,True,False
156794,2026-03,gov,0,0.5562358498573303,0.21052727103233337,0.2332368791103363,0.5562358498573303,gov,True,False
156795,2026-03,gov,0,0.436322957277298,0.27171117067337036,0.2919658422470093,0.436322957277298,gov,True,False
156796,2026-03,opo,1,0.4681522250175476,0.48698657751083374,0.04486117884516716,0.48698657751083374,opo,True,False
157508,2026-03,opo,1,0.11105973273515701,0.7294280529022217,0.1595122069120407,0.7294280529022217,gov,True,False
157509,2026-03,opo,1,0.1608961671590805,0.5739060640335083,0.26519775390625,0.5739060640335083,opo,True,False
157510,2026-03,uncertain,2,0.26588863134384155,0.3587287366390228,0.37538260221481323,0.37538260221481323,gov,True,False
157511,2026-03,gov,0,0.6098043918609619,0.21809403598308563,0.17210152745246887,0.6098043918609619,gov,True,False
157513,2026-03,gov,0,0.5623106956481934,0.1882523149251938,0.24943695962429047,0.5623106956481934,uncertain,True,False
157514,2026-03,gov,0,0.49703553318977356,0.25548556447029114,0.24747885763645172,0.49703553318977356,gov,True,False
157515,2026-03,opo,1,0.30258822441101074,0.37487292289733887,0.3225388824939728,0.37487292289733887,uncertain,True,False
158229,2026-03,uncertain,2,0.17831754684448242,0.34055131673812866,0.4811311364173889,0.4811311364173889,opo,True,False
158231,2026-03,gov,0,0.6197510957717896,0.18398474156856537,0.1962641328573227,0.6197510957717896,gov,True,False
158233,2026-03,gov,0,0.6049601435661316,0.19696305692195892,0.19807681441307068,0.6049601435661316,gov,True,False
158235,2026-03,uncertain,2,0.2506561577320099,0.32923898100852966,0.42010489106178284,0.42010489106178284,opo,True,False
158236,2026-03,opo,1,0.10926356911659241,0.7875245809555054,0.10321184992790222,0.7875245809555054,opo,True,False
158237,2026-03,opo,1,0.11819849908351898,0.7993294596672058,0.082472063601017,0.7993294596672058,opo,True,False
158238,2026-03,opo,1,0.28306013345718384,0.5436720848083496,0.17326781153678894,0.5436720848083496,gov,True,False
158946,2026-03,opo,1,0.03352853283286095,0.9311270117759705,0.03534449636936188,0.9311270117759705,gov,True,False
158947,2026-03,opo,1,0.03285693749785423,0.9201514720916748,0.046991586685180664,0.9201514720916748,opo,True,False
158949,2026-03,uncertain,2,0.3198873698711395,0.32402870059013367,0.3560838997364044,0.3560838997364044,gov,True,False
158950,2026-03,gov,0,0.44054174423217773,0.2059454768896103,0.35351279377937317,0.44054174423217773,gov,True,False
158951,2026-03,gov,0,0.6111039519309998,0.14389272034168243,0.24500328302383423,0.6111039519309998,gov,True,False
158952,2026-03,gov,0,0.5967314839363098,0.3102937936782837,0.09297476708889008,0.5967314839363098,gov,True,False
158953,2026-03,gov,0,0.7306451797485352,0.13328754901885986,0.13606727123260498,0.7306451797485352,gov,True,False
158954,2026-03,gov,0,0.5157501697540283,0.14201153814792633,0.34223830699920654,0.5157501697540283,gov,True,False
158955,2026-03,gov,0,0.4319363534450531,0.19582314789295197,0.3722405731678009,0.4319363534450531,gov,True,False
158956,2026-03,opo,1,0.4453849196434021,0.4753148853778839,0.079300157725811,0.4753148853778839,gov,True,False
158957,2026-03,opo,1,0.35228559374809265,0.5819941759109497,0.06572023779153824,0.5819941759109497,gov,True,False
158958,2026-03,opo,1,0.34413567185401917,0.5263698697090149,0.12949448823928833,0.5263698697090149,gov,True,False
158960,2026-03,gov,0,0.5481449961662292,0.24696646630764008,0.2048885077238083,0.5481449961662292,gov,True,False
159665,2026-03,uncertain,2,0.12124175578355789,0.3938719630241394,0.4848863184452057,0.4848863184452057,opo,True,False
159666,2026-03,opo,1,0.009710326790809631,0.9384629726409912,0.05182672664523125,0.9384629726409912,opo,True,False
159667,2026-03,opo,1,0.007049690466374159,0.9647467732429504,0.028203509747982025,0.9647467732429504,opo,True,False
159668,2026-03,opo,1,0.052918072789907455,0.8299820423126221,0.1170998215675354,0.8299820423126221,opo,True,False
159670,2026-03,uncertain,2,0.4504746198654175,0.08869025111198425,0.46083515882492065,0.46083515882492065,gov,True,False
159671,2026-03,gov,0,0.7888268828392029,0.07350629568099976,0.13766682147979736,0.7888268828392029,gov,True,False
159672,2026-03,gov,0,0.8293877243995667,0.0951787680387497,0.07543351501226425,0.8293877243995667,gov,True,False
159673,2026-03,gov,0,0.8015169501304626,0.04837683215737343,0.15010620653629303,0.8015169501304626,gov,True,False
159674,2026-03,gov,0,0.43347570300102234,0.13307437300682068,0.4334498941898346,0.43347570300102234,gov,True,False
159675,2026-03,gov,0,0.3494381904602051,0.3074275553226471,0.34313422441482544,0.3494381904602051,gov,True,False
159676,2026-03,gov,0,0.49582356214523315,0.4063616991043091,0.09781474620103836,0.49582356214523315,gov,True,False
159679,2026-03,gov,0,0.6470822095870972,0.25615936517715454,0.09675850719213486,0.6470822095870972,gov,True,False
159680,2026-03,gov,0,0.5235706567764282,0.34913909435272217,0.1272902637720108,0.5235706567764282,gov,True,False
160386,2026-03,opo,1,0.014821882359683514,0.9404144883155823,0.04476359486579895,0.9404144883155823,opo,True,False
160388,2026-03,opo,1,0.036154989153146744,0.7362850904464722,0.227559894323349,0.7362850904464722,opo,True,False
160389,2026-03,uncertain,2,0.06906162947416306,0.09462535381317139,0.8363130688667297,0.8363130688667297,uncertain,True,False
160390,2026-03,uncertain,2,0.4438678026199341,0.07347038388252258,0.48266178369522095,0.48266178369522095,uncertain,True,False
160391,2026-03,gov,0,0.7401448488235474,0.09763608872890472,0.16221904754638672,0.7401448488235474,gov,True,False
160392,2026-03,gov,0,0.9019554853439331,0.027232123538851738,0.0708124116063118,0.9019554853439331,gov,True,False
160393,2026-03,gov,0,0.8966283202171326,0.01163609977811575,0.0917355865240097,0.8966283202171326,gov,True,False
160394,2026-03,gov,0,0.5901404619216919,0.04646367207169533,0.36339589953422546,0.5901404619216919,gov,True,False
160396,2026-03,gov,0,0.7314494252204895,0.16477400064468384,0.10377661138772964,0.7314494252204895,gov,True,False
160397,2026-03,gov,0,0.4886612296104431,0.32350149750709534,0.18783727288246155,0.4886612296104431,gov,True,False
160399,2026-03,gov,0,0.6011867523193359,0.279363214969635,0.11944996565580368,0.6011867523193359,gov,True,False
160400,2026-03,gov,0,0.64324951171875,0.2291596531867981,0.12759080529212952,0.64324951171875,gov,True,False
161107,2026-03,opo,1,0.0076955934055149555,0.9658321738243103,0.026472169905900955,0.9658321738243103,opo,True,False
161109,2026-03,uncertain,2,0.033952709287405014,0.01349705457687378,0.9525502324104309,0.9525502324104309,uncertain,True,False
161110,2026-03,uncertain,2,0.41111767292022705,0.046828001737594604,0.5420543551445007,0.5420543551445007,gov,True,False
161111,2026-03,gov,0,0.8475511074066162,0.07202520966529846,0.08042368292808533,0.8475511074066162,gov,True,False
161112,2026-03,gov,0,0.9224448204040527,0.017261343076825142,0.06029380485415459,0.9224448204040527,gov,True,False
161113,2026-03,gov,0,0.6026141047477722,0.017775733023881912,0.37961021065711975,0.6026141047477722,gov,True,False
161116,2026-03,gov,0,0.7637730240821838,0.04964887723326683,0.18657810986042023,0.7637730240821838,gov,True,False
161117,2026-03,gov,0,0.47190842032432556,0.13999108970165253,0.3881005346775055,0.47190842032432556,gov,True,False
161118,2026-03,gov,0,0.4484824538230896,0.283198744058609,0.2683188319206238,0.4484824538230896,gov,True,False
161119,2026-03,gov,0,0.49107086658477783,0.38169702887535095,0.12723210453987122,0.49107086658477783,gov,True,False
161120,2026-03,gov,0,0.5947558879852295,0.23207230865955353,0.17317180335521698,0.5947558879852295,gov,True,False
161827,2026-03,opo,1,0.024420203641057014,0.9253937005996704,0.05018607899546623,0.9253937005996704,opo,True,False
161829,2026-03,uncertain,2,0.026812845841050148,0.0554988831281662,0.9176881909370422,0.9176881909370422,uncertain,True,False
161830,2026-03,uncertain,2,0.0499298982322216,0.14983026683330536,0.8002398014068604,0.8002398014068604,uncertain,True,False
161831,2026-03,gov,0,0.5484200119972229,0.1622949093580246,0.2892850935459137,0.5484200119972229,gov,True,False
161832,2026-03,gov,0,0.875276505947113,0.06505265086889267,0.0596708320081234,0.875276505947113,gov,True,False
161833,2026-03,gov,0,0.7368617653846741,0.031520429998636246,0.23161782324314117,0.7368617653846741,gov,True,False
161834,2026-03,gov,0,0.4285390377044678,0.19178299605846405,0.37967798113822937,0.4285390377044678,gov,True,False
161837,2026-03,gov,0,0.41029247641563416,0.21106022596359253,0.3786472976207733,0.41029247641563416,opo,True,False
161839,2026-03,opo,1,0.2872926592826843,0.6502394676208496,0.06246786192059517,0.6502394676208496,opo,True,False
162547,2026-03,opo,1,0.04752889275550842,0.8923795819282532,0.06009149178862572,0.8923795819282532,opo,True,False
162548,2026-03,opo,1,0.2060071974992752,0.401765376329422,0.3922274112701416,0.401765376329422,opo,True,False
162549,2026-03,uncertain,2,0.13790476322174072,0.1539023518562317,0.7081928849220276,0.7081928849220276,uncertain,True,False
162550,2026-03,opo,1,0.2792172431945801,0.539829671382904,0.18095310032367706,0.539829671382904,opo,True,False
162551,2026-03,gov,0,0.6214990615844727,0.24437010288238525,0.1341307908296585,0.6214990615844727,gov,True,False
162552,2026-03,gov,0,0.8478195667266846,0.05613471567630768,0.09604567289352417,0.8478195667266846,gov,True,False
162553,2026-03,gov,0,0.849281370639801,0.06427863240242004,0.08643998205661774,0.849281370639801,opo,True,False
162554,2026-03,uncertain,2,0.2853957414627075,0.11751867830753326,0.5970855951309204,0.5970855951309204,uncertain,True,False
162555,2026-03,uncertain,2,0.1264212429523468,0.11248078942298889,0.7610979080200195,0.7610979080200195,gov,True,False
162556,2026-03,uncertain,2,0.29736435413360596,0.21245312690734863,0.4901825189590454,0.4901825189590454,gov,True,False
162558,2026-03,opo,1,0.08187203109264374,0.8366363644599915,0.08149165660142899,0.8366363644599915,opo,True,False
162559,2026-03,opo,1,0.12135964632034302,0.7913446426391602,0.08729568868875504,0.7913446426391602,opo,True,False
163267,2026-03,opo,1,0.05108066648244858,0.9091947674751282,0.03972458839416504,0.9091947674751282,opo,True,False
163268,2026-03,opo,1,0.12192170321941376,0.5410857796669006,0.3369925022125244,0.5410857796669006,uncertain,True,False
163269,2026-03,uncertain,2,0.13063398003578186,0.07703226804733276,0.7923337817192078,0.7923337817192078,uncertain,True,False
163271,2026-03,gov,0,0.6905861496925354,0.19340457022190094,0.11600933223962784,0.6905861496925354,gov,True,False
163272,2026-03,uncertain,2,0.3025781214237213,0.04530184343457222,0.6521199941635132,0.6521199941635132,uncertain,True,False
163274,2026-03,uncertain,2,0.17848004400730133,0.05872013419866562,0.7627997994422913,0.7627997994422913,gov,True,False
163275,2026-03,uncertain,2,0.11444736272096634,0.015237491577863693,0.8703151345252991,0.8703151345252991,uncertain,True,False
163276,2026-03,uncertain,2,0.10615487396717072,0.032908543944358826,0.8609365820884705,0.8609365820884705,uncertain,True,False
163278,2026-03,opo,1,0.048674326390028,0.8911469578742981,0.06017868220806122,0.8911469578742981,opo,True,False
163988,2026-03,opo,1,0.2358390837907791,0.5123679041862488,0.2517930269241333,0.5123679041862488,opo,True,False
163989,2026-03,opo,1,0.34178805351257324,0.38377317786216736,0.2744387686252594,0.38377317786216736,gov,True,False
163992,2026-03,gov,0,0.5694888234138489,0.13879816234111786,0.29171302914619446,0.5694888234138489,gov,True,False
163993,2026-03,gov,0,0.43593263626098633,0.42283475399017334,0.14123255014419556,0.43593263626098633,opo,True,False
163996,2026-03,uncertain,2,0.38245689868927,0.1320878118276596,0.48545533418655396,0.48545533418655396,gov,True,False
163998,2026-03,opo,1,0.17324969172477722,0.7410747408866882,0.08567558228969574,0.7410747408866882,gov,True,False
164709,2026-03,gov,0,0.5051549077033997,0.23678888380527496,0.2580561637878418,0.5051549077033997,gov,True,False
164710,2026-03,gov,0,0.7314586043357849,0.15107853710651398,0.11746285110712051,0.7314586043357849,gov,True,False
164711,2026-03,gov,0,0.7387152314186096,0.13660596311092377,0.12467885762453079,0.7387152314186096,opo,True,False
164712,2026-03,gov,0,0.6152607798576355,0.2795051038265228,0.10523410141468048,0.6152607798576355,opo,True,False
164713,2026-03,opo,1,0.29182589054107666,0.6002100706100464,0.10796401649713516,0.6002100706100464,opo,True,False
164714,2026-03,opo,1,0.23153290152549744,0.5798932313919067,0.18857382237911224,0.5798932313919067,gov,True,False
164715,2026-03,opo,1,0.19098006188869476,0.689557671546936,0.11946223676204681,0.689557671546936,opo,True,False
164716,2026-03,opo,1,0.2448703646659851,0.6460069417953491,0.10912275314331055,0.6460069417953491,opo,True,False
165430,2026-03,gov,0,0.49816709756851196,0.21893614530563354,0.2828966975212097,0.49816709756851196,gov,True,False
165433,2026-03,opo,1,0.1394684761762619,0.6909812092781067,0.16955029964447021,0.6909812092781067,gov,True,False
165435,2026-03,uncertain,2,0.1825786978006363,0.3833344578742981,0.4340868592262268,0.4340868592262268,opo,True,False
165436,2026-03,opo,1,0.12499608099460602,0.7291564345359802,0.14584743976593018,0.7291564345359802,opo,True,False
166150,2026-03,gov,0,0.46123233437538147,0.34762510657310486,0.1911424994468689,0.46123233437538147,gov,True,False
166152,2026-03,opo,1,0.23575569689273834,0.6598463654518127,0.1043979749083519,0.6598463654518127,opo,True,False
166154,2026-03,gov,0,0.45672810077667236,0.32291069626808167,0.2203611582517624,0.45672810077667236,gov,True,False
166155,2026-03,gov,0,0.4483991861343384,0.30191925168037415,0.24968154728412628,0.4483991861343384,gov,True,False
166156,2026-03,opo,1,0.23374702036380768,0.6130918264389038,0.15316113829612732,0.6130918264389038,opo,True,False
166157,2026-03,opo,1,0.14350785315036774,0.5730288028717041,0.28346332907676697,0.5730288028717041,opo,True,False
166873,2026-03,opo,1,0.29815512895584106,0.43801137804985046,0.2638334631919861,0.43801137804985046,gov,True,False
166876,2026-03,opo,1,0.11373288184404373,0.5967830419540405,0.28948408365249634,0.5967830419540405,opo,True,False
166877,2026-03,opo,1,0.13595356047153473,0.4714941084384918,0.39255234599113464,0.4714941084384918,opo,True,False
167591,2026-03,gov,0,0.46216514706611633,0.20666050910949707,0.33117425441741943,0.46216514706611633,gov,True,False
167592,2026-03,gov,0,0.4248043894767761,0.19925817847251892,0.3759373724460602,0.4248043894767761,gov,True,False
167594,2026-03,uncertain,2,0.37085044384002686,0.16607682406902313,0.46307268738746643,0.46307268738746643,gov,True,False
167597,2026-03,uncertain,2,0.31207868456840515,0.21608267724514008,0.4718385934829712,0.4718385934829712,opo,True,False
168313,2026-03,uncertain,2,0.40225866436958313,0.10330130159854889,0.4944400191307068,0.4944400191307068,gov,True,False
168316,2026-03,opo,1,0.4008932411670685,0.439054936170578,0.1600518375635147,0.439054936170578,opo,True,False
168318,2026-03,uncertain,2,0.1968814730644226,0.3035573661327362,0.4995611608028412,0.4995611608028412,opo,True,False
169035,2026-03,gov,0,0.7483305931091309,0.10644585639238358,0.14522352814674377,0.7483305931091309,gov,True,False
169036,2026-03,gov,0,0.7082725763320923,0.12931983172893524,0.16240762174129486,0.7082725763320923,gov,True,False
169037,2026-03,gov,0,0.7272563576698303,0.09470823407173157,0.1780354231595993,0.7272563576698303,gov,True,False
169756,2026-03,gov,0,0.7457912564277649,0.11625919491052628,0.137949600815773,0.7457912564277649,gov,True,False
