lat,lon,faction,date
9.5,92.0,Outside Myanmar,myanmar_2025-06-05
9.5,92.1,Outside Myanmar,myanmar_2025-06-05
9.5,92.2,Outside Myanmar,myanmar_2025-06-05
9.5,92.3,Outside Myanmar,myanmar_2025-06-05
9.5,92.4,Outside Myanmar,myanmar_2025-06-05
9.5,92.5,Outside Myanmar,myanmar_2025-06-05
9.5,92.6,Outside Myanmar,myanmar_2025-06-05
9.5,92.7,Outside Myanmar,myanmar_2025-06-05
9.5,92.8,Outside Myanmar,myanmar_2025-06-05
9.5,92.9,Outside Myanmar,myanmar_2025-06-05
9.5,93.0,Outside Myanmar,myanmar_2025-06-05
9.5,93.1,Outside Myanmar,myanmar_2025-06-05
9.5,93.2,Outside Myanmar,myanmar_2025-06-05
9.5,93.3,Outside Myanmar,myanmar_2025-06-05
9.5,93.4,Outside Myanmar,myanmar_2025-06-05
9.5,93.5,Outside Myanmar,myanmar_2025-06-05
9.5,93.6,Outside Myanmar,myanmar_2025-06-05
9.5,93.7,Outside Myanmar,myanmar_2025-06-05
9.5,93.8,Outside Myanmar,myanmar_2025-06-05
9.5,93.9,Outside Myanmar,myanmar_2025-06-05
9.5,94.0,Outside Myanmar,myanmar_2025-06-05
9.5,94.1,Outside Myanmar,myanmar_2025-06-05
9.5,94.2,Outside Myanmar,myanmar_2025-06-05
9.5,94.3,Outside Myanmar,myanmar_2025-06-05
9.5,94.4,Outside Myanmar,myanmar_2025-06-05
9.5,94.5,Outside Myanmar,myanmar_2025-06-05
9.5,94.6,Outside Myanmar,myanmar_2025-06-05
9.5,94.7,Outside Myanmar,myanmar_2025-06-05
9.5,94.8,Outside Myanmar,myanmar_2025-06-05
9.5,94.9,Outside Myanmar,myanmar_2025-06-05
9.5,95.0,Outside Myanmar,myanmar_2025-06-05
9.5,95.1,Outside Myanmar,myanmar_2025-06-05
9.5,95.2,Outside Myanmar,myanmar_2025-06-05
9.5,95.3,Outside Myanmar,myanmar_2025-06-05
9.5,95.4,Outside Myanmar,myanmar_2025-06-05
9.5,95.5,Outside Myanmar,myanmar_2025-06-05
9.5,95.6,Outside Myanmar,myanmar_2025-06-05
9.5,95.7,Outside Myanmar,myanmar_2025-06-05
9.5,95.8,Outside Myanmar,myanmar_2025-06-05
9.5,95.9,Outside Myanmar,myanmar_2025-06-05
9.5,96.0,Outside Myanmar,myanmar_2025-06-05
9.5,96.1,Outside Myanmar,myanmar_2025-06-05
9.5,96.2,Outside Myanmar,myanmar_2025-06-05
9.5,96.3,Outside Myanmar,myanmar_2025-06-05
9.5,96.4,Outside Myanmar,myanmar_2025-06-05
9.5,96.5,Outside Myanmar,myanmar_2025-06-05
9.5,96.6,Outside Myanmar,myanmar_2025-06-05
9.5,96.7,Outside Myanmar,myanmar_2025-06-05
9.5,96.8,Outside Myanmar,myanmar_2025-06-05
9.5,96.9,Outside Myanmar,myanmar_2025-06-05
9.5,97.0,Outside Myanmar,myanmar_2025-06-05
9.5,97.1,Outside Myanmar,myanmar_2025-06-05
9.5,97.2,Outside Myanmar,myanmar_2025-06-05
9.5,97.3,Outside Myanmar,myanmar_2025-06-05
9.5,97.4,Outside Myanmar,myanmar_2025-06-05
9.5,97.5,Outside Myanmar,myanmar_2025-06-05
9.5,97.6,Outside Myanmar,myanmar_2025-06-05
9.5,97.7,Outside Myanmar,myanmar_2025-06-05
9.5,97.8,Outside Myanmar,myanmar_2025-06-05
9.5,97.9,Outside Myanmar,myanmar_2025-06-05
9.5,98.0,Outside Myanmar,myanmar_2025-06-05
9.5,98.1,Outside Myanmar,myanmar_2025-06-05
9.5,98.2,Outside Myanmar,myanmar_2025-06-05
9.5,98.3,Outside Myanmar,myanmar_2025-06-05
9.5,98.4,Outside Myanmar,myanmar_2025-06-05
9.5,98.5,Outside Myanmar,myanmar_2025-06-05
9.5,98.6,Outside Myanmar,myanmar_2025-06-05
9.5,98.7,Outside Myanmar,myanmar_2025-06-05
9.5,98.8,Outside Myanmar,myanmar_2025-06-05
9.5,98.9,Outside Myanmar,myanmar_2025-06-05
9.5,99.0,Outside Myanmar,myanmar_2025-06-05
9.5,99.1,Outside Myanmar,myanmar_2025-06-05
9.5,99.2,Outside Myanmar,myanmar_2025-06-05
9.5,99.3,Outside Myanmar,myanmar_2025-06-05
9.5,99.4,Outside Myanmar,myanmar_2025-06-05
9.5,99.5,Outside Myanmar,myanmar_2025-06-05
9.5,99.6,Outside Myanmar,myanmar_2025-06-05
9.5,99.7,Outside Myanmar,myanmar_2025-06-05
9.5,99.8,Outside Myanmar,myanmar_2025-06-05
9.5,99.9,Outside Myanmar,myanmar_2025-06-05
9.5,100.0,Outside Myanmar,myanmar_2025-06-05
9.5,100.1,Outside Myanmar,myanmar_2025-06-05
9.5,100.2,Outside Myanmar,myanmar_2025-06-05
9.5,100.3,Outside Myanmar,myanmar_2025-06-05
9.5,100.4,Outside Myanmar,myanmar_2025-06-05
9.5,100.5,Outside Myanmar,myanmar_2025-06-05
9.5,100.6,Outside Myanmar,myanmar_2025-06-05
9.5,100.7,Outside Myanmar,myanmar_2025-06-05
9.5,100.8,Outside Myanmar,myanmar_2025-06-05
9.5,100.9,Outside Myanmar,myanmar_2025-06-05
9.5,101.0,Outside Myanmar,myanmar_2025-06-05
9.5,101.1,Outside Myanmar,myanmar_2025-06-05
9.5,101.2,Outside Myanmar,myanmar_2025-06-05
9.5,101.3,Outside Myanmar,myanmar_2025-06-05
9.5,101.4,Outside Myanmar,myanmar_2025-06-05
9.6,92.0,Outside Myanmar,myanmar_2025-06-05
9.6,92.1,Outside Myanmar,myanmar_2025-06-05
9.6,92.2,Outside Myanmar,myanmar_2025-06-05
9.6,92.3,Outside Myanmar,myanmar_2025-06-05
9.6,92.4,Outside Myanmar,myanmar_2025-06-05
9.6,92.5,Outside Myanmar,myanmar_2025-06-05
9.6,92.6,Outside Myanmar,myanmar_2025-06-05
9.6,92.7,Outside Myanmar,myanmar_2025-06-05
9.6,92.8,Outside Myanmar,myanmar_2025-06-05
9.6,92.9,Outside Myanmar,myanmar_2025-06-05
9.6,93.0,Outside Myanmar,myanmar_2025-06-05
9.6,93.1,Outside Myanmar,myanmar_2025-06-05
9.6,93.2,Outside Myanmar,myanmar_2025-06-05
9.6,93.3,Outside Myanmar,myanmar_2025-06-05
9.6,93.4,Outside Myanmar,myanmar_2025-06-05
9.6,93.5,Outside Myanmar,myanmar_2025-06-05
9.6,93.6,Outside Myanmar,myanmar_2025-06-05
9.6,93.7,Outside Myanmar,myanmar_2025-06-05
9.6,93.8,Outside Myanmar,myanmar_2025-06-05
9.6,93.9,Outside Myanmar,myanmar_2025-06-05
9.6,94.0,Outside Myanmar,myanmar_2025-06-05
9.6,94.1,Outside Myanmar,myanmar_2025-06-05
9.6,94.2,Outside Myanmar,myanmar_2025-06-05
9.6,94.3,Outside Myanmar,myanmar_2025-06-05
9.6,94.4,Outside Myanmar,myanmar_2025-06-05
9.6,94.5,Outside Myanmar,myanmar_2025-06-05
9.6,94.6,Outside Myanmar,myanmar_2025-06-05
9.6,94.7,Outside Myanmar,myanmar_2025-06-05
9.6,94.8,Outside Myanmar,myanmar_2025-06-05
9.6,94.9,Outside Myanmar,myanmar_2025-06-05
9.6,95.0,Outside Myanmar,myanmar_2025-06-05
9.6,95.1,Outside Myanmar,myanmar_2025-06-05
9.6,95.2,Outside Myanmar,myanmar_2025-06-05
9.6,95.3,Outside Myanmar,myanmar_2025-06-05
9.6,95.4,Outside Myanmar,myanmar_2025-06-05
9.6,95.5,Outside Myanmar,myanmar_2025-06-05
9.6,95.6,Outside Myanmar,myanmar_2025-06-05
9.6,95.7,Outside Myanmar,myanmar_2025-06-05
9.6,95.8,Outside Myanmar,myanmar_2025-06-05
9.6,95.9,Outside Myanmar,myanmar_2025-06-05
9.6,96.0,Outside Myanmar,myanmar_2025-06-05
9.6,96.1,Outside Myanmar,myanmar_2025-06-05
9.6,96.2,Outside Myanmar,myanmar_2025-06-05
9.6,96.3,Outside Myanmar,myanmar_2025-06-05
9.6,96.4,Outside Myanmar,myanmar_2025-06-05
9.6,96.5,Outside Myanmar,myanmar_2025-06-05
9.6,96.6,Outside Myanmar,myanmar_2025-06-05
9.6,96.7,Outside Myanmar,myanmar_2025-06-05
9.6,96.8,Outside Myanmar,myanmar_2025-06-05
9.6,96.9,Outside Myanmar,myanmar_2025-06-05
9.6,97.0,Outside Myanmar,myanmar_2025-06-05
9.6,97.1,Outside Myanmar,myanmar_2025-06-05
9.6,97.2,Outside Myanmar,myanmar_2025-06-05
9.6,97.3,Outside Myanmar,myanmar_2025-06-05
9.6,97.4,Outside Myanmar,myanmar_2025-06-05
9.6,97.5,Outside Myanmar,myanmar_2025-06-05
9.6,97.6,Outside Myanmar,myanmar_2025-06-05
9.6,97.7,Outside Myanmar,myanmar_2025-06-05
9.6,97.8,Outside Myanmar,myanmar_2025-06-05
9.6,97.9,Outside Myanmar,myanmar_2025-06-05
9.6,98.0,Outside Myanmar,myanmar_2025-06-05
9.6,98.1,Outside Myanmar,myanmar_2025-06-05
9.6,98.2,Outside Myanmar,myanmar_2025-06-05
9.6,98.3,Outside Myanmar,myanmar_2025-06-05
9.6,98.4,Outside Myanmar,myanmar_2025-06-05
9.6,98.5,Outside Myanmar,myanmar_2025-06-05
9.6,98.6,Outside Myanmar,myanmar_2025-06-05
9.6,98.7,Outside Myanmar,myanmar_2025-06-05
9.6,98.8,Outside Myanmar,myanmar_2025-06-05
9.6,98.9,Outside Myanmar,myanmar_2025-06-05
9.6,99.0,Outside Myanmar,myanmar_2025-06-05
9.6,99.1,Outside Myanmar,myanmar_2025-06-05
9.6,99.2,Outside Myanmar,myanmar_2025-06-05
9.6,99.3,Outside Myanmar,myanmar_2025-06-05
9.6,99.4,Outside Myanmar,myanmar_2025-06-05
9.6,99.5,Outside Myanmar,myanmar_2025-06-05
9.6,99.6,Outside Myanmar,myanmar_2025-06-05
9.6,99.7,Outside Myanmar,myanmar_2025-06-05
9.6,99.8,Outside Myanmar,myanmar_2025-06-05
9.6,99.9,Outside Myanmar,myanmar_2025-06-05
9.6,100.0,Outside Myanmar,myanmar_2025-06-05
9.6,100.1,Outside Myanmar,myanmar_2025-06-05
9.6,100.2,Outside Myanmar,myanmar_2025-06-05
9.6,100.3,Outside Myanmar,myanmar_2025-06-05
9.6,100.4,Outside Myanmar,myanmar_2025-06-05
9.6,100.5,Outside Myanmar,myanmar_2025-06-05
9.6,100.6,Outside Myanmar,myanmar_2025-06-05
9.6,100.7,Outside Myanmar,myanmar_2025-06-05
9.6,100.8,Outside Myanmar,myanmar_2025-06-05
9.6,100.9,Outside Myanmar,myanmar_2025-06-05
9.6,101.0,Outside Myanmar,myanmar_2025-06-05
9.6,101.1,Outside Myanmar,myanmar_2025-06-05
9.6,101.2,Outside Myanmar,myanmar_2025-06-05
9.6,101.3,Outside Myanmar,myanmar_2025-06-05
9.6,101.4,Outside Myanmar,myanmar_2025-06-05
9.7,92.0,Outside Myanmar,myanmar_2025-06-05
9.7,92.1,Outside Myanmar,myanmar_2025-06-05
9.7,92.2,Outside Myanmar,myanmar_2025-06-05
9.7,92.3,Outside Myanmar,myanmar_2025-06-05
9.7,92.4,Outside Myanmar,myanmar_2025-06-05
9.7,92.5,Outside Myanmar,myanmar_2025-06-05
9.7,92.6,Outside Myanmar,myanmar_2025-06-05
9.7,92.7,Outside Myanmar,myanmar_2025-06-05
9.7,92.8,Outside Myanmar,myanmar_2025-06-05
9.7,92.9,Outside Myanmar,myanmar_2025-06-05
9.7,93.0,Outside Myanmar,myanmar_2025-06-05
9.7,93.1,Outside Myanmar,myanmar_2025-06-05
9.7,93.2,Outside Myanmar,myanmar_2025-06-05
9.7,93.3,Outside Myanmar,myanmar_2025-06-05
9.7,93.4,Outside Myanmar,myanmar_2025-06-05
9.7,93.5,Outside Myanmar,myanmar_2025-06-05
9.7,93.6,Outside Myanmar,myanmar_2025-06-05
9.7,93.7,Outside Myanmar,myanmar_2025-06-05
9.7,93.8,Outside Myanmar,myanmar_2025-06-05
9.7,93.9,Outside Myanmar,myanmar_2025-06-05
9.7,94.0,Outside Myanmar,myanmar_2025-06-05
9.7,94.1,Outside Myanmar,myanmar_2025-06-05
9.7,94.2,Outside Myanmar,myanmar_2025-06-05
9.7,94.3,Outside Myanmar,myanmar_2025-06-05
9.7,94.4,Outside Myanmar,myanmar_2025-06-05
9.7,94.5,Outside Myanmar,myanmar_2025-06-05
9.7,94.6,Outside Myanmar,myanmar_2025-06-05
9.7,94.7,Outside Myanmar,myanmar_2025-06-05
9.7,94.8,Outside Myanmar,myanmar_2025-06-05
9.7,94.9,Outside Myanmar,myanmar_2025-06-05
9.7,95.0,Outside Myanmar,myanmar_2025-06-05
9.7,95.1,Outside Myanmar,myanmar_2025-06-05
9.7,95.2,Outside Myanmar,myanmar_2025-06-05
9.7,95.3,Outside Myanmar,myanmar_2025-06-05
9.7,95.4,Outside Myanmar,myanmar_2025-06-05
9.7,95.5,Outside Myanmar,myanmar_2025-06-05
9.7,95.6,Outside Myanmar,myanmar_2025-06-05
9.7,95.7,Outside Myanmar,myanmar_2025-06-05
9.7,95.8,Outside Myanmar,myanmar_2025-06-05
9.7,95.9,Outside Myanmar,myanmar_2025-06-05
9.7,96.0,Outside Myanmar,myanmar_2025-06-05
9.7,96.1,Outside Myanmar,myanmar_2025-06-05
9.7,96.2,Outside Myanmar,myanmar_2025-06-05
9.7,96.3,Outside Myanmar,myanmar_2025-06-05
9.7,96.4,Outside Myanmar,myanmar_2025-06-05
9.7,96.5,Outside Myanmar,myanmar_2025-06-05
9.7,96.6,Outside Myanmar,myanmar_2025-06-05
9.7,96.7,Outside Myanmar,myanmar_2025-06-05
9.7,96.8,Outside Myanmar,myanmar_2025-06-05
9.7,96.9,Outside Myanmar,myanmar_2025-06-05
9.7,97.0,Outside Myanmar,myanmar_2025-06-05
9.7,97.1,Outside Myanmar,myanmar_2025-06-05
9.7,97.2,Outside Myanmar,myanmar_2025-06-05
9.7,97.3,Outside Myanmar,myanmar_2025-06-05
9.7,97.4,Outside Myanmar,myanmar_2025-06-05
9.7,97.5,Outside Myanmar,myanmar_2025-06-05
9.7,97.6,Outside Myanmar,myanmar_2025-06-05
9.7,97.7,Outside Myanmar,myanmar_2025-06-05
9.7,97.8,Outside Myanmar,myanmar_2025-06-05
9.7,97.9,Outside Myanmar,myanmar_2025-06-05
9.7,98.0,Outside Myanmar,myanmar_2025-06-05
9.7,98.1,Outside Myanmar,myanmar_2025-06-05
9.7,98.2,Outside Myanmar,myanmar_2025-06-05
9.7,98.3,Outside Myanmar,myanmar_2025-06-05
9.7,98.4,Outside Myanmar,myanmar_2025-06-05
9.7,98.5,Outside Myanmar,myanmar_2025-06-05
9.7,98.6,Outside Myanmar,myanmar_2025-06-05
9.7,98.7,Outside Myanmar,myanmar_2025-06-05
9.7,98.8,Outside Myanmar,myanmar_2025-06-05
9.7,98.9,Outside Myanmar,myanmar_2025-06-05
9.7,99.0,Outside Myanmar,myanmar_2025-06-05
9.7,99.1,Outside Myanmar,myanmar_2025-06-05
9.7,99.2,Outside Myanmar,myanmar_2025-06-05
9.7,99.3,Outside Myanmar,myanmar_2025-06-05
9.7,99.4,Outside Myanmar,myanmar_2025-06-05
9.7,99.5,Outside Myanmar,myanmar_2025-06-05
9.7,99.6,Outside Myanmar,myanmar_2025-06-05
9.7,99.7,Outside Myanmar,myanmar_2025-06-05
9.7,99.8,Outside Myanmar,myanmar_2025-06-05
9.7,99.9,Outside Myanmar,myanmar_2025-06-05
9.7,100.0,Outside Myanmar,myanmar_2025-06-05
9.7,100.1,Outside Myanmar,myanmar_2025-06-05
9.7,100.2,Outside Myanmar,myanmar_2025-06-05
9.7,100.3,Outside Myanmar,myanmar_2025-06-05
9.7,100.4,Outside Myanmar,myanmar_2025-06-05
9.7,100.5,Outside Myanmar,myanmar_2025-06-05
9.7,100.6,Outside Myanmar,myanmar_2025-06-05
9.7,100.7,Outside Myanmar,myanmar_2025-06-05
9.7,100.8,Outside Myanmar,myanmar_2025-06-05
9.7,100.9,Outside Myanmar,myanmar_2025-06-05
9.7,101.0,Outside Myanmar,myanmar_2025-06-05
9.7,101.1,Outside Myanmar,myanmar_2025-06-05
9.7,101.2,Outside Myanmar,myanmar_2025-06-05
9.7,101.3,Outside Myanmar,myanmar_2025-06-05
9.7,101.4,Outside Myanmar,myanmar_2025-06-05
9.8,92.0,Outside Myanmar,myanmar_2025-06-05
9.8,92.1,Outside Myanmar,myanmar_2025-06-05
9.8,92.2,Outside Myanmar,myanmar_2025-06-05
9.8,92.3,Outside Myanmar,myanmar_2025-06-05
9.8,92.4,Outside Myanmar,myanmar_2025-06-05
9.8,92.5,Outside Myanmar,myanmar_2025-06-05
9.8,92.6,Outside Myanmar,myanmar_2025-06-05
9.8,92.7,Outside Myanmar,myanmar_2025-06-05
9.8,92.8,Outside Myanmar,myanmar_2025-06-05
9.8,92.9,Outside Myanmar,myanmar_2025-06-05
9.8,93.0,Outside Myanmar,myanmar_2025-06-05
9.8,93.1,Outside Myanmar,myanmar_2025-06-05
9.8,93.2,Outside Myanmar,myanmar_2025-06-05
9.8,93.3,Outside Myanmar,myanmar_2025-06-05
9.8,93.4,Outside Myanmar,myanmar_2025-06-05
9.8,93.5,Outside Myanmar,myanmar_2025-06-05
9.8,93.6,Outside Myanmar,myanmar_2025-06-05
9.8,93.7,Outside Myanmar,myanmar_2025-06-05
9.8,93.8,Outside Myanmar,myanmar_2025-06-05
9.8,93.9,Outside Myanmar,myanmar_2025-06-05
9.8,94.0,Outside Myanmar,myanmar_2025-06-05
9.8,94.1,Outside Myanmar,myanmar_2025-06-05
9.8,94.2,Outside Myanmar,myanmar_2025-06-05
9.8,94.3,Outside Myanmar,myanmar_2025-06-05
9.8,94.4,Outside Myanmar,myanmar_2025-06-05
9.8,94.5,Outside Myanmar,myanmar_2025-06-05
9.8,94.6,Outside Myanmar,myanmar_2025-06-05
9.8,94.7,Outside Myanmar,myanmar_2025-06-05
9.8,94.8,Outside Myanmar,myanmar_2025-06-05
9.8,94.9,Outside Myanmar,myanmar_2025-06-05
9.8,95.0,Outside Myanmar,myanmar_2025-06-05
9.8,95.1,Outside Myanmar,myanmar_2025-06-05
9.8,95.2,Outside Myanmar,myanmar_2025-06-05
9.8,95.3,Outside Myanmar,myanmar_2025-06-05
9.8,95.4,Outside Myanmar,myanmar_2025-06-05
9.8,95.5,Outside Myanmar,myanmar_2025-06-05
9.8,95.6,Outside Myanmar,myanmar_2025-06-05
9.8,95.7,Outside Myanmar,myanmar_2025-06-05
9.8,95.8,Outside Myanmar,myanmar_2025-06-05
9.8,95.9,Outside Myanmar,myanmar_2025-06-05
9.8,96.0,Outside Myanmar,myanmar_2025-06-05
9.8,96.1,Outside Myanmar,myanmar_2025-06-05
9.8,96.2,Outside Myanmar,myanmar_2025-06-05
9.8,96.3,Outside Myanmar,myanmar_2025-06-05
9.8,96.4,Outside Myanmar,myanmar_2025-06-05
9.8,96.5,Outside Myanmar,myanmar_2025-06-05
9.8,96.6,Outside Myanmar,myanmar_2025-06-05
9.8,96.7,Outside Myanmar,myanmar_2025-06-05
9.8,96.8,Outside Myanmar,myanmar_2025-06-05
9.8,96.9,Outside Myanmar,myanmar_2025-06-05
9.8,97.0,Outside Myanmar,myanmar_2025-06-05
9.8,97.1,Outside Myanmar,myanmar_2025-06-05
9.8,97.2,Outside Myanmar,myanmar_2025-06-05
9.8,97.3,Outside Myanmar,myanmar_2025-06-05
9.8,97.4,Outside Myanmar,myanmar_2025-06-05
9.8,97.5,Outside Myanmar,myanmar_2025-06-05
9.8,97.6,Outside Myanmar,myanmar_2025-06-05
9.8,97.7,Outside Myanmar,myanmar_2025-06-05
9.8,97.8,Outside Myanmar,myanmar_2025-06-05
9.8,97.9,Outside Myanmar,myanmar_2025-06-05
9.8,98.0,Outside Myanmar,myanmar_2025-06-05
9.8,98.1,Outside Myanmar,myanmar_2025-06-05
9.8,98.2,Outside Myanmar,myanmar_2025-06-05
9.8,98.3,Outside Myanmar,myanmar_2025-06-05
9.8,98.4,Outside Myanmar,myanmar_2025-06-05
9.8,98.5,Outside Myanmar,myanmar_2025-06-05
9.8,98.6,Outside Myanmar,myanmar_2025-06-05
9.8,98.7,Outside Myanmar,myanmar_2025-06-05
9.8,98.8,Outside Myanmar,myanmar_2025-06-05
9.8,98.9,Outside Myanmar,myanmar_2025-06-05
9.8,99.0,Outside Myanmar,myanmar_2025-06-05
9.8,99.1,Outside Myanmar,myanmar_2025-06-05
9.8,99.2,Outside Myanmar,myanmar_2025-06-05
9.8,99.3,Outside Myanmar,myanmar_2025-06-05
9.8,99.4,Outside Myanmar,myanmar_2025-06-05
9.8,99.5,Outside Myanmar,myanmar_2025-06-05
9.8,99.6,Outside Myanmar,myanmar_2025-06-05
9.8,99.7,Outside Myanmar,myanmar_2025-06-05
9.8,99.8,Outside Myanmar,myanmar_2025-06-05
9.8,99.9,Outside Myanmar,myanmar_2025-06-05
9.8,100.0,Outside Myanmar,myanmar_2025-06-05
9.8,100.1,Outside Myanmar,myanmar_2025-06-05
9.8,100.2,Outside Myanmar,myanmar_2025-06-05
9.8,100.3,Outside Myanmar,myanmar_2025-06-05
9.8,100.4,Outside Myanmar,myanmar_2025-06-05
9.8,100.5,Outside Myanmar,myanmar_2025-06-05
9.8,100.6,Outside Myanmar,myanmar_2025-06-05
9.8,100.7,Outside Myanmar,myanmar_2025-06-05
9.8,100.8,Outside Myanmar,myanmar_2025-06-05
9.8,100.9,Outside Myanmar,myanmar_2025-06-05
9.8,101.0,Outside Myanmar,myanmar_2025-06-05
9.8,101.1,Outside Myanmar,myanmar_2025-06-05
9.8,101.2,Outside Myanmar,myanmar_2025-06-05
9.8,101.3,Outside Myanmar,myanmar_2025-06-05
9.8,101.4,Outside Myanmar,myanmar_2025-06-05
9.9,92.0,Outside Myanmar,myanmar_2025-06-05
9.9,92.1,Outside Myanmar,myanmar_2025-06-05
9.9,92.2,Outside Myanmar,myanmar_2025-06-05
9.9,92.3,Outside Myanmar,myanmar_2025-06-05
9.9,92.4,Outside Myanmar,myanmar_2025-06-05
9.9,92.5,Outside Myanmar,myanmar_2025-06-05
9.9,92.6,Outside Myanmar,myanmar_2025-06-05
9.9,92.7,Outside Myanmar,myanmar_2025-06-05
9.9,92.8,Outside Myanmar,myanmar_2025-06-05
9.9,92.9,Outside Myanmar,myanmar_2025-06-05
9.9,93.0,Outside Myanmar,myanmar_2025-06-05
9.9,93.1,Outside Myanmar,myanmar_2025-06-05
9.9,93.2,Outside Myanmar,myanmar_2025-06-05
9.9,93.3,Outside Myanmar,myanmar_2025-06-05
9.9,93.4,Outside Myanmar,myanmar_2025-06-05
9.9,93.5,Outside Myanmar,myanmar_2025-06-05
9.9,93.6,Outside Myanmar,myanmar_2025-06-05
9.9,93.7,Outside Myanmar,myanmar_2025-06-05
9.9,93.8,Outside Myanmar,myanmar_2025-06-05
9.9,93.9,Outside Myanmar,myanmar_2025-06-05
9.9,94.0,Outside Myanmar,myanmar_2025-06-05
9.9,94.1,Outside Myanmar,myanmar_2025-06-05
9.9,94.2,Outside Myanmar,myanmar_2025-06-05
9.9,94.3,Outside Myanmar,myanmar_2025-06-05
9.9,94.4,Outside Myanmar,myanmar_2025-06-05
9.9,94.5,Outside Myanmar,myanmar_2025-06-05
9.9,94.6,Outside Myanmar,myanmar_2025-06-05
9.9,94.7,Outside Myanmar,myanmar_2025-06-05
9.9,94.8,Outside Myanmar,myanmar_2025-06-05
9.9,94.9,Outside Myanmar,myanmar_2025-06-05
9.9,95.0,Outside Myanmar,myanmar_2025-06-05
9.9,95.1,Outside Myanmar,myanmar_2025-06-05
9.9,95.2,Outside Myanmar,myanmar_2025-06-05
9.9,95.3,Outside Myanmar,myanmar_2025-06-05
9.9,95.4,Outside Myanmar,myanmar_2025-06-05
9.9,95.5,Outside Myanmar,myanmar_2025-06-05
9.9,95.6,Outside Myanmar,myanmar_2025-06-05
9.9,95.7,Outside Myanmar,myanmar_2025-06-05
9.9,95.8,Outside Myanmar,myanmar_2025-06-05
9.9,95.9,Outside Myanmar,myanmar_2025-06-05
9.9,96.0,Outside Myanmar,myanmar_2025-06-05
9.9,96.1,Outside Myanmar,myanmar_2025-06-05
9.9,96.2,Outside Myanmar,myanmar_2025-06-05
9.9,96.3,Outside Myanmar,myanmar_2025-06-05
9.9,96.4,Outside Myanmar,myanmar_2025-06-05
9.9,96.5,Outside Myanmar,myanmar_2025-06-05
9.9,96.6,Outside Myanmar,myanmar_2025-06-05
9.9,96.7,Outside Myanmar,myanmar_2025-06-05
9.9,96.8,Outside Myanmar,myanmar_2025-06-05
9.9,96.9,Outside Myanmar,myanmar_2025-06-05
9.9,97.0,Outside Myanmar,myanmar_2025-06-05
9.9,97.1,Outside Myanmar,myanmar_2025-06-05
9.9,97.2,Outside Myanmar,myanmar_2025-06-05
9.9,97.3,Outside Myanmar,myanmar_2025-06-05
9.9,97.4,Outside Myanmar,myanmar_2025-06-05
9.9,97.5,Outside Myanmar,myanmar_2025-06-05
9.9,97.6,Outside Myanmar,myanmar_2025-06-05
9.9,97.7,Outside Myanmar,myanmar_2025-06-05
9.9,97.8,Outside Myanmar,myanmar_2025-06-05
9.9,97.9,Outside Myanmar,myanmar_2025-06-05
9.9,98.0,Outside Myanmar,myanmar_2025-06-05
9.9,98.1,Outside Myanmar,myanmar_2025-06-05
9.9,98.2,Outside Myanmar,myanmar_2025-06-05
9.9,98.3,Outside Myanmar,myanmar_2025-06-05
9.9,98.4,Outside Myanmar,myanmar_2025-06-05
9.9,98.5,Outside Myanmar,myanmar_2025-06-05
9.9,98.6,Outside Myanmar,myanmar_2025-06-05
9.9,98.7,Outside Myanmar,myanmar_2025-06-05
9.9,98.8,Outside Myanmar,myanmar_2025-06-05
9.9,98.9,Outside Myanmar,myanmar_2025-06-05
9.9,99.0,Outside Myanmar,myanmar_2025-06-05
9.9,99.1,Outside Myanmar,myanmar_2025-06-05
9.9,99.2,Outside Myanmar,myanmar_2025-06-05
9.9,99.3,Outside Myanmar,myanmar_2025-06-05
9.9,99.4,Outside Myanmar,myanmar_2025-06-05
9.9,99.5,Outside Myanmar,myanmar_2025-06-05
9.9,99.6,Outside Myanmar,myanmar_2025-06-05
9.9,99.7,Outside Myanmar,myanmar_2025-06-05
9.9,99.8,Outside Myanmar,myanmar_2025-06-05
9.9,99.9,Outside Myanmar,myanmar_2025-06-05
9.9,100.0,Outside Myanmar,myanmar_2025-06-05
9.9,100.1,Outside Myanmar,myanmar_2025-06-05
9.9,100.2,Outside Myanmar,myanmar_2025-06-05
9.9,100.3,Outside Myanmar,myanmar_2025-06-05
9.9,100.4,Outside Myanmar,myanmar_2025-06-05
9.9,100.5,Outside Myanmar,myanmar_2025-06-05
9.9,100.6,Outside Myanmar,myanmar_2025-06-05
9.9,100.7,Outside Myanmar,myanmar_2025-06-05
9.9,100.8,Outside Myanmar,myanmar_2025-06-05
9.9,100.9,Outside Myanmar,myanmar_2025-06-05
9.9,101.0,Outside Myanmar,myanmar_2025-06-05
9.9,101.1,Outside Myanmar,myanmar_2025-06-05
9.9,101.2,Outside Myanmar,myanmar_2025-06-05
9.9,101.3,Outside Myanmar,myanmar_2025-06-05
9.9,101.4,Outside Myanmar,myanmar_2025-06-05
10.0,92.0,Outside Myanmar,myanmar_2025-06-05
10.0,92.1,Outside Myanmar,myanmar_2025-06-05
10.0,92.2,Outside Myanmar,myanmar_2025-06-05
10.0,92.3,Outside Myanmar,myanmar_2025-06-05
10.0,92.4,Outside Myanmar,myanmar_2025-06-05
10.0,92.5,Outside Myanmar,myanmar_2025-06-05
10.0,92.6,Outside Myanmar,myanmar_2025-06-05
10.0,92.7,Outside Myanmar,myanmar_2025-06-05
10.0,92.8,Outside Myanmar,myanmar_2025-06-05
10.0,92.9,Outside Myanmar,myanmar_2025-06-05
10.0,93.0,Outside Myanmar,myanmar_2025-06-05
10.0,93.1,Outside Myanmar,myanmar_2025-06-05
10.0,93.2,Outside Myanmar,myanmar_2025-06-05
10.0,93.3,Outside Myanmar,myanmar_2025-06-05
10.0,93.4,Outside Myanmar,myanmar_2025-06-05
10.0,93.5,Outside Myanmar,myanmar_2025-06-05
10.0,93.6,Outside Myanmar,myanmar_2025-06-05
10.0,93.7,Outside Myanmar,myanmar_2025-06-05
10.0,93.8,Outside Myanmar,myanmar_2025-06-05
10.0,93.9,Outside Myanmar,myanmar_2025-06-05
10.0,94.0,Outside Myanmar,myanmar_2025-06-05
10.0,94.1,Outside Myanmar,myanmar_2025-06-05
10.0,94.2,Outside Myanmar,myanmar_2025-06-05
10.0,94.3,Outside Myanmar,myanmar_2025-06-05
10.0,94.4,Outside Myanmar,myanmar_2025-06-05
10.0,94.5,Outside Myanmar,myanmar_2025-06-05
10.0,94.6,Outside Myanmar,myanmar_2025-06-05
10.0,94.7,Outside Myanmar,myanmar_2025-06-05
10.0,94.8,Outside Myanmar,myanmar_2025-06-05
10.0,94.9,Outside Myanmar,myanmar_2025-06-05
10.0,95.0,Outside Myanmar,myanmar_2025-06-05
10.0,95.1,Outside Myanmar,myanmar_2025-06-05
10.0,95.2,Outside Myanmar,myanmar_2025-06-05
10.0,95.3,Outside Myanmar,myanmar_2025-06-05
10.0,95.4,Outside Myanmar,myanmar_2025-06-05
10.0,95.5,Outside Myanmar,myanmar_2025-06-05
10.0,95.6,Outside Myanmar,myanmar_2025-06-05
10.0,95.7,Outside Myanmar,myanmar_2025-06-05
10.0,95.8,Outside Myanmar,myanmar_2025-06-05
10.0,95.9,Outside Myanmar,myanmar_2025-06-05
10.0,96.0,Outside Myanmar,myanmar_2025-06-05
10.0,96.1,Outside Myanmar,myanmar_2025-06-05
10.0,96.2,Outside Myanmar,myanmar_2025-06-05
10.0,96.3,Outside Myanmar,myanmar_2025-06-05
10.0,96.4,Outside Myanmar,myanmar_2025-06-05
10.0,96.5,Outside Myanmar,myanmar_2025-06-05
10.0,96.6,Outside Myanmar,myanmar_2025-06-05
10.0,96.7,Outside Myanmar,myanmar_2025-06-05
10.0,96.8,Outside Myanmar,myanmar_2025-06-05
10.0,96.9,Outside Myanmar,myanmar_2025-06-05
10.0,97.0,Outside Myanmar,myanmar_2025-06-05
10.0,97.1,Outside Myanmar,myanmar_2025-06-05
10.0,97.2,Outside Myanmar,myanmar_2025-06-05
10.0,97.3,Outside Myanmar,myanmar_2025-06-05
10.0,97.4,Outside Myanmar,myanmar_2025-06-05
10.0,97.5,Outside Myanmar,myanmar_2025-06-05
10.0,97.6,Outside Myanmar,myanmar_2025-06-05
10.0,97.7,Outside Myanmar,myanmar_2025-06-05
10.0,97.8,Outside Myanmar,myanmar_2025-06-05
10.0,97.9,Outside Myanmar,myanmar_2025-06-05
10.0,98.0,Outside Myanmar,myanmar_2025-06-05
10.0,98.1,Outside Myanmar,myanmar_2025-06-05
10.0,98.2,Junta,myanmar_2025-06-05
10.0,98.3,Outside Myanmar,myanmar_2025-06-05
10.0,98.4,Outside Myanmar,myanmar_2025-06-05
10.0,98.5,Outside Myanmar,myanmar_2025-06-05
10.0,98.6,Outside Myanmar,myanmar_2025-06-05
10.0,98.7,Outside Myanmar,myanmar_2025-06-05
10.0,98.8,Outside Myanmar,myanmar_2025-06-05
10.0,98.9,Outside Myanmar,myanmar_2025-06-05
10.0,99.0,Outside Myanmar,myanmar_2025-06-05
10.0,99.1,Outside Myanmar,myanmar_2025-06-05
10.0,99.2,Outside Myanmar,myanmar_2025-06-05
10.0,99.3,Outside Myanmar,myanmar_2025-06-05
10.0,99.4,Outside Myanmar,myanmar_2025-06-05
10.0,99.5,Outside Myanmar,myanmar_2025-06-05
10.0,99.6,Outside Myanmar,myanmar_2025-06-05
10.0,99.7,Outside Myanmar,myanmar_2025-06-05
10.0,99.8,Outside Myanmar,myanmar_2025-06-05
10.0,99.9,Outside Myanmar,myanmar_2025-06-05
10.0,100.0,Outside Myanmar,myanmar_2025-06-05
10.0,100.1,Outside Myanmar,myanmar_2025-06-05
10.0,100.2,Outside Myanmar,myanmar_2025-06-05
10.0,100.3,Outside Myanmar,myanmar_2025-06-05
10.0,100.4,Outside Myanmar,myanmar_2025-06-05
10.0,100.5,Outside Myanmar,myanmar_2025-06-05
10.0,100.6,Outside Myanmar,myanmar_2025-06-05
10.0,100.7,Outside Myanmar,myanmar_2025-06-05
10.0,100.8,Outside Myanmar,myanmar_2025-06-05
10.0,100.9,Outside Myanmar,myanmar_2025-06-05
10.0,101.0,Outside Myanmar,myanmar_2025-06-05
10.0,101.1,Outside Myanmar,myanmar_2025-06-05
10.0,101.2,Outside Myanmar,myanmar_2025-06-05
10.0,101.3,Outside Myanmar,myanmar_2025-06-05
10.0,101.4,Outside Myanmar,myanmar_2025-06-05
10.1,92.0,Outside Myanmar,myanmar_2025-06-05
10.1,92.1,Outside Myanmar,myanmar_2025-06-05
10.1,92.2,Outside Myanmar,myanmar_2025-06-05
10.1,92.3,Outside Myanmar,myanmar_2025-06-05
10.1,92.4,Outside Myanmar,myanmar_2025-06-05
10.1,92.5,Outside Myanmar,myanmar_2025-06-05
10.1,92.6,Outside Myanmar,myanmar_2025-06-05
10.1,92.7,Outside Myanmar,myanmar_2025-06-05
10.1,92.8,Outside Myanmar,myanmar_2025-06-05
10.1,92.9,Outside Myanmar,myanmar_2025-06-05
10.1,93.0,Outside Myanmar,myanmar_2025-06-05
10.1,93.1,Outside Myanmar,myanmar_2025-06-05
10.1,93.2,Outside Myanmar,myanmar_2025-06-05
10.1,93.3,Outside Myanmar,myanmar_2025-06-05
10.1,93.4,Outside Myanmar,myanmar_2025-06-05
10.1,93.5,Outside Myanmar,myanmar_2025-06-05
10.1,93.6,Outside Myanmar,myanmar_2025-06-05
10.1,93.7,Outside Myanmar,myanmar_2025-06-05
10.1,93.8,Outside Myanmar,myanmar_2025-06-05
10.1,93.9,Outside Myanmar,myanmar_2025-06-05
10.1,94.0,Outside Myanmar,myanmar_2025-06-05
10.1,94.1,Outside Myanmar,myanmar_2025-06-05
10.1,94.2,Outside Myanmar,myanmar_2025-06-05
10.1,94.3,Outside Myanmar,myanmar_2025-06-05
10.1,94.4,Outside Myanmar,myanmar_2025-06-05
10.1,94.5,Outside Myanmar,myanmar_2025-06-05
10.1,94.6,Outside Myanmar,myanmar_2025-06-05
10.1,94.7,Outside Myanmar,myanmar_2025-06-05
10.1,94.8,Outside Myanmar,myanmar_2025-06-05
10.1,94.9,Outside Myanmar,myanmar_2025-06-05
10.1,95.0,Outside Myanmar,myanmar_2025-06-05
10.1,95.1,Outside Myanmar,myanmar_2025-06-05
10.1,95.2,Outside Myanmar,myanmar_2025-06-05
10.1,95.3,Outside Myanmar,myanmar_2025-06-05
10.1,95.4,Outside Myanmar,myanmar_2025-06-05
10.1,95.5,Outside Myanmar,myanmar_2025-06-05
10.1,95.6,Outside Myanmar,myanmar_2025-06-05
10.1,95.7,Outside Myanmar,myanmar_2025-06-05
10.1,95.8,Outside Myanmar,myanmar_2025-06-05
10.1,95.9,Outside Myanmar,myanmar_2025-06-05
10.1,96.0,Outside Myanmar,myanmar_2025-06-05
10.1,96.1,Outside Myanmar,myanmar_2025-06-05
10.1,96.2,Outside Myanmar,myanmar_2025-06-05
10.1,96.3,Outside Myanmar,myanmar_2025-06-05
10.1,96.4,Outside Myanmar,myanmar_2025-06-05
10.1,96.5,Outside Myanmar,myanmar_2025-06-05
10.1,96.6,Outside Myanmar,myanmar_2025-06-05
10.1,96.7,Outside Myanmar,myanmar_2025-06-05
10.1,96.8,Outside Myanmar,myanmar_2025-06-05
10.1,96.9,Outside Myanmar,myanmar_2025-06-05
10.1,97.0,Outside Myanmar,myanmar_2025-06-05
10.1,97.1,Outside Myanmar,myanmar_2025-06-05
10.1,97.2,Outside Myanmar,myanmar_2025-06-05
10.1,97.3,Outside Myanmar,myanmar_2025-06-05
10.1,97.4,Outside Myanmar,myanmar_2025-06-05
10.1,97.5,Outside Myanmar,myanmar_2025-06-05
10.1,97.6,Outside Myanmar,myanmar_2025-06-05
10.1,97.7,Outside Myanmar,myanmar_2025-06-05
10.1,97.8,Outside Myanmar,myanmar_2025-06-05
10.1,97.9,Outside Myanmar,myanmar_2025-06-05
10.1,98.0,Outside Myanmar,myanmar_2025-06-05
10.1,98.1,Outside Myanmar,myanmar_2025-06-05
10.1,98.2,Outside Myanmar,myanmar_2025-06-05
10.1,98.3,Outside Myanmar,myanmar_2025-06-05
10.1,98.4,Outside Myanmar,myanmar_2025-06-05
10.1,98.5,Outside Myanmar,myanmar_2025-06-05
10.1,98.6,Junta,myanmar_2025-06-05
10.1,98.7,Outside Myanmar,myanmar_2025-06-05
10.1,98.8,Outside Myanmar,myanmar_2025-06-05
10.1,98.9,Outside Myanmar,myanmar_2025-06-05
10.1,99.0,Outside Myanmar,myanmar_2025-06-05
10.1,99.1,Outside Myanmar,myanmar_2025-06-05
10.1,99.2,Outside Myanmar,myanmar_2025-06-05
10.1,99.3,Outside Myanmar,myanmar_2025-06-05
10.1,99.4,Outside Myanmar,myanmar_2025-06-05
10.1,99.5,Outside Myanmar,myanmar_2025-06-05
10.1,99.6,Outside Myanmar,myanmar_2025-06-05
10.1,99.7,Outside Myanmar,myanmar_2025-06-05
10.1,99.8,Outside Myanmar,myanmar_2025-06-05
10.1,99.9,Outside Myanmar,myanmar_2025-06-05
10.1,100.0,Outside Myanmar,myanmar_2025-06-05
10.1,100.1,Outside Myanmar,myanmar_2025-06-05
10.1,100.2,Outside Myanmar,myanmar_2025-06-05
10.1,100.3,Outside Myanmar,myanmar_2025-06-05
10.1,100.4,Outside Myanmar,myanmar_2025-06-05
10.1,100.5,Outside Myanmar,myanmar_2025-06-05
10.1,100.6,Outside Myanmar,myanmar_2025-06-05
10.1,100.7,Outside Myanmar,myanmar_2025-06-05
10.1,100.8,Outside Myanmar,myanmar_2025-06-05
10.1,100.9,Outside Myanmar,myanmar_2025-06-05
10.1,101.0,Outside Myanmar,myanmar_2025-06-05
10.1,101.1,Outside Myanmar,myanmar_2025-06-05
10.1,101.2,Outside Myanmar,myanmar_2025-06-05
10.1,101.3,Outside Myanmar,myanmar_2025-06-05
10.1,101.4,Outside Myanmar,myanmar_2025-06-05
10.2,92.0,Outside Myanmar,myanmar_2025-06-05
10.2,92.1,Outside Myanmar,myanmar_2025-06-05
10.2,92.2,Outside Myanmar,myanmar_2025-06-05
10.2,92.3,Outside Myanmar,myanmar_2025-06-05
10.2,92.4,Outside Myanmar,myanmar_2025-06-05
10.2,92.5,Outside Myanmar,myanmar_2025-06-05
10.2,92.6,Outside Myanmar,myanmar_2025-06-05
10.2,92.7,Outside Myanmar,myanmar_2025-06-05
10.2,92.8,Outside Myanmar,myanmar_2025-06-05
10.2,92.9,Outside Myanmar,myanmar_2025-06-05
10.2,93.0,Outside Myanmar,myanmar_2025-06-05
10.2,93.1,Outside Myanmar,myanmar_2025-06-05
10.2,93.2,Outside Myanmar,myanmar_2025-06-05
10.2,93.3,Outside Myanmar,myanmar_2025-06-05
10.2,93.4,Outside Myanmar,myanmar_2025-06-05
10.2,93.5,Outside Myanmar,myanmar_2025-06-05
10.2,93.6,Outside Myanmar,myanmar_2025-06-05
10.2,93.7,Outside Myanmar,myanmar_2025-06-05
10.2,93.8,Outside Myanmar,myanmar_2025-06-05
10.2,93.9,Outside Myanmar,myanmar_2025-06-05
10.2,94.0,Outside Myanmar,myanmar_2025-06-05
10.2,94.1,Outside Myanmar,myanmar_2025-06-05
10.2,94.2,Outside Myanmar,myanmar_2025-06-05
10.2,94.3,Outside Myanmar,myanmar_2025-06-05
10.2,94.4,Outside Myanmar,myanmar_2025-06-05
10.2,94.5,Outside Myanmar,myanmar_2025-06-05
10.2,94.6,Outside Myanmar,myanmar_2025-06-05
10.2,94.7,Outside Myanmar,myanmar_2025-06-05
10.2,94.8,Outside Myanmar,myanmar_2025-06-05
10.2,94.9,Outside Myanmar,myanmar_2025-06-05
10.2,95.0,Outside Myanmar,myanmar_2025-06-05
10.2,95.1,Outside Myanmar,myanmar_2025-06-05
10.2,95.2,Outside Myanmar,myanmar_2025-06-05
10.2,95.3,Outside Myanmar,myanmar_2025-06-05
10.2,95.4,Outside Myanmar,myanmar_2025-06-05
10.2,95.5,Outside Myanmar,myanmar_2025-06-05
10.2,95.6,Outside Myanmar,myanmar_2025-06-05
10.2,95.7,Outside Myanmar,myanmar_2025-06-05
10.2,95.8,Outside Myanmar,myanmar_2025-06-05
10.2,95.9,Outside Myanmar,myanmar_2025-06-05
10.2,96.0,Outside Myanmar,myanmar_2025-06-05
10.2,96.1,Outside Myanmar,myanmar_2025-06-05
10.2,96.2,Outside Myanmar,myanmar_2025-06-05
10.2,96.3,Outside Myanmar,myanmar_2025-06-05
10.2,96.4,Outside Myanmar,myanmar_2025-06-05
10.2,96.5,Outside Myanmar,myanmar_2025-06-05
10.2,96.6,Outside Myanmar,myanmar_2025-06-05
10.2,96.7,Outside Myanmar,myanmar_2025-06-05
10.2,96.8,Outside Myanmar,myanmar_2025-06-05
10.2,96.9,Outside Myanmar,myanmar_2025-06-05
10.2,97.0,Outside Myanmar,myanmar_2025-06-05
10.2,97.1,Outside Myanmar,myanmar_2025-06-05
10.2,97.2,Outside Myanmar,myanmar_2025-06-05
10.2,97.3,Outside Myanmar,myanmar_2025-06-05
10.2,97.4,Outside Myanmar,myanmar_2025-06-05
10.2,97.5,Outside Myanmar,myanmar_2025-06-05
10.2,97.6,Outside Myanmar,myanmar_2025-06-05
10.2,97.7,Outside Myanmar,myanmar_2025-06-05
10.2,97.8,Outside Myanmar,myanmar_2025-06-05
10.2,97.9,Outside Myanmar,myanmar_2025-06-05
10.2,98.0,Outside Myanmar,myanmar_2025-06-05
10.2,98.1,Outside Myanmar,myanmar_2025-06-05
10.2,98.2,Outside Myanmar,myanmar_2025-06-05
10.2,98.3,Outside Myanmar,myanmar_2025-06-05
10.2,98.4,Outside Myanmar,myanmar_2025-06-05
10.2,98.5,Junta,myanmar_2025-06-05
10.2,98.6,Junta,myanmar_2025-06-05
10.2,98.7,Junta,myanmar_2025-06-05
10.2,98.8,Outside Myanmar,myanmar_2025-06-05
10.2,98.9,Outside Myanmar,myanmar_2025-06-05
10.2,99.0,Outside Myanmar,myanmar_2025-06-05
10.2,99.1,Outside Myanmar,myanmar_2025-06-05
10.2,99.2,Outside Myanmar,myanmar_2025-06-05
10.2,99.3,Outside Myanmar,myanmar_2025-06-05
10.2,99.4,Outside Myanmar,myanmar_2025-06-05
10.2,99.5,Outside Myanmar,myanmar_2025-06-05
10.2,99.6,Outside Myanmar,myanmar_2025-06-05
10.2,99.7,Outside Myanmar,myanmar_2025-06-05
10.2,99.8,Outside Myanmar,myanmar_2025-06-05
10.2,99.9,Outside Myanmar,myanmar_2025-06-05
10.2,100.0,Outside Myanmar,myanmar_2025-06-05
10.2,100.1,Outside Myanmar,myanmar_2025-06-05
10.2,100.2,Outside Myanmar,myanmar_2025-06-05
10.2,100.3,Outside Myanmar,myanmar_2025-06-05
10.2,100.4,Outside Myanmar,myanmar_2025-06-05
10.2,100.5,Outside Myanmar,myanmar_2025-06-05
10.2,100.6,Outside Myanmar,myanmar_2025-06-05
10.2,100.7,Outside Myanmar,myanmar_2025-06-05
10.2,100.8,Outside Myanmar,myanmar_2025-06-05
10.2,100.9,Outside Myanmar,myanmar_2025-06-05
10.2,101.0,Outside Myanmar,myanmar_2025-06-05
10.2,101.1,Outside Myanmar,myanmar_2025-06-05
10.2,101.2,Outside Myanmar,myanmar_2025-06-05
10.2,101.3,Outside Myanmar,myanmar_2025-06-05
10.2,101.4,Outside Myanmar,myanmar_2025-06-05
10.3,92.0,Outside Myanmar,myanmar_2025-06-05
10.3,92.1,Outside Myanmar,myanmar_2025-06-05
10.3,92.2,Outside Myanmar,myanmar_2025-06-05
10.3,92.3,Outside Myanmar,myanmar_2025-06-05
10.3,92.4,Outside Myanmar,myanmar_2025-06-05
10.3,92.5,Outside Myanmar,myanmar_2025-06-05
10.3,92.6,Outside Myanmar,myanmar_2025-06-05
10.3,92.7,Outside Myanmar,myanmar_2025-06-05
10.3,92.8,Outside Myanmar,myanmar_2025-06-05
10.3,92.9,Outside Myanmar,myanmar_2025-06-05
10.3,93.0,Outside Myanmar,myanmar_2025-06-05
10.3,93.1,Outside Myanmar,myanmar_2025-06-05
10.3,93.2,Outside Myanmar,myanmar_2025-06-05
10.3,93.3,Outside Myanmar,myanmar_2025-06-05
10.3,93.4,Outside Myanmar,myanmar_2025-06-05
10.3,93.5,Outside Myanmar,myanmar_2025-06-05
10.3,93.6,Outside Myanmar,myanmar_2025-06-05
10.3,93.7,Outside Myanmar,myanmar_2025-06-05
10.3,93.8,Outside Myanmar,myanmar_2025-06-05
10.3,93.9,Outside Myanmar,myanmar_2025-06-05
10.3,94.0,Outside Myanmar,myanmar_2025-06-05
10.3,94.1,Outside Myanmar,myanmar_2025-06-05
10.3,94.2,Outside Myanmar,myanmar_2025-06-05
10.3,94.3,Outside Myanmar,myanmar_2025-06-05
10.3,94.4,Outside Myanmar,myanmar_2025-06-05
10.3,94.5,Outside Myanmar,myanmar_2025-06-05
10.3,94.6,Outside Myanmar,myanmar_2025-06-05
10.3,94.7,Outside Myanmar,myanmar_2025-06-05
10.3,94.8,Outside Myanmar,myanmar_2025-06-05
10.3,94.9,Outside Myanmar,myanmar_2025-06-05
10.3,95.0,Outside Myanmar,myanmar_2025-06-05
10.3,95.1,Outside Myanmar,myanmar_2025-06-05
10.3,95.2,Outside Myanmar,myanmar_2025-06-05
10.3,95.3,Outside Myanmar,myanmar_2025-06-05
10.3,95.4,Outside Myanmar,myanmar_2025-06-05
10.3,95.5,Outside Myanmar,myanmar_2025-06-05
10.3,95.6,Outside Myanmar,myanmar_2025-06-05
10.3,95.7,Outside Myanmar,myanmar_2025-06-05
10.3,95.8,Outside Myanmar,myanmar_2025-06-05
10.3,95.9,Outside Myanmar,myanmar_2025-06-05
10.3,96.0,Outside Myanmar,myanmar_2025-06-05
10.3,96.1,Outside Myanmar,myanmar_2025-06-05
10.3,96.2,Outside Myanmar,myanmar_2025-06-05
10.3,96.3,Outside Myanmar,myanmar_2025-06-05
10.3,96.4,Outside Myanmar,myanmar_2025-06-05
10.3,96.5,Outside Myanmar,myanmar_2025-06-05
10.3,96.6,Outside Myanmar,myanmar_2025-06-05
10.3,96.7,Outside Myanmar,myanmar_2025-06-05
10.3,96.8,Outside Myanmar,myanmar_2025-06-05
10.3,96.9,Outside Myanmar,myanmar_2025-06-05
10.3,97.0,Outside Myanmar,myanmar_2025-06-05
10.3,97.1,Outside Myanmar,myanmar_2025-06-05
10.3,97.2,Outside Myanmar,myanmar_2025-06-05
10.3,97.3,Outside Myanmar,myanmar_2025-06-05
10.3,97.4,Outside Myanmar,myanmar_2025-06-05
10.3,97.5,Outside Myanmar,myanmar_2025-06-05
10.3,97.6,Outside Myanmar,myanmar_2025-06-05
10.3,97.7,Outside Myanmar,myanmar_2025-06-05
10.3,97.8,Outside Myanmar,myanmar_2025-06-05
10.3,97.9,Outside Myanmar,myanmar_2025-06-05
10.3,98.0,Outside Myanmar,myanmar_2025-06-05
10.3,98.1,Outside Myanmar,myanmar_2025-06-05
10.3,98.2,Outside Myanmar,myanmar_2025-06-05
10.3,98.3,Outside Myanmar,myanmar_2025-06-05
10.3,98.4,Outside Myanmar,myanmar_2025-06-05
10.3,98.5,Outside Myanmar,myanmar_2025-06-05
10.3,98.6,Junta,myanmar_2025-06-05
10.3,98.7,Junta,myanmar_2025-06-05
10.3,98.8,Outside Myanmar,myanmar_2025-06-05
10.3,98.9,Outside Myanmar,myanmar_2025-06-05
10.3,99.0,Outside Myanmar,myanmar_2025-06-05
10.3,99.1,Outside Myanmar,myanmar_2025-06-05
10.3,99.2,Outside Myanmar,myanmar_2025-06-05
10.3,99.3,Outside Myanmar,myanmar_2025-06-05
10.3,99.4,Outside Myanmar,myanmar_2025-06-05
10.3,99.5,Outside Myanmar,myanmar_2025-06-05
10.3,99.6,Outside Myanmar,myanmar_2025-06-05
10.3,99.7,Outside Myanmar,myanmar_2025-06-05
10.3,99.8,Outside Myanmar,myanmar_2025-06-05
10.3,99.9,Outside Myanmar,myanmar_2025-06-05
10.3,100.0,Outside Myanmar,myanmar_2025-06-05
10.3,100.1,Outside Myanmar,myanmar_2025-06-05
10.3,100.2,Outside Myanmar,myanmar_2025-06-05
10.3,100.3,Outside Myanmar,myanmar_2025-06-05
10.3,100.4,Outside Myanmar,myanmar_2025-06-05
10.3,100.5,Outside Myanmar,myanmar_2025-06-05
10.3,100.6,Outside Myanmar,myanmar_2025-06-05
10.3,100.7,Outside Myanmar,myanmar_2025-06-05
10.3,100.8,Outside Myanmar,myanmar_2025-06-05
10.3,100.9,Outside Myanmar,myanmar_2025-06-05
10.3,101.0,Outside Myanmar,myanmar_2025-06-05
10.3,101.1,Outside Myanmar,myanmar_2025-06-05
10.3,101.2,Outside Myanmar,myanmar_2025-06-05
10.3,101.3,Outside Myanmar,myanmar_2025-06-05
10.3,101.4,Outside Myanmar,myanmar_2025-06-05
10.4,92.0,Outside Myanmar,myanmar_2025-06-05
10.4,92.1,Outside Myanmar,myanmar_2025-06-05
10.4,92.2,Outside Myanmar,myanmar_2025-06-05
10.4,92.3,Outside Myanmar,myanmar_2025-06-05
10.4,92.4,Outside Myanmar,myanmar_2025-06-05
10.4,92.5,Outside Myanmar,myanmar_2025-06-05
10.4,92.6,Outside Myanmar,myanmar_2025-06-05
10.4,92.7,Outside Myanmar,myanmar_2025-06-05
10.4,92.8,Outside Myanmar,myanmar_2025-06-05
10.4,92.9,Outside Myanmar,myanmar_2025-06-05
10.4,93.0,Outside Myanmar,myanmar_2025-06-05
10.4,93.1,Outside Myanmar,myanmar_2025-06-05
10.4,93.2,Outside Myanmar,myanmar_2025-06-05
10.4,93.3,Outside Myanmar,myanmar_2025-06-05
10.4,93.4,Outside Myanmar,myanmar_2025-06-05
10.4,93.5,Outside Myanmar,myanmar_2025-06-05
10.4,93.6,Outside Myanmar,myanmar_2025-06-05
10.4,93.7,Outside Myanmar,myanmar_2025-06-05
10.4,93.8,Outside Myanmar,myanmar_2025-06-05
10.4,93.9,Outside Myanmar,myanmar_2025-06-05
10.4,94.0,Outside Myanmar,myanmar_2025-06-05
10.4,94.1,Outside Myanmar,myanmar_2025-06-05
10.4,94.2,Outside Myanmar,myanmar_2025-06-05
10.4,94.3,Outside Myanmar,myanmar_2025-06-05
10.4,94.4,Outside Myanmar,myanmar_2025-06-05
10.4,94.5,Outside Myanmar,myanmar_2025-06-05
10.4,94.6,Outside Myanmar,myanmar_2025-06-05
10.4,94.7,Outside Myanmar,myanmar_2025-06-05
10.4,94.8,Outside Myanmar,myanmar_2025-06-05
10.4,94.9,Outside Myanmar,myanmar_2025-06-05
10.4,95.0,Outside Myanmar,myanmar_2025-06-05
10.4,95.1,Outside Myanmar,myanmar_2025-06-05
10.4,95.2,Outside Myanmar,myanmar_2025-06-05
10.4,95.3,Outside Myanmar,myanmar_2025-06-05
10.4,95.4,Outside Myanmar,myanmar_2025-06-05
10.4,95.5,Outside Myanmar,myanmar_2025-06-05
10.4,95.6,Outside Myanmar,myanmar_2025-06-05
10.4,95.7,Outside Myanmar,myanmar_2025-06-05
10.4,95.8,Outside Myanmar,myanmar_2025-06-05
10.4,95.9,Outside Myanmar,myanmar_2025-06-05
10.4,96.0,Outside Myanmar,myanmar_2025-06-05
10.4,96.1,Outside Myanmar,myanmar_2025-06-05
10.4,96.2,Outside Myanmar,myanmar_2025-06-05
10.4,96.3,Outside Myanmar,myanmar_2025-06-05
10.4,96.4,Outside Myanmar,myanmar_2025-06-05
10.4,96.5,Outside Myanmar,myanmar_2025-06-05
10.4,96.6,Outside Myanmar,myanmar_2025-06-05
10.4,96.7,Outside Myanmar,myanmar_2025-06-05
10.4,96.8,Outside Myanmar,myanmar_2025-06-05
10.4,96.9,Outside Myanmar,myanmar_2025-06-05
10.4,97.0,Outside Myanmar,myanmar_2025-06-05
10.4,97.1,Outside Myanmar,myanmar_2025-06-05
10.4,97.2,Outside Myanmar,myanmar_2025-06-05
10.4,97.3,Outside Myanmar,myanmar_2025-06-05
10.4,97.4,Outside Myanmar,myanmar_2025-06-05
10.4,97.5,Outside Myanmar,myanmar_2025-06-05
10.4,97.6,Outside Myanmar,myanmar_2025-06-05
10.4,97.7,Outside Myanmar,myanmar_2025-06-05
10.4,97.8,Outside Myanmar,myanmar_2025-06-05
10.4,97.9,Outside Myanmar,myanmar_2025-06-05
10.4,98.0,Outside Myanmar,myanmar_2025-06-05
10.4,98.1,Outside Myanmar,myanmar_2025-06-05
10.4,98.2,Outside Myanmar,myanmar_2025-06-05
10.4,98.3,Outside Myanmar,myanmar_2025-06-05
10.4,98.4,Outside Myanmar,myanmar_2025-06-05
10.4,98.5,Outside Myanmar,myanmar_2025-06-05
10.4,98.6,Junta,myanmar_2025-06-05
10.4,98.7,Junta,myanmar_2025-06-05
10.4,98.8,Outside Myanmar,myanmar_2025-06-05
10.4,98.9,Outside Myanmar,myanmar_2025-06-05
10.4,99.0,Outside Myanmar,myanmar_2025-06-05
10.4,99.1,Outside Myanmar,myanmar_2025-06-05
10.4,99.2,Outside Myanmar,myanmar_2025-06-05
10.4,99.3,Outside Myanmar,myanmar_2025-06-05
10.4,99.4,Outside Myanmar,myanmar_2025-06-05
10.4,99.5,Outside Myanmar,myanmar_2025-06-05
10.4,99.6,Outside Myanmar,myanmar_2025-06-05
10.4,99.7,Outside Myanmar,myanmar_2025-06-05
10.4,99.8,Outside Myanmar,myanmar_2025-06-05
10.4,99.9,Outside Myanmar,myanmar_2025-06-05
10.4,100.0,Outside Myanmar,myanmar_2025-06-05
10.4,100.1,Outside Myanmar,myanmar_2025-06-05
10.4,100.2,Outside Myanmar,myanmar_2025-06-05
10.4,100.3,Outside Myanmar,myanmar_2025-06-05
10.4,100.4,Outside Myanmar,myanmar_2025-06-05
10.4,100.5,Outside Myanmar,myanmar_2025-06-05
10.4,100.6,Outside Myanmar,myanmar_2025-06-05
10.4,100.7,Outside Myanmar,myanmar_2025-06-05
10.4,100.8,Outside Myanmar,myanmar_2025-06-05
10.4,100.9,Outside Myanmar,myanmar_2025-06-05
10.4,101.0,Outside Myanmar,myanmar_2025-06-05
10.4,101.1,Outside Myanmar,myanmar_2025-06-05
10.4,101.2,Outside Myanmar,myanmar_2025-06-05
10.4,101.3,Outside Myanmar,myanmar_2025-06-05
10.4,101.4,Outside Myanmar,myanmar_2025-06-05
10.5,92.0,Outside Myanmar,myanmar_2025-06-05
10.5,92.1,Outside Myanmar,myanmar_2025-06-05
10.5,92.2,Outside Myanmar,myanmar_2025-06-05
10.5,92.3,Outside Myanmar,myanmar_2025-06-05
10.5,92.4,Outside Myanmar,myanmar_2025-06-05
10.5,92.5,Outside Myanmar,myanmar_2025-06-05
10.5,92.6,Outside Myanmar,myanmar_2025-06-05
10.5,92.7,Outside Myanmar,myanmar_2025-06-05
10.5,92.8,Outside Myanmar,myanmar_2025-06-05
10.5,92.9,Outside Myanmar,myanmar_2025-06-05
10.5,93.0,Outside Myanmar,myanmar_2025-06-05
10.5,93.1,Outside Myanmar,myanmar_2025-06-05
10.5,93.2,Outside Myanmar,myanmar_2025-06-05
10.5,93.3,Outside Myanmar,myanmar_2025-06-05
10.5,93.4,Outside Myanmar,myanmar_2025-06-05
10.5,93.5,Outside Myanmar,myanmar_2025-06-05
10.5,93.6,Outside Myanmar,myanmar_2025-06-05
10.5,93.7,Outside Myanmar,myanmar_2025-06-05
10.5,93.8,Outside Myanmar,myanmar_2025-06-05
10.5,93.9,Outside Myanmar,myanmar_2025-06-05
10.5,94.0,Outside Myanmar,myanmar_2025-06-05
10.5,94.1,Outside Myanmar,myanmar_2025-06-05
10.5,94.2,Outside Myanmar,myanmar_2025-06-05
10.5,94.3,Outside Myanmar,myanmar_2025-06-05
10.5,94.4,Outside Myanmar,myanmar_2025-06-05
10.5,94.5,Outside Myanmar,myanmar_2025-06-05
10.5,94.6,Outside Myanmar,myanmar_2025-06-05
10.5,94.7,Outside Myanmar,myanmar_2025-06-05
10.5,94.8,Outside Myanmar,myanmar_2025-06-05
10.5,94.9,Outside Myanmar,myanmar_2025-06-05
10.5,95.0,Outside Myanmar,myanmar_2025-06-05
10.5,95.1,Outside Myanmar,myanmar_2025-06-05
10.5,95.2,Outside Myanmar,myanmar_2025-06-05
10.5,95.3,Outside Myanmar,myanmar_2025-06-05
10.5,95.4,Outside Myanmar,myanmar_2025-06-05
10.5,95.5,Outside Myanmar,myanmar_2025-06-05
10.5,95.6,Outside Myanmar,myanmar_2025-06-05
10.5,95.7,Outside Myanmar,myanmar_2025-06-05
10.5,95.8,Outside Myanmar,myanmar_2025-06-05
10.5,95.9,Outside Myanmar,myanmar_2025-06-05
10.5,96.0,Outside Myanmar,myanmar_2025-06-05
10.5,96.1,Outside Myanmar,myanmar_2025-06-05
10.5,96.2,Outside Myanmar,myanmar_2025-06-05
10.5,96.3,Outside Myanmar,myanmar_2025-06-05
10.5,96.4,Outside Myanmar,myanmar_2025-06-05
10.5,96.5,Outside Myanmar,myanmar_2025-06-05
10.5,96.6,Outside Myanmar,myanmar_2025-06-05
10.5,96.7,Outside Myanmar,myanmar_2025-06-05
10.5,96.8,Outside Myanmar,myanmar_2025-06-05
10.5,96.9,Outside Myanmar,myanmar_2025-06-05
10.5,97.0,Outside Myanmar,myanmar_2025-06-05
10.5,97.1,Outside Myanmar,myanmar_2025-06-05
10.5,97.2,Outside Myanmar,myanmar_2025-06-05
10.5,97.3,Outside Myanmar,myanmar_2025-06-05
10.5,97.4,Outside Myanmar,myanmar_2025-06-05
10.5,97.5,Outside Myanmar,myanmar_2025-06-05
10.5,97.6,Outside Myanmar,myanmar_2025-06-05
10.5,97.7,Outside Myanmar,myanmar_2025-06-05
10.5,97.8,Outside Myanmar,myanmar_2025-06-05
10.5,97.9,Outside Myanmar,myanmar_2025-06-05
10.5,98.0,Outside Myanmar,myanmar_2025-06-05
10.5,98.1,Outside Myanmar,myanmar_2025-06-05
10.5,98.2,Outside Myanmar,myanmar_2025-06-05
10.5,98.3,Outside Myanmar,myanmar_2025-06-05
10.5,98.4,Outside Myanmar,myanmar_2025-06-05
10.5,98.5,Junta,myanmar_2025-06-05
10.5,98.6,Junta,myanmar_2025-06-05
10.5,98.7,Junta,myanmar_2025-06-05
10.5,98.8,Outside Myanmar,myanmar_2025-06-05
10.5,98.9,Outside Myanmar,myanmar_2025-06-05
10.5,99.0,Outside Myanmar,myanmar_2025-06-05
10.5,99.1,Outside Myanmar,myanmar_2025-06-05
10.5,99.2,Outside Myanmar,myanmar_2025-06-05
10.5,99.3,Outside Myanmar,myanmar_2025-06-05
10.5,99.4,Outside Myanmar,myanmar_2025-06-05
10.5,99.5,Outside Myanmar,myanmar_2025-06-05
10.5,99.6,Outside Myanmar,myanmar_2025-06-05
10.5,99.7,Outside Myanmar,myanmar_2025-06-05
10.5,99.8,Outside Myanmar,myanmar_2025-06-05
10.5,99.9,Outside Myanmar,myanmar_2025-06-05
10.5,100.0,Outside Myanmar,myanmar_2025-06-05
10.5,100.1,Outside Myanmar,myanmar_2025-06-05
10.5,100.2,Outside Myanmar,myanmar_2025-06-05
10.5,100.3,Outside Myanmar,myanmar_2025-06-05
10.5,100.4,Outside Myanmar,myanmar_2025-06-05
10.5,100.5,Outside Myanmar,myanmar_2025-06-05
10.5,100.6,Outside Myanmar,myanmar_2025-06-05
10.5,100.7,Outside Myanmar,myanmar_2025-06-05
10.5,100.8,Outside Myanmar,myanmar_2025-06-05
10.5,100.9,Outside Myanmar,myanmar_2025-06-05
10.5,101.0,Outside Myanmar,myanmar_2025-06-05
10.5,101.1,Outside Myanmar,myanmar_2025-06-05
10.5,101.2,Outside Myanmar,myanmar_2025-06-05
10.5,101.3,Outside Myanmar,myanmar_2025-06-05
10.5,101.4,Outside Myanmar,myanmar_2025-06-05
10.6,92.0,Outside Myanmar,myanmar_2025-06-05
10.6,92.1,Outside Myanmar,myanmar_2025-06-05
10.6,92.2,Outside Myanmar,myanmar_2025-06-05
10.6,92.3,Outside Myanmar,myanmar_2025-06-05
10.6,92.4,Outside Myanmar,myanmar_2025-06-05
10.6,92.5,Outside Myanmar,myanmar_2025-06-05
10.6,92.6,Outside Myanmar,myanmar_2025-06-05
10.6,92.7,Outside Myanmar,myanmar_2025-06-05
10.6,92.8,Outside Myanmar,myanmar_2025-06-05
10.6,92.9,Outside Myanmar,myanmar_2025-06-05
10.6,93.0,Outside Myanmar,myanmar_2025-06-05
10.6,93.1,Outside Myanmar,myanmar_2025-06-05
10.6,93.2,Outside Myanmar,myanmar_2025-06-05
10.6,93.3,Outside Myanmar,myanmar_2025-06-05
10.6,93.4,Outside Myanmar,myanmar_2025-06-05
10.6,93.5,Outside Myanmar,myanmar_2025-06-05
10.6,93.6,Outside Myanmar,myanmar_2025-06-05
10.6,93.7,Outside Myanmar,myanmar_2025-06-05
10.6,93.8,Outside Myanmar,myanmar_2025-06-05
10.6,93.9,Outside Myanmar,myanmar_2025-06-05
10.6,94.0,Outside Myanmar,myanmar_2025-06-05
10.6,94.1,Outside Myanmar,myanmar_2025-06-05
10.6,94.2,Outside Myanmar,myanmar_2025-06-05
10.6,94.3,Outside Myanmar,myanmar_2025-06-05
10.6,94.4,Outside Myanmar,myanmar_2025-06-05
10.6,94.5,Outside Myanmar,myanmar_2025-06-05
10.6,94.6,Outside Myanmar,myanmar_2025-06-05
10.6,94.7,Outside Myanmar,myanmar_2025-06-05
10.6,94.8,Outside Myanmar,myanmar_2025-06-05
10.6,94.9,Outside Myanmar,myanmar_2025-06-05
10.6,95.0,Outside Myanmar,myanmar_2025-06-05
10.6,95.1,Outside Myanmar,myanmar_2025-06-05
10.6,95.2,Outside Myanmar,myanmar_2025-06-05
10.6,95.3,Outside Myanmar,myanmar_2025-06-05
10.6,95.4,Outside Myanmar,myanmar_2025-06-05
10.6,95.5,Outside Myanmar,myanmar_2025-06-05
10.6,95.6,Outside Myanmar,myanmar_2025-06-05
10.6,95.7,Outside Myanmar,myanmar_2025-06-05
10.6,95.8,Outside Myanmar,myanmar_2025-06-05
10.6,95.9,Outside Myanmar,myanmar_2025-06-05
10.6,96.0,Outside Myanmar,myanmar_2025-06-05
10.6,96.1,Outside Myanmar,myanmar_2025-06-05
10.6,96.2,Outside Myanmar,myanmar_2025-06-05
10.6,96.3,Outside Myanmar,myanmar_2025-06-05
10.6,96.4,Outside Myanmar,myanmar_2025-06-05
10.6,96.5,Outside Myanmar,myanmar_2025-06-05
10.6,96.6,Outside Myanmar,myanmar_2025-06-05
10.6,96.7,Outside Myanmar,myanmar_2025-06-05
10.6,96.8,Outside Myanmar,myanmar_2025-06-05
10.6,96.9,Outside Myanmar,myanmar_2025-06-05
10.6,97.0,Outside Myanmar,myanmar_2025-06-05
10.6,97.1,Outside Myanmar,myanmar_2025-06-05
10.6,97.2,Outside Myanmar,myanmar_2025-06-05
10.6,97.3,Outside Myanmar,myanmar_2025-06-05
10.6,97.4,Outside Myanmar,myanmar_2025-06-05
10.6,97.5,Outside Myanmar,myanmar_2025-06-05
10.6,97.6,Outside Myanmar,myanmar_2025-06-05
10.6,97.7,Outside Myanmar,myanmar_2025-06-05
10.6,97.8,Outside Myanmar,myanmar_2025-06-05
10.6,97.9,Outside Myanmar,myanmar_2025-06-05
10.6,98.0,Outside Myanmar,myanmar_2025-06-05
10.6,98.1,Outside Myanmar,myanmar_2025-06-05
10.6,98.2,Outside Myanmar,myanmar_2025-06-05
10.6,98.3,Outside Myanmar,myanmar_2025-06-05
10.6,98.4,Outside Myanmar,myanmar_2025-06-05
10.6,98.5,Junta,myanmar_2025-06-05
10.6,98.6,Junta,myanmar_2025-06-05
10.6,98.7,Junta,myanmar_2025-06-05
10.6,98.8,Outside Myanmar,myanmar_2025-06-05
10.6,98.9,Outside Myanmar,myanmar_2025-06-05
10.6,99.0,Outside Myanmar,myanmar_2025-06-05
10.6,99.1,Outside Myanmar,myanmar_2025-06-05
10.6,99.2,Outside Myanmar,myanmar_2025-06-05
10.6,99.3,Outside Myanmar,myanmar_2025-06-05
10.6,99.4,Outside Myanmar,myanmar_2025-06-05
10.6,99.5,Outside Myanmar,myanmar_2025-06-05
10.6,99.6,Outside Myanmar,myanmar_2025-06-05
10.6,99.7,Outside Myanmar,myanmar_2025-06-05
10.6,99.8,Outside Myanmar,myanmar_2025-06-05
10.6,99.9,Outside Myanmar,myanmar_2025-06-05
10.6,100.0,Outside Myanmar,myanmar_2025-06-05
10.6,100.1,Outside Myanmar,myanmar_2025-06-05
10.6,100.2,Outside Myanmar,myanmar_2025-06-05
10.6,100.3,Outside Myanmar,myanmar_2025-06-05
10.6,100.4,Outside Myanmar,myanmar_2025-06-05
10.6,100.5,Outside Myanmar,myanmar_2025-06-05
10.6,100.6,Outside Myanmar,myanmar_2025-06-05
10.6,100.7,Outside Myanmar,myanmar_2025-06-05
10.6,100.8,Outside Myanmar,myanmar_2025-06-05
10.6,100.9,Outside Myanmar,myanmar_2025-06-05
10.6,101.0,Outside Myanmar,myanmar_2025-06-05
10.6,101.1,Outside Myanmar,myanmar_2025-06-05
10.6,101.2,Outside Myanmar,myanmar_2025-06-05
10.6,101.3,Outside Myanmar,myanmar_2025-06-05
10.6,101.4,Outside Myanmar,myanmar_2025-06-05
10.7,92.0,Outside Myanmar,myanmar_2025-06-05
10.7,92.1,Outside Myanmar,myanmar_2025-06-05
10.7,92.2,Outside Myanmar,myanmar_2025-06-05
10.7,92.3,Outside Myanmar,myanmar_2025-06-05
10.7,92.4,Outside Myanmar,myanmar_2025-06-05
10.7,92.5,Outside Myanmar,myanmar_2025-06-05
10.7,92.6,Outside Myanmar,myanmar_2025-06-05
10.7,92.7,Outside Myanmar,myanmar_2025-06-05
10.7,92.8,Outside Myanmar,myanmar_2025-06-05
10.7,92.9,Outside Myanmar,myanmar_2025-06-05
10.7,93.0,Outside Myanmar,myanmar_2025-06-05
10.7,93.1,Outside Myanmar,myanmar_2025-06-05
10.7,93.2,Outside Myanmar,myanmar_2025-06-05
10.7,93.3,Outside Myanmar,myanmar_2025-06-05
10.7,93.4,Outside Myanmar,myanmar_2025-06-05
10.7,93.5,Outside Myanmar,myanmar_2025-06-05
10.7,93.6,Outside Myanmar,myanmar_2025-06-05
10.7,93.7,Outside Myanmar,myanmar_2025-06-05
10.7,93.8,Outside Myanmar,myanmar_2025-06-05
10.7,93.9,Outside Myanmar,myanmar_2025-06-05
10.7,94.0,Outside Myanmar,myanmar_2025-06-05
10.7,94.1,Outside Myanmar,myanmar_2025-06-05
10.7,94.2,Outside Myanmar,myanmar_2025-06-05
10.7,94.3,Outside Myanmar,myanmar_2025-06-05
10.7,94.4,Outside Myanmar,myanmar_2025-06-05
10.7,94.5,Outside Myanmar,myanmar_2025-06-05
10.7,94.6,Outside Myanmar,myanmar_2025-06-05
10.7,94.7,Outside Myanmar,myanmar_2025-06-05
10.7,94.8,Outside Myanmar,myanmar_2025-06-05
10.7,94.9,Outside Myanmar,myanmar_2025-06-05
10.7,95.0,Outside Myanmar,myanmar_2025-06-05
10.7,95.1,Outside Myanmar,myanmar_2025-06-05
10.7,95.2,Outside Myanmar,myanmar_2025-06-05
10.7,95.3,Outside Myanmar,myanmar_2025-06-05
10.7,95.4,Outside Myanmar,myanmar_2025-06-05
10.7,95.5,Outside Myanmar,myanmar_2025-06-05
10.7,95.6,Outside Myanmar,myanmar_2025-06-05
10.7,95.7,Outside Myanmar,myanmar_2025-06-05
10.7,95.8,Outside Myanmar,myanmar_2025-06-05
10.7,95.9,Outside Myanmar,myanmar_2025-06-05
10.7,96.0,Outside Myanmar,myanmar_2025-06-05
10.7,96.1,Outside Myanmar,myanmar_2025-06-05
10.7,96.2,Outside Myanmar,myanmar_2025-06-05
10.7,96.3,Outside Myanmar,myanmar_2025-06-05
10.7,96.4,Outside Myanmar,myanmar_2025-06-05
10.7,96.5,Outside Myanmar,myanmar_2025-06-05
10.7,96.6,Outside Myanmar,myanmar_2025-06-05
10.7,96.7,Outside Myanmar,myanmar_2025-06-05
10.7,96.8,Outside Myanmar,myanmar_2025-06-05
10.7,96.9,Outside Myanmar,myanmar_2025-06-05
10.7,97.0,Outside Myanmar,myanmar_2025-06-05
10.7,97.1,Outside Myanmar,myanmar_2025-06-05
10.7,97.2,Outside Myanmar,myanmar_2025-06-05
10.7,97.3,Outside Myanmar,myanmar_2025-06-05
10.7,97.4,Outside Myanmar,myanmar_2025-06-05
10.7,97.5,Outside Myanmar,myanmar_2025-06-05
10.7,97.6,Outside Myanmar,myanmar_2025-06-05
10.7,97.7,Outside Myanmar,myanmar_2025-06-05
10.7,97.8,Outside Myanmar,myanmar_2025-06-05
10.7,97.9,Outside Myanmar,myanmar_2025-06-05
10.7,98.0,Outside Myanmar,myanmar_2025-06-05
10.7,98.1,Outside Myanmar,myanmar_2025-06-05
10.7,98.2,Outside Myanmar,myanmar_2025-06-05
10.7,98.3,Outside Myanmar,myanmar_2025-06-05
10.7,98.4,Outside Myanmar,myanmar_2025-06-05
10.7,98.5,Junta,myanmar_2025-06-05
10.7,98.6,Junta,myanmar_2025-06-05
10.7,98.7,Junta,myanmar_2025-06-05
10.7,98.8,Outside Myanmar,myanmar_2025-06-05
10.7,98.9,Outside Myanmar,myanmar_2025-06-05
10.7,99.0,Outside Myanmar,myanmar_2025-06-05
10.7,99.1,Outside Myanmar,myanmar_2025-06-05
10.7,99.2,Outside Myanmar,myanmar_2025-06-05
10.7,99.3,Outside Myanmar,myanmar_2025-06-05
10.7,99.4,Outside Myanmar,myanmar_2025-06-05
10.7,99.5,Outside Myanmar,myanmar_2025-06-05
10.7,99.6,Outside Myanmar,myanmar_2025-06-05
10.7,99.7,Outside Myanmar,myanmar_2025-06-05
10.7,99.8,Outside Myanmar,myanmar_2025-06-05
10.7,99.9,Outside Myanmar,myanmar_2025-06-05
10.7,100.0,Outside Myanmar,myanmar_2025-06-05
10.7,100.1,Outside Myanmar,myanmar_2025-06-05
10.7,100.2,Outside Myanmar,myanmar_2025-06-05
10.7,100.3,Outside Myanmar,myanmar_2025-06-05
10.7,100.4,Outside Myanmar,myanmar_2025-06-05
10.7,100.5,Outside Myanmar,myanmar_2025-06-05
10.7,100.6,Outside Myanmar,myanmar_2025-06-05
10.7,100.7,Outside Myanmar,myanmar_2025-06-05
10.7,100.8,Outside Myanmar,myanmar_2025-06-05
10.7,100.9,Outside Myanmar,myanmar_2025-06-05
10.7,101.0,Outside Myanmar,myanmar_2025-06-05
10.7,101.1,Outside Myanmar,myanmar_2025-06-05
10.7,101.2,Outside Myanmar,myanmar_2025-06-05
10.7,101.3,Outside Myanmar,myanmar_2025-06-05
10.7,101.4,Outside Myanmar,myanmar_2025-06-05
10.8,92.0,Outside Myanmar,myanmar_2025-06-05
10.8,92.1,Outside Myanmar,myanmar_2025-06-05
10.8,92.2,Outside Myanmar,myanmar_2025-06-05
10.8,92.3,Outside Myanmar,myanmar_2025-06-05
10.8,92.4,Outside Myanmar,myanmar_2025-06-05
10.8,92.5,Outside Myanmar,myanmar_2025-06-05
10.8,92.6,Outside Myanmar,myanmar_2025-06-05
10.8,92.7,Outside Myanmar,myanmar_2025-06-05
10.8,92.8,Outside Myanmar,myanmar_2025-06-05
10.8,92.9,Outside Myanmar,myanmar_2025-06-05
10.8,93.0,Outside Myanmar,myanmar_2025-06-05
10.8,93.1,Outside Myanmar,myanmar_2025-06-05
10.8,93.2,Outside Myanmar,myanmar_2025-06-05
10.8,93.3,Outside Myanmar,myanmar_2025-06-05
10.8,93.4,Outside Myanmar,myanmar_2025-06-05
10.8,93.5,Outside Myanmar,myanmar_2025-06-05
10.8,93.6,Outside Myanmar,myanmar_2025-06-05
10.8,93.7,Outside Myanmar,myanmar_2025-06-05
10.8,93.8,Outside Myanmar,myanmar_2025-06-05
10.8,93.9,Outside Myanmar,myanmar_2025-06-05
10.8,94.0,Outside Myanmar,myanmar_2025-06-05
10.8,94.1,Outside Myanmar,myanmar_2025-06-05
10.8,94.2,Outside Myanmar,myanmar_2025-06-05
10.8,94.3,Outside Myanmar,myanmar_2025-06-05
10.8,94.4,Outside Myanmar,myanmar_2025-06-05
10.8,94.5,Outside Myanmar,myanmar_2025-06-05
10.8,94.6,Outside Myanmar,myanmar_2025-06-05
10.8,94.7,Outside Myanmar,myanmar_2025-06-05
10.8,94.8,Outside Myanmar,myanmar_2025-06-05
10.8,94.9,Outside Myanmar,myanmar_2025-06-05
10.8,95.0,Outside Myanmar,myanmar_2025-06-05
10.8,95.1,Outside Myanmar,myanmar_2025-06-05
10.8,95.2,Outside Myanmar,myanmar_2025-06-05
10.8,95.3,Outside Myanmar,myanmar_2025-06-05
10.8,95.4,Outside Myanmar,myanmar_2025-06-05
10.8,95.5,Outside Myanmar,myanmar_2025-06-05
10.8,95.6,Outside Myanmar,myanmar_2025-06-05
10.8,95.7,Outside Myanmar,myanmar_2025-06-05
10.8,95.8,Outside Myanmar,myanmar_2025-06-05
10.8,95.9,Outside Myanmar,myanmar_2025-06-05
10.8,96.0,Outside Myanmar,myanmar_2025-06-05
10.8,96.1,Outside Myanmar,myanmar_2025-06-05
10.8,96.2,Outside Myanmar,myanmar_2025-06-05
10.8,96.3,Outside Myanmar,myanmar_2025-06-05
10.8,96.4,Outside Myanmar,myanmar_2025-06-05
10.8,96.5,Outside Myanmar,myanmar_2025-06-05
10.8,96.6,Outside Myanmar,myanmar_2025-06-05
10.8,96.7,Outside Myanmar,myanmar_2025-06-05
10.8,96.8,Outside Myanmar,myanmar_2025-06-05
10.8,96.9,Outside Myanmar,myanmar_2025-06-05
10.8,97.0,Outside Myanmar,myanmar_2025-06-05
10.8,97.1,Outside Myanmar,myanmar_2025-06-05
10.8,97.2,Outside Myanmar,myanmar_2025-06-05
10.8,97.3,Outside Myanmar,myanmar_2025-06-05
10.8,97.4,Outside Myanmar,myanmar_2025-06-05
10.8,97.5,Outside Myanmar,myanmar_2025-06-05
10.8,97.6,Outside Myanmar,myanmar_2025-06-05
10.8,97.7,Outside Myanmar,myanmar_2025-06-05
10.8,97.8,Outside Myanmar,myanmar_2025-06-05
10.8,97.9,Outside Myanmar,myanmar_2025-06-05
10.8,98.0,Outside Myanmar,myanmar_2025-06-05
10.8,98.1,Outside Myanmar,myanmar_2025-06-05
10.8,98.2,Outside Myanmar,myanmar_2025-06-05
10.8,98.3,Outside Myanmar,myanmar_2025-06-05
10.8,98.4,Outside Myanmar,myanmar_2025-06-05
10.8,98.5,Outside Myanmar,myanmar_2025-06-05
10.8,98.6,Junta,myanmar_2025-06-05
10.8,98.7,Junta,myanmar_2025-06-05
10.8,98.8,Junta,myanmar_2025-06-05
10.8,98.9,Outside Myanmar,myanmar_2025-06-05
10.8,99.0,Outside Myanmar,myanmar_2025-06-05
10.8,99.1,Outside Myanmar,myanmar_2025-06-05
10.8,99.2,Outside Myanmar,myanmar_2025-06-05
10.8,99.3,Outside Myanmar,myanmar_2025-06-05
10.8,99.4,Outside Myanmar,myanmar_2025-06-05
10.8,99.5,Outside Myanmar,myanmar_2025-06-05
10.8,99.6,Outside Myanmar,myanmar_2025-06-05
10.8,99.7,Outside Myanmar,myanmar_2025-06-05
10.8,99.8,Outside Myanmar,myanmar_2025-06-05
10.8,99.9,Outside Myanmar,myanmar_2025-06-05
10.8,100.0,Outside Myanmar,myanmar_2025-06-05
10.8,100.1,Outside Myanmar,myanmar_2025-06-05
10.8,100.2,Outside Myanmar,myanmar_2025-06-05
10.8,100.3,Outside Myanmar,myanmar_2025-06-05
10.8,100.4,Outside Myanmar,myanmar_2025-06-05
10.8,100.5,Outside Myanmar,myanmar_2025-06-05
10.8,100.6,Outside Myanmar,myanmar_2025-06-05
10.8,100.7,Outside Myanmar,myanmar_2025-06-05
10.8,100.8,Outside Myanmar,myanmar_2025-06-05
10.8,100.9,Outside Myanmar,myanmar_2025-06-05
10.8,101.0,Outside Myanmar,myanmar_2025-06-05
10.8,101.1,Outside Myanmar,myanmar_2025-06-05
10.8,101.2,Outside Myanmar,myanmar_2025-06-05
10.8,101.3,Outside Myanmar,myanmar_2025-06-05
10.8,101.4,Outside Myanmar,myanmar_2025-06-05
10.9,92.0,Outside Myanmar,myanmar_2025-06-05
10.9,92.1,Outside Myanmar,myanmar_2025-06-05
10.9,92.2,Outside Myanmar,myanmar_2025-06-05
10.9,92.3,Outside Myanmar,myanmar_2025-06-05
10.9,92.4,Outside Myanmar,myanmar_2025-06-05
10.9,92.5,Outside Myanmar,myanmar_2025-06-05
10.9,92.6,Outside Myanmar,myanmar_2025-06-05
10.9,92.7,Outside Myanmar,myanmar_2025-06-05
10.9,92.8,Outside Myanmar,myanmar_2025-06-05
10.9,92.9,Outside Myanmar,myanmar_2025-06-05
10.9,93.0,Outside Myanmar,myanmar_2025-06-05
10.9,93.1,Outside Myanmar,myanmar_2025-06-05
10.9,93.2,Outside Myanmar,myanmar_2025-06-05
10.9,93.3,Outside Myanmar,myanmar_2025-06-05
10.9,93.4,Outside Myanmar,myanmar_2025-06-05
10.9,93.5,Outside Myanmar,myanmar_2025-06-05
10.9,93.6,Outside Myanmar,myanmar_2025-06-05
10.9,93.7,Outside Myanmar,myanmar_2025-06-05
10.9,93.8,Outside Myanmar,myanmar_2025-06-05
10.9,93.9,Outside Myanmar,myanmar_2025-06-05
10.9,94.0,Outside Myanmar,myanmar_2025-06-05
10.9,94.1,Outside Myanmar,myanmar_2025-06-05
10.9,94.2,Outside Myanmar,myanmar_2025-06-05
10.9,94.3,Outside Myanmar,myanmar_2025-06-05
10.9,94.4,Outside Myanmar,myanmar_2025-06-05
10.9,94.5,Outside Myanmar,myanmar_2025-06-05
10.9,94.6,Outside Myanmar,myanmar_2025-06-05
10.9,94.7,Outside Myanmar,myanmar_2025-06-05
10.9,94.8,Outside Myanmar,myanmar_2025-06-05
10.9,94.9,Outside Myanmar,myanmar_2025-06-05
10.9,95.0,Outside Myanmar,myanmar_2025-06-05
10.9,95.1,Outside Myanmar,myanmar_2025-06-05
10.9,95.2,Outside Myanmar,myanmar_2025-06-05
10.9,95.3,Outside Myanmar,myanmar_2025-06-05
10.9,95.4,Outside Myanmar,myanmar_2025-06-05
10.9,95.5,Outside Myanmar,myanmar_2025-06-05
10.9,95.6,Outside Myanmar,myanmar_2025-06-05
10.9,95.7,Outside Myanmar,myanmar_2025-06-05
10.9,95.8,Outside Myanmar,myanmar_2025-06-05
10.9,95.9,Outside Myanmar,myanmar_2025-06-05
10.9,96.0,Outside Myanmar,myanmar_2025-06-05
10.9,96.1,Outside Myanmar,myanmar_2025-06-05
10.9,96.2,Outside Myanmar,myanmar_2025-06-05
10.9,96.3,Outside Myanmar,myanmar_2025-06-05
10.9,96.4,Outside Myanmar,myanmar_2025-06-05
10.9,96.5,Outside Myanmar,myanmar_2025-06-05
10.9,96.6,Outside Myanmar,myanmar_2025-06-05
10.9,96.7,Outside Myanmar,myanmar_2025-06-05
10.9,96.8,Outside Myanmar,myanmar_2025-06-05
10.9,96.9,Outside Myanmar,myanmar_2025-06-05
10.9,97.0,Outside Myanmar,myanmar_2025-06-05
10.9,97.1,Outside Myanmar,myanmar_2025-06-05
10.9,97.2,Outside Myanmar,myanmar_2025-06-05
10.9,97.3,Outside Myanmar,myanmar_2025-06-05
10.9,97.4,Outside Myanmar,myanmar_2025-06-05
10.9,97.5,Outside Myanmar,myanmar_2025-06-05
10.9,97.6,Outside Myanmar,myanmar_2025-06-05
10.9,97.7,Outside Myanmar,myanmar_2025-06-05
10.9,97.8,Outside Myanmar,myanmar_2025-06-05
10.9,97.9,Outside Myanmar,myanmar_2025-06-05
10.9,98.0,Outside Myanmar,myanmar_2025-06-05
10.9,98.1,Junta,myanmar_2025-06-05
10.9,98.2,Junta,myanmar_2025-06-05
10.9,98.3,Outside Myanmar,myanmar_2025-06-05
10.9,98.4,Outside Myanmar,myanmar_2025-06-05
10.9,98.5,Outside Myanmar,myanmar_2025-06-05
10.9,98.6,Outside Myanmar,myanmar_2025-06-05
10.9,98.7,Junta,myanmar_2025-06-05
10.9,98.8,Junta,myanmar_2025-06-05
10.9,98.9,Junta,myanmar_2025-06-05
10.9,99.0,Junta,myanmar_2025-06-05
10.9,99.1,Outside Myanmar,myanmar_2025-06-05
10.9,99.2,Outside Myanmar,myanmar_2025-06-05
10.9,99.3,Outside Myanmar,myanmar_2025-06-05
10.9,99.4,Outside Myanmar,myanmar_2025-06-05
10.9,99.5,Outside Myanmar,myanmar_2025-06-05
10.9,99.6,Outside Myanmar,myanmar_2025-06-05
10.9,99.7,Outside Myanmar,myanmar_2025-06-05
10.9,99.8,Outside Myanmar,myanmar_2025-06-05
10.9,99.9,Outside Myanmar,myanmar_2025-06-05
10.9,100.0,Outside Myanmar,myanmar_2025-06-05
10.9,100.1,Outside Myanmar,myanmar_2025-06-05
10.9,100.2,Outside Myanmar,myanmar_2025-06-05
10.9,100.3,Outside Myanmar,myanmar_2025-06-05
10.9,100.4,Outside Myanmar,myanmar_2025-06-05
10.9,100.5,Outside Myanmar,myanmar_2025-06-05
10.9,100.6,Outside Myanmar,myanmar_2025-06-05
10.9,100.7,Outside Myanmar,myanmar_2025-06-05
10.9,100.8,Outside Myanmar,myanmar_2025-06-05
10.9,100.9,Outside Myanmar,myanmar_2025-06-05
10.9,101.0,Outside Myanmar,myanmar_2025-06-05
10.9,101.1,Outside Myanmar,myanmar_2025-06-05
10.9,101.2,Outside Myanmar,myanmar_2025-06-05
10.9,101.3,Outside Myanmar,myanmar_2025-06-05
10.9,101.4,Outside Myanmar,myanmar_2025-06-05
11.0,92.0,Outside Myanmar,myanmar_2025-06-05
11.0,92.1,Outside Myanmar,myanmar_2025-06-05
11.0,92.2,Outside Myanmar,myanmar_2025-06-05
11.0,92.3,Outside Myanmar,myanmar_2025-06-05
11.0,92.4,Outside Myanmar,myanmar_2025-06-05
11.0,92.5,Outside Myanmar,myanmar_2025-06-05
11.0,92.6,Outside Myanmar,myanmar_2025-06-05
11.0,92.7,Outside Myanmar,myanmar_2025-06-05
11.0,92.8,Outside Myanmar,myanmar_2025-06-05
11.0,92.9,Outside Myanmar,myanmar_2025-06-05
11.0,93.0,Outside Myanmar,myanmar_2025-06-05
11.0,93.1,Outside Myanmar,myanmar_2025-06-05
11.0,93.2,Outside Myanmar,myanmar_2025-06-05
11.0,93.3,Outside Myanmar,myanmar_2025-06-05
11.0,93.4,Outside Myanmar,myanmar_2025-06-05
11.0,93.5,Outside Myanmar,myanmar_2025-06-05
11.0,93.6,Outside Myanmar,myanmar_2025-06-05
11.0,93.7,Outside Myanmar,myanmar_2025-06-05
11.0,93.8,Outside Myanmar,myanmar_2025-06-05
11.0,93.9,Outside Myanmar,myanmar_2025-06-05
11.0,94.0,Outside Myanmar,myanmar_2025-06-05
11.0,94.1,Outside Myanmar,myanmar_2025-06-05
11.0,94.2,Outside Myanmar,myanmar_2025-06-05
11.0,94.3,Outside Myanmar,myanmar_2025-06-05
11.0,94.4,Outside Myanmar,myanmar_2025-06-05
11.0,94.5,Outside Myanmar,myanmar_2025-06-05
11.0,94.6,Outside Myanmar,myanmar_2025-06-05
11.0,94.7,Outside Myanmar,myanmar_2025-06-05
11.0,94.8,Outside Myanmar,myanmar_2025-06-05
11.0,94.9,Outside Myanmar,myanmar_2025-06-05
11.0,95.0,Outside Myanmar,myanmar_2025-06-05
11.0,95.1,Outside Myanmar,myanmar_2025-06-05
11.0,95.2,Outside Myanmar,myanmar_2025-06-05
11.0,95.3,Outside Myanmar,myanmar_2025-06-05
11.0,95.4,Outside Myanmar,myanmar_2025-06-05
11.0,95.5,Outside Myanmar,myanmar_2025-06-05
11.0,95.6,Outside Myanmar,myanmar_2025-06-05
11.0,95.7,Outside Myanmar,myanmar_2025-06-05
11.0,95.8,Outside Myanmar,myanmar_2025-06-05
11.0,95.9,Outside Myanmar,myanmar_2025-06-05
11.0,96.0,Outside Myanmar,myanmar_2025-06-05
11.0,96.1,Outside Myanmar,myanmar_2025-06-05
11.0,96.2,Outside Myanmar,myanmar_2025-06-05
11.0,96.3,Outside Myanmar,myanmar_2025-06-05
11.0,96.4,Outside Myanmar,myanmar_2025-06-05
11.0,96.5,Outside Myanmar,myanmar_2025-06-05
11.0,96.6,Outside Myanmar,myanmar_2025-06-05
11.0,96.7,Outside Myanmar,myanmar_2025-06-05
11.0,96.8,Outside Myanmar,myanmar_2025-06-05
11.0,96.9,Outside Myanmar,myanmar_2025-06-05
11.0,97.0,Outside Myanmar,myanmar_2025-06-05
11.0,97.1,Outside Myanmar,myanmar_2025-06-05
11.0,97.2,Outside Myanmar,myanmar_2025-06-05
11.0,97.3,Outside Myanmar,myanmar_2025-06-05
11.0,97.4,Outside Myanmar,myanmar_2025-06-05
11.0,97.5,Outside Myanmar,myanmar_2025-06-05
11.0,97.6,Outside Myanmar,myanmar_2025-06-05
11.0,97.7,Outside Myanmar,myanmar_2025-06-05
11.0,97.8,Outside Myanmar,myanmar_2025-06-05
11.0,97.9,Outside Myanmar,myanmar_2025-06-05
11.0,98.0,Outside Myanmar,myanmar_2025-06-05
11.0,98.1,Outside Myanmar,myanmar_2025-06-05
11.0,98.2,Outside Myanmar,myanmar_2025-06-05
11.0,98.3,Outside Myanmar,myanmar_2025-06-05
11.0,98.4,Outside Myanmar,myanmar_2025-06-05
11.0,98.5,Junta,myanmar_2025-06-05
11.0,98.6,Outside Myanmar,myanmar_2025-06-05
11.0,98.7,Junta,myanmar_2025-06-05
11.0,98.8,Junta,myanmar_2025-06-05
11.0,98.9,Junta,myanmar_2025-06-05
11.0,99.0,Junta,myanmar_2025-06-05
11.0,99.1,Outside Myanmar,myanmar_2025-06-05
11.0,99.2,Outside Myanmar,myanmar_2025-06-05
11.0,99.3,Outside Myanmar,myanmar_2025-06-05
11.0,99.4,Outside Myanmar,myanmar_2025-06-05
11.0,99.5,Outside Myanmar,myanmar_2025-06-05
11.0,99.6,Outside Myanmar,myanmar_2025-06-05
11.0,99.7,Outside Myanmar,myanmar_2025-06-05
11.0,99.8,Outside Myanmar,myanmar_2025-06-05
11.0,99.9,Outside Myanmar,myanmar_2025-06-05
11.0,100.0,Outside Myanmar,myanmar_2025-06-05
11.0,100.1,Outside Myanmar,myanmar_2025-06-05
11.0,100.2,Outside Myanmar,myanmar_2025-06-05
11.0,100.3,Outside Myanmar,myanmar_2025-06-05
11.0,100.4,Outside Myanmar,myanmar_2025-06-05
11.0,100.5,Outside Myanmar,myanmar_2025-06-05
11.0,100.6,Outside Myanmar,myanmar_2025-06-05
11.0,100.7,Outside Myanmar,myanmar_2025-06-05
11.0,100.8,Outside Myanmar,myanmar_2025-06-05
11.0,100.9,Outside Myanmar,myanmar_2025-06-05
11.0,101.0,Outside Myanmar,myanmar_2025-06-05
11.0,101.1,Outside Myanmar,myanmar_2025-06-05
11.0,101.2,Outside Myanmar,myanmar_2025-06-05
11.0,101.3,Outside Myanmar,myanmar_2025-06-05
11.0,101.4,Outside Myanmar,myanmar_2025-06-05
11.1,92.0,Outside Myanmar,myanmar_2025-06-05
11.1,92.1,Outside Myanmar,myanmar_2025-06-05
11.1,92.2,Outside Myanmar,myanmar_2025-06-05
11.1,92.3,Outside Myanmar,myanmar_2025-06-05
11.1,92.4,Outside Myanmar,myanmar_2025-06-05
11.1,92.5,Outside Myanmar,myanmar_2025-06-05
11.1,92.6,Outside Myanmar,myanmar_2025-06-05
11.1,92.7,Outside Myanmar,myanmar_2025-06-05
11.1,92.8,Outside Myanmar,myanmar_2025-06-05
11.1,92.9,Outside Myanmar,myanmar_2025-06-05
11.1,93.0,Outside Myanmar,myanmar_2025-06-05
11.1,93.1,Outside Myanmar,myanmar_2025-06-05
11.1,93.2,Outside Myanmar,myanmar_2025-06-05
11.1,93.3,Outside Myanmar,myanmar_2025-06-05
11.1,93.4,Outside Myanmar,myanmar_2025-06-05
11.1,93.5,Outside Myanmar,myanmar_2025-06-05
11.1,93.6,Outside Myanmar,myanmar_2025-06-05
11.1,93.7,Outside Myanmar,myanmar_2025-06-05
11.1,93.8,Outside Myanmar,myanmar_2025-06-05
11.1,93.9,Outside Myanmar,myanmar_2025-06-05
11.1,94.0,Outside Myanmar,myanmar_2025-06-05
11.1,94.1,Outside Myanmar,myanmar_2025-06-05
11.1,94.2,Outside Myanmar,myanmar_2025-06-05
11.1,94.3,Outside Myanmar,myanmar_2025-06-05
11.1,94.4,Outside Myanmar,myanmar_2025-06-05
11.1,94.5,Outside Myanmar,myanmar_2025-06-05
11.1,94.6,Outside Myanmar,myanmar_2025-06-05
11.1,94.7,Outside Myanmar,myanmar_2025-06-05
11.1,94.8,Outside Myanmar,myanmar_2025-06-05
11.1,94.9,Outside Myanmar,myanmar_2025-06-05
11.1,95.0,Outside Myanmar,myanmar_2025-06-05
11.1,95.1,Outside Myanmar,myanmar_2025-06-05
11.1,95.2,Outside Myanmar,myanmar_2025-06-05
11.1,95.3,Outside Myanmar,myanmar_2025-06-05
11.1,95.4,Outside Myanmar,myanmar_2025-06-05
11.1,95.5,Outside Myanmar,myanmar_2025-06-05
11.1,95.6,Outside Myanmar,myanmar_2025-06-05
11.1,95.7,Outside Myanmar,myanmar_2025-06-05
11.1,95.8,Outside Myanmar,myanmar_2025-06-05
11.1,95.9,Outside Myanmar,myanmar_2025-06-05
11.1,96.0,Outside Myanmar,myanmar_2025-06-05
11.1,96.1,Outside Myanmar,myanmar_2025-06-05
11.1,96.2,Outside Myanmar,myanmar_2025-06-05
11.1,96.3,Outside Myanmar,myanmar_2025-06-05
11.1,96.4,Outside Myanmar,myanmar_2025-06-05
11.1,96.5,Outside Myanmar,myanmar_2025-06-05
11.1,96.6,Outside Myanmar,myanmar_2025-06-05
11.1,96.7,Outside Myanmar,myanmar_2025-06-05
11.1,96.8,Outside Myanmar,myanmar_2025-06-05
11.1,96.9,Outside Myanmar,myanmar_2025-06-05
11.1,97.0,Outside Myanmar,myanmar_2025-06-05
11.1,97.1,Outside Myanmar,myanmar_2025-06-05
11.1,97.2,Outside Myanmar,myanmar_2025-06-05
11.1,97.3,Outside Myanmar,myanmar_2025-06-05
11.1,97.4,Outside Myanmar,myanmar_2025-06-05
11.1,97.5,Outside Myanmar,myanmar_2025-06-05
11.1,97.6,Outside Myanmar,myanmar_2025-06-05
11.1,97.7,Outside Myanmar,myanmar_2025-06-05
11.1,97.8,Outside Myanmar,myanmar_2025-06-05
11.1,97.9,Outside Myanmar,myanmar_2025-06-05
11.1,98.0,Outside Myanmar,myanmar_2025-06-05
11.1,98.1,Outside Myanmar,myanmar_2025-06-05
11.1,98.2,Outside Myanmar,myanmar_2025-06-05
11.1,98.3,Outside Myanmar,myanmar_2025-06-05
11.1,98.4,Outside Myanmar,myanmar_2025-06-05
11.1,98.5,Outside Myanmar,myanmar_2025-06-05
11.1,98.6,Outside Myanmar,myanmar_2025-06-05
11.1,98.7,Junta,myanmar_2025-06-05
11.1,98.8,Junta,myanmar_2025-06-05
11.1,98.9,Junta,myanmar_2025-06-05
11.1,99.0,Junta,myanmar_2025-06-05
11.1,99.1,PDF,myanmar_2025-06-05
11.1,99.2,Outside Myanmar,myanmar_2025-06-05
11.1,99.3,Outside Myanmar,myanmar_2025-06-05
11.1,99.4,Outside Myanmar,myanmar_2025-06-05
11.1,99.5,Outside Myanmar,myanmar_2025-06-05
11.1,99.6,Outside Myanmar,myanmar_2025-06-05
11.1,99.7,Outside Myanmar,myanmar_2025-06-05
11.1,99.8,Outside Myanmar,myanmar_2025-06-05
11.1,99.9,Outside Myanmar,myanmar_2025-06-05
11.1,100.0,Outside Myanmar,myanmar_2025-06-05
11.1,100.1,Outside Myanmar,myanmar_2025-06-05
11.1,100.2,Outside Myanmar,myanmar_2025-06-05
11.1,100.3,Outside Myanmar,myanmar_2025-06-05
11.1,100.4,Outside Myanmar,myanmar_2025-06-05
11.1,100.5,Outside Myanmar,myanmar_2025-06-05
11.1,100.6,Outside Myanmar,myanmar_2025-06-05
11.1,100.7,Outside Myanmar,myanmar_2025-06-05
11.1,100.8,Outside Myanmar,myanmar_2025-06-05
11.1,100.9,Outside Myanmar,myanmar_2025-06-05
11.1,101.0,Outside Myanmar,myanmar_2025-06-05
11.1,101.1,Outside Myanmar,myanmar_2025-06-05
11.1,101.2,Outside Myanmar,myanmar_2025-06-05
11.1,101.3,Outside Myanmar,myanmar_2025-06-05
11.1,101.4,Outside Myanmar,myanmar_2025-06-05
11.2,92.0,Outside Myanmar,myanmar_2025-06-05
11.2,92.1,Outside Myanmar,myanmar_2025-06-05
11.2,92.2,Outside Myanmar,myanmar_2025-06-05
11.2,92.3,Outside Myanmar,myanmar_2025-06-05
11.2,92.4,Outside Myanmar,myanmar_2025-06-05
11.2,92.5,Outside Myanmar,myanmar_2025-06-05
11.2,92.6,Outside Myanmar,myanmar_2025-06-05
11.2,92.7,Outside Myanmar,myanmar_2025-06-05
11.2,92.8,Outside Myanmar,myanmar_2025-06-05
11.2,92.9,Outside Myanmar,myanmar_2025-06-05
11.2,93.0,Outside Myanmar,myanmar_2025-06-05
11.2,93.1,Outside Myanmar,myanmar_2025-06-05
11.2,93.2,Outside Myanmar,myanmar_2025-06-05
11.2,93.3,Outside Myanmar,myanmar_2025-06-05
11.2,93.4,Outside Myanmar,myanmar_2025-06-05
11.2,93.5,Outside Myanmar,myanmar_2025-06-05
11.2,93.6,Outside Myanmar,myanmar_2025-06-05
11.2,93.7,Outside Myanmar,myanmar_2025-06-05
11.2,93.8,Outside Myanmar,myanmar_2025-06-05
11.2,93.9,Outside Myanmar,myanmar_2025-06-05
11.2,94.0,Outside Myanmar,myanmar_2025-06-05
11.2,94.1,Outside Myanmar,myanmar_2025-06-05
11.2,94.2,Outside Myanmar,myanmar_2025-06-05
11.2,94.3,Outside Myanmar,myanmar_2025-06-05
11.2,94.4,Outside Myanmar,myanmar_2025-06-05
11.2,94.5,Outside Myanmar,myanmar_2025-06-05
11.2,94.6,Outside Myanmar,myanmar_2025-06-05
11.2,94.7,Outside Myanmar,myanmar_2025-06-05
11.2,94.8,Outside Myanmar,myanmar_2025-06-05
11.2,94.9,Outside Myanmar,myanmar_2025-06-05
11.2,95.0,Outside Myanmar,myanmar_2025-06-05
11.2,95.1,Outside Myanmar,myanmar_2025-06-05
11.2,95.2,Outside Myanmar,myanmar_2025-06-05
11.2,95.3,Outside Myanmar,myanmar_2025-06-05
11.2,95.4,Outside Myanmar,myanmar_2025-06-05
11.2,95.5,Outside Myanmar,myanmar_2025-06-05
11.2,95.6,Outside Myanmar,myanmar_2025-06-05
11.2,95.7,Outside Myanmar,myanmar_2025-06-05
11.2,95.8,Outside Myanmar,myanmar_2025-06-05
11.2,95.9,Outside Myanmar,myanmar_2025-06-05
11.2,96.0,Outside Myanmar,myanmar_2025-06-05
11.2,96.1,Outside Myanmar,myanmar_2025-06-05
11.2,96.2,Outside Myanmar,myanmar_2025-06-05
11.2,96.3,Outside Myanmar,myanmar_2025-06-05
11.2,96.4,Outside Myanmar,myanmar_2025-06-05
11.2,96.5,Outside Myanmar,myanmar_2025-06-05
11.2,96.6,Outside Myanmar,myanmar_2025-06-05
11.2,96.7,Outside Myanmar,myanmar_2025-06-05
11.2,96.8,Outside Myanmar,myanmar_2025-06-05
11.2,96.9,Outside Myanmar,myanmar_2025-06-05
11.2,97.0,Outside Myanmar,myanmar_2025-06-05
11.2,97.1,Outside Myanmar,myanmar_2025-06-05
11.2,97.2,Outside Myanmar,myanmar_2025-06-05
11.2,97.3,Outside Myanmar,myanmar_2025-06-05
11.2,97.4,Outside Myanmar,myanmar_2025-06-05
11.2,97.5,Outside Myanmar,myanmar_2025-06-05
11.2,97.6,Outside Myanmar,myanmar_2025-06-05
11.2,97.7,Outside Myanmar,myanmar_2025-06-05
11.2,97.8,Outside Myanmar,myanmar_2025-06-05
11.2,97.9,Outside Myanmar,myanmar_2025-06-05
11.2,98.0,Outside Myanmar,myanmar_2025-06-05
11.2,98.1,Outside Myanmar,myanmar_2025-06-05
11.2,98.2,Outside Myanmar,myanmar_2025-06-05
11.2,98.3,Outside Myanmar,myanmar_2025-06-05
11.2,98.4,Outside Myanmar,myanmar_2025-06-05
11.2,98.5,Outside Myanmar,myanmar_2025-06-05
11.2,98.6,Outside Myanmar,myanmar_2025-06-05
11.2,98.7,Outside Myanmar,myanmar_2025-06-05
11.2,98.8,Junta,myanmar_2025-06-05
11.2,98.9,Junta,myanmar_2025-06-05
11.2,99.0,PDF,myanmar_2025-06-05
11.2,99.1,PDF,myanmar_2025-06-05
11.2,99.2,Junta,myanmar_2025-06-05
11.2,99.3,Outside Myanmar,myanmar_2025-06-05
11.2,99.4,Outside Myanmar,myanmar_2025-06-05
11.2,99.5,Outside Myanmar,myanmar_2025-06-05
11.2,99.6,Outside Myanmar,myanmar_2025-06-05
11.2,99.7,Outside Myanmar,myanmar_2025-06-05
11.2,99.8,Outside Myanmar,myanmar_2025-06-05
11.2,99.9,Outside Myanmar,myanmar_2025-06-05
11.2,100.0,Outside Myanmar,myanmar_2025-06-05
11.2,100.1,Outside Myanmar,myanmar_2025-06-05
11.2,100.2,Outside Myanmar,myanmar_2025-06-05
11.2,100.3,Outside Myanmar,myanmar_2025-06-05
11.2,100.4,Outside Myanmar,myanmar_2025-06-05
11.2,100.5,Outside Myanmar,myanmar_2025-06-05
11.2,100.6,Outside Myanmar,myanmar_2025-06-05
11.2,100.7,Outside Myanmar,myanmar_2025-06-05
11.2,100.8,Outside Myanmar,myanmar_2025-06-05
11.2,100.9,Outside Myanmar,myanmar_2025-06-05
11.2,101.0,Outside Myanmar,myanmar_2025-06-05
11.2,101.1,Outside Myanmar,myanmar_2025-06-05
11.2,101.2,Outside Myanmar,myanmar_2025-06-05
11.2,101.3,Outside Myanmar,myanmar_2025-06-05
11.2,101.4,Outside Myanmar,myanmar_2025-06-05
11.3,92.0,Outside Myanmar,myanmar_2025-06-05
11.3,92.1,Outside Myanmar,myanmar_2025-06-05
11.3,92.2,Outside Myanmar,myanmar_2025-06-05
11.3,92.3,Outside Myanmar,myanmar_2025-06-05
11.3,92.4,Outside Myanmar,myanmar_2025-06-05
11.3,92.5,Outside Myanmar,myanmar_2025-06-05
11.3,92.6,Outside Myanmar,myanmar_2025-06-05
11.3,92.7,Outside Myanmar,myanmar_2025-06-05
11.3,92.8,Outside Myanmar,myanmar_2025-06-05
11.3,92.9,Outside Myanmar,myanmar_2025-06-05
11.3,93.0,Outside Myanmar,myanmar_2025-06-05
11.3,93.1,Outside Myanmar,myanmar_2025-06-05
11.3,93.2,Outside Myanmar,myanmar_2025-06-05
11.3,93.3,Outside Myanmar,myanmar_2025-06-05
11.3,93.4,Outside Myanmar,myanmar_2025-06-05
11.3,93.5,Outside Myanmar,myanmar_2025-06-05
11.3,93.6,Outside Myanmar,myanmar_2025-06-05
11.3,93.7,Outside Myanmar,myanmar_2025-06-05
11.3,93.8,Outside Myanmar,myanmar_2025-06-05
11.3,93.9,Outside Myanmar,myanmar_2025-06-05
11.3,94.0,Outside Myanmar,myanmar_2025-06-05
11.3,94.1,Outside Myanmar,myanmar_2025-06-05
11.3,94.2,Outside Myanmar,myanmar_2025-06-05
11.3,94.3,Outside Myanmar,myanmar_2025-06-05
11.3,94.4,Outside Myanmar,myanmar_2025-06-05
11.3,94.5,Outside Myanmar,myanmar_2025-06-05
11.3,94.6,Outside Myanmar,myanmar_2025-06-05
11.3,94.7,Outside Myanmar,myanmar_2025-06-05
11.3,94.8,Outside Myanmar,myanmar_2025-06-05
11.3,94.9,Outside Myanmar,myanmar_2025-06-05
11.3,95.0,Outside Myanmar,myanmar_2025-06-05
11.3,95.1,Outside Myanmar,myanmar_2025-06-05
11.3,95.2,Outside Myanmar,myanmar_2025-06-05
11.3,95.3,Outside Myanmar,myanmar_2025-06-05
11.3,95.4,Outside Myanmar,myanmar_2025-06-05
11.3,95.5,Outside Myanmar,myanmar_2025-06-05
11.3,95.6,Outside Myanmar,myanmar_2025-06-05
11.3,95.7,Outside Myanmar,myanmar_2025-06-05
11.3,95.8,Outside Myanmar,myanmar_2025-06-05
11.3,95.9,Outside Myanmar,myanmar_2025-06-05
11.3,96.0,Outside Myanmar,myanmar_2025-06-05
11.3,96.1,Outside Myanmar,myanmar_2025-06-05
11.3,96.2,Outside Myanmar,myanmar_2025-06-05
11.3,96.3,Outside Myanmar,myanmar_2025-06-05
11.3,96.4,Outside Myanmar,myanmar_2025-06-05
11.3,96.5,Outside Myanmar,myanmar_2025-06-05
11.3,96.6,Outside Myanmar,myanmar_2025-06-05
11.3,96.7,Outside Myanmar,myanmar_2025-06-05
11.3,96.8,Outside Myanmar,myanmar_2025-06-05
11.3,96.9,Outside Myanmar,myanmar_2025-06-05
11.3,97.0,Outside Myanmar,myanmar_2025-06-05
11.3,97.1,Outside Myanmar,myanmar_2025-06-05
11.3,97.2,Outside Myanmar,myanmar_2025-06-05
11.3,97.3,Outside Myanmar,myanmar_2025-06-05
11.3,97.4,Outside Myanmar,myanmar_2025-06-05
11.3,97.5,Outside Myanmar,myanmar_2025-06-05
11.3,97.6,Outside Myanmar,myanmar_2025-06-05
11.3,97.7,Outside Myanmar,myanmar_2025-06-05
11.3,97.8,Outside Myanmar,myanmar_2025-06-05
11.3,97.9,Outside Myanmar,myanmar_2025-06-05
11.3,98.0,Outside Myanmar,myanmar_2025-06-05
11.3,98.1,Outside Myanmar,myanmar_2025-06-05
11.3,98.2,Outside Myanmar,myanmar_2025-06-05
11.3,98.3,Outside Myanmar,myanmar_2025-06-05
11.3,98.4,Outside Myanmar,myanmar_2025-06-05
11.3,98.5,Outside Myanmar,myanmar_2025-06-05
11.3,98.6,Outside Myanmar,myanmar_2025-06-05
11.3,98.7,Outside Myanmar,myanmar_2025-06-05
11.3,98.8,Junta,myanmar_2025-06-05
11.3,98.9,Junta,myanmar_2025-06-05
11.3,99.0,PDF,myanmar_2025-06-05
11.3,99.1,PDF,myanmar_2025-06-05
11.3,99.2,PDF,myanmar_2025-06-05
11.3,99.3,Junta,myanmar_2025-06-05
11.3,99.4,Outside Myanmar,myanmar_2025-06-05
11.3,99.5,Outside Myanmar,myanmar_2025-06-05
11.3,99.6,Outside Myanmar,myanmar_2025-06-05
11.3,99.7,Outside Myanmar,myanmar_2025-06-05
11.3,99.8,Outside Myanmar,myanmar_2025-06-05
11.3,99.9,Outside Myanmar,myanmar_2025-06-05
11.3,100.0,Outside Myanmar,myanmar_2025-06-05
11.3,100.1,Outside Myanmar,myanmar_2025-06-05
11.3,100.2,Outside Myanmar,myanmar_2025-06-05
11.3,100.3,Outside Myanmar,myanmar_2025-06-05
11.3,100.4,Outside Myanmar,myanmar_2025-06-05
11.3,100.5,Outside Myanmar,myanmar_2025-06-05
11.3,100.6,Outside Myanmar,myanmar_2025-06-05
11.3,100.7,Outside Myanmar,myanmar_2025-06-05
11.3,100.8,Outside Myanmar,myanmar_2025-06-05
11.3,100.9,Outside Myanmar,myanmar_2025-06-05
11.3,101.0,Outside Myanmar,myanmar_2025-06-05
11.3,101.1,Outside Myanmar,myanmar_2025-06-05
11.3,101.2,Outside Myanmar,myanmar_2025-06-05
11.3,101.3,Outside Myanmar,myanmar_2025-06-05
11.3,101.4,Outside Myanmar,myanmar_2025-06-05
11.4,92.0,Outside Myanmar,myanmar_2025-06-05
11.4,92.1,Outside Myanmar,myanmar_2025-06-05
11.4,92.2,Outside Myanmar,myanmar_2025-06-05
11.4,92.3,Outside Myanmar,myanmar_2025-06-05
11.4,92.4,Outside Myanmar,myanmar_2025-06-05
11.4,92.5,Outside Myanmar,myanmar_2025-06-05
11.4,92.6,Outside Myanmar,myanmar_2025-06-05
11.4,92.7,Outside Myanmar,myanmar_2025-06-05
11.4,92.8,Outside Myanmar,myanmar_2025-06-05
11.4,92.9,Outside Myanmar,myanmar_2025-06-05
11.4,93.0,Outside Myanmar,myanmar_2025-06-05
11.4,93.1,Outside Myanmar,myanmar_2025-06-05
11.4,93.2,Outside Myanmar,myanmar_2025-06-05
11.4,93.3,Outside Myanmar,myanmar_2025-06-05
11.4,93.4,Outside Myanmar,myanmar_2025-06-05
11.4,93.5,Outside Myanmar,myanmar_2025-06-05
11.4,93.6,Outside Myanmar,myanmar_2025-06-05
11.4,93.7,Outside Myanmar,myanmar_2025-06-05
11.4,93.8,Outside Myanmar,myanmar_2025-06-05
11.4,93.9,Outside Myanmar,myanmar_2025-06-05
11.4,94.0,Outside Myanmar,myanmar_2025-06-05
11.4,94.1,Outside Myanmar,myanmar_2025-06-05
11.4,94.2,Outside Myanmar,myanmar_2025-06-05
11.4,94.3,Outside Myanmar,myanmar_2025-06-05
11.4,94.4,Outside Myanmar,myanmar_2025-06-05
11.4,94.5,Outside Myanmar,myanmar_2025-06-05
11.4,94.6,Outside Myanmar,myanmar_2025-06-05
11.4,94.7,Outside Myanmar,myanmar_2025-06-05
11.4,94.8,Outside Myanmar,myanmar_2025-06-05
11.4,94.9,Outside Myanmar,myanmar_2025-06-05
11.4,95.0,Outside Myanmar,myanmar_2025-06-05
11.4,95.1,Outside Myanmar,myanmar_2025-06-05
11.4,95.2,Outside Myanmar,myanmar_2025-06-05
11.4,95.3,Outside Myanmar,myanmar_2025-06-05
11.4,95.4,Outside Myanmar,myanmar_2025-06-05
11.4,95.5,Outside Myanmar,myanmar_2025-06-05
11.4,95.6,Outside Myanmar,myanmar_2025-06-05
11.4,95.7,Outside Myanmar,myanmar_2025-06-05
11.4,95.8,Outside Myanmar,myanmar_2025-06-05
11.4,95.9,Outside Myanmar,myanmar_2025-06-05
11.4,96.0,Outside Myanmar,myanmar_2025-06-05
11.4,96.1,Outside Myanmar,myanmar_2025-06-05
11.4,96.2,Outside Myanmar,myanmar_2025-06-05
11.4,96.3,Outside Myanmar,myanmar_2025-06-05
11.4,96.4,Outside Myanmar,myanmar_2025-06-05
11.4,96.5,Outside Myanmar,myanmar_2025-06-05
11.4,96.6,Outside Myanmar,myanmar_2025-06-05
11.4,96.7,Outside Myanmar,myanmar_2025-06-05
11.4,96.8,Outside Myanmar,myanmar_2025-06-05
11.4,96.9,Outside Myanmar,myanmar_2025-06-05
11.4,97.0,Outside Myanmar,myanmar_2025-06-05
11.4,97.1,Outside Myanmar,myanmar_2025-06-05
11.4,97.2,Outside Myanmar,myanmar_2025-06-05
11.4,97.3,Outside Myanmar,myanmar_2025-06-05
11.4,97.4,Outside Myanmar,myanmar_2025-06-05
11.4,97.5,Outside Myanmar,myanmar_2025-06-05
11.4,97.6,Outside Myanmar,myanmar_2025-06-05
11.4,97.7,Outside Myanmar,myanmar_2025-06-05
11.4,97.8,Outside Myanmar,myanmar_2025-06-05
11.4,97.9,Outside Myanmar,myanmar_2025-06-05
11.4,98.0,Outside Myanmar,myanmar_2025-06-05
11.4,98.1,Outside Myanmar,myanmar_2025-06-05
11.4,98.2,Outside Myanmar,myanmar_2025-06-05
11.4,98.3,Outside Myanmar,myanmar_2025-06-05
11.4,98.4,Outside Myanmar,myanmar_2025-06-05
11.4,98.5,Outside Myanmar,myanmar_2025-06-05
11.4,98.6,Outside Myanmar,myanmar_2025-06-05
11.4,98.7,Outside Myanmar,myanmar_2025-06-05
11.4,98.8,Junta,myanmar_2025-06-05
11.4,98.9,Junta,myanmar_2025-06-05
11.4,99.0,PDF,myanmar_2025-06-05
11.4,99.1,PDF,myanmar_2025-06-05
11.4,99.2,PDF,myanmar_2025-06-05
11.4,99.3,PDF,myanmar_2025-06-05
11.4,99.4,Outside Myanmar,myanmar_2025-06-05
11.4,99.5,Outside Myanmar,myanmar_2025-06-05
11.4,99.6,Outside Myanmar,myanmar_2025-06-05
11.4,99.7,Outside Myanmar,myanmar_2025-06-05
11.4,99.8,Outside Myanmar,myanmar_2025-06-05
11.4,99.9,Outside Myanmar,myanmar_2025-06-05
11.4,100.0,Outside Myanmar,myanmar_2025-06-05
11.4,100.1,Outside Myanmar,myanmar_2025-06-05
11.4,100.2,Outside Myanmar,myanmar_2025-06-05
11.4,100.3,Outside Myanmar,myanmar_2025-06-05
11.4,100.4,Outside Myanmar,myanmar_2025-06-05
11.4,100.5,Outside Myanmar,myanmar_2025-06-05
11.4,100.6,Outside Myanmar,myanmar_2025-06-05
11.4,100.7,Outside Myanmar,myanmar_2025-06-05
11.4,100.8,Outside Myanmar,myanmar_2025-06-05
11.4,100.9,Outside Myanmar,myanmar_2025-06-05
11.4,101.0,Outside Myanmar,myanmar_2025-06-05
11.4,101.1,Outside Myanmar,myanmar_2025-06-05
11.4,101.2,Outside Myanmar,myanmar_2025-06-05
11.4,101.3,Outside Myanmar,myanmar_2025-06-05
11.4,101.4,Outside Myanmar,myanmar_2025-06-05
11.5,92.0,Outside Myanmar,myanmar_2025-06-05
11.5,92.1,Outside Myanmar,myanmar_2025-06-05
11.5,92.2,Outside Myanmar,myanmar_2025-06-05
11.5,92.3,Outside Myanmar,myanmar_2025-06-05
11.5,92.4,Outside Myanmar,myanmar_2025-06-05
11.5,92.5,Outside Myanmar,myanmar_2025-06-05
11.5,92.6,Outside Myanmar,myanmar_2025-06-05
11.5,92.7,Outside Myanmar,myanmar_2025-06-05
11.5,92.8,Outside Myanmar,myanmar_2025-06-05
11.5,92.9,Outside Myanmar,myanmar_2025-06-05
11.5,93.0,Outside Myanmar,myanmar_2025-06-05
11.5,93.1,Outside Myanmar,myanmar_2025-06-05
11.5,93.2,Outside Myanmar,myanmar_2025-06-05
11.5,93.3,Outside Myanmar,myanmar_2025-06-05
11.5,93.4,Outside Myanmar,myanmar_2025-06-05
11.5,93.5,Outside Myanmar,myanmar_2025-06-05
11.5,93.6,Outside Myanmar,myanmar_2025-06-05
11.5,93.7,Outside Myanmar,myanmar_2025-06-05
11.5,93.8,Outside Myanmar,myanmar_2025-06-05
11.5,93.9,Outside Myanmar,myanmar_2025-06-05
11.5,94.0,Outside Myanmar,myanmar_2025-06-05
11.5,94.1,Outside Myanmar,myanmar_2025-06-05
11.5,94.2,Outside Myanmar,myanmar_2025-06-05
11.5,94.3,Outside Myanmar,myanmar_2025-06-05
11.5,94.4,Outside Myanmar,myanmar_2025-06-05
11.5,94.5,Outside Myanmar,myanmar_2025-06-05
11.5,94.6,Outside Myanmar,myanmar_2025-06-05
11.5,94.7,Outside Myanmar,myanmar_2025-06-05
11.5,94.8,Outside Myanmar,myanmar_2025-06-05
11.5,94.9,Outside Myanmar,myanmar_2025-06-05
11.5,95.0,Outside Myanmar,myanmar_2025-06-05
11.5,95.1,Outside Myanmar,myanmar_2025-06-05
11.5,95.2,Outside Myanmar,myanmar_2025-06-05
11.5,95.3,Outside Myanmar,myanmar_2025-06-05
11.5,95.4,Outside Myanmar,myanmar_2025-06-05
11.5,95.5,Outside Myanmar,myanmar_2025-06-05
11.5,95.6,Outside Myanmar,myanmar_2025-06-05
11.5,95.7,Outside Myanmar,myanmar_2025-06-05
11.5,95.8,Outside Myanmar,myanmar_2025-06-05
11.5,95.9,Outside Myanmar,myanmar_2025-06-05
11.5,96.0,Outside Myanmar,myanmar_2025-06-05
11.5,96.1,Outside Myanmar,myanmar_2025-06-05
11.5,96.2,Outside Myanmar,myanmar_2025-06-05
11.5,96.3,Outside Myanmar,myanmar_2025-06-05
11.5,96.4,Outside Myanmar,myanmar_2025-06-05
11.5,96.5,Outside Myanmar,myanmar_2025-06-05
11.5,96.6,Outside Myanmar,myanmar_2025-06-05
11.5,96.7,Outside Myanmar,myanmar_2025-06-05
11.5,96.8,Outside Myanmar,myanmar_2025-06-05
11.5,96.9,Outside Myanmar,myanmar_2025-06-05
11.5,97.0,Outside Myanmar,myanmar_2025-06-05
11.5,97.1,Outside Myanmar,myanmar_2025-06-05
11.5,97.2,Outside Myanmar,myanmar_2025-06-05
11.5,97.3,Outside Myanmar,myanmar_2025-06-05
11.5,97.4,Outside Myanmar,myanmar_2025-06-05
11.5,97.5,Outside Myanmar,myanmar_2025-06-05
11.5,97.6,Outside Myanmar,myanmar_2025-06-05
11.5,97.7,Outside Myanmar,myanmar_2025-06-05
11.5,97.8,Outside Myanmar,myanmar_2025-06-05
11.5,97.9,Outside Myanmar,myanmar_2025-06-05
11.5,98.0,Outside Myanmar,myanmar_2025-06-05
11.5,98.1,Outside Myanmar,myanmar_2025-06-05
11.5,98.2,Junta,myanmar_2025-06-05
11.5,98.3,Outside Myanmar,myanmar_2025-06-05
11.5,98.4,Outside Myanmar,myanmar_2025-06-05
11.5,98.5,Outside Myanmar,myanmar_2025-06-05
11.5,98.6,Outside Myanmar,myanmar_2025-06-05
11.5,98.7,Outside Myanmar,myanmar_2025-06-05
11.5,98.8,Junta,myanmar_2025-06-05
11.5,98.9,Junta,myanmar_2025-06-05
11.5,99.0,PDF,myanmar_2025-06-05
11.5,99.1,PDF,myanmar_2025-06-05
11.5,99.2,PDF,myanmar_2025-06-05
11.5,99.3,PDF,myanmar_2025-06-05
11.5,99.4,Junta,myanmar_2025-06-05
11.5,99.5,Outside Myanmar,myanmar_2025-06-05
11.5,99.6,Outside Myanmar,myanmar_2025-06-05
11.5,99.7,Outside Myanmar,myanmar_2025-06-05
11.5,99.8,Outside Myanmar,myanmar_2025-06-05
11.5,99.9,Outside Myanmar,myanmar_2025-06-05
11.5,100.0,Outside Myanmar,myanmar_2025-06-05
11.5,100.1,Outside Myanmar,myanmar_2025-06-05
11.5,100.2,Outside Myanmar,myanmar_2025-06-05
11.5,100.3,Outside Myanmar,myanmar_2025-06-05
11.5,100.4,Outside Myanmar,myanmar_2025-06-05
11.5,100.5,Outside Myanmar,myanmar_2025-06-05
11.5,100.6,Outside Myanmar,myanmar_2025-06-05
11.5,100.7,Outside Myanmar,myanmar_2025-06-05
11.5,100.8,Outside Myanmar,myanmar_2025-06-05
11.5,100.9,Outside Myanmar,myanmar_2025-06-05
11.5,101.0,Outside Myanmar,myanmar_2025-06-05
11.5,101.1,Outside Myanmar,myanmar_2025-06-05
11.5,101.2,Outside Myanmar,myanmar_2025-06-05
11.5,101.3,Outside Myanmar,myanmar_2025-06-05
11.5,101.4,Outside Myanmar,myanmar_2025-06-05
11.6,92.0,Outside Myanmar,myanmar_2025-06-05
11.6,92.1,Outside Myanmar,myanmar_2025-06-05
11.6,92.2,Outside Myanmar,myanmar_2025-06-05
11.6,92.3,Outside Myanmar,myanmar_2025-06-05
11.6,92.4,Outside Myanmar,myanmar_2025-06-05
11.6,92.5,Outside Myanmar,myanmar_2025-06-05
11.6,92.6,Outside Myanmar,myanmar_2025-06-05
11.6,92.7,Outside Myanmar,myanmar_2025-06-05
11.6,92.8,Outside Myanmar,myanmar_2025-06-05
11.6,92.9,Outside Myanmar,myanmar_2025-06-05
11.6,93.0,Outside Myanmar,myanmar_2025-06-05
11.6,93.1,Outside Myanmar,myanmar_2025-06-05
11.6,93.2,Outside Myanmar,myanmar_2025-06-05
11.6,93.3,Outside Myanmar,myanmar_2025-06-05
11.6,93.4,Outside Myanmar,myanmar_2025-06-05
11.6,93.5,Outside Myanmar,myanmar_2025-06-05
11.6,93.6,Outside Myanmar,myanmar_2025-06-05
11.6,93.7,Outside Myanmar,myanmar_2025-06-05
11.6,93.8,Outside Myanmar,myanmar_2025-06-05
11.6,93.9,Outside Myanmar,myanmar_2025-06-05
11.6,94.0,Outside Myanmar,myanmar_2025-06-05
11.6,94.1,Outside Myanmar,myanmar_2025-06-05
11.6,94.2,Outside Myanmar,myanmar_2025-06-05
11.6,94.3,Outside Myanmar,myanmar_2025-06-05
11.6,94.4,Outside Myanmar,myanmar_2025-06-05
11.6,94.5,Outside Myanmar,myanmar_2025-06-05
11.6,94.6,Outside Myanmar,myanmar_2025-06-05
11.6,94.7,Outside Myanmar,myanmar_2025-06-05
11.6,94.8,Outside Myanmar,myanmar_2025-06-05
11.6,94.9,Outside Myanmar,myanmar_2025-06-05
11.6,95.0,Outside Myanmar,myanmar_2025-06-05
11.6,95.1,Outside Myanmar,myanmar_2025-06-05
11.6,95.2,Outside Myanmar,myanmar_2025-06-05
11.6,95.3,Outside Myanmar,myanmar_2025-06-05
11.6,95.4,Outside Myanmar,myanmar_2025-06-05
11.6,95.5,Outside Myanmar,myanmar_2025-06-05
11.6,95.6,Outside Myanmar,myanmar_2025-06-05
11.6,95.7,Outside Myanmar,myanmar_2025-06-05
11.6,95.8,Outside Myanmar,myanmar_2025-06-05
11.6,95.9,Outside Myanmar,myanmar_2025-06-05
11.6,96.0,Outside Myanmar,myanmar_2025-06-05
11.6,96.1,Outside Myanmar,myanmar_2025-06-05
11.6,96.2,Outside Myanmar,myanmar_2025-06-05
11.6,96.3,Outside Myanmar,myanmar_2025-06-05
11.6,96.4,Outside Myanmar,myanmar_2025-06-05
11.6,96.5,Outside Myanmar,myanmar_2025-06-05
11.6,96.6,Outside Myanmar,myanmar_2025-06-05
11.6,96.7,Outside Myanmar,myanmar_2025-06-05
11.6,96.8,Outside Myanmar,myanmar_2025-06-05
11.6,96.9,Outside Myanmar,myanmar_2025-06-05
11.6,97.0,Outside Myanmar,myanmar_2025-06-05
11.6,97.1,Outside Myanmar,myanmar_2025-06-05
11.6,97.2,Outside Myanmar,myanmar_2025-06-05
11.6,97.3,Outside Myanmar,myanmar_2025-06-05
11.6,97.4,Outside Myanmar,myanmar_2025-06-05
11.6,97.5,Outside Myanmar,myanmar_2025-06-05
11.6,97.6,Outside Myanmar,myanmar_2025-06-05
11.6,97.7,Outside Myanmar,myanmar_2025-06-05
11.6,97.8,Outside Myanmar,myanmar_2025-06-05
11.6,97.9,Outside Myanmar,myanmar_2025-06-05
11.6,98.0,Outside Myanmar,myanmar_2025-06-05
11.6,98.1,Outside Myanmar,myanmar_2025-06-05
11.6,98.2,Outside Myanmar,myanmar_2025-06-05
11.6,98.3,Outside Myanmar,myanmar_2025-06-05
11.6,98.4,Outside Myanmar,myanmar_2025-06-05
11.6,98.5,Junta,myanmar_2025-06-05
11.6,98.6,Outside Myanmar,myanmar_2025-06-05
11.6,98.7,Outside Myanmar,myanmar_2025-06-05
11.6,98.8,PDF,myanmar_2025-06-05
11.6,98.9,Junta,myanmar_2025-06-05
11.6,99.0,Junta,myanmar_2025-06-05
11.6,99.1,PDF,myanmar_2025-06-05
11.6,99.2,PDF,myanmar_2025-06-05
11.6,99.3,PDF,myanmar_2025-06-05
11.6,99.4,PDF,myanmar_2025-06-05
11.6,99.5,Outside Myanmar,myanmar_2025-06-05
11.6,99.6,Outside Myanmar,myanmar_2025-06-05
11.6,99.7,Outside Myanmar,myanmar_2025-06-05
11.6,99.8,Outside Myanmar,myanmar_2025-06-05
11.6,99.9,Outside Myanmar,myanmar_2025-06-05
11.6,100.0,Outside Myanmar,myanmar_2025-06-05
11.6,100.1,Outside Myanmar,myanmar_2025-06-05
11.6,100.2,Outside Myanmar,myanmar_2025-06-05
11.6,100.3,Outside Myanmar,myanmar_2025-06-05
11.6,100.4,Outside Myanmar,myanmar_2025-06-05
11.6,100.5,Outside Myanmar,myanmar_2025-06-05
11.6,100.6,Outside Myanmar,myanmar_2025-06-05
11.6,100.7,Outside Myanmar,myanmar_2025-06-05
11.6,100.8,Outside Myanmar,myanmar_2025-06-05
11.6,100.9,Outside Myanmar,myanmar_2025-06-05
11.6,101.0,Outside Myanmar,myanmar_2025-06-05
11.6,101.1,Outside Myanmar,myanmar_2025-06-05
11.6,101.2,Outside Myanmar,myanmar_2025-06-05
11.6,101.3,Outside Myanmar,myanmar_2025-06-05
11.6,101.4,Outside Myanmar,myanmar_2025-06-05
11.7,92.0,Outside Myanmar,myanmar_2025-06-05
11.7,92.1,Outside Myanmar,myanmar_2025-06-05
11.7,92.2,Outside Myanmar,myanmar_2025-06-05
11.7,92.3,Outside Myanmar,myanmar_2025-06-05
11.7,92.4,Outside Myanmar,myanmar_2025-06-05
11.7,92.5,Outside Myanmar,myanmar_2025-06-05
11.7,92.6,Outside Myanmar,myanmar_2025-06-05
11.7,92.7,Outside Myanmar,myanmar_2025-06-05
11.7,92.8,Outside Myanmar,myanmar_2025-06-05
11.7,92.9,Outside Myanmar,myanmar_2025-06-05
11.7,93.0,Outside Myanmar,myanmar_2025-06-05
11.7,93.1,Outside Myanmar,myanmar_2025-06-05
11.7,93.2,Outside Myanmar,myanmar_2025-06-05
11.7,93.3,Outside Myanmar,myanmar_2025-06-05
11.7,93.4,Outside Myanmar,myanmar_2025-06-05
11.7,93.5,Outside Myanmar,myanmar_2025-06-05
11.7,93.6,Outside Myanmar,myanmar_2025-06-05
11.7,93.7,Outside Myanmar,myanmar_2025-06-05
11.7,93.8,Outside Myanmar,myanmar_2025-06-05
11.7,93.9,Outside Myanmar,myanmar_2025-06-05
11.7,94.0,Outside Myanmar,myanmar_2025-06-05
11.7,94.1,Outside Myanmar,myanmar_2025-06-05
11.7,94.2,Outside Myanmar,myanmar_2025-06-05
11.7,94.3,Outside Myanmar,myanmar_2025-06-05
11.7,94.4,Outside Myanmar,myanmar_2025-06-05
11.7,94.5,Outside Myanmar,myanmar_2025-06-05
11.7,94.6,Outside Myanmar,myanmar_2025-06-05
11.7,94.7,Outside Myanmar,myanmar_2025-06-05
11.7,94.8,Outside Myanmar,myanmar_2025-06-05
11.7,94.9,Outside Myanmar,myanmar_2025-06-05
11.7,95.0,Outside Myanmar,myanmar_2025-06-05
11.7,95.1,Outside Myanmar,myanmar_2025-06-05
11.7,95.2,Outside Myanmar,myanmar_2025-06-05
11.7,95.3,Outside Myanmar,myanmar_2025-06-05
11.7,95.4,Outside Myanmar,myanmar_2025-06-05
11.7,95.5,Outside Myanmar,myanmar_2025-06-05
11.7,95.6,Outside Myanmar,myanmar_2025-06-05
11.7,95.7,Outside Myanmar,myanmar_2025-06-05
11.7,95.8,Outside Myanmar,myanmar_2025-06-05
11.7,95.9,Outside Myanmar,myanmar_2025-06-05
11.7,96.0,Outside Myanmar,myanmar_2025-06-05
11.7,96.1,Outside Myanmar,myanmar_2025-06-05
11.7,96.2,Outside Myanmar,myanmar_2025-06-05
11.7,96.3,Outside Myanmar,myanmar_2025-06-05
11.7,96.4,Outside Myanmar,myanmar_2025-06-05
11.7,96.5,Outside Myanmar,myanmar_2025-06-05
11.7,96.6,Outside Myanmar,myanmar_2025-06-05
11.7,96.7,Outside Myanmar,myanmar_2025-06-05
11.7,96.8,Outside Myanmar,myanmar_2025-06-05
11.7,96.9,Outside Myanmar,myanmar_2025-06-05
11.7,97.0,Outside Myanmar,myanmar_2025-06-05
11.7,97.1,Outside Myanmar,myanmar_2025-06-05
11.7,97.2,Outside Myanmar,myanmar_2025-06-05
11.7,97.3,Outside Myanmar,myanmar_2025-06-05
11.7,97.4,Outside Myanmar,myanmar_2025-06-05
11.7,97.5,Outside Myanmar,myanmar_2025-06-05
11.7,97.6,Outside Myanmar,myanmar_2025-06-05
11.7,97.7,Outside Myanmar,myanmar_2025-06-05
11.7,97.8,Outside Myanmar,myanmar_2025-06-05
11.7,97.9,Outside Myanmar,myanmar_2025-06-05
11.7,98.0,Outside Myanmar,myanmar_2025-06-05
11.7,98.1,Outside Myanmar,myanmar_2025-06-05
11.7,98.2,Outside Myanmar,myanmar_2025-06-05
11.7,98.3,Junta,myanmar_2025-06-05
11.7,98.4,Junta,myanmar_2025-06-05
11.7,98.5,Junta,myanmar_2025-06-05
11.7,98.6,Outside Myanmar,myanmar_2025-06-05
11.7,98.7,PDF,myanmar_2025-06-05
11.7,98.8,PDF,myanmar_2025-06-05
11.7,98.9,Junta,myanmar_2025-06-05
11.7,99.0,Junta,myanmar_2025-06-05
11.7,99.1,PDF,myanmar_2025-06-05
11.7,99.2,PDF,myanmar_2025-06-05
11.7,99.3,PDF,myanmar_2025-06-05
11.7,99.4,PDF,myanmar_2025-06-05
11.7,99.5,Junta,myanmar_2025-06-05
11.7,99.6,Outside Myanmar,myanmar_2025-06-05
11.7,99.7,Outside Myanmar,myanmar_2025-06-05
11.7,99.8,Outside Myanmar,myanmar_2025-06-05
11.7,99.9,Outside Myanmar,myanmar_2025-06-05
11.7,100.0,Outside Myanmar,myanmar_2025-06-05
11.7,100.1,Outside Myanmar,myanmar_2025-06-05
11.7,100.2,Outside Myanmar,myanmar_2025-06-05
11.7,100.3,Outside Myanmar,myanmar_2025-06-05
11.7,100.4,Outside Myanmar,myanmar_2025-06-05
11.7,100.5,Outside Myanmar,myanmar_2025-06-05
11.7,100.6,Outside Myanmar,myanmar_2025-06-05
11.7,100.7,Outside Myanmar,myanmar_2025-06-05
11.7,100.8,Outside Myanmar,myanmar_2025-06-05
11.7,100.9,Outside Myanmar,myanmar_2025-06-05
11.7,101.0,Outside Myanmar,myanmar_2025-06-05
11.7,101.1,Outside Myanmar,myanmar_2025-06-05
11.7,101.2,Outside Myanmar,myanmar_2025-06-05
11.7,101.3,Outside Myanmar,myanmar_2025-06-05
11.7,101.4,Outside Myanmar,myanmar_2025-06-05
11.8,92.0,Outside Myanmar,myanmar_2025-06-05
11.8,92.1,Outside Myanmar,myanmar_2025-06-05
11.8,92.2,Outside Myanmar,myanmar_2025-06-05
11.8,92.3,Outside Myanmar,myanmar_2025-06-05
11.8,92.4,Outside Myanmar,myanmar_2025-06-05
11.8,92.5,Outside Myanmar,myanmar_2025-06-05
11.8,92.6,Outside Myanmar,myanmar_2025-06-05
11.8,92.7,Outside Myanmar,myanmar_2025-06-05
11.8,92.8,Outside Myanmar,myanmar_2025-06-05
11.8,92.9,Outside Myanmar,myanmar_2025-06-05
11.8,93.0,Outside Myanmar,myanmar_2025-06-05
11.8,93.1,Outside Myanmar,myanmar_2025-06-05
11.8,93.2,Outside Myanmar,myanmar_2025-06-05
11.8,93.3,Outside Myanmar,myanmar_2025-06-05
11.8,93.4,Outside Myanmar,myanmar_2025-06-05
11.8,93.5,Outside Myanmar,myanmar_2025-06-05
11.8,93.6,Outside Myanmar,myanmar_2025-06-05
11.8,93.7,Outside Myanmar,myanmar_2025-06-05
11.8,93.8,Outside Myanmar,myanmar_2025-06-05
11.8,93.9,Outside Myanmar,myanmar_2025-06-05
11.8,94.0,Outside Myanmar,myanmar_2025-06-05
11.8,94.1,Outside Myanmar,myanmar_2025-06-05
11.8,94.2,Outside Myanmar,myanmar_2025-06-05
11.8,94.3,Outside Myanmar,myanmar_2025-06-05
11.8,94.4,Outside Myanmar,myanmar_2025-06-05
11.8,94.5,Outside Myanmar,myanmar_2025-06-05
11.8,94.6,Outside Myanmar,myanmar_2025-06-05
11.8,94.7,Outside Myanmar,myanmar_2025-06-05
11.8,94.8,Outside Myanmar,myanmar_2025-06-05
11.8,94.9,Outside Myanmar,myanmar_2025-06-05
11.8,95.0,Outside Myanmar,myanmar_2025-06-05
11.8,95.1,Outside Myanmar,myanmar_2025-06-05
11.8,95.2,Outside Myanmar,myanmar_2025-06-05
11.8,95.3,Outside Myanmar,myanmar_2025-06-05
11.8,95.4,Outside Myanmar,myanmar_2025-06-05
11.8,95.5,Outside Myanmar,myanmar_2025-06-05
11.8,95.6,Outside Myanmar,myanmar_2025-06-05
11.8,95.7,Outside Myanmar,myanmar_2025-06-05
11.8,95.8,Outside Myanmar,myanmar_2025-06-05
11.8,95.9,Outside Myanmar,myanmar_2025-06-05
11.8,96.0,Outside Myanmar,myanmar_2025-06-05
11.8,96.1,Outside Myanmar,myanmar_2025-06-05
11.8,96.2,Outside Myanmar,myanmar_2025-06-05
11.8,96.3,Outside Myanmar,myanmar_2025-06-05
11.8,96.4,Outside Myanmar,myanmar_2025-06-05
11.8,96.5,Outside Myanmar,myanmar_2025-06-05
11.8,96.6,Outside Myanmar,myanmar_2025-06-05
11.8,96.7,Outside Myanmar,myanmar_2025-06-05
11.8,96.8,Outside Myanmar,myanmar_2025-06-05
11.8,96.9,Outside Myanmar,myanmar_2025-06-05
11.8,97.0,Outside Myanmar,myanmar_2025-06-05
11.8,97.1,Outside Myanmar,myanmar_2025-06-05
11.8,97.2,Outside Myanmar,myanmar_2025-06-05
11.8,97.3,Outside Myanmar,myanmar_2025-06-05
11.8,97.4,Outside Myanmar,myanmar_2025-06-05
11.8,97.5,Outside Myanmar,myanmar_2025-06-05
11.8,97.6,Outside Myanmar,myanmar_2025-06-05
11.8,97.7,Outside Myanmar,myanmar_2025-06-05
11.8,97.8,Outside Myanmar,myanmar_2025-06-05
11.8,97.9,Outside Myanmar,myanmar_2025-06-05
11.8,98.0,Outside Myanmar,myanmar_2025-06-05
11.8,98.1,Outside Myanmar,myanmar_2025-06-05
11.8,98.2,Outside Myanmar,myanmar_2025-06-05
11.8,98.3,Outside Myanmar,myanmar_2025-06-05
11.8,98.4,Outside Myanmar,myanmar_2025-06-05
11.8,98.5,Junta,myanmar_2025-06-05
11.8,98.6,Outside Myanmar,myanmar_2025-06-05
11.8,98.7,PDF,myanmar_2025-06-05
11.8,98.8,PDF,myanmar_2025-06-05
11.8,98.9,PDF,myanmar_2025-06-05
11.8,99.0,Junta,myanmar_2025-06-05
11.8,99.1,PDF,myanmar_2025-06-05
11.8,99.2,PDF,myanmar_2025-06-05
11.8,99.3,PDF,myanmar_2025-06-05
11.8,99.4,PDF,myanmar_2025-06-05
11.8,99.5,PDF,myanmar_2025-06-05
11.8,99.6,Junta,myanmar_2025-06-05
11.8,99.7,Outside Myanmar,myanmar_2025-06-05
11.8,99.8,Outside Myanmar,myanmar_2025-06-05
11.8,99.9,Outside Myanmar,myanmar_2025-06-05
11.8,100.0,Outside Myanmar,myanmar_2025-06-05
11.8,100.1,Outside Myanmar,myanmar_2025-06-05
11.8,100.2,Outside Myanmar,myanmar_2025-06-05
11.8,100.3,Outside Myanmar,myanmar_2025-06-05
11.8,100.4,Outside Myanmar,myanmar_2025-06-05
11.8,100.5,Outside Myanmar,myanmar_2025-06-05
11.8,100.6,Outside Myanmar,myanmar_2025-06-05
11.8,100.7,Outside Myanmar,myanmar_2025-06-05
11.8,100.8,Outside Myanmar,myanmar_2025-06-05
11.8,100.9,Outside Myanmar,myanmar_2025-06-05
11.8,101.0,Outside Myanmar,myanmar_2025-06-05
11.8,101.1,Outside Myanmar,myanmar_2025-06-05
11.8,101.2,Outside Myanmar,myanmar_2025-06-05
11.8,101.3,Outside Myanmar,myanmar_2025-06-05
11.8,101.4,Outside Myanmar,myanmar_2025-06-05
11.9,92.0,Outside Myanmar,myanmar_2025-06-05
11.9,92.1,Outside Myanmar,myanmar_2025-06-05
11.9,92.2,Outside Myanmar,myanmar_2025-06-05
11.9,92.3,Outside Myanmar,myanmar_2025-06-05
11.9,92.4,Outside Myanmar,myanmar_2025-06-05
11.9,92.5,Outside Myanmar,myanmar_2025-06-05
11.9,92.6,Outside Myanmar,myanmar_2025-06-05
11.9,92.7,Outside Myanmar,myanmar_2025-06-05
11.9,92.8,Outside Myanmar,myanmar_2025-06-05
11.9,92.9,Outside Myanmar,myanmar_2025-06-05
11.9,93.0,Outside Myanmar,myanmar_2025-06-05
11.9,93.1,Outside Myanmar,myanmar_2025-06-05
11.9,93.2,Outside Myanmar,myanmar_2025-06-05
11.9,93.3,Outside Myanmar,myanmar_2025-06-05
11.9,93.4,Outside Myanmar,myanmar_2025-06-05
11.9,93.5,Outside Myanmar,myanmar_2025-06-05
11.9,93.6,Outside Myanmar,myanmar_2025-06-05
11.9,93.7,Outside Myanmar,myanmar_2025-06-05
11.9,93.8,Outside Myanmar,myanmar_2025-06-05
11.9,93.9,Outside Myanmar,myanmar_2025-06-05
11.9,94.0,Outside Myanmar,myanmar_2025-06-05
11.9,94.1,Outside Myanmar,myanmar_2025-06-05
11.9,94.2,Outside Myanmar,myanmar_2025-06-05
11.9,94.3,Outside Myanmar,myanmar_2025-06-05
11.9,94.4,Outside Myanmar,myanmar_2025-06-05
11.9,94.5,Outside Myanmar,myanmar_2025-06-05
11.9,94.6,Outside Myanmar,myanmar_2025-06-05
11.9,94.7,Outside Myanmar,myanmar_2025-06-05
11.9,94.8,Outside Myanmar,myanmar_2025-06-05
11.9,94.9,Outside Myanmar,myanmar_2025-06-05
11.9,95.0,Outside Myanmar,myanmar_2025-06-05
11.9,95.1,Outside Myanmar,myanmar_2025-06-05
11.9,95.2,Outside Myanmar,myanmar_2025-06-05
11.9,95.3,Outside Myanmar,myanmar_2025-06-05
11.9,95.4,Outside Myanmar,myanmar_2025-06-05
11.9,95.5,Outside Myanmar,myanmar_2025-06-05
11.9,95.6,Outside Myanmar,myanmar_2025-06-05
11.9,95.7,Outside Myanmar,myanmar_2025-06-05
11.9,95.8,Outside Myanmar,myanmar_2025-06-05
11.9,95.9,Outside Myanmar,myanmar_2025-06-05
11.9,96.0,Outside Myanmar,myanmar_2025-06-05
11.9,96.1,Outside Myanmar,myanmar_2025-06-05
11.9,96.2,Outside Myanmar,myanmar_2025-06-05
11.9,96.3,Outside Myanmar,myanmar_2025-06-05
11.9,96.4,Outside Myanmar,myanmar_2025-06-05
11.9,96.5,Outside Myanmar,myanmar_2025-06-05
11.9,96.6,Outside Myanmar,myanmar_2025-06-05
11.9,96.7,Outside Myanmar,myanmar_2025-06-05
11.9,96.8,Outside Myanmar,myanmar_2025-06-05
11.9,96.9,Outside Myanmar,myanmar_2025-06-05
11.9,97.0,Outside Myanmar,myanmar_2025-06-05
11.9,97.1,Outside Myanmar,myanmar_2025-06-05
11.9,97.2,Outside Myanmar,myanmar_2025-06-05
11.9,97.3,Outside Myanmar,myanmar_2025-06-05
11.9,97.4,Outside Myanmar,myanmar_2025-06-05
11.9,97.5,Outside Myanmar,myanmar_2025-06-05
11.9,97.6,Outside Myanmar,myanmar_2025-06-05
11.9,97.7,Outside Myanmar,myanmar_2025-06-05
11.9,97.8,Outside Myanmar,myanmar_2025-06-05
11.9,97.9,Outside Myanmar,myanmar_2025-06-05
11.9,98.0,Outside Myanmar,myanmar_2025-06-05
11.9,98.1,Outside Myanmar,myanmar_2025-06-05
11.9,98.2,Outside Myanmar,myanmar_2025-06-05
11.9,98.3,Outside Myanmar,myanmar_2025-06-05
11.9,98.4,Outside Myanmar,myanmar_2025-06-05
11.9,98.5,Outside Myanmar,myanmar_2025-06-05
11.9,98.6,Outside Myanmar,myanmar_2025-06-05
11.9,98.7,PDF,myanmar_2025-06-05
11.9,98.8,PDF,myanmar_2025-06-05
11.9,98.9,PDF,myanmar_2025-06-05
11.9,99.0,Junta,myanmar_2025-06-05
11.9,99.1,Junta,myanmar_2025-06-05
11.9,99.2,PDF,myanmar_2025-06-05
11.9,99.3,PDF,myanmar_2025-06-05
11.9,99.4,PDF,myanmar_2025-06-05
11.9,99.5,PDF,myanmar_2025-06-05
11.9,99.6,PDF,myanmar_2025-06-05
11.9,99.7,Outside Myanmar,myanmar_2025-06-05
11.9,99.8,Outside Myanmar,myanmar_2025-06-05
11.9,99.9,Outside Myanmar,myanmar_2025-06-05
11.9,100.0,Outside Myanmar,myanmar_2025-06-05
11.9,100.1,Outside Myanmar,myanmar_2025-06-05
11.9,100.2,Outside Myanmar,myanmar_2025-06-05
11.9,100.3,Outside Myanmar,myanmar_2025-06-05
11.9,100.4,Outside Myanmar,myanmar_2025-06-05
11.9,100.5,Outside Myanmar,myanmar_2025-06-05
11.9,100.6,Outside Myanmar,myanmar_2025-06-05
11.9,100.7,Outside Myanmar,myanmar_2025-06-05
11.9,100.8,Outside Myanmar,myanmar_2025-06-05
11.9,100.9,Outside Myanmar,myanmar_2025-06-05
11.9,101.0,Outside Myanmar,myanmar_2025-06-05
11.9,101.1,Outside Myanmar,myanmar_2025-06-05
11.9,101.2,Outside Myanmar,myanmar_2025-06-05
11.9,101.3,Outside Myanmar,myanmar_2025-06-05
11.9,101.4,Outside Myanmar,myanmar_2025-06-05
12.0,92.0,Outside Myanmar,myanmar_2025-06-05
12.0,92.1,Outside Myanmar,myanmar_2025-06-05
12.0,92.2,Outside Myanmar,myanmar_2025-06-05
12.0,92.3,Outside Myanmar,myanmar_2025-06-05
12.0,92.4,Outside Myanmar,myanmar_2025-06-05
12.0,92.5,Outside Myanmar,myanmar_2025-06-05
12.0,92.6,Outside Myanmar,myanmar_2025-06-05
12.0,92.7,Outside Myanmar,myanmar_2025-06-05
12.0,92.8,Outside Myanmar,myanmar_2025-06-05
12.0,92.9,Outside Myanmar,myanmar_2025-06-05
12.0,93.0,Outside Myanmar,myanmar_2025-06-05
12.0,93.1,Outside Myanmar,myanmar_2025-06-05
12.0,93.2,Outside Myanmar,myanmar_2025-06-05
12.0,93.3,Outside Myanmar,myanmar_2025-06-05
12.0,93.4,Outside Myanmar,myanmar_2025-06-05
12.0,93.5,Outside Myanmar,myanmar_2025-06-05
12.0,93.6,Outside Myanmar,myanmar_2025-06-05
12.0,93.7,Outside Myanmar,myanmar_2025-06-05
12.0,93.8,Outside Myanmar,myanmar_2025-06-05
12.0,93.9,Outside Myanmar,myanmar_2025-06-05
12.0,94.0,Outside Myanmar,myanmar_2025-06-05
12.0,94.1,Outside Myanmar,myanmar_2025-06-05
12.0,94.2,Outside Myanmar,myanmar_2025-06-05
12.0,94.3,Outside Myanmar,myanmar_2025-06-05
12.0,94.4,Outside Myanmar,myanmar_2025-06-05
12.0,94.5,Outside Myanmar,myanmar_2025-06-05
12.0,94.6,Outside Myanmar,myanmar_2025-06-05
12.0,94.7,Outside Myanmar,myanmar_2025-06-05
12.0,94.8,Outside Myanmar,myanmar_2025-06-05
12.0,94.9,Outside Myanmar,myanmar_2025-06-05
12.0,95.0,Outside Myanmar,myanmar_2025-06-05
12.0,95.1,Outside Myanmar,myanmar_2025-06-05
12.0,95.2,Outside Myanmar,myanmar_2025-06-05
12.0,95.3,Outside Myanmar,myanmar_2025-06-05
12.0,95.4,Outside Myanmar,myanmar_2025-06-05
12.0,95.5,Outside Myanmar,myanmar_2025-06-05
12.0,95.6,Outside Myanmar,myanmar_2025-06-05
12.0,95.7,Outside Myanmar,myanmar_2025-06-05
12.0,95.8,Outside Myanmar,myanmar_2025-06-05
12.0,95.9,Outside Myanmar,myanmar_2025-06-05
12.0,96.0,Outside Myanmar,myanmar_2025-06-05
12.0,96.1,Outside Myanmar,myanmar_2025-06-05
12.0,96.2,Outside Myanmar,myanmar_2025-06-05
12.0,96.3,Outside Myanmar,myanmar_2025-06-05
12.0,96.4,Outside Myanmar,myanmar_2025-06-05
12.0,96.5,Outside Myanmar,myanmar_2025-06-05
12.0,96.6,Outside Myanmar,myanmar_2025-06-05
12.0,96.7,Outside Myanmar,myanmar_2025-06-05
12.0,96.8,Outside Myanmar,myanmar_2025-06-05
12.0,96.9,Outside Myanmar,myanmar_2025-06-05
12.0,97.0,Outside Myanmar,myanmar_2025-06-05
12.0,97.1,Outside Myanmar,myanmar_2025-06-05
12.0,97.2,Outside Myanmar,myanmar_2025-06-05
12.0,97.3,Outside Myanmar,myanmar_2025-06-05
12.0,97.4,Outside Myanmar,myanmar_2025-06-05
12.0,97.5,Outside Myanmar,myanmar_2025-06-05
12.0,97.6,Outside Myanmar,myanmar_2025-06-05
12.0,97.7,Outside Myanmar,myanmar_2025-06-05
12.0,97.8,Outside Myanmar,myanmar_2025-06-05
12.0,97.9,Outside Myanmar,myanmar_2025-06-05
12.0,98.0,Outside Myanmar,myanmar_2025-06-05
12.0,98.1,Outside Myanmar,myanmar_2025-06-05
12.0,98.2,Outside Myanmar,myanmar_2025-06-05
12.0,98.3,Outside Myanmar,myanmar_2025-06-05
12.0,98.4,Outside Myanmar,myanmar_2025-06-05
12.0,98.5,PDF,myanmar_2025-06-05
12.0,98.6,PDF,myanmar_2025-06-05
12.0,98.7,PDF,myanmar_2025-06-05
12.0,98.8,PDF,myanmar_2025-06-05
12.0,98.9,PDF,myanmar_2025-06-05
12.0,99.0,Junta,myanmar_2025-06-05
12.0,99.1,Junta,myanmar_2025-06-05
12.0,99.2,Junta,myanmar_2025-06-05
12.0,99.3,PDF,myanmar_2025-06-05
12.0,99.4,PDF,myanmar_2025-06-05
12.0,99.5,PDF,myanmar_2025-06-05
12.0,99.6,Outside Myanmar,myanmar_2025-06-05
12.0,99.7,Outside Myanmar,myanmar_2025-06-05
12.0,99.8,Outside Myanmar,myanmar_2025-06-05
12.0,99.9,Outside Myanmar,myanmar_2025-06-05
12.0,100.0,Outside Myanmar,myanmar_2025-06-05
12.0,100.1,Outside Myanmar,myanmar_2025-06-05
12.0,100.2,Outside Myanmar,myanmar_2025-06-05
12.0,100.3,Outside Myanmar,myanmar_2025-06-05
12.0,100.4,Outside Myanmar,myanmar_2025-06-05
12.0,100.5,Outside Myanmar,myanmar_2025-06-05
12.0,100.6,Outside Myanmar,myanmar_2025-06-05
12.0,100.7,Outside Myanmar,myanmar_2025-06-05
12.0,100.8,Outside Myanmar,myanmar_2025-06-05
12.0,100.9,Outside Myanmar,myanmar_2025-06-05
12.0,101.0,Outside Myanmar,myanmar_2025-06-05
12.0,101.1,Outside Myanmar,myanmar_2025-06-05
12.0,101.2,Outside Myanmar,myanmar_2025-06-05
12.0,101.3,Outside Myanmar,myanmar_2025-06-05
12.0,101.4,Outside Myanmar,myanmar_2025-06-05
12.1,92.0,Outside Myanmar,myanmar_2025-06-05
12.1,92.1,Outside Myanmar,myanmar_2025-06-05
12.1,92.2,Outside Myanmar,myanmar_2025-06-05
12.1,92.3,Outside Myanmar,myanmar_2025-06-05
12.1,92.4,Outside Myanmar,myanmar_2025-06-05
12.1,92.5,Outside Myanmar,myanmar_2025-06-05
12.1,92.6,Outside Myanmar,myanmar_2025-06-05
12.1,92.7,Outside Myanmar,myanmar_2025-06-05
12.1,92.8,Outside Myanmar,myanmar_2025-06-05
12.1,92.9,Outside Myanmar,myanmar_2025-06-05
12.1,93.0,Outside Myanmar,myanmar_2025-06-05
12.1,93.1,Outside Myanmar,myanmar_2025-06-05
12.1,93.2,Outside Myanmar,myanmar_2025-06-05
12.1,93.3,Outside Myanmar,myanmar_2025-06-05
12.1,93.4,Outside Myanmar,myanmar_2025-06-05
12.1,93.5,Outside Myanmar,myanmar_2025-06-05
12.1,93.6,Outside Myanmar,myanmar_2025-06-05
12.1,93.7,Outside Myanmar,myanmar_2025-06-05
12.1,93.8,Outside Myanmar,myanmar_2025-06-05
12.1,93.9,Outside Myanmar,myanmar_2025-06-05
12.1,94.0,Outside Myanmar,myanmar_2025-06-05
12.1,94.1,Outside Myanmar,myanmar_2025-06-05
12.1,94.2,Outside Myanmar,myanmar_2025-06-05
12.1,94.3,Outside Myanmar,myanmar_2025-06-05
12.1,94.4,Outside Myanmar,myanmar_2025-06-05
12.1,94.5,Outside Myanmar,myanmar_2025-06-05
12.1,94.6,Outside Myanmar,myanmar_2025-06-05
12.1,94.7,Outside Myanmar,myanmar_2025-06-05
12.1,94.8,Outside Myanmar,myanmar_2025-06-05
12.1,94.9,Outside Myanmar,myanmar_2025-06-05
12.1,95.0,Outside Myanmar,myanmar_2025-06-05
12.1,95.1,Outside Myanmar,myanmar_2025-06-05
12.1,95.2,Outside Myanmar,myanmar_2025-06-05
12.1,95.3,Outside Myanmar,myanmar_2025-06-05
12.1,95.4,Outside Myanmar,myanmar_2025-06-05
12.1,95.5,Outside Myanmar,myanmar_2025-06-05
12.1,95.6,Outside Myanmar,myanmar_2025-06-05
12.1,95.7,Outside Myanmar,myanmar_2025-06-05
12.1,95.8,Outside Myanmar,myanmar_2025-06-05
12.1,95.9,Outside Myanmar,myanmar_2025-06-05
12.1,96.0,Outside Myanmar,myanmar_2025-06-05
12.1,96.1,Outside Myanmar,myanmar_2025-06-05
12.1,96.2,Outside Myanmar,myanmar_2025-06-05
12.1,96.3,Outside Myanmar,myanmar_2025-06-05
12.1,96.4,Outside Myanmar,myanmar_2025-06-05
12.1,96.5,Outside Myanmar,myanmar_2025-06-05
12.1,96.6,Outside Myanmar,myanmar_2025-06-05
12.1,96.7,Outside Myanmar,myanmar_2025-06-05
12.1,96.8,Outside Myanmar,myanmar_2025-06-05
12.1,96.9,Outside Myanmar,myanmar_2025-06-05
12.1,97.0,Outside Myanmar,myanmar_2025-06-05
12.1,97.1,Outside Myanmar,myanmar_2025-06-05
12.1,97.2,Outside Myanmar,myanmar_2025-06-05
12.1,97.3,Outside Myanmar,myanmar_2025-06-05
12.1,97.4,Outside Myanmar,myanmar_2025-06-05
12.1,97.5,Outside Myanmar,myanmar_2025-06-05
12.1,97.6,Outside Myanmar,myanmar_2025-06-05
12.1,97.7,Outside Myanmar,myanmar_2025-06-05
12.1,97.8,Outside Myanmar,myanmar_2025-06-05
12.1,97.9,Outside Myanmar,myanmar_2025-06-05
12.1,98.0,Outside Myanmar,myanmar_2025-06-05
12.1,98.1,Outside Myanmar,myanmar_2025-06-05
12.1,98.2,Outside Myanmar,myanmar_2025-06-05
12.1,98.3,Outside Myanmar,myanmar_2025-06-05
12.1,98.4,Outside Myanmar,myanmar_2025-06-05
12.1,98.5,PDF,myanmar_2025-06-05
12.1,98.6,PDF,myanmar_2025-06-05
12.1,98.7,PDF,myanmar_2025-06-05
12.1,98.8,PDF,myanmar_2025-06-05
12.1,98.9,Junta,myanmar_2025-06-05
12.1,99.0,Junta,myanmar_2025-06-05
12.1,99.1,Junta,myanmar_2025-06-05
12.1,99.2,Junta,myanmar_2025-06-05
12.1,99.3,PDF,myanmar_2025-06-05
12.1,99.4,PDF,myanmar_2025-06-05
12.1,99.5,PDF,myanmar_2025-06-05
12.1,99.6,Outside Myanmar,myanmar_2025-06-05
12.1,99.7,Outside Myanmar,myanmar_2025-06-05
12.1,99.8,Outside Myanmar,myanmar_2025-06-05
12.1,99.9,Outside Myanmar,myanmar_2025-06-05
12.1,100.0,Outside Myanmar,myanmar_2025-06-05
12.1,100.1,Outside Myanmar,myanmar_2025-06-05
12.1,100.2,Outside Myanmar,myanmar_2025-06-05
12.1,100.3,Outside Myanmar,myanmar_2025-06-05
12.1,100.4,Outside Myanmar,myanmar_2025-06-05
12.1,100.5,Outside Myanmar,myanmar_2025-06-05
12.1,100.6,Outside Myanmar,myanmar_2025-06-05
12.1,100.7,Outside Myanmar,myanmar_2025-06-05
12.1,100.8,Outside Myanmar,myanmar_2025-06-05
12.1,100.9,Outside Myanmar,myanmar_2025-06-05
12.1,101.0,Outside Myanmar,myanmar_2025-06-05
12.1,101.1,Outside Myanmar,myanmar_2025-06-05
12.1,101.2,Outside Myanmar,myanmar_2025-06-05
12.1,101.3,Outside Myanmar,myanmar_2025-06-05
12.1,101.4,Outside Myanmar,myanmar_2025-06-05
12.2,92.0,Outside Myanmar,myanmar_2025-06-05
12.2,92.1,Outside Myanmar,myanmar_2025-06-05
12.2,92.2,Outside Myanmar,myanmar_2025-06-05
12.2,92.3,Outside Myanmar,myanmar_2025-06-05
12.2,92.4,Outside Myanmar,myanmar_2025-06-05
12.2,92.5,Outside Myanmar,myanmar_2025-06-05
12.2,92.6,Outside Myanmar,myanmar_2025-06-05
12.2,92.7,Outside Myanmar,myanmar_2025-06-05
12.2,92.8,Outside Myanmar,myanmar_2025-06-05
12.2,92.9,Outside Myanmar,myanmar_2025-06-05
12.2,93.0,Outside Myanmar,myanmar_2025-06-05
12.2,93.1,Outside Myanmar,myanmar_2025-06-05
12.2,93.2,Outside Myanmar,myanmar_2025-06-05
12.2,93.3,Outside Myanmar,myanmar_2025-06-05
12.2,93.4,Outside Myanmar,myanmar_2025-06-05
12.2,93.5,Outside Myanmar,myanmar_2025-06-05
12.2,93.6,Outside Myanmar,myanmar_2025-06-05
12.2,93.7,Outside Myanmar,myanmar_2025-06-05
12.2,93.8,Outside Myanmar,myanmar_2025-06-05
12.2,93.9,Outside Myanmar,myanmar_2025-06-05
12.2,94.0,Outside Myanmar,myanmar_2025-06-05
12.2,94.1,Outside Myanmar,myanmar_2025-06-05
12.2,94.2,Outside Myanmar,myanmar_2025-06-05
12.2,94.3,Outside Myanmar,myanmar_2025-06-05
12.2,94.4,Outside Myanmar,myanmar_2025-06-05
12.2,94.5,Outside Myanmar,myanmar_2025-06-05
12.2,94.6,Outside Myanmar,myanmar_2025-06-05
12.2,94.7,Outside Myanmar,myanmar_2025-06-05
12.2,94.8,Outside Myanmar,myanmar_2025-06-05
12.2,94.9,Outside Myanmar,myanmar_2025-06-05
12.2,95.0,Outside Myanmar,myanmar_2025-06-05
12.2,95.1,Outside Myanmar,myanmar_2025-06-05
12.2,95.2,Outside Myanmar,myanmar_2025-06-05
12.2,95.3,Outside Myanmar,myanmar_2025-06-05
12.2,95.4,Outside Myanmar,myanmar_2025-06-05
12.2,95.5,Outside Myanmar,myanmar_2025-06-05
12.2,95.6,Outside Myanmar,myanmar_2025-06-05
12.2,95.7,Outside Myanmar,myanmar_2025-06-05
12.2,95.8,Outside Myanmar,myanmar_2025-06-05
12.2,95.9,Outside Myanmar,myanmar_2025-06-05
12.2,96.0,Outside Myanmar,myanmar_2025-06-05
12.2,96.1,Outside Myanmar,myanmar_2025-06-05
12.2,96.2,Outside Myanmar,myanmar_2025-06-05
12.2,96.3,Outside Myanmar,myanmar_2025-06-05
12.2,96.4,Outside Myanmar,myanmar_2025-06-05
12.2,96.5,Outside Myanmar,myanmar_2025-06-05
12.2,96.6,Outside Myanmar,myanmar_2025-06-05
12.2,96.7,Outside Myanmar,myanmar_2025-06-05
12.2,96.8,Outside Myanmar,myanmar_2025-06-05
12.2,96.9,Outside Myanmar,myanmar_2025-06-05
12.2,97.0,Outside Myanmar,myanmar_2025-06-05
12.2,97.1,Outside Myanmar,myanmar_2025-06-05
12.2,97.2,Outside Myanmar,myanmar_2025-06-05
12.2,97.3,Outside Myanmar,myanmar_2025-06-05
12.2,97.4,Outside Myanmar,myanmar_2025-06-05
12.2,97.5,Outside Myanmar,myanmar_2025-06-05
12.2,97.6,Outside Myanmar,myanmar_2025-06-05
12.2,97.7,Outside Myanmar,myanmar_2025-06-05
12.2,97.8,Outside Myanmar,myanmar_2025-06-05
12.2,97.9,Outside Myanmar,myanmar_2025-06-05
12.2,98.0,Outside Myanmar,myanmar_2025-06-05
12.2,98.1,Junta,myanmar_2025-06-05
12.2,98.2,Outside Myanmar,myanmar_2025-06-05
12.2,98.3,Outside Myanmar,myanmar_2025-06-05
12.2,98.4,PDF,myanmar_2025-06-05
12.2,98.5,PDF,myanmar_2025-06-05
12.2,98.6,PDF,myanmar_2025-06-05
12.2,98.7,PDF,myanmar_2025-06-05
12.2,98.8,Junta,myanmar_2025-06-05
12.2,98.9,Junta,myanmar_2025-06-05
12.2,99.0,Junta,myanmar_2025-06-05
12.2,99.1,Junta,myanmar_2025-06-05
12.2,99.2,PDF,myanmar_2025-06-05
12.2,99.3,PDF,myanmar_2025-06-05
12.2,99.4,PDF,myanmar_2025-06-05
12.2,99.5,PDF,myanmar_2025-06-05
12.2,99.6,Outside Myanmar,myanmar_2025-06-05
12.2,99.7,Outside Myanmar,myanmar_2025-06-05
12.2,99.8,Outside Myanmar,myanmar_2025-06-05
12.2,99.9,Outside Myanmar,myanmar_2025-06-05
12.2,100.0,Outside Myanmar,myanmar_2025-06-05
12.2,100.1,Outside Myanmar,myanmar_2025-06-05
12.2,100.2,Outside Myanmar,myanmar_2025-06-05
12.2,100.3,Outside Myanmar,myanmar_2025-06-05
12.2,100.4,Outside Myanmar,myanmar_2025-06-05
12.2,100.5,Outside Myanmar,myanmar_2025-06-05
12.2,100.6,Outside Myanmar,myanmar_2025-06-05
12.2,100.7,Outside Myanmar,myanmar_2025-06-05
12.2,100.8,Outside Myanmar,myanmar_2025-06-05
12.2,100.9,Outside Myanmar,myanmar_2025-06-05
12.2,101.0,Outside Myanmar,myanmar_2025-06-05
12.2,101.1,Outside Myanmar,myanmar_2025-06-05
12.2,101.2,Outside Myanmar,myanmar_2025-06-05
12.2,101.3,Outside Myanmar,myanmar_2025-06-05
12.2,101.4,Outside Myanmar,myanmar_2025-06-05
12.3,92.0,Outside Myanmar,myanmar_2025-06-05
12.3,92.1,Outside Myanmar,myanmar_2025-06-05
12.3,92.2,Outside Myanmar,myanmar_2025-06-05
12.3,92.3,Outside Myanmar,myanmar_2025-06-05
12.3,92.4,Outside Myanmar,myanmar_2025-06-05
12.3,92.5,Outside Myanmar,myanmar_2025-06-05
12.3,92.6,Outside Myanmar,myanmar_2025-06-05
12.3,92.7,Outside Myanmar,myanmar_2025-06-05
12.3,92.8,Outside Myanmar,myanmar_2025-06-05
12.3,92.9,Outside Myanmar,myanmar_2025-06-05
12.3,93.0,Outside Myanmar,myanmar_2025-06-05
12.3,93.1,Outside Myanmar,myanmar_2025-06-05
12.3,93.2,Outside Myanmar,myanmar_2025-06-05
12.3,93.3,Outside Myanmar,myanmar_2025-06-05
12.3,93.4,Outside Myanmar,myanmar_2025-06-05
12.3,93.5,Outside Myanmar,myanmar_2025-06-05
12.3,93.6,Outside Myanmar,myanmar_2025-06-05
12.3,93.7,Outside Myanmar,myanmar_2025-06-05
12.3,93.8,Outside Myanmar,myanmar_2025-06-05
12.3,93.9,Outside Myanmar,myanmar_2025-06-05
12.3,94.0,Outside Myanmar,myanmar_2025-06-05
12.3,94.1,Outside Myanmar,myanmar_2025-06-05
12.3,94.2,Outside Myanmar,myanmar_2025-06-05
12.3,94.3,Outside Myanmar,myanmar_2025-06-05
12.3,94.4,Outside Myanmar,myanmar_2025-06-05
12.3,94.5,Outside Myanmar,myanmar_2025-06-05
12.3,94.6,Outside Myanmar,myanmar_2025-06-05
12.3,94.7,Outside Myanmar,myanmar_2025-06-05
12.3,94.8,Outside Myanmar,myanmar_2025-06-05
12.3,94.9,Outside Myanmar,myanmar_2025-06-05
12.3,95.0,Outside Myanmar,myanmar_2025-06-05
12.3,95.1,Outside Myanmar,myanmar_2025-06-05
12.3,95.2,Outside Myanmar,myanmar_2025-06-05
12.3,95.3,Outside Myanmar,myanmar_2025-06-05
12.3,95.4,Outside Myanmar,myanmar_2025-06-05
12.3,95.5,Outside Myanmar,myanmar_2025-06-05
12.3,95.6,Outside Myanmar,myanmar_2025-06-05
12.3,95.7,Outside Myanmar,myanmar_2025-06-05
12.3,95.8,Outside Myanmar,myanmar_2025-06-05
12.3,95.9,Outside Myanmar,myanmar_2025-06-05
12.3,96.0,Outside Myanmar,myanmar_2025-06-05
12.3,96.1,Outside Myanmar,myanmar_2025-06-05
12.3,96.2,Outside Myanmar,myanmar_2025-06-05
12.3,96.3,Outside Myanmar,myanmar_2025-06-05
12.3,96.4,Outside Myanmar,myanmar_2025-06-05
12.3,96.5,Outside Myanmar,myanmar_2025-06-05
12.3,96.6,Outside Myanmar,myanmar_2025-06-05
12.3,96.7,Outside Myanmar,myanmar_2025-06-05
12.3,96.8,Outside Myanmar,myanmar_2025-06-05
12.3,96.9,Outside Myanmar,myanmar_2025-06-05
12.3,97.0,Outside Myanmar,myanmar_2025-06-05
12.3,97.1,Outside Myanmar,myanmar_2025-06-05
12.3,97.2,Outside Myanmar,myanmar_2025-06-05
12.3,97.3,Outside Myanmar,myanmar_2025-06-05
12.3,97.4,Outside Myanmar,myanmar_2025-06-05
12.3,97.5,Outside Myanmar,myanmar_2025-06-05
12.3,97.6,Outside Myanmar,myanmar_2025-06-05
12.3,97.7,Outside Myanmar,myanmar_2025-06-05
12.3,97.8,Outside Myanmar,myanmar_2025-06-05
12.3,97.9,Outside Myanmar,myanmar_2025-06-05
12.3,98.0,Junta,myanmar_2025-06-05
12.3,98.1,Outside Myanmar,myanmar_2025-06-05
12.3,98.2,Outside Myanmar,myanmar_2025-06-05
12.3,98.3,Outside Myanmar,myanmar_2025-06-05
12.3,98.4,Outside Myanmar,myanmar_2025-06-05
12.3,98.5,Outside Myanmar,myanmar_2025-06-05
12.3,98.6,Outside Myanmar,myanmar_2025-06-05
12.3,98.7,Junta,myanmar_2025-06-05
12.3,98.8,Junta,myanmar_2025-06-05
12.3,98.9,Junta,myanmar_2025-06-05
12.3,99.0,Junta,myanmar_2025-06-05
12.3,99.1,PDF,myanmar_2025-06-05
12.3,99.2,PDF,myanmar_2025-06-05
12.3,99.3,PDF,myanmar_2025-06-05
12.3,99.4,PDF,myanmar_2025-06-05
12.3,99.5,Outside Myanmar,myanmar_2025-06-05
12.3,99.6,Outside Myanmar,myanmar_2025-06-05
12.3,99.7,Outside Myanmar,myanmar_2025-06-05
12.3,99.8,Outside Myanmar,myanmar_2025-06-05
12.3,99.9,Outside Myanmar,myanmar_2025-06-05
12.3,100.0,Outside Myanmar,myanmar_2025-06-05
12.3,100.1,Outside Myanmar,myanmar_2025-06-05
12.3,100.2,Outside Myanmar,myanmar_2025-06-05
12.3,100.3,Outside Myanmar,myanmar_2025-06-05
12.3,100.4,Outside Myanmar,myanmar_2025-06-05
12.3,100.5,Outside Myanmar,myanmar_2025-06-05
12.3,100.6,Outside Myanmar,myanmar_2025-06-05
12.3,100.7,Outside Myanmar,myanmar_2025-06-05
12.3,100.8,Outside Myanmar,myanmar_2025-06-05
12.3,100.9,Outside Myanmar,myanmar_2025-06-05
12.3,101.0,Outside Myanmar,myanmar_2025-06-05
12.3,101.1,Outside Myanmar,myanmar_2025-06-05
12.3,101.2,Outside Myanmar,myanmar_2025-06-05
12.3,101.3,Outside Myanmar,myanmar_2025-06-05
12.3,101.4,Outside Myanmar,myanmar_2025-06-05
12.4,92.0,Outside Myanmar,myanmar_2025-06-05
12.4,92.1,Outside Myanmar,myanmar_2025-06-05
12.4,92.2,Outside Myanmar,myanmar_2025-06-05
12.4,92.3,Outside Myanmar,myanmar_2025-06-05
12.4,92.4,Outside Myanmar,myanmar_2025-06-05
12.4,92.5,Outside Myanmar,myanmar_2025-06-05
12.4,92.6,Outside Myanmar,myanmar_2025-06-05
12.4,92.7,Outside Myanmar,myanmar_2025-06-05
12.4,92.8,Outside Myanmar,myanmar_2025-06-05
12.4,92.9,Outside Myanmar,myanmar_2025-06-05
12.4,93.0,Outside Myanmar,myanmar_2025-06-05
12.4,93.1,Outside Myanmar,myanmar_2025-06-05
12.4,93.2,Outside Myanmar,myanmar_2025-06-05
12.4,93.3,Outside Myanmar,myanmar_2025-06-05
12.4,93.4,Outside Myanmar,myanmar_2025-06-05
12.4,93.5,Outside Myanmar,myanmar_2025-06-05
12.4,93.6,Outside Myanmar,myanmar_2025-06-05
12.4,93.7,Outside Myanmar,myanmar_2025-06-05
12.4,93.8,Outside Myanmar,myanmar_2025-06-05
12.4,93.9,Outside Myanmar,myanmar_2025-06-05
12.4,94.0,Outside Myanmar,myanmar_2025-06-05
12.4,94.1,Outside Myanmar,myanmar_2025-06-05
12.4,94.2,Outside Myanmar,myanmar_2025-06-05
12.4,94.3,Outside Myanmar,myanmar_2025-06-05
12.4,94.4,Outside Myanmar,myanmar_2025-06-05
12.4,94.5,Outside Myanmar,myanmar_2025-06-05
12.4,94.6,Outside Myanmar,myanmar_2025-06-05
12.4,94.7,Outside Myanmar,myanmar_2025-06-05
12.4,94.8,Outside Myanmar,myanmar_2025-06-05
12.4,94.9,Outside Myanmar,myanmar_2025-06-05
12.4,95.0,Outside Myanmar,myanmar_2025-06-05
12.4,95.1,Outside Myanmar,myanmar_2025-06-05
12.4,95.2,Outside Myanmar,myanmar_2025-06-05
12.4,95.3,Outside Myanmar,myanmar_2025-06-05
12.4,95.4,Outside Myanmar,myanmar_2025-06-05
12.4,95.5,Outside Myanmar,myanmar_2025-06-05
12.4,95.6,Outside Myanmar,myanmar_2025-06-05
12.4,95.7,Outside Myanmar,myanmar_2025-06-05
12.4,95.8,Outside Myanmar,myanmar_2025-06-05
12.4,95.9,Outside Myanmar,myanmar_2025-06-05
12.4,96.0,Outside Myanmar,myanmar_2025-06-05
12.4,96.1,Outside Myanmar,myanmar_2025-06-05
12.4,96.2,Outside Myanmar,myanmar_2025-06-05
12.4,96.3,Outside Myanmar,myanmar_2025-06-05
12.4,96.4,Outside Myanmar,myanmar_2025-06-05
12.4,96.5,Outside Myanmar,myanmar_2025-06-05
12.4,96.6,Outside Myanmar,myanmar_2025-06-05
12.4,96.7,Outside Myanmar,myanmar_2025-06-05
12.4,96.8,Outside Myanmar,myanmar_2025-06-05
12.4,96.9,Outside Myanmar,myanmar_2025-06-05
12.4,97.0,Outside Myanmar,myanmar_2025-06-05
12.4,97.1,Outside Myanmar,myanmar_2025-06-05
12.4,97.2,Outside Myanmar,myanmar_2025-06-05
12.4,97.3,Outside Myanmar,myanmar_2025-06-05
12.4,97.4,Outside Myanmar,myanmar_2025-06-05
12.4,97.5,Outside Myanmar,myanmar_2025-06-05
12.4,97.6,Outside Myanmar,myanmar_2025-06-05
12.4,97.7,Outside Myanmar,myanmar_2025-06-05
12.4,97.8,Outside Myanmar,myanmar_2025-06-05
12.4,97.9,Outside Myanmar,myanmar_2025-06-05
12.4,98.0,Outside Myanmar,myanmar_2025-06-05
12.4,98.1,Outside Myanmar,myanmar_2025-06-05
12.4,98.2,Outside Myanmar,myanmar_2025-06-05
12.4,98.3,Outside Myanmar,myanmar_2025-06-05
12.4,98.4,Junta,myanmar_2025-06-05
12.4,98.5,Outside Myanmar,myanmar_2025-06-05
12.4,98.6,Outside Myanmar,myanmar_2025-06-05
12.4,98.7,Junta,myanmar_2025-06-05
12.4,98.8,Junta,myanmar_2025-06-05
12.4,98.9,Junta,myanmar_2025-06-05
12.4,99.0,PDF,myanmar_2025-06-05
12.4,99.1,PDF,myanmar_2025-06-05
12.4,99.2,PDF,myanmar_2025-06-05
12.4,99.3,PDF,myanmar_2025-06-05
12.4,99.4,PDF,myanmar_2025-06-05
12.4,99.5,Outside Myanmar,myanmar_2025-06-05
12.4,99.6,Outside Myanmar,myanmar_2025-06-05
12.4,99.7,Outside Myanmar,myanmar_2025-06-05
12.4,99.8,Outside Myanmar,myanmar_2025-06-05
12.4,99.9,Outside Myanmar,myanmar_2025-06-05
12.4,100.0,Outside Myanmar,myanmar_2025-06-05
12.4,100.1,Outside Myanmar,myanmar_2025-06-05
12.4,100.2,Outside Myanmar,myanmar_2025-06-05
12.4,100.3,Outside Myanmar,myanmar_2025-06-05
12.4,100.4,Outside Myanmar,myanmar_2025-06-05
12.4,100.5,Outside Myanmar,myanmar_2025-06-05
12.4,100.6,Outside Myanmar,myanmar_2025-06-05
12.4,100.7,Outside Myanmar,myanmar_2025-06-05
12.4,100.8,Outside Myanmar,myanmar_2025-06-05
12.4,100.9,Outside Myanmar,myanmar_2025-06-05
12.4,101.0,Outside Myanmar,myanmar_2025-06-05
12.4,101.1,Outside Myanmar,myanmar_2025-06-05
12.4,101.2,Outside Myanmar,myanmar_2025-06-05
12.4,101.3,Outside Myanmar,myanmar_2025-06-05
12.4,101.4,Outside Myanmar,myanmar_2025-06-05
12.5,92.0,Outside Myanmar,myanmar_2025-06-05
12.5,92.1,Outside Myanmar,myanmar_2025-06-05
12.5,92.2,Outside Myanmar,myanmar_2025-06-05
12.5,92.3,Outside Myanmar,myanmar_2025-06-05
12.5,92.4,Outside Myanmar,myanmar_2025-06-05
12.5,92.5,Outside Myanmar,myanmar_2025-06-05
12.5,92.6,Outside Myanmar,myanmar_2025-06-05
12.5,92.7,Outside Myanmar,myanmar_2025-06-05
12.5,92.8,Outside Myanmar,myanmar_2025-06-05
12.5,92.9,Outside Myanmar,myanmar_2025-06-05
12.5,93.0,Outside Myanmar,myanmar_2025-06-05
12.5,93.1,Outside Myanmar,myanmar_2025-06-05
12.5,93.2,Outside Myanmar,myanmar_2025-06-05
12.5,93.3,Outside Myanmar,myanmar_2025-06-05
12.5,93.4,Outside Myanmar,myanmar_2025-06-05
12.5,93.5,Outside Myanmar,myanmar_2025-06-05
12.5,93.6,Outside Myanmar,myanmar_2025-06-05
12.5,93.7,Outside Myanmar,myanmar_2025-06-05
12.5,93.8,Outside Myanmar,myanmar_2025-06-05
12.5,93.9,Outside Myanmar,myanmar_2025-06-05
12.5,94.0,Outside Myanmar,myanmar_2025-06-05
12.5,94.1,Outside Myanmar,myanmar_2025-06-05
12.5,94.2,Outside Myanmar,myanmar_2025-06-05
12.5,94.3,Outside Myanmar,myanmar_2025-06-05
12.5,94.4,Outside Myanmar,myanmar_2025-06-05
12.5,94.5,Outside Myanmar,myanmar_2025-06-05
12.5,94.6,Outside Myanmar,myanmar_2025-06-05
12.5,94.7,Outside Myanmar,myanmar_2025-06-05
12.5,94.8,Outside Myanmar,myanmar_2025-06-05
12.5,94.9,Outside Myanmar,myanmar_2025-06-05
12.5,95.0,Outside Myanmar,myanmar_2025-06-05
12.5,95.1,Outside Myanmar,myanmar_2025-06-05
12.5,95.2,Outside Myanmar,myanmar_2025-06-05
12.5,95.3,Outside Myanmar,myanmar_2025-06-05
12.5,95.4,Outside Myanmar,myanmar_2025-06-05
12.5,95.5,Outside Myanmar,myanmar_2025-06-05
12.5,95.6,Outside Myanmar,myanmar_2025-06-05
12.5,95.7,Outside Myanmar,myanmar_2025-06-05
12.5,95.8,Outside Myanmar,myanmar_2025-06-05
12.5,95.9,Outside Myanmar,myanmar_2025-06-05
12.5,96.0,Outside Myanmar,myanmar_2025-06-05
12.5,96.1,Outside Myanmar,myanmar_2025-06-05
12.5,96.2,Outside Myanmar,myanmar_2025-06-05
12.5,96.3,Outside Myanmar,myanmar_2025-06-05
12.5,96.4,Outside Myanmar,myanmar_2025-06-05
12.5,96.5,Outside Myanmar,myanmar_2025-06-05
12.5,96.6,Outside Myanmar,myanmar_2025-06-05
12.5,96.7,Outside Myanmar,myanmar_2025-06-05
12.5,96.8,Outside Myanmar,myanmar_2025-06-05
12.5,96.9,Outside Myanmar,myanmar_2025-06-05
12.5,97.0,Outside Myanmar,myanmar_2025-06-05
12.5,97.1,Outside Myanmar,myanmar_2025-06-05
12.5,97.2,Outside Myanmar,myanmar_2025-06-05
12.5,97.3,Outside Myanmar,myanmar_2025-06-05
12.5,97.4,Outside Myanmar,myanmar_2025-06-05
12.5,97.5,Outside Myanmar,myanmar_2025-06-05
12.5,97.6,Outside Myanmar,myanmar_2025-06-05
12.5,97.7,Outside Myanmar,myanmar_2025-06-05
12.5,97.8,Outside Myanmar,myanmar_2025-06-05
12.5,97.9,Outside Myanmar,myanmar_2025-06-05
12.5,98.0,Outside Myanmar,myanmar_2025-06-05
12.5,98.1,Outside Myanmar,myanmar_2025-06-05
12.5,98.2,Outside Myanmar,myanmar_2025-06-05
12.5,98.3,Outside Myanmar,myanmar_2025-06-05
12.5,98.4,Junta,myanmar_2025-06-05
12.5,98.5,Outside Myanmar,myanmar_2025-06-05
12.5,98.6,Outside Myanmar,myanmar_2025-06-05
12.5,98.7,Junta,myanmar_2025-06-05
12.5,98.8,Junta,myanmar_2025-06-05
12.5,98.9,Junta,myanmar_2025-06-05
12.5,99.0,PDF,myanmar_2025-06-05
12.5,99.1,PDF,myanmar_2025-06-05
12.5,99.2,PDF,myanmar_2025-06-05
12.5,99.3,PDF,myanmar_2025-06-05
12.5,99.4,PDF,myanmar_2025-06-05
12.5,99.5,Outside Myanmar,myanmar_2025-06-05
12.5,99.6,Outside Myanmar,myanmar_2025-06-05
12.5,99.7,Outside Myanmar,myanmar_2025-06-05
12.5,99.8,Outside Myanmar,myanmar_2025-06-05
12.5,99.9,Outside Myanmar,myanmar_2025-06-05
12.5,100.0,Outside Myanmar,myanmar_2025-06-05
12.5,100.1,Outside Myanmar,myanmar_2025-06-05
12.5,100.2,Outside Myanmar,myanmar_2025-06-05
12.5,100.3,Outside Myanmar,myanmar_2025-06-05
12.5,100.4,Outside Myanmar,myanmar_2025-06-05
12.5,100.5,Outside Myanmar,myanmar_2025-06-05
12.5,100.6,Outside Myanmar,myanmar_2025-06-05
12.5,100.7,Outside Myanmar,myanmar_2025-06-05
12.5,100.8,Outside Myanmar,myanmar_2025-06-05
12.5,100.9,Outside Myanmar,myanmar_2025-06-05
12.5,101.0,Outside Myanmar,myanmar_2025-06-05
12.5,101.1,Outside Myanmar,myanmar_2025-06-05
12.5,101.2,Outside Myanmar,myanmar_2025-06-05
12.5,101.3,Outside Myanmar,myanmar_2025-06-05
12.5,101.4,Outside Myanmar,myanmar_2025-06-05
12.6,92.0,Outside Myanmar,myanmar_2025-06-05
12.6,92.1,Outside Myanmar,myanmar_2025-06-05
12.6,92.2,Outside Myanmar,myanmar_2025-06-05
12.6,92.3,Outside Myanmar,myanmar_2025-06-05
12.6,92.4,Outside Myanmar,myanmar_2025-06-05
12.6,92.5,Outside Myanmar,myanmar_2025-06-05
12.6,92.6,Outside Myanmar,myanmar_2025-06-05
12.6,92.7,Outside Myanmar,myanmar_2025-06-05
12.6,92.8,Outside Myanmar,myanmar_2025-06-05
12.6,92.9,Outside Myanmar,myanmar_2025-06-05
12.6,93.0,Outside Myanmar,myanmar_2025-06-05
12.6,93.1,Outside Myanmar,myanmar_2025-06-05
12.6,93.2,Outside Myanmar,myanmar_2025-06-05
12.6,93.3,Outside Myanmar,myanmar_2025-06-05
12.6,93.4,Outside Myanmar,myanmar_2025-06-05
12.6,93.5,Outside Myanmar,myanmar_2025-06-05
12.6,93.6,Outside Myanmar,myanmar_2025-06-05
12.6,93.7,Outside Myanmar,myanmar_2025-06-05
12.6,93.8,Outside Myanmar,myanmar_2025-06-05
12.6,93.9,Outside Myanmar,myanmar_2025-06-05
12.6,94.0,Outside Myanmar,myanmar_2025-06-05
12.6,94.1,Outside Myanmar,myanmar_2025-06-05
12.6,94.2,Outside Myanmar,myanmar_2025-06-05
12.6,94.3,Outside Myanmar,myanmar_2025-06-05
12.6,94.4,Outside Myanmar,myanmar_2025-06-05
12.6,94.5,Outside Myanmar,myanmar_2025-06-05
12.6,94.6,Outside Myanmar,myanmar_2025-06-05
12.6,94.7,Outside Myanmar,myanmar_2025-06-05
12.6,94.8,Outside Myanmar,myanmar_2025-06-05
12.6,94.9,Outside Myanmar,myanmar_2025-06-05
12.6,95.0,Outside Myanmar,myanmar_2025-06-05
12.6,95.1,Outside Myanmar,myanmar_2025-06-05
12.6,95.2,Outside Myanmar,myanmar_2025-06-05
12.6,95.3,Outside Myanmar,myanmar_2025-06-05
12.6,95.4,Outside Myanmar,myanmar_2025-06-05
12.6,95.5,Outside Myanmar,myanmar_2025-06-05
12.6,95.6,Outside Myanmar,myanmar_2025-06-05
12.6,95.7,Outside Myanmar,myanmar_2025-06-05
12.6,95.8,Outside Myanmar,myanmar_2025-06-05
12.6,95.9,Outside Myanmar,myanmar_2025-06-05
12.6,96.0,Outside Myanmar,myanmar_2025-06-05
12.6,96.1,Outside Myanmar,myanmar_2025-06-05
12.6,96.2,Outside Myanmar,myanmar_2025-06-05
12.6,96.3,Outside Myanmar,myanmar_2025-06-05
12.6,96.4,Outside Myanmar,myanmar_2025-06-05
12.6,96.5,Outside Myanmar,myanmar_2025-06-05
12.6,96.6,Outside Myanmar,myanmar_2025-06-05
12.6,96.7,Outside Myanmar,myanmar_2025-06-05
12.6,96.8,Outside Myanmar,myanmar_2025-06-05
12.6,96.9,Outside Myanmar,myanmar_2025-06-05
12.6,97.0,Outside Myanmar,myanmar_2025-06-05
12.6,97.1,Outside Myanmar,myanmar_2025-06-05
12.6,97.2,Outside Myanmar,myanmar_2025-06-05
12.6,97.3,Outside Myanmar,myanmar_2025-06-05
12.6,97.4,Outside Myanmar,myanmar_2025-06-05
12.6,97.5,Outside Myanmar,myanmar_2025-06-05
12.6,97.6,Outside Myanmar,myanmar_2025-06-05
12.6,97.7,Outside Myanmar,myanmar_2025-06-05
12.6,97.8,Outside Myanmar,myanmar_2025-06-05
12.6,97.9,Outside Myanmar,myanmar_2025-06-05
12.6,98.0,Outside Myanmar,myanmar_2025-06-05
12.6,98.1,Outside Myanmar,myanmar_2025-06-05
12.6,98.2,Outside Myanmar,myanmar_2025-06-05
12.6,98.3,Outside Myanmar,myanmar_2025-06-05
12.6,98.4,Junta,myanmar_2025-06-05
12.6,98.5,Outside Myanmar,myanmar_2025-06-05
12.6,98.6,Outside Myanmar,myanmar_2025-06-05
12.6,98.7,Junta,myanmar_2025-06-05
12.6,98.8,Junta,myanmar_2025-06-05
12.6,98.9,Junta,myanmar_2025-06-05
12.6,99.0,PDF,myanmar_2025-06-05
12.6,99.1,PDF,myanmar_2025-06-05
12.6,99.2,PDF,myanmar_2025-06-05
12.6,99.3,PDF,myanmar_2025-06-05
12.6,99.4,PDF,myanmar_2025-06-05
12.6,99.5,Outside Myanmar,myanmar_2025-06-05
12.6,99.6,Outside Myanmar,myanmar_2025-06-05
12.6,99.7,Outside Myanmar,myanmar_2025-06-05
12.6,99.8,Outside Myanmar,myanmar_2025-06-05
12.6,99.9,Outside Myanmar,myanmar_2025-06-05
12.6,100.0,Outside Myanmar,myanmar_2025-06-05
12.6,100.1,Outside Myanmar,myanmar_2025-06-05
12.6,100.2,Outside Myanmar,myanmar_2025-06-05
12.6,100.3,Outside Myanmar,myanmar_2025-06-05
12.6,100.4,Outside Myanmar,myanmar_2025-06-05
12.6,100.5,Outside Myanmar,myanmar_2025-06-05
12.6,100.6,Outside Myanmar,myanmar_2025-06-05
12.6,100.7,Outside Myanmar,myanmar_2025-06-05
12.6,100.8,Outside Myanmar,myanmar_2025-06-05
12.6,100.9,Outside Myanmar,myanmar_2025-06-05
12.6,101.0,Outside Myanmar,myanmar_2025-06-05
12.6,101.1,Outside Myanmar,myanmar_2025-06-05
12.6,101.2,Outside Myanmar,myanmar_2025-06-05
12.6,101.3,Outside Myanmar,myanmar_2025-06-05
12.6,101.4,Outside Myanmar,myanmar_2025-06-05
12.7,92.0,Outside Myanmar,myanmar_2025-06-05
12.7,92.1,Outside Myanmar,myanmar_2025-06-05
12.7,92.2,Outside Myanmar,myanmar_2025-06-05
12.7,92.3,Outside Myanmar,myanmar_2025-06-05
12.7,92.4,Outside Myanmar,myanmar_2025-06-05
12.7,92.5,Outside Myanmar,myanmar_2025-06-05
12.7,92.6,Outside Myanmar,myanmar_2025-06-05
12.7,92.7,Outside Myanmar,myanmar_2025-06-05
12.7,92.8,Outside Myanmar,myanmar_2025-06-05
12.7,92.9,Outside Myanmar,myanmar_2025-06-05
12.7,93.0,Outside Myanmar,myanmar_2025-06-05
12.7,93.1,Outside Myanmar,myanmar_2025-06-05
12.7,93.2,Outside Myanmar,myanmar_2025-06-05
12.7,93.3,Outside Myanmar,myanmar_2025-06-05
12.7,93.4,Outside Myanmar,myanmar_2025-06-05
12.7,93.5,Outside Myanmar,myanmar_2025-06-05
12.7,93.6,Outside Myanmar,myanmar_2025-06-05
12.7,93.7,Outside Myanmar,myanmar_2025-06-05
12.7,93.8,Outside Myanmar,myanmar_2025-06-05
12.7,93.9,Outside Myanmar,myanmar_2025-06-05
12.7,94.0,Outside Myanmar,myanmar_2025-06-05
12.7,94.1,Outside Myanmar,myanmar_2025-06-05
12.7,94.2,Outside Myanmar,myanmar_2025-06-05
12.7,94.3,Outside Myanmar,myanmar_2025-06-05
12.7,94.4,Outside Myanmar,myanmar_2025-06-05
12.7,94.5,Outside Myanmar,myanmar_2025-06-05
12.7,94.6,Outside Myanmar,myanmar_2025-06-05
12.7,94.7,Outside Myanmar,myanmar_2025-06-05
12.7,94.8,Outside Myanmar,myanmar_2025-06-05
12.7,94.9,Outside Myanmar,myanmar_2025-06-05
12.7,95.0,Outside Myanmar,myanmar_2025-06-05
12.7,95.1,Outside Myanmar,myanmar_2025-06-05
12.7,95.2,Outside Myanmar,myanmar_2025-06-05
12.7,95.3,Outside Myanmar,myanmar_2025-06-05
12.7,95.4,Outside Myanmar,myanmar_2025-06-05
12.7,95.5,Outside Myanmar,myanmar_2025-06-05
12.7,95.6,Outside Myanmar,myanmar_2025-06-05
12.7,95.7,Outside Myanmar,myanmar_2025-06-05
12.7,95.8,Outside Myanmar,myanmar_2025-06-05
12.7,95.9,Outside Myanmar,myanmar_2025-06-05
12.7,96.0,Outside Myanmar,myanmar_2025-06-05
12.7,96.1,Outside Myanmar,myanmar_2025-06-05
12.7,96.2,Outside Myanmar,myanmar_2025-06-05
12.7,96.3,Outside Myanmar,myanmar_2025-06-05
12.7,96.4,Outside Myanmar,myanmar_2025-06-05
12.7,96.5,Outside Myanmar,myanmar_2025-06-05
12.7,96.6,Outside Myanmar,myanmar_2025-06-05
12.7,96.7,Outside Myanmar,myanmar_2025-06-05
12.7,96.8,Outside Myanmar,myanmar_2025-06-05
12.7,96.9,Outside Myanmar,myanmar_2025-06-05
12.7,97.0,Outside Myanmar,myanmar_2025-06-05
12.7,97.1,Outside Myanmar,myanmar_2025-06-05
12.7,97.2,Outside Myanmar,myanmar_2025-06-05
12.7,97.3,Outside Myanmar,myanmar_2025-06-05
12.7,97.4,Outside Myanmar,myanmar_2025-06-05
12.7,97.5,Outside Myanmar,myanmar_2025-06-05
12.7,97.6,Outside Myanmar,myanmar_2025-06-05
12.7,97.7,Outside Myanmar,myanmar_2025-06-05
12.7,97.8,Outside Myanmar,myanmar_2025-06-05
12.7,97.9,Outside Myanmar,myanmar_2025-06-05
12.7,98.0,Outside Myanmar,myanmar_2025-06-05
12.7,98.1,Outside Myanmar,myanmar_2025-06-05
12.7,98.2,Outside Myanmar,myanmar_2025-06-05
12.7,98.3,Outside Myanmar,myanmar_2025-06-05
12.7,98.4,Outside Myanmar,myanmar_2025-06-05
12.7,98.5,Outside Myanmar,myanmar_2025-06-05
12.7,98.6,Outside Myanmar,myanmar_2025-06-05
12.7,98.7,Junta,myanmar_2025-06-05
12.7,98.8,Junta,myanmar_2025-06-05
12.7,98.9,Junta,myanmar_2025-06-05
12.7,99.0,PDF,myanmar_2025-06-05
12.7,99.1,PDF,myanmar_2025-06-05
12.7,99.2,PDF,myanmar_2025-06-05
12.7,99.3,PDF,myanmar_2025-06-05
12.7,99.4,PDF,myanmar_2025-06-05
12.7,99.5,Outside Myanmar,myanmar_2025-06-05
12.7,99.6,Outside Myanmar,myanmar_2025-06-05
12.7,99.7,Outside Myanmar,myanmar_2025-06-05
12.7,99.8,Outside Myanmar,myanmar_2025-06-05
12.7,99.9,Outside Myanmar,myanmar_2025-06-05
12.7,100.0,Outside Myanmar,myanmar_2025-06-05
12.7,100.1,Outside Myanmar,myanmar_2025-06-05
12.7,100.2,Outside Myanmar,myanmar_2025-06-05
12.7,100.3,Outside Myanmar,myanmar_2025-06-05
12.7,100.4,Outside Myanmar,myanmar_2025-06-05
12.7,100.5,Outside Myanmar,myanmar_2025-06-05
12.7,100.6,Outside Myanmar,myanmar_2025-06-05
12.7,100.7,Outside Myanmar,myanmar_2025-06-05
12.7,100.8,Outside Myanmar,myanmar_2025-06-05
12.7,100.9,Outside Myanmar,myanmar_2025-06-05
12.7,101.0,Outside Myanmar,myanmar_2025-06-05
12.7,101.1,Outside Myanmar,myanmar_2025-06-05
12.7,101.2,Outside Myanmar,myanmar_2025-06-05
12.7,101.3,Outside Myanmar,myanmar_2025-06-05
12.7,101.4,Outside Myanmar,myanmar_2025-06-05
12.8,92.0,Outside Myanmar,myanmar_2025-06-05
12.8,92.1,Outside Myanmar,myanmar_2025-06-05
12.8,92.2,Outside Myanmar,myanmar_2025-06-05
12.8,92.3,Outside Myanmar,myanmar_2025-06-05
12.8,92.4,Outside Myanmar,myanmar_2025-06-05
12.8,92.5,Outside Myanmar,myanmar_2025-06-05
12.8,92.6,Outside Myanmar,myanmar_2025-06-05
12.8,92.7,Outside Myanmar,myanmar_2025-06-05
12.8,92.8,Outside Myanmar,myanmar_2025-06-05
12.8,92.9,Outside Myanmar,myanmar_2025-06-05
12.8,93.0,Outside Myanmar,myanmar_2025-06-05
12.8,93.1,Outside Myanmar,myanmar_2025-06-05
12.8,93.2,Outside Myanmar,myanmar_2025-06-05
12.8,93.3,Outside Myanmar,myanmar_2025-06-05
12.8,93.4,Outside Myanmar,myanmar_2025-06-05
12.8,93.5,Outside Myanmar,myanmar_2025-06-05
12.8,93.6,Outside Myanmar,myanmar_2025-06-05
12.8,93.7,Outside Myanmar,myanmar_2025-06-05
12.8,93.8,Outside Myanmar,myanmar_2025-06-05
12.8,93.9,Outside Myanmar,myanmar_2025-06-05
12.8,94.0,Outside Myanmar,myanmar_2025-06-05
12.8,94.1,Outside Myanmar,myanmar_2025-06-05
12.8,94.2,Outside Myanmar,myanmar_2025-06-05
12.8,94.3,Outside Myanmar,myanmar_2025-06-05
12.8,94.4,Outside Myanmar,myanmar_2025-06-05
12.8,94.5,Outside Myanmar,myanmar_2025-06-05
12.8,94.6,Outside Myanmar,myanmar_2025-06-05
12.8,94.7,Outside Myanmar,myanmar_2025-06-05
12.8,94.8,Outside Myanmar,myanmar_2025-06-05
12.8,94.9,Outside Myanmar,myanmar_2025-06-05
12.8,95.0,Outside Myanmar,myanmar_2025-06-05
12.8,95.1,Outside Myanmar,myanmar_2025-06-05
12.8,95.2,Outside Myanmar,myanmar_2025-06-05
12.8,95.3,Outside Myanmar,myanmar_2025-06-05
12.8,95.4,Outside Myanmar,myanmar_2025-06-05
12.8,95.5,Outside Myanmar,myanmar_2025-06-05
12.8,95.6,Outside Myanmar,myanmar_2025-06-05
12.8,95.7,Outside Myanmar,myanmar_2025-06-05
12.8,95.8,Outside Myanmar,myanmar_2025-06-05
12.8,95.9,Outside Myanmar,myanmar_2025-06-05
12.8,96.0,Outside Myanmar,myanmar_2025-06-05
12.8,96.1,Outside Myanmar,myanmar_2025-06-05
12.8,96.2,Outside Myanmar,myanmar_2025-06-05
12.8,96.3,Outside Myanmar,myanmar_2025-06-05
12.8,96.4,Outside Myanmar,myanmar_2025-06-05
12.8,96.5,Outside Myanmar,myanmar_2025-06-05
12.8,96.6,Outside Myanmar,myanmar_2025-06-05
12.8,96.7,Outside Myanmar,myanmar_2025-06-05
12.8,96.8,Outside Myanmar,myanmar_2025-06-05
12.8,96.9,Outside Myanmar,myanmar_2025-06-05
12.8,97.0,Outside Myanmar,myanmar_2025-06-05
12.8,97.1,Outside Myanmar,myanmar_2025-06-05
12.8,97.2,Outside Myanmar,myanmar_2025-06-05
12.8,97.3,Outside Myanmar,myanmar_2025-06-05
12.8,97.4,Outside Myanmar,myanmar_2025-06-05
12.8,97.5,Outside Myanmar,myanmar_2025-06-05
12.8,97.6,Outside Myanmar,myanmar_2025-06-05
12.8,97.7,Outside Myanmar,myanmar_2025-06-05
12.8,97.8,Outside Myanmar,myanmar_2025-06-05
12.8,97.9,Outside Myanmar,myanmar_2025-06-05
12.8,98.0,Outside Myanmar,myanmar_2025-06-05
12.8,98.1,Outside Myanmar,myanmar_2025-06-05
12.8,98.2,Outside Myanmar,myanmar_2025-06-05
12.8,98.3,Outside Myanmar,myanmar_2025-06-05
12.8,98.4,Outside Myanmar,myanmar_2025-06-05
12.8,98.5,Outside Myanmar,myanmar_2025-06-05
12.8,98.6,Outside Myanmar,myanmar_2025-06-05
12.8,98.7,Junta,myanmar_2025-06-05
12.8,98.8,Junta,myanmar_2025-06-05
12.8,98.9,Junta,myanmar_2025-06-05
12.8,99.0,PDF,myanmar_2025-06-05
12.8,99.1,PDF,myanmar_2025-06-05
12.8,99.2,PDF,myanmar_2025-06-05
12.8,99.3,PDF,myanmar_2025-06-05
12.8,99.4,Outside Myanmar,myanmar_2025-06-05
12.8,99.5,Outside Myanmar,myanmar_2025-06-05
12.8,99.6,Outside Myanmar,myanmar_2025-06-05
12.8,99.7,Outside Myanmar,myanmar_2025-06-05
12.8,99.8,Outside Myanmar,myanmar_2025-06-05
12.8,99.9,Outside Myanmar,myanmar_2025-06-05
12.8,100.0,Outside Myanmar,myanmar_2025-06-05
12.8,100.1,Outside Myanmar,myanmar_2025-06-05
12.8,100.2,Outside Myanmar,myanmar_2025-06-05
12.8,100.3,Outside Myanmar,myanmar_2025-06-05
12.8,100.4,Outside Myanmar,myanmar_2025-06-05
12.8,100.5,Outside Myanmar,myanmar_2025-06-05
12.8,100.6,Outside Myanmar,myanmar_2025-06-05
12.8,100.7,Outside Myanmar,myanmar_2025-06-05
12.8,100.8,Outside Myanmar,myanmar_2025-06-05
12.8,100.9,Outside Myanmar,myanmar_2025-06-05
12.8,101.0,Outside Myanmar,myanmar_2025-06-05
12.8,101.1,Outside Myanmar,myanmar_2025-06-05
12.8,101.2,Outside Myanmar,myanmar_2025-06-05
12.8,101.3,Outside Myanmar,myanmar_2025-06-05
12.8,101.4,Outside Myanmar,myanmar_2025-06-05
12.9,92.0,Outside Myanmar,myanmar_2025-06-05
12.9,92.1,Outside Myanmar,myanmar_2025-06-05
12.9,92.2,Outside Myanmar,myanmar_2025-06-05
12.9,92.3,Outside Myanmar,myanmar_2025-06-05
12.9,92.4,Outside Myanmar,myanmar_2025-06-05
12.9,92.5,Outside Myanmar,myanmar_2025-06-05
12.9,92.6,Outside Myanmar,myanmar_2025-06-05
12.9,92.7,Outside Myanmar,myanmar_2025-06-05
12.9,92.8,Outside Myanmar,myanmar_2025-06-05
12.9,92.9,Outside Myanmar,myanmar_2025-06-05
12.9,93.0,Outside Myanmar,myanmar_2025-06-05
12.9,93.1,Outside Myanmar,myanmar_2025-06-05
12.9,93.2,Outside Myanmar,myanmar_2025-06-05
12.9,93.3,Outside Myanmar,myanmar_2025-06-05
12.9,93.4,Outside Myanmar,myanmar_2025-06-05
12.9,93.5,Outside Myanmar,myanmar_2025-06-05
12.9,93.6,Outside Myanmar,myanmar_2025-06-05
12.9,93.7,Outside Myanmar,myanmar_2025-06-05
12.9,93.8,Outside Myanmar,myanmar_2025-06-05
12.9,93.9,Outside Myanmar,myanmar_2025-06-05
12.9,94.0,Outside Myanmar,myanmar_2025-06-05
12.9,94.1,Outside Myanmar,myanmar_2025-06-05
12.9,94.2,Outside Myanmar,myanmar_2025-06-05
12.9,94.3,Outside Myanmar,myanmar_2025-06-05
12.9,94.4,Outside Myanmar,myanmar_2025-06-05
12.9,94.5,Outside Myanmar,myanmar_2025-06-05
12.9,94.6,Outside Myanmar,myanmar_2025-06-05
12.9,94.7,Outside Myanmar,myanmar_2025-06-05
12.9,94.8,Outside Myanmar,myanmar_2025-06-05
12.9,94.9,Outside Myanmar,myanmar_2025-06-05
12.9,95.0,Outside Myanmar,myanmar_2025-06-05
12.9,95.1,Outside Myanmar,myanmar_2025-06-05
12.9,95.2,Outside Myanmar,myanmar_2025-06-05
12.9,95.3,Outside Myanmar,myanmar_2025-06-05
12.9,95.4,Outside Myanmar,myanmar_2025-06-05
12.9,95.5,Outside Myanmar,myanmar_2025-06-05
12.9,95.6,Outside Myanmar,myanmar_2025-06-05
12.9,95.7,Outside Myanmar,myanmar_2025-06-05
12.9,95.8,Outside Myanmar,myanmar_2025-06-05
12.9,95.9,Outside Myanmar,myanmar_2025-06-05
12.9,96.0,Outside Myanmar,myanmar_2025-06-05
12.9,96.1,Outside Myanmar,myanmar_2025-06-05
12.9,96.2,Outside Myanmar,myanmar_2025-06-05
12.9,96.3,Outside Myanmar,myanmar_2025-06-05
12.9,96.4,Outside Myanmar,myanmar_2025-06-05
12.9,96.5,Outside Myanmar,myanmar_2025-06-05
12.9,96.6,Outside Myanmar,myanmar_2025-06-05
12.9,96.7,Outside Myanmar,myanmar_2025-06-05
12.9,96.8,Outside Myanmar,myanmar_2025-06-05
12.9,96.9,Outside Myanmar,myanmar_2025-06-05
12.9,97.0,Outside Myanmar,myanmar_2025-06-05
12.9,97.1,Outside Myanmar,myanmar_2025-06-05
12.9,97.2,Outside Myanmar,myanmar_2025-06-05
12.9,97.3,Outside Myanmar,myanmar_2025-06-05
12.9,97.4,Outside Myanmar,myanmar_2025-06-05
12.9,97.5,Outside Myanmar,myanmar_2025-06-05
12.9,97.6,Outside Myanmar,myanmar_2025-06-05
12.9,97.7,Outside Myanmar,myanmar_2025-06-05
12.9,97.8,Outside Myanmar,myanmar_2025-06-05
12.9,97.9,Outside Myanmar,myanmar_2025-06-05
12.9,98.0,Outside Myanmar,myanmar_2025-06-05
12.9,98.1,Outside Myanmar,myanmar_2025-06-05
12.9,98.2,Outside Myanmar,myanmar_2025-06-05
12.9,98.3,Outside Myanmar,myanmar_2025-06-05
12.9,98.4,Outside Myanmar,myanmar_2025-06-05
12.9,98.5,Outside Myanmar,myanmar_2025-06-05
12.9,98.6,Outside Myanmar,myanmar_2025-06-05
12.9,98.7,Junta,myanmar_2025-06-05
12.9,98.8,Junta,myanmar_2025-06-05
12.9,98.9,Junta,myanmar_2025-06-05
12.9,99.0,PDF,myanmar_2025-06-05
12.9,99.1,PDF,myanmar_2025-06-05
12.9,99.2,PDF,myanmar_2025-06-05
12.9,99.3,Outside Myanmar,myanmar_2025-06-05
12.9,99.4,Outside Myanmar,myanmar_2025-06-05
12.9,99.5,Outside Myanmar,myanmar_2025-06-05
12.9,99.6,Outside Myanmar,myanmar_2025-06-05
12.9,99.7,Outside Myanmar,myanmar_2025-06-05
12.9,99.8,Outside Myanmar,myanmar_2025-06-05
12.9,99.9,Outside Myanmar,myanmar_2025-06-05
12.9,100.0,Outside Myanmar,myanmar_2025-06-05
12.9,100.1,Outside Myanmar,myanmar_2025-06-05
12.9,100.2,Outside Myanmar,myanmar_2025-06-05
12.9,100.3,Outside Myanmar,myanmar_2025-06-05
12.9,100.4,Outside Myanmar,myanmar_2025-06-05
12.9,100.5,Outside Myanmar,myanmar_2025-06-05
12.9,100.6,Outside Myanmar,myanmar_2025-06-05
12.9,100.7,Outside Myanmar,myanmar_2025-06-05
12.9,100.8,Outside Myanmar,myanmar_2025-06-05
12.9,100.9,Outside Myanmar,myanmar_2025-06-05
12.9,101.0,Outside Myanmar,myanmar_2025-06-05
12.9,101.1,Outside Myanmar,myanmar_2025-06-05
12.9,101.2,Outside Myanmar,myanmar_2025-06-05
12.9,101.3,Outside Myanmar,myanmar_2025-06-05
12.9,101.4,Outside Myanmar,myanmar_2025-06-05
13.0,92.0,Outside Myanmar,myanmar_2025-06-05
13.0,92.1,Outside Myanmar,myanmar_2025-06-05
13.0,92.2,Outside Myanmar,myanmar_2025-06-05
13.0,92.3,Outside Myanmar,myanmar_2025-06-05
13.0,92.4,Outside Myanmar,myanmar_2025-06-05
13.0,92.5,Outside Myanmar,myanmar_2025-06-05
13.0,92.6,Outside Myanmar,myanmar_2025-06-05
13.0,92.7,Outside Myanmar,myanmar_2025-06-05
13.0,92.8,Outside Myanmar,myanmar_2025-06-05
13.0,92.9,Outside Myanmar,myanmar_2025-06-05
13.0,93.0,Outside Myanmar,myanmar_2025-06-05
13.0,93.1,Outside Myanmar,myanmar_2025-06-05
13.0,93.2,Outside Myanmar,myanmar_2025-06-05
13.0,93.3,Outside Myanmar,myanmar_2025-06-05
13.0,93.4,Outside Myanmar,myanmar_2025-06-05
13.0,93.5,Outside Myanmar,myanmar_2025-06-05
13.0,93.6,Outside Myanmar,myanmar_2025-06-05
13.0,93.7,Outside Myanmar,myanmar_2025-06-05
13.0,93.8,Outside Myanmar,myanmar_2025-06-05
13.0,93.9,Outside Myanmar,myanmar_2025-06-05
13.0,94.0,Outside Myanmar,myanmar_2025-06-05
13.0,94.1,Outside Myanmar,myanmar_2025-06-05
13.0,94.2,Outside Myanmar,myanmar_2025-06-05
13.0,94.3,Outside Myanmar,myanmar_2025-06-05
13.0,94.4,Outside Myanmar,myanmar_2025-06-05
13.0,94.5,Outside Myanmar,myanmar_2025-06-05
13.0,94.6,Outside Myanmar,myanmar_2025-06-05
13.0,94.7,Outside Myanmar,myanmar_2025-06-05
13.0,94.8,Outside Myanmar,myanmar_2025-06-05
13.0,94.9,Outside Myanmar,myanmar_2025-06-05
13.0,95.0,Outside Myanmar,myanmar_2025-06-05
13.0,95.1,Outside Myanmar,myanmar_2025-06-05
13.0,95.2,Outside Myanmar,myanmar_2025-06-05
13.0,95.3,Outside Myanmar,myanmar_2025-06-05
13.0,95.4,Outside Myanmar,myanmar_2025-06-05
13.0,95.5,Outside Myanmar,myanmar_2025-06-05
13.0,95.6,Outside Myanmar,myanmar_2025-06-05
13.0,95.7,Outside Myanmar,myanmar_2025-06-05
13.0,95.8,Outside Myanmar,myanmar_2025-06-05
13.0,95.9,Outside Myanmar,myanmar_2025-06-05
13.0,96.0,Outside Myanmar,myanmar_2025-06-05
13.0,96.1,Outside Myanmar,myanmar_2025-06-05
13.0,96.2,Outside Myanmar,myanmar_2025-06-05
13.0,96.3,Outside Myanmar,myanmar_2025-06-05
13.0,96.4,Outside Myanmar,myanmar_2025-06-05
13.0,96.5,Outside Myanmar,myanmar_2025-06-05
13.0,96.6,Outside Myanmar,myanmar_2025-06-05
13.0,96.7,Outside Myanmar,myanmar_2025-06-05
13.0,96.8,Outside Myanmar,myanmar_2025-06-05
13.0,96.9,Outside Myanmar,myanmar_2025-06-05
13.0,97.0,Outside Myanmar,myanmar_2025-06-05
13.0,97.1,Outside Myanmar,myanmar_2025-06-05
13.0,97.2,Outside Myanmar,myanmar_2025-06-05
13.0,97.3,Outside Myanmar,myanmar_2025-06-05
13.0,97.4,Outside Myanmar,myanmar_2025-06-05
13.0,97.5,Outside Myanmar,myanmar_2025-06-05
13.0,97.6,Outside Myanmar,myanmar_2025-06-05
13.0,97.7,Outside Myanmar,myanmar_2025-06-05
13.0,97.8,Outside Myanmar,myanmar_2025-06-05
13.0,97.9,Outside Myanmar,myanmar_2025-06-05
13.0,98.0,Outside Myanmar,myanmar_2025-06-05
13.0,98.1,Outside Myanmar,myanmar_2025-06-05
13.0,98.2,Outside Myanmar,myanmar_2025-06-05
13.0,98.3,Junta,myanmar_2025-06-05
13.0,98.4,Outside Myanmar,myanmar_2025-06-05
13.0,98.5,Outside Myanmar,myanmar_2025-06-05
13.0,98.6,Junta,myanmar_2025-06-05
13.0,98.7,Junta,myanmar_2025-06-05
13.0,98.8,Junta,myanmar_2025-06-05
13.0,98.9,Junta,myanmar_2025-06-05
13.0,99.0,PDF,myanmar_2025-06-05
13.0,99.1,PDF,myanmar_2025-06-05
13.0,99.2,Outside Myanmar,myanmar_2025-06-05
13.0,99.3,Outside Myanmar,myanmar_2025-06-05
13.0,99.4,Outside Myanmar,myanmar_2025-06-05
13.0,99.5,Outside Myanmar,myanmar_2025-06-05
13.0,99.6,Outside Myanmar,myanmar_2025-06-05
13.0,99.7,Outside Myanmar,myanmar_2025-06-05
13.0,99.8,Outside Myanmar,myanmar_2025-06-05
13.0,99.9,Outside Myanmar,myanmar_2025-06-05
13.0,100.0,Outside Myanmar,myanmar_2025-06-05
13.0,100.1,Outside Myanmar,myanmar_2025-06-05
13.0,100.2,Outside Myanmar,myanmar_2025-06-05
13.0,100.3,Outside Myanmar,myanmar_2025-06-05
13.0,100.4,Outside Myanmar,myanmar_2025-06-05
13.0,100.5,Outside Myanmar,myanmar_2025-06-05
13.0,100.6,Outside Myanmar,myanmar_2025-06-05
13.0,100.7,Outside Myanmar,myanmar_2025-06-05
13.0,100.8,Outside Myanmar,myanmar_2025-06-05
13.0,100.9,Outside Myanmar,myanmar_2025-06-05
13.0,101.0,Outside Myanmar,myanmar_2025-06-05
13.0,101.1,Outside Myanmar,myanmar_2025-06-05
13.0,101.2,Outside Myanmar,myanmar_2025-06-05
13.0,101.3,Outside Myanmar,myanmar_2025-06-05
13.0,101.4,Outside Myanmar,myanmar_2025-06-05
13.1,92.0,Outside Myanmar,myanmar_2025-06-05
13.1,92.1,Outside Myanmar,myanmar_2025-06-05
13.1,92.2,Outside Myanmar,myanmar_2025-06-05
13.1,92.3,Outside Myanmar,myanmar_2025-06-05
13.1,92.4,Outside Myanmar,myanmar_2025-06-05
13.1,92.5,Outside Myanmar,myanmar_2025-06-05
13.1,92.6,Outside Myanmar,myanmar_2025-06-05
13.1,92.7,Outside Myanmar,myanmar_2025-06-05
13.1,92.8,Outside Myanmar,myanmar_2025-06-05
13.1,92.9,Outside Myanmar,myanmar_2025-06-05
13.1,93.0,Outside Myanmar,myanmar_2025-06-05
13.1,93.1,Outside Myanmar,myanmar_2025-06-05
13.1,93.2,Outside Myanmar,myanmar_2025-06-05
13.1,93.3,Outside Myanmar,myanmar_2025-06-05
13.1,93.4,Outside Myanmar,myanmar_2025-06-05
13.1,93.5,Outside Myanmar,myanmar_2025-06-05
13.1,93.6,Outside Myanmar,myanmar_2025-06-05
13.1,93.7,Outside Myanmar,myanmar_2025-06-05
13.1,93.8,Outside Myanmar,myanmar_2025-06-05
13.1,93.9,Outside Myanmar,myanmar_2025-06-05
13.1,94.0,Outside Myanmar,myanmar_2025-06-05
13.1,94.1,Outside Myanmar,myanmar_2025-06-05
13.1,94.2,Outside Myanmar,myanmar_2025-06-05
13.1,94.3,Outside Myanmar,myanmar_2025-06-05
13.1,94.4,Outside Myanmar,myanmar_2025-06-05
13.1,94.5,Outside Myanmar,myanmar_2025-06-05
13.1,94.6,Outside Myanmar,myanmar_2025-06-05
13.1,94.7,Outside Myanmar,myanmar_2025-06-05
13.1,94.8,Outside Myanmar,myanmar_2025-06-05
13.1,94.9,Outside Myanmar,myanmar_2025-06-05
13.1,95.0,Outside Myanmar,myanmar_2025-06-05
13.1,95.1,Outside Myanmar,myanmar_2025-06-05
13.1,95.2,Outside Myanmar,myanmar_2025-06-05
13.1,95.3,Outside Myanmar,myanmar_2025-06-05
13.1,95.4,Outside Myanmar,myanmar_2025-06-05
13.1,95.5,Outside Myanmar,myanmar_2025-06-05
13.1,95.6,Outside Myanmar,myanmar_2025-06-05
13.1,95.7,Outside Myanmar,myanmar_2025-06-05
13.1,95.8,Outside Myanmar,myanmar_2025-06-05
13.1,95.9,Outside Myanmar,myanmar_2025-06-05
13.1,96.0,Outside Myanmar,myanmar_2025-06-05
13.1,96.1,Outside Myanmar,myanmar_2025-06-05
13.1,96.2,Outside Myanmar,myanmar_2025-06-05
13.1,96.3,Outside Myanmar,myanmar_2025-06-05
13.1,96.4,Outside Myanmar,myanmar_2025-06-05
13.1,96.5,Outside Myanmar,myanmar_2025-06-05
13.1,96.6,Outside Myanmar,myanmar_2025-06-05
13.1,96.7,Outside Myanmar,myanmar_2025-06-05
13.1,96.8,Outside Myanmar,myanmar_2025-06-05
13.1,96.9,Outside Myanmar,myanmar_2025-06-05
13.1,97.0,Outside Myanmar,myanmar_2025-06-05
13.1,97.1,Outside Myanmar,myanmar_2025-06-05
13.1,97.2,Outside Myanmar,myanmar_2025-06-05
13.1,97.3,Outside Myanmar,myanmar_2025-06-05
13.1,97.4,Outside Myanmar,myanmar_2025-06-05
13.1,97.5,Outside Myanmar,myanmar_2025-06-05
13.1,97.6,Outside Myanmar,myanmar_2025-06-05
13.1,97.7,Outside Myanmar,myanmar_2025-06-05
13.1,97.8,Outside Myanmar,myanmar_2025-06-05
13.1,97.9,Outside Myanmar,myanmar_2025-06-05
13.1,98.0,Outside Myanmar,myanmar_2025-06-05
13.1,98.1,Outside Myanmar,myanmar_2025-06-05
13.1,98.2,Outside Myanmar,myanmar_2025-06-05
13.1,98.3,Junta,myanmar_2025-06-05
13.1,98.4,Outside Myanmar,myanmar_2025-06-05
13.1,98.5,Outside Myanmar,myanmar_2025-06-05
13.1,98.6,Junta,myanmar_2025-06-05
13.1,98.7,Junta,myanmar_2025-06-05
13.1,98.8,Junta,myanmar_2025-06-05
13.1,98.9,Junta,myanmar_2025-06-05
13.1,99.0,PDF,myanmar_2025-06-05
13.1,99.1,PDF,myanmar_2025-06-05
13.1,99.2,Outside Myanmar,myanmar_2025-06-05
13.1,99.3,Outside Myanmar,myanmar_2025-06-05
13.1,99.4,Outside Myanmar,myanmar_2025-06-05
13.1,99.5,Outside Myanmar,myanmar_2025-06-05
13.1,99.6,Outside Myanmar,myanmar_2025-06-05
13.1,99.7,Outside Myanmar,myanmar_2025-06-05
13.1,99.8,Outside Myanmar,myanmar_2025-06-05
13.1,99.9,Outside Myanmar,myanmar_2025-06-05
13.1,100.0,Outside Myanmar,myanmar_2025-06-05
13.1,100.1,Outside Myanmar,myanmar_2025-06-05
13.1,100.2,Outside Myanmar,myanmar_2025-06-05
13.1,100.3,Outside Myanmar,myanmar_2025-06-05
13.1,100.4,Outside Myanmar,myanmar_2025-06-05
13.1,100.5,Outside Myanmar,myanmar_2025-06-05
13.1,100.6,Outside Myanmar,myanmar_2025-06-05
13.1,100.7,Outside Myanmar,myanmar_2025-06-05
13.1,100.8,Outside Myanmar,myanmar_2025-06-05
13.1,100.9,Outside Myanmar,myanmar_2025-06-05
13.1,101.0,Outside Myanmar,myanmar_2025-06-05
13.1,101.1,Outside Myanmar,myanmar_2025-06-05
13.1,101.2,Outside Myanmar,myanmar_2025-06-05
13.1,101.3,Outside Myanmar,myanmar_2025-06-05
13.1,101.4,Outside Myanmar,myanmar_2025-06-05
13.2,92.0,Outside Myanmar,myanmar_2025-06-05
13.2,92.1,Outside Myanmar,myanmar_2025-06-05
13.2,92.2,Outside Myanmar,myanmar_2025-06-05
13.2,92.3,Outside Myanmar,myanmar_2025-06-05
13.2,92.4,Outside Myanmar,myanmar_2025-06-05
13.2,92.5,Outside Myanmar,myanmar_2025-06-05
13.2,92.6,Outside Myanmar,myanmar_2025-06-05
13.2,92.7,Outside Myanmar,myanmar_2025-06-05
13.2,92.8,Outside Myanmar,myanmar_2025-06-05
13.2,92.9,Outside Myanmar,myanmar_2025-06-05
13.2,93.0,Outside Myanmar,myanmar_2025-06-05
13.2,93.1,Outside Myanmar,myanmar_2025-06-05
13.2,93.2,Outside Myanmar,myanmar_2025-06-05
13.2,93.3,Outside Myanmar,myanmar_2025-06-05
13.2,93.4,Outside Myanmar,myanmar_2025-06-05
13.2,93.5,Outside Myanmar,myanmar_2025-06-05
13.2,93.6,Outside Myanmar,myanmar_2025-06-05
13.2,93.7,Outside Myanmar,myanmar_2025-06-05
13.2,93.8,Outside Myanmar,myanmar_2025-06-05
13.2,93.9,Outside Myanmar,myanmar_2025-06-05
13.2,94.0,Outside Myanmar,myanmar_2025-06-05
13.2,94.1,Outside Myanmar,myanmar_2025-06-05
13.2,94.2,Outside Myanmar,myanmar_2025-06-05
13.2,94.3,Outside Myanmar,myanmar_2025-06-05
13.2,94.4,Outside Myanmar,myanmar_2025-06-05
13.2,94.5,Outside Myanmar,myanmar_2025-06-05
13.2,94.6,Outside Myanmar,myanmar_2025-06-05
13.2,94.7,Outside Myanmar,myanmar_2025-06-05
13.2,94.8,Outside Myanmar,myanmar_2025-06-05
13.2,94.9,Outside Myanmar,myanmar_2025-06-05
13.2,95.0,Outside Myanmar,myanmar_2025-06-05
13.2,95.1,Outside Myanmar,myanmar_2025-06-05
13.2,95.2,Outside Myanmar,myanmar_2025-06-05
13.2,95.3,Outside Myanmar,myanmar_2025-06-05
13.2,95.4,Outside Myanmar,myanmar_2025-06-05
13.2,95.5,Outside Myanmar,myanmar_2025-06-05
13.2,95.6,Outside Myanmar,myanmar_2025-06-05
13.2,95.7,Outside Myanmar,myanmar_2025-06-05
13.2,95.8,Outside Myanmar,myanmar_2025-06-05
13.2,95.9,Outside Myanmar,myanmar_2025-06-05
13.2,96.0,Outside Myanmar,myanmar_2025-06-05
13.2,96.1,Outside Myanmar,myanmar_2025-06-05
13.2,96.2,Outside Myanmar,myanmar_2025-06-05
13.2,96.3,Outside Myanmar,myanmar_2025-06-05
13.2,96.4,Outside Myanmar,myanmar_2025-06-05
13.2,96.5,Outside Myanmar,myanmar_2025-06-05
13.2,96.6,Outside Myanmar,myanmar_2025-06-05
13.2,96.7,Outside Myanmar,myanmar_2025-06-05
13.2,96.8,Outside Myanmar,myanmar_2025-06-05
13.2,96.9,Outside Myanmar,myanmar_2025-06-05
13.2,97.0,Outside Myanmar,myanmar_2025-06-05
13.2,97.1,Outside Myanmar,myanmar_2025-06-05
13.2,97.2,Outside Myanmar,myanmar_2025-06-05
13.2,97.3,Outside Myanmar,myanmar_2025-06-05
13.2,97.4,Outside Myanmar,myanmar_2025-06-05
13.2,97.5,Outside Myanmar,myanmar_2025-06-05
13.2,97.6,Outside Myanmar,myanmar_2025-06-05
13.2,97.7,Outside Myanmar,myanmar_2025-06-05
13.2,97.8,Outside Myanmar,myanmar_2025-06-05
13.2,97.9,Outside Myanmar,myanmar_2025-06-05
13.2,98.0,Outside Myanmar,myanmar_2025-06-05
13.2,98.1,Outside Myanmar,myanmar_2025-06-05
13.2,98.2,Outside Myanmar,myanmar_2025-06-05
13.2,98.3,Outside Myanmar,myanmar_2025-06-05
13.2,98.4,Outside Myanmar,myanmar_2025-06-05
13.2,98.5,Outside Myanmar,myanmar_2025-06-05
13.2,98.6,Junta,myanmar_2025-06-05
13.2,98.7,Junta,myanmar_2025-06-05
13.2,98.8,PDF,myanmar_2025-06-05
13.2,98.9,PDF,myanmar_2025-06-05
13.2,99.0,PDF,myanmar_2025-06-05
13.2,99.1,PDF,myanmar_2025-06-05
13.2,99.2,Outside Myanmar,myanmar_2025-06-05
13.2,99.3,Outside Myanmar,myanmar_2025-06-05
13.2,99.4,Outside Myanmar,myanmar_2025-06-05
13.2,99.5,Outside Myanmar,myanmar_2025-06-05
13.2,99.6,Outside Myanmar,myanmar_2025-06-05
13.2,99.7,Outside Myanmar,myanmar_2025-06-05
13.2,99.8,Outside Myanmar,myanmar_2025-06-05
13.2,99.9,Outside Myanmar,myanmar_2025-06-05
13.2,100.0,Outside Myanmar,myanmar_2025-06-05
13.2,100.1,Outside Myanmar,myanmar_2025-06-05
13.2,100.2,Outside Myanmar,myanmar_2025-06-05
13.2,100.3,Outside Myanmar,myanmar_2025-06-05
13.2,100.4,Outside Myanmar,myanmar_2025-06-05
13.2,100.5,Outside Myanmar,myanmar_2025-06-05
13.2,100.6,Outside Myanmar,myanmar_2025-06-05
13.2,100.7,Outside Myanmar,myanmar_2025-06-05
13.2,100.8,Outside Myanmar,myanmar_2025-06-05
13.2,100.9,Outside Myanmar,myanmar_2025-06-05
13.2,101.0,Outside Myanmar,myanmar_2025-06-05
13.2,101.1,Outside Myanmar,myanmar_2025-06-05
13.2,101.2,Outside Myanmar,myanmar_2025-06-05
13.2,101.3,Outside Myanmar,myanmar_2025-06-05
13.2,101.4,Outside Myanmar,myanmar_2025-06-05
13.3,92.0,Outside Myanmar,myanmar_2025-06-05
13.3,92.1,Outside Myanmar,myanmar_2025-06-05
13.3,92.2,Outside Myanmar,myanmar_2025-06-05
13.3,92.3,Outside Myanmar,myanmar_2025-06-05
13.3,92.4,Outside Myanmar,myanmar_2025-06-05
13.3,92.5,Outside Myanmar,myanmar_2025-06-05
13.3,92.6,Outside Myanmar,myanmar_2025-06-05
13.3,92.7,Outside Myanmar,myanmar_2025-06-05
13.3,92.8,Outside Myanmar,myanmar_2025-06-05
13.3,92.9,Outside Myanmar,myanmar_2025-06-05
13.3,93.0,Outside Myanmar,myanmar_2025-06-05
13.3,93.1,Outside Myanmar,myanmar_2025-06-05
13.3,93.2,Outside Myanmar,myanmar_2025-06-05
13.3,93.3,Outside Myanmar,myanmar_2025-06-05
13.3,93.4,Outside Myanmar,myanmar_2025-06-05
13.3,93.5,Outside Myanmar,myanmar_2025-06-05
13.3,93.6,Outside Myanmar,myanmar_2025-06-05
13.3,93.7,Outside Myanmar,myanmar_2025-06-05
13.3,93.8,Outside Myanmar,myanmar_2025-06-05
13.3,93.9,Outside Myanmar,myanmar_2025-06-05
13.3,94.0,Outside Myanmar,myanmar_2025-06-05
13.3,94.1,Outside Myanmar,myanmar_2025-06-05
13.3,94.2,Outside Myanmar,myanmar_2025-06-05
13.3,94.3,Outside Myanmar,myanmar_2025-06-05
13.3,94.4,Outside Myanmar,myanmar_2025-06-05
13.3,94.5,Outside Myanmar,myanmar_2025-06-05
13.3,94.6,Outside Myanmar,myanmar_2025-06-05
13.3,94.7,Outside Myanmar,myanmar_2025-06-05
13.3,94.8,Outside Myanmar,myanmar_2025-06-05
13.3,94.9,Outside Myanmar,myanmar_2025-06-05
13.3,95.0,Outside Myanmar,myanmar_2025-06-05
13.3,95.1,Outside Myanmar,myanmar_2025-06-05
13.3,95.2,Outside Myanmar,myanmar_2025-06-05
13.3,95.3,Outside Myanmar,myanmar_2025-06-05
13.3,95.4,Outside Myanmar,myanmar_2025-06-05
13.3,95.5,Outside Myanmar,myanmar_2025-06-05
13.3,95.6,Outside Myanmar,myanmar_2025-06-05
13.3,95.7,Outside Myanmar,myanmar_2025-06-05
13.3,95.8,Outside Myanmar,myanmar_2025-06-05
13.3,95.9,Outside Myanmar,myanmar_2025-06-05
13.3,96.0,Outside Myanmar,myanmar_2025-06-05
13.3,96.1,Outside Myanmar,myanmar_2025-06-05
13.3,96.2,Outside Myanmar,myanmar_2025-06-05
13.3,96.3,Outside Myanmar,myanmar_2025-06-05
13.3,96.4,Outside Myanmar,myanmar_2025-06-05
13.3,96.5,Outside Myanmar,myanmar_2025-06-05
13.3,96.6,Outside Myanmar,myanmar_2025-06-05
13.3,96.7,Outside Myanmar,myanmar_2025-06-05
13.3,96.8,Outside Myanmar,myanmar_2025-06-05
13.3,96.9,Outside Myanmar,myanmar_2025-06-05
13.3,97.0,Outside Myanmar,myanmar_2025-06-05
13.3,97.1,Outside Myanmar,myanmar_2025-06-05
13.3,97.2,Outside Myanmar,myanmar_2025-06-05
13.3,97.3,Outside Myanmar,myanmar_2025-06-05
13.3,97.4,Outside Myanmar,myanmar_2025-06-05
13.3,97.5,Outside Myanmar,myanmar_2025-06-05
13.3,97.6,Outside Myanmar,myanmar_2025-06-05
13.3,97.7,Outside Myanmar,myanmar_2025-06-05
13.3,97.8,Outside Myanmar,myanmar_2025-06-05
13.3,97.9,Outside Myanmar,myanmar_2025-06-05
13.3,98.0,Outside Myanmar,myanmar_2025-06-05
13.3,98.1,Outside Myanmar,myanmar_2025-06-05
13.3,98.2,Outside Myanmar,myanmar_2025-06-05
13.3,98.3,Outside Myanmar,myanmar_2025-06-05
13.3,98.4,Outside Myanmar,myanmar_2025-06-05
13.3,98.5,Junta,myanmar_2025-06-05
13.3,98.6,Junta,myanmar_2025-06-05
13.3,98.7,Junta,myanmar_2025-06-05
13.3,98.8,PDF,myanmar_2025-06-05
13.3,98.9,PDF,myanmar_2025-06-05
13.3,99.0,PDF,myanmar_2025-06-05
13.3,99.1,PDF,myanmar_2025-06-05
13.3,99.2,Outside Myanmar,myanmar_2025-06-05
13.3,99.3,Outside Myanmar,myanmar_2025-06-05
13.3,99.4,Outside Myanmar,myanmar_2025-06-05
13.3,99.5,Outside Myanmar,myanmar_2025-06-05
13.3,99.6,Outside Myanmar,myanmar_2025-06-05
13.3,99.7,Outside Myanmar,myanmar_2025-06-05
13.3,99.8,Outside Myanmar,myanmar_2025-06-05
13.3,99.9,Outside Myanmar,myanmar_2025-06-05
13.3,100.0,Outside Myanmar,myanmar_2025-06-05
13.3,100.1,Outside Myanmar,myanmar_2025-06-05
13.3,100.2,Outside Myanmar,myanmar_2025-06-05
13.3,100.3,Outside Myanmar,myanmar_2025-06-05
13.3,100.4,Outside Myanmar,myanmar_2025-06-05
13.3,100.5,Outside Myanmar,myanmar_2025-06-05
13.3,100.6,Outside Myanmar,myanmar_2025-06-05
13.3,100.7,Outside Myanmar,myanmar_2025-06-05
13.3,100.8,Outside Myanmar,myanmar_2025-06-05
13.3,100.9,Outside Myanmar,myanmar_2025-06-05
13.3,101.0,Outside Myanmar,myanmar_2025-06-05
13.3,101.1,Outside Myanmar,myanmar_2025-06-05
13.3,101.2,Outside Myanmar,myanmar_2025-06-05
13.3,101.3,Outside Myanmar,myanmar_2025-06-05
13.3,101.4,Outside Myanmar,myanmar_2025-06-05
13.4,92.0,Outside Myanmar,myanmar_2025-06-05
13.4,92.1,Outside Myanmar,myanmar_2025-06-05
13.4,92.2,Outside Myanmar,myanmar_2025-06-05
13.4,92.3,Outside Myanmar,myanmar_2025-06-05
13.4,92.4,Outside Myanmar,myanmar_2025-06-05
13.4,92.5,Outside Myanmar,myanmar_2025-06-05
13.4,92.6,Outside Myanmar,myanmar_2025-06-05
13.4,92.7,Outside Myanmar,myanmar_2025-06-05
13.4,92.8,Outside Myanmar,myanmar_2025-06-05
13.4,92.9,Outside Myanmar,myanmar_2025-06-05
13.4,93.0,Outside Myanmar,myanmar_2025-06-05
13.4,93.1,Outside Myanmar,myanmar_2025-06-05
13.4,93.2,Outside Myanmar,myanmar_2025-06-05
13.4,93.3,Outside Myanmar,myanmar_2025-06-05
13.4,93.4,Outside Myanmar,myanmar_2025-06-05
13.4,93.5,Outside Myanmar,myanmar_2025-06-05
13.4,93.6,Outside Myanmar,myanmar_2025-06-05
13.4,93.7,Outside Myanmar,myanmar_2025-06-05
13.4,93.8,Outside Myanmar,myanmar_2025-06-05
13.4,93.9,Outside Myanmar,myanmar_2025-06-05
13.4,94.0,Outside Myanmar,myanmar_2025-06-05
13.4,94.1,Outside Myanmar,myanmar_2025-06-05
13.4,94.2,Outside Myanmar,myanmar_2025-06-05
13.4,94.3,Outside Myanmar,myanmar_2025-06-05
13.4,94.4,Outside Myanmar,myanmar_2025-06-05
13.4,94.5,Outside Myanmar,myanmar_2025-06-05
13.4,94.6,Outside Myanmar,myanmar_2025-06-05
13.4,94.7,Outside Myanmar,myanmar_2025-06-05
13.4,94.8,Outside Myanmar,myanmar_2025-06-05
13.4,94.9,Outside Myanmar,myanmar_2025-06-05
13.4,95.0,Outside Myanmar,myanmar_2025-06-05
13.4,95.1,Outside Myanmar,myanmar_2025-06-05
13.4,95.2,Outside Myanmar,myanmar_2025-06-05
13.4,95.3,Outside Myanmar,myanmar_2025-06-05
13.4,95.4,Outside Myanmar,myanmar_2025-06-05
13.4,95.5,Outside Myanmar,myanmar_2025-06-05
13.4,95.6,Outside Myanmar,myanmar_2025-06-05
13.4,95.7,Outside Myanmar,myanmar_2025-06-05
13.4,95.8,Outside Myanmar,myanmar_2025-06-05
13.4,95.9,Outside Myanmar,myanmar_2025-06-05
13.4,96.0,Outside Myanmar,myanmar_2025-06-05
13.4,96.1,Outside Myanmar,myanmar_2025-06-05
13.4,96.2,Outside Myanmar,myanmar_2025-06-05
13.4,96.3,Outside Myanmar,myanmar_2025-06-05
13.4,96.4,Outside Myanmar,myanmar_2025-06-05
13.4,96.5,Outside Myanmar,myanmar_2025-06-05
13.4,96.6,Outside Myanmar,myanmar_2025-06-05
13.4,96.7,Outside Myanmar,myanmar_2025-06-05
13.4,96.8,Outside Myanmar,myanmar_2025-06-05
13.4,96.9,Outside Myanmar,myanmar_2025-06-05
13.4,97.0,Outside Myanmar,myanmar_2025-06-05
13.4,97.1,Outside Myanmar,myanmar_2025-06-05
13.4,97.2,Outside Myanmar,myanmar_2025-06-05
13.4,97.3,Outside Myanmar,myanmar_2025-06-05
13.4,97.4,Outside Myanmar,myanmar_2025-06-05
13.4,97.5,Outside Myanmar,myanmar_2025-06-05
13.4,97.6,Outside Myanmar,myanmar_2025-06-05
13.4,97.7,Outside Myanmar,myanmar_2025-06-05
13.4,97.8,Outside Myanmar,myanmar_2025-06-05
13.4,97.9,Outside Myanmar,myanmar_2025-06-05
13.4,98.0,Outside Myanmar,myanmar_2025-06-05
13.4,98.1,Outside Myanmar,myanmar_2025-06-05
13.4,98.2,Outside Myanmar,myanmar_2025-06-05
13.4,98.3,Outside Myanmar,myanmar_2025-06-05
13.4,98.4,Outside Myanmar,myanmar_2025-06-05
13.4,98.5,Junta,myanmar_2025-06-05
13.4,98.6,Junta,myanmar_2025-06-05
13.4,98.7,Junta,myanmar_2025-06-05
13.4,98.8,PDF,myanmar_2025-06-05
13.4,98.9,PDF,myanmar_2025-06-05
13.4,99.0,PDF,myanmar_2025-06-05
13.4,99.1,PDF,myanmar_2025-06-05
13.4,99.2,PDF,myanmar_2025-06-05
13.4,99.3,Outside Myanmar,myanmar_2025-06-05
13.4,99.4,Outside Myanmar,myanmar_2025-06-05
13.4,99.5,Outside Myanmar,myanmar_2025-06-05
13.4,99.6,Outside Myanmar,myanmar_2025-06-05
13.4,99.7,Outside Myanmar,myanmar_2025-06-05
13.4,99.8,Outside Myanmar,myanmar_2025-06-05
13.4,99.9,Outside Myanmar,myanmar_2025-06-05
13.4,100.0,Outside Myanmar,myanmar_2025-06-05
13.4,100.1,Outside Myanmar,myanmar_2025-06-05
13.4,100.2,Outside Myanmar,myanmar_2025-06-05
13.4,100.3,Outside Myanmar,myanmar_2025-06-05
13.4,100.4,Outside Myanmar,myanmar_2025-06-05
13.4,100.5,Outside Myanmar,myanmar_2025-06-05
13.4,100.6,Outside Myanmar,myanmar_2025-06-05
13.4,100.7,Outside Myanmar,myanmar_2025-06-05
13.4,100.8,Outside Myanmar,myanmar_2025-06-05
13.4,100.9,Outside Myanmar,myanmar_2025-06-05
13.4,101.0,Outside Myanmar,myanmar_2025-06-05
13.4,101.1,Outside Myanmar,myanmar_2025-06-05
13.4,101.2,Outside Myanmar,myanmar_2025-06-05
13.4,101.3,Outside Myanmar,myanmar_2025-06-05
13.4,101.4,Outside Myanmar,myanmar_2025-06-05
13.5,92.0,Outside Myanmar,myanmar_2025-06-05
13.5,92.1,Outside Myanmar,myanmar_2025-06-05
13.5,92.2,Outside Myanmar,myanmar_2025-06-05
13.5,92.3,Outside Myanmar,myanmar_2025-06-05
13.5,92.4,Outside Myanmar,myanmar_2025-06-05
13.5,92.5,Outside Myanmar,myanmar_2025-06-05
13.5,92.6,Outside Myanmar,myanmar_2025-06-05
13.5,92.7,Outside Myanmar,myanmar_2025-06-05
13.5,92.8,Outside Myanmar,myanmar_2025-06-05
13.5,92.9,Outside Myanmar,myanmar_2025-06-05
13.5,93.0,Outside Myanmar,myanmar_2025-06-05
13.5,93.1,Outside Myanmar,myanmar_2025-06-05
13.5,93.2,Outside Myanmar,myanmar_2025-06-05
13.5,93.3,Outside Myanmar,myanmar_2025-06-05
13.5,93.4,Outside Myanmar,myanmar_2025-06-05
13.5,93.5,Outside Myanmar,myanmar_2025-06-05
13.5,93.6,Outside Myanmar,myanmar_2025-06-05
13.5,93.7,Outside Myanmar,myanmar_2025-06-05
13.5,93.8,Outside Myanmar,myanmar_2025-06-05
13.5,93.9,Outside Myanmar,myanmar_2025-06-05
13.5,94.0,Outside Myanmar,myanmar_2025-06-05
13.5,94.1,Outside Myanmar,myanmar_2025-06-05
13.5,94.2,Outside Myanmar,myanmar_2025-06-05
13.5,94.3,Outside Myanmar,myanmar_2025-06-05
13.5,94.4,Outside Myanmar,myanmar_2025-06-05
13.5,94.5,Outside Myanmar,myanmar_2025-06-05
13.5,94.6,Outside Myanmar,myanmar_2025-06-05
13.5,94.7,Outside Myanmar,myanmar_2025-06-05
13.5,94.8,Outside Myanmar,myanmar_2025-06-05
13.5,94.9,Outside Myanmar,myanmar_2025-06-05
13.5,95.0,Outside Myanmar,myanmar_2025-06-05
13.5,95.1,Outside Myanmar,myanmar_2025-06-05
13.5,95.2,Outside Myanmar,myanmar_2025-06-05
13.5,95.3,Outside Myanmar,myanmar_2025-06-05
13.5,95.4,Outside Myanmar,myanmar_2025-06-05
13.5,95.5,Outside Myanmar,myanmar_2025-06-05
13.5,95.6,Outside Myanmar,myanmar_2025-06-05
13.5,95.7,Outside Myanmar,myanmar_2025-06-05
13.5,95.8,Outside Myanmar,myanmar_2025-06-05
13.5,95.9,Outside Myanmar,myanmar_2025-06-05
13.5,96.0,Outside Myanmar,myanmar_2025-06-05
13.5,96.1,Outside Myanmar,myanmar_2025-06-05
13.5,96.2,Outside Myanmar,myanmar_2025-06-05
13.5,96.3,Outside Myanmar,myanmar_2025-06-05
13.5,96.4,Outside Myanmar,myanmar_2025-06-05
13.5,96.5,Outside Myanmar,myanmar_2025-06-05
13.5,96.6,Outside Myanmar,myanmar_2025-06-05
13.5,96.7,Outside Myanmar,myanmar_2025-06-05
13.5,96.8,Outside Myanmar,myanmar_2025-06-05
13.5,96.9,Outside Myanmar,myanmar_2025-06-05
13.5,97.0,Outside Myanmar,myanmar_2025-06-05
13.5,97.1,Outside Myanmar,myanmar_2025-06-05
13.5,97.2,Outside Myanmar,myanmar_2025-06-05
13.5,97.3,Outside Myanmar,myanmar_2025-06-05
13.5,97.4,Outside Myanmar,myanmar_2025-06-05
13.5,97.5,Outside Myanmar,myanmar_2025-06-05
13.5,97.6,Outside Myanmar,myanmar_2025-06-05
13.5,97.7,Outside Myanmar,myanmar_2025-06-05
13.5,97.8,Outside Myanmar,myanmar_2025-06-05
13.5,97.9,Outside Myanmar,myanmar_2025-06-05
13.5,98.0,Outside Myanmar,myanmar_2025-06-05
13.5,98.1,Outside Myanmar,myanmar_2025-06-05
13.5,98.2,Outside Myanmar,myanmar_2025-06-05
13.5,98.3,Outside Myanmar,myanmar_2025-06-05
13.5,98.4,Outside Myanmar,myanmar_2025-06-05
13.5,98.5,Junta,myanmar_2025-06-05
13.5,98.6,Karen,myanmar_2025-06-05
13.5,98.7,PDF,myanmar_2025-06-05
13.5,98.8,PDF,myanmar_2025-06-05
13.5,98.9,PDF,myanmar_2025-06-05
13.5,99.0,PDF,myanmar_2025-06-05
13.5,99.1,PDF,myanmar_2025-06-05
13.5,99.2,PDF,myanmar_2025-06-05
13.5,99.3,Outside Myanmar,myanmar_2025-06-05
13.5,99.4,Outside Myanmar,myanmar_2025-06-05
13.5,99.5,Outside Myanmar,myanmar_2025-06-05
13.5,99.6,Outside Myanmar,myanmar_2025-06-05
13.5,99.7,Outside Myanmar,myanmar_2025-06-05
13.5,99.8,Outside Myanmar,myanmar_2025-06-05
13.5,99.9,Outside Myanmar,myanmar_2025-06-05
13.5,100.0,Outside Myanmar,myanmar_2025-06-05
13.5,100.1,Outside Myanmar,myanmar_2025-06-05
13.5,100.2,Outside Myanmar,myanmar_2025-06-05
13.5,100.3,Outside Myanmar,myanmar_2025-06-05
13.5,100.4,Outside Myanmar,myanmar_2025-06-05
13.5,100.5,Outside Myanmar,myanmar_2025-06-05
13.5,100.6,Outside Myanmar,myanmar_2025-06-05
13.5,100.7,Outside Myanmar,myanmar_2025-06-05
13.5,100.8,Outside Myanmar,myanmar_2025-06-05
13.5,100.9,Outside Myanmar,myanmar_2025-06-05
13.5,101.0,Outside Myanmar,myanmar_2025-06-05
13.5,101.1,Outside Myanmar,myanmar_2025-06-05
13.5,101.2,Outside Myanmar,myanmar_2025-06-05
13.5,101.3,Outside Myanmar,myanmar_2025-06-05
13.5,101.4,Outside Myanmar,myanmar_2025-06-05
13.6,92.0,Outside Myanmar,myanmar_2025-06-05
13.6,92.1,Outside Myanmar,myanmar_2025-06-05
13.6,92.2,Outside Myanmar,myanmar_2025-06-05
13.6,92.3,Outside Myanmar,myanmar_2025-06-05
13.6,92.4,Outside Myanmar,myanmar_2025-06-05
13.6,92.5,Outside Myanmar,myanmar_2025-06-05
13.6,92.6,Outside Myanmar,myanmar_2025-06-05
13.6,92.7,Outside Myanmar,myanmar_2025-06-05
13.6,92.8,Outside Myanmar,myanmar_2025-06-05
13.6,92.9,Outside Myanmar,myanmar_2025-06-05
13.6,93.0,Outside Myanmar,myanmar_2025-06-05
13.6,93.1,Outside Myanmar,myanmar_2025-06-05
13.6,93.2,Outside Myanmar,myanmar_2025-06-05
13.6,93.3,Outside Myanmar,myanmar_2025-06-05
13.6,93.4,Outside Myanmar,myanmar_2025-06-05
13.6,93.5,Outside Myanmar,myanmar_2025-06-05
13.6,93.6,Outside Myanmar,myanmar_2025-06-05
13.6,93.7,Outside Myanmar,myanmar_2025-06-05
13.6,93.8,Outside Myanmar,myanmar_2025-06-05
13.6,93.9,Outside Myanmar,myanmar_2025-06-05
13.6,94.0,Outside Myanmar,myanmar_2025-06-05
13.6,94.1,Outside Myanmar,myanmar_2025-06-05
13.6,94.2,Outside Myanmar,myanmar_2025-06-05
13.6,94.3,Outside Myanmar,myanmar_2025-06-05
13.6,94.4,Outside Myanmar,myanmar_2025-06-05
13.6,94.5,Outside Myanmar,myanmar_2025-06-05
13.6,94.6,Outside Myanmar,myanmar_2025-06-05
13.6,94.7,Outside Myanmar,myanmar_2025-06-05
13.6,94.8,Outside Myanmar,myanmar_2025-06-05
13.6,94.9,Outside Myanmar,myanmar_2025-06-05
13.6,95.0,Outside Myanmar,myanmar_2025-06-05
13.6,95.1,Outside Myanmar,myanmar_2025-06-05
13.6,95.2,Outside Myanmar,myanmar_2025-06-05
13.6,95.3,Outside Myanmar,myanmar_2025-06-05
13.6,95.4,Outside Myanmar,myanmar_2025-06-05
13.6,95.5,Outside Myanmar,myanmar_2025-06-05
13.6,95.6,Outside Myanmar,myanmar_2025-06-05
13.6,95.7,Outside Myanmar,myanmar_2025-06-05
13.6,95.8,Outside Myanmar,myanmar_2025-06-05
13.6,95.9,Outside Myanmar,myanmar_2025-06-05
13.6,96.0,Outside Myanmar,myanmar_2025-06-05
13.6,96.1,Outside Myanmar,myanmar_2025-06-05
13.6,96.2,Outside Myanmar,myanmar_2025-06-05
13.6,96.3,Outside Myanmar,myanmar_2025-06-05
13.6,96.4,Outside Myanmar,myanmar_2025-06-05
13.6,96.5,Outside Myanmar,myanmar_2025-06-05
13.6,96.6,Outside Myanmar,myanmar_2025-06-05
13.6,96.7,Outside Myanmar,myanmar_2025-06-05
13.6,96.8,Outside Myanmar,myanmar_2025-06-05
13.6,96.9,Outside Myanmar,myanmar_2025-06-05
13.6,97.0,Outside Myanmar,myanmar_2025-06-05
13.6,97.1,Outside Myanmar,myanmar_2025-06-05
13.6,97.2,Outside Myanmar,myanmar_2025-06-05
13.6,97.3,Outside Myanmar,myanmar_2025-06-05
13.6,97.4,Outside Myanmar,myanmar_2025-06-05
13.6,97.5,Outside Myanmar,myanmar_2025-06-05
13.6,97.6,Outside Myanmar,myanmar_2025-06-05
13.6,97.7,Outside Myanmar,myanmar_2025-06-05
13.6,97.8,Outside Myanmar,myanmar_2025-06-05
13.6,97.9,Outside Myanmar,myanmar_2025-06-05
13.6,98.0,Outside Myanmar,myanmar_2025-06-05
13.6,98.1,Outside Myanmar,myanmar_2025-06-05
13.6,98.2,Outside Myanmar,myanmar_2025-06-05
13.6,98.3,Outside Myanmar,myanmar_2025-06-05
13.6,98.4,Karen,myanmar_2025-06-05
13.6,98.5,Karen,myanmar_2025-06-05
13.6,98.6,Karen,myanmar_2025-06-05
13.6,98.7,Karen,myanmar_2025-06-05
13.6,98.8,Karen,myanmar_2025-06-05
13.6,98.9,PDF,myanmar_2025-06-05
13.6,99.0,PDF,myanmar_2025-06-05
13.6,99.1,PDF,myanmar_2025-06-05
13.6,99.2,Outside Myanmar,myanmar_2025-06-05
13.6,99.3,Outside Myanmar,myanmar_2025-06-05
13.6,99.4,Outside Myanmar,myanmar_2025-06-05
13.6,99.5,Outside Myanmar,myanmar_2025-06-05
13.6,99.6,Outside Myanmar,myanmar_2025-06-05
13.6,99.7,Outside Myanmar,myanmar_2025-06-05
13.6,99.8,Outside Myanmar,myanmar_2025-06-05
13.6,99.9,Outside Myanmar,myanmar_2025-06-05
13.6,100.0,Outside Myanmar,myanmar_2025-06-05
13.6,100.1,Outside Myanmar,myanmar_2025-06-05
13.6,100.2,Outside Myanmar,myanmar_2025-06-05
13.6,100.3,Outside Myanmar,myanmar_2025-06-05
13.6,100.4,Outside Myanmar,myanmar_2025-06-05
13.6,100.5,Outside Myanmar,myanmar_2025-06-05
13.6,100.6,Outside Myanmar,myanmar_2025-06-05
13.6,100.7,Outside Myanmar,myanmar_2025-06-05
13.6,100.8,Outside Myanmar,myanmar_2025-06-05
13.6,100.9,Outside Myanmar,myanmar_2025-06-05
13.6,101.0,Outside Myanmar,myanmar_2025-06-05
13.6,101.1,Outside Myanmar,myanmar_2025-06-05
13.6,101.2,Outside Myanmar,myanmar_2025-06-05
13.6,101.3,Outside Myanmar,myanmar_2025-06-05
13.6,101.4,Outside Myanmar,myanmar_2025-06-05
13.7,92.0,Outside Myanmar,myanmar_2025-06-05
13.7,92.1,Outside Myanmar,myanmar_2025-06-05
13.7,92.2,Outside Myanmar,myanmar_2025-06-05
13.7,92.3,Outside Myanmar,myanmar_2025-06-05
13.7,92.4,Outside Myanmar,myanmar_2025-06-05
13.7,92.5,Outside Myanmar,myanmar_2025-06-05
13.7,92.6,Outside Myanmar,myanmar_2025-06-05
13.7,92.7,Outside Myanmar,myanmar_2025-06-05
13.7,92.8,Outside Myanmar,myanmar_2025-06-05
13.7,92.9,Outside Myanmar,myanmar_2025-06-05
13.7,93.0,Outside Myanmar,myanmar_2025-06-05
13.7,93.1,Outside Myanmar,myanmar_2025-06-05
13.7,93.2,Outside Myanmar,myanmar_2025-06-05
13.7,93.3,Outside Myanmar,myanmar_2025-06-05
13.7,93.4,Outside Myanmar,myanmar_2025-06-05
13.7,93.5,Outside Myanmar,myanmar_2025-06-05
13.7,93.6,Outside Myanmar,myanmar_2025-06-05
13.7,93.7,Outside Myanmar,myanmar_2025-06-05
13.7,93.8,Outside Myanmar,myanmar_2025-06-05
13.7,93.9,Outside Myanmar,myanmar_2025-06-05
13.7,94.0,Outside Myanmar,myanmar_2025-06-05
13.7,94.1,Outside Myanmar,myanmar_2025-06-05
13.7,94.2,Outside Myanmar,myanmar_2025-06-05
13.7,94.3,Outside Myanmar,myanmar_2025-06-05
13.7,94.4,Outside Myanmar,myanmar_2025-06-05
13.7,94.5,Outside Myanmar,myanmar_2025-06-05
13.7,94.6,Outside Myanmar,myanmar_2025-06-05
13.7,94.7,Outside Myanmar,myanmar_2025-06-05
13.7,94.8,Outside Myanmar,myanmar_2025-06-05
13.7,94.9,Outside Myanmar,myanmar_2025-06-05
13.7,95.0,Outside Myanmar,myanmar_2025-06-05
13.7,95.1,Outside Myanmar,myanmar_2025-06-05
13.7,95.2,Outside Myanmar,myanmar_2025-06-05
13.7,95.3,Outside Myanmar,myanmar_2025-06-05
13.7,95.4,Outside Myanmar,myanmar_2025-06-05
13.7,95.5,Outside Myanmar,myanmar_2025-06-05
13.7,95.6,Outside Myanmar,myanmar_2025-06-05
13.7,95.7,Outside Myanmar,myanmar_2025-06-05
13.7,95.8,Outside Myanmar,myanmar_2025-06-05
13.7,95.9,Outside Myanmar,myanmar_2025-06-05
13.7,96.0,Outside Myanmar,myanmar_2025-06-05
13.7,96.1,Outside Myanmar,myanmar_2025-06-05
13.7,96.2,Outside Myanmar,myanmar_2025-06-05
13.7,96.3,Outside Myanmar,myanmar_2025-06-05
13.7,96.4,Outside Myanmar,myanmar_2025-06-05
13.7,96.5,Outside Myanmar,myanmar_2025-06-05
13.7,96.6,Outside Myanmar,myanmar_2025-06-05
13.7,96.7,Outside Myanmar,myanmar_2025-06-05
13.7,96.8,Outside Myanmar,myanmar_2025-06-05
13.7,96.9,Outside Myanmar,myanmar_2025-06-05
13.7,97.0,Outside Myanmar,myanmar_2025-06-05
13.7,97.1,Outside Myanmar,myanmar_2025-06-05
13.7,97.2,Outside Myanmar,myanmar_2025-06-05
13.7,97.3,Outside Myanmar,myanmar_2025-06-05
13.7,97.4,Outside Myanmar,myanmar_2025-06-05
13.7,97.5,Outside Myanmar,myanmar_2025-06-05
13.7,97.6,Outside Myanmar,myanmar_2025-06-05
13.7,97.7,Outside Myanmar,myanmar_2025-06-05
13.7,97.8,Outside Myanmar,myanmar_2025-06-05
13.7,97.9,Outside Myanmar,myanmar_2025-06-05
13.7,98.0,Outside Myanmar,myanmar_2025-06-05
13.7,98.1,Outside Myanmar,myanmar_2025-06-05
13.7,98.2,Outside Myanmar,myanmar_2025-06-05
13.7,98.3,Junta,myanmar_2025-06-05
13.7,98.4,Junta,myanmar_2025-06-05
13.7,98.5,Karen,myanmar_2025-06-05
13.7,98.6,Karen,myanmar_2025-06-05
13.7,98.7,Karen,myanmar_2025-06-05
13.7,98.8,Karen,myanmar_2025-06-05
13.7,98.9,Karen,myanmar_2025-06-05
13.7,99.0,PDF,myanmar_2025-06-05
13.7,99.1,PDF,myanmar_2025-06-05
13.7,99.2,Outside Myanmar,myanmar_2025-06-05
13.7,99.3,Outside Myanmar,myanmar_2025-06-05
13.7,99.4,Outside Myanmar,myanmar_2025-06-05
13.7,99.5,Outside Myanmar,myanmar_2025-06-05
13.7,99.6,Outside Myanmar,myanmar_2025-06-05
13.7,99.7,Outside Myanmar,myanmar_2025-06-05
13.7,99.8,Outside Myanmar,myanmar_2025-06-05
13.7,99.9,Outside Myanmar,myanmar_2025-06-05
13.7,100.0,Outside Myanmar,myanmar_2025-06-05
13.7,100.1,Outside Myanmar,myanmar_2025-06-05
13.7,100.2,Outside Myanmar,myanmar_2025-06-05
13.7,100.3,Outside Myanmar,myanmar_2025-06-05
13.7,100.4,Outside Myanmar,myanmar_2025-06-05
13.7,100.5,Outside Myanmar,myanmar_2025-06-05
13.7,100.6,Outside Myanmar,myanmar_2025-06-05
13.7,100.7,Outside Myanmar,myanmar_2025-06-05
13.7,100.8,Outside Myanmar,myanmar_2025-06-05
13.7,100.9,Outside Myanmar,myanmar_2025-06-05
13.7,101.0,Outside Myanmar,myanmar_2025-06-05
13.7,101.1,Outside Myanmar,myanmar_2025-06-05
13.7,101.2,Outside Myanmar,myanmar_2025-06-05
13.7,101.3,Outside Myanmar,myanmar_2025-06-05
13.7,101.4,Outside Myanmar,myanmar_2025-06-05
13.8,92.0,Outside Myanmar,myanmar_2025-06-05
13.8,92.1,Outside Myanmar,myanmar_2025-06-05
13.8,92.2,Outside Myanmar,myanmar_2025-06-05
13.8,92.3,Outside Myanmar,myanmar_2025-06-05
13.8,92.4,Outside Myanmar,myanmar_2025-06-05
13.8,92.5,Outside Myanmar,myanmar_2025-06-05
13.8,92.6,Outside Myanmar,myanmar_2025-06-05
13.8,92.7,Outside Myanmar,myanmar_2025-06-05
13.8,92.8,Outside Myanmar,myanmar_2025-06-05
13.8,92.9,Outside Myanmar,myanmar_2025-06-05
13.8,93.0,Outside Myanmar,myanmar_2025-06-05
13.8,93.1,Outside Myanmar,myanmar_2025-06-05
13.8,93.2,Outside Myanmar,myanmar_2025-06-05
13.8,93.3,Outside Myanmar,myanmar_2025-06-05
13.8,93.4,Outside Myanmar,myanmar_2025-06-05
13.8,93.5,Outside Myanmar,myanmar_2025-06-05
13.8,93.6,Outside Myanmar,myanmar_2025-06-05
13.8,93.7,Outside Myanmar,myanmar_2025-06-05
13.8,93.8,Outside Myanmar,myanmar_2025-06-05
13.8,93.9,Outside Myanmar,myanmar_2025-06-05
13.8,94.0,Outside Myanmar,myanmar_2025-06-05
13.8,94.1,Outside Myanmar,myanmar_2025-06-05
13.8,94.2,Outside Myanmar,myanmar_2025-06-05
13.8,94.3,Outside Myanmar,myanmar_2025-06-05
13.8,94.4,Outside Myanmar,myanmar_2025-06-05
13.8,94.5,Outside Myanmar,myanmar_2025-06-05
13.8,94.6,Outside Myanmar,myanmar_2025-06-05
13.8,94.7,Outside Myanmar,myanmar_2025-06-05
13.8,94.8,Outside Myanmar,myanmar_2025-06-05
13.8,94.9,Outside Myanmar,myanmar_2025-06-05
13.8,95.0,Outside Myanmar,myanmar_2025-06-05
13.8,95.1,Outside Myanmar,myanmar_2025-06-05
13.8,95.2,Outside Myanmar,myanmar_2025-06-05
13.8,95.3,Outside Myanmar,myanmar_2025-06-05
13.8,95.4,Outside Myanmar,myanmar_2025-06-05
13.8,95.5,Outside Myanmar,myanmar_2025-06-05
13.8,95.6,Outside Myanmar,myanmar_2025-06-05
13.8,95.7,Outside Myanmar,myanmar_2025-06-05
13.8,95.8,Outside Myanmar,myanmar_2025-06-05
13.8,95.9,Outside Myanmar,myanmar_2025-06-05
13.8,96.0,Outside Myanmar,myanmar_2025-06-05
13.8,96.1,Outside Myanmar,myanmar_2025-06-05
13.8,96.2,Outside Myanmar,myanmar_2025-06-05
13.8,96.3,Outside Myanmar,myanmar_2025-06-05
13.8,96.4,Outside Myanmar,myanmar_2025-06-05
13.8,96.5,Outside Myanmar,myanmar_2025-06-05
13.8,96.6,Outside Myanmar,myanmar_2025-06-05
13.8,96.7,Outside Myanmar,myanmar_2025-06-05
13.8,96.8,Outside Myanmar,myanmar_2025-06-05
13.8,96.9,Outside Myanmar,myanmar_2025-06-05
13.8,97.0,Outside Myanmar,myanmar_2025-06-05
13.8,97.1,Outside Myanmar,myanmar_2025-06-05
13.8,97.2,Outside Myanmar,myanmar_2025-06-05
13.8,97.3,Outside Myanmar,myanmar_2025-06-05
13.8,97.4,Outside Myanmar,myanmar_2025-06-05
13.8,97.5,Outside Myanmar,myanmar_2025-06-05
13.8,97.6,Outside Myanmar,myanmar_2025-06-05
13.8,97.7,Outside Myanmar,myanmar_2025-06-05
13.8,97.8,Outside Myanmar,myanmar_2025-06-05
13.8,97.9,Outside Myanmar,myanmar_2025-06-05
13.8,98.0,Outside Myanmar,myanmar_2025-06-05
13.8,98.1,Outside Myanmar,myanmar_2025-06-05
13.8,98.2,Outside Myanmar,myanmar_2025-06-05
13.8,98.3,Junta,myanmar_2025-06-05
13.8,98.4,Junta,myanmar_2025-06-05
13.8,98.5,Junta,myanmar_2025-06-05
13.8,98.6,Karen,myanmar_2025-06-05
13.8,98.7,Karen,myanmar_2025-06-05
13.8,98.8,Karen,myanmar_2025-06-05
13.8,98.9,Karen,myanmar_2025-06-05
13.8,99.0,Karen,myanmar_2025-06-05
13.8,99.1,Karen,myanmar_2025-06-05
13.8,99.2,Outside Myanmar,myanmar_2025-06-05
13.8,99.3,Outside Myanmar,myanmar_2025-06-05
13.8,99.4,Outside Myanmar,myanmar_2025-06-05
13.8,99.5,Outside Myanmar,myanmar_2025-06-05
13.8,99.6,Outside Myanmar,myanmar_2025-06-05
13.8,99.7,Outside Myanmar,myanmar_2025-06-05
13.8,99.8,Outside Myanmar,myanmar_2025-06-05
13.8,99.9,Outside Myanmar,myanmar_2025-06-05
13.8,100.0,Outside Myanmar,myanmar_2025-06-05
13.8,100.1,Outside Myanmar,myanmar_2025-06-05
13.8,100.2,Outside Myanmar,myanmar_2025-06-05
13.8,100.3,Outside Myanmar,myanmar_2025-06-05
13.8,100.4,Outside Myanmar,myanmar_2025-06-05
13.8,100.5,Outside Myanmar,myanmar_2025-06-05
13.8,100.6,Outside Myanmar,myanmar_2025-06-05
13.8,100.7,Outside Myanmar,myanmar_2025-06-05
13.8,100.8,Outside Myanmar,myanmar_2025-06-05
13.8,100.9,Outside Myanmar,myanmar_2025-06-05
13.8,101.0,Outside Myanmar,myanmar_2025-06-05
13.8,101.1,Outside Myanmar,myanmar_2025-06-05
13.8,101.2,Outside Myanmar,myanmar_2025-06-05
13.8,101.3,Outside Myanmar,myanmar_2025-06-05
13.8,101.4,Outside Myanmar,myanmar_2025-06-05
13.9,92.0,Outside Myanmar,myanmar_2025-06-05
13.9,92.1,Outside Myanmar,myanmar_2025-06-05
13.9,92.2,Outside Myanmar,myanmar_2025-06-05
13.9,92.3,Outside Myanmar,myanmar_2025-06-05
13.9,92.4,Outside Myanmar,myanmar_2025-06-05
13.9,92.5,Outside Myanmar,myanmar_2025-06-05
13.9,92.6,Outside Myanmar,myanmar_2025-06-05
13.9,92.7,Outside Myanmar,myanmar_2025-06-05
13.9,92.8,Outside Myanmar,myanmar_2025-06-05
13.9,92.9,Outside Myanmar,myanmar_2025-06-05
13.9,93.0,Outside Myanmar,myanmar_2025-06-05
13.9,93.1,Outside Myanmar,myanmar_2025-06-05
13.9,93.2,Outside Myanmar,myanmar_2025-06-05
13.9,93.3,Outside Myanmar,myanmar_2025-06-05
13.9,93.4,Outside Myanmar,myanmar_2025-06-05
13.9,93.5,Outside Myanmar,myanmar_2025-06-05
13.9,93.6,Outside Myanmar,myanmar_2025-06-05
13.9,93.7,Outside Myanmar,myanmar_2025-06-05
13.9,93.8,Outside Myanmar,myanmar_2025-06-05
13.9,93.9,Outside Myanmar,myanmar_2025-06-05
13.9,94.0,Outside Myanmar,myanmar_2025-06-05
13.9,94.1,Outside Myanmar,myanmar_2025-06-05
13.9,94.2,Outside Myanmar,myanmar_2025-06-05
13.9,94.3,Outside Myanmar,myanmar_2025-06-05
13.9,94.4,Outside Myanmar,myanmar_2025-06-05
13.9,94.5,Outside Myanmar,myanmar_2025-06-05
13.9,94.6,Outside Myanmar,myanmar_2025-06-05
13.9,94.7,Outside Myanmar,myanmar_2025-06-05
13.9,94.8,Outside Myanmar,myanmar_2025-06-05
13.9,94.9,Outside Myanmar,myanmar_2025-06-05
13.9,95.0,Outside Myanmar,myanmar_2025-06-05
13.9,95.1,Outside Myanmar,myanmar_2025-06-05
13.9,95.2,Outside Myanmar,myanmar_2025-06-05
13.9,95.3,Outside Myanmar,myanmar_2025-06-05
13.9,95.4,Outside Myanmar,myanmar_2025-06-05
13.9,95.5,Outside Myanmar,myanmar_2025-06-05
13.9,95.6,Outside Myanmar,myanmar_2025-06-05
13.9,95.7,Outside Myanmar,myanmar_2025-06-05
13.9,95.8,Outside Myanmar,myanmar_2025-06-05
13.9,95.9,Outside Myanmar,myanmar_2025-06-05
13.9,96.0,Outside Myanmar,myanmar_2025-06-05
13.9,96.1,Outside Myanmar,myanmar_2025-06-05
13.9,96.2,Outside Myanmar,myanmar_2025-06-05
13.9,96.3,Outside Myanmar,myanmar_2025-06-05
13.9,96.4,Outside Myanmar,myanmar_2025-06-05
13.9,96.5,Outside Myanmar,myanmar_2025-06-05
13.9,96.6,Outside Myanmar,myanmar_2025-06-05
13.9,96.7,Outside Myanmar,myanmar_2025-06-05
13.9,96.8,Outside Myanmar,myanmar_2025-06-05
13.9,96.9,Outside Myanmar,myanmar_2025-06-05
13.9,97.0,Outside Myanmar,myanmar_2025-06-05
13.9,97.1,Outside Myanmar,myanmar_2025-06-05
13.9,97.2,Outside Myanmar,myanmar_2025-06-05
13.9,97.3,Outside Myanmar,myanmar_2025-06-05
13.9,97.4,Outside Myanmar,myanmar_2025-06-05
13.9,97.5,Outside Myanmar,myanmar_2025-06-05
13.9,97.6,Outside Myanmar,myanmar_2025-06-05
13.9,97.7,Outside Myanmar,myanmar_2025-06-05
13.9,97.8,Outside Myanmar,myanmar_2025-06-05
13.9,97.9,Outside Myanmar,myanmar_2025-06-05
13.9,98.0,Outside Myanmar,myanmar_2025-06-05
13.9,98.1,PDF,myanmar_2025-06-05
13.9,98.2,Outside Myanmar,myanmar_2025-06-05
13.9,98.3,Junta,myanmar_2025-06-05
13.9,98.4,Junta,myanmar_2025-06-05
13.9,98.5,Junta,myanmar_2025-06-05
13.9,98.6,Karen,myanmar_2025-06-05
13.9,98.7,Karen,myanmar_2025-06-05
13.9,98.8,Karen,myanmar_2025-06-05
13.9,98.9,Karen,myanmar_2025-06-05
13.9,99.0,Karen,myanmar_2025-06-05
13.9,99.1,Karen,myanmar_2025-06-05
13.9,99.2,Outside Myanmar,myanmar_2025-06-05
13.9,99.3,Outside Myanmar,myanmar_2025-06-05
13.9,99.4,Outside Myanmar,myanmar_2025-06-05
13.9,99.5,Outside Myanmar,myanmar_2025-06-05
13.9,99.6,Outside Myanmar,myanmar_2025-06-05
13.9,99.7,Outside Myanmar,myanmar_2025-06-05
13.9,99.8,Outside Myanmar,myanmar_2025-06-05
13.9,99.9,Outside Myanmar,myanmar_2025-06-05
13.9,100.0,Outside Myanmar,myanmar_2025-06-05
13.9,100.1,Outside Myanmar,myanmar_2025-06-05
13.9,100.2,Outside Myanmar,myanmar_2025-06-05
13.9,100.3,Outside Myanmar,myanmar_2025-06-05
13.9,100.4,Outside Myanmar,myanmar_2025-06-05
13.9,100.5,Outside Myanmar,myanmar_2025-06-05
13.9,100.6,Outside Myanmar,myanmar_2025-06-05
13.9,100.7,Outside Myanmar,myanmar_2025-06-05
13.9,100.8,Outside Myanmar,myanmar_2025-06-05
13.9,100.9,Outside Myanmar,myanmar_2025-06-05
13.9,101.0,Outside Myanmar,myanmar_2025-06-05
13.9,101.1,Outside Myanmar,myanmar_2025-06-05
13.9,101.2,Outside Myanmar,myanmar_2025-06-05
13.9,101.3,Outside Myanmar,myanmar_2025-06-05
13.9,101.4,Outside Myanmar,myanmar_2025-06-05
14.0,92.0,Outside Myanmar,myanmar_2025-06-05
14.0,92.1,Outside Myanmar,myanmar_2025-06-05
14.0,92.2,Outside Myanmar,myanmar_2025-06-05
14.0,92.3,Outside Myanmar,myanmar_2025-06-05
14.0,92.4,Outside Myanmar,myanmar_2025-06-05
14.0,92.5,Outside Myanmar,myanmar_2025-06-05
14.0,92.6,Outside Myanmar,myanmar_2025-06-05
14.0,92.7,Outside Myanmar,myanmar_2025-06-05
14.0,92.8,Outside Myanmar,myanmar_2025-06-05
14.0,92.9,Outside Myanmar,myanmar_2025-06-05
14.0,93.0,Outside Myanmar,myanmar_2025-06-05
14.0,93.1,Outside Myanmar,myanmar_2025-06-05
14.0,93.2,Outside Myanmar,myanmar_2025-06-05
14.0,93.3,Outside Myanmar,myanmar_2025-06-05
14.0,93.4,Outside Myanmar,myanmar_2025-06-05
14.0,93.5,Outside Myanmar,myanmar_2025-06-05
14.0,93.6,Outside Myanmar,myanmar_2025-06-05
14.0,93.7,Outside Myanmar,myanmar_2025-06-05
14.0,93.8,Outside Myanmar,myanmar_2025-06-05
14.0,93.9,Outside Myanmar,myanmar_2025-06-05
14.0,94.0,Outside Myanmar,myanmar_2025-06-05
14.0,94.1,Outside Myanmar,myanmar_2025-06-05
14.0,94.2,Outside Myanmar,myanmar_2025-06-05
14.0,94.3,Outside Myanmar,myanmar_2025-06-05
14.0,94.4,Outside Myanmar,myanmar_2025-06-05
14.0,94.5,Outside Myanmar,myanmar_2025-06-05
14.0,94.6,Outside Myanmar,myanmar_2025-06-05
14.0,94.7,Outside Myanmar,myanmar_2025-06-05
14.0,94.8,Outside Myanmar,myanmar_2025-06-05
14.0,94.9,Outside Myanmar,myanmar_2025-06-05
14.0,95.0,Outside Myanmar,myanmar_2025-06-05
14.0,95.1,Outside Myanmar,myanmar_2025-06-05
14.0,95.2,Outside Myanmar,myanmar_2025-06-05
14.0,95.3,Outside Myanmar,myanmar_2025-06-05
14.0,95.4,Outside Myanmar,myanmar_2025-06-05
14.0,95.5,Outside Myanmar,myanmar_2025-06-05
14.0,95.6,Outside Myanmar,myanmar_2025-06-05
14.0,95.7,Outside Myanmar,myanmar_2025-06-05
14.0,95.8,Outside Myanmar,myanmar_2025-06-05
14.0,95.9,Outside Myanmar,myanmar_2025-06-05
14.0,96.0,Outside Myanmar,myanmar_2025-06-05
14.0,96.1,Outside Myanmar,myanmar_2025-06-05
14.0,96.2,Outside Myanmar,myanmar_2025-06-05
14.0,96.3,Outside Myanmar,myanmar_2025-06-05
14.0,96.4,Outside Myanmar,myanmar_2025-06-05
14.0,96.5,Outside Myanmar,myanmar_2025-06-05
14.0,96.6,Outside Myanmar,myanmar_2025-06-05
14.0,96.7,Outside Myanmar,myanmar_2025-06-05
14.0,96.8,Outside Myanmar,myanmar_2025-06-05
14.0,96.9,Outside Myanmar,myanmar_2025-06-05
14.0,97.0,Outside Myanmar,myanmar_2025-06-05
14.0,97.1,Outside Myanmar,myanmar_2025-06-05
14.0,97.2,Outside Myanmar,myanmar_2025-06-05
14.0,97.3,Outside Myanmar,myanmar_2025-06-05
14.0,97.4,Outside Myanmar,myanmar_2025-06-05
14.0,97.5,Outside Myanmar,myanmar_2025-06-05
14.0,97.6,Outside Myanmar,myanmar_2025-06-05
14.0,97.7,Outside Myanmar,myanmar_2025-06-05
14.0,97.8,Outside Myanmar,myanmar_2025-06-05
14.0,97.9,Outside Myanmar,myanmar_2025-06-05
14.0,98.0,Outside Myanmar,myanmar_2025-06-05
14.0,98.1,PDF,myanmar_2025-06-05
14.0,98.2,Junta,myanmar_2025-06-05
14.0,98.3,Junta,myanmar_2025-06-05
14.0,98.4,Junta,myanmar_2025-06-05
14.0,98.5,Junta,myanmar_2025-06-05
14.0,98.6,Karen,myanmar_2025-06-05
14.0,98.7,Karen,myanmar_2025-06-05
14.0,98.8,Karen,myanmar_2025-06-05
14.0,98.9,Karen,myanmar_2025-06-05
14.0,99.0,Karen,myanmar_2025-06-05
14.0,99.1,Outside Myanmar,myanmar_2025-06-05
14.0,99.2,Outside Myanmar,myanmar_2025-06-05
14.0,99.3,Outside Myanmar,myanmar_2025-06-05
14.0,99.4,Outside Myanmar,myanmar_2025-06-05
14.0,99.5,Outside Myanmar,myanmar_2025-06-05
14.0,99.6,Outside Myanmar,myanmar_2025-06-05
14.0,99.7,Outside Myanmar,myanmar_2025-06-05
14.0,99.8,Outside Myanmar,myanmar_2025-06-05
14.0,99.9,Outside Myanmar,myanmar_2025-06-05
14.0,100.0,Outside Myanmar,myanmar_2025-06-05
14.0,100.1,Outside Myanmar,myanmar_2025-06-05
14.0,100.2,Outside Myanmar,myanmar_2025-06-05
14.0,100.3,Outside Myanmar,myanmar_2025-06-05
14.0,100.4,Outside Myanmar,myanmar_2025-06-05
14.0,100.5,Outside Myanmar,myanmar_2025-06-05
14.0,100.6,Outside Myanmar,myanmar_2025-06-05
14.0,100.7,Outside Myanmar,myanmar_2025-06-05
14.0,100.8,Outside Myanmar,myanmar_2025-06-05
14.0,100.9,Outside Myanmar,myanmar_2025-06-05
14.0,101.0,Outside Myanmar,myanmar_2025-06-05
14.0,101.1,Outside Myanmar,myanmar_2025-06-05
14.0,101.2,Outside Myanmar,myanmar_2025-06-05
14.0,101.3,Outside Myanmar,myanmar_2025-06-05
14.0,101.4,Outside Myanmar,myanmar_2025-06-05
14.1,92.0,Outside Myanmar,myanmar_2025-06-05
14.1,92.1,Outside Myanmar,myanmar_2025-06-05
14.1,92.2,Outside Myanmar,myanmar_2025-06-05
14.1,92.3,Outside Myanmar,myanmar_2025-06-05
14.1,92.4,Outside Myanmar,myanmar_2025-06-05
14.1,92.5,Outside Myanmar,myanmar_2025-06-05
14.1,92.6,Outside Myanmar,myanmar_2025-06-05
14.1,92.7,Outside Myanmar,myanmar_2025-06-05
14.1,92.8,Outside Myanmar,myanmar_2025-06-05
14.1,92.9,Outside Myanmar,myanmar_2025-06-05
14.1,93.0,Outside Myanmar,myanmar_2025-06-05
14.1,93.1,Outside Myanmar,myanmar_2025-06-05
14.1,93.2,Outside Myanmar,myanmar_2025-06-05
14.1,93.3,Outside Myanmar,myanmar_2025-06-05
14.1,93.4,Outside Myanmar,myanmar_2025-06-05
14.1,93.5,Outside Myanmar,myanmar_2025-06-05
14.1,93.6,Outside Myanmar,myanmar_2025-06-05
14.1,93.7,Outside Myanmar,myanmar_2025-06-05
14.1,93.8,Outside Myanmar,myanmar_2025-06-05
14.1,93.9,Outside Myanmar,myanmar_2025-06-05
14.1,94.0,Outside Myanmar,myanmar_2025-06-05
14.1,94.1,Outside Myanmar,myanmar_2025-06-05
14.1,94.2,Outside Myanmar,myanmar_2025-06-05
14.1,94.3,Outside Myanmar,myanmar_2025-06-05
14.1,94.4,Outside Myanmar,myanmar_2025-06-05
14.1,94.5,Outside Myanmar,myanmar_2025-06-05
14.1,94.6,Outside Myanmar,myanmar_2025-06-05
14.1,94.7,Outside Myanmar,myanmar_2025-06-05
14.1,94.8,Outside Myanmar,myanmar_2025-06-05
14.1,94.9,Outside Myanmar,myanmar_2025-06-05
14.1,95.0,Outside Myanmar,myanmar_2025-06-05
14.1,95.1,Outside Myanmar,myanmar_2025-06-05
14.1,95.2,Outside Myanmar,myanmar_2025-06-05
14.1,95.3,Outside Myanmar,myanmar_2025-06-05
14.1,95.4,Outside Myanmar,myanmar_2025-06-05
14.1,95.5,Outside Myanmar,myanmar_2025-06-05
14.1,95.6,Outside Myanmar,myanmar_2025-06-05
14.1,95.7,Outside Myanmar,myanmar_2025-06-05
14.1,95.8,Outside Myanmar,myanmar_2025-06-05
14.1,95.9,Outside Myanmar,myanmar_2025-06-05
14.1,96.0,Outside Myanmar,myanmar_2025-06-05
14.1,96.1,Outside Myanmar,myanmar_2025-06-05
14.1,96.2,Outside Myanmar,myanmar_2025-06-05
14.1,96.3,Outside Myanmar,myanmar_2025-06-05
14.1,96.4,Outside Myanmar,myanmar_2025-06-05
14.1,96.5,Outside Myanmar,myanmar_2025-06-05
14.1,96.6,Outside Myanmar,myanmar_2025-06-05
14.1,96.7,Outside Myanmar,myanmar_2025-06-05
14.1,96.8,Outside Myanmar,myanmar_2025-06-05
14.1,96.9,Outside Myanmar,myanmar_2025-06-05
14.1,97.0,Outside Myanmar,myanmar_2025-06-05
14.1,97.1,Outside Myanmar,myanmar_2025-06-05
14.1,97.2,Outside Myanmar,myanmar_2025-06-05
14.1,97.3,Outside Myanmar,myanmar_2025-06-05
14.1,97.4,Outside Myanmar,myanmar_2025-06-05
14.1,97.5,Outside Myanmar,myanmar_2025-06-05
14.1,97.6,Outside Myanmar,myanmar_2025-06-05
14.1,97.7,Outside Myanmar,myanmar_2025-06-05
14.1,97.8,Outside Myanmar,myanmar_2025-06-05
14.1,97.9,Outside Myanmar,myanmar_2025-06-05
14.1,98.0,Outside Myanmar,myanmar_2025-06-05
14.1,98.1,Junta,myanmar_2025-06-05
14.1,98.2,Junta,myanmar_2025-06-05
14.1,98.3,Junta,myanmar_2025-06-05
14.1,98.4,Junta,myanmar_2025-06-05
14.1,98.5,Junta,myanmar_2025-06-05
14.1,98.6,Karen,myanmar_2025-06-05
14.1,98.7,Karen,myanmar_2025-06-05
14.1,98.8,Karen,myanmar_2025-06-05
14.1,98.9,Karen,myanmar_2025-06-05
14.1,99.0,Karen,myanmar_2025-06-05
14.1,99.1,Outside Myanmar,myanmar_2025-06-05
14.1,99.2,Outside Myanmar,myanmar_2025-06-05
14.1,99.3,Outside Myanmar,myanmar_2025-06-05
14.1,99.4,Outside Myanmar,myanmar_2025-06-05
14.1,99.5,Outside Myanmar,myanmar_2025-06-05
14.1,99.6,Outside Myanmar,myanmar_2025-06-05
14.1,99.7,Outside Myanmar,myanmar_2025-06-05
14.1,99.8,Outside Myanmar,myanmar_2025-06-05
14.1,99.9,Outside Myanmar,myanmar_2025-06-05
14.1,100.0,Outside Myanmar,myanmar_2025-06-05
14.1,100.1,Outside Myanmar,myanmar_2025-06-05
14.1,100.2,Outside Myanmar,myanmar_2025-06-05
14.1,100.3,Outside Myanmar,myanmar_2025-06-05
14.1,100.4,Outside Myanmar,myanmar_2025-06-05
14.1,100.5,Outside Myanmar,myanmar_2025-06-05
14.1,100.6,Outside Myanmar,myanmar_2025-06-05
14.1,100.7,Outside Myanmar,myanmar_2025-06-05
14.1,100.8,Outside Myanmar,myanmar_2025-06-05
14.1,100.9,Outside Myanmar,myanmar_2025-06-05
14.1,101.0,Outside Myanmar,myanmar_2025-06-05
14.1,101.1,Outside Myanmar,myanmar_2025-06-05
14.1,101.2,Outside Myanmar,myanmar_2025-06-05
14.1,101.3,Outside Myanmar,myanmar_2025-06-05
14.1,101.4,Outside Myanmar,myanmar_2025-06-05
14.2,92.0,Outside Myanmar,myanmar_2025-06-05
14.2,92.1,Outside Myanmar,myanmar_2025-06-05
14.2,92.2,Outside Myanmar,myanmar_2025-06-05
14.2,92.3,Outside Myanmar,myanmar_2025-06-05
14.2,92.4,Outside Myanmar,myanmar_2025-06-05
14.2,92.5,Outside Myanmar,myanmar_2025-06-05
14.2,92.6,Outside Myanmar,myanmar_2025-06-05
14.2,92.7,Outside Myanmar,myanmar_2025-06-05
14.2,92.8,Outside Myanmar,myanmar_2025-06-05
14.2,92.9,Outside Myanmar,myanmar_2025-06-05
14.2,93.0,Outside Myanmar,myanmar_2025-06-05
14.2,93.1,Outside Myanmar,myanmar_2025-06-05
14.2,93.2,Outside Myanmar,myanmar_2025-06-05
14.2,93.3,Outside Myanmar,myanmar_2025-06-05
14.2,93.4,Outside Myanmar,myanmar_2025-06-05
14.2,93.5,Outside Myanmar,myanmar_2025-06-05
14.2,93.6,Outside Myanmar,myanmar_2025-06-05
14.2,93.7,Outside Myanmar,myanmar_2025-06-05
14.2,93.8,Outside Myanmar,myanmar_2025-06-05
14.2,93.9,Outside Myanmar,myanmar_2025-06-05
14.2,94.0,Outside Myanmar,myanmar_2025-06-05
14.2,94.1,Outside Myanmar,myanmar_2025-06-05
14.2,94.2,Outside Myanmar,myanmar_2025-06-05
14.2,94.3,Outside Myanmar,myanmar_2025-06-05
14.2,94.4,Outside Myanmar,myanmar_2025-06-05
14.2,94.5,Outside Myanmar,myanmar_2025-06-05
14.2,94.6,Outside Myanmar,myanmar_2025-06-05
14.2,94.7,Outside Myanmar,myanmar_2025-06-05
14.2,94.8,Outside Myanmar,myanmar_2025-06-05
14.2,94.9,Outside Myanmar,myanmar_2025-06-05
14.2,95.0,Outside Myanmar,myanmar_2025-06-05
14.2,95.1,Outside Myanmar,myanmar_2025-06-05
14.2,95.2,Outside Myanmar,myanmar_2025-06-05
14.2,95.3,Outside Myanmar,myanmar_2025-06-05
14.2,95.4,Outside Myanmar,myanmar_2025-06-05
14.2,95.5,Outside Myanmar,myanmar_2025-06-05
14.2,95.6,Outside Myanmar,myanmar_2025-06-05
14.2,95.7,Outside Myanmar,myanmar_2025-06-05
14.2,95.8,Outside Myanmar,myanmar_2025-06-05
14.2,95.9,Outside Myanmar,myanmar_2025-06-05
14.2,96.0,Outside Myanmar,myanmar_2025-06-05
14.2,96.1,Outside Myanmar,myanmar_2025-06-05
14.2,96.2,Outside Myanmar,myanmar_2025-06-05
14.2,96.3,Outside Myanmar,myanmar_2025-06-05
14.2,96.4,Outside Myanmar,myanmar_2025-06-05
14.2,96.5,Outside Myanmar,myanmar_2025-06-05
14.2,96.6,Outside Myanmar,myanmar_2025-06-05
14.2,96.7,Outside Myanmar,myanmar_2025-06-05
14.2,96.8,Outside Myanmar,myanmar_2025-06-05
14.2,96.9,Outside Myanmar,myanmar_2025-06-05
14.2,97.0,Outside Myanmar,myanmar_2025-06-05
14.2,97.1,Outside Myanmar,myanmar_2025-06-05
14.2,97.2,Outside Myanmar,myanmar_2025-06-05
14.2,97.3,Outside Myanmar,myanmar_2025-06-05
14.2,97.4,Outside Myanmar,myanmar_2025-06-05
14.2,97.5,Outside Myanmar,myanmar_2025-06-05
14.2,97.6,Outside Myanmar,myanmar_2025-06-05
14.2,97.7,Outside Myanmar,myanmar_2025-06-05
14.2,97.8,Outside Myanmar,myanmar_2025-06-05
14.2,97.9,Outside Myanmar,myanmar_2025-06-05
14.2,98.0,Outside Myanmar,myanmar_2025-06-05
14.2,98.1,Junta,myanmar_2025-06-05
14.2,98.2,Junta,myanmar_2025-06-05
14.2,98.3,Junta,myanmar_2025-06-05
14.2,98.4,Junta,myanmar_2025-06-05
14.2,98.5,Junta,myanmar_2025-06-05
14.2,98.6,Karen,myanmar_2025-06-05
14.2,98.7,Karen,myanmar_2025-06-05
14.2,98.8,Karen,myanmar_2025-06-05
14.2,98.9,Karen,myanmar_2025-06-05
14.2,99.0,Outside Myanmar,myanmar_2025-06-05
14.2,99.1,Outside Myanmar,myanmar_2025-06-05
14.2,99.2,Outside Myanmar,myanmar_2025-06-05
14.2,99.3,Outside Myanmar,myanmar_2025-06-05
14.2,99.4,Outside Myanmar,myanmar_2025-06-05
14.2,99.5,Outside Myanmar,myanmar_2025-06-05
14.2,99.6,Outside Myanmar,myanmar_2025-06-05
14.2,99.7,Outside Myanmar,myanmar_2025-06-05
14.2,99.8,Outside Myanmar,myanmar_2025-06-05
14.2,99.9,Outside Myanmar,myanmar_2025-06-05
14.2,100.0,Outside Myanmar,myanmar_2025-06-05
14.2,100.1,Outside Myanmar,myanmar_2025-06-05
14.2,100.2,Outside Myanmar,myanmar_2025-06-05
14.2,100.3,Outside Myanmar,myanmar_2025-06-05
14.2,100.4,Outside Myanmar,myanmar_2025-06-05
14.2,100.5,Outside Myanmar,myanmar_2025-06-05
14.2,100.6,Outside Myanmar,myanmar_2025-06-05
14.2,100.7,Outside Myanmar,myanmar_2025-06-05
14.2,100.8,Outside Myanmar,myanmar_2025-06-05
14.2,100.9,Outside Myanmar,myanmar_2025-06-05
14.2,101.0,Outside Myanmar,myanmar_2025-06-05
14.2,101.1,Outside Myanmar,myanmar_2025-06-05
14.2,101.2,Outside Myanmar,myanmar_2025-06-05
14.2,101.3,Outside Myanmar,myanmar_2025-06-05
14.2,101.4,Outside Myanmar,myanmar_2025-06-05
14.3,92.0,Outside Myanmar,myanmar_2025-06-05
14.3,92.1,Outside Myanmar,myanmar_2025-06-05
14.3,92.2,Outside Myanmar,myanmar_2025-06-05
14.3,92.3,Outside Myanmar,myanmar_2025-06-05
14.3,92.4,Outside Myanmar,myanmar_2025-06-05
14.3,92.5,Outside Myanmar,myanmar_2025-06-05
14.3,92.6,Outside Myanmar,myanmar_2025-06-05
14.3,92.7,Outside Myanmar,myanmar_2025-06-05
14.3,92.8,Outside Myanmar,myanmar_2025-06-05
14.3,92.9,Outside Myanmar,myanmar_2025-06-05
14.3,93.0,Outside Myanmar,myanmar_2025-06-05
14.3,93.1,Outside Myanmar,myanmar_2025-06-05
14.3,93.2,Outside Myanmar,myanmar_2025-06-05
14.3,93.3,Outside Myanmar,myanmar_2025-06-05
14.3,93.4,Outside Myanmar,myanmar_2025-06-05
14.3,93.5,Outside Myanmar,myanmar_2025-06-05
14.3,93.6,Outside Myanmar,myanmar_2025-06-05
14.3,93.7,Outside Myanmar,myanmar_2025-06-05
14.3,93.8,Outside Myanmar,myanmar_2025-06-05
14.3,93.9,Outside Myanmar,myanmar_2025-06-05
14.3,94.0,Outside Myanmar,myanmar_2025-06-05
14.3,94.1,Outside Myanmar,myanmar_2025-06-05
14.3,94.2,Outside Myanmar,myanmar_2025-06-05
14.3,94.3,Outside Myanmar,myanmar_2025-06-05
14.3,94.4,Outside Myanmar,myanmar_2025-06-05
14.3,94.5,Outside Myanmar,myanmar_2025-06-05
14.3,94.6,Outside Myanmar,myanmar_2025-06-05
14.3,94.7,Outside Myanmar,myanmar_2025-06-05
14.3,94.8,Outside Myanmar,myanmar_2025-06-05
14.3,94.9,Outside Myanmar,myanmar_2025-06-05
14.3,95.0,Outside Myanmar,myanmar_2025-06-05
14.3,95.1,Outside Myanmar,myanmar_2025-06-05
14.3,95.2,Outside Myanmar,myanmar_2025-06-05
14.3,95.3,Outside Myanmar,myanmar_2025-06-05
14.3,95.4,Outside Myanmar,myanmar_2025-06-05
14.3,95.5,Outside Myanmar,myanmar_2025-06-05
14.3,95.6,Outside Myanmar,myanmar_2025-06-05
14.3,95.7,Outside Myanmar,myanmar_2025-06-05
14.3,95.8,Outside Myanmar,myanmar_2025-06-05
14.3,95.9,Outside Myanmar,myanmar_2025-06-05
14.3,96.0,Outside Myanmar,myanmar_2025-06-05
14.3,96.1,Outside Myanmar,myanmar_2025-06-05
14.3,96.2,Outside Myanmar,myanmar_2025-06-05
14.3,96.3,Outside Myanmar,myanmar_2025-06-05
14.3,96.4,Outside Myanmar,myanmar_2025-06-05
14.3,96.5,Outside Myanmar,myanmar_2025-06-05
14.3,96.6,Outside Myanmar,myanmar_2025-06-05
14.3,96.7,Outside Myanmar,myanmar_2025-06-05
14.3,96.8,Outside Myanmar,myanmar_2025-06-05
14.3,96.9,Outside Myanmar,myanmar_2025-06-05
14.3,97.0,Outside Myanmar,myanmar_2025-06-05
14.3,97.1,Outside Myanmar,myanmar_2025-06-05
14.3,97.2,Outside Myanmar,myanmar_2025-06-05
14.3,97.3,Outside Myanmar,myanmar_2025-06-05
14.3,97.4,Outside Myanmar,myanmar_2025-06-05
14.3,97.5,Outside Myanmar,myanmar_2025-06-05
14.3,97.6,Outside Myanmar,myanmar_2025-06-05
14.3,97.7,Outside Myanmar,myanmar_2025-06-05
14.3,97.8,Outside Myanmar,myanmar_2025-06-05
14.3,97.9,Outside Myanmar,myanmar_2025-06-05
14.3,98.0,Outside Myanmar,myanmar_2025-06-05
14.3,98.1,Junta,myanmar_2025-06-05
14.3,98.2,Junta,myanmar_2025-06-05
14.3,98.3,PDF,myanmar_2025-06-05
14.3,98.4,PDF,myanmar_2025-06-05
14.3,98.5,Karen,myanmar_2025-06-05
14.3,98.6,Karen,myanmar_2025-06-05
14.3,98.7,Karen,myanmar_2025-06-05
14.3,98.8,Karen,myanmar_2025-06-05
14.3,98.9,Outside Myanmar,myanmar_2025-06-05
14.3,99.0,Outside Myanmar,myanmar_2025-06-05
14.3,99.1,Outside Myanmar,myanmar_2025-06-05
14.3,99.2,Outside Myanmar,myanmar_2025-06-05
14.3,99.3,Outside Myanmar,myanmar_2025-06-05
14.3,99.4,Outside Myanmar,myanmar_2025-06-05
14.3,99.5,Outside Myanmar,myanmar_2025-06-05
14.3,99.6,Outside Myanmar,myanmar_2025-06-05
14.3,99.7,Outside Myanmar,myanmar_2025-06-05
14.3,99.8,Outside Myanmar,myanmar_2025-06-05
14.3,99.9,Outside Myanmar,myanmar_2025-06-05
14.3,100.0,Outside Myanmar,myanmar_2025-06-05
14.3,100.1,Outside Myanmar,myanmar_2025-06-05
14.3,100.2,Outside Myanmar,myanmar_2025-06-05
14.3,100.3,Outside Myanmar,myanmar_2025-06-05
14.3,100.4,Outside Myanmar,myanmar_2025-06-05
14.3,100.5,Outside Myanmar,myanmar_2025-06-05
14.3,100.6,Outside Myanmar,myanmar_2025-06-05
14.3,100.7,Outside Myanmar,myanmar_2025-06-05
14.3,100.8,Outside Myanmar,myanmar_2025-06-05
14.3,100.9,Outside Myanmar,myanmar_2025-06-05
14.3,101.0,Outside Myanmar,myanmar_2025-06-05
14.3,101.1,Outside Myanmar,myanmar_2025-06-05
14.3,101.2,Outside Myanmar,myanmar_2025-06-05
14.3,101.3,Outside Myanmar,myanmar_2025-06-05
14.3,101.4,Outside Myanmar,myanmar_2025-06-05
14.4,92.0,Outside Myanmar,myanmar_2025-06-05
14.4,92.1,Outside Myanmar,myanmar_2025-06-05
14.4,92.2,Outside Myanmar,myanmar_2025-06-05
14.4,92.3,Outside Myanmar,myanmar_2025-06-05
14.4,92.4,Outside Myanmar,myanmar_2025-06-05
14.4,92.5,Outside Myanmar,myanmar_2025-06-05
14.4,92.6,Outside Myanmar,myanmar_2025-06-05
14.4,92.7,Outside Myanmar,myanmar_2025-06-05
14.4,92.8,Outside Myanmar,myanmar_2025-06-05
14.4,92.9,Outside Myanmar,myanmar_2025-06-05
14.4,93.0,Outside Myanmar,myanmar_2025-06-05
14.4,93.1,Outside Myanmar,myanmar_2025-06-05
14.4,93.2,Outside Myanmar,myanmar_2025-06-05
14.4,93.3,Outside Myanmar,myanmar_2025-06-05
14.4,93.4,Outside Myanmar,myanmar_2025-06-05
14.4,93.5,Outside Myanmar,myanmar_2025-06-05
14.4,93.6,Outside Myanmar,myanmar_2025-06-05
14.4,93.7,Outside Myanmar,myanmar_2025-06-05
14.4,93.8,Outside Myanmar,myanmar_2025-06-05
14.4,93.9,Outside Myanmar,myanmar_2025-06-05
14.4,94.0,Outside Myanmar,myanmar_2025-06-05
14.4,94.1,Outside Myanmar,myanmar_2025-06-05
14.4,94.2,Outside Myanmar,myanmar_2025-06-05
14.4,94.3,Outside Myanmar,myanmar_2025-06-05
14.4,94.4,Outside Myanmar,myanmar_2025-06-05
14.4,94.5,Outside Myanmar,myanmar_2025-06-05
14.4,94.6,Outside Myanmar,myanmar_2025-06-05
14.4,94.7,Outside Myanmar,myanmar_2025-06-05
14.4,94.8,Outside Myanmar,myanmar_2025-06-05
14.4,94.9,Outside Myanmar,myanmar_2025-06-05
14.4,95.0,Outside Myanmar,myanmar_2025-06-05
14.4,95.1,Outside Myanmar,myanmar_2025-06-05
14.4,95.2,Outside Myanmar,myanmar_2025-06-05
14.4,95.3,Outside Myanmar,myanmar_2025-06-05
14.4,95.4,Outside Myanmar,myanmar_2025-06-05
14.4,95.5,Outside Myanmar,myanmar_2025-06-05
14.4,95.6,Outside Myanmar,myanmar_2025-06-05
14.4,95.7,Outside Myanmar,myanmar_2025-06-05
14.4,95.8,Outside Myanmar,myanmar_2025-06-05
14.4,95.9,Outside Myanmar,myanmar_2025-06-05
14.4,96.0,Outside Myanmar,myanmar_2025-06-05
14.4,96.1,Outside Myanmar,myanmar_2025-06-05
14.4,96.2,Outside Myanmar,myanmar_2025-06-05
14.4,96.3,Outside Myanmar,myanmar_2025-06-05
14.4,96.4,Outside Myanmar,myanmar_2025-06-05
14.4,96.5,Outside Myanmar,myanmar_2025-06-05
14.4,96.6,Outside Myanmar,myanmar_2025-06-05
14.4,96.7,Outside Myanmar,myanmar_2025-06-05
14.4,96.8,Outside Myanmar,myanmar_2025-06-05
14.4,96.9,Outside Myanmar,myanmar_2025-06-05
14.4,97.0,Outside Myanmar,myanmar_2025-06-05
14.4,97.1,Outside Myanmar,myanmar_2025-06-05
14.4,97.2,Outside Myanmar,myanmar_2025-06-05
14.4,97.3,Outside Myanmar,myanmar_2025-06-05
14.4,97.4,Outside Myanmar,myanmar_2025-06-05
14.4,97.5,Outside Myanmar,myanmar_2025-06-05
14.4,97.6,Outside Myanmar,myanmar_2025-06-05
14.4,97.7,Outside Myanmar,myanmar_2025-06-05
14.4,97.8,Outside Myanmar,myanmar_2025-06-05
14.4,97.9,Outside Myanmar,myanmar_2025-06-05
14.4,98.0,Junta,myanmar_2025-06-05
14.4,98.1,Junta,myanmar_2025-06-05
14.4,98.2,Junta,myanmar_2025-06-05
14.4,98.3,PDF,myanmar_2025-06-05
14.4,98.4,PDF,myanmar_2025-06-05
14.4,98.5,Karen,myanmar_2025-06-05
14.4,98.6,Karen,myanmar_2025-06-05
14.4,98.7,Outside Myanmar,myanmar_2025-06-05
14.4,98.8,Outside Myanmar,myanmar_2025-06-05
14.4,98.9,Outside Myanmar,myanmar_2025-06-05
14.4,99.0,Outside Myanmar,myanmar_2025-06-05
14.4,99.1,Outside Myanmar,myanmar_2025-06-05
14.4,99.2,Outside Myanmar,myanmar_2025-06-05
14.4,99.3,Outside Myanmar,myanmar_2025-06-05
14.4,99.4,Outside Myanmar,myanmar_2025-06-05
14.4,99.5,Outside Myanmar,myanmar_2025-06-05
14.4,99.6,Outside Myanmar,myanmar_2025-06-05
14.4,99.7,Outside Myanmar,myanmar_2025-06-05
14.4,99.8,Outside Myanmar,myanmar_2025-06-05
14.4,99.9,Outside Myanmar,myanmar_2025-06-05
14.4,100.0,Outside Myanmar,myanmar_2025-06-05
14.4,100.1,Outside Myanmar,myanmar_2025-06-05
14.4,100.2,Outside Myanmar,myanmar_2025-06-05
14.4,100.3,Outside Myanmar,myanmar_2025-06-05
14.4,100.4,Outside Myanmar,myanmar_2025-06-05
14.4,100.5,Outside Myanmar,myanmar_2025-06-05
14.4,100.6,Outside Myanmar,myanmar_2025-06-05
14.4,100.7,Outside Myanmar,myanmar_2025-06-05
14.4,100.8,Outside Myanmar,myanmar_2025-06-05
14.4,100.9,Outside Myanmar,myanmar_2025-06-05
14.4,101.0,Outside Myanmar,myanmar_2025-06-05
14.4,101.1,Outside Myanmar,myanmar_2025-06-05
14.4,101.2,Outside Myanmar,myanmar_2025-06-05
14.4,101.3,Outside Myanmar,myanmar_2025-06-05
14.4,101.4,Outside Myanmar,myanmar_2025-06-05
14.5,92.0,Outside Myanmar,myanmar_2025-06-05
14.5,92.1,Outside Myanmar,myanmar_2025-06-05
14.5,92.2,Outside Myanmar,myanmar_2025-06-05
14.5,92.3,Outside Myanmar,myanmar_2025-06-05
14.5,92.4,Outside Myanmar,myanmar_2025-06-05
14.5,92.5,Outside Myanmar,myanmar_2025-06-05
14.5,92.6,Outside Myanmar,myanmar_2025-06-05
14.5,92.7,Outside Myanmar,myanmar_2025-06-05
14.5,92.8,Outside Myanmar,myanmar_2025-06-05
14.5,92.9,Outside Myanmar,myanmar_2025-06-05
14.5,93.0,Outside Myanmar,myanmar_2025-06-05
14.5,93.1,Outside Myanmar,myanmar_2025-06-05
14.5,93.2,Outside Myanmar,myanmar_2025-06-05
14.5,93.3,Outside Myanmar,myanmar_2025-06-05
14.5,93.4,Outside Myanmar,myanmar_2025-06-05
14.5,93.5,Outside Myanmar,myanmar_2025-06-05
14.5,93.6,Outside Myanmar,myanmar_2025-06-05
14.5,93.7,Outside Myanmar,myanmar_2025-06-05
14.5,93.8,Outside Myanmar,myanmar_2025-06-05
14.5,93.9,Outside Myanmar,myanmar_2025-06-05
14.5,94.0,Outside Myanmar,myanmar_2025-06-05
14.5,94.1,Outside Myanmar,myanmar_2025-06-05
14.5,94.2,Outside Myanmar,myanmar_2025-06-05
14.5,94.3,Outside Myanmar,myanmar_2025-06-05
14.5,94.4,Outside Myanmar,myanmar_2025-06-05
14.5,94.5,Outside Myanmar,myanmar_2025-06-05
14.5,94.6,Outside Myanmar,myanmar_2025-06-05
14.5,94.7,Outside Myanmar,myanmar_2025-06-05
14.5,94.8,Outside Myanmar,myanmar_2025-06-05
14.5,94.9,Outside Myanmar,myanmar_2025-06-05
14.5,95.0,Outside Myanmar,myanmar_2025-06-05
14.5,95.1,Outside Myanmar,myanmar_2025-06-05
14.5,95.2,Outside Myanmar,myanmar_2025-06-05
14.5,95.3,Outside Myanmar,myanmar_2025-06-05
14.5,95.4,Outside Myanmar,myanmar_2025-06-05
14.5,95.5,Outside Myanmar,myanmar_2025-06-05
14.5,95.6,Outside Myanmar,myanmar_2025-06-05
14.5,95.7,Outside Myanmar,myanmar_2025-06-05
14.5,95.8,Outside Myanmar,myanmar_2025-06-05
14.5,95.9,Outside Myanmar,myanmar_2025-06-05
14.5,96.0,Outside Myanmar,myanmar_2025-06-05
14.5,96.1,Outside Myanmar,myanmar_2025-06-05
14.5,96.2,Outside Myanmar,myanmar_2025-06-05
14.5,96.3,Outside Myanmar,myanmar_2025-06-05
14.5,96.4,Outside Myanmar,myanmar_2025-06-05
14.5,96.5,Outside Myanmar,myanmar_2025-06-05
14.5,96.6,Outside Myanmar,myanmar_2025-06-05
14.5,96.7,Outside Myanmar,myanmar_2025-06-05
14.5,96.8,Outside Myanmar,myanmar_2025-06-05
14.5,96.9,Outside Myanmar,myanmar_2025-06-05
14.5,97.0,Outside Myanmar,myanmar_2025-06-05
14.5,97.1,Outside Myanmar,myanmar_2025-06-05
14.5,97.2,Outside Myanmar,myanmar_2025-06-05
14.5,97.3,Outside Myanmar,myanmar_2025-06-05
14.5,97.4,Outside Myanmar,myanmar_2025-06-05
14.5,97.5,Outside Myanmar,myanmar_2025-06-05
14.5,97.6,Outside Myanmar,myanmar_2025-06-05
14.5,97.7,Outside Myanmar,myanmar_2025-06-05
14.5,97.8,Outside Myanmar,myanmar_2025-06-05
14.5,97.9,Outside Myanmar,myanmar_2025-06-05
14.5,98.0,Junta,myanmar_2025-06-05
14.5,98.1,Junta,myanmar_2025-06-05
14.5,98.2,Karen,myanmar_2025-06-05
14.5,98.3,Karen,myanmar_2025-06-05
14.5,98.4,Karen,myanmar_2025-06-05
14.5,98.5,Karen,myanmar_2025-06-05
14.5,98.6,Outside Myanmar,myanmar_2025-06-05
14.5,98.7,Outside Myanmar,myanmar_2025-06-05
14.5,98.8,Outside Myanmar,myanmar_2025-06-05
14.5,98.9,Outside Myanmar,myanmar_2025-06-05
14.5,99.0,Outside Myanmar,myanmar_2025-06-05
14.5,99.1,Outside Myanmar,myanmar_2025-06-05
14.5,99.2,Outside Myanmar,myanmar_2025-06-05
14.5,99.3,Outside Myanmar,myanmar_2025-06-05
14.5,99.4,Outside Myanmar,myanmar_2025-06-05
14.5,99.5,Outside Myanmar,myanmar_2025-06-05
14.5,99.6,Outside Myanmar,myanmar_2025-06-05
14.5,99.7,Outside Myanmar,myanmar_2025-06-05
14.5,99.8,Outside Myanmar,myanmar_2025-06-05
14.5,99.9,Outside Myanmar,myanmar_2025-06-05
14.5,100.0,Outside Myanmar,myanmar_2025-06-05
14.5,100.1,Outside Myanmar,myanmar_2025-06-05
14.5,100.2,Outside Myanmar,myanmar_2025-06-05
14.5,100.3,Outside Myanmar,myanmar_2025-06-05
14.5,100.4,Outside Myanmar,myanmar_2025-06-05
14.5,100.5,Outside Myanmar,myanmar_2025-06-05
14.5,100.6,Outside Myanmar,myanmar_2025-06-05
14.5,100.7,Outside Myanmar,myanmar_2025-06-05
14.5,100.8,Outside Myanmar,myanmar_2025-06-05
14.5,100.9,Outside Myanmar,myanmar_2025-06-05
14.5,101.0,Outside Myanmar,myanmar_2025-06-05
14.5,101.1,Outside Myanmar,myanmar_2025-06-05
14.5,101.2,Outside Myanmar,myanmar_2025-06-05
14.5,101.3,Outside Myanmar,myanmar_2025-06-05
14.5,101.4,Outside Myanmar,myanmar_2025-06-05
14.6,92.0,Outside Myanmar,myanmar_2025-06-05
14.6,92.1,Outside Myanmar,myanmar_2025-06-05
14.6,92.2,Outside Myanmar,myanmar_2025-06-05
14.6,92.3,Outside Myanmar,myanmar_2025-06-05
14.6,92.4,Outside Myanmar,myanmar_2025-06-05
14.6,92.5,Outside Myanmar,myanmar_2025-06-05
14.6,92.6,Outside Myanmar,myanmar_2025-06-05
14.6,92.7,Outside Myanmar,myanmar_2025-06-05
14.6,92.8,Outside Myanmar,myanmar_2025-06-05
14.6,92.9,Outside Myanmar,myanmar_2025-06-05
14.6,93.0,Outside Myanmar,myanmar_2025-06-05
14.6,93.1,Outside Myanmar,myanmar_2025-06-05
14.6,93.2,Outside Myanmar,myanmar_2025-06-05
14.6,93.3,Outside Myanmar,myanmar_2025-06-05
14.6,93.4,Outside Myanmar,myanmar_2025-06-05
14.6,93.5,Outside Myanmar,myanmar_2025-06-05
14.6,93.6,Outside Myanmar,myanmar_2025-06-05
14.6,93.7,Outside Myanmar,myanmar_2025-06-05
14.6,93.8,Outside Myanmar,myanmar_2025-06-05
14.6,93.9,Outside Myanmar,myanmar_2025-06-05
14.6,94.0,Outside Myanmar,myanmar_2025-06-05
14.6,94.1,Outside Myanmar,myanmar_2025-06-05
14.6,94.2,Outside Myanmar,myanmar_2025-06-05
14.6,94.3,Outside Myanmar,myanmar_2025-06-05
14.6,94.4,Outside Myanmar,myanmar_2025-06-05
14.6,94.5,Outside Myanmar,myanmar_2025-06-05
14.6,94.6,Outside Myanmar,myanmar_2025-06-05
14.6,94.7,Outside Myanmar,myanmar_2025-06-05
14.6,94.8,Outside Myanmar,myanmar_2025-06-05
14.6,94.9,Outside Myanmar,myanmar_2025-06-05
14.6,95.0,Outside Myanmar,myanmar_2025-06-05
14.6,95.1,Outside Myanmar,myanmar_2025-06-05
14.6,95.2,Outside Myanmar,myanmar_2025-06-05
14.6,95.3,Outside Myanmar,myanmar_2025-06-05
14.6,95.4,Outside Myanmar,myanmar_2025-06-05
14.6,95.5,Outside Myanmar,myanmar_2025-06-05
14.6,95.6,Outside Myanmar,myanmar_2025-06-05
14.6,95.7,Outside Myanmar,myanmar_2025-06-05
14.6,95.8,Outside Myanmar,myanmar_2025-06-05
14.6,95.9,Outside Myanmar,myanmar_2025-06-05
14.6,96.0,Outside Myanmar,myanmar_2025-06-05
14.6,96.1,Outside Myanmar,myanmar_2025-06-05
14.6,96.2,Outside Myanmar,myanmar_2025-06-05
14.6,96.3,Outside Myanmar,myanmar_2025-06-05
14.6,96.4,Outside Myanmar,myanmar_2025-06-05
14.6,96.5,Outside Myanmar,myanmar_2025-06-05
14.6,96.6,Outside Myanmar,myanmar_2025-06-05
14.6,96.7,Outside Myanmar,myanmar_2025-06-05
14.6,96.8,Outside Myanmar,myanmar_2025-06-05
14.6,96.9,Outside Myanmar,myanmar_2025-06-05
14.6,97.0,Outside Myanmar,myanmar_2025-06-05
14.6,97.1,Outside Myanmar,myanmar_2025-06-05
14.6,97.2,Outside Myanmar,myanmar_2025-06-05
14.6,97.3,Outside Myanmar,myanmar_2025-06-05
14.6,97.4,Outside Myanmar,myanmar_2025-06-05
14.6,97.5,Outside Myanmar,myanmar_2025-06-05
14.6,97.6,Outside Myanmar,myanmar_2025-06-05
14.6,97.7,Outside Myanmar,myanmar_2025-06-05
14.6,97.8,Outside Myanmar,myanmar_2025-06-05
14.6,97.9,Outside Myanmar,myanmar_2025-06-05
14.6,98.0,Junta,myanmar_2025-06-05
14.6,98.1,Junta,myanmar_2025-06-05
14.6,98.2,Karen,myanmar_2025-06-05
14.6,98.3,Karen,myanmar_2025-06-05
14.6,98.4,Karen,myanmar_2025-06-05
14.6,98.5,Karen,myanmar_2025-06-05
14.6,98.6,Outside Myanmar,myanmar_2025-06-05
14.6,98.7,Outside Myanmar,myanmar_2025-06-05
14.6,98.8,Outside Myanmar,myanmar_2025-06-05
14.6,98.9,Outside Myanmar,myanmar_2025-06-05
14.6,99.0,Outside Myanmar,myanmar_2025-06-05
14.6,99.1,Outside Myanmar,myanmar_2025-06-05
14.6,99.2,Outside Myanmar,myanmar_2025-06-05
14.6,99.3,Outside Myanmar,myanmar_2025-06-05
14.6,99.4,Outside Myanmar,myanmar_2025-06-05
14.6,99.5,Outside Myanmar,myanmar_2025-06-05
14.6,99.6,Outside Myanmar,myanmar_2025-06-05
14.6,99.7,Outside Myanmar,myanmar_2025-06-05
14.6,99.8,Outside Myanmar,myanmar_2025-06-05
14.6,99.9,Outside Myanmar,myanmar_2025-06-05
14.6,100.0,Outside Myanmar,myanmar_2025-06-05
14.6,100.1,Outside Myanmar,myanmar_2025-06-05
14.6,100.2,Outside Myanmar,myanmar_2025-06-05
14.6,100.3,Outside Myanmar,myanmar_2025-06-05
14.6,100.4,Outside Myanmar,myanmar_2025-06-05
14.6,100.5,Outside Myanmar,myanmar_2025-06-05
14.6,100.6,Outside Myanmar,myanmar_2025-06-05
14.6,100.7,Outside Myanmar,myanmar_2025-06-05
14.6,100.8,Outside Myanmar,myanmar_2025-06-05
14.6,100.9,Outside Myanmar,myanmar_2025-06-05
14.6,101.0,Outside Myanmar,myanmar_2025-06-05
14.6,101.1,Outside Myanmar,myanmar_2025-06-05
14.6,101.2,Outside Myanmar,myanmar_2025-06-05
14.6,101.3,Outside Myanmar,myanmar_2025-06-05
14.6,101.4,Outside Myanmar,myanmar_2025-06-05
14.7,92.0,Outside Myanmar,myanmar_2025-06-05
14.7,92.1,Outside Myanmar,myanmar_2025-06-05
14.7,92.2,Outside Myanmar,myanmar_2025-06-05
14.7,92.3,Outside Myanmar,myanmar_2025-06-05
14.7,92.4,Outside Myanmar,myanmar_2025-06-05
14.7,92.5,Outside Myanmar,myanmar_2025-06-05
14.7,92.6,Outside Myanmar,myanmar_2025-06-05
14.7,92.7,Outside Myanmar,myanmar_2025-06-05
14.7,92.8,Outside Myanmar,myanmar_2025-06-05
14.7,92.9,Outside Myanmar,myanmar_2025-06-05
14.7,93.0,Outside Myanmar,myanmar_2025-06-05
14.7,93.1,Outside Myanmar,myanmar_2025-06-05
14.7,93.2,Outside Myanmar,myanmar_2025-06-05
14.7,93.3,Outside Myanmar,myanmar_2025-06-05
14.7,93.4,Outside Myanmar,myanmar_2025-06-05
14.7,93.5,Outside Myanmar,myanmar_2025-06-05
14.7,93.6,Outside Myanmar,myanmar_2025-06-05
14.7,93.7,Outside Myanmar,myanmar_2025-06-05
14.7,93.8,Outside Myanmar,myanmar_2025-06-05
14.7,93.9,Outside Myanmar,myanmar_2025-06-05
14.7,94.0,Outside Myanmar,myanmar_2025-06-05
14.7,94.1,Outside Myanmar,myanmar_2025-06-05
14.7,94.2,Outside Myanmar,myanmar_2025-06-05
14.7,94.3,Outside Myanmar,myanmar_2025-06-05
14.7,94.4,Outside Myanmar,myanmar_2025-06-05
14.7,94.5,Outside Myanmar,myanmar_2025-06-05
14.7,94.6,Outside Myanmar,myanmar_2025-06-05
14.7,94.7,Outside Myanmar,myanmar_2025-06-05
14.7,94.8,Outside Myanmar,myanmar_2025-06-05
14.7,94.9,Outside Myanmar,myanmar_2025-06-05
14.7,95.0,Outside Myanmar,myanmar_2025-06-05
14.7,95.1,Outside Myanmar,myanmar_2025-06-05
14.7,95.2,Outside Myanmar,myanmar_2025-06-05
14.7,95.3,Outside Myanmar,myanmar_2025-06-05
14.7,95.4,Outside Myanmar,myanmar_2025-06-05
14.7,95.5,Outside Myanmar,myanmar_2025-06-05
14.7,95.6,Outside Myanmar,myanmar_2025-06-05
14.7,95.7,Outside Myanmar,myanmar_2025-06-05
14.7,95.8,Outside Myanmar,myanmar_2025-06-05
14.7,95.9,Outside Myanmar,myanmar_2025-06-05
14.7,96.0,Outside Myanmar,myanmar_2025-06-05
14.7,96.1,Outside Myanmar,myanmar_2025-06-05
14.7,96.2,Outside Myanmar,myanmar_2025-06-05
14.7,96.3,Outside Myanmar,myanmar_2025-06-05
14.7,96.4,Outside Myanmar,myanmar_2025-06-05
14.7,96.5,Outside Myanmar,myanmar_2025-06-05
14.7,96.6,Outside Myanmar,myanmar_2025-06-05
14.7,96.7,Outside Myanmar,myanmar_2025-06-05
14.7,96.8,Outside Myanmar,myanmar_2025-06-05
14.7,96.9,Outside Myanmar,myanmar_2025-06-05
14.7,97.0,Outside Myanmar,myanmar_2025-06-05
14.7,97.1,Outside Myanmar,myanmar_2025-06-05
14.7,97.2,Outside Myanmar,myanmar_2025-06-05
14.7,97.3,Outside Myanmar,myanmar_2025-06-05
14.7,97.4,Outside Myanmar,myanmar_2025-06-05
14.7,97.5,Outside Myanmar,myanmar_2025-06-05
14.7,97.6,Outside Myanmar,myanmar_2025-06-05
14.7,97.7,Outside Myanmar,myanmar_2025-06-05
14.7,97.8,Outside Myanmar,myanmar_2025-06-05
14.7,97.9,Outside Myanmar,myanmar_2025-06-05
14.7,98.0,Junta,myanmar_2025-06-05
14.7,98.1,Karen,myanmar_2025-06-05
14.7,98.2,Karen,myanmar_2025-06-05
14.7,98.3,Karen,myanmar_2025-06-05
14.7,98.4,Karen,myanmar_2025-06-05
14.7,98.5,Outside Myanmar,myanmar_2025-06-05
14.7,98.6,Outside Myanmar,myanmar_2025-06-05
14.7,98.7,Outside Myanmar,myanmar_2025-06-05
14.7,98.8,Outside Myanmar,myanmar_2025-06-05
14.7,98.9,Outside Myanmar,myanmar_2025-06-05
14.7,99.0,Outside Myanmar,myanmar_2025-06-05
14.7,99.1,Outside Myanmar,myanmar_2025-06-05
14.7,99.2,Outside Myanmar,myanmar_2025-06-05
14.7,99.3,Outside Myanmar,myanmar_2025-06-05
14.7,99.4,Outside Myanmar,myanmar_2025-06-05
14.7,99.5,Outside Myanmar,myanmar_2025-06-05
14.7,99.6,Outside Myanmar,myanmar_2025-06-05
14.7,99.7,Outside Myanmar,myanmar_2025-06-05
14.7,99.8,Outside Myanmar,myanmar_2025-06-05
14.7,99.9,Outside Myanmar,myanmar_2025-06-05
14.7,100.0,Outside Myanmar,myanmar_2025-06-05
14.7,100.1,Outside Myanmar,myanmar_2025-06-05
14.7,100.2,Outside Myanmar,myanmar_2025-06-05
14.7,100.3,Outside Myanmar,myanmar_2025-06-05
14.7,100.4,Outside Myanmar,myanmar_2025-06-05
14.7,100.5,Outside Myanmar,myanmar_2025-06-05
14.7,100.6,Outside Myanmar,myanmar_2025-06-05
14.7,100.7,Outside Myanmar,myanmar_2025-06-05
14.7,100.8,Outside Myanmar,myanmar_2025-06-05
14.7,100.9,Outside Myanmar,myanmar_2025-06-05
14.7,101.0,Outside Myanmar,myanmar_2025-06-05
14.7,101.1,Outside Myanmar,myanmar_2025-06-05
14.7,101.2,Outside Myanmar,myanmar_2025-06-05
14.7,101.3,Outside Myanmar,myanmar_2025-06-05
14.7,101.4,Outside Myanmar,myanmar_2025-06-05
14.8,92.0,Outside Myanmar,myanmar_2025-06-05
14.8,92.1,Outside Myanmar,myanmar_2025-06-05
14.8,92.2,Outside Myanmar,myanmar_2025-06-05
14.8,92.3,Outside Myanmar,myanmar_2025-06-05
14.8,92.4,Outside Myanmar,myanmar_2025-06-05
14.8,92.5,Outside Myanmar,myanmar_2025-06-05
14.8,92.6,Outside Myanmar,myanmar_2025-06-05
14.8,92.7,Outside Myanmar,myanmar_2025-06-05
14.8,92.8,Outside Myanmar,myanmar_2025-06-05
14.8,92.9,Outside Myanmar,myanmar_2025-06-05
14.8,93.0,Outside Myanmar,myanmar_2025-06-05
14.8,93.1,Outside Myanmar,myanmar_2025-06-05
14.8,93.2,Outside Myanmar,myanmar_2025-06-05
14.8,93.3,Outside Myanmar,myanmar_2025-06-05
14.8,93.4,Outside Myanmar,myanmar_2025-06-05
14.8,93.5,Outside Myanmar,myanmar_2025-06-05
14.8,93.6,Outside Myanmar,myanmar_2025-06-05
14.8,93.7,Outside Myanmar,myanmar_2025-06-05
14.8,93.8,Outside Myanmar,myanmar_2025-06-05
14.8,93.9,Outside Myanmar,myanmar_2025-06-05
14.8,94.0,Outside Myanmar,myanmar_2025-06-05
14.8,94.1,Outside Myanmar,myanmar_2025-06-05
14.8,94.2,Outside Myanmar,myanmar_2025-06-05
14.8,94.3,Outside Myanmar,myanmar_2025-06-05
14.8,94.4,Outside Myanmar,myanmar_2025-06-05
14.8,94.5,Outside Myanmar,myanmar_2025-06-05
14.8,94.6,Outside Myanmar,myanmar_2025-06-05
14.8,94.7,Outside Myanmar,myanmar_2025-06-05
14.8,94.8,Outside Myanmar,myanmar_2025-06-05
14.8,94.9,Outside Myanmar,myanmar_2025-06-05
14.8,95.0,Outside Myanmar,myanmar_2025-06-05
14.8,95.1,Outside Myanmar,myanmar_2025-06-05
14.8,95.2,Outside Myanmar,myanmar_2025-06-05
14.8,95.3,Outside Myanmar,myanmar_2025-06-05
14.8,95.4,Outside Myanmar,myanmar_2025-06-05
14.8,95.5,Outside Myanmar,myanmar_2025-06-05
14.8,95.6,Outside Myanmar,myanmar_2025-06-05
14.8,95.7,Outside Myanmar,myanmar_2025-06-05
14.8,95.8,Outside Myanmar,myanmar_2025-06-05
14.8,95.9,Outside Myanmar,myanmar_2025-06-05
14.8,96.0,Outside Myanmar,myanmar_2025-06-05
14.8,96.1,Outside Myanmar,myanmar_2025-06-05
14.8,96.2,Outside Myanmar,myanmar_2025-06-05
14.8,96.3,Outside Myanmar,myanmar_2025-06-05
14.8,96.4,Outside Myanmar,myanmar_2025-06-05
14.8,96.5,Outside Myanmar,myanmar_2025-06-05
14.8,96.6,Outside Myanmar,myanmar_2025-06-05
14.8,96.7,Outside Myanmar,myanmar_2025-06-05
14.8,96.8,Outside Myanmar,myanmar_2025-06-05
14.8,96.9,Outside Myanmar,myanmar_2025-06-05
14.8,97.0,Outside Myanmar,myanmar_2025-06-05
14.8,97.1,Outside Myanmar,myanmar_2025-06-05
14.8,97.2,Outside Myanmar,myanmar_2025-06-05
14.8,97.3,Outside Myanmar,myanmar_2025-06-05
14.8,97.4,Outside Myanmar,myanmar_2025-06-05
14.8,97.5,Outside Myanmar,myanmar_2025-06-05
14.8,97.6,Outside Myanmar,myanmar_2025-06-05
14.8,97.7,Outside Myanmar,myanmar_2025-06-05
14.8,97.8,Outside Myanmar,myanmar_2025-06-05
14.8,97.9,Junta,myanmar_2025-06-05
14.8,98.0,Junta,myanmar_2025-06-05
14.8,98.1,Karen,myanmar_2025-06-05
14.8,98.2,Karen,myanmar_2025-06-05
14.8,98.3,Karen,myanmar_2025-06-05
14.8,98.4,Outside Myanmar,myanmar_2025-06-05
14.8,98.5,Outside Myanmar,myanmar_2025-06-05
14.8,98.6,Outside Myanmar,myanmar_2025-06-05
14.8,98.7,Outside Myanmar,myanmar_2025-06-05
14.8,98.8,Outside Myanmar,myanmar_2025-06-05
14.8,98.9,Outside Myanmar,myanmar_2025-06-05
14.8,99.0,Outside Myanmar,myanmar_2025-06-05
14.8,99.1,Outside Myanmar,myanmar_2025-06-05
14.8,99.2,Outside Myanmar,myanmar_2025-06-05
14.8,99.3,Outside Myanmar,myanmar_2025-06-05
14.8,99.4,Outside Myanmar,myanmar_2025-06-05
14.8,99.5,Outside Myanmar,myanmar_2025-06-05
14.8,99.6,Outside Myanmar,myanmar_2025-06-05
14.8,99.7,Outside Myanmar,myanmar_2025-06-05
14.8,99.8,Outside Myanmar,myanmar_2025-06-05
14.8,99.9,Outside Myanmar,myanmar_2025-06-05
14.8,100.0,Outside Myanmar,myanmar_2025-06-05
14.8,100.1,Outside Myanmar,myanmar_2025-06-05
14.8,100.2,Outside Myanmar,myanmar_2025-06-05
14.8,100.3,Outside Myanmar,myanmar_2025-06-05
14.8,100.4,Outside Myanmar,myanmar_2025-06-05
14.8,100.5,Outside Myanmar,myanmar_2025-06-05
14.8,100.6,Outside Myanmar,myanmar_2025-06-05
14.8,100.7,Outside Myanmar,myanmar_2025-06-05
14.8,100.8,Outside Myanmar,myanmar_2025-06-05
14.8,100.9,Outside Myanmar,myanmar_2025-06-05
14.8,101.0,Outside Myanmar,myanmar_2025-06-05
14.8,101.1,Outside Myanmar,myanmar_2025-06-05
14.8,101.2,Outside Myanmar,myanmar_2025-06-05
14.8,101.3,Outside Myanmar,myanmar_2025-06-05
14.8,101.4,Outside Myanmar,myanmar_2025-06-05
14.9,92.0,Outside Myanmar,myanmar_2025-06-05
14.9,92.1,Outside Myanmar,myanmar_2025-06-05
14.9,92.2,Outside Myanmar,myanmar_2025-06-05
14.9,92.3,Outside Myanmar,myanmar_2025-06-05
14.9,92.4,Outside Myanmar,myanmar_2025-06-05
14.9,92.5,Outside Myanmar,myanmar_2025-06-05
14.9,92.6,Outside Myanmar,myanmar_2025-06-05
14.9,92.7,Outside Myanmar,myanmar_2025-06-05
14.9,92.8,Outside Myanmar,myanmar_2025-06-05
14.9,92.9,Outside Myanmar,myanmar_2025-06-05
14.9,93.0,Outside Myanmar,myanmar_2025-06-05
14.9,93.1,Outside Myanmar,myanmar_2025-06-05
14.9,93.2,Outside Myanmar,myanmar_2025-06-05
14.9,93.3,Outside Myanmar,myanmar_2025-06-05
14.9,93.4,Outside Myanmar,myanmar_2025-06-05
14.9,93.5,Outside Myanmar,myanmar_2025-06-05
14.9,93.6,Outside Myanmar,myanmar_2025-06-05
14.9,93.7,Outside Myanmar,myanmar_2025-06-05
14.9,93.8,Outside Myanmar,myanmar_2025-06-05
14.9,93.9,Outside Myanmar,myanmar_2025-06-05
14.9,94.0,Outside Myanmar,myanmar_2025-06-05
14.9,94.1,Outside Myanmar,myanmar_2025-06-05
14.9,94.2,Outside Myanmar,myanmar_2025-06-05
14.9,94.3,Outside Myanmar,myanmar_2025-06-05
14.9,94.4,Outside Myanmar,myanmar_2025-06-05
14.9,94.5,Outside Myanmar,myanmar_2025-06-05
14.9,94.6,Outside Myanmar,myanmar_2025-06-05
14.9,94.7,Outside Myanmar,myanmar_2025-06-05
14.9,94.8,Outside Myanmar,myanmar_2025-06-05
14.9,94.9,Outside Myanmar,myanmar_2025-06-05
14.9,95.0,Outside Myanmar,myanmar_2025-06-05
14.9,95.1,Outside Myanmar,myanmar_2025-06-05
14.9,95.2,Outside Myanmar,myanmar_2025-06-05
14.9,95.3,Outside Myanmar,myanmar_2025-06-05
14.9,95.4,Outside Myanmar,myanmar_2025-06-05
14.9,95.5,Outside Myanmar,myanmar_2025-06-05
14.9,95.6,Outside Myanmar,myanmar_2025-06-05
14.9,95.7,Outside Myanmar,myanmar_2025-06-05
14.9,95.8,Outside Myanmar,myanmar_2025-06-05
14.9,95.9,Outside Myanmar,myanmar_2025-06-05
14.9,96.0,Outside Myanmar,myanmar_2025-06-05
14.9,96.1,Outside Myanmar,myanmar_2025-06-05
14.9,96.2,Outside Myanmar,myanmar_2025-06-05
14.9,96.3,Outside Myanmar,myanmar_2025-06-05
14.9,96.4,Outside Myanmar,myanmar_2025-06-05
14.9,96.5,Outside Myanmar,myanmar_2025-06-05
14.9,96.6,Outside Myanmar,myanmar_2025-06-05
14.9,96.7,Outside Myanmar,myanmar_2025-06-05
14.9,96.8,Outside Myanmar,myanmar_2025-06-05
14.9,96.9,Outside Myanmar,myanmar_2025-06-05
14.9,97.0,Outside Myanmar,myanmar_2025-06-05
14.9,97.1,Outside Myanmar,myanmar_2025-06-05
14.9,97.2,Outside Myanmar,myanmar_2025-06-05
14.9,97.3,Outside Myanmar,myanmar_2025-06-05
14.9,97.4,Outside Myanmar,myanmar_2025-06-05
14.9,97.5,Outside Myanmar,myanmar_2025-06-05
14.9,97.6,Outside Myanmar,myanmar_2025-06-05
14.9,97.7,Outside Myanmar,myanmar_2025-06-05
14.9,97.8,Outside Myanmar,myanmar_2025-06-05
14.9,97.9,Junta,myanmar_2025-06-05
14.9,98.0,Junta,myanmar_2025-06-05
14.9,98.1,Junta,myanmar_2025-06-05
14.9,98.2,Junta,myanmar_2025-06-05
14.9,98.3,Outside Myanmar,myanmar_2025-06-05
14.9,98.4,Outside Myanmar,myanmar_2025-06-05
14.9,98.5,Outside Myanmar,myanmar_2025-06-05
14.9,98.6,Outside Myanmar,myanmar_2025-06-05
14.9,98.7,Outside Myanmar,myanmar_2025-06-05
14.9,98.8,Outside Myanmar,myanmar_2025-06-05
14.9,98.9,Outside Myanmar,myanmar_2025-06-05
14.9,99.0,Outside Myanmar,myanmar_2025-06-05
14.9,99.1,Outside Myanmar,myanmar_2025-06-05
14.9,99.2,Outside Myanmar,myanmar_2025-06-05
14.9,99.3,Outside Myanmar,myanmar_2025-06-05
14.9,99.4,Outside Myanmar,myanmar_2025-06-05
14.9,99.5,Outside Myanmar,myanmar_2025-06-05
14.9,99.6,Outside Myanmar,myanmar_2025-06-05
14.9,99.7,Outside Myanmar,myanmar_2025-06-05
14.9,99.8,Outside Myanmar,myanmar_2025-06-05
14.9,99.9,Outside Myanmar,myanmar_2025-06-05
14.9,100.0,Outside Myanmar,myanmar_2025-06-05
14.9,100.1,Outside Myanmar,myanmar_2025-06-05
14.9,100.2,Outside Myanmar,myanmar_2025-06-05
14.9,100.3,Outside Myanmar,myanmar_2025-06-05
14.9,100.4,Outside Myanmar,myanmar_2025-06-05
14.9,100.5,Outside Myanmar,myanmar_2025-06-05
14.9,100.6,Outside Myanmar,myanmar_2025-06-05
14.9,100.7,Outside Myanmar,myanmar_2025-06-05
14.9,100.8,Outside Myanmar,myanmar_2025-06-05
14.9,100.9,Outside Myanmar,myanmar_2025-06-05
14.9,101.0,Outside Myanmar,myanmar_2025-06-05
14.9,101.1,Outside Myanmar,myanmar_2025-06-05
14.9,101.2,Outside Myanmar,myanmar_2025-06-05
14.9,101.3,Outside Myanmar,myanmar_2025-06-05
14.9,101.4,Outside Myanmar,myanmar_2025-06-05
15.0,92.0,Outside Myanmar,myanmar_2025-06-05
15.0,92.1,Outside Myanmar,myanmar_2025-06-05
15.0,92.2,Outside Myanmar,myanmar_2025-06-05
15.0,92.3,Outside Myanmar,myanmar_2025-06-05
15.0,92.4,Outside Myanmar,myanmar_2025-06-05
15.0,92.5,Outside Myanmar,myanmar_2025-06-05
15.0,92.6,Outside Myanmar,myanmar_2025-06-05
15.0,92.7,Outside Myanmar,myanmar_2025-06-05
15.0,92.8,Outside Myanmar,myanmar_2025-06-05
15.0,92.9,Outside Myanmar,myanmar_2025-06-05
15.0,93.0,Outside Myanmar,myanmar_2025-06-05
15.0,93.1,Outside Myanmar,myanmar_2025-06-05
15.0,93.2,Outside Myanmar,myanmar_2025-06-05
15.0,93.3,Outside Myanmar,myanmar_2025-06-05
15.0,93.4,Outside Myanmar,myanmar_2025-06-05
15.0,93.5,Outside Myanmar,myanmar_2025-06-05
15.0,93.6,Outside Myanmar,myanmar_2025-06-05
15.0,93.7,Outside Myanmar,myanmar_2025-06-05
15.0,93.8,Outside Myanmar,myanmar_2025-06-05
15.0,93.9,Outside Myanmar,myanmar_2025-06-05
15.0,94.0,Outside Myanmar,myanmar_2025-06-05
15.0,94.1,Outside Myanmar,myanmar_2025-06-05
15.0,94.2,Outside Myanmar,myanmar_2025-06-05
15.0,94.3,Outside Myanmar,myanmar_2025-06-05
15.0,94.4,Outside Myanmar,myanmar_2025-06-05
15.0,94.5,Outside Myanmar,myanmar_2025-06-05
15.0,94.6,Outside Myanmar,myanmar_2025-06-05
15.0,94.7,Outside Myanmar,myanmar_2025-06-05
15.0,94.8,Outside Myanmar,myanmar_2025-06-05
15.0,94.9,Outside Myanmar,myanmar_2025-06-05
15.0,95.0,Outside Myanmar,myanmar_2025-06-05
15.0,95.1,Outside Myanmar,myanmar_2025-06-05
15.0,95.2,Outside Myanmar,myanmar_2025-06-05
15.0,95.3,Outside Myanmar,myanmar_2025-06-05
15.0,95.4,Outside Myanmar,myanmar_2025-06-05
15.0,95.5,Outside Myanmar,myanmar_2025-06-05
15.0,95.6,Outside Myanmar,myanmar_2025-06-05
15.0,95.7,Outside Myanmar,myanmar_2025-06-05
15.0,95.8,Outside Myanmar,myanmar_2025-06-05
15.0,95.9,Outside Myanmar,myanmar_2025-06-05
15.0,96.0,Outside Myanmar,myanmar_2025-06-05
15.0,96.1,Outside Myanmar,myanmar_2025-06-05
15.0,96.2,Outside Myanmar,myanmar_2025-06-05
15.0,96.3,Outside Myanmar,myanmar_2025-06-05
15.0,96.4,Outside Myanmar,myanmar_2025-06-05
15.0,96.5,Outside Myanmar,myanmar_2025-06-05
15.0,96.6,Outside Myanmar,myanmar_2025-06-05
15.0,96.7,Outside Myanmar,myanmar_2025-06-05
15.0,96.8,Outside Myanmar,myanmar_2025-06-05
15.0,96.9,Outside Myanmar,myanmar_2025-06-05
15.0,97.0,Outside Myanmar,myanmar_2025-06-05
15.0,97.1,Outside Myanmar,myanmar_2025-06-05
15.0,97.2,Outside Myanmar,myanmar_2025-06-05
15.0,97.3,Outside Myanmar,myanmar_2025-06-05
15.0,97.4,Outside Myanmar,myanmar_2025-06-05
15.0,97.5,Outside Myanmar,myanmar_2025-06-05
15.0,97.6,Outside Myanmar,myanmar_2025-06-05
15.0,97.7,Outside Myanmar,myanmar_2025-06-05
15.0,97.8,Outside Myanmar,myanmar_2025-06-05
15.0,97.9,Junta,myanmar_2025-06-05
15.0,98.0,Junta,myanmar_2025-06-05
15.0,98.1,Junta,myanmar_2025-06-05
15.0,98.2,Outside Myanmar,myanmar_2025-06-05
15.0,98.3,Outside Myanmar,myanmar_2025-06-05
15.0,98.4,Outside Myanmar,myanmar_2025-06-05
15.0,98.5,Outside Myanmar,myanmar_2025-06-05
15.0,98.6,Outside Myanmar,myanmar_2025-06-05
15.0,98.7,Outside Myanmar,myanmar_2025-06-05
15.0,98.8,Outside Myanmar,myanmar_2025-06-05
15.0,98.9,Outside Myanmar,myanmar_2025-06-05
15.0,99.0,Outside Myanmar,myanmar_2025-06-05
15.0,99.1,Outside Myanmar,myanmar_2025-06-05
15.0,99.2,Outside Myanmar,myanmar_2025-06-05
15.0,99.3,Outside Myanmar,myanmar_2025-06-05
15.0,99.4,Outside Myanmar,myanmar_2025-06-05
15.0,99.5,Outside Myanmar,myanmar_2025-06-05
15.0,99.6,Outside Myanmar,myanmar_2025-06-05
15.0,99.7,Outside Myanmar,myanmar_2025-06-05
15.0,99.8,Outside Myanmar,myanmar_2025-06-05
15.0,99.9,Outside Myanmar,myanmar_2025-06-05
15.0,100.0,Outside Myanmar,myanmar_2025-06-05
15.0,100.1,Outside Myanmar,myanmar_2025-06-05
15.0,100.2,Outside Myanmar,myanmar_2025-06-05
15.0,100.3,Outside Myanmar,myanmar_2025-06-05
15.0,100.4,Outside Myanmar,myanmar_2025-06-05
15.0,100.5,Outside Myanmar,myanmar_2025-06-05
15.0,100.6,Outside Myanmar,myanmar_2025-06-05
15.0,100.7,Outside Myanmar,myanmar_2025-06-05
15.0,100.8,Outside Myanmar,myanmar_2025-06-05
15.0,100.9,Outside Myanmar,myanmar_2025-06-05
15.0,101.0,Outside Myanmar,myanmar_2025-06-05
15.0,101.1,Outside Myanmar,myanmar_2025-06-05
15.0,101.2,Outside Myanmar,myanmar_2025-06-05
15.0,101.3,Outside Myanmar,myanmar_2025-06-05
15.0,101.4,Outside Myanmar,myanmar_2025-06-05
15.1,92.0,Outside Myanmar,myanmar_2025-06-05
15.1,92.1,Outside Myanmar,myanmar_2025-06-05
15.1,92.2,Outside Myanmar,myanmar_2025-06-05
15.1,92.3,Outside Myanmar,myanmar_2025-06-05
15.1,92.4,Outside Myanmar,myanmar_2025-06-05
15.1,92.5,Outside Myanmar,myanmar_2025-06-05
15.1,92.6,Outside Myanmar,myanmar_2025-06-05
15.1,92.7,Outside Myanmar,myanmar_2025-06-05
15.1,92.8,Outside Myanmar,myanmar_2025-06-05
15.1,92.9,Outside Myanmar,myanmar_2025-06-05
15.1,93.0,Outside Myanmar,myanmar_2025-06-05
15.1,93.1,Outside Myanmar,myanmar_2025-06-05
15.1,93.2,Outside Myanmar,myanmar_2025-06-05
15.1,93.3,Outside Myanmar,myanmar_2025-06-05
15.1,93.4,Outside Myanmar,myanmar_2025-06-05
15.1,93.5,Outside Myanmar,myanmar_2025-06-05
15.1,93.6,Outside Myanmar,myanmar_2025-06-05
15.1,93.7,Outside Myanmar,myanmar_2025-06-05
15.1,93.8,Outside Myanmar,myanmar_2025-06-05
15.1,93.9,Outside Myanmar,myanmar_2025-06-05
15.1,94.0,Outside Myanmar,myanmar_2025-06-05
15.1,94.1,Outside Myanmar,myanmar_2025-06-05
15.1,94.2,Outside Myanmar,myanmar_2025-06-05
15.1,94.3,Outside Myanmar,myanmar_2025-06-05
15.1,94.4,Outside Myanmar,myanmar_2025-06-05
15.1,94.5,Outside Myanmar,myanmar_2025-06-05
15.1,94.6,Outside Myanmar,myanmar_2025-06-05
15.1,94.7,Outside Myanmar,myanmar_2025-06-05
15.1,94.8,Outside Myanmar,myanmar_2025-06-05
15.1,94.9,Outside Myanmar,myanmar_2025-06-05
15.1,95.0,Outside Myanmar,myanmar_2025-06-05
15.1,95.1,Outside Myanmar,myanmar_2025-06-05
15.1,95.2,Outside Myanmar,myanmar_2025-06-05
15.1,95.3,Outside Myanmar,myanmar_2025-06-05
15.1,95.4,Outside Myanmar,myanmar_2025-06-05
15.1,95.5,Outside Myanmar,myanmar_2025-06-05
15.1,95.6,Outside Myanmar,myanmar_2025-06-05
15.1,95.7,Outside Myanmar,myanmar_2025-06-05
15.1,95.8,Outside Myanmar,myanmar_2025-06-05
15.1,95.9,Outside Myanmar,myanmar_2025-06-05
15.1,96.0,Outside Myanmar,myanmar_2025-06-05
15.1,96.1,Outside Myanmar,myanmar_2025-06-05
15.1,96.2,Outside Myanmar,myanmar_2025-06-05
15.1,96.3,Outside Myanmar,myanmar_2025-06-05
15.1,96.4,Outside Myanmar,myanmar_2025-06-05
15.1,96.5,Outside Myanmar,myanmar_2025-06-05
15.1,96.6,Outside Myanmar,myanmar_2025-06-05
15.1,96.7,Outside Myanmar,myanmar_2025-06-05
15.1,96.8,Outside Myanmar,myanmar_2025-06-05
15.1,96.9,Outside Myanmar,myanmar_2025-06-05
15.1,97.0,Outside Myanmar,myanmar_2025-06-05
15.1,97.1,Outside Myanmar,myanmar_2025-06-05
15.1,97.2,Outside Myanmar,myanmar_2025-06-05
15.1,97.3,Outside Myanmar,myanmar_2025-06-05
15.1,97.4,Outside Myanmar,myanmar_2025-06-05
15.1,97.5,Outside Myanmar,myanmar_2025-06-05
15.1,97.6,Outside Myanmar,myanmar_2025-06-05
15.1,97.7,Outside Myanmar,myanmar_2025-06-05
15.1,97.8,Outside Myanmar,myanmar_2025-06-05
15.1,97.9,Junta,myanmar_2025-06-05
15.1,98.0,Junta,myanmar_2025-06-05
15.1,98.1,Junta,myanmar_2025-06-05
15.1,98.2,Outside Myanmar,myanmar_2025-06-05
15.1,98.3,Outside Myanmar,myanmar_2025-06-05
15.1,98.4,Outside Myanmar,myanmar_2025-06-05
15.1,98.5,Outside Myanmar,myanmar_2025-06-05
15.1,98.6,Outside Myanmar,myanmar_2025-06-05
15.1,98.7,Outside Myanmar,myanmar_2025-06-05
15.1,98.8,Outside Myanmar,myanmar_2025-06-05
15.1,98.9,Outside Myanmar,myanmar_2025-06-05
15.1,99.0,Outside Myanmar,myanmar_2025-06-05
15.1,99.1,Outside Myanmar,myanmar_2025-06-05
15.1,99.2,Outside Myanmar,myanmar_2025-06-05
15.1,99.3,Outside Myanmar,myanmar_2025-06-05
15.1,99.4,Outside Myanmar,myanmar_2025-06-05
15.1,99.5,Outside Myanmar,myanmar_2025-06-05
15.1,99.6,Outside Myanmar,myanmar_2025-06-05
15.1,99.7,Outside Myanmar,myanmar_2025-06-05
15.1,99.8,Outside Myanmar,myanmar_2025-06-05
15.1,99.9,Outside Myanmar,myanmar_2025-06-05
15.1,100.0,Outside Myanmar,myanmar_2025-06-05
15.1,100.1,Outside Myanmar,myanmar_2025-06-05
15.1,100.2,Outside Myanmar,myanmar_2025-06-05
15.1,100.3,Outside Myanmar,myanmar_2025-06-05
15.1,100.4,Outside Myanmar,myanmar_2025-06-05
15.1,100.5,Outside Myanmar,myanmar_2025-06-05
15.1,100.6,Outside Myanmar,myanmar_2025-06-05
15.1,100.7,Outside Myanmar,myanmar_2025-06-05
15.1,100.8,Outside Myanmar,myanmar_2025-06-05
15.1,100.9,Outside Myanmar,myanmar_2025-06-05
15.1,101.0,Outside Myanmar,myanmar_2025-06-05
15.1,101.1,Outside Myanmar,myanmar_2025-06-05
15.1,101.2,Outside Myanmar,myanmar_2025-06-05
15.1,101.3,Outside Myanmar,myanmar_2025-06-05
15.1,101.4,Outside Myanmar,myanmar_2025-06-05
15.2,92.0,Outside Myanmar,myanmar_2025-06-05
15.2,92.1,Outside Myanmar,myanmar_2025-06-05
15.2,92.2,Outside Myanmar,myanmar_2025-06-05
15.2,92.3,Outside Myanmar,myanmar_2025-06-05
15.2,92.4,Outside Myanmar,myanmar_2025-06-05
15.2,92.5,Outside Myanmar,myanmar_2025-06-05
15.2,92.6,Outside Myanmar,myanmar_2025-06-05
15.2,92.7,Outside Myanmar,myanmar_2025-06-05
15.2,92.8,Outside Myanmar,myanmar_2025-06-05
15.2,92.9,Outside Myanmar,myanmar_2025-06-05
15.2,93.0,Outside Myanmar,myanmar_2025-06-05
15.2,93.1,Outside Myanmar,myanmar_2025-06-05
15.2,93.2,Outside Myanmar,myanmar_2025-06-05
15.2,93.3,Outside Myanmar,myanmar_2025-06-05
15.2,93.4,Outside Myanmar,myanmar_2025-06-05
15.2,93.5,Outside Myanmar,myanmar_2025-06-05
15.2,93.6,Outside Myanmar,myanmar_2025-06-05
15.2,93.7,Outside Myanmar,myanmar_2025-06-05
15.2,93.8,Outside Myanmar,myanmar_2025-06-05
15.2,93.9,Outside Myanmar,myanmar_2025-06-05
15.2,94.0,Outside Myanmar,myanmar_2025-06-05
15.2,94.1,Outside Myanmar,myanmar_2025-06-05
15.2,94.2,Outside Myanmar,myanmar_2025-06-05
15.2,94.3,Outside Myanmar,myanmar_2025-06-05
15.2,94.4,Outside Myanmar,myanmar_2025-06-05
15.2,94.5,Outside Myanmar,myanmar_2025-06-05
15.2,94.6,Outside Myanmar,myanmar_2025-06-05
15.2,94.7,Outside Myanmar,myanmar_2025-06-05
15.2,94.8,Outside Myanmar,myanmar_2025-06-05
15.2,94.9,Outside Myanmar,myanmar_2025-06-05
15.2,95.0,Outside Myanmar,myanmar_2025-06-05
15.2,95.1,Outside Myanmar,myanmar_2025-06-05
15.2,95.2,Outside Myanmar,myanmar_2025-06-05
15.2,95.3,Outside Myanmar,myanmar_2025-06-05
15.2,95.4,Outside Myanmar,myanmar_2025-06-05
15.2,95.5,Outside Myanmar,myanmar_2025-06-05
15.2,95.6,Outside Myanmar,myanmar_2025-06-05
15.2,95.7,Outside Myanmar,myanmar_2025-06-05
15.2,95.8,Outside Myanmar,myanmar_2025-06-05
15.2,95.9,Outside Myanmar,myanmar_2025-06-05
15.2,96.0,Outside Myanmar,myanmar_2025-06-05
15.2,96.1,Outside Myanmar,myanmar_2025-06-05
15.2,96.2,Outside Myanmar,myanmar_2025-06-05
15.2,96.3,Outside Myanmar,myanmar_2025-06-05
15.2,96.4,Outside Myanmar,myanmar_2025-06-05
15.2,96.5,Outside Myanmar,myanmar_2025-06-05
15.2,96.6,Outside Myanmar,myanmar_2025-06-05
15.2,96.7,Outside Myanmar,myanmar_2025-06-05
15.2,96.8,Outside Myanmar,myanmar_2025-06-05
15.2,96.9,Outside Myanmar,myanmar_2025-06-05
15.2,97.0,Outside Myanmar,myanmar_2025-06-05
15.2,97.1,Outside Myanmar,myanmar_2025-06-05
15.2,97.2,Outside Myanmar,myanmar_2025-06-05
15.2,97.3,Outside Myanmar,myanmar_2025-06-05
15.2,97.4,Outside Myanmar,myanmar_2025-06-05
15.2,97.5,Outside Myanmar,myanmar_2025-06-05
15.2,97.6,Outside Myanmar,myanmar_2025-06-05
15.2,97.7,Outside Myanmar,myanmar_2025-06-05
15.2,97.8,Junta,myanmar_2025-06-05
15.2,97.9,Junta,myanmar_2025-06-05
15.2,98.0,Junta,myanmar_2025-06-05
15.2,98.1,Junta,myanmar_2025-06-05
15.2,98.2,Outside Myanmar,myanmar_2025-06-05
15.2,98.3,Outside Myanmar,myanmar_2025-06-05
15.2,98.4,Outside Myanmar,myanmar_2025-06-05
15.2,98.5,Outside Myanmar,myanmar_2025-06-05
15.2,98.6,Outside Myanmar,myanmar_2025-06-05
15.2,98.7,Outside Myanmar,myanmar_2025-06-05
15.2,98.8,Outside Myanmar,myanmar_2025-06-05
15.2,98.9,Outside Myanmar,myanmar_2025-06-05
15.2,99.0,Outside Myanmar,myanmar_2025-06-05
15.2,99.1,Outside Myanmar,myanmar_2025-06-05
15.2,99.2,Outside Myanmar,myanmar_2025-06-05
15.2,99.3,Outside Myanmar,myanmar_2025-06-05
15.2,99.4,Outside Myanmar,myanmar_2025-06-05
15.2,99.5,Outside Myanmar,myanmar_2025-06-05
15.2,99.6,Outside Myanmar,myanmar_2025-06-05
15.2,99.7,Outside Myanmar,myanmar_2025-06-05
15.2,99.8,Outside Myanmar,myanmar_2025-06-05
15.2,99.9,Outside Myanmar,myanmar_2025-06-05
15.2,100.0,Outside Myanmar,myanmar_2025-06-05
15.2,100.1,Outside Myanmar,myanmar_2025-06-05
15.2,100.2,Outside Myanmar,myanmar_2025-06-05
15.2,100.3,Outside Myanmar,myanmar_2025-06-05
15.2,100.4,Outside Myanmar,myanmar_2025-06-05
15.2,100.5,Outside Myanmar,myanmar_2025-06-05
15.2,100.6,Outside Myanmar,myanmar_2025-06-05
15.2,100.7,Outside Myanmar,myanmar_2025-06-05
15.2,100.8,Outside Myanmar,myanmar_2025-06-05
15.2,100.9,Outside Myanmar,myanmar_2025-06-05
15.2,101.0,Outside Myanmar,myanmar_2025-06-05
15.2,101.1,Outside Myanmar,myanmar_2025-06-05
15.2,101.2,Outside Myanmar,myanmar_2025-06-05
15.2,101.3,Outside Myanmar,myanmar_2025-06-05
15.2,101.4,Outside Myanmar,myanmar_2025-06-05
15.3,92.0,Outside Myanmar,myanmar_2025-06-05
15.3,92.1,Outside Myanmar,myanmar_2025-06-05
15.3,92.2,Outside Myanmar,myanmar_2025-06-05
15.3,92.3,Outside Myanmar,myanmar_2025-06-05
15.3,92.4,Outside Myanmar,myanmar_2025-06-05
15.3,92.5,Outside Myanmar,myanmar_2025-06-05
15.3,92.6,Outside Myanmar,myanmar_2025-06-05
15.3,92.7,Outside Myanmar,myanmar_2025-06-05
15.3,92.8,Outside Myanmar,myanmar_2025-06-05
15.3,92.9,Outside Myanmar,myanmar_2025-06-05
15.3,93.0,Outside Myanmar,myanmar_2025-06-05
15.3,93.1,Outside Myanmar,myanmar_2025-06-05
15.3,93.2,Outside Myanmar,myanmar_2025-06-05
15.3,93.3,Outside Myanmar,myanmar_2025-06-05
15.3,93.4,Outside Myanmar,myanmar_2025-06-05
15.3,93.5,Outside Myanmar,myanmar_2025-06-05
15.3,93.6,Outside Myanmar,myanmar_2025-06-05
15.3,93.7,Outside Myanmar,myanmar_2025-06-05
15.3,93.8,Outside Myanmar,myanmar_2025-06-05
15.3,93.9,Outside Myanmar,myanmar_2025-06-05
15.3,94.0,Outside Myanmar,myanmar_2025-06-05
15.3,94.1,Outside Myanmar,myanmar_2025-06-05
15.3,94.2,Outside Myanmar,myanmar_2025-06-05
15.3,94.3,Outside Myanmar,myanmar_2025-06-05
15.3,94.4,Outside Myanmar,myanmar_2025-06-05
15.3,94.5,Outside Myanmar,myanmar_2025-06-05
15.3,94.6,Outside Myanmar,myanmar_2025-06-05
15.3,94.7,Outside Myanmar,myanmar_2025-06-05
15.3,94.8,Outside Myanmar,myanmar_2025-06-05
15.3,94.9,Outside Myanmar,myanmar_2025-06-05
15.3,95.0,Outside Myanmar,myanmar_2025-06-05
15.3,95.1,Outside Myanmar,myanmar_2025-06-05
15.3,95.2,Outside Myanmar,myanmar_2025-06-05
15.3,95.3,Outside Myanmar,myanmar_2025-06-05
15.3,95.4,Outside Myanmar,myanmar_2025-06-05
15.3,95.5,Outside Myanmar,myanmar_2025-06-05
15.3,95.6,Outside Myanmar,myanmar_2025-06-05
15.3,95.7,Outside Myanmar,myanmar_2025-06-05
15.3,95.8,Outside Myanmar,myanmar_2025-06-05
15.3,95.9,Outside Myanmar,myanmar_2025-06-05
15.3,96.0,Outside Myanmar,myanmar_2025-06-05
15.3,96.1,Outside Myanmar,myanmar_2025-06-05
15.3,96.2,Outside Myanmar,myanmar_2025-06-05
15.3,96.3,Outside Myanmar,myanmar_2025-06-05
15.3,96.4,Outside Myanmar,myanmar_2025-06-05
15.3,96.5,Outside Myanmar,myanmar_2025-06-05
15.3,96.6,Outside Myanmar,myanmar_2025-06-05
15.3,96.7,Outside Myanmar,myanmar_2025-06-05
15.3,96.8,Outside Myanmar,myanmar_2025-06-05
15.3,96.9,Outside Myanmar,myanmar_2025-06-05
15.3,97.0,Outside Myanmar,myanmar_2025-06-05
15.3,97.1,Outside Myanmar,myanmar_2025-06-05
15.3,97.2,Outside Myanmar,myanmar_2025-06-05
15.3,97.3,Outside Myanmar,myanmar_2025-06-05
15.3,97.4,Outside Myanmar,myanmar_2025-06-05
15.3,97.5,Outside Myanmar,myanmar_2025-06-05
15.3,97.6,Outside Myanmar,myanmar_2025-06-05
15.3,97.7,Outside Myanmar,myanmar_2025-06-05
15.3,97.8,Junta,myanmar_2025-06-05
15.3,97.9,PDF,myanmar_2025-06-05
15.3,98.0,Junta,myanmar_2025-06-05
15.3,98.1,Junta,myanmar_2025-06-05
15.3,98.2,Junta,myanmar_2025-06-05
15.3,98.3,Junta,myanmar_2025-06-05
15.3,98.4,Outside Myanmar,myanmar_2025-06-05
15.3,98.5,Outside Myanmar,myanmar_2025-06-05
15.3,98.6,Outside Myanmar,myanmar_2025-06-05
15.3,98.7,Outside Myanmar,myanmar_2025-06-05
15.3,98.8,Outside Myanmar,myanmar_2025-06-05
15.3,98.9,Outside Myanmar,myanmar_2025-06-05
15.3,99.0,Outside Myanmar,myanmar_2025-06-05
15.3,99.1,Outside Myanmar,myanmar_2025-06-05
15.3,99.2,Outside Myanmar,myanmar_2025-06-05
15.3,99.3,Outside Myanmar,myanmar_2025-06-05
15.3,99.4,Outside Myanmar,myanmar_2025-06-05
15.3,99.5,Outside Myanmar,myanmar_2025-06-05
15.3,99.6,Outside Myanmar,myanmar_2025-06-05
15.3,99.7,Outside Myanmar,myanmar_2025-06-05
15.3,99.8,Outside Myanmar,myanmar_2025-06-05
15.3,99.9,Outside Myanmar,myanmar_2025-06-05
15.3,100.0,Outside Myanmar,myanmar_2025-06-05
15.3,100.1,Outside Myanmar,myanmar_2025-06-05
15.3,100.2,Outside Myanmar,myanmar_2025-06-05
15.3,100.3,Outside Myanmar,myanmar_2025-06-05
15.3,100.4,Outside Myanmar,myanmar_2025-06-05
15.3,100.5,Outside Myanmar,myanmar_2025-06-05
15.3,100.6,Outside Myanmar,myanmar_2025-06-05
15.3,100.7,Outside Myanmar,myanmar_2025-06-05
15.3,100.8,Outside Myanmar,myanmar_2025-06-05
15.3,100.9,Outside Myanmar,myanmar_2025-06-05
15.3,101.0,Outside Myanmar,myanmar_2025-06-05
15.3,101.1,Outside Myanmar,myanmar_2025-06-05
15.3,101.2,Outside Myanmar,myanmar_2025-06-05
15.3,101.3,Outside Myanmar,myanmar_2025-06-05
15.3,101.4,Outside Myanmar,myanmar_2025-06-05
15.4,92.0,Outside Myanmar,myanmar_2025-06-05
15.4,92.1,Outside Myanmar,myanmar_2025-06-05
15.4,92.2,Outside Myanmar,myanmar_2025-06-05
15.4,92.3,Outside Myanmar,myanmar_2025-06-05
15.4,92.4,Outside Myanmar,myanmar_2025-06-05
15.4,92.5,Outside Myanmar,myanmar_2025-06-05
15.4,92.6,Outside Myanmar,myanmar_2025-06-05
15.4,92.7,Outside Myanmar,myanmar_2025-06-05
15.4,92.8,Outside Myanmar,myanmar_2025-06-05
15.4,92.9,Outside Myanmar,myanmar_2025-06-05
15.4,93.0,Outside Myanmar,myanmar_2025-06-05
15.4,93.1,Outside Myanmar,myanmar_2025-06-05
15.4,93.2,Outside Myanmar,myanmar_2025-06-05
15.4,93.3,Outside Myanmar,myanmar_2025-06-05
15.4,93.4,Outside Myanmar,myanmar_2025-06-05
15.4,93.5,Outside Myanmar,myanmar_2025-06-05
15.4,93.6,Outside Myanmar,myanmar_2025-06-05
15.4,93.7,Outside Myanmar,myanmar_2025-06-05
15.4,93.8,Outside Myanmar,myanmar_2025-06-05
15.4,93.9,Outside Myanmar,myanmar_2025-06-05
15.4,94.0,Outside Myanmar,myanmar_2025-06-05
15.4,94.1,Outside Myanmar,myanmar_2025-06-05
15.4,94.2,Outside Myanmar,myanmar_2025-06-05
15.4,94.3,Outside Myanmar,myanmar_2025-06-05
15.4,94.4,Outside Myanmar,myanmar_2025-06-05
15.4,94.5,Outside Myanmar,myanmar_2025-06-05
15.4,94.6,Outside Myanmar,myanmar_2025-06-05
15.4,94.7,Outside Myanmar,myanmar_2025-06-05
15.4,94.8,Outside Myanmar,myanmar_2025-06-05
15.4,94.9,Outside Myanmar,myanmar_2025-06-05
15.4,95.0,Outside Myanmar,myanmar_2025-06-05
15.4,95.1,Outside Myanmar,myanmar_2025-06-05
15.4,95.2,Outside Myanmar,myanmar_2025-06-05
15.4,95.3,Outside Myanmar,myanmar_2025-06-05
15.4,95.4,Outside Myanmar,myanmar_2025-06-05
15.4,95.5,Outside Myanmar,myanmar_2025-06-05
15.4,95.6,Outside Myanmar,myanmar_2025-06-05
15.4,95.7,Outside Myanmar,myanmar_2025-06-05
15.4,95.8,Outside Myanmar,myanmar_2025-06-05
15.4,95.9,Outside Myanmar,myanmar_2025-06-05
15.4,96.0,Outside Myanmar,myanmar_2025-06-05
15.4,96.1,Outside Myanmar,myanmar_2025-06-05
15.4,96.2,Outside Myanmar,myanmar_2025-06-05
15.4,96.3,Outside Myanmar,myanmar_2025-06-05
15.4,96.4,Outside Myanmar,myanmar_2025-06-05
15.4,96.5,Outside Myanmar,myanmar_2025-06-05
15.4,96.6,Outside Myanmar,myanmar_2025-06-05
15.4,96.7,Outside Myanmar,myanmar_2025-06-05
15.4,96.8,Outside Myanmar,myanmar_2025-06-05
15.4,96.9,Outside Myanmar,myanmar_2025-06-05
15.4,97.0,Outside Myanmar,myanmar_2025-06-05
15.4,97.1,Outside Myanmar,myanmar_2025-06-05
15.4,97.2,Outside Myanmar,myanmar_2025-06-05
15.4,97.3,Outside Myanmar,myanmar_2025-06-05
15.4,97.4,Outside Myanmar,myanmar_2025-06-05
15.4,97.5,Outside Myanmar,myanmar_2025-06-05
15.4,97.6,Outside Myanmar,myanmar_2025-06-05
15.4,97.7,Outside Myanmar,myanmar_2025-06-05
15.4,97.8,Junta,myanmar_2025-06-05
15.4,97.9,Junta,myanmar_2025-06-05
15.4,98.0,Junta,myanmar_2025-06-05
15.4,98.1,Junta,myanmar_2025-06-05
15.4,98.2,Junta,myanmar_2025-06-05
15.4,98.3,Junta,myanmar_2025-06-05
15.4,98.4,Junta,myanmar_2025-06-05
15.4,98.5,Junta,myanmar_2025-06-05
15.4,98.6,Outside Myanmar,myanmar_2025-06-05
15.4,98.7,Outside Myanmar,myanmar_2025-06-05
15.4,98.8,Outside Myanmar,myanmar_2025-06-05
15.4,98.9,Outside Myanmar,myanmar_2025-06-05
15.4,99.0,Outside Myanmar,myanmar_2025-06-05
15.4,99.1,Outside Myanmar,myanmar_2025-06-05
15.4,99.2,Outside Myanmar,myanmar_2025-06-05
15.4,99.3,Outside Myanmar,myanmar_2025-06-05
15.4,99.4,Outside Myanmar,myanmar_2025-06-05
15.4,99.5,Outside Myanmar,myanmar_2025-06-05
15.4,99.6,Outside Myanmar,myanmar_2025-06-05
15.4,99.7,Outside Myanmar,myanmar_2025-06-05
15.4,99.8,Outside Myanmar,myanmar_2025-06-05
15.4,99.9,Outside Myanmar,myanmar_2025-06-05
15.4,100.0,Outside Myanmar,myanmar_2025-06-05
15.4,100.1,Outside Myanmar,myanmar_2025-06-05
15.4,100.2,Outside Myanmar,myanmar_2025-06-05
15.4,100.3,Outside Myanmar,myanmar_2025-06-05
15.4,100.4,Outside Myanmar,myanmar_2025-06-05
15.4,100.5,Outside Myanmar,myanmar_2025-06-05
15.4,100.6,Outside Myanmar,myanmar_2025-06-05
15.4,100.7,Outside Myanmar,myanmar_2025-06-05
15.4,100.8,Outside Myanmar,myanmar_2025-06-05
15.4,100.9,Outside Myanmar,myanmar_2025-06-05
15.4,101.0,Outside Myanmar,myanmar_2025-06-05
15.4,101.1,Outside Myanmar,myanmar_2025-06-05
15.4,101.2,Outside Myanmar,myanmar_2025-06-05
15.4,101.3,Outside Myanmar,myanmar_2025-06-05
15.4,101.4,Outside Myanmar,myanmar_2025-06-05
15.5,92.0,Outside Myanmar,myanmar_2025-06-05
15.5,92.1,Outside Myanmar,myanmar_2025-06-05
15.5,92.2,Outside Myanmar,myanmar_2025-06-05
15.5,92.3,Outside Myanmar,myanmar_2025-06-05
15.5,92.4,Outside Myanmar,myanmar_2025-06-05
15.5,92.5,Outside Myanmar,myanmar_2025-06-05
15.5,92.6,Outside Myanmar,myanmar_2025-06-05
15.5,92.7,Outside Myanmar,myanmar_2025-06-05
15.5,92.8,Outside Myanmar,myanmar_2025-06-05
15.5,92.9,Outside Myanmar,myanmar_2025-06-05
15.5,93.0,Outside Myanmar,myanmar_2025-06-05
15.5,93.1,Outside Myanmar,myanmar_2025-06-05
15.5,93.2,Outside Myanmar,myanmar_2025-06-05
15.5,93.3,Outside Myanmar,myanmar_2025-06-05
15.5,93.4,Outside Myanmar,myanmar_2025-06-05
15.5,93.5,Outside Myanmar,myanmar_2025-06-05
15.5,93.6,Outside Myanmar,myanmar_2025-06-05
15.5,93.7,Outside Myanmar,myanmar_2025-06-05
15.5,93.8,Outside Myanmar,myanmar_2025-06-05
15.5,93.9,Outside Myanmar,myanmar_2025-06-05
15.5,94.0,Outside Myanmar,myanmar_2025-06-05
15.5,94.1,Outside Myanmar,myanmar_2025-06-05
15.5,94.2,Outside Myanmar,myanmar_2025-06-05
15.5,94.3,Outside Myanmar,myanmar_2025-06-05
15.5,94.4,Outside Myanmar,myanmar_2025-06-05
15.5,94.5,Outside Myanmar,myanmar_2025-06-05
15.5,94.6,Outside Myanmar,myanmar_2025-06-05
15.5,94.7,Outside Myanmar,myanmar_2025-06-05
15.5,94.8,Outside Myanmar,myanmar_2025-06-05
15.5,94.9,Outside Myanmar,myanmar_2025-06-05
15.5,95.0,Outside Myanmar,myanmar_2025-06-05
15.5,95.1,Outside Myanmar,myanmar_2025-06-05
15.5,95.2,Outside Myanmar,myanmar_2025-06-05
15.5,95.3,Outside Myanmar,myanmar_2025-06-05
15.5,95.4,Outside Myanmar,myanmar_2025-06-05
15.5,95.5,Outside Myanmar,myanmar_2025-06-05
15.5,95.6,Outside Myanmar,myanmar_2025-06-05
15.5,95.7,Outside Myanmar,myanmar_2025-06-05
15.5,95.8,Outside Myanmar,myanmar_2025-06-05
15.5,95.9,Outside Myanmar,myanmar_2025-06-05
15.5,96.0,Outside Myanmar,myanmar_2025-06-05
15.5,96.1,Outside Myanmar,myanmar_2025-06-05
15.5,96.2,Outside Myanmar,myanmar_2025-06-05
15.5,96.3,Outside Myanmar,myanmar_2025-06-05
15.5,96.4,Outside Myanmar,myanmar_2025-06-05
15.5,96.5,Outside Myanmar,myanmar_2025-06-05
15.5,96.6,Outside Myanmar,myanmar_2025-06-05
15.5,96.7,Outside Myanmar,myanmar_2025-06-05
15.5,96.8,Outside Myanmar,myanmar_2025-06-05
15.5,96.9,Outside Myanmar,myanmar_2025-06-05
15.5,97.0,Outside Myanmar,myanmar_2025-06-05
15.5,97.1,Outside Myanmar,myanmar_2025-06-05
15.5,97.2,Outside Myanmar,myanmar_2025-06-05
15.5,97.3,Outside Myanmar,myanmar_2025-06-05
15.5,97.4,Outside Myanmar,myanmar_2025-06-05
15.5,97.5,Outside Myanmar,myanmar_2025-06-05
15.5,97.6,Outside Myanmar,myanmar_2025-06-05
15.5,97.7,Outside Myanmar,myanmar_2025-06-05
15.5,97.8,Junta,myanmar_2025-06-05
15.5,97.9,Junta,myanmar_2025-06-05
15.5,98.0,Junta,myanmar_2025-06-05
15.5,98.1,Junta,myanmar_2025-06-05
15.5,98.2,Junta,myanmar_2025-06-05
15.5,98.3,Junta,myanmar_2025-06-05
15.5,98.4,Junta,myanmar_2025-06-05
15.5,98.5,Junta,myanmar_2025-06-05
15.5,98.6,Outside Myanmar,myanmar_2025-06-05
15.5,98.7,Outside Myanmar,myanmar_2025-06-05
15.5,98.8,Outside Myanmar,myanmar_2025-06-05
15.5,98.9,Outside Myanmar,myanmar_2025-06-05
15.5,99.0,Outside Myanmar,myanmar_2025-06-05
15.5,99.1,Outside Myanmar,myanmar_2025-06-05
15.5,99.2,Outside Myanmar,myanmar_2025-06-05
15.5,99.3,Outside Myanmar,myanmar_2025-06-05
15.5,99.4,Outside Myanmar,myanmar_2025-06-05
15.5,99.5,Outside Myanmar,myanmar_2025-06-05
15.5,99.6,Outside Myanmar,myanmar_2025-06-05
15.5,99.7,Outside Myanmar,myanmar_2025-06-05
15.5,99.8,Outside Myanmar,myanmar_2025-06-05
15.5,99.9,Outside Myanmar,myanmar_2025-06-05
15.5,100.0,Outside Myanmar,myanmar_2025-06-05
15.5,100.1,Outside Myanmar,myanmar_2025-06-05
15.5,100.2,Outside Myanmar,myanmar_2025-06-05
15.5,100.3,Outside Myanmar,myanmar_2025-06-05
15.5,100.4,Outside Myanmar,myanmar_2025-06-05
15.5,100.5,Outside Myanmar,myanmar_2025-06-05
15.5,100.6,Outside Myanmar,myanmar_2025-06-05
15.5,100.7,Outside Myanmar,myanmar_2025-06-05
15.5,100.8,Outside Myanmar,myanmar_2025-06-05
15.5,100.9,Outside Myanmar,myanmar_2025-06-05
15.5,101.0,Outside Myanmar,myanmar_2025-06-05
15.5,101.1,Outside Myanmar,myanmar_2025-06-05
15.5,101.2,Outside Myanmar,myanmar_2025-06-05
15.5,101.3,Outside Myanmar,myanmar_2025-06-05
15.5,101.4,Outside Myanmar,myanmar_2025-06-05
15.6,92.0,Outside Myanmar,myanmar_2025-06-05
15.6,92.1,Outside Myanmar,myanmar_2025-06-05
15.6,92.2,Outside Myanmar,myanmar_2025-06-05
15.6,92.3,Outside Myanmar,myanmar_2025-06-05
15.6,92.4,Outside Myanmar,myanmar_2025-06-05
15.6,92.5,Outside Myanmar,myanmar_2025-06-05
15.6,92.6,Outside Myanmar,myanmar_2025-06-05
15.6,92.7,Outside Myanmar,myanmar_2025-06-05
15.6,92.8,Outside Myanmar,myanmar_2025-06-05
15.6,92.9,Outside Myanmar,myanmar_2025-06-05
15.6,93.0,Outside Myanmar,myanmar_2025-06-05
15.6,93.1,Outside Myanmar,myanmar_2025-06-05
15.6,93.2,Outside Myanmar,myanmar_2025-06-05
15.6,93.3,Outside Myanmar,myanmar_2025-06-05
15.6,93.4,Outside Myanmar,myanmar_2025-06-05
15.6,93.5,Outside Myanmar,myanmar_2025-06-05
15.6,93.6,Outside Myanmar,myanmar_2025-06-05
15.6,93.7,Outside Myanmar,myanmar_2025-06-05
15.6,93.8,Outside Myanmar,myanmar_2025-06-05
15.6,93.9,Outside Myanmar,myanmar_2025-06-05
15.6,94.0,Outside Myanmar,myanmar_2025-06-05
15.6,94.1,Outside Myanmar,myanmar_2025-06-05
15.6,94.2,Outside Myanmar,myanmar_2025-06-05
15.6,94.3,Outside Myanmar,myanmar_2025-06-05
15.6,94.4,Outside Myanmar,myanmar_2025-06-05
15.6,94.5,Outside Myanmar,myanmar_2025-06-05
15.6,94.6,Outside Myanmar,myanmar_2025-06-05
15.6,94.7,Outside Myanmar,myanmar_2025-06-05
15.6,94.8,Outside Myanmar,myanmar_2025-06-05
15.6,94.9,Outside Myanmar,myanmar_2025-06-05
15.6,95.0,Outside Myanmar,myanmar_2025-06-05
15.6,95.1,Outside Myanmar,myanmar_2025-06-05
15.6,95.2,Outside Myanmar,myanmar_2025-06-05
15.6,95.3,Outside Myanmar,myanmar_2025-06-05
15.6,95.4,Outside Myanmar,myanmar_2025-06-05
15.6,95.5,Outside Myanmar,myanmar_2025-06-05
15.6,95.6,Outside Myanmar,myanmar_2025-06-05
15.6,95.7,Outside Myanmar,myanmar_2025-06-05
15.6,95.8,Outside Myanmar,myanmar_2025-06-05
15.6,95.9,Outside Myanmar,myanmar_2025-06-05
15.6,96.0,Outside Myanmar,myanmar_2025-06-05
15.6,96.1,Outside Myanmar,myanmar_2025-06-05
15.6,96.2,Outside Myanmar,myanmar_2025-06-05
15.6,96.3,Outside Myanmar,myanmar_2025-06-05
15.6,96.4,Outside Myanmar,myanmar_2025-06-05
15.6,96.5,Outside Myanmar,myanmar_2025-06-05
15.6,96.6,Outside Myanmar,myanmar_2025-06-05
15.6,96.7,Outside Myanmar,myanmar_2025-06-05
15.6,96.8,Outside Myanmar,myanmar_2025-06-05
15.6,96.9,Outside Myanmar,myanmar_2025-06-05
15.6,97.0,Outside Myanmar,myanmar_2025-06-05
15.6,97.1,Outside Myanmar,myanmar_2025-06-05
15.6,97.2,Outside Myanmar,myanmar_2025-06-05
15.6,97.3,Outside Myanmar,myanmar_2025-06-05
15.6,97.4,Outside Myanmar,myanmar_2025-06-05
15.6,97.5,Outside Myanmar,myanmar_2025-06-05
15.6,97.6,Outside Myanmar,myanmar_2025-06-05
15.6,97.7,Outside Myanmar,myanmar_2025-06-05
15.6,97.8,Junta,myanmar_2025-06-05
15.6,97.9,Junta,myanmar_2025-06-05
15.6,98.0,Junta,myanmar_2025-06-05
15.6,98.1,Junta,myanmar_2025-06-05
15.6,98.2,Junta,myanmar_2025-06-05
15.6,98.3,Junta,myanmar_2025-06-05
15.6,98.4,Junta,myanmar_2025-06-05
15.6,98.5,Junta,myanmar_2025-06-05
15.6,98.6,Outside Myanmar,myanmar_2025-06-05
15.6,98.7,Outside Myanmar,myanmar_2025-06-05
15.6,98.8,Outside Myanmar,myanmar_2025-06-05
15.6,98.9,Outside Myanmar,myanmar_2025-06-05
15.6,99.0,Outside Myanmar,myanmar_2025-06-05
15.6,99.1,Outside Myanmar,myanmar_2025-06-05
15.6,99.2,Outside Myanmar,myanmar_2025-06-05
15.6,99.3,Outside Myanmar,myanmar_2025-06-05
15.6,99.4,Outside Myanmar,myanmar_2025-06-05
15.6,99.5,Outside Myanmar,myanmar_2025-06-05
15.6,99.6,Outside Myanmar,myanmar_2025-06-05
15.6,99.7,Outside Myanmar,myanmar_2025-06-05
15.6,99.8,Outside Myanmar,myanmar_2025-06-05
15.6,99.9,Outside Myanmar,myanmar_2025-06-05
15.6,100.0,Outside Myanmar,myanmar_2025-06-05
15.6,100.1,Outside Myanmar,myanmar_2025-06-05
15.6,100.2,Outside Myanmar,myanmar_2025-06-05
15.6,100.3,Outside Myanmar,myanmar_2025-06-05
15.6,100.4,Outside Myanmar,myanmar_2025-06-05
15.6,100.5,Outside Myanmar,myanmar_2025-06-05
15.6,100.6,Outside Myanmar,myanmar_2025-06-05
15.6,100.7,Outside Myanmar,myanmar_2025-06-05
15.6,100.8,Outside Myanmar,myanmar_2025-06-05
15.6,100.9,Outside Myanmar,myanmar_2025-06-05
15.6,101.0,Outside Myanmar,myanmar_2025-06-05
15.6,101.1,Outside Myanmar,myanmar_2025-06-05
15.6,101.2,Outside Myanmar,myanmar_2025-06-05
15.6,101.3,Outside Myanmar,myanmar_2025-06-05
15.6,101.4,Outside Myanmar,myanmar_2025-06-05
15.7,92.0,Outside Myanmar,myanmar_2025-06-05
15.7,92.1,Outside Myanmar,myanmar_2025-06-05
15.7,92.2,Outside Myanmar,myanmar_2025-06-05
15.7,92.3,Outside Myanmar,myanmar_2025-06-05
15.7,92.4,Outside Myanmar,myanmar_2025-06-05
15.7,92.5,Outside Myanmar,myanmar_2025-06-05
15.7,92.6,Outside Myanmar,myanmar_2025-06-05
15.7,92.7,Outside Myanmar,myanmar_2025-06-05
15.7,92.8,Outside Myanmar,myanmar_2025-06-05
15.7,92.9,Outside Myanmar,myanmar_2025-06-05
15.7,93.0,Outside Myanmar,myanmar_2025-06-05
15.7,93.1,Outside Myanmar,myanmar_2025-06-05
15.7,93.2,Outside Myanmar,myanmar_2025-06-05
15.7,93.3,Outside Myanmar,myanmar_2025-06-05
15.7,93.4,Outside Myanmar,myanmar_2025-06-05
15.7,93.5,Outside Myanmar,myanmar_2025-06-05
15.7,93.6,Outside Myanmar,myanmar_2025-06-05
15.7,93.7,Outside Myanmar,myanmar_2025-06-05
15.7,93.8,Outside Myanmar,myanmar_2025-06-05
15.7,93.9,Outside Myanmar,myanmar_2025-06-05
15.7,94.0,Outside Myanmar,myanmar_2025-06-05
15.7,94.1,Outside Myanmar,myanmar_2025-06-05
15.7,94.2,Outside Myanmar,myanmar_2025-06-05
15.7,94.3,Outside Myanmar,myanmar_2025-06-05
15.7,94.4,Outside Myanmar,myanmar_2025-06-05
15.7,94.5,Outside Myanmar,myanmar_2025-06-05
15.7,94.6,Outside Myanmar,myanmar_2025-06-05
15.7,94.7,Outside Myanmar,myanmar_2025-06-05
15.7,94.8,Outside Myanmar,myanmar_2025-06-05
15.7,94.9,Outside Myanmar,myanmar_2025-06-05
15.7,95.0,Outside Myanmar,myanmar_2025-06-05
15.7,95.1,Outside Myanmar,myanmar_2025-06-05
15.7,95.2,Outside Myanmar,myanmar_2025-06-05
15.7,95.3,Outside Myanmar,myanmar_2025-06-05
15.7,95.4,Outside Myanmar,myanmar_2025-06-05
15.7,95.5,Outside Myanmar,myanmar_2025-06-05
15.7,95.6,Outside Myanmar,myanmar_2025-06-05
15.7,95.7,Outside Myanmar,myanmar_2025-06-05
15.7,95.8,Outside Myanmar,myanmar_2025-06-05
15.7,95.9,Outside Myanmar,myanmar_2025-06-05
15.7,96.0,Outside Myanmar,myanmar_2025-06-05
15.7,96.1,Outside Myanmar,myanmar_2025-06-05
15.7,96.2,Outside Myanmar,myanmar_2025-06-05
15.7,96.3,Outside Myanmar,myanmar_2025-06-05
15.7,96.4,Outside Myanmar,myanmar_2025-06-05
15.7,96.5,Outside Myanmar,myanmar_2025-06-05
15.7,96.6,Outside Myanmar,myanmar_2025-06-05
15.7,96.7,Outside Myanmar,myanmar_2025-06-05
15.7,96.8,Outside Myanmar,myanmar_2025-06-05
15.7,96.9,Outside Myanmar,myanmar_2025-06-05
15.7,97.0,Outside Myanmar,myanmar_2025-06-05
15.7,97.1,Outside Myanmar,myanmar_2025-06-05
15.7,97.2,Outside Myanmar,myanmar_2025-06-05
15.7,97.3,Outside Myanmar,myanmar_2025-06-05
15.7,97.4,Outside Myanmar,myanmar_2025-06-05
15.7,97.5,Outside Myanmar,myanmar_2025-06-05
15.7,97.6,Outside Myanmar,myanmar_2025-06-05
15.7,97.7,Outside Myanmar,myanmar_2025-06-05
15.7,97.8,Junta,myanmar_2025-06-05
15.7,97.9,Junta,myanmar_2025-06-05
15.7,98.0,Junta,myanmar_2025-06-05
15.7,98.1,Junta,myanmar_2025-06-05
15.7,98.2,Junta,myanmar_2025-06-05
15.7,98.3,Junta,myanmar_2025-06-05
15.7,98.4,Junta,myanmar_2025-06-05
15.7,98.5,Junta,myanmar_2025-06-05
15.7,98.6,Outside Myanmar,myanmar_2025-06-05
15.7,98.7,Outside Myanmar,myanmar_2025-06-05
15.7,98.8,Outside Myanmar,myanmar_2025-06-05
15.7,98.9,Outside Myanmar,myanmar_2025-06-05
15.7,99.0,Outside Myanmar,myanmar_2025-06-05
15.7,99.1,Outside Myanmar,myanmar_2025-06-05
15.7,99.2,Outside Myanmar,myanmar_2025-06-05
15.7,99.3,Outside Myanmar,myanmar_2025-06-05
15.7,99.4,Outside Myanmar,myanmar_2025-06-05
15.7,99.5,Outside Myanmar,myanmar_2025-06-05
15.7,99.6,Outside Myanmar,myanmar_2025-06-05
15.7,99.7,Outside Myanmar,myanmar_2025-06-05
15.7,99.8,Outside Myanmar,myanmar_2025-06-05
15.7,99.9,Outside Myanmar,myanmar_2025-06-05
15.7,100.0,Outside Myanmar,myanmar_2025-06-05
15.7,100.1,Outside Myanmar,myanmar_2025-06-05
15.7,100.2,Outside Myanmar,myanmar_2025-06-05
15.7,100.3,Outside Myanmar,myanmar_2025-06-05
15.7,100.4,Outside Myanmar,myanmar_2025-06-05
15.7,100.5,Outside Myanmar,myanmar_2025-06-05
15.7,100.6,Outside Myanmar,myanmar_2025-06-05
15.7,100.7,Outside Myanmar,myanmar_2025-06-05
15.7,100.8,Outside Myanmar,myanmar_2025-06-05
15.7,100.9,Outside Myanmar,myanmar_2025-06-05
15.7,101.0,Outside Myanmar,myanmar_2025-06-05
15.7,101.1,Outside Myanmar,myanmar_2025-06-05
15.7,101.2,Outside Myanmar,myanmar_2025-06-05
15.7,101.3,Outside Myanmar,myanmar_2025-06-05
15.7,101.4,Outside Myanmar,myanmar_2025-06-05
15.8,92.0,Outside Myanmar,myanmar_2025-06-05
15.8,92.1,Outside Myanmar,myanmar_2025-06-05
15.8,92.2,Outside Myanmar,myanmar_2025-06-05
15.8,92.3,Outside Myanmar,myanmar_2025-06-05
15.8,92.4,Outside Myanmar,myanmar_2025-06-05
15.8,92.5,Outside Myanmar,myanmar_2025-06-05
15.8,92.6,Outside Myanmar,myanmar_2025-06-05
15.8,92.7,Outside Myanmar,myanmar_2025-06-05
15.8,92.8,Outside Myanmar,myanmar_2025-06-05
15.8,92.9,Outside Myanmar,myanmar_2025-06-05
15.8,93.0,Outside Myanmar,myanmar_2025-06-05
15.8,93.1,Outside Myanmar,myanmar_2025-06-05
15.8,93.2,Outside Myanmar,myanmar_2025-06-05
15.8,93.3,Outside Myanmar,myanmar_2025-06-05
15.8,93.4,Outside Myanmar,myanmar_2025-06-05
15.8,93.5,Outside Myanmar,myanmar_2025-06-05
15.8,93.6,Outside Myanmar,myanmar_2025-06-05
15.8,93.7,Outside Myanmar,myanmar_2025-06-05
15.8,93.8,Outside Myanmar,myanmar_2025-06-05
15.8,93.9,Outside Myanmar,myanmar_2025-06-05
15.8,94.0,Outside Myanmar,myanmar_2025-06-05
15.8,94.1,Outside Myanmar,myanmar_2025-06-05
15.8,94.2,Outside Myanmar,myanmar_2025-06-05
15.8,94.3,Outside Myanmar,myanmar_2025-06-05
15.8,94.4,Outside Myanmar,myanmar_2025-06-05
15.8,94.5,Outside Myanmar,myanmar_2025-06-05
15.8,94.6,Outside Myanmar,myanmar_2025-06-05
15.8,94.7,Outside Myanmar,myanmar_2025-06-05
15.8,94.8,Outside Myanmar,myanmar_2025-06-05
15.8,94.9,Outside Myanmar,myanmar_2025-06-05
15.8,95.0,Outside Myanmar,myanmar_2025-06-05
15.8,95.1,Outside Myanmar,myanmar_2025-06-05
15.8,95.2,Outside Myanmar,myanmar_2025-06-05
15.8,95.3,Outside Myanmar,myanmar_2025-06-05
15.8,95.4,Junta,myanmar_2025-06-05
15.8,95.5,Junta,myanmar_2025-06-05
15.8,95.6,Outside Myanmar,myanmar_2025-06-05
15.8,95.7,Outside Myanmar,myanmar_2025-06-05
15.8,95.8,Outside Myanmar,myanmar_2025-06-05
15.8,95.9,Outside Myanmar,myanmar_2025-06-05
15.8,96.0,Outside Myanmar,myanmar_2025-06-05
15.8,96.1,Outside Myanmar,myanmar_2025-06-05
15.8,96.2,Outside Myanmar,myanmar_2025-06-05
15.8,96.3,Outside Myanmar,myanmar_2025-06-05
15.8,96.4,Outside Myanmar,myanmar_2025-06-05
15.8,96.5,Outside Myanmar,myanmar_2025-06-05
15.8,96.6,Outside Myanmar,myanmar_2025-06-05
15.8,96.7,Outside Myanmar,myanmar_2025-06-05
15.8,96.8,Outside Myanmar,myanmar_2025-06-05
15.8,96.9,Outside Myanmar,myanmar_2025-06-05
15.8,97.0,Outside Myanmar,myanmar_2025-06-05
15.8,97.1,Outside Myanmar,myanmar_2025-06-05
15.8,97.2,Outside Myanmar,myanmar_2025-06-05
15.8,97.3,Outside Myanmar,myanmar_2025-06-05
15.8,97.4,Outside Myanmar,myanmar_2025-06-05
15.8,97.5,Outside Myanmar,myanmar_2025-06-05
15.8,97.6,Outside Myanmar,myanmar_2025-06-05
15.8,97.7,Outside Myanmar,myanmar_2025-06-05
15.8,97.8,Junta,myanmar_2025-06-05
15.8,97.9,Junta,myanmar_2025-06-05
15.8,98.0,Junta,myanmar_2025-06-05
15.8,98.1,Junta,myanmar_2025-06-05
15.8,98.2,Junta,myanmar_2025-06-05
15.8,98.3,Junta,myanmar_2025-06-05
15.8,98.4,Junta,myanmar_2025-06-05
15.8,98.5,Junta,myanmar_2025-06-05
15.8,98.6,Outside Myanmar,myanmar_2025-06-05
15.8,98.7,Outside Myanmar,myanmar_2025-06-05
15.8,98.8,Outside Myanmar,myanmar_2025-06-05
15.8,98.9,Outside Myanmar,myanmar_2025-06-05
15.8,99.0,Outside Myanmar,myanmar_2025-06-05
15.8,99.1,Outside Myanmar,myanmar_2025-06-05
15.8,99.2,Outside Myanmar,myanmar_2025-06-05
15.8,99.3,Outside Myanmar,myanmar_2025-06-05
15.8,99.4,Outside Myanmar,myanmar_2025-06-05
15.8,99.5,Outside Myanmar,myanmar_2025-06-05
15.8,99.6,Outside Myanmar,myanmar_2025-06-05
15.8,99.7,Outside Myanmar,myanmar_2025-06-05
15.8,99.8,Outside Myanmar,myanmar_2025-06-05
15.8,99.9,Outside Myanmar,myanmar_2025-06-05
15.8,100.0,Outside Myanmar,myanmar_2025-06-05
15.8,100.1,Outside Myanmar,myanmar_2025-06-05
15.8,100.2,Outside Myanmar,myanmar_2025-06-05
15.8,100.3,Outside Myanmar,myanmar_2025-06-05
15.8,100.4,Outside Myanmar,myanmar_2025-06-05
15.8,100.5,Outside Myanmar,myanmar_2025-06-05
15.8,100.6,Outside Myanmar,myanmar_2025-06-05
15.8,100.7,Outside Myanmar,myanmar_2025-06-05
15.8,100.8,Outside Myanmar,myanmar_2025-06-05
15.8,100.9,Outside Myanmar,myanmar_2025-06-05
15.8,101.0,Outside Myanmar,myanmar_2025-06-05
15.8,101.1,Outside Myanmar,myanmar_2025-06-05
15.8,101.2,Outside Myanmar,myanmar_2025-06-05
15.8,101.3,Outside Myanmar,myanmar_2025-06-05
15.8,101.4,Outside Myanmar,myanmar_2025-06-05
15.9,92.0,Outside Myanmar,myanmar_2025-06-05
15.9,92.1,Outside Myanmar,myanmar_2025-06-05
15.9,92.2,Outside Myanmar,myanmar_2025-06-05
15.9,92.3,Outside Myanmar,myanmar_2025-06-05
15.9,92.4,Outside Myanmar,myanmar_2025-06-05
15.9,92.5,Outside Myanmar,myanmar_2025-06-05
15.9,92.6,Outside Myanmar,myanmar_2025-06-05
15.9,92.7,Outside Myanmar,myanmar_2025-06-05
15.9,92.8,Outside Myanmar,myanmar_2025-06-05
15.9,92.9,Outside Myanmar,myanmar_2025-06-05
15.9,93.0,Outside Myanmar,myanmar_2025-06-05
15.9,93.1,Outside Myanmar,myanmar_2025-06-05
15.9,93.2,Outside Myanmar,myanmar_2025-06-05
15.9,93.3,Outside Myanmar,myanmar_2025-06-05
15.9,93.4,Outside Myanmar,myanmar_2025-06-05
15.9,93.5,Outside Myanmar,myanmar_2025-06-05
15.9,93.6,Outside Myanmar,myanmar_2025-06-05
15.9,93.7,Outside Myanmar,myanmar_2025-06-05
15.9,93.8,Outside Myanmar,myanmar_2025-06-05
15.9,93.9,Outside Myanmar,myanmar_2025-06-05
15.9,94.0,Outside Myanmar,myanmar_2025-06-05
15.9,94.1,Outside Myanmar,myanmar_2025-06-05
15.9,94.2,Outside Myanmar,myanmar_2025-06-05
15.9,94.3,Outside Myanmar,myanmar_2025-06-05
15.9,94.4,Outside Myanmar,myanmar_2025-06-05
15.9,94.5,Outside Myanmar,myanmar_2025-06-05
15.9,94.6,Outside Myanmar,myanmar_2025-06-05
15.9,94.7,Outside Myanmar,myanmar_2025-06-05
15.9,94.8,Junta,myanmar_2025-06-05
15.9,94.9,Outside Myanmar,myanmar_2025-06-05
15.9,95.0,Junta,myanmar_2025-06-05
15.9,95.1,Junta,myanmar_2025-06-05
15.9,95.2,Junta,myanmar_2025-06-05
15.9,95.3,Outside Myanmar,myanmar_2025-06-05
15.9,95.4,Junta,myanmar_2025-06-05
15.9,95.5,Junta,myanmar_2025-06-05
15.9,95.6,Junta,myanmar_2025-06-05
15.9,95.7,Outside Myanmar,myanmar_2025-06-05
15.9,95.8,Outside Myanmar,myanmar_2025-06-05
15.9,95.9,Outside Myanmar,myanmar_2025-06-05
15.9,96.0,Outside Myanmar,myanmar_2025-06-05
15.9,96.1,Outside Myanmar,myanmar_2025-06-05
15.9,96.2,Outside Myanmar,myanmar_2025-06-05
15.9,96.3,Outside Myanmar,myanmar_2025-06-05
15.9,96.4,Outside Myanmar,myanmar_2025-06-05
15.9,96.5,Outside Myanmar,myanmar_2025-06-05
15.9,96.6,Outside Myanmar,myanmar_2025-06-05
15.9,96.7,Outside Myanmar,myanmar_2025-06-05
15.9,96.8,Outside Myanmar,myanmar_2025-06-05
15.9,96.9,Outside Myanmar,myanmar_2025-06-05
15.9,97.0,Outside Myanmar,myanmar_2025-06-05
15.9,97.1,Outside Myanmar,myanmar_2025-06-05
15.9,97.2,Outside Myanmar,myanmar_2025-06-05
15.9,97.3,Outside Myanmar,myanmar_2025-06-05
15.9,97.4,Outside Myanmar,myanmar_2025-06-05
15.9,97.5,Outside Myanmar,myanmar_2025-06-05
15.9,97.6,Outside Myanmar,myanmar_2025-06-05
15.9,97.7,Junta,myanmar_2025-06-05
15.9,97.8,Junta,myanmar_2025-06-05
15.9,97.9,Junta,myanmar_2025-06-05
15.9,98.0,Junta,myanmar_2025-06-05
15.9,98.1,Junta,myanmar_2025-06-05
15.9,98.2,Junta,myanmar_2025-06-05
15.9,98.3,Junta,myanmar_2025-06-05
15.9,98.4,Junta,myanmar_2025-06-05
15.9,98.5,Junta,myanmar_2025-06-05
15.9,98.6,Outside Myanmar,myanmar_2025-06-05
15.9,98.7,Outside Myanmar,myanmar_2025-06-05
15.9,98.8,Outside Myanmar,myanmar_2025-06-05
15.9,98.9,Outside Myanmar,myanmar_2025-06-05
15.9,99.0,Outside Myanmar,myanmar_2025-06-05
15.9,99.1,Outside Myanmar,myanmar_2025-06-05
15.9,99.2,Outside Myanmar,myanmar_2025-06-05
15.9,99.3,Outside Myanmar,myanmar_2025-06-05
15.9,99.4,Outside Myanmar,myanmar_2025-06-05
15.9,99.5,Outside Myanmar,myanmar_2025-06-05
15.9,99.6,Outside Myanmar,myanmar_2025-06-05
15.9,99.7,Outside Myanmar,myanmar_2025-06-05
15.9,99.8,Outside Myanmar,myanmar_2025-06-05
15.9,99.9,Outside Myanmar,myanmar_2025-06-05
15.9,100.0,Outside Myanmar,myanmar_2025-06-05
15.9,100.1,Outside Myanmar,myanmar_2025-06-05
15.9,100.2,Outside Myanmar,myanmar_2025-06-05
15.9,100.3,Outside Myanmar,myanmar_2025-06-05
15.9,100.4,Outside Myanmar,myanmar_2025-06-05
15.9,100.5,Outside Myanmar,myanmar_2025-06-05
15.9,100.6,Outside Myanmar,myanmar_2025-06-05
15.9,100.7,Outside Myanmar,myanmar_2025-06-05
15.9,100.8,Outside Myanmar,myanmar_2025-06-05
15.9,100.9,Outside Myanmar,myanmar_2025-06-05
15.9,101.0,Outside Myanmar,myanmar_2025-06-05
15.9,101.1,Outside Myanmar,myanmar_2025-06-05
15.9,101.2,Outside Myanmar,myanmar_2025-06-05
15.9,101.3,Outside Myanmar,myanmar_2025-06-05
15.9,101.4,Outside Myanmar,myanmar_2025-06-05
16.0,92.0,Outside Myanmar,myanmar_2025-06-05
16.0,92.1,Outside Myanmar,myanmar_2025-06-05
16.0,92.2,Outside Myanmar,myanmar_2025-06-05
16.0,92.3,Outside Myanmar,myanmar_2025-06-05
16.0,92.4,Outside Myanmar,myanmar_2025-06-05
16.0,92.5,Outside Myanmar,myanmar_2025-06-05
16.0,92.6,Outside Myanmar,myanmar_2025-06-05
16.0,92.7,Outside Myanmar,myanmar_2025-06-05
16.0,92.8,Outside Myanmar,myanmar_2025-06-05
16.0,92.9,Outside Myanmar,myanmar_2025-06-05
16.0,93.0,Outside Myanmar,myanmar_2025-06-05
16.0,93.1,Outside Myanmar,myanmar_2025-06-05
16.0,93.2,Outside Myanmar,myanmar_2025-06-05
16.0,93.3,Outside Myanmar,myanmar_2025-06-05
16.0,93.4,Outside Myanmar,myanmar_2025-06-05
16.0,93.5,Outside Myanmar,myanmar_2025-06-05
16.0,93.6,Outside Myanmar,myanmar_2025-06-05
16.0,93.7,Outside Myanmar,myanmar_2025-06-05
16.0,93.8,Outside Myanmar,myanmar_2025-06-05
16.0,93.9,Outside Myanmar,myanmar_2025-06-05
16.0,94.0,Outside Myanmar,myanmar_2025-06-05
16.0,94.1,Outside Myanmar,myanmar_2025-06-05
16.0,94.2,Outside Myanmar,myanmar_2025-06-05
16.0,94.3,Outside Myanmar,myanmar_2025-06-05
16.0,94.4,Junta,myanmar_2025-06-05
16.0,94.5,Junta,myanmar_2025-06-05
16.0,94.6,Outside Myanmar,myanmar_2025-06-05
16.0,94.7,Junta,myanmar_2025-06-05
16.0,94.8,Junta,myanmar_2025-06-05
16.0,94.9,Junta,myanmar_2025-06-05
16.0,95.0,Junta,myanmar_2025-06-05
16.0,95.1,Junta,myanmar_2025-06-05
16.0,95.2,Junta,myanmar_2025-06-05
16.0,95.3,Junta,myanmar_2025-06-05
16.0,95.4,Junta,myanmar_2025-06-05
16.0,95.5,Junta,myanmar_2025-06-05
16.0,95.6,Junta,myanmar_2025-06-05
16.0,95.7,Outside Myanmar,myanmar_2025-06-05
16.0,95.8,Outside Myanmar,myanmar_2025-06-05
16.0,95.9,Outside Myanmar,myanmar_2025-06-05
16.0,96.0,Outside Myanmar,myanmar_2025-06-05
16.0,96.1,Outside Myanmar,myanmar_2025-06-05
16.0,96.2,Outside Myanmar,myanmar_2025-06-05
16.0,96.3,Outside Myanmar,myanmar_2025-06-05
16.0,96.4,Outside Myanmar,myanmar_2025-06-05
16.0,96.5,Outside Myanmar,myanmar_2025-06-05
16.0,96.6,Outside Myanmar,myanmar_2025-06-05
16.0,96.7,Outside Myanmar,myanmar_2025-06-05
16.0,96.8,Outside Myanmar,myanmar_2025-06-05
16.0,96.9,Outside Myanmar,myanmar_2025-06-05
16.0,97.0,Outside Myanmar,myanmar_2025-06-05
16.0,97.1,Outside Myanmar,myanmar_2025-06-05
16.0,97.2,Outside Myanmar,myanmar_2025-06-05
16.0,97.3,Outside Myanmar,myanmar_2025-06-05
16.0,97.4,Outside Myanmar,myanmar_2025-06-05
16.0,97.5,Outside Myanmar,myanmar_2025-06-05
16.0,97.6,Outside Myanmar,myanmar_2025-06-05
16.0,97.7,Junta,myanmar_2025-06-05
16.0,97.8,Junta,myanmar_2025-06-05
16.0,97.9,Junta,myanmar_2025-06-05
16.0,98.0,Junta,myanmar_2025-06-05
16.0,98.1,Junta,myanmar_2025-06-05
16.0,98.2,Junta,myanmar_2025-06-05
16.0,98.3,Junta,myanmar_2025-06-05
16.0,98.4,Junta,myanmar_2025-06-05
16.0,98.5,Junta,myanmar_2025-06-05
16.0,98.6,Outside Myanmar,myanmar_2025-06-05
16.0,98.7,Outside Myanmar,myanmar_2025-06-05
16.0,98.8,Outside Myanmar,myanmar_2025-06-05
16.0,98.9,Outside Myanmar,myanmar_2025-06-05
16.0,99.0,Outside Myanmar,myanmar_2025-06-05
16.0,99.1,Outside Myanmar,myanmar_2025-06-05
16.0,99.2,Outside Myanmar,myanmar_2025-06-05
16.0,99.3,Outside Myanmar,myanmar_2025-06-05
16.0,99.4,Outside Myanmar,myanmar_2025-06-05
16.0,99.5,Outside Myanmar,myanmar_2025-06-05
16.0,99.6,Outside Myanmar,myanmar_2025-06-05
16.0,99.7,Outside Myanmar,myanmar_2025-06-05
16.0,99.8,Outside Myanmar,myanmar_2025-06-05
16.0,99.9,Outside Myanmar,myanmar_2025-06-05
16.0,100.0,Outside Myanmar,myanmar_2025-06-05
16.0,100.1,Outside Myanmar,myanmar_2025-06-05
16.0,100.2,Outside Myanmar,myanmar_2025-06-05
16.0,100.3,Outside Myanmar,myanmar_2025-06-05
16.0,100.4,Outside Myanmar,myanmar_2025-06-05
16.0,100.5,Outside Myanmar,myanmar_2025-06-05
16.0,100.6,Outside Myanmar,myanmar_2025-06-05
16.0,100.7,Outside Myanmar,myanmar_2025-06-05
16.0,100.8,Outside Myanmar,myanmar_2025-06-05
16.0,100.9,Outside Myanmar,myanmar_2025-06-05
16.0,101.0,Outside Myanmar,myanmar_2025-06-05
16.0,101.1,Outside Myanmar,myanmar_2025-06-05
16.0,101.2,Outside Myanmar,myanmar_2025-06-05
16.0,101.3,Outside Myanmar,myanmar_2025-06-05
16.0,101.4,Outside Myanmar,myanmar_2025-06-05
16.1,92.0,Outside Myanmar,myanmar_2025-06-05
16.1,92.1,Outside Myanmar,myanmar_2025-06-05
16.1,92.2,Outside Myanmar,myanmar_2025-06-05
16.1,92.3,Outside Myanmar,myanmar_2025-06-05
16.1,92.4,Outside Myanmar,myanmar_2025-06-05
16.1,92.5,Outside Myanmar,myanmar_2025-06-05
16.1,92.6,Outside Myanmar,myanmar_2025-06-05
16.1,92.7,Outside Myanmar,myanmar_2025-06-05
16.1,92.8,Outside Myanmar,myanmar_2025-06-05
16.1,92.9,Outside Myanmar,myanmar_2025-06-05
16.1,93.0,Outside Myanmar,myanmar_2025-06-05
16.1,93.1,Outside Myanmar,myanmar_2025-06-05
16.1,93.2,Outside Myanmar,myanmar_2025-06-05
16.1,93.3,Outside Myanmar,myanmar_2025-06-05
16.1,93.4,Outside Myanmar,myanmar_2025-06-05
16.1,93.5,Outside Myanmar,myanmar_2025-06-05
16.1,93.6,Outside Myanmar,myanmar_2025-06-05
16.1,93.7,Outside Myanmar,myanmar_2025-06-05
16.1,93.8,Outside Myanmar,myanmar_2025-06-05
16.1,93.9,Outside Myanmar,myanmar_2025-06-05
16.1,94.0,Outside Myanmar,myanmar_2025-06-05
16.1,94.1,Outside Myanmar,myanmar_2025-06-05
16.1,94.2,Outside Myanmar,myanmar_2025-06-05
16.1,94.3,Junta,myanmar_2025-06-05
16.1,94.4,Junta,myanmar_2025-06-05
16.1,94.5,Outside Myanmar,myanmar_2025-06-05
16.1,94.6,Junta,myanmar_2025-06-05
16.1,94.7,Junta,myanmar_2025-06-05
16.1,94.8,Junta,myanmar_2025-06-05
16.1,94.9,Junta,myanmar_2025-06-05
16.1,95.0,Junta,myanmar_2025-06-05
16.1,95.1,Junta,myanmar_2025-06-05
16.1,95.2,Junta,myanmar_2025-06-05
16.1,95.3,Junta,myanmar_2025-06-05
16.1,95.4,Junta,myanmar_2025-06-05
16.1,95.5,Junta,myanmar_2025-06-05
16.1,95.6,Junta,myanmar_2025-06-05
16.1,95.7,Junta,myanmar_2025-06-05
16.1,95.8,Outside Myanmar,myanmar_2025-06-05
16.1,95.9,Outside Myanmar,myanmar_2025-06-05
16.1,96.0,Outside Myanmar,myanmar_2025-06-05
16.1,96.1,Outside Myanmar,myanmar_2025-06-05
16.1,96.2,Outside Myanmar,myanmar_2025-06-05
16.1,96.3,Outside Myanmar,myanmar_2025-06-05
16.1,96.4,Outside Myanmar,myanmar_2025-06-05
16.1,96.5,Outside Myanmar,myanmar_2025-06-05
16.1,96.6,Outside Myanmar,myanmar_2025-06-05
16.1,96.7,Outside Myanmar,myanmar_2025-06-05
16.1,96.8,Outside Myanmar,myanmar_2025-06-05
16.1,96.9,Outside Myanmar,myanmar_2025-06-05
16.1,97.0,Outside Myanmar,myanmar_2025-06-05
16.1,97.1,Outside Myanmar,myanmar_2025-06-05
16.1,97.2,Outside Myanmar,myanmar_2025-06-05
16.1,97.3,Outside Myanmar,myanmar_2025-06-05
16.1,97.4,Outside Myanmar,myanmar_2025-06-05
16.1,97.5,Outside Myanmar,myanmar_2025-06-05
16.1,97.6,Outside Myanmar,myanmar_2025-06-05
16.1,97.7,Junta,myanmar_2025-06-05
16.1,97.8,Junta,myanmar_2025-06-05
16.1,97.9,Junta,myanmar_2025-06-05
16.1,98.0,Junta,myanmar_2025-06-05
16.1,98.1,Junta,myanmar_2025-06-05
16.1,98.2,Junta,myanmar_2025-06-05
16.1,98.3,Junta,myanmar_2025-06-05
16.1,98.4,Junta,myanmar_2025-06-05
16.1,98.5,Junta,myanmar_2025-06-05
16.1,98.6,Junta,myanmar_2025-06-05
16.1,98.7,Outside Myanmar,myanmar_2025-06-05
16.1,98.8,Outside Myanmar,myanmar_2025-06-05
16.1,98.9,Outside Myanmar,myanmar_2025-06-05
16.1,99.0,Outside Myanmar,myanmar_2025-06-05
16.1,99.1,Outside Myanmar,myanmar_2025-06-05
16.1,99.2,Outside Myanmar,myanmar_2025-06-05
16.1,99.3,Outside Myanmar,myanmar_2025-06-05
16.1,99.4,Outside Myanmar,myanmar_2025-06-05
16.1,99.5,Outside Myanmar,myanmar_2025-06-05
16.1,99.6,Outside Myanmar,myanmar_2025-06-05
16.1,99.7,Outside Myanmar,myanmar_2025-06-05
16.1,99.8,Outside Myanmar,myanmar_2025-06-05
16.1,99.9,Outside Myanmar,myanmar_2025-06-05
16.1,100.0,Outside Myanmar,myanmar_2025-06-05
16.1,100.1,Outside Myanmar,myanmar_2025-06-05
16.1,100.2,Outside Myanmar,myanmar_2025-06-05
16.1,100.3,Outside Myanmar,myanmar_2025-06-05
16.1,100.4,Outside Myanmar,myanmar_2025-06-05
16.1,100.5,Outside Myanmar,myanmar_2025-06-05
16.1,100.6,Outside Myanmar,myanmar_2025-06-05
16.1,100.7,Outside Myanmar,myanmar_2025-06-05
16.1,100.8,Outside Myanmar,myanmar_2025-06-05
16.1,100.9,Outside Myanmar,myanmar_2025-06-05
16.1,101.0,Outside Myanmar,myanmar_2025-06-05
16.1,101.1,Outside Myanmar,myanmar_2025-06-05
16.1,101.2,Outside Myanmar,myanmar_2025-06-05
16.1,101.3,Outside Myanmar,myanmar_2025-06-05
16.1,101.4,Outside Myanmar,myanmar_2025-06-05
16.2,92.0,Outside Myanmar,myanmar_2025-06-05
16.2,92.1,Outside Myanmar,myanmar_2025-06-05
16.2,92.2,Outside Myanmar,myanmar_2025-06-05
16.2,92.3,Outside Myanmar,myanmar_2025-06-05
16.2,92.4,Outside Myanmar,myanmar_2025-06-05
16.2,92.5,Outside Myanmar,myanmar_2025-06-05
16.2,92.6,Outside Myanmar,myanmar_2025-06-05
16.2,92.7,Outside Myanmar,myanmar_2025-06-05
16.2,92.8,Outside Myanmar,myanmar_2025-06-05
16.2,92.9,Outside Myanmar,myanmar_2025-06-05
16.2,93.0,Outside Myanmar,myanmar_2025-06-05
16.2,93.1,Outside Myanmar,myanmar_2025-06-05
16.2,93.2,Outside Myanmar,myanmar_2025-06-05
16.2,93.3,Outside Myanmar,myanmar_2025-06-05
16.2,93.4,Outside Myanmar,myanmar_2025-06-05
16.2,93.5,Outside Myanmar,myanmar_2025-06-05
16.2,93.6,Outside Myanmar,myanmar_2025-06-05
16.2,93.7,Outside Myanmar,myanmar_2025-06-05
16.2,93.8,Outside Myanmar,myanmar_2025-06-05
16.2,93.9,Outside Myanmar,myanmar_2025-06-05
16.2,94.0,Outside Myanmar,myanmar_2025-06-05
16.2,94.1,Outside Myanmar,myanmar_2025-06-05
16.2,94.2,Outside Myanmar,myanmar_2025-06-05
16.2,94.3,Junta,myanmar_2025-06-05
16.2,94.4,Junta,myanmar_2025-06-05
16.2,94.5,Junta,myanmar_2025-06-05
16.2,94.6,Junta,myanmar_2025-06-05
16.2,94.7,Junta,myanmar_2025-06-05
16.2,94.8,Junta,myanmar_2025-06-05
16.2,94.9,Junta,myanmar_2025-06-05
16.2,95.0,Junta,myanmar_2025-06-05
16.2,95.1,Junta,myanmar_2025-06-05
16.2,95.2,Junta,myanmar_2025-06-05
16.2,95.3,Junta,myanmar_2025-06-05
16.2,95.4,Junta,myanmar_2025-06-05
16.2,95.5,Junta,myanmar_2025-06-05
16.2,95.6,Junta,myanmar_2025-06-05
16.2,95.7,Junta,myanmar_2025-06-05
16.2,95.8,Junta,myanmar_2025-06-05
16.2,95.9,Outside Myanmar,myanmar_2025-06-05
16.2,96.0,Outside Myanmar,myanmar_2025-06-05
16.2,96.1,Outside Myanmar,myanmar_2025-06-05
16.2,96.2,Outside Myanmar,myanmar_2025-06-05
16.2,96.3,Outside Myanmar,myanmar_2025-06-05
16.2,96.4,Outside Myanmar,myanmar_2025-06-05
16.2,96.5,Outside Myanmar,myanmar_2025-06-05
16.2,96.6,Outside Myanmar,myanmar_2025-06-05
16.2,96.7,Outside Myanmar,myanmar_2025-06-05
16.2,96.8,Outside Myanmar,myanmar_2025-06-05
16.2,96.9,Outside Myanmar,myanmar_2025-06-05
16.2,97.0,Outside Myanmar,myanmar_2025-06-05
16.2,97.1,Outside Myanmar,myanmar_2025-06-05
16.2,97.2,Outside Myanmar,myanmar_2025-06-05
16.2,97.3,Outside Myanmar,myanmar_2025-06-05
16.2,97.4,Outside Myanmar,myanmar_2025-06-05
16.2,97.5,Outside Myanmar,myanmar_2025-06-05
16.2,97.6,Outside Myanmar,myanmar_2025-06-05
16.2,97.7,Junta,myanmar_2025-06-05
16.2,97.8,Junta,myanmar_2025-06-05
16.2,97.9,Junta,myanmar_2025-06-05
16.2,98.0,Junta,myanmar_2025-06-05
16.2,98.1,Junta,myanmar_2025-06-05
16.2,98.2,Junta,myanmar_2025-06-05
16.2,98.3,Junta,myanmar_2025-06-05
16.2,98.4,Junta,myanmar_2025-06-05
16.2,98.5,Junta,myanmar_2025-06-05
16.2,98.6,Junta,myanmar_2025-06-05
16.2,98.7,Junta,myanmar_2025-06-05
16.2,98.8,Junta,myanmar_2025-06-05
16.2,98.9,Outside Myanmar,myanmar_2025-06-05
16.2,99.0,Outside Myanmar,myanmar_2025-06-05
16.2,99.1,Outside Myanmar,myanmar_2025-06-05
16.2,99.2,Outside Myanmar,myanmar_2025-06-05
16.2,99.3,Outside Myanmar,myanmar_2025-06-05
16.2,99.4,Outside Myanmar,myanmar_2025-06-05
16.2,99.5,Outside Myanmar,myanmar_2025-06-05
16.2,99.6,Outside Myanmar,myanmar_2025-06-05
16.2,99.7,Outside Myanmar,myanmar_2025-06-05
16.2,99.8,Outside Myanmar,myanmar_2025-06-05
16.2,99.9,Outside Myanmar,myanmar_2025-06-05
16.2,100.0,Outside Myanmar,myanmar_2025-06-05
16.2,100.1,Outside Myanmar,myanmar_2025-06-05
16.2,100.2,Outside Myanmar,myanmar_2025-06-05
16.2,100.3,Outside Myanmar,myanmar_2025-06-05
16.2,100.4,Outside Myanmar,myanmar_2025-06-05
16.2,100.5,Outside Myanmar,myanmar_2025-06-05
16.2,100.6,Outside Myanmar,myanmar_2025-06-05
16.2,100.7,Outside Myanmar,myanmar_2025-06-05
16.2,100.8,Outside Myanmar,myanmar_2025-06-05
16.2,100.9,Outside Myanmar,myanmar_2025-06-05
16.2,101.0,Outside Myanmar,myanmar_2025-06-05
16.2,101.1,Outside Myanmar,myanmar_2025-06-05
16.2,101.2,Outside Myanmar,myanmar_2025-06-05
16.2,101.3,Outside Myanmar,myanmar_2025-06-05
16.2,101.4,Outside Myanmar,myanmar_2025-06-05
16.3,92.0,Outside Myanmar,myanmar_2025-06-05
16.3,92.1,Outside Myanmar,myanmar_2025-06-05
16.3,92.2,Outside Myanmar,myanmar_2025-06-05
16.3,92.3,Outside Myanmar,myanmar_2025-06-05
16.3,92.4,Outside Myanmar,myanmar_2025-06-05
16.3,92.5,Outside Myanmar,myanmar_2025-06-05
16.3,92.6,Outside Myanmar,myanmar_2025-06-05
16.3,92.7,Outside Myanmar,myanmar_2025-06-05
16.3,92.8,Outside Myanmar,myanmar_2025-06-05
16.3,92.9,Outside Myanmar,myanmar_2025-06-05
16.3,93.0,Outside Myanmar,myanmar_2025-06-05
16.3,93.1,Outside Myanmar,myanmar_2025-06-05
16.3,93.2,Outside Myanmar,myanmar_2025-06-05
16.3,93.3,Outside Myanmar,myanmar_2025-06-05
16.3,93.4,Outside Myanmar,myanmar_2025-06-05
16.3,93.5,Outside Myanmar,myanmar_2025-06-05
16.3,93.6,Outside Myanmar,myanmar_2025-06-05
16.3,93.7,Outside Myanmar,myanmar_2025-06-05
16.3,93.8,Outside Myanmar,myanmar_2025-06-05
16.3,93.9,Outside Myanmar,myanmar_2025-06-05
16.3,94.0,Outside Myanmar,myanmar_2025-06-05
16.3,94.1,Outside Myanmar,myanmar_2025-06-05
16.3,94.2,Outside Myanmar,myanmar_2025-06-05
16.3,94.3,Junta,myanmar_2025-06-05
16.3,94.4,Junta,myanmar_2025-06-05
16.3,94.5,Junta,myanmar_2025-06-05
16.3,94.6,Junta,myanmar_2025-06-05
16.3,94.7,Junta,myanmar_2025-06-05
16.3,94.8,Junta,myanmar_2025-06-05
16.3,94.9,Junta,myanmar_2025-06-05
16.3,95.0,Junta,myanmar_2025-06-05
16.3,95.1,Junta,myanmar_2025-06-05
16.3,95.2,Junta,myanmar_2025-06-05
16.3,95.3,Junta,myanmar_2025-06-05
16.3,95.4,Junta,myanmar_2025-06-05
16.3,95.5,Junta,myanmar_2025-06-05
16.3,95.6,Junta,myanmar_2025-06-05
16.3,95.7,Junta,myanmar_2025-06-05
16.3,95.8,Junta,myanmar_2025-06-05
16.3,95.9,Junta,myanmar_2025-06-05
16.3,96.0,Junta,myanmar_2025-06-05
16.3,96.1,Outside Myanmar,myanmar_2025-06-05
16.3,96.2,Outside Myanmar,myanmar_2025-06-05
16.3,96.3,Outside Myanmar,myanmar_2025-06-05
16.3,96.4,Outside Myanmar,myanmar_2025-06-05
16.3,96.5,Outside Myanmar,myanmar_2025-06-05
16.3,96.6,Outside Myanmar,myanmar_2025-06-05
16.3,96.7,Outside Myanmar,myanmar_2025-06-05
16.3,96.8,Outside Myanmar,myanmar_2025-06-05
16.3,96.9,Outside Myanmar,myanmar_2025-06-05
16.3,97.0,Outside Myanmar,myanmar_2025-06-05
16.3,97.1,Outside Myanmar,myanmar_2025-06-05
16.3,97.2,Outside Myanmar,myanmar_2025-06-05
16.3,97.3,Outside Myanmar,myanmar_2025-06-05
16.3,97.4,Outside Myanmar,myanmar_2025-06-05
16.3,97.5,Junta,myanmar_2025-06-05
16.3,97.6,Outside Myanmar,myanmar_2025-06-05
16.3,97.7,Junta,myanmar_2025-06-05
16.3,97.8,Junta,myanmar_2025-06-05
16.3,97.9,Junta,myanmar_2025-06-05
16.3,98.0,Junta,myanmar_2025-06-05
16.3,98.1,Junta,myanmar_2025-06-05
16.3,98.2,Junta,myanmar_2025-06-05
16.3,98.3,Junta,myanmar_2025-06-05
16.3,98.4,Junta,myanmar_2025-06-05
16.3,98.5,Junta,myanmar_2025-06-05
16.3,98.6,Junta,myanmar_2025-06-05
16.3,98.7,Junta,myanmar_2025-06-05
16.3,98.8,Junta,myanmar_2025-06-05
16.3,98.9,Outside Myanmar,myanmar_2025-06-05
16.3,99.0,Outside Myanmar,myanmar_2025-06-05
16.3,99.1,Outside Myanmar,myanmar_2025-06-05
16.3,99.2,Outside Myanmar,myanmar_2025-06-05
16.3,99.3,Outside Myanmar,myanmar_2025-06-05
16.3,99.4,Outside Myanmar,myanmar_2025-06-05
16.3,99.5,Outside Myanmar,myanmar_2025-06-05
16.3,99.6,Outside Myanmar,myanmar_2025-06-05
16.3,99.7,Outside Myanmar,myanmar_2025-06-05
16.3,99.8,Outside Myanmar,myanmar_2025-06-05
16.3,99.9,Outside Myanmar,myanmar_2025-06-05
16.3,100.0,Outside Myanmar,myanmar_2025-06-05
16.3,100.1,Outside Myanmar,myanmar_2025-06-05
16.3,100.2,Outside Myanmar,myanmar_2025-06-05
16.3,100.3,Outside Myanmar,myanmar_2025-06-05
16.3,100.4,Outside Myanmar,myanmar_2025-06-05
16.3,100.5,Outside Myanmar,myanmar_2025-06-05
16.3,100.6,Outside Myanmar,myanmar_2025-06-05
16.3,100.7,Outside Myanmar,myanmar_2025-06-05
16.3,100.8,Outside Myanmar,myanmar_2025-06-05
16.3,100.9,Outside Myanmar,myanmar_2025-06-05
16.3,101.0,Outside Myanmar,myanmar_2025-06-05
16.3,101.1,Outside Myanmar,myanmar_2025-06-05
16.3,101.2,Outside Myanmar,myanmar_2025-06-05
16.3,101.3,Outside Myanmar,myanmar_2025-06-05
16.3,101.4,Outside Myanmar,myanmar_2025-06-05
16.4,92.0,Outside Myanmar,myanmar_2025-06-05
16.4,92.1,Outside Myanmar,myanmar_2025-06-05
16.4,92.2,Outside Myanmar,myanmar_2025-06-05
16.4,92.3,Outside Myanmar,myanmar_2025-06-05
16.4,92.4,Outside Myanmar,myanmar_2025-06-05
16.4,92.5,Outside Myanmar,myanmar_2025-06-05
16.4,92.6,Outside Myanmar,myanmar_2025-06-05
16.4,92.7,Outside Myanmar,myanmar_2025-06-05
16.4,92.8,Outside Myanmar,myanmar_2025-06-05
16.4,92.9,Outside Myanmar,myanmar_2025-06-05
16.4,93.0,Outside Myanmar,myanmar_2025-06-05
16.4,93.1,Outside Myanmar,myanmar_2025-06-05
16.4,93.2,Outside Myanmar,myanmar_2025-06-05
16.4,93.3,Outside Myanmar,myanmar_2025-06-05
16.4,93.4,Outside Myanmar,myanmar_2025-06-05
16.4,93.5,Outside Myanmar,myanmar_2025-06-05
16.4,93.6,Outside Myanmar,myanmar_2025-06-05
16.4,93.7,Outside Myanmar,myanmar_2025-06-05
16.4,93.8,Outside Myanmar,myanmar_2025-06-05
16.4,93.9,Outside Myanmar,myanmar_2025-06-05
16.4,94.0,Outside Myanmar,myanmar_2025-06-05
16.4,94.1,Outside Myanmar,myanmar_2025-06-05
16.4,94.2,Outside Myanmar,myanmar_2025-06-05
16.4,94.3,Junta,myanmar_2025-06-05
16.4,94.4,Junta,myanmar_2025-06-05
16.4,94.5,Junta,myanmar_2025-06-05
16.4,94.6,Junta,myanmar_2025-06-05
16.4,94.7,Outside Myanmar,myanmar_2025-06-05
16.4,94.8,Junta,myanmar_2025-06-05
16.4,94.9,Junta,myanmar_2025-06-05
16.4,95.0,Junta,myanmar_2025-06-05
16.4,95.1,Junta,myanmar_2025-06-05
16.4,95.2,Junta,myanmar_2025-06-05
16.4,95.3,Junta,myanmar_2025-06-05
16.4,95.4,Junta,myanmar_2025-06-05
16.4,95.5,Junta,myanmar_2025-06-05
16.4,95.6,Junta,myanmar_2025-06-05
16.4,95.7,Junta,myanmar_2025-06-05
16.4,95.8,Junta,myanmar_2025-06-05
16.4,95.9,Junta,myanmar_2025-06-05
16.4,96.0,Junta,myanmar_2025-06-05
16.4,96.1,Junta,myanmar_2025-06-05
16.4,96.2,Junta,myanmar_2025-06-05
16.4,96.3,Outside Myanmar,myanmar_2025-06-05
16.4,96.4,Outside Myanmar,myanmar_2025-06-05
16.4,96.5,Outside Myanmar,myanmar_2025-06-05
16.4,96.6,Outside Myanmar,myanmar_2025-06-05
16.4,96.7,Outside Myanmar,myanmar_2025-06-05
16.4,96.8,Outside Myanmar,myanmar_2025-06-05
16.4,96.9,Outside Myanmar,myanmar_2025-06-05
16.4,97.0,Outside Myanmar,myanmar_2025-06-05
16.4,97.1,Outside Myanmar,myanmar_2025-06-05
16.4,97.2,Outside Myanmar,myanmar_2025-06-05
16.4,97.3,Outside Myanmar,myanmar_2025-06-05
16.4,97.4,Outside Myanmar,myanmar_2025-06-05
16.4,97.5,Junta,myanmar_2025-06-05
16.4,97.6,Outside Myanmar,myanmar_2025-06-05
16.4,97.7,Junta,myanmar_2025-06-05
16.4,97.8,Junta,myanmar_2025-06-05
16.4,97.9,Junta,myanmar_2025-06-05
16.4,98.0,Junta,myanmar_2025-06-05
16.4,98.1,Junta,myanmar_2025-06-05
16.4,98.2,Junta,myanmar_2025-06-05
16.4,98.3,Junta,myanmar_2025-06-05
16.4,98.4,Junta,myanmar_2025-06-05
16.4,98.5,Junta,myanmar_2025-06-05
16.4,98.6,Junta,myanmar_2025-06-05
16.4,98.7,Outside Myanmar,myanmar_2025-06-05
16.4,98.8,Outside Myanmar,myanmar_2025-06-05
16.4,98.9,Outside Myanmar,myanmar_2025-06-05
16.4,99.0,Outside Myanmar,myanmar_2025-06-05
16.4,99.1,Outside Myanmar,myanmar_2025-06-05
16.4,99.2,Outside Myanmar,myanmar_2025-06-05
16.4,99.3,Outside Myanmar,myanmar_2025-06-05
16.4,99.4,Outside Myanmar,myanmar_2025-06-05
16.4,99.5,Outside Myanmar,myanmar_2025-06-05
16.4,99.6,Outside Myanmar,myanmar_2025-06-05
16.4,99.7,Outside Myanmar,myanmar_2025-06-05
16.4,99.8,Outside Myanmar,myanmar_2025-06-05
16.4,99.9,Outside Myanmar,myanmar_2025-06-05
16.4,100.0,Outside Myanmar,myanmar_2025-06-05
16.4,100.1,Outside Myanmar,myanmar_2025-06-05
16.4,100.2,Outside Myanmar,myanmar_2025-06-05
16.4,100.3,Outside Myanmar,myanmar_2025-06-05
16.4,100.4,Outside Myanmar,myanmar_2025-06-05
16.4,100.5,Outside Myanmar,myanmar_2025-06-05
16.4,100.6,Outside Myanmar,myanmar_2025-06-05
16.4,100.7,Outside Myanmar,myanmar_2025-06-05
16.4,100.8,Outside Myanmar,myanmar_2025-06-05
16.4,100.9,Outside Myanmar,myanmar_2025-06-05
16.4,101.0,Outside Myanmar,myanmar_2025-06-05
16.4,101.1,Outside Myanmar,myanmar_2025-06-05
16.4,101.2,Outside Myanmar,myanmar_2025-06-05
16.4,101.3,Outside Myanmar,myanmar_2025-06-05
16.4,101.4,Outside Myanmar,myanmar_2025-06-05
16.5,92.0,Outside Myanmar,myanmar_2025-06-05
16.5,92.1,Outside Myanmar,myanmar_2025-06-05
16.5,92.2,Outside Myanmar,myanmar_2025-06-05
16.5,92.3,Outside Myanmar,myanmar_2025-06-05
16.5,92.4,Outside Myanmar,myanmar_2025-06-05
16.5,92.5,Outside Myanmar,myanmar_2025-06-05
16.5,92.6,Outside Myanmar,myanmar_2025-06-05
16.5,92.7,Outside Myanmar,myanmar_2025-06-05
16.5,92.8,Outside Myanmar,myanmar_2025-06-05
16.5,92.9,Outside Myanmar,myanmar_2025-06-05
16.5,93.0,Outside Myanmar,myanmar_2025-06-05
16.5,93.1,Outside Myanmar,myanmar_2025-06-05
16.5,93.2,Outside Myanmar,myanmar_2025-06-05
16.5,93.3,Outside Myanmar,myanmar_2025-06-05
16.5,93.4,Outside Myanmar,myanmar_2025-06-05
16.5,93.5,Outside Myanmar,myanmar_2025-06-05
16.5,93.6,Outside Myanmar,myanmar_2025-06-05
16.5,93.7,Outside Myanmar,myanmar_2025-06-05
16.5,93.8,Outside Myanmar,myanmar_2025-06-05
16.5,93.9,Outside Myanmar,myanmar_2025-06-05
16.5,94.0,Outside Myanmar,myanmar_2025-06-05
16.5,94.1,Outside Myanmar,myanmar_2025-06-05
16.5,94.2,Outside Myanmar,myanmar_2025-06-05
16.5,94.3,Junta,myanmar_2025-06-05
16.5,94.4,Junta,myanmar_2025-06-05
16.5,94.5,Junta,myanmar_2025-06-05
16.5,94.6,Junta,myanmar_2025-06-05
16.5,94.7,Outside Myanmar,myanmar_2025-06-05
16.5,94.8,Junta,myanmar_2025-06-05
16.5,94.9,Junta,myanmar_2025-06-05
16.5,95.0,Junta,myanmar_2025-06-05
16.5,95.1,Junta,myanmar_2025-06-05
16.5,95.2,Junta,myanmar_2025-06-05
16.5,95.3,Junta,myanmar_2025-06-05
16.5,95.4,Junta,myanmar_2025-06-05
16.5,95.5,Junta,myanmar_2025-06-05
16.5,95.6,Junta,myanmar_2025-06-05
16.5,95.7,Junta,myanmar_2025-06-05
16.5,95.8,Junta,myanmar_2025-06-05
16.5,95.9,Junta,myanmar_2025-06-05
16.5,96.0,Junta,myanmar_2025-06-05
16.5,96.1,Junta,myanmar_2025-06-05
16.5,96.2,Junta,myanmar_2025-06-05
16.5,96.3,Outside Myanmar,myanmar_2025-06-05
16.5,96.4,Outside Myanmar,myanmar_2025-06-05
16.5,96.5,Outside Myanmar,myanmar_2025-06-05
16.5,96.6,Outside Myanmar,myanmar_2025-06-05
16.5,96.7,Outside Myanmar,myanmar_2025-06-05
16.5,96.8,Outside Myanmar,myanmar_2025-06-05
16.5,96.9,Outside Myanmar,myanmar_2025-06-05
16.5,97.0,Outside Myanmar,myanmar_2025-06-05
16.5,97.1,Outside Myanmar,myanmar_2025-06-05
16.5,97.2,Outside Myanmar,myanmar_2025-06-05
16.5,97.3,Outside Myanmar,myanmar_2025-06-05
16.5,97.4,Outside Myanmar,myanmar_2025-06-05
16.5,97.5,Outside Myanmar,myanmar_2025-06-05
16.5,97.6,Outside Myanmar,myanmar_2025-06-05
16.5,97.7,Junta,myanmar_2025-06-05
16.5,97.8,Junta,myanmar_2025-06-05
16.5,97.9,Junta,myanmar_2025-06-05
16.5,98.0,Junta,myanmar_2025-06-05
16.5,98.1,Junta,myanmar_2025-06-05
16.5,98.2,Junta,myanmar_2025-06-05
16.5,98.3,Junta,myanmar_2025-06-05
16.5,98.4,Junta,myanmar_2025-06-05
16.5,98.5,Junta,myanmar_2025-06-05
16.5,98.6,Outside Myanmar,myanmar_2025-06-05
16.5,98.7,Outside Myanmar,myanmar_2025-06-05
16.5,98.8,Outside Myanmar,myanmar_2025-06-05
16.5,98.9,Outside Myanmar,myanmar_2025-06-05
16.5,99.0,Outside Myanmar,myanmar_2025-06-05
16.5,99.1,Outside Myanmar,myanmar_2025-06-05
16.5,99.2,Outside Myanmar,myanmar_2025-06-05
16.5,99.3,Outside Myanmar,myanmar_2025-06-05
16.5,99.4,Outside Myanmar,myanmar_2025-06-05
16.5,99.5,Outside Myanmar,myanmar_2025-06-05
16.5,99.6,Outside Myanmar,myanmar_2025-06-05
16.5,99.7,Outside Myanmar,myanmar_2025-06-05
16.5,99.8,Outside Myanmar,myanmar_2025-06-05
16.5,99.9,Outside Myanmar,myanmar_2025-06-05
16.5,100.0,Outside Myanmar,myanmar_2025-06-05
16.5,100.1,Outside Myanmar,myanmar_2025-06-05
16.5,100.2,Outside Myanmar,myanmar_2025-06-05
16.5,100.3,Outside Myanmar,myanmar_2025-06-05
16.5,100.4,Outside Myanmar,myanmar_2025-06-05
16.5,100.5,Outside Myanmar,myanmar_2025-06-05
16.5,100.6,Outside Myanmar,myanmar_2025-06-05
16.5,100.7,Outside Myanmar,myanmar_2025-06-05
16.5,100.8,Outside Myanmar,myanmar_2025-06-05
16.5,100.9,Outside Myanmar,myanmar_2025-06-05
16.5,101.0,Outside Myanmar,myanmar_2025-06-05
16.5,101.1,Outside Myanmar,myanmar_2025-06-05
16.5,101.2,Outside Myanmar,myanmar_2025-06-05
16.5,101.3,Outside Myanmar,myanmar_2025-06-05
16.5,101.4,Outside Myanmar,myanmar_2025-06-05
16.6,92.0,Outside Myanmar,myanmar_2025-06-05
16.6,92.1,Outside Myanmar,myanmar_2025-06-05
16.6,92.2,Outside Myanmar,myanmar_2025-06-05
16.6,92.3,Outside Myanmar,myanmar_2025-06-05
16.6,92.4,Outside Myanmar,myanmar_2025-06-05
16.6,92.5,Outside Myanmar,myanmar_2025-06-05
16.6,92.6,Outside Myanmar,myanmar_2025-06-05
16.6,92.7,Outside Myanmar,myanmar_2025-06-05
16.6,92.8,Outside Myanmar,myanmar_2025-06-05
16.6,92.9,Outside Myanmar,myanmar_2025-06-05
16.6,93.0,Outside Myanmar,myanmar_2025-06-05
16.6,93.1,Outside Myanmar,myanmar_2025-06-05
16.6,93.2,Outside Myanmar,myanmar_2025-06-05
16.6,93.3,Outside Myanmar,myanmar_2025-06-05
16.6,93.4,Outside Myanmar,myanmar_2025-06-05
16.6,93.5,Outside Myanmar,myanmar_2025-06-05
16.6,93.6,Outside Myanmar,myanmar_2025-06-05
16.6,93.7,Outside Myanmar,myanmar_2025-06-05
16.6,93.8,Outside Myanmar,myanmar_2025-06-05
16.6,93.9,Outside Myanmar,myanmar_2025-06-05
16.6,94.0,Outside Myanmar,myanmar_2025-06-05
16.6,94.1,Outside Myanmar,myanmar_2025-06-05
16.6,94.2,Outside Myanmar,myanmar_2025-06-05
16.6,94.3,Outside Myanmar,myanmar_2025-06-05
16.6,94.4,Junta,myanmar_2025-06-05
16.6,94.5,Junta,myanmar_2025-06-05
16.6,94.6,Junta,myanmar_2025-06-05
16.6,94.7,Junta,myanmar_2025-06-05
16.6,94.8,Junta,myanmar_2025-06-05
16.6,94.9,Junta,myanmar_2025-06-05
16.6,95.0,Junta,myanmar_2025-06-05
16.6,95.1,Junta,myanmar_2025-06-05
16.6,95.2,Junta,myanmar_2025-06-05
16.6,95.3,Junta,myanmar_2025-06-05
16.6,95.4,Junta,myanmar_2025-06-05
16.6,95.5,Junta,myanmar_2025-06-05
16.6,95.6,Junta,myanmar_2025-06-05
16.6,95.7,Junta,myanmar_2025-06-05
16.6,95.8,Junta,myanmar_2025-06-05
16.6,95.9,Junta,myanmar_2025-06-05
16.6,96.0,Junta,myanmar_2025-06-05
16.6,96.1,Junta,myanmar_2025-06-05
16.6,96.2,Junta,myanmar_2025-06-05
16.6,96.3,Junta,myanmar_2025-06-05
16.6,96.4,Junta,myanmar_2025-06-05
16.6,96.5,Junta,myanmar_2025-06-05
16.6,96.6,Junta,myanmar_2025-06-05
16.6,96.7,Outside Myanmar,myanmar_2025-06-05
16.6,96.8,Outside Myanmar,myanmar_2025-06-05
16.6,96.9,Outside Myanmar,myanmar_2025-06-05
16.6,97.0,Outside Myanmar,myanmar_2025-06-05
16.6,97.1,Outside Myanmar,myanmar_2025-06-05
16.6,97.2,Outside Myanmar,myanmar_2025-06-05
16.6,97.3,Outside Myanmar,myanmar_2025-06-05
16.6,97.4,Junta,myanmar_2025-06-05
16.6,97.5,Junta,myanmar_2025-06-05
16.6,97.6,Junta,myanmar_2025-06-05
16.6,97.7,Junta,myanmar_2025-06-05
16.6,97.8,Junta,myanmar_2025-06-05
16.6,97.9,Junta,myanmar_2025-06-05
16.6,98.0,Junta,myanmar_2025-06-05
16.6,98.1,Junta,myanmar_2025-06-05
16.6,98.2,Junta,myanmar_2025-06-05
16.6,98.3,Junta,myanmar_2025-06-05
16.6,98.4,Junta,myanmar_2025-06-05
16.6,98.5,Junta,myanmar_2025-06-05
16.6,98.6,Outside Myanmar,myanmar_2025-06-05
16.6,98.7,Outside Myanmar,myanmar_2025-06-05
16.6,98.8,Outside Myanmar,myanmar_2025-06-05
16.6,98.9,Outside Myanmar,myanmar_2025-06-05
16.6,99.0,Outside Myanmar,myanmar_2025-06-05
16.6,99.1,Outside Myanmar,myanmar_2025-06-05
16.6,99.2,Outside Myanmar,myanmar_2025-06-05
16.6,99.3,Outside Myanmar,myanmar_2025-06-05
16.6,99.4,Outside Myanmar,myanmar_2025-06-05
16.6,99.5,Outside Myanmar,myanmar_2025-06-05
16.6,99.6,Outside Myanmar,myanmar_2025-06-05
16.6,99.7,Outside Myanmar,myanmar_2025-06-05
16.6,99.8,Outside Myanmar,myanmar_2025-06-05
16.6,99.9,Outside Myanmar,myanmar_2025-06-05
16.6,100.0,Outside Myanmar,myanmar_2025-06-05
16.6,100.1,Outside Myanmar,myanmar_2025-06-05
16.6,100.2,Outside Myanmar,myanmar_2025-06-05
16.6,100.3,Outside Myanmar,myanmar_2025-06-05
16.6,100.4,Outside Myanmar,myanmar_2025-06-05
16.6,100.5,Outside Myanmar,myanmar_2025-06-05
16.6,100.6,Outside Myanmar,myanmar_2025-06-05
16.6,100.7,Outside Myanmar,myanmar_2025-06-05
16.6,100.8,Outside Myanmar,myanmar_2025-06-05
16.6,100.9,Outside Myanmar,myanmar_2025-06-05
16.6,101.0,Outside Myanmar,myanmar_2025-06-05
16.6,101.1,Outside Myanmar,myanmar_2025-06-05
16.6,101.2,Outside Myanmar,myanmar_2025-06-05
16.6,101.3,Outside Myanmar,myanmar_2025-06-05
16.6,101.4,Outside Myanmar,myanmar_2025-06-05
16.7,92.0,Outside Myanmar,myanmar_2025-06-05
16.7,92.1,Outside Myanmar,myanmar_2025-06-05
16.7,92.2,Outside Myanmar,myanmar_2025-06-05
16.7,92.3,Outside Myanmar,myanmar_2025-06-05
16.7,92.4,Outside Myanmar,myanmar_2025-06-05
16.7,92.5,Outside Myanmar,myanmar_2025-06-05
16.7,92.6,Outside Myanmar,myanmar_2025-06-05
16.7,92.7,Outside Myanmar,myanmar_2025-06-05
16.7,92.8,Outside Myanmar,myanmar_2025-06-05
16.7,92.9,Outside Myanmar,myanmar_2025-06-05
16.7,93.0,Outside Myanmar,myanmar_2025-06-05
16.7,93.1,Outside Myanmar,myanmar_2025-06-05
16.7,93.2,Outside Myanmar,myanmar_2025-06-05
16.7,93.3,Outside Myanmar,myanmar_2025-06-05
16.7,93.4,Outside Myanmar,myanmar_2025-06-05
16.7,93.5,Outside Myanmar,myanmar_2025-06-05
16.7,93.6,Outside Myanmar,myanmar_2025-06-05
16.7,93.7,Outside Myanmar,myanmar_2025-06-05
16.7,93.8,Outside Myanmar,myanmar_2025-06-05
16.7,93.9,Outside Myanmar,myanmar_2025-06-05
16.7,94.0,Outside Myanmar,myanmar_2025-06-05
16.7,94.1,Outside Myanmar,myanmar_2025-06-05
16.7,94.2,Outside Myanmar,myanmar_2025-06-05
16.7,94.3,Outside Myanmar,myanmar_2025-06-05
16.7,94.4,Junta,myanmar_2025-06-05
16.7,94.5,Junta,myanmar_2025-06-05
16.7,94.6,Junta,myanmar_2025-06-05
16.7,94.7,Junta,myanmar_2025-06-05
16.7,94.8,Junta,myanmar_2025-06-05
16.7,94.9,Junta,myanmar_2025-06-05
16.7,95.0,Junta,myanmar_2025-06-05
16.7,95.1,Junta,myanmar_2025-06-05
16.7,95.2,Junta,myanmar_2025-06-05
16.7,95.3,Junta,myanmar_2025-06-05
16.7,95.4,Junta,myanmar_2025-06-05
16.7,95.5,Junta,myanmar_2025-06-05
16.7,95.6,Junta,myanmar_2025-06-05
16.7,95.7,Junta,myanmar_2025-06-05
16.7,95.8,Junta,myanmar_2025-06-05
16.7,95.9,Junta,myanmar_2025-06-05
16.7,96.0,Junta,myanmar_2025-06-05
16.7,96.1,Junta,myanmar_2025-06-05
16.7,96.2,Junta,myanmar_2025-06-05
16.7,96.3,Junta,myanmar_2025-06-05
16.7,96.4,Junta,myanmar_2025-06-05
16.7,96.5,Junta,myanmar_2025-06-05
16.7,96.6,Junta,myanmar_2025-06-05
16.7,96.7,Junta,myanmar_2025-06-05
16.7,96.8,Outside Myanmar,myanmar_2025-06-05
16.7,96.9,Outside Myanmar,myanmar_2025-06-05
16.7,97.0,Outside Myanmar,myanmar_2025-06-05
16.7,97.1,Outside Myanmar,myanmar_2025-06-05
16.7,97.2,Outside Myanmar,myanmar_2025-06-05
16.7,97.3,Outside Myanmar,myanmar_2025-06-05
16.7,97.4,Junta,myanmar_2025-06-05
16.7,97.5,Junta,myanmar_2025-06-05
16.7,97.6,Junta,myanmar_2025-06-05
16.7,97.7,Junta,myanmar_2025-06-05
16.7,97.8,Junta,myanmar_2025-06-05
16.7,97.9,Junta,myanmar_2025-06-05
16.7,98.0,Junta,myanmar_2025-06-05
16.7,98.1,Junta,myanmar_2025-06-05
16.7,98.2,Junta,myanmar_2025-06-05
16.7,98.3,Junta,myanmar_2025-06-05
16.7,98.4,Junta,myanmar_2025-06-05
16.7,98.5,Outside Myanmar,myanmar_2025-06-05
16.7,98.6,Outside Myanmar,myanmar_2025-06-05
16.7,98.7,Outside Myanmar,myanmar_2025-06-05
16.7,98.8,Outside Myanmar,myanmar_2025-06-05
16.7,98.9,Outside Myanmar,myanmar_2025-06-05
16.7,99.0,Outside Myanmar,myanmar_2025-06-05
16.7,99.1,Outside Myanmar,myanmar_2025-06-05
16.7,99.2,Outside Myanmar,myanmar_2025-06-05
16.7,99.3,Outside Myanmar,myanmar_2025-06-05
16.7,99.4,Outside Myanmar,myanmar_2025-06-05
16.7,99.5,Outside Myanmar,myanmar_2025-06-05
16.7,99.6,Outside Myanmar,myanmar_2025-06-05
16.7,99.7,Outside Myanmar,myanmar_2025-06-05
16.7,99.8,Outside Myanmar,myanmar_2025-06-05
16.7,99.9,Outside Myanmar,myanmar_2025-06-05
16.7,100.0,Outside Myanmar,myanmar_2025-06-05
16.7,100.1,Outside Myanmar,myanmar_2025-06-05
16.7,100.2,Outside Myanmar,myanmar_2025-06-05
16.7,100.3,Outside Myanmar,myanmar_2025-06-05
16.7,100.4,Outside Myanmar,myanmar_2025-06-05
16.7,100.5,Outside Myanmar,myanmar_2025-06-05
16.7,100.6,Outside Myanmar,myanmar_2025-06-05
16.7,100.7,Outside Myanmar,myanmar_2025-06-05
16.7,100.8,Outside Myanmar,myanmar_2025-06-05
16.7,100.9,Outside Myanmar,myanmar_2025-06-05
16.7,101.0,Outside Myanmar,myanmar_2025-06-05
16.7,101.1,Outside Myanmar,myanmar_2025-06-05
16.7,101.2,Outside Myanmar,myanmar_2025-06-05
16.7,101.3,Outside Myanmar,myanmar_2025-06-05
16.7,101.4,Outside Myanmar,myanmar_2025-06-05
16.8,92.0,Outside Myanmar,myanmar_2025-06-05
16.8,92.1,Outside Myanmar,myanmar_2025-06-05
16.8,92.2,Outside Myanmar,myanmar_2025-06-05
16.8,92.3,Outside Myanmar,myanmar_2025-06-05
16.8,92.4,Outside Myanmar,myanmar_2025-06-05
16.8,92.5,Outside Myanmar,myanmar_2025-06-05
16.8,92.6,Outside Myanmar,myanmar_2025-06-05
16.8,92.7,Outside Myanmar,myanmar_2025-06-05
16.8,92.8,Outside Myanmar,myanmar_2025-06-05
16.8,92.9,Outside Myanmar,myanmar_2025-06-05
16.8,93.0,Outside Myanmar,myanmar_2025-06-05
16.8,93.1,Outside Myanmar,myanmar_2025-06-05
16.8,93.2,Outside Myanmar,myanmar_2025-06-05
16.8,93.3,Outside Myanmar,myanmar_2025-06-05
16.8,93.4,Outside Myanmar,myanmar_2025-06-05
16.8,93.5,Outside Myanmar,myanmar_2025-06-05
16.8,93.6,Outside Myanmar,myanmar_2025-06-05
16.8,93.7,Outside Myanmar,myanmar_2025-06-05
16.8,93.8,Outside Myanmar,myanmar_2025-06-05
16.8,93.9,Outside Myanmar,myanmar_2025-06-05
16.8,94.0,Outside Myanmar,myanmar_2025-06-05
16.8,94.1,Outside Myanmar,myanmar_2025-06-05
16.8,94.2,Outside Myanmar,myanmar_2025-06-05
16.8,94.3,Outside Myanmar,myanmar_2025-06-05
16.8,94.4,Junta,myanmar_2025-06-05
16.8,94.5,Junta,myanmar_2025-06-05
16.8,94.6,Junta,myanmar_2025-06-05
16.8,94.7,Junta,myanmar_2025-06-05
16.8,94.8,Junta,myanmar_2025-06-05
16.8,94.9,Junta,myanmar_2025-06-05
16.8,95.0,Junta,myanmar_2025-06-05
16.8,95.1,Junta,myanmar_2025-06-05
16.8,95.2,Junta,myanmar_2025-06-05
16.8,95.3,Junta,myanmar_2025-06-05
16.8,95.4,Junta,myanmar_2025-06-05
16.8,95.5,Junta,myanmar_2025-06-05
16.8,95.6,Junta,myanmar_2025-06-05
16.8,95.7,Junta,myanmar_2025-06-05
16.8,95.8,Junta,myanmar_2025-06-05
16.8,95.9,Junta,myanmar_2025-06-05
16.8,96.0,Junta,myanmar_2025-06-05
16.8,96.1,Junta,myanmar_2025-06-05
16.8,96.2,Junta,myanmar_2025-06-05
16.8,96.3,Junta,myanmar_2025-06-05
16.8,96.4,Junta,myanmar_2025-06-05
16.8,96.5,Junta,myanmar_2025-06-05
16.8,96.6,Junta,myanmar_2025-06-05
16.8,96.7,Junta,myanmar_2025-06-05
16.8,96.8,Junta,myanmar_2025-06-05
16.8,96.9,Outside Myanmar,myanmar_2025-06-05
16.8,97.0,Outside Myanmar,myanmar_2025-06-05
16.8,97.1,Outside Myanmar,myanmar_2025-06-05
16.8,97.2,Outside Myanmar,myanmar_2025-06-05
16.8,97.3,Junta,myanmar_2025-06-05
16.8,97.4,Junta,myanmar_2025-06-05
16.8,97.5,Junta,myanmar_2025-06-05
16.8,97.6,Junta,myanmar_2025-06-05
16.8,97.7,Junta,myanmar_2025-06-05
16.8,97.8,Junta,myanmar_2025-06-05
16.8,97.9,Junta,myanmar_2025-06-05
16.8,98.0,Junta,myanmar_2025-06-05
16.8,98.1,Karen,myanmar_2025-06-05
16.8,98.2,Karen,myanmar_2025-06-05
16.8,98.3,Karen,myanmar_2025-06-05
16.8,98.4,Karen,myanmar_2025-06-05
16.8,98.5,Outside Myanmar,myanmar_2025-06-05
16.8,98.6,Outside Myanmar,myanmar_2025-06-05
16.8,98.7,Outside Myanmar,myanmar_2025-06-05
16.8,98.8,Outside Myanmar,myanmar_2025-06-05
16.8,98.9,Outside Myanmar,myanmar_2025-06-05
16.8,99.0,Outside Myanmar,myanmar_2025-06-05
16.8,99.1,Outside Myanmar,myanmar_2025-06-05
16.8,99.2,Outside Myanmar,myanmar_2025-06-05
16.8,99.3,Outside Myanmar,myanmar_2025-06-05
16.8,99.4,Outside Myanmar,myanmar_2025-06-05
16.8,99.5,Outside Myanmar,myanmar_2025-06-05
16.8,99.6,Outside Myanmar,myanmar_2025-06-05
16.8,99.7,Outside Myanmar,myanmar_2025-06-05
16.8,99.8,Outside Myanmar,myanmar_2025-06-05
16.8,99.9,Outside Myanmar,myanmar_2025-06-05
16.8,100.0,Outside Myanmar,myanmar_2025-06-05
16.8,100.1,Outside Myanmar,myanmar_2025-06-05
16.8,100.2,Outside Myanmar,myanmar_2025-06-05
16.8,100.3,Outside Myanmar,myanmar_2025-06-05
16.8,100.4,Outside Myanmar,myanmar_2025-06-05
16.8,100.5,Outside Myanmar,myanmar_2025-06-05
16.8,100.6,Outside Myanmar,myanmar_2025-06-05
16.8,100.7,Outside Myanmar,myanmar_2025-06-05
16.8,100.8,Outside Myanmar,myanmar_2025-06-05
16.8,100.9,Outside Myanmar,myanmar_2025-06-05
16.8,101.0,Outside Myanmar,myanmar_2025-06-05
16.8,101.1,Outside Myanmar,myanmar_2025-06-05
16.8,101.2,Outside Myanmar,myanmar_2025-06-05
16.8,101.3,Outside Myanmar,myanmar_2025-06-05
16.8,101.4,Outside Myanmar,myanmar_2025-06-05
16.9,92.0,Outside Myanmar,myanmar_2025-06-05
16.9,92.1,Outside Myanmar,myanmar_2025-06-05
16.9,92.2,Outside Myanmar,myanmar_2025-06-05
16.9,92.3,Outside Myanmar,myanmar_2025-06-05
16.9,92.4,Outside Myanmar,myanmar_2025-06-05
16.9,92.5,Outside Myanmar,myanmar_2025-06-05
16.9,92.6,Outside Myanmar,myanmar_2025-06-05
16.9,92.7,Outside Myanmar,myanmar_2025-06-05
16.9,92.8,Outside Myanmar,myanmar_2025-06-05
16.9,92.9,Outside Myanmar,myanmar_2025-06-05
16.9,93.0,Outside Myanmar,myanmar_2025-06-05
16.9,93.1,Outside Myanmar,myanmar_2025-06-05
16.9,93.2,Outside Myanmar,myanmar_2025-06-05
16.9,93.3,Outside Myanmar,myanmar_2025-06-05
16.9,93.4,Outside Myanmar,myanmar_2025-06-05
16.9,93.5,Outside Myanmar,myanmar_2025-06-05
16.9,93.6,Outside Myanmar,myanmar_2025-06-05
16.9,93.7,Outside Myanmar,myanmar_2025-06-05
16.9,93.8,Outside Myanmar,myanmar_2025-06-05
16.9,93.9,Outside Myanmar,myanmar_2025-06-05
16.9,94.0,Outside Myanmar,myanmar_2025-06-05
16.9,94.1,Outside Myanmar,myanmar_2025-06-05
16.9,94.2,Outside Myanmar,myanmar_2025-06-05
16.9,94.3,Outside Myanmar,myanmar_2025-06-05
16.9,94.4,Outside Myanmar,myanmar_2025-06-05
16.9,94.5,Junta,myanmar_2025-06-05
16.9,94.6,Junta,myanmar_2025-06-05
16.9,94.7,Junta,myanmar_2025-06-05
16.9,94.8,Junta,myanmar_2025-06-05
16.9,94.9,Junta,myanmar_2025-06-05
16.9,95.0,Junta,myanmar_2025-06-05
16.9,95.1,Junta,myanmar_2025-06-05
16.9,95.2,Junta,myanmar_2025-06-05
16.9,95.3,Junta,myanmar_2025-06-05
16.9,95.4,Junta,myanmar_2025-06-05
16.9,95.5,Junta,myanmar_2025-06-05
16.9,95.6,Junta,myanmar_2025-06-05
16.9,95.7,Junta,myanmar_2025-06-05
16.9,95.8,Junta,myanmar_2025-06-05
16.9,95.9,Junta,myanmar_2025-06-05
16.9,96.0,Junta,myanmar_2025-06-05
16.9,96.1,Junta,myanmar_2025-06-05
16.9,96.2,Junta,myanmar_2025-06-05
16.9,96.3,Junta,myanmar_2025-06-05
16.9,96.4,Junta,myanmar_2025-06-05
16.9,96.5,Junta,myanmar_2025-06-05
16.9,96.6,Junta,myanmar_2025-06-05
16.9,96.7,Junta,myanmar_2025-06-05
16.9,96.8,Junta,myanmar_2025-06-05
16.9,96.9,Outside Myanmar,myanmar_2025-06-05
16.9,97.0,Outside Myanmar,myanmar_2025-06-05
16.9,97.1,Outside Myanmar,myanmar_2025-06-05
16.9,97.2,Outside Myanmar,myanmar_2025-06-05
16.9,97.3,Junta,myanmar_2025-06-05
16.9,97.4,Junta,myanmar_2025-06-05
16.9,97.5,Junta,myanmar_2025-06-05
16.9,97.6,Junta,myanmar_2025-06-05
16.9,97.7,Junta,myanmar_2025-06-05
16.9,97.8,Junta,myanmar_2025-06-05
16.9,97.9,Junta,myanmar_2025-06-05
16.9,98.0,Karen,myanmar_2025-06-05
16.9,98.1,Karen,myanmar_2025-06-05
16.9,98.2,Karen,myanmar_2025-06-05
16.9,98.3,Karen,myanmar_2025-06-05
16.9,98.4,Karen,myanmar_2025-06-05
16.9,98.5,Outside Myanmar,myanmar_2025-06-05
16.9,98.6,Outside Myanmar,myanmar_2025-06-05
16.9,98.7,Outside Myanmar,myanmar_2025-06-05
16.9,98.8,Outside Myanmar,myanmar_2025-06-05
16.9,98.9,Outside Myanmar,myanmar_2025-06-05
16.9,99.0,Outside Myanmar,myanmar_2025-06-05
16.9,99.1,Outside Myanmar,myanmar_2025-06-05
16.9,99.2,Outside Myanmar,myanmar_2025-06-05
16.9,99.3,Outside Myanmar,myanmar_2025-06-05
16.9,99.4,Outside Myanmar,myanmar_2025-06-05
16.9,99.5,Outside Myanmar,myanmar_2025-06-05
16.9,99.6,Outside Myanmar,myanmar_2025-06-05
16.9,99.7,Outside Myanmar,myanmar_2025-06-05
16.9,99.8,Outside Myanmar,myanmar_2025-06-05
16.9,99.9,Outside Myanmar,myanmar_2025-06-05
16.9,100.0,Outside Myanmar,myanmar_2025-06-05
16.9,100.1,Outside Myanmar,myanmar_2025-06-05
16.9,100.2,Outside Myanmar,myanmar_2025-06-05
16.9,100.3,Outside Myanmar,myanmar_2025-06-05
16.9,100.4,Outside Myanmar,myanmar_2025-06-05
16.9,100.5,Outside Myanmar,myanmar_2025-06-05
16.9,100.6,Outside Myanmar,myanmar_2025-06-05
16.9,100.7,Outside Myanmar,myanmar_2025-06-05
16.9,100.8,Outside Myanmar,myanmar_2025-06-05
16.9,100.9,Outside Myanmar,myanmar_2025-06-05
16.9,101.0,Outside Myanmar,myanmar_2025-06-05
16.9,101.1,Outside Myanmar,myanmar_2025-06-05
16.9,101.2,Outside Myanmar,myanmar_2025-06-05
16.9,101.3,Outside Myanmar,myanmar_2025-06-05
16.9,101.4,Outside Myanmar,myanmar_2025-06-05
17.0,92.0,Outside Myanmar,myanmar_2025-06-05
17.0,92.1,Outside Myanmar,myanmar_2025-06-05
17.0,92.2,Outside Myanmar,myanmar_2025-06-05
17.0,92.3,Outside Myanmar,myanmar_2025-06-05
17.0,92.4,Outside Myanmar,myanmar_2025-06-05
17.0,92.5,Outside Myanmar,myanmar_2025-06-05
17.0,92.6,Outside Myanmar,myanmar_2025-06-05
17.0,92.7,Outside Myanmar,myanmar_2025-06-05
17.0,92.8,Outside Myanmar,myanmar_2025-06-05
17.0,92.9,Outside Myanmar,myanmar_2025-06-05
17.0,93.0,Outside Myanmar,myanmar_2025-06-05
17.0,93.1,Outside Myanmar,myanmar_2025-06-05
17.0,93.2,Outside Myanmar,myanmar_2025-06-05
17.0,93.3,Outside Myanmar,myanmar_2025-06-05
17.0,93.4,Outside Myanmar,myanmar_2025-06-05
17.0,93.5,Outside Myanmar,myanmar_2025-06-05
17.0,93.6,Outside Myanmar,myanmar_2025-06-05
17.0,93.7,Outside Myanmar,myanmar_2025-06-05
17.0,93.8,Outside Myanmar,myanmar_2025-06-05
17.0,93.9,Outside Myanmar,myanmar_2025-06-05
17.0,94.0,Outside Myanmar,myanmar_2025-06-05
17.0,94.1,Outside Myanmar,myanmar_2025-06-05
17.0,94.2,Outside Myanmar,myanmar_2025-06-05
17.0,94.3,Outside Myanmar,myanmar_2025-06-05
17.0,94.4,Outside Myanmar,myanmar_2025-06-05
17.0,94.5,PDF,myanmar_2025-06-05
17.0,94.6,Junta,myanmar_2025-06-05
17.0,94.7,Junta,myanmar_2025-06-05
17.0,94.8,Junta,myanmar_2025-06-05
17.0,94.9,Junta,myanmar_2025-06-05
17.0,95.0,Junta,myanmar_2025-06-05
17.0,95.1,Junta,myanmar_2025-06-05
17.0,95.2,Junta,myanmar_2025-06-05
17.0,95.3,Junta,myanmar_2025-06-05
17.0,95.4,Junta,myanmar_2025-06-05
17.0,95.5,Junta,myanmar_2025-06-05
17.0,95.6,Junta,myanmar_2025-06-05
17.0,95.7,Junta,myanmar_2025-06-05
17.0,95.8,Junta,myanmar_2025-06-05
17.0,95.9,Junta,myanmar_2025-06-05
17.0,96.0,Junta,myanmar_2025-06-05
17.0,96.1,Junta,myanmar_2025-06-05
17.0,96.2,Junta,myanmar_2025-06-05
17.0,96.3,Junta,myanmar_2025-06-05
17.0,96.4,Junta,myanmar_2025-06-05
17.0,96.5,Junta,myanmar_2025-06-05
17.0,96.6,Junta,myanmar_2025-06-05
17.0,96.7,Junta,myanmar_2025-06-05
17.0,96.8,Junta,myanmar_2025-06-05
17.0,96.9,Outside Myanmar,myanmar_2025-06-05
17.0,97.0,Outside Myanmar,myanmar_2025-06-05
17.0,97.1,Outside Myanmar,myanmar_2025-06-05
17.0,97.2,Junta,myanmar_2025-06-05
17.0,97.3,Junta,myanmar_2025-06-05
17.0,97.4,Karen,myanmar_2025-06-05
17.0,97.5,Karen,myanmar_2025-06-05
17.0,97.6,Karen,myanmar_2025-06-05
17.0,97.7,Junta,myanmar_2025-06-05
17.0,97.8,Junta,myanmar_2025-06-05
17.0,97.9,Junta,myanmar_2025-06-05
17.0,98.0,Karen,myanmar_2025-06-05
17.0,98.1,Karen,myanmar_2025-06-05
17.0,98.2,Karen,myanmar_2025-06-05
17.0,98.3,Karen,myanmar_2025-06-05
17.0,98.4,Karen,myanmar_2025-06-05
17.0,98.5,Outside Myanmar,myanmar_2025-06-05
17.0,98.6,Outside Myanmar,myanmar_2025-06-05
17.0,98.7,Outside Myanmar,myanmar_2025-06-05
17.0,98.8,Outside Myanmar,myanmar_2025-06-05
17.0,98.9,Outside Myanmar,myanmar_2025-06-05
17.0,99.0,Outside Myanmar,myanmar_2025-06-05
17.0,99.1,Outside Myanmar,myanmar_2025-06-05
17.0,99.2,Outside Myanmar,myanmar_2025-06-05
17.0,99.3,Outside Myanmar,myanmar_2025-06-05
17.0,99.4,Outside Myanmar,myanmar_2025-06-05
17.0,99.5,Outside Myanmar,myanmar_2025-06-05
17.0,99.6,Outside Myanmar,myanmar_2025-06-05
17.0,99.7,Outside Myanmar,myanmar_2025-06-05
17.0,99.8,Outside Myanmar,myanmar_2025-06-05
17.0,99.9,Outside Myanmar,myanmar_2025-06-05
17.0,100.0,Outside Myanmar,myanmar_2025-06-05
17.0,100.1,Outside Myanmar,myanmar_2025-06-05
17.0,100.2,Outside Myanmar,myanmar_2025-06-05
17.0,100.3,Outside Myanmar,myanmar_2025-06-05
17.0,100.4,Outside Myanmar,myanmar_2025-06-05
17.0,100.5,Outside Myanmar,myanmar_2025-06-05
17.0,100.6,Outside Myanmar,myanmar_2025-06-05
17.0,100.7,Outside Myanmar,myanmar_2025-06-05
17.0,100.8,Outside Myanmar,myanmar_2025-06-05
17.0,100.9,Outside Myanmar,myanmar_2025-06-05
17.0,101.0,Outside Myanmar,myanmar_2025-06-05
17.0,101.1,Outside Myanmar,myanmar_2025-06-05
17.0,101.2,Outside Myanmar,myanmar_2025-06-05
17.0,101.3,Outside Myanmar,myanmar_2025-06-05
17.0,101.4,Outside Myanmar,myanmar_2025-06-05
17.1,92.0,Outside Myanmar,myanmar_2025-06-05
17.1,92.1,Outside Myanmar,myanmar_2025-06-05
17.1,92.2,Outside Myanmar,myanmar_2025-06-05
17.1,92.3,Outside Myanmar,myanmar_2025-06-05
17.1,92.4,Outside Myanmar,myanmar_2025-06-05
17.1,92.5,Outside Myanmar,myanmar_2025-06-05
17.1,92.6,Outside Myanmar,myanmar_2025-06-05
17.1,92.7,Outside Myanmar,myanmar_2025-06-05
17.1,92.8,Outside Myanmar,myanmar_2025-06-05
17.1,92.9,Outside Myanmar,myanmar_2025-06-05
17.1,93.0,Outside Myanmar,myanmar_2025-06-05
17.1,93.1,Outside Myanmar,myanmar_2025-06-05
17.1,93.2,Outside Myanmar,myanmar_2025-06-05
17.1,93.3,Outside Myanmar,myanmar_2025-06-05
17.1,93.4,Outside Myanmar,myanmar_2025-06-05
17.1,93.5,Outside Myanmar,myanmar_2025-06-05
17.1,93.6,Outside Myanmar,myanmar_2025-06-05
17.1,93.7,Outside Myanmar,myanmar_2025-06-05
17.1,93.8,Outside Myanmar,myanmar_2025-06-05
17.1,93.9,Outside Myanmar,myanmar_2025-06-05
17.1,94.0,Outside Myanmar,myanmar_2025-06-05
17.1,94.1,Outside Myanmar,myanmar_2025-06-05
17.1,94.2,Outside Myanmar,myanmar_2025-06-05
17.1,94.3,Outside Myanmar,myanmar_2025-06-05
17.1,94.4,Outside Myanmar,myanmar_2025-06-05
17.1,94.5,Junta,myanmar_2025-06-05
17.1,94.6,PDF,myanmar_2025-06-05
17.1,94.7,Junta,myanmar_2025-06-05
17.1,94.8,Junta,myanmar_2025-06-05
17.1,94.9,Junta,myanmar_2025-06-05
17.1,95.0,Junta,myanmar_2025-06-05
17.1,95.1,Junta,myanmar_2025-06-05
17.1,95.2,Junta,myanmar_2025-06-05
17.1,95.3,Junta,myanmar_2025-06-05
17.1,95.4,Junta,myanmar_2025-06-05
17.1,95.5,Junta,myanmar_2025-06-05
17.1,95.6,Junta,myanmar_2025-06-05
17.1,95.7,Junta,myanmar_2025-06-05
17.1,95.8,Junta,myanmar_2025-06-05
17.1,95.9,Junta,myanmar_2025-06-05
17.1,96.0,Junta,myanmar_2025-06-05
17.1,96.1,Junta,myanmar_2025-06-05
17.1,96.2,Junta,myanmar_2025-06-05
17.1,96.3,Junta,myanmar_2025-06-05
17.1,96.4,Junta,myanmar_2025-06-05
17.1,96.5,Junta,myanmar_2025-06-05
17.1,96.6,Junta,myanmar_2025-06-05
17.1,96.7,Junta,myanmar_2025-06-05
17.1,96.8,Junta,myanmar_2025-06-05
17.1,96.9,Outside Myanmar,myanmar_2025-06-05
17.1,97.0,Outside Myanmar,myanmar_2025-06-05
17.1,97.1,Outside Myanmar,myanmar_2025-06-05
17.1,97.2,Junta,myanmar_2025-06-05
17.1,97.3,Junta,myanmar_2025-06-05
17.1,97.4,Karen,myanmar_2025-06-05
17.1,97.5,Karen,myanmar_2025-06-05
17.1,97.6,Karen,myanmar_2025-06-05
17.1,97.7,Karen,myanmar_2025-06-05
17.1,97.8,Karen,myanmar_2025-06-05
17.1,97.9,Karen,myanmar_2025-06-05
17.1,98.0,Karen,myanmar_2025-06-05
17.1,98.1,Karen,myanmar_2025-06-05
17.1,98.2,Karen,myanmar_2025-06-05
17.1,98.3,Karen,myanmar_2025-06-05
17.1,98.4,Karen,myanmar_2025-06-05
17.1,98.5,Outside Myanmar,myanmar_2025-06-05
17.1,98.6,Outside Myanmar,myanmar_2025-06-05
17.1,98.7,Outside Myanmar,myanmar_2025-06-05
17.1,98.8,Outside Myanmar,myanmar_2025-06-05
17.1,98.9,Outside Myanmar,myanmar_2025-06-05
17.1,99.0,Outside Myanmar,myanmar_2025-06-05
17.1,99.1,Outside Myanmar,myanmar_2025-06-05
17.1,99.2,Outside Myanmar,myanmar_2025-06-05
17.1,99.3,Outside Myanmar,myanmar_2025-06-05
17.1,99.4,Outside Myanmar,myanmar_2025-06-05
17.1,99.5,Outside Myanmar,myanmar_2025-06-05
17.1,99.6,Outside Myanmar,myanmar_2025-06-05
17.1,99.7,Outside Myanmar,myanmar_2025-06-05
17.1,99.8,Outside Myanmar,myanmar_2025-06-05
17.1,99.9,Outside Myanmar,myanmar_2025-06-05
17.1,100.0,Outside Myanmar,myanmar_2025-06-05
17.1,100.1,Outside Myanmar,myanmar_2025-06-05
17.1,100.2,Outside Myanmar,myanmar_2025-06-05
17.1,100.3,Outside Myanmar,myanmar_2025-06-05
17.1,100.4,Outside Myanmar,myanmar_2025-06-05
17.1,100.5,Outside Myanmar,myanmar_2025-06-05
17.1,100.6,Outside Myanmar,myanmar_2025-06-05
17.1,100.7,Outside Myanmar,myanmar_2025-06-05
17.1,100.8,Outside Myanmar,myanmar_2025-06-05
17.1,100.9,Outside Myanmar,myanmar_2025-06-05
17.1,101.0,Outside Myanmar,myanmar_2025-06-05
17.1,101.1,Outside Myanmar,myanmar_2025-06-05
17.1,101.2,Outside Myanmar,myanmar_2025-06-05
17.1,101.3,Outside Myanmar,myanmar_2025-06-05
17.1,101.4,Outside Myanmar,myanmar_2025-06-05
17.2,92.0,Outside Myanmar,myanmar_2025-06-05
17.2,92.1,Outside Myanmar,myanmar_2025-06-05
17.2,92.2,Outside Myanmar,myanmar_2025-06-05
17.2,92.3,Outside Myanmar,myanmar_2025-06-05
17.2,92.4,Outside Myanmar,myanmar_2025-06-05
17.2,92.5,Outside Myanmar,myanmar_2025-06-05
17.2,92.6,Outside Myanmar,myanmar_2025-06-05
17.2,92.7,Outside Myanmar,myanmar_2025-06-05
17.2,92.8,Outside Myanmar,myanmar_2025-06-05
17.2,92.9,Outside Myanmar,myanmar_2025-06-05
17.2,93.0,Outside Myanmar,myanmar_2025-06-05
17.2,93.1,Outside Myanmar,myanmar_2025-06-05
17.2,93.2,Outside Myanmar,myanmar_2025-06-05
17.2,93.3,Outside Myanmar,myanmar_2025-06-05
17.2,93.4,Outside Myanmar,myanmar_2025-06-05
17.2,93.5,Outside Myanmar,myanmar_2025-06-05
17.2,93.6,Outside Myanmar,myanmar_2025-06-05
17.2,93.7,Outside Myanmar,myanmar_2025-06-05
17.2,93.8,Outside Myanmar,myanmar_2025-06-05
17.2,93.9,Outside Myanmar,myanmar_2025-06-05
17.2,94.0,Outside Myanmar,myanmar_2025-06-05
17.2,94.1,Outside Myanmar,myanmar_2025-06-05
17.2,94.2,Outside Myanmar,myanmar_2025-06-05
17.2,94.3,Outside Myanmar,myanmar_2025-06-05
17.2,94.4,Outside Myanmar,myanmar_2025-06-05
17.2,94.5,Outside Myanmar,myanmar_2025-06-05
17.2,94.6,Junta,myanmar_2025-06-05
17.2,94.7,Junta,myanmar_2025-06-05
17.2,94.8,Junta,myanmar_2025-06-05
17.2,94.9,Junta,myanmar_2025-06-05
17.2,95.0,Junta,myanmar_2025-06-05
17.2,95.1,Junta,myanmar_2025-06-05
17.2,95.2,Junta,myanmar_2025-06-05
17.2,95.3,Junta,myanmar_2025-06-05
17.2,95.4,Junta,myanmar_2025-06-05
17.2,95.5,Junta,myanmar_2025-06-05
17.2,95.6,Junta,myanmar_2025-06-05
17.2,95.7,Junta,myanmar_2025-06-05
17.2,95.8,Junta,myanmar_2025-06-05
17.2,95.9,Junta,myanmar_2025-06-05
17.2,96.0,Junta,myanmar_2025-06-05
17.2,96.1,Junta,myanmar_2025-06-05
17.2,96.2,Junta,myanmar_2025-06-05
17.2,96.3,Junta,myanmar_2025-06-05
17.2,96.4,Junta,myanmar_2025-06-05
17.2,96.5,Junta,myanmar_2025-06-05
17.2,96.6,Junta,myanmar_2025-06-05
17.2,96.7,Junta,myanmar_2025-06-05
17.2,96.8,Junta,myanmar_2025-06-05
17.2,96.9,Outside Myanmar,myanmar_2025-06-05
17.2,97.0,Outside Myanmar,myanmar_2025-06-05
17.2,97.1,Junta,myanmar_2025-06-05
17.2,97.2,Junta,myanmar_2025-06-05
17.2,97.3,Karen,myanmar_2025-06-05
17.2,97.4,Karen,myanmar_2025-06-05
17.2,97.5,Karen,myanmar_2025-06-05
17.2,97.6,Karen,myanmar_2025-06-05
17.2,97.7,Karen,myanmar_2025-06-05
17.2,97.8,Karen,myanmar_2025-06-05
17.2,97.9,Karen,myanmar_2025-06-05
17.2,98.0,Karen,myanmar_2025-06-05
17.2,98.1,Karen,myanmar_2025-06-05
17.2,98.2,Karen,myanmar_2025-06-05
17.2,98.3,Outside Myanmar,myanmar_2025-06-05
17.2,98.4,Outside Myanmar,myanmar_2025-06-05
17.2,98.5,Outside Myanmar,myanmar_2025-06-05
17.2,98.6,Outside Myanmar,myanmar_2025-06-05
17.2,98.7,Outside Myanmar,myanmar_2025-06-05
17.2,98.8,Outside Myanmar,myanmar_2025-06-05
17.2,98.9,Outside Myanmar,myanmar_2025-06-05
17.2,99.0,Outside Myanmar,myanmar_2025-06-05
17.2,99.1,Outside Myanmar,myanmar_2025-06-05
17.2,99.2,Outside Myanmar,myanmar_2025-06-05
17.2,99.3,Outside Myanmar,myanmar_2025-06-05
17.2,99.4,Outside Myanmar,myanmar_2025-06-05
17.2,99.5,Outside Myanmar,myanmar_2025-06-05
17.2,99.6,Outside Myanmar,myanmar_2025-06-05
17.2,99.7,Outside Myanmar,myanmar_2025-06-05
17.2,99.8,Outside Myanmar,myanmar_2025-06-05
17.2,99.9,Outside Myanmar,myanmar_2025-06-05
17.2,100.0,Outside Myanmar,myanmar_2025-06-05
17.2,100.1,Outside Myanmar,myanmar_2025-06-05
17.2,100.2,Outside Myanmar,myanmar_2025-06-05
17.2,100.3,Outside Myanmar,myanmar_2025-06-05
17.2,100.4,Outside Myanmar,myanmar_2025-06-05
17.2,100.5,Outside Myanmar,myanmar_2025-06-05
17.2,100.6,Outside Myanmar,myanmar_2025-06-05
17.2,100.7,Outside Myanmar,myanmar_2025-06-05
17.2,100.8,Outside Myanmar,myanmar_2025-06-05
17.2,100.9,Outside Myanmar,myanmar_2025-06-05
17.2,101.0,Outside Myanmar,myanmar_2025-06-05
17.2,101.1,Outside Myanmar,myanmar_2025-06-05
17.2,101.2,Outside Myanmar,myanmar_2025-06-05
17.2,101.3,Outside Myanmar,myanmar_2025-06-05
17.2,101.4,Outside Myanmar,myanmar_2025-06-05
17.3,92.0,Outside Myanmar,myanmar_2025-06-05
17.3,92.1,Outside Myanmar,myanmar_2025-06-05
17.3,92.2,Outside Myanmar,myanmar_2025-06-05
17.3,92.3,Outside Myanmar,myanmar_2025-06-05
17.3,92.4,Outside Myanmar,myanmar_2025-06-05
17.3,92.5,Outside Myanmar,myanmar_2025-06-05
17.3,92.6,Outside Myanmar,myanmar_2025-06-05
17.3,92.7,Outside Myanmar,myanmar_2025-06-05
17.3,92.8,Outside Myanmar,myanmar_2025-06-05
17.3,92.9,Outside Myanmar,myanmar_2025-06-05
17.3,93.0,Outside Myanmar,myanmar_2025-06-05
17.3,93.1,Outside Myanmar,myanmar_2025-06-05
17.3,93.2,Outside Myanmar,myanmar_2025-06-05
17.3,93.3,Outside Myanmar,myanmar_2025-06-05
17.3,93.4,Outside Myanmar,myanmar_2025-06-05
17.3,93.5,Outside Myanmar,myanmar_2025-06-05
17.3,93.6,Outside Myanmar,myanmar_2025-06-05
17.3,93.7,Outside Myanmar,myanmar_2025-06-05
17.3,93.8,Outside Myanmar,myanmar_2025-06-05
17.3,93.9,Outside Myanmar,myanmar_2025-06-05
17.3,94.0,Outside Myanmar,myanmar_2025-06-05
17.3,94.1,Outside Myanmar,myanmar_2025-06-05
17.3,94.2,Outside Myanmar,myanmar_2025-06-05
17.3,94.3,Outside Myanmar,myanmar_2025-06-05
17.3,94.4,Outside Myanmar,myanmar_2025-06-05
17.3,94.5,Outside Myanmar,myanmar_2025-06-05
17.3,94.6,Junta,myanmar_2025-06-05
17.3,94.7,Junta,myanmar_2025-06-05
17.3,94.8,Junta,myanmar_2025-06-05
17.3,94.9,Junta,myanmar_2025-06-05
17.3,95.0,Junta,myanmar_2025-06-05
17.3,95.1,Junta,myanmar_2025-06-05
17.3,95.2,Junta,myanmar_2025-06-05
17.3,95.3,Junta,myanmar_2025-06-05
17.3,95.4,Junta,myanmar_2025-06-05
17.3,95.5,Junta,myanmar_2025-06-05
17.3,95.6,Junta,myanmar_2025-06-05
17.3,95.7,Junta,myanmar_2025-06-05
17.3,95.8,Junta,myanmar_2025-06-05
17.3,95.9,Junta,myanmar_2025-06-05
17.3,96.0,Junta,myanmar_2025-06-05
17.3,96.1,Junta,myanmar_2025-06-05
17.3,96.2,Junta,myanmar_2025-06-05
17.3,96.3,Junta,myanmar_2025-06-05
17.3,96.4,Junta,myanmar_2025-06-05
17.3,96.5,Junta,myanmar_2025-06-05
17.3,96.6,Junta,myanmar_2025-06-05
17.3,96.7,Junta,myanmar_2025-06-05
17.3,96.8,Junta,myanmar_2025-06-05
17.3,96.9,Junta,myanmar_2025-06-05
17.3,97.0,Junta,myanmar_2025-06-05
17.3,97.1,Junta,myanmar_2025-06-05
17.3,97.2,Karen,myanmar_2025-06-05
17.3,97.3,Karen,myanmar_2025-06-05
17.3,97.4,Karen,myanmar_2025-06-05
17.3,97.5,Karen,myanmar_2025-06-05
17.3,97.6,Karen,myanmar_2025-06-05
17.3,97.7,Karen,myanmar_2025-06-05
17.3,97.8,Karen,myanmar_2025-06-05
17.3,97.9,Karen,myanmar_2025-06-05
17.3,98.0,Karen,myanmar_2025-06-05
17.3,98.1,Karen,myanmar_2025-06-05
17.3,98.2,Karen,myanmar_2025-06-05
17.3,98.3,Outside Myanmar,myanmar_2025-06-05
17.3,98.4,Outside Myanmar,myanmar_2025-06-05
17.3,98.5,Outside Myanmar,myanmar_2025-06-05
17.3,98.6,Outside Myanmar,myanmar_2025-06-05
17.3,98.7,Outside Myanmar,myanmar_2025-06-05
17.3,98.8,Outside Myanmar,myanmar_2025-06-05
17.3,98.9,Outside Myanmar,myanmar_2025-06-05
17.3,99.0,Outside Myanmar,myanmar_2025-06-05
17.3,99.1,Outside Myanmar,myanmar_2025-06-05
17.3,99.2,Outside Myanmar,myanmar_2025-06-05
17.3,99.3,Outside Myanmar,myanmar_2025-06-05
17.3,99.4,Outside Myanmar,myanmar_2025-06-05
17.3,99.5,Outside Myanmar,myanmar_2025-06-05
17.3,99.6,Outside Myanmar,myanmar_2025-06-05
17.3,99.7,Outside Myanmar,myanmar_2025-06-05
17.3,99.8,Outside Myanmar,myanmar_2025-06-05
17.3,99.9,Outside Myanmar,myanmar_2025-06-05
17.3,100.0,Outside Myanmar,myanmar_2025-06-05
17.3,100.1,Outside Myanmar,myanmar_2025-06-05
17.3,100.2,Outside Myanmar,myanmar_2025-06-05
17.3,100.3,Outside Myanmar,myanmar_2025-06-05
17.3,100.4,Outside Myanmar,myanmar_2025-06-05
17.3,100.5,Outside Myanmar,myanmar_2025-06-05
17.3,100.6,Outside Myanmar,myanmar_2025-06-05
17.3,100.7,Outside Myanmar,myanmar_2025-06-05
17.3,100.8,Outside Myanmar,myanmar_2025-06-05
17.3,100.9,Outside Myanmar,myanmar_2025-06-05
17.3,101.0,Outside Myanmar,myanmar_2025-06-05
17.3,101.1,Outside Myanmar,myanmar_2025-06-05
17.3,101.2,Outside Myanmar,myanmar_2025-06-05
17.3,101.3,Outside Myanmar,myanmar_2025-06-05
17.3,101.4,Outside Myanmar,myanmar_2025-06-05
17.4,92.0,Outside Myanmar,myanmar_2025-06-05
17.4,92.1,Outside Myanmar,myanmar_2025-06-05
17.4,92.2,Outside Myanmar,myanmar_2025-06-05
17.4,92.3,Outside Myanmar,myanmar_2025-06-05
17.4,92.4,Outside Myanmar,myanmar_2025-06-05
17.4,92.5,Outside Myanmar,myanmar_2025-06-05
17.4,92.6,Outside Myanmar,myanmar_2025-06-05
17.4,92.7,Outside Myanmar,myanmar_2025-06-05
17.4,92.8,Outside Myanmar,myanmar_2025-06-05
17.4,92.9,Outside Myanmar,myanmar_2025-06-05
17.4,93.0,Outside Myanmar,myanmar_2025-06-05
17.4,93.1,Outside Myanmar,myanmar_2025-06-05
17.4,93.2,Outside Myanmar,myanmar_2025-06-05
17.4,93.3,Outside Myanmar,myanmar_2025-06-05
17.4,93.4,Outside Myanmar,myanmar_2025-06-05
17.4,93.5,Outside Myanmar,myanmar_2025-06-05
17.4,93.6,Outside Myanmar,myanmar_2025-06-05
17.4,93.7,Outside Myanmar,myanmar_2025-06-05
17.4,93.8,Outside Myanmar,myanmar_2025-06-05
17.4,93.9,Outside Myanmar,myanmar_2025-06-05
17.4,94.0,Outside Myanmar,myanmar_2025-06-05
17.4,94.1,Outside Myanmar,myanmar_2025-06-05
17.4,94.2,Outside Myanmar,myanmar_2025-06-05
17.4,94.3,Outside Myanmar,myanmar_2025-06-05
17.4,94.4,Outside Myanmar,myanmar_2025-06-05
17.4,94.5,Outside Myanmar,myanmar_2025-06-05
17.4,94.6,Junta,myanmar_2025-06-05
17.4,94.7,Junta,myanmar_2025-06-05
17.4,94.8,Junta,myanmar_2025-06-05
17.4,94.9,Junta,myanmar_2025-06-05
17.4,95.0,Junta,myanmar_2025-06-05
17.4,95.1,Junta,myanmar_2025-06-05
17.4,95.2,Junta,myanmar_2025-06-05
17.4,95.3,Junta,myanmar_2025-06-05
17.4,95.4,Junta,myanmar_2025-06-05
17.4,95.5,Junta,myanmar_2025-06-05
17.4,95.6,Junta,myanmar_2025-06-05
17.4,95.7,Junta,myanmar_2025-06-05
17.4,95.8,Junta,myanmar_2025-06-05
17.4,95.9,Junta,myanmar_2025-06-05
17.4,96.0,Junta,myanmar_2025-06-05
17.4,96.1,Junta,myanmar_2025-06-05
17.4,96.2,Junta,myanmar_2025-06-05
17.4,96.3,Junta,myanmar_2025-06-05
17.4,96.4,Junta,myanmar_2025-06-05
17.4,96.5,Junta,myanmar_2025-06-05
17.4,96.6,Junta,myanmar_2025-06-05
17.4,96.7,Junta,myanmar_2025-06-05
17.4,96.8,Junta,myanmar_2025-06-05
17.4,96.9,Junta,myanmar_2025-06-05
17.4,97.0,Junta,myanmar_2025-06-05
17.4,97.1,Karen,myanmar_2025-06-05
17.4,97.2,Karen,myanmar_2025-06-05
17.4,97.3,Karen,myanmar_2025-06-05
17.4,97.4,Karen,myanmar_2025-06-05
17.4,97.5,Karen,myanmar_2025-06-05
17.4,97.6,Karen,myanmar_2025-06-05
17.4,97.7,Karen,myanmar_2025-06-05
17.4,97.8,Karen,myanmar_2025-06-05
17.4,97.9,Karen,myanmar_2025-06-05
17.4,98.0,Karen,myanmar_2025-06-05
17.4,98.1,Karen,myanmar_2025-06-05
17.4,98.2,Outside Myanmar,myanmar_2025-06-05
17.4,98.3,Outside Myanmar,myanmar_2025-06-05
17.4,98.4,Outside Myanmar,myanmar_2025-06-05
17.4,98.5,Outside Myanmar,myanmar_2025-06-05
17.4,98.6,Outside Myanmar,myanmar_2025-06-05
17.4,98.7,Outside Myanmar,myanmar_2025-06-05
17.4,98.8,Outside Myanmar,myanmar_2025-06-05
17.4,98.9,Outside Myanmar,myanmar_2025-06-05
17.4,99.0,Outside Myanmar,myanmar_2025-06-05
17.4,99.1,Outside Myanmar,myanmar_2025-06-05
17.4,99.2,Outside Myanmar,myanmar_2025-06-05
17.4,99.3,Outside Myanmar,myanmar_2025-06-05
17.4,99.4,Outside Myanmar,myanmar_2025-06-05
17.4,99.5,Outside Myanmar,myanmar_2025-06-05
17.4,99.6,Outside Myanmar,myanmar_2025-06-05
17.4,99.7,Outside Myanmar,myanmar_2025-06-05
17.4,99.8,Outside Myanmar,myanmar_2025-06-05
17.4,99.9,Outside Myanmar,myanmar_2025-06-05
17.4,100.0,Outside Myanmar,myanmar_2025-06-05
17.4,100.1,Outside Myanmar,myanmar_2025-06-05
17.4,100.2,Outside Myanmar,myanmar_2025-06-05
17.4,100.3,Outside Myanmar,myanmar_2025-06-05
17.4,100.4,Outside Myanmar,myanmar_2025-06-05
17.4,100.5,Outside Myanmar,myanmar_2025-06-05
17.4,100.6,Outside Myanmar,myanmar_2025-06-05
17.4,100.7,Outside Myanmar,myanmar_2025-06-05
17.4,100.8,Outside Myanmar,myanmar_2025-06-05
17.4,100.9,Outside Myanmar,myanmar_2025-06-05
17.4,101.0,Outside Myanmar,myanmar_2025-06-05
17.4,101.1,Outside Myanmar,myanmar_2025-06-05
17.4,101.2,Outside Myanmar,myanmar_2025-06-05
17.4,101.3,Outside Myanmar,myanmar_2025-06-05
17.4,101.4,Outside Myanmar,myanmar_2025-06-05
17.5,92.0,Outside Myanmar,myanmar_2025-06-05
17.5,92.1,Outside Myanmar,myanmar_2025-06-05
17.5,92.2,Outside Myanmar,myanmar_2025-06-05
17.5,92.3,Outside Myanmar,myanmar_2025-06-05
17.5,92.4,Outside Myanmar,myanmar_2025-06-05
17.5,92.5,Outside Myanmar,myanmar_2025-06-05
17.5,92.6,Outside Myanmar,myanmar_2025-06-05
17.5,92.7,Outside Myanmar,myanmar_2025-06-05
17.5,92.8,Outside Myanmar,myanmar_2025-06-05
17.5,92.9,Outside Myanmar,myanmar_2025-06-05
17.5,93.0,Outside Myanmar,myanmar_2025-06-05
17.5,93.1,Outside Myanmar,myanmar_2025-06-05
17.5,93.2,Outside Myanmar,myanmar_2025-06-05
17.5,93.3,Outside Myanmar,myanmar_2025-06-05
17.5,93.4,Outside Myanmar,myanmar_2025-06-05
17.5,93.5,Outside Myanmar,myanmar_2025-06-05
17.5,93.6,Outside Myanmar,myanmar_2025-06-05
17.5,93.7,Outside Myanmar,myanmar_2025-06-05
17.5,93.8,Outside Myanmar,myanmar_2025-06-05
17.5,93.9,Outside Myanmar,myanmar_2025-06-05
17.5,94.0,Outside Myanmar,myanmar_2025-06-05
17.5,94.1,Outside Myanmar,myanmar_2025-06-05
17.5,94.2,Outside Myanmar,myanmar_2025-06-05
17.5,94.3,Outside Myanmar,myanmar_2025-06-05
17.5,94.4,Outside Myanmar,myanmar_2025-06-05
17.5,94.5,Outside Myanmar,myanmar_2025-06-05
17.5,94.6,Junta,myanmar_2025-06-05
17.5,94.7,Junta,myanmar_2025-06-05
17.5,94.8,Junta,myanmar_2025-06-05
17.5,94.9,Junta,myanmar_2025-06-05
17.5,95.0,Junta,myanmar_2025-06-05
17.5,95.1,Junta,myanmar_2025-06-05
17.5,95.2,Junta,myanmar_2025-06-05
17.5,95.3,Junta,myanmar_2025-06-05
17.5,95.4,Junta,myanmar_2025-06-05
17.5,95.5,Junta,myanmar_2025-06-05
17.5,95.6,Junta,myanmar_2025-06-05
17.5,95.7,Junta,myanmar_2025-06-05
17.5,95.8,Junta,myanmar_2025-06-05
17.5,95.9,Junta,myanmar_2025-06-05
17.5,96.0,Junta,myanmar_2025-06-05
17.5,96.1,Junta,myanmar_2025-06-05
17.5,96.2,Junta,myanmar_2025-06-05
17.5,96.3,Junta,myanmar_2025-06-05
17.5,96.4,Junta,myanmar_2025-06-05
17.5,96.5,Junta,myanmar_2025-06-05
17.5,96.6,Junta,myanmar_2025-06-05
17.5,96.7,Junta,myanmar_2025-06-05
17.5,96.8,Junta,myanmar_2025-06-05
17.5,96.9,Karen,myanmar_2025-06-05
17.5,97.0,Karen,myanmar_2025-06-05
17.5,97.1,Karen,myanmar_2025-06-05
17.5,97.2,Karen,myanmar_2025-06-05
17.5,97.3,Karen,myanmar_2025-06-05
17.5,97.4,Karen,myanmar_2025-06-05
17.5,97.5,Karen,myanmar_2025-06-05
17.5,97.6,Karen,myanmar_2025-06-05
17.5,97.7,Karen,myanmar_2025-06-05
17.5,97.8,Karen,myanmar_2025-06-05
17.5,97.9,Karen,myanmar_2025-06-05
17.5,98.0,Karen,myanmar_2025-06-05
17.5,98.1,Outside Myanmar,myanmar_2025-06-05
17.5,98.2,Outside Myanmar,myanmar_2025-06-05
17.5,98.3,Outside Myanmar,myanmar_2025-06-05
17.5,98.4,Outside Myanmar,myanmar_2025-06-05
17.5,98.5,Outside Myanmar,myanmar_2025-06-05
17.5,98.6,Outside Myanmar,myanmar_2025-06-05
17.5,98.7,Outside Myanmar,myanmar_2025-06-05
17.5,98.8,Outside Myanmar,myanmar_2025-06-05
17.5,98.9,Outside Myanmar,myanmar_2025-06-05
17.5,99.0,Outside Myanmar,myanmar_2025-06-05
17.5,99.1,Outside Myanmar,myanmar_2025-06-05
17.5,99.2,Outside Myanmar,myanmar_2025-06-05
17.5,99.3,Outside Myanmar,myanmar_2025-06-05
17.5,99.4,Outside Myanmar,myanmar_2025-06-05
17.5,99.5,Outside Myanmar,myanmar_2025-06-05
17.5,99.6,Outside Myanmar,myanmar_2025-06-05
17.5,99.7,Outside Myanmar,myanmar_2025-06-05
17.5,99.8,Outside Myanmar,myanmar_2025-06-05
17.5,99.9,Outside Myanmar,myanmar_2025-06-05
17.5,100.0,Outside Myanmar,myanmar_2025-06-05
17.5,100.1,Outside Myanmar,myanmar_2025-06-05
17.5,100.2,Outside Myanmar,myanmar_2025-06-05
17.5,100.3,Outside Myanmar,myanmar_2025-06-05
17.5,100.4,Outside Myanmar,myanmar_2025-06-05
17.5,100.5,Outside Myanmar,myanmar_2025-06-05
17.5,100.6,Outside Myanmar,myanmar_2025-06-05
17.5,100.7,Outside Myanmar,myanmar_2025-06-05
17.5,100.8,Outside Myanmar,myanmar_2025-06-05
17.5,100.9,Outside Myanmar,myanmar_2025-06-05
17.5,101.0,Outside Myanmar,myanmar_2025-06-05
17.5,101.1,Outside Myanmar,myanmar_2025-06-05
17.5,101.2,Outside Myanmar,myanmar_2025-06-05
17.5,101.3,Outside Myanmar,myanmar_2025-06-05
17.5,101.4,Outside Myanmar,myanmar_2025-06-05
17.6,92.0,Outside Myanmar,myanmar_2025-06-05
17.6,92.1,Outside Myanmar,myanmar_2025-06-05
17.6,92.2,Outside Myanmar,myanmar_2025-06-05
17.6,92.3,Outside Myanmar,myanmar_2025-06-05
17.6,92.4,Outside Myanmar,myanmar_2025-06-05
17.6,92.5,Outside Myanmar,myanmar_2025-06-05
17.6,92.6,Outside Myanmar,myanmar_2025-06-05
17.6,92.7,Outside Myanmar,myanmar_2025-06-05
17.6,92.8,Outside Myanmar,myanmar_2025-06-05
17.6,92.9,Outside Myanmar,myanmar_2025-06-05
17.6,93.0,Outside Myanmar,myanmar_2025-06-05
17.6,93.1,Outside Myanmar,myanmar_2025-06-05
17.6,93.2,Outside Myanmar,myanmar_2025-06-05
17.6,93.3,Outside Myanmar,myanmar_2025-06-05
17.6,93.4,Outside Myanmar,myanmar_2025-06-05
17.6,93.5,Outside Myanmar,myanmar_2025-06-05
17.6,93.6,Outside Myanmar,myanmar_2025-06-05
17.6,93.7,Outside Myanmar,myanmar_2025-06-05
17.6,93.8,Outside Myanmar,myanmar_2025-06-05
17.6,93.9,Outside Myanmar,myanmar_2025-06-05
17.6,94.0,Outside Myanmar,myanmar_2025-06-05
17.6,94.1,Outside Myanmar,myanmar_2025-06-05
17.6,94.2,Outside Myanmar,myanmar_2025-06-05
17.6,94.3,Outside Myanmar,myanmar_2025-06-05
17.6,94.4,Outside Myanmar,myanmar_2025-06-05
17.6,94.5,Outside Myanmar,myanmar_2025-06-05
17.6,94.6,Junta,myanmar_2025-06-05
17.6,94.7,Junta,myanmar_2025-06-05
17.6,94.8,Junta,myanmar_2025-06-05
17.6,94.9,Junta,myanmar_2025-06-05
17.6,95.0,Junta,myanmar_2025-06-05
17.6,95.1,Junta,myanmar_2025-06-05
17.6,95.2,Junta,myanmar_2025-06-05
17.6,95.3,Junta,myanmar_2025-06-05
17.6,95.4,Junta,myanmar_2025-06-05
17.6,95.5,Junta,myanmar_2025-06-05
17.6,95.6,Junta,myanmar_2025-06-05
17.6,95.7,Junta,myanmar_2025-06-05
17.6,95.8,Junta,myanmar_2025-06-05
17.6,95.9,Junta,myanmar_2025-06-05
17.6,96.0,Junta,myanmar_2025-06-05
17.6,96.1,Junta,myanmar_2025-06-05
17.6,96.2,Junta,myanmar_2025-06-05
17.6,96.3,Junta,myanmar_2025-06-05
17.6,96.4,Junta,myanmar_2025-06-05
17.6,96.5,Junta,myanmar_2025-06-05
17.6,96.6,Junta,myanmar_2025-06-05
17.6,96.7,Junta,myanmar_2025-06-05
17.6,96.8,Karen,myanmar_2025-06-05
17.6,96.9,Karen,myanmar_2025-06-05
17.6,97.0,Karen,myanmar_2025-06-05
17.6,97.1,Karen,myanmar_2025-06-05
17.6,97.2,Karen,myanmar_2025-06-05
17.6,97.3,Karen,myanmar_2025-06-05
17.6,97.4,Karen,myanmar_2025-06-05
17.6,97.5,Karen,myanmar_2025-06-05
17.6,97.6,Karen,myanmar_2025-06-05
17.6,97.7,Karen,myanmar_2025-06-05
17.6,97.8,Karen,myanmar_2025-06-05
17.6,97.9,Karen,myanmar_2025-06-05
17.6,98.0,Karen,myanmar_2025-06-05
17.6,98.1,Outside Myanmar,myanmar_2025-06-05
17.6,98.2,Outside Myanmar,myanmar_2025-06-05
17.6,98.3,Outside Myanmar,myanmar_2025-06-05
17.6,98.4,Outside Myanmar,myanmar_2025-06-05
17.6,98.5,Outside Myanmar,myanmar_2025-06-05
17.6,98.6,Outside Myanmar,myanmar_2025-06-05
17.6,98.7,Outside Myanmar,myanmar_2025-06-05
17.6,98.8,Outside Myanmar,myanmar_2025-06-05
17.6,98.9,Outside Myanmar,myanmar_2025-06-05
17.6,99.0,Outside Myanmar,myanmar_2025-06-05
17.6,99.1,Outside Myanmar,myanmar_2025-06-05
17.6,99.2,Outside Myanmar,myanmar_2025-06-05
17.6,99.3,Outside Myanmar,myanmar_2025-06-05
17.6,99.4,Outside Myanmar,myanmar_2025-06-05
17.6,99.5,Outside Myanmar,myanmar_2025-06-05
17.6,99.6,Outside Myanmar,myanmar_2025-06-05
17.6,99.7,Outside Myanmar,myanmar_2025-06-05
17.6,99.8,Outside Myanmar,myanmar_2025-06-05
17.6,99.9,Outside Myanmar,myanmar_2025-06-05
17.6,100.0,Outside Myanmar,myanmar_2025-06-05
17.6,100.1,Outside Myanmar,myanmar_2025-06-05
17.6,100.2,Outside Myanmar,myanmar_2025-06-05
17.6,100.3,Outside Myanmar,myanmar_2025-06-05
17.6,100.4,Outside Myanmar,myanmar_2025-06-05
17.6,100.5,Outside Myanmar,myanmar_2025-06-05
17.6,100.6,Outside Myanmar,myanmar_2025-06-05
17.6,100.7,Outside Myanmar,myanmar_2025-06-05
17.6,100.8,Outside Myanmar,myanmar_2025-06-05
17.6,100.9,Outside Myanmar,myanmar_2025-06-05
17.6,101.0,Outside Myanmar,myanmar_2025-06-05
17.6,101.1,Outside Myanmar,myanmar_2025-06-05
17.6,101.2,Outside Myanmar,myanmar_2025-06-05
17.6,101.3,Outside Myanmar,myanmar_2025-06-05
17.6,101.4,Outside Myanmar,myanmar_2025-06-05
17.7,92.0,Outside Myanmar,myanmar_2025-06-05
17.7,92.1,Outside Myanmar,myanmar_2025-06-05
17.7,92.2,Outside Myanmar,myanmar_2025-06-05
17.7,92.3,Outside Myanmar,myanmar_2025-06-05
17.7,92.4,Outside Myanmar,myanmar_2025-06-05
17.7,92.5,Outside Myanmar,myanmar_2025-06-05
17.7,92.6,Outside Myanmar,myanmar_2025-06-05
17.7,92.7,Outside Myanmar,myanmar_2025-06-05
17.7,92.8,Outside Myanmar,myanmar_2025-06-05
17.7,92.9,Outside Myanmar,myanmar_2025-06-05
17.7,93.0,Outside Myanmar,myanmar_2025-06-05
17.7,93.1,Outside Myanmar,myanmar_2025-06-05
17.7,93.2,Outside Myanmar,myanmar_2025-06-05
17.7,93.3,Outside Myanmar,myanmar_2025-06-05
17.7,93.4,Outside Myanmar,myanmar_2025-06-05
17.7,93.5,Outside Myanmar,myanmar_2025-06-05
17.7,93.6,Outside Myanmar,myanmar_2025-06-05
17.7,93.7,Outside Myanmar,myanmar_2025-06-05
17.7,93.8,Outside Myanmar,myanmar_2025-06-05
17.7,93.9,Outside Myanmar,myanmar_2025-06-05
17.7,94.0,Outside Myanmar,myanmar_2025-06-05
17.7,94.1,Outside Myanmar,myanmar_2025-06-05
17.7,94.2,Outside Myanmar,myanmar_2025-06-05
17.7,94.3,Outside Myanmar,myanmar_2025-06-05
17.7,94.4,Outside Myanmar,myanmar_2025-06-05
17.7,94.5,Outside Myanmar,myanmar_2025-06-05
17.7,94.6,Junta,myanmar_2025-06-05
17.7,94.7,Junta,myanmar_2025-06-05
17.7,94.8,Junta,myanmar_2025-06-05
17.7,94.9,Junta,myanmar_2025-06-05
17.7,95.0,Junta,myanmar_2025-06-05
17.7,95.1,Junta,myanmar_2025-06-05
17.7,95.2,Junta,myanmar_2025-06-05
17.7,95.3,Junta,myanmar_2025-06-05
17.7,95.4,Junta,myanmar_2025-06-05
17.7,95.5,Junta,myanmar_2025-06-05
17.7,95.6,Junta,myanmar_2025-06-05
17.7,95.7,Junta,myanmar_2025-06-05
17.7,95.8,Junta,myanmar_2025-06-05
17.7,95.9,Junta,myanmar_2025-06-05
17.7,96.0,Junta,myanmar_2025-06-05
17.7,96.1,Junta,myanmar_2025-06-05
17.7,96.2,Junta,myanmar_2025-06-05
17.7,96.3,Junta,myanmar_2025-06-05
17.7,96.4,Junta,myanmar_2025-06-05
17.7,96.5,Junta,myanmar_2025-06-05
17.7,96.6,Junta,myanmar_2025-06-05
17.7,96.7,Karen,myanmar_2025-06-05
17.7,96.8,Karen,myanmar_2025-06-05
17.7,96.9,Karen,myanmar_2025-06-05
17.7,97.0,Karen,myanmar_2025-06-05
17.7,97.1,Karen,myanmar_2025-06-05
17.7,97.2,Karen,myanmar_2025-06-05
17.7,97.3,Karen,myanmar_2025-06-05
17.7,97.4,Karen,myanmar_2025-06-05
17.7,97.5,Karen,myanmar_2025-06-05
17.7,97.6,Karen,myanmar_2025-06-05
17.7,97.7,Karen,myanmar_2025-06-05
17.7,97.8,Karen,myanmar_2025-06-05
17.7,97.9,Outside Myanmar,myanmar_2025-06-05
17.7,98.0,Outside Myanmar,myanmar_2025-06-05
17.7,98.1,Outside Myanmar,myanmar_2025-06-05
17.7,98.2,Outside Myanmar,myanmar_2025-06-05
17.7,98.3,Outside Myanmar,myanmar_2025-06-05
17.7,98.4,Outside Myanmar,myanmar_2025-06-05
17.7,98.5,Outside Myanmar,myanmar_2025-06-05
17.7,98.6,Outside Myanmar,myanmar_2025-06-05
17.7,98.7,Outside Myanmar,myanmar_2025-06-05
17.7,98.8,Outside Myanmar,myanmar_2025-06-05
17.7,98.9,Outside Myanmar,myanmar_2025-06-05
17.7,99.0,Outside Myanmar,myanmar_2025-06-05
17.7,99.1,Outside Myanmar,myanmar_2025-06-05
17.7,99.2,Outside Myanmar,myanmar_2025-06-05
17.7,99.3,Outside Myanmar,myanmar_2025-06-05
17.7,99.4,Outside Myanmar,myanmar_2025-06-05
17.7,99.5,Outside Myanmar,myanmar_2025-06-05
17.7,99.6,Outside Myanmar,myanmar_2025-06-05
17.7,99.7,Outside Myanmar,myanmar_2025-06-05
17.7,99.8,Outside Myanmar,myanmar_2025-06-05
17.7,99.9,Outside Myanmar,myanmar_2025-06-05
17.7,100.0,Outside Myanmar,myanmar_2025-06-05
17.7,100.1,Outside Myanmar,myanmar_2025-06-05
17.7,100.2,Outside Myanmar,myanmar_2025-06-05
17.7,100.3,Outside Myanmar,myanmar_2025-06-05
17.7,100.4,Outside Myanmar,myanmar_2025-06-05
17.7,100.5,Outside Myanmar,myanmar_2025-06-05
17.7,100.6,Outside Myanmar,myanmar_2025-06-05
17.7,100.7,Outside Myanmar,myanmar_2025-06-05
17.7,100.8,Outside Myanmar,myanmar_2025-06-05
17.7,100.9,Outside Myanmar,myanmar_2025-06-05
17.7,101.0,Outside Myanmar,myanmar_2025-06-05
17.7,101.1,Outside Myanmar,myanmar_2025-06-05
17.7,101.2,Outside Myanmar,myanmar_2025-06-05
17.7,101.3,Outside Myanmar,myanmar_2025-06-05
17.7,101.4,Outside Myanmar,myanmar_2025-06-05
17.8,92.0,Outside Myanmar,myanmar_2025-06-05
17.8,92.1,Outside Myanmar,myanmar_2025-06-05
17.8,92.2,Outside Myanmar,myanmar_2025-06-05
17.8,92.3,Outside Myanmar,myanmar_2025-06-05
17.8,92.4,Outside Myanmar,myanmar_2025-06-05
17.8,92.5,Outside Myanmar,myanmar_2025-06-05
17.8,92.6,Outside Myanmar,myanmar_2025-06-05
17.8,92.7,Outside Myanmar,myanmar_2025-06-05
17.8,92.8,Outside Myanmar,myanmar_2025-06-05
17.8,92.9,Outside Myanmar,myanmar_2025-06-05
17.8,93.0,Outside Myanmar,myanmar_2025-06-05
17.8,93.1,Outside Myanmar,myanmar_2025-06-05
17.8,93.2,Outside Myanmar,myanmar_2025-06-05
17.8,93.3,Outside Myanmar,myanmar_2025-06-05
17.8,93.4,Outside Myanmar,myanmar_2025-06-05
17.8,93.5,Outside Myanmar,myanmar_2025-06-05
17.8,93.6,Outside Myanmar,myanmar_2025-06-05
17.8,93.7,Outside Myanmar,myanmar_2025-06-05
17.8,93.8,Outside Myanmar,myanmar_2025-06-05
17.8,93.9,Outside Myanmar,myanmar_2025-06-05
17.8,94.0,Outside Myanmar,myanmar_2025-06-05
17.8,94.1,Outside Myanmar,myanmar_2025-06-05
17.8,94.2,Outside Myanmar,myanmar_2025-06-05
17.8,94.3,Outside Myanmar,myanmar_2025-06-05
17.8,94.4,Outside Myanmar,myanmar_2025-06-05
17.8,94.5,Outside Myanmar,myanmar_2025-06-05
17.8,94.6,Junta,myanmar_2025-06-05
17.8,94.7,Junta,myanmar_2025-06-05
17.8,94.8,Junta,myanmar_2025-06-05
17.8,94.9,Junta,myanmar_2025-06-05
17.8,95.0,Junta,myanmar_2025-06-05
17.8,95.1,Junta,myanmar_2025-06-05
17.8,95.2,Junta,myanmar_2025-06-05
17.8,95.3,Junta,myanmar_2025-06-05
17.8,95.4,Junta,myanmar_2025-06-05
17.8,95.5,Junta,myanmar_2025-06-05
17.8,95.6,Junta,myanmar_2025-06-05
17.8,95.7,Junta,myanmar_2025-06-05
17.8,95.8,Junta,myanmar_2025-06-05
17.8,95.9,Junta,myanmar_2025-06-05
17.8,96.0,Junta,myanmar_2025-06-05
17.8,96.1,Junta,myanmar_2025-06-05
17.8,96.2,Junta,myanmar_2025-06-05
17.8,96.3,Junta,myanmar_2025-06-05
17.8,96.4,Junta,myanmar_2025-06-05
17.8,96.5,Junta,myanmar_2025-06-05
17.8,96.6,Junta,myanmar_2025-06-05
17.8,96.7,Karen,myanmar_2025-06-05
17.8,96.8,Karen,myanmar_2025-06-05
17.8,96.9,Karen,myanmar_2025-06-05
17.8,97.0,Karen,myanmar_2025-06-05
17.8,97.1,Karen,myanmar_2025-06-05
17.8,97.2,Karen,myanmar_2025-06-05
17.8,97.3,Karen,myanmar_2025-06-05
17.8,97.4,Karen,myanmar_2025-06-05
17.8,97.5,Karen,myanmar_2025-06-05
17.8,97.6,Karen,myanmar_2025-06-05
17.8,97.7,Karen,myanmar_2025-06-05
17.8,97.8,Karen,myanmar_2025-06-05
17.8,97.9,Outside Myanmar,myanmar_2025-06-05
17.8,98.0,Outside Myanmar,myanmar_2025-06-05
17.8,98.1,Outside Myanmar,myanmar_2025-06-05
17.8,98.2,Outside Myanmar,myanmar_2025-06-05
17.8,98.3,Outside Myanmar,myanmar_2025-06-05
17.8,98.4,Outside Myanmar,myanmar_2025-06-05
17.8,98.5,Outside Myanmar,myanmar_2025-06-05
17.8,98.6,Outside Myanmar,myanmar_2025-06-05
17.8,98.7,Outside Myanmar,myanmar_2025-06-05
17.8,98.8,Outside Myanmar,myanmar_2025-06-05
17.8,98.9,Outside Myanmar,myanmar_2025-06-05
17.8,99.0,Outside Myanmar,myanmar_2025-06-05
17.8,99.1,Outside Myanmar,myanmar_2025-06-05
17.8,99.2,Outside Myanmar,myanmar_2025-06-05
17.8,99.3,Outside Myanmar,myanmar_2025-06-05
17.8,99.4,Outside Myanmar,myanmar_2025-06-05
17.8,99.5,Outside Myanmar,myanmar_2025-06-05
17.8,99.6,Outside Myanmar,myanmar_2025-06-05
17.8,99.7,Outside Myanmar,myanmar_2025-06-05
17.8,99.8,Outside Myanmar,myanmar_2025-06-05
17.8,99.9,Outside Myanmar,myanmar_2025-06-05
17.8,100.0,Outside Myanmar,myanmar_2025-06-05
17.8,100.1,Outside Myanmar,myanmar_2025-06-05
17.8,100.2,Outside Myanmar,myanmar_2025-06-05
17.8,100.3,Outside Myanmar,myanmar_2025-06-05
17.8,100.4,Outside Myanmar,myanmar_2025-06-05
17.8,100.5,Outside Myanmar,myanmar_2025-06-05
17.8,100.6,Outside Myanmar,myanmar_2025-06-05
17.8,100.7,Outside Myanmar,myanmar_2025-06-05
17.8,100.8,Outside Myanmar,myanmar_2025-06-05
17.8,100.9,Outside Myanmar,myanmar_2025-06-05
17.8,101.0,Outside Myanmar,myanmar_2025-06-05
17.8,101.1,Outside Myanmar,myanmar_2025-06-05
17.8,101.2,Outside Myanmar,myanmar_2025-06-05
17.8,101.3,Outside Myanmar,myanmar_2025-06-05
17.8,101.4,Outside Myanmar,myanmar_2025-06-05
17.9,92.0,Outside Myanmar,myanmar_2025-06-05
17.9,92.1,Outside Myanmar,myanmar_2025-06-05
17.9,92.2,Outside Myanmar,myanmar_2025-06-05
17.9,92.3,Outside Myanmar,myanmar_2025-06-05
17.9,92.4,Outside Myanmar,myanmar_2025-06-05
17.9,92.5,Outside Myanmar,myanmar_2025-06-05
17.9,92.6,Outside Myanmar,myanmar_2025-06-05
17.9,92.7,Outside Myanmar,myanmar_2025-06-05
17.9,92.8,Outside Myanmar,myanmar_2025-06-05
17.9,92.9,Outside Myanmar,myanmar_2025-06-05
17.9,93.0,Outside Myanmar,myanmar_2025-06-05
17.9,93.1,Outside Myanmar,myanmar_2025-06-05
17.9,93.2,Outside Myanmar,myanmar_2025-06-05
17.9,93.3,Outside Myanmar,myanmar_2025-06-05
17.9,93.4,Outside Myanmar,myanmar_2025-06-05
17.9,93.5,Outside Myanmar,myanmar_2025-06-05
17.9,93.6,Outside Myanmar,myanmar_2025-06-05
17.9,93.7,Outside Myanmar,myanmar_2025-06-05
17.9,93.8,Outside Myanmar,myanmar_2025-06-05
17.9,93.9,Outside Myanmar,myanmar_2025-06-05
17.9,94.0,Outside Myanmar,myanmar_2025-06-05
17.9,94.1,Outside Myanmar,myanmar_2025-06-05
17.9,94.2,Outside Myanmar,myanmar_2025-06-05
17.9,94.3,Outside Myanmar,myanmar_2025-06-05
17.9,94.4,Outside Myanmar,myanmar_2025-06-05
17.9,94.5,Junta,myanmar_2025-06-05
17.9,94.6,Junta,myanmar_2025-06-05
17.9,94.7,Junta,myanmar_2025-06-05
17.9,94.8,Junta,myanmar_2025-06-05
17.9,94.9,Junta,myanmar_2025-06-05
17.9,95.0,Junta,myanmar_2025-06-05
17.9,95.1,Junta,myanmar_2025-06-05
17.9,95.2,Junta,myanmar_2025-06-05
17.9,95.3,Junta,myanmar_2025-06-05
17.9,95.4,Junta,myanmar_2025-06-05
17.9,95.5,Junta,myanmar_2025-06-05
17.9,95.6,Junta,myanmar_2025-06-05
17.9,95.7,Junta,myanmar_2025-06-05
17.9,95.8,Junta,myanmar_2025-06-05
17.9,95.9,PDF,myanmar_2025-06-05
17.9,96.0,PDF,myanmar_2025-06-05
17.9,96.1,PDF,myanmar_2025-06-05
17.9,96.2,Junta,myanmar_2025-06-05
17.9,96.3,Junta,myanmar_2025-06-05
17.9,96.4,Junta,myanmar_2025-06-05
17.9,96.5,Junta,myanmar_2025-06-05
17.9,96.6,Junta,myanmar_2025-06-05
17.9,96.7,Karen,myanmar_2025-06-05
17.9,96.8,Karen,myanmar_2025-06-05
17.9,96.9,Karen,myanmar_2025-06-05
17.9,97.0,Karen,myanmar_2025-06-05
17.9,97.1,Karen,myanmar_2025-06-05
17.9,97.2,Karen,myanmar_2025-06-05
17.9,97.3,Karen,myanmar_2025-06-05
17.9,97.4,Karen,myanmar_2025-06-05
17.9,97.5,Karen,myanmar_2025-06-05
17.9,97.6,Karen,myanmar_2025-06-05
17.9,97.7,Karen,myanmar_2025-06-05
17.9,97.8,Outside Myanmar,myanmar_2025-06-05
17.9,97.9,Outside Myanmar,myanmar_2025-06-05
17.9,98.0,Outside Myanmar,myanmar_2025-06-05
17.9,98.1,Outside Myanmar,myanmar_2025-06-05
17.9,98.2,Outside Myanmar,myanmar_2025-06-05
17.9,98.3,Outside Myanmar,myanmar_2025-06-05
17.9,98.4,Outside Myanmar,myanmar_2025-06-05
17.9,98.5,Outside Myanmar,myanmar_2025-06-05
17.9,98.6,Outside Myanmar,myanmar_2025-06-05
17.9,98.7,Outside Myanmar,myanmar_2025-06-05
17.9,98.8,Outside Myanmar,myanmar_2025-06-05
17.9,98.9,Outside Myanmar,myanmar_2025-06-05
17.9,99.0,Outside Myanmar,myanmar_2025-06-05
17.9,99.1,Outside Myanmar,myanmar_2025-06-05
17.9,99.2,Outside Myanmar,myanmar_2025-06-05
17.9,99.3,Outside Myanmar,myanmar_2025-06-05
17.9,99.4,Outside Myanmar,myanmar_2025-06-05
17.9,99.5,Outside Myanmar,myanmar_2025-06-05
17.9,99.6,Outside Myanmar,myanmar_2025-06-05
17.9,99.7,Outside Myanmar,myanmar_2025-06-05
17.9,99.8,Outside Myanmar,myanmar_2025-06-05
17.9,99.9,Outside Myanmar,myanmar_2025-06-05
17.9,100.0,Outside Myanmar,myanmar_2025-06-05
17.9,100.1,Outside Myanmar,myanmar_2025-06-05
17.9,100.2,Outside Myanmar,myanmar_2025-06-05
17.9,100.3,Outside Myanmar,myanmar_2025-06-05
17.9,100.4,Outside Myanmar,myanmar_2025-06-05
17.9,100.5,Outside Myanmar,myanmar_2025-06-05
17.9,100.6,Outside Myanmar,myanmar_2025-06-05
17.9,100.7,Outside Myanmar,myanmar_2025-06-05
17.9,100.8,Outside Myanmar,myanmar_2025-06-05
17.9,100.9,Outside Myanmar,myanmar_2025-06-05
17.9,101.0,Outside Myanmar,myanmar_2025-06-05
17.9,101.1,Outside Myanmar,myanmar_2025-06-05
17.9,101.2,Outside Myanmar,myanmar_2025-06-05
17.9,101.3,Outside Myanmar,myanmar_2025-06-05
17.9,101.4,Outside Myanmar,myanmar_2025-06-05
18.0,92.0,Outside Myanmar,myanmar_2025-06-05
18.0,92.1,Outside Myanmar,myanmar_2025-06-05
18.0,92.2,Outside Myanmar,myanmar_2025-06-05
18.0,92.3,Outside Myanmar,myanmar_2025-06-05
18.0,92.4,Outside Myanmar,myanmar_2025-06-05
18.0,92.5,Outside Myanmar,myanmar_2025-06-05
18.0,92.6,Outside Myanmar,myanmar_2025-06-05
18.0,92.7,Outside Myanmar,myanmar_2025-06-05
18.0,92.8,Outside Myanmar,myanmar_2025-06-05
18.0,92.9,Outside Myanmar,myanmar_2025-06-05
18.0,93.0,Outside Myanmar,myanmar_2025-06-05
18.0,93.1,Outside Myanmar,myanmar_2025-06-05
18.0,93.2,Outside Myanmar,myanmar_2025-06-05
18.0,93.3,Outside Myanmar,myanmar_2025-06-05
18.0,93.4,Outside Myanmar,myanmar_2025-06-05
18.0,93.5,Outside Myanmar,myanmar_2025-06-05
18.0,93.6,Outside Myanmar,myanmar_2025-06-05
18.0,93.7,Outside Myanmar,myanmar_2025-06-05
18.0,93.8,Outside Myanmar,myanmar_2025-06-05
18.0,93.9,Outside Myanmar,myanmar_2025-06-05
18.0,94.0,Outside Myanmar,myanmar_2025-06-05
18.0,94.1,Outside Myanmar,myanmar_2025-06-05
18.0,94.2,Outside Myanmar,myanmar_2025-06-05
18.0,94.3,Outside Myanmar,myanmar_2025-06-05
18.0,94.4,Outside Myanmar,myanmar_2025-06-05
18.0,94.5,Junta,myanmar_2025-06-05
18.0,94.6,Junta,myanmar_2025-06-05
18.0,94.7,Junta,myanmar_2025-06-05
18.0,94.8,Junta,myanmar_2025-06-05
18.0,94.9,Junta,myanmar_2025-06-05
18.0,95.0,Junta,myanmar_2025-06-05
18.0,95.1,Junta,myanmar_2025-06-05
18.0,95.2,Junta,myanmar_2025-06-05
18.0,95.3,Junta,myanmar_2025-06-05
18.0,95.4,Junta,myanmar_2025-06-05
18.0,95.5,Junta,myanmar_2025-06-05
18.0,95.6,Junta,myanmar_2025-06-05
18.0,95.7,Junta,myanmar_2025-06-05
18.0,95.8,PDF,myanmar_2025-06-05
18.0,95.9,PDF,myanmar_2025-06-05
18.0,96.0,PDF,myanmar_2025-06-05
18.0,96.1,PDF,myanmar_2025-06-05
18.0,96.2,PDF,myanmar_2025-06-05
18.0,96.3,PDF,myanmar_2025-06-05
18.0,96.4,PDF,myanmar_2025-06-05
18.0,96.5,PDF,myanmar_2025-06-05
18.0,96.6,Karen,myanmar_2025-06-05
18.0,96.7,Karen,myanmar_2025-06-05
18.0,96.8,Karen,myanmar_2025-06-05
18.0,96.9,Karen,myanmar_2025-06-05
18.0,97.0,Karen,myanmar_2025-06-05
18.0,97.1,Karen,myanmar_2025-06-05
18.0,97.2,Karen,myanmar_2025-06-05
18.0,97.3,Karen,myanmar_2025-06-05
18.0,97.4,Karen,myanmar_2025-06-05
18.0,97.5,Karen,myanmar_2025-06-05
18.0,97.6,Karen,myanmar_2025-06-05
18.0,97.7,Junta,myanmar_2025-06-05
18.0,97.8,Outside Myanmar,myanmar_2025-06-05
18.0,97.9,Outside Myanmar,myanmar_2025-06-05
18.0,98.0,Outside Myanmar,myanmar_2025-06-05
18.0,98.1,Outside Myanmar,myanmar_2025-06-05
18.0,98.2,Outside Myanmar,myanmar_2025-06-05
18.0,98.3,Outside Myanmar,myanmar_2025-06-05
18.0,98.4,Outside Myanmar,myanmar_2025-06-05
18.0,98.5,Outside Myanmar,myanmar_2025-06-05
18.0,98.6,Outside Myanmar,myanmar_2025-06-05
18.0,98.7,Outside Myanmar,myanmar_2025-06-05
18.0,98.8,Outside Myanmar,myanmar_2025-06-05
18.0,98.9,Outside Myanmar,myanmar_2025-06-05
18.0,99.0,Outside Myanmar,myanmar_2025-06-05
18.0,99.1,Outside Myanmar,myanmar_2025-06-05
18.0,99.2,Outside Myanmar,myanmar_2025-06-05
18.0,99.3,Outside Myanmar,myanmar_2025-06-05
18.0,99.4,Outside Myanmar,myanmar_2025-06-05
18.0,99.5,Outside Myanmar,myanmar_2025-06-05
18.0,99.6,Outside Myanmar,myanmar_2025-06-05
18.0,99.7,Outside Myanmar,myanmar_2025-06-05
18.0,99.8,Outside Myanmar,myanmar_2025-06-05
18.0,99.9,Outside Myanmar,myanmar_2025-06-05
18.0,100.0,Outside Myanmar,myanmar_2025-06-05
18.0,100.1,Outside Myanmar,myanmar_2025-06-05
18.0,100.2,Outside Myanmar,myanmar_2025-06-05
18.0,100.3,Outside Myanmar,myanmar_2025-06-05
18.0,100.4,Outside Myanmar,myanmar_2025-06-05
18.0,100.5,Outside Myanmar,myanmar_2025-06-05
18.0,100.6,Outside Myanmar,myanmar_2025-06-05
18.0,100.7,Outside Myanmar,myanmar_2025-06-05
18.0,100.8,Outside Myanmar,myanmar_2025-06-05
18.0,100.9,Outside Myanmar,myanmar_2025-06-05
18.0,101.0,Outside Myanmar,myanmar_2025-06-05
18.0,101.1,Outside Myanmar,myanmar_2025-06-05
18.0,101.2,Outside Myanmar,myanmar_2025-06-05
18.0,101.3,Outside Myanmar,myanmar_2025-06-05
18.0,101.4,Outside Myanmar,myanmar_2025-06-05
18.1,92.0,Outside Myanmar,myanmar_2025-06-05
18.1,92.1,Outside Myanmar,myanmar_2025-06-05
18.1,92.2,Outside Myanmar,myanmar_2025-06-05
18.1,92.3,Outside Myanmar,myanmar_2025-06-05
18.1,92.4,Outside Myanmar,myanmar_2025-06-05
18.1,92.5,Outside Myanmar,myanmar_2025-06-05
18.1,92.6,Outside Myanmar,myanmar_2025-06-05
18.1,92.7,Outside Myanmar,myanmar_2025-06-05
18.1,92.8,Outside Myanmar,myanmar_2025-06-05
18.1,92.9,Outside Myanmar,myanmar_2025-06-05
18.1,93.0,Outside Myanmar,myanmar_2025-06-05
18.1,93.1,Outside Myanmar,myanmar_2025-06-05
18.1,93.2,Outside Myanmar,myanmar_2025-06-05
18.1,93.3,Outside Myanmar,myanmar_2025-06-05
18.1,93.4,Outside Myanmar,myanmar_2025-06-05
18.1,93.5,Outside Myanmar,myanmar_2025-06-05
18.1,93.6,Outside Myanmar,myanmar_2025-06-05
18.1,93.7,Outside Myanmar,myanmar_2025-06-05
18.1,93.8,Outside Myanmar,myanmar_2025-06-05
18.1,93.9,Outside Myanmar,myanmar_2025-06-05
18.1,94.0,Outside Myanmar,myanmar_2025-06-05
18.1,94.1,Outside Myanmar,myanmar_2025-06-05
18.1,94.2,Outside Myanmar,myanmar_2025-06-05
18.1,94.3,Outside Myanmar,myanmar_2025-06-05
18.1,94.4,Outside Myanmar,myanmar_2025-06-05
18.1,94.5,Junta,myanmar_2025-06-05
18.1,94.6,Junta,myanmar_2025-06-05
18.1,94.7,Junta,myanmar_2025-06-05
18.1,94.8,Junta,myanmar_2025-06-05
18.1,94.9,Junta,myanmar_2025-06-05
18.1,95.0,Junta,myanmar_2025-06-05
18.1,95.1,Junta,myanmar_2025-06-05
18.1,95.2,Junta,myanmar_2025-06-05
18.1,95.3,Junta,myanmar_2025-06-05
18.1,95.4,Junta,myanmar_2025-06-05
18.1,95.5,Junta,myanmar_2025-06-05
18.1,95.6,Junta,myanmar_2025-06-05
18.1,95.7,Junta,myanmar_2025-06-05
18.1,95.8,Junta,myanmar_2025-06-05
18.1,95.9,PDF,myanmar_2025-06-05
18.1,96.0,PDF,myanmar_2025-06-05
18.1,96.1,PDF,myanmar_2025-06-05
18.1,96.2,PDF,myanmar_2025-06-05
18.1,96.3,PDF,myanmar_2025-06-05
18.1,96.4,PDF,myanmar_2025-06-05
18.1,96.5,Junta,myanmar_2025-06-05
18.1,96.6,Karen,myanmar_2025-06-05
18.1,96.7,Karen,myanmar_2025-06-05
18.1,96.8,Karen,myanmar_2025-06-05
18.1,96.9,Karen,myanmar_2025-06-05
18.1,97.0,Karen,myanmar_2025-06-05
18.1,97.1,Karen,myanmar_2025-06-05
18.1,97.2,Karen,myanmar_2025-06-05
18.1,97.3,Karen,myanmar_2025-06-05
18.1,97.4,Karen,myanmar_2025-06-05
18.1,97.5,Karen,myanmar_2025-06-05
18.1,97.6,Karen,myanmar_2025-06-05
18.1,97.7,Outside Myanmar,myanmar_2025-06-05
18.1,97.8,Outside Myanmar,myanmar_2025-06-05
18.1,97.9,Outside Myanmar,myanmar_2025-06-05
18.1,98.0,Outside Myanmar,myanmar_2025-06-05
18.1,98.1,Outside Myanmar,myanmar_2025-06-05
18.1,98.2,Outside Myanmar,myanmar_2025-06-05
18.1,98.3,Outside Myanmar,myanmar_2025-06-05
18.1,98.4,Outside Myanmar,myanmar_2025-06-05
18.1,98.5,Outside Myanmar,myanmar_2025-06-05
18.1,98.6,Outside Myanmar,myanmar_2025-06-05
18.1,98.7,Outside Myanmar,myanmar_2025-06-05
18.1,98.8,Outside Myanmar,myanmar_2025-06-05
18.1,98.9,Outside Myanmar,myanmar_2025-06-05
18.1,99.0,Outside Myanmar,myanmar_2025-06-05
18.1,99.1,Outside Myanmar,myanmar_2025-06-05
18.1,99.2,Outside Myanmar,myanmar_2025-06-05
18.1,99.3,Outside Myanmar,myanmar_2025-06-05
18.1,99.4,Outside Myanmar,myanmar_2025-06-05
18.1,99.5,Outside Myanmar,myanmar_2025-06-05
18.1,99.6,Outside Myanmar,myanmar_2025-06-05
18.1,99.7,Outside Myanmar,myanmar_2025-06-05
18.1,99.8,Outside Myanmar,myanmar_2025-06-05
18.1,99.9,Outside Myanmar,myanmar_2025-06-05
18.1,100.0,Outside Myanmar,myanmar_2025-06-05
18.1,100.1,Outside Myanmar,myanmar_2025-06-05
18.1,100.2,Outside Myanmar,myanmar_2025-06-05
18.1,100.3,Outside Myanmar,myanmar_2025-06-05
18.1,100.4,Outside Myanmar,myanmar_2025-06-05
18.1,100.5,Outside Myanmar,myanmar_2025-06-05
18.1,100.6,Outside Myanmar,myanmar_2025-06-05
18.1,100.7,Outside Myanmar,myanmar_2025-06-05
18.1,100.8,Outside Myanmar,myanmar_2025-06-05
18.1,100.9,Outside Myanmar,myanmar_2025-06-05
18.1,101.0,Outside Myanmar,myanmar_2025-06-05
18.1,101.1,Outside Myanmar,myanmar_2025-06-05
18.1,101.2,Outside Myanmar,myanmar_2025-06-05
18.1,101.3,Outside Myanmar,myanmar_2025-06-05
18.1,101.4,Outside Myanmar,myanmar_2025-06-05
18.2,92.0,Outside Myanmar,myanmar_2025-06-05
18.2,92.1,Outside Myanmar,myanmar_2025-06-05
18.2,92.2,Outside Myanmar,myanmar_2025-06-05
18.2,92.3,Outside Myanmar,myanmar_2025-06-05
18.2,92.4,Outside Myanmar,myanmar_2025-06-05
18.2,92.5,Outside Myanmar,myanmar_2025-06-05
18.2,92.6,Outside Myanmar,myanmar_2025-06-05
18.2,92.7,Outside Myanmar,myanmar_2025-06-05
18.2,92.8,Outside Myanmar,myanmar_2025-06-05
18.2,92.9,Outside Myanmar,myanmar_2025-06-05
18.2,93.0,Outside Myanmar,myanmar_2025-06-05
18.2,93.1,Outside Myanmar,myanmar_2025-06-05
18.2,93.2,Outside Myanmar,myanmar_2025-06-05
18.2,93.3,Outside Myanmar,myanmar_2025-06-05
18.2,93.4,Outside Myanmar,myanmar_2025-06-05
18.2,93.5,Outside Myanmar,myanmar_2025-06-05
18.2,93.6,Outside Myanmar,myanmar_2025-06-05
18.2,93.7,Outside Myanmar,myanmar_2025-06-05
18.2,93.8,Outside Myanmar,myanmar_2025-06-05
18.2,93.9,Outside Myanmar,myanmar_2025-06-05
18.2,94.0,Outside Myanmar,myanmar_2025-06-05
18.2,94.1,Outside Myanmar,myanmar_2025-06-05
18.2,94.2,Outside Myanmar,myanmar_2025-06-05
18.2,94.3,Outside Myanmar,myanmar_2025-06-05
18.2,94.4,Outside Myanmar,myanmar_2025-06-05
18.2,94.5,Junta,myanmar_2025-06-05
18.2,94.6,Junta,myanmar_2025-06-05
18.2,94.7,Junta,myanmar_2025-06-05
18.2,94.8,Junta,myanmar_2025-06-05
18.2,94.9,Junta,myanmar_2025-06-05
18.2,95.0,Junta,myanmar_2025-06-05
18.2,95.1,Junta,myanmar_2025-06-05
18.2,95.2,Junta,myanmar_2025-06-05
18.2,95.3,Junta,myanmar_2025-06-05
18.2,95.4,Junta,myanmar_2025-06-05
18.2,95.5,Junta,myanmar_2025-06-05
18.2,95.6,Junta,myanmar_2025-06-05
18.2,95.7,Junta,myanmar_2025-06-05
18.2,95.8,Junta,myanmar_2025-06-05
18.2,95.9,PDF,myanmar_2025-06-05
18.2,96.0,PDF,myanmar_2025-06-05
18.2,96.1,PDF,myanmar_2025-06-05
18.2,96.2,PDF,myanmar_2025-06-05
18.2,96.3,PDF,myanmar_2025-06-05
18.2,96.4,PDF,myanmar_2025-06-05
18.2,96.5,Junta,myanmar_2025-06-05
18.2,96.6,Karen,myanmar_2025-06-05
18.2,96.7,Karen,myanmar_2025-06-05
18.2,96.8,Karen,myanmar_2025-06-05
18.2,96.9,Karen,myanmar_2025-06-05
18.2,97.0,Karen,myanmar_2025-06-05
18.2,97.1,Karen,myanmar_2025-06-05
18.2,97.2,Karen,myanmar_2025-06-05
18.2,97.3,Karen,myanmar_2025-06-05
18.2,97.4,Karen,myanmar_2025-06-05
18.2,97.5,Karen,myanmar_2025-06-05
18.2,97.6,Karen,myanmar_2025-06-05
18.2,97.7,Outside Myanmar,myanmar_2025-06-05
18.2,97.8,Outside Myanmar,myanmar_2025-06-05
18.2,97.9,Outside Myanmar,myanmar_2025-06-05
18.2,98.0,Outside Myanmar,myanmar_2025-06-05
18.2,98.1,Outside Myanmar,myanmar_2025-06-05
18.2,98.2,Outside Myanmar,myanmar_2025-06-05
18.2,98.3,Outside Myanmar,myanmar_2025-06-05
18.2,98.4,Outside Myanmar,myanmar_2025-06-05
18.2,98.5,Outside Myanmar,myanmar_2025-06-05
18.2,98.6,Outside Myanmar,myanmar_2025-06-05
18.2,98.7,Outside Myanmar,myanmar_2025-06-05
18.2,98.8,Outside Myanmar,myanmar_2025-06-05
18.2,98.9,Outside Myanmar,myanmar_2025-06-05
18.2,99.0,Outside Myanmar,myanmar_2025-06-05
18.2,99.1,Outside Myanmar,myanmar_2025-06-05
18.2,99.2,Outside Myanmar,myanmar_2025-06-05
18.2,99.3,Outside Myanmar,myanmar_2025-06-05
18.2,99.4,Outside Myanmar,myanmar_2025-06-05
18.2,99.5,Outside Myanmar,myanmar_2025-06-05
18.2,99.6,Outside Myanmar,myanmar_2025-06-05
18.2,99.7,Outside Myanmar,myanmar_2025-06-05
18.2,99.8,Outside Myanmar,myanmar_2025-06-05
18.2,99.9,Outside Myanmar,myanmar_2025-06-05
18.2,100.0,Outside Myanmar,myanmar_2025-06-05
18.2,100.1,Outside Myanmar,myanmar_2025-06-05
18.2,100.2,Outside Myanmar,myanmar_2025-06-05
18.2,100.3,Outside Myanmar,myanmar_2025-06-05
18.2,100.4,Outside Myanmar,myanmar_2025-06-05
18.2,100.5,Outside Myanmar,myanmar_2025-06-05
18.2,100.6,Outside Myanmar,myanmar_2025-06-05
18.2,100.7,Outside Myanmar,myanmar_2025-06-05
18.2,100.8,Outside Myanmar,myanmar_2025-06-05
18.2,100.9,Outside Myanmar,myanmar_2025-06-05
18.2,101.0,Outside Myanmar,myanmar_2025-06-05
18.2,101.1,Outside Myanmar,myanmar_2025-06-05
18.2,101.2,Outside Myanmar,myanmar_2025-06-05
18.2,101.3,Outside Myanmar,myanmar_2025-06-05
18.2,101.4,Outside Myanmar,myanmar_2025-06-05
18.3,92.0,Outside Myanmar,myanmar_2025-06-05
18.3,92.1,Outside Myanmar,myanmar_2025-06-05
18.3,92.2,Outside Myanmar,myanmar_2025-06-05
18.3,92.3,Outside Myanmar,myanmar_2025-06-05
18.3,92.4,Outside Myanmar,myanmar_2025-06-05
18.3,92.5,Outside Myanmar,myanmar_2025-06-05
18.3,92.6,Outside Myanmar,myanmar_2025-06-05
18.3,92.7,Outside Myanmar,myanmar_2025-06-05
18.3,92.8,Outside Myanmar,myanmar_2025-06-05
18.3,92.9,Outside Myanmar,myanmar_2025-06-05
18.3,93.0,Outside Myanmar,myanmar_2025-06-05
18.3,93.1,Outside Myanmar,myanmar_2025-06-05
18.3,93.2,Outside Myanmar,myanmar_2025-06-05
18.3,93.3,Outside Myanmar,myanmar_2025-06-05
18.3,93.4,Outside Myanmar,myanmar_2025-06-05
18.3,93.5,Outside Myanmar,myanmar_2025-06-05
18.3,93.6,Outside Myanmar,myanmar_2025-06-05
18.3,93.7,Outside Myanmar,myanmar_2025-06-05
18.3,93.8,Outside Myanmar,myanmar_2025-06-05
18.3,93.9,Outside Myanmar,myanmar_2025-06-05
18.3,94.0,Outside Myanmar,myanmar_2025-06-05
18.3,94.1,Outside Myanmar,myanmar_2025-06-05
18.3,94.2,Outside Myanmar,myanmar_2025-06-05
18.3,94.3,Outside Myanmar,myanmar_2025-06-05
18.3,94.4,Junta,myanmar_2025-06-05
18.3,94.5,Junta,myanmar_2025-06-05
18.3,94.6,Junta,myanmar_2025-06-05
18.3,94.7,Junta,myanmar_2025-06-05
18.3,94.8,Junta,myanmar_2025-06-05
18.3,94.9,Junta,myanmar_2025-06-05
18.3,95.0,Junta,myanmar_2025-06-05
18.3,95.1,Junta,myanmar_2025-06-05
18.3,95.2,Junta,myanmar_2025-06-05
18.3,95.3,Junta,myanmar_2025-06-05
18.3,95.4,Junta,myanmar_2025-06-05
18.3,95.5,Junta,myanmar_2025-06-05
18.3,95.6,Junta,myanmar_2025-06-05
18.3,95.7,Junta,myanmar_2025-06-05
18.3,95.8,Junta,myanmar_2025-06-05
18.3,95.9,PDF,myanmar_2025-06-05
18.3,96.0,PDF,myanmar_2025-06-05
18.3,96.1,PDF,myanmar_2025-06-05
18.3,96.2,PDF,myanmar_2025-06-05
18.3,96.3,PDF,myanmar_2025-06-05
18.3,96.4,PDF,myanmar_2025-06-05
18.3,96.5,PDF,myanmar_2025-06-05
18.3,96.6,Karen,myanmar_2025-06-05
18.3,96.7,Karen,myanmar_2025-06-05
18.3,96.8,Karen,myanmar_2025-06-05
18.3,96.9,Karen,myanmar_2025-06-05
18.3,97.0,Karen,myanmar_2025-06-05
18.3,97.1,Karen,myanmar_2025-06-05
18.3,97.2,Karen,myanmar_2025-06-05
18.3,97.3,Karen,myanmar_2025-06-05
18.3,97.4,Karen,myanmar_2025-06-05
18.3,97.5,Karen,myanmar_2025-06-05
18.3,97.6,Karen,myanmar_2025-06-05
18.3,97.7,Outside Myanmar,myanmar_2025-06-05
18.3,97.8,Outside Myanmar,myanmar_2025-06-05
18.3,97.9,Outside Myanmar,myanmar_2025-06-05
18.3,98.0,Outside Myanmar,myanmar_2025-06-05
18.3,98.1,Outside Myanmar,myanmar_2025-06-05
18.3,98.2,Outside Myanmar,myanmar_2025-06-05
18.3,98.3,Outside Myanmar,myanmar_2025-06-05
18.3,98.4,Outside Myanmar,myanmar_2025-06-05
18.3,98.5,Outside Myanmar,myanmar_2025-06-05
18.3,98.6,Outside Myanmar,myanmar_2025-06-05
18.3,98.7,Outside Myanmar,myanmar_2025-06-05
18.3,98.8,Outside Myanmar,myanmar_2025-06-05
18.3,98.9,Outside Myanmar,myanmar_2025-06-05
18.3,99.0,Outside Myanmar,myanmar_2025-06-05
18.3,99.1,Outside Myanmar,myanmar_2025-06-05
18.3,99.2,Outside Myanmar,myanmar_2025-06-05
18.3,99.3,Outside Myanmar,myanmar_2025-06-05
18.3,99.4,Outside Myanmar,myanmar_2025-06-05
18.3,99.5,Outside Myanmar,myanmar_2025-06-05
18.3,99.6,Outside Myanmar,myanmar_2025-06-05
18.3,99.7,Outside Myanmar,myanmar_2025-06-05
18.3,99.8,Outside Myanmar,myanmar_2025-06-05
18.3,99.9,Outside Myanmar,myanmar_2025-06-05
18.3,100.0,Outside Myanmar,myanmar_2025-06-05
18.3,100.1,Outside Myanmar,myanmar_2025-06-05
18.3,100.2,Outside Myanmar,myanmar_2025-06-05
18.3,100.3,Outside Myanmar,myanmar_2025-06-05
18.3,100.4,Outside Myanmar,myanmar_2025-06-05
18.3,100.5,Outside Myanmar,myanmar_2025-06-05
18.3,100.6,Outside Myanmar,myanmar_2025-06-05
18.3,100.7,Outside Myanmar,myanmar_2025-06-05
18.3,100.8,Outside Myanmar,myanmar_2025-06-05
18.3,100.9,Outside Myanmar,myanmar_2025-06-05
18.3,101.0,Outside Myanmar,myanmar_2025-06-05
18.3,101.1,Outside Myanmar,myanmar_2025-06-05
18.3,101.2,Outside Myanmar,myanmar_2025-06-05
18.3,101.3,Outside Myanmar,myanmar_2025-06-05
18.3,101.4,Outside Myanmar,myanmar_2025-06-05
18.4,92.0,Outside Myanmar,myanmar_2025-06-05
18.4,92.1,Outside Myanmar,myanmar_2025-06-05
18.4,92.2,Outside Myanmar,myanmar_2025-06-05
18.4,92.3,Outside Myanmar,myanmar_2025-06-05
18.4,92.4,Outside Myanmar,myanmar_2025-06-05
18.4,92.5,Outside Myanmar,myanmar_2025-06-05
18.4,92.6,Outside Myanmar,myanmar_2025-06-05
18.4,92.7,Outside Myanmar,myanmar_2025-06-05
18.4,92.8,Outside Myanmar,myanmar_2025-06-05
18.4,92.9,Outside Myanmar,myanmar_2025-06-05
18.4,93.0,Outside Myanmar,myanmar_2025-06-05
18.4,93.1,Outside Myanmar,myanmar_2025-06-05
18.4,93.2,Outside Myanmar,myanmar_2025-06-05
18.4,93.3,Outside Myanmar,myanmar_2025-06-05
18.4,93.4,Outside Myanmar,myanmar_2025-06-05
18.4,93.5,Outside Myanmar,myanmar_2025-06-05
18.4,93.6,Outside Myanmar,myanmar_2025-06-05
18.4,93.7,Outside Myanmar,myanmar_2025-06-05
18.4,93.8,Outside Myanmar,myanmar_2025-06-05
18.4,93.9,Outside Myanmar,myanmar_2025-06-05
18.4,94.0,Outside Myanmar,myanmar_2025-06-05
18.4,94.1,Outside Myanmar,myanmar_2025-06-05
18.4,94.2,Outside Myanmar,myanmar_2025-06-05
18.4,94.3,Outside Myanmar,myanmar_2025-06-05
18.4,94.4,Junta,myanmar_2025-06-05
18.4,94.5,Junta,myanmar_2025-06-05
18.4,94.6,Junta,myanmar_2025-06-05
18.4,94.7,Junta,myanmar_2025-06-05
18.4,94.8,Junta,myanmar_2025-06-05
18.4,94.9,Junta,myanmar_2025-06-05
18.4,95.0,Junta,myanmar_2025-06-05
18.4,95.1,Junta,myanmar_2025-06-05
18.4,95.2,Junta,myanmar_2025-06-05
18.4,95.3,Junta,myanmar_2025-06-05
18.4,95.4,Junta,myanmar_2025-06-05
18.4,95.5,Junta,myanmar_2025-06-05
18.4,95.6,Junta,myanmar_2025-06-05
18.4,95.7,Junta,myanmar_2025-06-05
18.4,95.8,PDF,myanmar_2025-06-05
18.4,95.9,PDF,myanmar_2025-06-05
18.4,96.0,PDF,myanmar_2025-06-05
18.4,96.1,PDF,myanmar_2025-06-05
18.4,96.2,PDF,myanmar_2025-06-05
18.4,96.3,PDF,myanmar_2025-06-05
18.4,96.4,PDF,myanmar_2025-06-05
18.4,96.5,PDF,myanmar_2025-06-05
18.4,96.6,Karen,myanmar_2025-06-05
18.4,96.7,Karen,myanmar_2025-06-05
18.4,96.8,Karen,myanmar_2025-06-05
18.4,96.9,Karen,myanmar_2025-06-05
18.4,97.0,Karen,myanmar_2025-06-05
18.4,97.1,Karen,myanmar_2025-06-05
18.4,97.2,Karen,myanmar_2025-06-05
18.4,97.3,Karen,myanmar_2025-06-05
18.4,97.4,Karen,myanmar_2025-06-05
18.4,97.5,Outside Myanmar,myanmar_2025-06-05
18.4,97.6,Outside Myanmar,myanmar_2025-06-05
18.4,97.7,Outside Myanmar,myanmar_2025-06-05
18.4,97.8,Outside Myanmar,myanmar_2025-06-05
18.4,97.9,Outside Myanmar,myanmar_2025-06-05
18.4,98.0,Outside Myanmar,myanmar_2025-06-05
18.4,98.1,Outside Myanmar,myanmar_2025-06-05
18.4,98.2,Outside Myanmar,myanmar_2025-06-05
18.4,98.3,Outside Myanmar,myanmar_2025-06-05
18.4,98.4,Outside Myanmar,myanmar_2025-06-05
18.4,98.5,Outside Myanmar,myanmar_2025-06-05
18.4,98.6,Outside Myanmar,myanmar_2025-06-05
18.4,98.7,Outside Myanmar,myanmar_2025-06-05
18.4,98.8,Outside Myanmar,myanmar_2025-06-05
18.4,98.9,Outside Myanmar,myanmar_2025-06-05
18.4,99.0,Outside Myanmar,myanmar_2025-06-05
18.4,99.1,Outside Myanmar,myanmar_2025-06-05
18.4,99.2,Outside Myanmar,myanmar_2025-06-05
18.4,99.3,Outside Myanmar,myanmar_2025-06-05
18.4,99.4,Outside Myanmar,myanmar_2025-06-05
18.4,99.5,Outside Myanmar,myanmar_2025-06-05
18.4,99.6,Outside Myanmar,myanmar_2025-06-05
18.4,99.7,Outside Myanmar,myanmar_2025-06-05
18.4,99.8,Outside Myanmar,myanmar_2025-06-05
18.4,99.9,Outside Myanmar,myanmar_2025-06-05
18.4,100.0,Outside Myanmar,myanmar_2025-06-05
18.4,100.1,Outside Myanmar,myanmar_2025-06-05
18.4,100.2,Outside Myanmar,myanmar_2025-06-05
18.4,100.3,Outside Myanmar,myanmar_2025-06-05
18.4,100.4,Outside Myanmar,myanmar_2025-06-05
18.4,100.5,Outside Myanmar,myanmar_2025-06-05
18.4,100.6,Outside Myanmar,myanmar_2025-06-05
18.4,100.7,Outside Myanmar,myanmar_2025-06-05
18.4,100.8,Outside Myanmar,myanmar_2025-06-05
18.4,100.9,Outside Myanmar,myanmar_2025-06-05
18.4,101.0,Outside Myanmar,myanmar_2025-06-05
18.4,101.1,Outside Myanmar,myanmar_2025-06-05
18.4,101.2,Outside Myanmar,myanmar_2025-06-05
18.4,101.3,Outside Myanmar,myanmar_2025-06-05
18.4,101.4,Outside Myanmar,myanmar_2025-06-05
18.5,92.0,Outside Myanmar,myanmar_2025-06-05
18.5,92.1,Outside Myanmar,myanmar_2025-06-05
18.5,92.2,Outside Myanmar,myanmar_2025-06-05
18.5,92.3,Outside Myanmar,myanmar_2025-06-05
18.5,92.4,Outside Myanmar,myanmar_2025-06-05
18.5,92.5,Outside Myanmar,myanmar_2025-06-05
18.5,92.6,Outside Myanmar,myanmar_2025-06-05
18.5,92.7,Outside Myanmar,myanmar_2025-06-05
18.5,92.8,Outside Myanmar,myanmar_2025-06-05
18.5,92.9,Outside Myanmar,myanmar_2025-06-05
18.5,93.0,Outside Myanmar,myanmar_2025-06-05
18.5,93.1,Outside Myanmar,myanmar_2025-06-05
18.5,93.2,Outside Myanmar,myanmar_2025-06-05
18.5,93.3,Outside Myanmar,myanmar_2025-06-05
18.5,93.4,Outside Myanmar,myanmar_2025-06-05
18.5,93.5,Outside Myanmar,myanmar_2025-06-05
18.5,93.6,Outside Myanmar,myanmar_2025-06-05
18.5,93.7,Outside Myanmar,myanmar_2025-06-05
18.5,93.8,Outside Myanmar,myanmar_2025-06-05
18.5,93.9,Outside Myanmar,myanmar_2025-06-05
18.5,94.0,Outside Myanmar,myanmar_2025-06-05
18.5,94.1,Outside Myanmar,myanmar_2025-06-05
18.5,94.2,Outside Myanmar,myanmar_2025-06-05
18.5,94.3,Junta,myanmar_2025-06-05
18.5,94.4,Junta,myanmar_2025-06-05
18.5,94.5,Junta,myanmar_2025-06-05
18.5,94.6,Junta,myanmar_2025-06-05
18.5,94.7,Junta,myanmar_2025-06-05
18.5,94.8,Junta,myanmar_2025-06-05
18.5,94.9,Junta,myanmar_2025-06-05
18.5,95.0,Junta,myanmar_2025-06-05
18.5,95.1,Junta,myanmar_2025-06-05
18.5,95.2,Junta,myanmar_2025-06-05
18.5,95.3,Junta,myanmar_2025-06-05
18.5,95.4,Junta,myanmar_2025-06-05
18.5,95.5,Junta,myanmar_2025-06-05
18.5,95.6,Junta,myanmar_2025-06-05
18.5,95.7,Junta,myanmar_2025-06-05
18.5,95.8,PDF,myanmar_2025-06-05
18.5,95.9,PDF,myanmar_2025-06-05
18.5,96.0,PDF,myanmar_2025-06-05
18.5,96.1,PDF,myanmar_2025-06-05
18.5,96.2,PDF,myanmar_2025-06-05
18.5,96.3,PDF,myanmar_2025-06-05
18.5,96.4,PDF,myanmar_2025-06-05
18.5,96.5,Junta,myanmar_2025-06-05
18.5,96.6,Karen,myanmar_2025-06-05
18.5,96.7,Karen,myanmar_2025-06-05
18.5,96.8,Karen,myanmar_2025-06-05
18.5,96.9,Karen,myanmar_2025-06-05
18.5,97.0,Karen,myanmar_2025-06-05
18.5,97.1,Karen,myanmar_2025-06-05
18.5,97.2,Karen,myanmar_2025-06-05
18.5,97.3,Karen,myanmar_2025-06-05
18.5,97.4,Outside Myanmar,myanmar_2025-06-05
18.5,97.5,Junta,myanmar_2025-06-05
18.5,97.6,Outside Myanmar,myanmar_2025-06-05
18.5,97.7,Outside Myanmar,myanmar_2025-06-05
18.5,97.8,Outside Myanmar,myanmar_2025-06-05
18.5,97.9,Outside Myanmar,myanmar_2025-06-05
18.5,98.0,Outside Myanmar,myanmar_2025-06-05
18.5,98.1,Outside Myanmar,myanmar_2025-06-05
18.5,98.2,Outside Myanmar,myanmar_2025-06-05
18.5,98.3,Outside Myanmar,myanmar_2025-06-05
18.5,98.4,Outside Myanmar,myanmar_2025-06-05
18.5,98.5,Outside Myanmar,myanmar_2025-06-05
18.5,98.6,Outside Myanmar,myanmar_2025-06-05
18.5,98.7,Outside Myanmar,myanmar_2025-06-05
18.5,98.8,Outside Myanmar,myanmar_2025-06-05
18.5,98.9,Outside Myanmar,myanmar_2025-06-05
18.5,99.0,Outside Myanmar,myanmar_2025-06-05
18.5,99.1,Outside Myanmar,myanmar_2025-06-05
18.5,99.2,Outside Myanmar,myanmar_2025-06-05
18.5,99.3,Outside Myanmar,myanmar_2025-06-05
18.5,99.4,Outside Myanmar,myanmar_2025-06-05
18.5,99.5,Outside Myanmar,myanmar_2025-06-05
18.5,99.6,Outside Myanmar,myanmar_2025-06-05
18.5,99.7,Outside Myanmar,myanmar_2025-06-05
18.5,99.8,Outside Myanmar,myanmar_2025-06-05
18.5,99.9,Outside Myanmar,myanmar_2025-06-05
18.5,100.0,Outside Myanmar,myanmar_2025-06-05
18.5,100.1,Outside Myanmar,myanmar_2025-06-05
18.5,100.2,Outside Myanmar,myanmar_2025-06-05
18.5,100.3,Outside Myanmar,myanmar_2025-06-05
18.5,100.4,Outside Myanmar,myanmar_2025-06-05
18.5,100.5,Outside Myanmar,myanmar_2025-06-05
18.5,100.6,Outside Myanmar,myanmar_2025-06-05
18.5,100.7,Outside Myanmar,myanmar_2025-06-05
18.5,100.8,Outside Myanmar,myanmar_2025-06-05
18.5,100.9,Outside Myanmar,myanmar_2025-06-05
18.5,101.0,Outside Myanmar,myanmar_2025-06-05
18.5,101.1,Outside Myanmar,myanmar_2025-06-05
18.5,101.2,Outside Myanmar,myanmar_2025-06-05
18.5,101.3,Outside Myanmar,myanmar_2025-06-05
18.5,101.4,Outside Myanmar,myanmar_2025-06-05
18.6,92.0,Outside Myanmar,myanmar_2025-06-05
18.6,92.1,Outside Myanmar,myanmar_2025-06-05
18.6,92.2,Outside Myanmar,myanmar_2025-06-05
18.6,92.3,Outside Myanmar,myanmar_2025-06-05
18.6,92.4,Outside Myanmar,myanmar_2025-06-05
18.6,92.5,Outside Myanmar,myanmar_2025-06-05
18.6,92.6,Outside Myanmar,myanmar_2025-06-05
18.6,92.7,Outside Myanmar,myanmar_2025-06-05
18.6,92.8,Outside Myanmar,myanmar_2025-06-05
18.6,92.9,Outside Myanmar,myanmar_2025-06-05
18.6,93.0,Outside Myanmar,myanmar_2025-06-05
18.6,93.1,Outside Myanmar,myanmar_2025-06-05
18.6,93.2,Outside Myanmar,myanmar_2025-06-05
18.6,93.3,Outside Myanmar,myanmar_2025-06-05
18.6,93.4,Outside Myanmar,myanmar_2025-06-05
18.6,93.5,Outside Myanmar,myanmar_2025-06-05
18.6,93.6,Outside Myanmar,myanmar_2025-06-05
18.6,93.7,Outside Myanmar,myanmar_2025-06-05
18.6,93.8,Outside Myanmar,myanmar_2025-06-05
18.6,93.9,Outside Myanmar,myanmar_2025-06-05
18.6,94.0,Outside Myanmar,myanmar_2025-06-05
18.6,94.1,Outside Myanmar,myanmar_2025-06-05
18.6,94.2,Outside Myanmar,myanmar_2025-06-05
18.6,94.3,Junta,myanmar_2025-06-05
18.6,94.4,Junta,myanmar_2025-06-05
18.6,94.5,Junta,myanmar_2025-06-05
18.6,94.6,Junta,myanmar_2025-06-05
18.6,94.7,Junta,myanmar_2025-06-05
18.6,94.8,Junta,myanmar_2025-06-05
18.6,94.9,Junta,myanmar_2025-06-05
18.6,95.0,Junta,myanmar_2025-06-05
18.6,95.1,Junta,myanmar_2025-06-05
18.6,95.2,Junta,myanmar_2025-06-05
18.6,95.3,Junta,myanmar_2025-06-05
18.6,95.4,Junta,myanmar_2025-06-05
18.6,95.5,Junta,myanmar_2025-06-05
18.6,95.6,Junta,myanmar_2025-06-05
18.6,95.7,Junta,myanmar_2025-06-05
18.6,95.8,PDF,myanmar_2025-06-05
18.6,95.9,PDF,myanmar_2025-06-05
18.6,96.0,PDF,myanmar_2025-06-05
18.6,96.1,PDF,myanmar_2025-06-05
18.6,96.2,PDF,myanmar_2025-06-05
18.6,96.3,PDF,myanmar_2025-06-05
18.6,96.4,PDF,myanmar_2025-06-05
18.6,96.5,Junta,myanmar_2025-06-05
18.6,96.6,Karen,myanmar_2025-06-05
18.6,96.7,Karen,myanmar_2025-06-05
18.6,96.8,Karen,myanmar_2025-06-05
18.6,96.9,Karen,myanmar_2025-06-05
18.6,97.0,Karen,myanmar_2025-06-05
18.6,97.1,Karen,myanmar_2025-06-05
18.6,97.2,Karen,myanmar_2025-06-05
18.6,97.3,Karen,myanmar_2025-06-05
18.6,97.4,Karenni,myanmar_2025-06-05
18.6,97.5,Karenni,myanmar_2025-06-05
18.6,97.6,Junta,myanmar_2025-06-05
18.6,97.7,Junta,myanmar_2025-06-05
18.6,97.8,Outside Myanmar,myanmar_2025-06-05
18.6,97.9,Outside Myanmar,myanmar_2025-06-05
18.6,98.0,Outside Myanmar,myanmar_2025-06-05
18.6,98.1,Outside Myanmar,myanmar_2025-06-05
18.6,98.2,Outside Myanmar,myanmar_2025-06-05
18.6,98.3,Outside Myanmar,myanmar_2025-06-05
18.6,98.4,Outside Myanmar,myanmar_2025-06-05
18.6,98.5,Outside Myanmar,myanmar_2025-06-05
18.6,98.6,Outside Myanmar,myanmar_2025-06-05
18.6,98.7,Outside Myanmar,myanmar_2025-06-05
18.6,98.8,Outside Myanmar,myanmar_2025-06-05
18.6,98.9,Outside Myanmar,myanmar_2025-06-05
18.6,99.0,Outside Myanmar,myanmar_2025-06-05
18.6,99.1,Outside Myanmar,myanmar_2025-06-05
18.6,99.2,Outside Myanmar,myanmar_2025-06-05
18.6,99.3,Outside Myanmar,myanmar_2025-06-05
18.6,99.4,Outside Myanmar,myanmar_2025-06-05
18.6,99.5,Outside Myanmar,myanmar_2025-06-05
18.6,99.6,Outside Myanmar,myanmar_2025-06-05
18.6,99.7,Outside Myanmar,myanmar_2025-06-05
18.6,99.8,Outside Myanmar,myanmar_2025-06-05
18.6,99.9,Outside Myanmar,myanmar_2025-06-05
18.6,100.0,Outside Myanmar,myanmar_2025-06-05
18.6,100.1,Outside Myanmar,myanmar_2025-06-05
18.6,100.2,Outside Myanmar,myanmar_2025-06-05
18.6,100.3,Outside Myanmar,myanmar_2025-06-05
18.6,100.4,Outside Myanmar,myanmar_2025-06-05
18.6,100.5,Outside Myanmar,myanmar_2025-06-05
18.6,100.6,Outside Myanmar,myanmar_2025-06-05
18.6,100.7,Outside Myanmar,myanmar_2025-06-05
18.6,100.8,Outside Myanmar,myanmar_2025-06-05
18.6,100.9,Outside Myanmar,myanmar_2025-06-05
18.6,101.0,Outside Myanmar,myanmar_2025-06-05
18.6,101.1,Outside Myanmar,myanmar_2025-06-05
18.6,101.2,Outside Myanmar,myanmar_2025-06-05
18.6,101.3,Outside Myanmar,myanmar_2025-06-05
18.6,101.4,Outside Myanmar,myanmar_2025-06-05
18.7,92.0,Outside Myanmar,myanmar_2025-06-05
18.7,92.1,Outside Myanmar,myanmar_2025-06-05
18.7,92.2,Outside Myanmar,myanmar_2025-06-05
18.7,92.3,Outside Myanmar,myanmar_2025-06-05
18.7,92.4,Outside Myanmar,myanmar_2025-06-05
18.7,92.5,Outside Myanmar,myanmar_2025-06-05
18.7,92.6,Outside Myanmar,myanmar_2025-06-05
18.7,92.7,Outside Myanmar,myanmar_2025-06-05
18.7,92.8,Outside Myanmar,myanmar_2025-06-05
18.7,92.9,Outside Myanmar,myanmar_2025-06-05
18.7,93.0,Outside Myanmar,myanmar_2025-06-05
18.7,93.1,Outside Myanmar,myanmar_2025-06-05
18.7,93.2,Outside Myanmar,myanmar_2025-06-05
18.7,93.3,Outside Myanmar,myanmar_2025-06-05
18.7,93.4,Outside Myanmar,myanmar_2025-06-05
18.7,93.5,Outside Myanmar,myanmar_2025-06-05
18.7,93.6,Outside Myanmar,myanmar_2025-06-05
18.7,93.7,Junta,myanmar_2025-06-05
18.7,93.8,Outside Myanmar,myanmar_2025-06-05
18.7,93.9,Outside Myanmar,myanmar_2025-06-05
18.7,94.0,Outside Myanmar,myanmar_2025-06-05
18.7,94.1,Outside Myanmar,myanmar_2025-06-05
18.7,94.2,Junta,myanmar_2025-06-05
18.7,94.3,Junta,myanmar_2025-06-05
18.7,94.4,Junta,myanmar_2025-06-05
18.7,94.5,Junta,myanmar_2025-06-05
18.7,94.6,Junta,myanmar_2025-06-05
18.7,94.7,Junta,myanmar_2025-06-05
18.7,94.8,Junta,myanmar_2025-06-05
18.7,94.9,Junta,myanmar_2025-06-05
18.7,95.0,Junta,myanmar_2025-06-05
18.7,95.1,Junta,myanmar_2025-06-05
18.7,95.2,Junta,myanmar_2025-06-05
18.7,95.3,Junta,myanmar_2025-06-05
18.7,95.4,Junta,myanmar_2025-06-05
18.7,95.5,Junta,myanmar_2025-06-05
18.7,95.6,PDF,myanmar_2025-06-05
18.7,95.7,PDF,myanmar_2025-06-05
18.7,95.8,PDF,myanmar_2025-06-05
18.7,95.9,PDF,myanmar_2025-06-05
18.7,96.0,PDF,myanmar_2025-06-05
18.7,96.1,PDF,myanmar_2025-06-05
18.7,96.2,PDF,myanmar_2025-06-05
18.7,96.3,PDF,myanmar_2025-06-05
18.7,96.4,Junta,myanmar_2025-06-05
18.7,96.5,Junta,myanmar_2025-06-05
18.7,96.6,Karen,myanmar_2025-06-05
18.7,96.7,Karen,myanmar_2025-06-05
18.7,96.8,Karen,myanmar_2025-06-05
18.7,96.9,Karen,myanmar_2025-06-05
18.7,97.0,Karen,myanmar_2025-06-05
18.7,97.1,Karen,myanmar_2025-06-05
18.7,97.2,Karenni,myanmar_2025-06-05
18.7,97.3,Karenni,myanmar_2025-06-05
18.7,97.4,Karenni,myanmar_2025-06-05
18.7,97.5,Karenni,myanmar_2025-06-05
18.7,97.6,Karenni,myanmar_2025-06-05
18.7,97.7,Junta,myanmar_2025-06-05
18.7,97.8,Outside Myanmar,myanmar_2025-06-05
18.7,97.9,Outside Myanmar,myanmar_2025-06-05
18.7,98.0,Outside Myanmar,myanmar_2025-06-05
18.7,98.1,Outside Myanmar,myanmar_2025-06-05
18.7,98.2,Outside Myanmar,myanmar_2025-06-05
18.7,98.3,Outside Myanmar,myanmar_2025-06-05
18.7,98.4,Outside Myanmar,myanmar_2025-06-05
18.7,98.5,Outside Myanmar,myanmar_2025-06-05
18.7,98.6,Outside Myanmar,myanmar_2025-06-05
18.7,98.7,Outside Myanmar,myanmar_2025-06-05
18.7,98.8,Outside Myanmar,myanmar_2025-06-05
18.7,98.9,Outside Myanmar,myanmar_2025-06-05
18.7,99.0,Outside Myanmar,myanmar_2025-06-05
18.7,99.1,Outside Myanmar,myanmar_2025-06-05
18.7,99.2,Outside Myanmar,myanmar_2025-06-05
18.7,99.3,Outside Myanmar,myanmar_2025-06-05
18.7,99.4,Outside Myanmar,myanmar_2025-06-05
18.7,99.5,Outside Myanmar,myanmar_2025-06-05
18.7,99.6,Outside Myanmar,myanmar_2025-06-05
18.7,99.7,Outside Myanmar,myanmar_2025-06-05
18.7,99.8,Outside Myanmar,myanmar_2025-06-05
18.7,99.9,Outside Myanmar,myanmar_2025-06-05
18.7,100.0,Outside Myanmar,myanmar_2025-06-05
18.7,100.1,Outside Myanmar,myanmar_2025-06-05
18.7,100.2,Outside Myanmar,myanmar_2025-06-05
18.7,100.3,Outside Myanmar,myanmar_2025-06-05
18.7,100.4,Outside Myanmar,myanmar_2025-06-05
18.7,100.5,Outside Myanmar,myanmar_2025-06-05
18.7,100.6,Outside Myanmar,myanmar_2025-06-05
18.7,100.7,Outside Myanmar,myanmar_2025-06-05
18.7,100.8,Outside Myanmar,myanmar_2025-06-05
18.7,100.9,Outside Myanmar,myanmar_2025-06-05
18.7,101.0,Outside Myanmar,myanmar_2025-06-05
18.7,101.1,Outside Myanmar,myanmar_2025-06-05
18.7,101.2,Outside Myanmar,myanmar_2025-06-05
18.7,101.3,Outside Myanmar,myanmar_2025-06-05
18.7,101.4,Outside Myanmar,myanmar_2025-06-05
18.8,92.0,Outside Myanmar,myanmar_2025-06-05
18.8,92.1,Outside Myanmar,myanmar_2025-06-05
18.8,92.2,Outside Myanmar,myanmar_2025-06-05
18.8,92.3,Outside Myanmar,myanmar_2025-06-05
18.8,92.4,Outside Myanmar,myanmar_2025-06-05
18.8,92.5,Outside Myanmar,myanmar_2025-06-05
18.8,92.6,Outside Myanmar,myanmar_2025-06-05
18.8,92.7,Outside Myanmar,myanmar_2025-06-05
18.8,92.8,Outside Myanmar,myanmar_2025-06-05
18.8,92.9,Outside Myanmar,myanmar_2025-06-05
18.8,93.0,Outside Myanmar,myanmar_2025-06-05
18.8,93.1,Outside Myanmar,myanmar_2025-06-05
18.8,93.2,Outside Myanmar,myanmar_2025-06-05
18.8,93.3,Outside Myanmar,myanmar_2025-06-05
18.8,93.4,Outside Myanmar,myanmar_2025-06-05
18.8,93.5,Outside Myanmar,myanmar_2025-06-05
18.8,93.6,Junta,myanmar_2025-06-05
18.8,93.7,Junta,myanmar_2025-06-05
18.8,93.8,Outside Myanmar,myanmar_2025-06-05
18.8,93.9,Outside Myanmar,myanmar_2025-06-05
18.8,94.0,Outside Myanmar,myanmar_2025-06-05
18.8,94.1,Outside Myanmar,myanmar_2025-06-05
18.8,94.2,Junta,myanmar_2025-06-05
18.8,94.3,Junta,myanmar_2025-06-05
18.8,94.4,Junta,myanmar_2025-06-05
18.8,94.5,Junta,myanmar_2025-06-05
18.8,94.6,Junta,myanmar_2025-06-05
18.8,94.7,Junta,myanmar_2025-06-05
18.8,94.8,Junta,myanmar_2025-06-05
18.8,94.9,Junta,myanmar_2025-06-05
18.8,95.0,Junta,myanmar_2025-06-05
18.8,95.1,Junta,myanmar_2025-06-05
18.8,95.2,Junta,myanmar_2025-06-05
18.8,95.3,Junta,myanmar_2025-06-05
18.8,95.4,Junta,myanmar_2025-06-05
18.8,95.5,Junta,myanmar_2025-06-05
18.8,95.6,PDF,myanmar_2025-06-05
18.8,95.7,PDF,myanmar_2025-06-05
18.8,95.8,PDF,myanmar_2025-06-05
18.8,95.9,PDF,myanmar_2025-06-05
18.8,96.0,PDF,myanmar_2025-06-05
18.8,96.1,PDF,myanmar_2025-06-05
18.8,96.2,PDF,myanmar_2025-06-05
18.8,96.3,Junta,myanmar_2025-06-05
18.8,96.4,Junta,myanmar_2025-06-05
18.8,96.5,Junta,myanmar_2025-06-05
18.8,96.6,Karen,myanmar_2025-06-05
18.8,96.7,Karen,myanmar_2025-06-05
18.8,96.8,Karen,myanmar_2025-06-05
18.8,96.9,Karen,myanmar_2025-06-05
18.8,97.0,Karen,myanmar_2025-06-05
18.8,97.1,Karenni,myanmar_2025-06-05
18.8,97.2,Karenni,myanmar_2025-06-05
18.8,97.3,Karenni,myanmar_2025-06-05
18.8,97.4,Karenni,myanmar_2025-06-05
18.8,97.5,Karenni,myanmar_2025-06-05
18.8,97.6,Karenni,myanmar_2025-06-05
18.8,97.7,Karenni,myanmar_2025-06-05
18.8,97.8,Outside Myanmar,myanmar_2025-06-05
18.8,97.9,Outside Myanmar,myanmar_2025-06-05
18.8,98.0,Outside Myanmar,myanmar_2025-06-05
18.8,98.1,Outside Myanmar,myanmar_2025-06-05
18.8,98.2,Outside Myanmar,myanmar_2025-06-05
18.8,98.3,Outside Myanmar,myanmar_2025-06-05
18.8,98.4,Outside Myanmar,myanmar_2025-06-05
18.8,98.5,Outside Myanmar,myanmar_2025-06-05
18.8,98.6,Outside Myanmar,myanmar_2025-06-05
18.8,98.7,Outside Myanmar,myanmar_2025-06-05
18.8,98.8,Outside Myanmar,myanmar_2025-06-05
18.8,98.9,Outside Myanmar,myanmar_2025-06-05
18.8,99.0,Outside Myanmar,myanmar_2025-06-05
18.8,99.1,Outside Myanmar,myanmar_2025-06-05
18.8,99.2,Outside Myanmar,myanmar_2025-06-05
18.8,99.3,Outside Myanmar,myanmar_2025-06-05
18.8,99.4,Outside Myanmar,myanmar_2025-06-05
18.8,99.5,Outside Myanmar,myanmar_2025-06-05
18.8,99.6,Outside Myanmar,myanmar_2025-06-05
18.8,99.7,Outside Myanmar,myanmar_2025-06-05
18.8,99.8,Outside Myanmar,myanmar_2025-06-05
18.8,99.9,Outside Myanmar,myanmar_2025-06-05
18.8,100.0,Outside Myanmar,myanmar_2025-06-05
18.8,100.1,Outside Myanmar,myanmar_2025-06-05
18.8,100.2,Outside Myanmar,myanmar_2025-06-05
18.8,100.3,Outside Myanmar,myanmar_2025-06-05
18.8,100.4,Outside Myanmar,myanmar_2025-06-05
18.8,100.5,Outside Myanmar,myanmar_2025-06-05
18.8,100.6,Outside Myanmar,myanmar_2025-06-05
18.8,100.7,Outside Myanmar,myanmar_2025-06-05
18.8,100.8,Outside Myanmar,myanmar_2025-06-05
18.8,100.9,Outside Myanmar,myanmar_2025-06-05
18.8,101.0,Outside Myanmar,myanmar_2025-06-05
18.8,101.1,Outside Myanmar,myanmar_2025-06-05
18.8,101.2,Outside Myanmar,myanmar_2025-06-05
18.8,101.3,Outside Myanmar,myanmar_2025-06-05
18.8,101.4,Outside Myanmar,myanmar_2025-06-05
18.9,92.0,Outside Myanmar,myanmar_2025-06-05
18.9,92.1,Outside Myanmar,myanmar_2025-06-05
18.9,92.2,Outside Myanmar,myanmar_2025-06-05
18.9,92.3,Outside Myanmar,myanmar_2025-06-05
18.9,92.4,Outside Myanmar,myanmar_2025-06-05
18.9,92.5,Outside Myanmar,myanmar_2025-06-05
18.9,92.6,Outside Myanmar,myanmar_2025-06-05
18.9,92.7,Outside Myanmar,myanmar_2025-06-05
18.9,92.8,Outside Myanmar,myanmar_2025-06-05
18.9,92.9,Outside Myanmar,myanmar_2025-06-05
18.9,93.0,Outside Myanmar,myanmar_2025-06-05
18.9,93.1,Outside Myanmar,myanmar_2025-06-05
18.9,93.2,Outside Myanmar,myanmar_2025-06-05
18.9,93.3,Outside Myanmar,myanmar_2025-06-05
18.9,93.4,Outside Myanmar,myanmar_2025-06-05
18.9,93.5,Outside Myanmar,myanmar_2025-06-05
18.9,93.6,Outside Myanmar,myanmar_2025-06-05
18.9,93.7,Outside Myanmar,myanmar_2025-06-05
18.9,93.8,Outside Myanmar,myanmar_2025-06-05
18.9,93.9,Outside Myanmar,myanmar_2025-06-05
18.9,94.0,Outside Myanmar,myanmar_2025-06-05
18.9,94.1,Junta,myanmar_2025-06-05
18.9,94.2,Junta,myanmar_2025-06-05
18.9,94.3,Junta,myanmar_2025-06-05
18.9,94.4,Junta,myanmar_2025-06-05
18.9,94.5,Junta,myanmar_2025-06-05
18.9,94.6,Junta,myanmar_2025-06-05
18.9,94.7,Junta,myanmar_2025-06-05
18.9,94.8,Junta,myanmar_2025-06-05
18.9,94.9,Junta,myanmar_2025-06-05
18.9,95.0,Junta,myanmar_2025-06-05
18.9,95.1,Junta,myanmar_2025-06-05
18.9,95.2,Junta,myanmar_2025-06-05
18.9,95.3,Junta,myanmar_2025-06-05
18.9,95.4,Junta,myanmar_2025-06-05
18.9,95.5,Junta,myanmar_2025-06-05
18.9,95.6,PDF,myanmar_2025-06-05
18.9,95.7,PDF,myanmar_2025-06-05
18.9,95.8,PDF,myanmar_2025-06-05
18.9,95.9,PDF,myanmar_2025-06-05
18.9,96.0,PDF,myanmar_2025-06-05
18.9,96.1,PDF,myanmar_2025-06-05
18.9,96.2,PDF,myanmar_2025-06-05
18.9,96.3,Junta,myanmar_2025-06-05
18.9,96.4,Junta,myanmar_2025-06-05
18.9,96.5,Junta,myanmar_2025-06-05
18.9,96.6,Karen,myanmar_2025-06-05
18.9,96.7,Karen,myanmar_2025-06-05
18.9,96.8,Karen,myanmar_2025-06-05
18.9,96.9,Karen,myanmar_2025-06-05
18.9,97.0,Karen,myanmar_2025-06-05
18.9,97.1,Karenni,myanmar_2025-06-05
18.9,97.2,Karenni,myanmar_2025-06-05
18.9,97.3,Karenni,myanmar_2025-06-05
18.9,97.4,Karenni,myanmar_2025-06-05
18.9,97.5,Karenni,myanmar_2025-06-05
18.9,97.6,Karenni,myanmar_2025-06-05
18.9,97.7,Karenni,myanmar_2025-06-05
18.9,97.8,Outside Myanmar,myanmar_2025-06-05
18.9,97.9,Outside Myanmar,myanmar_2025-06-05
18.9,98.0,Outside Myanmar,myanmar_2025-06-05
18.9,98.1,Outside Myanmar,myanmar_2025-06-05
18.9,98.2,Outside Myanmar,myanmar_2025-06-05
18.9,98.3,Outside Myanmar,myanmar_2025-06-05
18.9,98.4,Outside Myanmar,myanmar_2025-06-05
18.9,98.5,Outside Myanmar,myanmar_2025-06-05
18.9,98.6,Outside Myanmar,myanmar_2025-06-05
18.9,98.7,Outside Myanmar,myanmar_2025-06-05
18.9,98.8,Outside Myanmar,myanmar_2025-06-05
18.9,98.9,Outside Myanmar,myanmar_2025-06-05
18.9,99.0,Outside Myanmar,myanmar_2025-06-05
18.9,99.1,Outside Myanmar,myanmar_2025-06-05
18.9,99.2,Outside Myanmar,myanmar_2025-06-05
18.9,99.3,Outside Myanmar,myanmar_2025-06-05
18.9,99.4,Outside Myanmar,myanmar_2025-06-05
18.9,99.5,Outside Myanmar,myanmar_2025-06-05
18.9,99.6,Outside Myanmar,myanmar_2025-06-05
18.9,99.7,Outside Myanmar,myanmar_2025-06-05
18.9,99.8,Outside Myanmar,myanmar_2025-06-05
18.9,99.9,Outside Myanmar,myanmar_2025-06-05
18.9,100.0,Outside Myanmar,myanmar_2025-06-05
18.9,100.1,Outside Myanmar,myanmar_2025-06-05
18.9,100.2,Outside Myanmar,myanmar_2025-06-05
18.9,100.3,Outside Myanmar,myanmar_2025-06-05
18.9,100.4,Outside Myanmar,myanmar_2025-06-05
18.9,100.5,Outside Myanmar,myanmar_2025-06-05
18.9,100.6,Outside Myanmar,myanmar_2025-06-05
18.9,100.7,Outside Myanmar,myanmar_2025-06-05
18.9,100.8,Outside Myanmar,myanmar_2025-06-05
18.9,100.9,Outside Myanmar,myanmar_2025-06-05
18.9,101.0,Outside Myanmar,myanmar_2025-06-05
18.9,101.1,Outside Myanmar,myanmar_2025-06-05
18.9,101.2,Outside Myanmar,myanmar_2025-06-05
18.9,101.3,Outside Myanmar,myanmar_2025-06-05
18.9,101.4,Outside Myanmar,myanmar_2025-06-05
19.0,92.0,Outside Myanmar,myanmar_2025-06-05
19.0,92.1,Outside Myanmar,myanmar_2025-06-05
19.0,92.2,Outside Myanmar,myanmar_2025-06-05
19.0,92.3,Outside Myanmar,myanmar_2025-06-05
19.0,92.4,Outside Myanmar,myanmar_2025-06-05
19.0,92.5,Outside Myanmar,myanmar_2025-06-05
19.0,92.6,Outside Myanmar,myanmar_2025-06-05
19.0,92.7,Outside Myanmar,myanmar_2025-06-05
19.0,92.8,Outside Myanmar,myanmar_2025-06-05
19.0,92.9,Outside Myanmar,myanmar_2025-06-05
19.0,93.0,Outside Myanmar,myanmar_2025-06-05
19.0,93.1,Outside Myanmar,myanmar_2025-06-05
19.0,93.2,Outside Myanmar,myanmar_2025-06-05
19.0,93.3,Outside Myanmar,myanmar_2025-06-05
19.0,93.4,Outside Myanmar,myanmar_2025-06-05
19.0,93.5,Outside Myanmar,myanmar_2025-06-05
19.0,93.6,Outside Myanmar,myanmar_2025-06-05
19.0,93.7,Outside Myanmar,myanmar_2025-06-05
19.0,93.8,Junta,myanmar_2025-06-05
19.0,93.9,Junta,myanmar_2025-06-05
19.0,94.0,Outside Myanmar,myanmar_2025-06-05
19.0,94.1,Junta,myanmar_2025-06-05
19.0,94.2,Junta,myanmar_2025-06-05
19.0,94.3,Junta,myanmar_2025-06-05
19.0,94.4,Junta,myanmar_2025-06-05
19.0,94.5,Junta,myanmar_2025-06-05
19.0,94.6,Junta,myanmar_2025-06-05
19.0,94.7,Junta,myanmar_2025-06-05
19.0,94.8,Junta,myanmar_2025-06-05
19.0,94.9,Junta,myanmar_2025-06-05
19.0,95.0,Junta,myanmar_2025-06-05
19.0,95.1,Junta,myanmar_2025-06-05
19.0,95.2,Junta,myanmar_2025-06-05
19.0,95.3,Junta,myanmar_2025-06-05
19.0,95.4,Junta,myanmar_2025-06-05
19.0,95.5,Junta,myanmar_2025-06-05
19.0,95.6,Junta,myanmar_2025-06-05
19.0,95.7,PDF,myanmar_2025-06-05
19.0,95.8,PDF,myanmar_2025-06-05
19.0,95.9,PDF,myanmar_2025-06-05
19.0,96.0,PDF,myanmar_2025-06-05
19.0,96.1,PDF,myanmar_2025-06-05
19.0,96.2,Junta,myanmar_2025-06-05
19.0,96.3,Junta,myanmar_2025-06-05
19.0,96.4,Junta,myanmar_2025-06-05
19.0,96.5,Junta,myanmar_2025-06-05
19.0,96.6,Karen,myanmar_2025-06-05
19.0,96.7,Karen,myanmar_2025-06-05
19.0,96.8,Karen,myanmar_2025-06-05
19.0,96.9,Karen,myanmar_2025-06-05
19.0,97.0,Karenni,myanmar_2025-06-05
19.0,97.1,Karenni,myanmar_2025-06-05
19.0,97.2,Karenni,myanmar_2025-06-05
19.0,97.3,Karenni,myanmar_2025-06-05
19.0,97.4,Karenni,myanmar_2025-06-05
19.0,97.5,Karenni,myanmar_2025-06-05
19.0,97.6,Karenni,myanmar_2025-06-05
19.0,97.7,Karenni,myanmar_2025-06-05
19.0,97.8,Outside Myanmar,myanmar_2025-06-05
19.0,97.9,Outside Myanmar,myanmar_2025-06-05
19.0,98.0,Outside Myanmar,myanmar_2025-06-05
19.0,98.1,Outside Myanmar,myanmar_2025-06-05
19.0,98.2,Outside Myanmar,myanmar_2025-06-05
19.0,98.3,Outside Myanmar,myanmar_2025-06-05
19.0,98.4,Outside Myanmar,myanmar_2025-06-05
19.0,98.5,Outside Myanmar,myanmar_2025-06-05
19.0,98.6,Outside Myanmar,myanmar_2025-06-05
19.0,98.7,Outside Myanmar,myanmar_2025-06-05
19.0,98.8,Outside Myanmar,myanmar_2025-06-05
19.0,98.9,Outside Myanmar,myanmar_2025-06-05
19.0,99.0,Outside Myanmar,myanmar_2025-06-05
19.0,99.1,Outside Myanmar,myanmar_2025-06-05
19.0,99.2,Outside Myanmar,myanmar_2025-06-05
19.0,99.3,Outside Myanmar,myanmar_2025-06-05
19.0,99.4,Outside Myanmar,myanmar_2025-06-05
19.0,99.5,Outside Myanmar,myanmar_2025-06-05
19.0,99.6,Outside Myanmar,myanmar_2025-06-05
19.0,99.7,Outside Myanmar,myanmar_2025-06-05
19.0,99.8,Outside Myanmar,myanmar_2025-06-05
19.0,99.9,Outside Myanmar,myanmar_2025-06-05
19.0,100.0,Outside Myanmar,myanmar_2025-06-05
19.0,100.1,Outside Myanmar,myanmar_2025-06-05
19.0,100.2,Outside Myanmar,myanmar_2025-06-05
19.0,100.3,Outside Myanmar,myanmar_2025-06-05
19.0,100.4,Outside Myanmar,myanmar_2025-06-05
19.0,100.5,Outside Myanmar,myanmar_2025-06-05
19.0,100.6,Outside Myanmar,myanmar_2025-06-05
19.0,100.7,Outside Myanmar,myanmar_2025-06-05
19.0,100.8,Outside Myanmar,myanmar_2025-06-05
19.0,100.9,Outside Myanmar,myanmar_2025-06-05
19.0,101.0,Outside Myanmar,myanmar_2025-06-05
19.0,101.1,Outside Myanmar,myanmar_2025-06-05
19.0,101.2,Outside Myanmar,myanmar_2025-06-05
19.0,101.3,Outside Myanmar,myanmar_2025-06-05
19.0,101.4,Outside Myanmar,myanmar_2025-06-05
19.1,92.0,Outside Myanmar,myanmar_2025-06-05
19.1,92.1,Outside Myanmar,myanmar_2025-06-05
19.1,92.2,Outside Myanmar,myanmar_2025-06-05
19.1,92.3,Outside Myanmar,myanmar_2025-06-05
19.1,92.4,Outside Myanmar,myanmar_2025-06-05
19.1,92.5,Outside Myanmar,myanmar_2025-06-05
19.1,92.6,Outside Myanmar,myanmar_2025-06-05
19.1,92.7,Outside Myanmar,myanmar_2025-06-05
19.1,92.8,Outside Myanmar,myanmar_2025-06-05
19.1,92.9,Outside Myanmar,myanmar_2025-06-05
19.1,93.0,Outside Myanmar,myanmar_2025-06-05
19.1,93.1,Outside Myanmar,myanmar_2025-06-05
19.1,93.2,Outside Myanmar,myanmar_2025-06-05
19.1,93.3,Outside Myanmar,myanmar_2025-06-05
19.1,93.4,Outside Myanmar,myanmar_2025-06-05
19.1,93.5,Outside Myanmar,myanmar_2025-06-05
19.1,93.6,Outside Myanmar,myanmar_2025-06-05
19.1,93.7,Junta,myanmar_2025-06-05
19.1,93.8,Junta,myanmar_2025-06-05
19.1,93.9,Junta,myanmar_2025-06-05
19.1,94.0,Outside Myanmar,myanmar_2025-06-05
19.1,94.1,Junta,myanmar_2025-06-05
19.1,94.2,Junta,myanmar_2025-06-05
19.1,94.3,Junta,myanmar_2025-06-05
19.1,94.4,Junta,myanmar_2025-06-05
19.1,94.5,Junta,myanmar_2025-06-05
19.1,94.6,PDF,myanmar_2025-06-05
19.1,94.7,Junta,myanmar_2025-06-05
19.1,94.8,Junta,myanmar_2025-06-05
19.1,94.9,Junta,myanmar_2025-06-05
19.1,95.0,Junta,myanmar_2025-06-05
19.1,95.1,Junta,myanmar_2025-06-05
19.1,95.2,Junta,myanmar_2025-06-05
19.1,95.3,Junta,myanmar_2025-06-05
19.1,95.4,Junta,myanmar_2025-06-05
19.1,95.5,Junta,myanmar_2025-06-05
19.1,95.6,Junta,myanmar_2025-06-05
19.1,95.7,Junta,myanmar_2025-06-05
19.1,95.8,PDF,myanmar_2025-06-05
19.1,95.9,PDF,myanmar_2025-06-05
19.1,96.0,PDF,myanmar_2025-06-05
19.1,96.1,Junta,myanmar_2025-06-05
19.1,96.2,Junta,myanmar_2025-06-05
19.1,96.3,Junta,myanmar_2025-06-05
19.1,96.4,Junta,myanmar_2025-06-05
19.1,96.5,Junta,myanmar_2025-06-05
19.1,96.6,Karen,myanmar_2025-06-05
19.1,96.7,Karen,myanmar_2025-06-05
19.1,96.8,Karen,myanmar_2025-06-05
19.1,96.9,Karen,myanmar_2025-06-05
19.1,97.0,Karenni,myanmar_2025-06-05
19.1,97.1,Karenni,myanmar_2025-06-05
19.1,97.2,Karenni,myanmar_2025-06-05
19.1,97.3,Karenni,myanmar_2025-06-05
19.1,97.4,Karenni,myanmar_2025-06-05
19.1,97.5,Karenni,myanmar_2025-06-05
19.1,97.6,Karenni,myanmar_2025-06-05
19.1,97.7,Junta,myanmar_2025-06-05
19.1,97.8,Outside Myanmar,myanmar_2025-06-05
19.1,97.9,Outside Myanmar,myanmar_2025-06-05
19.1,98.0,Outside Myanmar,myanmar_2025-06-05
19.1,98.1,Outside Myanmar,myanmar_2025-06-05
19.1,98.2,Outside Myanmar,myanmar_2025-06-05
19.1,98.3,Outside Myanmar,myanmar_2025-06-05
19.1,98.4,Outside Myanmar,myanmar_2025-06-05
19.1,98.5,Outside Myanmar,myanmar_2025-06-05
19.1,98.6,Outside Myanmar,myanmar_2025-06-05
19.1,98.7,Outside Myanmar,myanmar_2025-06-05
19.1,98.8,Outside Myanmar,myanmar_2025-06-05
19.1,98.9,Outside Myanmar,myanmar_2025-06-05
19.1,99.0,Outside Myanmar,myanmar_2025-06-05
19.1,99.1,Outside Myanmar,myanmar_2025-06-05
19.1,99.2,Outside Myanmar,myanmar_2025-06-05
19.1,99.3,Outside Myanmar,myanmar_2025-06-05
19.1,99.4,Outside Myanmar,myanmar_2025-06-05
19.1,99.5,Outside Myanmar,myanmar_2025-06-05
19.1,99.6,Outside Myanmar,myanmar_2025-06-05
19.1,99.7,Outside Myanmar,myanmar_2025-06-05
19.1,99.8,Outside Myanmar,myanmar_2025-06-05
19.1,99.9,Outside Myanmar,myanmar_2025-06-05
19.1,100.0,Outside Myanmar,myanmar_2025-06-05
19.1,100.1,Outside Myanmar,myanmar_2025-06-05
19.1,100.2,Outside Myanmar,myanmar_2025-06-05
19.1,100.3,Outside Myanmar,myanmar_2025-06-05
19.1,100.4,Outside Myanmar,myanmar_2025-06-05
19.1,100.5,Outside Myanmar,myanmar_2025-06-05
19.1,100.6,Outside Myanmar,myanmar_2025-06-05
19.1,100.7,Outside Myanmar,myanmar_2025-06-05
19.1,100.8,Outside Myanmar,myanmar_2025-06-05
19.1,100.9,Outside Myanmar,myanmar_2025-06-05
19.1,101.0,Outside Myanmar,myanmar_2025-06-05
19.1,101.1,Outside Myanmar,myanmar_2025-06-05
19.1,101.2,Outside Myanmar,myanmar_2025-06-05
19.1,101.3,Outside Myanmar,myanmar_2025-06-05
19.1,101.4,Outside Myanmar,myanmar_2025-06-05
19.2,92.0,Outside Myanmar,myanmar_2025-06-05
19.2,92.1,Outside Myanmar,myanmar_2025-06-05
19.2,92.2,Outside Myanmar,myanmar_2025-06-05
19.2,92.3,Outside Myanmar,myanmar_2025-06-05
19.2,92.4,Outside Myanmar,myanmar_2025-06-05
19.2,92.5,Outside Myanmar,myanmar_2025-06-05
19.2,92.6,Outside Myanmar,myanmar_2025-06-05
19.2,92.7,Outside Myanmar,myanmar_2025-06-05
19.2,92.8,Outside Myanmar,myanmar_2025-06-05
19.2,92.9,Outside Myanmar,myanmar_2025-06-05
19.2,93.0,Outside Myanmar,myanmar_2025-06-05
19.2,93.1,Outside Myanmar,myanmar_2025-06-05
19.2,93.2,Outside Myanmar,myanmar_2025-06-05
19.2,93.3,Outside Myanmar,myanmar_2025-06-05
19.2,93.4,Outside Myanmar,myanmar_2025-06-05
19.2,93.5,Outside Myanmar,myanmar_2025-06-05
19.2,93.6,Junta,myanmar_2025-06-05
19.2,93.7,Junta,myanmar_2025-06-05
19.2,93.8,Junta,myanmar_2025-06-05
19.2,93.9,Junta,myanmar_2025-06-05
19.2,94.0,Junta,myanmar_2025-06-05
19.2,94.1,Junta,myanmar_2025-06-05
19.2,94.2,Junta,myanmar_2025-06-05
19.2,94.3,Junta,myanmar_2025-06-05
19.2,94.4,Junta,myanmar_2025-06-05
19.2,94.5,Junta,myanmar_2025-06-05
19.2,94.6,PDF,myanmar_2025-06-05
19.2,94.7,Junta,myanmar_2025-06-05
19.2,94.8,Junta,myanmar_2025-06-05
19.2,94.9,Junta,myanmar_2025-06-05
19.2,95.0,Junta,myanmar_2025-06-05
19.2,95.1,Junta,myanmar_2025-06-05
19.2,95.2,Junta,myanmar_2025-06-05
19.2,95.3,Junta,myanmar_2025-06-05
19.2,95.4,Junta,myanmar_2025-06-05
19.2,95.5,Junta,myanmar_2025-06-05
19.2,95.6,Junta,myanmar_2025-06-05
19.2,95.7,Junta,myanmar_2025-06-05
19.2,95.8,Junta,myanmar_2025-06-05
19.2,95.9,Junta,myanmar_2025-06-05
19.2,96.0,Junta,myanmar_2025-06-05
19.2,96.1,Junta,myanmar_2025-06-05
19.2,96.2,Junta,myanmar_2025-06-05
19.2,96.3,Junta,myanmar_2025-06-05
19.2,96.4,Junta,myanmar_2025-06-05
19.2,96.5,Junta,myanmar_2025-06-05
19.2,96.6,Karen,myanmar_2025-06-05
19.2,96.7,Karen,myanmar_2025-06-05
19.2,96.8,Karen,myanmar_2025-06-05
19.2,96.9,Karenni,myanmar_2025-06-05
19.2,97.0,Karenni,myanmar_2025-06-05
19.2,97.1,Karenni,myanmar_2025-06-05
19.2,97.2,Karenni,myanmar_2025-06-05
19.2,97.3,Karenni,myanmar_2025-06-05
19.2,97.4,Karenni,myanmar_2025-06-05
19.2,97.5,Karenni,myanmar_2025-06-05
19.2,97.6,Karenni,myanmar_2025-06-05
19.2,97.7,Karenni,myanmar_2025-06-05
19.2,97.8,Outside Myanmar,myanmar_2025-06-05
19.2,97.9,Outside Myanmar,myanmar_2025-06-05
19.2,98.0,Outside Myanmar,myanmar_2025-06-05
19.2,98.1,Outside Myanmar,myanmar_2025-06-05
19.2,98.2,Outside Myanmar,myanmar_2025-06-05
19.2,98.3,Outside Myanmar,myanmar_2025-06-05
19.2,98.4,Outside Myanmar,myanmar_2025-06-05
19.2,98.5,Outside Myanmar,myanmar_2025-06-05
19.2,98.6,Outside Myanmar,myanmar_2025-06-05
19.2,98.7,Outside Myanmar,myanmar_2025-06-05
19.2,98.8,Outside Myanmar,myanmar_2025-06-05
19.2,98.9,Outside Myanmar,myanmar_2025-06-05
19.2,99.0,Outside Myanmar,myanmar_2025-06-05
19.2,99.1,Outside Myanmar,myanmar_2025-06-05
19.2,99.2,Outside Myanmar,myanmar_2025-06-05
19.2,99.3,Outside Myanmar,myanmar_2025-06-05
19.2,99.4,Outside Myanmar,myanmar_2025-06-05
19.2,99.5,Outside Myanmar,myanmar_2025-06-05
19.2,99.6,Outside Myanmar,myanmar_2025-06-05
19.2,99.7,Outside Myanmar,myanmar_2025-06-05
19.2,99.8,Outside Myanmar,myanmar_2025-06-05
19.2,99.9,Outside Myanmar,myanmar_2025-06-05
19.2,100.0,Outside Myanmar,myanmar_2025-06-05
19.2,100.1,Outside Myanmar,myanmar_2025-06-05
19.2,100.2,Outside Myanmar,myanmar_2025-06-05
19.2,100.3,Outside Myanmar,myanmar_2025-06-05
19.2,100.4,Outside Myanmar,myanmar_2025-06-05
19.2,100.5,Outside Myanmar,myanmar_2025-06-05
19.2,100.6,Outside Myanmar,myanmar_2025-06-05
19.2,100.7,Outside Myanmar,myanmar_2025-06-05
19.2,100.8,Outside Myanmar,myanmar_2025-06-05
19.2,100.9,Outside Myanmar,myanmar_2025-06-05
19.2,101.0,Outside Myanmar,myanmar_2025-06-05
19.2,101.1,Outside Myanmar,myanmar_2025-06-05
19.2,101.2,Outside Myanmar,myanmar_2025-06-05
19.2,101.3,Outside Myanmar,myanmar_2025-06-05
19.2,101.4,Outside Myanmar,myanmar_2025-06-05
19.3,92.0,Outside Myanmar,myanmar_2025-06-05
19.3,92.1,Outside Myanmar,myanmar_2025-06-05
19.3,92.2,Outside Myanmar,myanmar_2025-06-05
19.3,92.3,Outside Myanmar,myanmar_2025-06-05
19.3,92.4,Outside Myanmar,myanmar_2025-06-05
19.3,92.5,Outside Myanmar,myanmar_2025-06-05
19.3,92.6,Outside Myanmar,myanmar_2025-06-05
19.3,92.7,Outside Myanmar,myanmar_2025-06-05
19.3,92.8,Outside Myanmar,myanmar_2025-06-05
19.3,92.9,Outside Myanmar,myanmar_2025-06-05
19.3,93.0,Outside Myanmar,myanmar_2025-06-05
19.3,93.1,Outside Myanmar,myanmar_2025-06-05
19.3,93.2,Outside Myanmar,myanmar_2025-06-05
19.3,93.3,Outside Myanmar,myanmar_2025-06-05
19.3,93.4,Outside Myanmar,myanmar_2025-06-05
19.3,93.5,Outside Myanmar,myanmar_2025-06-05
19.3,93.6,Junta,myanmar_2025-06-05
19.3,93.7,Outside Myanmar,myanmar_2025-06-05
19.3,93.8,Outside Myanmar,myanmar_2025-06-05
19.3,93.9,Outside Myanmar,myanmar_2025-06-05
19.3,94.0,Junta,myanmar_2025-06-05
19.3,94.1,Junta,myanmar_2025-06-05
19.3,94.2,Junta,myanmar_2025-06-05
19.3,94.3,Junta,myanmar_2025-06-05
19.3,94.4,Junta,myanmar_2025-06-05
19.3,94.5,PDF,myanmar_2025-06-05
19.3,94.6,Junta,myanmar_2025-06-05
19.3,94.7,Junta,myanmar_2025-06-05
19.3,94.8,Junta,myanmar_2025-06-05
19.3,94.9,Junta,myanmar_2025-06-05
19.3,95.0,Junta,myanmar_2025-06-05
19.3,95.1,Junta,myanmar_2025-06-05
19.3,95.2,Junta,myanmar_2025-06-05
19.3,95.3,Junta,myanmar_2025-06-05
19.3,95.4,Junta,myanmar_2025-06-05
19.3,95.5,Junta,myanmar_2025-06-05
19.3,95.6,Junta,myanmar_2025-06-05
19.3,95.7,Junta,myanmar_2025-06-05
19.3,95.8,Junta,myanmar_2025-06-05
19.3,95.9,Junta,myanmar_2025-06-05
19.3,96.0,Junta,myanmar_2025-06-05
19.3,96.1,Junta,myanmar_2025-06-05
19.3,96.2,Junta,myanmar_2025-06-05
19.3,96.3,Junta,myanmar_2025-06-05
19.3,96.4,Junta,myanmar_2025-06-05
19.3,96.5,Karen,myanmar_2025-06-05
19.3,96.6,Karen,myanmar_2025-06-05
19.3,96.7,Karen,myanmar_2025-06-05
19.3,96.8,Karen,myanmar_2025-06-05
19.3,96.9,Karenni,myanmar_2025-06-05
19.3,97.0,Karenni,myanmar_2025-06-05
19.3,97.1,Karenni,myanmar_2025-06-05
19.3,97.2,Karenni,myanmar_2025-06-05
19.3,97.3,Karenni,myanmar_2025-06-05
19.3,97.4,Karenni,myanmar_2025-06-05
19.3,97.5,Karenni,myanmar_2025-06-05
19.3,97.6,Karenni,myanmar_2025-06-05
19.3,97.7,Karenni,myanmar_2025-06-05
19.3,97.8,Karenni,myanmar_2025-06-05
19.3,97.9,Outside Myanmar,myanmar_2025-06-05
19.3,98.0,Outside Myanmar,myanmar_2025-06-05
19.3,98.1,Outside Myanmar,myanmar_2025-06-05
19.3,98.2,Outside Myanmar,myanmar_2025-06-05
19.3,98.3,Outside Myanmar,myanmar_2025-06-05
19.3,98.4,Outside Myanmar,myanmar_2025-06-05
19.3,98.5,Outside Myanmar,myanmar_2025-06-05
19.3,98.6,Outside Myanmar,myanmar_2025-06-05
19.3,98.7,Outside Myanmar,myanmar_2025-06-05
19.3,98.8,Outside Myanmar,myanmar_2025-06-05
19.3,98.9,Outside Myanmar,myanmar_2025-06-05
19.3,99.0,Outside Myanmar,myanmar_2025-06-05
19.3,99.1,Outside Myanmar,myanmar_2025-06-05
19.3,99.2,Outside Myanmar,myanmar_2025-06-05
19.3,99.3,Outside Myanmar,myanmar_2025-06-05
19.3,99.4,Outside Myanmar,myanmar_2025-06-05
19.3,99.5,Outside Myanmar,myanmar_2025-06-05
19.3,99.6,Outside Myanmar,myanmar_2025-06-05
19.3,99.7,Outside Myanmar,myanmar_2025-06-05
19.3,99.8,Outside Myanmar,myanmar_2025-06-05
19.3,99.9,Outside Myanmar,myanmar_2025-06-05
19.3,100.0,Outside Myanmar,myanmar_2025-06-05
19.3,100.1,Outside Myanmar,myanmar_2025-06-05
19.3,100.2,Outside Myanmar,myanmar_2025-06-05
19.3,100.3,Outside Myanmar,myanmar_2025-06-05
19.3,100.4,Outside Myanmar,myanmar_2025-06-05
19.3,100.5,Outside Myanmar,myanmar_2025-06-05
19.3,100.6,Outside Myanmar,myanmar_2025-06-05
19.3,100.7,Outside Myanmar,myanmar_2025-06-05
19.3,100.8,Outside Myanmar,myanmar_2025-06-05
19.3,100.9,Outside Myanmar,myanmar_2025-06-05
19.3,101.0,Outside Myanmar,myanmar_2025-06-05
19.3,101.1,Outside Myanmar,myanmar_2025-06-05
19.3,101.2,Outside Myanmar,myanmar_2025-06-05
19.3,101.3,Outside Myanmar,myanmar_2025-06-05
19.3,101.4,Outside Myanmar,myanmar_2025-06-05
19.4,92.0,Outside Myanmar,myanmar_2025-06-05
19.4,92.1,Outside Myanmar,myanmar_2025-06-05
19.4,92.2,Outside Myanmar,myanmar_2025-06-05
19.4,92.3,Outside Myanmar,myanmar_2025-06-05
19.4,92.4,Outside Myanmar,myanmar_2025-06-05
19.4,92.5,Outside Myanmar,myanmar_2025-06-05
19.4,92.6,Outside Myanmar,myanmar_2025-06-05
19.4,92.7,Outside Myanmar,myanmar_2025-06-05
19.4,92.8,Outside Myanmar,myanmar_2025-06-05
19.4,92.9,Outside Myanmar,myanmar_2025-06-05
19.4,93.0,Outside Myanmar,myanmar_2025-06-05
19.4,93.1,Outside Myanmar,myanmar_2025-06-05
19.4,93.2,Outside Myanmar,myanmar_2025-06-05
19.4,93.3,Outside Myanmar,myanmar_2025-06-05
19.4,93.4,Outside Myanmar,myanmar_2025-06-05
19.4,93.5,Outside Myanmar,myanmar_2025-06-05
19.4,93.6,Outside Myanmar,myanmar_2025-06-05
19.4,93.7,Outside Myanmar,myanmar_2025-06-05
19.4,93.8,Junta,myanmar_2025-06-05
19.4,93.9,Junta,myanmar_2025-06-05
19.4,94.0,Junta,myanmar_2025-06-05
19.4,94.1,Junta,myanmar_2025-06-05
19.4,94.2,Junta,myanmar_2025-06-05
19.4,94.3,Junta,myanmar_2025-06-05
19.4,94.4,Junta,myanmar_2025-06-05
19.4,94.5,Junta,myanmar_2025-06-05
19.4,94.6,Junta,myanmar_2025-06-05
19.4,94.7,Junta,myanmar_2025-06-05
19.4,94.8,Junta,myanmar_2025-06-05
19.4,94.9,Junta,myanmar_2025-06-05
19.4,95.0,Junta,myanmar_2025-06-05
19.4,95.1,Junta,myanmar_2025-06-05
19.4,95.2,Junta,myanmar_2025-06-05
19.4,95.3,Junta,myanmar_2025-06-05
19.4,95.4,Junta,myanmar_2025-06-05
19.4,95.5,Junta,myanmar_2025-06-05
19.4,95.6,Junta,myanmar_2025-06-05
19.4,95.7,Junta,myanmar_2025-06-05
19.4,95.8,Junta,myanmar_2025-06-05
19.4,95.9,Junta,myanmar_2025-06-05
19.4,96.0,Junta,myanmar_2025-06-05
19.4,96.1,Junta,myanmar_2025-06-05
19.4,96.2,Junta,myanmar_2025-06-05
19.4,96.3,Junta,myanmar_2025-06-05
19.4,96.4,PDF,myanmar_2025-06-05
19.4,96.5,Karen,myanmar_2025-06-05
19.4,96.6,Karen,myanmar_2025-06-05
19.4,96.7,Karen,myanmar_2025-06-05
19.4,96.8,Karen,myanmar_2025-06-05
19.4,96.9,Karenni,myanmar_2025-06-05
19.4,97.0,Karenni,myanmar_2025-06-05
19.4,97.1,Karenni,myanmar_2025-06-05
19.4,97.2,Karenni,myanmar_2025-06-05
19.4,97.3,Karenni,myanmar_2025-06-05
19.4,97.4,Karenni,myanmar_2025-06-05
19.4,97.5,Karenni,myanmar_2025-06-05
19.4,97.6,Karenni,myanmar_2025-06-05
19.4,97.7,Karenni,myanmar_2025-06-05
19.4,97.8,Junta,myanmar_2025-06-05
19.4,97.9,Outside Myanmar,myanmar_2025-06-05
19.4,98.0,Outside Myanmar,myanmar_2025-06-05
19.4,98.1,Outside Myanmar,myanmar_2025-06-05
19.4,98.2,Outside Myanmar,myanmar_2025-06-05
19.4,98.3,Outside Myanmar,myanmar_2025-06-05
19.4,98.4,Outside Myanmar,myanmar_2025-06-05
19.4,98.5,Outside Myanmar,myanmar_2025-06-05
19.4,98.6,Outside Myanmar,myanmar_2025-06-05
19.4,98.7,Outside Myanmar,myanmar_2025-06-05
19.4,98.8,Outside Myanmar,myanmar_2025-06-05
19.4,98.9,Outside Myanmar,myanmar_2025-06-05
19.4,99.0,Outside Myanmar,myanmar_2025-06-05
19.4,99.1,Outside Myanmar,myanmar_2025-06-05
19.4,99.2,Outside Myanmar,myanmar_2025-06-05
19.4,99.3,Outside Myanmar,myanmar_2025-06-05
19.4,99.4,Outside Myanmar,myanmar_2025-06-05
19.4,99.5,Outside Myanmar,myanmar_2025-06-05
19.4,99.6,Outside Myanmar,myanmar_2025-06-05
19.4,99.7,Outside Myanmar,myanmar_2025-06-05
19.4,99.8,Outside Myanmar,myanmar_2025-06-05
19.4,99.9,Outside Myanmar,myanmar_2025-06-05
19.4,100.0,Outside Myanmar,myanmar_2025-06-05
19.4,100.1,Outside Myanmar,myanmar_2025-06-05
19.4,100.2,Outside Myanmar,myanmar_2025-06-05
19.4,100.3,Outside Myanmar,myanmar_2025-06-05
19.4,100.4,Outside Myanmar,myanmar_2025-06-05
19.4,100.5,Outside Myanmar,myanmar_2025-06-05
19.4,100.6,Outside Myanmar,myanmar_2025-06-05
19.4,100.7,Outside Myanmar,myanmar_2025-06-05
19.4,100.8,Outside Myanmar,myanmar_2025-06-05
19.4,100.9,Outside Myanmar,myanmar_2025-06-05
19.4,101.0,Outside Myanmar,myanmar_2025-06-05
19.4,101.1,Outside Myanmar,myanmar_2025-06-05
19.4,101.2,Outside Myanmar,myanmar_2025-06-05
19.4,101.3,Outside Myanmar,myanmar_2025-06-05
19.4,101.4,Outside Myanmar,myanmar_2025-06-05
19.5,92.0,Outside Myanmar,myanmar_2025-06-05
19.5,92.1,Outside Myanmar,myanmar_2025-06-05
19.5,92.2,Outside Myanmar,myanmar_2025-06-05
19.5,92.3,Outside Myanmar,myanmar_2025-06-05
19.5,92.4,Outside Myanmar,myanmar_2025-06-05
19.5,92.5,Outside Myanmar,myanmar_2025-06-05
19.5,92.6,Outside Myanmar,myanmar_2025-06-05
19.5,92.7,Outside Myanmar,myanmar_2025-06-05
19.5,92.8,Outside Myanmar,myanmar_2025-06-05
19.5,92.9,Outside Myanmar,myanmar_2025-06-05
19.5,93.0,Outside Myanmar,myanmar_2025-06-05
19.5,93.1,Outside Myanmar,myanmar_2025-06-05
19.5,93.2,Outside Myanmar,myanmar_2025-06-05
19.5,93.3,Outside Myanmar,myanmar_2025-06-05
19.5,93.4,Outside Myanmar,myanmar_2025-06-05
19.5,93.5,Outside Myanmar,myanmar_2025-06-05
19.5,93.6,Outside Myanmar,myanmar_2025-06-05
19.5,93.7,Junta,myanmar_2025-06-05
19.5,93.8,Outside Myanmar,myanmar_2025-06-05
19.5,93.9,Outside Myanmar,myanmar_2025-06-05
19.5,94.0,Junta,myanmar_2025-06-05
19.5,94.1,Junta,myanmar_2025-06-05
19.5,94.2,Junta,myanmar_2025-06-05
19.5,94.3,Junta,myanmar_2025-06-05
19.5,94.4,Junta,myanmar_2025-06-05
19.5,94.5,Junta,myanmar_2025-06-05
19.5,94.6,Junta,myanmar_2025-06-05
19.5,94.7,Junta,myanmar_2025-06-05
19.5,94.8,Junta,myanmar_2025-06-05
19.5,94.9,Junta,myanmar_2025-06-05
19.5,95.0,Junta,myanmar_2025-06-05
19.5,95.1,Junta,myanmar_2025-06-05
19.5,95.2,Junta,myanmar_2025-06-05
19.5,95.3,Junta,myanmar_2025-06-05
19.5,95.4,Junta,myanmar_2025-06-05
19.5,95.5,Junta,myanmar_2025-06-05
19.5,95.6,Junta,myanmar_2025-06-05
19.5,95.7,Junta,myanmar_2025-06-05
19.5,95.8,Junta,myanmar_2025-06-05
19.5,95.9,Junta,myanmar_2025-06-05
19.5,96.0,Junta,myanmar_2025-06-05
19.5,96.1,Junta,myanmar_2025-06-05
19.5,96.2,Junta,myanmar_2025-06-05
19.5,96.3,Junta,myanmar_2025-06-05
19.5,96.4,PDF,myanmar_2025-06-05
19.5,96.5,Karen,myanmar_2025-06-05
19.5,96.6,Karen,myanmar_2025-06-05
19.5,96.7,Karen,myanmar_2025-06-05
19.5,96.8,Karenni,myanmar_2025-06-05
19.5,96.9,Karenni,myanmar_2025-06-05
19.5,97.0,Karenni,myanmar_2025-06-05
19.5,97.1,Karenni,myanmar_2025-06-05
19.5,97.2,Karenni,myanmar_2025-06-05
19.5,97.3,Karenni,myanmar_2025-06-05
19.5,97.4,Karenni,myanmar_2025-06-05
19.5,97.5,Karenni,myanmar_2025-06-05
19.5,97.6,Karenni,myanmar_2025-06-05
19.5,97.7,Karenni,myanmar_2025-06-05
19.5,97.8,Junta,myanmar_2025-06-05
19.5,97.9,Outside Myanmar,myanmar_2025-06-05
19.5,98.0,Outside Myanmar,myanmar_2025-06-05
19.5,98.1,Outside Myanmar,myanmar_2025-06-05
19.5,98.2,Outside Myanmar,myanmar_2025-06-05
19.5,98.3,Outside Myanmar,myanmar_2025-06-05
19.5,98.4,Outside Myanmar,myanmar_2025-06-05
19.5,98.5,Outside Myanmar,myanmar_2025-06-05
19.5,98.6,Outside Myanmar,myanmar_2025-06-05
19.5,98.7,Outside Myanmar,myanmar_2025-06-05
19.5,98.8,Outside Myanmar,myanmar_2025-06-05
19.5,98.9,Outside Myanmar,myanmar_2025-06-05
19.5,99.0,Outside Myanmar,myanmar_2025-06-05
19.5,99.1,Outside Myanmar,myanmar_2025-06-05
19.5,99.2,Outside Myanmar,myanmar_2025-06-05
19.5,99.3,Outside Myanmar,myanmar_2025-06-05
19.5,99.4,Outside Myanmar,myanmar_2025-06-05
19.5,99.5,Outside Myanmar,myanmar_2025-06-05
19.5,99.6,Outside Myanmar,myanmar_2025-06-05
19.5,99.7,Outside Myanmar,myanmar_2025-06-05
19.5,99.8,Outside Myanmar,myanmar_2025-06-05
19.5,99.9,Outside Myanmar,myanmar_2025-06-05
19.5,100.0,Outside Myanmar,myanmar_2025-06-05
19.5,100.1,Outside Myanmar,myanmar_2025-06-05
19.5,100.2,Outside Myanmar,myanmar_2025-06-05
19.5,100.3,Outside Myanmar,myanmar_2025-06-05
19.5,100.4,Outside Myanmar,myanmar_2025-06-05
19.5,100.5,Outside Myanmar,myanmar_2025-06-05
19.5,100.6,Outside Myanmar,myanmar_2025-06-05
19.5,100.7,Outside Myanmar,myanmar_2025-06-05
19.5,100.8,Outside Myanmar,myanmar_2025-06-05
19.5,100.9,Outside Myanmar,myanmar_2025-06-05
19.5,101.0,Outside Myanmar,myanmar_2025-06-05
19.5,101.1,Outside Myanmar,myanmar_2025-06-05
19.5,101.2,Outside Myanmar,myanmar_2025-06-05
19.5,101.3,Outside Myanmar,myanmar_2025-06-05
19.5,101.4,Outside Myanmar,myanmar_2025-06-05
19.6,92.0,Outside Myanmar,myanmar_2025-06-05
19.6,92.1,Outside Myanmar,myanmar_2025-06-05
19.6,92.2,Outside Myanmar,myanmar_2025-06-05
19.6,92.3,Outside Myanmar,myanmar_2025-06-05
19.6,92.4,Outside Myanmar,myanmar_2025-06-05
19.6,92.5,Outside Myanmar,myanmar_2025-06-05
19.6,92.6,Outside Myanmar,myanmar_2025-06-05
19.6,92.7,Outside Myanmar,myanmar_2025-06-05
19.6,92.8,Outside Myanmar,myanmar_2025-06-05
19.6,92.9,Outside Myanmar,myanmar_2025-06-05
19.6,93.0,Outside Myanmar,myanmar_2025-06-05
19.6,93.1,Outside Myanmar,myanmar_2025-06-05
19.6,93.2,Outside Myanmar,myanmar_2025-06-05
19.6,93.3,Outside Myanmar,myanmar_2025-06-05
19.6,93.4,Outside Myanmar,myanmar_2025-06-05
19.6,93.5,Outside Myanmar,myanmar_2025-06-05
19.6,93.6,Outside Myanmar,myanmar_2025-06-05
19.6,93.7,Outside Myanmar,myanmar_2025-06-05
19.6,93.8,AA,myanmar_2025-06-05
19.6,93.9,AA,myanmar_2025-06-05
19.6,94.0,Junta,myanmar_2025-06-05
19.6,94.1,Junta,myanmar_2025-06-05
19.6,94.2,Junta,myanmar_2025-06-05
19.6,94.3,Junta,myanmar_2025-06-05
19.6,94.4,Junta,myanmar_2025-06-05
19.6,94.5,Junta,myanmar_2025-06-05
19.6,94.6,Junta,myanmar_2025-06-05
19.6,94.7,Junta,myanmar_2025-06-05
19.6,94.8,Junta,myanmar_2025-06-05
19.6,94.9,Junta,myanmar_2025-06-05
19.6,95.0,Junta,myanmar_2025-06-05
19.6,95.1,Junta,myanmar_2025-06-05
19.6,95.2,Junta,myanmar_2025-06-05
19.6,95.3,Junta,myanmar_2025-06-05
19.6,95.4,Junta,myanmar_2025-06-05
19.6,95.5,Junta,myanmar_2025-06-05
19.6,95.6,Junta,myanmar_2025-06-05
19.6,95.7,Junta,myanmar_2025-06-05
19.6,95.8,Junta,myanmar_2025-06-05
19.6,95.9,Junta,myanmar_2025-06-05
19.6,96.0,Junta,myanmar_2025-06-05
19.6,96.1,Junta,myanmar_2025-06-05
19.6,96.2,Junta,myanmar_2025-06-05
19.6,96.3,Junta,myanmar_2025-06-05
19.6,96.4,Junta,myanmar_2025-06-05
19.6,96.5,Karen,myanmar_2025-06-05
19.6,96.6,Karen,myanmar_2025-06-05
19.6,96.7,Karenni,myanmar_2025-06-05
19.6,96.8,Karenni,myanmar_2025-06-05
19.6,96.9,Karenni,myanmar_2025-06-05
19.6,97.0,Karenni,myanmar_2025-06-05
19.6,97.1,Karenni,myanmar_2025-06-05
19.6,97.2,Karenni,myanmar_2025-06-05
19.6,97.3,Karenni,myanmar_2025-06-05
19.6,97.4,Karenni,myanmar_2025-06-05
19.6,97.5,Karenni,myanmar_2025-06-05
19.6,97.6,Karenni,myanmar_2025-06-05
19.6,97.7,Karenni,myanmar_2025-06-05
19.6,97.8,Junta,myanmar_2025-06-05
19.6,97.9,Junta,myanmar_2025-06-05
19.6,98.0,Outside Myanmar,myanmar_2025-06-05
19.6,98.1,Outside Myanmar,myanmar_2025-06-05
19.6,98.2,Outside Myanmar,myanmar_2025-06-05
19.6,98.3,Outside Myanmar,myanmar_2025-06-05
19.6,98.4,Outside Myanmar,myanmar_2025-06-05
19.6,98.5,Outside Myanmar,myanmar_2025-06-05
19.6,98.6,Outside Myanmar,myanmar_2025-06-05
19.6,98.7,Outside Myanmar,myanmar_2025-06-05
19.6,98.8,Outside Myanmar,myanmar_2025-06-05
19.6,98.9,Outside Myanmar,myanmar_2025-06-05
19.6,99.0,Outside Myanmar,myanmar_2025-06-05
19.6,99.1,Outside Myanmar,myanmar_2025-06-05
19.6,99.2,Outside Myanmar,myanmar_2025-06-05
19.6,99.3,Outside Myanmar,myanmar_2025-06-05
19.6,99.4,Outside Myanmar,myanmar_2025-06-05
19.6,99.5,Outside Myanmar,myanmar_2025-06-05
19.6,99.6,Outside Myanmar,myanmar_2025-06-05
19.6,99.7,Outside Myanmar,myanmar_2025-06-05
19.6,99.8,Outside Myanmar,myanmar_2025-06-05
19.6,99.9,Outside Myanmar,myanmar_2025-06-05
19.6,100.0,Outside Myanmar,myanmar_2025-06-05
19.6,100.1,Outside Myanmar,myanmar_2025-06-05
19.6,100.2,Outside Myanmar,myanmar_2025-06-05
19.6,100.3,Outside Myanmar,myanmar_2025-06-05
19.6,100.4,Outside Myanmar,myanmar_2025-06-05
19.6,100.5,Outside Myanmar,myanmar_2025-06-05
19.6,100.6,Outside Myanmar,myanmar_2025-06-05
19.6,100.7,Outside Myanmar,myanmar_2025-06-05
19.6,100.8,Outside Myanmar,myanmar_2025-06-05
19.6,100.9,Outside Myanmar,myanmar_2025-06-05
19.6,101.0,Outside Myanmar,myanmar_2025-06-05
19.6,101.1,Outside Myanmar,myanmar_2025-06-05
19.6,101.2,Outside Myanmar,myanmar_2025-06-05
19.6,101.3,Outside Myanmar,myanmar_2025-06-05
19.6,101.4,Outside Myanmar,myanmar_2025-06-05
19.7,92.0,Outside Myanmar,myanmar_2025-06-05
19.7,92.1,Outside Myanmar,myanmar_2025-06-05
19.7,92.2,Outside Myanmar,myanmar_2025-06-05
19.7,92.3,Outside Myanmar,myanmar_2025-06-05
19.7,92.4,Outside Myanmar,myanmar_2025-06-05
19.7,92.5,Outside Myanmar,myanmar_2025-06-05
19.7,92.6,Outside Myanmar,myanmar_2025-06-05
19.7,92.7,Outside Myanmar,myanmar_2025-06-05
19.7,92.8,Outside Myanmar,myanmar_2025-06-05
19.7,92.9,Outside Myanmar,myanmar_2025-06-05
19.7,93.0,Outside Myanmar,myanmar_2025-06-05
19.7,93.1,Outside Myanmar,myanmar_2025-06-05
19.7,93.2,Outside Myanmar,myanmar_2025-06-05
19.7,93.3,Outside Myanmar,myanmar_2025-06-05
19.7,93.4,Outside Myanmar,myanmar_2025-06-05
19.7,93.5,Outside Myanmar,myanmar_2025-06-05
19.7,93.6,Outside Myanmar,myanmar_2025-06-05
19.7,93.7,AA,myanmar_2025-06-05
19.7,93.8,AA,myanmar_2025-06-05
19.7,93.9,AA,myanmar_2025-06-05
19.7,94.0,AA,myanmar_2025-06-05
19.7,94.1,AA,myanmar_2025-06-05
19.7,94.2,AA,myanmar_2025-06-05
19.7,94.3,Junta,myanmar_2025-06-05
19.7,94.4,Junta,myanmar_2025-06-05
19.7,94.5,Junta,myanmar_2025-06-05
19.7,94.6,Junta,myanmar_2025-06-05
19.7,94.7,Junta,myanmar_2025-06-05
19.7,94.8,Junta,myanmar_2025-06-05
19.7,94.9,Junta,myanmar_2025-06-05
19.7,95.0,Junta,myanmar_2025-06-05
19.7,95.1,Junta,myanmar_2025-06-05
19.7,95.2,Junta,myanmar_2025-06-05
19.7,95.3,Junta,myanmar_2025-06-05
19.7,95.4,Junta,myanmar_2025-06-05
19.7,95.5,Junta,myanmar_2025-06-05
19.7,95.6,Junta,myanmar_2025-06-05
19.7,95.7,Junta,myanmar_2025-06-05
19.7,95.8,Junta,myanmar_2025-06-05
19.7,95.9,Junta,myanmar_2025-06-05
19.7,96.0,Junta,myanmar_2025-06-05
19.7,96.1,Junta,myanmar_2025-06-05
19.7,96.2,Junta,myanmar_2025-06-05
19.7,96.3,Junta,myanmar_2025-06-05
19.7,96.4,Junta,myanmar_2025-06-05
19.7,96.5,PDF,myanmar_2025-06-05
19.7,96.6,Karenni,myanmar_2025-06-05
19.7,96.7,Karenni,myanmar_2025-06-05
19.7,96.8,Karenni,myanmar_2025-06-05
19.7,96.9,Karenni,myanmar_2025-06-05
19.7,97.0,Karenni,myanmar_2025-06-05
19.7,97.1,Karenni,myanmar_2025-06-05
19.7,97.2,Karenni,myanmar_2025-06-05
19.7,97.3,Karenni,myanmar_2025-06-05
19.7,97.4,Karenni,myanmar_2025-06-05
19.7,97.5,Karenni,myanmar_2025-06-05
19.7,97.6,Karenni,myanmar_2025-06-05
19.7,97.7,Karenni,myanmar_2025-06-05
19.7,97.8,Karenni,myanmar_2025-06-05
19.7,97.9,Junta,myanmar_2025-06-05
19.7,98.0,Junta,myanmar_2025-06-05
19.7,98.1,Outside Myanmar,myanmar_2025-06-05
19.7,98.2,Outside Myanmar,myanmar_2025-06-05
19.7,98.3,Junta,myanmar_2025-06-05
19.7,98.4,Junta,myanmar_2025-06-05
19.7,98.5,Outside Myanmar,myanmar_2025-06-05
19.7,98.6,Outside Myanmar,myanmar_2025-06-05
19.7,98.7,Outside Myanmar,myanmar_2025-06-05
19.7,98.8,Outside Myanmar,myanmar_2025-06-05
19.7,98.9,Outside Myanmar,myanmar_2025-06-05
19.7,99.0,Outside Myanmar,myanmar_2025-06-05
19.7,99.1,Outside Myanmar,myanmar_2025-06-05
19.7,99.2,Outside Myanmar,myanmar_2025-06-05
19.7,99.3,Outside Myanmar,myanmar_2025-06-05
19.7,99.4,Outside Myanmar,myanmar_2025-06-05
19.7,99.5,Outside Myanmar,myanmar_2025-06-05
19.7,99.6,Outside Myanmar,myanmar_2025-06-05
19.7,99.7,Outside Myanmar,myanmar_2025-06-05
19.7,99.8,Outside Myanmar,myanmar_2025-06-05
19.7,99.9,Outside Myanmar,myanmar_2025-06-05
19.7,100.0,Outside Myanmar,myanmar_2025-06-05
19.7,100.1,Outside Myanmar,myanmar_2025-06-05
19.7,100.2,Outside Myanmar,myanmar_2025-06-05
19.7,100.3,Outside Myanmar,myanmar_2025-06-05
19.7,100.4,Outside Myanmar,myanmar_2025-06-05
19.7,100.5,Outside Myanmar,myanmar_2025-06-05
19.7,100.6,Outside Myanmar,myanmar_2025-06-05
19.7,100.7,Outside Myanmar,myanmar_2025-06-05
19.7,100.8,Outside Myanmar,myanmar_2025-06-05
19.7,100.9,Outside Myanmar,myanmar_2025-06-05
19.7,101.0,Outside Myanmar,myanmar_2025-06-05
19.7,101.1,Outside Myanmar,myanmar_2025-06-05
19.7,101.2,Outside Myanmar,myanmar_2025-06-05
19.7,101.3,Outside Myanmar,myanmar_2025-06-05
19.7,101.4,Outside Myanmar,myanmar_2025-06-05
19.8,92.0,Outside Myanmar,myanmar_2025-06-05
19.8,92.1,Outside Myanmar,myanmar_2025-06-05
19.8,92.2,Outside Myanmar,myanmar_2025-06-05
19.8,92.3,Outside Myanmar,myanmar_2025-06-05
19.8,92.4,Outside Myanmar,myanmar_2025-06-05
19.8,92.5,Outside Myanmar,myanmar_2025-06-05
19.8,92.6,Outside Myanmar,myanmar_2025-06-05
19.8,92.7,Outside Myanmar,myanmar_2025-06-05
19.8,92.8,Outside Myanmar,myanmar_2025-06-05
19.8,92.9,Outside Myanmar,myanmar_2025-06-05
19.8,93.0,Outside Myanmar,myanmar_2025-06-05
19.8,93.1,Outside Myanmar,myanmar_2025-06-05
19.8,93.2,Outside Myanmar,myanmar_2025-06-05
19.8,93.3,Outside Myanmar,myanmar_2025-06-05
19.8,93.4,Outside Myanmar,myanmar_2025-06-05
19.8,93.5,Junta,myanmar_2025-06-05
19.8,93.6,Outside Myanmar,myanmar_2025-06-05
19.8,93.7,AA,myanmar_2025-06-05
19.8,93.8,AA,myanmar_2025-06-05
19.8,93.9,AA,myanmar_2025-06-05
19.8,94.0,AA,myanmar_2025-06-05
19.8,94.1,AA,myanmar_2025-06-05
19.8,94.2,AA,myanmar_2025-06-05
19.8,94.3,AA,myanmar_2025-06-05
19.8,94.4,AA,myanmar_2025-06-05
19.8,94.5,Junta,myanmar_2025-06-05
19.8,94.6,Junta,myanmar_2025-06-05
19.8,94.7,Junta,myanmar_2025-06-05
19.8,94.8,Junta,myanmar_2025-06-05
19.8,94.9,Junta,myanmar_2025-06-05
19.8,95.0,Junta,myanmar_2025-06-05
19.8,95.1,Junta,myanmar_2025-06-05
19.8,95.2,Junta,myanmar_2025-06-05
19.8,95.3,Junta,myanmar_2025-06-05
19.8,95.4,Junta,myanmar_2025-06-05
19.8,95.5,Junta,myanmar_2025-06-05
19.8,95.6,Junta,myanmar_2025-06-05
19.8,95.7,Junta,myanmar_2025-06-05
19.8,95.8,Junta,myanmar_2025-06-05
19.8,95.9,Junta,myanmar_2025-06-05
19.8,96.0,Junta,myanmar_2025-06-05
19.8,96.1,Junta,myanmar_2025-06-05
19.8,96.2,Junta,myanmar_2025-06-05
19.8,96.3,Junta,myanmar_2025-06-05
19.8,96.4,Junta,myanmar_2025-06-05
19.8,96.5,Karenni,myanmar_2025-06-05
19.8,96.6,Karenni,myanmar_2025-06-05
19.8,96.7,Karenni,myanmar_2025-06-05
19.8,96.8,Karenni,myanmar_2025-06-05
19.8,96.9,Karenni,myanmar_2025-06-05
19.8,97.0,Karenni,myanmar_2025-06-05
19.8,97.1,Karenni,myanmar_2025-06-05
19.8,97.2,Karenni,myanmar_2025-06-05
19.8,97.3,Karenni,myanmar_2025-06-05
19.8,97.4,Karenni,myanmar_2025-06-05
19.8,97.5,Karenni,myanmar_2025-06-05
19.8,97.6,Junta,myanmar_2025-06-05
19.8,97.7,Karenni,myanmar_2025-06-05
19.8,97.8,Karenni,myanmar_2025-06-05
19.8,97.9,Junta,myanmar_2025-06-05
19.8,98.0,Junta,myanmar_2025-06-05
19.8,98.1,Junta,myanmar_2025-06-05
19.8,98.2,Junta,myanmar_2025-06-05
19.8,98.3,Junta,myanmar_2025-06-05
19.8,98.4,Junta,myanmar_2025-06-05
19.8,98.5,Junta,myanmar_2025-06-05
19.8,98.6,Junta,myanmar_2025-06-05
19.8,98.7,Junta,myanmar_2025-06-05
19.8,98.8,Junta,myanmar_2025-06-05
19.8,98.9,Junta,myanmar_2025-06-05
19.8,99.0,Outside Myanmar,myanmar_2025-06-05
19.8,99.1,Outside Myanmar,myanmar_2025-06-05
19.8,99.2,Outside Myanmar,myanmar_2025-06-05
19.8,99.3,Outside Myanmar,myanmar_2025-06-05
19.8,99.4,Outside Myanmar,myanmar_2025-06-05
19.8,99.5,Outside Myanmar,myanmar_2025-06-05
19.8,99.6,Outside Myanmar,myanmar_2025-06-05
19.8,99.7,Outside Myanmar,myanmar_2025-06-05
19.8,99.8,Outside Myanmar,myanmar_2025-06-05
19.8,99.9,Outside Myanmar,myanmar_2025-06-05
19.8,100.0,Outside Myanmar,myanmar_2025-06-05
19.8,100.1,Outside Myanmar,myanmar_2025-06-05
19.8,100.2,Outside Myanmar,myanmar_2025-06-05
19.8,100.3,Outside Myanmar,myanmar_2025-06-05
19.8,100.4,Outside Myanmar,myanmar_2025-06-05
19.8,100.5,Outside Myanmar,myanmar_2025-06-05
19.8,100.6,Outside Myanmar,myanmar_2025-06-05
19.8,100.7,Outside Myanmar,myanmar_2025-06-05
19.8,100.8,Outside Myanmar,myanmar_2025-06-05
19.8,100.9,Outside Myanmar,myanmar_2025-06-05
19.8,101.0,Outside Myanmar,myanmar_2025-06-05
19.8,101.1,Outside Myanmar,myanmar_2025-06-05
19.8,101.2,Outside Myanmar,myanmar_2025-06-05
19.8,101.3,Outside Myanmar,myanmar_2025-06-05
19.8,101.4,Outside Myanmar,myanmar_2025-06-05
19.9,92.0,Outside Myanmar,myanmar_2025-06-05
19.9,92.1,Outside Myanmar,myanmar_2025-06-05
19.9,92.2,Outside Myanmar,myanmar_2025-06-05
19.9,92.3,Outside Myanmar,myanmar_2025-06-05
19.9,92.4,Outside Myanmar,myanmar_2025-06-05
19.9,92.5,Outside Myanmar,myanmar_2025-06-05
19.9,92.6,Outside Myanmar,myanmar_2025-06-05
19.9,92.7,Outside Myanmar,myanmar_2025-06-05
19.9,92.8,Outside Myanmar,myanmar_2025-06-05
19.9,92.9,Outside Myanmar,myanmar_2025-06-05
19.9,93.0,Junta,myanmar_2025-06-05
19.9,93.1,Outside Myanmar,myanmar_2025-06-05
19.9,93.2,Outside Myanmar,myanmar_2025-06-05
19.9,93.3,Outside Myanmar,myanmar_2025-06-05
19.9,93.4,Outside Myanmar,myanmar_2025-06-05
19.9,93.5,Outside Myanmar,myanmar_2025-06-05
19.9,93.6,Outside Myanmar,myanmar_2025-06-05
19.9,93.7,AA,myanmar_2025-06-05
19.9,93.8,AA,myanmar_2025-06-05
19.9,93.9,AA,myanmar_2025-06-05
19.9,94.0,AA,myanmar_2025-06-05
19.9,94.1,AA,myanmar_2025-06-05
19.9,94.2,AA,myanmar_2025-06-05
19.9,94.3,AA,myanmar_2025-06-05
19.9,94.4,AA,myanmar_2025-06-05
19.9,94.5,Junta,myanmar_2025-06-05
19.9,94.6,Junta,myanmar_2025-06-05
19.9,94.7,Junta,myanmar_2025-06-05
19.9,94.8,Junta,myanmar_2025-06-05
19.9,94.9,Junta,myanmar_2025-06-05
19.9,95.0,Junta,myanmar_2025-06-05
19.9,95.1,Junta,myanmar_2025-06-05
19.9,95.2,Junta,myanmar_2025-06-05
19.9,95.3,Junta,myanmar_2025-06-05
19.9,95.4,Junta,myanmar_2025-06-05
19.9,95.5,Junta,myanmar_2025-06-05
19.9,95.6,Junta,myanmar_2025-06-05
19.9,95.7,Junta,myanmar_2025-06-05
19.9,95.8,Junta,myanmar_2025-06-05
19.9,95.9,Junta,myanmar_2025-06-05
19.9,96.0,Junta,myanmar_2025-06-05
19.9,96.1,Junta,myanmar_2025-06-05
19.9,96.2,Junta,myanmar_2025-06-05
19.9,96.3,Junta,myanmar_2025-06-05
19.9,96.4,Junta,myanmar_2025-06-05
19.9,96.5,Karenni,myanmar_2025-06-05
19.9,96.6,Karenni,myanmar_2025-06-05
19.9,96.7,Karenni,myanmar_2025-06-05
19.9,96.8,Karenni,myanmar_2025-06-05
19.9,96.9,Karenni,myanmar_2025-06-05
19.9,97.0,Karenni,myanmar_2025-06-05
19.9,97.1,Karenni,myanmar_2025-06-05
19.9,97.2,Karenni,myanmar_2025-06-05
19.9,97.3,Karenni,myanmar_2025-06-05
19.9,97.4,Karenni,myanmar_2025-06-05
19.9,97.5,Karenni,myanmar_2025-06-05
19.9,97.6,Junta,myanmar_2025-06-05
19.9,97.7,Junta,myanmar_2025-06-05
19.9,97.8,Junta,myanmar_2025-06-05
19.9,97.9,Junta,myanmar_2025-06-05
19.9,98.0,Junta,myanmar_2025-06-05
19.9,98.1,Junta,myanmar_2025-06-05
19.9,98.2,Junta,myanmar_2025-06-05
19.9,98.3,Junta,myanmar_2025-06-05
19.9,98.4,Junta,myanmar_2025-06-05
19.9,98.5,Junta,myanmar_2025-06-05
19.9,98.6,Junta,myanmar_2025-06-05
19.9,98.7,Junta,myanmar_2025-06-05
19.9,98.8,Junta,myanmar_2025-06-05
19.9,98.9,Junta,myanmar_2025-06-05
19.9,99.0,Outside Myanmar,myanmar_2025-06-05
19.9,99.1,Outside Myanmar,myanmar_2025-06-05
19.9,99.2,Outside Myanmar,myanmar_2025-06-05
19.9,99.3,Outside Myanmar,myanmar_2025-06-05
19.9,99.4,Outside Myanmar,myanmar_2025-06-05
19.9,99.5,Outside Myanmar,myanmar_2025-06-05
19.9,99.6,Outside Myanmar,myanmar_2025-06-05
19.9,99.7,Outside Myanmar,myanmar_2025-06-05
19.9,99.8,Outside Myanmar,myanmar_2025-06-05
19.9,99.9,Outside Myanmar,myanmar_2025-06-05
19.9,100.0,Outside Myanmar,myanmar_2025-06-05
19.9,100.1,Outside Myanmar,myanmar_2025-06-05
19.9,100.2,Outside Myanmar,myanmar_2025-06-05
19.9,100.3,Outside Myanmar,myanmar_2025-06-05
19.9,100.4,Outside Myanmar,myanmar_2025-06-05
19.9,100.5,Outside Myanmar,myanmar_2025-06-05
19.9,100.6,Outside Myanmar,myanmar_2025-06-05
19.9,100.7,Outside Myanmar,myanmar_2025-06-05
19.9,100.8,Outside Myanmar,myanmar_2025-06-05
19.9,100.9,Outside Myanmar,myanmar_2025-06-05
19.9,101.0,Outside Myanmar,myanmar_2025-06-05
19.9,101.1,Outside Myanmar,myanmar_2025-06-05
19.9,101.2,Outside Myanmar,myanmar_2025-06-05
19.9,101.3,Outside Myanmar,myanmar_2025-06-05
19.9,101.4,Outside Myanmar,myanmar_2025-06-05
20.0,92.0,Outside Myanmar,myanmar_2025-06-05
20.0,92.1,Outside Myanmar,myanmar_2025-06-05
20.0,92.2,Outside Myanmar,myanmar_2025-06-05
20.0,92.3,Outside Myanmar,myanmar_2025-06-05
20.0,92.4,Outside Myanmar,myanmar_2025-06-05
20.0,92.5,Outside Myanmar,myanmar_2025-06-05
20.0,92.6,Outside Myanmar,myanmar_2025-06-05
20.0,92.7,Outside Myanmar,myanmar_2025-06-05
20.0,92.8,Outside Myanmar,myanmar_2025-06-05
20.0,92.9,Outside Myanmar,myanmar_2025-06-05
20.0,93.0,Outside Myanmar,myanmar_2025-06-05
20.0,93.1,Junta,myanmar_2025-06-05
20.0,93.2,Outside Myanmar,myanmar_2025-06-05
20.0,93.3,Outside Myanmar,myanmar_2025-06-05
20.0,93.4,Outside Myanmar,myanmar_2025-06-05
20.0,93.5,Junta,myanmar_2025-06-05
20.0,93.6,Junta,myanmar_2025-06-05
20.0,93.7,AA,myanmar_2025-06-05
20.0,93.8,AA,myanmar_2025-06-05
20.0,93.9,AA,myanmar_2025-06-05
20.0,94.0,AA,myanmar_2025-06-05
20.0,94.1,AA,myanmar_2025-06-05
20.0,94.2,AA,myanmar_2025-06-05
20.0,94.3,AA,myanmar_2025-06-05
20.0,94.4,AA,myanmar_2025-06-05
20.0,94.5,Junta,myanmar_2025-06-05
20.0,94.6,Junta,myanmar_2025-06-05
20.0,94.7,Junta,myanmar_2025-06-05
20.0,94.8,Junta,myanmar_2025-06-05
20.0,94.9,Junta,myanmar_2025-06-05
20.0,95.0,Junta,myanmar_2025-06-05
20.0,95.1,Junta,myanmar_2025-06-05
20.0,95.2,Junta,myanmar_2025-06-05
20.0,95.3,Junta,myanmar_2025-06-05
20.0,95.4,Junta,myanmar_2025-06-05
20.0,95.5,Junta,myanmar_2025-06-05
20.0,95.6,Junta,myanmar_2025-06-05
20.0,95.7,Junta,myanmar_2025-06-05
20.0,95.8,Junta,myanmar_2025-06-05
20.0,95.9,Junta,myanmar_2025-06-05
20.0,96.0,Junta,myanmar_2025-06-05
20.0,96.1,Junta,myanmar_2025-06-05
20.0,96.2,Junta,myanmar_2025-06-05
20.0,96.3,Junta,myanmar_2025-06-05
20.0,96.4,Karenni,myanmar_2025-06-05
20.0,96.5,Karenni,myanmar_2025-06-05
20.0,96.6,Karenni,myanmar_2025-06-05
20.0,96.7,Karenni,myanmar_2025-06-05
20.0,96.8,Karenni,myanmar_2025-06-05
20.0,96.9,Karenni,myanmar_2025-06-05
20.0,97.0,Karenni,myanmar_2025-06-05
20.0,97.1,Karenni,myanmar_2025-06-05
20.0,97.2,Karenni,myanmar_2025-06-05
20.0,97.3,Junta,myanmar_2025-06-05
20.0,97.4,Junta,myanmar_2025-06-05
20.0,97.5,Junta,myanmar_2025-06-05
20.0,97.6,Junta,myanmar_2025-06-05
20.0,97.7,Junta,myanmar_2025-06-05
20.0,97.8,Junta,myanmar_2025-06-05
20.0,97.9,Junta,myanmar_2025-06-05
20.0,98.0,Junta,myanmar_2025-06-05
20.0,98.1,Junta,myanmar_2025-06-05
20.0,98.2,Junta,myanmar_2025-06-05
20.0,98.3,Junta,myanmar_2025-06-05
20.0,98.4,Junta,myanmar_2025-06-05
20.0,98.5,Junta,myanmar_2025-06-05
20.0,98.6,Junta,myanmar_2025-06-05
20.0,98.7,Junta,myanmar_2025-06-05
20.0,98.8,Junta,myanmar_2025-06-05
20.0,98.9,Junta,myanmar_2025-06-05
20.0,99.0,Junta,myanmar_2025-06-05
20.0,99.1,Outside Myanmar,myanmar_2025-06-05
20.0,99.2,Outside Myanmar,myanmar_2025-06-05
20.0,99.3,Outside Myanmar,myanmar_2025-06-05
20.0,99.4,Outside Myanmar,myanmar_2025-06-05
20.0,99.5,Outside Myanmar,myanmar_2025-06-05
20.0,99.6,Outside Myanmar,myanmar_2025-06-05
20.0,99.7,Outside Myanmar,myanmar_2025-06-05
20.0,99.8,Outside Myanmar,myanmar_2025-06-05
20.0,99.9,Outside Myanmar,myanmar_2025-06-05
20.0,100.0,Outside Myanmar,myanmar_2025-06-05
20.0,100.1,Outside Myanmar,myanmar_2025-06-05
20.0,100.2,Outside Myanmar,myanmar_2025-06-05
20.0,100.3,Outside Myanmar,myanmar_2025-06-05
20.0,100.4,Outside Myanmar,myanmar_2025-06-05
20.0,100.5,Outside Myanmar,myanmar_2025-06-05
20.0,100.6,Outside Myanmar,myanmar_2025-06-05
20.0,100.7,Outside Myanmar,myanmar_2025-06-05
20.0,100.8,Outside Myanmar,myanmar_2025-06-05
20.0,100.9,Outside Myanmar,myanmar_2025-06-05
20.0,101.0,Outside Myanmar,myanmar_2025-06-05
20.0,101.1,Outside Myanmar,myanmar_2025-06-05
20.0,101.2,Outside Myanmar,myanmar_2025-06-05
20.0,101.3,Outside Myanmar,myanmar_2025-06-05
20.0,101.4,Outside Myanmar,myanmar_2025-06-05
20.1,92.0,Outside Myanmar,myanmar_2025-06-05
20.1,92.1,Outside Myanmar,myanmar_2025-06-05
20.1,92.2,Outside Myanmar,myanmar_2025-06-05
20.1,92.3,Outside Myanmar,myanmar_2025-06-05
20.1,92.4,Outside Myanmar,myanmar_2025-06-05
20.1,92.5,Outside Myanmar,myanmar_2025-06-05
20.1,92.6,Outside Myanmar,myanmar_2025-06-05
20.1,92.7,Outside Myanmar,myanmar_2025-06-05
20.1,92.8,Outside Myanmar,myanmar_2025-06-05
20.1,92.9,Outside Myanmar,myanmar_2025-06-05
20.1,93.0,Outside Myanmar,myanmar_2025-06-05
20.1,93.1,Junta,myanmar_2025-06-05
20.1,93.2,Junta,myanmar_2025-06-05
20.1,93.3,Junta,myanmar_2025-06-05
20.1,93.4,Junta,myanmar_2025-06-05
20.1,93.5,Junta,myanmar_2025-06-05
20.1,93.6,Junta,myanmar_2025-06-05
20.1,93.7,AA,myanmar_2025-06-05
20.1,93.8,AA,myanmar_2025-06-05
20.1,93.9,AA,myanmar_2025-06-05
20.1,94.0,AA,myanmar_2025-06-05
20.1,94.1,AA,myanmar_2025-06-05
20.1,94.2,AA,myanmar_2025-06-05
20.1,94.3,AA,myanmar_2025-06-05
20.1,94.4,AA,myanmar_2025-06-05
20.1,94.5,AA,myanmar_2025-06-05
20.1,94.6,Junta,myanmar_2025-06-05
20.1,94.7,Junta,myanmar_2025-06-05
20.1,94.8,Junta,myanmar_2025-06-05
20.1,94.9,Junta,myanmar_2025-06-05
20.1,95.0,Junta,myanmar_2025-06-05
20.1,95.1,Junta,myanmar_2025-06-05
20.1,95.2,Junta,myanmar_2025-06-05
20.1,95.3,Junta,myanmar_2025-06-05
20.1,95.4,Junta,myanmar_2025-06-05
20.1,95.5,Junta,myanmar_2025-06-05
20.1,95.6,Junta,myanmar_2025-06-05
20.1,95.7,Junta,myanmar_2025-06-05
20.1,95.8,Junta,myanmar_2025-06-05
20.1,95.9,Junta,myanmar_2025-06-05
20.1,96.0,Junta,myanmar_2025-06-05
20.1,96.1,Junta,myanmar_2025-06-05
20.1,96.2,Junta,myanmar_2025-06-05
20.1,96.3,Junta,myanmar_2025-06-05
20.1,96.4,Karenni,myanmar_2025-06-05
20.1,96.5,Karenni,myanmar_2025-06-05
20.1,96.6,Karenni,myanmar_2025-06-05
20.1,96.7,Karenni,myanmar_2025-06-05
20.1,96.8,Karenni,myanmar_2025-06-05
20.1,96.9,Karenni,myanmar_2025-06-05
20.1,97.0,Karenni,myanmar_2025-06-05
20.1,97.1,Karenni,myanmar_2025-06-05
20.1,97.2,Junta,myanmar_2025-06-05
20.1,97.3,Junta,myanmar_2025-06-05
20.1,97.4,Junta,myanmar_2025-06-05
20.1,97.5,Junta,myanmar_2025-06-05
20.1,97.6,Junta,myanmar_2025-06-05
20.1,97.7,Junta,myanmar_2025-06-05
20.1,97.8,Junta,myanmar_2025-06-05
20.1,97.9,Junta,myanmar_2025-06-05
20.1,98.0,Junta,myanmar_2025-06-05
20.1,98.1,Junta,myanmar_2025-06-05
20.1,98.2,Junta,myanmar_2025-06-05
20.1,98.3,Junta,myanmar_2025-06-05
20.1,98.4,Junta,myanmar_2025-06-05
20.1,98.5,Junta,myanmar_2025-06-05
20.1,98.6,Junta,myanmar_2025-06-05
20.1,98.7,Junta,myanmar_2025-06-05
20.1,98.8,Junta,myanmar_2025-06-05
20.1,98.9,Junta,myanmar_2025-06-05
20.1,99.0,Junta,myanmar_2025-06-05
20.1,99.1,Outside Myanmar,myanmar_2025-06-05
20.1,99.2,Outside Myanmar,myanmar_2025-06-05
20.1,99.3,Junta,myanmar_2025-06-05
20.1,99.4,Junta,myanmar_2025-06-05
20.1,99.5,Outside Myanmar,myanmar_2025-06-05
20.1,99.6,Outside Myanmar,myanmar_2025-06-05
20.1,99.7,Outside Myanmar,myanmar_2025-06-05
20.1,99.8,Outside Myanmar,myanmar_2025-06-05
20.1,99.9,Outside Myanmar,myanmar_2025-06-05
20.1,100.0,Outside Myanmar,myanmar_2025-06-05
20.1,100.1,Outside Myanmar,myanmar_2025-06-05
20.1,100.2,Outside Myanmar,myanmar_2025-06-05
20.1,100.3,Outside Myanmar,myanmar_2025-06-05
20.1,100.4,Outside Myanmar,myanmar_2025-06-05
20.1,100.5,Outside Myanmar,myanmar_2025-06-05
20.1,100.6,Outside Myanmar,myanmar_2025-06-05
20.1,100.7,Outside Myanmar,myanmar_2025-06-05
20.1,100.8,Outside Myanmar,myanmar_2025-06-05
20.1,100.9,Outside Myanmar,myanmar_2025-06-05
20.1,101.0,Outside Myanmar,myanmar_2025-06-05
20.1,101.1,Outside Myanmar,myanmar_2025-06-05
20.1,101.2,Outside Myanmar,myanmar_2025-06-05
20.1,101.3,Outside Myanmar,myanmar_2025-06-05
20.1,101.4,Outside Myanmar,myanmar_2025-06-05
20.2,92.0,Outside Myanmar,myanmar_2025-06-05
20.2,92.1,Outside Myanmar,myanmar_2025-06-05
20.2,92.2,Outside Myanmar,myanmar_2025-06-05
20.2,92.3,Outside Myanmar,myanmar_2025-06-05
20.2,92.4,Outside Myanmar,myanmar_2025-06-05
20.2,92.5,Outside Myanmar,myanmar_2025-06-05
20.2,92.6,Outside Myanmar,myanmar_2025-06-05
20.2,92.7,Outside Myanmar,myanmar_2025-06-05
20.2,92.8,Outside Myanmar,myanmar_2025-06-05
20.2,92.9,Junta,myanmar_2025-06-05
20.2,93.0,Outside Myanmar,myanmar_2025-06-05
20.2,93.1,Junta,myanmar_2025-06-05
20.2,93.2,Junta,myanmar_2025-06-05
20.2,93.3,Junta,myanmar_2025-06-05
20.2,93.4,Junta,myanmar_2025-06-05
20.2,93.5,Junta,myanmar_2025-06-05
20.2,93.6,AA,myanmar_2025-06-05
20.2,93.7,AA,myanmar_2025-06-05
20.2,93.8,AA,myanmar_2025-06-05
20.2,93.9,AA,myanmar_2025-06-05
20.2,94.0,AA,myanmar_2025-06-05
20.2,94.1,AA,myanmar_2025-06-05
20.2,94.2,AA,myanmar_2025-06-05
20.2,94.3,AA,myanmar_2025-06-05
20.2,94.4,AA,myanmar_2025-06-05
20.2,94.5,AA,myanmar_2025-06-05
20.2,94.6,Junta,myanmar_2025-06-05
20.2,94.7,Junta,myanmar_2025-06-05
20.2,94.8,Junta,myanmar_2025-06-05
20.2,94.9,Junta,myanmar_2025-06-05
20.2,95.0,Junta,myanmar_2025-06-05
20.2,95.1,Junta,myanmar_2025-06-05
20.2,95.2,Junta,myanmar_2025-06-05
20.2,95.3,Junta,myanmar_2025-06-05
20.2,95.4,Junta,myanmar_2025-06-05
20.2,95.5,Junta,myanmar_2025-06-05
20.2,95.6,Junta,myanmar_2025-06-05
20.2,95.7,Junta,myanmar_2025-06-05
20.2,95.8,Junta,myanmar_2025-06-05
20.2,95.9,Junta,myanmar_2025-06-05
20.2,96.0,Junta,myanmar_2025-06-05
20.2,96.1,Junta,myanmar_2025-06-05
20.2,96.2,Junta,myanmar_2025-06-05
20.2,96.3,Junta,myanmar_2025-06-05
20.2,96.4,Junta,myanmar_2025-06-05
20.2,96.5,Junta,myanmar_2025-06-05
20.2,96.6,Karenni,myanmar_2025-06-05
20.2,96.7,Karenni,myanmar_2025-06-05
20.2,96.8,Junta,myanmar_2025-06-05
20.2,96.9,Junta,myanmar_2025-06-05
20.2,97.0,Junta,myanmar_2025-06-05
20.2,97.1,Junta,myanmar_2025-06-05
20.2,97.2,Junta,myanmar_2025-06-05
20.2,97.3,Junta,myanmar_2025-06-05
20.2,97.4,Junta,myanmar_2025-06-05
20.2,97.5,Junta,myanmar_2025-06-05
20.2,97.6,Junta,myanmar_2025-06-05
20.2,97.7,Junta,myanmar_2025-06-05
20.2,97.8,Junta,myanmar_2025-06-05
20.2,97.9,Junta,myanmar_2025-06-05
20.2,98.0,Junta,myanmar_2025-06-05
20.2,98.1,Junta,myanmar_2025-06-05
20.2,98.2,Junta,myanmar_2025-06-05
20.2,98.3,Junta,myanmar_2025-06-05
20.2,98.4,Junta,myanmar_2025-06-05
20.2,98.5,Junta,myanmar_2025-06-05
20.2,98.6,Junta,myanmar_2025-06-05
20.2,98.7,Junta,myanmar_2025-06-05
20.2,98.8,Junta,myanmar_2025-06-05
20.2,98.9,Junta,myanmar_2025-06-05
20.2,99.0,Junta,myanmar_2025-06-05
20.2,99.1,Junta,myanmar_2025-06-05
20.2,99.2,Junta,myanmar_2025-06-05
20.2,99.3,Junta,myanmar_2025-06-05
20.2,99.4,Junta,myanmar_2025-06-05
20.2,99.5,Outside Myanmar,myanmar_2025-06-05
20.2,99.6,Outside Myanmar,myanmar_2025-06-05
20.2,99.7,Outside Myanmar,myanmar_2025-06-05
20.2,99.8,Outside Myanmar,myanmar_2025-06-05
20.2,99.9,Outside Myanmar,myanmar_2025-06-05
20.2,100.0,Outside Myanmar,myanmar_2025-06-05
20.2,100.1,Outside Myanmar,myanmar_2025-06-05
20.2,100.2,Outside Myanmar,myanmar_2025-06-05
20.2,100.3,Outside Myanmar,myanmar_2025-06-05
20.2,100.4,Outside Myanmar,myanmar_2025-06-05
20.2,100.5,Outside Myanmar,myanmar_2025-06-05
20.2,100.6,Outside Myanmar,myanmar_2025-06-05
20.2,100.7,Outside Myanmar,myanmar_2025-06-05
20.2,100.8,Outside Myanmar,myanmar_2025-06-05
20.2,100.9,Outside Myanmar,myanmar_2025-06-05
20.2,101.0,Outside Myanmar,myanmar_2025-06-05
20.2,101.1,Outside Myanmar,myanmar_2025-06-05
20.2,101.2,Outside Myanmar,myanmar_2025-06-05
20.2,101.3,Outside Myanmar,myanmar_2025-06-05
20.2,101.4,Outside Myanmar,myanmar_2025-06-05
20.3,92.0,Outside Myanmar,myanmar_2025-06-05
20.3,92.1,Outside Myanmar,myanmar_2025-06-05
20.3,92.2,Outside Myanmar,myanmar_2025-06-05
20.3,92.3,Outside Myanmar,myanmar_2025-06-05
20.3,92.4,Outside Myanmar,myanmar_2025-06-05
20.3,92.5,Outside Myanmar,myanmar_2025-06-05
20.3,92.6,Outside Myanmar,myanmar_2025-06-05
20.3,92.7,Outside Myanmar,myanmar_2025-06-05
20.3,92.8,Outside Myanmar,myanmar_2025-06-05
20.3,92.9,Junta,myanmar_2025-06-05
20.3,93.0,Outside Myanmar,myanmar_2025-06-05
20.3,93.1,Junta,myanmar_2025-06-05
20.3,93.2,Junta,myanmar_2025-06-05
20.3,93.3,Junta,myanmar_2025-06-05
20.3,93.4,Junta,myanmar_2025-06-05
20.3,93.5,AA,myanmar_2025-06-05
20.3,93.6,AA,myanmar_2025-06-05
20.3,93.7,AA,myanmar_2025-06-05
20.3,93.8,AA,myanmar_2025-06-05
20.3,93.9,AA,myanmar_2025-06-05
20.3,94.0,AA,myanmar_2025-06-05
20.3,94.1,AA,myanmar_2025-06-05
20.3,94.2,AA,myanmar_2025-06-05
20.3,94.3,AA,myanmar_2025-06-05
20.3,94.4,AA,myanmar_2025-06-05
20.3,94.5,Junta,myanmar_2025-06-05
20.3,94.6,Junta,myanmar_2025-06-05
20.3,94.7,Junta,myanmar_2025-06-05
20.3,94.8,Junta,myanmar_2025-06-05
20.3,94.9,Junta,myanmar_2025-06-05
20.3,95.0,Junta,myanmar_2025-06-05
20.3,95.1,Junta,myanmar_2025-06-05
20.3,95.2,Junta,myanmar_2025-06-05
20.3,95.3,Junta,myanmar_2025-06-05
20.3,95.4,Junta,myanmar_2025-06-05
20.3,95.5,Junta,myanmar_2025-06-05
20.3,95.6,Junta,myanmar_2025-06-05
20.3,95.7,Junta,myanmar_2025-06-05
20.3,95.8,Junta,myanmar_2025-06-05
20.3,95.9,Junta,myanmar_2025-06-05
20.3,96.0,Junta,myanmar_2025-06-05
20.3,96.1,Junta,myanmar_2025-06-05
20.3,96.2,Junta,myanmar_2025-06-05
20.3,96.3,Junta,myanmar_2025-06-05
20.3,96.4,Junta,myanmar_2025-06-05
20.3,96.5,Junta,myanmar_2025-06-05
20.3,96.6,Junta,myanmar_2025-06-05
20.3,96.7,Junta,myanmar_2025-06-05
20.3,96.8,PDF,myanmar_2025-06-05
20.3,96.9,Junta,myanmar_2025-06-05
20.3,97.0,Junta,myanmar_2025-06-05
20.3,97.1,Junta,myanmar_2025-06-05
20.3,97.2,Junta,myanmar_2025-06-05
20.3,97.3,Junta,myanmar_2025-06-05
20.3,97.4,Junta,myanmar_2025-06-05
20.3,97.5,Junta,myanmar_2025-06-05
20.3,97.6,Junta,myanmar_2025-06-05
20.3,97.7,Junta,myanmar_2025-06-05
20.3,97.8,Junta,myanmar_2025-06-05
20.3,97.9,Junta,myanmar_2025-06-05
20.3,98.0,Junta,myanmar_2025-06-05
20.3,98.1,Junta,myanmar_2025-06-05
20.3,98.2,Junta,myanmar_2025-06-05
20.3,98.3,Junta,myanmar_2025-06-05
20.3,98.4,Junta,myanmar_2025-06-05
20.3,98.5,Junta,myanmar_2025-06-05
20.3,98.6,Junta,myanmar_2025-06-05
20.3,98.7,Junta,myanmar_2025-06-05
20.3,98.8,Junta,myanmar_2025-06-05
20.3,98.9,Junta,myanmar_2025-06-05
20.3,99.0,Junta,myanmar_2025-06-05
20.3,99.1,Junta,myanmar_2025-06-05
20.3,99.2,Junta,myanmar_2025-06-05
20.3,99.3,Junta,myanmar_2025-06-05
20.3,99.4,Junta,myanmar_2025-06-05
20.3,99.5,Outside Myanmar,myanmar_2025-06-05
20.3,99.6,Outside Myanmar,myanmar_2025-06-05
20.3,99.7,Outside Myanmar,myanmar_2025-06-05
20.3,99.8,Outside Myanmar,myanmar_2025-06-05
20.3,99.9,Outside Myanmar,myanmar_2025-06-05
20.3,100.0,Outside Myanmar,myanmar_2025-06-05
20.3,100.1,Outside Myanmar,myanmar_2025-06-05
20.3,100.2,Outside Myanmar,myanmar_2025-06-05
20.3,100.3,Outside Myanmar,myanmar_2025-06-05
20.3,100.4,Outside Myanmar,myanmar_2025-06-05
20.3,100.5,Outside Myanmar,myanmar_2025-06-05
20.3,100.6,Outside Myanmar,myanmar_2025-06-05
20.3,100.7,Outside Myanmar,myanmar_2025-06-05
20.3,100.8,Outside Myanmar,myanmar_2025-06-05
20.3,100.9,Outside Myanmar,myanmar_2025-06-05
20.3,101.0,Outside Myanmar,myanmar_2025-06-05
20.3,101.1,Outside Myanmar,myanmar_2025-06-05
20.3,101.2,Outside Myanmar,myanmar_2025-06-05
20.3,101.3,Outside Myanmar,myanmar_2025-06-05
20.3,101.4,Outside Myanmar,myanmar_2025-06-05
20.4,92.0,Outside Myanmar,myanmar_2025-06-05
20.4,92.1,Outside Myanmar,myanmar_2025-06-05
20.4,92.2,Outside Myanmar,myanmar_2025-06-05
20.4,92.3,Outside Myanmar,myanmar_2025-06-05
20.4,92.4,Outside Myanmar,myanmar_2025-06-05
20.4,92.5,Outside Myanmar,myanmar_2025-06-05
20.4,92.6,Outside Myanmar,myanmar_2025-06-05
20.4,92.7,AA,myanmar_2025-06-05
20.4,92.8,AA,myanmar_2025-06-05
20.4,92.9,Junta,myanmar_2025-06-05
20.4,93.0,Junta,myanmar_2025-06-05
20.4,93.1,Junta,myanmar_2025-06-05
20.4,93.2,Junta,myanmar_2025-06-05
20.4,93.3,Junta,myanmar_2025-06-05
20.4,93.4,AA,myanmar_2025-06-05
20.4,93.5,AA,myanmar_2025-06-05
20.4,93.6,AA,myanmar_2025-06-05
20.4,93.7,AA,myanmar_2025-06-05
20.4,93.8,AA,myanmar_2025-06-05
20.4,93.9,AA,myanmar_2025-06-05
20.4,94.0,AA,myanmar_2025-06-05
20.4,94.1,AA,myanmar_2025-06-05
20.4,94.2,AA,myanmar_2025-06-05
20.4,94.3,AA,myanmar_2025-06-05
20.4,94.4,AA,myanmar_2025-06-05
20.4,94.5,Junta,myanmar_2025-06-05
20.4,94.6,Junta,myanmar_2025-06-05
20.4,94.7,Junta,myanmar_2025-06-05
20.4,94.8,Junta,myanmar_2025-06-05
20.4,94.9,Junta,myanmar_2025-06-05
20.4,95.0,Junta,myanmar_2025-06-05
20.4,95.1,Junta,myanmar_2025-06-05
20.4,95.2,Junta,myanmar_2025-06-05
20.4,95.3,Junta,myanmar_2025-06-05
20.4,95.4,Junta,myanmar_2025-06-05
20.4,95.5,Junta,myanmar_2025-06-05
20.4,95.6,Junta,myanmar_2025-06-05
20.4,95.7,Junta,myanmar_2025-06-05
20.4,95.8,Junta,myanmar_2025-06-05
20.4,95.9,Junta,myanmar_2025-06-05
20.4,96.0,Junta,myanmar_2025-06-05
20.4,96.1,Junta,myanmar_2025-06-05
20.4,96.2,Junta,myanmar_2025-06-05
20.4,96.3,Junta,myanmar_2025-06-05
20.4,96.4,Junta,myanmar_2025-06-05
20.4,96.5,Junta,myanmar_2025-06-05
20.4,96.6,Junta,myanmar_2025-06-05
20.4,96.7,Junta,myanmar_2025-06-05
20.4,96.8,PDF,myanmar_2025-06-05
20.4,96.9,Junta,myanmar_2025-06-05
20.4,97.0,Junta,myanmar_2025-06-05
20.4,97.1,Junta,myanmar_2025-06-05
20.4,97.2,Junta,myanmar_2025-06-05
20.4,97.3,Junta,myanmar_2025-06-05
20.4,97.4,Junta,myanmar_2025-06-05
20.4,97.5,Junta,myanmar_2025-06-05
20.4,97.6,Junta,myanmar_2025-06-05
20.4,97.7,Junta,myanmar_2025-06-05
20.4,97.8,Junta,myanmar_2025-06-05
20.4,97.9,Junta,myanmar_2025-06-05
20.4,98.0,Junta,myanmar_2025-06-05
20.4,98.1,Junta,myanmar_2025-06-05
20.4,98.2,Junta,myanmar_2025-06-05
20.4,98.3,Junta,myanmar_2025-06-05
20.4,98.4,Junta,myanmar_2025-06-05
20.4,98.5,Junta,myanmar_2025-06-05
20.4,98.6,Junta,myanmar_2025-06-05
20.4,98.7,Junta,myanmar_2025-06-05
20.4,98.8,Junta,myanmar_2025-06-05
20.4,98.9,Junta,myanmar_2025-06-05
20.4,99.0,Junta,myanmar_2025-06-05
20.4,99.1,Junta,myanmar_2025-06-05
20.4,99.2,Junta,myanmar_2025-06-05
20.4,99.3,Junta,myanmar_2025-06-05
20.4,99.4,Junta,myanmar_2025-06-05
20.4,99.5,Junta,myanmar_2025-06-05
20.4,99.6,Junta,myanmar_2025-06-05
20.4,99.7,Junta,myanmar_2025-06-05
20.4,99.8,Junta,myanmar_2025-06-05
20.4,99.9,Outside Myanmar,myanmar_2025-06-05
20.4,100.0,Junta,myanmar_2025-06-05
20.4,100.1,Junta,myanmar_2025-06-05
20.4,100.2,Outside Myanmar,myanmar_2025-06-05
20.4,100.3,Outside Myanmar,myanmar_2025-06-05
20.4,100.4,Outside Myanmar,myanmar_2025-06-05
20.4,100.5,Outside Myanmar,myanmar_2025-06-05
20.4,100.6,Outside Myanmar,myanmar_2025-06-05
20.4,100.7,Outside Myanmar,myanmar_2025-06-05
20.4,100.8,Outside Myanmar,myanmar_2025-06-05
20.4,100.9,Outside Myanmar,myanmar_2025-06-05
20.4,101.0,Outside Myanmar,myanmar_2025-06-05
20.4,101.1,Outside Myanmar,myanmar_2025-06-05
20.4,101.2,Outside Myanmar,myanmar_2025-06-05
20.4,101.3,Outside Myanmar,myanmar_2025-06-05
20.4,101.4,Outside Myanmar,myanmar_2025-06-05
20.5,92.0,Outside Myanmar,myanmar_2025-06-05
20.5,92.1,Outside Myanmar,myanmar_2025-06-05
20.5,92.2,Outside Myanmar,myanmar_2025-06-05
20.5,92.3,Outside Myanmar,myanmar_2025-06-05
20.5,92.4,Outside Myanmar,myanmar_2025-06-05
20.5,92.5,Outside Myanmar,myanmar_2025-06-05
20.5,92.6,Junta,myanmar_2025-06-05
20.5,92.7,AA,myanmar_2025-06-05
20.5,92.8,AA,myanmar_2025-06-05
20.5,92.9,Junta,myanmar_2025-06-05
20.5,93.0,AA,myanmar_2025-06-05
20.5,93.1,Junta,myanmar_2025-06-05
20.5,93.2,AA,myanmar_2025-06-05
20.5,93.3,AA,myanmar_2025-06-05
20.5,93.4,AA,myanmar_2025-06-05
20.5,93.5,AA,myanmar_2025-06-05
20.5,93.6,AA,myanmar_2025-06-05
20.5,93.7,AA,myanmar_2025-06-05
20.5,93.8,AA,myanmar_2025-06-05
20.5,93.9,AA,myanmar_2025-06-05
20.5,94.0,AA,myanmar_2025-06-05
20.5,94.1,AA,myanmar_2025-06-05
20.5,94.2,AA,myanmar_2025-06-05
20.5,94.3,AA,myanmar_2025-06-05
20.5,94.4,Junta,myanmar_2025-06-05
20.5,94.5,Junta,myanmar_2025-06-05
20.5,94.6,Junta,myanmar_2025-06-05
20.5,94.7,Junta,myanmar_2025-06-05
20.5,94.8,Junta,myanmar_2025-06-05
20.5,94.9,Junta,myanmar_2025-06-05
20.5,95.0,Junta,myanmar_2025-06-05
20.5,95.1,Junta,myanmar_2025-06-05
20.5,95.2,Junta,myanmar_2025-06-05
20.5,95.3,Junta,myanmar_2025-06-05
20.5,95.4,Junta,myanmar_2025-06-05
20.5,95.5,Junta,myanmar_2025-06-05
20.5,95.6,Junta,myanmar_2025-06-05
20.5,95.7,Junta,myanmar_2025-06-05
20.5,95.8,Junta,myanmar_2025-06-05
20.5,95.9,Junta,myanmar_2025-06-05
20.5,96.0,Junta,myanmar_2025-06-05
20.5,96.1,Junta,myanmar_2025-06-05
20.5,96.2,Junta,myanmar_2025-06-05
20.5,96.3,Junta,myanmar_2025-06-05
20.5,96.4,Junta,myanmar_2025-06-05
20.5,96.5,Junta,myanmar_2025-06-05
20.5,96.6,Junta,myanmar_2025-06-05
20.5,96.7,Junta,myanmar_2025-06-05
20.5,96.8,PDF,myanmar_2025-06-05
20.5,96.9,Junta,myanmar_2025-06-05
20.5,97.0,Junta,myanmar_2025-06-05
20.5,97.1,Junta,myanmar_2025-06-05
20.5,97.2,Junta,myanmar_2025-06-05
20.5,97.3,Junta,myanmar_2025-06-05
20.5,97.4,Junta,myanmar_2025-06-05
20.5,97.5,Junta,myanmar_2025-06-05
20.5,97.6,Junta,myanmar_2025-06-05
20.5,97.7,Junta,myanmar_2025-06-05
20.5,97.8,Junta,myanmar_2025-06-05
20.5,97.9,Junta,myanmar_2025-06-05
20.5,98.0,Junta,myanmar_2025-06-05
20.5,98.1,Junta,myanmar_2025-06-05
20.5,98.2,Junta,myanmar_2025-06-05
20.5,98.3,Junta,myanmar_2025-06-05
20.5,98.4,Junta,myanmar_2025-06-05
20.5,98.5,Junta,myanmar_2025-06-05
20.5,98.6,Junta,myanmar_2025-06-05
20.5,98.7,Junta,myanmar_2025-06-05
20.5,98.8,Junta,myanmar_2025-06-05
20.5,98.9,Junta,myanmar_2025-06-05
20.5,99.0,Junta,myanmar_2025-06-05
20.5,99.1,Junta,myanmar_2025-06-05
20.5,99.2,Junta,myanmar_2025-06-05
20.5,99.3,Junta,myanmar_2025-06-05
20.5,99.4,Junta,myanmar_2025-06-05
20.5,99.5,Junta,myanmar_2025-06-05
20.5,99.6,Junta,myanmar_2025-06-05
20.5,99.7,Junta,myanmar_2025-06-05
20.5,99.8,Junta,myanmar_2025-06-05
20.5,99.9,Junta,myanmar_2025-06-05
20.5,100.0,Junta,myanmar_2025-06-05
20.5,100.1,Junta,myanmar_2025-06-05
20.5,100.2,Outside Myanmar,myanmar_2025-06-05
20.5,100.3,Outside Myanmar,myanmar_2025-06-05
20.5,100.4,Outside Myanmar,myanmar_2025-06-05
20.5,100.5,Outside Myanmar,myanmar_2025-06-05
20.5,100.6,Outside Myanmar,myanmar_2025-06-05
20.5,100.7,Outside Myanmar,myanmar_2025-06-05
20.5,100.8,Outside Myanmar,myanmar_2025-06-05
20.5,100.9,Outside Myanmar,myanmar_2025-06-05
20.5,101.0,Outside Myanmar,myanmar_2025-06-05
20.5,101.1,Outside Myanmar,myanmar_2025-06-05
20.5,101.2,Outside Myanmar,myanmar_2025-06-05
20.5,101.3,Outside Myanmar,myanmar_2025-06-05
20.5,101.4,Outside Myanmar,myanmar_2025-06-05
20.6,92.0,Outside Myanmar,myanmar_2025-06-05
20.6,92.1,Outside Myanmar,myanmar_2025-06-05
20.6,92.2,Outside Myanmar,myanmar_2025-06-05
20.6,92.3,Outside Myanmar,myanmar_2025-06-05
20.6,92.4,Outside Myanmar,myanmar_2025-06-05
20.6,92.5,Junta,myanmar_2025-06-05
20.6,92.6,Junta,myanmar_2025-06-05
20.6,92.7,AA,myanmar_2025-06-05
20.6,92.8,AA,myanmar_2025-06-05
20.6,92.9,AA,myanmar_2025-06-05
20.6,93.0,AA,myanmar_2025-06-05
20.6,93.1,AA,myanmar_2025-06-05
20.6,93.2,AA,myanmar_2025-06-05
20.6,93.3,AA,myanmar_2025-06-05
20.6,93.4,AA,myanmar_2025-06-05
20.6,93.5,AA,myanmar_2025-06-05
20.6,93.6,AA,myanmar_2025-06-05
20.6,93.7,AA,myanmar_2025-06-05
20.6,93.8,AA,myanmar_2025-06-05
20.6,93.9,AA,myanmar_2025-06-05
20.6,94.0,AA,myanmar_2025-06-05
20.6,94.1,AA,myanmar_2025-06-05
20.6,94.2,AA,myanmar_2025-06-05
20.6,94.3,AA,myanmar_2025-06-05
20.6,94.4,Junta,myanmar_2025-06-05
20.6,94.5,Junta,myanmar_2025-06-05
20.6,94.6,Junta,myanmar_2025-06-05
20.6,94.7,Junta,myanmar_2025-06-05
20.6,94.8,Junta,myanmar_2025-06-05
20.6,94.9,Junta,myanmar_2025-06-05
20.6,95.0,Junta,myanmar_2025-06-05
20.6,95.1,Junta,myanmar_2025-06-05
20.6,95.2,Junta,myanmar_2025-06-05
20.6,95.3,Junta,myanmar_2025-06-05
20.6,95.4,Junta,myanmar_2025-06-05
20.6,95.5,Junta,myanmar_2025-06-05
20.6,95.6,Junta,myanmar_2025-06-05
20.6,95.7,Junta,myanmar_2025-06-05
20.6,95.8,Junta,myanmar_2025-06-05
20.6,95.9,Junta,myanmar_2025-06-05
20.6,96.0,Junta,myanmar_2025-06-05
20.6,96.1,Junta,myanmar_2025-06-05
20.6,96.2,Junta,myanmar_2025-06-05
20.6,96.3,Junta,myanmar_2025-06-05
20.6,96.4,Junta,myanmar_2025-06-05
20.6,96.5,Junta,myanmar_2025-06-05
20.6,96.6,Junta,myanmar_2025-06-05
20.6,96.7,Junta,myanmar_2025-06-05
20.6,96.8,Junta,myanmar_2025-06-05
20.6,96.9,Junta,myanmar_2025-06-05
20.6,97.0,Junta,myanmar_2025-06-05
20.6,97.1,Junta,myanmar_2025-06-05
20.6,97.2,Junta,myanmar_2025-06-05
20.6,97.3,Junta,myanmar_2025-06-05
20.6,97.4,Junta,myanmar_2025-06-05
20.6,97.5,Junta,myanmar_2025-06-05
20.6,97.6,Junta,myanmar_2025-06-05
20.6,97.7,Junta,myanmar_2025-06-05
20.6,97.8,Junta,myanmar_2025-06-05
20.6,97.9,Junta,myanmar_2025-06-05
20.6,98.0,Junta,myanmar_2025-06-05
20.6,98.1,Junta,myanmar_2025-06-05
20.6,98.2,Junta,myanmar_2025-06-05
20.6,98.3,Junta,myanmar_2025-06-05
20.6,98.4,Junta,myanmar_2025-06-05
20.6,98.5,Junta,myanmar_2025-06-05
20.6,98.6,Junta,myanmar_2025-06-05
20.6,98.7,Junta,myanmar_2025-06-05
20.6,98.8,Junta,myanmar_2025-06-05
20.6,98.9,Junta,myanmar_2025-06-05
20.6,99.0,Junta,myanmar_2025-06-05
20.6,99.1,Junta,myanmar_2025-06-05
20.6,99.2,Junta,myanmar_2025-06-05
20.6,99.3,Junta,myanmar_2025-06-05
20.6,99.4,Junta,myanmar_2025-06-05
20.6,99.5,Junta,myanmar_2025-06-05
20.6,99.6,Junta,myanmar_2025-06-05
20.6,99.7,Junta,myanmar_2025-06-05
20.6,99.8,Junta,myanmar_2025-06-05
20.6,99.9,Junta,myanmar_2025-06-05
20.6,100.0,Junta,myanmar_2025-06-05
20.6,100.1,Junta,myanmar_2025-06-05
20.6,100.2,Outside Myanmar,myanmar_2025-06-05
20.6,100.3,Outside Myanmar,myanmar_2025-06-05
20.6,100.4,Outside Myanmar,myanmar_2025-06-05
20.6,100.5,Outside Myanmar,myanmar_2025-06-05
20.6,100.6,Outside Myanmar,myanmar_2025-06-05
20.6,100.7,Outside Myanmar,myanmar_2025-06-05
20.6,100.8,Outside Myanmar,myanmar_2025-06-05
20.6,100.9,Outside Myanmar,myanmar_2025-06-05
20.6,101.0,Outside Myanmar,myanmar_2025-06-05
20.6,101.1,Outside Myanmar,myanmar_2025-06-05
20.6,101.2,Outside Myanmar,myanmar_2025-06-05
20.6,101.3,Outside Myanmar,myanmar_2025-06-05
20.6,101.4,Outside Myanmar,myanmar_2025-06-05
20.7,92.0,Outside Myanmar,myanmar_2025-06-05
20.7,92.1,Outside Myanmar,myanmar_2025-06-05
20.7,92.2,Outside Myanmar,myanmar_2025-06-05
20.7,92.3,Outside Myanmar,myanmar_2025-06-05
20.7,92.4,Junta,myanmar_2025-06-05
20.7,92.5,Junta,myanmar_2025-06-05
20.7,92.6,AA,myanmar_2025-06-05
20.7,92.7,Junta,myanmar_2025-06-05
20.7,92.8,AA,myanmar_2025-06-05
20.7,92.9,AA,myanmar_2025-06-05
20.7,93.0,AA,myanmar_2025-06-05
20.7,93.1,AA,myanmar_2025-06-05
20.7,93.2,AA,myanmar_2025-06-05
20.7,93.3,AA,myanmar_2025-06-05
20.7,93.4,AA,myanmar_2025-06-05
20.7,93.5,AA,myanmar_2025-06-05
20.7,93.6,AA,myanmar_2025-06-05
20.7,93.7,AA,myanmar_2025-06-05
20.7,93.8,AA,myanmar_2025-06-05
20.7,93.9,AA,myanmar_2025-06-05
20.7,94.0,AA,myanmar_2025-06-05
20.7,94.1,AA,myanmar_2025-06-05
20.7,94.2,AA,myanmar_2025-06-05
20.7,94.3,Junta,myanmar_2025-06-05
20.7,94.4,Junta,myanmar_2025-06-05
20.7,94.5,Junta,myanmar_2025-06-05
20.7,94.6,Junta,myanmar_2025-06-05
20.7,94.7,Junta,myanmar_2025-06-05
20.7,94.8,Junta,myanmar_2025-06-05
20.7,94.9,Junta,myanmar_2025-06-05
20.7,95.0,Junta,myanmar_2025-06-05
20.7,95.1,Junta,myanmar_2025-06-05
20.7,95.2,Junta,myanmar_2025-06-05
20.7,95.3,Junta,myanmar_2025-06-05
20.7,95.4,Junta,myanmar_2025-06-05
20.7,95.5,Junta,myanmar_2025-06-05
20.7,95.6,Junta,myanmar_2025-06-05
20.7,95.7,Junta,myanmar_2025-06-05
20.7,95.8,Junta,myanmar_2025-06-05
20.7,95.9,Junta,myanmar_2025-06-05
20.7,96.0,Junta,myanmar_2025-06-05
20.7,96.1,Junta,myanmar_2025-06-05
20.7,96.2,Junta,myanmar_2025-06-05
20.7,96.3,Junta,myanmar_2025-06-05
20.7,96.4,Junta,myanmar_2025-06-05
20.7,96.5,Junta,myanmar_2025-06-05
20.7,96.6,Junta,myanmar_2025-06-05
20.7,96.7,Junta,myanmar_2025-06-05
20.7,96.8,Junta,myanmar_2025-06-05
20.7,96.9,Junta,myanmar_2025-06-05
20.7,97.0,Junta,myanmar_2025-06-05
20.7,97.1,Junta,myanmar_2025-06-05
20.7,97.2,Junta,myanmar_2025-06-05
20.7,97.3,Junta,myanmar_2025-06-05
20.7,97.4,Junta,myanmar_2025-06-05
20.7,97.5,Junta,myanmar_2025-06-05
20.7,97.6,Junta,myanmar_2025-06-05
20.7,97.7,Junta,myanmar_2025-06-05
20.7,97.8,Junta,myanmar_2025-06-05
20.7,97.9,Junta,myanmar_2025-06-05
20.7,98.0,Junta,myanmar_2025-06-05
20.7,98.1,Junta,myanmar_2025-06-05
20.7,98.2,Junta,myanmar_2025-06-05
20.7,98.3,Junta,myanmar_2025-06-05
20.7,98.4,Junta,myanmar_2025-06-05
20.7,98.5,Junta,myanmar_2025-06-05
20.7,98.6,Junta,myanmar_2025-06-05
20.7,98.7,Junta,myanmar_2025-06-05
20.7,98.8,Junta,myanmar_2025-06-05
20.7,98.9,Junta,myanmar_2025-06-05
20.7,99.0,Junta,myanmar_2025-06-05
20.7,99.1,Junta,myanmar_2025-06-05
20.7,99.2,Junta,myanmar_2025-06-05
20.7,99.3,Junta,myanmar_2025-06-05
20.7,99.4,Junta,myanmar_2025-06-05
20.7,99.5,Junta,myanmar_2025-06-05
20.7,99.6,Junta,myanmar_2025-06-05
20.7,99.7,Junta,myanmar_2025-06-05
20.7,99.8,Junta,myanmar_2025-06-05
20.7,99.9,Junta,myanmar_2025-06-05
20.7,100.0,Junta,myanmar_2025-06-05
20.7,100.1,Junta,myanmar_2025-06-05
20.7,100.2,Junta,myanmar_2025-06-05
20.7,100.3,Outside Myanmar,myanmar_2025-06-05
20.7,100.4,Outside Myanmar,myanmar_2025-06-05
20.7,100.5,Outside Myanmar,myanmar_2025-06-05
20.7,100.6,Outside Myanmar,myanmar_2025-06-05
20.7,100.7,Outside Myanmar,myanmar_2025-06-05
20.7,100.8,Outside Myanmar,myanmar_2025-06-05
20.7,100.9,Outside Myanmar,myanmar_2025-06-05
20.7,101.0,Outside Myanmar,myanmar_2025-06-05
20.7,101.1,Outside Myanmar,myanmar_2025-06-05
20.7,101.2,Outside Myanmar,myanmar_2025-06-05
20.7,101.3,Outside Myanmar,myanmar_2025-06-05
20.7,101.4,Outside Myanmar,myanmar_2025-06-05
20.8,92.0,Outside Myanmar,myanmar_2025-06-05
20.8,92.1,Outside Myanmar,myanmar_2025-06-05
20.8,92.2,Outside Myanmar,myanmar_2025-06-05
20.8,92.3,Outside Myanmar,myanmar_2025-06-05
20.8,92.4,Junta,myanmar_2025-06-05
20.8,92.5,Junta,myanmar_2025-06-05
20.8,92.6,AA,myanmar_2025-06-05
20.8,92.7,AA,myanmar_2025-06-05
20.8,92.8,AA,myanmar_2025-06-05
20.8,92.9,AA,myanmar_2025-06-05
20.8,93.0,AA,myanmar_2025-06-05
20.8,93.1,AA,myanmar_2025-06-05
20.8,93.2,AA,myanmar_2025-06-05
20.8,93.3,AA,myanmar_2025-06-05
20.8,93.4,AA,myanmar_2025-06-05
20.8,93.5,AA,myanmar_2025-06-05
20.8,93.6,AA,myanmar_2025-06-05
20.8,93.7,AA,myanmar_2025-06-05
20.8,93.8,AA,myanmar_2025-06-05
20.8,93.9,Chin Resistance,myanmar_2025-06-05
20.8,94.0,Chin Resistance,myanmar_2025-06-05
20.8,94.1,AA,myanmar_2025-06-05
20.8,94.2,Junta,myanmar_2025-06-05
20.8,94.3,Junta,myanmar_2025-06-05
20.8,94.4,Junta,myanmar_2025-06-05
20.8,94.5,Junta,myanmar_2025-06-05
20.8,94.6,Junta,myanmar_2025-06-05
20.8,94.7,Junta,myanmar_2025-06-05
20.8,94.8,Junta,myanmar_2025-06-05
20.8,94.9,Junta,myanmar_2025-06-05
20.8,95.0,Junta,myanmar_2025-06-05
20.8,95.1,Junta,myanmar_2025-06-05
20.8,95.2,Junta,myanmar_2025-06-05
20.8,95.3,Junta,myanmar_2025-06-05
20.8,95.4,Junta,myanmar_2025-06-05
20.8,95.5,Junta,myanmar_2025-06-05
20.8,95.6,Junta,myanmar_2025-06-05
20.8,95.7,Junta,myanmar_2025-06-05
20.8,95.8,Junta,myanmar_2025-06-05
20.8,95.9,Junta,myanmar_2025-06-05
20.8,96.0,Junta,myanmar_2025-06-05
20.8,96.1,Junta,myanmar_2025-06-05
20.8,96.2,Junta,myanmar_2025-06-05
20.8,96.3,Junta,myanmar_2025-06-05
20.8,96.4,Junta,myanmar_2025-06-05
20.8,96.5,Junta,myanmar_2025-06-05
20.8,96.6,Junta,myanmar_2025-06-05
20.8,96.7,Junta,myanmar_2025-06-05
20.8,96.8,Junta,myanmar_2025-06-05
20.8,96.9,Junta,myanmar_2025-06-05
20.8,97.0,Junta,myanmar_2025-06-05
20.8,97.1,Junta,myanmar_2025-06-05
20.8,97.2,Junta,myanmar_2025-06-05
20.8,97.3,Junta,myanmar_2025-06-05
20.8,97.4,Junta,myanmar_2025-06-05
20.8,97.5,Junta,myanmar_2025-06-05
20.8,97.6,Junta,myanmar_2025-06-05
20.8,97.7,Junta,myanmar_2025-06-05
20.8,97.8,Junta,myanmar_2025-06-05
20.8,97.9,Junta,myanmar_2025-06-05
20.8,98.0,Junta,myanmar_2025-06-05
20.8,98.1,Junta,myanmar_2025-06-05
20.8,98.2,Junta,myanmar_2025-06-05
20.8,98.3,Junta,myanmar_2025-06-05
20.8,98.4,Junta,myanmar_2025-06-05
20.8,98.5,Junta,myanmar_2025-06-05
20.8,98.6,Junta,myanmar_2025-06-05
20.8,98.7,Junta,myanmar_2025-06-05
20.8,98.8,Junta,myanmar_2025-06-05
20.8,98.9,Junta,myanmar_2025-06-05
20.8,99.0,Junta,myanmar_2025-06-05
20.8,99.1,Junta,myanmar_2025-06-05
20.8,99.2,Junta,myanmar_2025-06-05
20.8,99.3,Junta,myanmar_2025-06-05
20.8,99.4,Junta,myanmar_2025-06-05
20.8,99.5,Junta,myanmar_2025-06-05
20.8,99.6,Junta,myanmar_2025-06-05
20.8,99.7,Junta,myanmar_2025-06-05
20.8,99.8,Junta,myanmar_2025-06-05
20.8,99.9,Junta,myanmar_2025-06-05
20.8,100.0,Junta,myanmar_2025-06-05
20.8,100.1,Junta,myanmar_2025-06-05
20.8,100.2,Junta,myanmar_2025-06-05
20.8,100.3,Junta,myanmar_2025-06-05
20.8,100.4,Outside Myanmar,myanmar_2025-06-05
20.8,100.5,Outside Myanmar,myanmar_2025-06-05
20.8,100.6,Outside Myanmar,myanmar_2025-06-05
20.8,100.7,Outside Myanmar,myanmar_2025-06-05
20.8,100.8,Outside Myanmar,myanmar_2025-06-05
20.8,100.9,Outside Myanmar,myanmar_2025-06-05
20.8,101.0,Outside Myanmar,myanmar_2025-06-05
20.8,101.1,Outside Myanmar,myanmar_2025-06-05
20.8,101.2,Outside Myanmar,myanmar_2025-06-05
20.8,101.3,Outside Myanmar,myanmar_2025-06-05
20.8,101.4,Outside Myanmar,myanmar_2025-06-05
20.9,92.0,Outside Myanmar,myanmar_2025-06-05
20.9,92.1,Outside Myanmar,myanmar_2025-06-05
20.9,92.2,Outside Myanmar,myanmar_2025-06-05
20.9,92.3,Junta,myanmar_2025-06-05
20.9,92.4,Junta,myanmar_2025-06-05
20.9,92.5,AA,myanmar_2025-06-05
20.9,92.6,AA,myanmar_2025-06-05
20.9,92.7,AA,myanmar_2025-06-05
20.9,92.8,AA,myanmar_2025-06-05
20.9,92.9,AA,myanmar_2025-06-05
20.9,93.0,AA,myanmar_2025-06-05
20.9,93.1,AA,myanmar_2025-06-05
20.9,93.2,AA,myanmar_2025-06-05
20.9,93.3,AA,myanmar_2025-06-05
20.9,93.4,AA,myanmar_2025-06-05
20.9,93.5,AA,myanmar_2025-06-05
20.9,93.6,AA,myanmar_2025-06-05
20.9,93.7,AA,myanmar_2025-06-05
20.9,93.8,Chin Resistance,myanmar_2025-06-05
20.9,93.9,Chin Resistance,myanmar_2025-06-05
20.9,94.0,Chin Resistance,myanmar_2025-06-05
20.9,94.1,AA,myanmar_2025-06-05
20.9,94.2,Junta,myanmar_2025-06-05
20.9,94.3,Junta,myanmar_2025-06-05
20.9,94.4,Junta,myanmar_2025-06-05
20.9,94.5,Junta,myanmar_2025-06-05
20.9,94.6,Junta,myanmar_2025-06-05
20.9,94.7,Junta,myanmar_2025-06-05
20.9,94.8,Junta,myanmar_2025-06-05
20.9,94.9,Junta,myanmar_2025-06-05
20.9,95.0,Junta,myanmar_2025-06-05
20.9,95.1,Junta,myanmar_2025-06-05
20.9,95.2,Junta,myanmar_2025-06-05
20.9,95.3,Junta,myanmar_2025-06-05
20.9,95.4,Junta,myanmar_2025-06-05
20.9,95.5,Junta,myanmar_2025-06-05
20.9,95.6,Junta,myanmar_2025-06-05
20.9,95.7,Junta,myanmar_2025-06-05
20.9,95.8,Junta,myanmar_2025-06-05
20.9,95.9,Junta,myanmar_2025-06-05
20.9,96.0,Junta,myanmar_2025-06-05
20.9,96.1,Junta,myanmar_2025-06-05
20.9,96.2,Junta,myanmar_2025-06-05
20.9,96.3,Junta,myanmar_2025-06-05
20.9,96.4,Junta,myanmar_2025-06-05
20.9,96.5,Junta,myanmar_2025-06-05
20.9,96.6,Junta,myanmar_2025-06-05
20.9,96.7,Junta,myanmar_2025-06-05
20.9,96.8,Junta,myanmar_2025-06-05
20.9,96.9,Junta,myanmar_2025-06-05
20.9,97.0,Junta,myanmar_2025-06-05
20.9,97.1,Junta,myanmar_2025-06-05
20.9,97.2,Junta,myanmar_2025-06-05
20.9,97.3,Junta,myanmar_2025-06-05
20.9,97.4,Junta,myanmar_2025-06-05
20.9,97.5,Junta,myanmar_2025-06-05
20.9,97.6,Junta,myanmar_2025-06-05
20.9,97.7,Junta,myanmar_2025-06-05
20.9,97.8,Junta,myanmar_2025-06-05
20.9,97.9,Junta,myanmar_2025-06-05
20.9,98.0,Junta,myanmar_2025-06-05
20.9,98.1,Junta,myanmar_2025-06-05
20.9,98.2,Junta,myanmar_2025-06-05
20.9,98.3,Junta,myanmar_2025-06-05
20.9,98.4,Junta,myanmar_2025-06-05
20.9,98.5,Junta,myanmar_2025-06-05
20.9,98.6,Junta,myanmar_2025-06-05
20.9,98.7,Junta,myanmar_2025-06-05
20.9,98.8,Junta,myanmar_2025-06-05
20.9,98.9,Junta,myanmar_2025-06-05
20.9,99.0,Junta,myanmar_2025-06-05
20.9,99.1,Junta,myanmar_2025-06-05
20.9,99.2,Junta,myanmar_2025-06-05
20.9,99.3,Junta,myanmar_2025-06-05
20.9,99.4,Junta,myanmar_2025-06-05
20.9,99.5,Junta,myanmar_2025-06-05
20.9,99.6,Junta,myanmar_2025-06-05
20.9,99.7,Junta,myanmar_2025-06-05
20.9,99.8,Junta,myanmar_2025-06-05
20.9,99.9,Junta,myanmar_2025-06-05
20.9,100.0,Junta,myanmar_2025-06-05
20.9,100.1,Junta,myanmar_2025-06-05
20.9,100.2,Junta,myanmar_2025-06-05
20.9,100.3,Junta,myanmar_2025-06-05
20.9,100.4,Junta,myanmar_2025-06-05
20.9,100.5,Junta,myanmar_2025-06-05
20.9,100.6,Outside Myanmar,myanmar_2025-06-05
20.9,100.7,Outside Myanmar,myanmar_2025-06-05
20.9,100.8,Outside Myanmar,myanmar_2025-06-05
20.9,100.9,Outside Myanmar,myanmar_2025-06-05
20.9,101.0,Outside Myanmar,myanmar_2025-06-05
20.9,101.1,Outside Myanmar,myanmar_2025-06-05
20.9,101.2,Outside Myanmar,myanmar_2025-06-05
20.9,101.3,Outside Myanmar,myanmar_2025-06-05
20.9,101.4,Outside Myanmar,myanmar_2025-06-05
21.0,92.0,Outside Myanmar,myanmar_2025-06-05
21.0,92.1,Outside Myanmar,myanmar_2025-06-05
21.0,92.2,Outside Myanmar,myanmar_2025-06-05
21.0,92.3,Junta,myanmar_2025-06-05
21.0,92.4,AA,myanmar_2025-06-05
21.0,92.5,AA,myanmar_2025-06-05
21.0,92.6,AA,myanmar_2025-06-05
21.0,92.7,AA,myanmar_2025-06-05
21.0,92.8,AA,myanmar_2025-06-05
21.0,92.9,AA,myanmar_2025-06-05
21.0,93.0,AA,myanmar_2025-06-05
21.0,93.1,AA,myanmar_2025-06-05
21.0,93.2,AA,myanmar_2025-06-05
21.0,93.3,AA,myanmar_2025-06-05
21.0,93.4,AA,myanmar_2025-06-05
21.0,93.5,AA,myanmar_2025-06-05
21.0,93.6,AA,myanmar_2025-06-05
21.0,93.7,AA,myanmar_2025-06-05
21.0,93.8,Chin Resistance,myanmar_2025-06-05
21.0,93.9,Chin Resistance,myanmar_2025-06-05
21.0,94.0,Chin Resistance,myanmar_2025-06-05
21.0,94.1,Chin Resistance,myanmar_2025-06-05
21.0,94.2,Junta,myanmar_2025-06-05
21.0,94.3,Junta,myanmar_2025-06-05
21.0,94.4,Junta,myanmar_2025-06-05
21.0,94.5,Junta,myanmar_2025-06-05
21.0,94.6,Junta,myanmar_2025-06-05
21.0,94.7,Junta,myanmar_2025-06-05
21.0,94.8,Junta,myanmar_2025-06-05
21.0,94.9,Junta,myanmar_2025-06-05
21.0,95.0,Junta,myanmar_2025-06-05
21.0,95.1,Junta,myanmar_2025-06-05
21.0,95.2,Junta,myanmar_2025-06-05
21.0,95.3,Junta,myanmar_2025-06-05
21.0,95.4,Junta,myanmar_2025-06-05
21.0,95.5,Junta,myanmar_2025-06-05
21.0,95.6,Junta,myanmar_2025-06-05
21.0,95.7,Junta,myanmar_2025-06-05
21.0,95.8,Junta,myanmar_2025-06-05
21.0,95.9,Junta,myanmar_2025-06-05
21.0,96.0,Junta,myanmar_2025-06-05
21.0,96.1,Junta,myanmar_2025-06-05
21.0,96.2,Junta,myanmar_2025-06-05
21.0,96.3,Junta,myanmar_2025-06-05
21.0,96.4,Junta,myanmar_2025-06-05
21.0,96.5,Junta,myanmar_2025-06-05
21.0,96.6,Junta,myanmar_2025-06-05
21.0,96.7,Junta,myanmar_2025-06-05
21.0,96.8,Junta,myanmar_2025-06-05
21.0,96.9,Junta,myanmar_2025-06-05
21.0,97.0,Junta,myanmar_2025-06-05
21.0,97.1,Junta,myanmar_2025-06-05
21.0,97.2,Junta,myanmar_2025-06-05
21.0,97.3,Junta,myanmar_2025-06-05
21.0,97.4,Junta,myanmar_2025-06-05
21.0,97.5,Junta,myanmar_2025-06-05
21.0,97.6,Junta,myanmar_2025-06-05
21.0,97.7,Junta,myanmar_2025-06-05
21.0,97.8,Junta,myanmar_2025-06-05
21.0,97.9,Junta,myanmar_2025-06-05
21.0,98.0,Junta,myanmar_2025-06-05
21.0,98.1,Junta,myanmar_2025-06-05
21.0,98.2,Junta,myanmar_2025-06-05
21.0,98.3,Junta,myanmar_2025-06-05
21.0,98.4,Junta,myanmar_2025-06-05
21.0,98.5,Junta,myanmar_2025-06-05
21.0,98.6,Junta,myanmar_2025-06-05
21.0,98.7,Junta,myanmar_2025-06-05
21.0,98.8,Junta,myanmar_2025-06-05
21.0,98.9,Junta,myanmar_2025-06-05
21.0,99.0,Junta,myanmar_2025-06-05
21.0,99.1,Junta,myanmar_2025-06-05
21.0,99.2,Junta,myanmar_2025-06-05
21.0,99.3,Junta,myanmar_2025-06-05
21.0,99.4,Junta,myanmar_2025-06-05
21.0,99.5,Junta,myanmar_2025-06-05
21.0,99.6,Junta,myanmar_2025-06-05
21.0,99.7,Junta,myanmar_2025-06-05
21.0,99.8,Junta,myanmar_2025-06-05
21.0,99.9,Junta,myanmar_2025-06-05
21.0,100.0,Junta,myanmar_2025-06-05
21.0,100.1,Junta,myanmar_2025-06-05
21.0,100.2,Junta,myanmar_2025-06-05
21.0,100.3,Junta,myanmar_2025-06-05
21.0,100.4,Junta,myanmar_2025-06-05
21.0,100.5,Junta,myanmar_2025-06-05
21.0,100.6,Outside Myanmar,myanmar_2025-06-05
21.0,100.7,Outside Myanmar,myanmar_2025-06-05
21.0,100.8,Outside Myanmar,myanmar_2025-06-05
21.0,100.9,Outside Myanmar,myanmar_2025-06-05
21.0,101.0,Outside Myanmar,myanmar_2025-06-05
21.0,101.1,Outside Myanmar,myanmar_2025-06-05
21.0,101.2,Outside Myanmar,myanmar_2025-06-05
21.0,101.3,Outside Myanmar,myanmar_2025-06-05
21.0,101.4,Outside Myanmar,myanmar_2025-06-05
21.1,92.0,Outside Myanmar,myanmar_2025-06-05
21.1,92.1,Outside Myanmar,myanmar_2025-06-05
21.1,92.2,Outside Myanmar,myanmar_2025-06-05
21.1,92.3,Junta,myanmar_2025-06-05
21.1,92.4,AA,myanmar_2025-06-05
21.1,92.5,AA,myanmar_2025-06-05
21.1,92.6,AA,myanmar_2025-06-05
21.1,92.7,AA,myanmar_2025-06-05
21.1,92.8,AA,myanmar_2025-06-05
21.1,92.9,AA,myanmar_2025-06-05
21.1,93.0,AA,myanmar_2025-06-05
21.1,93.1,AA,myanmar_2025-06-05
21.1,93.2,AA,myanmar_2025-06-05
21.1,93.3,AA,myanmar_2025-06-05
21.1,93.4,AA,myanmar_2025-06-05
21.1,93.5,Chin Resistance,myanmar_2025-06-05
21.1,93.6,Chin Resistance,myanmar_2025-06-05
21.1,93.7,Chin Resistance,myanmar_2025-06-05
21.1,93.8,Chin Resistance,myanmar_2025-06-05
21.1,93.9,Chin Resistance,myanmar_2025-06-05
21.1,94.0,Chin Resistance,myanmar_2025-06-05
21.1,94.1,Chin Resistance,myanmar_2025-06-05
21.1,94.2,Junta,myanmar_2025-06-05
21.1,94.3,Junta,myanmar_2025-06-05
21.1,94.4,Junta,myanmar_2025-06-05
21.1,94.5,Junta,myanmar_2025-06-05
21.1,94.6,Junta,myanmar_2025-06-05
21.1,94.7,Junta,myanmar_2025-06-05
21.1,94.8,Junta,myanmar_2025-06-05
21.1,94.9,Junta,myanmar_2025-06-05
21.1,95.0,Junta,myanmar_2025-06-05
21.1,95.1,Junta,myanmar_2025-06-05
21.1,95.2,Junta,myanmar_2025-06-05
21.1,95.3,Junta,myanmar_2025-06-05
21.1,95.4,Junta,myanmar_2025-06-05
21.1,95.5,Junta,myanmar_2025-06-05
21.1,95.6,Junta,myanmar_2025-06-05
21.1,95.7,Junta,myanmar_2025-06-05
21.1,95.8,Junta,myanmar_2025-06-05
21.1,95.9,Junta,myanmar_2025-06-05
21.1,96.0,Junta,myanmar_2025-06-05
21.1,96.1,Junta,myanmar_2025-06-05
21.1,96.2,Junta,myanmar_2025-06-05
21.1,96.3,PDF,myanmar_2025-06-05
21.1,96.4,Junta,myanmar_2025-06-05
21.1,96.5,Junta,myanmar_2025-06-05
21.1,96.6,Junta,myanmar_2025-06-05
21.1,96.7,Junta,myanmar_2025-06-05
21.1,96.8,Junta,myanmar_2025-06-05
21.1,96.9,Junta,myanmar_2025-06-05
21.1,97.0,Junta,myanmar_2025-06-05
21.1,97.1,Junta,myanmar_2025-06-05
21.1,97.2,Junta,myanmar_2025-06-05
21.1,97.3,Junta,myanmar_2025-06-05
21.1,97.4,Junta,myanmar_2025-06-05
21.1,97.5,Junta,myanmar_2025-06-05
21.1,97.6,Junta,myanmar_2025-06-05
21.1,97.7,Junta,myanmar_2025-06-05
21.1,97.8,Junta,myanmar_2025-06-05
21.1,97.9,Junta,myanmar_2025-06-05
21.1,98.0,Junta,myanmar_2025-06-05
21.1,98.1,Junta,myanmar_2025-06-05
21.1,98.2,Junta,myanmar_2025-06-05
21.1,98.3,Junta,myanmar_2025-06-05
21.1,98.4,Junta,myanmar_2025-06-05
21.1,98.5,Junta,myanmar_2025-06-05
21.1,98.6,Junta,myanmar_2025-06-05
21.1,98.7,Junta,myanmar_2025-06-05
21.1,98.8,Junta,myanmar_2025-06-05
21.1,98.9,Junta,myanmar_2025-06-05
21.1,99.0,Junta,myanmar_2025-06-05
21.1,99.1,Junta,myanmar_2025-06-05
21.1,99.2,Junta,myanmar_2025-06-05
21.1,99.3,Junta,myanmar_2025-06-05
21.1,99.4,Junta,myanmar_2025-06-05
21.1,99.5,Junta,myanmar_2025-06-05
21.1,99.6,Junta,myanmar_2025-06-05
21.1,99.7,Junta,myanmar_2025-06-05
21.1,99.8,Junta,myanmar_2025-06-05
21.1,99.9,Junta,myanmar_2025-06-05
21.1,100.0,Junta,myanmar_2025-06-05
21.1,100.1,Junta,myanmar_2025-06-05
21.1,100.2,Junta,myanmar_2025-06-05
21.1,100.3,Junta,myanmar_2025-06-05
21.1,100.4,Junta,myanmar_2025-06-05
21.1,100.5,Junta,myanmar_2025-06-05
21.1,100.6,Junta,myanmar_2025-06-05
21.1,100.7,Outside Myanmar,myanmar_2025-06-05
21.1,100.8,Outside Myanmar,myanmar_2025-06-05
21.1,100.9,Outside Myanmar,myanmar_2025-06-05
21.1,101.0,Outside Myanmar,myanmar_2025-06-05
21.1,101.1,Outside Myanmar,myanmar_2025-06-05
21.1,101.2,Outside Myanmar,myanmar_2025-06-05
21.1,101.3,Outside Myanmar,myanmar_2025-06-05
21.1,101.4,Outside Myanmar,myanmar_2025-06-05
21.2,92.0,Outside Myanmar,myanmar_2025-06-05
21.2,92.1,Outside Myanmar,myanmar_2025-06-05
21.2,92.2,Junta,myanmar_2025-06-05
21.2,92.3,AA,myanmar_2025-06-05
21.2,92.4,AA,myanmar_2025-06-05
21.2,92.5,AA,myanmar_2025-06-05
21.2,92.6,AA,myanmar_2025-06-05
21.2,92.7,AA,myanmar_2025-06-05
21.2,92.8,AA,myanmar_2025-06-05
21.2,92.9,AA,myanmar_2025-06-05
21.2,93.0,AA,myanmar_2025-06-05
21.2,93.1,AA,myanmar_2025-06-05
21.2,93.2,AA,myanmar_2025-06-05
21.2,93.3,Chin Resistance,myanmar_2025-06-05
21.2,93.4,Chin Resistance,myanmar_2025-06-05
21.2,93.5,Chin Resistance,myanmar_2025-06-05
21.2,93.6,Chin Resistance,myanmar_2025-06-05
21.2,93.7,Chin Resistance,myanmar_2025-06-05
21.2,93.8,Chin Resistance,myanmar_2025-06-05
21.2,93.9,Chin Resistance,myanmar_2025-06-05
21.2,94.0,Chin Resistance,myanmar_2025-06-05
21.2,94.1,Chin Resistance,myanmar_2025-06-05
21.2,94.2,Chin Resistance,myanmar_2025-06-05
21.2,94.3,PDF,myanmar_2025-06-05
21.2,94.4,PDF,myanmar_2025-06-05
21.2,94.5,PDF,myanmar_2025-06-05
21.2,94.6,Junta,myanmar_2025-06-05
21.2,94.7,Junta,myanmar_2025-06-05
21.2,94.8,Junta,myanmar_2025-06-05
21.2,94.9,Junta,myanmar_2025-06-05
21.2,95.0,Junta,myanmar_2025-06-05
21.2,95.1,Junta,myanmar_2025-06-05
21.2,95.2,Junta,myanmar_2025-06-05
21.2,95.3,Junta,myanmar_2025-06-05
21.2,95.4,Junta,myanmar_2025-06-05
21.2,95.5,Junta,myanmar_2025-06-05
21.2,95.6,Junta,myanmar_2025-06-05
21.2,95.7,Junta,myanmar_2025-06-05
21.2,95.8,Junta,myanmar_2025-06-05
21.2,95.9,Junta,myanmar_2025-06-05
21.2,96.0,Junta,myanmar_2025-06-05
21.2,96.1,Junta,myanmar_2025-06-05
21.2,96.2,PDF,myanmar_2025-06-05
21.2,96.3,PDF,myanmar_2025-06-05
21.2,96.4,Junta,myanmar_2025-06-05
21.2,96.5,Junta,myanmar_2025-06-05
21.2,96.6,Junta,myanmar_2025-06-05
21.2,96.7,Junta,myanmar_2025-06-05
21.2,96.8,Junta,myanmar_2025-06-05
21.2,96.9,Junta,myanmar_2025-06-05
21.2,97.0,Junta,myanmar_2025-06-05
21.2,97.1,Junta,myanmar_2025-06-05
21.2,97.2,Junta,myanmar_2025-06-05
21.2,97.3,Junta,myanmar_2025-06-05
21.2,97.4,Junta,myanmar_2025-06-05
21.2,97.5,Junta,myanmar_2025-06-05
21.2,97.6,Junta,myanmar_2025-06-05
21.2,97.7,Junta,myanmar_2025-06-05
21.2,97.8,Junta,myanmar_2025-06-05
21.2,97.9,Junta,myanmar_2025-06-05
21.2,98.0,Junta,myanmar_2025-06-05
21.2,98.1,Junta,myanmar_2025-06-05
21.2,98.2,Junta,myanmar_2025-06-05
21.2,98.3,Junta,myanmar_2025-06-05
21.2,98.4,Junta,myanmar_2025-06-05
21.2,98.5,Junta,myanmar_2025-06-05
21.2,98.6,Junta,myanmar_2025-06-05
21.2,98.7,Junta,myanmar_2025-06-05
21.2,98.8,Junta,myanmar_2025-06-05
21.2,98.9,Junta,myanmar_2025-06-05
21.2,99.0,Junta,myanmar_2025-06-05
21.2,99.1,Junta,myanmar_2025-06-05
21.2,99.2,Junta,myanmar_2025-06-05
21.2,99.3,Junta,myanmar_2025-06-05
21.2,99.4,Junta,myanmar_2025-06-05
21.2,99.5,Junta,myanmar_2025-06-05
21.2,99.6,Junta,myanmar_2025-06-05
21.2,99.7,Junta,myanmar_2025-06-05
21.2,99.8,Junta,myanmar_2025-06-05
21.2,99.9,Junta,myanmar_2025-06-05
21.2,100.0,Junta,myanmar_2025-06-05
21.2,100.1,Junta,myanmar_2025-06-05
21.2,100.2,Junta,myanmar_2025-06-05
21.2,100.3,Junta,myanmar_2025-06-05
21.2,100.4,Junta,myanmar_2025-06-05
21.2,100.5,Junta,myanmar_2025-06-05
21.2,100.6,Junta,myanmar_2025-06-05
21.2,100.7,Outside Myanmar,myanmar_2025-06-05
21.2,100.8,Outside Myanmar,myanmar_2025-06-05
21.2,100.9,Outside Myanmar,myanmar_2025-06-05
21.2,101.0,Outside Myanmar,myanmar_2025-06-05
21.2,101.1,Outside Myanmar,myanmar_2025-06-05
21.2,101.2,Outside Myanmar,myanmar_2025-06-05
21.2,101.3,Outside Myanmar,myanmar_2025-06-05
21.2,101.4,Outside Myanmar,myanmar_2025-06-05
21.3,92.0,Outside Myanmar,myanmar_2025-06-05
21.3,92.1,Outside Myanmar,myanmar_2025-06-05
21.3,92.2,Junta,myanmar_2025-06-05
21.3,92.3,AA,myanmar_2025-06-05
21.3,92.4,AA,myanmar_2025-06-05
21.3,92.5,AA,myanmar_2025-06-05
21.3,92.6,AA,myanmar_2025-06-05
21.3,92.7,AA,myanmar_2025-06-05
21.3,92.8,AA,myanmar_2025-06-05
21.3,92.9,AA,myanmar_2025-06-05
21.3,93.0,AA,myanmar_2025-06-05
21.3,93.1,Chin Resistance,myanmar_2025-06-05
21.3,93.2,Chin Resistance,myanmar_2025-06-05
21.3,93.3,Chin Resistance,myanmar_2025-06-05
21.3,93.4,Chin Resistance,myanmar_2025-06-05
21.3,93.5,Chin Resistance,myanmar_2025-06-05
21.3,93.6,Chin Resistance,myanmar_2025-06-05
21.3,93.7,Chin Resistance,myanmar_2025-06-05
21.3,93.8,Chin Resistance,myanmar_2025-06-05
21.3,93.9,Chin Resistance,myanmar_2025-06-05
21.3,94.0,Chin Resistance,myanmar_2025-06-05
21.3,94.1,Chin Resistance,myanmar_2025-06-05
21.3,94.2,Chin Resistance,myanmar_2025-06-05
21.3,94.3,PDF,myanmar_2025-06-05
21.3,94.4,PDF,myanmar_2025-06-05
21.3,94.5,Junta,myanmar_2025-06-05
21.3,94.6,Junta,myanmar_2025-06-05
21.3,94.7,Junta,myanmar_2025-06-05
21.3,94.8,Junta,myanmar_2025-06-05
21.3,94.9,Junta,myanmar_2025-06-05
21.3,95.0,Junta,myanmar_2025-06-05
21.3,95.1,Junta,myanmar_2025-06-05
21.3,95.2,Junta,myanmar_2025-06-05
21.3,95.3,Junta,myanmar_2025-06-05
21.3,95.4,Junta,myanmar_2025-06-05
21.3,95.5,Junta,myanmar_2025-06-05
21.3,95.6,Junta,myanmar_2025-06-05
21.3,95.7,Junta,myanmar_2025-06-05
21.3,95.8,Junta,myanmar_2025-06-05
21.3,95.9,Junta,myanmar_2025-06-05
21.3,96.0,Junta,myanmar_2025-06-05
21.3,96.1,Junta,myanmar_2025-06-05
21.3,96.2,PDF,myanmar_2025-06-05
21.3,96.3,PDF,myanmar_2025-06-05
21.3,96.4,Junta,myanmar_2025-06-05
21.3,96.5,Junta,myanmar_2025-06-05
21.3,96.6,Junta,myanmar_2025-06-05
21.3,96.7,Junta,myanmar_2025-06-05
21.3,96.8,Junta,myanmar_2025-06-05
21.3,96.9,Junta,myanmar_2025-06-05
21.3,97.0,Junta,myanmar_2025-06-05
21.3,97.1,Junta,myanmar_2025-06-05
21.3,97.2,Junta,myanmar_2025-06-05
21.3,97.3,Junta,myanmar_2025-06-05
21.3,97.4,Junta,myanmar_2025-06-05
21.3,97.5,Junta,myanmar_2025-06-05
21.3,97.6,Junta,myanmar_2025-06-05
21.3,97.7,Junta,myanmar_2025-06-05
21.3,97.8,Junta,myanmar_2025-06-05
21.3,97.9,Junta,myanmar_2025-06-05
21.3,98.0,Junta,myanmar_2025-06-05
21.3,98.1,Junta,myanmar_2025-06-05
21.3,98.2,Junta,myanmar_2025-06-05
21.3,98.3,Junta,myanmar_2025-06-05
21.3,98.4,Junta,myanmar_2025-06-05
21.3,98.5,Junta,myanmar_2025-06-05
21.3,98.6,Junta,myanmar_2025-06-05
21.3,98.7,Junta,myanmar_2025-06-05
21.3,98.8,Junta,myanmar_2025-06-05
21.3,98.9,Junta,myanmar_2025-06-05
21.3,99.0,Junta,myanmar_2025-06-05
21.3,99.1,Junta,myanmar_2025-06-05
21.3,99.2,Junta,myanmar_2025-06-05
21.3,99.3,Junta,myanmar_2025-06-05
21.3,99.4,Junta,myanmar_2025-06-05
21.3,99.5,Junta,myanmar_2025-06-05
21.3,99.6,Junta,myanmar_2025-06-05
21.3,99.7,Junta,myanmar_2025-06-05
21.3,99.8,Junta,myanmar_2025-06-05
21.3,99.9,Junta,myanmar_2025-06-05
21.3,100.0,Junta,myanmar_2025-06-05
21.3,100.1,NDAA,myanmar_2025-06-05
21.3,100.2,NDAA,myanmar_2025-06-05
21.3,100.3,NDAA,myanmar_2025-06-05
21.3,100.4,NDAA,myanmar_2025-06-05
21.3,100.5,NDAA,myanmar_2025-06-05
21.3,100.6,NDAA,myanmar_2025-06-05
21.3,100.7,Junta,myanmar_2025-06-05
21.3,100.8,Outside Myanmar,myanmar_2025-06-05
21.3,100.9,Outside Myanmar,myanmar_2025-06-05
21.3,101.0,Outside Myanmar,myanmar_2025-06-05
21.3,101.1,Outside Myanmar,myanmar_2025-06-05
21.3,101.2,Outside Myanmar,myanmar_2025-06-05
21.3,101.3,Outside Myanmar,myanmar_2025-06-05
21.3,101.4,Outside Myanmar,myanmar_2025-06-05
21.4,92.0,Outside Myanmar,myanmar_2025-06-05
21.4,92.1,Outside Myanmar,myanmar_2025-06-05
21.4,92.2,Outside Myanmar,myanmar_2025-06-05
21.4,92.3,AA,myanmar_2025-06-05
21.4,92.4,AA,myanmar_2025-06-05
21.4,92.5,AA,myanmar_2025-06-05
21.4,92.6,AA,myanmar_2025-06-05
21.4,92.7,AA,myanmar_2025-06-05
21.4,92.8,AA,myanmar_2025-06-05
21.4,92.9,AA,myanmar_2025-06-05
21.4,93.0,Chin Resistance,myanmar_2025-06-05
21.4,93.1,Chin Resistance,myanmar_2025-06-05
21.4,93.2,Chin Resistance,myanmar_2025-06-05
21.4,93.3,Chin Resistance,myanmar_2025-06-05
21.4,93.4,Chin Resistance,myanmar_2025-06-05
21.4,93.5,Chin Resistance,myanmar_2025-06-05
21.4,93.6,Chin Resistance,myanmar_2025-06-05
21.4,93.7,Chin Resistance,myanmar_2025-06-05
21.4,93.8,Chin Resistance,myanmar_2025-06-05
21.4,93.9,Chin Resistance,myanmar_2025-06-05
21.4,94.0,Chin Resistance,myanmar_2025-06-05
21.4,94.1,Chin Resistance,myanmar_2025-06-05
21.4,94.2,Chin Resistance,myanmar_2025-06-05
21.4,94.3,PDF,myanmar_2025-06-05
21.4,94.4,Junta,myanmar_2025-06-05
21.4,94.5,Junta,myanmar_2025-06-05
21.4,94.6,Junta,myanmar_2025-06-05
21.4,94.7,Junta,myanmar_2025-06-05
21.4,94.8,PDF,myanmar_2025-06-05
21.4,94.9,Junta,myanmar_2025-06-05
21.4,95.0,Junta,myanmar_2025-06-05
21.4,95.1,Junta,myanmar_2025-06-05
21.4,95.2,Junta,myanmar_2025-06-05
21.4,95.3,Junta,myanmar_2025-06-05
21.4,95.4,Junta,myanmar_2025-06-05
21.4,95.5,Junta,myanmar_2025-06-05
21.4,95.6,Junta,myanmar_2025-06-05
21.4,95.7,Junta,myanmar_2025-06-05
21.4,95.8,Junta,myanmar_2025-06-05
21.4,95.9,Junta,myanmar_2025-06-05
21.4,96.0,Junta,myanmar_2025-06-05
21.4,96.1,Junta,myanmar_2025-06-05
21.4,96.2,Junta,myanmar_2025-06-05
21.4,96.3,Junta,myanmar_2025-06-05
21.4,96.4,Junta,myanmar_2025-06-05
21.4,96.5,Junta,myanmar_2025-06-05
21.4,96.6,Junta,myanmar_2025-06-05
21.4,96.7,Junta,myanmar_2025-06-05
21.4,96.8,Junta,myanmar_2025-06-05
21.4,96.9,Junta,myanmar_2025-06-05
21.4,97.0,Junta,myanmar_2025-06-05
21.4,97.1,Junta,myanmar_2025-06-05
21.4,97.2,Junta,myanmar_2025-06-05
21.4,97.3,Junta,myanmar_2025-06-05
21.4,97.4,Junta,myanmar_2025-06-05
21.4,97.5,Junta,myanmar_2025-06-05
21.4,97.6,Junta,myanmar_2025-06-05
21.4,97.7,Junta,myanmar_2025-06-05
21.4,97.8,Junta,myanmar_2025-06-05
21.4,97.9,Junta,myanmar_2025-06-05
21.4,98.0,Junta,myanmar_2025-06-05
21.4,98.1,Junta,myanmar_2025-06-05
21.4,98.2,Junta,myanmar_2025-06-05
21.4,98.3,Junta,myanmar_2025-06-05
21.4,98.4,Junta,myanmar_2025-06-05
21.4,98.5,Junta,myanmar_2025-06-05
21.4,98.6,Junta,myanmar_2025-06-05
21.4,98.7,Junta,myanmar_2025-06-05
21.4,98.8,Junta,myanmar_2025-06-05
21.4,98.9,Junta,myanmar_2025-06-05
21.4,99.0,Junta,myanmar_2025-06-05
21.4,99.1,Junta,myanmar_2025-06-05
21.4,99.2,Junta,myanmar_2025-06-05
21.4,99.3,Junta,myanmar_2025-06-05
21.4,99.4,Junta,myanmar_2025-06-05
21.4,99.5,Junta,myanmar_2025-06-05
21.4,99.6,Junta,myanmar_2025-06-05
21.4,99.7,Junta,myanmar_2025-06-05
21.4,99.8,Junta,myanmar_2025-06-05
21.4,99.9,NDAA,myanmar_2025-06-05
21.4,100.0,NDAA,myanmar_2025-06-05
21.4,100.1,NDAA,myanmar_2025-06-05
21.4,100.2,NDAA,myanmar_2025-06-05
21.4,100.3,NDAA,myanmar_2025-06-05
21.4,100.4,NDAA,myanmar_2025-06-05
21.4,100.5,NDAA,myanmar_2025-06-05
21.4,100.6,NDAA,myanmar_2025-06-05
21.4,100.7,Junta,myanmar_2025-06-05
21.4,100.8,Junta,myanmar_2025-06-05
21.4,100.9,Junta,myanmar_2025-06-05
21.4,101.0,Outside Myanmar,myanmar_2025-06-05
21.4,101.1,Outside Myanmar,myanmar_2025-06-05
21.4,101.2,Outside Myanmar,myanmar_2025-06-05
21.4,101.3,Outside Myanmar,myanmar_2025-06-05
21.4,101.4,Outside Myanmar,myanmar_2025-06-05
21.5,92.0,Outside Myanmar,myanmar_2025-06-05
21.5,92.1,Outside Myanmar,myanmar_2025-06-05
21.5,92.2,Outside Myanmar,myanmar_2025-06-05
21.5,92.3,AA,myanmar_2025-06-05
21.5,92.4,AA,myanmar_2025-06-05
21.5,92.5,AA,myanmar_2025-06-05
21.5,92.6,Junta,myanmar_2025-06-05
21.5,92.7,AA,myanmar_2025-06-05
21.5,92.8,AA,myanmar_2025-06-05
21.5,92.9,Chin Resistance,myanmar_2025-06-05
21.5,93.0,Chin Resistance,myanmar_2025-06-05
21.5,93.1,Chin Resistance,myanmar_2025-06-05
21.5,93.2,Chin Resistance,myanmar_2025-06-05
21.5,93.3,Chin Resistance,myanmar_2025-06-05
21.5,93.4,Chin Resistance,myanmar_2025-06-05
21.5,93.5,Chin Resistance,myanmar_2025-06-05
21.5,93.6,Chin Resistance,myanmar_2025-06-05
21.5,93.7,Chin Resistance,myanmar_2025-06-05
21.5,93.8,Chin Resistance,myanmar_2025-06-05
21.5,93.9,Chin Resistance,myanmar_2025-06-05
21.5,94.0,Chin Resistance,myanmar_2025-06-05
21.5,94.1,Chin Resistance,myanmar_2025-06-05
21.5,94.2,Chin Resistance,myanmar_2025-06-05
21.5,94.3,PDF,myanmar_2025-06-05
21.5,94.4,Junta,myanmar_2025-06-05
21.5,94.5,Junta,myanmar_2025-06-05
21.5,94.6,Junta,myanmar_2025-06-05
21.5,94.7,Junta,myanmar_2025-06-05
21.5,94.8,Junta,myanmar_2025-06-05
21.5,94.9,PDF,myanmar_2025-06-05
21.5,95.0,PDF,myanmar_2025-06-05
21.5,95.1,Junta,myanmar_2025-06-05
21.5,95.2,Junta,myanmar_2025-06-05
21.5,95.3,Junta,myanmar_2025-06-05
21.5,95.4,Junta,myanmar_2025-06-05
21.5,95.5,Junta,myanmar_2025-06-05
21.5,95.6,Junta,myanmar_2025-06-05
21.5,95.7,Junta,myanmar_2025-06-05
21.5,95.8,Junta,myanmar_2025-06-05
21.5,95.9,Junta,myanmar_2025-06-05
21.5,96.0,Junta,myanmar_2025-06-05
21.5,96.1,Junta,myanmar_2025-06-05
21.5,96.2,Junta,myanmar_2025-06-05
21.5,96.3,Junta,myanmar_2025-06-05
21.5,96.4,Junta,myanmar_2025-06-05
21.5,96.5,Junta,myanmar_2025-06-05
21.5,96.6,Junta,myanmar_2025-06-05
21.5,96.7,Junta,myanmar_2025-06-05
21.5,96.8,Junta,myanmar_2025-06-05
21.5,96.9,Junta,myanmar_2025-06-05
21.5,97.0,Junta,myanmar_2025-06-05
21.5,97.1,Junta,myanmar_2025-06-05
21.5,97.2,Junta,myanmar_2025-06-05
21.5,97.3,Junta,myanmar_2025-06-05
21.5,97.4,Junta,myanmar_2025-06-05
21.5,97.5,Junta,myanmar_2025-06-05
21.5,97.6,Junta,myanmar_2025-06-05
21.5,97.7,Junta,myanmar_2025-06-05
21.5,97.8,Junta,myanmar_2025-06-05
21.5,97.9,Junta,myanmar_2025-06-05
21.5,98.0,Junta,myanmar_2025-06-05
21.5,98.1,Junta,myanmar_2025-06-05
21.5,98.2,Junta,myanmar_2025-06-05
21.5,98.3,Junta,myanmar_2025-06-05
21.5,98.4,Junta,myanmar_2025-06-05
21.5,98.5,Junta,myanmar_2025-06-05
21.5,98.6,Junta,myanmar_2025-06-05
21.5,98.7,Junta,myanmar_2025-06-05
21.5,98.8,Junta,myanmar_2025-06-05
21.5,98.9,Junta,myanmar_2025-06-05
21.5,99.0,Junta,myanmar_2025-06-05
21.5,99.1,Junta,myanmar_2025-06-05
21.5,99.2,Junta,myanmar_2025-06-05
21.5,99.3,Junta,myanmar_2025-06-05
21.5,99.4,Junta,myanmar_2025-06-05
21.5,99.5,Junta,myanmar_2025-06-05
21.5,99.6,Junta,myanmar_2025-06-05
21.5,99.7,NDAA,myanmar_2025-06-05
21.5,99.8,NDAA,myanmar_2025-06-05
21.5,99.9,NDAA,myanmar_2025-06-05
21.5,100.0,NDAA,myanmar_2025-06-05
21.5,100.1,NDAA,myanmar_2025-06-05
21.5,100.2,NDAA,myanmar_2025-06-05
21.5,100.3,NDAA,myanmar_2025-06-05
21.5,100.4,NDAA,myanmar_2025-06-05
21.5,100.5,NDAA,myanmar_2025-06-05
21.5,100.6,NDAA,myanmar_2025-06-05
21.5,100.7,NDAA,myanmar_2025-06-05
21.5,100.8,NDAA,myanmar_2025-06-05
21.5,100.9,Junta,myanmar_2025-06-05
21.5,101.0,Junta,myanmar_2025-06-05
21.5,101.1,Outside Myanmar,myanmar_2025-06-05
21.5,101.2,Outside Myanmar,myanmar_2025-06-05
21.5,101.3,Outside Myanmar,myanmar_2025-06-05
21.5,101.4,Outside Myanmar,myanmar_2025-06-05
21.6,92.0,Outside Myanmar,myanmar_2025-06-05
21.6,92.1,Outside Myanmar,myanmar_2025-06-05
21.6,92.2,Outside Myanmar,myanmar_2025-06-05
21.6,92.3,Outside Myanmar,myanmar_2025-06-05
21.6,92.4,AA,myanmar_2025-06-05
21.6,92.5,Outside Myanmar,myanmar_2025-06-05
21.6,92.6,Junta,myanmar_2025-06-05
21.6,92.7,AA,myanmar_2025-06-05
21.6,92.8,AA,myanmar_2025-06-05
21.6,92.9,Chin Resistance,myanmar_2025-06-05
21.6,93.0,Chin Resistance,myanmar_2025-06-05
21.6,93.1,Chin Resistance,myanmar_2025-06-05
21.6,93.2,Chin Resistance,myanmar_2025-06-05
21.6,93.3,Chin Resistance,myanmar_2025-06-05
21.6,93.4,Chin Resistance,myanmar_2025-06-05
21.6,93.5,Chin Resistance,myanmar_2025-06-05
21.6,93.6,Chin Resistance,myanmar_2025-06-05
21.6,93.7,Chin Resistance,myanmar_2025-06-05
21.6,93.8,Chin Resistance,myanmar_2025-06-05
21.6,93.9,Chin Resistance,myanmar_2025-06-05
21.6,94.0,Chin Resistance,myanmar_2025-06-05
21.6,94.1,Chin Resistance,myanmar_2025-06-05
21.6,94.2,Chin Resistance,myanmar_2025-06-05
21.6,94.3,PDF,myanmar_2025-06-05
21.6,94.4,Junta,myanmar_2025-06-05
21.6,94.5,Junta,myanmar_2025-06-05
21.6,94.6,Junta,myanmar_2025-06-05
21.6,94.7,Junta,myanmar_2025-06-05
21.6,94.8,PDF,myanmar_2025-06-05
21.6,94.9,PDF,myanmar_2025-06-05
21.6,95.0,PDF,myanmar_2025-06-05
21.6,95.1,Junta,myanmar_2025-06-05
21.6,95.2,Junta,myanmar_2025-06-05
21.6,95.3,PDF,myanmar_2025-06-05
21.6,95.4,Junta,myanmar_2025-06-05
21.6,95.5,Junta,myanmar_2025-06-05
21.6,95.6,Junta,myanmar_2025-06-05
21.6,95.7,Junta,myanmar_2025-06-05
21.6,95.8,Junta,myanmar_2025-06-05
21.6,95.9,Junta,myanmar_2025-06-05
21.6,96.0,Junta,myanmar_2025-06-05
21.6,96.1,Junta,myanmar_2025-06-05
21.6,96.2,Junta,myanmar_2025-06-05
21.6,96.3,Junta,myanmar_2025-06-05
21.6,96.4,Junta,myanmar_2025-06-05
21.6,96.5,Junta,myanmar_2025-06-05
21.6,96.6,Junta,myanmar_2025-06-05
21.6,96.7,Junta,myanmar_2025-06-05
21.6,96.8,Junta,myanmar_2025-06-05
21.6,96.9,Junta,myanmar_2025-06-05
21.6,97.0,Junta,myanmar_2025-06-05
21.6,97.1,Junta,myanmar_2025-06-05
21.6,97.2,Junta,myanmar_2025-06-05
21.6,97.3,Junta,myanmar_2025-06-05
21.6,97.4,Junta,myanmar_2025-06-05
21.6,97.5,Junta,myanmar_2025-06-05
21.6,97.6,Junta,myanmar_2025-06-05
21.6,97.7,Junta,myanmar_2025-06-05
21.6,97.8,Junta,myanmar_2025-06-05
21.6,97.9,Junta,myanmar_2025-06-05
21.6,98.0,Junta,myanmar_2025-06-05
21.6,98.1,Junta,myanmar_2025-06-05
21.6,98.2,Junta,myanmar_2025-06-05
21.6,98.3,Junta,myanmar_2025-06-05
21.6,98.4,Junta,myanmar_2025-06-05
21.6,98.5,Junta,myanmar_2025-06-05
21.6,98.6,Junta,myanmar_2025-06-05
21.6,98.7,Junta,myanmar_2025-06-05
21.6,98.8,Junta,myanmar_2025-06-05
21.6,98.9,Junta,myanmar_2025-06-05
21.6,99.0,Junta,myanmar_2025-06-05
21.6,99.1,Junta,myanmar_2025-06-05
21.6,99.2,Junta,myanmar_2025-06-05
21.6,99.3,Junta,myanmar_2025-06-05
21.6,99.4,Junta,myanmar_2025-06-05
21.6,99.5,Junta,myanmar_2025-06-05
21.6,99.6,NDAA,myanmar_2025-06-05
21.6,99.7,NDAA,myanmar_2025-06-05
21.6,99.8,NDAA,myanmar_2025-06-05
21.6,99.9,NDAA,myanmar_2025-06-05
21.6,100.0,NDAA,myanmar_2025-06-05
21.6,100.1,Junta,myanmar_2025-06-05
21.6,100.2,NDAA,myanmar_2025-06-05
21.6,100.3,NDAA,myanmar_2025-06-05
21.6,100.4,NDAA,myanmar_2025-06-05
21.6,100.5,NDAA,myanmar_2025-06-05
21.6,100.6,NDAA,myanmar_2025-06-05
21.6,100.7,NDAA,myanmar_2025-06-05
21.6,100.8,NDAA,myanmar_2025-06-05
21.6,100.9,NDAA,myanmar_2025-06-05
21.6,101.0,NDAA,myanmar_2025-06-05
21.6,101.1,Junta,myanmar_2025-06-05
21.6,101.2,Outside Myanmar,myanmar_2025-06-05
21.6,101.3,Outside Myanmar,myanmar_2025-06-05
21.6,101.4,Outside Myanmar,myanmar_2025-06-05
21.7,92.0,Outside Myanmar,myanmar_2025-06-05
21.7,92.1,Outside Myanmar,myanmar_2025-06-05
21.7,92.2,Outside Myanmar,myanmar_2025-06-05
21.7,92.3,Outside Myanmar,myanmar_2025-06-05
21.7,92.4,Outside Myanmar,myanmar_2025-06-05
21.7,92.5,Outside Myanmar,myanmar_2025-06-05
21.7,92.6,Junta,myanmar_2025-06-05
21.7,92.7,AA,myanmar_2025-06-05
21.7,92.8,AA,myanmar_2025-06-05
21.7,92.9,Chin Resistance,myanmar_2025-06-05
21.7,93.0,Chin Resistance,myanmar_2025-06-05
21.7,93.1,Chin Resistance,myanmar_2025-06-05
21.7,93.2,Chin Resistance,myanmar_2025-06-05
21.7,93.3,Chin Resistance,myanmar_2025-06-05
21.7,93.4,Chin Resistance,myanmar_2025-06-05
21.7,93.5,Chin Resistance,myanmar_2025-06-05
21.7,93.6,Chin Resistance,myanmar_2025-06-05
21.7,93.7,Chin Resistance,myanmar_2025-06-05
21.7,93.8,Chin Resistance,myanmar_2025-06-05
21.7,93.9,Chin Resistance,myanmar_2025-06-05
21.7,94.0,Chin Resistance,myanmar_2025-06-05
21.7,94.1,Chin Resistance,myanmar_2025-06-05
21.7,94.2,Chin Resistance,myanmar_2025-06-05
21.7,94.3,PDF,myanmar_2025-06-05
21.7,94.4,Junta,myanmar_2025-06-05
21.7,94.5,Junta,myanmar_2025-06-05
21.7,94.6,Junta,myanmar_2025-06-05
21.7,94.7,Junta,myanmar_2025-06-05
21.7,94.8,Junta,myanmar_2025-06-05
21.7,94.9,Junta,myanmar_2025-06-05
21.7,95.0,PDF,myanmar_2025-06-05
21.7,95.1,PDF,myanmar_2025-06-05
21.7,95.2,Junta,myanmar_2025-06-05
21.7,95.3,PDF,myanmar_2025-06-05
21.7,95.4,Junta,myanmar_2025-06-05
21.7,95.5,Junta,myanmar_2025-06-05
21.7,95.6,Junta,myanmar_2025-06-05
21.7,95.7,Junta,myanmar_2025-06-05
21.7,95.8,Junta,myanmar_2025-06-05
21.7,95.9,Junta,myanmar_2025-06-05
21.7,96.0,Junta,myanmar_2025-06-05
21.7,96.1,Junta,myanmar_2025-06-05
21.7,96.2,Junta,myanmar_2025-06-05
21.7,96.3,Junta,myanmar_2025-06-05
21.7,96.4,Junta,myanmar_2025-06-05
21.7,96.5,Junta,myanmar_2025-06-05
21.7,96.6,Junta,myanmar_2025-06-05
21.7,96.7,Junta,myanmar_2025-06-05
21.7,96.8,Junta,myanmar_2025-06-05
21.7,96.9,Junta,myanmar_2025-06-05
21.7,97.0,Junta,myanmar_2025-06-05
21.7,97.1,Junta,myanmar_2025-06-05
21.7,97.2,Junta,myanmar_2025-06-05
21.7,97.3,Junta,myanmar_2025-06-05
21.7,97.4,Junta,myanmar_2025-06-05
21.7,97.5,Junta,myanmar_2025-06-05
21.7,97.6,Junta,myanmar_2025-06-05
21.7,97.7,Junta,myanmar_2025-06-05
21.7,97.8,Junta,myanmar_2025-06-05
21.7,97.9,Junta,myanmar_2025-06-05
21.7,98.0,Junta,myanmar_2025-06-05
21.7,98.1,Junta,myanmar_2025-06-05
21.7,98.2,Junta,myanmar_2025-06-05
21.7,98.3,Junta,myanmar_2025-06-05
21.7,98.4,Junta,myanmar_2025-06-05
21.7,98.5,Junta,myanmar_2025-06-05
21.7,98.6,Junta,myanmar_2025-06-05
21.7,98.7,Junta,myanmar_2025-06-05
21.7,98.8,Junta,myanmar_2025-06-05
21.7,98.9,Junta,myanmar_2025-06-05
21.7,99.0,Junta,myanmar_2025-06-05
21.7,99.1,Junta,myanmar_2025-06-05
21.7,99.2,Junta,myanmar_2025-06-05
21.7,99.3,Junta,myanmar_2025-06-05
21.7,99.4,Junta,myanmar_2025-06-05
21.7,99.5,Junta,myanmar_2025-06-05
21.7,99.6,NDAA,myanmar_2025-06-05
21.7,99.7,NDAA,myanmar_2025-06-05
21.7,99.8,NDAA,myanmar_2025-06-05
21.7,99.9,NDAA,myanmar_2025-06-05
21.7,100.0,NDAA,myanmar_2025-06-05
21.7,100.1,Outside Myanmar,myanmar_2025-06-05
21.7,100.2,Outside Myanmar,myanmar_2025-06-05
21.7,100.3,Outside Myanmar,myanmar_2025-06-05
21.7,100.4,Outside Myanmar,myanmar_2025-06-05
21.7,100.5,Outside Myanmar,myanmar_2025-06-05
21.7,100.6,Outside Myanmar,myanmar_2025-06-05
21.7,100.7,NDAA,myanmar_2025-06-05
21.7,100.8,NDAA,myanmar_2025-06-05
21.7,100.9,NDAA,myanmar_2025-06-05
21.7,101.0,NDAA,myanmar_2025-06-05
21.7,101.1,Junta,myanmar_2025-06-05
21.7,101.2,Outside Myanmar,myanmar_2025-06-05
21.7,101.3,Outside Myanmar,myanmar_2025-06-05
21.7,101.4,Outside Myanmar,myanmar_2025-06-05
21.8,92.0,Outside Myanmar,myanmar_2025-06-05
21.8,92.1,Outside Myanmar,myanmar_2025-06-05
21.8,92.2,Outside Myanmar,myanmar_2025-06-05
21.8,92.3,Outside Myanmar,myanmar_2025-06-05
21.8,92.4,Outside Myanmar,myanmar_2025-06-05
21.8,92.5,Outside Myanmar,myanmar_2025-06-05
21.8,92.6,AA,myanmar_2025-06-05
21.8,92.7,AA,myanmar_2025-06-05
21.8,92.8,AA,myanmar_2025-06-05
21.8,92.9,Chin Resistance,myanmar_2025-06-05
21.8,93.0,Chin Resistance,myanmar_2025-06-05
21.8,93.1,Chin Resistance,myanmar_2025-06-05
21.8,93.2,Chin Resistance,myanmar_2025-06-05
21.8,93.3,Chin Resistance,myanmar_2025-06-05
21.8,93.4,Chin Resistance,myanmar_2025-06-05
21.8,93.5,Chin Resistance,myanmar_2025-06-05
21.8,93.6,Chin Resistance,myanmar_2025-06-05
21.8,93.7,Chin Resistance,myanmar_2025-06-05
21.8,93.8,Chin Resistance,myanmar_2025-06-05
21.8,93.9,Chin Resistance,myanmar_2025-06-05
21.8,94.0,Chin Resistance,myanmar_2025-06-05
21.8,94.1,Chin Resistance,myanmar_2025-06-05
21.8,94.2,Chin Resistance,myanmar_2025-06-05
21.8,94.3,Junta,myanmar_2025-06-05
21.8,94.4,Junta,myanmar_2025-06-05
21.8,94.5,Junta,myanmar_2025-06-05
21.8,94.6,Junta,myanmar_2025-06-05
21.8,94.7,Junta,myanmar_2025-06-05
21.8,94.8,PDF,myanmar_2025-06-05
21.8,94.9,PDF,myanmar_2025-06-05
21.8,95.0,Junta,myanmar_2025-06-05
21.8,95.1,Junta,myanmar_2025-06-05
21.8,95.2,PDF,myanmar_2025-06-05
21.8,95.3,Junta,myanmar_2025-06-05
21.8,95.4,PDF,myanmar_2025-06-05
21.8,95.5,Junta,myanmar_2025-06-05
21.8,95.6,Junta,myanmar_2025-06-05
21.8,95.7,Junta,myanmar_2025-06-05
21.8,95.8,Junta,myanmar_2025-06-05
21.8,95.9,Junta,myanmar_2025-06-05
21.8,96.0,Junta,myanmar_2025-06-05
21.8,96.1,Junta,myanmar_2025-06-05
21.8,96.2,Junta,myanmar_2025-06-05
21.8,96.3,Junta,myanmar_2025-06-05
21.8,96.4,PDF,myanmar_2025-06-05
21.8,96.5,PDF,myanmar_2025-06-05
21.8,96.6,Junta,myanmar_2025-06-05
21.8,96.7,Junta,myanmar_2025-06-05
21.8,96.8,Junta,myanmar_2025-06-05
21.8,96.9,Junta,myanmar_2025-06-05
21.8,97.0,Junta,myanmar_2025-06-05
21.8,97.1,Junta,myanmar_2025-06-05
21.8,97.2,Junta,myanmar_2025-06-05
21.8,97.3,Junta,myanmar_2025-06-05
21.8,97.4,Junta,myanmar_2025-06-05
21.8,97.5,Junta,myanmar_2025-06-05
21.8,97.6,Junta,myanmar_2025-06-05
21.8,97.7,Junta,myanmar_2025-06-05
21.8,97.8,Junta,myanmar_2025-06-05
21.8,97.9,Junta,myanmar_2025-06-05
21.8,98.0,Junta,myanmar_2025-06-05
21.8,98.1,Junta,myanmar_2025-06-05
21.8,98.2,Junta,myanmar_2025-06-05
21.8,98.3,Junta,myanmar_2025-06-05
21.8,98.4,Junta,myanmar_2025-06-05
21.8,98.5,Junta,myanmar_2025-06-05
21.8,98.6,Junta,myanmar_2025-06-05
21.8,98.7,Junta,myanmar_2025-06-05
21.8,98.8,Junta,myanmar_2025-06-05
21.8,98.9,UWSA,myanmar_2025-06-05
21.8,99.0,Junta,myanmar_2025-06-05
21.8,99.1,Junta,myanmar_2025-06-05
21.8,99.2,Junta,myanmar_2025-06-05
21.8,99.3,Junta,myanmar_2025-06-05
21.8,99.4,Junta,myanmar_2025-06-05
21.8,99.5,NDAA,myanmar_2025-06-05
21.8,99.6,NDAA,myanmar_2025-06-05
21.8,99.7,NDAA,myanmar_2025-06-05
21.8,99.8,NDAA,myanmar_2025-06-05
21.8,99.9,NDAA,myanmar_2025-06-05
21.8,100.0,NDAA,myanmar_2025-06-05
21.8,100.1,Outside Myanmar,myanmar_2025-06-05
21.8,100.2,Outside Myanmar,myanmar_2025-06-05
21.8,100.3,Outside Myanmar,myanmar_2025-06-05
21.8,100.4,Outside Myanmar,myanmar_2025-06-05
21.8,100.5,Outside Myanmar,myanmar_2025-06-05
21.8,100.6,Outside Myanmar,myanmar_2025-06-05
21.8,100.7,Outside Myanmar,myanmar_2025-06-05
21.8,100.8,NDAA,myanmar_2025-06-05
21.8,100.9,NDAA,myanmar_2025-06-05
21.8,101.0,NDAA,myanmar_2025-06-05
21.8,101.1,Outside Myanmar,myanmar_2025-06-05
21.8,101.2,Outside Myanmar,myanmar_2025-06-05
21.8,101.3,Outside Myanmar,myanmar_2025-06-05
21.8,101.4,Outside Myanmar,myanmar_2025-06-05
21.9,92.0,Outside Myanmar,myanmar_2025-06-05
21.9,92.1,Outside Myanmar,myanmar_2025-06-05
21.9,92.2,Outside Myanmar,myanmar_2025-06-05
21.9,92.3,Outside Myanmar,myanmar_2025-06-05
21.9,92.4,Outside Myanmar,myanmar_2025-06-05
21.9,92.5,Outside Myanmar,myanmar_2025-06-05
21.9,92.6,AA,myanmar_2025-06-05
21.9,92.7,AA,myanmar_2025-06-05
21.9,92.8,AA,myanmar_2025-06-05
21.9,92.9,Chin Resistance,myanmar_2025-06-05
21.9,93.0,Chin Resistance,myanmar_2025-06-05
21.9,93.1,Chin Resistance,myanmar_2025-06-05
21.9,93.2,Chin Resistance,myanmar_2025-06-05
21.9,93.3,Chin Resistance,myanmar_2025-06-05
21.9,93.4,Chin Resistance,myanmar_2025-06-05
21.9,93.5,Chin Resistance,myanmar_2025-06-05
21.9,93.6,Chin Resistance,myanmar_2025-06-05
21.9,93.7,Chin Resistance,myanmar_2025-06-05
21.9,93.8,Chin Resistance,myanmar_2025-06-05
21.9,93.9,Chin Resistance,myanmar_2025-06-05
21.9,94.0,Chin Resistance,myanmar_2025-06-05
21.9,94.1,Chin Resistance,myanmar_2025-06-05
21.9,94.2,Chin Resistance,myanmar_2025-06-05
21.9,94.3,Junta,myanmar_2025-06-05
21.9,94.4,Junta,myanmar_2025-06-05
21.9,94.5,Junta,myanmar_2025-06-05
21.9,94.6,Junta,myanmar_2025-06-05
21.9,94.7,PDF,myanmar_2025-06-05
21.9,94.8,PDF,myanmar_2025-06-05
21.9,94.9,PDF,myanmar_2025-06-05
21.9,95.0,Junta,myanmar_2025-06-05
21.9,95.1,PDF,myanmar_2025-06-05
21.9,95.2,PDF,myanmar_2025-06-05
21.9,95.3,PDF,myanmar_2025-06-05
21.9,95.4,Junta,myanmar_2025-06-05
21.9,95.5,Junta,myanmar_2025-06-05
21.9,95.6,Junta,myanmar_2025-06-05
21.9,95.7,Junta,myanmar_2025-06-05
21.9,95.8,Junta,myanmar_2025-06-05
21.9,95.9,Junta,myanmar_2025-06-05
21.9,96.0,Junta,myanmar_2025-06-05
21.9,96.1,Junta,myanmar_2025-06-05
21.9,96.2,Junta,myanmar_2025-06-05
21.9,96.3,Junta,myanmar_2025-06-05
21.9,96.4,Junta,myanmar_2025-06-05
21.9,96.5,PDF,myanmar_2025-06-05
21.9,96.6,PDF,myanmar_2025-06-05
21.9,96.7,Junta,myanmar_2025-06-05
21.9,96.8,Junta,myanmar_2025-06-05
21.9,96.9,Junta,myanmar_2025-06-05
21.9,97.0,Junta,myanmar_2025-06-05
21.9,97.1,Junta,myanmar_2025-06-05
21.9,97.2,Junta,myanmar_2025-06-05
21.9,97.3,Junta,myanmar_2025-06-05
21.9,97.4,Junta,myanmar_2025-06-05
21.9,97.5,Junta,myanmar_2025-06-05
21.9,97.6,Junta,myanmar_2025-06-05
21.9,97.7,Junta,myanmar_2025-06-05
21.9,97.8,Junta,myanmar_2025-06-05
21.9,97.9,Junta,myanmar_2025-06-05
21.9,98.0,Junta,myanmar_2025-06-05
21.9,98.1,Junta,myanmar_2025-06-05
21.9,98.2,Junta,myanmar_2025-06-05
21.9,98.3,Junta,myanmar_2025-06-05
21.9,98.4,Junta,myanmar_2025-06-05
21.9,98.5,Junta,myanmar_2025-06-05
21.9,98.6,Junta,myanmar_2025-06-05
21.9,98.7,Junta,myanmar_2025-06-05
21.9,98.8,UWSA,myanmar_2025-06-05
21.9,98.9,UWSA,myanmar_2025-06-05
21.9,99.0,UWSA,myanmar_2025-06-05
21.9,99.1,UWSA,myanmar_2025-06-05
21.9,99.2,UWSA,myanmar_2025-06-05
21.9,99.3,UWSA,myanmar_2025-06-05
21.9,99.4,Junta,myanmar_2025-06-05
21.9,99.5,NDAA,myanmar_2025-06-05
21.9,99.6,NDAA,myanmar_2025-06-05
21.9,99.7,NDAA,myanmar_2025-06-05
21.9,99.8,NDAA,myanmar_2025-06-05
21.9,99.9,Junta,myanmar_2025-06-05
21.9,100.0,Outside Myanmar,myanmar_2025-06-05
21.9,100.1,Outside Myanmar,myanmar_2025-06-05
21.9,100.2,Outside Myanmar,myanmar_2025-06-05
21.9,100.3,Outside Myanmar,myanmar_2025-06-05
21.9,100.4,Outside Myanmar,myanmar_2025-06-05
21.9,100.5,Outside Myanmar,myanmar_2025-06-05
21.9,100.6,Outside Myanmar,myanmar_2025-06-05
21.9,100.7,Outside Myanmar,myanmar_2025-06-05
21.9,100.8,Outside Myanmar,myanmar_2025-06-05
21.9,100.9,Outside Myanmar,myanmar_2025-06-05
21.9,101.0,NDAA,myanmar_2025-06-05
21.9,101.1,Outside Myanmar,myanmar_2025-06-05
21.9,101.2,Outside Myanmar,myanmar_2025-06-05
21.9,101.3,Outside Myanmar,myanmar_2025-06-05
21.9,101.4,Outside Myanmar,myanmar_2025-06-05
22.0,92.0,Outside Myanmar,myanmar_2025-06-05
22.0,92.1,Outside Myanmar,myanmar_2025-06-05
22.0,92.2,Outside Myanmar,myanmar_2025-06-05
22.0,92.3,Outside Myanmar,myanmar_2025-06-05
22.0,92.4,Outside Myanmar,myanmar_2025-06-05
22.0,92.5,Outside Myanmar,myanmar_2025-06-05
22.0,92.6,Outside Myanmar,myanmar_2025-06-05
22.0,92.7,AA,myanmar_2025-06-05
22.0,92.8,AA,myanmar_2025-06-05
22.0,92.9,Chin Resistance,myanmar_2025-06-05
22.0,93.0,Chin Resistance,myanmar_2025-06-05
22.0,93.1,Chin Resistance,myanmar_2025-06-05
22.0,93.2,Chin Resistance,myanmar_2025-06-05
22.0,93.3,Chin Resistance,myanmar_2025-06-05
22.0,93.4,Chin Resistance,myanmar_2025-06-05
22.0,93.5,Chin Resistance,myanmar_2025-06-05
22.0,93.6,Chin Resistance,myanmar_2025-06-05
22.0,93.7,Chin Resistance,myanmar_2025-06-05
22.0,93.8,Chin Resistance,myanmar_2025-06-05
22.0,93.9,Chin Resistance,myanmar_2025-06-05
22.0,94.0,Chin Resistance,myanmar_2025-06-05
22.0,94.1,Chin Resistance,myanmar_2025-06-05
22.0,94.2,Chin Resistance,myanmar_2025-06-05
22.0,94.3,Junta,myanmar_2025-06-05
22.0,94.4,Junta,myanmar_2025-06-05
22.0,94.5,Junta,myanmar_2025-06-05
22.0,94.6,Junta,myanmar_2025-06-05
22.0,94.7,Junta,myanmar_2025-06-05
22.0,94.8,Junta,myanmar_2025-06-05
22.0,94.9,Junta,myanmar_2025-06-05
22.0,95.0,Junta,myanmar_2025-06-05
22.0,95.1,PDF,myanmar_2025-06-05
22.0,95.2,PDF,myanmar_2025-06-05
22.0,95.3,Junta,myanmar_2025-06-05
22.0,95.4,Junta,myanmar_2025-06-05
22.0,95.5,PDF,myanmar_2025-06-05
22.0,95.6,Junta,myanmar_2025-06-05
22.0,95.7,Junta,myanmar_2025-06-05
22.0,95.8,Junta,myanmar_2025-06-05
22.0,95.9,Junta,myanmar_2025-06-05
22.0,96.0,Junta,myanmar_2025-06-05
22.0,96.1,Junta,myanmar_2025-06-05
22.0,96.2,Junta,myanmar_2025-06-05
22.0,96.3,Junta,myanmar_2025-06-05
22.0,96.4,Junta,myanmar_2025-06-05
22.0,96.5,Junta,myanmar_2025-06-05
22.0,96.6,PDF,myanmar_2025-06-05
22.0,96.7,Junta,myanmar_2025-06-05
22.0,96.8,Junta,myanmar_2025-06-05
22.0,96.9,Junta,myanmar_2025-06-05
22.0,97.0,Junta,myanmar_2025-06-05
22.0,97.1,Junta,myanmar_2025-06-05
22.0,97.2,Junta,myanmar_2025-06-05
22.0,97.3,Junta,myanmar_2025-06-05
22.0,97.4,Junta,myanmar_2025-06-05
22.0,97.5,Junta,myanmar_2025-06-05
22.0,97.6,Junta,myanmar_2025-06-05
22.0,97.7,Junta,myanmar_2025-06-05
22.0,97.8,Junta,myanmar_2025-06-05
22.0,97.9,Junta,myanmar_2025-06-05
22.0,98.0,Junta,myanmar_2025-06-05
22.0,98.1,Junta,myanmar_2025-06-05
22.0,98.2,Junta,myanmar_2025-06-05
22.0,98.3,Junta,myanmar_2025-06-05
22.0,98.4,Junta,myanmar_2025-06-05
22.0,98.5,Junta,myanmar_2025-06-05
22.0,98.6,Junta,myanmar_2025-06-05
22.0,98.7,UWSA,myanmar_2025-06-05
22.0,98.8,UWSA,myanmar_2025-06-05
22.0,98.9,UWSA,myanmar_2025-06-05
22.0,99.0,UWSA,myanmar_2025-06-05
22.0,99.1,UWSA,myanmar_2025-06-05
22.0,99.2,UWSA,myanmar_2025-06-05
22.0,99.3,UWSA,myanmar_2025-06-05
22.0,99.4,UWSA,myanmar_2025-06-05
22.0,99.5,UWSA,myanmar_2025-06-05
22.0,99.6,UWSA,myanmar_2025-06-05
22.0,99.7,NDAA,myanmar_2025-06-05
22.0,99.8,NDAA,myanmar_2025-06-05
22.0,99.9,Junta,myanmar_2025-06-05
22.0,100.0,Outside Myanmar,myanmar_2025-06-05
22.0,100.1,Outside Myanmar,myanmar_2025-06-05
22.0,100.2,Outside Myanmar,myanmar_2025-06-05
22.0,100.3,Outside Myanmar,myanmar_2025-06-05
22.0,100.4,Outside Myanmar,myanmar_2025-06-05
22.0,100.5,Outside Myanmar,myanmar_2025-06-05
22.0,100.6,Outside Myanmar,myanmar_2025-06-05
22.0,100.7,Outside Myanmar,myanmar_2025-06-05
22.0,100.8,Outside Myanmar,myanmar_2025-06-05
22.0,100.9,Outside Myanmar,myanmar_2025-06-05
22.0,101.0,Outside Myanmar,myanmar_2025-06-05
22.0,101.1,Outside Myanmar,myanmar_2025-06-05
22.0,101.2,Outside Myanmar,myanmar_2025-06-05
22.0,101.3,Outside Myanmar,myanmar_2025-06-05
22.0,101.4,Outside Myanmar,myanmar_2025-06-05
22.1,92.0,Outside Myanmar,myanmar_2025-06-05
22.1,92.1,Outside Myanmar,myanmar_2025-06-05
22.1,92.2,Outside Myanmar,myanmar_2025-06-05
22.1,92.3,Outside Myanmar,myanmar_2025-06-05
22.1,92.4,Outside Myanmar,myanmar_2025-06-05
22.1,92.5,Outside Myanmar,myanmar_2025-06-05
22.1,92.6,Outside Myanmar,myanmar_2025-06-05
22.1,92.7,AA,myanmar_2025-06-05
22.1,92.8,AA,myanmar_2025-06-05
22.1,92.9,Chin Resistance,myanmar_2025-06-05
22.1,93.0,Chin Resistance,myanmar_2025-06-05
22.1,93.1,Chin Resistance,myanmar_2025-06-05
22.1,93.2,Chin Resistance,myanmar_2025-06-05
22.1,93.3,Chin Resistance,myanmar_2025-06-05
22.1,93.4,Chin Resistance,myanmar_2025-06-05
22.1,93.5,Chin Resistance,myanmar_2025-06-05
22.1,93.6,Chin Resistance,myanmar_2025-06-05
22.1,93.7,Chin Resistance,myanmar_2025-06-05
22.1,93.8,Chin Resistance,myanmar_2025-06-05
22.1,93.9,Chin Resistance,myanmar_2025-06-05
22.1,94.0,Chin Resistance,myanmar_2025-06-05
22.1,94.1,Chin Resistance,myanmar_2025-06-05
22.1,94.2,Chin Resistance,myanmar_2025-06-05
22.1,94.3,Junta,myanmar_2025-06-05
22.1,94.4,Junta,myanmar_2025-06-05
22.1,94.5,Junta,myanmar_2025-06-05
22.1,94.6,Junta,myanmar_2025-06-05
22.1,94.7,Junta,myanmar_2025-06-05
22.1,94.8,Junta,myanmar_2025-06-05
22.1,94.9,Junta,myanmar_2025-06-05
22.1,95.0,PDF,myanmar_2025-06-05
22.1,95.1,Junta,myanmar_2025-06-05
22.1,95.2,Junta,myanmar_2025-06-05
22.1,95.3,Junta,myanmar_2025-06-05
22.1,95.4,Junta,myanmar_2025-06-05
22.1,95.5,Junta,myanmar_2025-06-05
22.1,95.6,Junta,myanmar_2025-06-05
22.1,95.7,Junta,myanmar_2025-06-05
22.1,95.8,Junta,myanmar_2025-06-05
22.1,95.9,Junta,myanmar_2025-06-05
22.1,96.0,Junta,myanmar_2025-06-05
22.1,96.1,Junta,myanmar_2025-06-05
22.1,96.2,Junta,myanmar_2025-06-05
22.1,96.3,Junta,myanmar_2025-06-05
22.1,96.4,Junta,myanmar_2025-06-05
22.1,96.5,Junta,myanmar_2025-06-05
22.1,96.6,Junta,myanmar_2025-06-05
22.1,96.7,Junta,myanmar_2025-06-05
22.1,96.8,Junta,myanmar_2025-06-05
22.1,96.9,Junta,myanmar_2025-06-05
22.1,97.0,Junta,myanmar_2025-06-05
22.1,97.1,Junta,myanmar_2025-06-05
22.1,97.2,Junta,myanmar_2025-06-05
22.1,97.3,Junta,myanmar_2025-06-05
22.1,97.4,Junta,myanmar_2025-06-05
22.1,97.5,Junta,myanmar_2025-06-05
22.1,97.6,Junta,myanmar_2025-06-05
22.1,97.7,Junta,myanmar_2025-06-05
22.1,97.8,Junta,myanmar_2025-06-05
22.1,97.9,Junta,myanmar_2025-06-05
22.1,98.0,Junta,myanmar_2025-06-05
22.1,98.1,Junta,myanmar_2025-06-05
22.1,98.2,Junta,myanmar_2025-06-05
22.1,98.3,Junta,myanmar_2025-06-05
22.1,98.4,Junta,myanmar_2025-06-05
22.1,98.5,Junta,myanmar_2025-06-05
22.1,98.6,Junta,myanmar_2025-06-05
22.1,98.7,UWSA,myanmar_2025-06-05
22.1,98.8,UWSA,myanmar_2025-06-05
22.1,98.9,UWSA,myanmar_2025-06-05
22.1,99.0,UWSA,myanmar_2025-06-05
22.1,99.1,UWSA,myanmar_2025-06-05
22.1,99.2,UWSA,myanmar_2025-06-05
22.1,99.3,UWSA,myanmar_2025-06-05
22.1,99.4,UWSA,myanmar_2025-06-05
22.1,99.5,UWSA,myanmar_2025-06-05
22.1,99.6,UWSA,myanmar_2025-06-05
22.1,99.7,UWSA,myanmar_2025-06-05
22.1,99.8,UWSA,myanmar_2025-06-05
22.1,99.9,Outside Myanmar,myanmar_2025-06-05
22.1,100.0,Outside Myanmar,myanmar_2025-06-05
22.1,100.1,Outside Myanmar,myanmar_2025-06-05
22.1,100.2,Outside Myanmar,myanmar_2025-06-05
22.1,100.3,Outside Myanmar,myanmar_2025-06-05
22.1,100.4,Outside Myanmar,myanmar_2025-06-05
22.1,100.5,Outside Myanmar,myanmar_2025-06-05
22.1,100.6,Outside Myanmar,myanmar_2025-06-05
22.1,100.7,Outside Myanmar,myanmar_2025-06-05
22.1,100.8,Outside Myanmar,myanmar_2025-06-05
22.1,100.9,Outside Myanmar,myanmar_2025-06-05
22.1,101.0,Outside Myanmar,myanmar_2025-06-05
22.1,101.1,Outside Myanmar,myanmar_2025-06-05
22.1,101.2,Outside Myanmar,myanmar_2025-06-05
22.1,101.3,Outside Myanmar,myanmar_2025-06-05
22.1,101.4,Outside Myanmar,myanmar_2025-06-05
22.2,92.0,Outside Myanmar,myanmar_2025-06-05
22.2,92.1,Outside Myanmar,myanmar_2025-06-05
22.2,92.2,Outside Myanmar,myanmar_2025-06-05
22.2,92.3,Outside Myanmar,myanmar_2025-06-05
22.2,92.4,Outside Myanmar,myanmar_2025-06-05
22.2,92.5,Outside Myanmar,myanmar_2025-06-05
22.2,92.6,Outside Myanmar,myanmar_2025-06-05
22.2,92.7,AA,myanmar_2025-06-05
22.2,92.8,AA,myanmar_2025-06-05
22.2,92.9,Outside Myanmar,myanmar_2025-06-05
22.2,93.0,Chin Resistance,myanmar_2025-06-05
22.2,93.1,Chin Resistance,myanmar_2025-06-05
22.2,93.2,Chin Resistance,myanmar_2025-06-05
22.2,93.3,Chin Resistance,myanmar_2025-06-05
22.2,93.4,Chin Resistance,myanmar_2025-06-05
22.2,93.5,Chin Resistance,myanmar_2025-06-05
22.2,93.6,Chin Resistance,myanmar_2025-06-05
22.2,93.7,Chin Resistance,myanmar_2025-06-05
22.2,93.8,Chin Resistance,myanmar_2025-06-05
22.2,93.9,Chin Resistance,myanmar_2025-06-05
22.2,94.0,Chin Resistance,myanmar_2025-06-05
22.2,94.1,Chin Resistance,myanmar_2025-06-05
22.2,94.2,Chin Resistance,myanmar_2025-06-05
22.2,94.3,Junta,myanmar_2025-06-05
22.2,94.4,Junta,myanmar_2025-06-05
22.2,94.5,Junta,myanmar_2025-06-05
22.2,94.6,Junta,myanmar_2025-06-05
22.2,94.7,Junta,myanmar_2025-06-05
22.2,94.8,Junta,myanmar_2025-06-05
22.2,94.9,Junta,myanmar_2025-06-05
22.2,95.0,Junta,myanmar_2025-06-05
22.2,95.1,Junta,myanmar_2025-06-05
22.2,95.2,Junta,myanmar_2025-06-05
22.2,95.3,Junta,myanmar_2025-06-05
22.2,95.4,Junta,myanmar_2025-06-05
22.2,95.5,Junta,myanmar_2025-06-05
22.2,95.6,Junta,myanmar_2025-06-05
22.2,95.7,Junta,myanmar_2025-06-05
22.2,95.8,Junta,myanmar_2025-06-05
22.2,95.9,Junta,myanmar_2025-06-05
22.2,96.0,Junta,myanmar_2025-06-05
22.2,96.1,Junta,myanmar_2025-06-05
22.2,96.2,Junta,myanmar_2025-06-05
22.2,96.3,Junta,myanmar_2025-06-05
22.2,96.4,Junta,myanmar_2025-06-05
22.2,96.5,Junta,myanmar_2025-06-05
22.2,96.6,Junta,myanmar_2025-06-05
22.2,96.7,Junta,myanmar_2025-06-05
22.2,96.8,Junta,myanmar_2025-06-05
22.2,96.9,Junta,myanmar_2025-06-05
22.2,97.0,Junta,myanmar_2025-06-05
22.2,97.1,Junta,myanmar_2025-06-05
22.2,97.2,Junta,myanmar_2025-06-05
22.2,97.3,Junta,myanmar_2025-06-05
22.2,97.4,Junta,myanmar_2025-06-05
22.2,97.5,Junta,myanmar_2025-06-05
22.2,97.6,Junta,myanmar_2025-06-05
22.2,97.7,Junta,myanmar_2025-06-05
22.2,97.8,Junta,myanmar_2025-06-05
22.2,97.9,Junta,myanmar_2025-06-05
22.2,98.0,Junta,myanmar_2025-06-05
22.2,98.1,Junta,myanmar_2025-06-05
22.2,98.2,Junta,myanmar_2025-06-05
22.2,98.3,Junta,myanmar_2025-06-05
22.2,98.4,Junta,myanmar_2025-06-05
22.2,98.5,Junta,myanmar_2025-06-05
22.2,98.6,Junta,myanmar_2025-06-05
22.2,98.7,UWSA,myanmar_2025-06-05
22.2,98.8,UWSA,myanmar_2025-06-05
22.2,98.9,UWSA,myanmar_2025-06-05
22.2,99.0,UWSA,myanmar_2025-06-05
22.2,99.1,UWSA,myanmar_2025-06-05
22.2,99.2,UWSA,myanmar_2025-06-05
22.2,99.3,UWSA,myanmar_2025-06-05
22.2,99.4,UWSA,myanmar_2025-06-05
22.2,99.5,UWSA,myanmar_2025-06-05
22.2,99.6,Outside Myanmar,myanmar_2025-06-05
22.2,99.7,UWSA,myanmar_2025-06-05
22.2,99.8,UWSA,myanmar_2025-06-05
22.2,99.9,Outside Myanmar,myanmar_2025-06-05
22.2,100.0,Outside Myanmar,myanmar_2025-06-05
22.2,100.1,Outside Myanmar,myanmar_2025-06-05
22.2,100.2,Outside Myanmar,myanmar_2025-06-05
22.2,100.3,Outside Myanmar,myanmar_2025-06-05
22.2,100.4,Outside Myanmar,myanmar_2025-06-05
22.2,100.5,Outside Myanmar,myanmar_2025-06-05
22.2,100.6,Outside Myanmar,myanmar_2025-06-05
22.2,100.7,Outside Myanmar,myanmar_2025-06-05
22.2,100.8,Outside Myanmar,myanmar_2025-06-05
22.2,100.9,Outside Myanmar,myanmar_2025-06-05
22.2,101.0,Outside Myanmar,myanmar_2025-06-05
22.2,101.1,Outside Myanmar,myanmar_2025-06-05
22.2,101.2,Outside Myanmar,myanmar_2025-06-05
22.2,101.3,Outside Myanmar,myanmar_2025-06-05
22.2,101.4,Outside Myanmar,myanmar_2025-06-05
22.3,92.0,Outside Myanmar,myanmar_2025-06-05
22.3,92.1,Outside Myanmar,myanmar_2025-06-05
22.3,92.2,Outside Myanmar,myanmar_2025-06-05
22.3,92.3,Outside Myanmar,myanmar_2025-06-05
22.3,92.4,Outside Myanmar,myanmar_2025-06-05
22.3,92.5,Outside Myanmar,myanmar_2025-06-05
22.3,92.6,Outside Myanmar,myanmar_2025-06-05
22.3,92.7,Outside Myanmar,myanmar_2025-06-05
22.3,92.8,Outside Myanmar,myanmar_2025-06-05
22.3,92.9,Outside Myanmar,myanmar_2025-06-05
22.3,93.0,Outside Myanmar,myanmar_2025-06-05
22.3,93.1,Chin Resistance,myanmar_2025-06-05
22.3,93.2,Chin Resistance,myanmar_2025-06-05
22.3,93.3,Chin Resistance,myanmar_2025-06-05
22.3,93.4,Chin Resistance,myanmar_2025-06-05
22.3,93.5,Chin Resistance,myanmar_2025-06-05
22.3,93.6,Chin Resistance,myanmar_2025-06-05
22.3,93.7,Chin Resistance,myanmar_2025-06-05
22.3,93.8,Chin Resistance,myanmar_2025-06-05
22.3,93.9,Chin Resistance,myanmar_2025-06-05
22.3,94.0,Chin Resistance,myanmar_2025-06-05
22.3,94.1,Chin Resistance,myanmar_2025-06-05
22.3,94.2,Junta,myanmar_2025-06-05
22.3,94.3,Junta,myanmar_2025-06-05
22.3,94.4,Junta,myanmar_2025-06-05
22.3,94.5,Junta,myanmar_2025-06-05
22.3,94.6,Junta,myanmar_2025-06-05
22.3,94.7,Junta,myanmar_2025-06-05
22.3,94.8,Junta,myanmar_2025-06-05
22.3,94.9,Junta,myanmar_2025-06-05
22.3,95.0,Junta,myanmar_2025-06-05
22.3,95.1,Junta,myanmar_2025-06-05
22.3,95.2,Junta,myanmar_2025-06-05
22.3,95.3,Junta,myanmar_2025-06-05
22.3,95.4,Junta,myanmar_2025-06-05
22.3,95.5,Junta,myanmar_2025-06-05
22.3,95.6,Junta,myanmar_2025-06-05
22.3,95.7,Junta,myanmar_2025-06-05
22.3,95.8,Junta,myanmar_2025-06-05
22.3,95.9,Junta,myanmar_2025-06-05
22.3,96.0,Junta,myanmar_2025-06-05
22.3,96.1,Junta,myanmar_2025-06-05
22.3,96.2,Junta,myanmar_2025-06-05
22.3,96.3,Junta,myanmar_2025-06-05
22.3,96.4,Junta,myanmar_2025-06-05
22.3,96.5,Junta,myanmar_2025-06-05
22.3,96.6,Junta,myanmar_2025-06-05
22.3,96.7,Junta,myanmar_2025-06-05
22.3,96.8,Junta,myanmar_2025-06-05
22.3,96.9,Junta,myanmar_2025-06-05
22.3,97.0,Junta,myanmar_2025-06-05
22.3,97.1,Junta,myanmar_2025-06-05
22.3,97.2,Junta,myanmar_2025-06-05
22.3,97.3,Junta,myanmar_2025-06-05
22.3,97.4,Junta,myanmar_2025-06-05
22.3,97.5,Junta,myanmar_2025-06-05
22.3,97.6,Junta,myanmar_2025-06-05
22.3,97.7,Junta,myanmar_2025-06-05
22.3,97.8,Junta,myanmar_2025-06-05
22.3,97.9,Junta,myanmar_2025-06-05
22.3,98.0,Junta,myanmar_2025-06-05
22.3,98.1,Junta,myanmar_2025-06-05
22.3,98.2,Junta,myanmar_2025-06-05
22.3,98.3,Junta,myanmar_2025-06-05
22.3,98.4,Junta,myanmar_2025-06-05
22.3,98.5,Junta,myanmar_2025-06-05
22.3,98.6,UWSA,myanmar_2025-06-05
22.3,98.7,UWSA,myanmar_2025-06-05
22.3,98.8,UWSA,myanmar_2025-06-05
22.3,98.9,UWSA,myanmar_2025-06-05
22.3,99.0,UWSA,myanmar_2025-06-05
22.3,99.1,UWSA,myanmar_2025-06-05
22.3,99.2,Junta,myanmar_2025-06-05
22.3,99.3,Outside Myanmar,myanmar_2025-06-05
22.3,99.4,Outside Myanmar,myanmar_2025-06-05
22.3,99.5,Outside Myanmar,myanmar_2025-06-05
22.3,99.6,Outside Myanmar,myanmar_2025-06-05
22.3,99.7,Outside Myanmar,myanmar_2025-06-05
22.3,99.8,Outside Myanmar,myanmar_2025-06-05
22.3,99.9,Outside Myanmar,myanmar_2025-06-05
22.3,100.0,Outside Myanmar,myanmar_2025-06-05
22.3,100.1,Outside Myanmar,myanmar_2025-06-05
22.3,100.2,Outside Myanmar,myanmar_2025-06-05
22.3,100.3,Outside Myanmar,myanmar_2025-06-05
22.3,100.4,Outside Myanmar,myanmar_2025-06-05
22.3,100.5,Outside Myanmar,myanmar_2025-06-05
22.3,100.6,Outside Myanmar,myanmar_2025-06-05
22.3,100.7,Outside Myanmar,myanmar_2025-06-05
22.3,100.8,Outside Myanmar,myanmar_2025-06-05
22.3,100.9,Outside Myanmar,myanmar_2025-06-05
22.3,101.0,Outside Myanmar,myanmar_2025-06-05
22.3,101.1,Outside Myanmar,myanmar_2025-06-05
22.3,101.2,Outside Myanmar,myanmar_2025-06-05
22.3,101.3,Outside Myanmar,myanmar_2025-06-05
22.3,101.4,Outside Myanmar,myanmar_2025-06-05
22.4,92.0,Outside Myanmar,myanmar_2025-06-05
22.4,92.1,Outside Myanmar,myanmar_2025-06-05
22.4,92.2,Outside Myanmar,myanmar_2025-06-05
22.4,92.3,Outside Myanmar,myanmar_2025-06-05
22.4,92.4,Outside Myanmar,myanmar_2025-06-05
22.4,92.5,Outside Myanmar,myanmar_2025-06-05
22.4,92.6,Outside Myanmar,myanmar_2025-06-05
22.4,92.7,Outside Myanmar,myanmar_2025-06-05
22.4,92.8,Outside Myanmar,myanmar_2025-06-05
22.4,92.9,Outside Myanmar,myanmar_2025-06-05
22.4,93.0,Outside Myanmar,myanmar_2025-06-05
22.4,93.1,Outside Myanmar,myanmar_2025-06-05
22.4,93.2,Chin Resistance,myanmar_2025-06-05
22.4,93.3,Chin Resistance,myanmar_2025-06-05
22.4,93.4,Chin Resistance,myanmar_2025-06-05
22.4,93.5,Chin Resistance,myanmar_2025-06-05
22.4,93.6,Chin Resistance,myanmar_2025-06-05
22.4,93.7,Chin Resistance,myanmar_2025-06-05
22.4,93.8,Chin Resistance,myanmar_2025-06-05
22.4,93.9,Chin Resistance,myanmar_2025-06-05
22.4,94.0,Chin Resistance,myanmar_2025-06-05
22.4,94.1,Chin Resistance,myanmar_2025-06-05
22.4,94.2,Junta,myanmar_2025-06-05
22.4,94.3,Junta,myanmar_2025-06-05
22.4,94.4,Junta,myanmar_2025-06-05
22.4,94.5,Junta,myanmar_2025-06-05
22.4,94.6,Junta,myanmar_2025-06-05
22.4,94.7,Junta,myanmar_2025-06-05
22.4,94.8,Junta,myanmar_2025-06-05
22.4,94.9,Junta,myanmar_2025-06-05
22.4,95.0,Junta,myanmar_2025-06-05
22.4,95.1,Junta,myanmar_2025-06-05
22.4,95.2,Junta,myanmar_2025-06-05
22.4,95.3,Junta,myanmar_2025-06-05
22.4,95.4,Junta,myanmar_2025-06-05
22.4,95.5,Junta,myanmar_2025-06-05
22.4,95.6,Junta,myanmar_2025-06-05
22.4,95.7,Junta,myanmar_2025-06-05
22.4,95.8,Junta,myanmar_2025-06-05
22.4,95.9,Junta,myanmar_2025-06-05
22.4,96.0,Junta,myanmar_2025-06-05
22.4,96.1,Junta,myanmar_2025-06-05
22.4,96.2,Junta,myanmar_2025-06-05
22.4,96.3,Junta,myanmar_2025-06-05
22.4,96.4,Junta,myanmar_2025-06-05
22.4,96.5,Junta,myanmar_2025-06-05
22.4,96.6,Junta,myanmar_2025-06-05
22.4,96.7,Junta,myanmar_2025-06-05
22.4,96.8,Junta,myanmar_2025-06-05
22.4,96.9,Junta,myanmar_2025-06-05
22.4,97.0,Junta,myanmar_2025-06-05
22.4,97.1,Junta,myanmar_2025-06-05
22.4,97.2,Junta,myanmar_2025-06-05
22.4,97.3,Junta,myanmar_2025-06-05
22.4,97.4,Junta,myanmar_2025-06-05
22.4,97.5,Junta,myanmar_2025-06-05
22.4,97.6,Junta,myanmar_2025-06-05
22.4,97.7,Junta,myanmar_2025-06-05
22.4,97.8,Junta,myanmar_2025-06-05
22.4,97.9,Junta,myanmar_2025-06-05
22.4,98.0,Junta,myanmar_2025-06-05
22.4,98.1,Junta,myanmar_2025-06-05
22.4,98.2,Junta,myanmar_2025-06-05
22.4,98.3,Junta,myanmar_2025-06-05
22.4,98.4,Junta,myanmar_2025-06-05
22.4,98.5,UWSA,myanmar_2025-06-05
22.4,98.6,UWSA,myanmar_2025-06-05
22.4,98.7,UWSA,myanmar_2025-06-05
22.4,98.8,UWSA,myanmar_2025-06-05
22.4,98.9,UWSA,myanmar_2025-06-05
22.4,99.0,UWSA,myanmar_2025-06-05
22.4,99.1,UWSA,myanmar_2025-06-05
22.4,99.2,Junta,myanmar_2025-06-05
22.4,99.3,Outside Myanmar,myanmar_2025-06-05
22.4,99.4,Outside Myanmar,myanmar_2025-06-05
22.4,99.5,Outside Myanmar,myanmar_2025-06-05
22.4,99.6,Outside Myanmar,myanmar_2025-06-05
22.4,99.7,Outside Myanmar,myanmar_2025-06-05
22.4,99.8,Outside Myanmar,myanmar_2025-06-05
22.4,99.9,Outside Myanmar,myanmar_2025-06-05
22.4,100.0,Outside Myanmar,myanmar_2025-06-05
22.4,100.1,Outside Myanmar,myanmar_2025-06-05
22.4,100.2,Outside Myanmar,myanmar_2025-06-05
22.4,100.3,Outside Myanmar,myanmar_2025-06-05
22.4,100.4,Outside Myanmar,myanmar_2025-06-05
22.4,100.5,Outside Myanmar,myanmar_2025-06-05
22.4,100.6,Outside Myanmar,myanmar_2025-06-05
22.4,100.7,Outside Myanmar,myanmar_2025-06-05
22.4,100.8,Outside Myanmar,myanmar_2025-06-05
22.4,100.9,Outside Myanmar,myanmar_2025-06-05
22.4,101.0,Outside Myanmar,myanmar_2025-06-05
22.4,101.1,Outside Myanmar,myanmar_2025-06-05
22.4,101.2,Outside Myanmar,myanmar_2025-06-05
22.4,101.3,Outside Myanmar,myanmar_2025-06-05
22.4,101.4,Outside Myanmar,myanmar_2025-06-05
22.5,92.0,Outside Myanmar,myanmar_2025-06-05
22.5,92.1,Outside Myanmar,myanmar_2025-06-05
22.5,92.2,Outside Myanmar,myanmar_2025-06-05
22.5,92.3,Outside Myanmar,myanmar_2025-06-05
22.5,92.4,Outside Myanmar,myanmar_2025-06-05
22.5,92.5,Outside Myanmar,myanmar_2025-06-05
22.5,92.6,Outside Myanmar,myanmar_2025-06-05
22.5,92.7,Outside Myanmar,myanmar_2025-06-05
22.5,92.8,Outside Myanmar,myanmar_2025-06-05
22.5,92.9,Outside Myanmar,myanmar_2025-06-05
22.5,93.0,Outside Myanmar,myanmar_2025-06-05
22.5,93.1,Outside Myanmar,myanmar_2025-06-05
22.5,93.2,Chin Resistance,myanmar_2025-06-05
22.5,93.3,Chin Resistance,myanmar_2025-06-05
22.5,93.4,Chin Resistance,myanmar_2025-06-05
22.5,93.5,Chin Resistance,myanmar_2025-06-05
22.5,93.6,Chin Resistance,myanmar_2025-06-05
22.5,93.7,Chin Resistance,myanmar_2025-06-05
22.5,93.8,Chin Resistance,myanmar_2025-06-05
22.5,93.9,Chin Resistance,myanmar_2025-06-05
22.5,94.0,Chin Resistance,myanmar_2025-06-05
22.5,94.1,Chin Resistance,myanmar_2025-06-05
22.5,94.2,Junta,myanmar_2025-06-05
22.5,94.3,Junta,myanmar_2025-06-05
22.5,94.4,Junta,myanmar_2025-06-05
22.5,94.5,Junta,myanmar_2025-06-05
22.5,94.6,Junta,myanmar_2025-06-05
22.5,94.7,Junta,myanmar_2025-06-05
22.5,94.8,Junta,myanmar_2025-06-05
22.5,94.9,Junta,myanmar_2025-06-05
22.5,95.0,Junta,myanmar_2025-06-05
22.5,95.1,Junta,myanmar_2025-06-05
22.5,95.2,Junta,myanmar_2025-06-05
22.5,95.3,Junta,myanmar_2025-06-05
22.5,95.4,Junta,myanmar_2025-06-05
22.5,95.5,Junta,myanmar_2025-06-05
22.5,95.6,Junta,myanmar_2025-06-05
22.5,95.7,Junta,myanmar_2025-06-05
22.5,95.8,Junta,myanmar_2025-06-05
22.5,95.9,Junta,myanmar_2025-06-05
22.5,96.0,Junta,myanmar_2025-06-05
22.5,96.1,Junta,myanmar_2025-06-05
22.5,96.2,Junta,myanmar_2025-06-05
22.5,96.3,Junta,myanmar_2025-06-05
22.5,96.4,Junta,myanmar_2025-06-05
22.5,96.5,Junta,myanmar_2025-06-05
22.5,96.6,Junta,myanmar_2025-06-05
22.5,96.7,Junta,myanmar_2025-06-05
22.5,96.8,Junta,myanmar_2025-06-05
22.5,96.9,Junta,myanmar_2025-06-05
22.5,97.0,Junta,myanmar_2025-06-05
22.5,97.1,Junta,myanmar_2025-06-05
22.5,97.2,Junta,myanmar_2025-06-05
22.5,97.3,Junta,myanmar_2025-06-05
22.5,97.4,Junta,myanmar_2025-06-05
22.5,97.5,Junta,myanmar_2025-06-05
22.5,97.6,Junta,myanmar_2025-06-05
22.5,97.7,Junta,myanmar_2025-06-05
22.5,97.8,Junta,myanmar_2025-06-05
22.5,97.9,Junta,myanmar_2025-06-05
22.5,98.0,Junta,myanmar_2025-06-05
22.5,98.1,Junta,myanmar_2025-06-05
22.5,98.2,Junta,myanmar_2025-06-05
22.5,98.3,Junta,myanmar_2025-06-05
22.5,98.4,Junta,myanmar_2025-06-05
22.5,98.5,Junta,myanmar_2025-06-05
22.5,98.6,UWSA,myanmar_2025-06-05
22.5,98.7,UWSA,myanmar_2025-06-05
22.5,98.8,UWSA,myanmar_2025-06-05
22.5,98.9,UWSA,myanmar_2025-06-05
22.5,99.0,UWSA,myanmar_2025-06-05
22.5,99.1,UWSA,myanmar_2025-06-05
22.5,99.2,Junta,myanmar_2025-06-05
22.5,99.3,Junta,myanmar_2025-06-05
22.5,99.4,Outside Myanmar,myanmar_2025-06-05
22.5,99.5,Outside Myanmar,myanmar_2025-06-05
22.5,99.6,Outside Myanmar,myanmar_2025-06-05
22.5,99.7,Outside Myanmar,myanmar_2025-06-05
22.5,99.8,Outside Myanmar,myanmar_2025-06-05
22.5,99.9,Outside Myanmar,myanmar_2025-06-05
22.5,100.0,Outside Myanmar,myanmar_2025-06-05
22.5,100.1,Outside Myanmar,myanmar_2025-06-05
22.5,100.2,Outside Myanmar,myanmar_2025-06-05
22.5,100.3,Outside Myanmar,myanmar_2025-06-05
22.5,100.4,Outside Myanmar,myanmar_2025-06-05
22.5,100.5,Outside Myanmar,myanmar_2025-06-05
22.5,100.6,Outside Myanmar,myanmar_2025-06-05
22.5,100.7,Outside Myanmar,myanmar_2025-06-05
22.5,100.8,Outside Myanmar,myanmar_2025-06-05
22.5,100.9,Outside Myanmar,myanmar_2025-06-05
22.5,101.0,Outside Myanmar,myanmar_2025-06-05
22.5,101.1,Outside Myanmar,myanmar_2025-06-05
22.5,101.2,Outside Myanmar,myanmar_2025-06-05
22.5,101.3,Outside Myanmar,myanmar_2025-06-05
22.5,101.4,Outside Myanmar,myanmar_2025-06-05
22.6,92.0,Outside Myanmar,myanmar_2025-06-05
22.6,92.1,Outside Myanmar,myanmar_2025-06-05
22.6,92.2,Outside Myanmar,myanmar_2025-06-05
22.6,92.3,Outside Myanmar,myanmar_2025-06-05
22.6,92.4,Outside Myanmar,myanmar_2025-06-05
22.6,92.5,Outside Myanmar,myanmar_2025-06-05
22.6,92.6,Outside Myanmar,myanmar_2025-06-05
22.6,92.7,Outside Myanmar,myanmar_2025-06-05
22.6,92.8,Outside Myanmar,myanmar_2025-06-05
22.6,92.9,Outside Myanmar,myanmar_2025-06-05
22.6,93.0,Outside Myanmar,myanmar_2025-06-05
22.6,93.1,Junta,myanmar_2025-06-05
22.6,93.2,Chin Resistance,myanmar_2025-06-05
22.6,93.3,Chin Resistance,myanmar_2025-06-05
22.6,93.4,Chin Resistance,myanmar_2025-06-05
22.6,93.5,Chin Resistance,myanmar_2025-06-05
22.6,93.6,Chin Resistance,myanmar_2025-06-05
22.6,93.7,Chin Resistance,myanmar_2025-06-05
22.6,93.8,Chin Resistance,myanmar_2025-06-05
22.6,93.9,Chin Resistance,myanmar_2025-06-05
22.6,94.0,Chin Resistance,myanmar_2025-06-05
22.6,94.1,Junta,myanmar_2025-06-05
22.6,94.2,Junta,myanmar_2025-06-05
22.6,94.3,Junta,myanmar_2025-06-05
22.6,94.4,Junta,myanmar_2025-06-05
22.6,94.5,Junta,myanmar_2025-06-05
22.6,94.6,Junta,myanmar_2025-06-05
22.6,94.7,Junta,myanmar_2025-06-05
22.6,94.8,Junta,myanmar_2025-06-05
22.6,94.9,Junta,myanmar_2025-06-05
22.6,95.0,Junta,myanmar_2025-06-05
22.6,95.1,Junta,myanmar_2025-06-05
22.6,95.2,Junta,myanmar_2025-06-05
22.6,95.3,Junta,myanmar_2025-06-05
22.6,95.4,Junta,myanmar_2025-06-05
22.6,95.5,Junta,myanmar_2025-06-05
22.6,95.6,Junta,myanmar_2025-06-05
22.6,95.7,Junta,myanmar_2025-06-05
22.6,95.8,Junta,myanmar_2025-06-05
22.6,95.9,Junta,myanmar_2025-06-05
22.6,96.0,Junta,myanmar_2025-06-05
22.6,96.1,Junta,myanmar_2025-06-05
22.6,96.2,Junta,myanmar_2025-06-05
22.6,96.3,Junta,myanmar_2025-06-05
22.6,96.4,Junta,myanmar_2025-06-05
22.6,96.5,Junta,myanmar_2025-06-05
22.6,96.6,Junta,myanmar_2025-06-05
22.6,96.7,Junta,myanmar_2025-06-05
22.6,96.8,Junta,myanmar_2025-06-05
22.6,96.9,Junta,myanmar_2025-06-05
22.6,97.0,Junta,myanmar_2025-06-05
22.6,97.1,Junta,myanmar_2025-06-05
22.6,97.2,Junta,myanmar_2025-06-05
22.6,97.3,Junta,myanmar_2025-06-05
22.6,97.4,Junta,myanmar_2025-06-05
22.6,97.5,Junta,myanmar_2025-06-05
22.6,97.6,Junta,myanmar_2025-06-05
22.6,97.7,Junta,myanmar_2025-06-05
22.6,97.8,Junta,myanmar_2025-06-05
22.6,97.9,Junta,myanmar_2025-06-05
22.6,98.0,Junta,myanmar_2025-06-05
22.6,98.1,Junta,myanmar_2025-06-05
22.6,98.2,Junta,myanmar_2025-06-05
22.6,98.3,Junta,myanmar_2025-06-05
22.6,98.4,Junta,myanmar_2025-06-05
22.6,98.5,Junta,myanmar_2025-06-05
22.6,98.6,UWSA,myanmar_2025-06-05
22.6,98.7,UWSA,myanmar_2025-06-05
22.6,98.8,UWSA,myanmar_2025-06-05
22.6,98.9,UWSA,myanmar_2025-06-05
22.6,99.0,UWSA,myanmar_2025-06-05
22.6,99.1,UWSA,myanmar_2025-06-05
22.6,99.2,UWSA,myanmar_2025-06-05
22.6,99.3,Junta,myanmar_2025-06-05
22.6,99.4,Outside Myanmar,myanmar_2025-06-05
22.6,99.5,Outside Myanmar,myanmar_2025-06-05
22.6,99.6,Outside Myanmar,myanmar_2025-06-05
22.6,99.7,Outside Myanmar,myanmar_2025-06-05
22.6,99.8,Outside Myanmar,myanmar_2025-06-05
22.6,99.9,Outside Myanmar,myanmar_2025-06-05
22.6,100.0,Outside Myanmar,myanmar_2025-06-05
22.6,100.1,Outside Myanmar,myanmar_2025-06-05
22.6,100.2,Outside Myanmar,myanmar_2025-06-05
22.6,100.3,Outside Myanmar,myanmar_2025-06-05
22.6,100.4,Outside Myanmar,myanmar_2025-06-05
22.6,100.5,Outside Myanmar,myanmar_2025-06-05
22.6,100.6,Outside Myanmar,myanmar_2025-06-05
22.6,100.7,Outside Myanmar,myanmar_2025-06-05
22.6,100.8,Outside Myanmar,myanmar_2025-06-05
22.6,100.9,Outside Myanmar,myanmar_2025-06-05
22.6,101.0,Outside Myanmar,myanmar_2025-06-05
22.6,101.1,Outside Myanmar,myanmar_2025-06-05
22.6,101.2,Outside Myanmar,myanmar_2025-06-05
22.6,101.3,Outside Myanmar,myanmar_2025-06-05
22.6,101.4,Outside Myanmar,myanmar_2025-06-05
22.7,92.0,Outside Myanmar,myanmar_2025-06-05
22.7,92.1,Outside Myanmar,myanmar_2025-06-05
22.7,92.2,Outside Myanmar,myanmar_2025-06-05
22.7,92.3,Outside Myanmar,myanmar_2025-06-05
22.7,92.4,Outside Myanmar,myanmar_2025-06-05
22.7,92.5,Outside Myanmar,myanmar_2025-06-05
22.7,92.6,Outside Myanmar,myanmar_2025-06-05
22.7,92.7,Outside Myanmar,myanmar_2025-06-05
22.7,92.8,Outside Myanmar,myanmar_2025-06-05
22.7,92.9,Outside Myanmar,myanmar_2025-06-05
22.7,93.0,Outside Myanmar,myanmar_2025-06-05
22.7,93.1,Chin Resistance,myanmar_2025-06-05
22.7,93.2,Chin Resistance,myanmar_2025-06-05
22.7,93.3,Chin Resistance,myanmar_2025-06-05
22.7,93.4,Chin Resistance,myanmar_2025-06-05
22.7,93.5,Chin Resistance,myanmar_2025-06-05
22.7,93.6,Chin Resistance,myanmar_2025-06-05
22.7,93.7,Chin Resistance,myanmar_2025-06-05
22.7,93.8,Chin Resistance,myanmar_2025-06-05
22.7,93.9,Chin Resistance,myanmar_2025-06-05
22.7,94.0,Chin Resistance,myanmar_2025-06-05
22.7,94.1,Junta,myanmar_2025-06-05
22.7,94.2,Junta,myanmar_2025-06-05
22.7,94.3,Junta,myanmar_2025-06-05
22.7,94.4,Junta,myanmar_2025-06-05
22.7,94.5,Junta,myanmar_2025-06-05
22.7,94.6,Junta,myanmar_2025-06-05
22.7,94.7,Junta,myanmar_2025-06-05
22.7,94.8,Junta,myanmar_2025-06-05
22.7,94.9,Junta,myanmar_2025-06-05
22.7,95.0,Junta,myanmar_2025-06-05
22.7,95.1,Junta,myanmar_2025-06-05
22.7,95.2,Junta,myanmar_2025-06-05
22.7,95.3,Junta,myanmar_2025-06-05
22.7,95.4,Junta,myanmar_2025-06-05
22.7,95.5,PDF,myanmar_2025-06-05
22.7,95.6,Junta,myanmar_2025-06-05
22.7,95.7,Junta,myanmar_2025-06-05
22.7,95.8,Junta,myanmar_2025-06-05
22.7,95.9,Junta,myanmar_2025-06-05
22.7,96.0,Junta,myanmar_2025-06-05
22.7,96.1,Junta,myanmar_2025-06-05
22.7,96.2,Junta,myanmar_2025-06-05
22.7,96.3,Junta,myanmar_2025-06-05
22.7,96.4,Junta,myanmar_2025-06-05
22.7,96.5,Junta,myanmar_2025-06-05
22.7,96.6,Junta,myanmar_2025-06-05
22.7,96.7,Junta,myanmar_2025-06-05
22.7,96.8,Junta,myanmar_2025-06-05
22.7,96.9,Junta,myanmar_2025-06-05
22.7,97.0,Junta,myanmar_2025-06-05
22.7,97.1,Junta,myanmar_2025-06-05
22.7,97.2,Junta,myanmar_2025-06-05
22.7,97.3,Junta,myanmar_2025-06-05
22.7,97.4,Junta,myanmar_2025-06-05
22.7,97.5,Junta,myanmar_2025-06-05
22.7,97.6,Junta,myanmar_2025-06-05
22.7,97.7,Junta,myanmar_2025-06-05
22.7,97.8,Junta,myanmar_2025-06-05
22.7,97.9,Junta,myanmar_2025-06-05
22.7,98.0,Junta,myanmar_2025-06-05
22.7,98.1,Junta,myanmar_2025-06-05
22.7,98.2,Junta,myanmar_2025-06-05
22.7,98.3,Junta,myanmar_2025-06-05
22.7,98.4,Junta,myanmar_2025-06-05
22.7,98.5,Junta,myanmar_2025-06-05
22.7,98.6,UWSA,myanmar_2025-06-05
22.7,98.7,UWSA,myanmar_2025-06-05
22.7,98.8,UWSA,myanmar_2025-06-05
22.7,98.9,UWSA,myanmar_2025-06-05
22.7,99.0,UWSA,myanmar_2025-06-05
22.7,99.1,UWSA,myanmar_2025-06-05
22.7,99.2,UWSA,myanmar_2025-06-05
22.7,99.3,Junta,myanmar_2025-06-05
22.7,99.4,Outside Myanmar,myanmar_2025-06-05
22.7,99.5,Outside Myanmar,myanmar_2025-06-05
22.7,99.6,Outside Myanmar,myanmar_2025-06-05
22.7,99.7,Outside Myanmar,myanmar_2025-06-05
22.7,99.8,Outside Myanmar,myanmar_2025-06-05
22.7,99.9,Outside Myanmar,myanmar_2025-06-05
22.7,100.0,Outside Myanmar,myanmar_2025-06-05
22.7,100.1,Outside Myanmar,myanmar_2025-06-05
22.7,100.2,Outside Myanmar,myanmar_2025-06-05
22.7,100.3,Outside Myanmar,myanmar_2025-06-05
22.7,100.4,Outside Myanmar,myanmar_2025-06-05
22.7,100.5,Outside Myanmar,myanmar_2025-06-05
22.7,100.6,Outside Myanmar,myanmar_2025-06-05
22.7,100.7,Outside Myanmar,myanmar_2025-06-05
22.7,100.8,Outside Myanmar,myanmar_2025-06-05
22.7,100.9,Outside Myanmar,myanmar_2025-06-05
22.7,101.0,Outside Myanmar,myanmar_2025-06-05
22.7,101.1,Outside Myanmar,myanmar_2025-06-05
22.7,101.2,Outside Myanmar,myanmar_2025-06-05
22.7,101.3,Outside Myanmar,myanmar_2025-06-05
22.7,101.4,Outside Myanmar,myanmar_2025-06-05
22.8,92.0,Outside Myanmar,myanmar_2025-06-05
22.8,92.1,Outside Myanmar,myanmar_2025-06-05
22.8,92.2,Outside Myanmar,myanmar_2025-06-05
22.8,92.3,Outside Myanmar,myanmar_2025-06-05
22.8,92.4,Outside Myanmar,myanmar_2025-06-05
22.8,92.5,Outside Myanmar,myanmar_2025-06-05
22.8,92.6,Outside Myanmar,myanmar_2025-06-05
22.8,92.7,Outside Myanmar,myanmar_2025-06-05
22.8,92.8,Outside Myanmar,myanmar_2025-06-05
22.8,92.9,Outside Myanmar,myanmar_2025-06-05
22.8,93.0,Outside Myanmar,myanmar_2025-06-05
22.8,93.1,Chin Resistance,myanmar_2025-06-05
22.8,93.2,Chin Resistance,myanmar_2025-06-05
22.8,93.3,Chin Resistance,myanmar_2025-06-05
22.8,93.4,Chin Resistance,myanmar_2025-06-05
22.8,93.5,Chin Resistance,myanmar_2025-06-05
22.8,93.6,Chin Resistance,myanmar_2025-06-05
22.8,93.7,Chin Resistance,myanmar_2025-06-05
22.8,93.8,Chin Resistance,myanmar_2025-06-05
22.8,93.9,Chin Resistance,myanmar_2025-06-05
22.8,94.0,Chin Resistance,myanmar_2025-06-05
22.8,94.1,Junta,myanmar_2025-06-05
22.8,94.2,Junta,myanmar_2025-06-05
22.8,94.3,Junta,myanmar_2025-06-05
22.8,94.4,Junta,myanmar_2025-06-05
22.8,94.5,Junta,myanmar_2025-06-05
22.8,94.6,Junta,myanmar_2025-06-05
22.8,94.7,Junta,myanmar_2025-06-05
22.8,94.8,Junta,myanmar_2025-06-05
22.8,94.9,Junta,myanmar_2025-06-05
22.8,95.0,Junta,myanmar_2025-06-05
22.8,95.1,Junta,myanmar_2025-06-05
22.8,95.2,Junta,myanmar_2025-06-05
22.8,95.3,Junta,myanmar_2025-06-05
22.8,95.4,PDF,myanmar_2025-06-05
22.8,95.5,PDF,myanmar_2025-06-05
22.8,95.6,Junta,myanmar_2025-06-05
22.8,95.7,Junta,myanmar_2025-06-05
22.8,95.8,Junta,myanmar_2025-06-05
22.8,95.9,Junta,myanmar_2025-06-05
22.8,96.0,Junta,myanmar_2025-06-05
22.8,96.1,Junta,myanmar_2025-06-05
22.8,96.2,Junta,myanmar_2025-06-05
22.8,96.3,Junta,myanmar_2025-06-05
22.8,96.4,Junta,myanmar_2025-06-05
22.8,96.5,Junta,myanmar_2025-06-05
22.8,96.6,Junta,myanmar_2025-06-05
22.8,96.7,Junta,myanmar_2025-06-05
22.8,96.8,Junta,myanmar_2025-06-05
22.8,96.9,Junta,myanmar_2025-06-05
22.8,97.0,Junta,myanmar_2025-06-05
22.8,97.1,Junta,myanmar_2025-06-05
22.8,97.2,Junta,myanmar_2025-06-05
22.8,97.3,Junta,myanmar_2025-06-05
22.8,97.4,Junta,myanmar_2025-06-05
22.8,97.5,Junta,myanmar_2025-06-05
22.8,97.6,Junta,myanmar_2025-06-05
22.8,97.7,Junta,myanmar_2025-06-05
22.8,97.8,Junta,myanmar_2025-06-05
22.8,97.9,Junta,myanmar_2025-06-05
22.8,98.0,Junta,myanmar_2025-06-05
22.8,98.1,Junta,myanmar_2025-06-05
22.8,98.2,Junta,myanmar_2025-06-05
22.8,98.3,Junta,myanmar_2025-06-05
22.8,98.4,Junta,myanmar_2025-06-05
22.8,98.5,UWSA,myanmar_2025-06-05
22.8,98.6,UWSA,myanmar_2025-06-05
22.8,98.7,UWSA,myanmar_2025-06-05
22.8,98.8,UWSA,myanmar_2025-06-05
22.8,98.9,UWSA,myanmar_2025-06-05
22.8,99.0,UWSA,myanmar_2025-06-05
22.8,99.1,UWSA,myanmar_2025-06-05
22.8,99.2,UWSA,myanmar_2025-06-05
22.8,99.3,Junta,myanmar_2025-06-05
22.8,99.4,Outside Myanmar,myanmar_2025-06-05
22.8,99.5,Outside Myanmar,myanmar_2025-06-05
22.8,99.6,Outside Myanmar,myanmar_2025-06-05
22.8,99.7,Outside Myanmar,myanmar_2025-06-05
22.8,99.8,Outside Myanmar,myanmar_2025-06-05
22.8,99.9,Outside Myanmar,myanmar_2025-06-05
22.8,100.0,Outside Myanmar,myanmar_2025-06-05
22.8,100.1,Outside Myanmar,myanmar_2025-06-05
22.8,100.2,Outside Myanmar,myanmar_2025-06-05
22.8,100.3,Outside Myanmar,myanmar_2025-06-05
22.8,100.4,Outside Myanmar,myanmar_2025-06-05
22.8,100.5,Outside Myanmar,myanmar_2025-06-05
22.8,100.6,Outside Myanmar,myanmar_2025-06-05
22.8,100.7,Outside Myanmar,myanmar_2025-06-05
22.8,100.8,Outside Myanmar,myanmar_2025-06-05
22.8,100.9,Outside Myanmar,myanmar_2025-06-05
22.8,101.0,Outside Myanmar,myanmar_2025-06-05
22.8,101.1,Outside Myanmar,myanmar_2025-06-05
22.8,101.2,Outside Myanmar,myanmar_2025-06-05
22.8,101.3,Outside Myanmar,myanmar_2025-06-05
22.8,101.4,Outside Myanmar,myanmar_2025-06-05
22.9,92.0,Outside Myanmar,myanmar_2025-06-05
22.9,92.1,Outside Myanmar,myanmar_2025-06-05
22.9,92.2,Outside Myanmar,myanmar_2025-06-05
22.9,92.3,Outside Myanmar,myanmar_2025-06-05
22.9,92.4,Outside Myanmar,myanmar_2025-06-05
22.9,92.5,Outside Myanmar,myanmar_2025-06-05
22.9,92.6,Outside Myanmar,myanmar_2025-06-05
22.9,92.7,Outside Myanmar,myanmar_2025-06-05
22.9,92.8,Outside Myanmar,myanmar_2025-06-05
22.9,92.9,Outside Myanmar,myanmar_2025-06-05
22.9,93.0,Outside Myanmar,myanmar_2025-06-05
22.9,93.1,Chin Resistance,myanmar_2025-06-05
22.9,93.2,Chin Resistance,myanmar_2025-06-05
22.9,93.3,Chin Resistance,myanmar_2025-06-05
22.9,93.4,Chin Resistance,myanmar_2025-06-05
22.9,93.5,Chin Resistance,myanmar_2025-06-05
22.9,93.6,Chin Resistance,myanmar_2025-06-05
22.9,93.7,Chin Resistance,myanmar_2025-06-05
22.9,93.8,Chin Resistance,myanmar_2025-06-05
22.9,93.9,Chin Resistance,myanmar_2025-06-05
22.9,94.0,Chin Resistance,myanmar_2025-06-05
22.9,94.1,Junta,myanmar_2025-06-05
22.9,94.2,Junta,myanmar_2025-06-05
22.9,94.3,Junta,myanmar_2025-06-05
22.9,94.4,Junta,myanmar_2025-06-05
22.9,94.5,Junta,myanmar_2025-06-05
22.9,94.6,Junta,myanmar_2025-06-05
22.9,94.7,Junta,myanmar_2025-06-05
22.9,94.8,Junta,myanmar_2025-06-05
22.9,94.9,Junta,myanmar_2025-06-05
22.9,95.0,Junta,myanmar_2025-06-05
22.9,95.1,Junta,myanmar_2025-06-05
22.9,95.2,Junta,myanmar_2025-06-05
22.9,95.3,Junta,myanmar_2025-06-05
22.9,95.4,Junta,myanmar_2025-06-05
22.9,95.5,Junta,myanmar_2025-06-05
22.9,95.6,Junta,myanmar_2025-06-05
22.9,95.7,Junta,myanmar_2025-06-05
22.9,95.8,Junta,myanmar_2025-06-05
22.9,95.9,Junta,myanmar_2025-06-05
22.9,96.0,Junta,myanmar_2025-06-05
22.9,96.1,Junta,myanmar_2025-06-05
22.9,96.2,Junta,myanmar_2025-06-05
22.9,96.3,Junta,myanmar_2025-06-05
22.9,96.4,Junta,myanmar_2025-06-05
22.9,96.5,Junta,myanmar_2025-06-05
22.9,96.6,Junta,myanmar_2025-06-05
22.9,96.7,Junta,myanmar_2025-06-05
22.9,96.8,Junta,myanmar_2025-06-05
22.9,96.9,Junta,myanmar_2025-06-05
22.9,97.0,Junta,myanmar_2025-06-05
22.9,97.1,Junta,myanmar_2025-06-05
22.9,97.2,Junta,myanmar_2025-06-05
22.9,97.3,Junta,myanmar_2025-06-05
22.9,97.4,Junta,myanmar_2025-06-05
22.9,97.5,Junta,myanmar_2025-06-05
22.9,97.6,Junta,myanmar_2025-06-05
22.9,97.7,Junta,myanmar_2025-06-05
22.9,97.8,Junta,myanmar_2025-06-05
22.9,97.9,Junta,myanmar_2025-06-05
22.9,98.0,Junta,myanmar_2025-06-05
22.9,98.1,Junta,myanmar_2025-06-05
22.9,98.2,Junta,myanmar_2025-06-05
22.9,98.3,Junta,myanmar_2025-06-05
22.9,98.4,Junta,myanmar_2025-06-05
22.9,98.5,UWSA,myanmar_2025-06-05
22.9,98.6,UWSA,myanmar_2025-06-05
22.9,98.7,UWSA,myanmar_2025-06-05
22.9,98.8,UWSA,myanmar_2025-06-05
22.9,98.9,UWSA,myanmar_2025-06-05
22.9,99.0,UWSA,myanmar_2025-06-05
22.9,99.1,UWSA,myanmar_2025-06-05
22.9,99.2,UWSA,myanmar_2025-06-05
22.9,99.3,Junta,myanmar_2025-06-05
22.9,99.4,Junta,myanmar_2025-06-05
22.9,99.5,Outside Myanmar,myanmar_2025-06-05
22.9,99.6,Outside Myanmar,myanmar_2025-06-05
22.9,99.7,Outside Myanmar,myanmar_2025-06-05
22.9,99.8,Outside Myanmar,myanmar_2025-06-05
22.9,99.9,Outside Myanmar,myanmar_2025-06-05
22.9,100.0,Outside Myanmar,myanmar_2025-06-05
22.9,100.1,Outside Myanmar,myanmar_2025-06-05
22.9,100.2,Outside Myanmar,myanmar_2025-06-05
22.9,100.3,Outside Myanmar,myanmar_2025-06-05
22.9,100.4,Outside Myanmar,myanmar_2025-06-05
22.9,100.5,Outside Myanmar,myanmar_2025-06-05
22.9,100.6,Outside Myanmar,myanmar_2025-06-05
22.9,100.7,Outside Myanmar,myanmar_2025-06-05
22.9,100.8,Outside Myanmar,myanmar_2025-06-05
22.9,100.9,Outside Myanmar,myanmar_2025-06-05
22.9,101.0,Outside Myanmar,myanmar_2025-06-05
22.9,101.1,Outside Myanmar,myanmar_2025-06-05
22.9,101.2,Outside Myanmar,myanmar_2025-06-05
22.9,101.3,Outside Myanmar,myanmar_2025-06-05
22.9,101.4,Outside Myanmar,myanmar_2025-06-05
23.0,92.0,Outside Myanmar,myanmar_2025-06-05
23.0,92.1,Outside Myanmar,myanmar_2025-06-05
23.0,92.2,Outside Myanmar,myanmar_2025-06-05
23.0,92.3,Outside Myanmar,myanmar_2025-06-05
23.0,92.4,Outside Myanmar,myanmar_2025-06-05
23.0,92.5,Outside Myanmar,myanmar_2025-06-05
23.0,92.6,Outside Myanmar,myanmar_2025-06-05
23.0,92.7,Outside Myanmar,myanmar_2025-06-05
23.0,92.8,Outside Myanmar,myanmar_2025-06-05
23.0,92.9,Outside Myanmar,myanmar_2025-06-05
23.0,93.0,Outside Myanmar,myanmar_2025-06-05
23.0,93.1,Outside Myanmar,myanmar_2025-06-05
23.0,93.2,Chin Resistance,myanmar_2025-06-05
23.0,93.3,Chin Resistance,myanmar_2025-06-05
23.0,93.4,Chin Resistance,myanmar_2025-06-05
23.0,93.5,Chin Resistance,myanmar_2025-06-05
23.0,93.6,Chin Resistance,myanmar_2025-06-05
23.0,93.7,Chin Resistance,myanmar_2025-06-05
23.0,93.8,Chin Resistance,myanmar_2025-06-05
23.0,93.9,Chin Resistance,myanmar_2025-06-05
23.0,94.0,Chin Resistance,myanmar_2025-06-05
23.0,94.1,Junta,myanmar_2025-06-05
23.0,94.2,Junta,myanmar_2025-06-05
23.0,94.3,Junta,myanmar_2025-06-05
23.0,94.4,Junta,myanmar_2025-06-05
23.0,94.5,Junta,myanmar_2025-06-05
23.0,94.6,Junta,myanmar_2025-06-05
23.0,94.7,Junta,myanmar_2025-06-05
23.0,94.8,Junta,myanmar_2025-06-05
23.0,94.9,Junta,myanmar_2025-06-05
23.0,95.0,Junta,myanmar_2025-06-05
23.0,95.1,Junta,myanmar_2025-06-05
23.0,95.2,Junta,myanmar_2025-06-05
23.0,95.3,Junta,myanmar_2025-06-05
23.0,95.4,Junta,myanmar_2025-06-05
23.0,95.5,Junta,myanmar_2025-06-05
23.0,95.6,Junta,myanmar_2025-06-05
23.0,95.7,Junta,myanmar_2025-06-05
23.0,95.8,Junta,myanmar_2025-06-05
23.0,95.9,Junta,myanmar_2025-06-05
23.0,96.0,Junta,myanmar_2025-06-05
23.0,96.1,Junta,myanmar_2025-06-05
23.0,96.2,Junta,myanmar_2025-06-05
23.0,96.3,Junta,myanmar_2025-06-05
23.0,96.4,Junta,myanmar_2025-06-05
23.0,96.5,Junta,myanmar_2025-06-05
23.0,96.6,Junta,myanmar_2025-06-05
23.0,96.7,Junta,myanmar_2025-06-05
23.0,96.8,Junta,myanmar_2025-06-05
23.0,96.9,Junta,myanmar_2025-06-05
23.0,97.0,Junta,myanmar_2025-06-05
23.0,97.1,Junta,myanmar_2025-06-05
23.0,97.2,Junta,myanmar_2025-06-05
23.0,97.3,Junta,myanmar_2025-06-05
23.0,97.4,Junta,myanmar_2025-06-05
23.0,97.5,Junta,myanmar_2025-06-05
23.0,97.6,Junta,myanmar_2025-06-05
23.0,97.7,Junta,myanmar_2025-06-05
23.0,97.8,Junta,myanmar_2025-06-05
23.0,97.9,Junta,myanmar_2025-06-05
23.0,98.0,Junta,myanmar_2025-06-05
23.0,98.1,Junta,myanmar_2025-06-05
23.0,98.2,Junta,myanmar_2025-06-05
23.0,98.3,Junta,myanmar_2025-06-05
23.0,98.4,Junta,myanmar_2025-06-05
23.0,98.5,Junta,myanmar_2025-06-05
23.0,98.6,UWSA,myanmar_2025-06-05
23.0,98.7,UWSA,myanmar_2025-06-05
23.0,98.8,UWSA,myanmar_2025-06-05
23.0,98.9,UWSA,myanmar_2025-06-05
23.0,99.0,UWSA,myanmar_2025-06-05
23.0,99.1,UWSA,myanmar_2025-06-05
23.0,99.2,UWSA,myanmar_2025-06-05
23.0,99.3,UWSA,myanmar_2025-06-05
23.0,99.4,Junta,myanmar_2025-06-05
23.0,99.5,Outside Myanmar,myanmar_2025-06-05
23.0,99.6,Outside Myanmar,myanmar_2025-06-05
23.0,99.7,Outside Myanmar,myanmar_2025-06-05
23.0,99.8,Outside Myanmar,myanmar_2025-06-05
23.0,99.9,Outside Myanmar,myanmar_2025-06-05
23.0,100.0,Outside Myanmar,myanmar_2025-06-05
23.0,100.1,Outside Myanmar,myanmar_2025-06-05
23.0,100.2,Outside Myanmar,myanmar_2025-06-05
23.0,100.3,Outside Myanmar,myanmar_2025-06-05
23.0,100.4,Outside Myanmar,myanmar_2025-06-05
23.0,100.5,Outside Myanmar,myanmar_2025-06-05
23.0,100.6,Outside Myanmar,myanmar_2025-06-05
23.0,100.7,Outside Myanmar,myanmar_2025-06-05
23.0,100.8,Outside Myanmar,myanmar_2025-06-05
23.0,100.9,Outside Myanmar,myanmar_2025-06-05
23.0,101.0,Outside Myanmar,myanmar_2025-06-05
23.0,101.1,Outside Myanmar,myanmar_2025-06-05
23.0,101.2,Outside Myanmar,myanmar_2025-06-05
23.0,101.3,Outside Myanmar,myanmar_2025-06-05
23.0,101.4,Outside Myanmar,myanmar_2025-06-05
23.1,92.0,Outside Myanmar,myanmar_2025-06-05
23.1,92.1,Outside Myanmar,myanmar_2025-06-05
23.1,92.2,Outside Myanmar,myanmar_2025-06-05
23.1,92.3,Outside Myanmar,myanmar_2025-06-05
23.1,92.4,Outside Myanmar,myanmar_2025-06-05
23.1,92.5,Outside Myanmar,myanmar_2025-06-05
23.1,92.6,Outside Myanmar,myanmar_2025-06-05
23.1,92.7,Outside Myanmar,myanmar_2025-06-05
23.1,92.8,Outside Myanmar,myanmar_2025-06-05
23.1,92.9,Outside Myanmar,myanmar_2025-06-05
23.1,93.0,Outside Myanmar,myanmar_2025-06-05
23.1,93.1,Outside Myanmar,myanmar_2025-06-05
23.1,93.2,Chin Resistance,myanmar_2025-06-05
23.1,93.3,Chin Resistance,myanmar_2025-06-05
23.1,93.4,Chin Resistance,myanmar_2025-06-05
23.1,93.5,Chin Resistance,myanmar_2025-06-05
23.1,93.6,Chin Resistance,myanmar_2025-06-05
23.1,93.7,Chin Resistance,myanmar_2025-06-05
23.1,93.8,Chin Resistance,myanmar_2025-06-05
23.1,93.9,Chin Resistance,myanmar_2025-06-05
23.1,94.0,Chin Resistance,myanmar_2025-06-05
23.1,94.1,Junta,myanmar_2025-06-05
23.1,94.2,Junta,myanmar_2025-06-05
23.1,94.3,Junta,myanmar_2025-06-05
23.1,94.4,Junta,myanmar_2025-06-05
23.1,94.5,Junta,myanmar_2025-06-05
23.1,94.6,Junta,myanmar_2025-06-05
23.1,94.7,Junta,myanmar_2025-06-05
23.1,94.8,Junta,myanmar_2025-06-05
23.1,94.9,Junta,myanmar_2025-06-05
23.1,95.0,Junta,myanmar_2025-06-05
23.1,95.1,Junta,myanmar_2025-06-05
23.1,95.2,Junta,myanmar_2025-06-05
23.1,95.3,Junta,myanmar_2025-06-05
23.1,95.4,Junta,myanmar_2025-06-05
23.1,95.5,Junta,myanmar_2025-06-05
23.1,95.6,Junta,myanmar_2025-06-05
23.1,95.7,Junta,myanmar_2025-06-05
23.1,95.8,Junta,myanmar_2025-06-05
23.1,95.9,Junta,myanmar_2025-06-05
23.1,96.0,Junta,myanmar_2025-06-05
23.1,96.1,Junta,myanmar_2025-06-05
23.1,96.2,Junta,myanmar_2025-06-05
23.1,96.3,Junta,myanmar_2025-06-05
23.1,96.4,Junta,myanmar_2025-06-05
23.1,96.5,Junta,myanmar_2025-06-05
23.1,96.6,Junta,myanmar_2025-06-05
23.1,96.7,Junta,myanmar_2025-06-05
23.1,96.8,Junta,myanmar_2025-06-05
23.1,96.9,Junta,myanmar_2025-06-05
23.1,97.0,Junta,myanmar_2025-06-05
23.1,97.1,Junta,myanmar_2025-06-05
23.1,97.2,Junta,myanmar_2025-06-05
23.1,97.3,Junta,myanmar_2025-06-05
23.1,97.4,Junta,myanmar_2025-06-05
23.1,97.5,Junta,myanmar_2025-06-05
23.1,97.6,Junta,myanmar_2025-06-05
23.1,97.7,Junta,myanmar_2025-06-05
23.1,97.8,Junta,myanmar_2025-06-05
23.1,97.9,Junta,myanmar_2025-06-05
23.1,98.0,Junta,myanmar_2025-06-05
23.1,98.1,Junta,myanmar_2025-06-05
23.1,98.2,Junta,myanmar_2025-06-05
23.1,98.3,Junta,myanmar_2025-06-05
23.1,98.4,Junta,myanmar_2025-06-05
23.1,98.5,UWSA,myanmar_2025-06-05
23.1,98.6,UWSA,myanmar_2025-06-05
23.1,98.7,UWSA,myanmar_2025-06-05
23.1,98.8,UWSA,myanmar_2025-06-05
23.1,98.9,UWSA,myanmar_2025-06-05
23.1,99.0,UWSA,myanmar_2025-06-05
23.1,99.1,UWSA,myanmar_2025-06-05
23.1,99.2,UWSA,myanmar_2025-06-05
23.1,99.3,UWSA,myanmar_2025-06-05
23.1,99.4,UWSA,myanmar_2025-06-05
23.1,99.5,Outside Myanmar,myanmar_2025-06-05
23.1,99.6,Outside Myanmar,myanmar_2025-06-05
23.1,99.7,Outside Myanmar,myanmar_2025-06-05
23.1,99.8,Outside Myanmar,myanmar_2025-06-05
23.1,99.9,Outside Myanmar,myanmar_2025-06-05
23.1,100.0,Outside Myanmar,myanmar_2025-06-05
23.1,100.1,Outside Myanmar,myanmar_2025-06-05
23.1,100.2,Outside Myanmar,myanmar_2025-06-05
23.1,100.3,Outside Myanmar,myanmar_2025-06-05
23.1,100.4,Outside Myanmar,myanmar_2025-06-05
23.1,100.5,Outside Myanmar,myanmar_2025-06-05
23.1,100.6,Outside Myanmar,myanmar_2025-06-05
23.1,100.7,Outside Myanmar,myanmar_2025-06-05
23.1,100.8,Outside Myanmar,myanmar_2025-06-05
23.1,100.9,Outside Myanmar,myanmar_2025-06-05
23.1,101.0,Outside Myanmar,myanmar_2025-06-05
23.1,101.1,Outside Myanmar,myanmar_2025-06-05
23.1,101.2,Outside Myanmar,myanmar_2025-06-05
23.1,101.3,Outside Myanmar,myanmar_2025-06-05
23.1,101.4,Outside Myanmar,myanmar_2025-06-05
23.2,92.0,Outside Myanmar,myanmar_2025-06-05
23.2,92.1,Outside Myanmar,myanmar_2025-06-05
23.2,92.2,Outside Myanmar,myanmar_2025-06-05
23.2,92.3,Outside Myanmar,myanmar_2025-06-05
23.2,92.4,Outside Myanmar,myanmar_2025-06-05
23.2,92.5,Outside Myanmar,myanmar_2025-06-05
23.2,92.6,Outside Myanmar,myanmar_2025-06-05
23.2,92.7,Outside Myanmar,myanmar_2025-06-05
23.2,92.8,Outside Myanmar,myanmar_2025-06-05
23.2,92.9,Outside Myanmar,myanmar_2025-06-05
23.2,93.0,Outside Myanmar,myanmar_2025-06-05
23.2,93.1,Outside Myanmar,myanmar_2025-06-05
23.2,93.2,Outside Myanmar,myanmar_2025-06-05
23.2,93.3,Outside Myanmar,myanmar_2025-06-05
23.2,93.4,Chin Resistance,myanmar_2025-06-05
23.2,93.5,Chin Resistance,myanmar_2025-06-05
23.2,93.6,Chin Resistance,myanmar_2025-06-05
23.2,93.7,Chin Resistance,myanmar_2025-06-05
23.2,93.8,Chin Resistance,myanmar_2025-06-05
23.2,93.9,Chin Resistance,myanmar_2025-06-05
23.2,94.0,Chin Resistance,myanmar_2025-06-05
23.2,94.1,Junta,myanmar_2025-06-05
23.2,94.2,Junta,myanmar_2025-06-05
23.2,94.3,Junta,myanmar_2025-06-05
23.2,94.4,Junta,myanmar_2025-06-05
23.2,94.5,Junta,myanmar_2025-06-05
23.2,94.6,Junta,myanmar_2025-06-05
23.2,94.7,Junta,myanmar_2025-06-05
23.2,94.8,Junta,myanmar_2025-06-05
23.2,94.9,Junta,myanmar_2025-06-05
23.2,95.0,Junta,myanmar_2025-06-05
23.2,95.1,Junta,myanmar_2025-06-05
23.2,95.2,Junta,myanmar_2025-06-05
23.2,95.3,Junta,myanmar_2025-06-05
23.2,95.4,Junta,myanmar_2025-06-05
23.2,95.5,Junta,myanmar_2025-06-05
23.2,95.6,Junta,myanmar_2025-06-05
23.2,95.7,Junta,myanmar_2025-06-05
23.2,95.8,Junta,myanmar_2025-06-05
23.2,95.9,Junta,myanmar_2025-06-05
23.2,96.0,Junta,myanmar_2025-06-05
23.2,96.1,Junta,myanmar_2025-06-05
23.2,96.2,Junta,myanmar_2025-06-05
23.2,96.3,Junta,myanmar_2025-06-05
23.2,96.4,Junta,myanmar_2025-06-05
23.2,96.5,KIA,myanmar_2025-06-05
23.2,96.6,KIA,myanmar_2025-06-05
23.2,96.7,KIA,myanmar_2025-06-05
23.2,96.8,Junta,myanmar_2025-06-05
23.2,96.9,Junta,myanmar_2025-06-05
23.2,97.0,Junta,myanmar_2025-06-05
23.2,97.1,Junta,myanmar_2025-06-05
23.2,97.2,Junta,myanmar_2025-06-05
23.2,97.3,Junta,myanmar_2025-06-05
23.2,97.4,Junta,myanmar_2025-06-05
23.2,97.5,Junta,myanmar_2025-06-05
23.2,97.6,Junta,myanmar_2025-06-05
23.2,97.7,Junta,myanmar_2025-06-05
23.2,97.8,Junta,myanmar_2025-06-05
23.2,97.9,Junta,myanmar_2025-06-05
23.2,98.0,Junta,myanmar_2025-06-05
23.2,98.1,Junta,myanmar_2025-06-05
23.2,98.2,Junta,myanmar_2025-06-05
23.2,98.3,Junta,myanmar_2025-06-05
23.2,98.4,Junta,myanmar_2025-06-05
23.2,98.5,UWSA,myanmar_2025-06-05
23.2,98.6,UWSA,myanmar_2025-06-05
23.2,98.7,UWSA,myanmar_2025-06-05
23.2,98.8,UWSA,myanmar_2025-06-05
23.2,98.9,UWSA,myanmar_2025-06-05
23.2,99.0,UWSA,myanmar_2025-06-05
23.2,99.1,UWSA,myanmar_2025-06-05
23.2,99.2,UWSA,myanmar_2025-06-05
23.2,99.3,UWSA,myanmar_2025-06-05
23.2,99.4,UWSA,myanmar_2025-06-05
23.2,99.5,Outside Myanmar,myanmar_2025-06-05
23.2,99.6,Outside Myanmar,myanmar_2025-06-05
23.2,99.7,Outside Myanmar,myanmar_2025-06-05
23.2,99.8,Outside Myanmar,myanmar_2025-06-05
23.2,99.9,Outside Myanmar,myanmar_2025-06-05
23.2,100.0,Outside Myanmar,myanmar_2025-06-05
23.2,100.1,Outside Myanmar,myanmar_2025-06-05
23.2,100.2,Outside Myanmar,myanmar_2025-06-05
23.2,100.3,Outside Myanmar,myanmar_2025-06-05
23.2,100.4,Outside Myanmar,myanmar_2025-06-05
23.2,100.5,Outside Myanmar,myanmar_2025-06-05
23.2,100.6,Outside Myanmar,myanmar_2025-06-05
23.2,100.7,Outside Myanmar,myanmar_2025-06-05
23.2,100.8,Outside Myanmar,myanmar_2025-06-05
23.2,100.9,Outside Myanmar,myanmar_2025-06-05
23.2,101.0,Outside Myanmar,myanmar_2025-06-05
23.2,101.1,Outside Myanmar,myanmar_2025-06-05
23.2,101.2,Outside Myanmar,myanmar_2025-06-05
23.2,101.3,Outside Myanmar,myanmar_2025-06-05
23.2,101.4,Outside Myanmar,myanmar_2025-06-05
23.3,92.0,Outside Myanmar,myanmar_2025-06-05
23.3,92.1,Outside Myanmar,myanmar_2025-06-05
23.3,92.2,Outside Myanmar,myanmar_2025-06-05
23.3,92.3,Outside Myanmar,myanmar_2025-06-05
23.3,92.4,Outside Myanmar,myanmar_2025-06-05
23.3,92.5,Outside Myanmar,myanmar_2025-06-05
23.3,92.6,Outside Myanmar,myanmar_2025-06-05
23.3,92.7,Outside Myanmar,myanmar_2025-06-05
23.3,92.8,Outside Myanmar,myanmar_2025-06-05
23.3,92.9,Outside Myanmar,myanmar_2025-06-05
23.3,93.0,Outside Myanmar,myanmar_2025-06-05
23.3,93.1,Outside Myanmar,myanmar_2025-06-05
23.3,93.2,Outside Myanmar,myanmar_2025-06-05
23.3,93.3,Outside Myanmar,myanmar_2025-06-05
23.3,93.4,Chin Resistance,myanmar_2025-06-05
23.3,93.5,Chin Resistance,myanmar_2025-06-05
23.3,93.6,Chin Resistance,myanmar_2025-06-05
23.3,93.7,Chin Resistance,myanmar_2025-06-05
23.3,93.8,Chin Resistance,myanmar_2025-06-05
23.3,93.9,Chin Resistance,myanmar_2025-06-05
23.3,94.0,Chin Resistance,myanmar_2025-06-05
23.3,94.1,Chin Resistance,myanmar_2025-06-05
23.3,94.2,Chin Resistance,myanmar_2025-06-05
23.3,94.3,Junta,myanmar_2025-06-05
23.3,94.4,Junta,myanmar_2025-06-05
23.3,94.5,Junta,myanmar_2025-06-05
23.3,94.6,Junta,myanmar_2025-06-05
23.3,94.7,Junta,myanmar_2025-06-05
23.3,94.8,Junta,myanmar_2025-06-05
23.3,94.9,Junta,myanmar_2025-06-05
23.3,95.0,Junta,myanmar_2025-06-05
23.3,95.1,Junta,myanmar_2025-06-05
23.3,95.2,Junta,myanmar_2025-06-05
23.3,95.3,Junta,myanmar_2025-06-05
23.3,95.4,Junta,myanmar_2025-06-05
23.3,95.5,Junta,myanmar_2025-06-05
23.3,95.6,Junta,myanmar_2025-06-05
23.3,95.7,Junta,myanmar_2025-06-05
23.3,95.8,Junta,myanmar_2025-06-05
23.3,95.9,Junta,myanmar_2025-06-05
23.3,96.0,Junta,myanmar_2025-06-05
23.3,96.1,Junta,myanmar_2025-06-05
23.3,96.2,Junta,myanmar_2025-06-05
23.3,96.3,KIA,myanmar_2025-06-05
23.3,96.4,KIA,myanmar_2025-06-05
23.3,96.5,KIA,myanmar_2025-06-05
23.3,96.6,KIA,myanmar_2025-06-05
23.3,96.7,KIA,myanmar_2025-06-05
23.3,96.8,KIA,myanmar_2025-06-05
23.3,96.9,Junta,myanmar_2025-06-05
23.3,97.0,Junta,myanmar_2025-06-05
23.3,97.1,Junta,myanmar_2025-06-05
23.3,97.2,Junta,myanmar_2025-06-05
23.3,97.3,Junta,myanmar_2025-06-05
23.3,97.4,Junta,myanmar_2025-06-05
23.3,97.5,Junta,myanmar_2025-06-05
23.3,97.6,Junta,myanmar_2025-06-05
23.3,97.7,Junta,myanmar_2025-06-05
23.3,97.8,Junta,myanmar_2025-06-05
23.3,97.9,Junta,myanmar_2025-06-05
23.3,98.0,Junta,myanmar_2025-06-05
23.3,98.1,Junta,myanmar_2025-06-05
23.3,98.2,Junta,myanmar_2025-06-05
23.3,98.3,Junta,myanmar_2025-06-05
23.3,98.4,Junta,myanmar_2025-06-05
23.3,98.5,UWSA,myanmar_2025-06-05
23.3,98.6,UWSA,myanmar_2025-06-05
23.3,98.7,UWSA,myanmar_2025-06-05
23.3,98.8,UWSA,myanmar_2025-06-05
23.3,98.9,UWSA,myanmar_2025-06-05
23.3,99.0,Outside Myanmar,myanmar_2025-06-05
23.3,99.1,Outside Myanmar,myanmar_2025-06-05
23.3,99.2,Outside Myanmar,myanmar_2025-06-05
23.3,99.3,Outside Myanmar,myanmar_2025-06-05
23.3,99.4,Outside Myanmar,myanmar_2025-06-05
23.3,99.5,Outside Myanmar,myanmar_2025-06-05
23.3,99.6,Outside Myanmar,myanmar_2025-06-05
23.3,99.7,Outside Myanmar,myanmar_2025-06-05
23.3,99.8,Outside Myanmar,myanmar_2025-06-05
23.3,99.9,Outside Myanmar,myanmar_2025-06-05
23.3,100.0,Outside Myanmar,myanmar_2025-06-05
23.3,100.1,Outside Myanmar,myanmar_2025-06-05
23.3,100.2,Outside Myanmar,myanmar_2025-06-05
23.3,100.3,Outside Myanmar,myanmar_2025-06-05
23.3,100.4,Outside Myanmar,myanmar_2025-06-05
23.3,100.5,Outside Myanmar,myanmar_2025-06-05
23.3,100.6,Outside Myanmar,myanmar_2025-06-05
23.3,100.7,Outside Myanmar,myanmar_2025-06-05
23.3,100.8,Outside Myanmar,myanmar_2025-06-05
23.3,100.9,Outside Myanmar,myanmar_2025-06-05
23.3,101.0,Outside Myanmar,myanmar_2025-06-05
23.3,101.1,Outside Myanmar,myanmar_2025-06-05
23.3,101.2,Outside Myanmar,myanmar_2025-06-05
23.3,101.3,Outside Myanmar,myanmar_2025-06-05
23.3,101.4,Outside Myanmar,myanmar_2025-06-05
23.4,92.0,Outside Myanmar,myanmar_2025-06-05
23.4,92.1,Outside Myanmar,myanmar_2025-06-05
23.4,92.2,Outside Myanmar,myanmar_2025-06-05
23.4,92.3,Outside Myanmar,myanmar_2025-06-05
23.4,92.4,Outside Myanmar,myanmar_2025-06-05
23.4,92.5,Outside Myanmar,myanmar_2025-06-05
23.4,92.6,Outside Myanmar,myanmar_2025-06-05
23.4,92.7,Outside Myanmar,myanmar_2025-06-05
23.4,92.8,Outside Myanmar,myanmar_2025-06-05
23.4,92.9,Outside Myanmar,myanmar_2025-06-05
23.4,93.0,Outside Myanmar,myanmar_2025-06-05
23.4,93.1,Outside Myanmar,myanmar_2025-06-05
23.4,93.2,Outside Myanmar,myanmar_2025-06-05
23.4,93.3,Outside Myanmar,myanmar_2025-06-05
23.4,93.4,Chin Resistance,myanmar_2025-06-05
23.4,93.5,Chin Resistance,myanmar_2025-06-05
23.4,93.6,Chin Resistance,myanmar_2025-06-05
23.4,93.7,Chin Resistance,myanmar_2025-06-05
23.4,93.8,Chin Resistance,myanmar_2025-06-05
23.4,93.9,Chin Resistance,myanmar_2025-06-05
23.4,94.0,Chin Resistance,myanmar_2025-06-05
23.4,94.1,Chin Resistance,myanmar_2025-06-05
23.4,94.2,Chin Resistance,myanmar_2025-06-05
23.4,94.3,Junta,myanmar_2025-06-05
23.4,94.4,Junta,myanmar_2025-06-05
23.4,94.5,Junta,myanmar_2025-06-05
23.4,94.6,Junta,myanmar_2025-06-05
23.4,94.7,Junta,myanmar_2025-06-05
23.4,94.8,Junta,myanmar_2025-06-05
23.4,94.9,Junta,myanmar_2025-06-05
23.4,95.0,Junta,myanmar_2025-06-05
23.4,95.1,Junta,myanmar_2025-06-05
23.4,95.2,Junta,myanmar_2025-06-05
23.4,95.3,Junta,myanmar_2025-06-05
23.4,95.4,Junta,myanmar_2025-06-05
23.4,95.5,Junta,myanmar_2025-06-05
23.4,95.6,Junta,myanmar_2025-06-05
23.4,95.7,Junta,myanmar_2025-06-05
23.4,95.8,Junta,myanmar_2025-06-05
23.4,95.9,Junta,myanmar_2025-06-05
23.4,96.0,Junta,myanmar_2025-06-05
23.4,96.1,Junta,myanmar_2025-06-05
23.4,96.2,Junta,myanmar_2025-06-05
23.4,96.3,KIA,myanmar_2025-06-05
23.4,96.4,KIA,myanmar_2025-06-05
23.4,96.5,KIA,myanmar_2025-06-05
23.4,96.6,KIA,myanmar_2025-06-05
23.4,96.7,KIA,myanmar_2025-06-05
23.4,96.8,KIA,myanmar_2025-06-05
23.4,96.9,KIA,myanmar_2025-06-05
23.4,97.0,Junta,myanmar_2025-06-05
23.4,97.1,Junta,myanmar_2025-06-05
23.4,97.2,Junta,myanmar_2025-06-05
23.4,97.3,Junta,myanmar_2025-06-05
23.4,97.4,Junta,myanmar_2025-06-05
23.4,97.5,Junta,myanmar_2025-06-05
23.4,97.6,KIA,myanmar_2025-06-05
23.4,97.7,Junta,myanmar_2025-06-05
23.4,97.8,Junta,myanmar_2025-06-05
23.4,97.9,Junta,myanmar_2025-06-05
23.4,98.0,Junta,myanmar_2025-06-05
23.4,98.1,Junta,myanmar_2025-06-05
23.4,98.2,Junta,myanmar_2025-06-05
23.4,98.3,Junta,myanmar_2025-06-05
23.4,98.4,Junta,myanmar_2025-06-05
23.4,98.5,Junta,myanmar_2025-06-05
23.4,98.6,UWSA,myanmar_2025-06-05
23.4,98.7,UWSA,myanmar_2025-06-05
23.4,98.8,UWSA,myanmar_2025-06-05
23.4,98.9,Outside Myanmar,myanmar_2025-06-05
23.4,99.0,Outside Myanmar,myanmar_2025-06-05
23.4,99.1,Outside Myanmar,myanmar_2025-06-05
23.4,99.2,Outside Myanmar,myanmar_2025-06-05
23.4,99.3,Outside Myanmar,myanmar_2025-06-05
23.4,99.4,Outside Myanmar,myanmar_2025-06-05
23.4,99.5,Outside Myanmar,myanmar_2025-06-05
23.4,99.6,Outside Myanmar,myanmar_2025-06-05
23.4,99.7,Outside Myanmar,myanmar_2025-06-05
23.4,99.8,Outside Myanmar,myanmar_2025-06-05
23.4,99.9,Outside Myanmar,myanmar_2025-06-05
23.4,100.0,Outside Myanmar,myanmar_2025-06-05
23.4,100.1,Outside Myanmar,myanmar_2025-06-05
23.4,100.2,Outside Myanmar,myanmar_2025-06-05
23.4,100.3,Outside Myanmar,myanmar_2025-06-05
23.4,100.4,Outside Myanmar,myanmar_2025-06-05
23.4,100.5,Outside Myanmar,myanmar_2025-06-05
23.4,100.6,Outside Myanmar,myanmar_2025-06-05
23.4,100.7,Outside Myanmar,myanmar_2025-06-05
23.4,100.8,Outside Myanmar,myanmar_2025-06-05
23.4,100.9,Outside Myanmar,myanmar_2025-06-05
23.4,101.0,Outside Myanmar,myanmar_2025-06-05
23.4,101.1,Outside Myanmar,myanmar_2025-06-05
23.4,101.2,Outside Myanmar,myanmar_2025-06-05
23.4,101.3,Outside Myanmar,myanmar_2025-06-05
23.4,101.4,Outside Myanmar,myanmar_2025-06-05
23.5,92.0,Outside Myanmar,myanmar_2025-06-05
23.5,92.1,Outside Myanmar,myanmar_2025-06-05
23.5,92.2,Outside Myanmar,myanmar_2025-06-05
23.5,92.3,Outside Myanmar,myanmar_2025-06-05
23.5,92.4,Outside Myanmar,myanmar_2025-06-05
23.5,92.5,Outside Myanmar,myanmar_2025-06-05
23.5,92.6,Outside Myanmar,myanmar_2025-06-05
23.5,92.7,Outside Myanmar,myanmar_2025-06-05
23.5,92.8,Outside Myanmar,myanmar_2025-06-05
23.5,92.9,Outside Myanmar,myanmar_2025-06-05
23.5,93.0,Outside Myanmar,myanmar_2025-06-05
23.5,93.1,Outside Myanmar,myanmar_2025-06-05
23.5,93.2,Outside Myanmar,myanmar_2025-06-05
23.5,93.3,Outside Myanmar,myanmar_2025-06-05
23.5,93.4,ZRA,myanmar_2025-06-05
23.5,93.5,ZRA,myanmar_2025-06-05
23.5,93.6,Chin Resistance,myanmar_2025-06-05
23.5,93.7,Chin Resistance,myanmar_2025-06-05
23.5,93.8,Chin Resistance,myanmar_2025-06-05
23.5,93.9,Chin Resistance,myanmar_2025-06-05
23.5,94.0,Chin Resistance,myanmar_2025-06-05
23.5,94.1,Chin Resistance,myanmar_2025-06-05
23.5,94.2,Chin Resistance,myanmar_2025-06-05
23.5,94.3,Junta,myanmar_2025-06-05
23.5,94.4,Junta,myanmar_2025-06-05
23.5,94.5,Junta,myanmar_2025-06-05
23.5,94.6,Junta,myanmar_2025-06-05
23.5,94.7,Junta,myanmar_2025-06-05
23.5,94.8,Junta,myanmar_2025-06-05
23.5,94.9,Junta,myanmar_2025-06-05
23.5,95.0,Junta,myanmar_2025-06-05
23.5,95.1,Junta,myanmar_2025-06-05
23.5,95.2,Junta,myanmar_2025-06-05
23.5,95.3,Junta,myanmar_2025-06-05
23.5,95.4,Junta,myanmar_2025-06-05
23.5,95.5,Junta,myanmar_2025-06-05
23.5,95.6,Junta,myanmar_2025-06-05
23.5,95.7,Junta,myanmar_2025-06-05
23.5,95.8,Junta,myanmar_2025-06-05
23.5,95.9,Junta,myanmar_2025-06-05
23.5,96.0,Junta,myanmar_2025-06-05
23.5,96.1,Junta,myanmar_2025-06-05
23.5,96.2,Junta,myanmar_2025-06-05
23.5,96.3,KIA,myanmar_2025-06-05
23.5,96.4,KIA,myanmar_2025-06-05
23.5,96.5,KIA,myanmar_2025-06-05
23.5,96.6,KIA,myanmar_2025-06-05
23.5,96.7,KIA,myanmar_2025-06-05
23.5,96.8,KIA,myanmar_2025-06-05
23.5,96.9,KIA,myanmar_2025-06-05
23.5,97.0,KIA,myanmar_2025-06-05
23.5,97.1,Junta,myanmar_2025-06-05
23.5,97.2,Junta,myanmar_2025-06-05
23.5,97.3,Junta,myanmar_2025-06-05
23.5,97.4,Junta,myanmar_2025-06-05
23.5,97.5,Junta,myanmar_2025-06-05
23.5,97.6,KIA,myanmar_2025-06-05
23.5,97.7,KIA,myanmar_2025-06-05
23.5,97.8,KIA,myanmar_2025-06-05
23.5,97.9,KIA,myanmar_2025-06-05
23.5,98.0,Junta,myanmar_2025-06-05
23.5,98.1,Junta,myanmar_2025-06-05
23.5,98.2,Junta,myanmar_2025-06-05
23.5,98.3,Junta,myanmar_2025-06-05
23.5,98.4,Junta,myanmar_2025-06-05
23.5,98.5,Junta,myanmar_2025-06-05
23.5,98.6,Junta,myanmar_2025-06-05
23.5,98.7,UWSA,myanmar_2025-06-05
23.5,98.8,UWSA,myanmar_2025-06-05
23.5,98.9,Outside Myanmar,myanmar_2025-06-05
23.5,99.0,Outside Myanmar,myanmar_2025-06-05
23.5,99.1,Outside Myanmar,myanmar_2025-06-05
23.5,99.2,Outside Myanmar,myanmar_2025-06-05
23.5,99.3,Outside Myanmar,myanmar_2025-06-05
23.5,99.4,Outside Myanmar,myanmar_2025-06-05
23.5,99.5,Outside Myanmar,myanmar_2025-06-05
23.5,99.6,Outside Myanmar,myanmar_2025-06-05
23.5,99.7,Outside Myanmar,myanmar_2025-06-05
23.5,99.8,Outside Myanmar,myanmar_2025-06-05
23.5,99.9,Outside Myanmar,myanmar_2025-06-05
23.5,100.0,Outside Myanmar,myanmar_2025-06-05
23.5,100.1,Outside Myanmar,myanmar_2025-06-05
23.5,100.2,Outside Myanmar,myanmar_2025-06-05
23.5,100.3,Outside Myanmar,myanmar_2025-06-05
23.5,100.4,Outside Myanmar,myanmar_2025-06-05
23.5,100.5,Outside Myanmar,myanmar_2025-06-05
23.5,100.6,Outside Myanmar,myanmar_2025-06-05
23.5,100.7,Outside Myanmar,myanmar_2025-06-05
23.5,100.8,Outside Myanmar,myanmar_2025-06-05
23.5,100.9,Outside Myanmar,myanmar_2025-06-05
23.5,101.0,Outside Myanmar,myanmar_2025-06-05
23.5,101.1,Outside Myanmar,myanmar_2025-06-05
23.5,101.2,Outside Myanmar,myanmar_2025-06-05
23.5,101.3,Outside Myanmar,myanmar_2025-06-05
23.5,101.4,Outside Myanmar,myanmar_2025-06-05
23.6,92.0,Outside Myanmar,myanmar_2025-06-05
23.6,92.1,Outside Myanmar,myanmar_2025-06-05
23.6,92.2,Outside Myanmar,myanmar_2025-06-05
23.6,92.3,Outside Myanmar,myanmar_2025-06-05
23.6,92.4,Outside Myanmar,myanmar_2025-06-05
23.6,92.5,Outside Myanmar,myanmar_2025-06-05
23.6,92.6,Outside Myanmar,myanmar_2025-06-05
23.6,92.7,Outside Myanmar,myanmar_2025-06-05
23.6,92.8,Outside Myanmar,myanmar_2025-06-05
23.6,92.9,Outside Myanmar,myanmar_2025-06-05
23.6,93.0,Outside Myanmar,myanmar_2025-06-05
23.6,93.1,Outside Myanmar,myanmar_2025-06-05
23.6,93.2,Outside Myanmar,myanmar_2025-06-05
23.6,93.3,Outside Myanmar,myanmar_2025-06-05
23.6,93.4,ZRA,myanmar_2025-06-05
23.6,93.5,ZRA,myanmar_2025-06-05
23.6,93.6,Chin Resistance,myanmar_2025-06-05
23.6,93.7,Chin Resistance,myanmar_2025-06-05
23.6,93.8,Chin Resistance,myanmar_2025-06-05
23.6,93.9,Chin Resistance,myanmar_2025-06-05
23.6,94.0,Chin Resistance,myanmar_2025-06-05
23.6,94.1,Chin Resistance,myanmar_2025-06-05
23.6,94.2,Chin Resistance,myanmar_2025-06-05
23.6,94.3,Junta,myanmar_2025-06-05
23.6,94.4,Junta,myanmar_2025-06-05
23.6,94.5,Junta,myanmar_2025-06-05
23.6,94.6,Junta,myanmar_2025-06-05
23.6,94.7,Junta,myanmar_2025-06-05
23.6,94.8,Junta,myanmar_2025-06-05
23.6,94.9,Junta,myanmar_2025-06-05
23.6,95.0,Junta,myanmar_2025-06-05
23.6,95.1,Junta,myanmar_2025-06-05
23.6,95.2,Junta,myanmar_2025-06-05
23.6,95.3,Junta,myanmar_2025-06-05
23.6,95.4,Junta,myanmar_2025-06-05
23.6,95.5,Junta,myanmar_2025-06-05
23.6,95.6,Junta,myanmar_2025-06-05
23.6,95.7,Junta,myanmar_2025-06-05
23.6,95.8,Junta,myanmar_2025-06-05
23.6,95.9,Junta,myanmar_2025-06-05
23.6,96.0,Junta,myanmar_2025-06-05
23.6,96.1,Junta,myanmar_2025-06-05
23.6,96.2,Junta,myanmar_2025-06-05
23.6,96.3,KIA,myanmar_2025-06-05
23.6,96.4,KIA,myanmar_2025-06-05
23.6,96.5,KIA,myanmar_2025-06-05
23.6,96.6,KIA,myanmar_2025-06-05
23.6,96.7,KIA,myanmar_2025-06-05
23.6,96.8,KIA,myanmar_2025-06-05
23.6,96.9,KIA,myanmar_2025-06-05
23.6,97.0,KIA,myanmar_2025-06-05
23.6,97.1,KIA,myanmar_2025-06-05
23.6,97.2,Junta,myanmar_2025-06-05
23.6,97.3,Junta,myanmar_2025-06-05
23.6,97.4,Junta,myanmar_2025-06-05
23.6,97.5,Junta,myanmar_2025-06-05
23.6,97.6,Junta,myanmar_2025-06-05
23.6,97.7,KIA,myanmar_2025-06-05
23.6,97.8,KIA,myanmar_2025-06-05
23.6,97.9,KIA,myanmar_2025-06-05
23.6,98.0,KIA,myanmar_2025-06-05
23.6,98.1,KIA,myanmar_2025-06-05
23.6,98.2,Junta,myanmar_2025-06-05
23.6,98.3,Junta,myanmar_2025-06-05
23.6,98.4,Junta,myanmar_2025-06-05
23.6,98.5,Junta,myanmar_2025-06-05
23.6,98.6,Junta,myanmar_2025-06-05
23.6,98.7,Junta,myanmar_2025-06-05
23.6,98.8,Junta,myanmar_2025-06-05
23.6,98.9,Outside Myanmar,myanmar_2025-06-05
23.6,99.0,Outside Myanmar,myanmar_2025-06-05
23.6,99.1,Outside Myanmar,myanmar_2025-06-05
23.6,99.2,Outside Myanmar,myanmar_2025-06-05
23.6,99.3,Outside Myanmar,myanmar_2025-06-05
23.6,99.4,Outside Myanmar,myanmar_2025-06-05
23.6,99.5,Outside Myanmar,myanmar_2025-06-05
23.6,99.6,Outside Myanmar,myanmar_2025-06-05
23.6,99.7,Outside Myanmar,myanmar_2025-06-05
23.6,99.8,Outside Myanmar,myanmar_2025-06-05
23.6,99.9,Outside Myanmar,myanmar_2025-06-05
23.6,100.0,Outside Myanmar,myanmar_2025-06-05
23.6,100.1,Outside Myanmar,myanmar_2025-06-05
23.6,100.2,Outside Myanmar,myanmar_2025-06-05
23.6,100.3,Outside Myanmar,myanmar_2025-06-05
23.6,100.4,Outside Myanmar,myanmar_2025-06-05
23.6,100.5,Outside Myanmar,myanmar_2025-06-05
23.6,100.6,Outside Myanmar,myanmar_2025-06-05
23.6,100.7,Outside Myanmar,myanmar_2025-06-05
23.6,100.8,Outside Myanmar,myanmar_2025-06-05
23.6,100.9,Outside Myanmar,myanmar_2025-06-05
23.6,101.0,Outside Myanmar,myanmar_2025-06-05
23.6,101.1,Outside Myanmar,myanmar_2025-06-05
23.6,101.2,Outside Myanmar,myanmar_2025-06-05
23.6,101.3,Outside Myanmar,myanmar_2025-06-05
23.6,101.4,Outside Myanmar,myanmar_2025-06-05
23.7,92.0,Outside Myanmar,myanmar_2025-06-05
23.7,92.1,Outside Myanmar,myanmar_2025-06-05
23.7,92.2,Outside Myanmar,myanmar_2025-06-05
23.7,92.3,Outside Myanmar,myanmar_2025-06-05
23.7,92.4,Outside Myanmar,myanmar_2025-06-05
23.7,92.5,Outside Myanmar,myanmar_2025-06-05
23.7,92.6,Outside Myanmar,myanmar_2025-06-05
23.7,92.7,Outside Myanmar,myanmar_2025-06-05
23.7,92.8,Outside Myanmar,myanmar_2025-06-05
23.7,92.9,Outside Myanmar,myanmar_2025-06-05
23.7,93.0,Outside Myanmar,myanmar_2025-06-05
23.7,93.1,Outside Myanmar,myanmar_2025-06-05
23.7,93.2,Outside Myanmar,myanmar_2025-06-05
23.7,93.3,Outside Myanmar,myanmar_2025-06-05
23.7,93.4,Chin Resistance,myanmar_2025-06-05
23.7,93.5,Chin Resistance,myanmar_2025-06-05
23.7,93.6,Chin Resistance,myanmar_2025-06-05
23.7,93.7,Chin Resistance,myanmar_2025-06-05
23.7,93.8,Chin Resistance,myanmar_2025-06-05
23.7,93.9,Chin Resistance,myanmar_2025-06-05
23.7,94.0,Chin Resistance,myanmar_2025-06-05
23.7,94.1,Chin Resistance,myanmar_2025-06-05
23.7,94.2,Chin Resistance,myanmar_2025-06-05
23.7,94.3,Junta,myanmar_2025-06-05
23.7,94.4,Junta,myanmar_2025-06-05
23.7,94.5,Junta,myanmar_2025-06-05
23.7,94.6,Junta,myanmar_2025-06-05
23.7,94.7,Junta,myanmar_2025-06-05
23.7,94.8,Junta,myanmar_2025-06-05
23.7,94.9,Junta,myanmar_2025-06-05
23.7,95.0,Junta,myanmar_2025-06-05
23.7,95.1,Junta,myanmar_2025-06-05
23.7,95.2,Junta,myanmar_2025-06-05
23.7,95.3,Junta,myanmar_2025-06-05
23.7,95.4,Junta,myanmar_2025-06-05
23.7,95.5,Junta,myanmar_2025-06-05
23.7,95.6,Junta,myanmar_2025-06-05
23.7,95.7,Junta,myanmar_2025-06-05
23.7,95.8,Junta,myanmar_2025-06-05
23.7,95.9,Junta,myanmar_2025-06-05
23.7,96.0,Junta,myanmar_2025-06-05
23.7,96.1,Junta,myanmar_2025-06-05
23.7,96.2,Junta,myanmar_2025-06-05
23.7,96.3,KIA,myanmar_2025-06-05
23.7,96.4,KIA,myanmar_2025-06-05
23.7,96.5,KIA,myanmar_2025-06-05
23.7,96.6,KIA,myanmar_2025-06-05
23.7,96.7,KIA,myanmar_2025-06-05
23.7,96.8,KIA,myanmar_2025-06-05
23.7,96.9,KIA,myanmar_2025-06-05
23.7,97.0,KIA,myanmar_2025-06-05
23.7,97.1,KIA,myanmar_2025-06-05
23.7,97.2,KIA,myanmar_2025-06-05
23.7,97.3,KIA,myanmar_2025-06-05
23.7,97.4,Junta,myanmar_2025-06-05
23.7,97.5,Junta,myanmar_2025-06-05
23.7,97.6,Junta,myanmar_2025-06-05
23.7,97.7,KIA,myanmar_2025-06-05
23.7,97.8,KIA,myanmar_2025-06-05
23.7,97.9,KIA,myanmar_2025-06-05
23.7,98.0,KIA,myanmar_2025-06-05
23.7,98.1,KIA,myanmar_2025-06-05
23.7,98.2,KIA,myanmar_2025-06-05
23.7,98.3,Junta,myanmar_2025-06-05
23.7,98.4,Junta,myanmar_2025-06-05
23.7,98.5,Junta,myanmar_2025-06-05
23.7,98.6,Junta,myanmar_2025-06-05
23.7,98.7,Junta,myanmar_2025-06-05
23.7,98.8,Junta,myanmar_2025-06-05
23.7,98.9,Outside Myanmar,myanmar_2025-06-05
23.7,99.0,Outside Myanmar,myanmar_2025-06-05
23.7,99.1,Outside Myanmar,myanmar_2025-06-05
23.7,99.2,Outside Myanmar,myanmar_2025-06-05
23.7,99.3,Outside Myanmar,myanmar_2025-06-05
23.7,99.4,Outside Myanmar,myanmar_2025-06-05
23.7,99.5,Outside Myanmar,myanmar_2025-06-05
23.7,99.6,Outside Myanmar,myanmar_2025-06-05
23.7,99.7,Outside Myanmar,myanmar_2025-06-05
23.7,99.8,Outside Myanmar,myanmar_2025-06-05
23.7,99.9,Outside Myanmar,myanmar_2025-06-05
23.7,100.0,Outside Myanmar,myanmar_2025-06-05
23.7,100.1,Outside Myanmar,myanmar_2025-06-05
23.7,100.2,Outside Myanmar,myanmar_2025-06-05
23.7,100.3,Outside Myanmar,myanmar_2025-06-05
23.7,100.4,Outside Myanmar,myanmar_2025-06-05
23.7,100.5,Outside Myanmar,myanmar_2025-06-05
23.7,100.6,Outside Myanmar,myanmar_2025-06-05
23.7,100.7,Outside Myanmar,myanmar_2025-06-05
23.7,100.8,Outside Myanmar,myanmar_2025-06-05
23.7,100.9,Outside Myanmar,myanmar_2025-06-05
23.7,101.0,Outside Myanmar,myanmar_2025-06-05
23.7,101.1,Outside Myanmar,myanmar_2025-06-05
23.7,101.2,Outside Myanmar,myanmar_2025-06-05
23.7,101.3,Outside Myanmar,myanmar_2025-06-05
23.7,101.4,Outside Myanmar,myanmar_2025-06-05
23.8,92.0,Outside Myanmar,myanmar_2025-06-05
23.8,92.1,Outside Myanmar,myanmar_2025-06-05
23.8,92.2,Outside Myanmar,myanmar_2025-06-05
23.8,92.3,Outside Myanmar,myanmar_2025-06-05
23.8,92.4,Outside Myanmar,myanmar_2025-06-05
23.8,92.5,Outside Myanmar,myanmar_2025-06-05
23.8,92.6,Outside Myanmar,myanmar_2025-06-05
23.8,92.7,Outside Myanmar,myanmar_2025-06-05
23.8,92.8,Outside Myanmar,myanmar_2025-06-05
23.8,92.9,Outside Myanmar,myanmar_2025-06-05
23.8,93.0,Outside Myanmar,myanmar_2025-06-05
23.8,93.1,Outside Myanmar,myanmar_2025-06-05
23.8,93.2,Outside Myanmar,myanmar_2025-06-05
23.8,93.3,Outside Myanmar,myanmar_2025-06-05
23.8,93.4,Chin Resistance,myanmar_2025-06-05
23.8,93.5,Chin Resistance,myanmar_2025-06-05
23.8,93.6,Chin Resistance,myanmar_2025-06-05
23.8,93.7,Chin Resistance,myanmar_2025-06-05
23.8,93.8,Chin Resistance,myanmar_2025-06-05
23.8,93.9,Chin Resistance,myanmar_2025-06-05
23.8,94.0,Chin Resistance,myanmar_2025-06-05
23.8,94.1,Chin Resistance,myanmar_2025-06-05
23.8,94.2,Chin Resistance,myanmar_2025-06-05
23.8,94.3,Junta,myanmar_2025-06-05
23.8,94.4,Junta,myanmar_2025-06-05
23.8,94.5,Junta,myanmar_2025-06-05
23.8,94.6,Junta,myanmar_2025-06-05
23.8,94.7,Junta,myanmar_2025-06-05
23.8,94.8,Junta,myanmar_2025-06-05
23.8,94.9,Junta,myanmar_2025-06-05
23.8,95.0,Junta,myanmar_2025-06-05
23.8,95.1,Junta,myanmar_2025-06-05
23.8,95.2,Junta,myanmar_2025-06-05
23.8,95.3,Junta,myanmar_2025-06-05
23.8,95.4,Junta,myanmar_2025-06-05
23.8,95.5,Junta,myanmar_2025-06-05
23.8,95.6,Junta,myanmar_2025-06-05
23.8,95.7,Junta,myanmar_2025-06-05
23.8,95.8,Junta,myanmar_2025-06-05
23.8,95.9,Junta,myanmar_2025-06-05
23.8,96.0,Junta,myanmar_2025-06-05
23.8,96.1,Junta,myanmar_2025-06-05
23.8,96.2,Junta,myanmar_2025-06-05
23.8,96.3,KIA,myanmar_2025-06-05
23.8,96.4,KIA,myanmar_2025-06-05
23.8,96.5,KIA,myanmar_2025-06-05
23.8,96.6,KIA,myanmar_2025-06-05
23.8,96.7,KIA,myanmar_2025-06-05
23.8,96.8,KIA,myanmar_2025-06-05
23.8,96.9,KIA,myanmar_2025-06-05
23.8,97.0,KIA,myanmar_2025-06-05
23.8,97.1,KIA,myanmar_2025-06-05
23.8,97.2,KIA,myanmar_2025-06-05
23.8,97.3,KIA,myanmar_2025-06-05
23.8,97.4,Junta,myanmar_2025-06-05
23.8,97.5,Junta,myanmar_2025-06-05
23.8,97.6,KIA,myanmar_2025-06-05
23.8,97.7,KIA,myanmar_2025-06-05
23.8,97.8,KIA,myanmar_2025-06-05
23.8,97.9,KIA,myanmar_2025-06-05
23.8,98.0,KIA,myanmar_2025-06-05
23.8,98.1,KIA,myanmar_2025-06-05
23.8,98.2,KIA,myanmar_2025-06-05
23.8,98.3,KIA,myanmar_2025-06-05
23.8,98.4,KIA,myanmar_2025-06-05
23.8,98.5,KIA,myanmar_2025-06-05
23.8,98.6,Junta,myanmar_2025-06-05
23.8,98.7,Junta,myanmar_2025-06-05
23.8,98.8,Outside Myanmar,myanmar_2025-06-05
23.8,98.9,Outside Myanmar,myanmar_2025-06-05
23.8,99.0,Outside Myanmar,myanmar_2025-06-05
23.8,99.1,Outside Myanmar,myanmar_2025-06-05
23.8,99.2,Outside Myanmar,myanmar_2025-06-05
23.8,99.3,Outside Myanmar,myanmar_2025-06-05
23.8,99.4,Outside Myanmar,myanmar_2025-06-05
23.8,99.5,Outside Myanmar,myanmar_2025-06-05
23.8,99.6,Outside Myanmar,myanmar_2025-06-05
23.8,99.7,Outside Myanmar,myanmar_2025-06-05
23.8,99.8,Outside Myanmar,myanmar_2025-06-05
23.8,99.9,Outside Myanmar,myanmar_2025-06-05
23.8,100.0,Outside Myanmar,myanmar_2025-06-05
23.8,100.1,Outside Myanmar,myanmar_2025-06-05
23.8,100.2,Outside Myanmar,myanmar_2025-06-05
23.8,100.3,Outside Myanmar,myanmar_2025-06-05
23.8,100.4,Outside Myanmar,myanmar_2025-06-05
23.8,100.5,Outside Myanmar,myanmar_2025-06-05
23.8,100.6,Outside Myanmar,myanmar_2025-06-05
23.8,100.7,Outside Myanmar,myanmar_2025-06-05
23.8,100.8,Outside Myanmar,myanmar_2025-06-05
23.8,100.9,Outside Myanmar,myanmar_2025-06-05
23.8,101.0,Outside Myanmar,myanmar_2025-06-05
23.8,101.1,Outside Myanmar,myanmar_2025-06-05
23.8,101.2,Outside Myanmar,myanmar_2025-06-05
23.8,101.3,Outside Myanmar,myanmar_2025-06-05
23.8,101.4,Outside Myanmar,myanmar_2025-06-05
23.9,92.0,Outside Myanmar,myanmar_2025-06-05
23.9,92.1,Outside Myanmar,myanmar_2025-06-05
23.9,92.2,Outside Myanmar,myanmar_2025-06-05
23.9,92.3,Outside Myanmar,myanmar_2025-06-05
23.9,92.4,Outside Myanmar,myanmar_2025-06-05
23.9,92.5,Outside Myanmar,myanmar_2025-06-05
23.9,92.6,Outside Myanmar,myanmar_2025-06-05
23.9,92.7,Outside Myanmar,myanmar_2025-06-05
23.9,92.8,Outside Myanmar,myanmar_2025-06-05
23.9,92.9,Outside Myanmar,myanmar_2025-06-05
23.9,93.0,Outside Myanmar,myanmar_2025-06-05
23.9,93.1,Outside Myanmar,myanmar_2025-06-05
23.9,93.2,Outside Myanmar,myanmar_2025-06-05
23.9,93.3,Outside Myanmar,myanmar_2025-06-05
23.9,93.4,Chin Resistance,myanmar_2025-06-05
23.9,93.5,Chin Resistance,myanmar_2025-06-05
23.9,93.6,Chin Resistance,myanmar_2025-06-05
23.9,93.7,Chin Resistance,myanmar_2025-06-05
23.9,93.8,Chin Resistance,myanmar_2025-06-05
23.9,93.9,Chin Resistance,myanmar_2025-06-05
23.9,94.0,Chin Resistance,myanmar_2025-06-05
23.9,94.1,Chin Resistance,myanmar_2025-06-05
23.9,94.2,Chin Resistance,myanmar_2025-06-05
23.9,94.3,Junta,myanmar_2025-06-05
23.9,94.4,Junta,myanmar_2025-06-05
23.9,94.5,Junta,myanmar_2025-06-05
23.9,94.6,Junta,myanmar_2025-06-05
23.9,94.7,Junta,myanmar_2025-06-05
23.9,94.8,Junta,myanmar_2025-06-05
23.9,94.9,Junta,myanmar_2025-06-05
23.9,95.0,Junta,myanmar_2025-06-05
23.9,95.1,Junta,myanmar_2025-06-05
23.9,95.2,Junta,myanmar_2025-06-05
23.9,95.3,Junta,myanmar_2025-06-05
23.9,95.4,Junta,myanmar_2025-06-05
23.9,95.5,Junta,myanmar_2025-06-05
23.9,95.6,Junta,myanmar_2025-06-05
23.9,95.7,Junta,myanmar_2025-06-05
23.9,95.8,Junta,myanmar_2025-06-05
23.9,95.9,Junta,myanmar_2025-06-05
23.9,96.0,Junta,myanmar_2025-06-05
23.9,96.1,Junta,myanmar_2025-06-05
23.9,96.2,Junta,myanmar_2025-06-05
23.9,96.3,KIA,myanmar_2025-06-05
23.9,96.4,KIA,myanmar_2025-06-05
23.9,96.5,KIA,myanmar_2025-06-05
23.9,96.6,KIA,myanmar_2025-06-05
23.9,96.7,KIA,myanmar_2025-06-05
23.9,96.8,KIA,myanmar_2025-06-05
23.9,96.9,KIA,myanmar_2025-06-05
23.9,97.0,KIA,myanmar_2025-06-05
23.9,97.1,KIA,myanmar_2025-06-05
23.9,97.2,KIA,myanmar_2025-06-05
23.9,97.3,KIA,myanmar_2025-06-05
23.9,97.4,KIA,myanmar_2025-06-05
23.9,97.5,Junta,myanmar_2025-06-05
23.9,97.6,KIA,myanmar_2025-06-05
23.9,97.7,KIA,myanmar_2025-06-05
23.9,97.8,KIA,myanmar_2025-06-05
23.9,97.9,KIA,myanmar_2025-06-05
23.9,98.0,KIA,myanmar_2025-06-05
23.9,98.1,KIA,myanmar_2025-06-05
23.9,98.2,KIA,myanmar_2025-06-05
23.9,98.3,KIA,myanmar_2025-06-05
23.9,98.4,KIA,myanmar_2025-06-05
23.9,98.5,Junta,myanmar_2025-06-05
23.9,98.6,Junta,myanmar_2025-06-05
23.9,98.7,Outside Myanmar,myanmar_2025-06-05
23.9,98.8,Outside Myanmar,myanmar_2025-06-05
23.9,98.9,Outside Myanmar,myanmar_2025-06-05
23.9,99.0,Outside Myanmar,myanmar_2025-06-05
23.9,99.1,Outside Myanmar,myanmar_2025-06-05
23.9,99.2,Outside Myanmar,myanmar_2025-06-05
23.9,99.3,Outside Myanmar,myanmar_2025-06-05
23.9,99.4,Outside Myanmar,myanmar_2025-06-05
23.9,99.5,Outside Myanmar,myanmar_2025-06-05
23.9,99.6,Outside Myanmar,myanmar_2025-06-05
23.9,99.7,Outside Myanmar,myanmar_2025-06-05
23.9,99.8,Outside Myanmar,myanmar_2025-06-05
23.9,99.9,Outside Myanmar,myanmar_2025-06-05
23.9,100.0,Outside Myanmar,myanmar_2025-06-05
23.9,100.1,Outside Myanmar,myanmar_2025-06-05
23.9,100.2,Outside Myanmar,myanmar_2025-06-05
23.9,100.3,Outside Myanmar,myanmar_2025-06-05
23.9,100.4,Outside Myanmar,myanmar_2025-06-05
23.9,100.5,Outside Myanmar,myanmar_2025-06-05
23.9,100.6,Outside Myanmar,myanmar_2025-06-05
23.9,100.7,Outside Myanmar,myanmar_2025-06-05
23.9,100.8,Outside Myanmar,myanmar_2025-06-05
23.9,100.9,Outside Myanmar,myanmar_2025-06-05
23.9,101.0,Outside Myanmar,myanmar_2025-06-05
23.9,101.1,Outside Myanmar,myanmar_2025-06-05
23.9,101.2,Outside Myanmar,myanmar_2025-06-05
23.9,101.3,Outside Myanmar,myanmar_2025-06-05
23.9,101.4,Outside Myanmar,myanmar_2025-06-05
24.0,92.0,Outside Myanmar,myanmar_2025-06-05
24.0,92.1,Outside Myanmar,myanmar_2025-06-05
24.0,92.2,Outside Myanmar,myanmar_2025-06-05
24.0,92.3,Outside Myanmar,myanmar_2025-06-05
24.0,92.4,Outside Myanmar,myanmar_2025-06-05
24.0,92.5,Outside Myanmar,myanmar_2025-06-05
24.0,92.6,Outside Myanmar,myanmar_2025-06-05
24.0,92.7,Outside Myanmar,myanmar_2025-06-05
24.0,92.8,Outside Myanmar,myanmar_2025-06-05
24.0,92.9,Outside Myanmar,myanmar_2025-06-05
24.0,93.0,Outside Myanmar,myanmar_2025-06-05
24.0,93.1,Outside Myanmar,myanmar_2025-06-05
24.0,93.2,Outside Myanmar,myanmar_2025-06-05
24.0,93.3,Outside Myanmar,myanmar_2025-06-05
24.0,93.4,Chin Resistance,myanmar_2025-06-05
24.0,93.5,Chin Resistance,myanmar_2025-06-05
24.0,93.6,Chin Resistance,myanmar_2025-06-05
24.0,93.7,Chin Resistance,myanmar_2025-06-05
24.0,93.8,Chin Resistance,myanmar_2025-06-05
24.0,93.9,Chin Resistance,myanmar_2025-06-05
24.0,94.0,Chin Resistance,myanmar_2025-06-05
24.0,94.1,Outside Myanmar,myanmar_2025-06-05
24.0,94.2,Junta,myanmar_2025-06-05
24.0,94.3,Junta,myanmar_2025-06-05
24.0,94.4,Junta,myanmar_2025-06-05
24.0,94.5,Junta,myanmar_2025-06-05
24.0,94.6,Junta,myanmar_2025-06-05
24.0,94.7,Junta,myanmar_2025-06-05
24.0,94.8,Junta,myanmar_2025-06-05
24.0,94.9,Junta,myanmar_2025-06-05
24.0,95.0,Junta,myanmar_2025-06-05
24.0,95.1,Junta,myanmar_2025-06-05
24.0,95.2,Junta,myanmar_2025-06-05
24.0,95.3,Junta,myanmar_2025-06-05
24.0,95.4,Junta,myanmar_2025-06-05
24.0,95.5,Junta,myanmar_2025-06-05
24.0,95.6,Junta,myanmar_2025-06-05
24.0,95.7,Junta,myanmar_2025-06-05
24.0,95.8,Junta,myanmar_2025-06-05
24.0,95.9,Junta,myanmar_2025-06-05
24.0,96.0,Junta,myanmar_2025-06-05
24.0,96.1,Junta,myanmar_2025-06-05
24.0,96.2,Junta,myanmar_2025-06-05
24.0,96.3,KIA,myanmar_2025-06-05
24.0,96.4,KIA,myanmar_2025-06-05
24.0,96.5,KIA,myanmar_2025-06-05
24.0,96.6,KIA,myanmar_2025-06-05
24.0,96.7,KIA,myanmar_2025-06-05
24.0,96.8,KIA,myanmar_2025-06-05
24.0,96.9,KIA,myanmar_2025-06-05
24.0,97.0,KIA,myanmar_2025-06-05
24.0,97.1,KIA,myanmar_2025-06-05
24.0,97.2,KIA,myanmar_2025-06-05
24.0,97.3,KIA,myanmar_2025-06-05
24.0,97.4,KIA,myanmar_2025-06-05
24.0,97.5,Junta,myanmar_2025-06-05
24.0,97.6,Outside Myanmar,myanmar_2025-06-05
24.0,97.7,Outside Myanmar,myanmar_2025-06-05
24.0,97.8,Outside Myanmar,myanmar_2025-06-05
24.0,97.9,KIA,myanmar_2025-06-05
24.0,98.0,KIA,myanmar_2025-06-05
24.0,98.1,KIA,myanmar_2025-06-05
24.0,98.2,KIA,myanmar_2025-06-05
24.0,98.3,KIA,myanmar_2025-06-05
24.0,98.4,Junta,myanmar_2025-06-05
24.0,98.5,Junta,myanmar_2025-06-05
24.0,98.6,Junta,myanmar_2025-06-05
24.0,98.7,Junta,myanmar_2025-06-05
24.0,98.8,Outside Myanmar,myanmar_2025-06-05
24.0,98.9,Outside Myanmar,myanmar_2025-06-05
24.0,99.0,Outside Myanmar,myanmar_2025-06-05
24.0,99.1,Outside Myanmar,myanmar_2025-06-05
24.0,99.2,Outside Myanmar,myanmar_2025-06-05
24.0,99.3,Outside Myanmar,myanmar_2025-06-05
24.0,99.4,Outside Myanmar,myanmar_2025-06-05
24.0,99.5,Outside Myanmar,myanmar_2025-06-05
24.0,99.6,Outside Myanmar,myanmar_2025-06-05
24.0,99.7,Outside Myanmar,myanmar_2025-06-05
24.0,99.8,Outside Myanmar,myanmar_2025-06-05
24.0,99.9,Outside Myanmar,myanmar_2025-06-05
24.0,100.0,Outside Myanmar,myanmar_2025-06-05
24.0,100.1,Outside Myanmar,myanmar_2025-06-05
24.0,100.2,Outside Myanmar,myanmar_2025-06-05
24.0,100.3,Outside Myanmar,myanmar_2025-06-05
24.0,100.4,Outside Myanmar,myanmar_2025-06-05
24.0,100.5,Outside Myanmar,myanmar_2025-06-05
24.0,100.6,Outside Myanmar,myanmar_2025-06-05
24.0,100.7,Outside Myanmar,myanmar_2025-06-05
24.0,100.8,Outside Myanmar,myanmar_2025-06-05
24.0,100.9,Outside Myanmar,myanmar_2025-06-05
24.0,101.0,Outside Myanmar,myanmar_2025-06-05
24.0,101.1,Outside Myanmar,myanmar_2025-06-05
24.0,101.2,Outside Myanmar,myanmar_2025-06-05
24.0,101.3,Outside Myanmar,myanmar_2025-06-05
24.0,101.4,Outside Myanmar,myanmar_2025-06-05
24.1,92.0,Outside Myanmar,myanmar_2025-06-05
24.1,92.1,Outside Myanmar,myanmar_2025-06-05
24.1,92.2,Outside Myanmar,myanmar_2025-06-05
24.1,92.3,Outside Myanmar,myanmar_2025-06-05
24.1,92.4,Outside Myanmar,myanmar_2025-06-05
24.1,92.5,Outside Myanmar,myanmar_2025-06-05
24.1,92.6,Outside Myanmar,myanmar_2025-06-05
24.1,92.7,Outside Myanmar,myanmar_2025-06-05
24.1,92.8,Outside Myanmar,myanmar_2025-06-05
24.1,92.9,Outside Myanmar,myanmar_2025-06-05
24.1,93.0,Outside Myanmar,myanmar_2025-06-05
24.1,93.1,Outside Myanmar,myanmar_2025-06-05
24.1,93.2,Outside Myanmar,myanmar_2025-06-05
24.1,93.3,Outside Myanmar,myanmar_2025-06-05
24.1,93.4,Chin Resistance,myanmar_2025-06-05
24.1,93.5,Outside Myanmar,myanmar_2025-06-05
24.1,93.6,Chin Resistance,myanmar_2025-06-05
24.1,93.7,Chin Resistance,myanmar_2025-06-05
24.1,93.8,Outside Myanmar,myanmar_2025-06-05
24.1,93.9,Outside Myanmar,myanmar_2025-06-05
24.1,94.0,Outside Myanmar,myanmar_2025-06-05
24.1,94.1,Outside Myanmar,myanmar_2025-06-05
24.1,94.2,Outside Myanmar,myanmar_2025-06-05
24.1,94.3,Junta,myanmar_2025-06-05
24.1,94.4,Junta,myanmar_2025-06-05
24.1,94.5,Junta,myanmar_2025-06-05
24.1,94.6,Junta,myanmar_2025-06-05
24.1,94.7,Junta,myanmar_2025-06-05
24.1,94.8,Junta,myanmar_2025-06-05
24.1,94.9,Junta,myanmar_2025-06-05
24.1,95.0,Junta,myanmar_2025-06-05
24.1,95.1,Junta,myanmar_2025-06-05
24.1,95.2,Junta,myanmar_2025-06-05
24.1,95.3,Junta,myanmar_2025-06-05
24.1,95.4,Junta,myanmar_2025-06-05
24.1,95.5,Junta,myanmar_2025-06-05
24.1,95.6,Junta,myanmar_2025-06-05
24.1,95.7,Junta,myanmar_2025-06-05
24.1,95.8,Junta,myanmar_2025-06-05
24.1,95.9,Junta,myanmar_2025-06-05
24.1,96.0,Junta,myanmar_2025-06-05
24.1,96.1,KIA,myanmar_2025-06-05
24.1,96.2,KIA,myanmar_2025-06-05
24.1,96.3,KIA,myanmar_2025-06-05
24.1,96.4,KIA,myanmar_2025-06-05
24.1,96.5,KIA,myanmar_2025-06-05
24.1,96.6,KIA,myanmar_2025-06-05
24.1,96.7,KIA,myanmar_2025-06-05
24.1,96.8,KIA,myanmar_2025-06-05
24.1,96.9,KIA,myanmar_2025-06-05
24.1,97.0,KIA,myanmar_2025-06-05
24.1,97.1,KIA,myanmar_2025-06-05
24.1,97.2,KIA,myanmar_2025-06-05
24.1,97.3,KIA,myanmar_2025-06-05
24.1,97.4,Junta,myanmar_2025-06-05
24.1,97.5,Junta,myanmar_2025-06-05
24.1,97.6,Junta,myanmar_2025-06-05
24.1,97.7,Outside Myanmar,myanmar_2025-06-05
24.1,97.8,Outside Myanmar,myanmar_2025-06-05
24.1,97.9,Outside Myanmar,myanmar_2025-06-05
24.1,98.0,Outside Myanmar,myanmar_2025-06-05
24.1,98.1,Outside Myanmar,myanmar_2025-06-05
24.1,98.2,Junta,myanmar_2025-06-05
24.1,98.3,Junta,myanmar_2025-06-05
24.1,98.4,Junta,myanmar_2025-06-05
24.1,98.5,Junta,myanmar_2025-06-05
24.1,98.6,Outside Myanmar,myanmar_2025-06-05
24.1,98.7,Outside Myanmar,myanmar_2025-06-05
24.1,98.8,Junta,myanmar_2025-06-05
24.1,98.9,Outside Myanmar,myanmar_2025-06-05
24.1,99.0,Outside Myanmar,myanmar_2025-06-05
24.1,99.1,Outside Myanmar,myanmar_2025-06-05
24.1,99.2,Outside Myanmar,myanmar_2025-06-05
24.1,99.3,Outside Myanmar,myanmar_2025-06-05
24.1,99.4,Outside Myanmar,myanmar_2025-06-05
24.1,99.5,Outside Myanmar,myanmar_2025-06-05
24.1,99.6,Outside Myanmar,myanmar_2025-06-05
24.1,99.7,Outside Myanmar,myanmar_2025-06-05
24.1,99.8,Outside Myanmar,myanmar_2025-06-05
24.1,99.9,Outside Myanmar,myanmar_2025-06-05
24.1,100.0,Outside Myanmar,myanmar_2025-06-05
24.1,100.1,Outside Myanmar,myanmar_2025-06-05
24.1,100.2,Outside Myanmar,myanmar_2025-06-05
24.1,100.3,Outside Myanmar,myanmar_2025-06-05
24.1,100.4,Outside Myanmar,myanmar_2025-06-05
24.1,100.5,Outside Myanmar,myanmar_2025-06-05
24.1,100.6,Outside Myanmar,myanmar_2025-06-05
24.1,100.7,Outside Myanmar,myanmar_2025-06-05
24.1,100.8,Outside Myanmar,myanmar_2025-06-05
24.1,100.9,Outside Myanmar,myanmar_2025-06-05
24.1,101.0,Outside Myanmar,myanmar_2025-06-05
24.1,101.1,Outside Myanmar,myanmar_2025-06-05
24.1,101.2,Outside Myanmar,myanmar_2025-06-05
24.1,101.3,Outside Myanmar,myanmar_2025-06-05
24.1,101.4,Outside Myanmar,myanmar_2025-06-05
24.2,92.0,Outside Myanmar,myanmar_2025-06-05
24.2,92.1,Outside Myanmar,myanmar_2025-06-05
24.2,92.2,Outside Myanmar,myanmar_2025-06-05
24.2,92.3,Outside Myanmar,myanmar_2025-06-05
24.2,92.4,Outside Myanmar,myanmar_2025-06-05
24.2,92.5,Outside Myanmar,myanmar_2025-06-05
24.2,92.6,Outside Myanmar,myanmar_2025-06-05
24.2,92.7,Outside Myanmar,myanmar_2025-06-05
24.2,92.8,Outside Myanmar,myanmar_2025-06-05
24.2,92.9,Outside Myanmar,myanmar_2025-06-05
24.2,93.0,Outside Myanmar,myanmar_2025-06-05
24.2,93.1,Outside Myanmar,myanmar_2025-06-05
24.2,93.2,Outside Myanmar,myanmar_2025-06-05
24.2,93.3,Chin Resistance,myanmar_2025-06-05
24.2,93.4,Outside Myanmar,myanmar_2025-06-05
24.2,93.5,Outside Myanmar,myanmar_2025-06-05
24.2,93.6,Outside Myanmar,myanmar_2025-06-05
24.2,93.7,Outside Myanmar,myanmar_2025-06-05
24.2,93.8,Outside Myanmar,myanmar_2025-06-05
24.2,93.9,Outside Myanmar,myanmar_2025-06-05
24.2,94.0,Outside Myanmar,myanmar_2025-06-05
24.2,94.1,Outside Myanmar,myanmar_2025-06-05
24.2,94.2,Outside Myanmar,myanmar_2025-06-05
24.2,94.3,Junta,myanmar_2025-06-05
24.2,94.4,Junta,myanmar_2025-06-05
24.2,94.5,Junta,myanmar_2025-06-05
24.2,94.6,Junta,myanmar_2025-06-05
24.2,94.7,Junta,myanmar_2025-06-05
24.2,94.8,Junta,myanmar_2025-06-05
24.2,94.9,Junta,myanmar_2025-06-05
24.2,95.0,Junta,myanmar_2025-06-05
24.2,95.1,Junta,myanmar_2025-06-05
24.2,95.2,Junta,myanmar_2025-06-05
24.2,95.3,Junta,myanmar_2025-06-05
24.2,95.4,Junta,myanmar_2025-06-05
24.2,95.5,Junta,myanmar_2025-06-05
24.2,95.6,Junta,myanmar_2025-06-05
24.2,95.7,KIA,myanmar_2025-06-05
24.2,95.8,KIA,myanmar_2025-06-05
24.2,95.9,KIA,myanmar_2025-06-05
24.2,96.0,KIA,myanmar_2025-06-05
24.2,96.1,KIA,myanmar_2025-06-05
24.2,96.2,KIA,myanmar_2025-06-05
24.2,96.3,KIA,myanmar_2025-06-05
24.2,96.4,KIA,myanmar_2025-06-05
24.2,96.5,KIA,myanmar_2025-06-05
24.2,96.6,KIA,myanmar_2025-06-05
24.2,96.7,KIA,myanmar_2025-06-05
24.2,96.8,KIA,myanmar_2025-06-05
24.2,96.9,KIA,myanmar_2025-06-05
24.2,97.0,KIA,myanmar_2025-06-05
24.2,97.1,KIA,myanmar_2025-06-05
24.2,97.2,KIA,myanmar_2025-06-05
24.2,97.3,KIA,myanmar_2025-06-05
24.2,97.4,KIA,myanmar_2025-06-05
24.2,97.5,Junta,myanmar_2025-06-05
24.2,97.6,Junta,myanmar_2025-06-05
24.2,97.7,Junta,myanmar_2025-06-05
24.2,97.8,Outside Myanmar,myanmar_2025-06-05
24.2,97.9,Outside Myanmar,myanmar_2025-06-05
24.2,98.0,Outside Myanmar,myanmar_2025-06-05
24.2,98.1,Outside Myanmar,myanmar_2025-06-05
24.2,98.2,Outside Myanmar,myanmar_2025-06-05
24.2,98.3,Outside Myanmar,myanmar_2025-06-05
24.2,98.4,Outside Myanmar,myanmar_2025-06-05
24.2,98.5,Outside Myanmar,myanmar_2025-06-05
24.2,98.6,Outside Myanmar,myanmar_2025-06-05
24.2,98.7,Outside Myanmar,myanmar_2025-06-05
24.2,98.8,Outside Myanmar,myanmar_2025-06-05
24.2,98.9,Outside Myanmar,myanmar_2025-06-05
24.2,99.0,Outside Myanmar,myanmar_2025-06-05
24.2,99.1,Outside Myanmar,myanmar_2025-06-05
24.2,99.2,Outside Myanmar,myanmar_2025-06-05
24.2,99.3,Outside Myanmar,myanmar_2025-06-05
24.2,99.4,Outside Myanmar,myanmar_2025-06-05
24.2,99.5,Outside Myanmar,myanmar_2025-06-05
24.2,99.6,Outside Myanmar,myanmar_2025-06-05
24.2,99.7,Outside Myanmar,myanmar_2025-06-05
24.2,99.8,Outside Myanmar,myanmar_2025-06-05
24.2,99.9,Outside Myanmar,myanmar_2025-06-05
24.2,100.0,Outside Myanmar,myanmar_2025-06-05
24.2,100.1,Outside Myanmar,myanmar_2025-06-05
24.2,100.2,Outside Myanmar,myanmar_2025-06-05
24.2,100.3,Outside Myanmar,myanmar_2025-06-05
24.2,100.4,Outside Myanmar,myanmar_2025-06-05
24.2,100.5,Outside Myanmar,myanmar_2025-06-05
24.2,100.6,Outside Myanmar,myanmar_2025-06-05
24.2,100.7,Outside Myanmar,myanmar_2025-06-05
24.2,100.8,Outside Myanmar,myanmar_2025-06-05
24.2,100.9,Outside Myanmar,myanmar_2025-06-05
24.2,101.0,Outside Myanmar,myanmar_2025-06-05
24.2,101.1,Outside Myanmar,myanmar_2025-06-05
24.2,101.2,Outside Myanmar,myanmar_2025-06-05
24.2,101.3,Outside Myanmar,myanmar_2025-06-05
24.2,101.4,Outside Myanmar,myanmar_2025-06-05
24.3,92.0,Outside Myanmar,myanmar_2025-06-05
24.3,92.1,Outside Myanmar,myanmar_2025-06-05
24.3,92.2,Outside Myanmar,myanmar_2025-06-05
24.3,92.3,Outside Myanmar,myanmar_2025-06-05
24.3,92.4,Outside Myanmar,myanmar_2025-06-05
24.3,92.5,Outside Myanmar,myanmar_2025-06-05
24.3,92.6,Outside Myanmar,myanmar_2025-06-05
24.3,92.7,Outside Myanmar,myanmar_2025-06-05
24.3,92.8,Outside Myanmar,myanmar_2025-06-05
24.3,92.9,Outside Myanmar,myanmar_2025-06-05
24.3,93.0,Outside Myanmar,myanmar_2025-06-05
24.3,93.1,Outside Myanmar,myanmar_2025-06-05
24.3,93.2,Outside Myanmar,myanmar_2025-06-05
24.3,93.3,Outside Myanmar,myanmar_2025-06-05
24.3,93.4,Outside Myanmar,myanmar_2025-06-05
24.3,93.5,Outside Myanmar,myanmar_2025-06-05
24.3,93.6,Outside Myanmar,myanmar_2025-06-05
24.3,93.7,Outside Myanmar,myanmar_2025-06-05
24.3,93.8,Outside Myanmar,myanmar_2025-06-05
24.3,93.9,Outside Myanmar,myanmar_2025-06-05
24.3,94.0,Outside Myanmar,myanmar_2025-06-05
24.3,94.1,Outside Myanmar,myanmar_2025-06-05
24.3,94.2,Outside Myanmar,myanmar_2025-06-05
24.3,94.3,Junta,myanmar_2025-06-05
24.3,94.4,Junta,myanmar_2025-06-05
24.3,94.5,Junta,myanmar_2025-06-05
24.3,94.6,PDF,myanmar_2025-06-05
24.3,94.7,Junta,myanmar_2025-06-05
24.3,94.8,Junta,myanmar_2025-06-05
24.3,94.9,Junta,myanmar_2025-06-05
24.3,95.0,Junta,myanmar_2025-06-05
24.3,95.1,Junta,myanmar_2025-06-05
24.3,95.2,Junta,myanmar_2025-06-05
24.3,95.3,Junta,myanmar_2025-06-05
24.3,95.4,Junta,myanmar_2025-06-05
24.3,95.5,Junta,myanmar_2025-06-05
24.3,95.6,KIA,myanmar_2025-06-05
24.3,95.7,KIA,myanmar_2025-06-05
24.3,95.8,KIA,myanmar_2025-06-05
24.3,95.9,KIA,myanmar_2025-06-05
24.3,96.0,KIA,myanmar_2025-06-05
24.3,96.1,KIA,myanmar_2025-06-05
24.3,96.2,KIA,myanmar_2025-06-05
24.3,96.3,KIA,myanmar_2025-06-05
24.3,96.4,KIA,myanmar_2025-06-05
24.3,96.5,KIA,myanmar_2025-06-05
24.3,96.6,KIA,myanmar_2025-06-05
24.3,96.7,KIA,myanmar_2025-06-05
24.3,96.8,KIA,myanmar_2025-06-05
24.3,96.9,KIA,myanmar_2025-06-05
24.3,97.0,KIA,myanmar_2025-06-05
24.3,97.1,KIA,myanmar_2025-06-05
24.3,97.2,KIA,myanmar_2025-06-05
24.3,97.3,KIA,myanmar_2025-06-05
24.3,97.4,KIA,myanmar_2025-06-05
24.3,97.5,KIA,myanmar_2025-06-05
24.3,97.6,Junta,myanmar_2025-06-05
24.3,97.7,Outside Myanmar,myanmar_2025-06-05
24.3,97.8,Outside Myanmar,myanmar_2025-06-05
24.3,97.9,Outside Myanmar,myanmar_2025-06-05
24.3,98.0,Outside Myanmar,myanmar_2025-06-05
24.3,98.1,Outside Myanmar,myanmar_2025-06-05
24.3,98.2,Outside Myanmar,myanmar_2025-06-05
24.3,98.3,Outside Myanmar,myanmar_2025-06-05
24.3,98.4,Outside Myanmar,myanmar_2025-06-05
24.3,98.5,Outside Myanmar,myanmar_2025-06-05
24.3,98.6,Outside Myanmar,myanmar_2025-06-05
24.3,98.7,Outside Myanmar,myanmar_2025-06-05
24.3,98.8,Outside Myanmar,myanmar_2025-06-05
24.3,98.9,Outside Myanmar,myanmar_2025-06-05
24.3,99.0,Outside Myanmar,myanmar_2025-06-05
24.3,99.1,Outside Myanmar,myanmar_2025-06-05
24.3,99.2,Outside Myanmar,myanmar_2025-06-05
24.3,99.3,Outside Myanmar,myanmar_2025-06-05
24.3,99.4,Outside Myanmar,myanmar_2025-06-05
24.3,99.5,Outside Myanmar,myanmar_2025-06-05
24.3,99.6,Outside Myanmar,myanmar_2025-06-05
24.3,99.7,Outside Myanmar,myanmar_2025-06-05
24.3,99.8,Outside Myanmar,myanmar_2025-06-05
24.3,99.9,Outside Myanmar,myanmar_2025-06-05
24.3,100.0,Outside Myanmar,myanmar_2025-06-05
24.3,100.1,Outside Myanmar,myanmar_2025-06-05
24.3,100.2,Outside Myanmar,myanmar_2025-06-05
24.3,100.3,Outside Myanmar,myanmar_2025-06-05
24.3,100.4,Outside Myanmar,myanmar_2025-06-05
24.3,100.5,Outside Myanmar,myanmar_2025-06-05
24.3,100.6,Outside Myanmar,myanmar_2025-06-05
24.3,100.7,Outside Myanmar,myanmar_2025-06-05
24.3,100.8,Outside Myanmar,myanmar_2025-06-05
24.3,100.9,Outside Myanmar,myanmar_2025-06-05
24.3,101.0,Outside Myanmar,myanmar_2025-06-05
24.3,101.1,Outside Myanmar,myanmar_2025-06-05
24.3,101.2,Outside Myanmar,myanmar_2025-06-05
24.3,101.3,Outside Myanmar,myanmar_2025-06-05
24.3,101.4,Outside Myanmar,myanmar_2025-06-05
24.4,92.0,Outside Myanmar,myanmar_2025-06-05
24.4,92.1,Outside Myanmar,myanmar_2025-06-05
24.4,92.2,Outside Myanmar,myanmar_2025-06-05
24.4,92.3,Outside Myanmar,myanmar_2025-06-05
24.4,92.4,Outside Myanmar,myanmar_2025-06-05
24.4,92.5,Outside Myanmar,myanmar_2025-06-05
24.4,92.6,Outside Myanmar,myanmar_2025-06-05
24.4,92.7,Outside Myanmar,myanmar_2025-06-05
24.4,92.8,Outside Myanmar,myanmar_2025-06-05
24.4,92.9,Outside Myanmar,myanmar_2025-06-05
24.4,93.0,Outside Myanmar,myanmar_2025-06-05
24.4,93.1,Outside Myanmar,myanmar_2025-06-05
24.4,93.2,Outside Myanmar,myanmar_2025-06-05
24.4,93.3,Outside Myanmar,myanmar_2025-06-05
24.4,93.4,Outside Myanmar,myanmar_2025-06-05
24.4,93.5,Outside Myanmar,myanmar_2025-06-05
24.4,93.6,Outside Myanmar,myanmar_2025-06-05
24.4,93.7,Outside Myanmar,myanmar_2025-06-05
24.4,93.8,Outside Myanmar,myanmar_2025-06-05
24.4,93.9,Outside Myanmar,myanmar_2025-06-05
24.4,94.0,Outside Myanmar,myanmar_2025-06-05
24.4,94.1,Outside Myanmar,myanmar_2025-06-05
24.4,94.2,Outside Myanmar,myanmar_2025-06-05
24.4,94.3,Outside Myanmar,myanmar_2025-06-05
24.4,94.4,Junta,myanmar_2025-06-05
24.4,94.5,Junta,myanmar_2025-06-05
24.4,94.6,PDF,myanmar_2025-06-05
24.4,94.7,PDF,myanmar_2025-06-05
24.4,94.8,PDF,myanmar_2025-06-05
24.4,94.9,Junta,myanmar_2025-06-05
24.4,95.0,Junta,myanmar_2025-06-05
24.4,95.1,Junta,myanmar_2025-06-05
24.4,95.2,Junta,myanmar_2025-06-05
24.4,95.3,Junta,myanmar_2025-06-05
24.4,95.4,Junta,myanmar_2025-06-05
24.4,95.5,Junta,myanmar_2025-06-05
24.4,95.6,KIA,myanmar_2025-06-05
24.4,95.7,KIA,myanmar_2025-06-05
24.4,95.8,KIA,myanmar_2025-06-05
24.4,95.9,KIA,myanmar_2025-06-05
24.4,96.0,KIA,myanmar_2025-06-05
24.4,96.1,KIA,myanmar_2025-06-05
24.4,96.2,KIA,myanmar_2025-06-05
24.4,96.3,KIA,myanmar_2025-06-05
24.4,96.4,KIA,myanmar_2025-06-05
24.4,96.5,KIA,myanmar_2025-06-05
24.4,96.6,KIA,myanmar_2025-06-05
24.4,96.7,KIA,myanmar_2025-06-05
24.4,96.8,KIA,myanmar_2025-06-05
24.4,96.9,KIA,myanmar_2025-06-05
24.4,97.0,KIA,myanmar_2025-06-05
24.4,97.1,KIA,myanmar_2025-06-05
24.4,97.2,KIA,myanmar_2025-06-05
24.4,97.3,KIA,myanmar_2025-06-05
24.4,97.4,KIA,myanmar_2025-06-05
24.4,97.5,KIA,myanmar_2025-06-05
24.4,97.6,Junta,myanmar_2025-06-05
24.4,97.7,Outside Myanmar,myanmar_2025-06-05
24.4,97.8,Outside Myanmar,myanmar_2025-06-05
24.4,97.9,Outside Myanmar,myanmar_2025-06-05
24.4,98.0,Outside Myanmar,myanmar_2025-06-05
24.4,98.1,Outside Myanmar,myanmar_2025-06-05
24.4,98.2,Outside Myanmar,myanmar_2025-06-05
24.4,98.3,Outside Myanmar,myanmar_2025-06-05
24.4,98.4,Outside Myanmar,myanmar_2025-06-05
24.4,98.5,Outside Myanmar,myanmar_2025-06-05
24.4,98.6,Outside Myanmar,myanmar_2025-06-05
24.4,98.7,Outside Myanmar,myanmar_2025-06-05
24.4,98.8,Outside Myanmar,myanmar_2025-06-05
24.4,98.9,Outside Myanmar,myanmar_2025-06-05
24.4,99.0,Outside Myanmar,myanmar_2025-06-05
24.4,99.1,Outside Myanmar,myanmar_2025-06-05
24.4,99.2,Outside Myanmar,myanmar_2025-06-05
24.4,99.3,Outside Myanmar,myanmar_2025-06-05
24.4,99.4,Outside Myanmar,myanmar_2025-06-05
24.4,99.5,Outside Myanmar,myanmar_2025-06-05
24.4,99.6,Outside Myanmar,myanmar_2025-06-05
24.4,99.7,Outside Myanmar,myanmar_2025-06-05
24.4,99.8,Outside Myanmar,myanmar_2025-06-05
24.4,99.9,Outside Myanmar,myanmar_2025-06-05
24.4,100.0,Outside Myanmar,myanmar_2025-06-05
24.4,100.1,Outside Myanmar,myanmar_2025-06-05
24.4,100.2,Outside Myanmar,myanmar_2025-06-05
24.4,100.3,Outside Myanmar,myanmar_2025-06-05
24.4,100.4,Outside Myanmar,myanmar_2025-06-05
24.4,100.5,Outside Myanmar,myanmar_2025-06-05
24.4,100.6,Outside Myanmar,myanmar_2025-06-05
24.4,100.7,Outside Myanmar,myanmar_2025-06-05
24.4,100.8,Outside Myanmar,myanmar_2025-06-05
24.4,100.9,Outside Myanmar,myanmar_2025-06-05
24.4,101.0,Outside Myanmar,myanmar_2025-06-05
24.4,101.1,Outside Myanmar,myanmar_2025-06-05
24.4,101.2,Outside Myanmar,myanmar_2025-06-05
24.4,101.3,Outside Myanmar,myanmar_2025-06-05
24.4,101.4,Outside Myanmar,myanmar_2025-06-05
24.5,92.0,Outside Myanmar,myanmar_2025-06-05
24.5,92.1,Outside Myanmar,myanmar_2025-06-05
24.5,92.2,Outside Myanmar,myanmar_2025-06-05
24.5,92.3,Outside Myanmar,myanmar_2025-06-05
24.5,92.4,Outside Myanmar,myanmar_2025-06-05
24.5,92.5,Outside Myanmar,myanmar_2025-06-05
24.5,92.6,Outside Myanmar,myanmar_2025-06-05
24.5,92.7,Outside Myanmar,myanmar_2025-06-05
24.5,92.8,Outside Myanmar,myanmar_2025-06-05
24.5,92.9,Outside Myanmar,myanmar_2025-06-05
24.5,93.0,Outside Myanmar,myanmar_2025-06-05
24.5,93.1,Outside Myanmar,myanmar_2025-06-05
24.5,93.2,Outside Myanmar,myanmar_2025-06-05
24.5,93.3,Outside Myanmar,myanmar_2025-06-05
24.5,93.4,Outside Myanmar,myanmar_2025-06-05
24.5,93.5,Outside Myanmar,myanmar_2025-06-05
24.5,93.6,Outside Myanmar,myanmar_2025-06-05
24.5,93.7,Outside Myanmar,myanmar_2025-06-05
24.5,93.8,Outside Myanmar,myanmar_2025-06-05
24.5,93.9,Outside Myanmar,myanmar_2025-06-05
24.5,94.0,Outside Myanmar,myanmar_2025-06-05
24.5,94.1,Outside Myanmar,myanmar_2025-06-05
24.5,94.2,Outside Myanmar,myanmar_2025-06-05
24.5,94.3,Outside Myanmar,myanmar_2025-06-05
24.5,94.4,Junta,myanmar_2025-06-05
24.5,94.5,Junta,myanmar_2025-06-05
24.5,94.6,Junta,myanmar_2025-06-05
24.5,94.7,PDF,myanmar_2025-06-05
24.5,94.8,PDF,myanmar_2025-06-05
24.5,94.9,Junta,myanmar_2025-06-05
24.5,95.0,Junta,myanmar_2025-06-05
24.5,95.1,Junta,myanmar_2025-06-05
24.5,95.2,Junta,myanmar_2025-06-05
24.5,95.3,Junta,myanmar_2025-06-05
24.5,95.4,Junta,myanmar_2025-06-05
24.5,95.5,Junta,myanmar_2025-06-05
24.5,95.6,KIA,myanmar_2025-06-05
24.5,95.7,KIA,myanmar_2025-06-05
24.5,95.8,KIA,myanmar_2025-06-05
24.5,95.9,KIA,myanmar_2025-06-05
24.5,96.0,KIA,myanmar_2025-06-05
24.5,96.1,KIA,myanmar_2025-06-05
24.5,96.2,KIA,myanmar_2025-06-05
24.5,96.3,KIA,myanmar_2025-06-05
24.5,96.4,KIA,myanmar_2025-06-05
24.5,96.5,KIA,myanmar_2025-06-05
24.5,96.6,KIA,myanmar_2025-06-05
24.5,96.7,KIA,myanmar_2025-06-05
24.5,96.8,KIA,myanmar_2025-06-05
24.5,96.9,KIA,myanmar_2025-06-05
24.5,97.0,KIA,myanmar_2025-06-05
24.5,97.1,KIA,myanmar_2025-06-05
24.5,97.2,KIA,myanmar_2025-06-05
24.5,97.3,KIA,myanmar_2025-06-05
24.5,97.4,KIA,myanmar_2025-06-05
24.5,97.5,Junta,myanmar_2025-06-05
24.5,97.6,Outside Myanmar,myanmar_2025-06-05
24.5,97.7,Outside Myanmar,myanmar_2025-06-05
24.5,97.8,Outside Myanmar,myanmar_2025-06-05
24.5,97.9,Outside Myanmar,myanmar_2025-06-05
24.5,98.0,Outside Myanmar,myanmar_2025-06-05
24.5,98.1,Outside Myanmar,myanmar_2025-06-05
24.5,98.2,Outside Myanmar,myanmar_2025-06-05
24.5,98.3,Outside Myanmar,myanmar_2025-06-05
24.5,98.4,Outside Myanmar,myanmar_2025-06-05
24.5,98.5,Outside Myanmar,myanmar_2025-06-05
24.5,98.6,Outside Myanmar,myanmar_2025-06-05
24.5,98.7,Outside Myanmar,myanmar_2025-06-05
24.5,98.8,Outside Myanmar,myanmar_2025-06-05
24.5,98.9,Outside Myanmar,myanmar_2025-06-05
24.5,99.0,Outside Myanmar,myanmar_2025-06-05
24.5,99.1,Outside Myanmar,myanmar_2025-06-05
24.5,99.2,Outside Myanmar,myanmar_2025-06-05
24.5,99.3,Outside Myanmar,myanmar_2025-06-05
24.5,99.4,Outside Myanmar,myanmar_2025-06-05
24.5,99.5,Outside Myanmar,myanmar_2025-06-05
24.5,99.6,Outside Myanmar,myanmar_2025-06-05
24.5,99.7,Outside Myanmar,myanmar_2025-06-05
24.5,99.8,Outside Myanmar,myanmar_2025-06-05
24.5,99.9,Outside Myanmar,myanmar_2025-06-05
24.5,100.0,Outside Myanmar,myanmar_2025-06-05
24.5,100.1,Outside Myanmar,myanmar_2025-06-05
24.5,100.2,Outside Myanmar,myanmar_2025-06-05
24.5,100.3,Outside Myanmar,myanmar_2025-06-05
24.5,100.4,Outside Myanmar,myanmar_2025-06-05
24.5,100.5,Outside Myanmar,myanmar_2025-06-05
24.5,100.6,Outside Myanmar,myanmar_2025-06-05
24.5,100.7,Outside Myanmar,myanmar_2025-06-05
24.5,100.8,Outside Myanmar,myanmar_2025-06-05
24.5,100.9,Outside Myanmar,myanmar_2025-06-05
24.5,101.0,Outside Myanmar,myanmar_2025-06-05
24.5,101.1,Outside Myanmar,myanmar_2025-06-05
24.5,101.2,Outside Myanmar,myanmar_2025-06-05
24.5,101.3,Outside Myanmar,myanmar_2025-06-05
24.5,101.4,Outside Myanmar,myanmar_2025-06-05
24.6,92.0,Outside Myanmar,myanmar_2025-06-05
24.6,92.1,Outside Myanmar,myanmar_2025-06-05
24.6,92.2,Outside Myanmar,myanmar_2025-06-05
24.6,92.3,Outside Myanmar,myanmar_2025-06-05
24.6,92.4,Outside Myanmar,myanmar_2025-06-05
24.6,92.5,Outside Myanmar,myanmar_2025-06-05
24.6,92.6,Outside Myanmar,myanmar_2025-06-05
24.6,92.7,Outside Myanmar,myanmar_2025-06-05
24.6,92.8,Outside Myanmar,myanmar_2025-06-05
24.6,92.9,Outside Myanmar,myanmar_2025-06-05
24.6,93.0,Outside Myanmar,myanmar_2025-06-05
24.6,93.1,Outside Myanmar,myanmar_2025-06-05
24.6,93.2,Outside Myanmar,myanmar_2025-06-05
24.6,93.3,Outside Myanmar,myanmar_2025-06-05
24.6,93.4,Outside Myanmar,myanmar_2025-06-05
24.6,93.5,Outside Myanmar,myanmar_2025-06-05
24.6,93.6,Outside Myanmar,myanmar_2025-06-05
24.6,93.7,Outside Myanmar,myanmar_2025-06-05
24.6,93.8,Outside Myanmar,myanmar_2025-06-05
24.6,93.9,Outside Myanmar,myanmar_2025-06-05
24.6,94.0,Outside Myanmar,myanmar_2025-06-05
24.6,94.1,Outside Myanmar,myanmar_2025-06-05
24.6,94.2,Outside Myanmar,myanmar_2025-06-05
24.6,94.3,Outside Myanmar,myanmar_2025-06-05
24.6,94.4,Outside Myanmar,myanmar_2025-06-05
24.6,94.5,Junta,myanmar_2025-06-05
24.6,94.6,Junta,myanmar_2025-06-05
24.6,94.7,PDF,myanmar_2025-06-05
24.6,94.8,Junta,myanmar_2025-06-05
24.6,94.9,Junta,myanmar_2025-06-05
24.6,95.0,Junta,myanmar_2025-06-05
24.6,95.1,Junta,myanmar_2025-06-05
24.6,95.2,Junta,myanmar_2025-06-05
24.6,95.3,Junta,myanmar_2025-06-05
24.6,95.4,KIA,myanmar_2025-06-05
24.6,95.5,KIA,myanmar_2025-06-05
24.6,95.6,KIA,myanmar_2025-06-05
24.6,95.7,KIA,myanmar_2025-06-05
24.6,95.8,KIA,myanmar_2025-06-05
24.6,95.9,KIA,myanmar_2025-06-05
24.6,96.0,KIA,myanmar_2025-06-05
24.6,96.1,KIA,myanmar_2025-06-05
24.6,96.2,KIA,myanmar_2025-06-05
24.6,96.3,KIA,myanmar_2025-06-05
24.6,96.4,KIA,myanmar_2025-06-05
24.6,96.5,KIA,myanmar_2025-06-05
24.6,96.6,KIA,myanmar_2025-06-05
24.6,96.7,KIA,myanmar_2025-06-05
24.6,96.8,KIA,myanmar_2025-06-05
24.6,96.9,KIA,myanmar_2025-06-05
24.6,97.0,KIA,myanmar_2025-06-05
24.6,97.1,KIA,myanmar_2025-06-05
24.6,97.2,KIA,myanmar_2025-06-05
24.6,97.3,KIA,myanmar_2025-06-05
24.6,97.4,Junta,myanmar_2025-06-05
24.6,97.5,KIA,myanmar_2025-06-05
24.6,97.6,Outside Myanmar,myanmar_2025-06-05
24.6,97.7,Outside Myanmar,myanmar_2025-06-05
24.6,97.8,Outside Myanmar,myanmar_2025-06-05
24.6,97.9,Outside Myanmar,myanmar_2025-06-05
24.6,98.0,Outside Myanmar,myanmar_2025-06-05
24.6,98.1,Outside Myanmar,myanmar_2025-06-05
24.6,98.2,Outside Myanmar,myanmar_2025-06-05
24.6,98.3,Outside Myanmar,myanmar_2025-06-05
24.6,98.4,Outside Myanmar,myanmar_2025-06-05
24.6,98.5,Outside Myanmar,myanmar_2025-06-05
24.6,98.6,Outside Myanmar,myanmar_2025-06-05
24.6,98.7,Outside Myanmar,myanmar_2025-06-05
24.6,98.8,Outside Myanmar,myanmar_2025-06-05
24.6,98.9,Outside Myanmar,myanmar_2025-06-05
24.6,99.0,Outside Myanmar,myanmar_2025-06-05
24.6,99.1,Outside Myanmar,myanmar_2025-06-05
24.6,99.2,Outside Myanmar,myanmar_2025-06-05
24.6,99.3,Outside Myanmar,myanmar_2025-06-05
24.6,99.4,Outside Myanmar,myanmar_2025-06-05
24.6,99.5,Outside Myanmar,myanmar_2025-06-05
24.6,99.6,Outside Myanmar,myanmar_2025-06-05
24.6,99.7,Outside Myanmar,myanmar_2025-06-05
24.6,99.8,Outside Myanmar,myanmar_2025-06-05
24.6,99.9,Outside Myanmar,myanmar_2025-06-05
24.6,100.0,Outside Myanmar,myanmar_2025-06-05
24.6,100.1,Outside Myanmar,myanmar_2025-06-05
24.6,100.2,Outside Myanmar,myanmar_2025-06-05
24.6,100.3,Outside Myanmar,myanmar_2025-06-05
24.6,100.4,Outside Myanmar,myanmar_2025-06-05
24.6,100.5,Outside Myanmar,myanmar_2025-06-05
24.6,100.6,Outside Myanmar,myanmar_2025-06-05
24.6,100.7,Outside Myanmar,myanmar_2025-06-05
24.6,100.8,Outside Myanmar,myanmar_2025-06-05
24.6,100.9,Outside Myanmar,myanmar_2025-06-05
24.6,101.0,Outside Myanmar,myanmar_2025-06-05
24.6,101.1,Outside Myanmar,myanmar_2025-06-05
24.6,101.2,Outside Myanmar,myanmar_2025-06-05
24.6,101.3,Outside Myanmar,myanmar_2025-06-05
24.6,101.4,Outside Myanmar,myanmar_2025-06-05
24.7,92.0,Outside Myanmar,myanmar_2025-06-05
24.7,92.1,Outside Myanmar,myanmar_2025-06-05
24.7,92.2,Outside Myanmar,myanmar_2025-06-05
24.7,92.3,Outside Myanmar,myanmar_2025-06-05
24.7,92.4,Outside Myanmar,myanmar_2025-06-05
24.7,92.5,Outside Myanmar,myanmar_2025-06-05
24.7,92.6,Outside Myanmar,myanmar_2025-06-05
24.7,92.7,Outside Myanmar,myanmar_2025-06-05
24.7,92.8,Outside Myanmar,myanmar_2025-06-05
24.7,92.9,Outside Myanmar,myanmar_2025-06-05
24.7,93.0,Outside Myanmar,myanmar_2025-06-05
24.7,93.1,Outside Myanmar,myanmar_2025-06-05
24.7,93.2,Outside Myanmar,myanmar_2025-06-05
24.7,93.3,Outside Myanmar,myanmar_2025-06-05
24.7,93.4,Outside Myanmar,myanmar_2025-06-05
24.7,93.5,Outside Myanmar,myanmar_2025-06-05
24.7,93.6,Outside Myanmar,myanmar_2025-06-05
24.7,93.7,Outside Myanmar,myanmar_2025-06-05
24.7,93.8,Outside Myanmar,myanmar_2025-06-05
24.7,93.9,Outside Myanmar,myanmar_2025-06-05
24.7,94.0,Outside Myanmar,myanmar_2025-06-05
24.7,94.1,Outside Myanmar,myanmar_2025-06-05
24.7,94.2,Outside Myanmar,myanmar_2025-06-05
24.7,94.3,Outside Myanmar,myanmar_2025-06-05
24.7,94.4,Outside Myanmar,myanmar_2025-06-05
24.7,94.5,Outside Myanmar,myanmar_2025-06-05
24.7,94.6,Junta,myanmar_2025-06-05
24.7,94.7,Junta,myanmar_2025-06-05
24.7,94.8,Junta,myanmar_2025-06-05
24.7,94.9,Junta,myanmar_2025-06-05
24.7,95.0,Junta,myanmar_2025-06-05
24.7,95.1,Junta,myanmar_2025-06-05
24.7,95.2,Junta,myanmar_2025-06-05
24.7,95.3,KIA,myanmar_2025-06-05
24.7,95.4,KIA,myanmar_2025-06-05
24.7,95.5,KIA,myanmar_2025-06-05
24.7,95.6,KIA,myanmar_2025-06-05
24.7,95.7,KIA,myanmar_2025-06-05
24.7,95.8,KIA,myanmar_2025-06-05
24.7,95.9,KIA,myanmar_2025-06-05
24.7,96.0,KIA,myanmar_2025-06-05
24.7,96.1,KIA,myanmar_2025-06-05
24.7,96.2,KIA,myanmar_2025-06-05
24.7,96.3,KIA,myanmar_2025-06-05
24.7,96.4,KIA,myanmar_2025-06-05
24.7,96.5,KIA,myanmar_2025-06-05
24.7,96.6,KIA,myanmar_2025-06-05
24.7,96.7,KIA,myanmar_2025-06-05
24.7,96.8,KIA,myanmar_2025-06-05
24.7,96.9,KIA,myanmar_2025-06-05
24.7,97.0,KIA,myanmar_2025-06-05
24.7,97.1,KIA,myanmar_2025-06-05
24.7,97.2,KIA,myanmar_2025-06-05
24.7,97.3,KIA,myanmar_2025-06-05
24.7,97.4,KIA,myanmar_2025-06-05
24.7,97.5,Junta,myanmar_2025-06-05
24.7,97.6,Outside Myanmar,myanmar_2025-06-05
24.7,97.7,Outside Myanmar,myanmar_2025-06-05
24.7,97.8,Outside Myanmar,myanmar_2025-06-05
24.7,97.9,Outside Myanmar,myanmar_2025-06-05
24.7,98.0,Outside Myanmar,myanmar_2025-06-05
24.7,98.1,Outside Myanmar,myanmar_2025-06-05
24.7,98.2,Outside Myanmar,myanmar_2025-06-05
24.7,98.3,Outside Myanmar,myanmar_2025-06-05
24.7,98.4,Outside Myanmar,myanmar_2025-06-05
24.7,98.5,Outside Myanmar,myanmar_2025-06-05
24.7,98.6,Outside Myanmar,myanmar_2025-06-05
24.7,98.7,Outside Myanmar,myanmar_2025-06-05
24.7,98.8,Outside Myanmar,myanmar_2025-06-05
24.7,98.9,Outside Myanmar,myanmar_2025-06-05
24.7,99.0,Outside Myanmar,myanmar_2025-06-05
24.7,99.1,Outside Myanmar,myanmar_2025-06-05
24.7,99.2,Outside Myanmar,myanmar_2025-06-05
24.7,99.3,Outside Myanmar,myanmar_2025-06-05
24.7,99.4,Outside Myanmar,myanmar_2025-06-05
24.7,99.5,Outside Myanmar,myanmar_2025-06-05
24.7,99.6,Outside Myanmar,myanmar_2025-06-05
24.7,99.7,Outside Myanmar,myanmar_2025-06-05
24.7,99.8,Outside Myanmar,myanmar_2025-06-05
24.7,99.9,Outside Myanmar,myanmar_2025-06-05
24.7,100.0,Outside Myanmar,myanmar_2025-06-05
24.7,100.1,Outside Myanmar,myanmar_2025-06-05
24.7,100.2,Outside Myanmar,myanmar_2025-06-05
24.7,100.3,Outside Myanmar,myanmar_2025-06-05
24.7,100.4,Outside Myanmar,myanmar_2025-06-05
24.7,100.5,Outside Myanmar,myanmar_2025-06-05
24.7,100.6,Outside Myanmar,myanmar_2025-06-05
24.7,100.7,Outside Myanmar,myanmar_2025-06-05
24.7,100.8,Outside Myanmar,myanmar_2025-06-05
24.7,100.9,Outside Myanmar,myanmar_2025-06-05
24.7,101.0,Outside Myanmar,myanmar_2025-06-05
24.7,101.1,Outside Myanmar,myanmar_2025-06-05
24.7,101.2,Outside Myanmar,myanmar_2025-06-05
24.7,101.3,Outside Myanmar,myanmar_2025-06-05
24.7,101.4,Outside Myanmar,myanmar_2025-06-05
24.8,92.0,Outside Myanmar,myanmar_2025-06-05
24.8,92.1,Outside Myanmar,myanmar_2025-06-05
24.8,92.2,Outside Myanmar,myanmar_2025-06-05
24.8,92.3,Outside Myanmar,myanmar_2025-06-05
24.8,92.4,Outside Myanmar,myanmar_2025-06-05
24.8,92.5,Outside Myanmar,myanmar_2025-06-05
24.8,92.6,Outside Myanmar,myanmar_2025-06-05
24.8,92.7,Outside Myanmar,myanmar_2025-06-05
24.8,92.8,Outside Myanmar,myanmar_2025-06-05
24.8,92.9,Outside Myanmar,myanmar_2025-06-05
24.8,93.0,Outside Myanmar,myanmar_2025-06-05
24.8,93.1,Outside Myanmar,myanmar_2025-06-05
24.8,93.2,Outside Myanmar,myanmar_2025-06-05
24.8,93.3,Outside Myanmar,myanmar_2025-06-05
24.8,93.4,Outside Myanmar,myanmar_2025-06-05
24.8,93.5,Outside Myanmar,myanmar_2025-06-05
24.8,93.6,Outside Myanmar,myanmar_2025-06-05
24.8,93.7,Outside Myanmar,myanmar_2025-06-05
24.8,93.8,Outside Myanmar,myanmar_2025-06-05
24.8,93.9,Outside Myanmar,myanmar_2025-06-05
24.8,94.0,Outside Myanmar,myanmar_2025-06-05
24.8,94.1,Outside Myanmar,myanmar_2025-06-05
24.8,94.2,Outside Myanmar,myanmar_2025-06-05
24.8,94.3,Outside Myanmar,myanmar_2025-06-05
24.8,94.4,Outside Myanmar,myanmar_2025-06-05
24.8,94.5,Outside Myanmar,myanmar_2025-06-05
24.8,94.6,Junta,myanmar_2025-06-05
24.8,94.7,Junta,myanmar_2025-06-05
24.8,94.8,Junta,myanmar_2025-06-05
24.8,94.9,Junta,myanmar_2025-06-05
24.8,95.0,Junta,myanmar_2025-06-05
24.8,95.1,Junta,myanmar_2025-06-05
24.8,95.2,Junta,myanmar_2025-06-05
24.8,95.3,KIA,myanmar_2025-06-05
24.8,95.4,KIA,myanmar_2025-06-05
24.8,95.5,KIA,myanmar_2025-06-05
24.8,95.6,KIA,myanmar_2025-06-05
24.8,95.7,KIA,myanmar_2025-06-05
24.8,95.8,KIA,myanmar_2025-06-05
24.8,95.9,KIA,myanmar_2025-06-05
24.8,96.0,KIA,myanmar_2025-06-05
24.8,96.1,KIA,myanmar_2025-06-05
24.8,96.2,KIA,myanmar_2025-06-05
24.8,96.3,KIA,myanmar_2025-06-05
24.8,96.4,KIA,myanmar_2025-06-05
24.8,96.5,KIA,myanmar_2025-06-05
24.8,96.6,KIA,myanmar_2025-06-05
24.8,96.7,KIA,myanmar_2025-06-05
24.8,96.8,KIA,myanmar_2025-06-05
24.8,96.9,KIA,myanmar_2025-06-05
24.8,97.0,KIA,myanmar_2025-06-05
24.8,97.1,KIA,myanmar_2025-06-05
24.8,97.2,KIA,myanmar_2025-06-05
24.8,97.3,KIA,myanmar_2025-06-05
24.8,97.4,KIA,myanmar_2025-06-05
24.8,97.5,Junta,myanmar_2025-06-05
24.8,97.6,Junta,myanmar_2025-06-05
24.8,97.7,Outside Myanmar,myanmar_2025-06-05
24.8,97.8,Outside Myanmar,myanmar_2025-06-05
24.8,97.9,Outside Myanmar,myanmar_2025-06-05
24.8,98.0,Outside Myanmar,myanmar_2025-06-05
24.8,98.1,Outside Myanmar,myanmar_2025-06-05
24.8,98.2,Outside Myanmar,myanmar_2025-06-05
24.8,98.3,Outside Myanmar,myanmar_2025-06-05
24.8,98.4,Outside Myanmar,myanmar_2025-06-05
24.8,98.5,Outside Myanmar,myanmar_2025-06-05
24.8,98.6,Outside Myanmar,myanmar_2025-06-05
24.8,98.7,Outside Myanmar,myanmar_2025-06-05
24.8,98.8,Outside Myanmar,myanmar_2025-06-05
24.8,98.9,Outside Myanmar,myanmar_2025-06-05
24.8,99.0,Outside Myanmar,myanmar_2025-06-05
24.8,99.1,Outside Myanmar,myanmar_2025-06-05
24.8,99.2,Outside Myanmar,myanmar_2025-06-05
24.8,99.3,Outside Myanmar,myanmar_2025-06-05
24.8,99.4,Outside Myanmar,myanmar_2025-06-05
24.8,99.5,Outside Myanmar,myanmar_2025-06-05
24.8,99.6,Outside Myanmar,myanmar_2025-06-05
24.8,99.7,Outside Myanmar,myanmar_2025-06-05
24.8,99.8,Outside Myanmar,myanmar_2025-06-05
24.8,99.9,Outside Myanmar,myanmar_2025-06-05
24.8,100.0,Outside Myanmar,myanmar_2025-06-05
24.8,100.1,Outside Myanmar,myanmar_2025-06-05
24.8,100.2,Outside Myanmar,myanmar_2025-06-05
24.8,100.3,Outside Myanmar,myanmar_2025-06-05
24.8,100.4,Outside Myanmar,myanmar_2025-06-05
24.8,100.5,Outside Myanmar,myanmar_2025-06-05
24.8,100.6,Outside Myanmar,myanmar_2025-06-05
24.8,100.7,Outside Myanmar,myanmar_2025-06-05
24.8,100.8,Outside Myanmar,myanmar_2025-06-05
24.8,100.9,Outside Myanmar,myanmar_2025-06-05
24.8,101.0,Outside Myanmar,myanmar_2025-06-05
24.8,101.1,Outside Myanmar,myanmar_2025-06-05
24.8,101.2,Outside Myanmar,myanmar_2025-06-05
24.8,101.3,Outside Myanmar,myanmar_2025-06-05
24.8,101.4,Outside Myanmar,myanmar_2025-06-05
24.9,92.0,Outside Myanmar,myanmar_2025-06-05
24.9,92.1,Outside Myanmar,myanmar_2025-06-05
24.9,92.2,Outside Myanmar,myanmar_2025-06-05
24.9,92.3,Outside Myanmar,myanmar_2025-06-05
24.9,92.4,Outside Myanmar,myanmar_2025-06-05
24.9,92.5,Outside Myanmar,myanmar_2025-06-05
24.9,92.6,Outside Myanmar,myanmar_2025-06-05
24.9,92.7,Outside Myanmar,myanmar_2025-06-05
24.9,92.8,Outside Myanmar,myanmar_2025-06-05
24.9,92.9,Outside Myanmar,myanmar_2025-06-05
24.9,93.0,Outside Myanmar,myanmar_2025-06-05
24.9,93.1,Outside Myanmar,myanmar_2025-06-05
24.9,93.2,Outside Myanmar,myanmar_2025-06-05
24.9,93.3,Outside Myanmar,myanmar_2025-06-05
24.9,93.4,Outside Myanmar,myanmar_2025-06-05
24.9,93.5,Outside Myanmar,myanmar_2025-06-05
24.9,93.6,Outside Myanmar,myanmar_2025-06-05
24.9,93.7,Outside Myanmar,myanmar_2025-06-05
24.9,93.8,Outside Myanmar,myanmar_2025-06-05
24.9,93.9,Outside Myanmar,myanmar_2025-06-05
24.9,94.0,Outside Myanmar,myanmar_2025-06-05
24.9,94.1,Outside Myanmar,myanmar_2025-06-05
24.9,94.2,Outside Myanmar,myanmar_2025-06-05
24.9,94.3,Outside Myanmar,myanmar_2025-06-05
24.9,94.4,Outside Myanmar,myanmar_2025-06-05
24.9,94.5,Outside Myanmar,myanmar_2025-06-05
24.9,94.6,Outside Myanmar,myanmar_2025-06-05
24.9,94.7,Junta,myanmar_2025-06-05
24.9,94.8,Junta,myanmar_2025-06-05
24.9,94.9,Junta,myanmar_2025-06-05
24.9,95.0,Junta,myanmar_2025-06-05
24.9,95.1,Junta,myanmar_2025-06-05
24.9,95.2,Junta,myanmar_2025-06-05
24.9,95.3,KIA,myanmar_2025-06-05
24.9,95.4,KIA,myanmar_2025-06-05
24.9,95.5,KIA,myanmar_2025-06-05
24.9,95.6,KIA,myanmar_2025-06-05
24.9,95.7,KIA,myanmar_2025-06-05
24.9,95.8,KIA,myanmar_2025-06-05
24.9,95.9,KIA,myanmar_2025-06-05
24.9,96.0,KIA,myanmar_2025-06-05
24.9,96.1,KIA,myanmar_2025-06-05
24.9,96.2,KIA,myanmar_2025-06-05
24.9,96.3,KIA,myanmar_2025-06-05
24.9,96.4,KIA,myanmar_2025-06-05
24.9,96.5,KIA,myanmar_2025-06-05
24.9,96.6,KIA,myanmar_2025-06-05
24.9,96.7,KIA,myanmar_2025-06-05
24.9,96.8,KIA,myanmar_2025-06-05
24.9,96.9,KIA,myanmar_2025-06-05
24.9,97.0,KIA,myanmar_2025-06-05
24.9,97.1,KIA,myanmar_2025-06-05
24.9,97.2,KIA,myanmar_2025-06-05
24.9,97.3,KIA,myanmar_2025-06-05
24.9,97.4,KIA,myanmar_2025-06-05
24.9,97.5,Junta,myanmar_2025-06-05
24.9,97.6,Junta,myanmar_2025-06-05
24.9,97.7,Junta,myanmar_2025-06-05
24.9,97.8,Outside Myanmar,myanmar_2025-06-05
24.9,97.9,Outside Myanmar,myanmar_2025-06-05
24.9,98.0,Outside Myanmar,myanmar_2025-06-05
24.9,98.1,Outside Myanmar,myanmar_2025-06-05
24.9,98.2,Outside Myanmar,myanmar_2025-06-05
24.9,98.3,Outside Myanmar,myanmar_2025-06-05
24.9,98.4,Outside Myanmar,myanmar_2025-06-05
24.9,98.5,Outside Myanmar,myanmar_2025-06-05
24.9,98.6,Outside Myanmar,myanmar_2025-06-05
24.9,98.7,Outside Myanmar,myanmar_2025-06-05
24.9,98.8,Outside Myanmar,myanmar_2025-06-05
24.9,98.9,Outside Myanmar,myanmar_2025-06-05
24.9,99.0,Outside Myanmar,myanmar_2025-06-05
24.9,99.1,Outside Myanmar,myanmar_2025-06-05
24.9,99.2,Outside Myanmar,myanmar_2025-06-05
24.9,99.3,Outside Myanmar,myanmar_2025-06-05
24.9,99.4,Outside Myanmar,myanmar_2025-06-05
24.9,99.5,Outside Myanmar,myanmar_2025-06-05
24.9,99.6,Outside Myanmar,myanmar_2025-06-05
24.9,99.7,Outside Myanmar,myanmar_2025-06-05
24.9,99.8,Outside Myanmar,myanmar_2025-06-05
24.9,99.9,Outside Myanmar,myanmar_2025-06-05
24.9,100.0,Outside Myanmar,myanmar_2025-06-05
24.9,100.1,Outside Myanmar,myanmar_2025-06-05
24.9,100.2,Outside Myanmar,myanmar_2025-06-05
24.9,100.3,Outside Myanmar,myanmar_2025-06-05
24.9,100.4,Outside Myanmar,myanmar_2025-06-05
24.9,100.5,Outside Myanmar,myanmar_2025-06-05
24.9,100.6,Outside Myanmar,myanmar_2025-06-05
24.9,100.7,Outside Myanmar,myanmar_2025-06-05
24.9,100.8,Outside Myanmar,myanmar_2025-06-05
24.9,100.9,Outside Myanmar,myanmar_2025-06-05
24.9,101.0,Outside Myanmar,myanmar_2025-06-05
24.9,101.1,Outside Myanmar,myanmar_2025-06-05
24.9,101.2,Outside Myanmar,myanmar_2025-06-05
24.9,101.3,Outside Myanmar,myanmar_2025-06-05
24.9,101.4,Outside Myanmar,myanmar_2025-06-05
25.0,92.0,Outside Myanmar,myanmar_2025-06-05
25.0,92.1,Outside Myanmar,myanmar_2025-06-05
25.0,92.2,Outside Myanmar,myanmar_2025-06-05
25.0,92.3,Outside Myanmar,myanmar_2025-06-05
25.0,92.4,Outside Myanmar,myanmar_2025-06-05
25.0,92.5,Outside Myanmar,myanmar_2025-06-05
25.0,92.6,Outside Myanmar,myanmar_2025-06-05
25.0,92.7,Outside Myanmar,myanmar_2025-06-05
25.0,92.8,Outside Myanmar,myanmar_2025-06-05
25.0,92.9,Outside Myanmar,myanmar_2025-06-05
25.0,93.0,Outside Myanmar,myanmar_2025-06-05
25.0,93.1,Outside Myanmar,myanmar_2025-06-05
25.0,93.2,Outside Myanmar,myanmar_2025-06-05
25.0,93.3,Outside Myanmar,myanmar_2025-06-05
25.0,93.4,Outside Myanmar,myanmar_2025-06-05
25.0,93.5,Outside Myanmar,myanmar_2025-06-05
25.0,93.6,Outside Myanmar,myanmar_2025-06-05
25.0,93.7,Outside Myanmar,myanmar_2025-06-05
25.0,93.8,Outside Myanmar,myanmar_2025-06-05
25.0,93.9,Outside Myanmar,myanmar_2025-06-05
25.0,94.0,Outside Myanmar,myanmar_2025-06-05
25.0,94.1,Outside Myanmar,myanmar_2025-06-05
25.0,94.2,Outside Myanmar,myanmar_2025-06-05
25.0,94.3,Outside Myanmar,myanmar_2025-06-05
25.0,94.4,Outside Myanmar,myanmar_2025-06-05
25.0,94.5,Outside Myanmar,myanmar_2025-06-05
25.0,94.6,Outside Myanmar,myanmar_2025-06-05
25.0,94.7,Junta,myanmar_2025-06-05
25.0,94.8,Junta,myanmar_2025-06-05
25.0,94.9,Junta,myanmar_2025-06-05
25.0,95.0,Junta,myanmar_2025-06-05
25.0,95.1,Junta,myanmar_2025-06-05
25.0,95.2,Junta,myanmar_2025-06-05
25.0,95.3,KIA,myanmar_2025-06-05
25.0,95.4,KIA,myanmar_2025-06-05
25.0,95.5,KIA,myanmar_2025-06-05
25.0,95.6,KIA,myanmar_2025-06-05
25.0,95.7,KIA,myanmar_2025-06-05
25.0,95.8,KIA,myanmar_2025-06-05
25.0,95.9,KIA,myanmar_2025-06-05
25.0,96.0,KIA,myanmar_2025-06-05
25.0,96.1,KIA,myanmar_2025-06-05
25.0,96.2,KIA,myanmar_2025-06-05
25.0,96.3,KIA,myanmar_2025-06-05
25.0,96.4,KIA,myanmar_2025-06-05
25.0,96.5,KIA,myanmar_2025-06-05
25.0,96.6,KIA,myanmar_2025-06-05
25.0,96.7,KIA,myanmar_2025-06-05
25.0,96.8,KIA,myanmar_2025-06-05
25.0,96.9,KIA,myanmar_2025-06-05
25.0,97.0,KIA,myanmar_2025-06-05
25.0,97.1,KIA,myanmar_2025-06-05
25.0,97.2,KIA,myanmar_2025-06-05
25.0,97.3,KIA,myanmar_2025-06-05
25.0,97.4,KIA,myanmar_2025-06-05
25.0,97.5,KIA,myanmar_2025-06-05
25.0,97.6,KIA,myanmar_2025-06-05
25.0,97.7,Junta,myanmar_2025-06-05
25.0,97.8,Outside Myanmar,myanmar_2025-06-05
25.0,97.9,Outside Myanmar,myanmar_2025-06-05
25.0,98.0,Outside Myanmar,myanmar_2025-06-05
25.0,98.1,Outside Myanmar,myanmar_2025-06-05
25.0,98.2,Outside Myanmar,myanmar_2025-06-05
25.0,98.3,Outside Myanmar,myanmar_2025-06-05
25.0,98.4,Outside Myanmar,myanmar_2025-06-05
25.0,98.5,Outside Myanmar,myanmar_2025-06-05
25.0,98.6,Outside Myanmar,myanmar_2025-06-05
25.0,98.7,Outside Myanmar,myanmar_2025-06-05
25.0,98.8,Outside Myanmar,myanmar_2025-06-05
25.0,98.9,Outside Myanmar,myanmar_2025-06-05
25.0,99.0,Outside Myanmar,myanmar_2025-06-05
25.0,99.1,Outside Myanmar,myanmar_2025-06-05
25.0,99.2,Outside Myanmar,myanmar_2025-06-05
25.0,99.3,Outside Myanmar,myanmar_2025-06-05
25.0,99.4,Outside Myanmar,myanmar_2025-06-05
25.0,99.5,Outside Myanmar,myanmar_2025-06-05
25.0,99.6,Outside Myanmar,myanmar_2025-06-05
25.0,99.7,Outside Myanmar,myanmar_2025-06-05
25.0,99.8,Outside Myanmar,myanmar_2025-06-05
25.0,99.9,Outside Myanmar,myanmar_2025-06-05
25.0,100.0,Outside Myanmar,myanmar_2025-06-05
25.0,100.1,Outside Myanmar,myanmar_2025-06-05
25.0,100.2,Outside Myanmar,myanmar_2025-06-05
25.0,100.3,Outside Myanmar,myanmar_2025-06-05
25.0,100.4,Outside Myanmar,myanmar_2025-06-05
25.0,100.5,Outside Myanmar,myanmar_2025-06-05
25.0,100.6,Outside Myanmar,myanmar_2025-06-05
25.0,100.7,Outside Myanmar,myanmar_2025-06-05
25.0,100.8,Outside Myanmar,myanmar_2025-06-05
25.0,100.9,Outside Myanmar,myanmar_2025-06-05
25.0,101.0,Outside Myanmar,myanmar_2025-06-05
25.0,101.1,Outside Myanmar,myanmar_2025-06-05
25.0,101.2,Outside Myanmar,myanmar_2025-06-05
25.0,101.3,Outside Myanmar,myanmar_2025-06-05
25.0,101.4,Outside Myanmar,myanmar_2025-06-05
25.1,92.0,Outside Myanmar,myanmar_2025-06-05
25.1,92.1,Outside Myanmar,myanmar_2025-06-05
25.1,92.2,Outside Myanmar,myanmar_2025-06-05
25.1,92.3,Outside Myanmar,myanmar_2025-06-05
25.1,92.4,Outside Myanmar,myanmar_2025-06-05
25.1,92.5,Outside Myanmar,myanmar_2025-06-05
25.1,92.6,Outside Myanmar,myanmar_2025-06-05
25.1,92.7,Outside Myanmar,myanmar_2025-06-05
25.1,92.8,Outside Myanmar,myanmar_2025-06-05
25.1,92.9,Outside Myanmar,myanmar_2025-06-05
25.1,93.0,Outside Myanmar,myanmar_2025-06-05
25.1,93.1,Outside Myanmar,myanmar_2025-06-05
25.1,93.2,Outside Myanmar,myanmar_2025-06-05
25.1,93.3,Outside Myanmar,myanmar_2025-06-05
25.1,93.4,Outside Myanmar,myanmar_2025-06-05
25.1,93.5,Outside Myanmar,myanmar_2025-06-05
25.1,93.6,Outside Myanmar,myanmar_2025-06-05
25.1,93.7,Outside Myanmar,myanmar_2025-06-05
25.1,93.8,Outside Myanmar,myanmar_2025-06-05
25.1,93.9,Outside Myanmar,myanmar_2025-06-05
25.1,94.0,Outside Myanmar,myanmar_2025-06-05
25.1,94.1,Outside Myanmar,myanmar_2025-06-05
25.1,94.2,Outside Myanmar,myanmar_2025-06-05
25.1,94.3,Outside Myanmar,myanmar_2025-06-05
25.1,94.4,Outside Myanmar,myanmar_2025-06-05
25.1,94.5,Outside Myanmar,myanmar_2025-06-05
25.1,94.6,Outside Myanmar,myanmar_2025-06-05
25.1,94.7,Outside Myanmar,myanmar_2025-06-05
25.1,94.8,Junta,myanmar_2025-06-05
25.1,94.9,Junta,myanmar_2025-06-05
25.1,95.0,Junta,myanmar_2025-06-05
25.1,95.1,Junta,myanmar_2025-06-05
25.1,95.2,Junta,myanmar_2025-06-05
25.1,95.3,KIA,myanmar_2025-06-05
25.1,95.4,KIA,myanmar_2025-06-05
25.1,95.5,KIA,myanmar_2025-06-05
25.1,95.6,KIA,myanmar_2025-06-05
25.1,95.7,KIA,myanmar_2025-06-05
25.1,95.8,KIA,myanmar_2025-06-05
25.1,95.9,KIA,myanmar_2025-06-05
25.1,96.0,KIA,myanmar_2025-06-05
25.1,96.1,KIA,myanmar_2025-06-05
25.1,96.2,KIA,myanmar_2025-06-05
25.1,96.3,KIA,myanmar_2025-06-05
25.1,96.4,KIA,myanmar_2025-06-05
25.1,96.5,KIA,myanmar_2025-06-05
25.1,96.6,KIA,myanmar_2025-06-05
25.1,96.7,KIA,myanmar_2025-06-05
25.1,96.8,KIA,myanmar_2025-06-05
25.1,96.9,KIA,myanmar_2025-06-05
25.1,97.0,KIA,myanmar_2025-06-05
25.1,97.1,KIA,myanmar_2025-06-05
25.1,97.2,KIA,myanmar_2025-06-05
25.1,97.3,KIA,myanmar_2025-06-05
25.1,97.4,KIA,myanmar_2025-06-05
25.1,97.5,KIA,myanmar_2025-06-05
25.1,97.6,KIA,myanmar_2025-06-05
25.1,97.7,Junta,myanmar_2025-06-05
25.1,97.8,Outside Myanmar,myanmar_2025-06-05
25.1,97.9,Outside Myanmar,myanmar_2025-06-05
25.1,98.0,Outside Myanmar,myanmar_2025-06-05
25.1,98.1,Outside Myanmar,myanmar_2025-06-05
25.1,98.2,Outside Myanmar,myanmar_2025-06-05
25.1,98.3,Outside Myanmar,myanmar_2025-06-05
25.1,98.4,Outside Myanmar,myanmar_2025-06-05
25.1,98.5,Outside Myanmar,myanmar_2025-06-05
25.1,98.6,Outside Myanmar,myanmar_2025-06-05
25.1,98.7,Outside Myanmar,myanmar_2025-06-05
25.1,98.8,Outside Myanmar,myanmar_2025-06-05
25.1,98.9,Outside Myanmar,myanmar_2025-06-05
25.1,99.0,Outside Myanmar,myanmar_2025-06-05
25.1,99.1,Outside Myanmar,myanmar_2025-06-05
25.1,99.2,Outside Myanmar,myanmar_2025-06-05
25.1,99.3,Outside Myanmar,myanmar_2025-06-05
25.1,99.4,Outside Myanmar,myanmar_2025-06-05
25.1,99.5,Outside Myanmar,myanmar_2025-06-05
25.1,99.6,Outside Myanmar,myanmar_2025-06-05
25.1,99.7,Outside Myanmar,myanmar_2025-06-05
25.1,99.8,Outside Myanmar,myanmar_2025-06-05
25.1,99.9,Outside Myanmar,myanmar_2025-06-05
25.1,100.0,Outside Myanmar,myanmar_2025-06-05
25.1,100.1,Outside Myanmar,myanmar_2025-06-05
25.1,100.2,Outside Myanmar,myanmar_2025-06-05
25.1,100.3,Outside Myanmar,myanmar_2025-06-05
25.1,100.4,Outside Myanmar,myanmar_2025-06-05
25.1,100.5,Outside Myanmar,myanmar_2025-06-05
25.1,100.6,Outside Myanmar,myanmar_2025-06-05
25.1,100.7,Outside Myanmar,myanmar_2025-06-05
25.1,100.8,Outside Myanmar,myanmar_2025-06-05
25.1,100.9,Outside Myanmar,myanmar_2025-06-05
25.1,101.0,Outside Myanmar,myanmar_2025-06-05
25.1,101.1,Outside Myanmar,myanmar_2025-06-05
25.1,101.2,Outside Myanmar,myanmar_2025-06-05
25.1,101.3,Outside Myanmar,myanmar_2025-06-05
25.1,101.4,Outside Myanmar,myanmar_2025-06-05
25.2,92.0,Outside Myanmar,myanmar_2025-06-05
25.2,92.1,Outside Myanmar,myanmar_2025-06-05
25.2,92.2,Outside Myanmar,myanmar_2025-06-05
25.2,92.3,Outside Myanmar,myanmar_2025-06-05
25.2,92.4,Outside Myanmar,myanmar_2025-06-05
25.2,92.5,Outside Myanmar,myanmar_2025-06-05
25.2,92.6,Outside Myanmar,myanmar_2025-06-05
25.2,92.7,Outside Myanmar,myanmar_2025-06-05
25.2,92.8,Outside Myanmar,myanmar_2025-06-05
25.2,92.9,Outside Myanmar,myanmar_2025-06-05
25.2,93.0,Outside Myanmar,myanmar_2025-06-05
25.2,93.1,Outside Myanmar,myanmar_2025-06-05
25.2,93.2,Outside Myanmar,myanmar_2025-06-05
25.2,93.3,Outside Myanmar,myanmar_2025-06-05
25.2,93.4,Outside Myanmar,myanmar_2025-06-05
25.2,93.5,Outside Myanmar,myanmar_2025-06-05
25.2,93.6,Outside Myanmar,myanmar_2025-06-05
25.2,93.7,Outside Myanmar,myanmar_2025-06-05
25.2,93.8,Outside Myanmar,myanmar_2025-06-05
25.2,93.9,Outside Myanmar,myanmar_2025-06-05
25.2,94.0,Outside Myanmar,myanmar_2025-06-05
25.2,94.1,Outside Myanmar,myanmar_2025-06-05
25.2,94.2,Outside Myanmar,myanmar_2025-06-05
25.2,94.3,Outside Myanmar,myanmar_2025-06-05
25.2,94.4,Outside Myanmar,myanmar_2025-06-05
25.2,94.5,Outside Myanmar,myanmar_2025-06-05
25.2,94.6,Junta,myanmar_2025-06-05
25.2,94.7,Junta,myanmar_2025-06-05
25.2,94.8,Junta,myanmar_2025-06-05
25.2,94.9,Junta,myanmar_2025-06-05
25.2,95.0,Junta,myanmar_2025-06-05
25.2,95.1,Junta,myanmar_2025-06-05
25.2,95.2,Junta,myanmar_2025-06-05
25.2,95.3,KIA,myanmar_2025-06-05
25.2,95.4,KIA,myanmar_2025-06-05
25.2,95.5,KIA,myanmar_2025-06-05
25.2,95.6,KIA,myanmar_2025-06-05
25.2,95.7,KIA,myanmar_2025-06-05
25.2,95.8,KIA,myanmar_2025-06-05
25.2,95.9,KIA,myanmar_2025-06-05
25.2,96.0,KIA,myanmar_2025-06-05
25.2,96.1,KIA,myanmar_2025-06-05
25.2,96.2,KIA,myanmar_2025-06-05
25.2,96.3,KIA,myanmar_2025-06-05
25.2,96.4,KIA,myanmar_2025-06-05
25.2,96.5,KIA,myanmar_2025-06-05
25.2,96.6,KIA,myanmar_2025-06-05
25.2,96.7,KIA,myanmar_2025-06-05
25.2,96.8,KIA,myanmar_2025-06-05
25.2,96.9,KIA,myanmar_2025-06-05
25.2,97.0,KIA,myanmar_2025-06-05
25.2,97.1,KIA,myanmar_2025-06-05
25.2,97.2,KIA,myanmar_2025-06-05
25.2,97.3,KIA,myanmar_2025-06-05
25.2,97.4,KIA,myanmar_2025-06-05
25.2,97.5,KIA,myanmar_2025-06-05
25.2,97.6,KIA,myanmar_2025-06-05
25.2,97.7,Junta,myanmar_2025-06-05
25.2,97.8,Outside Myanmar,myanmar_2025-06-05
25.2,97.9,Outside Myanmar,myanmar_2025-06-05
25.2,98.0,Outside Myanmar,myanmar_2025-06-05
25.2,98.1,Outside Myanmar,myanmar_2025-06-05
25.2,98.2,Outside Myanmar,myanmar_2025-06-05
25.2,98.3,Outside Myanmar,myanmar_2025-06-05
25.2,98.4,Outside Myanmar,myanmar_2025-06-05
25.2,98.5,Outside Myanmar,myanmar_2025-06-05
25.2,98.6,Outside Myanmar,myanmar_2025-06-05
25.2,98.7,Outside Myanmar,myanmar_2025-06-05
25.2,98.8,Outside Myanmar,myanmar_2025-06-05
25.2,98.9,Outside Myanmar,myanmar_2025-06-05
25.2,99.0,Outside Myanmar,myanmar_2025-06-05
25.2,99.1,Outside Myanmar,myanmar_2025-06-05
25.2,99.2,Outside Myanmar,myanmar_2025-06-05
25.2,99.3,Outside Myanmar,myanmar_2025-06-05
25.2,99.4,Outside Myanmar,myanmar_2025-06-05
25.2,99.5,Outside Myanmar,myanmar_2025-06-05
25.2,99.6,Outside Myanmar,myanmar_2025-06-05
25.2,99.7,Outside Myanmar,myanmar_2025-06-05
25.2,99.8,Outside Myanmar,myanmar_2025-06-05
25.2,99.9,Outside Myanmar,myanmar_2025-06-05
25.2,100.0,Outside Myanmar,myanmar_2025-06-05
25.2,100.1,Outside Myanmar,myanmar_2025-06-05
25.2,100.2,Outside Myanmar,myanmar_2025-06-05
25.2,100.3,Outside Myanmar,myanmar_2025-06-05
25.2,100.4,Outside Myanmar,myanmar_2025-06-05
25.2,100.5,Outside Myanmar,myanmar_2025-06-05
25.2,100.6,Outside Myanmar,myanmar_2025-06-05
25.2,100.7,Outside Myanmar,myanmar_2025-06-05
25.2,100.8,Outside Myanmar,myanmar_2025-06-05
25.2,100.9,Outside Myanmar,myanmar_2025-06-05
25.2,101.0,Outside Myanmar,myanmar_2025-06-05
25.2,101.1,Outside Myanmar,myanmar_2025-06-05
25.2,101.2,Outside Myanmar,myanmar_2025-06-05
25.2,101.3,Outside Myanmar,myanmar_2025-06-05
25.2,101.4,Outside Myanmar,myanmar_2025-06-05
25.3,92.0,Outside Myanmar,myanmar_2025-06-05
25.3,92.1,Outside Myanmar,myanmar_2025-06-05
25.3,92.2,Outside Myanmar,myanmar_2025-06-05
25.3,92.3,Outside Myanmar,myanmar_2025-06-05
25.3,92.4,Outside Myanmar,myanmar_2025-06-05
25.3,92.5,Outside Myanmar,myanmar_2025-06-05
25.3,92.6,Outside Myanmar,myanmar_2025-06-05
25.3,92.7,Outside Myanmar,myanmar_2025-06-05
25.3,92.8,Outside Myanmar,myanmar_2025-06-05
25.3,92.9,Outside Myanmar,myanmar_2025-06-05
25.3,93.0,Outside Myanmar,myanmar_2025-06-05
25.3,93.1,Outside Myanmar,myanmar_2025-06-05
25.3,93.2,Outside Myanmar,myanmar_2025-06-05
25.3,93.3,Outside Myanmar,myanmar_2025-06-05
25.3,93.4,Outside Myanmar,myanmar_2025-06-05
25.3,93.5,Outside Myanmar,myanmar_2025-06-05
25.3,93.6,Outside Myanmar,myanmar_2025-06-05
25.3,93.7,Outside Myanmar,myanmar_2025-06-05
25.3,93.8,Outside Myanmar,myanmar_2025-06-05
25.3,93.9,Outside Myanmar,myanmar_2025-06-05
25.3,94.0,Outside Myanmar,myanmar_2025-06-05
25.3,94.1,Outside Myanmar,myanmar_2025-06-05
25.3,94.2,Outside Myanmar,myanmar_2025-06-05
25.3,94.3,Outside Myanmar,myanmar_2025-06-05
25.3,94.4,Outside Myanmar,myanmar_2025-06-05
25.3,94.5,Outside Myanmar,myanmar_2025-06-05
25.3,94.6,Junta,myanmar_2025-06-05
25.3,94.7,Junta,myanmar_2025-06-05
25.3,94.8,Junta,myanmar_2025-06-05
25.3,94.9,Junta,myanmar_2025-06-05
25.3,95.0,Junta,myanmar_2025-06-05
25.3,95.1,Junta,myanmar_2025-06-05
25.3,95.2,Junta,myanmar_2025-06-05
25.3,95.3,KIA,myanmar_2025-06-05
25.3,95.4,KIA,myanmar_2025-06-05
25.3,95.5,KIA,myanmar_2025-06-05
25.3,95.6,KIA,myanmar_2025-06-05
25.3,95.7,KIA,myanmar_2025-06-05
25.3,95.8,KIA,myanmar_2025-06-05
25.3,95.9,KIA,myanmar_2025-06-05
25.3,96.0,KIA,myanmar_2025-06-05
25.3,96.1,KIA,myanmar_2025-06-05
25.3,96.2,KIA,myanmar_2025-06-05
25.3,96.3,KIA,myanmar_2025-06-05
25.3,96.4,KIA,myanmar_2025-06-05
25.3,96.5,KIA,myanmar_2025-06-05
25.3,96.6,KIA,myanmar_2025-06-05
25.3,96.7,KIA,myanmar_2025-06-05
25.3,96.8,KIA,myanmar_2025-06-05
25.3,96.9,KIA,myanmar_2025-06-05
25.3,97.0,KIA,myanmar_2025-06-05
25.3,97.1,KIA,myanmar_2025-06-05
25.3,97.2,KIA,myanmar_2025-06-05
25.3,97.3,KIA,myanmar_2025-06-05
25.3,97.4,KIA,myanmar_2025-06-05
25.3,97.5,KIA,myanmar_2025-06-05
25.3,97.6,KIA,myanmar_2025-06-05
25.3,97.7,Junta,myanmar_2025-06-05
25.3,97.8,Junta,myanmar_2025-06-05
25.3,97.9,Junta,myanmar_2025-06-05
25.3,98.0,Junta,myanmar_2025-06-05
25.3,98.1,Outside Myanmar,myanmar_2025-06-05
25.3,98.2,Outside Myanmar,myanmar_2025-06-05
25.3,98.3,Outside Myanmar,myanmar_2025-06-05
25.3,98.4,Outside Myanmar,myanmar_2025-06-05
25.3,98.5,Outside Myanmar,myanmar_2025-06-05
25.3,98.6,Outside Myanmar,myanmar_2025-06-05
25.3,98.7,Outside Myanmar,myanmar_2025-06-05
25.3,98.8,Outside Myanmar,myanmar_2025-06-05
25.3,98.9,Outside Myanmar,myanmar_2025-06-05
25.3,99.0,Outside Myanmar,myanmar_2025-06-05
25.3,99.1,Outside Myanmar,myanmar_2025-06-05
25.3,99.2,Outside Myanmar,myanmar_2025-06-05
25.3,99.3,Outside Myanmar,myanmar_2025-06-05
25.3,99.4,Outside Myanmar,myanmar_2025-06-05
25.3,99.5,Outside Myanmar,myanmar_2025-06-05
25.3,99.6,Outside Myanmar,myanmar_2025-06-05
25.3,99.7,Outside Myanmar,myanmar_2025-06-05
25.3,99.8,Outside Myanmar,myanmar_2025-06-05
25.3,99.9,Outside Myanmar,myanmar_2025-06-05
25.3,100.0,Outside Myanmar,myanmar_2025-06-05
25.3,100.1,Outside Myanmar,myanmar_2025-06-05
25.3,100.2,Outside Myanmar,myanmar_2025-06-05
25.3,100.3,Outside Myanmar,myanmar_2025-06-05
25.3,100.4,Outside Myanmar,myanmar_2025-06-05
25.3,100.5,Outside Myanmar,myanmar_2025-06-05
25.3,100.6,Outside Myanmar,myanmar_2025-06-05
25.3,100.7,Outside Myanmar,myanmar_2025-06-05
25.3,100.8,Outside Myanmar,myanmar_2025-06-05
25.3,100.9,Outside Myanmar,myanmar_2025-06-05
25.3,101.0,Outside Myanmar,myanmar_2025-06-05
25.3,101.1,Outside Myanmar,myanmar_2025-06-05
25.3,101.2,Outside Myanmar,myanmar_2025-06-05
25.3,101.3,Outside Myanmar,myanmar_2025-06-05
25.3,101.4,Outside Myanmar,myanmar_2025-06-05
25.4,92.0,Outside Myanmar,myanmar_2025-06-05
25.4,92.1,Outside Myanmar,myanmar_2025-06-05
25.4,92.2,Outside Myanmar,myanmar_2025-06-05
25.4,92.3,Outside Myanmar,myanmar_2025-06-05
25.4,92.4,Outside Myanmar,myanmar_2025-06-05
25.4,92.5,Outside Myanmar,myanmar_2025-06-05
25.4,92.6,Outside Myanmar,myanmar_2025-06-05
25.4,92.7,Outside Myanmar,myanmar_2025-06-05
25.4,92.8,Outside Myanmar,myanmar_2025-06-05
25.4,92.9,Outside Myanmar,myanmar_2025-06-05
25.4,93.0,Outside Myanmar,myanmar_2025-06-05
25.4,93.1,Outside Myanmar,myanmar_2025-06-05
25.4,93.2,Outside Myanmar,myanmar_2025-06-05
25.4,93.3,Outside Myanmar,myanmar_2025-06-05
25.4,93.4,Outside Myanmar,myanmar_2025-06-05
25.4,93.5,Outside Myanmar,myanmar_2025-06-05
25.4,93.6,Outside Myanmar,myanmar_2025-06-05
25.4,93.7,Outside Myanmar,myanmar_2025-06-05
25.4,93.8,Outside Myanmar,myanmar_2025-06-05
25.4,93.9,Outside Myanmar,myanmar_2025-06-05
25.4,94.0,Outside Myanmar,myanmar_2025-06-05
25.4,94.1,Outside Myanmar,myanmar_2025-06-05
25.4,94.2,Outside Myanmar,myanmar_2025-06-05
25.4,94.3,Outside Myanmar,myanmar_2025-06-05
25.4,94.4,Outside Myanmar,myanmar_2025-06-05
25.4,94.5,Outside Myanmar,myanmar_2025-06-05
25.4,94.6,Outside Myanmar,myanmar_2025-06-05
25.4,94.7,Junta,myanmar_2025-06-05
25.4,94.8,Junta,myanmar_2025-06-05
25.4,94.9,Junta,myanmar_2025-06-05
25.4,95.0,Junta,myanmar_2025-06-05
25.4,95.1,Junta,myanmar_2025-06-05
25.4,95.2,Junta,myanmar_2025-06-05
25.4,95.3,Junta,myanmar_2025-06-05
25.4,95.4,KIA,myanmar_2025-06-05
25.4,95.5,KIA,myanmar_2025-06-05
25.4,95.6,KIA,myanmar_2025-06-05
25.4,95.7,KIA,myanmar_2025-06-05
25.4,95.8,KIA,myanmar_2025-06-05
25.4,95.9,KIA,myanmar_2025-06-05
25.4,96.0,KIA,myanmar_2025-06-05
25.4,96.1,KIA,myanmar_2025-06-05
25.4,96.2,KIA,myanmar_2025-06-05
25.4,96.3,KIA,myanmar_2025-06-05
25.4,96.4,KIA,myanmar_2025-06-05
25.4,96.5,KIA,myanmar_2025-06-05
25.4,96.6,KIA,myanmar_2025-06-05
25.4,96.7,KIA,myanmar_2025-06-05
25.4,96.8,KIA,myanmar_2025-06-05
25.4,96.9,KIA,myanmar_2025-06-05
25.4,97.0,KIA,myanmar_2025-06-05
25.4,97.1,KIA,myanmar_2025-06-05
25.4,97.2,KIA,myanmar_2025-06-05
25.4,97.3,KIA,myanmar_2025-06-05
25.4,97.4,KIA,myanmar_2025-06-05
25.4,97.5,KIA,myanmar_2025-06-05
25.4,97.6,KIA,myanmar_2025-06-05
25.4,97.7,KIA,myanmar_2025-06-05
25.4,97.8,KIA,myanmar_2025-06-05
25.4,97.9,Junta,myanmar_2025-06-05
25.4,98.0,Junta,myanmar_2025-06-05
25.4,98.1,Outside Myanmar,myanmar_2025-06-05
25.4,98.2,Outside Myanmar,myanmar_2025-06-05
25.4,98.3,Outside Myanmar,myanmar_2025-06-05
25.4,98.4,Outside Myanmar,myanmar_2025-06-05
25.4,98.5,Outside Myanmar,myanmar_2025-06-05
25.4,98.6,Outside Myanmar,myanmar_2025-06-05
25.4,98.7,Outside Myanmar,myanmar_2025-06-05
25.4,98.8,Outside Myanmar,myanmar_2025-06-05
25.4,98.9,Outside Myanmar,myanmar_2025-06-05
25.4,99.0,Outside Myanmar,myanmar_2025-06-05
25.4,99.1,Outside Myanmar,myanmar_2025-06-05
25.4,99.2,Outside Myanmar,myanmar_2025-06-05
25.4,99.3,Outside Myanmar,myanmar_2025-06-05
25.4,99.4,Outside Myanmar,myanmar_2025-06-05
25.4,99.5,Outside Myanmar,myanmar_2025-06-05
25.4,99.6,Outside Myanmar,myanmar_2025-06-05
25.4,99.7,Outside Myanmar,myanmar_2025-06-05
25.4,99.8,Outside Myanmar,myanmar_2025-06-05
25.4,99.9,Outside Myanmar,myanmar_2025-06-05
25.4,100.0,Outside Myanmar,myanmar_2025-06-05
25.4,100.1,Outside Myanmar,myanmar_2025-06-05
25.4,100.2,Outside Myanmar,myanmar_2025-06-05
25.4,100.3,Outside Myanmar,myanmar_2025-06-05
25.4,100.4,Outside Myanmar,myanmar_2025-06-05
25.4,100.5,Outside Myanmar,myanmar_2025-06-05
25.4,100.6,Outside Myanmar,myanmar_2025-06-05
25.4,100.7,Outside Myanmar,myanmar_2025-06-05
25.4,100.8,Outside Myanmar,myanmar_2025-06-05
25.4,100.9,Outside Myanmar,myanmar_2025-06-05
25.4,101.0,Outside Myanmar,myanmar_2025-06-05
25.4,101.1,Outside Myanmar,myanmar_2025-06-05
25.4,101.2,Outside Myanmar,myanmar_2025-06-05
25.4,101.3,Outside Myanmar,myanmar_2025-06-05
25.4,101.4,Outside Myanmar,myanmar_2025-06-05
25.5,92.0,Outside Myanmar,myanmar_2025-06-05
25.5,92.1,Outside Myanmar,myanmar_2025-06-05
25.5,92.2,Outside Myanmar,myanmar_2025-06-05
25.5,92.3,Outside Myanmar,myanmar_2025-06-05
25.5,92.4,Outside Myanmar,myanmar_2025-06-05
25.5,92.5,Outside Myanmar,myanmar_2025-06-05
25.5,92.6,Outside Myanmar,myanmar_2025-06-05
25.5,92.7,Outside Myanmar,myanmar_2025-06-05
25.5,92.8,Outside Myanmar,myanmar_2025-06-05
25.5,92.9,Outside Myanmar,myanmar_2025-06-05
25.5,93.0,Outside Myanmar,myanmar_2025-06-05
25.5,93.1,Outside Myanmar,myanmar_2025-06-05
25.5,93.2,Outside Myanmar,myanmar_2025-06-05
25.5,93.3,Outside Myanmar,myanmar_2025-06-05
25.5,93.4,Outside Myanmar,myanmar_2025-06-05
25.5,93.5,Outside Myanmar,myanmar_2025-06-05
25.5,93.6,Outside Myanmar,myanmar_2025-06-05
25.5,93.7,Outside Myanmar,myanmar_2025-06-05
25.5,93.8,Outside Myanmar,myanmar_2025-06-05
25.5,93.9,Outside Myanmar,myanmar_2025-06-05
25.5,94.0,Outside Myanmar,myanmar_2025-06-05
25.5,94.1,Outside Myanmar,myanmar_2025-06-05
25.5,94.2,Outside Myanmar,myanmar_2025-06-05
25.5,94.3,Outside Myanmar,myanmar_2025-06-05
25.5,94.4,Outside Myanmar,myanmar_2025-06-05
25.5,94.5,Outside Myanmar,myanmar_2025-06-05
25.5,94.6,Outside Myanmar,myanmar_2025-06-05
25.5,94.7,Outside Myanmar,myanmar_2025-06-05
25.5,94.8,Junta,myanmar_2025-06-05
25.5,94.9,Junta,myanmar_2025-06-05
25.5,95.0,Junta,myanmar_2025-06-05
25.5,95.1,Junta,myanmar_2025-06-05
25.5,95.2,Junta,myanmar_2025-06-05
25.5,95.3,Junta,myanmar_2025-06-05
25.5,95.4,KIA,myanmar_2025-06-05
25.5,95.5,KIA,myanmar_2025-06-05
25.5,95.6,KIA,myanmar_2025-06-05
25.5,95.7,KIA,myanmar_2025-06-05
25.5,95.8,KIA,myanmar_2025-06-05
25.5,95.9,KIA,myanmar_2025-06-05
25.5,96.0,KIA,myanmar_2025-06-05
25.5,96.1,KIA,myanmar_2025-06-05
25.5,96.2,KIA,myanmar_2025-06-05
25.5,96.3,KIA,myanmar_2025-06-05
25.5,96.4,KIA,myanmar_2025-06-05
25.5,96.5,KIA,myanmar_2025-06-05
25.5,96.6,KIA,myanmar_2025-06-05
25.5,96.7,KIA,myanmar_2025-06-05
25.5,96.8,KIA,myanmar_2025-06-05
25.5,96.9,KIA,myanmar_2025-06-05
25.5,97.0,KIA,myanmar_2025-06-05
25.5,97.1,KIA,myanmar_2025-06-05
25.5,97.2,KIA,myanmar_2025-06-05
25.5,97.3,KIA,myanmar_2025-06-05
25.5,97.4,KIA,myanmar_2025-06-05
25.5,97.5,KIA,myanmar_2025-06-05
25.5,97.6,KIA,myanmar_2025-06-05
25.5,97.7,KIA,myanmar_2025-06-05
25.5,97.8,KIA,myanmar_2025-06-05
25.5,97.9,KIA,myanmar_2025-06-05
25.5,98.0,Junta,myanmar_2025-06-05
25.5,98.1,Junta,myanmar_2025-06-05
25.5,98.2,Outside Myanmar,myanmar_2025-06-05
25.5,98.3,Outside Myanmar,myanmar_2025-06-05
25.5,98.4,Outside Myanmar,myanmar_2025-06-05
25.5,98.5,Outside Myanmar,myanmar_2025-06-05
25.5,98.6,Outside Myanmar,myanmar_2025-06-05
25.5,98.7,Outside Myanmar,myanmar_2025-06-05
25.5,98.8,Outside Myanmar,myanmar_2025-06-05
25.5,98.9,Outside Myanmar,myanmar_2025-06-05
25.5,99.0,Outside Myanmar,myanmar_2025-06-05
25.5,99.1,Outside Myanmar,myanmar_2025-06-05
25.5,99.2,Outside Myanmar,myanmar_2025-06-05
25.5,99.3,Outside Myanmar,myanmar_2025-06-05
25.5,99.4,Outside Myanmar,myanmar_2025-06-05
25.5,99.5,Outside Myanmar,myanmar_2025-06-05
25.5,99.6,Outside Myanmar,myanmar_2025-06-05
25.5,99.7,Outside Myanmar,myanmar_2025-06-05
25.5,99.8,Outside Myanmar,myanmar_2025-06-05
25.5,99.9,Outside Myanmar,myanmar_2025-06-05
25.5,100.0,Outside Myanmar,myanmar_2025-06-05
25.5,100.1,Outside Myanmar,myanmar_2025-06-05
25.5,100.2,Outside Myanmar,myanmar_2025-06-05
25.5,100.3,Outside Myanmar,myanmar_2025-06-05
25.5,100.4,Outside Myanmar,myanmar_2025-06-05
25.5,100.5,Outside Myanmar,myanmar_2025-06-05
25.5,100.6,Outside Myanmar,myanmar_2025-06-05
25.5,100.7,Outside Myanmar,myanmar_2025-06-05
25.5,100.8,Outside Myanmar,myanmar_2025-06-05
25.5,100.9,Outside Myanmar,myanmar_2025-06-05
25.5,101.0,Outside Myanmar,myanmar_2025-06-05
25.5,101.1,Outside Myanmar,myanmar_2025-06-05
25.5,101.2,Outside Myanmar,myanmar_2025-06-05
25.5,101.3,Outside Myanmar,myanmar_2025-06-05
25.5,101.4,Outside Myanmar,myanmar_2025-06-05
25.6,92.0,Outside Myanmar,myanmar_2025-06-05
25.6,92.1,Outside Myanmar,myanmar_2025-06-05
25.6,92.2,Outside Myanmar,myanmar_2025-06-05
25.6,92.3,Outside Myanmar,myanmar_2025-06-05
25.6,92.4,Outside Myanmar,myanmar_2025-06-05
25.6,92.5,Outside Myanmar,myanmar_2025-06-05
25.6,92.6,Outside Myanmar,myanmar_2025-06-05
25.6,92.7,Outside Myanmar,myanmar_2025-06-05
25.6,92.8,Outside Myanmar,myanmar_2025-06-05
25.6,92.9,Outside Myanmar,myanmar_2025-06-05
25.6,93.0,Outside Myanmar,myanmar_2025-06-05
25.6,93.1,Outside Myanmar,myanmar_2025-06-05
25.6,93.2,Outside Myanmar,myanmar_2025-06-05
25.6,93.3,Outside Myanmar,myanmar_2025-06-05
25.6,93.4,Outside Myanmar,myanmar_2025-06-05
25.6,93.5,Outside Myanmar,myanmar_2025-06-05
25.6,93.6,Outside Myanmar,myanmar_2025-06-05
25.6,93.7,Outside Myanmar,myanmar_2025-06-05
25.6,93.8,Outside Myanmar,myanmar_2025-06-05
25.6,93.9,Outside Myanmar,myanmar_2025-06-05
25.6,94.0,Outside Myanmar,myanmar_2025-06-05
25.6,94.1,Outside Myanmar,myanmar_2025-06-05
25.6,94.2,Outside Myanmar,myanmar_2025-06-05
25.6,94.3,Outside Myanmar,myanmar_2025-06-05
25.6,94.4,Outside Myanmar,myanmar_2025-06-05
25.6,94.5,Outside Myanmar,myanmar_2025-06-05
25.6,94.6,Outside Myanmar,myanmar_2025-06-05
25.6,94.7,Outside Myanmar,myanmar_2025-06-05
25.6,94.8,Outside Myanmar,myanmar_2025-06-05
25.6,94.9,Junta,myanmar_2025-06-05
25.6,95.0,Junta,myanmar_2025-06-05
25.6,95.1,Junta,myanmar_2025-06-05
25.6,95.2,Junta,myanmar_2025-06-05
25.6,95.3,Junta,myanmar_2025-06-05
25.6,95.4,KIA,myanmar_2025-06-05
25.6,95.5,KIA,myanmar_2025-06-05
25.6,95.6,KIA,myanmar_2025-06-05
25.6,95.7,KIA,myanmar_2025-06-05
25.6,95.8,KIA,myanmar_2025-06-05
25.6,95.9,KIA,myanmar_2025-06-05
25.6,96.0,KIA,myanmar_2025-06-05
25.6,96.1,KIA,myanmar_2025-06-05
25.6,96.2,KIA,myanmar_2025-06-05
25.6,96.3,KIA,myanmar_2025-06-05
25.6,96.4,KIA,myanmar_2025-06-05
25.6,96.5,KIA,myanmar_2025-06-05
25.6,96.6,KIA,myanmar_2025-06-05
25.6,96.7,KIA,myanmar_2025-06-05
25.6,96.8,KIA,myanmar_2025-06-05
25.6,96.9,KIA,myanmar_2025-06-05
25.6,97.0,KIA,myanmar_2025-06-05
25.6,97.1,KIA,myanmar_2025-06-05
25.6,97.2,KIA,myanmar_2025-06-05
25.6,97.3,KIA,myanmar_2025-06-05
25.6,97.4,KIA,myanmar_2025-06-05
25.6,97.5,KIA,myanmar_2025-06-05
25.6,97.6,KIA,myanmar_2025-06-05
25.6,97.7,KIA,myanmar_2025-06-05
25.6,97.8,KIA,myanmar_2025-06-05
25.6,97.9,KIA,myanmar_2025-06-05
25.6,98.0,Junta,myanmar_2025-06-05
25.6,98.1,Junta,myanmar_2025-06-05
25.6,98.2,Junta,myanmar_2025-06-05
25.6,98.3,Junta,myanmar_2025-06-05
25.6,98.4,Outside Myanmar,myanmar_2025-06-05
25.6,98.5,Outside Myanmar,myanmar_2025-06-05
25.6,98.6,Outside Myanmar,myanmar_2025-06-05
25.6,98.7,Outside Myanmar,myanmar_2025-06-05
25.6,98.8,Outside Myanmar,myanmar_2025-06-05
25.6,98.9,Outside Myanmar,myanmar_2025-06-05
25.6,99.0,Outside Myanmar,myanmar_2025-06-05
25.6,99.1,Outside Myanmar,myanmar_2025-06-05
25.6,99.2,Outside Myanmar,myanmar_2025-06-05
25.6,99.3,Outside Myanmar,myanmar_2025-06-05
25.6,99.4,Outside Myanmar,myanmar_2025-06-05
25.6,99.5,Outside Myanmar,myanmar_2025-06-05
25.6,99.6,Outside Myanmar,myanmar_2025-06-05
25.6,99.7,Outside Myanmar,myanmar_2025-06-05
25.6,99.8,Outside Myanmar,myanmar_2025-06-05
25.6,99.9,Outside Myanmar,myanmar_2025-06-05
25.6,100.0,Outside Myanmar,myanmar_2025-06-05
25.6,100.1,Outside Myanmar,myanmar_2025-06-05
25.6,100.2,Outside Myanmar,myanmar_2025-06-05
25.6,100.3,Outside Myanmar,myanmar_2025-06-05
25.6,100.4,Outside Myanmar,myanmar_2025-06-05
25.6,100.5,Outside Myanmar,myanmar_2025-06-05
25.6,100.6,Outside Myanmar,myanmar_2025-06-05
25.6,100.7,Outside Myanmar,myanmar_2025-06-05
25.6,100.8,Outside Myanmar,myanmar_2025-06-05
25.6,100.9,Outside Myanmar,myanmar_2025-06-05
25.6,101.0,Outside Myanmar,myanmar_2025-06-05
25.6,101.1,Outside Myanmar,myanmar_2025-06-05
25.6,101.2,Outside Myanmar,myanmar_2025-06-05
25.6,101.3,Outside Myanmar,myanmar_2025-06-05
25.6,101.4,Outside Myanmar,myanmar_2025-06-05
25.7,92.0,Outside Myanmar,myanmar_2025-06-05
25.7,92.1,Outside Myanmar,myanmar_2025-06-05
25.7,92.2,Outside Myanmar,myanmar_2025-06-05
25.7,92.3,Outside Myanmar,myanmar_2025-06-05
25.7,92.4,Outside Myanmar,myanmar_2025-06-05
25.7,92.5,Outside Myanmar,myanmar_2025-06-05
25.7,92.6,Outside Myanmar,myanmar_2025-06-05
25.7,92.7,Outside Myanmar,myanmar_2025-06-05
25.7,92.8,Outside Myanmar,myanmar_2025-06-05
25.7,92.9,Outside Myanmar,myanmar_2025-06-05
25.7,93.0,Outside Myanmar,myanmar_2025-06-05
25.7,93.1,Outside Myanmar,myanmar_2025-06-05
25.7,93.2,Outside Myanmar,myanmar_2025-06-05
25.7,93.3,Outside Myanmar,myanmar_2025-06-05
25.7,93.4,Outside Myanmar,myanmar_2025-06-05
25.7,93.5,Outside Myanmar,myanmar_2025-06-05
25.7,93.6,Outside Myanmar,myanmar_2025-06-05
25.7,93.7,Outside Myanmar,myanmar_2025-06-05
25.7,93.8,Outside Myanmar,myanmar_2025-06-05
25.7,93.9,Outside Myanmar,myanmar_2025-06-05
25.7,94.0,Outside Myanmar,myanmar_2025-06-05
25.7,94.1,Outside Myanmar,myanmar_2025-06-05
25.7,94.2,Outside Myanmar,myanmar_2025-06-05
25.7,94.3,Outside Myanmar,myanmar_2025-06-05
25.7,94.4,Outside Myanmar,myanmar_2025-06-05
25.7,94.5,Outside Myanmar,myanmar_2025-06-05
25.7,94.6,Outside Myanmar,myanmar_2025-06-05
25.7,94.7,Outside Myanmar,myanmar_2025-06-05
25.7,94.8,Outside Myanmar,myanmar_2025-06-05
25.7,94.9,Outside Myanmar,myanmar_2025-06-05
25.7,95.0,Junta,myanmar_2025-06-05
25.7,95.1,Junta,myanmar_2025-06-05
25.7,95.2,Junta,myanmar_2025-06-05
25.7,95.3,Junta,myanmar_2025-06-05
25.7,95.4,KIA,myanmar_2025-06-05
25.7,95.5,KIA,myanmar_2025-06-05
25.7,95.6,KIA,myanmar_2025-06-05
25.7,95.7,KIA,myanmar_2025-06-05
25.7,95.8,KIA,myanmar_2025-06-05
25.7,95.9,KIA,myanmar_2025-06-05
25.7,96.0,KIA,myanmar_2025-06-05
25.7,96.1,KIA,myanmar_2025-06-05
25.7,96.2,KIA,myanmar_2025-06-05
25.7,96.3,KIA,myanmar_2025-06-05
25.7,96.4,KIA,myanmar_2025-06-05
25.7,96.5,KIA,myanmar_2025-06-05
25.7,96.6,KIA,myanmar_2025-06-05
25.7,96.7,KIA,myanmar_2025-06-05
25.7,96.8,KIA,myanmar_2025-06-05
25.7,96.9,KIA,myanmar_2025-06-05
25.7,97.0,KIA,myanmar_2025-06-05
25.7,97.1,KIA,myanmar_2025-06-05
25.7,97.2,KIA,myanmar_2025-06-05
25.7,97.3,KIA,myanmar_2025-06-05
25.7,97.4,KIA,myanmar_2025-06-05
25.7,97.5,KIA,myanmar_2025-06-05
25.7,97.6,KIA,myanmar_2025-06-05
25.7,97.7,KIA,myanmar_2025-06-05
25.7,97.8,Junta,myanmar_2025-06-05
25.7,97.9,Junta,myanmar_2025-06-05
25.7,98.0,Junta,myanmar_2025-06-05
25.7,98.1,Junta,myanmar_2025-06-05
25.7,98.2,Junta,myanmar_2025-06-05
25.7,98.3,Junta,myanmar_2025-06-05
25.7,98.4,Junta,myanmar_2025-06-05
25.7,98.5,Outside Myanmar,myanmar_2025-06-05
25.7,98.6,Outside Myanmar,myanmar_2025-06-05
25.7,98.7,Outside Myanmar,myanmar_2025-06-05
25.7,98.8,Outside Myanmar,myanmar_2025-06-05
25.7,98.9,Outside Myanmar,myanmar_2025-06-05
25.7,99.0,Outside Myanmar,myanmar_2025-06-05
25.7,99.1,Outside Myanmar,myanmar_2025-06-05
25.7,99.2,Outside Myanmar,myanmar_2025-06-05
25.7,99.3,Outside Myanmar,myanmar_2025-06-05
25.7,99.4,Outside Myanmar,myanmar_2025-06-05
25.7,99.5,Outside Myanmar,myanmar_2025-06-05
25.7,99.6,Outside Myanmar,myanmar_2025-06-05
25.7,99.7,Outside Myanmar,myanmar_2025-06-05
25.7,99.8,Outside Myanmar,myanmar_2025-06-05
25.7,99.9,Outside Myanmar,myanmar_2025-06-05
25.7,100.0,Outside Myanmar,myanmar_2025-06-05
25.7,100.1,Outside Myanmar,myanmar_2025-06-05
25.7,100.2,Outside Myanmar,myanmar_2025-06-05
25.7,100.3,Outside Myanmar,myanmar_2025-06-05
25.7,100.4,Outside Myanmar,myanmar_2025-06-05
25.7,100.5,Outside Myanmar,myanmar_2025-06-05
25.7,100.6,Outside Myanmar,myanmar_2025-06-05
25.7,100.7,Outside Myanmar,myanmar_2025-06-05
25.7,100.8,Outside Myanmar,myanmar_2025-06-05
25.7,100.9,Outside Myanmar,myanmar_2025-06-05
25.7,101.0,Outside Myanmar,myanmar_2025-06-05
25.7,101.1,Outside Myanmar,myanmar_2025-06-05
25.7,101.2,Outside Myanmar,myanmar_2025-06-05
25.7,101.3,Outside Myanmar,myanmar_2025-06-05
25.7,101.4,Outside Myanmar,myanmar_2025-06-05
25.8,92.0,Outside Myanmar,myanmar_2025-06-05
25.8,92.1,Outside Myanmar,myanmar_2025-06-05
25.8,92.2,Outside Myanmar,myanmar_2025-06-05
25.8,92.3,Outside Myanmar,myanmar_2025-06-05
25.8,92.4,Outside Myanmar,myanmar_2025-06-05
25.8,92.5,Outside Myanmar,myanmar_2025-06-05
25.8,92.6,Outside Myanmar,myanmar_2025-06-05
25.8,92.7,Outside Myanmar,myanmar_2025-06-05
25.8,92.8,Outside Myanmar,myanmar_2025-06-05
25.8,92.9,Outside Myanmar,myanmar_2025-06-05
25.8,93.0,Outside Myanmar,myanmar_2025-06-05
25.8,93.1,Outside Myanmar,myanmar_2025-06-05
25.8,93.2,Outside Myanmar,myanmar_2025-06-05
25.8,93.3,Outside Myanmar,myanmar_2025-06-05
25.8,93.4,Outside Myanmar,myanmar_2025-06-05
25.8,93.5,Outside Myanmar,myanmar_2025-06-05
25.8,93.6,Outside Myanmar,myanmar_2025-06-05
25.8,93.7,Outside Myanmar,myanmar_2025-06-05
25.8,93.8,Outside Myanmar,myanmar_2025-06-05
25.8,93.9,Outside Myanmar,myanmar_2025-06-05
25.8,94.0,Outside Myanmar,myanmar_2025-06-05
25.8,94.1,Outside Myanmar,myanmar_2025-06-05
25.8,94.2,Outside Myanmar,myanmar_2025-06-05
25.8,94.3,Outside Myanmar,myanmar_2025-06-05
25.8,94.4,Outside Myanmar,myanmar_2025-06-05
25.8,94.5,Outside Myanmar,myanmar_2025-06-05
25.8,94.6,Outside Myanmar,myanmar_2025-06-05
25.8,94.7,Outside Myanmar,myanmar_2025-06-05
25.8,94.8,Outside Myanmar,myanmar_2025-06-05
25.8,94.9,Outside Myanmar,myanmar_2025-06-05
25.8,95.0,Junta,myanmar_2025-06-05
25.8,95.1,Junta,myanmar_2025-06-05
25.8,95.2,Junta,myanmar_2025-06-05
25.8,95.3,Junta,myanmar_2025-06-05
25.8,95.4,KIA,myanmar_2025-06-05
25.8,95.5,KIA,myanmar_2025-06-05
25.8,95.6,KIA,myanmar_2025-06-05
25.8,95.7,KIA,myanmar_2025-06-05
25.8,95.8,KIA,myanmar_2025-06-05
25.8,95.9,KIA,myanmar_2025-06-05
25.8,96.0,KIA,myanmar_2025-06-05
25.8,96.1,KIA,myanmar_2025-06-05
25.8,96.2,KIA,myanmar_2025-06-05
25.8,96.3,KIA,myanmar_2025-06-05
25.8,96.4,KIA,myanmar_2025-06-05
25.8,96.5,KIA,myanmar_2025-06-05
25.8,96.6,KIA,myanmar_2025-06-05
25.8,96.7,KIA,myanmar_2025-06-05
25.8,96.8,KIA,myanmar_2025-06-05
25.8,96.9,KIA,myanmar_2025-06-05
25.8,97.0,KIA,myanmar_2025-06-05
25.8,97.1,KIA,myanmar_2025-06-05
25.8,97.2,KIA,myanmar_2025-06-05
25.8,97.3,KIA,myanmar_2025-06-05
25.8,97.4,KIA,myanmar_2025-06-05
25.8,97.5,KIA,myanmar_2025-06-05
25.8,97.6,KIA,myanmar_2025-06-05
25.8,97.7,KIA,myanmar_2025-06-05
25.8,97.8,KIA,myanmar_2025-06-05
25.8,97.9,KIA,myanmar_2025-06-05
25.8,98.0,Junta,myanmar_2025-06-05
25.8,98.1,Junta,myanmar_2025-06-05
25.8,98.2,Junta,myanmar_2025-06-05
25.8,98.3,Junta,myanmar_2025-06-05
25.8,98.4,Junta,myanmar_2025-06-05
25.8,98.5,Outside Myanmar,myanmar_2025-06-05
25.8,98.6,Outside Myanmar,myanmar_2025-06-05
25.8,98.7,Outside Myanmar,myanmar_2025-06-05
25.8,98.8,Outside Myanmar,myanmar_2025-06-05
25.8,98.9,Outside Myanmar,myanmar_2025-06-05
25.8,99.0,Outside Myanmar,myanmar_2025-06-05
25.8,99.1,Outside Myanmar,myanmar_2025-06-05
25.8,99.2,Outside Myanmar,myanmar_2025-06-05
25.8,99.3,Outside Myanmar,myanmar_2025-06-05
25.8,99.4,Outside Myanmar,myanmar_2025-06-05
25.8,99.5,Outside Myanmar,myanmar_2025-06-05
25.8,99.6,Outside Myanmar,myanmar_2025-06-05
25.8,99.7,Outside Myanmar,myanmar_2025-06-05
25.8,99.8,Outside Myanmar,myanmar_2025-06-05
25.8,99.9,Outside Myanmar,myanmar_2025-06-05
25.8,100.0,Outside Myanmar,myanmar_2025-06-05
25.8,100.1,Outside Myanmar,myanmar_2025-06-05
25.8,100.2,Outside Myanmar,myanmar_2025-06-05
25.8,100.3,Outside Myanmar,myanmar_2025-06-05
25.8,100.4,Outside Myanmar,myanmar_2025-06-05
25.8,100.5,Outside Myanmar,myanmar_2025-06-05
25.8,100.6,Outside Myanmar,myanmar_2025-06-05
25.8,100.7,Outside Myanmar,myanmar_2025-06-05
25.8,100.8,Outside Myanmar,myanmar_2025-06-05
25.8,100.9,Outside Myanmar,myanmar_2025-06-05
25.8,101.0,Outside Myanmar,myanmar_2025-06-05
25.8,101.1,Outside Myanmar,myanmar_2025-06-05
25.8,101.2,Outside Myanmar,myanmar_2025-06-05
25.8,101.3,Outside Myanmar,myanmar_2025-06-05
25.8,101.4,Outside Myanmar,myanmar_2025-06-05
25.9,92.0,Outside Myanmar,myanmar_2025-06-05
25.9,92.1,Outside Myanmar,myanmar_2025-06-05
25.9,92.2,Outside Myanmar,myanmar_2025-06-05
25.9,92.3,Outside Myanmar,myanmar_2025-06-05
25.9,92.4,Outside Myanmar,myanmar_2025-06-05
25.9,92.5,Outside Myanmar,myanmar_2025-06-05
25.9,92.6,Outside Myanmar,myanmar_2025-06-05
25.9,92.7,Outside Myanmar,myanmar_2025-06-05
25.9,92.8,Outside Myanmar,myanmar_2025-06-05
25.9,92.9,Outside Myanmar,myanmar_2025-06-05
25.9,93.0,Outside Myanmar,myanmar_2025-06-05
25.9,93.1,Outside Myanmar,myanmar_2025-06-05
25.9,93.2,Outside Myanmar,myanmar_2025-06-05
25.9,93.3,Outside Myanmar,myanmar_2025-06-05
25.9,93.4,Outside Myanmar,myanmar_2025-06-05
25.9,93.5,Outside Myanmar,myanmar_2025-06-05
25.9,93.6,Outside Myanmar,myanmar_2025-06-05
25.9,93.7,Outside Myanmar,myanmar_2025-06-05
25.9,93.8,Outside Myanmar,myanmar_2025-06-05
25.9,93.9,Outside Myanmar,myanmar_2025-06-05
25.9,94.0,Outside Myanmar,myanmar_2025-06-05
25.9,94.1,Outside Myanmar,myanmar_2025-06-05
25.9,94.2,Outside Myanmar,myanmar_2025-06-05
25.9,94.3,Outside Myanmar,myanmar_2025-06-05
25.9,94.4,Outside Myanmar,myanmar_2025-06-05
25.9,94.5,Outside Myanmar,myanmar_2025-06-05
25.9,94.6,Outside Myanmar,myanmar_2025-06-05
25.9,94.7,Outside Myanmar,myanmar_2025-06-05
25.9,94.8,Outside Myanmar,myanmar_2025-06-05
25.9,94.9,Outside Myanmar,myanmar_2025-06-05
25.9,95.0,Outside Myanmar,myanmar_2025-06-05
25.9,95.1,Junta,myanmar_2025-06-05
25.9,95.2,Junta,myanmar_2025-06-05
25.9,95.3,Junta,myanmar_2025-06-05
25.9,95.4,Junta,myanmar_2025-06-05
25.9,95.5,KIA,myanmar_2025-06-05
25.9,95.6,KIA,myanmar_2025-06-05
25.9,95.7,KIA,myanmar_2025-06-05
25.9,95.8,KIA,myanmar_2025-06-05
25.9,95.9,KIA,myanmar_2025-06-05
25.9,96.0,KIA,myanmar_2025-06-05
25.9,96.1,KIA,myanmar_2025-06-05
25.9,96.2,KIA,myanmar_2025-06-05
25.9,96.3,KIA,myanmar_2025-06-05
25.9,96.4,KIA,myanmar_2025-06-05
25.9,96.5,KIA,myanmar_2025-06-05
25.9,96.6,KIA,myanmar_2025-06-05
25.9,96.7,KIA,myanmar_2025-06-05
25.9,96.8,KIA,myanmar_2025-06-05
25.9,96.9,KIA,myanmar_2025-06-05
25.9,97.0,KIA,myanmar_2025-06-05
25.9,97.1,KIA,myanmar_2025-06-05
25.9,97.2,KIA,myanmar_2025-06-05
25.9,97.3,KIA,myanmar_2025-06-05
25.9,97.4,KIA,myanmar_2025-06-05
25.9,97.5,KIA,myanmar_2025-06-05
25.9,97.6,KIA,myanmar_2025-06-05
25.9,97.7,KIA,myanmar_2025-06-05
25.9,97.8,KIA,myanmar_2025-06-05
25.9,97.9,KIA,myanmar_2025-06-05
25.9,98.0,KIA,myanmar_2025-06-05
25.9,98.1,Junta,myanmar_2025-06-05
25.9,98.2,Junta,myanmar_2025-06-05
25.9,98.3,Junta,myanmar_2025-06-05
25.9,98.4,Junta,myanmar_2025-06-05
25.9,98.5,Junta,myanmar_2025-06-05
25.9,98.6,Junta,myanmar_2025-06-05
25.9,98.7,Outside Myanmar,myanmar_2025-06-05
25.9,98.8,Outside Myanmar,myanmar_2025-06-05
25.9,98.9,Outside Myanmar,myanmar_2025-06-05
25.9,99.0,Outside Myanmar,myanmar_2025-06-05
25.9,99.1,Outside Myanmar,myanmar_2025-06-05
25.9,99.2,Outside Myanmar,myanmar_2025-06-05
25.9,99.3,Outside Myanmar,myanmar_2025-06-05
25.9,99.4,Outside Myanmar,myanmar_2025-06-05
25.9,99.5,Outside Myanmar,myanmar_2025-06-05
25.9,99.6,Outside Myanmar,myanmar_2025-06-05
25.9,99.7,Outside Myanmar,myanmar_2025-06-05
25.9,99.8,Outside Myanmar,myanmar_2025-06-05
25.9,99.9,Outside Myanmar,myanmar_2025-06-05
25.9,100.0,Outside Myanmar,myanmar_2025-06-05
25.9,100.1,Outside Myanmar,myanmar_2025-06-05
25.9,100.2,Outside Myanmar,myanmar_2025-06-05
25.9,100.3,Outside Myanmar,myanmar_2025-06-05
25.9,100.4,Outside Myanmar,myanmar_2025-06-05
25.9,100.5,Outside Myanmar,myanmar_2025-06-05
25.9,100.6,Outside Myanmar,myanmar_2025-06-05
25.9,100.7,Outside Myanmar,myanmar_2025-06-05
25.9,100.8,Outside Myanmar,myanmar_2025-06-05
25.9,100.9,Outside Myanmar,myanmar_2025-06-05
25.9,101.0,Outside Myanmar,myanmar_2025-06-05
25.9,101.1,Outside Myanmar,myanmar_2025-06-05
25.9,101.2,Outside Myanmar,myanmar_2025-06-05
25.9,101.3,Outside Myanmar,myanmar_2025-06-05
25.9,101.4,Outside Myanmar,myanmar_2025-06-05
26.0,92.0,Outside Myanmar,myanmar_2025-06-05
26.0,92.1,Outside Myanmar,myanmar_2025-06-05
26.0,92.2,Outside Myanmar,myanmar_2025-06-05
26.0,92.3,Outside Myanmar,myanmar_2025-06-05
26.0,92.4,Outside Myanmar,myanmar_2025-06-05
26.0,92.5,Outside Myanmar,myanmar_2025-06-05
26.0,92.6,Outside Myanmar,myanmar_2025-06-05
26.0,92.7,Outside Myanmar,myanmar_2025-06-05
26.0,92.8,Outside Myanmar,myanmar_2025-06-05
26.0,92.9,Outside Myanmar,myanmar_2025-06-05
26.0,93.0,Outside Myanmar,myanmar_2025-06-05
26.0,93.1,Outside Myanmar,myanmar_2025-06-05
26.0,93.2,Outside Myanmar,myanmar_2025-06-05
26.0,93.3,Outside Myanmar,myanmar_2025-06-05
26.0,93.4,Outside Myanmar,myanmar_2025-06-05
26.0,93.5,Outside Myanmar,myanmar_2025-06-05
26.0,93.6,Outside Myanmar,myanmar_2025-06-05
26.0,93.7,Outside Myanmar,myanmar_2025-06-05
26.0,93.8,Outside Myanmar,myanmar_2025-06-05
26.0,93.9,Outside Myanmar,myanmar_2025-06-05
26.0,94.0,Outside Myanmar,myanmar_2025-06-05
26.0,94.1,Outside Myanmar,myanmar_2025-06-05
26.0,94.2,Outside Myanmar,myanmar_2025-06-05
26.0,94.3,Outside Myanmar,myanmar_2025-06-05
26.0,94.4,Outside Myanmar,myanmar_2025-06-05
26.0,94.5,Outside Myanmar,myanmar_2025-06-05
26.0,94.6,Outside Myanmar,myanmar_2025-06-05
26.0,94.7,Outside Myanmar,myanmar_2025-06-05
26.0,94.8,Outside Myanmar,myanmar_2025-06-05
26.0,94.9,Outside Myanmar,myanmar_2025-06-05
26.0,95.0,Outside Myanmar,myanmar_2025-06-05
26.0,95.1,Outside Myanmar,myanmar_2025-06-05
26.0,95.2,Junta,myanmar_2025-06-05
26.0,95.3,Junta,myanmar_2025-06-05
26.0,95.4,Junta,myanmar_2025-06-05
26.0,95.5,KIA,myanmar_2025-06-05
26.0,95.6,KIA,myanmar_2025-06-05
26.0,95.7,KIA,myanmar_2025-06-05
26.0,95.8,KIA,myanmar_2025-06-05
26.0,95.9,KIA,myanmar_2025-06-05
26.0,96.0,KIA,myanmar_2025-06-05
26.0,96.1,KIA,myanmar_2025-06-05
26.0,96.2,KIA,myanmar_2025-06-05
26.0,96.3,KIA,myanmar_2025-06-05
26.0,96.4,KIA,myanmar_2025-06-05
26.0,96.5,KIA,myanmar_2025-06-05
26.0,96.6,KIA,myanmar_2025-06-05
26.0,96.7,KIA,myanmar_2025-06-05
26.0,96.8,KIA,myanmar_2025-06-05
26.0,96.9,KIA,myanmar_2025-06-05
26.0,97.0,KIA,myanmar_2025-06-05
26.0,97.1,KIA,myanmar_2025-06-05
26.0,97.2,KIA,myanmar_2025-06-05
26.0,97.3,KIA,myanmar_2025-06-05
26.0,97.4,KIA,myanmar_2025-06-05
26.0,97.5,KIA,myanmar_2025-06-05
26.0,97.6,KIA,myanmar_2025-06-05
26.0,97.7,KIA,myanmar_2025-06-05
26.0,97.8,KIA,myanmar_2025-06-05
26.0,97.9,KIA,myanmar_2025-06-05
26.0,98.0,KIA,myanmar_2025-06-05
26.0,98.1,KIA,myanmar_2025-06-05
26.0,98.2,Junta,myanmar_2025-06-05
26.0,98.3,Junta,myanmar_2025-06-05
26.0,98.4,Junta,myanmar_2025-06-05
26.0,98.5,Junta,myanmar_2025-06-05
26.0,98.6,Outside Myanmar,myanmar_2025-06-05
26.0,98.7,Outside Myanmar,myanmar_2025-06-05
26.0,98.8,Outside Myanmar,myanmar_2025-06-05
26.0,98.9,Outside Myanmar,myanmar_2025-06-05
26.0,99.0,Outside Myanmar,myanmar_2025-06-05
26.0,99.1,Outside Myanmar,myanmar_2025-06-05
26.0,99.2,Outside Myanmar,myanmar_2025-06-05
26.0,99.3,Outside Myanmar,myanmar_2025-06-05
26.0,99.4,Outside Myanmar,myanmar_2025-06-05
26.0,99.5,Outside Myanmar,myanmar_2025-06-05
26.0,99.6,Outside Myanmar,myanmar_2025-06-05
26.0,99.7,Outside Myanmar,myanmar_2025-06-05
26.0,99.8,Outside Myanmar,myanmar_2025-06-05
26.0,99.9,Outside Myanmar,myanmar_2025-06-05
26.0,100.0,Outside Myanmar,myanmar_2025-06-05
26.0,100.1,Outside Myanmar,myanmar_2025-06-05
26.0,100.2,Outside Myanmar,myanmar_2025-06-05
26.0,100.3,Outside Myanmar,myanmar_2025-06-05
26.0,100.4,Outside Myanmar,myanmar_2025-06-05
26.0,100.5,Outside Myanmar,myanmar_2025-06-05
26.0,100.6,Outside Myanmar,myanmar_2025-06-05
26.0,100.7,Outside Myanmar,myanmar_2025-06-05
26.0,100.8,Outside Myanmar,myanmar_2025-06-05
26.0,100.9,Outside Myanmar,myanmar_2025-06-05
26.0,101.0,Outside Myanmar,myanmar_2025-06-05
26.0,101.1,Outside Myanmar,myanmar_2025-06-05
26.0,101.2,Outside Myanmar,myanmar_2025-06-05
26.0,101.3,Outside Myanmar,myanmar_2025-06-05
26.0,101.4,Outside Myanmar,myanmar_2025-06-05
26.1,92.0,Outside Myanmar,myanmar_2025-06-05
26.1,92.1,Outside Myanmar,myanmar_2025-06-05
26.1,92.2,Outside Myanmar,myanmar_2025-06-05
26.1,92.3,Outside Myanmar,myanmar_2025-06-05
26.1,92.4,Outside Myanmar,myanmar_2025-06-05
26.1,92.5,Outside Myanmar,myanmar_2025-06-05
26.1,92.6,Outside Myanmar,myanmar_2025-06-05
26.1,92.7,Outside Myanmar,myanmar_2025-06-05
26.1,92.8,Outside Myanmar,myanmar_2025-06-05
26.1,92.9,Outside Myanmar,myanmar_2025-06-05
26.1,93.0,Outside Myanmar,myanmar_2025-06-05
26.1,93.1,Outside Myanmar,myanmar_2025-06-05
26.1,93.2,Outside Myanmar,myanmar_2025-06-05
26.1,93.3,Outside Myanmar,myanmar_2025-06-05
26.1,93.4,Outside Myanmar,myanmar_2025-06-05
26.1,93.5,Outside Myanmar,myanmar_2025-06-05
26.1,93.6,Outside Myanmar,myanmar_2025-06-05
26.1,93.7,Outside Myanmar,myanmar_2025-06-05
26.1,93.8,Outside Myanmar,myanmar_2025-06-05
26.1,93.9,Outside Myanmar,myanmar_2025-06-05
26.1,94.0,Outside Myanmar,myanmar_2025-06-05
26.1,94.1,Outside Myanmar,myanmar_2025-06-05
26.1,94.2,Outside Myanmar,myanmar_2025-06-05
26.1,94.3,Outside Myanmar,myanmar_2025-06-05
26.1,94.4,Outside Myanmar,myanmar_2025-06-05
26.1,94.5,Outside Myanmar,myanmar_2025-06-05
26.1,94.6,Outside Myanmar,myanmar_2025-06-05
26.1,94.7,Outside Myanmar,myanmar_2025-06-05
26.1,94.8,Outside Myanmar,myanmar_2025-06-05
26.1,94.9,Outside Myanmar,myanmar_2025-06-05
26.1,95.0,Outside Myanmar,myanmar_2025-06-05
26.1,95.1,Outside Myanmar,myanmar_2025-06-05
26.1,95.2,Junta,myanmar_2025-06-05
26.1,95.3,Junta,myanmar_2025-06-05
26.1,95.4,Junta,myanmar_2025-06-05
26.1,95.5,KIA,myanmar_2025-06-05
26.1,95.6,KIA,myanmar_2025-06-05
26.1,95.7,KIA,myanmar_2025-06-05
26.1,95.8,KIA,myanmar_2025-06-05
26.1,95.9,KIA,myanmar_2025-06-05
26.1,96.0,KIA,myanmar_2025-06-05
26.1,96.1,KIA,myanmar_2025-06-05
26.1,96.2,KIA,myanmar_2025-06-05
26.1,96.3,KIA,myanmar_2025-06-05
26.1,96.4,KIA,myanmar_2025-06-05
26.1,96.5,KIA,myanmar_2025-06-05
26.1,96.6,KIA,myanmar_2025-06-05
26.1,96.7,KIA,myanmar_2025-06-05
26.1,96.8,KIA,myanmar_2025-06-05
26.1,96.9,KIA,myanmar_2025-06-05
26.1,97.0,KIA,myanmar_2025-06-05
26.1,97.1,KIA,myanmar_2025-06-05
26.1,97.2,KIA,myanmar_2025-06-05
26.1,97.3,KIA,myanmar_2025-06-05
26.1,97.4,KIA,myanmar_2025-06-05
26.1,97.5,KIA,myanmar_2025-06-05
26.1,97.6,KIA,myanmar_2025-06-05
26.1,97.7,KIA,myanmar_2025-06-05
26.1,97.8,KIA,myanmar_2025-06-05
26.1,97.9,KIA,myanmar_2025-06-05
26.1,98.0,KIA,myanmar_2025-06-05
26.1,98.1,KIA,myanmar_2025-06-05
26.1,98.2,Junta,myanmar_2025-06-05
26.1,98.3,Junta,myanmar_2025-06-05
26.1,98.4,Junta,myanmar_2025-06-05
26.1,98.5,Junta,myanmar_2025-06-05
26.1,98.6,Outside Myanmar,myanmar_2025-06-05
26.1,98.7,Outside Myanmar,myanmar_2025-06-05
26.1,98.8,Outside Myanmar,myanmar_2025-06-05
26.1,98.9,Outside Myanmar,myanmar_2025-06-05
26.1,99.0,Outside Myanmar,myanmar_2025-06-05
26.1,99.1,Outside Myanmar,myanmar_2025-06-05
26.1,99.2,Outside Myanmar,myanmar_2025-06-05
26.1,99.3,Outside Myanmar,myanmar_2025-06-05
26.1,99.4,Outside Myanmar,myanmar_2025-06-05
26.1,99.5,Outside Myanmar,myanmar_2025-06-05
26.1,99.6,Outside Myanmar,myanmar_2025-06-05
26.1,99.7,Outside Myanmar,myanmar_2025-06-05
26.1,99.8,Outside Myanmar,myanmar_2025-06-05
26.1,99.9,Outside Myanmar,myanmar_2025-06-05
26.1,100.0,Outside Myanmar,myanmar_2025-06-05
26.1,100.1,Outside Myanmar,myanmar_2025-06-05
26.1,100.2,Outside Myanmar,myanmar_2025-06-05
26.1,100.3,Outside Myanmar,myanmar_2025-06-05
26.1,100.4,Outside Myanmar,myanmar_2025-06-05
26.1,100.5,Outside Myanmar,myanmar_2025-06-05
26.1,100.6,Outside Myanmar,myanmar_2025-06-05
26.1,100.7,Outside Myanmar,myanmar_2025-06-05
26.1,100.8,Outside Myanmar,myanmar_2025-06-05
26.1,100.9,Outside Myanmar,myanmar_2025-06-05
26.1,101.0,Outside Myanmar,myanmar_2025-06-05
26.1,101.1,Outside Myanmar,myanmar_2025-06-05
26.1,101.2,Outside Myanmar,myanmar_2025-06-05
26.1,101.3,Outside Myanmar,myanmar_2025-06-05
26.1,101.4,Outside Myanmar,myanmar_2025-06-05
26.2,92.0,Outside Myanmar,myanmar_2025-06-05
26.2,92.1,Outside Myanmar,myanmar_2025-06-05
26.2,92.2,Outside Myanmar,myanmar_2025-06-05
26.2,92.3,Outside Myanmar,myanmar_2025-06-05
26.2,92.4,Outside Myanmar,myanmar_2025-06-05
26.2,92.5,Outside Myanmar,myanmar_2025-06-05
26.2,92.6,Outside Myanmar,myanmar_2025-06-05
26.2,92.7,Outside Myanmar,myanmar_2025-06-05
26.2,92.8,Outside Myanmar,myanmar_2025-06-05
26.2,92.9,Outside Myanmar,myanmar_2025-06-05
26.2,93.0,Outside Myanmar,myanmar_2025-06-05
26.2,93.1,Outside Myanmar,myanmar_2025-06-05
26.2,93.2,Outside Myanmar,myanmar_2025-06-05
26.2,93.3,Outside Myanmar,myanmar_2025-06-05
26.2,93.4,Outside Myanmar,myanmar_2025-06-05
26.2,93.5,Outside Myanmar,myanmar_2025-06-05
26.2,93.6,Outside Myanmar,myanmar_2025-06-05
26.2,93.7,Outside Myanmar,myanmar_2025-06-05
26.2,93.8,Outside Myanmar,myanmar_2025-06-05
26.2,93.9,Outside Myanmar,myanmar_2025-06-05
26.2,94.0,Outside Myanmar,myanmar_2025-06-05
26.2,94.1,Outside Myanmar,myanmar_2025-06-05
26.2,94.2,Outside Myanmar,myanmar_2025-06-05
26.2,94.3,Outside Myanmar,myanmar_2025-06-05
26.2,94.4,Outside Myanmar,myanmar_2025-06-05
26.2,94.5,Outside Myanmar,myanmar_2025-06-05
26.2,94.6,Outside Myanmar,myanmar_2025-06-05
26.2,94.7,Outside Myanmar,myanmar_2025-06-05
26.2,94.8,Outside Myanmar,myanmar_2025-06-05
26.2,94.9,Outside Myanmar,myanmar_2025-06-05
26.2,95.0,Outside Myanmar,myanmar_2025-06-05
26.2,95.1,Junta,myanmar_2025-06-05
26.2,95.2,Junta,myanmar_2025-06-05
26.2,95.3,Junta,myanmar_2025-06-05
26.2,95.4,Junta,myanmar_2025-06-05
26.2,95.5,Junta,myanmar_2025-06-05
26.2,95.6,KIA,myanmar_2025-06-05
26.2,95.7,KIA,myanmar_2025-06-05
26.2,95.8,KIA,myanmar_2025-06-05
26.2,95.9,KIA,myanmar_2025-06-05
26.2,96.0,KIA,myanmar_2025-06-05
26.2,96.1,KIA,myanmar_2025-06-05
26.2,96.2,KIA,myanmar_2025-06-05
26.2,96.3,KIA,myanmar_2025-06-05
26.2,96.4,KIA,myanmar_2025-06-05
26.2,96.5,KIA,myanmar_2025-06-05
26.2,96.6,KIA,myanmar_2025-06-05
26.2,96.7,KIA,myanmar_2025-06-05
26.2,96.8,KIA,myanmar_2025-06-05
26.2,96.9,KIA,myanmar_2025-06-05
26.2,97.0,KIA,myanmar_2025-06-05
26.2,97.1,KIA,myanmar_2025-06-05
26.2,97.2,KIA,myanmar_2025-06-05
26.2,97.3,KIA,myanmar_2025-06-05
26.2,97.4,KIA,myanmar_2025-06-05
26.2,97.5,KIA,myanmar_2025-06-05
26.2,97.6,KIA,myanmar_2025-06-05
26.2,97.7,KIA,myanmar_2025-06-05
26.2,97.8,KIA,myanmar_2025-06-05
26.2,97.9,KIA,myanmar_2025-06-05
26.2,98.0,KIA,myanmar_2025-06-05
26.2,98.1,KIA,myanmar_2025-06-05
26.2,98.2,KIA,myanmar_2025-06-05
26.2,98.3,Junta,myanmar_2025-06-05
26.2,98.4,Junta,myanmar_2025-06-05
26.2,98.5,Junta,myanmar_2025-06-05
26.2,98.6,Junta,myanmar_2025-06-05
26.2,98.7,Outside Myanmar,myanmar_2025-06-05
26.2,98.8,Outside Myanmar,myanmar_2025-06-05
26.2,98.9,Outside Myanmar,myanmar_2025-06-05
26.2,99.0,Outside Myanmar,myanmar_2025-06-05
26.2,99.1,Outside Myanmar,myanmar_2025-06-05
26.2,99.2,Outside Myanmar,myanmar_2025-06-05
26.2,99.3,Outside Myanmar,myanmar_2025-06-05
26.2,99.4,Outside Myanmar,myanmar_2025-06-05
26.2,99.5,Outside Myanmar,myanmar_2025-06-05
26.2,99.6,Outside Myanmar,myanmar_2025-06-05
26.2,99.7,Outside Myanmar,myanmar_2025-06-05
26.2,99.8,Outside Myanmar,myanmar_2025-06-05
26.2,99.9,Outside Myanmar,myanmar_2025-06-05
26.2,100.0,Outside Myanmar,myanmar_2025-06-05
26.2,100.1,Outside Myanmar,myanmar_2025-06-05
26.2,100.2,Outside Myanmar,myanmar_2025-06-05
26.2,100.3,Outside Myanmar,myanmar_2025-06-05
26.2,100.4,Outside Myanmar,myanmar_2025-06-05
26.2,100.5,Outside Myanmar,myanmar_2025-06-05
26.2,100.6,Outside Myanmar,myanmar_2025-06-05
26.2,100.7,Outside Myanmar,myanmar_2025-06-05
26.2,100.8,Outside Myanmar,myanmar_2025-06-05
26.2,100.9,Outside Myanmar,myanmar_2025-06-05
26.2,101.0,Outside Myanmar,myanmar_2025-06-05
26.2,101.1,Outside Myanmar,myanmar_2025-06-05
26.2,101.2,Outside Myanmar,myanmar_2025-06-05
26.2,101.3,Outside Myanmar,myanmar_2025-06-05
26.2,101.4,Outside Myanmar,myanmar_2025-06-05
26.3,92.0,Outside Myanmar,myanmar_2025-06-05
26.3,92.1,Outside Myanmar,myanmar_2025-06-05
26.3,92.2,Outside Myanmar,myanmar_2025-06-05
26.3,92.3,Outside Myanmar,myanmar_2025-06-05
26.3,92.4,Outside Myanmar,myanmar_2025-06-05
26.3,92.5,Outside Myanmar,myanmar_2025-06-05
26.3,92.6,Outside Myanmar,myanmar_2025-06-05
26.3,92.7,Outside Myanmar,myanmar_2025-06-05
26.3,92.8,Outside Myanmar,myanmar_2025-06-05
26.3,92.9,Outside Myanmar,myanmar_2025-06-05
26.3,93.0,Outside Myanmar,myanmar_2025-06-05
26.3,93.1,Outside Myanmar,myanmar_2025-06-05
26.3,93.2,Outside Myanmar,myanmar_2025-06-05
26.3,93.3,Outside Myanmar,myanmar_2025-06-05
26.3,93.4,Outside Myanmar,myanmar_2025-06-05
26.3,93.5,Outside Myanmar,myanmar_2025-06-05
26.3,93.6,Outside Myanmar,myanmar_2025-06-05
26.3,93.7,Outside Myanmar,myanmar_2025-06-05
26.3,93.8,Outside Myanmar,myanmar_2025-06-05
26.3,93.9,Outside Myanmar,myanmar_2025-06-05
26.3,94.0,Outside Myanmar,myanmar_2025-06-05
26.3,94.1,Outside Myanmar,myanmar_2025-06-05
26.3,94.2,Outside Myanmar,myanmar_2025-06-05
26.3,94.3,Outside Myanmar,myanmar_2025-06-05
26.3,94.4,Outside Myanmar,myanmar_2025-06-05
26.3,94.5,Outside Myanmar,myanmar_2025-06-05
26.3,94.6,Outside Myanmar,myanmar_2025-06-05
26.3,94.7,Outside Myanmar,myanmar_2025-06-05
26.3,94.8,Outside Myanmar,myanmar_2025-06-05
26.3,94.9,Outside Myanmar,myanmar_2025-06-05
26.3,95.0,Outside Myanmar,myanmar_2025-06-05
26.3,95.1,Junta,myanmar_2025-06-05
26.3,95.2,Junta,myanmar_2025-06-05
26.3,95.3,Junta,myanmar_2025-06-05
26.3,95.4,Junta,myanmar_2025-06-05
26.3,95.5,Junta,myanmar_2025-06-05
26.3,95.6,KIA,myanmar_2025-06-05
26.3,95.7,KIA,myanmar_2025-06-05
26.3,95.8,KIA,myanmar_2025-06-05
26.3,95.9,KIA,myanmar_2025-06-05
26.3,96.0,KIA,myanmar_2025-06-05
26.3,96.1,KIA,myanmar_2025-06-05
26.3,96.2,KIA,myanmar_2025-06-05
26.3,96.3,KIA,myanmar_2025-06-05
26.3,96.4,KIA,myanmar_2025-06-05
26.3,96.5,KIA,myanmar_2025-06-05
26.3,96.6,KIA,myanmar_2025-06-05
26.3,96.7,KIA,myanmar_2025-06-05
26.3,96.8,KIA,myanmar_2025-06-05
26.3,96.9,KIA,myanmar_2025-06-05
26.3,97.0,KIA,myanmar_2025-06-05
26.3,97.1,KIA,myanmar_2025-06-05
26.3,97.2,KIA,myanmar_2025-06-05
26.3,97.3,KIA,myanmar_2025-06-05
26.3,97.4,KIA,myanmar_2025-06-05
26.3,97.5,KIA,myanmar_2025-06-05
26.3,97.6,KIA,myanmar_2025-06-05
26.3,97.7,KIA,myanmar_2025-06-05
26.3,97.8,KIA,myanmar_2025-06-05
26.3,97.9,KIA,myanmar_2025-06-05
26.3,98.0,KIA,myanmar_2025-06-05
26.3,98.1,KIA,myanmar_2025-06-05
26.3,98.2,KIA,myanmar_2025-06-05
26.3,98.3,Junta,myanmar_2025-06-05
26.3,98.4,Junta,myanmar_2025-06-05
26.3,98.5,Junta,myanmar_2025-06-05
26.3,98.6,Junta,myanmar_2025-06-05
26.3,98.7,Outside Myanmar,myanmar_2025-06-05
26.3,98.8,Outside Myanmar,myanmar_2025-06-05
26.3,98.9,Outside Myanmar,myanmar_2025-06-05
26.3,99.0,Outside Myanmar,myanmar_2025-06-05
26.3,99.1,Outside Myanmar,myanmar_2025-06-05
26.3,99.2,Outside Myanmar,myanmar_2025-06-05
26.3,99.3,Outside Myanmar,myanmar_2025-06-05
26.3,99.4,Outside Myanmar,myanmar_2025-06-05
26.3,99.5,Outside Myanmar,myanmar_2025-06-05
26.3,99.6,Outside Myanmar,myanmar_2025-06-05
26.3,99.7,Outside Myanmar,myanmar_2025-06-05
26.3,99.8,Outside Myanmar,myanmar_2025-06-05
26.3,99.9,Outside Myanmar,myanmar_2025-06-05
26.3,100.0,Outside Myanmar,myanmar_2025-06-05
26.3,100.1,Outside Myanmar,myanmar_2025-06-05
26.3,100.2,Outside Myanmar,myanmar_2025-06-05
26.3,100.3,Outside Myanmar,myanmar_2025-06-05
26.3,100.4,Outside Myanmar,myanmar_2025-06-05
26.3,100.5,Outside Myanmar,myanmar_2025-06-05
26.3,100.6,Outside Myanmar,myanmar_2025-06-05
26.3,100.7,Outside Myanmar,myanmar_2025-06-05
26.3,100.8,Outside Myanmar,myanmar_2025-06-05
26.3,100.9,Outside Myanmar,myanmar_2025-06-05
26.3,101.0,Outside Myanmar,myanmar_2025-06-05
26.3,101.1,Outside Myanmar,myanmar_2025-06-05
26.3,101.2,Outside Myanmar,myanmar_2025-06-05
26.3,101.3,Outside Myanmar,myanmar_2025-06-05
26.3,101.4,Outside Myanmar,myanmar_2025-06-05
26.4,92.0,Outside Myanmar,myanmar_2025-06-05
26.4,92.1,Outside Myanmar,myanmar_2025-06-05
26.4,92.2,Outside Myanmar,myanmar_2025-06-05
26.4,92.3,Outside Myanmar,myanmar_2025-06-05
26.4,92.4,Outside Myanmar,myanmar_2025-06-05
26.4,92.5,Outside Myanmar,myanmar_2025-06-05
26.4,92.6,Outside Myanmar,myanmar_2025-06-05
26.4,92.7,Outside Myanmar,myanmar_2025-06-05
26.4,92.8,Outside Myanmar,myanmar_2025-06-05
26.4,92.9,Outside Myanmar,myanmar_2025-06-05
26.4,93.0,Outside Myanmar,myanmar_2025-06-05
26.4,93.1,Outside Myanmar,myanmar_2025-06-05
26.4,93.2,Outside Myanmar,myanmar_2025-06-05
26.4,93.3,Outside Myanmar,myanmar_2025-06-05
26.4,93.4,Outside Myanmar,myanmar_2025-06-05
26.4,93.5,Outside Myanmar,myanmar_2025-06-05
26.4,93.6,Outside Myanmar,myanmar_2025-06-05
26.4,93.7,Outside Myanmar,myanmar_2025-06-05
26.4,93.8,Outside Myanmar,myanmar_2025-06-05
26.4,93.9,Outside Myanmar,myanmar_2025-06-05
26.4,94.0,Outside Myanmar,myanmar_2025-06-05
26.4,94.1,Outside Myanmar,myanmar_2025-06-05
26.4,94.2,Outside Myanmar,myanmar_2025-06-05
26.4,94.3,Outside Myanmar,myanmar_2025-06-05
26.4,94.4,Outside Myanmar,myanmar_2025-06-05
26.4,94.5,Outside Myanmar,myanmar_2025-06-05
26.4,94.6,Outside Myanmar,myanmar_2025-06-05
26.4,94.7,Outside Myanmar,myanmar_2025-06-05
26.4,94.8,Outside Myanmar,myanmar_2025-06-05
26.4,94.9,Outside Myanmar,myanmar_2025-06-05
26.4,95.0,Outside Myanmar,myanmar_2025-06-05
26.4,95.1,Junta,myanmar_2025-06-05
26.4,95.2,Junta,myanmar_2025-06-05
26.4,95.3,Junta,myanmar_2025-06-05
26.4,95.4,Junta,myanmar_2025-06-05
26.4,95.5,Junta,myanmar_2025-06-05
26.4,95.6,Junta,myanmar_2025-06-05
26.4,95.7,KIA,myanmar_2025-06-05
26.4,95.8,KIA,myanmar_2025-06-05
26.4,95.9,KIA,myanmar_2025-06-05
26.4,96.0,KIA,myanmar_2025-06-05
26.4,96.1,KIA,myanmar_2025-06-05
26.4,96.2,KIA,myanmar_2025-06-05
26.4,96.3,KIA,myanmar_2025-06-05
26.4,96.4,KIA,myanmar_2025-06-05
26.4,96.5,KIA,myanmar_2025-06-05
26.4,96.6,KIA,myanmar_2025-06-05
26.4,96.7,KIA,myanmar_2025-06-05
26.4,96.8,KIA,myanmar_2025-06-05
26.4,96.9,KIA,myanmar_2025-06-05
26.4,97.0,KIA,myanmar_2025-06-05
26.4,97.1,KIA,myanmar_2025-06-05
26.4,97.2,KIA,myanmar_2025-06-05
26.4,97.3,KIA,myanmar_2025-06-05
26.4,97.4,KIA,myanmar_2025-06-05
26.4,97.5,KIA,myanmar_2025-06-05
26.4,97.6,KIA,myanmar_2025-06-05
26.4,97.7,KIA,myanmar_2025-06-05
26.4,97.8,KIA,myanmar_2025-06-05
26.4,97.9,KIA,myanmar_2025-06-05
26.4,98.0,KIA,myanmar_2025-06-05
26.4,98.1,KIA,myanmar_2025-06-05
26.4,98.2,KIA,myanmar_2025-06-05
26.4,98.3,KIA,myanmar_2025-06-05
26.4,98.4,Junta,myanmar_2025-06-05
26.4,98.5,Junta,myanmar_2025-06-05
26.4,98.6,Junta,myanmar_2025-06-05
26.4,98.7,Junta,myanmar_2025-06-05
26.4,98.8,Outside Myanmar,myanmar_2025-06-05
26.4,98.9,Outside Myanmar,myanmar_2025-06-05
26.4,99.0,Outside Myanmar,myanmar_2025-06-05
26.4,99.1,Outside Myanmar,myanmar_2025-06-05
26.4,99.2,Outside Myanmar,myanmar_2025-06-05
26.4,99.3,Outside Myanmar,myanmar_2025-06-05
26.4,99.4,Outside Myanmar,myanmar_2025-06-05
26.4,99.5,Outside Myanmar,myanmar_2025-06-05
26.4,99.6,Outside Myanmar,myanmar_2025-06-05
26.4,99.7,Outside Myanmar,myanmar_2025-06-05
26.4,99.8,Outside Myanmar,myanmar_2025-06-05
26.4,99.9,Outside Myanmar,myanmar_2025-06-05
26.4,100.0,Outside Myanmar,myanmar_2025-06-05
26.4,100.1,Outside Myanmar,myanmar_2025-06-05
26.4,100.2,Outside Myanmar,myanmar_2025-06-05
26.4,100.3,Outside Myanmar,myanmar_2025-06-05
26.4,100.4,Outside Myanmar,myanmar_2025-06-05
26.4,100.5,Outside Myanmar,myanmar_2025-06-05
26.4,100.6,Outside Myanmar,myanmar_2025-06-05
26.4,100.7,Outside Myanmar,myanmar_2025-06-05
26.4,100.8,Outside Myanmar,myanmar_2025-06-05
26.4,100.9,Outside Myanmar,myanmar_2025-06-05
26.4,101.0,Outside Myanmar,myanmar_2025-06-05
26.4,101.1,Outside Myanmar,myanmar_2025-06-05
26.4,101.2,Outside Myanmar,myanmar_2025-06-05
26.4,101.3,Outside Myanmar,myanmar_2025-06-05
26.4,101.4,Outside Myanmar,myanmar_2025-06-05
26.5,92.0,Outside Myanmar,myanmar_2025-06-05
26.5,92.1,Outside Myanmar,myanmar_2025-06-05
26.5,92.2,Outside Myanmar,myanmar_2025-06-05
26.5,92.3,Outside Myanmar,myanmar_2025-06-05
26.5,92.4,Outside Myanmar,myanmar_2025-06-05
26.5,92.5,Outside Myanmar,myanmar_2025-06-05
26.5,92.6,Outside Myanmar,myanmar_2025-06-05
26.5,92.7,Outside Myanmar,myanmar_2025-06-05
26.5,92.8,Outside Myanmar,myanmar_2025-06-05
26.5,92.9,Outside Myanmar,myanmar_2025-06-05
26.5,93.0,Outside Myanmar,myanmar_2025-06-05
26.5,93.1,Outside Myanmar,myanmar_2025-06-05
26.5,93.2,Outside Myanmar,myanmar_2025-06-05
26.5,93.3,Outside Myanmar,myanmar_2025-06-05
26.5,93.4,Outside Myanmar,myanmar_2025-06-05
26.5,93.5,Outside Myanmar,myanmar_2025-06-05
26.5,93.6,Outside Myanmar,myanmar_2025-06-05
26.5,93.7,Outside Myanmar,myanmar_2025-06-05
26.5,93.8,Outside Myanmar,myanmar_2025-06-05
26.5,93.9,Outside Myanmar,myanmar_2025-06-05
26.5,94.0,Outside Myanmar,myanmar_2025-06-05
26.5,94.1,Outside Myanmar,myanmar_2025-06-05
26.5,94.2,Outside Myanmar,myanmar_2025-06-05
26.5,94.3,Outside Myanmar,myanmar_2025-06-05
26.5,94.4,Outside Myanmar,myanmar_2025-06-05
26.5,94.5,Outside Myanmar,myanmar_2025-06-05
26.5,94.6,Outside Myanmar,myanmar_2025-06-05
26.5,94.7,Outside Myanmar,myanmar_2025-06-05
26.5,94.8,Outside Myanmar,myanmar_2025-06-05
26.5,94.9,Outside Myanmar,myanmar_2025-06-05
26.5,95.0,Outside Myanmar,myanmar_2025-06-05
26.5,95.1,Junta,myanmar_2025-06-05
26.5,95.2,Junta,myanmar_2025-06-05
26.5,95.3,Junta,myanmar_2025-06-05
26.5,95.4,Junta,myanmar_2025-06-05
26.5,95.5,Junta,myanmar_2025-06-05
26.5,95.6,Junta,myanmar_2025-06-05
26.5,95.7,KIA,myanmar_2025-06-05
26.5,95.8,KIA,myanmar_2025-06-05
26.5,95.9,KIA,myanmar_2025-06-05
26.5,96.0,KIA,myanmar_2025-06-05
26.5,96.1,KIA,myanmar_2025-06-05
26.5,96.2,KIA,myanmar_2025-06-05
26.5,96.3,KIA,myanmar_2025-06-05
26.5,96.4,KIA,myanmar_2025-06-05
26.5,96.5,KIA,myanmar_2025-06-05
26.5,96.6,KIA,myanmar_2025-06-05
26.5,96.7,KIA,myanmar_2025-06-05
26.5,96.8,KIA,myanmar_2025-06-05
26.5,96.9,KIA,myanmar_2025-06-05
26.5,97.0,KIA,myanmar_2025-06-05
26.5,97.1,KIA,myanmar_2025-06-05
26.5,97.2,KIA,myanmar_2025-06-05
26.5,97.3,KIA,myanmar_2025-06-05
26.5,97.4,KIA,myanmar_2025-06-05
26.5,97.5,KIA,myanmar_2025-06-05
26.5,97.6,KIA,myanmar_2025-06-05
26.5,97.7,KIA,myanmar_2025-06-05
26.5,97.8,KIA,myanmar_2025-06-05
26.5,97.9,KIA,myanmar_2025-06-05
26.5,98.0,KIA,myanmar_2025-06-05
26.5,98.1,KIA,myanmar_2025-06-05
26.5,98.2,KIA,myanmar_2025-06-05
26.5,98.3,KIA,myanmar_2025-06-05
26.5,98.4,Junta,myanmar_2025-06-05
26.5,98.5,Junta,myanmar_2025-06-05
26.5,98.6,Junta,myanmar_2025-06-05
26.5,98.7,Junta,myanmar_2025-06-05
26.5,98.8,Outside Myanmar,myanmar_2025-06-05
26.5,98.9,Outside Myanmar,myanmar_2025-06-05
26.5,99.0,Outside Myanmar,myanmar_2025-06-05
26.5,99.1,Outside Myanmar,myanmar_2025-06-05
26.5,99.2,Outside Myanmar,myanmar_2025-06-05
26.5,99.3,Outside Myanmar,myanmar_2025-06-05
26.5,99.4,Outside Myanmar,myanmar_2025-06-05
26.5,99.5,Outside Myanmar,myanmar_2025-06-05
26.5,99.6,Outside Myanmar,myanmar_2025-06-05
26.5,99.7,Outside Myanmar,myanmar_2025-06-05
26.5,99.8,Outside Myanmar,myanmar_2025-06-05
26.5,99.9,Outside Myanmar,myanmar_2025-06-05
26.5,100.0,Outside Myanmar,myanmar_2025-06-05
26.5,100.1,Outside Myanmar,myanmar_2025-06-05
26.5,100.2,Outside Myanmar,myanmar_2025-06-05
26.5,100.3,Outside Myanmar,myanmar_2025-06-05
26.5,100.4,Outside Myanmar,myanmar_2025-06-05
26.5,100.5,Outside Myanmar,myanmar_2025-06-05
26.5,100.6,Outside Myanmar,myanmar_2025-06-05
26.5,100.7,Outside Myanmar,myanmar_2025-06-05
26.5,100.8,Outside Myanmar,myanmar_2025-06-05
26.5,100.9,Outside Myanmar,myanmar_2025-06-05
26.5,101.0,Outside Myanmar,myanmar_2025-06-05
26.5,101.1,Outside Myanmar,myanmar_2025-06-05
26.5,101.2,Outside Myanmar,myanmar_2025-06-05
26.5,101.3,Outside Myanmar,myanmar_2025-06-05
26.5,101.4,Outside Myanmar,myanmar_2025-06-05
26.6,92.0,Outside Myanmar,myanmar_2025-06-05
26.6,92.1,Outside Myanmar,myanmar_2025-06-05
26.6,92.2,Outside Myanmar,myanmar_2025-06-05
26.6,92.3,Outside Myanmar,myanmar_2025-06-05
26.6,92.4,Outside Myanmar,myanmar_2025-06-05
26.6,92.5,Outside Myanmar,myanmar_2025-06-05
26.6,92.6,Outside Myanmar,myanmar_2025-06-05
26.6,92.7,Outside Myanmar,myanmar_2025-06-05
26.6,92.8,Outside Myanmar,myanmar_2025-06-05
26.6,92.9,Outside Myanmar,myanmar_2025-06-05
26.6,93.0,Outside Myanmar,myanmar_2025-06-05
26.6,93.1,Outside Myanmar,myanmar_2025-06-05
26.6,93.2,Outside Myanmar,myanmar_2025-06-05
26.6,93.3,Outside Myanmar,myanmar_2025-06-05
26.6,93.4,Outside Myanmar,myanmar_2025-06-05
26.6,93.5,Outside Myanmar,myanmar_2025-06-05
26.6,93.6,Outside Myanmar,myanmar_2025-06-05
26.6,93.7,Outside Myanmar,myanmar_2025-06-05
26.6,93.8,Outside Myanmar,myanmar_2025-06-05
26.6,93.9,Outside Myanmar,myanmar_2025-06-05
26.6,94.0,Outside Myanmar,myanmar_2025-06-05
26.6,94.1,Outside Myanmar,myanmar_2025-06-05
26.6,94.2,Outside Myanmar,myanmar_2025-06-05
26.6,94.3,Outside Myanmar,myanmar_2025-06-05
26.6,94.4,Outside Myanmar,myanmar_2025-06-05
26.6,94.5,Outside Myanmar,myanmar_2025-06-05
26.6,94.6,Outside Myanmar,myanmar_2025-06-05
26.6,94.7,Outside Myanmar,myanmar_2025-06-05
26.6,94.8,Outside Myanmar,myanmar_2025-06-05
26.6,94.9,Outside Myanmar,myanmar_2025-06-05
26.6,95.0,Outside Myanmar,myanmar_2025-06-05
26.6,95.1,Outside Myanmar,myanmar_2025-06-05
26.6,95.2,Junta,myanmar_2025-06-05
26.6,95.3,Junta,myanmar_2025-06-05
26.6,95.4,Junta,myanmar_2025-06-05
26.6,95.5,Junta,myanmar_2025-06-05
26.6,95.6,Junta,myanmar_2025-06-05
26.6,95.7,Junta,myanmar_2025-06-05
26.6,95.8,KIA,myanmar_2025-06-05
26.6,95.9,KIA,myanmar_2025-06-05
26.6,96.0,KIA,myanmar_2025-06-05
26.6,96.1,KIA,myanmar_2025-06-05
26.6,96.2,KIA,myanmar_2025-06-05
26.6,96.3,KIA,myanmar_2025-06-05
26.6,96.4,KIA,myanmar_2025-06-05
26.6,96.5,KIA,myanmar_2025-06-05
26.6,96.6,KIA,myanmar_2025-06-05
26.6,96.7,KIA,myanmar_2025-06-05
26.6,96.8,KIA,myanmar_2025-06-05
26.6,96.9,KIA,myanmar_2025-06-05
26.6,97.0,KIA,myanmar_2025-06-05
26.6,97.1,KIA,myanmar_2025-06-05
26.6,97.2,KIA,myanmar_2025-06-05
26.6,97.3,KIA,myanmar_2025-06-05
26.6,97.4,KIA,myanmar_2025-06-05
26.6,97.5,KIA,myanmar_2025-06-05
26.6,97.6,KIA,myanmar_2025-06-05
26.6,97.7,KIA,myanmar_2025-06-05
26.6,97.8,KIA,myanmar_2025-06-05
26.6,97.9,KIA,myanmar_2025-06-05
26.6,98.0,KIA,myanmar_2025-06-05
26.6,98.1,KIA,myanmar_2025-06-05
26.6,98.2,KIA,myanmar_2025-06-05
26.6,98.3,KIA,myanmar_2025-06-05
26.6,98.4,Junta,myanmar_2025-06-05
26.6,98.5,Junta,myanmar_2025-06-05
26.6,98.6,Junta,myanmar_2025-06-05
26.6,98.7,Junta,myanmar_2025-06-05
26.6,98.8,Outside Myanmar,myanmar_2025-06-05
26.6,98.9,Outside Myanmar,myanmar_2025-06-05
26.6,99.0,Outside Myanmar,myanmar_2025-06-05
26.6,99.1,Outside Myanmar,myanmar_2025-06-05
26.6,99.2,Outside Myanmar,myanmar_2025-06-05
26.6,99.3,Outside Myanmar,myanmar_2025-06-05
26.6,99.4,Outside Myanmar,myanmar_2025-06-05
26.6,99.5,Outside Myanmar,myanmar_2025-06-05
26.6,99.6,Outside Myanmar,myanmar_2025-06-05
26.6,99.7,Outside Myanmar,myanmar_2025-06-05
26.6,99.8,Outside Myanmar,myanmar_2025-06-05
26.6,99.9,Outside Myanmar,myanmar_2025-06-05
26.6,100.0,Outside Myanmar,myanmar_2025-06-05
26.6,100.1,Outside Myanmar,myanmar_2025-06-05
26.6,100.2,Outside Myanmar,myanmar_2025-06-05
26.6,100.3,Outside Myanmar,myanmar_2025-06-05
26.6,100.4,Outside Myanmar,myanmar_2025-06-05
26.6,100.5,Outside Myanmar,myanmar_2025-06-05
26.6,100.6,Outside Myanmar,myanmar_2025-06-05
26.6,100.7,Outside Myanmar,myanmar_2025-06-05
26.6,100.8,Outside Myanmar,myanmar_2025-06-05
26.6,100.9,Outside Myanmar,myanmar_2025-06-05
26.6,101.0,Outside Myanmar,myanmar_2025-06-05
26.6,101.1,Outside Myanmar,myanmar_2025-06-05
26.6,101.2,Outside Myanmar,myanmar_2025-06-05
26.6,101.3,Outside Myanmar,myanmar_2025-06-05
26.6,101.4,Outside Myanmar,myanmar_2025-06-05
26.7,92.0,Outside Myanmar,myanmar_2025-06-05
26.7,92.1,Outside Myanmar,myanmar_2025-06-05
26.7,92.2,Outside Myanmar,myanmar_2025-06-05
26.7,92.3,Outside Myanmar,myanmar_2025-06-05
26.7,92.4,Outside Myanmar,myanmar_2025-06-05
26.7,92.5,Outside Myanmar,myanmar_2025-06-05
26.7,92.6,Outside Myanmar,myanmar_2025-06-05
26.7,92.7,Outside Myanmar,myanmar_2025-06-05
26.7,92.8,Outside Myanmar,myanmar_2025-06-05
26.7,92.9,Outside Myanmar,myanmar_2025-06-05
26.7,93.0,Outside Myanmar,myanmar_2025-06-05
26.7,93.1,Outside Myanmar,myanmar_2025-06-05
26.7,93.2,Outside Myanmar,myanmar_2025-06-05
26.7,93.3,Outside Myanmar,myanmar_2025-06-05
26.7,93.4,Outside Myanmar,myanmar_2025-06-05
26.7,93.5,Outside Myanmar,myanmar_2025-06-05
26.7,93.6,Outside Myanmar,myanmar_2025-06-05
26.7,93.7,Outside Myanmar,myanmar_2025-06-05
26.7,93.8,Outside Myanmar,myanmar_2025-06-05
26.7,93.9,Outside Myanmar,myanmar_2025-06-05
26.7,94.0,Outside Myanmar,myanmar_2025-06-05
26.7,94.1,Outside Myanmar,myanmar_2025-06-05
26.7,94.2,Outside Myanmar,myanmar_2025-06-05
26.7,94.3,Outside Myanmar,myanmar_2025-06-05
26.7,94.4,Outside Myanmar,myanmar_2025-06-05
26.7,94.5,Outside Myanmar,myanmar_2025-06-05
26.7,94.6,Outside Myanmar,myanmar_2025-06-05
26.7,94.7,Outside Myanmar,myanmar_2025-06-05
26.7,94.8,Outside Myanmar,myanmar_2025-06-05
26.7,94.9,Outside Myanmar,myanmar_2025-06-05
26.7,95.0,Outside Myanmar,myanmar_2025-06-05
26.7,95.1,Outside Myanmar,myanmar_2025-06-05
26.7,95.2,Outside Myanmar,myanmar_2025-06-05
26.7,95.3,Outside Myanmar,myanmar_2025-06-05
26.7,95.4,Junta,myanmar_2025-06-05
26.7,95.5,Junta,myanmar_2025-06-05
26.7,95.6,Junta,myanmar_2025-06-05
26.7,95.7,Junta,myanmar_2025-06-05
26.7,95.8,KIA,myanmar_2025-06-05
26.7,95.9,KIA,myanmar_2025-06-05
26.7,96.0,KIA,myanmar_2025-06-05
26.7,96.1,KIA,myanmar_2025-06-05
26.7,96.2,KIA,myanmar_2025-06-05
26.7,96.3,KIA,myanmar_2025-06-05
26.7,96.4,KIA,myanmar_2025-06-05
26.7,96.5,KIA,myanmar_2025-06-05
26.7,96.6,KIA,myanmar_2025-06-05
26.7,96.7,KIA,myanmar_2025-06-05
26.7,96.8,KIA,myanmar_2025-06-05
26.7,96.9,KIA,myanmar_2025-06-05
26.7,97.0,KIA,myanmar_2025-06-05
26.7,97.1,KIA,myanmar_2025-06-05
26.7,97.2,KIA,myanmar_2025-06-05
26.7,97.3,KIA,myanmar_2025-06-05
26.7,97.4,KIA,myanmar_2025-06-05
26.7,97.5,KIA,myanmar_2025-06-05
26.7,97.6,KIA,myanmar_2025-06-05
26.7,97.7,KIA,myanmar_2025-06-05
26.7,97.8,KIA,myanmar_2025-06-05
26.7,97.9,KIA,myanmar_2025-06-05
26.7,98.0,KIA,myanmar_2025-06-05
26.7,98.1,KIA,myanmar_2025-06-05
26.7,98.2,KIA,myanmar_2025-06-05
26.7,98.3,KIA,myanmar_2025-06-05
26.7,98.4,Junta,myanmar_2025-06-05
26.7,98.5,Junta,myanmar_2025-06-05
26.7,98.6,Junta,myanmar_2025-06-05
26.7,98.7,Junta,myanmar_2025-06-05
26.7,98.8,Outside Myanmar,myanmar_2025-06-05
26.7,98.9,Outside Myanmar,myanmar_2025-06-05
26.7,99.0,Outside Myanmar,myanmar_2025-06-05
26.7,99.1,Outside Myanmar,myanmar_2025-06-05
26.7,99.2,Outside Myanmar,myanmar_2025-06-05
26.7,99.3,Outside Myanmar,myanmar_2025-06-05
26.7,99.4,Outside Myanmar,myanmar_2025-06-05
26.7,99.5,Outside Myanmar,myanmar_2025-06-05
26.7,99.6,Outside Myanmar,myanmar_2025-06-05
26.7,99.7,Outside Myanmar,myanmar_2025-06-05
26.7,99.8,Outside Myanmar,myanmar_2025-06-05
26.7,99.9,Outside Myanmar,myanmar_2025-06-05
26.7,100.0,Outside Myanmar,myanmar_2025-06-05
26.7,100.1,Outside Myanmar,myanmar_2025-06-05
26.7,100.2,Outside Myanmar,myanmar_2025-06-05
26.7,100.3,Outside Myanmar,myanmar_2025-06-05
26.7,100.4,Outside Myanmar,myanmar_2025-06-05
26.7,100.5,Outside Myanmar,myanmar_2025-06-05
26.7,100.6,Outside Myanmar,myanmar_2025-06-05
26.7,100.7,Outside Myanmar,myanmar_2025-06-05
26.7,100.8,Outside Myanmar,myanmar_2025-06-05
26.7,100.9,Outside Myanmar,myanmar_2025-06-05
26.7,101.0,Outside Myanmar,myanmar_2025-06-05
26.7,101.1,Outside Myanmar,myanmar_2025-06-05
26.7,101.2,Outside Myanmar,myanmar_2025-06-05
26.7,101.3,Outside Myanmar,myanmar_2025-06-05
26.7,101.4,Outside Myanmar,myanmar_2025-06-05
26.8,92.0,Outside Myanmar,myanmar_2025-06-05
26.8,92.1,Outside Myanmar,myanmar_2025-06-05
26.8,92.2,Outside Myanmar,myanmar_2025-06-05
26.8,92.3,Outside Myanmar,myanmar_2025-06-05
26.8,92.4,Outside Myanmar,myanmar_2025-06-05
26.8,92.5,Outside Myanmar,myanmar_2025-06-05
26.8,92.6,Outside Myanmar,myanmar_2025-06-05
26.8,92.7,Outside Myanmar,myanmar_2025-06-05
26.8,92.8,Outside Myanmar,myanmar_2025-06-05
26.8,92.9,Outside Myanmar,myanmar_2025-06-05
26.8,93.0,Outside Myanmar,myanmar_2025-06-05
26.8,93.1,Outside Myanmar,myanmar_2025-06-05
26.8,93.2,Outside Myanmar,myanmar_2025-06-05
26.8,93.3,Outside Myanmar,myanmar_2025-06-05
26.8,93.4,Outside Myanmar,myanmar_2025-06-05
26.8,93.5,Outside Myanmar,myanmar_2025-06-05
26.8,93.6,Outside Myanmar,myanmar_2025-06-05
26.8,93.7,Outside Myanmar,myanmar_2025-06-05
26.8,93.8,Outside Myanmar,myanmar_2025-06-05
26.8,93.9,Outside Myanmar,myanmar_2025-06-05
26.8,94.0,Outside Myanmar,myanmar_2025-06-05
26.8,94.1,Outside Myanmar,myanmar_2025-06-05
26.8,94.2,Outside Myanmar,myanmar_2025-06-05
26.8,94.3,Outside Myanmar,myanmar_2025-06-05
26.8,94.4,Outside Myanmar,myanmar_2025-06-05
26.8,94.5,Outside Myanmar,myanmar_2025-06-05
26.8,94.6,Outside Myanmar,myanmar_2025-06-05
26.8,94.7,Outside Myanmar,myanmar_2025-06-05
26.8,94.8,Outside Myanmar,myanmar_2025-06-05
26.8,94.9,Outside Myanmar,myanmar_2025-06-05
26.8,95.0,Outside Myanmar,myanmar_2025-06-05
26.8,95.1,Outside Myanmar,myanmar_2025-06-05
26.8,95.2,Outside Myanmar,myanmar_2025-06-05
26.8,95.3,Outside Myanmar,myanmar_2025-06-05
26.8,95.4,Outside Myanmar,myanmar_2025-06-05
26.8,95.5,Outside Myanmar,myanmar_2025-06-05
26.8,95.6,Junta,myanmar_2025-06-05
26.8,95.7,Junta,myanmar_2025-06-05
26.8,95.8,KIA,myanmar_2025-06-05
26.8,95.9,KIA,myanmar_2025-06-05
26.8,96.0,KIA,myanmar_2025-06-05
26.8,96.1,KIA,myanmar_2025-06-05
26.8,96.2,KIA,myanmar_2025-06-05
26.8,96.3,KIA,myanmar_2025-06-05
26.8,96.4,KIA,myanmar_2025-06-05
26.8,96.5,KIA,myanmar_2025-06-05
26.8,96.6,KIA,myanmar_2025-06-05
26.8,96.7,KIA,myanmar_2025-06-05
26.8,96.8,KIA,myanmar_2025-06-05
26.8,96.9,KIA,myanmar_2025-06-05
26.8,97.0,KIA,myanmar_2025-06-05
26.8,97.1,KIA,myanmar_2025-06-05
26.8,97.2,KIA,myanmar_2025-06-05
26.8,97.3,KIA,myanmar_2025-06-05
26.8,97.4,KIA,myanmar_2025-06-05
26.8,97.5,KIA,myanmar_2025-06-05
26.8,97.6,KIA,myanmar_2025-06-05
26.8,97.7,KIA,myanmar_2025-06-05
26.8,97.8,KIA,myanmar_2025-06-05
26.8,97.9,KIA,myanmar_2025-06-05
26.8,98.0,KIA,myanmar_2025-06-05
26.8,98.1,KIA,myanmar_2025-06-05
26.8,98.2,KIA,myanmar_2025-06-05
26.8,98.3,KIA,myanmar_2025-06-05
26.8,98.4,Junta,myanmar_2025-06-05
26.8,98.5,Junta,myanmar_2025-06-05
26.8,98.6,Junta,myanmar_2025-06-05
26.8,98.7,Junta,myanmar_2025-06-05
26.8,98.8,Outside Myanmar,myanmar_2025-06-05
26.8,98.9,Outside Myanmar,myanmar_2025-06-05
26.8,99.0,Outside Myanmar,myanmar_2025-06-05
26.8,99.1,Outside Myanmar,myanmar_2025-06-05
26.8,99.2,Outside Myanmar,myanmar_2025-06-05
26.8,99.3,Outside Myanmar,myanmar_2025-06-05
26.8,99.4,Outside Myanmar,myanmar_2025-06-05
26.8,99.5,Outside Myanmar,myanmar_2025-06-05
26.8,99.6,Outside Myanmar,myanmar_2025-06-05
26.8,99.7,Outside Myanmar,myanmar_2025-06-05
26.8,99.8,Outside Myanmar,myanmar_2025-06-05
26.8,99.9,Outside Myanmar,myanmar_2025-06-05
26.8,100.0,Outside Myanmar,myanmar_2025-06-05
26.8,100.1,Outside Myanmar,myanmar_2025-06-05
26.8,100.2,Outside Myanmar,myanmar_2025-06-05
26.8,100.3,Outside Myanmar,myanmar_2025-06-05
26.8,100.4,Outside Myanmar,myanmar_2025-06-05
26.8,100.5,Outside Myanmar,myanmar_2025-06-05
26.8,100.6,Outside Myanmar,myanmar_2025-06-05
26.8,100.7,Outside Myanmar,myanmar_2025-06-05
26.8,100.8,Outside Myanmar,myanmar_2025-06-05
26.8,100.9,Outside Myanmar,myanmar_2025-06-05
26.8,101.0,Outside Myanmar,myanmar_2025-06-05
26.8,101.1,Outside Myanmar,myanmar_2025-06-05
26.8,101.2,Outside Myanmar,myanmar_2025-06-05
26.8,101.3,Outside Myanmar,myanmar_2025-06-05
26.8,101.4,Outside Myanmar,myanmar_2025-06-05
26.9,92.0,Outside Myanmar,myanmar_2025-06-05
26.9,92.1,Outside Myanmar,myanmar_2025-06-05
26.9,92.2,Outside Myanmar,myanmar_2025-06-05
26.9,92.3,Outside Myanmar,myanmar_2025-06-05
26.9,92.4,Outside Myanmar,myanmar_2025-06-05
26.9,92.5,Outside Myanmar,myanmar_2025-06-05
26.9,92.6,Outside Myanmar,myanmar_2025-06-05
26.9,92.7,Outside Myanmar,myanmar_2025-06-05
26.9,92.8,Outside Myanmar,myanmar_2025-06-05
26.9,92.9,Outside Myanmar,myanmar_2025-06-05
26.9,93.0,Outside Myanmar,myanmar_2025-06-05
26.9,93.1,Outside Myanmar,myanmar_2025-06-05
26.9,93.2,Outside Myanmar,myanmar_2025-06-05
26.9,93.3,Outside Myanmar,myanmar_2025-06-05
26.9,93.4,Outside Myanmar,myanmar_2025-06-05
26.9,93.5,Outside Myanmar,myanmar_2025-06-05
26.9,93.6,Outside Myanmar,myanmar_2025-06-05
26.9,93.7,Outside Myanmar,myanmar_2025-06-05
26.9,93.8,Outside Myanmar,myanmar_2025-06-05
26.9,93.9,Outside Myanmar,myanmar_2025-06-05
26.9,94.0,Outside Myanmar,myanmar_2025-06-05
26.9,94.1,Outside Myanmar,myanmar_2025-06-05
26.9,94.2,Outside Myanmar,myanmar_2025-06-05
26.9,94.3,Outside Myanmar,myanmar_2025-06-05
26.9,94.4,Outside Myanmar,myanmar_2025-06-05
26.9,94.5,Outside Myanmar,myanmar_2025-06-05
26.9,94.6,Outside Myanmar,myanmar_2025-06-05
26.9,94.7,Outside Myanmar,myanmar_2025-06-05
26.9,94.8,Outside Myanmar,myanmar_2025-06-05
26.9,94.9,Outside Myanmar,myanmar_2025-06-05
26.9,95.0,Outside Myanmar,myanmar_2025-06-05
26.9,95.1,Outside Myanmar,myanmar_2025-06-05
26.9,95.2,Outside Myanmar,myanmar_2025-06-05
26.9,95.3,Outside Myanmar,myanmar_2025-06-05
26.9,95.4,Outside Myanmar,myanmar_2025-06-05
26.9,95.5,Outside Myanmar,myanmar_2025-06-05
26.9,95.6,Outside Myanmar,myanmar_2025-06-05
26.9,95.7,Junta,myanmar_2025-06-05
26.9,95.8,Junta,myanmar_2025-06-05
26.9,95.9,KIA,myanmar_2025-06-05
26.9,96.0,KIA,myanmar_2025-06-05
26.9,96.1,KIA,myanmar_2025-06-05
26.9,96.2,KIA,myanmar_2025-06-05
26.9,96.3,KIA,myanmar_2025-06-05
26.9,96.4,KIA,myanmar_2025-06-05
26.9,96.5,KIA,myanmar_2025-06-05
26.9,96.6,KIA,myanmar_2025-06-05
26.9,96.7,KIA,myanmar_2025-06-05
26.9,96.8,KIA,myanmar_2025-06-05
26.9,96.9,KIA,myanmar_2025-06-05
26.9,97.0,KIA,myanmar_2025-06-05
26.9,97.1,KIA,myanmar_2025-06-05
26.9,97.2,KIA,myanmar_2025-06-05
26.9,97.3,KIA,myanmar_2025-06-05
26.9,97.4,KIA,myanmar_2025-06-05
26.9,97.5,KIA,myanmar_2025-06-05
26.9,97.6,KIA,myanmar_2025-06-05
26.9,97.7,KIA,myanmar_2025-06-05
26.9,97.8,KIA,myanmar_2025-06-05
26.9,97.9,KIA,myanmar_2025-06-05
26.9,98.0,KIA,myanmar_2025-06-05
26.9,98.1,KIA,myanmar_2025-06-05
26.9,98.2,KIA,myanmar_2025-06-05
26.9,98.3,KIA,myanmar_2025-06-05
26.9,98.4,Junta,myanmar_2025-06-05
26.9,98.5,Junta,myanmar_2025-06-05
26.9,98.6,Junta,myanmar_2025-06-05
26.9,98.7,Junta,myanmar_2025-06-05
26.9,98.8,Outside Myanmar,myanmar_2025-06-05
26.9,98.9,Outside Myanmar,myanmar_2025-06-05
26.9,99.0,Outside Myanmar,myanmar_2025-06-05
26.9,99.1,Outside Myanmar,myanmar_2025-06-05
26.9,99.2,Outside Myanmar,myanmar_2025-06-05
26.9,99.3,Outside Myanmar,myanmar_2025-06-05
26.9,99.4,Outside Myanmar,myanmar_2025-06-05
26.9,99.5,Outside Myanmar,myanmar_2025-06-05
26.9,99.6,Outside Myanmar,myanmar_2025-06-05
26.9,99.7,Outside Myanmar,myanmar_2025-06-05
26.9,99.8,Outside Myanmar,myanmar_2025-06-05
26.9,99.9,Outside Myanmar,myanmar_2025-06-05
26.9,100.0,Outside Myanmar,myanmar_2025-06-05
26.9,100.1,Outside Myanmar,myanmar_2025-06-05
26.9,100.2,Outside Myanmar,myanmar_2025-06-05
26.9,100.3,Outside Myanmar,myanmar_2025-06-05
26.9,100.4,Outside Myanmar,myanmar_2025-06-05
26.9,100.5,Outside Myanmar,myanmar_2025-06-05
26.9,100.6,Outside Myanmar,myanmar_2025-06-05
26.9,100.7,Outside Myanmar,myanmar_2025-06-05
26.9,100.8,Outside Myanmar,myanmar_2025-06-05
26.9,100.9,Outside Myanmar,myanmar_2025-06-05
26.9,101.0,Outside Myanmar,myanmar_2025-06-05
26.9,101.1,Outside Myanmar,myanmar_2025-06-05
26.9,101.2,Outside Myanmar,myanmar_2025-06-05
26.9,101.3,Outside Myanmar,myanmar_2025-06-05
26.9,101.4,Outside Myanmar,myanmar_2025-06-05
27.0,92.0,Outside Myanmar,myanmar_2025-06-05
27.0,92.1,Outside Myanmar,myanmar_2025-06-05
27.0,92.2,Outside Myanmar,myanmar_2025-06-05
27.0,92.3,Outside Myanmar,myanmar_2025-06-05
27.0,92.4,Outside Myanmar,myanmar_2025-06-05
27.0,92.5,Outside Myanmar,myanmar_2025-06-05
27.0,92.6,Outside Myanmar,myanmar_2025-06-05
27.0,92.7,Outside Myanmar,myanmar_2025-06-05
27.0,92.8,Outside Myanmar,myanmar_2025-06-05
27.0,92.9,Outside Myanmar,myanmar_2025-06-05
27.0,93.0,Outside Myanmar,myanmar_2025-06-05
27.0,93.1,Outside Myanmar,myanmar_2025-06-05
27.0,93.2,Outside Myanmar,myanmar_2025-06-05
27.0,93.3,Outside Myanmar,myanmar_2025-06-05
27.0,93.4,Outside Myanmar,myanmar_2025-06-05
27.0,93.5,Outside Myanmar,myanmar_2025-06-05
27.0,93.6,Outside Myanmar,myanmar_2025-06-05
27.0,93.7,Outside Myanmar,myanmar_2025-06-05
27.0,93.8,Outside Myanmar,myanmar_2025-06-05
27.0,93.9,Outside Myanmar,myanmar_2025-06-05
27.0,94.0,Outside Myanmar,myanmar_2025-06-05
27.0,94.1,Outside Myanmar,myanmar_2025-06-05
27.0,94.2,Outside Myanmar,myanmar_2025-06-05
27.0,94.3,Outside Myanmar,myanmar_2025-06-05
27.0,94.4,Outside Myanmar,myanmar_2025-06-05
27.0,94.5,Outside Myanmar,myanmar_2025-06-05
27.0,94.6,Outside Myanmar,myanmar_2025-06-05
27.0,94.7,Outside Myanmar,myanmar_2025-06-05
27.0,94.8,Outside Myanmar,myanmar_2025-06-05
27.0,94.9,Outside Myanmar,myanmar_2025-06-05
27.0,95.0,Outside Myanmar,myanmar_2025-06-05
27.0,95.1,Outside Myanmar,myanmar_2025-06-05
27.0,95.2,Outside Myanmar,myanmar_2025-06-05
27.0,95.3,Outside Myanmar,myanmar_2025-06-05
27.0,95.4,Outside Myanmar,myanmar_2025-06-05
27.0,95.5,Outside Myanmar,myanmar_2025-06-05
27.0,95.6,Outside Myanmar,myanmar_2025-06-05
27.0,95.7,Outside Myanmar,myanmar_2025-06-05
27.0,95.8,Outside Myanmar,myanmar_2025-06-05
27.0,95.9,KIA,myanmar_2025-06-05
27.0,96.0,KIA,myanmar_2025-06-05
27.0,96.1,KIA,myanmar_2025-06-05
27.0,96.2,KIA,myanmar_2025-06-05
27.0,96.3,KIA,myanmar_2025-06-05
27.0,96.4,KIA,myanmar_2025-06-05
27.0,96.5,KIA,myanmar_2025-06-05
27.0,96.6,KIA,myanmar_2025-06-05
27.0,96.7,KIA,myanmar_2025-06-05
27.0,96.8,KIA,myanmar_2025-06-05
27.0,96.9,KIA,myanmar_2025-06-05
27.0,97.0,KIA,myanmar_2025-06-05
27.0,97.1,KIA,myanmar_2025-06-05
27.0,97.2,KIA,myanmar_2025-06-05
27.0,97.3,KIA,myanmar_2025-06-05
27.0,97.4,KIA,myanmar_2025-06-05
27.0,97.5,KIA,myanmar_2025-06-05
27.0,97.6,KIA,myanmar_2025-06-05
27.0,97.7,KIA,myanmar_2025-06-05
27.0,97.8,KIA,myanmar_2025-06-05
27.0,97.9,KIA,myanmar_2025-06-05
27.0,98.0,KIA,myanmar_2025-06-05
27.0,98.1,KIA,myanmar_2025-06-05
27.0,98.2,KIA,myanmar_2025-06-05
27.0,98.3,Junta,myanmar_2025-06-05
27.0,98.4,Junta,myanmar_2025-06-05
27.0,98.5,Junta,myanmar_2025-06-05
27.0,98.6,Junta,myanmar_2025-06-05
27.0,98.7,Junta,myanmar_2025-06-05
27.0,98.8,Outside Myanmar,myanmar_2025-06-05
27.0,98.9,Outside Myanmar,myanmar_2025-06-05
27.0,99.0,Outside Myanmar,myanmar_2025-06-05
27.0,99.1,Outside Myanmar,myanmar_2025-06-05
27.0,99.2,Outside Myanmar,myanmar_2025-06-05
27.0,99.3,Outside Myanmar,myanmar_2025-06-05
27.0,99.4,Outside Myanmar,myanmar_2025-06-05
27.0,99.5,Outside Myanmar,myanmar_2025-06-05
27.0,99.6,Outside Myanmar,myanmar_2025-06-05
27.0,99.7,Outside Myanmar,myanmar_2025-06-05
27.0,99.8,Outside Myanmar,myanmar_2025-06-05
27.0,99.9,Outside Myanmar,myanmar_2025-06-05
27.0,100.0,Outside Myanmar,myanmar_2025-06-05
27.0,100.1,Outside Myanmar,myanmar_2025-06-05
27.0,100.2,Outside Myanmar,myanmar_2025-06-05
27.0,100.3,Outside Myanmar,myanmar_2025-06-05
27.0,100.4,Outside Myanmar,myanmar_2025-06-05
27.0,100.5,Outside Myanmar,myanmar_2025-06-05
27.0,100.6,Outside Myanmar,myanmar_2025-06-05
27.0,100.7,Outside Myanmar,myanmar_2025-06-05
27.0,100.8,Outside Myanmar,myanmar_2025-06-05
27.0,100.9,Outside Myanmar,myanmar_2025-06-05
27.0,101.0,Outside Myanmar,myanmar_2025-06-05
27.0,101.1,Outside Myanmar,myanmar_2025-06-05
27.0,101.2,Outside Myanmar,myanmar_2025-06-05
27.0,101.3,Outside Myanmar,myanmar_2025-06-05
27.0,101.4,Outside Myanmar,myanmar_2025-06-05
27.1,92.0,Outside Myanmar,myanmar_2025-06-05
27.1,92.1,Outside Myanmar,myanmar_2025-06-05
27.1,92.2,Outside Myanmar,myanmar_2025-06-05
27.1,92.3,Outside Myanmar,myanmar_2025-06-05
27.1,92.4,Outside Myanmar,myanmar_2025-06-05
27.1,92.5,Outside Myanmar,myanmar_2025-06-05
27.1,92.6,Outside Myanmar,myanmar_2025-06-05
27.1,92.7,Outside Myanmar,myanmar_2025-06-05
27.1,92.8,Outside Myanmar,myanmar_2025-06-05
27.1,92.9,Outside Myanmar,myanmar_2025-06-05
27.1,93.0,Outside Myanmar,myanmar_2025-06-05
27.1,93.1,Outside Myanmar,myanmar_2025-06-05
27.1,93.2,Outside Myanmar,myanmar_2025-06-05
27.1,93.3,Outside Myanmar,myanmar_2025-06-05
27.1,93.4,Outside Myanmar,myanmar_2025-06-05
27.1,93.5,Outside Myanmar,myanmar_2025-06-05
27.1,93.6,Outside Myanmar,myanmar_2025-06-05
27.1,93.7,Outside Myanmar,myanmar_2025-06-05
27.1,93.8,Outside Myanmar,myanmar_2025-06-05
27.1,93.9,Outside Myanmar,myanmar_2025-06-05
27.1,94.0,Outside Myanmar,myanmar_2025-06-05
27.1,94.1,Outside Myanmar,myanmar_2025-06-05
27.1,94.2,Outside Myanmar,myanmar_2025-06-05
27.1,94.3,Outside Myanmar,myanmar_2025-06-05
27.1,94.4,Outside Myanmar,myanmar_2025-06-05
27.1,94.5,Outside Myanmar,myanmar_2025-06-05
27.1,94.6,Outside Myanmar,myanmar_2025-06-05
27.1,94.7,Outside Myanmar,myanmar_2025-06-05
27.1,94.8,Outside Myanmar,myanmar_2025-06-05
27.1,94.9,Outside Myanmar,myanmar_2025-06-05
27.1,95.0,Outside Myanmar,myanmar_2025-06-05
27.1,95.1,Outside Myanmar,myanmar_2025-06-05
27.1,95.2,Outside Myanmar,myanmar_2025-06-05
27.1,95.3,Outside Myanmar,myanmar_2025-06-05
27.1,95.4,Outside Myanmar,myanmar_2025-06-05
27.1,95.5,Outside Myanmar,myanmar_2025-06-05
27.1,95.6,Outside Myanmar,myanmar_2025-06-05
27.1,95.7,Outside Myanmar,myanmar_2025-06-05
27.1,95.8,Outside Myanmar,myanmar_2025-06-05
27.1,95.9,Outside Myanmar,myanmar_2025-06-05
27.1,96.0,KIA,myanmar_2025-06-05
27.1,96.1,KIA,myanmar_2025-06-05
27.1,96.2,KIA,myanmar_2025-06-05
27.1,96.3,KIA,myanmar_2025-06-05
27.1,96.4,KIA,myanmar_2025-06-05
27.1,96.5,KIA,myanmar_2025-06-05
27.1,96.6,KIA,myanmar_2025-06-05
27.1,96.7,KIA,myanmar_2025-06-05
27.1,96.8,KIA,myanmar_2025-06-05
27.1,96.9,KIA,myanmar_2025-06-05
27.1,97.0,KIA,myanmar_2025-06-05
27.1,97.1,KIA,myanmar_2025-06-05
27.1,97.2,KIA,myanmar_2025-06-05
27.1,97.3,KIA,myanmar_2025-06-05
27.1,97.4,KIA,myanmar_2025-06-05
27.1,97.5,KIA,myanmar_2025-06-05
27.1,97.6,KIA,myanmar_2025-06-05
27.1,97.7,KIA,myanmar_2025-06-05
27.1,97.8,KIA,myanmar_2025-06-05
27.1,97.9,KIA,myanmar_2025-06-05
27.1,98.0,KIA,myanmar_2025-06-05
27.1,98.1,KIA,myanmar_2025-06-05
27.1,98.2,KIA,myanmar_2025-06-05
27.1,98.3,Junta,myanmar_2025-06-05
27.1,98.4,Junta,myanmar_2025-06-05
27.1,98.5,Junta,myanmar_2025-06-05
27.1,98.6,Junta,myanmar_2025-06-05
27.1,98.7,Junta,myanmar_2025-06-05
27.1,98.8,Outside Myanmar,myanmar_2025-06-05
27.1,98.9,Outside Myanmar,myanmar_2025-06-05
27.1,99.0,Outside Myanmar,myanmar_2025-06-05
27.1,99.1,Outside Myanmar,myanmar_2025-06-05
27.1,99.2,Outside Myanmar,myanmar_2025-06-05
27.1,99.3,Outside Myanmar,myanmar_2025-06-05
27.1,99.4,Outside Myanmar,myanmar_2025-06-05
27.1,99.5,Outside Myanmar,myanmar_2025-06-05
27.1,99.6,Outside Myanmar,myanmar_2025-06-05
27.1,99.7,Outside Myanmar,myanmar_2025-06-05
27.1,99.8,Outside Myanmar,myanmar_2025-06-05
27.1,99.9,Outside Myanmar,myanmar_2025-06-05
27.1,100.0,Outside Myanmar,myanmar_2025-06-05
27.1,100.1,Outside Myanmar,myanmar_2025-06-05
27.1,100.2,Outside Myanmar,myanmar_2025-06-05
27.1,100.3,Outside Myanmar,myanmar_2025-06-05
27.1,100.4,Outside Myanmar,myanmar_2025-06-05
27.1,100.5,Outside Myanmar,myanmar_2025-06-05
27.1,100.6,Outside Myanmar,myanmar_2025-06-05
27.1,100.7,Outside Myanmar,myanmar_2025-06-05
27.1,100.8,Outside Myanmar,myanmar_2025-06-05
27.1,100.9,Outside Myanmar,myanmar_2025-06-05
27.1,101.0,Outside Myanmar,myanmar_2025-06-05
27.1,101.1,Outside Myanmar,myanmar_2025-06-05
27.1,101.2,Outside Myanmar,myanmar_2025-06-05
27.1,101.3,Outside Myanmar,myanmar_2025-06-05
27.1,101.4,Outside Myanmar,myanmar_2025-06-05
27.2,92.0,Outside Myanmar,myanmar_2025-06-05
27.2,92.1,Outside Myanmar,myanmar_2025-06-05
27.2,92.2,Outside Myanmar,myanmar_2025-06-05
27.2,92.3,Outside Myanmar,myanmar_2025-06-05
27.2,92.4,Outside Myanmar,myanmar_2025-06-05
27.2,92.5,Outside Myanmar,myanmar_2025-06-05
27.2,92.6,Outside Myanmar,myanmar_2025-06-05
27.2,92.7,Outside Myanmar,myanmar_2025-06-05
27.2,92.8,Outside Myanmar,myanmar_2025-06-05
27.2,92.9,Outside Myanmar,myanmar_2025-06-05
27.2,93.0,Outside Myanmar,myanmar_2025-06-05
27.2,93.1,Outside Myanmar,myanmar_2025-06-05
27.2,93.2,Outside Myanmar,myanmar_2025-06-05
27.2,93.3,Outside Myanmar,myanmar_2025-06-05
27.2,93.4,Outside Myanmar,myanmar_2025-06-05
27.2,93.5,Outside Myanmar,myanmar_2025-06-05
27.2,93.6,Outside Myanmar,myanmar_2025-06-05
27.2,93.7,Outside Myanmar,myanmar_2025-06-05
27.2,93.8,Outside Myanmar,myanmar_2025-06-05
27.2,93.9,Outside Myanmar,myanmar_2025-06-05
27.2,94.0,Outside Myanmar,myanmar_2025-06-05
27.2,94.1,Outside Myanmar,myanmar_2025-06-05
27.2,94.2,Outside Myanmar,myanmar_2025-06-05
27.2,94.3,Outside Myanmar,myanmar_2025-06-05
27.2,94.4,Outside Myanmar,myanmar_2025-06-05
27.2,94.5,Outside Myanmar,myanmar_2025-06-05
27.2,94.6,Outside Myanmar,myanmar_2025-06-05
27.2,94.7,Outside Myanmar,myanmar_2025-06-05
27.2,94.8,Outside Myanmar,myanmar_2025-06-05
27.2,94.9,Outside Myanmar,myanmar_2025-06-05
27.2,95.0,Outside Myanmar,myanmar_2025-06-05
27.2,95.1,Outside Myanmar,myanmar_2025-06-05
27.2,95.2,Outside Myanmar,myanmar_2025-06-05
27.2,95.3,Outside Myanmar,myanmar_2025-06-05
27.2,95.4,Outside Myanmar,myanmar_2025-06-05
27.2,95.5,Outside Myanmar,myanmar_2025-06-05
27.2,95.6,Outside Myanmar,myanmar_2025-06-05
27.2,95.7,Outside Myanmar,myanmar_2025-06-05
27.2,95.8,Outside Myanmar,myanmar_2025-06-05
27.2,95.9,Outside Myanmar,myanmar_2025-06-05
27.2,96.0,Outside Myanmar,myanmar_2025-06-05
27.2,96.1,KIA,myanmar_2025-06-05
27.2,96.2,KIA,myanmar_2025-06-05
27.2,96.3,KIA,myanmar_2025-06-05
27.2,96.4,KIA,myanmar_2025-06-05
27.2,96.5,KIA,myanmar_2025-06-05
27.2,96.6,KIA,myanmar_2025-06-05
27.2,96.7,KIA,myanmar_2025-06-05
27.2,96.8,KIA,myanmar_2025-06-05
27.2,96.9,KIA,myanmar_2025-06-05
27.2,97.0,KIA,myanmar_2025-06-05
27.2,97.1,KIA,myanmar_2025-06-05
27.2,97.2,KIA,myanmar_2025-06-05
27.2,97.3,KIA,myanmar_2025-06-05
27.2,97.4,KIA,myanmar_2025-06-05
27.2,97.5,KIA,myanmar_2025-06-05
27.2,97.6,KIA,myanmar_2025-06-05
27.2,97.7,KIA,myanmar_2025-06-05
27.2,97.8,KIA,myanmar_2025-06-05
27.2,97.9,KIA,myanmar_2025-06-05
27.2,98.0,KIA,myanmar_2025-06-05
27.2,98.1,KIA,myanmar_2025-06-05
27.2,98.2,Junta,myanmar_2025-06-05
27.2,98.3,Junta,myanmar_2025-06-05
27.2,98.4,Junta,myanmar_2025-06-05
27.2,98.5,Junta,myanmar_2025-06-05
27.2,98.6,Junta,myanmar_2025-06-05
27.2,98.7,Outside Myanmar,myanmar_2025-06-05
27.2,98.8,Outside Myanmar,myanmar_2025-06-05
27.2,98.9,Outside Myanmar,myanmar_2025-06-05
27.2,99.0,Outside Myanmar,myanmar_2025-06-05
27.2,99.1,Outside Myanmar,myanmar_2025-06-05
27.2,99.2,Outside Myanmar,myanmar_2025-06-05
27.2,99.3,Outside Myanmar,myanmar_2025-06-05
27.2,99.4,Outside Myanmar,myanmar_2025-06-05
27.2,99.5,Outside Myanmar,myanmar_2025-06-05
27.2,99.6,Outside Myanmar,myanmar_2025-06-05
27.2,99.7,Outside Myanmar,myanmar_2025-06-05
27.2,99.8,Outside Myanmar,myanmar_2025-06-05
27.2,99.9,Outside Myanmar,myanmar_2025-06-05
27.2,100.0,Outside Myanmar,myanmar_2025-06-05
27.2,100.1,Outside Myanmar,myanmar_2025-06-05
27.2,100.2,Outside Myanmar,myanmar_2025-06-05
27.2,100.3,Outside Myanmar,myanmar_2025-06-05
27.2,100.4,Outside Myanmar,myanmar_2025-06-05
27.2,100.5,Outside Myanmar,myanmar_2025-06-05
27.2,100.6,Outside Myanmar,myanmar_2025-06-05
27.2,100.7,Outside Myanmar,myanmar_2025-06-05
27.2,100.8,Outside Myanmar,myanmar_2025-06-05
27.2,100.9,Outside Myanmar,myanmar_2025-06-05
27.2,101.0,Outside Myanmar,myanmar_2025-06-05
27.2,101.1,Outside Myanmar,myanmar_2025-06-05
27.2,101.2,Outside Myanmar,myanmar_2025-06-05
27.2,101.3,Outside Myanmar,myanmar_2025-06-05
27.2,101.4,Outside Myanmar,myanmar_2025-06-05
27.3,92.0,Outside Myanmar,myanmar_2025-06-05
27.3,92.1,Outside Myanmar,myanmar_2025-06-05
27.3,92.2,Outside Myanmar,myanmar_2025-06-05
27.3,92.3,Outside Myanmar,myanmar_2025-06-05
27.3,92.4,Outside Myanmar,myanmar_2025-06-05
27.3,92.5,Outside Myanmar,myanmar_2025-06-05
27.3,92.6,Outside Myanmar,myanmar_2025-06-05
27.3,92.7,Outside Myanmar,myanmar_2025-06-05
27.3,92.8,Outside Myanmar,myanmar_2025-06-05
27.3,92.9,Outside Myanmar,myanmar_2025-06-05
27.3,93.0,Outside Myanmar,myanmar_2025-06-05
27.3,93.1,Outside Myanmar,myanmar_2025-06-05
27.3,93.2,Outside Myanmar,myanmar_2025-06-05
27.3,93.3,Outside Myanmar,myanmar_2025-06-05
27.3,93.4,Outside Myanmar,myanmar_2025-06-05
27.3,93.5,Outside Myanmar,myanmar_2025-06-05
27.3,93.6,Outside Myanmar,myanmar_2025-06-05
27.3,93.7,Outside Myanmar,myanmar_2025-06-05
27.3,93.8,Outside Myanmar,myanmar_2025-06-05
27.3,93.9,Outside Myanmar,myanmar_2025-06-05
27.3,94.0,Outside Myanmar,myanmar_2025-06-05
27.3,94.1,Outside Myanmar,myanmar_2025-06-05
27.3,94.2,Outside Myanmar,myanmar_2025-06-05
27.3,94.3,Outside Myanmar,myanmar_2025-06-05
27.3,94.4,Outside Myanmar,myanmar_2025-06-05
27.3,94.5,Outside Myanmar,myanmar_2025-06-05
27.3,94.6,Outside Myanmar,myanmar_2025-06-05
27.3,94.7,Outside Myanmar,myanmar_2025-06-05
27.3,94.8,Outside Myanmar,myanmar_2025-06-05
27.3,94.9,Outside Myanmar,myanmar_2025-06-05
27.3,95.0,Outside Myanmar,myanmar_2025-06-05
27.3,95.1,Outside Myanmar,myanmar_2025-06-05
27.3,95.2,Outside Myanmar,myanmar_2025-06-05
27.3,95.3,Outside Myanmar,myanmar_2025-06-05
27.3,95.4,Outside Myanmar,myanmar_2025-06-05
27.3,95.5,Outside Myanmar,myanmar_2025-06-05
27.3,95.6,Outside Myanmar,myanmar_2025-06-05
27.3,95.7,Outside Myanmar,myanmar_2025-06-05
27.3,95.8,Outside Myanmar,myanmar_2025-06-05
27.3,95.9,Outside Myanmar,myanmar_2025-06-05
27.3,96.0,Outside Myanmar,myanmar_2025-06-05
27.3,96.1,Outside Myanmar,myanmar_2025-06-05
27.3,96.2,Outside Myanmar,myanmar_2025-06-05
27.3,96.3,Outside Myanmar,myanmar_2025-06-05
27.3,96.4,Outside Myanmar,myanmar_2025-06-05
27.3,96.5,Junta,myanmar_2025-06-05
27.3,96.6,Junta,myanmar_2025-06-05
27.3,96.7,Junta,myanmar_2025-06-05
27.3,96.8,Outside Myanmar,myanmar_2025-06-05
27.3,96.9,Outside Myanmar,myanmar_2025-06-05
27.3,97.0,Outside Myanmar,myanmar_2025-06-05
27.3,97.1,KIA,myanmar_2025-06-05
27.3,97.2,KIA,myanmar_2025-06-05
27.3,97.3,KIA,myanmar_2025-06-05
27.3,97.4,KIA,myanmar_2025-06-05
27.3,97.5,KIA,myanmar_2025-06-05
27.3,97.6,KIA,myanmar_2025-06-05
27.3,97.7,KIA,myanmar_2025-06-05
27.3,97.8,KIA,myanmar_2025-06-05
27.3,97.9,KIA,myanmar_2025-06-05
27.3,98.0,Junta,myanmar_2025-06-05
27.3,98.1,Junta,myanmar_2025-06-05
27.3,98.2,Junta,myanmar_2025-06-05
27.3,98.3,Junta,myanmar_2025-06-05
27.3,98.4,Junta,myanmar_2025-06-05
27.3,98.5,Junta,myanmar_2025-06-05
27.3,98.6,Junta,myanmar_2025-06-05
27.3,98.7,Outside Myanmar,myanmar_2025-06-05
27.3,98.8,Outside Myanmar,myanmar_2025-06-05
27.3,98.9,Outside Myanmar,myanmar_2025-06-05
27.3,99.0,Outside Myanmar,myanmar_2025-06-05
27.3,99.1,Outside Myanmar,myanmar_2025-06-05
27.3,99.2,Outside Myanmar,myanmar_2025-06-05
27.3,99.3,Outside Myanmar,myanmar_2025-06-05
27.3,99.4,Outside Myanmar,myanmar_2025-06-05
27.3,99.5,Outside Myanmar,myanmar_2025-06-05
27.3,99.6,Outside Myanmar,myanmar_2025-06-05
27.3,99.7,Outside Myanmar,myanmar_2025-06-05
27.3,99.8,Outside Myanmar,myanmar_2025-06-05
27.3,99.9,Outside Myanmar,myanmar_2025-06-05
27.3,100.0,Outside Myanmar,myanmar_2025-06-05
27.3,100.1,Outside Myanmar,myanmar_2025-06-05
27.3,100.2,Outside Myanmar,myanmar_2025-06-05
27.3,100.3,Outside Myanmar,myanmar_2025-06-05
27.3,100.4,Outside Myanmar,myanmar_2025-06-05
27.3,100.5,Outside Myanmar,myanmar_2025-06-05
27.3,100.6,Outside Myanmar,myanmar_2025-06-05
27.3,100.7,Outside Myanmar,myanmar_2025-06-05
27.3,100.8,Outside Myanmar,myanmar_2025-06-05
27.3,100.9,Outside Myanmar,myanmar_2025-06-05
27.3,101.0,Outside Myanmar,myanmar_2025-06-05
27.3,101.1,Outside Myanmar,myanmar_2025-06-05
27.3,101.2,Outside Myanmar,myanmar_2025-06-05
27.3,101.3,Outside Myanmar,myanmar_2025-06-05
27.3,101.4,Outside Myanmar,myanmar_2025-06-05
27.4,92.0,Outside Myanmar,myanmar_2025-06-05
27.4,92.1,Outside Myanmar,myanmar_2025-06-05
27.4,92.2,Outside Myanmar,myanmar_2025-06-05
27.4,92.3,Outside Myanmar,myanmar_2025-06-05
27.4,92.4,Outside Myanmar,myanmar_2025-06-05
27.4,92.5,Outside Myanmar,myanmar_2025-06-05
27.4,92.6,Outside Myanmar,myanmar_2025-06-05
27.4,92.7,Outside Myanmar,myanmar_2025-06-05
27.4,92.8,Outside Myanmar,myanmar_2025-06-05
27.4,92.9,Outside Myanmar,myanmar_2025-06-05
27.4,93.0,Outside Myanmar,myanmar_2025-06-05
27.4,93.1,Outside Myanmar,myanmar_2025-06-05
27.4,93.2,Outside Myanmar,myanmar_2025-06-05
27.4,93.3,Outside Myanmar,myanmar_2025-06-05
27.4,93.4,Outside Myanmar,myanmar_2025-06-05
27.4,93.5,Outside Myanmar,myanmar_2025-06-05
27.4,93.6,Outside Myanmar,myanmar_2025-06-05
27.4,93.7,Outside Myanmar,myanmar_2025-06-05
27.4,93.8,Outside Myanmar,myanmar_2025-06-05
27.4,93.9,Outside Myanmar,myanmar_2025-06-05
27.4,94.0,Outside Myanmar,myanmar_2025-06-05
27.4,94.1,Outside Myanmar,myanmar_2025-06-05
27.4,94.2,Outside Myanmar,myanmar_2025-06-05
27.4,94.3,Outside Myanmar,myanmar_2025-06-05
27.4,94.4,Outside Myanmar,myanmar_2025-06-05
27.4,94.5,Outside Myanmar,myanmar_2025-06-05
27.4,94.6,Outside Myanmar,myanmar_2025-06-05
27.4,94.7,Outside Myanmar,myanmar_2025-06-05
27.4,94.8,Outside Myanmar,myanmar_2025-06-05
27.4,94.9,Outside Myanmar,myanmar_2025-06-05
27.4,95.0,Outside Myanmar,myanmar_2025-06-05
27.4,95.1,Outside Myanmar,myanmar_2025-06-05
27.4,95.2,Outside Myanmar,myanmar_2025-06-05
27.4,95.3,Outside Myanmar,myanmar_2025-06-05
27.4,95.4,Outside Myanmar,myanmar_2025-06-05
27.4,95.5,Outside Myanmar,myanmar_2025-06-05
27.4,95.6,Outside Myanmar,myanmar_2025-06-05
27.4,95.7,Outside Myanmar,myanmar_2025-06-05
27.4,95.8,Outside Myanmar,myanmar_2025-06-05
27.4,95.9,Outside Myanmar,myanmar_2025-06-05
27.4,96.0,Outside Myanmar,myanmar_2025-06-05
27.4,96.1,Outside Myanmar,myanmar_2025-06-05
27.4,96.2,Outside Myanmar,myanmar_2025-06-05
27.4,96.3,Outside Myanmar,myanmar_2025-06-05
27.4,96.4,Outside Myanmar,myanmar_2025-06-05
27.4,96.5,Outside Myanmar,myanmar_2025-06-05
27.4,96.6,Outside Myanmar,myanmar_2025-06-05
27.4,96.7,Outside Myanmar,myanmar_2025-06-05
27.4,96.8,Outside Myanmar,myanmar_2025-06-05
27.4,96.9,Outside Myanmar,myanmar_2025-06-05
27.4,97.0,KIA,myanmar_2025-06-05
27.4,97.1,KIA,myanmar_2025-06-05
27.4,97.2,KIA,myanmar_2025-06-05
27.4,97.3,KIA,myanmar_2025-06-05
27.4,97.4,KIA,myanmar_2025-06-05
27.4,97.5,KIA,myanmar_2025-06-05
27.4,97.6,KIA,myanmar_2025-06-05
27.4,97.7,KIA,myanmar_2025-06-05
27.4,97.8,KIA,myanmar_2025-06-05
27.4,97.9,Junta,myanmar_2025-06-05
27.4,98.0,Junta,myanmar_2025-06-05
27.4,98.1,Junta,myanmar_2025-06-05
27.4,98.2,Junta,myanmar_2025-06-05
27.4,98.3,Junta,myanmar_2025-06-05
27.4,98.4,Junta,myanmar_2025-06-05
27.4,98.5,Junta,myanmar_2025-06-05
27.4,98.6,Junta,myanmar_2025-06-05
27.4,98.7,Outside Myanmar,myanmar_2025-06-05
27.4,98.8,Outside Myanmar,myanmar_2025-06-05
27.4,98.9,Outside Myanmar,myanmar_2025-06-05
27.4,99.0,Outside Myanmar,myanmar_2025-06-05
27.4,99.1,Outside Myanmar,myanmar_2025-06-05
27.4,99.2,Outside Myanmar,myanmar_2025-06-05
27.4,99.3,Outside Myanmar,myanmar_2025-06-05
27.4,99.4,Outside Myanmar,myanmar_2025-06-05
27.4,99.5,Outside Myanmar,myanmar_2025-06-05
27.4,99.6,Outside Myanmar,myanmar_2025-06-05
27.4,99.7,Outside Myanmar,myanmar_2025-06-05
27.4,99.8,Outside Myanmar,myanmar_2025-06-05
27.4,99.9,Outside Myanmar,myanmar_2025-06-05
27.4,100.0,Outside Myanmar,myanmar_2025-06-05
27.4,100.1,Outside Myanmar,myanmar_2025-06-05
27.4,100.2,Outside Myanmar,myanmar_2025-06-05
27.4,100.3,Outside Myanmar,myanmar_2025-06-05
27.4,100.4,Outside Myanmar,myanmar_2025-06-05
27.4,100.5,Outside Myanmar,myanmar_2025-06-05
27.4,100.6,Outside Myanmar,myanmar_2025-06-05
27.4,100.7,Outside Myanmar,myanmar_2025-06-05
27.4,100.8,Outside Myanmar,myanmar_2025-06-05
27.4,100.9,Outside Myanmar,myanmar_2025-06-05
27.4,101.0,Outside Myanmar,myanmar_2025-06-05
27.4,101.1,Outside Myanmar,myanmar_2025-06-05
27.4,101.2,Outside Myanmar,myanmar_2025-06-05
27.4,101.3,Outside Myanmar,myanmar_2025-06-05
27.4,101.4,Outside Myanmar,myanmar_2025-06-05
27.5,92.0,Outside Myanmar,myanmar_2025-06-05
27.5,92.1,Outside Myanmar,myanmar_2025-06-05
27.5,92.2,Outside Myanmar,myanmar_2025-06-05
27.5,92.3,Outside Myanmar,myanmar_2025-06-05
27.5,92.4,Outside Myanmar,myanmar_2025-06-05
27.5,92.5,Outside Myanmar,myanmar_2025-06-05
27.5,92.6,Outside Myanmar,myanmar_2025-06-05
27.5,92.7,Outside Myanmar,myanmar_2025-06-05
27.5,92.8,Outside Myanmar,myanmar_2025-06-05
27.5,92.9,Outside Myanmar,myanmar_2025-06-05
27.5,93.0,Outside Myanmar,myanmar_2025-06-05
27.5,93.1,Outside Myanmar,myanmar_2025-06-05
27.5,93.2,Outside Myanmar,myanmar_2025-06-05
27.5,93.3,Outside Myanmar,myanmar_2025-06-05
27.5,93.4,Outside Myanmar,myanmar_2025-06-05
27.5,93.5,Outside Myanmar,myanmar_2025-06-05
27.5,93.6,Outside Myanmar,myanmar_2025-06-05
27.5,93.7,Outside Myanmar,myanmar_2025-06-05
27.5,93.8,Outside Myanmar,myanmar_2025-06-05
27.5,93.9,Outside Myanmar,myanmar_2025-06-05
27.5,94.0,Outside Myanmar,myanmar_2025-06-05
27.5,94.1,Outside Myanmar,myanmar_2025-06-05
27.5,94.2,Outside Myanmar,myanmar_2025-06-05
27.5,94.3,Outside Myanmar,myanmar_2025-06-05
27.5,94.4,Outside Myanmar,myanmar_2025-06-05
27.5,94.5,Outside Myanmar,myanmar_2025-06-05
27.5,94.6,Outside Myanmar,myanmar_2025-06-05
27.5,94.7,Outside Myanmar,myanmar_2025-06-05
27.5,94.8,Outside Myanmar,myanmar_2025-06-05
27.5,94.9,Outside Myanmar,myanmar_2025-06-05
27.5,95.0,Outside Myanmar,myanmar_2025-06-05
27.5,95.1,Outside Myanmar,myanmar_2025-06-05
27.5,95.2,Outside Myanmar,myanmar_2025-06-05
27.5,95.3,Outside Myanmar,myanmar_2025-06-05
27.5,95.4,Outside Myanmar,myanmar_2025-06-05
27.5,95.5,Outside Myanmar,myanmar_2025-06-05
27.5,95.6,Outside Myanmar,myanmar_2025-06-05
27.5,95.7,Outside Myanmar,myanmar_2025-06-05
27.5,95.8,Outside Myanmar,myanmar_2025-06-05
27.5,95.9,Outside Myanmar,myanmar_2025-06-05
27.5,96.0,Outside Myanmar,myanmar_2025-06-05
27.5,96.1,Outside Myanmar,myanmar_2025-06-05
27.5,96.2,Outside Myanmar,myanmar_2025-06-05
27.5,96.3,Outside Myanmar,myanmar_2025-06-05
27.5,96.4,Outside Myanmar,myanmar_2025-06-05
27.5,96.5,Outside Myanmar,myanmar_2025-06-05
27.5,96.6,Outside Myanmar,myanmar_2025-06-05
27.5,96.7,Outside Myanmar,myanmar_2025-06-05
27.5,96.8,Outside Myanmar,myanmar_2025-06-05
27.5,96.9,KIA,myanmar_2025-06-05
27.5,97.0,KIA,myanmar_2025-06-05
27.5,97.1,KIA,myanmar_2025-06-05
27.5,97.2,KIA,myanmar_2025-06-05
27.5,97.3,KIA,myanmar_2025-06-05
27.5,97.4,KIA,myanmar_2025-06-05
27.5,97.5,KIA,myanmar_2025-06-05
27.5,97.6,KIA,myanmar_2025-06-05
27.5,97.7,Junta,myanmar_2025-06-05
27.5,97.8,Junta,myanmar_2025-06-05
27.5,97.9,Junta,myanmar_2025-06-05
27.5,98.0,Junta,myanmar_2025-06-05
27.5,98.1,Junta,myanmar_2025-06-05
27.5,98.2,Junta,myanmar_2025-06-05
27.5,98.3,Junta,myanmar_2025-06-05
27.5,98.4,Junta,myanmar_2025-06-05
27.5,98.5,Junta,myanmar_2025-06-05
27.5,98.6,Junta,myanmar_2025-06-05
27.5,98.7,Outside Myanmar,myanmar_2025-06-05
27.5,98.8,Outside Myanmar,myanmar_2025-06-05
27.5,98.9,Outside Myanmar,myanmar_2025-06-05
27.5,99.0,Outside Myanmar,myanmar_2025-06-05
27.5,99.1,Outside Myanmar,myanmar_2025-06-05
27.5,99.2,Outside Myanmar,myanmar_2025-06-05
27.5,99.3,Outside Myanmar,myanmar_2025-06-05
27.5,99.4,Outside Myanmar,myanmar_2025-06-05
27.5,99.5,Outside Myanmar,myanmar_2025-06-05
27.5,99.6,Outside Myanmar,myanmar_2025-06-05
27.5,99.7,Outside Myanmar,myanmar_2025-06-05
27.5,99.8,Outside Myanmar,myanmar_2025-06-05
27.5,99.9,Outside Myanmar,myanmar_2025-06-05
27.5,100.0,Outside Myanmar,myanmar_2025-06-05
27.5,100.1,Outside Myanmar,myanmar_2025-06-05
27.5,100.2,Outside Myanmar,myanmar_2025-06-05
27.5,100.3,Outside Myanmar,myanmar_2025-06-05
27.5,100.4,Outside Myanmar,myanmar_2025-06-05
27.5,100.5,Outside Myanmar,myanmar_2025-06-05
27.5,100.6,Outside Myanmar,myanmar_2025-06-05
27.5,100.7,Outside Myanmar,myanmar_2025-06-05
27.5,100.8,Outside Myanmar,myanmar_2025-06-05
27.5,100.9,Outside Myanmar,myanmar_2025-06-05
27.5,101.0,Outside Myanmar,myanmar_2025-06-05
27.5,101.1,Outside Myanmar,myanmar_2025-06-05
27.5,101.2,Outside Myanmar,myanmar_2025-06-05
27.5,101.3,Outside Myanmar,myanmar_2025-06-05
27.5,101.4,Outside Myanmar,myanmar_2025-06-05
27.6,92.0,Outside Myanmar,myanmar_2025-06-05
27.6,92.1,Outside Myanmar,myanmar_2025-06-05
27.6,92.2,Outside Myanmar,myanmar_2025-06-05
27.6,92.3,Outside Myanmar,myanmar_2025-06-05
27.6,92.4,Outside Myanmar,myanmar_2025-06-05
27.6,92.5,Outside Myanmar,myanmar_2025-06-05
27.6,92.6,Outside Myanmar,myanmar_2025-06-05
27.6,92.7,Outside Myanmar,myanmar_2025-06-05
27.6,92.8,Outside Myanmar,myanmar_2025-06-05
27.6,92.9,Outside Myanmar,myanmar_2025-06-05
27.6,93.0,Outside Myanmar,myanmar_2025-06-05
27.6,93.1,Outside Myanmar,myanmar_2025-06-05
27.6,93.2,Outside Myanmar,myanmar_2025-06-05
27.6,93.3,Outside Myanmar,myanmar_2025-06-05
27.6,93.4,Outside Myanmar,myanmar_2025-06-05
27.6,93.5,Outside Myanmar,myanmar_2025-06-05
27.6,93.6,Outside Myanmar,myanmar_2025-06-05
27.6,93.7,Outside Myanmar,myanmar_2025-06-05
27.6,93.8,Outside Myanmar,myanmar_2025-06-05
27.6,93.9,Outside Myanmar,myanmar_2025-06-05
27.6,94.0,Outside Myanmar,myanmar_2025-06-05
27.6,94.1,Outside Myanmar,myanmar_2025-06-05
27.6,94.2,Outside Myanmar,myanmar_2025-06-05
27.6,94.3,Outside Myanmar,myanmar_2025-06-05
27.6,94.4,Outside Myanmar,myanmar_2025-06-05
27.6,94.5,Outside Myanmar,myanmar_2025-06-05
27.6,94.6,Outside Myanmar,myanmar_2025-06-05
27.6,94.7,Outside Myanmar,myanmar_2025-06-05
27.6,94.8,Outside Myanmar,myanmar_2025-06-05
27.6,94.9,Outside Myanmar,myanmar_2025-06-05
27.6,95.0,Outside Myanmar,myanmar_2025-06-05
27.6,95.1,Outside Myanmar,myanmar_2025-06-05
27.6,95.2,Outside Myanmar,myanmar_2025-06-05
27.6,95.3,Outside Myanmar,myanmar_2025-06-05
27.6,95.4,Outside Myanmar,myanmar_2025-06-05
27.6,95.5,Outside Myanmar,myanmar_2025-06-05
27.6,95.6,Outside Myanmar,myanmar_2025-06-05
27.6,95.7,Outside Myanmar,myanmar_2025-06-05
27.6,95.8,Outside Myanmar,myanmar_2025-06-05
27.6,95.9,Outside Myanmar,myanmar_2025-06-05
27.6,96.0,Outside Myanmar,myanmar_2025-06-05
27.6,96.1,Outside Myanmar,myanmar_2025-06-05
27.6,96.2,Outside Myanmar,myanmar_2025-06-05
27.6,96.3,Outside Myanmar,myanmar_2025-06-05
27.6,96.4,Outside Myanmar,myanmar_2025-06-05
27.6,96.5,Outside Myanmar,myanmar_2025-06-05
27.6,96.6,Outside Myanmar,myanmar_2025-06-05
27.6,96.7,Outside Myanmar,myanmar_2025-06-05
27.6,96.8,KIA,myanmar_2025-06-05
27.6,96.9,KIA,myanmar_2025-06-05
27.6,97.0,KIA,myanmar_2025-06-05
27.6,97.1,KIA,myanmar_2025-06-05
27.6,97.2,KIA,myanmar_2025-06-05
27.6,97.3,KIA,myanmar_2025-06-05
27.6,97.4,Junta,myanmar_2025-06-05
27.6,97.5,Junta,myanmar_2025-06-05
27.6,97.6,Junta,myanmar_2025-06-05
27.6,97.7,Junta,myanmar_2025-06-05
27.6,97.8,Junta,myanmar_2025-06-05
27.6,97.9,Junta,myanmar_2025-06-05
27.6,98.0,Junta,myanmar_2025-06-05
27.6,98.1,Junta,myanmar_2025-06-05
27.6,98.2,Junta,myanmar_2025-06-05
27.6,98.3,Outside Myanmar,myanmar_2025-06-05
27.6,98.4,Junta,myanmar_2025-06-05
27.6,98.5,Junta,myanmar_2025-06-05
27.6,98.6,Outside Myanmar,myanmar_2025-06-05
27.6,98.7,Outside Myanmar,myanmar_2025-06-05
27.6,98.8,Outside Myanmar,myanmar_2025-06-05
27.6,98.9,Outside Myanmar,myanmar_2025-06-05
27.6,99.0,Outside Myanmar,myanmar_2025-06-05
27.6,99.1,Outside Myanmar,myanmar_2025-06-05
27.6,99.2,Outside Myanmar,myanmar_2025-06-05
27.6,99.3,Outside Myanmar,myanmar_2025-06-05
27.6,99.4,Outside Myanmar,myanmar_2025-06-05
27.6,99.5,Outside Myanmar,myanmar_2025-06-05
27.6,99.6,Outside Myanmar,myanmar_2025-06-05
27.6,99.7,Outside Myanmar,myanmar_2025-06-05
27.6,99.8,Outside Myanmar,myanmar_2025-06-05
27.6,99.9,Outside Myanmar,myanmar_2025-06-05
27.6,100.0,Outside Myanmar,myanmar_2025-06-05
27.6,100.1,Outside Myanmar,myanmar_2025-06-05
27.6,100.2,Outside Myanmar,myanmar_2025-06-05
27.6,100.3,Outside Myanmar,myanmar_2025-06-05
27.6,100.4,Outside Myanmar,myanmar_2025-06-05
27.6,100.5,Outside Myanmar,myanmar_2025-06-05
27.6,100.6,Outside Myanmar,myanmar_2025-06-05
27.6,100.7,Outside Myanmar,myanmar_2025-06-05
27.6,100.8,Outside Myanmar,myanmar_2025-06-05
27.6,100.9,Outside Myanmar,myanmar_2025-06-05
27.6,101.0,Outside Myanmar,myanmar_2025-06-05
27.6,101.1,Outside Myanmar,myanmar_2025-06-05
27.6,101.2,Outside Myanmar,myanmar_2025-06-05
27.6,101.3,Outside Myanmar,myanmar_2025-06-05
27.6,101.4,Outside Myanmar,myanmar_2025-06-05
27.7,92.0,Outside Myanmar,myanmar_2025-06-05
27.7,92.1,Outside Myanmar,myanmar_2025-06-05
27.7,92.2,Outside Myanmar,myanmar_2025-06-05
27.7,92.3,Outside Myanmar,myanmar_2025-06-05
27.7,92.4,Outside Myanmar,myanmar_2025-06-05
27.7,92.5,Outside Myanmar,myanmar_2025-06-05
27.7,92.6,Outside Myanmar,myanmar_2025-06-05
27.7,92.7,Outside Myanmar,myanmar_2025-06-05
27.7,92.8,Outside Myanmar,myanmar_2025-06-05
27.7,92.9,Outside Myanmar,myanmar_2025-06-05
27.7,93.0,Outside Myanmar,myanmar_2025-06-05
27.7,93.1,Outside Myanmar,myanmar_2025-06-05
27.7,93.2,Outside Myanmar,myanmar_2025-06-05
27.7,93.3,Outside Myanmar,myanmar_2025-06-05
27.7,93.4,Outside Myanmar,myanmar_2025-06-05
27.7,93.5,Outside Myanmar,myanmar_2025-06-05
27.7,93.6,Outside Myanmar,myanmar_2025-06-05
27.7,93.7,Outside Myanmar,myanmar_2025-06-05
27.7,93.8,Outside Myanmar,myanmar_2025-06-05
27.7,93.9,Outside Myanmar,myanmar_2025-06-05
27.7,94.0,Outside Myanmar,myanmar_2025-06-05
27.7,94.1,Outside Myanmar,myanmar_2025-06-05
27.7,94.2,Outside Myanmar,myanmar_2025-06-05
27.7,94.3,Outside Myanmar,myanmar_2025-06-05
27.7,94.4,Outside Myanmar,myanmar_2025-06-05
27.7,94.5,Outside Myanmar,myanmar_2025-06-05
27.7,94.6,Outside Myanmar,myanmar_2025-06-05
27.7,94.7,Outside Myanmar,myanmar_2025-06-05
27.7,94.8,Outside Myanmar,myanmar_2025-06-05
27.7,94.9,Outside Myanmar,myanmar_2025-06-05
27.7,95.0,Outside Myanmar,myanmar_2025-06-05
27.7,95.1,Outside Myanmar,myanmar_2025-06-05
27.7,95.2,Outside Myanmar,myanmar_2025-06-05
27.7,95.3,Outside Myanmar,myanmar_2025-06-05
27.7,95.4,Outside Myanmar,myanmar_2025-06-05
27.7,95.5,Outside Myanmar,myanmar_2025-06-05
27.7,95.6,Outside Myanmar,myanmar_2025-06-05
27.7,95.7,Outside Myanmar,myanmar_2025-06-05
27.7,95.8,Outside Myanmar,myanmar_2025-06-05
27.7,95.9,Outside Myanmar,myanmar_2025-06-05
27.7,96.0,Outside Myanmar,myanmar_2025-06-05
27.7,96.1,Outside Myanmar,myanmar_2025-06-05
27.7,96.2,Outside Myanmar,myanmar_2025-06-05
27.7,96.3,Outside Myanmar,myanmar_2025-06-05
27.7,96.4,Outside Myanmar,myanmar_2025-06-05
27.7,96.5,Outside Myanmar,myanmar_2025-06-05
27.7,96.6,Outside Myanmar,myanmar_2025-06-05
27.7,96.7,Outside Myanmar,myanmar_2025-06-05
27.7,96.8,Outside Myanmar,myanmar_2025-06-05
27.7,96.9,Outside Myanmar,myanmar_2025-06-05
27.7,97.0,Junta,myanmar_2025-06-05
27.7,97.1,Junta,myanmar_2025-06-05
27.7,97.2,Junta,myanmar_2025-06-05
27.7,97.3,Junta,myanmar_2025-06-05
27.7,97.4,Junta,myanmar_2025-06-05
27.7,97.5,Junta,myanmar_2025-06-05
27.7,97.6,Junta,myanmar_2025-06-05
27.7,97.7,Junta,myanmar_2025-06-05
27.7,97.8,Junta,myanmar_2025-06-05
27.7,97.9,Junta,myanmar_2025-06-05
27.7,98.0,Junta,myanmar_2025-06-05
27.7,98.1,Junta,myanmar_2025-06-05
27.7,98.2,Junta,myanmar_2025-06-05
27.7,98.3,Outside Myanmar,myanmar_2025-06-05
27.7,98.4,Outside Myanmar,myanmar_2025-06-05
27.7,98.5,Outside Myanmar,myanmar_2025-06-05
27.7,98.6,Outside Myanmar,myanmar_2025-06-05
27.7,98.7,Outside Myanmar,myanmar_2025-06-05
27.7,98.8,Outside Myanmar,myanmar_2025-06-05
27.7,98.9,Outside Myanmar,myanmar_2025-06-05
27.7,99.0,Outside Myanmar,myanmar_2025-06-05
27.7,99.1,Outside Myanmar,myanmar_2025-06-05
27.7,99.2,Outside Myanmar,myanmar_2025-06-05
27.7,99.3,Outside Myanmar,myanmar_2025-06-05
27.7,99.4,Outside Myanmar,myanmar_2025-06-05
27.7,99.5,Outside Myanmar,myanmar_2025-06-05
27.7,99.6,Outside Myanmar,myanmar_2025-06-05
27.7,99.7,Outside Myanmar,myanmar_2025-06-05
27.7,99.8,Outside Myanmar,myanmar_2025-06-05
27.7,99.9,Outside Myanmar,myanmar_2025-06-05
27.7,100.0,Outside Myanmar,myanmar_2025-06-05
27.7,100.1,Outside Myanmar,myanmar_2025-06-05
27.7,100.2,Outside Myanmar,myanmar_2025-06-05
27.7,100.3,Outside Myanmar,myanmar_2025-06-05
27.7,100.4,Outside Myanmar,myanmar_2025-06-05
27.7,100.5,Outside Myanmar,myanmar_2025-06-05
27.7,100.6,Outside Myanmar,myanmar_2025-06-05
27.7,100.7,Outside Myanmar,myanmar_2025-06-05
27.7,100.8,Outside Myanmar,myanmar_2025-06-05
27.7,100.9,Outside Myanmar,myanmar_2025-06-05
27.7,101.0,Outside Myanmar,myanmar_2025-06-05
27.7,101.1,Outside Myanmar,myanmar_2025-06-05
27.7,101.2,Outside Myanmar,myanmar_2025-06-05
27.7,101.3,Outside Myanmar,myanmar_2025-06-05
27.7,101.4,Outside Myanmar,myanmar_2025-06-05
27.8,92.0,Outside Myanmar,myanmar_2025-06-05
27.8,92.1,Outside Myanmar,myanmar_2025-06-05
27.8,92.2,Outside Myanmar,myanmar_2025-06-05
27.8,92.3,Outside Myanmar,myanmar_2025-06-05
27.8,92.4,Outside Myanmar,myanmar_2025-06-05
27.8,92.5,Outside Myanmar,myanmar_2025-06-05
27.8,92.6,Outside Myanmar,myanmar_2025-06-05
27.8,92.7,Outside Myanmar,myanmar_2025-06-05
27.8,92.8,Outside Myanmar,myanmar_2025-06-05
27.8,92.9,Outside Myanmar,myanmar_2025-06-05
27.8,93.0,Outside Myanmar,myanmar_2025-06-05
27.8,93.1,Outside Myanmar,myanmar_2025-06-05
27.8,93.2,Outside Myanmar,myanmar_2025-06-05
27.8,93.3,Outside Myanmar,myanmar_2025-06-05
27.8,93.4,Outside Myanmar,myanmar_2025-06-05
27.8,93.5,Outside Myanmar,myanmar_2025-06-05
27.8,93.6,Outside Myanmar,myanmar_2025-06-05
27.8,93.7,Outside Myanmar,myanmar_2025-06-05
27.8,93.8,Outside Myanmar,myanmar_2025-06-05
27.8,93.9,Outside Myanmar,myanmar_2025-06-05
27.8,94.0,Outside Myanmar,myanmar_2025-06-05
27.8,94.1,Outside Myanmar,myanmar_2025-06-05
27.8,94.2,Outside Myanmar,myanmar_2025-06-05
27.8,94.3,Outside Myanmar,myanmar_2025-06-05
27.8,94.4,Outside Myanmar,myanmar_2025-06-05
27.8,94.5,Outside Myanmar,myanmar_2025-06-05
27.8,94.6,Outside Myanmar,myanmar_2025-06-05
27.8,94.7,Outside Myanmar,myanmar_2025-06-05
27.8,94.8,Outside Myanmar,myanmar_2025-06-05
27.8,94.9,Outside Myanmar,myanmar_2025-06-05
27.8,95.0,Outside Myanmar,myanmar_2025-06-05
27.8,95.1,Outside Myanmar,myanmar_2025-06-05
27.8,95.2,Outside Myanmar,myanmar_2025-06-05
27.8,95.3,Outside Myanmar,myanmar_2025-06-05
27.8,95.4,Outside Myanmar,myanmar_2025-06-05
27.8,95.5,Outside Myanmar,myanmar_2025-06-05
27.8,95.6,Outside Myanmar,myanmar_2025-06-05
27.8,95.7,Outside Myanmar,myanmar_2025-06-05
27.8,95.8,Outside Myanmar,myanmar_2025-06-05
27.8,95.9,Outside Myanmar,myanmar_2025-06-05
27.8,96.0,Outside Myanmar,myanmar_2025-06-05
27.8,96.1,Outside Myanmar,myanmar_2025-06-05
27.8,96.2,Outside Myanmar,myanmar_2025-06-05
27.8,96.3,Outside Myanmar,myanmar_2025-06-05
27.8,96.4,Outside Myanmar,myanmar_2025-06-05
27.8,96.5,Outside Myanmar,myanmar_2025-06-05
27.8,96.6,Outside Myanmar,myanmar_2025-06-05
27.8,96.7,Outside Myanmar,myanmar_2025-06-05
27.8,96.8,Outside Myanmar,myanmar_2025-06-05
27.8,96.9,Outside Myanmar,myanmar_2025-06-05
27.8,97.0,Outside Myanmar,myanmar_2025-06-05
27.8,97.1,Outside Myanmar,myanmar_2025-06-05
27.8,97.2,Junta,myanmar_2025-06-05
27.8,97.3,Junta,myanmar_2025-06-05
27.8,97.4,Junta,myanmar_2025-06-05
27.8,97.5,Junta,myanmar_2025-06-05
27.8,97.6,Junta,myanmar_2025-06-05
27.8,97.7,Junta,myanmar_2025-06-05
27.8,97.8,Junta,myanmar_2025-06-05
27.8,97.9,Junta,myanmar_2025-06-05
27.8,98.0,Junta,myanmar_2025-06-05
27.8,98.1,Junta,myanmar_2025-06-05
27.8,98.2,Outside Myanmar,myanmar_2025-06-05
27.8,98.3,Outside Myanmar,myanmar_2025-06-05
27.8,98.4,Outside Myanmar,myanmar_2025-06-05
27.8,98.5,Outside Myanmar,myanmar_2025-06-05
27.8,98.6,Outside Myanmar,myanmar_2025-06-05
27.8,98.7,Outside Myanmar,myanmar_2025-06-05
27.8,98.8,Outside Myanmar,myanmar_2025-06-05
27.8,98.9,Outside Myanmar,myanmar_2025-06-05
27.8,99.0,Outside Myanmar,myanmar_2025-06-05
27.8,99.1,Outside Myanmar,myanmar_2025-06-05
27.8,99.2,Outside Myanmar,myanmar_2025-06-05
27.8,99.3,Outside Myanmar,myanmar_2025-06-05
27.8,99.4,Outside Myanmar,myanmar_2025-06-05
27.8,99.5,Outside Myanmar,myanmar_2025-06-05
27.8,99.6,Outside Myanmar,myanmar_2025-06-05
27.8,99.7,Outside Myanmar,myanmar_2025-06-05
27.8,99.8,Outside Myanmar,myanmar_2025-06-05
27.8,99.9,Outside Myanmar,myanmar_2025-06-05
27.8,100.0,Outside Myanmar,myanmar_2025-06-05
27.8,100.1,Outside Myanmar,myanmar_2025-06-05
27.8,100.2,Outside Myanmar,myanmar_2025-06-05
27.8,100.3,Outside Myanmar,myanmar_2025-06-05
27.8,100.4,Outside Myanmar,myanmar_2025-06-05
27.8,100.5,Outside Myanmar,myanmar_2025-06-05
27.8,100.6,Outside Myanmar,myanmar_2025-06-05
27.8,100.7,Outside Myanmar,myanmar_2025-06-05
27.8,100.8,Outside Myanmar,myanmar_2025-06-05
27.8,100.9,Outside Myanmar,myanmar_2025-06-05
27.8,101.0,Outside Myanmar,myanmar_2025-06-05
27.8,101.1,Outside Myanmar,myanmar_2025-06-05
27.8,101.2,Outside Myanmar,myanmar_2025-06-05
27.8,101.3,Outside Myanmar,myanmar_2025-06-05
27.8,101.4,Outside Myanmar,myanmar_2025-06-05
27.9,92.0,Outside Myanmar,myanmar_2025-06-05
27.9,92.1,Outside Myanmar,myanmar_2025-06-05
27.9,92.2,Outside Myanmar,myanmar_2025-06-05
27.9,92.3,Outside Myanmar,myanmar_2025-06-05
27.9,92.4,Outside Myanmar,myanmar_2025-06-05
27.9,92.5,Outside Myanmar,myanmar_2025-06-05
27.9,92.6,Outside Myanmar,myanmar_2025-06-05
27.9,92.7,Outside Myanmar,myanmar_2025-06-05
27.9,92.8,Outside Myanmar,myanmar_2025-06-05
27.9,92.9,Outside Myanmar,myanmar_2025-06-05
27.9,93.0,Outside Myanmar,myanmar_2025-06-05
27.9,93.1,Outside Myanmar,myanmar_2025-06-05
27.9,93.2,Outside Myanmar,myanmar_2025-06-05
27.9,93.3,Outside Myanmar,myanmar_2025-06-05
27.9,93.4,Outside Myanmar,myanmar_2025-06-05
27.9,93.5,Outside Myanmar,myanmar_2025-06-05
27.9,93.6,Outside Myanmar,myanmar_2025-06-05
27.9,93.7,Outside Myanmar,myanmar_2025-06-05
27.9,93.8,Outside Myanmar,myanmar_2025-06-05
27.9,93.9,Outside Myanmar,myanmar_2025-06-05
27.9,94.0,Outside Myanmar,myanmar_2025-06-05
27.9,94.1,Outside Myanmar,myanmar_2025-06-05
27.9,94.2,Outside Myanmar,myanmar_2025-06-05
27.9,94.3,Outside Myanmar,myanmar_2025-06-05
27.9,94.4,Outside Myanmar,myanmar_2025-06-05
27.9,94.5,Outside Myanmar,myanmar_2025-06-05
27.9,94.6,Outside Myanmar,myanmar_2025-06-05
27.9,94.7,Outside Myanmar,myanmar_2025-06-05
27.9,94.8,Outside Myanmar,myanmar_2025-06-05
27.9,94.9,Outside Myanmar,myanmar_2025-06-05
27.9,95.0,Outside Myanmar,myanmar_2025-06-05
27.9,95.1,Outside Myanmar,myanmar_2025-06-05
27.9,95.2,Outside Myanmar,myanmar_2025-06-05
27.9,95.3,Outside Myanmar,myanmar_2025-06-05
27.9,95.4,Outside Myanmar,myanmar_2025-06-05
27.9,95.5,Outside Myanmar,myanmar_2025-06-05
27.9,95.6,Outside Myanmar,myanmar_2025-06-05
27.9,95.7,Outside Myanmar,myanmar_2025-06-05
27.9,95.8,Outside Myanmar,myanmar_2025-06-05
27.9,95.9,Outside Myanmar,myanmar_2025-06-05
27.9,96.0,Outside Myanmar,myanmar_2025-06-05
27.9,96.1,Outside Myanmar,myanmar_2025-06-05
27.9,96.2,Outside Myanmar,myanmar_2025-06-05
27.9,96.3,Outside Myanmar,myanmar_2025-06-05
27.9,96.4,Outside Myanmar,myanmar_2025-06-05
27.9,96.5,Outside Myanmar,myanmar_2025-06-05
27.9,96.6,Outside Myanmar,myanmar_2025-06-05
27.9,96.7,Outside Myanmar,myanmar_2025-06-05
27.9,96.8,Outside Myanmar,myanmar_2025-06-05
27.9,96.9,Outside Myanmar,myanmar_2025-06-05
27.9,97.0,Outside Myanmar,myanmar_2025-06-05
27.9,97.1,Outside Myanmar,myanmar_2025-06-05
27.9,97.2,Outside Myanmar,myanmar_2025-06-05
27.9,97.3,Junta,myanmar_2025-06-05
27.9,97.4,Junta,myanmar_2025-06-05
27.9,97.5,Junta,myanmar_2025-06-05
27.9,97.6,Junta,myanmar_2025-06-05
27.9,97.7,Junta,myanmar_2025-06-05
27.9,97.8,Junta,myanmar_2025-06-05
27.9,97.9,Junta,myanmar_2025-06-05
27.9,98.0,Junta,myanmar_2025-06-05
27.9,98.1,Junta,myanmar_2025-06-05
27.9,98.2,Outside Myanmar,myanmar_2025-06-05
27.9,98.3,Outside Myanmar,myanmar_2025-06-05
27.9,98.4,Outside Myanmar,myanmar_2025-06-05
27.9,98.5,Outside Myanmar,myanmar_2025-06-05
27.9,98.6,Outside Myanmar,myanmar_2025-06-05
27.9,98.7,Outside Myanmar,myanmar_2025-06-05
27.9,98.8,Outside Myanmar,myanmar_2025-06-05
27.9,98.9,Outside Myanmar,myanmar_2025-06-05
27.9,99.0,Outside Myanmar,myanmar_2025-06-05
27.9,99.1,Outside Myanmar,myanmar_2025-06-05
27.9,99.2,Outside Myanmar,myanmar_2025-06-05
27.9,99.3,Outside Myanmar,myanmar_2025-06-05
27.9,99.4,Outside Myanmar,myanmar_2025-06-05
27.9,99.5,Outside Myanmar,myanmar_2025-06-05
27.9,99.6,Outside Myanmar,myanmar_2025-06-05
27.9,99.7,Outside Myanmar,myanmar_2025-06-05
27.9,99.8,Outside Myanmar,myanmar_2025-06-05
27.9,99.9,Outside Myanmar,myanmar_2025-06-05
27.9,100.0,Outside Myanmar,myanmar_2025-06-05
27.9,100.1,Outside Myanmar,myanmar_2025-06-05
27.9,100.2,Outside Myanmar,myanmar_2025-06-05
27.9,100.3,Outside Myanmar,myanmar_2025-06-05
27.9,100.4,Outside Myanmar,myanmar_2025-06-05
27.9,100.5,Outside Myanmar,myanmar_2025-06-05
27.9,100.6,Outside Myanmar,myanmar_2025-06-05
27.9,100.7,Outside Myanmar,myanmar_2025-06-05
27.9,100.8,Outside Myanmar,myanmar_2025-06-05
27.9,100.9,Outside Myanmar,myanmar_2025-06-05
27.9,101.0,Outside Myanmar,myanmar_2025-06-05
27.9,101.1,Outside Myanmar,myanmar_2025-06-05
27.9,101.2,Outside Myanmar,myanmar_2025-06-05
27.9,101.3,Outside Myanmar,myanmar_2025-06-05
27.9,101.4,Outside Myanmar,myanmar_2025-06-05
28.0,92.0,Outside Myanmar,myanmar_2025-06-05
28.0,92.1,Outside Myanmar,myanmar_2025-06-05
28.0,92.2,Outside Myanmar,myanmar_2025-06-05
28.0,92.3,Outside Myanmar,myanmar_2025-06-05
28.0,92.4,Outside Myanmar,myanmar_2025-06-05
28.0,92.5,Outside Myanmar,myanmar_2025-06-05
28.0,92.6,Outside Myanmar,myanmar_2025-06-05
28.0,92.7,Outside Myanmar,myanmar_2025-06-05
28.0,92.8,Outside Myanmar,myanmar_2025-06-05
28.0,92.9,Outside Myanmar,myanmar_2025-06-05
28.0,93.0,Outside Myanmar,myanmar_2025-06-05
28.0,93.1,Outside Myanmar,myanmar_2025-06-05
28.0,93.2,Outside Myanmar,myanmar_2025-06-05
28.0,93.3,Outside Myanmar,myanmar_2025-06-05
28.0,93.4,Outside Myanmar,myanmar_2025-06-05
28.0,93.5,Outside Myanmar,myanmar_2025-06-05
28.0,93.6,Outside Myanmar,myanmar_2025-06-05
28.0,93.7,Outside Myanmar,myanmar_2025-06-05
28.0,93.8,Outside Myanmar,myanmar_2025-06-05
28.0,93.9,Outside Myanmar,myanmar_2025-06-05
28.0,94.0,Outside Myanmar,myanmar_2025-06-05
28.0,94.1,Outside Myanmar,myanmar_2025-06-05
28.0,94.2,Outside Myanmar,myanmar_2025-06-05
28.0,94.3,Outside Myanmar,myanmar_2025-06-05
28.0,94.4,Outside Myanmar,myanmar_2025-06-05
28.0,94.5,Outside Myanmar,myanmar_2025-06-05
28.0,94.6,Outside Myanmar,myanmar_2025-06-05
28.0,94.7,Outside Myanmar,myanmar_2025-06-05
28.0,94.8,Outside Myanmar,myanmar_2025-06-05
28.0,94.9,Outside Myanmar,myanmar_2025-06-05
28.0,95.0,Outside Myanmar,myanmar_2025-06-05
28.0,95.1,Outside Myanmar,myanmar_2025-06-05
28.0,95.2,Outside Myanmar,myanmar_2025-06-05
28.0,95.3,Outside Myanmar,myanmar_2025-06-05
28.0,95.4,Outside Myanmar,myanmar_2025-06-05
28.0,95.5,Outside Myanmar,myanmar_2025-06-05
28.0,95.6,Outside Myanmar,myanmar_2025-06-05
28.0,95.7,Outside Myanmar,myanmar_2025-06-05
28.0,95.8,Outside Myanmar,myanmar_2025-06-05
28.0,95.9,Outside Myanmar,myanmar_2025-06-05
28.0,96.0,Outside Myanmar,myanmar_2025-06-05
28.0,96.1,Outside Myanmar,myanmar_2025-06-05
28.0,96.2,Outside Myanmar,myanmar_2025-06-05
28.0,96.3,Outside Myanmar,myanmar_2025-06-05
28.0,96.4,Outside Myanmar,myanmar_2025-06-05
28.0,96.5,Outside Myanmar,myanmar_2025-06-05
28.0,96.6,Outside Myanmar,myanmar_2025-06-05
28.0,96.7,Outside Myanmar,myanmar_2025-06-05
28.0,96.8,Outside Myanmar,myanmar_2025-06-05
28.0,96.9,Outside Myanmar,myanmar_2025-06-05
28.0,97.0,Outside Myanmar,myanmar_2025-06-05
28.0,97.1,Outside Myanmar,myanmar_2025-06-05
28.0,97.2,Outside Myanmar,myanmar_2025-06-05
28.0,97.3,Outside Myanmar,myanmar_2025-06-05
28.0,97.4,Junta,myanmar_2025-06-05
28.0,97.5,Junta,myanmar_2025-06-05
28.0,97.6,Junta,myanmar_2025-06-05
28.0,97.7,Junta,myanmar_2025-06-05
28.0,97.8,Junta,myanmar_2025-06-05
28.0,97.9,Junta,myanmar_2025-06-05
28.0,98.0,Junta,myanmar_2025-06-05
28.0,98.1,Junta,myanmar_2025-06-05
28.0,98.2,Outside Myanmar,myanmar_2025-06-05
28.0,98.3,Outside Myanmar,myanmar_2025-06-05
28.0,98.4,Outside Myanmar,myanmar_2025-06-05
28.0,98.5,Outside Myanmar,myanmar_2025-06-05
28.0,98.6,Outside Myanmar,myanmar_2025-06-05
28.0,98.7,Outside Myanmar,myanmar_2025-06-05
28.0,98.8,Outside Myanmar,myanmar_2025-06-05
28.0,98.9,Outside Myanmar,myanmar_2025-06-05
28.0,99.0,Outside Myanmar,myanmar_2025-06-05
28.0,99.1,Outside Myanmar,myanmar_2025-06-05
28.0,99.2,Outside Myanmar,myanmar_2025-06-05
28.0,99.3,Outside Myanmar,myanmar_2025-06-05
28.0,99.4,Outside Myanmar,myanmar_2025-06-05
28.0,99.5,Outside Myanmar,myanmar_2025-06-05
28.0,99.6,Outside Myanmar,myanmar_2025-06-05
28.0,99.7,Outside Myanmar,myanmar_2025-06-05
28.0,99.8,Outside Myanmar,myanmar_2025-06-05
28.0,99.9,Outside Myanmar,myanmar_2025-06-05
28.0,100.0,Outside Myanmar,myanmar_2025-06-05
28.0,100.1,Outside Myanmar,myanmar_2025-06-05
28.0,100.2,Outside Myanmar,myanmar_2025-06-05
28.0,100.3,Outside Myanmar,myanmar_2025-06-05
28.0,100.4,Outside Myanmar,myanmar_2025-06-05
28.0,100.5,Outside Myanmar,myanmar_2025-06-05
28.0,100.6,Outside Myanmar,myanmar_2025-06-05
28.0,100.7,Outside Myanmar,myanmar_2025-06-05
28.0,100.8,Outside Myanmar,myanmar_2025-06-05
28.0,100.9,Outside Myanmar,myanmar_2025-06-05
28.0,101.0,Outside Myanmar,myanmar_2025-06-05
28.0,101.1,Outside Myanmar,myanmar_2025-06-05
28.0,101.2,Outside Myanmar,myanmar_2025-06-05
28.0,101.3,Outside Myanmar,myanmar_2025-06-05
28.0,101.4,Outside Myanmar,myanmar_2025-06-05
28.1,92.0,Outside Myanmar,myanmar_2025-06-05
28.1,92.1,Outside Myanmar,myanmar_2025-06-05
28.1,92.2,Outside Myanmar,myanmar_2025-06-05
28.1,92.3,Outside Myanmar,myanmar_2025-06-05
28.1,92.4,Outside Myanmar,myanmar_2025-06-05
28.1,92.5,Outside Myanmar,myanmar_2025-06-05
28.1,92.6,Outside Myanmar,myanmar_2025-06-05
28.1,92.7,Outside Myanmar,myanmar_2025-06-05
28.1,92.8,Outside Myanmar,myanmar_2025-06-05
28.1,92.9,Outside Myanmar,myanmar_2025-06-05
28.1,93.0,Outside Myanmar,myanmar_2025-06-05
28.1,93.1,Outside Myanmar,myanmar_2025-06-05
28.1,93.2,Outside Myanmar,myanmar_2025-06-05
28.1,93.3,Outside Myanmar,myanmar_2025-06-05
28.1,93.4,Outside Myanmar,myanmar_2025-06-05
28.1,93.5,Outside Myanmar,myanmar_2025-06-05
28.1,93.6,Outside Myanmar,myanmar_2025-06-05
28.1,93.7,Outside Myanmar,myanmar_2025-06-05
28.1,93.8,Outside Myanmar,myanmar_2025-06-05
28.1,93.9,Outside Myanmar,myanmar_2025-06-05
28.1,94.0,Outside Myanmar,myanmar_2025-06-05
28.1,94.1,Outside Myanmar,myanmar_2025-06-05
28.1,94.2,Outside Myanmar,myanmar_2025-06-05
28.1,94.3,Outside Myanmar,myanmar_2025-06-05
28.1,94.4,Outside Myanmar,myanmar_2025-06-05
28.1,94.5,Outside Myanmar,myanmar_2025-06-05
28.1,94.6,Outside Myanmar,myanmar_2025-06-05
28.1,94.7,Outside Myanmar,myanmar_2025-06-05
28.1,94.8,Outside Myanmar,myanmar_2025-06-05
28.1,94.9,Outside Myanmar,myanmar_2025-06-05
28.1,95.0,Outside Myanmar,myanmar_2025-06-05
28.1,95.1,Outside Myanmar,myanmar_2025-06-05
28.1,95.2,Outside Myanmar,myanmar_2025-06-05
28.1,95.3,Outside Myanmar,myanmar_2025-06-05
28.1,95.4,Outside Myanmar,myanmar_2025-06-05
28.1,95.5,Outside Myanmar,myanmar_2025-06-05
28.1,95.6,Outside Myanmar,myanmar_2025-06-05
28.1,95.7,Outside Myanmar,myanmar_2025-06-05
28.1,95.8,Outside Myanmar,myanmar_2025-06-05
28.1,95.9,Outside Myanmar,myanmar_2025-06-05
28.1,96.0,Outside Myanmar,myanmar_2025-06-05
28.1,96.1,Outside Myanmar,myanmar_2025-06-05
28.1,96.2,Outside Myanmar,myanmar_2025-06-05
28.1,96.3,Outside Myanmar,myanmar_2025-06-05
28.1,96.4,Outside Myanmar,myanmar_2025-06-05
28.1,96.5,Outside Myanmar,myanmar_2025-06-05
28.1,96.6,Outside Myanmar,myanmar_2025-06-05
28.1,96.7,Outside Myanmar,myanmar_2025-06-05
28.1,96.8,Outside Myanmar,myanmar_2025-06-05
28.1,96.9,Outside Myanmar,myanmar_2025-06-05
28.1,97.0,Outside Myanmar,myanmar_2025-06-05
28.1,97.1,Outside Myanmar,myanmar_2025-06-05
28.1,97.2,Outside Myanmar,myanmar_2025-06-05
28.1,97.3,Outside Myanmar,myanmar_2025-06-05
28.1,97.4,Junta,myanmar_2025-06-05
28.1,97.5,Junta,myanmar_2025-06-05
28.1,97.6,Junta,myanmar_2025-06-05
28.1,97.7,Junta,myanmar_2025-06-05
28.1,97.8,Junta,myanmar_2025-06-05
28.1,97.9,Junta,myanmar_2025-06-05
28.1,98.0,Junta,myanmar_2025-06-05
28.1,98.1,Junta,myanmar_2025-06-05
28.1,98.2,Outside Myanmar,myanmar_2025-06-05
28.1,98.3,Outside Myanmar,myanmar_2025-06-05
28.1,98.4,Outside Myanmar,myanmar_2025-06-05
28.1,98.5,Outside Myanmar,myanmar_2025-06-05
28.1,98.6,Outside Myanmar,myanmar_2025-06-05
28.1,98.7,Outside Myanmar,myanmar_2025-06-05
28.1,98.8,Outside Myanmar,myanmar_2025-06-05
28.1,98.9,Outside Myanmar,myanmar_2025-06-05
28.1,99.0,Outside Myanmar,myanmar_2025-06-05
28.1,99.1,Outside Myanmar,myanmar_2025-06-05
28.1,99.2,Outside Myanmar,myanmar_2025-06-05
28.1,99.3,Outside Myanmar,myanmar_2025-06-05
28.1,99.4,Outside Myanmar,myanmar_2025-06-05
28.1,99.5,Outside Myanmar,myanmar_2025-06-05
28.1,99.6,Outside Myanmar,myanmar_2025-06-05
28.1,99.7,Outside Myanmar,myanmar_2025-06-05
28.1,99.8,Outside Myanmar,myanmar_2025-06-05
28.1,99.9,Outside Myanmar,myanmar_2025-06-05
28.1,100.0,Outside Myanmar,myanmar_2025-06-05
28.1,100.1,Outside Myanmar,myanmar_2025-06-05
28.1,100.2,Outside Myanmar,myanmar_2025-06-05
28.1,100.3,Outside Myanmar,myanmar_2025-06-05
28.1,100.4,Outside Myanmar,myanmar_2025-06-05
28.1,100.5,Outside Myanmar,myanmar_2025-06-05
28.1,100.6,Outside Myanmar,myanmar_2025-06-05
28.1,100.7,Outside Myanmar,myanmar_2025-06-05
28.1,100.8,Outside Myanmar,myanmar_2025-06-05
28.1,100.9,Outside Myanmar,myanmar_2025-06-05
28.1,101.0,Outside Myanmar,myanmar_2025-06-05
28.1,101.1,Outside Myanmar,myanmar_2025-06-05
28.1,101.2,Outside Myanmar,myanmar_2025-06-05
28.1,101.3,Outside Myanmar,myanmar_2025-06-05
28.1,101.4,Outside Myanmar,myanmar_2025-06-05
28.2,92.0,Outside Myanmar,myanmar_2025-06-05
28.2,92.1,Outside Myanmar,myanmar_2025-06-05
28.2,92.2,Outside Myanmar,myanmar_2025-06-05
28.2,92.3,Outside Myanmar,myanmar_2025-06-05
28.2,92.4,Outside Myanmar,myanmar_2025-06-05
28.2,92.5,Outside Myanmar,myanmar_2025-06-05
28.2,92.6,Outside Myanmar,myanmar_2025-06-05
28.2,92.7,Outside Myanmar,myanmar_2025-06-05
28.2,92.8,Outside Myanmar,myanmar_2025-06-05
28.2,92.9,Outside Myanmar,myanmar_2025-06-05
28.2,93.0,Outside Myanmar,myanmar_2025-06-05
28.2,93.1,Outside Myanmar,myanmar_2025-06-05
28.2,93.2,Outside Myanmar,myanmar_2025-06-05
28.2,93.3,Outside Myanmar,myanmar_2025-06-05
28.2,93.4,Outside Myanmar,myanmar_2025-06-05
28.2,93.5,Outside Myanmar,myanmar_2025-06-05
28.2,93.6,Outside Myanmar,myanmar_2025-06-05
28.2,93.7,Outside Myanmar,myanmar_2025-06-05
28.2,93.8,Outside Myanmar,myanmar_2025-06-05
28.2,93.9,Outside Myanmar,myanmar_2025-06-05
28.2,94.0,Outside Myanmar,myanmar_2025-06-05
28.2,94.1,Outside Myanmar,myanmar_2025-06-05
28.2,94.2,Outside Myanmar,myanmar_2025-06-05
28.2,94.3,Outside Myanmar,myanmar_2025-06-05
28.2,94.4,Outside Myanmar,myanmar_2025-06-05
28.2,94.5,Outside Myanmar,myanmar_2025-06-05
28.2,94.6,Outside Myanmar,myanmar_2025-06-05
28.2,94.7,Outside Myanmar,myanmar_2025-06-05
28.2,94.8,Outside Myanmar,myanmar_2025-06-05
28.2,94.9,Outside Myanmar,myanmar_2025-06-05
28.2,95.0,Outside Myanmar,myanmar_2025-06-05
28.2,95.1,Outside Myanmar,myanmar_2025-06-05
28.2,95.2,Outside Myanmar,myanmar_2025-06-05
28.2,95.3,Outside Myanmar,myanmar_2025-06-05
28.2,95.4,Outside Myanmar,myanmar_2025-06-05
28.2,95.5,Outside Myanmar,myanmar_2025-06-05
28.2,95.6,Outside Myanmar,myanmar_2025-06-05
28.2,95.7,Outside Myanmar,myanmar_2025-06-05
28.2,95.8,Outside Myanmar,myanmar_2025-06-05
28.2,95.9,Outside Myanmar,myanmar_2025-06-05
28.2,96.0,Outside Myanmar,myanmar_2025-06-05
28.2,96.1,Outside Myanmar,myanmar_2025-06-05
28.2,96.2,Outside Myanmar,myanmar_2025-06-05
28.2,96.3,Outside Myanmar,myanmar_2025-06-05
28.2,96.4,Outside Myanmar,myanmar_2025-06-05
28.2,96.5,Outside Myanmar,myanmar_2025-06-05
28.2,96.6,Outside Myanmar,myanmar_2025-06-05
28.2,96.7,Outside Myanmar,myanmar_2025-06-05
28.2,96.8,Outside Myanmar,myanmar_2025-06-05
28.2,96.9,Outside Myanmar,myanmar_2025-06-05
28.2,97.0,Outside Myanmar,myanmar_2025-06-05
28.2,97.1,Outside Myanmar,myanmar_2025-06-05
28.2,97.2,Outside Myanmar,myanmar_2025-06-05
28.2,97.3,Outside Myanmar,myanmar_2025-06-05
28.2,97.4,Junta,myanmar_2025-06-05
28.2,97.5,Junta,myanmar_2025-06-05
28.2,97.6,Junta,myanmar_2025-06-05
28.2,97.7,Junta,myanmar_2025-06-05
28.2,97.8,Junta,myanmar_2025-06-05
28.2,97.9,Junta,myanmar_2025-06-05
28.2,98.0,Junta,myanmar_2025-06-05
28.2,98.1,Outside Myanmar,myanmar_2025-06-05
28.2,98.2,Outside Myanmar,myanmar_2025-06-05
28.2,98.3,Outside Myanmar,myanmar_2025-06-05
28.2,98.4,Outside Myanmar,myanmar_2025-06-05
28.2,98.5,Outside Myanmar,myanmar_2025-06-05
28.2,98.6,Outside Myanmar,myanmar_2025-06-05
28.2,98.7,Outside Myanmar,myanmar_2025-06-05
28.2,98.8,Outside Myanmar,myanmar_2025-06-05
28.2,98.9,Outside Myanmar,myanmar_2025-06-05
28.2,99.0,Outside Myanmar,myanmar_2025-06-05
28.2,99.1,Outside Myanmar,myanmar_2025-06-05
28.2,99.2,Outside Myanmar,myanmar_2025-06-05
28.2,99.3,Outside Myanmar,myanmar_2025-06-05
28.2,99.4,Outside Myanmar,myanmar_2025-06-05
28.2,99.5,Outside Myanmar,myanmar_2025-06-05
28.2,99.6,Outside Myanmar,myanmar_2025-06-05
28.2,99.7,Outside Myanmar,myanmar_2025-06-05
28.2,99.8,Outside Myanmar,myanmar_2025-06-05
28.2,99.9,Outside Myanmar,myanmar_2025-06-05
28.2,100.0,Outside Myanmar,myanmar_2025-06-05
28.2,100.1,Outside Myanmar,myanmar_2025-06-05
28.2,100.2,Outside Myanmar,myanmar_2025-06-05
28.2,100.3,Outside Myanmar,myanmar_2025-06-05
28.2,100.4,Outside Myanmar,myanmar_2025-06-05
28.2,100.5,Outside Myanmar,myanmar_2025-06-05
28.2,100.6,Outside Myanmar,myanmar_2025-06-05
28.2,100.7,Outside Myanmar,myanmar_2025-06-05
28.2,100.8,Outside Myanmar,myanmar_2025-06-05
28.2,100.9,Outside Myanmar,myanmar_2025-06-05
28.2,101.0,Outside Myanmar,myanmar_2025-06-05
28.2,101.1,Outside Myanmar,myanmar_2025-06-05
28.2,101.2,Outside Myanmar,myanmar_2025-06-05
28.2,101.3,Outside Myanmar,myanmar_2025-06-05
28.2,101.4,Outside Myanmar,myanmar_2025-06-05
28.3,92.0,Outside Myanmar,myanmar_2025-06-05
28.3,92.1,Outside Myanmar,myanmar_2025-06-05
28.3,92.2,Outside Myanmar,myanmar_2025-06-05
28.3,92.3,Outside Myanmar,myanmar_2025-06-05
28.3,92.4,Outside Myanmar,myanmar_2025-06-05
28.3,92.5,Outside Myanmar,myanmar_2025-06-05
28.3,92.6,Outside Myanmar,myanmar_2025-06-05
28.3,92.7,Outside Myanmar,myanmar_2025-06-05
28.3,92.8,Outside Myanmar,myanmar_2025-06-05
28.3,92.9,Outside Myanmar,myanmar_2025-06-05
28.3,93.0,Outside Myanmar,myanmar_2025-06-05
28.3,93.1,Outside Myanmar,myanmar_2025-06-05
28.3,93.2,Outside Myanmar,myanmar_2025-06-05
28.3,93.3,Outside Myanmar,myanmar_2025-06-05
28.3,93.4,Outside Myanmar,myanmar_2025-06-05
28.3,93.5,Outside Myanmar,myanmar_2025-06-05
28.3,93.6,Outside Myanmar,myanmar_2025-06-05
28.3,93.7,Outside Myanmar,myanmar_2025-06-05
28.3,93.8,Outside Myanmar,myanmar_2025-06-05
28.3,93.9,Outside Myanmar,myanmar_2025-06-05
28.3,94.0,Outside Myanmar,myanmar_2025-06-05
28.3,94.1,Outside Myanmar,myanmar_2025-06-05
28.3,94.2,Outside Myanmar,myanmar_2025-06-05
28.3,94.3,Outside Myanmar,myanmar_2025-06-05
28.3,94.4,Outside Myanmar,myanmar_2025-06-05
28.3,94.5,Outside Myanmar,myanmar_2025-06-05
28.3,94.6,Outside Myanmar,myanmar_2025-06-05
28.3,94.7,Outside Myanmar,myanmar_2025-06-05
28.3,94.8,Outside Myanmar,myanmar_2025-06-05
28.3,94.9,Outside Myanmar,myanmar_2025-06-05
28.3,95.0,Outside Myanmar,myanmar_2025-06-05
28.3,95.1,Outside Myanmar,myanmar_2025-06-05
28.3,95.2,Outside Myanmar,myanmar_2025-06-05
28.3,95.3,Outside Myanmar,myanmar_2025-06-05
28.3,95.4,Outside Myanmar,myanmar_2025-06-05
28.3,95.5,Outside Myanmar,myanmar_2025-06-05
28.3,95.6,Outside Myanmar,myanmar_2025-06-05
28.3,95.7,Outside Myanmar,myanmar_2025-06-05
28.3,95.8,Outside Myanmar,myanmar_2025-06-05
28.3,95.9,Outside Myanmar,myanmar_2025-06-05
28.3,96.0,Outside Myanmar,myanmar_2025-06-05
28.3,96.1,Outside Myanmar,myanmar_2025-06-05
28.3,96.2,Outside Myanmar,myanmar_2025-06-05
28.3,96.3,Outside Myanmar,myanmar_2025-06-05
28.3,96.4,Outside Myanmar,myanmar_2025-06-05
28.3,96.5,Outside Myanmar,myanmar_2025-06-05
28.3,96.6,Outside Myanmar,myanmar_2025-06-05
28.3,96.7,Outside Myanmar,myanmar_2025-06-05
28.3,96.8,Outside Myanmar,myanmar_2025-06-05
28.3,96.9,Outside Myanmar,myanmar_2025-06-05
28.3,97.0,Outside Myanmar,myanmar_2025-06-05
28.3,97.1,Outside Myanmar,myanmar_2025-06-05
28.3,97.2,Outside Myanmar,myanmar_2025-06-05
28.3,97.3,Outside Myanmar,myanmar_2025-06-05
28.3,97.4,Junta,myanmar_2025-06-05
28.3,97.5,Junta,myanmar_2025-06-05
28.3,97.6,Junta,myanmar_2025-06-05
28.3,97.7,Junta,myanmar_2025-06-05
28.3,97.8,Junta,myanmar_2025-06-05
28.3,97.9,Junta,myanmar_2025-06-05
28.3,98.0,Outside Myanmar,myanmar_2025-06-05
28.3,98.1,Outside Myanmar,myanmar_2025-06-05
28.3,98.2,Outside Myanmar,myanmar_2025-06-05
28.3,98.3,Outside Myanmar,myanmar_2025-06-05
28.3,98.4,Outside Myanmar,myanmar_2025-06-05
28.3,98.5,Outside Myanmar,myanmar_2025-06-05
28.3,98.6,Outside Myanmar,myanmar_2025-06-05
28.3,98.7,Outside Myanmar,myanmar_2025-06-05
28.3,98.8,Outside Myanmar,myanmar_2025-06-05
28.3,98.9,Outside Myanmar,myanmar_2025-06-05
28.3,99.0,Outside Myanmar,myanmar_2025-06-05
28.3,99.1,Outside Myanmar,myanmar_2025-06-05
28.3,99.2,Outside Myanmar,myanmar_2025-06-05
28.3,99.3,Outside Myanmar,myanmar_2025-06-05
28.3,99.4,Outside Myanmar,myanmar_2025-06-05
28.3,99.5,Outside Myanmar,myanmar_2025-06-05
28.3,99.6,Outside Myanmar,myanmar_2025-06-05
28.3,99.7,Outside Myanmar,myanmar_2025-06-05
28.3,99.8,Outside Myanmar,myanmar_2025-06-05
28.3,99.9,Outside Myanmar,myanmar_2025-06-05
28.3,100.0,Outside Myanmar,myanmar_2025-06-05
28.3,100.1,Outside Myanmar,myanmar_2025-06-05
28.3,100.2,Outside Myanmar,myanmar_2025-06-05
28.3,100.3,Outside Myanmar,myanmar_2025-06-05
28.3,100.4,Outside Myanmar,myanmar_2025-06-05
28.3,100.5,Outside Myanmar,myanmar_2025-06-05
28.3,100.6,Outside Myanmar,myanmar_2025-06-05
28.3,100.7,Outside Myanmar,myanmar_2025-06-05
28.3,100.8,Outside Myanmar,myanmar_2025-06-05
28.3,100.9,Outside Myanmar,myanmar_2025-06-05
28.3,101.0,Outside Myanmar,myanmar_2025-06-05
28.3,101.1,Outside Myanmar,myanmar_2025-06-05
28.3,101.2,Outside Myanmar,myanmar_2025-06-05
28.3,101.3,Outside Myanmar,myanmar_2025-06-05
28.3,101.4,Outside Myanmar,myanmar_2025-06-05
28.4,92.0,Outside Myanmar,myanmar_2025-06-05
28.4,92.1,Outside Myanmar,myanmar_2025-06-05
28.4,92.2,Outside Myanmar,myanmar_2025-06-05
28.4,92.3,Outside Myanmar,myanmar_2025-06-05
28.4,92.4,Outside Myanmar,myanmar_2025-06-05
28.4,92.5,Outside Myanmar,myanmar_2025-06-05
28.4,92.6,Outside Myanmar,myanmar_2025-06-05
28.4,92.7,Outside Myanmar,myanmar_2025-06-05
28.4,92.8,Outside Myanmar,myanmar_2025-06-05
28.4,92.9,Outside Myanmar,myanmar_2025-06-05
28.4,93.0,Outside Myanmar,myanmar_2025-06-05
28.4,93.1,Outside Myanmar,myanmar_2025-06-05
28.4,93.2,Outside Myanmar,myanmar_2025-06-05
28.4,93.3,Outside Myanmar,myanmar_2025-06-05
28.4,93.4,Outside Myanmar,myanmar_2025-06-05
28.4,93.5,Outside Myanmar,myanmar_2025-06-05
28.4,93.6,Outside Myanmar,myanmar_2025-06-05
28.4,93.7,Outside Myanmar,myanmar_2025-06-05
28.4,93.8,Outside Myanmar,myanmar_2025-06-05
28.4,93.9,Outside Myanmar,myanmar_2025-06-05
28.4,94.0,Outside Myanmar,myanmar_2025-06-05
28.4,94.1,Outside Myanmar,myanmar_2025-06-05
28.4,94.2,Outside Myanmar,myanmar_2025-06-05
28.4,94.3,Outside Myanmar,myanmar_2025-06-05
28.4,94.4,Outside Myanmar,myanmar_2025-06-05
28.4,94.5,Outside Myanmar,myanmar_2025-06-05
28.4,94.6,Outside Myanmar,myanmar_2025-06-05
28.4,94.7,Outside Myanmar,myanmar_2025-06-05
28.4,94.8,Outside Myanmar,myanmar_2025-06-05
28.4,94.9,Outside Myanmar,myanmar_2025-06-05
28.4,95.0,Outside Myanmar,myanmar_2025-06-05
28.4,95.1,Outside Myanmar,myanmar_2025-06-05
28.4,95.2,Outside Myanmar,myanmar_2025-06-05
28.4,95.3,Outside Myanmar,myanmar_2025-06-05
28.4,95.4,Outside Myanmar,myanmar_2025-06-05
28.4,95.5,Outside Myanmar,myanmar_2025-06-05
28.4,95.6,Outside Myanmar,myanmar_2025-06-05
28.4,95.7,Outside Myanmar,myanmar_2025-06-05
28.4,95.8,Outside Myanmar,myanmar_2025-06-05
28.4,95.9,Outside Myanmar,myanmar_2025-06-05
28.4,96.0,Outside Myanmar,myanmar_2025-06-05
28.4,96.1,Outside Myanmar,myanmar_2025-06-05
28.4,96.2,Outside Myanmar,myanmar_2025-06-05
28.4,96.3,Outside Myanmar,myanmar_2025-06-05
28.4,96.4,Outside Myanmar,myanmar_2025-06-05
28.4,96.5,Outside Myanmar,myanmar_2025-06-05
28.4,96.6,Outside Myanmar,myanmar_2025-06-05
28.4,96.7,Outside Myanmar,myanmar_2025-06-05
28.4,96.8,Outside Myanmar,myanmar_2025-06-05
28.4,96.9,Outside Myanmar,myanmar_2025-06-05
28.4,97.0,Outside Myanmar,myanmar_2025-06-05
28.4,97.1,Outside Myanmar,myanmar_2025-06-05
28.4,97.2,Outside Myanmar,myanmar_2025-06-05
28.4,97.3,Outside Myanmar,myanmar_2025-06-05
28.4,97.4,Outside Myanmar,myanmar_2025-06-05
28.4,97.5,Junta,myanmar_2025-06-05
28.4,97.6,Junta,myanmar_2025-06-05
28.4,97.7,Junta,myanmar_2025-06-05
28.4,97.8,Outside Myanmar,myanmar_2025-06-05
28.4,97.9,Outside Myanmar,myanmar_2025-06-05
28.4,98.0,Outside Myanmar,myanmar_2025-06-05
28.4,98.1,Outside Myanmar,myanmar_2025-06-05
28.4,98.2,Outside Myanmar,myanmar_2025-06-05
28.4,98.3,Outside Myanmar,myanmar_2025-06-05
28.4,98.4,Outside Myanmar,myanmar_2025-06-05
28.4,98.5,Outside Myanmar,myanmar_2025-06-05
28.4,98.6,Outside Myanmar,myanmar_2025-06-05
28.4,98.7,Outside Myanmar,myanmar_2025-06-05
28.4,98.8,Outside Myanmar,myanmar_2025-06-05
28.4,98.9,Outside Myanmar,myanmar_2025-06-05
28.4,99.0,Outside Myanmar,myanmar_2025-06-05
28.4,99.1,Outside Myanmar,myanmar_2025-06-05
28.4,99.2,Outside Myanmar,myanmar_2025-06-05
28.4,99.3,Outside Myanmar,myanmar_2025-06-05
28.4,99.4,Outside Myanmar,myanmar_2025-06-05
28.4,99.5,Outside Myanmar,myanmar_2025-06-05
28.4,99.6,Outside Myanmar,myanmar_2025-06-05
28.4,99.7,Outside Myanmar,myanmar_2025-06-05
28.4,99.8,Outside Myanmar,myanmar_2025-06-05
28.4,99.9,Outside Myanmar,myanmar_2025-06-05
28.4,100.0,Outside Myanmar,myanmar_2025-06-05
28.4,100.1,Outside Myanmar,myanmar_2025-06-05
28.4,100.2,Outside Myanmar,myanmar_2025-06-05
28.4,100.3,Outside Myanmar,myanmar_2025-06-05
28.4,100.4,Outside Myanmar,myanmar_2025-06-05
28.4,100.5,Outside Myanmar,myanmar_2025-06-05
28.4,100.6,Outside Myanmar,myanmar_2025-06-05
28.4,100.7,Outside Myanmar,myanmar_2025-06-05
28.4,100.8,Outside Myanmar,myanmar_2025-06-05
28.4,100.9,Outside Myanmar,myanmar_2025-06-05
28.4,101.0,Outside Myanmar,myanmar_2025-06-05
28.4,101.1,Outside Myanmar,myanmar_2025-06-05
28.4,101.2,Outside Myanmar,myanmar_2025-06-05
28.4,101.3,Outside Myanmar,myanmar_2025-06-05
28.4,101.4,Outside Myanmar,myanmar_2025-06-05
