priogrid_gid,year_month,pred_class,pred_class_int,prob_gov,prob_opo,prob_uncertain,true_class,is_train_month
143838,2023-11,gov,0,0.9279976487159729,0.02161845937371254,0.05038389191031456,gov,True
145998,2023-11,gov,0,0.9150381684303284,0.020759889855980873,0.06420198827981949,gov,True
147437,2023-11,gov,0,0.9613853096961975,0.008320722728967667,0.03029392845928669,gov,True
147438,2023-11,gov,0,0.8747745752334595,0.028379622846841812,0.09684579819440842,gov,True
147439,2023-11,uncertain,2,0.16034117341041565,0.004969927482306957,0.8346888422966003,uncertain,True
148158,2023-11,uncertain,2,0.12930570542812347,0.0385257713496685,0.8321685194969177,uncertain,True
149597,2023-11,uncertain,2,0.03854110464453697,0.003140158485621214,0.9583187699317932,uncertain,True
150307,2023-11,gov,0,0.858585774898529,0.02462838962674141,0.11678581684827805,gov,True
150317,2023-11,uncertain,2,0.06691073626279831,0.004943416453897953,0.9281458258628845,uncertain,True
151756,2023-11,uncertain,2,0.07077796012163162,0.000251288729486987,0.9289707541465759,uncertain,True
152476,2023-11,gov,0,0.959632158279419,0.0024599696043878794,0.0379079207777977,gov,True
153190,2023-11,gov,0,0.9745627045631409,0.008714488707482815,0.016722898930311203,gov,True
153191,2023-11,gov,0,0.9706366658210754,0.012661335989832878,0.01670197769999504,gov,True
153192,2023-11,gov,0,0.960657000541687,0.008997313678264618,0.030345695093274117,gov,True
153193,2023-11,gov,0,0.970871090888977,0.003744687419384718,0.025384163483977318,gov,True
153196,2023-11,gov,0,0.8487614989280701,0.006590248551219702,0.1446482390165329,gov,True
153197,2023-11,uncertain,2,0.03809370845556259,0.006333700381219387,0.9555726051330566,uncertain,True
153910,2023-11,gov,0,0.9883761405944824,0.004950033966451883,0.006673851981759071,gov,True
153911,2023-11,gov,0,0.9838985800743103,0.009919194504618645,0.006182197481393814,gov,True
153912,2023-11,gov,0,0.959211528301239,0.016816312447190285,0.023972170427441597,gov,True
153913,2023-11,gov,0,0.962013304233551,0.006670191418379545,0.03131649270653725,gov,True
153914,2023-11,gov,0,0.700742781162262,0.007828100584447384,0.2914291322231293,gov,True
153915,2023-11,uncertain,2,0.03503544256091118,0.0030382995028048754,0.961926281452179,uncertain,True
153916,2023-11,gov,0,0.6911516785621643,0.048692308366298676,0.26015597581863403,gov,True
153917,2023-11,uncertain,2,0.06985888630151749,0.009547239169478416,0.9205938577651978,uncertain,True
153918,2023-11,uncertain,2,0.0716046616435051,0.010433448478579521,0.917961835861206,uncertain,True
154630,2023-11,gov,0,0.9880417585372925,0.009101481176912785,0.0028567654080688953,gov,True
154631,2023-11,gov,0,0.9925738573074341,0.005776657722890377,0.0016494604060426354,gov,True
154632,2023-11,gov,0,0.9867889285087585,0.003714989637956023,0.009495985694229603,gov,True
154633,2023-11,gov,0,0.9785082340240479,0.004564358852803707,0.01692740060389042,gov,True
154634,2023-11,gov,0,0.7619823217391968,0.006787559948861599,0.23123009502887726,gov,True
154635,2023-11,uncertain,2,0.018491405993700027,0.0009779200190678239,0.9805307388305664,uncertain,True
154636,2023-11,uncertain,2,0.1348973959684372,0.028119845315814018,0.836982786655426,uncertain,True
155351,2023-11,gov,0,0.9983488321304321,0.0003756665391847491,0.0012754342751577497,gov,True
155352,2023-11,gov,0,0.995372474193573,0.0019994352478533983,0.0026281015016138554,gov,True
155354,2023-11,uncertain,2,0.09406065195798874,0.004836768843233585,0.9011025428771973,uncertain,True
156069,2023-11,gov,0,0.9353477954864502,0.05190196633338928,0.012750194407999516,gov,True
156071,2023-11,gov,0,0.9589977264404297,0.03756612911820412,0.0034361372236162424,gov,True
156072,2023-11,gov,0,0.915154755115509,0.043548084795475006,0.041297104209661484,gov,True
156073,2023-11,gov,0,0.9303159713745117,0.0009263077517971396,0.0687577947974205,gov,True
156074,2023-11,uncertain,2,0.11673524975776672,0.002792094834148884,0.880472719669342,uncertain,True
156075,2023-11,uncertain,2,0.0038506812416017056,0.01121226791292429,0.9849370121955872,uncertain,True
156788,2023-11,gov,0,0.8340319991111755,0.012921251356601715,0.15304674208164215,gov,True
156789,2023-11,gov,0,0.8775504231452942,0.07646548002958298,0.04598402604460716,gov,True
156791,2023-11,gov,0,0.8939623832702637,0.09918520599603653,0.006852325983345509,gov,True
156792,2023-11,gov,0,0.9773445725440979,0.01850779913365841,0.004147554747760296,gov,True
156793,2023-11,uncertain,2,0.14447107911109924,0.005660767201334238,0.84986811876297,uncertain,True
156795,2023-11,uncertain,2,0.007390629034489393,0.2021685093641281,0.7904408574104309,uncertain,True
156796,2023-11,opo,1,0.0910528376698494,0.7787118554115295,0.13023534417152405,opo,True
157508,2023-11,uncertain,2,0.10356967151165009,0.04474795237183571,0.8516823649406433,uncertain,True
157510,2023-11,gov,0,0.9592007994651794,0.03966621682047844,0.0011329822009429336,gov,True
157511,2023-11,gov,0,0.9469188451766968,0.04826926067471504,0.004811887629330158,gov,True
157513,2023-11,uncertain,2,0.11644454300403595,0.008431346155703068,0.8751240968704224,uncertain,True
157514,2023-11,uncertain,2,0.03209327906370163,0.011907859705388546,0.9559988379478455,uncertain,True
157515,2023-11,uncertain,2,0.006960863247513771,0.11108887940645218,0.8819502592086792,uncertain,True
158229,2023-11,uncertain,2,0.02419644221663475,0.0032717629801481962,0.972531795501709,uncertain,True
158231,2023-11,gov,0,0.9846435785293579,0.014535194262862206,0.0008212263346649706,gov,True
158233,2023-11,gov,0,0.911643922328949,0.00584797328338027,0.0825081542134285,gov,True
158235,2023-11,uncertain,2,0.025469878688454628,0.43179047107696533,0.5427395701408386,opo,True
158236,2023-11,uncertain,2,0.029870014637708664,0.13237078487873077,0.837759256362915,uncertain,True
158946,2023-11,gov,0,0.6507485508918762,0.02863815240561962,0.3206133544445038,gov,True
158947,2023-11,gov,0,0.5499958395957947,0.3157404363155365,0.1342637687921524,gov,True
158949,2023-11,gov,0,0.9211996793746948,0.0037247277796268463,0.07507564127445221,gov,True
158950,2023-11,gov,0,0.9477261900901794,0.010992751456797123,0.04128105565905571,gov,True
158951,2023-11,gov,0,0.986884593963623,0.008672124706208706,0.0044432939030230045,gov,True
158952,2023-11,gov,0,0.9168719053268433,0.04650714620947838,0.03662092983722687,gov,True
158953,2023-11,gov,0,0.9918655753135681,0.004126635380089283,0.004007705487310886,gov,True
158954,2023-11,gov,0,0.996491014957428,0.002989624161273241,0.0005192983662709594,gov,True
158955,2023-11,gov,0,0.6569781303405762,0.33397164940834045,0.009050177410244942,gov,True
158956,2023-11,gov,0,0.9697883129119873,0.020455332472920418,0.009756390005350113,gov,True
158957,2023-11,gov,0,0.9769904613494873,0.00841168500483036,0.014597861096262932,gov,True
158958,2023-11,gov,0,0.9933197498321533,0.0035425303503870964,0.003137693740427494,gov,True
158960,2023-11,gov,0,0.9736908674240112,0.010453673079609871,0.015855437144637108,gov,True
159665,2023-11,uncertain,2,0.09627477824687958,0.00439180014654994,0.8993334174156189,uncertain,True
159666,2023-11,uncertain,2,0.017036395147442818,0.0010129070142284036,0.9819506406784058,uncertain,True
159667,2023-11,uncertain,2,0.10053051263093948,0.008655778132379055,0.8908136487007141,uncertain,True
159670,2023-11,gov,0,0.7232235670089722,0.0060564554296433926,0.2707199454307556,gov,True
159671,2023-11,gov,0,0.8850706219673157,0.0021733432076871395,0.11275608092546463,gov,True
159672,2023-11,gov,0,0.9906033873558044,0.0032219800632447004,0.006174610927700996,gov,True
159673,2023-11,gov,0,0.9956858158111572,0.0017121462151408195,0.0026020414661616087,gov,True
159674,2023-11,gov,0,0.9988596439361572,0.0005521692801266909,0.0005881926626898348,gov,True
159675,2023-11,gov,0,0.9053151607513428,0.005380583461374044,0.08930429071187973,gov,True
159676,2023-11,gov,0,0.971472978591919,0.0015376572264358401,0.026989279314875603,gov,True
159679,2023-11,gov,0,0.9897230863571167,0.004471892956644297,0.005805063061416149,gov,True
159680,2023-11,gov,0,0.9447271227836609,0.011444020085036755,0.04382889345288277,gov,True
160386,2023-11,uncertain,2,0.0781848356127739,0.0183415487408638,0.9034736156463623,uncertain,True
160388,2023-11,uncertain,2,0.025545796379446983,0.011918682605028152,0.9625354409217834,uncertain,True
160389,2023-11,uncertain,2,0.003164412220939994,0.005168397445231676,0.9916672110557556,uncertain,True
160390,2023-11,uncertain,2,0.0002904810244217515,0.0040450068190693855,0.9956645369529724,uncertain,True
160391,2023-11,uncertain,2,0.0011748771648854017,0.004283437971025705,0.9945417046546936,uncertain,True
160392,2023-11,gov,0,0.9898163080215454,0.003175049787387252,0.007008704822510481,gov,True
160393,2023-11,gov,0,0.9791959524154663,0.013724371790885925,0.007079687900841236,gov,True
160394,2023-11,gov,0,0.9922893643379211,0.006140829995274544,0.001569808111526072,gov,True
160396,2023-11,gov,0,0.9643234014511108,0.017089642584323883,0.018586942926049232,gov,True
160397,2023-11,gov,0,0.9929593801498413,0.002506817691028118,0.004533800762146711,gov,True
160399,2023-11,gov,0,0.9989608526229858,0.0006913751713000238,0.00034767558099702,gov,True
160400,2023-11,gov,0,0.9729876518249512,0.0071836309507489204,0.01982869580388069,gov,True
161107,2023-11,opo,1,0.10310537368059158,0.8136180639266968,0.08327655494213104,opo,True
161109,2023-11,uncertain,2,0.005761842243373394,4.731415174319409e-05,0.9941908717155457,uncertain,True
161110,2023-11,uncertain,2,0.006108602974563837,0.0012659617932513356,0.9926254153251648,uncertain,True
161111,2023-11,uncertain,2,0.008893663063645363,0.017065122723579407,0.9740411639213562,uncertain,True
161112,2023-11,gov,0,0.9700843095779419,0.014452931471168995,0.015462738461792469,gov,True
161113,2023-11,gov,0,0.9959437251091003,0.002305184490978718,0.0017511366168037057,gov,True
161116,2023-11,gov,0,0.9669954180717468,0.016974080353975296,0.016030466184020042,gov,True
161117,2023-11,gov,0,0.9932399988174438,0.0016977009363472462,0.005062362644821405,gov,True
161118,2023-11,gov,0,0.9925796389579773,0.0038951931055635214,0.003525133477523923,gov,True
161119,2023-11,gov,0,0.9947550296783447,0.0005765295936726034,0.004668440669775009,gov,True
161120,2023-11,gov,0,0.9592355489730835,0.005982990842312574,0.034781478345394135,gov,True
161829,2023-11,uncertain,2,0.003289441578090191,0.00034213473554700613,0.9963685274124146,uncertain,True
161830,2023-11,uncertain,2,0.003046806436032057,0.01490430161356926,0.9820488095283508,uncertain,True
161831,2023-11,uncertain,2,3.0352814064826816e-05,0.00020141592540312558,0.9997681975364685,uncertain,True
161832,2023-11,uncertain,2,0.04934369772672653,0.00046674342593178153,0.950189471244812,uncertain,True
161833,2023-11,gov,0,0.9953238368034363,0.00032777266460470855,0.004348489921540022,gov,True
161837,2023-11,gov,0,0.980774998664856,0.014402243308722973,0.004822735209017992,gov,True
161839,2023-11,gov,0,0.9752879738807678,0.009336408227682114,0.015375569462776184,gov,True
162547,2023-11,uncertain,2,0.243996262550354,0.3233785331249237,0.4326251149177551,uncertain,True
162548,2023-11,uncertain,2,0.06694435328245163,0.02523714303970337,0.9078184962272644,uncertain,True
162549,2023-11,uncertain,2,0.07457754760980606,0.030512327328324318,0.8949100971221924,uncertain,True
162551,2023-11,uncertain,2,0.019823666661977768,0.0023312510456889868,0.9778450727462769,uncertain,True
162552,2023-11,gov,0,0.6706366539001465,0.004168769810348749,0.3251945376396179,gov,True
162554,2023-11,gov,0,0.9899408221244812,0.006832408718764782,0.0032267612405121326,gov,True
162555,2023-11,gov,0,0.93232661485672,0.008356349542737007,0.05931704491376877,gov,True
162558,2023-11,gov,0,0.996927797794342,0.0027022825088351965,0.0003699901280924678,gov,True
162559,2023-11,gov,0,0.987287163734436,0.009003632701933384,0.003709268057718873,gov,True
163268,2023-11,opo,1,0.10737129300832748,0.7100490927696228,0.18257957696914673,opo,True
163269,2023-11,uncertain,2,0.040373772382736206,0.059027206152677536,0.9005991220474243,uncertain,True
163271,2023-11,uncertain,2,0.034600187093019485,0.003149727126583457,0.9622501134872437,uncertain,True
163272,2023-11,uncertain,2,0.005382481496781111,0.004539881832897663,0.9900776147842407,uncertain,True
163274,2023-11,gov,0,0.9738278985023499,0.02185901626944542,0.0043131145648658276,gov,True
163275,2023-11,gov,0,0.8550863265991211,0.009096532128751278,0.13581714034080505,gov,True
163278,2023-11,gov,0,0.9647822380065918,0.02008257806301117,0.015135182067751884,gov,True
163988,2023-11,gov,0,0.5481724739074707,0.43730732798576355,0.014520249329507351,gov,True
163989,2023-11,gov,0,0.7407799363136292,0.16960163414478302,0.08961845934391022,gov,True
163992,2023-11,opo,1,0.00629612198099494,0.9641655683517456,0.029538318514823914,opo,True
163993,2023-11,uncertain,2,0.030014514923095703,0.01581922173500061,0.9541662335395813,uncertain,True
163998,2023-11,gov,0,0.978453516960144,0.018057016655802727,0.0034893921110779047,gov,True
164709,2023-11,uncertain,2,0.21571767330169678,0.0220122542232275,0.7622700333595276,uncertain,True
164710,2023-11,gov,0,0.98866206407547,0.0026548111345618963,0.008683026768267155,gov,True
164711,2023-11,gov,0,0.9908740520477295,0.00464761583134532,0.004478364251554012,gov,True
164712,2023-11,gov,0,0.9640935659408569,0.022985443472862244,0.012920981273055077,gov,True
164713,2023-11,uncertain,2,0.013078455813229084,0.0038228544872254133,0.9830986857414246,uncertain,True
164714,2023-11,uncertain,2,0.03264496847987175,0.002710366854444146,0.9646445512771606,uncertain,True
164715,2023-11,gov,0,0.8529711365699768,0.1346415877342224,0.012387208640575409,gov,True
165430,2023-11,gov,0,0.9876295328140259,0.007496518548578024,0.004873943980783224,gov,True
165433,2023-11,uncertain,2,0.007866849191486835,0.00011868803994730115,0.9920144081115723,uncertain,True
166150,2023-11,gov,0,0.9934831261634827,0.0006988473469391465,0.0058179935440421104,gov,True
166154,2023-11,gov,0,0.8517178297042847,0.03831683099269867,0.10996536910533905,gov,True
166155,2023-11,uncertain,2,0.07058264315128326,0.02220960333943367,0.907207727432251,uncertain,True
166873,2023-11,uncertain,2,0.22757390141487122,0.022802015766501427,0.7496241331100464,uncertain,True
166876,2023-11,gov,0,0.856168270111084,0.0350492037832737,0.1087825670838356,gov,True
166877,2023-11,gov,0,0.9850501418113708,0.005166779272258282,0.009783048182725906,gov,True
167591,2023-11,gov,0,0.9684869647026062,0.019548475742340088,0.011964612640440464,gov,True
167592,2023-11,gov,0,0.9623755216598511,0.017974521964788437,0.01964995451271534,gov,True
167594,2023-11,uncertain,2,0.030097022652626038,0.0657670721411705,0.9041360020637512,uncertain,True
167597,2023-11,gov,0,0.898517906665802,0.08806297183036804,0.01341912429779768,gov,True
168313,2023-11,gov,0,0.9549956321716309,0.016254622489213943,0.02874981053173542,gov,True
168316,2023-11,uncertain,2,0.024543972685933113,0.014836028218269348,0.9606199264526367,uncertain,True
169035,2023-11,uncertain,2,0.0399741530418396,0.0023833061568439007,0.9576425552368164,uncertain,True
169036,2023-11,gov,0,0.8021243810653687,0.00586419552564621,0.19201135635375977,gov,True
169037,2023-11,gov,0,0.9797175526618958,0.00303819146938622,0.017244301736354828,gov,True
169756,2023-11,gov,0,0.9928743839263916,0.0026113376952707767,0.004514268133789301,gov,True
143838,2023-12,gov,0,0.9310961961746216,0.02081483229994774,0.04808894917368889,gov,True
145998,2023-12,gov,0,0.9045723676681519,0.017344141378998756,0.07808347046375275,gov,True
147437,2023-12,gov,0,0.9265004396438599,0.01603122428059578,0.05746839940547943,gov,True
147438,2023-12,gov,0,0.7744431495666504,0.06711527705192566,0.15844154357910156,gov,True
147439,2023-12,uncertain,2,0.09341886639595032,0.0036144698970019817,0.9029666185379028,uncertain,True
148158,2023-12,uncertain,2,0.17918691039085388,0.06315198540687561,0.7576611042022705,uncertain,True
149597,2023-12,uncertain,2,0.01323746982961893,0.0024648590479046106,0.9842976927757263,uncertain,True
150307,2023-12,gov,0,0.8901364207267761,0.022822244092822075,0.08704137057065964,gov,True
150317,2023-12,uncertain,2,0.04577430337667465,0.008417838253080845,0.9458078145980835,uncertain,True
151756,2023-12,uncertain,2,0.08139800280332565,0.0003149070544168353,0.9182870388031006,uncertain,True
152476,2023-12,gov,0,0.982780933380127,0.0037640566006302834,0.013455042615532875,gov,True
153190,2023-12,gov,0,0.8991122841835022,0.04691286012530327,0.05397486314177513,gov,True
153191,2023-12,gov,0,0.9488903284072876,0.022193212062120438,0.028916427865624428,gov,True
153192,2023-12,gov,0,0.8952570557594299,0.010019377805292606,0.09472355991601944,gov,True
153193,2023-12,gov,0,0.9280426502227783,0.003539477940648794,0.068417988717556,gov,True
153196,2023-12,gov,0,0.78593909740448,0.016519630327820778,0.1975412368774414,gov,True
153197,2023-12,uncertain,2,0.057407453656196594,0.00870805699378252,0.9338845014572144,uncertain,True
153910,2023-12,gov,0,0.9543968439102173,0.017148075625300407,0.028455054387450218,gov,True
153911,2023-12,gov,0,0.9693614840507507,0.01849481090903282,0.012143719010055065,gov,True
153912,2023-12,gov,0,0.9201509952545166,0.008829575031995773,0.07101946324110031,gov,True
153913,2023-12,gov,0,0.9586837887763977,0.0006207802216522396,0.040695346891880035,gov,True
153914,2023-12,gov,0,0.7992537021636963,0.0017391475848853588,0.19900719821453094,gov,True
153915,2023-12,uncertain,2,0.03176875039935112,0.0012907282216474414,0.9669404625892639,uncertain,True
153916,2023-12,gov,0,0.7026143074035645,0.02082827500998974,0.2765573561191559,gov,True
153917,2023-12,uncertain,2,0.019926972687244415,0.001432701013982296,0.9786402583122253,uncertain,True
153918,2023-12,uncertain,2,0.09478478878736496,0.014894030056893826,0.8903211951255798,uncertain,True
154630,2023-12,gov,0,0.9932255148887634,0.004714254289865494,0.0020601993892341852,gov,True
154631,2023-12,gov,0,0.9984079003334045,0.0008900531684048474,0.0007020761840976775,gov,True
154632,2023-12,gov,0,0.993800938129425,0.0005351317813619971,0.0056638894602656364,gov,True
154633,2023-12,gov,0,0.9703426361083984,0.0016442742198705673,0.028013048693537712,gov,True
154634,2023-12,gov,0,0.8052388429641724,0.0020324455108493567,0.19272871315479279,gov,True
154635,2023-12,uncertain,2,0.004683909472078085,0.00022072017600294203,0.9950953722000122,uncertain,True
154636,2023-12,uncertain,2,0.05863143503665924,0.006721647921949625,0.9346468448638916,uncertain,True
155351,2023-12,gov,0,0.9958095550537109,0.000281733664451167,0.0039087869226932526,gov,True
155352,2023-12,gov,0,0.9886123538017273,0.0009481743909418583,0.010439511388540268,gov,True
155354,2023-12,uncertain,2,0.006187673658132553,0.0006066011264920235,0.9932057857513428,uncertain,True
156069,2023-12,gov,0,0.9590118527412415,0.019746797159314156,0.021241379901766777,gov,True
156071,2023-12,gov,0,0.9747458100318909,0.02008499577641487,0.005169203970581293,gov,True
156072,2023-12,gov,0,0.9593638181686401,0.0046705142594873905,0.03596561774611473,gov,True
156073,2023-12,gov,0,0.822923481464386,0.0007392762345261872,0.17633721232414246,gov,True
156074,2023-12,uncertain,2,0.06403303146362305,0.0027444269508123398,0.9332225918769836,uncertain,True
156075,2023-12,uncertain,2,0.011076560243964195,0.06896574795246124,0.9199577569961548,uncertain,True
156788,2023-12,gov,0,0.9156272411346436,0.01772775687277317,0.06664492934942245,gov,True
156789,2023-12,gov,0,0.9340298771858215,0.05300348997116089,0.012966656126081944,gov,True
156791,2023-12,gov,0,0.9068424105644226,0.08113379031419754,0.012023750692605972,gov,True
156792,2023-12,gov,0,0.946466863155365,0.019715700298547745,0.03381733223795891,gov,True
156793,2023-12,uncertain,2,0.03222758695483208,0.0015963682672008872,0.9661760330200195,uncertain,True
156795,2023-12,uncertain,2,0.005398578941822052,0.1652144491672516,0.8293870687484741,uncertain,True
156796,2023-12,uncertain,2,0.07040634751319885,0.22335152328014374,0.7062421441078186,uncertain,True
157508,2023-12,uncertain,2,0.062115628272295,0.025928892195224762,0.9119554758071899,uncertain,True
157510,2023-12,gov,0,0.92071533203125,0.07416319102048874,0.005121489055454731,gov,True
157511,2023-12,gov,0,0.9112815260887146,0.05258337780833244,0.03613511845469475,gov,True
157513,2023-12,uncertain,2,0.023649221286177635,0.002213985426351428,0.9741368293762207,uncertain,True
157514,2023-12,uncertain,2,0.010490776970982552,0.011181877925992012,0.9783273339271545,uncertain,True
157515,2023-12,uncertain,2,0.03414192795753479,0.3930986225605011,0.5727594494819641,opo,True
158229,2023-12,uncertain,2,0.06844360381364822,0.013815633952617645,0.9177407026290894,uncertain,True
158231,2023-12,gov,0,0.9970800280570984,0.0013088462874293327,0.001611101906746626,gov,True
158233,2023-12,gov,0,0.897770881652832,0.007743749767541885,0.09448534995317459,gov,True
158235,2023-12,uncertain,2,0.047303587198257446,0.03548862040042877,0.9172077775001526,uncertain,True
158236,2023-12,uncertain,2,0.09510118514299393,0.09864407032728195,0.8062547445297241,uncertain,True
158946,2023-12,gov,0,0.4926096200942993,0.02305472083389759,0.48433569073677063,gov,True
158947,2023-12,uncertain,2,0.05803784355521202,0.3959856331348419,0.5459765791893005,uncertain,True
158949,2023-12,gov,0,0.969241738319397,0.028953546658158302,0.0018046849872916937,gov,True
158950,2023-12,gov,0,0.9839603304862976,0.011235454119741917,0.004804248455911875,gov,True
158951,2023-12,gov,0,0.9924915432929993,0.0036175590939819813,0.003890865482389927,gov,True
158952,2023-12,gov,0,0.7359504699707031,0.10267506539821625,0.16137439012527466,gov,True
158953,2023-12,gov,0,0.9344125390052795,0.01857181452214718,0.04701564833521843,gov,True
158954,2023-12,gov,0,0.9583808779716492,0.019954750314354897,0.02166435495018959,gov,True
158955,2023-12,gov,0,0.523047149181366,0.3569639325141907,0.11998890340328217,gov,True
158956,2023-12,gov,0,0.9101388454437256,0.059129249304533005,0.03073185868561268,gov,True
158957,2023-12,gov,0,0.9806010127067566,0.013934291899204254,0.0054647307842969894,gov,True
158958,2023-12,gov,0,0.9927942156791687,0.005307017359882593,0.0018986952491104603,gov,True
158960,2023-12,gov,0,0.9791837930679321,0.008990775793790817,0.01182546280324459,gov,True
159665,2023-12,uncertain,2,0.055115196853876114,0.02723015286028385,0.9176545739173889,uncertain,True
159666,2023-12,uncertain,2,0.10573868453502655,0.12662790715694427,0.7676333785057068,uncertain,True
159667,2023-12,opo,1,0.012022477574646473,0.9118806719779968,0.07609689235687256,opo,True
159670,2023-12,gov,0,0.5997840762138367,0.012702899053692818,0.38751307129859924,gov,True
159671,2023-12,gov,0,0.9285548329353333,0.0007389410748146474,0.07070620357990265,gov,True
159672,2023-12,gov,0,0.9894184470176697,0.006453359499573708,0.004128153435885906,gov,True
159673,2023-12,gov,0,0.9914671182632446,0.00634292047470808,0.0021899265702813864,gov,True
159674,2023-12,gov,0,0.996075451374054,0.0024369102902710438,0.0014875878114253283,gov,True
159675,2023-12,gov,0,0.9784339070320129,0.010188881307840347,0.011377217248082161,gov,True
159676,2023-12,gov,0,0.9610662460327148,0.007639326620846987,0.03129453584551811,gov,True
159679,2023-12,gov,0,0.9900347590446472,0.005475014913827181,0.004490192513912916,gov,True
159680,2023-12,gov,0,0.9731268286705017,0.006869458127766848,0.020003635436296463,gov,True
160386,2023-12,opo,1,0.05464077368378639,0.8021783232688904,0.14318090677261353,opo,True
160388,2023-12,uncertain,2,0.014937859028577805,0.030732106417417526,0.9543299674987793,uncertain,True
160389,2023-12,uncertain,2,0.004109685774892569,0.002896244404837489,0.9929940104484558,uncertain,True
160390,2023-12,uncertain,2,0.00043777425889857113,0.00025349180214107037,0.999308705329895,uncertain,True
160391,2023-12,uncertain,2,0.008971057832241058,0.002474187407642603,0.9885547757148743,uncertain,True
160392,2023-12,gov,0,0.972908079624176,0.021316882222890854,0.005775107070803642,gov,True
160393,2023-12,gov,0,0.9293739199638367,0.05529732257127762,0.015328740701079369,gov,True
160394,2023-12,gov,0,0.9920305013656616,0.005627266597002745,0.0023422203958034515,gov,True
160396,2023-12,gov,0,0.9875646233558655,0.0053117284551262856,0.0071236020885407925,gov,True
160397,2023-12,gov,0,0.988767683506012,0.002171318745240569,0.00906103290617466,gov,True
160399,2023-12,gov,0,0.9964706897735596,0.0023717035073786974,0.0011575848329812288,gov,True
160400,2023-12,gov,0,0.9625749588012695,0.01665644720196724,0.020768608897924423,gov,True
161107,2023-12,uncertain,2,0.02934972569346428,0.0551997534930706,0.9154505133628845,uncertain,True
161109,2023-12,uncertain,2,0.02041502296924591,0.0009740855311974883,0.9786108136177063,uncertain,True
161110,2023-12,uncertain,2,0.022170715034008026,0.0009050641674548388,0.9769242405891418,uncertain,True
161111,2023-12,uncertain,2,0.02543526515364647,0.004898653365671635,0.9696661233901978,uncertain,True
161112,2023-12,gov,0,0.9528412818908691,0.036834996193647385,0.01032373309135437,gov,True
161113,2023-12,gov,0,0.9892483353614807,0.008456680923700333,0.002295014215633273,gov,True
161116,2023-12,gov,0,0.9965432286262512,0.0008905731374397874,0.0025660921819508076,gov,True
161117,2023-12,gov,0,0.9841798543930054,0.0011208350770175457,0.014699351973831654,gov,True
161118,2023-12,gov,0,0.9612879157066345,0.020756402984261513,0.01795569621026516,gov,True
161119,2023-12,gov,0,0.9814644455909729,0.005558261182159185,0.01297719869762659,gov,True
161120,2023-12,gov,0,0.9635120034217834,0.010257666930556297,0.02623031474649906,gov,True
161829,2023-12,uncertain,2,0.007455181330442429,0.013564851135015488,0.9789800643920898,uncertain,True
161830,2023-12,uncertain,2,0.020482202991843224,0.006164044141769409,0.9733537435531616,uncertain,True
161831,2023-12,uncertain,2,0.00021949269284959882,0.0001658210385357961,0.9996145963668823,uncertain,True
161832,2023-12,uncertain,2,0.05861235409975052,0.004029241390526295,0.9373584389686584,uncertain,True
161833,2023-12,gov,0,0.8962534666061401,0.013897379860281944,0.08984918147325516,gov,True
161837,2023-12,gov,0,0.9836673736572266,0.005685438867658377,0.010647209361195564,gov,True
161839,2023-12,gov,0,0.9034261107444763,0.08058646321296692,0.015987318009138107,gov,True
162547,2023-12,opo,1,0.055416133254766464,0.7654024958610535,0.17918139696121216,opo,True
162548,2023-12,uncertain,2,0.006259315647184849,0.03245605155825615,0.9612846374511719,uncertain,True
162549,2023-12,uncertain,2,0.09517987817525864,0.04838014766573906,0.856440007686615,uncertain,True
162551,2023-12,uncertain,2,0.0055318064987659454,0.000168766884598881,0.9942994117736816,uncertain,True
162552,2023-12,gov,0,0.7559139728546143,0.14334894716739655,0.1007370725274086,gov,True
162554,2023-12,opo,1,0.17306549847126007,0.8126398921012878,0.014294608496129513,opo,True
162555,2023-12,gov,0,0.4835406243801117,0.43822047114372253,0.07823893427848816,gov,True
162558,2023-12,gov,0,0.9895648956298828,0.008447427302598953,0.001987704075872898,gov,True
162559,2023-12,gov,0,0.9475222826004028,0.04195966571569443,0.010518144816160202,gov,True
163268,2023-12,uncertain,2,0.025385862216353416,0.010365217924118042,0.9642488360404968,uncertain,True
163269,2023-12,uncertain,2,0.007348986342549324,0.0010281770955771208,0.9916227459907532,uncertain,True
163271,2023-12,uncertain,2,0.026783673092722893,0.0008867107098922133,0.9723295569419861,uncertain,True
163272,2023-12,uncertain,2,0.011124774813652039,0.0011043960694223642,0.9877707958221436,uncertain,True
163274,2023-12,opo,1,0.2494063824415207,0.7232884168624878,0.02730521187186241,gov,True
163275,2023-12,opo,1,0.04671655222773552,0.7992749214172363,0.15400852262973785,opo,True
163278,2023-12,gov,0,0.730935275554657,0.2162049263715744,0.05285977944731712,gov,True
163988,2023-12,gov,0,0.9161011576652527,0.05361068248748779,0.030288230627775192,gov,True
163989,2023-12,gov,0,0.6478147506713867,0.01749325916171074,0.33469197154045105,gov,True
163992,2023-12,opo,1,0.030228497460484505,0.9190555810928345,0.050715912133455276,opo,True
163993,2023-12,uncertain,2,0.05788884684443474,0.013611393980681896,0.9284997582435608,uncertain,True
163996,2023-12,opo,1,0.031227117404341698,0.9588506817817688,0.009922158904373646,opo,True
163998,2023-12,opo,1,0.1474282294511795,0.8470909595489502,0.005480834748595953,opo,True
164709,2023-12,uncertain,2,0.09217636287212372,0.03787008672952652,0.8699535727500916,uncertain,True
164710,2023-12,gov,0,0.9047226309776306,0.07853204756975174,0.016745280474424362,gov,True
164711,2023-12,gov,0,0.9547737836837769,0.03176496550440788,0.013461199589073658,gov,True
164712,2023-12,gov,0,0.5477102994918823,0.41919222474098206,0.03309748321771622,gov,True
164713,2023-12,opo,1,0.2687550485134125,0.39657530188560486,0.33466970920562744,opo,True
164714,2023-12,uncertain,2,0.0971856638789177,0.028975199908018112,0.8738390803337097,uncertain,True
164715,2023-12,gov,0,0.8501613140106201,0.09861531108617783,0.05122336745262146,gov,True
165430,2023-12,gov,0,0.9054807424545288,0.08348307013511658,0.011036221869289875,gov,True
165433,2023-12,uncertain,2,0.023911815136671066,0.005116912070661783,0.9709712266921997,uncertain,True
166150,2023-12,gov,0,0.9956265687942505,0.0014235635753720999,0.0029498764779418707,gov,True
166154,2023-12,gov,0,0.8982080221176147,0.017202377319335938,0.08458954840898514,gov,True
166155,2023-12,uncertain,2,0.06627365946769714,0.011823365464806557,0.9219029545783997,uncertain,True
166873,2023-12,uncertain,2,0.13161791861057281,0.0009308402077294886,0.8674511909484863,uncertain,True
166876,2023-12,gov,0,0.9422809481620789,0.010988102294504642,0.04673093184828758,gov,True
166877,2023-12,gov,0,0.9958271384239197,0.0010893316939473152,0.003083548741415143,gov,True
167591,2023-12,gov,0,0.9495861530303955,0.027675529941916466,0.022738289088010788,gov,True
167592,2023-12,gov,0,0.9780574440956116,0.008358096703886986,0.013584377244114876,gov,True
167594,2023-12,uncertain,2,0.06677687913179398,0.05984804406762123,0.8733749985694885,uncertain,True
167597,2023-12,gov,0,0.9649984240531921,0.026374446228146553,0.00862711388617754,gov,True
168313,2023-12,gov,0,0.9804439544677734,0.009223977103829384,0.010331984609365463,gov,True
168316,2023-12,uncertain,2,0.03960699960589409,0.014567174017429352,0.9458258748054504,uncertain,True
169035,2023-12,uncertain,2,0.07204221934080124,0.0009639536729082465,0.9269937872886658,uncertain,True
169036,2023-12,gov,0,0.8024416565895081,0.005499876569956541,0.19205845892429352,gov,True
169037,2023-12,gov,0,0.9544159770011902,0.01064654253423214,0.03493751958012581,gov,True
169756,2023-12,gov,0,0.9900187253952026,0.0072740670293569565,0.002707291394472122,gov,True
143838,2024-01,gov,0,0.9425438046455383,0.022795340046286583,0.03466080129146576,gov,True
145998,2024-01,gov,0,0.9330942630767822,0.020211955532431602,0.0466938391327858,gov,True
147437,2024-01,gov,0,0.9253765940666199,0.021292343735694885,0.053331002593040466,gov,True
147438,2024-01,gov,0,0.732799768447876,0.07641343027353287,0.19078676402568817,gov,True
147439,2024-01,uncertain,2,0.08307934552431107,0.004662335850298405,0.9122583866119385,uncertain,True
148158,2024-01,uncertain,2,0.11309429258108139,0.048970017582178116,0.8379356265068054,uncertain,True
149597,2024-01,uncertain,2,0.02837531454861164,0.003070046426728368,0.9685546159744263,uncertain,True
150307,2024-01,gov,0,0.9207541346549988,0.02155977487564087,0.05768613517284393,gov,True
150317,2024-01,uncertain,2,0.0356803759932518,0.004358407109975815,0.9599612355232239,uncertain,True
151756,2024-01,uncertain,2,0.11334732919931412,0.0003244181862100959,0.8863282799720764,uncertain,True
152476,2024-01,gov,0,0.9832662343978882,0.0027165154460817575,0.01401718333363533,gov,True
153190,2024-01,gov,0,0.9909046292304993,0.0030651947017759085,0.006030222866684198,gov,True
153191,2024-01,gov,0,0.98309326171875,0.005728950258344412,0.011177870444953442,gov,True
153192,2024-01,gov,0,0.9325591921806335,0.010501020587980747,0.0569397509098053,gov,True
153193,2024-01,gov,0,0.9605655074119568,0.010361401364207268,0.029073072597384453,gov,True
153196,2024-01,gov,0,0.8827801942825317,0.004321786109358072,0.11289806663990021,gov,True
153197,2024-01,uncertain,2,0.047228358685970306,0.0021037457045167685,0.9506679177284241,uncertain,True
153910,2024-01,gov,0,0.9906257390975952,0.003022217657417059,0.006352056749165058,gov,True
153911,2024-01,gov,0,0.9968691468238831,0.0015737450448796153,0.0015571394469588995,gov,True
153912,2024-01,gov,0,0.9315553903579712,0.003523062216117978,0.064921535551548,gov,True
153913,2024-01,gov,0,0.944975733757019,0.0014572475338354707,0.05356704816222191,gov,True
153914,2024-01,gov,0,0.8527525067329407,0.0055404892191290855,0.14170701801776886,gov,True
153915,2024-01,uncertain,2,0.01694079302251339,0.0015291767194867134,0.9815300107002258,uncertain,True
153916,2024-01,gov,0,0.7819896340370178,0.02783340960741043,0.19017697870731354,gov,True
153917,2024-01,uncertain,2,0.03243773803114891,0.0031598671339452267,0.9644024968147278,uncertain,True
153918,2024-01,uncertain,2,0.09469299763441086,0.010019423440098763,0.8952876329421997,uncertain,True
154630,2024-01,gov,0,0.9881383776664734,0.004592855926603079,0.007268745452165604,gov,True
154631,2024-01,gov,0,0.9990445971488953,0.000586267386097461,0.0003690528101287782,gov,True
154632,2024-01,gov,0,0.9939747452735901,0.0002941510174423456,0.005731141660362482,gov,True
154633,2024-01,gov,0,0.9709144830703735,0.0018865002784878016,0.02719907835125923,gov,True
154634,2024-01,gov,0,0.9214520454406738,0.004180004354566336,0.07436804473400116,gov,True
154635,2024-01,uncertain,2,0.00622835336253047,0.000720574171282351,0.9930510520935059,uncertain,True
154636,2024-01,uncertain,2,0.06012280285358429,0.024574339389801025,0.9153028726577759,uncertain,True
155351,2024-01,gov,0,0.9942014813423157,0.00022352962696459144,0.005575002636760473,gov,True
155352,2024-01,gov,0,0.9959610104560852,0.0006526964134536684,0.0033863282296806574,gov,True
155354,2024-01,uncertain,2,0.026837263256311417,0.002661856822669506,0.9705008864402771,uncertain,True
156069,2024-01,gov,0,0.9811757206916809,0.008719711564481258,0.010104489512741566,gov,True
156071,2024-01,gov,0,0.9281827807426453,0.06379981338977814,0.008017491549253464,gov,True
156072,2024-01,gov,0,0.972137987613678,0.021799858659505844,0.006062078755348921,gov,True
156073,2024-01,gov,0,0.9540043473243713,0.0017465752316638827,0.044249020516872406,gov,True
156074,2024-01,uncertain,2,0.021207178011536598,0.001412621233612299,0.9773802161216736,uncertain,True
156075,2024-01,uncertain,2,0.01195397600531578,0.06857263296842575,0.91947340965271,uncertain,True
156788,2024-01,gov,0,0.9552552103996277,0.0041145519353449345,0.040630269795656204,gov,True
156789,2024-01,gov,0,0.987894594669342,0.009567535482347012,0.0025379022117704153,gov,True
156791,2024-01,gov,0,0.9348827004432678,0.06197654828429222,0.003140796208754182,gov,True
156792,2024-01,gov,0,0.988408625125885,0.007219627033919096,0.004371717106550932,gov,True
156793,2024-01,uncertain,2,0.1029229387640953,0.0024770370218902826,0.8946000337600708,uncertain,True
156795,2024-01,uncertain,2,0.011051579378545284,0.38598281145095825,0.6029656529426575,opo,True
156796,2024-01,opo,1,0.042957376688718796,0.5324808359146118,0.42456182837486267,uncertain,True
157508,2024-01,uncertain,2,0.0871480330824852,0.014919018372893333,0.8979330062866211,uncertain,True
157510,2024-01,gov,0,0.9610524773597717,0.03498566895723343,0.003961828071624041,gov,True
157511,2024-01,gov,0,0.9395085573196411,0.0406891405582428,0.01980229653418064,gov,True
157513,2024-01,uncertain,2,0.026268726214766502,0.002713163383305073,0.9710181355476379,uncertain,True
157514,2024-01,uncertain,2,0.002590613905340433,0.004274432081729174,0.9931349754333496,uncertain,True
157515,2024-01,uncertain,2,0.006196664180606604,0.11600031703710556,0.8778029680252075,uncertain,True
158229,2024-01,uncertain,2,0.061355315148830414,0.001502361847087741,0.9371423125267029,uncertain,True
158231,2024-01,gov,0,0.9980304837226868,0.0013422867050394416,0.0006272545433603227,gov,True
158233,2024-01,gov,0,0.7060920000076294,0.011104092001914978,0.2828039526939392,gov,True
158235,2024-01,uncertain,2,0.008127219043672085,0.2655942440032959,0.7262786030769348,uncertain,True
158236,2024-01,opo,1,0.031028220430016518,0.8161337375640869,0.1528380662202835,opo,True
158946,2024-01,gov,0,0.5771521925926208,0.10903328657150269,0.31381458044052124,gov,True
158947,2024-01,opo,1,0.018593892455101013,0.9292448163032532,0.05216127634048462,opo,True
158949,2024-01,gov,0,0.9862464666366577,0.011238775216042995,0.002514776075258851,gov,True
158950,2024-01,gov,0,0.9696078896522522,0.01957648992538452,0.010815653018653393,gov,True
158951,2024-01,gov,0,0.9950175881385803,0.003436056198552251,0.0015464361058548093,gov,True
158952,2024-01,gov,0,0.7735487818717957,0.1891947239637375,0.037256497889757156,gov,True
158953,2024-01,gov,0,0.9329354763031006,0.038000818341970444,0.029063668102025986,gov,True
158954,2024-01,gov,0,0.9333316087722778,0.05970434471964836,0.00696408050134778,gov,True
158955,2024-01,opo,1,0.053079601377248764,0.9413424134254456,0.005577965639531612,opo,True
158956,2024-01,gov,0,0.526216447353363,0.4447196424007416,0.02906387485563755,gov,True
158957,2024-01,gov,0,0.9651466608047485,0.03134234994649887,0.0035109813325107098,gov,True
158958,2024-01,gov,0,0.9962967038154602,0.0028684656135737896,0.0008348168339580297,gov,True
158960,2024-01,gov,0,0.9590734839439392,0.010130868293344975,0.030795764178037643,gov,True
159665,2024-01,uncertain,2,0.057771727442741394,0.1385224610567093,0.8037058115005493,uncertain,True
159666,2024-01,opo,1,0.0546368844807148,0.8956789374351501,0.04968425631523132,opo,True
159667,2024-01,opo,1,0.0014280756004154682,0.9938898086547852,0.004682062193751335,opo,True
159670,2024-01,gov,0,0.5255655646324158,0.016868995502591133,0.45756542682647705,gov,True
159671,2024-01,gov,0,0.9769355058670044,0.0008818417554721236,0.0221826434135437,gov,True
159672,2024-01,gov,0,0.992972731590271,0.005287018604576588,0.001740221050567925,gov,True
159673,2024-01,gov,0,0.982718288898468,0.008455893024802208,0.008825771510601044,gov,True
159674,2024-01,gov,0,0.9931718111038208,0.004239128902554512,0.0025890625547617674,gov,True
159675,2024-01,gov,0,0.9081261157989502,0.04200955852866173,0.04986429214477539,gov,True
159676,2024-01,gov,0,0.9815689325332642,0.006786736194044352,0.011644319631159306,gov,True
159679,2024-01,gov,0,0.9942519664764404,0.0026397299952805042,0.0031082523055374622,gov,True
159680,2024-01,gov,0,0.9609748721122742,0.005629777908325195,0.03339539095759392,gov,True
160386,2024-01,opo,1,0.04175207391381264,0.8910450339317322,0.06720289587974548,opo,True
160388,2024-01,uncertain,2,0.007970212027430534,0.018299559131264687,0.973730206489563,uncertain,True
160389,2024-01,uncertain,2,0.004337691701948643,0.0024071435909718275,0.9932551383972168,uncertain,True
160390,2024-01,uncertain,2,0.0006645448738709092,0.00034817037521861494,0.9989872574806213,uncertain,True
160391,2024-01,uncertain,2,0.027364768087863922,0.0064041027799248695,0.966231107711792,uncertain,True
160392,2024-01,gov,0,0.9533863067626953,0.04248109087347984,0.004132647067308426,gov,True
160393,2024-01,gov,0,0.8656367659568787,0.08258703351020813,0.05177623778581619,gov,True
160394,2024-01,gov,0,0.9826630353927612,0.008449332788586617,0.00888759084045887,gov,True
160396,2024-01,gov,0,0.9818182587623596,0.00973240751773119,0.008449382148683071,gov,True
160397,2024-01,gov,0,0.989818274974823,0.003473871387541294,0.006707800552248955,gov,True
160399,2024-01,gov,0,0.9946129322052002,0.0025818711146712303,0.002805164083838463,gov,True
160400,2024-01,gov,0,0.9720566868782043,0.012256276793777943,0.01568700186908245,gov,True
161107,2024-01,uncertain,2,0.047289617359638214,0.07777576148509979,0.8749345541000366,uncertain,True
161109,2024-01,uncertain,2,0.06697100400924683,0.001269449247047305,0.9317595362663269,uncertain,True
161110,2024-01,uncertain,2,0.02548014186322689,0.0004400612961035222,0.9740797281265259,uncertain,True
161111,2024-01,uncertain,2,0.04642988368868828,0.0029817246831953526,0.9505884051322937,uncertain,True
161112,2024-01,gov,0,0.9418495893478394,0.0509493350982666,0.007200965657830238,gov,True
161113,2024-01,gov,0,0.9853010773658752,0.010431285947561264,0.004267694894224405,gov,True
161116,2024-01,gov,0,0.9961026906967163,0.0019264916190877557,0.0019707547035068274,gov,True
161117,2024-01,gov,0,0.9932504892349243,0.0008774984744377434,0.005872068461030722,gov,True
161118,2024-01,gov,0,0.9512516856193542,0.0223685409873724,0.02637980692088604,gov,True
161119,2024-01,gov,0,0.9911353588104248,0.003831612877547741,0.005033028312027454,gov,True
161120,2024-01,gov,0,0.9612123966217041,0.018512681126594543,0.020275013521313667,gov,True
161829,2024-01,uncertain,2,0.011251985095441341,0.0033174194395542145,0.9854305982589722,uncertain,True
161830,2024-01,uncertain,2,0.015480811707675457,0.0008419741061516106,0.9836772680282593,uncertain,True
161831,2024-01,uncertain,2,0.0009791814954951406,0.0002824044495355338,0.9987384676933289,uncertain,True
161832,2024-01,uncertain,2,0.07785762846469879,0.004726128652691841,0.9174163341522217,uncertain,True
161833,2024-01,gov,0,0.9011000394821167,0.0067242286168038845,0.09217570722103119,gov,True
161837,2024-01,gov,0,0.9793780446052551,0.019169526174664497,0.0014523777645081282,gov,True
161839,2024-01,gov,0,0.7274158000946045,0.2550610303878784,0.017523106187582016,gov,True
162547,2024-01,opo,1,0.02933596447110176,0.9193838238716125,0.051280222833156586,opo,True
162548,2024-01,uncertain,2,0.011569185182452202,0.007608875632286072,0.9808219075202942,uncertain,True
162549,2024-01,uncertain,2,0.046359576284885406,0.0132750254124403,0.9403654336929321,uncertain,True
162551,2024-01,uncertain,2,0.02369607798755169,0.002007048111408949,0.9742968082427979,uncertain,True
162552,2024-01,gov,0,0.859666645526886,0.10859967768192291,0.03173372149467468,gov,True
162554,2024-01,gov,0,0.6039470434188843,0.21766608953475952,0.178386852145195,gov,True
162555,2024-01,uncertain,2,0.047520961612463,0.02505420334637165,0.9274247884750366,uncertain,True
162558,2024-01,gov,0,0.8957489132881165,0.1012820303440094,0.0029690777882933617,gov,True
162559,2024-01,gov,0,0.7279456257820129,0.2501930892467499,0.021861284971237183,gov,True
163268,2024-01,uncertain,2,0.08469000458717346,0.019887972623109818,0.8954220414161682,uncertain,True
163269,2024-01,uncertain,2,0.022809060290455818,0.00409212289378047,0.9730988144874573,uncertain,True
163271,2024-01,uncertain,2,0.02605200558900833,0.0032373147550970316,0.9707106947898865,uncertain,True
163272,2024-01,uncertain,2,0.005309386644512415,0.008315145038068295,0.9863753914833069,uncertain,True
163274,2024-01,opo,1,0.176148921251297,0.681420624256134,0.14243051409721375,opo,True
163275,2024-01,uncertain,2,0.007436154875904322,0.11397630721330643,0.878587543964386,uncertain,True
163276,2024-01,opo,1,0.01292511448264122,0.6876928806304932,0.29938197135925293,opo,True
163278,2024-01,gov,0,0.4983198046684265,0.4746134281158447,0.027066705748438835,gov,True
163988,2024-01,gov,0,0.8392305374145508,0.1125914603471756,0.04817797616124153,gov,True
163989,2024-01,gov,0,0.7904393076896667,0.041704777628183365,0.1678558886051178,gov,True
163992,2024-01,opo,1,0.03666381165385246,0.9048892855644226,0.05844688042998314,opo,True
163993,2024-01,uncertain,2,0.013118436560034752,0.03380300849676132,0.95307856798172,uncertain,True
163996,2024-01,opo,1,0.053772203624248505,0.9228244423866272,0.023403311148285866,opo,True
163998,2024-01,opo,1,0.22642584145069122,0.7660890817642212,0.00748505350202322,opo,True
164709,2024-01,uncertain,2,0.07907663285732269,0.007473934441804886,0.9134495258331299,uncertain,True
164710,2024-01,gov,0,0.960946798324585,0.016832474619150162,0.02222077175974846,gov,True
164711,2024-01,gov,0,0.9748139977455139,0.01844572089612484,0.006740262731909752,gov,True
164712,2024-01,gov,0,0.8372257947921753,0.15157562494277954,0.011198585852980614,gov,True
164713,2024-01,uncertain,2,0.37938445806503296,0.09021750092506409,0.5303980112075806,gov,True
164714,2024-01,uncertain,2,0.1042327731847763,0.04421479254961014,0.851552426815033,uncertain,True
164715,2024-01,gov,0,0.9273670315742493,0.04702950641512871,0.02560347132384777,gov,True
165430,2024-01,gov,0,0.8546777963638306,0.1314377635717392,0.013884437270462513,gov,True
165433,2024-01,uncertain,2,0.025973264127969742,0.0038548470474779606,0.9701719284057617,uncertain,True
166150,2024-01,gov,0,0.995028555393219,0.003654052736237645,0.001317401067353785,gov,True
166154,2024-01,gov,0,0.8346436619758606,0.040636107325553894,0.12472029030323029,gov,True
166155,2024-01,uncertain,2,0.025416545569896698,0.030913174152374268,0.9436702728271484,uncertain,True
166873,2024-01,uncertain,2,0.05067723989486694,0.001769853406585753,0.9475529789924622,uncertain,True
166876,2024-01,gov,0,0.8432044982910156,0.03292309120297432,0.12387239187955856,gov,True
166877,2024-01,gov,0,0.9938016533851624,0.004065179266035557,0.0021332025062292814,gov,True
167591,2024-01,gov,0,0.9350771307945251,0.039149828255176544,0.025773029774427414,gov,True
167592,2024-01,gov,0,0.9461790919303894,0.017093723639845848,0.036727175116539,gov,True
167594,2024-01,uncertain,2,0.03731229901313782,0.06336682289838791,0.8993209004402161,uncertain,True
167597,2024-01,gov,0,0.9756510853767395,0.021421900019049644,0.0029269587248563766,gov,True
168313,2024-01,gov,0,0.9285105466842651,0.028509298339486122,0.0429801419377327,gov,True
168316,2024-01,uncertain,2,0.047267742455005646,0.022961335256695747,0.9297710061073303,uncertain,True
169035,2024-01,uncertain,2,0.03268125653266907,0.001979995518922806,0.9653387069702148,uncertain,True
169036,2024-01,gov,0,0.7423629760742188,0.007338555064052343,0.2502984404563904,gov,True
169037,2024-01,gov,0,0.9495258331298828,0.013903281651437283,0.03657088056206703,gov,True
169756,2024-01,gov,0,0.9850046634674072,0.009382425807416439,0.0056128608994185925,gov,True
143838,2024-02,gov,0,0.9155505299568176,0.025736626237630844,0.058712851256132126,gov,True
145998,2024-02,gov,0,0.9249153137207031,0.017466438934206963,0.057618189603090286,gov,True
147437,2024-02,gov,0,0.94692063331604,0.02168709598481655,0.03139235079288483,gov,True
147438,2024-02,gov,0,0.7885559797286987,0.04450181871652603,0.16694214940071106,gov,True
147439,2024-02,uncertain,2,0.02492014318704605,0.0014500131364911795,0.973629891872406,uncertain,True
148158,2024-02,uncertain,2,0.049059249460697174,0.01776457577943802,0.9331761598587036,uncertain,True
149597,2024-02,uncertain,2,0.008781813085079193,0.001198695390485227,0.9900194406509399,uncertain,True
150307,2024-02,gov,0,0.894034743309021,0.024097993969917297,0.08186725527048111,gov,True
150317,2024-02,uncertain,2,0.03322157636284828,0.012749845162034035,0.9540285468101501,uncertain,True
151756,2024-02,uncertain,2,0.0631934404373169,0.0004608441377058625,0.9363456964492798,uncertain,True
152476,2024-02,gov,0,0.9917001128196716,0.0020526556763798,0.006247235462069511,gov,True
153190,2024-02,gov,0,0.9579136371612549,0.024174055084586143,0.01791229657828808,gov,True
153191,2024-02,gov,0,0.9502005577087402,0.019198989495635033,0.030600519850850105,gov,True
153192,2024-02,gov,0,0.9352355003356934,0.018385950475931168,0.046378541737794876,gov,True
153193,2024-02,gov,0,0.9503228068351746,0.021676557138562202,0.028000658378005028,gov,True
153196,2024-02,gov,0,0.9122276306152344,0.02104862406849861,0.06672374159097672,gov,True
153197,2024-02,uncertain,2,0.024490253999829292,0.004511570557951927,0.970998227596283,uncertain,True
153910,2024-02,gov,0,0.9717885255813599,0.020243220031261444,0.007968285121023655,gov,True
153911,2024-02,gov,0,0.9810153245925903,0.013567091897130013,0.00541760865598917,gov,True
153912,2024-02,gov,0,0.9300784468650818,0.019957035779953003,0.04996460676193237,gov,True
153913,2024-02,gov,0,0.9239742755889893,0.002937440061941743,0.07308819890022278,gov,True
153914,2024-02,gov,0,0.7858432531356812,0.002398103941231966,0.21175865828990936,gov,True
153915,2024-02,uncertain,2,0.03110545501112938,0.001166507601737976,0.9677280187606812,uncertain,True
153916,2024-02,gov,0,0.8580329418182373,0.01615850441157818,0.1258084774017334,gov,True
153917,2024-02,uncertain,2,0.07409892976284027,0.008566835895180702,0.917334258556366,uncertain,True
153918,2024-02,uncertain,2,0.1414056271314621,0.038448456674814224,0.8201459050178528,uncertain,True
154630,2024-02,gov,0,0.9792822599411011,0.016386132687330246,0.004331650678068399,gov,True
154631,2024-02,gov,0,0.9964466691017151,0.0029919196385890245,0.0005613713292405009,gov,True
154632,2024-02,gov,0,0.989243745803833,0.0028648406732827425,0.007891429588198662,gov,True
154633,2024-02,gov,0,0.884238600730896,0.007245494984090328,0.10851586610078812,gov,True
154634,2024-02,gov,0,0.7630698680877686,0.0027041772846132517,0.23422589898109436,gov,True
154635,2024-02,uncertain,2,0.0033067010808736086,0.00020134834630880505,0.9964919686317444,uncertain,True
154636,2024-02,uncertain,2,0.027125785127282143,0.005585500039160252,0.9672886729240417,uncertain,True
155351,2024-02,gov,0,0.9932905435562134,0.001549456501379609,0.005159986205399036,gov,True
155352,2024-02,gov,0,0.9879773259162903,0.003900271374732256,0.008122462779283524,gov,True
155354,2024-02,uncertain,2,0.06991510093212128,0.004884964320808649,0.9251999258995056,uncertain,True
156069,2024-02,gov,0,0.9518637657165527,0.017011510208249092,0.031124720349907875,gov,True
156071,2024-02,gov,0,0.9404665231704712,0.046214234083890915,0.013319145888090134,gov,True
156072,2024-02,gov,0,0.9804471731185913,0.013633986935019493,0.005918850190937519,gov,True
156073,2024-02,gov,0,0.889190137386322,0.010903030633926392,0.09990689903497696,gov,True
156074,2024-02,uncertain,2,0.03173263743519783,0.010701633989810944,0.9575657248497009,uncertain,True
156075,2024-02,opo,1,0.04183800145983696,0.563746988773346,0.3944150507450104,opo,True
156788,2024-02,gov,0,0.7252005934715271,0.006759509444236755,0.26803991198539734,gov,True
156789,2024-02,gov,0,0.9667758941650391,0.006380416452884674,0.026843689382076263,gov,True
156791,2024-02,gov,0,0.9528709650039673,0.02980654500424862,0.017322538420557976,gov,True
156792,2024-02,gov,0,0.9778002500534058,0.005069056525826454,0.017130712047219276,gov,True
156793,2024-02,uncertain,2,0.039275191724300385,0.0013666101731359959,0.9593582153320312,uncertain,True
156795,2024-02,opo,1,0.007551092188805342,0.5278864502906799,0.46456238627433777,uncertain,True
156796,2024-02,opo,1,0.03211221843957901,0.8501286506652832,0.11775913834571838,opo,True
157508,2024-02,uncertain,2,0.029502801597118378,0.04005484655499458,0.9304423928260803,uncertain,True
157510,2024-02,gov,0,0.9579970240592957,0.015724211931228638,0.026278672739863396,gov,True
157511,2024-02,gov,0,0.9603308439254761,0.005185410380363464,0.03448373079299927,gov,True
157513,2024-02,uncertain,2,0.08404823392629623,0.001626100274734199,0.9143256545066833,uncertain,True
157514,2024-02,uncertain,2,0.0024499318096786737,0.004374247044324875,0.9931758046150208,uncertain,True
157515,2024-02,opo,1,0.009442156180739403,0.6233648061752319,0.36719298362731934,opo,True
158229,2024-02,uncertain,2,0.012319313362240791,0.0026937739457935095,0.9849869608879089,uncertain,True
158231,2024-02,gov,0,0.9962601661682129,0.001857828232459724,0.0018820506520569324,gov,True
158233,2024-02,gov,0,0.9469292163848877,0.005092845764011145,0.0479779951274395,gov,True
158235,2024-02,uncertain,2,0.018304262310266495,0.16205847263336182,0.8196372985839844,uncertain,True
158236,2024-02,opo,1,0.06033426150679588,0.6468308568000793,0.2928348779678345,opo,True
158946,2024-02,gov,0,0.6616688966751099,0.29687026143074036,0.04146081954240799,gov,True
158947,2024-02,opo,1,0.02621201053261757,0.9613399505615234,0.012448008172214031,opo,True
158949,2024-02,gov,0,0.9522711634635925,0.005658648442476988,0.04207023233175278,gov,True
158950,2024-02,gov,0,0.9657204747200012,0.03048805519938469,0.0037914086133241653,gov,True
158951,2024-02,gov,0,0.9638633728027344,0.03219456970691681,0.003942083101719618,gov,True
158952,2024-02,gov,0,0.861956775188446,0.10217250138521194,0.03587072715163231,gov,True
158953,2024-02,gov,0,0.9734604954719543,0.008280065841972828,0.018259428441524506,gov,True
158954,2024-02,gov,0,0.9615491032600403,0.02067245915532112,0.01777842454612255,gov,True
158955,2024-02,opo,1,0.09091505408287048,0.876587450504303,0.03249745815992355,opo,True
158956,2024-02,gov,0,0.6299521923065186,0.32684558629989624,0.04320218786597252,gov,True
158957,2024-02,gov,0,0.9656891226768494,0.029787160456180573,0.0045237415470182896,gov,True
158958,2024-02,gov,0,0.9878562092781067,0.007806872483342886,0.004336944315582514,gov,True
158960,2024-02,gov,0,0.9764031767845154,0.009661603718996048,0.013935216702520847,gov,True
159665,2024-02,opo,1,0.06184782832860947,0.7514708042144775,0.1866813600063324,opo,True
159666,2024-02,opo,1,0.014696484431624413,0.9825610518455505,0.00274252169765532,opo,True
159667,2024-02,opo,1,0.004564819857478142,0.9911487102508545,0.004286477342247963,opo,True
159670,2024-02,gov,0,0.9557532668113708,0.012766250409185886,0.031480494886636734,gov,True
159671,2024-02,gov,0,0.9966742992401123,0.0017244956688955426,0.0016012400155887008,gov,True
159672,2024-02,gov,0,0.9976097345352173,0.0008284379728138447,0.0015618923353031278,gov,True
159673,2024-02,gov,0,0.9945604205131531,0.002195049077272415,0.0032445890828967094,gov,True
159674,2024-02,gov,0,0.984149158000946,0.012825568206608295,0.0030251704156398773,gov,True
159675,2024-02,gov,0,0.8535974621772766,0.11520975083112717,0.03119274601340294,gov,True
159676,2024-02,gov,0,0.9700043201446533,0.011153792962431908,0.018841944634914398,gov,True
159679,2024-02,gov,0,0.9650163054466248,0.02262173406779766,0.012361912056803703,gov,True
159680,2024-02,gov,0,0.9678837656974792,0.007997685112059116,0.024118464440107346,gov,True
160386,2024-02,opo,1,0.04517267644405365,0.9044017791748047,0.050425514578819275,opo,True
160388,2024-02,uncertain,2,0.010615566745400429,0.020652825012803078,0.9687315821647644,uncertain,True
160389,2024-02,uncertain,2,0.0077576469630002975,0.007164217531681061,0.9850780963897705,uncertain,True
160390,2024-02,uncertain,2,0.02218213863670826,0.017357798293232918,0.9604600071907043,uncertain,True
160391,2024-02,gov,0,0.8972615599632263,0.022134531289339066,0.08060396462678909,gov,True
160392,2024-02,gov,0,0.9951227307319641,0.0005333031294867396,0.004343891981989145,gov,True
160393,2024-02,gov,0,0.9515344500541687,0.003230562899261713,0.04523494839668274,gov,True
160394,2024-02,gov,0,0.9657931327819824,0.015876466408371925,0.018330339342355728,gov,True
160396,2024-02,gov,0,0.9900806546211243,0.003414442762732506,0.006504898890852928,gov,True
160397,2024-02,gov,0,0.9866169691085815,0.010119716636836529,0.0032633182127028704,gov,True
160399,2024-02,gov,0,0.9653292894363403,0.029294906184077263,0.005375818349421024,gov,True
160400,2024-02,gov,0,0.9654518961906433,0.01154216006398201,0.023005936294794083,gov,True
161107,2024-02,uncertain,2,0.02360312081873417,0.05237579718232155,0.9240210652351379,uncertain,True
161109,2024-02,uncertain,2,0.017145507037639618,0.0013164482079446316,0.9815380573272705,uncertain,True
161110,2024-02,gov,0,0.8318444490432739,0.0036982393357902765,0.16445736587047577,gov,True
161111,2024-02,gov,0,0.931962788105011,0.00862429104745388,0.059412937611341476,gov,True
161112,2024-02,gov,0,0.9962693452835083,0.0019029516261070967,0.001827690051868558,gov,True
161113,2024-02,gov,0,0.992607831954956,0.0017168234335258603,0.005675351247191429,gov,True
161116,2024-02,gov,0,0.9958065748214722,0.0016922754002735019,0.002501141279935837,gov,True
161117,2024-02,gov,0,0.9407256841659546,0.03533603623509407,0.023938283324241638,gov,True
161118,2024-02,opo,1,0.07894989103078842,0.9189232587814331,0.002126820618286729,opo,True
161119,2024-02,gov,0,0.786932110786438,0.19247910380363464,0.02058875747025013,gov,True
161120,2024-02,gov,0,0.9107911586761475,0.04777037724852562,0.04143843427300453,gov,True
161829,2024-02,uncertain,2,0.007237729150801897,0.001140348264016211,0.9916219711303711,uncertain,True
161830,2024-02,uncertain,2,0.030519016087055206,0.013187216594815254,0.9562937617301941,uncertain,True
161831,2024-02,uncertain,2,0.0018800263060256839,0.0020041894167661667,0.9961158037185669,uncertain,True
161832,2024-02,uncertain,2,0.027394790202379227,0.002619842067360878,0.9699853658676147,uncertain,True
161833,2024-02,gov,0,0.8569654822349548,0.06286820024251938,0.08016636222600937,gov,True
161837,2024-02,gov,0,0.8701915144920349,0.12757492065429688,0.002233553910627961,gov,True
161839,2024-02,opo,1,0.06603296101093292,0.9313368797302246,0.0026301497127860785,opo,True
162547,2024-02,opo,1,0.011872326955199242,0.9690631628036499,0.01906454935669899,opo,True
162548,2024-02,uncertain,2,0.007424742449074984,0.006450672168284655,0.9861245155334473,uncertain,True
162549,2024-02,uncertain,2,0.008279185742139816,0.0016934567829594016,0.9900273680686951,uncertain,True
162551,2024-02,uncertain,2,0.05812181159853935,0.013208352960646152,0.9286698698997498,uncertain,True
162552,2024-02,gov,0,0.7728232741355896,0.056652095168828964,0.17052462697029114,gov,True
162554,2024-02,gov,0,0.6782039403915405,0.24601048231124878,0.0757855549454689,gov,True
162555,2024-02,uncertain,2,0.07034166157245636,0.025947192683815956,0.903711199760437,uncertain,True
162558,2024-02,opo,1,0.02718311920762062,0.972439706325531,0.0003772345371544361,opo,True
162559,2024-02,opo,1,0.05877085030078888,0.9327496886253357,0.008479436859488487,opo,True
163268,2024-02,uncertain,2,0.002694584894925356,0.009538531303405762,0.9877668619155884,uncertain,True
163269,2024-02,uncertain,2,0.0020588980987668037,0.002066954504698515,0.9958741068840027,uncertain,True
163271,2024-02,gov,0,0.5651112198829651,0.04888083413243294,0.38600799441337585,gov,True
163272,2024-02,uncertain,2,0.00043581222416833043,5.50058803128195e-06,0.9995587468147278,uncertain,True
163274,2024-02,opo,1,0.09317655861377716,0.8850129246711731,0.021810520440340042,opo,True
163275,2024-02,uncertain,2,0.004959026351571083,0.002389737870544195,0.9926512837409973,uncertain,True
163276,2024-02,uncertain,2,0.02981741540133953,0.0024484796449542046,0.967734158039093,uncertain,True
163278,2024-02,opo,1,0.04403482750058174,0.9543086886405945,0.0016565488185733557,opo,True
163988,2024-02,gov,0,0.5930315256118774,0.2146250158548355,0.19234339892864227,gov,True
163989,2024-02,uncertain,2,0.2700278162956238,0.021385440602898598,0.7085866928100586,gov,True
163992,2024-02,uncertain,2,0.06755347549915314,0.005643907934427261,0.9268025755882263,uncertain,True
163993,2024-02,uncertain,2,0.002799936570227146,0.004992471542209387,0.9922075867652893,uncertain,True
163996,2024-02,gov,0,0.8706684112548828,0.05864904820919037,0.07068251073360443,gov,True
163998,2024-02,gov,0,0.8263006210327148,0.1668957620859146,0.006803535856306553,gov,True
164709,2024-02,uncertain,2,0.039470963180065155,0.006547502242028713,0.9539815783500671,uncertain,True
164710,2024-02,gov,0,0.9516040086746216,0.030719589442014694,0.017676405608654022,gov,True
164711,2024-02,gov,0,0.9832683205604553,0.014909075573086739,0.001822587102651596,gov,True
164712,2024-02,gov,0,0.7638545036315918,0.12925997376441956,0.10688555985689163,gov,True
164713,2024-02,opo,1,0.2581433057785034,0.39013251662254333,0.35172417759895325,gov,True
164714,2024-02,opo,1,0.035956233739852905,0.609216034412384,0.35482773184776306,opo,True
164715,2024-02,opo,1,0.16483299434185028,0.7470901608467102,0.0880768746137619,gov,True
165430,2024-02,opo,1,0.0557730607688427,0.9385301470756531,0.005696738604456186,opo,True
165433,2024-02,uncertain,2,0.050667908042669296,0.05336316302418709,0.8959688544273376,uncertain,True
166150,2024-02,gov,0,0.988334059715271,0.01092036347836256,0.000745530123822391,gov,True
166154,2024-02,gov,0,0.9222610592842102,0.03571566194295883,0.04202328249812126,gov,True
166155,2024-02,uncertain,2,0.0654253289103508,0.10164721310138702,0.8329274654388428,uncertain,True
166873,2024-02,uncertain,2,0.09214894473552704,0.005957912653684616,0.901893138885498,uncertain,True
166876,2024-02,gov,0,0.7871100306510925,0.03185644745826721,0.18103353679180145,gov,True
166877,2024-02,gov,0,0.985145092010498,0.008127435110509396,0.006727414671331644,gov,True
167591,2024-02,gov,0,0.9829393625259399,0.009308403357863426,0.007752215024083853,gov,True
167592,2024-02,gov,0,0.9337639808654785,0.012445870786905289,0.05379016324877739,gov,True
167594,2024-02,uncertain,2,0.13595272600650787,0.06499016284942627,0.799057126045227,uncertain,True
167597,2024-02,gov,0,0.914095938205719,0.07571616023778915,0.010187892243266106,gov,True
168313,2024-02,gov,0,0.970835268497467,0.005036814603954554,0.024127934128046036,gov,True
168316,2024-02,uncertain,2,0.010017603635787964,0.03338778391480446,0.9565945267677307,uncertain,True
169035,2024-02,uncertain,2,0.05671287700533867,0.002642193576321006,0.9406448602676392,uncertain,True
169036,2024-02,gov,0,0.833692729473114,0.004194963723421097,0.1621123105287552,gov,True
169037,2024-02,gov,0,0.9587619304656982,0.0049233706668019295,0.03631461039185524,gov,True
169756,2024-02,gov,0,0.9964894652366638,0.0021229430567473173,0.0013875550357624888,gov,True
143838,2024-03,gov,0,0.9387990832328796,0.02408500388264656,0.037115927785634995,gov,True
145998,2024-03,gov,0,0.8963944315910339,0.04621489718556404,0.05739063769578934,gov,True
147437,2024-03,gov,0,0.9616618156433105,0.020991649478673935,0.017346465960144997,gov,True
147438,2024-03,gov,0,0.8119227290153503,0.03641092777252197,0.1516663134098053,gov,True
147439,2024-03,uncertain,2,0.09088381379842758,0.0037219098303467035,0.9053942561149597,uncertain,True
148158,2024-03,uncertain,2,0.10104431957006454,0.022036397829651833,0.8769192695617676,uncertain,True
149597,2024-03,uncertain,2,0.013683807104825974,0.003244930412620306,0.9830712676048279,uncertain,True
150307,2024-03,gov,0,0.9460897445678711,0.021026797592639923,0.03288345783948898,gov,True
150317,2024-03,uncertain,2,0.0306731928139925,0.01813778653740883,0.9511889815330505,uncertain,True
151756,2024-03,uncertain,2,0.04771359637379646,0.00021610378462355584,0.9520703554153442,uncertain,True
151757,2024-03,uncertain,2,0.005591447465121746,0.00119058380369097,0.9932178854942322,uncertain,True
152476,2024-03,gov,0,0.965225875377655,0.0008134859381243587,0.03396065905690193,gov,True
153190,2024-03,gov,0,0.9738599061965942,0.004375804215669632,0.021764278411865234,gov,True
153191,2024-03,gov,0,0.9848922491073608,0.00838017463684082,0.006727667525410652,gov,True
153192,2024-03,gov,0,0.9721911549568176,0.006053697783499956,0.02175506390631199,gov,True
153193,2024-03,gov,0,0.975837767124176,0.007034342270344496,0.01712791435420513,gov,True
153196,2024-03,gov,0,0.6469212174415588,0.251460462808609,0.10161837935447693,gov,True
153197,2024-03,opo,1,0.07761164754629135,0.6613882184028625,0.2610001564025879,opo,True
153910,2024-03,gov,0,0.9862426519393921,0.0030437989626079798,0.010713590309023857,gov,True
153911,2024-03,gov,0,0.9927863478660583,0.0029065683484077454,0.0043070949614048,gov,True
153912,2024-03,gov,0,0.9890432357788086,0.002730516716837883,0.008226180449128151,gov,True
153913,2024-03,gov,0,0.9912698268890381,0.0007388805970549583,0.007991265505552292,gov,True
153914,2024-03,gov,0,0.9884862899780273,0.0005453730700537562,0.01096836943179369,gov,True
153915,2024-03,uncertain,2,0.018818169832229614,0.0006330562755465508,0.9805487394332886,uncertain,True
153916,2024-03,gov,0,0.6188737154006958,0.24922528862953186,0.13190104067325592,gov,True
153917,2024-03,opo,1,0.32125985622406006,0.6498498916625977,0.028890293091535568,opo,True
153918,2024-03,opo,1,0.41201847791671753,0.4219222664833069,0.16605925559997559,opo,True
154630,2024-03,gov,0,0.986268937587738,0.009389461018145084,0.004341543186455965,gov,True
154631,2024-03,gov,0,0.9970309734344482,0.0017754167784005404,0.0011935100192204118,gov,True
154632,2024-03,gov,0,0.998119056224823,0.0001983637921512127,0.0016826039645820856,gov,True
154633,2024-03,gov,0,0.9947556257247925,0.0006299361120909452,0.0046144151128828526,gov,True
154634,2024-03,gov,0,0.9860183000564575,0.00031341929570771754,0.013668296858668327,gov,True
154635,2024-03,uncertain,2,0.010183061473071575,6.349142495309934e-05,0.9897534847259521,uncertain,True
154636,2024-03,uncertain,2,0.025461960583925247,0.012301130220293999,0.9622368812561035,uncertain,True
155351,2024-03,gov,0,0.9916875958442688,0.00019645396969281137,0.00811594258993864,gov,True
155352,2024-03,gov,0,0.9803932309150696,0.0007955730543471873,0.01881120167672634,gov,True
155354,2024-03,uncertain,2,0.0329052172601223,0.0022469195537269115,0.9648478031158447,uncertain,True
156069,2024-03,gov,0,0.9475193023681641,0.03531717509031296,0.017163608223199844,gov,True
156071,2024-03,gov,0,0.9934824109077454,0.0032886567059904337,0.0032289535738527775,gov,True
156072,2024-03,gov,0,0.9844025373458862,0.004554592538625002,0.01104284729808569,gov,True
156073,2024-03,gov,0,0.9548123478889465,0.0062416126020252705,0.03894610330462456,gov,True
156074,2024-03,uncertain,2,0.07706324756145477,0.033686913549900055,0.8892498016357422,uncertain,True
156075,2024-03,opo,1,0.022677110508084297,0.6732338666915894,0.3040889799594879,opo,True
156788,2024-03,gov,0,0.9380810856819153,0.019931498914957047,0.04198743402957916,gov,True
156789,2024-03,gov,0,0.9166016578674316,0.05920179560780525,0.024196667596697807,gov,True
156791,2024-03,gov,0,0.9797117114067078,0.0164776761084795,0.0038106830324977636,gov,True
156792,2024-03,gov,0,0.9750931262969971,0.00960820633918047,0.015298742800951004,gov,True
156793,2024-03,uncertain,2,0.07447393983602524,0.0017218252178281546,0.9238042235374451,uncertain,True
156794,2024-03,gov,0,0.4853367507457733,0.20403890311717987,0.31062430143356323,gov,True
156795,2024-03,opo,1,0.0022882523480802774,0.9583603739738464,0.03935132920742035,opo,True
156796,2024-03,opo,1,0.022284841164946556,0.9481155872344971,0.029599571600556374,opo,True
157508,2024-03,opo,1,0.09455881267786026,0.7113943099975586,0.19404688477516174,opo,True
157510,2024-03,gov,0,0.8873804807662964,0.0588299036026001,0.05378973111510277,gov,True
157511,2024-03,gov,0,0.9597344398498535,0.014689615927636623,0.025575971230864525,gov,True
157513,2024-03,uncertain,2,0.026806797832250595,0.0008825006079860032,0.9723106026649475,uncertain,True
157514,2024-03,uncertain,2,0.009186004288494587,0.0023301744367927313,0.988483726978302,uncertain,True
157515,2024-03,uncertain,2,0.027792388573288918,0.22803501784801483,0.7441725730895996,uncertain,True
158229,2024-03,uncertain,2,0.16589349508285522,0.02761581912636757,0.8064906597137451,uncertain,True
158231,2024-03,gov,0,0.9932267069816589,0.005897814407944679,0.0008754722657613456,gov,True
158233,2024-03,gov,0,0.977753758430481,0.0003841467259917408,0.021862097084522247,gov,True
158235,2024-03,opo,1,0.06943720579147339,0.8750981688499451,0.05546458438038826,opo,True
158236,2024-03,opo,1,0.03256294131278992,0.956615686416626,0.010821402072906494,opo,True
158237,2024-03,opo,1,0.010146314278244972,0.9877687096595764,0.002084969077259302,opo,True
158238,2024-03,opo,1,0.027912477031350136,0.9672114849090576,0.004876021295785904,opo,True
158946,2024-03,opo,1,0.04469668120145798,0.8049180507659912,0.15038526058197021,opo,True
158947,2024-03,opo,1,0.000234834267757833,0.9993380904197693,0.00042702449718490243,opo,True
158949,2024-03,gov,0,0.975771963596344,0.00883858185261488,0.015389562584459782,gov,True
158950,2024-03,gov,0,0.995232880115509,0.003494889009743929,0.0012722292449325323,gov,True
158951,2024-03,gov,0,0.9923093318939209,0.006109922658652067,0.0015806944575160742,gov,True
158952,2024-03,gov,0,0.9777575135231018,0.020100707188248634,0.002141749719157815,gov,True
158953,2024-03,gov,0,0.9958274960517883,0.0011731325648725033,0.002999409567564726,gov,True
158954,2024-03,gov,0,0.9791414141654968,0.012227240018546581,0.008631302043795586,gov,True
158955,2024-03,gov,0,0.552836537361145,0.4352667033672333,0.011896809563040733,gov,True
158956,2024-03,gov,0,0.9672411680221558,0.03121916390955448,0.0015397112583741546,gov,True
158957,2024-03,gov,0,0.9945366382598877,0.005058624316006899,0.0004048129194416106,gov,True
158958,2024-03,gov,0,0.9972726702690125,0.0014337727334350348,0.0012936257990077138,gov,True
158960,2024-03,gov,0,0.96538245677948,0.008331742137670517,0.026285747066140175,gov,True
159665,2024-03,uncertain,2,0.04345981031656265,0.18466128408908844,0.7718790173530579,uncertain,True
159666,2024-03,opo,1,0.002589847194030881,0.9813892245292664,0.016020968556404114,opo,True
159667,2024-03,opo,1,0.00028576975455507636,0.9950302839279175,0.004683900158852339,opo,True
159670,2024-03,gov,0,0.9851468205451965,0.004522925242781639,0.010330217890441418,gov,True
159671,2024-03,gov,0,0.9952634572982788,0.0015893097734078765,0.0031471364200115204,gov,True
159672,2024-03,gov,0,0.9954688549041748,0.0006365828448906541,0.003894631052389741,gov,True
159673,2024-03,gov,0,0.9963145852088928,0.0012135939905419946,0.0024718663189560175,gov,True
159674,2024-03,gov,0,0.9945553541183472,0.004209826700389385,0.001234851311892271,gov,True
159675,2024-03,gov,0,0.9210304617881775,0.04419418051838875,0.03477538377046585,gov,True
159676,2024-03,gov,0,0.9977388381958008,0.0008030274766497314,0.0014580345014110208,gov,True
159679,2024-03,gov,0,0.9850736260414124,0.007428921293467283,0.007497404236346483,gov,True
159680,2024-03,gov,0,0.9617050886154175,0.008317967876791954,0.02997693605720997,gov,True
160386,2024-03,opo,1,0.0688033476471901,0.7098186016082764,0.22137805819511414,opo,True
160388,2024-03,uncertain,2,0.00794410053640604,0.0036124924663454294,0.9884434342384338,uncertain,True
160389,2024-03,uncertain,2,0.002691368805244565,0.0006370249902829528,0.9966715574264526,uncertain,True
160390,2024-03,uncertain,2,0.025908229872584343,0.01008653361350298,0.9640052914619446,uncertain,True
160391,2024-03,gov,0,0.6560476422309875,0.08947759121656418,0.2544747591018677,gov,True
160392,2024-03,gov,0,0.9855857491493225,0.0011306522646918893,0.0132836252450943,gov,True
160393,2024-03,gov,0,0.9648537039756775,0.006963883992284536,0.028182383626699448,gov,True
160394,2024-03,gov,0,0.9345584511756897,0.058366041630506516,0.007075492292642593,gov,True
160396,2024-03,gov,0,0.9842509031295776,0.006447350140661001,0.009301727637648582,gov,True
160397,2024-03,gov,0,0.9944823980331421,0.004108433611690998,0.0014092724304646254,gov,True
160399,2024-03,gov,0,0.9529271125793457,0.03720632568001747,0.009866521693766117,gov,True
160400,2024-03,gov,0,0.967765748500824,0.009902622550725937,0.02233167365193367,gov,True
161107,2024-03,uncertain,2,0.10152281820774078,0.05630696564912796,0.8421701788902283,uncertain,True
161109,2024-03,uncertain,2,0.004457745235413313,7.15933128958568e-05,0.9954707622528076,uncertain,True
161110,2024-03,gov,0,0.7184807658195496,0.003930485807359219,0.277588814496994,gov,True
161111,2024-03,gov,0,0.9234877228736877,0.0272531658411026,0.049259137362241745,gov,True
161112,2024-03,gov,0,0.9955739974975586,0.0032655552495270967,0.0011604209430515766,gov,True
161113,2024-03,gov,0,0.9851105213165283,0.011188668198883533,0.003700781147927046,gov,True
161116,2024-03,gov,0,0.9843616485595703,0.0011201828019693494,0.014518172480165958,gov,True
161117,2024-03,gov,0,0.96860671043396,0.011079831048846245,0.0203134473413229,gov,True
161118,2024-03,opo,1,0.1668251007795334,0.8310216665267944,0.00215322058647871,opo,True
161119,2024-03,gov,0,0.8222816586494446,0.16454336047172546,0.013174924068152905,gov,True
161120,2024-03,gov,0,0.9283068776130676,0.041940368711948395,0.029752759262919426,gov,True
161829,2024-03,uncertain,2,0.001601948169991374,0.0003450730291660875,0.9980530738830566,uncertain,True
161830,2024-03,uncertain,2,0.02902514860033989,0.005761411972343922,0.965213418006897,uncertain,True
161831,2024-03,uncertain,2,0.0018990363460034132,0.000643793900962919,0.9974572062492371,uncertain,True
161832,2024-03,uncertain,2,0.03946924954652786,0.0056806388311088085,0.9548500776290894,uncertain,True
161833,2024-03,gov,0,0.8154417872428894,0.08555477112531662,0.09900350123643875,gov,True
161837,2024-03,gov,0,0.9570654630661011,0.03824957087635994,0.0046849031932652,gov,True
161839,2024-03,opo,1,0.07142087072134018,0.9266226291656494,0.001956536201760173,opo,True
162547,2024-03,opo,1,0.0397980622947216,0.9413083791732788,0.01889357902109623,opo,True
162548,2024-03,uncertain,2,0.006494716741144657,0.002691666828468442,0.9908135533332825,uncertain,True
162549,2024-03,uncertain,2,0.0023091714829206467,0.0007645211298950016,0.9969263672828674,uncertain,True
162551,2024-03,uncertain,2,0.044709064066410065,0.0046850163489580154,0.9506059288978577,uncertain,True
162552,2024-03,gov,0,0.881261944770813,0.0290448609739542,0.08969317376613617,gov,True
162554,2024-03,gov,0,0.9513075351715088,0.03063216805458069,0.01806025579571724,gov,True
162555,2024-03,gov,0,0.8367765545845032,0.0070076375268399715,0.1562158316373825,gov,True
162556,2024-03,gov,0,0.9783092737197876,0.003985537216067314,0.01770525798201561,gov,True
162558,2024-03,opo,1,0.013538006693124771,0.9861685633659363,0.00029346521478146315,opo,True
162559,2024-03,opo,1,0.014027794823050499,0.9812228083610535,0.004749423824250698,opo,True
163268,2024-03,uncertain,2,0.009639481082558632,0.011934179812669754,0.9784262776374817,uncertain,True
163269,2024-03,uncertain,2,0.0076934900134801865,0.005529864225536585,0.9867766499519348,uncertain,True
163271,2024-03,gov,0,0.8521491885185242,0.04315709322690964,0.1046937108039856,gov,True
163272,2024-03,uncertain,2,0.021693948656320572,0.000335859862389043,0.9779702425003052,uncertain,True
163274,2024-03,gov,0,0.8058274388313293,0.06992018967866898,0.12425244599580765,gov,True
163275,2024-03,uncertain,2,0.13405922055244446,0.001682918518781662,0.8642578125,uncertain,True
163276,2024-03,uncertain,2,0.19838392734527588,0.0036341482773423195,0.7979819178581238,uncertain,True
163278,2024-03,opo,1,0.04474673047661781,0.9541549682617188,0.0010982565581798553,opo,True
163988,2024-03,gov,0,0.5721337795257568,0.39457669854164124,0.03328961133956909,gov,True
163989,2024-03,gov,0,0.762400209903717,0.09616449475288391,0.14143525063991547,gov,True
163992,2024-03,gov,0,0.7716307640075684,0.05154117941856384,0.17682808637619019,gov,True
163993,2024-03,uncertain,2,0.05175891891121864,0.004096982069313526,0.9441441297531128,uncertain,True
163996,2024-03,gov,0,0.9850329756736755,0.004259083420038223,0.01070789061486721,gov,True
163998,2024-03,gov,0,0.962235689163208,0.0355842150747776,0.0021801460534334183,gov,True
164709,2024-03,uncertain,2,0.10244067758321762,0.02186369150876999,0.8756956458091736,uncertain,True
164710,2024-03,gov,0,0.9885724782943726,0.00593660119920969,0.005490913987159729,gov,True
164711,2024-03,gov,0,0.9978243112564087,0.001384937553666532,0.0007908294792287052,gov,True
164712,2024-03,gov,0,0.9957935810089111,0.0014775637537240982,0.002728799358010292,gov,True
164713,2024-03,gov,0,0.8351930379867554,0.0015388507163152099,0.1632681041955948,gov,True
164714,2024-03,uncertain,2,0.03197910264134407,0.005769186653196812,0.9622516632080078,uncertain,True
164715,2024-03,opo,1,0.16999275982379913,0.7776740193367004,0.052333198487758636,opo,True
165430,2024-03,gov,0,0.9740366339683533,0.018410837277770042,0.007552534341812134,gov,True
165433,2024-03,uncertain,2,0.04915435239672661,0.00023369457630906254,0.9506120085716248,uncertain,True
166150,2024-03,gov,0,0.9897046685218811,0.006075805518776178,0.004219498950988054,gov,True
166154,2024-03,gov,0,0.8720019459724426,0.0850093811750412,0.04298875480890274,gov,True
166155,2024-03,opo,1,0.10824146121740341,0.7263117432594299,0.16544681787490845,opo,True
166873,2024-03,opo,1,0.08859096467494965,0.6900143623352051,0.22139471769332886,opo,True
166876,2024-03,gov,0,0.6605184078216553,0.2617732286453247,0.07770834863185883,gov,True
166877,2024-03,gov,0,0.9360496401786804,0.03657485172152519,0.027375590056180954,gov,True
167591,2024-03,gov,0,0.959265947341919,0.017848027870059013,0.02288595773279667,gov,True
167592,2024-03,gov,0,0.8040656447410583,0.11550680547952652,0.08042754232883453,gov,True
167594,2024-03,opo,1,0.06940770149230957,0.8207873702049255,0.10980492830276489,opo,True
167597,2024-03,gov,0,0.9273563623428345,0.06257959455251694,0.010063938796520233,gov,True
168313,2024-03,gov,0,0.9722344279289246,0.012399043887853622,0.01536648627370596,gov,True
168316,2024-03,opo,1,0.07610747218132019,0.8841977715492249,0.03969471529126167,opo,True
169035,2024-03,uncertain,2,0.08774025738239288,0.020990606397390366,0.8912690877914429,uncertain,True
169036,2024-03,gov,0,0.9283926486968994,0.05552803725004196,0.016079291701316833,gov,True
169037,2024-03,gov,0,0.9747604131698608,0.014345686882734299,0.010893856175243855,gov,True
169756,2024-03,gov,0,0.9774965047836304,0.011653156951069832,0.010850325226783752,gov,True
143838,2024-04,gov,0,0.922002375125885,0.02233927510678768,0.05565839633345604,gov,True
145998,2024-04,gov,0,0.9229928851127625,0.017406228929758072,0.05960090085864067,gov,True
147437,2024-04,gov,0,0.9110217094421387,0.04311027005314827,0.04586797580122948,gov,True
147438,2024-04,gov,0,0.4953409433364868,0.22419270873069763,0.28046634793281555,opo,True
147439,2024-04,uncertain,2,0.13795103132724762,0.018936127424240112,0.8431128859519958,uncertain,True
148158,2024-04,uncertain,2,0.10102783888578415,0.10459109395742416,0.7943810224533081,uncertain,True
149597,2024-04,uncertain,2,0.06546303629875183,0.05507216602563858,0.8794648051261902,uncertain,True
150307,2024-04,gov,0,0.9046823382377625,0.02124270237982273,0.07407496869564056,gov,True
150317,2024-04,uncertain,2,0.12716691195964813,0.3296479284763336,0.5431851148605347,opo,True
151756,2024-04,uncertain,2,0.05007217824459076,0.0008598167332820594,0.949068009853363,uncertain,True
151757,2024-04,uncertain,2,0.013959416188299656,0.0018036250257864594,0.984237015247345,uncertain,True
152476,2024-04,gov,0,0.9809620976448059,0.004041008185595274,0.014996971935033798,gov,True
153190,2024-04,gov,0,0.9716145396232605,0.006086328998208046,0.022299228236079216,gov,True
153191,2024-04,gov,0,0.9618803858757019,0.0152303297072649,0.02288934774696827,gov,True
153192,2024-04,gov,0,0.9774613976478577,0.008400524035096169,0.014138068072497845,gov,True
153193,2024-04,gov,0,0.9821167588233948,0.006921728141605854,0.010961477644741535,gov,True
153196,2024-04,opo,1,0.20557448267936707,0.6299351453781128,0.16449040174484253,opo,True
153197,2024-04,uncertain,2,0.05640275403857231,0.05483665689826012,0.8887606263160706,uncertain,True
153910,2024-04,gov,0,0.9875732064247131,0.001814967836253345,0.010611728765070438,gov,True
153911,2024-04,gov,0,0.9922061562538147,0.0029834590386599302,0.004810374695807695,gov,True
153912,2024-04,gov,0,0.9947348833084106,0.002095933770760894,0.003169272094964981,gov,True
153913,2024-04,gov,0,0.9949074387550354,0.00035469525028020144,0.004737775307148695,gov,True
153914,2024-04,gov,0,0.9644485712051392,0.0013593843905255198,0.03419196978211403,gov,True
153915,2024-04,uncertain,2,0.028456009924411774,0.012693459168076515,0.958850622177124,uncertain,True
153916,2024-04,gov,0,0.5532616972923279,0.31128665804862976,0.13545165956020355,gov,True
153917,2024-04,gov,0,0.43350642919540405,0.24143674969673157,0.3250567615032196,gov,True
153918,2024-04,uncertain,2,0.26485171914100647,0.022134482860565186,0.7130138278007507,uncertain,True
154630,2024-04,gov,0,0.9819893836975098,0.014376814477145672,0.0036338046193122864,gov,True
154631,2024-04,gov,0,0.9951847195625305,0.003802120452746749,0.0010131337912753224,gov,True
154632,2024-04,gov,0,0.994905948638916,0.002341094659641385,0.0027529816143214703,gov,True
154633,2024-04,gov,0,0.9556600451469421,0.002439147559925914,0.04190083220601082,gov,True
154634,2024-04,gov,0,0.929768443107605,0.0008259009919129312,0.0694057047367096,gov,True
154635,2024-04,uncertain,2,0.016912827268242836,0.001005034428089857,0.9820820689201355,uncertain,True
154636,2024-04,uncertain,2,0.033363256603479385,0.06870308518409729,0.8979336023330688,uncertain,True
155351,2024-04,gov,0,0.9947192668914795,0.0006596687017008662,0.004621006082743406,gov,True
155352,2024-04,gov,0,0.9933887720108032,0.0027789331506937742,0.0038322824984788895,gov,True
155354,2024-04,uncertain,2,0.022524334490299225,0.003567236242815852,0.9739083647727966,uncertain,True
156069,2024-04,gov,0,0.8947955369949341,0.046480730175971985,0.05872369557619095,gov,True
156071,2024-04,gov,0,0.9687682390213013,0.018738441169261932,0.012493251822888851,gov,True
156072,2024-04,gov,0,0.9695614576339722,0.023407841101288795,0.007030717562884092,gov,True
156073,2024-04,gov,0,0.7812204957008362,0.020599303767085075,0.19818024337291718,gov,True
156074,2024-04,uncertain,2,0.018807653337717056,0.03969012573361397,0.9415021538734436,uncertain,True
156075,2024-04,opo,1,0.002943411935120821,0.9349239468574524,0.06213265657424927,opo,True
156788,2024-04,gov,0,0.7552714943885803,0.02199757844209671,0.22273096442222595,gov,True
156789,2024-04,gov,0,0.937926173210144,0.012380625121295452,0.04969320446252823,gov,True
156791,2024-04,gov,0,0.9754666090011597,0.018873950466513634,0.005659405142068863,gov,True
156792,2024-04,gov,0,0.9878459572792053,0.004447974264621735,0.007706165313720703,gov,True
156793,2024-04,uncertain,2,0.02194300852715969,0.0006557535380125046,0.9774012565612793,uncertain,True
156794,2024-04,uncertain,2,0.24145711958408356,0.11929041147232056,0.6392525434494019,gov,True
156795,2024-04,opo,1,0.0026927865110337734,0.9625993967056274,0.034707874059677124,opo,True
156796,2024-04,opo,1,0.004890654236078262,0.9892016649246216,0.005907665938138962,opo,True
157508,2024-04,uncertain,2,0.06095610186457634,0.07564445585012436,0.8633993864059448,uncertain,True
157510,2024-04,gov,0,0.8833999037742615,0.024243898689746857,0.09235624969005585,gov,True
157511,2024-04,gov,0,0.9485227465629578,0.010324760340154171,0.041152507066726685,gov,True
157513,2024-04,uncertain,2,0.018950214609503746,0.0008750951965339482,0.9801747798919678,uncertain,True
157514,2024-04,uncertain,2,0.002373350318521261,0.001966829877346754,0.9956597685813904,uncertain,True
157515,2024-04,uncertain,2,0.013027503155171871,0.1279735565185547,0.8589988946914673,uncertain,True
158229,2024-04,uncertain,2,0.08688956499099731,0.0026826283428817987,0.9104276895523071,uncertain,True
158231,2024-04,gov,0,0.9917317032814026,0.006425207480788231,0.0018431592034175992,gov,True
158233,2024-04,gov,0,0.9260382056236267,0.0054569547064602375,0.06850481033325195,gov,True
158235,2024-04,opo,1,0.011341147124767303,0.9649527072906494,0.023706184700131416,opo,True
158236,2024-04,opo,1,0.01569959707558155,0.980678915977478,0.00362146133556962,opo,True
158237,2024-04,opo,1,0.014323385432362556,0.9844234585762024,0.0012531497050076723,opo,True
158238,2024-04,opo,1,0.04899407550692558,0.9229530692100525,0.02805284596979618,opo,True
158946,2024-04,gov,0,0.6585810780525208,0.31757301092147827,0.023845938965678215,gov,True
158947,2024-04,opo,1,0.024439994245767593,0.9640620946884155,0.011497960425913334,opo,True
158949,2024-04,gov,0,0.9825016856193542,0.0018550638342276216,0.015643177554011345,gov,True
158950,2024-04,gov,0,0.9856372475624084,0.008192935027182102,0.006169763393700123,gov,True
158951,2024-04,gov,0,0.9830837249755859,0.015703829005360603,0.001212532282806933,gov,True
158952,2024-04,gov,0,0.8877737522125244,0.10441723465919495,0.007809064816683531,gov,True
158953,2024-04,gov,0,0.9749773740768433,0.006567091215401888,0.01845545321702957,gov,True
158954,2024-04,gov,0,0.9205807447433472,0.06189288944005966,0.017526309937238693,gov,True
158955,2024-04,opo,1,0.08677466213703156,0.9112185835838318,0.00200672191567719,opo,True
158956,2024-04,gov,0,0.7586255073547363,0.2343495935201645,0.007024782244116068,gov,True
158957,2024-04,gov,0,0.9797587394714355,0.018410850316286087,0.001830443274229765,gov,True
158958,2024-04,gov,0,0.9938414096832275,0.0031963239889591932,0.0029622868169099092,gov,True
158960,2024-04,gov,0,0.9390956163406372,0.012591428123414516,0.048312872648239136,gov,True
159665,2024-04,opo,1,0.06985252350568771,0.8320245742797852,0.09812290221452713,opo,True
159666,2024-04,opo,1,0.009990360587835312,0.9859441518783569,0.004065511282533407,opo,True
159667,2024-04,opo,1,0.0026262837927788496,0.9908581376075745,0.006515590939670801,opo,True
159670,2024-04,gov,0,0.9235604405403137,0.008586547337472439,0.06785296648740768,gov,True
159671,2024-04,gov,0,0.992387056350708,0.0036194799467921257,0.003993453923612833,gov,True
159672,2024-04,gov,0,0.9984021782875061,0.0005080134142190218,0.0010898640612140298,gov,True
159673,2024-04,gov,0,0.9904155731201172,0.0014121922431513667,0.008172268979251385,gov,True
159674,2024-04,gov,0,0.9915942549705505,0.004944959189742804,0.003460761159658432,gov,True
159675,2024-04,gov,0,0.8643495440483093,0.11149912327528,0.024151379242539406,gov,True
159676,2024-04,gov,0,0.9825170636177063,0.007328416220843792,0.010154509916901588,gov,True
159679,2024-04,gov,0,0.952393651008606,0.034135326743125916,0.013471027836203575,gov,True
159680,2024-04,gov,0,0.9266840219497681,0.013047921471297741,0.06026799976825714,gov,True
160386,2024-04,opo,1,0.037398561835289,0.8988562226295471,0.0637451782822609,opo,True
160388,2024-04,uncertain,2,0.029247507452964783,0.0025394074618816376,0.9682130813598633,uncertain,True
160389,2024-04,uncertain,2,0.008124948479235172,0.00034742135903798044,0.9915277361869812,uncertain,True
160390,2024-04,uncertain,2,0.02449202910065651,0.00973961316049099,0.9657683372497559,uncertain,True
160391,2024-04,gov,0,0.8670425415039062,0.02948080748319626,0.10347666591405869,gov,True
160392,2024-04,gov,0,0.9904243350028992,0.0022216569632291794,0.007353928871452808,gov,True
160393,2024-04,gov,0,0.9466341733932495,0.005006252322345972,0.04835958033800125,gov,True
160394,2024-04,gov,0,0.9629512429237366,0.015388701111078262,0.021660152822732925,gov,True
160396,2024-04,gov,0,0.9706234335899353,0.011388636194169521,0.017987985163927078,gov,True
160397,2024-04,gov,0,0.9548370242118835,0.02422984689474106,0.02093314379453659,gov,True
160399,2024-04,gov,0,0.8898573517799377,0.09546680003404617,0.014675872400403023,gov,True
160400,2024-04,gov,0,0.9523150324821472,0.020623652264475822,0.02706119790673256,gov,True
161107,2024-04,uncertain,2,0.024404015392065048,0.09395912289619446,0.8816368579864502,uncertain,True
161109,2024-04,uncertain,2,0.03357328474521637,0.0007103582029230893,0.9657164216041565,uncertain,True
161110,2024-04,gov,0,0.7644046545028687,0.01175305712968111,0.22384220361709595,gov,True
161111,2024-04,gov,0,0.9590211510658264,0.012109614908695221,0.02886928990483284,gov,True
161112,2024-04,gov,0,0.9975340366363525,0.0016542422818019986,0.0008116691024042666,gov,True
161113,2024-04,gov,0,0.9912917017936707,0.00381405814550817,0.004894205369055271,gov,True
161116,2024-04,gov,0,0.9284042716026306,0.01025933213531971,0.06133648008108139,gov,True
161117,2024-04,gov,0,0.8792740702629089,0.05991068482398987,0.06081518158316612,gov,True
161118,2024-04,opo,1,0.07887633144855499,0.9173464179039001,0.003777268109843135,opo,True
161119,2024-04,gov,0,0.8207935690879822,0.1586970090866089,0.02050943113863468,gov,True
161120,2024-04,gov,0,0.9318248629570007,0.047275710850954056,0.02089942805469036,gov,True
161827,2024-04,opo,1,0.032894060015678406,0.8995847702026367,0.06752115488052368,opo,True
161829,2024-04,uncertain,2,0.008507484570145607,0.005274003837257624,0.9862185120582581,uncertain,True
161830,2024-04,uncertain,2,0.01764511503279209,0.09177316725254059,0.8905816674232483,uncertain,True
161831,2024-04,uncertain,2,0.00564960390329361,0.006141717080026865,0.9882086515426636,uncertain,True
161832,2024-04,uncertain,2,0.06836681813001633,0.0006360393017530441,0.9309971332550049,uncertain,True
161833,2024-04,gov,0,0.9376776814460754,0.0017810692079365253,0.06054122373461723,gov,True
161837,2024-04,gov,0,0.8151078820228577,0.1804170459508896,0.004475001245737076,gov,True
161839,2024-04,opo,1,0.06501321494579315,0.932776153087616,0.002210655715316534,opo,True
162547,2024-04,opo,1,0.024212343618273735,0.9715877771377563,0.00419984944164753,opo,True
162548,2024-04,uncertain,2,0.011383168399333954,0.012339855544269085,0.9762769341468811,uncertain,True
162549,2024-04,uncertain,2,0.00417092302814126,0.011396809481084347,0.9844322204589844,uncertain,True
162550,2024-04,opo,1,0.04784642159938812,0.8661690950393677,0.08598441630601883,opo,True
162551,2024-04,uncertain,2,0.13855168223381042,0.0369795523583889,0.8244687914848328,uncertain,True
162552,2024-04,gov,0,0.8454263806343079,0.012117041274905205,0.14245665073394775,gov,True
162554,2024-04,gov,0,0.9229618310928345,0.014545757323503494,0.062492456287145615,gov,True
162555,2024-04,gov,0,0.8094613552093506,0.017167791724205017,0.17337094247341156,gov,True
162556,2024-04,gov,0,0.9301709532737732,0.01697469875216484,0.05285436660051346,gov,True
162558,2024-04,opo,1,0.01778028905391693,0.9818978905677795,0.0003218696219846606,opo,True
162559,2024-04,opo,1,0.05656677857041359,0.9354709982872009,0.007962232455611229,opo,True
163267,2024-04,opo,1,0.01803630217909813,0.9671701192855835,0.014793581329286098,opo,True
163268,2024-04,uncertain,2,0.0252988338470459,0.08049424737691879,0.8942069411277771,uncertain,True
163269,2024-04,uncertain,2,0.011192330159246922,0.021363697946071625,0.9674439430236816,uncertain,True
163271,2024-04,gov,0,0.6893438696861267,0.021982112899422646,0.288673996925354,gov,True
163272,2024-04,uncertain,2,0.04624832049012184,0.0002565919130574912,0.9534951448440552,uncertain,True
163274,2024-04,gov,0,0.943886399269104,0.03536686673760414,0.020746834576129913,gov,True
163275,2024-04,uncertain,2,0.4093770384788513,0.0033886684104800224,0.5872342586517334,uncertain,True
163276,2024-04,uncertain,2,0.17118947207927704,0.003932397346943617,0.8248780369758606,uncertain,True
163278,2024-04,opo,1,0.034381553530693054,0.9638847708702087,0.0017336651217192411,opo,True
163988,2024-04,gov,0,0.5572993755340576,0.42692410945892334,0.01577651873230934,gov,True
163989,2024-04,gov,0,0.881000280380249,0.08522853255271912,0.03377126529812813,gov,True
163992,2024-04,gov,0,0.7691205143928528,0.0639772117137909,0.16690225899219513,gov,True
163993,2024-04,uncertain,2,0.043770696967840195,0.005080978386104107,0.9511483311653137,uncertain,True
163996,2024-04,gov,0,0.9559671878814697,0.004403208382427692,0.039629679173231125,gov,True
163998,2024-04,gov,0,0.9139238595962524,0.08403147011995316,0.002044760389253497,gov,True
164709,2024-04,uncertain,2,0.13358041644096375,0.00952833890914917,0.8568912744522095,uncertain,True
164710,2024-04,gov,0,0.996948778629303,0.0009504611953161657,0.0021007999312132597,gov,True
164711,2024-04,gov,0,0.9990333318710327,0.0004067308618687093,0.0005599615396931767,gov,True
164712,2024-04,gov,0,0.9923484325408936,0.006300078704953194,0.0013515726896002889,gov,True
164713,2024-04,gov,0,0.8968023061752319,0.03354654461145401,0.06965116411447525,gov,True
164714,2024-04,uncertain,2,0.15929235517978668,0.012703921645879745,0.8280037045478821,uncertain,True
164715,2024-04,gov,0,0.826962947845459,0.10709910094738007,0.06593792885541916,gov,True
164716,2024-04,opo,1,0.21397805213928223,0.7588987946510315,0.027123142033815384,opo,True
165430,2024-04,gov,0,0.9976379871368408,0.0014682092005386949,0.0008938207174651325,gov,True
165433,2024-04,uncertain,2,0.3488852381706238,0.013044780120253563,0.6380699872970581,uncertain,True
166150,2024-04,gov,0,0.998836100101471,0.0009228657581843436,0.0002410186716588214,gov,True
166152,2024-04,opo,1,0.17768622934818268,0.8176515698432922,0.004662218037992716,opo,True
166154,2024-04,gov,0,0.9102303385734558,0.052590511739254,0.03717915713787079,gov,True
166155,2024-04,uncertain,2,0.021571215242147446,0.010179705917835236,0.9682490825653076,uncertain,True
166873,2024-04,uncertain,2,0.029498299583792686,0.16819697618484497,0.8023046851158142,uncertain,True
166876,2024-04,gov,0,0.6162281632423401,0.18330520391464233,0.20046664774417877,gov,True
166877,2024-04,gov,0,0.9447172284126282,0.04624335095286369,0.009039537981152534,gov,True
167591,2024-04,gov,0,0.9776540398597717,0.020288361236453056,0.0020576096139848232,gov,True
167592,2024-04,gov,0,0.9519972801208496,0.02484230324625969,0.023160455748438835,gov,True
167594,2024-04,opo,1,0.19957980513572693,0.7356466054916382,0.06477358192205429,opo,True
167597,2024-04,opo,1,0.06236477196216583,0.9281421303749084,0.009493036195635796,opo,True
168313,2024-04,gov,0,0.9515631794929504,0.02945864573121071,0.01897820457816124,gov,True
168316,2024-04,uncertain,2,0.013103784993290901,0.08993422985076904,0.8969619870185852,uncertain,True
169035,2024-04,uncertain,2,0.040602464228868484,0.011016332544386387,0.9483811855316162,uncertain,True
169036,2024-04,gov,0,0.849327802658081,0.007396705448627472,0.14327546954154968,gov,True
169037,2024-04,gov,0,0.992912232875824,0.002234618179500103,0.004853233229368925,gov,True
169756,2024-04,gov,0,0.9874762892723083,0.003235589014366269,0.009288130328059196,gov,True
143838,2024-05,gov,0,0.9358323812484741,0.020821338519454002,0.04334624111652374,gov,True
145998,2024-05,gov,0,0.7135327458381653,0.23305834829807281,0.053408920764923096,opo,True
147437,2024-05,gov,0,0.9497848153114319,0.017402401193976402,0.03281276300549507,gov,True
147438,2024-05,gov,0,0.7645641565322876,0.035585422068834305,0.19985046982765198,gov,True
147439,2024-05,uncertain,2,0.08258308470249176,0.003991122357547283,0.913425862789154,uncertain,True
148158,2024-05,uncertain,2,0.0695723444223404,0.011146683245897293,0.9192809462547302,uncertain,True
149597,2024-05,uncertain,2,0.008687403984367847,0.0039071193896234035,0.9874054789543152,uncertain,True
150307,2024-05,gov,0,0.9453842639923096,0.012433812022209167,0.04218200966715813,gov,True
150317,2024-05,uncertain,2,0.023003332316875458,0.017024220898747444,0.9599724411964417,uncertain,True
151756,2024-05,uncertain,2,0.06537090986967087,0.0003611259162425995,0.934268057346344,uncertain,True
151757,2024-05,uncertain,2,0.004593166988343,0.0005953399813733995,0.9948115348815918,uncertain,True
152476,2024-05,gov,0,0.9741186499595642,0.0012173678260296583,0.024664033204317093,gov,True
153190,2024-05,gov,0,0.9530254602432251,0.016960909590125084,0.030013708397746086,gov,True
153191,2024-05,gov,0,0.9121293425559998,0.026689857244491577,0.06118081510066986,gov,True
153192,2024-05,gov,0,0.9411964416503906,0.009975608438253403,0.04882797598838806,gov,True
153193,2024-05,gov,0,0.9837506413459778,0.00590032571926713,0.010349001735448837,gov,True
153196,2024-05,gov,0,0.7089152336120605,0.06696345657110214,0.22412128746509552,gov,True
153197,2024-05,uncertain,2,0.04530663788318634,0.032075848430395126,0.9226176142692566,uncertain,True
153910,2024-05,gov,0,0.9703741669654846,0.012132679112255573,0.017493106424808502,gov,True
153911,2024-05,gov,0,0.9739609956741333,0.012433287687599659,0.01360578928142786,gov,True
153912,2024-05,gov,0,0.9601616859436035,0.011872000060975552,0.02796623669564724,gov,True
153913,2024-05,gov,0,0.9708923697471619,0.0029107138980180025,0.026196936145424843,gov,True
153914,2024-05,gov,0,0.9845088124275208,0.0009868874913081527,0.01450423989444971,gov,True
153915,2024-05,uncertain,2,0.008188178762793541,0.0003271754248999059,0.9914847016334534,uncertain,True
153916,2024-05,gov,0,0.7241969704627991,0.07481735944747925,0.20098569989204407,gov,True
153917,2024-05,gov,0,0.4790540337562561,0.34937331080436707,0.17157261073589325,opo,True
153918,2024-05,gov,0,0.7067055106163025,0.09761989116668701,0.1956745982170105,gov,True
154630,2024-05,gov,0,0.9595144391059875,0.0306358952075243,0.009849604219198227,gov,True
154631,2024-05,gov,0,0.9894953370094299,0.008690754882991314,0.001813934650272131,gov,True
154632,2024-05,gov,0,0.9941121935844421,0.0019531957805156708,0.0039345864206552505,gov,True
154633,2024-05,gov,0,0.9810703992843628,0.004239258822053671,0.014690338633954525,gov,True
154634,2024-05,gov,0,0.9769206047058105,0.0009670826839283109,0.022112326696515083,gov,True
154635,2024-05,uncertain,2,0.01602383516728878,0.00011954998626606539,0.9838566780090332,uncertain,True
154636,2024-05,uncertain,2,0.0291729886084795,0.01377919316291809,0.9570477604866028,uncertain,True
155351,2024-05,gov,0,0.9802425503730774,0.0014426644193008542,0.018314754590392113,gov,True
155352,2024-05,gov,0,0.9780300855636597,0.006037075538188219,0.01593288965523243,gov,True
155354,2024-05,uncertain,2,0.08641579002141953,0.004651825409382582,0.9089323878288269,uncertain,True
156069,2024-05,gov,0,0.8728546500205994,0.11226113885641098,0.01488418597728014,gov,True
156071,2024-05,gov,0,0.9897763729095459,0.004468757659196854,0.005754874087870121,gov,True
156072,2024-05,gov,0,0.961445689201355,0.028948115184903145,0.009606240317225456,gov,True
156073,2024-05,gov,0,0.8832427859306335,0.042164891958236694,0.07459226250648499,gov,True
156074,2024-05,uncertain,2,0.100057452917099,0.12168542295694351,0.7782571315765381,opo,True
156075,2024-05,uncertain,2,0.0067653292790055275,0.20479688048362732,0.7884377837181091,uncertain,True
156788,2024-05,gov,0,0.9365130662918091,0.038948629051446915,0.024538211524486542,gov,True
156789,2024-05,gov,0,0.9015007019042969,0.07459864020347595,0.02390068583190441,gov,True
156791,2024-05,gov,0,0.9874584674835205,0.008111062459647655,0.004430361092090607,gov,True
156792,2024-05,gov,0,0.968752920627594,0.010711174458265305,0.020535863935947418,gov,True
156793,2024-05,uncertain,2,0.06438349187374115,0.0005724785733036697,0.93504399061203,uncertain,True
156794,2024-05,gov,0,0.7399160861968994,0.10853616148233414,0.15154774487018585,gov,True
156795,2024-05,opo,1,0.002946906490251422,0.9778876900672913,0.019165443256497383,opo,True
156796,2024-05,opo,1,0.012924394570291042,0.974982738494873,0.012092886492609978,opo,True
157508,2024-05,opo,1,0.12847046554088593,0.7260564565658569,0.14547304809093475,opo,True
157510,2024-05,gov,0,0.8094139099121094,0.0530884824693203,0.13749752938747406,gov,True
157511,2024-05,gov,0,0.9483281970024109,0.010142263025045395,0.0415295846760273,gov,True
157513,2024-05,uncertain,2,0.008112942799925804,4.876422099187039e-05,0.9918383955955505,uncertain,True
157514,2024-05,uncertain,2,0.024515300989151,0.000428925734013319,0.9750558137893677,uncertain,True
157515,2024-05,uncertain,2,0.02910328097641468,0.0836537629365921,0.88724285364151,uncertain,True
158229,2024-05,uncertain,2,0.09832151234149933,0.0098772207275033,0.8918012380599976,uncertain,True
158231,2024-05,gov,0,0.9810363054275513,0.016476362943649292,0.0024873639922589064,gov,True
158233,2024-05,gov,0,0.9556836485862732,0.00033054055529646575,0.04398583248257637,gov,True
158235,2024-05,opo,1,0.061534177511930466,0.8989309668540955,0.03953482210636139,opo,True
158236,2024-05,opo,1,0.011101404204964638,0.9861987829208374,0.0026997453533113003,opo,True
158237,2024-05,opo,1,0.004103075247257948,0.9952831864356995,0.0006137181771919131,opo,True
158238,2024-05,opo,1,0.05255698412656784,0.9423800110816956,0.005063031334429979,opo,True
158946,2024-05,gov,0,0.6576746106147766,0.3195212483406067,0.022804128006100655,gov,True
158947,2024-05,opo,1,0.012484598904848099,0.9845210909843445,0.0029942726250737906,opo,True
158949,2024-05,gov,0,0.9717243909835815,0.0018521822057664394,0.026423515751957893,gov,True
158950,2024-05,gov,0,0.9962689876556396,0.0018195683369413018,0.0019114010501652956,gov,True
158951,2024-05,gov,0,0.9935179948806763,0.006251624319702387,0.00023037193750496954,gov,True
158952,2024-05,gov,0,0.9696727395057678,0.021614864468574524,0.0087124640122056,gov,True
158953,2024-05,gov,0,0.9951176643371582,0.0017856762278825045,0.003096675267443061,gov,True
158954,2024-05,gov,0,0.9841092228889465,0.009081320837140083,0.006809396203607321,gov,True
158955,2024-05,gov,0,0.7259150743484497,0.2574852705001831,0.01659965142607689,gov,True
158956,2024-05,gov,0,0.9342299103736877,0.061140403151512146,0.004629704635590315,gov,True
158957,2024-05,gov,0,0.9869230389595032,0.012042628601193428,0.0010343381436541677,gov,True
158958,2024-05,gov,0,0.9966224431991577,0.0012729581212624907,0.0021045140456408262,gov,True
158960,2024-05,gov,0,0.9627261161804199,0.009020751342177391,0.02825315110385418,gov,True
159665,2024-05,opo,1,0.040852319449186325,0.8420813679695129,0.11706633120775223,opo,True
159666,2024-05,opo,1,0.003600328229367733,0.9945510029792786,0.0018487012712284923,opo,True
159667,2024-05,opo,1,0.0006013985257595778,0.9979729056358337,0.0014257417060434818,opo,True
159670,2024-05,gov,0,0.9475054740905762,0.008476181887090206,0.04401834309101105,gov,True
159671,2024-05,gov,0,0.9968538880348206,0.0024616981390863657,0.0006844953750260174,gov,True
159672,2024-05,gov,0,0.9989315867424011,9.061980381375179e-05,0.000977742369286716,gov,True
159673,2024-05,gov,0,0.997607946395874,0.0003372220671735704,0.002054721349850297,gov,True
159674,2024-05,gov,0,0.9980804920196533,0.0014173452509567142,0.0005021581891924143,gov,True
159675,2024-05,gov,0,0.952185332775116,0.03340793773531914,0.014406667090952396,gov,True
159676,2024-05,gov,0,0.993556559085846,0.0026266248896718025,0.0038167089223861694,gov,True
159679,2024-05,gov,0,0.979993462562561,0.005983095150440931,0.01402346696704626,gov,True
159680,2024-05,gov,0,0.9513514637947083,0.009045900776982307,0.039602648466825485,gov,True
160386,2024-05,opo,1,0.04792841896414757,0.912026584148407,0.04004497826099396,opo,True
160388,2024-05,uncertain,2,0.019778674468398094,0.020548570901155472,0.959672749042511,uncertain,True
160389,2024-05,uncertain,2,0.003416771534830332,0.0014139370759949088,0.9951692223548889,uncertain,True
160390,2024-05,uncertain,2,0.00898667424917221,0.01593846268951893,0.975074827671051,uncertain,True
160391,2024-05,gov,0,0.7072305083274841,0.13352566957473755,0.15924382209777832,gov,True
160392,2024-05,gov,0,0.9962724447250366,0.00022651656763628125,0.003501052502542734,gov,True
160393,2024-05,gov,0,0.9914323091506958,0.00036206236109137535,0.008205709047615528,gov,True
160394,2024-05,gov,0,0.9857965111732483,0.009264442138373852,0.004939021542668343,gov,True
160396,2024-05,gov,0,0.9940478801727295,0.0020624990575015545,0.0038896077312529087,gov,True
160397,2024-05,gov,0,0.9914504885673523,0.004344050772488117,0.004205480683594942,gov,True
160399,2024-05,gov,0,0.9495201706886292,0.038427188992500305,0.012052686884999275,gov,True
160400,2024-05,gov,0,0.9395925402641296,0.020652513951063156,0.0397549644112587,gov,True
161107,2024-05,uncertain,2,0.09083054959774017,0.22005482017993927,0.6891146898269653,uncertain,True
161109,2024-05,uncertain,2,0.01580488681793213,0.00032843189546838403,0.9838666915893555,uncertain,True
161110,2024-05,uncertain,2,0.4534969627857208,0.002601111540570855,0.5439019203186035,gov,True
161111,2024-05,gov,0,0.8856151700019836,0.02016516402363777,0.0942196249961853,gov,True
161112,2024-05,gov,0,0.9955904483795166,0.0010697778780013323,0.0033397653605788946,gov,True
161113,2024-05,gov,0,0.9962926506996155,0.0011841184459626675,0.002523175673559308,gov,True
161116,2024-05,gov,0,0.9925422668457031,0.0006144636427052319,0.0068432725965976715,gov,True
161117,2024-05,gov,0,0.9117212891578674,0.012728302739560604,0.07555042207241058,gov,True
161118,2024-05,opo,1,0.0758918970823288,0.9182829260826111,0.005825241096317768,opo,True
161119,2024-05,gov,0,0.7416763305664062,0.24067538976669312,0.01764828898012638,gov,True
161120,2024-05,gov,0,0.9100937247276306,0.052431683987379074,0.03747456893324852,gov,True
161827,2024-05,opo,1,0.02344045601785183,0.9495137333869934,0.02704589068889618,opo,True
161829,2024-05,uncertain,2,0.0025353766977787018,0.002893882803618908,0.994570791721344,uncertain,True
161830,2024-05,uncertain,2,0.009170345962047577,0.015443217940628529,0.9753864407539368,uncertain,True
161831,2024-05,uncertain,2,0.0025395508855581284,0.0023085526190698147,0.9951518774032593,uncertain,True
161832,2024-05,uncertain,2,0.09024543315172195,0.008216696791350842,0.9015377759933472,uncertain,True
161833,2024-05,gov,0,0.7392770648002625,0.22968406975269318,0.031038876622915268,gov,True
161837,2024-05,gov,0,0.7871553897857666,0.20190240442752838,0.010942268185317516,gov,True
161839,2024-05,opo,1,0.0239470973610878,0.9754847288131714,0.0005681059556081891,opo,True
162547,2024-05,opo,1,0.0029288793448358774,0.996326744556427,0.0007443147478625178,opo,True
162548,2024-05,uncertain,2,0.024843692779541016,0.10790873318910599,0.8672475218772888,uncertain,True
162549,2024-05,uncertain,2,0.0049368408508598804,0.01304906141012907,0.9820141196250916,uncertain,True
162550,2024-05,opo,1,0.008348910138010979,0.9825770258903503,0.009074033237993717,opo,True
162551,2024-05,uncertain,2,0.04932187497615814,0.09465707093477249,0.8560211062431335,uncertain,True
162552,2024-05,opo,1,0.42065075039863586,0.4517705738544464,0.12757869064807892,gov,True
162554,2024-05,gov,0,0.6046797633171082,0.06131425127387047,0.33400604128837585,gov,True
162555,2024-05,gov,0,0.5922460556030273,0.015142373740673065,0.39261165261268616,gov,True
162556,2024-05,gov,0,0.9304516911506653,0.01777133159339428,0.05177701637148857,gov,True
162558,2024-05,opo,1,0.0031650441233068705,0.9968124032020569,2.253684215247631e-05,opo,True
162559,2024-05,opo,1,0.007258713711053133,0.9912142157554626,0.00152708834502846,opo,True
163267,2024-05,opo,1,0.0011483818525448442,0.997208297252655,0.0016432695556432009,opo,True
163268,2024-05,uncertain,2,0.02207195945084095,0.47946566343307495,0.49846240878105164,opo,True
163269,2024-05,uncertain,2,0.0035462297964841127,0.0802912637591362,0.9161625504493713,uncertain,True
163271,2024-05,opo,1,0.1242552176117897,0.7878671288490295,0.08787763118743896,opo,True
163272,2024-05,uncertain,2,0.005091273691505194,0.0037439605221152306,0.9911647439002991,uncertain,True
163274,2024-05,gov,0,0.48298972845077515,0.21067531406879425,0.306334912776947,gov,True
163275,2024-05,uncertain,2,0.038473743945360184,0.0002300595078850165,0.9612962007522583,uncertain,True
163276,2024-05,uncertain,2,0.09240103513002396,0.00013839959865435958,0.907460629940033,uncertain,True
163278,2024-05,opo,1,0.015540676191449165,0.9838363528251648,0.0006229052087292075,opo,True
163988,2024-05,opo,1,0.041424814611673355,0.9542708992958069,0.004304300993680954,opo,True
163989,2024-05,gov,0,0.46344897150993347,0.36338192224502563,0.1731691062450409,gov,True
163992,2024-05,gov,0,0.7195998430252075,0.12863606214523315,0.1517641246318817,gov,True
163993,2024-05,uncertain,2,0.09863163530826569,0.0650523230433464,0.8363159894943237,uncertain,True
163996,2024-05,gov,0,0.9915681481361389,0.0004606947477441281,0.007971216924488544,gov,True
163998,2024-05,gov,0,0.991020143032074,0.008409547619521618,0.0005702083581127226,gov,True
164709,2024-05,uncertain,2,0.09018447250127792,0.015300481580197811,0.8945150971412659,uncertain,True
164710,2024-05,gov,0,0.8419121503829956,0.09673245251178741,0.06135532632470131,gov,True
164711,2024-05,gov,0,0.980940043926239,0.01816175878047943,0.0008981567225418985,gov,True
164712,2024-05,gov,0,0.9553374648094177,0.043919552117586136,0.0007429922115989029,gov,True
164713,2024-05,gov,0,0.7530596852302551,0.06010681018233299,0.18683350086212158,gov,True
164714,2024-05,uncertain,2,0.04136957228183746,0.008218111470341682,0.9504123330116272,uncertain,True
164715,2024-05,opo,1,0.046992648392915726,0.8095303773880005,0.1434769183397293,opo,True
164716,2024-05,opo,1,0.013793453574180603,0.9832466244697571,0.0029598530381917953,opo,True
165430,2024-05,opo,1,0.08331168442964554,0.9075446724891663,0.009143643081188202,opo,True
165433,2024-05,uncertain,2,0.2813292145729065,0.015469171106815338,0.7032016515731812,uncertain,True
165435,2024-05,opo,1,0.0039858282543718815,0.9920958876609802,0.003918265458196402,opo,True
165436,2024-05,opo,1,0.009860500693321228,0.989777147769928,0.00036232778802514076,opo,True
166150,2024-05,gov,0,0.906046986579895,0.08770976215600967,0.006243295967578888,gov,True
166152,2024-05,opo,1,0.09362021833658218,0.8687700033187866,0.0376097597181797,opo,True
166154,2024-05,gov,0,0.7645218372344971,0.1468316614627838,0.08864650875329971,gov,True
166155,2024-05,opo,1,0.05345102399587631,0.8424650430679321,0.10408393293619156,opo,True
166873,2024-05,uncertain,2,0.08102606236934662,0.07039198279380798,0.8485819697380066,uncertain,True
166876,2024-05,opo,1,0.018612897023558617,0.9670398831367493,0.01434716209769249,opo,True
166877,2024-05,opo,1,0.08906960487365723,0.8938026428222656,0.017127688974142075,opo,True
167591,2024-05,gov,0,0.9803605675697327,0.003932934254407883,0.015706513077020645,gov,True
167592,2024-05,gov,0,0.9358521699905396,0.01091618463397026,0.05323169007897377,gov,True
167594,2024-05,uncertain,2,0.1097225472331047,0.43889090418815613,0.4513864815235138,opo,True
167597,2024-05,gov,0,0.5208867788314819,0.4562854766845703,0.02282772772014141,gov,True
168313,2024-05,gov,0,0.9865142703056335,0.003369187004864216,0.010116544552147388,gov,True
168316,2024-05,opo,1,0.07001937925815582,0.9200236201286316,0.00995697733014822,opo,True
169035,2024-05,uncertain,2,0.04644246771931648,0.004038289654999971,0.9495192170143127,uncertain,True
169036,2024-05,gov,0,0.9424915909767151,0.022045494988560677,0.03546284884214401,gov,True
169037,2024-05,gov,0,0.9880836606025696,0.006048161070793867,0.005868063773959875,gov,True
169756,2024-05,gov,0,0.9879263639450073,0.0037070882972329855,0.00836666114628315,gov,True
143838,2024-06,gov,0,0.9509710669517517,0.01691937819123268,0.0321095734834671,gov,True
145998,2024-06,gov,0,0.8723481297492981,0.07537230849266052,0.05227944999933243,gov,True
147437,2024-06,gov,0,0.9707781076431274,0.011009713634848595,0.018212178722023964,gov,True
147438,2024-06,gov,0,0.871610164642334,0.027338165789842606,0.10105166584253311,gov,True
147439,2024-06,uncertain,2,0.11454857885837555,0.004809494595974684,0.8806418776512146,uncertain,True
148158,2024-06,uncertain,2,0.09782027453184128,0.017357178032398224,0.8848225474357605,uncertain,True
149597,2024-06,uncertain,2,0.023343121632933617,0.005953245330601931,0.9707036018371582,uncertain,True
150307,2024-06,gov,0,0.934951663017273,0.015164658427238464,0.049883607774972916,gov,True
150317,2024-06,uncertain,2,0.05501880869269371,0.02552199736237526,0.9194592237472534,uncertain,True
151756,2024-06,uncertain,2,0.048743750900030136,0.0004309926589485258,0.9508253335952759,uncertain,True
151757,2024-06,uncertain,2,0.0033108603674918413,0.0003970256366301328,0.9962921142578125,uncertain,True
152476,2024-06,gov,0,0.9368945360183716,0.0031497967429459095,0.05995571240782738,gov,True
153190,2024-06,gov,0,0.9509944319725037,0.008488258346915245,0.040517255663871765,gov,True
153191,2024-06,gov,0,0.9672217965126038,0.0049222433008253574,0.02785603143274784,gov,True
153192,2024-06,gov,0,0.9789204001426697,0.0024600024335086346,0.01861964911222458,gov,True
153193,2024-06,gov,0,0.9772412776947021,0.0043671270832419395,0.018391596153378487,gov,True
153196,2024-06,gov,0,0.6169210076332092,0.06438978016376495,0.3186891973018646,gov,True
153197,2024-06,uncertain,2,0.030645526945590973,0.014429690316319466,0.9549247622489929,uncertain,True
153910,2024-06,gov,0,0.9737469553947449,0.008158850483596325,0.018094176426529884,gov,True
153911,2024-06,gov,0,0.9854398369789124,0.00604684092104435,0.008513315580785275,gov,True
153912,2024-06,gov,0,0.9684852957725525,0.012353363446891308,0.019161315634846687,gov,True
153913,2024-06,gov,0,0.9860559701919556,0.0023369586560875177,0.011607022024691105,gov,True
153914,2024-06,gov,0,0.9258280992507935,0.005692492704838514,0.06847935914993286,gov,True
153915,2024-06,uncertain,2,0.026073269546031952,0.00342857395298779,0.9704982042312622,uncertain,True
153916,2024-06,gov,0,0.8301686644554138,0.06949183344841003,0.10033952444791794,gov,True
153917,2024-06,gov,0,0.7499216198921204,0.06918620318174362,0.1808921992778778,gov,True
153918,2024-06,gov,0,0.7319698929786682,0.06899747252464294,0.19903258979320526,gov,True
154630,2024-06,gov,0,0.9751017093658447,0.019972793757915497,0.004925455432385206,gov,True
154631,2024-06,gov,0,0.9852623343467712,0.009430776350200176,0.005307027604430914,gov,True
154632,2024-06,gov,0,0.9957771301269531,0.0018210746347904205,0.002401769859716296,gov,True
154633,2024-06,gov,0,0.9843412041664124,0.002867824165150523,0.012790964916348457,gov,True
154634,2024-06,gov,0,0.9660323858261108,0.0024410614278167486,0.0315266028046608,gov,True
154635,2024-06,uncertain,2,0.014621810987591743,0.0005045743891969323,0.9848736524581909,uncertain,True
154636,2024-06,uncertain,2,0.07999380677938461,0.02786770835518837,0.8921384215354919,uncertain,True
155351,2024-06,gov,0,0.9666553139686584,0.004939874168485403,0.02840481325984001,gov,True
155352,2024-06,gov,0,0.9851224422454834,0.004764908459037542,0.010112632997334003,gov,True
155354,2024-06,uncertain,2,0.029571741819381714,0.001240593264810741,0.9691876769065857,uncertain,True
156069,2024-06,gov,0,0.9140942096710205,0.07627816498279572,0.00962759368121624,gov,True
156071,2024-06,gov,0,0.9855493903160095,0.01005906704813242,0.004391587805002928,gov,True
156072,2024-06,gov,0,0.9634192585945129,0.01864933781325817,0.01793139986693859,gov,True
156073,2024-06,gov,0,0.9732517004013062,0.002336472040042281,0.02441190369427204,gov,True
156074,2024-06,uncertain,2,0.06962656229734421,0.0071841576136648655,0.9231893420219421,uncertain,True
156075,2024-06,uncertain,2,0.006334623321890831,0.09845203161239624,0.8952133059501648,uncertain,True
156788,2024-06,gov,0,0.9518833160400391,0.009403225965797901,0.03871351480484009,gov,True
156789,2024-06,gov,0,0.9589564800262451,0.02534855157136917,0.015694933012127876,gov,True
156791,2024-06,gov,0,0.9880794882774353,0.00965919904410839,0.0022612414322793484,gov,True
156792,2024-06,gov,0,0.9542912840843201,0.007201507221907377,0.038507167249917984,gov,True
156793,2024-06,uncertain,2,0.07450831681489944,0.0005271628615446389,0.9249645471572876,uncertain,True
156794,2024-06,gov,0,0.7181312441825867,0.07044850289821625,0.21142029762268066,gov,True
156795,2024-06,opo,1,0.0014489545719698071,0.9620051383972168,0.036545928567647934,opo,True
156796,2024-06,opo,1,0.003917749039828777,0.9915758967399597,0.004506423603743315,opo,True
157508,2024-06,uncertain,2,0.2279578298330307,0.15227849781513214,0.6197636127471924,uncertain,True
157510,2024-06,gov,0,0.9465275406837463,0.027960442006587982,0.02551194280385971,gov,True
157511,2024-06,gov,0,0.9787322282791138,0.008681255392730236,0.012586516328155994,gov,True
157513,2024-06,uncertain,2,0.016453862190246582,0.0005162015440873802,0.9830299019813538,uncertain,True
157514,2024-06,uncertain,2,0.04085080325603485,0.011047760024666786,0.9481014013290405,uncertain,True
157515,2024-06,opo,1,0.0078633613884449,0.7839876413345337,0.2081490010023117,opo,True
158229,2024-06,uncertain,2,0.08244927227497101,0.012579542584717274,0.904971182346344,uncertain,True
158231,2024-06,gov,0,0.9828308820724487,0.01510501466691494,0.0020640247967094183,gov,True
158233,2024-06,gov,0,0.935853898525238,0.0019410854438319802,0.06220496445894241,gov,True
158235,2024-06,opo,1,0.0032311996910721064,0.9934009909629822,0.0033677530009299517,opo,True
158236,2024-06,opo,1,0.003714312333613634,0.9951378703117371,0.0011478486703708768,opo,True
158237,2024-06,opo,1,0.007584140636026859,0.9917479753494263,0.0006678579957224429,opo,True
158238,2024-06,opo,1,0.09010292589664459,0.9034591317176819,0.006437971256673336,opo,True
158946,2024-06,gov,0,0.7875407338142395,0.19897480309009552,0.013484461233019829,gov,True
158947,2024-06,opo,1,0.018503883853554726,0.9789479374885559,0.0025481758639216423,opo,True
158949,2024-06,gov,0,0.9303252696990967,0.009236986748874187,0.060437750071287155,gov,True
158950,2024-06,gov,0,0.9950672388076782,0.0029047681018710136,0.0020279218442738056,gov,True
158951,2024-06,gov,0,0.9921857714653015,0.007432665675878525,0.0003815277887042612,gov,True
158952,2024-06,gov,0,0.978298008441925,0.016828423365950584,0.0048735486343503,gov,True
158953,2024-06,gov,0,0.9898987412452698,0.0018784410785883665,0.008222832344472408,gov,True
158954,2024-06,gov,0,0.9596961140632629,0.03583476319909096,0.004469121340662241,gov,True
158955,2024-06,opo,1,0.2978402376174927,0.6972013115882874,0.004958445206284523,opo,True
158956,2024-06,gov,0,0.76152104139328,0.23357565701007843,0.004903347231447697,gov,True
158957,2024-06,gov,0,0.98795485496521,0.011091572232544422,0.0009536553407087922,gov,True
158958,2024-06,gov,0,0.9955806136131287,0.0023224304895848036,0.00209704483859241,gov,True
158960,2024-06,gov,0,0.9701429605484009,0.005451691336929798,0.024405229836702347,gov,True
159665,2024-06,opo,1,0.034808434545993805,0.6612380146980286,0.30395352840423584,opo,True
159666,2024-06,opo,1,0.003840229706838727,0.9936912059783936,0.0024685689713805914,opo,True
159667,2024-06,opo,1,0.00036682476638816297,0.9988106489181519,0.0008224928751587868,opo,True
159668,2024-06,opo,1,0.050114553421735764,0.9065110683441162,0.043374378234148026,opo,True
159670,2024-06,gov,0,0.9507786631584167,0.005859306547790766,0.04336197301745415,gov,True
159671,2024-06,gov,0,0.9964942336082458,0.0031169664580374956,0.0003887630591634661,gov,True
159672,2024-06,gov,0,0.9995601773262024,7.878552423790097e-05,0.00036102632293477654,gov,True
159673,2024-06,gov,0,0.9972108006477356,0.00016604216943960637,0.0026231154333800077,gov,True
159674,2024-06,gov,0,0.9964179992675781,0.0028388446662575006,0.0007430625846609473,gov,True
159675,2024-06,gov,0,0.9054338932037354,0.08074940741062164,0.013816729187965393,gov,True
159676,2024-06,gov,0,0.9902448654174805,0.005180553998798132,0.0045745051465928555,gov,True
159679,2024-06,gov,0,0.9821323156356812,0.005119672045111656,0.012748022563755512,gov,True
159680,2024-06,gov,0,0.9545087814331055,0.006508427206426859,0.03898272290825844,gov,True
160386,2024-06,opo,1,0.013815393671393394,0.9745182394981384,0.011666414327919483,opo,True
160388,2024-06,uncertain,2,0.024861551821231842,0.1322786957025528,0.8428597450256348,uncertain,True
160389,2024-06,uncertain,2,0.009079264476895332,0.004091617651283741,0.9868291020393372,uncertain,True
160390,2024-06,uncertain,2,0.013974622823297977,0.017115339636802673,0.9689100384712219,uncertain,True
160391,2024-06,gov,0,0.7961166501045227,0.174911230802536,0.028972018510103226,gov,True
160392,2024-06,gov,0,0.9988783001899719,0.00013786570343654603,0.0009837690740823746,gov,True
160393,2024-06,gov,0,0.982406735420227,0.0003126321535091847,0.01728053204715252,gov,True
160394,2024-06,gov,0,0.9872734546661377,0.006357915233820677,0.006368522997945547,gov,True
160396,2024-06,gov,0,0.9908189177513123,0.0031448230147361755,0.006036297883838415,gov,True
160397,2024-06,gov,0,0.9821184873580933,0.011243835091590881,0.006637710612267256,gov,True
160399,2024-06,gov,0,0.910348653793335,0.07183561474084854,0.01781574822962284,gov,True
160400,2024-06,gov,0,0.9281260371208191,0.029287002980709076,0.04258706420660019,gov,True
161107,2024-06,opo,1,0.05005425959825516,0.8984797596931458,0.05146593227982521,opo,True
161109,2024-06,uncertain,2,0.017868580296635628,0.0004423414065968245,0.9816890954971313,uncertain,True
161110,2024-06,gov,0,0.6835705041885376,0.002829622942954302,0.31359991431236267,gov,True
161111,2024-06,gov,0,0.9579075574874878,0.012741266749799252,0.02935118041932583,gov,True
161112,2024-06,gov,0,0.9941169023513794,0.0019356083357706666,0.0039474740624427795,gov,True
161113,2024-06,gov,0,0.9936909675598145,0.002795187523588538,0.0035138018429279327,gov,True
161116,2024-06,gov,0,0.981170117855072,0.0014747090172022581,0.017355237156152725,gov,True
161117,2024-06,gov,0,0.9151589870452881,0.0363314114511013,0.048509638756513596,gov,True
161118,2024-06,opo,1,0.07120804488658905,0.9212285876274109,0.007563336752355099,opo,True
161119,2024-06,gov,0,0.5567317008972168,0.4154411554336548,0.02782716229557991,gov,True
161120,2024-06,gov,0,0.8984391689300537,0.0644744336605072,0.03708646446466446,gov,True
161827,2024-06,opo,1,0.016787895932793617,0.9767510890960693,0.0064609963446855545,opo,True
161829,2024-06,uncertain,2,0.008834315463900566,0.003677489934489131,0.9874881505966187,uncertain,True
161830,2024-06,uncertain,2,0.08295311778783798,0.016929401084780693,0.9001174569129944,uncertain,True
161831,2024-06,uncertain,2,0.01462254486978054,0.000984086887910962,0.9843934178352356,uncertain,True
161832,2024-06,uncertain,2,0.08688313513994217,0.007253512740135193,0.905863344669342,uncertain,True
161833,2024-06,opo,1,0.1872091144323349,0.7537077069282532,0.059083178639411926,opo,True
161834,2024-06,opo,1,0.019526617601513863,0.9629790782928467,0.01749434694647789,opo,True
161837,2024-06,gov,0,0.5910140872001648,0.37976208329200745,0.029223835095763206,gov,True
161839,2024-06,opo,1,0.019249308854341507,0.9796847105026245,0.001065969467163086,opo,True
162547,2024-06,opo,1,0.011226475238800049,0.986778736114502,0.001994784688577056,opo,True
162548,2024-06,uncertain,2,0.027016345411539078,0.04982927814126015,0.9231544137001038,uncertain,True
162549,2024-06,uncertain,2,0.007418481633067131,0.006776283495128155,0.9858052134513855,uncertain,True
162550,2024-06,opo,1,0.09006007015705109,0.8945778608322144,0.015362037345767021,opo,True
162551,2024-06,uncertain,2,0.2276988923549652,0.07811617106199265,0.6941848993301392,uncertain,True
162552,2024-06,gov,0,0.75529944896698,0.18380849063396454,0.06089213490486145,gov,True
162554,2024-06,uncertain,2,0.14879509806632996,0.3045920431613922,0.5466128587722778,uncertain,True
162555,2024-06,uncertain,2,0.39558225870132446,0.119416244328022,0.48500141501426697,gov,True
162556,2024-06,gov,0,0.8322643637657166,0.1097603514790535,0.05797524377703667,gov,True
162558,2024-06,opo,1,0.0044913156889379025,0.9954057931900024,0.00010285342432325706,opo,True
162559,2024-06,opo,1,0.008424396626651287,0.9886587262153625,0.0029168506152927876,opo,True
163267,2024-06,opo,1,0.0031191548332571983,0.9940741658210754,0.0028066837694495916,opo,True
163268,2024-06,uncertain,2,0.013872241601347923,0.1288326382637024,0.857295036315918,uncertain,True
163269,2024-06,uncertain,2,0.019192244857549667,0.042438361793756485,0.9383694529533386,uncertain,True
163271,2024-06,gov,0,0.8889205455780029,0.04821297153830528,0.06286659091711044,gov,True
163272,2024-06,uncertain,2,0.035097237676382065,0.004247419070452452,0.9606553912162781,uncertain,True
163274,2024-06,uncertain,2,0.10527358949184418,0.05510871112346649,0.8396177291870117,gov,True
163275,2024-06,uncertain,2,0.0214708149433136,0.00014711113180965185,0.9783821105957031,uncertain,True
163276,2024-06,uncertain,2,0.22443291544914246,0.0011947187595069408,0.774372398853302,uncertain,True
163278,2024-06,opo,1,0.051607001572847366,0.9468756318092346,0.001517346128821373,opo,True
163988,2024-06,opo,1,0.07086020708084106,0.9232332110404968,0.0059065003879368305,opo,True
163989,2024-06,gov,0,0.7126417756080627,0.2263822853565216,0.06097594276070595,gov,True
163992,2024-06,gov,0,0.9098480343818665,0.03696800768375397,0.05318392813205719,gov,True
163993,2024-06,uncertain,2,0.15952712297439575,0.021456269547343254,0.8190165758132935,uncertain,True
163996,2024-06,gov,0,0.9934930205345154,9.969391248887405e-05,0.0064072273671627045,gov,True
163998,2024-06,gov,0,0.9924391508102417,0.0069426279515028,0.0006181824719533324,gov,True
164709,2024-06,uncertain,2,0.18881040811538696,0.011065076105296612,0.80012446641922,uncertain,True
164710,2024-06,gov,0,0.9887804985046387,0.004452891182154417,0.0067666154354810715,gov,True
164711,2024-06,gov,0,0.995560884475708,0.00402187742292881,0.0004172738117631525,gov,True
164712,2024-06,gov,0,0.9329281449317932,0.06662553548812866,0.0004463294171728194,gov,True
164713,2024-06,gov,0,0.8064277768135071,0.10302822291851044,0.09054403752088547,gov,True
164714,2024-06,uncertain,2,0.024378914386034012,0.009794446639716625,0.9658266305923462,uncertain,True
164715,2024-06,uncertain,2,0.036428969353437424,0.3338876962661743,0.6296833157539368,uncertain,True
164716,2024-06,opo,1,0.0294526107609272,0.9677999019622803,0.002747507533058524,opo,True
165430,2024-06,gov,0,0.9140079021453857,0.0540926530957222,0.031899452209472656,gov,True
165433,2024-06,uncertain,2,0.1599290817975998,0.015499572269618511,0.8245713114738464,uncertain,True
165435,2024-06,opo,1,0.0015477763954550028,0.9463560581207275,0.0520961694419384,opo,True
165436,2024-06,opo,1,0.003687870455905795,0.9962493777275085,6.274032784858719e-05,opo,True
166150,2024-06,gov,0,0.9726091623306274,0.012216982431709766,0.015173845924437046,gov,True
166152,2024-06,opo,1,0.024555999785661697,0.9619129300117493,0.013531088829040527,opo,True
166154,2024-06,uncertain,2,0.36881011724472046,0.026192475110292435,0.6049973964691162,gov,True
166155,2024-06,uncertain,2,0.01871667057275772,0.13015998899936676,0.8511233329772949,uncertain,True
166156,2024-06,opo,1,0.023424703627824783,0.9652320742607117,0.011343235149979591,opo,True
166873,2024-06,uncertain,2,0.1321994811296463,0.18505045771598816,0.6827499866485596,uncertain,True
166876,2024-06,opo,1,0.012987961061298847,0.9748475551605225,0.012164502404630184,opo,True
166877,2024-06,opo,1,0.12642647325992584,0.8527393937110901,0.020834168419241905,gov,True
167591,2024-06,gov,0,0.9147844314575195,0.01256588939577341,0.07264962047338486,gov,True
167592,2024-06,gov,0,0.9396893978118896,0.023542214184999466,0.03676841780543327,gov,True
167594,2024-06,uncertain,2,0.05259587988257408,0.11648137867450714,0.8309227228164673,uncertain,True
167597,2024-06,gov,0,0.6984792351722717,0.28861528635025024,0.012905474752187729,gov,True
168313,2024-06,gov,0,0.9946554899215698,0.003025602549314499,0.0023189163766801357,gov,True
168316,2024-06,opo,1,0.060600075870752335,0.9326959848403931,0.006703934632241726,opo,True
169035,2024-06,uncertain,2,0.05811964347958565,0.005468463059514761,0.9364118576049805,uncertain,True
169036,2024-06,gov,0,0.949491024017334,0.025976764038205147,0.02453215792775154,gov,True
169037,2024-06,gov,0,0.9941787719726562,0.0033035208471119404,0.0025177777279168367,gov,True
169756,2024-06,gov,0,0.9840912222862244,0.0038973393384367228,0.01201136689633131,gov,True
143838,2024-07,gov,0,0.9160857200622559,0.024127501994371414,0.05978670343756676,gov,True
145998,2024-07,gov,0,0.8527256846427917,0.06090540438890457,0.08636895567178726,gov,True
147437,2024-07,gov,0,0.9550419449806213,0.009305334649980068,0.035652730613946915,gov,True
147438,2024-07,gov,0,0.8519924879074097,0.019095404073596,0.12891210615634918,gov,True
147439,2024-07,uncertain,2,0.1169031485915184,0.004374058451503515,0.8787228465080261,uncertain,True
148158,2024-07,uncertain,2,0.08539553731679916,0.012004708871245384,0.9025996923446655,uncertain,True
149597,2024-07,uncertain,2,0.008999057114124298,0.0019520194036886096,0.989048957824707,uncertain,True
150307,2024-07,gov,0,0.9464372992515564,0.008891366422176361,0.04467133805155754,gov,True
150317,2024-07,uncertain,2,0.060445185750722885,0.016910189762711525,0.9226446151733398,uncertain,True
151756,2024-07,uncertain,2,0.12108903378248215,0.0009839541744440794,0.8779269456863403,uncertain,True
151757,2024-07,uncertain,2,0.022535834461450577,0.0011478037340566516,0.9763163924217224,uncertain,True
152476,2024-07,gov,0,0.9895228743553162,0.0011535824742168188,0.009323624894022942,gov,True
153190,2024-07,gov,0,0.9781338572502136,0.0032216785475611687,0.018644366413354874,gov,True
153191,2024-07,gov,0,0.9581486582756042,0.006086197216063738,0.0357651449739933,gov,True
153192,2024-07,gov,0,0.951470673084259,0.0025658232625573874,0.0459635928273201,gov,True
153193,2024-07,gov,0,0.9676843881607056,0.00615091435611248,0.026164665818214417,gov,True
153196,2024-07,gov,0,0.7911466360092163,0.03876165300607681,0.1700916886329651,gov,True
153197,2024-07,uncertain,2,0.10917769372463226,0.004917307756841183,0.8859050273895264,uncertain,True
153910,2024-07,gov,0,0.9833964705467224,0.0027150672394782305,0.013888449408113956,gov,True
153911,2024-07,gov,0,0.9826465845108032,0.004801628645509481,0.012551878578960896,gov,True
153912,2024-07,gov,0,0.9757450222969055,0.0049143903888762,0.01934053562581539,gov,True
153913,2024-07,gov,0,0.9663429856300354,0.005021738354116678,0.02863525226712227,gov,True
153914,2024-07,gov,0,0.8991605639457703,0.01466281432658434,0.08617661893367767,gov,True
153915,2024-07,uncertain,2,0.053467825055122375,0.006922504398971796,0.939609706401825,uncertain,True
153916,2024-07,gov,0,0.87786865234375,0.037539638578891754,0.08459173142910004,gov,True
153917,2024-07,gov,0,0.9247614145278931,0.011067422106862068,0.06417115032672882,gov,True
153918,2024-07,gov,0,0.8297974467277527,0.027712296694517136,0.14249025285243988,gov,True
154630,2024-07,gov,0,0.9785531759262085,0.01752324588596821,0.003923604730516672,gov,True
154631,2024-07,gov,0,0.9841945171356201,0.008055430836975574,0.007750031538307667,gov,True
154632,2024-07,gov,0,0.9950218200683594,0.002736384514719248,0.002241868060082197,gov,True
154633,2024-07,gov,0,0.9607765078544617,0.008871691301465034,0.030351802706718445,gov,True
154634,2024-07,gov,0,0.8920155763626099,0.005918024107813835,0.10206635296344757,gov,True
154635,2024-07,uncertain,2,0.009730362333357334,0.0005303761572577059,0.9897393584251404,uncertain,True
154636,2024-07,uncertain,2,0.11793114244937897,0.030111005529761314,0.8519578576087952,uncertain,True
155350,2024-07,gov,0,0.9385052919387817,0.03629330173134804,0.02520141191780567,gov,True
155351,2024-07,gov,0,0.9625180959701538,0.004206735175102949,0.03327514976263046,gov,True
155352,2024-07,gov,0,0.9428287148475647,0.009017222560942173,0.0481540709733963,gov,True
155354,2024-07,uncertain,2,0.013402020558714867,0.0009568724781274796,0.9856410622596741,uncertain,True
156069,2024-07,opo,1,0.09032686054706573,0.8948764204978943,0.014796770177781582,opo,True
156071,2024-07,gov,0,0.9874300360679626,0.00913664698600769,0.00343340914696455,gov,True
156072,2024-07,gov,0,0.9817205667495728,0.005750933662056923,0.012528466992080212,gov,True
156073,2024-07,gov,0,0.9340892434120178,0.0016742331208661199,0.06423655897378922,gov,True
156074,2024-07,uncertain,2,0.010617042891681194,0.0016261169221252203,0.9877568483352661,uncertain,True
156075,2024-07,uncertain,2,0.0037144136149436235,0.04825347661972046,0.9480320811271667,uncertain,True
156788,2024-07,gov,0,0.8040279150009155,0.026367900893092155,0.16960421204566956,gov,True
156789,2024-07,uncertain,2,0.19978900253772736,0.228738471865654,0.5714725255966187,uncertain,True
156791,2024-07,gov,0,0.8853336572647095,0.1031789779663086,0.011487362906336784,gov,True
156792,2024-07,gov,0,0.9869242310523987,0.003931555896997452,0.009144289419054985,gov,True
156793,2024-07,uncertain,2,0.0638614371418953,0.00020234832481946796,0.9359362125396729,uncertain,True
156794,2024-07,uncertain,2,0.357119619846344,0.017624497413635254,0.6252559423446655,gov,True
156795,2024-07,opo,1,0.006012360565364361,0.7955127358436584,0.19847489893436432,opo,True
156796,2024-07,opo,1,0.015880418941378593,0.9680042862892151,0.016115345060825348,opo,True
157508,2024-07,gov,0,0.799926221370697,0.05501307174563408,0.14506065845489502,gov,True
157510,2024-07,gov,0,0.7767175436019897,0.05011855810880661,0.17316386103630066,gov,True
157511,2024-07,gov,0,0.9495988488197327,0.014915157109498978,0.035485997796058655,gov,True
157513,2024-07,uncertain,2,0.02121122181415558,0.0009394451044499874,0.9778493642807007,uncertain,True
157514,2024-07,uncertain,2,0.010947533883154392,0.00221387785859406,0.9868386387825012,uncertain,True
157515,2024-07,uncertain,2,0.005047469865530729,0.12989865243434906,0.8650539517402649,uncertain,True
158229,2024-07,uncertain,2,0.16346299648284912,0.021878710016608238,0.8146582841873169,uncertain,True
158231,2024-07,gov,0,0.9862654805183411,0.006953234784305096,0.006781270261853933,gov,True
158233,2024-07,gov,0,0.9074768424034119,0.005418217740952969,0.08710497617721558,gov,True
158235,2024-07,opo,1,0.011746569536626339,0.967477023601532,0.020776472985744476,opo,True
158236,2024-07,opo,1,0.003973822109401226,0.9937645196914673,0.0022616356145590544,opo,True
158237,2024-07,opo,1,0.015187577344477177,0.9835845232009888,0.001227886532433331,opo,True
158238,2024-07,opo,1,0.10745999962091446,0.8817227482795715,0.010817200876772404,opo,True
158946,2024-07,gov,0,0.9502710700035095,0.044651810079813004,0.005077187437564135,gov,True
158947,2024-07,opo,1,0.049907393753528595,0.9409551024436951,0.009137538261711597,opo,True
158949,2024-07,gov,0,0.8965687155723572,0.030121197924017906,0.07331014424562454,gov,True
158950,2024-07,gov,0,0.9846293926239014,0.001634176354855299,0.013736527413129807,gov,True
158951,2024-07,gov,0,0.9913012385368347,0.004506515804678202,0.004192288964986801,gov,True
158952,2024-07,gov,0,0.9150541424751282,0.021734166890382767,0.06321173906326294,gov,True
158953,2024-07,gov,0,0.9168694019317627,0.0036404903512448072,0.079490065574646,gov,True
158954,2024-07,gov,0,0.8583481311798096,0.07704135775566101,0.06461042910814285,gov,True
158955,2024-07,opo,1,0.14380979537963867,0.8465734124183655,0.009616812691092491,opo,True
158956,2024-07,gov,0,0.71979820728302,0.2711254954338074,0.009076312184333801,gov,True
158957,2024-07,gov,0,0.9827274680137634,0.01543511264026165,0.001837432966567576,gov,True
158958,2024-07,gov,0,0.986049234867096,0.008874709717929363,0.005076022353023291,gov,True
158960,2024-07,gov,0,0.966809093952179,0.0038608445320278406,0.02933010645210743,gov,True
159665,2024-07,opo,1,0.10466179251670837,0.7522796988487244,0.1430584341287613,opo,True
159666,2024-07,opo,1,0.00657643610611558,0.9902971386909485,0.0031264519784599543,opo,True
159667,2024-07,opo,1,0.0010463021462783217,0.9979416728019714,0.0010120384395122528,opo,True
159668,2024-07,opo,1,0.03995267301797867,0.9301024675369263,0.029944920912384987,opo,True
159670,2024-07,gov,0,0.9830523729324341,0.0015182566130533814,0.015429344028234482,gov,True
159671,2024-07,gov,0,0.9996417760848999,0.00015507134958170354,0.0002031843614531681,gov,True
159672,2024-07,gov,0,0.9995824694633484,5.606667400570586e-05,0.0003614536253735423,gov,True
159673,2024-07,gov,0,0.9924746155738831,0.0001844129292294383,0.007340916432440281,gov,True
159674,2024-07,gov,0,0.9981470108032227,0.0008487951126880944,0.0010042476933449507,gov,True
159675,2024-07,gov,0,0.9405437111854553,0.052161019295454025,0.007295290939509869,gov,True
159676,2024-07,gov,0,0.9830454587936401,0.012315027415752411,0.004639474209398031,gov,True
159679,2024-07,gov,0,0.9701439738273621,0.006638087797909975,0.02321792021393776,gov,True
159680,2024-07,gov,0,0.9605030417442322,0.004689565394073725,0.03480733558535576,gov,True
160386,2024-07,opo,1,0.03213311731815338,0.9465856552124023,0.0212812852114439,opo,True
160388,2024-07,uncertain,2,0.03942733258008957,0.11392314732074738,0.8466495275497437,uncertain,True
160389,2024-07,uncertain,2,0.01982147991657257,0.005150118842720985,0.975028395652771,uncertain,True
160390,2024-07,uncertain,2,0.10042896866798401,0.01367708295583725,0.8858938813209534,uncertain,True
160391,2024-07,gov,0,0.8605595231056213,0.0942840725183487,0.04515642300248146,gov,True
160392,2024-07,gov,0,0.9913021326065063,0.0006056175334379077,0.008092246018350124,gov,True
160393,2024-07,gov,0,0.7702586650848389,0.0014033305924385786,0.2283380627632141,gov,True
160394,2024-07,gov,0,0.9345108866691589,0.009840770624577999,0.05564839392900467,gov,True
160396,2024-07,gov,0,0.966855525970459,0.01651584729552269,0.01662866584956646,gov,True
160397,2024-07,gov,0,0.9710874557495117,0.01806486025452614,0.010847684927284718,gov,True
160399,2024-07,gov,0,0.9547364711761475,0.03254082053899765,0.012722664512693882,gov,True
160400,2024-07,gov,0,0.9628507494926453,0.010817928239703178,0.02633122354745865,gov,True
161107,2024-07,opo,1,0.0340050607919693,0.8871156573295593,0.07887934893369675,opo,True
161109,2024-07,uncertain,2,0.02427062764763832,0.0008884576964192092,0.9748409986495972,uncertain,True
161110,2024-07,gov,0,0.732833981513977,0.0033793780021369457,0.26378658413887024,gov,True
161111,2024-07,gov,0,0.905386209487915,0.046984314918518066,0.04762944206595421,gov,True
161112,2024-07,gov,0,0.9926350712776184,0.0051079909317195415,0.002256945241242647,gov,True
161113,2024-07,gov,0,0.9613857865333557,0.027353299781680107,0.011260917410254478,gov,True
161116,2024-07,gov,0,0.9193007349967957,0.014046627096831799,0.06665273755788803,gov,True
161117,2024-07,gov,0,0.7761924266815186,0.12196660786867142,0.10184094309806824,gov,True
161118,2024-07,opo,1,0.0789216011762619,0.9138453006744385,0.007233121432363987,opo,True
161119,2024-07,gov,0,0.6768113374710083,0.3070058524608612,0.016182836145162582,gov,True
161120,2024-07,gov,0,0.947144091129303,0.030674580484628677,0.022181306034326553,gov,True
161827,2024-07,opo,1,0.0027095761615782976,0.9955314993858337,0.001758895698003471,opo,True
161829,2024-07,uncertain,2,0.00502417515963316,0.002054451499134302,0.9929214119911194,uncertain,True
161830,2024-07,uncertain,2,0.03311220183968544,0.006294687278568745,0.9605931043624878,uncertain,True
161831,2024-07,uncertain,2,0.040211621671915054,0.004309495445340872,0.9554789066314697,uncertain,True
161832,2024-07,gov,0,0.5524524450302124,0.1189514771103859,0.3285960853099823,gov,True
161833,2024-07,opo,1,0.048123981803655624,0.9396266341209412,0.012249398045241833,opo,True
161834,2024-07,opo,1,0.0006750799366272986,0.9949058294296265,0.004419164266437292,opo,True
161837,2024-07,opo,1,0.04351489245891571,0.9463951587677002,0.01008994784206152,opo,True
161839,2024-07,opo,1,0.00883638858795166,0.9908983111381531,0.00026526511646807194,opo,True
162547,2024-07,opo,1,0.008029877208173275,0.988376796245575,0.003593255765736103,opo,True
162548,2024-07,uncertain,2,0.02730848826467991,0.04971383139491081,0.9229776859283447,uncertain,True
162549,2024-07,uncertain,2,0.005376720335334539,0.00854039378464222,0.9860828518867493,uncertain,True
162550,2024-07,opo,1,0.121853306889534,0.7361217737197876,0.14202499389648438,opo,True
162551,2024-07,uncertain,2,0.04218931123614311,0.025945594534277916,0.9318651556968689,uncertain,True
162552,2024-07,opo,1,0.379652202129364,0.6113376617431641,0.009010177105665207,gov,True
162553,2024-07,opo,1,0.004946180619299412,0.9949892163276672,6.462118471972644e-05,opo,True
162554,2024-07,opo,1,0.052504513412714005,0.894726037979126,0.05276947095990181,opo,True
162555,2024-07,uncertain,2,0.04309210553765297,0.3962395489215851,0.5606682896614075,uncertain,True
162556,2024-07,opo,1,0.08204563707113266,0.8737380504608154,0.044216278940439224,opo,True
162558,2024-07,opo,1,0.0003922918695025146,0.9995985627174377,9.122193660004996e-06,opo,True
162559,2024-07,opo,1,0.006719644647091627,0.9924032688140869,0.0008770945714786649,opo,True
163267,2024-07,opo,1,0.00722416490316391,0.9838806986808777,0.008895167149603367,opo,True
163268,2024-07,uncertain,2,0.00811855960637331,0.0934903547167778,0.89839106798172,uncertain,True
163269,2024-07,uncertain,2,0.03258077800273895,0.0331239253282547,0.9342952370643616,uncertain,True
163271,2024-07,gov,0,0.8225706219673157,0.00409358274191618,0.17333577573299408,gov,True
163272,2024-07,uncertain,2,0.04028816148638725,0.0016787198837846518,0.9580331444740295,uncertain,True
163274,2024-07,opo,1,0.04294123873114586,0.9137991070747375,0.04325965419411659,opo,True
163275,2024-07,uncertain,2,0.01763082668185234,0.009199021384119987,0.9731701612472534,uncertain,True
163276,2024-07,uncertain,2,0.02580229379236698,0.0013467498356476426,0.9728508591651917,uncertain,True
163278,2024-07,opo,1,0.014591384679079056,0.984970211982727,0.00043846850167028606,opo,True
163988,2024-07,opo,1,0.09612705558538437,0.8891639113426208,0.014709017239511013,opo,True
163989,2024-07,gov,0,0.7725047469139099,0.09176697582006454,0.13572825491428375,gov,True
163992,2024-07,gov,0,0.774364709854126,0.009296511299908161,0.21633878350257874,gov,True
163993,2024-07,uncertain,2,0.4243544936180115,0.03803131356835365,0.5376141667366028,gov,True
163996,2024-07,gov,0,0.9014829397201538,0.0009848300833255053,0.09753226488828659,gov,True
163998,2024-07,gov,0,0.9964473843574524,0.003204723121598363,0.00034792927908711135,gov,True
164709,2024-07,uncertain,2,0.201742485165596,0.008364317938685417,0.7898932695388794,uncertain,True
164710,2024-07,gov,0,0.9892371296882629,0.00632574874907732,0.004437037277966738,gov,True
164711,2024-07,gov,0,0.9868195056915283,0.011661594733595848,0.0015189191326498985,gov,True
164712,2024-07,gov,0,0.943359911441803,0.05554407089948654,0.00109605654142797,gov,True
164713,2024-07,gov,0,0.9198442697525024,0.050831906497478485,0.02932390756905079,gov,True
164714,2024-07,uncertain,2,0.11089535802602768,0.011491243727505207,0.8776134252548218,uncertain,True
164715,2024-07,uncertain,2,0.08038059622049332,0.11457324773073196,0.8050461411476135,uncertain,True
164716,2024-07,opo,1,0.027611343190073967,0.9541643261909485,0.018224328756332397,opo,True
165430,2024-07,gov,0,0.8866019248962402,0.05334046110510826,0.060057662427425385,gov,True
165433,2024-07,uncertain,2,0.24384860694408417,0.021851329132914543,0.7343000769615173,uncertain,True
165435,2024-07,opo,1,0.024500854313373566,0.5793423056602478,0.39615684747695923,opo,True
165436,2024-07,opo,1,0.008923671208322048,0.9898518919944763,0.0012244010576978326,opo,True
166150,2024-07,gov,0,0.9738234877586365,0.00976551603525877,0.01641099341213703,gov,True
166152,2024-07,opo,1,0.04300263151526451,0.9556142091751099,0.0013832005206495523,opo,True
166154,2024-07,gov,0,0.6868876814842224,0.006435498595237732,0.30667683482170105,gov,True
166155,2024-07,uncertain,2,0.02161492593586445,0.07782148569822311,0.9005635380744934,uncertain,True
166156,2024-07,opo,1,0.026130523532629013,0.9424949884414673,0.03137442469596863,opo,True
166157,2024-07,gov,0,0.7658448219299316,0.20758689939975739,0.026568258181214333,gov,True
166873,2024-07,gov,0,0.6315035223960876,0.1089799702167511,0.2595164477825165,gov,True
166876,2024-07,opo,1,0.030159758403897285,0.8844559192657471,0.08538433909416199,opo,True
166877,2024-07,gov,0,0.47150719165802,0.35169923305511475,0.17679363489151,gov,True
167591,2024-07,gov,0,0.9681219458580017,0.008031448349356651,0.023846659809350967,gov,True
167592,2024-07,gov,0,0.9411540627479553,0.019963622093200684,0.038882337510585785,gov,True
167594,2024-07,uncertain,2,0.1255129873752594,0.037548236548900604,0.8369387984275818,uncertain,True
167597,2024-07,gov,0,0.8267177939414978,0.13107815384864807,0.042203959077596664,gov,True
168313,2024-07,gov,0,0.9902499318122864,0.004302444402128458,0.005447652656584978,gov,True
168316,2024-07,opo,1,0.051665011793375015,0.9272313117980957,0.021103616803884506,opo,True
169035,2024-07,uncertain,2,0.10796276479959488,0.007572897709906101,0.8844643831253052,uncertain,True
169036,2024-07,gov,0,0.9417162537574768,0.039163846522569656,0.019119955599308014,gov,True
169037,2024-07,gov,0,0.9896504878997803,0.004482700489461422,0.005866748280823231,gov,True
169756,2024-07,gov,0,0.9840222001075745,0.006376438774168491,0.009601403027772903,gov,True
143838,2024-08,gov,0,0.911629319190979,0.016899002715945244,0.0714716911315918,gov,True
145998,2024-08,gov,0,0.9612832069396973,0.019817374646663666,0.01889938674867153,gov,True
147437,2024-08,gov,0,0.9800729155540466,0.004348580725491047,0.015578501857817173,gov,True
147438,2024-08,gov,0,0.9832218289375305,0.0032173870131373405,0.013560796156525612,gov,True
147439,2024-08,gov,0,0.9597336053848267,0.0042659747414290905,0.03600045293569565,gov,True
148158,2024-08,gov,0,0.9428280591964722,0.012044793926179409,0.04512718319892883,gov,True
149597,2024-08,uncertain,2,0.04524274170398712,0.0022084072697907686,0.9525488615036011,uncertain,True
150307,2024-08,gov,0,0.9297356605529785,0.005231937859207392,0.06503229588270187,gov,True
150317,2024-08,gov,0,0.9051452875137329,0.011254985816776752,0.08359968662261963,gov,True
151756,2024-08,gov,0,0.9495764970779419,0.004900649655610323,0.04552282392978668,gov,True
151757,2024-08,uncertain,2,0.0711384043097496,0.0008284099749289453,0.928033173084259,uncertain,True
152476,2024-08,gov,0,0.9978983402252197,0.0004406651423778385,0.0016610341845080256,gov,True
153190,2024-08,gov,0,0.9551113247871399,0.0058301291428506374,0.039058614522218704,gov,True
153191,2024-08,gov,0,0.9450685381889343,0.006645577028393745,0.04828593134880066,gov,True
153192,2024-08,gov,0,0.9714661240577698,0.001347562880255282,0.027186378836631775,gov,True
153193,2024-08,gov,0,0.9887986779212952,0.002576396567746997,0.008624960668385029,gov,True
153196,2024-08,gov,0,0.9509274959564209,0.005411585792899132,0.043660882860422134,gov,True
153197,2024-08,uncertain,2,0.03596840798854828,0.001014424255117774,0.9630172252655029,uncertain,True
153910,2024-08,gov,0,0.9717702269554138,0.005477275233715773,0.022752614691853523,gov,True
153911,2024-08,gov,0,0.9715007543563843,0.009992481209337711,0.018506759777665138,gov,True
153912,2024-08,gov,0,0.9738134145736694,0.003948185592889786,0.02223847061395645,gov,True
153913,2024-08,gov,0,0.9914805889129639,0.0013452671701088548,0.00717413192614913,gov,True
153914,2024-08,gov,0,0.9762805700302124,0.010013715364038944,0.013705719262361526,gov,True
153915,2024-08,gov,0,0.957932710647583,0.02713114395737648,0.014936207793653011,gov,True
153916,2024-08,gov,0,0.9414737224578857,0.04732237383723259,0.011203901842236519,gov,True
153917,2024-08,gov,0,0.9293257594108582,0.039362832903862,0.031311411410570145,gov,True
153918,2024-08,gov,0,0.897844135761261,0.08323420584201813,0.01892166957259178,gov,True
154630,2024-08,gov,0,0.9914507269859314,0.007374714594334364,0.0011746285017579794,gov,True
154631,2024-08,gov,0,0.9925569295883179,0.004929753020405769,0.002513236366212368,gov,True
154632,2024-08,gov,0,0.996146559715271,0.00045458684326149523,0.0033988894429057837,gov,True
154633,2024-08,gov,0,0.9952287673950195,0.00106157420668751,0.003709679702296853,gov,True
154634,2024-08,gov,0,0.9915298223495483,0.004407217260450125,0.00406299065798521,gov,True
154635,2024-08,gov,0,0.9733579158782959,0.012311017140746117,0.014330984093248844,gov,True
154636,2024-08,gov,0,0.9749165177345276,0.017031880095601082,0.00805150717496872,gov,True
155350,2024-08,gov,0,0.8304166197776794,0.16514380276203156,0.004439574666321278,gov,True
155351,2024-08,gov,0,0.9905562996864319,0.005872000474482775,0.003571720328181982,gov,True
155352,2024-08,gov,0,0.9885405898094177,0.002990252571180463,0.00846916250884533,gov,True
155354,2024-08,gov,0,0.9444513916969299,0.0039489078335464,0.05159971863031387,gov,True
156069,2024-08,opo,1,0.0852845162153244,0.9098326563835144,0.004882837180048227,opo,True
156071,2024-08,gov,0,0.9974237680435181,0.0013310337672010064,0.0012452480150386691,gov,True
156072,2024-08,gov,0,0.9953333735466003,0.00201389379799366,0.0026527582667768,gov,True
156073,2024-08,gov,0,0.9950206279754639,0.002411775290966034,0.002567511284723878,gov,True
156074,2024-08,gov,0,0.9373424053192139,0.010679008439183235,0.051978617906570435,gov,True
156075,2024-08,uncertain,2,0.014355845749378204,0.005725498776882887,0.9799187183380127,uncertain,True
156788,2024-08,gov,0,0.9840773344039917,0.006013401784002781,0.009909314103424549,gov,True
156789,2024-08,gov,0,0.5613143444061279,0.4154585003852844,0.02322717383503914,gov,True
156791,2024-08,gov,0,0.9962377548217773,0.0018400411354377866,0.0019220876274630427,gov,True
156792,2024-08,gov,0,0.9942850470542908,0.0005951338680461049,0.005119810346513987,gov,True
156793,2024-08,gov,0,0.9526488780975342,0.00036313323653303087,0.04698789119720459,gov,True
156794,2024-08,gov,0,0.9815558791160583,0.007109515368938446,0.011334545910358429,gov,True
156795,2024-08,opo,1,0.04543091356754303,0.8799459934234619,0.07462305575609207,opo,True
156796,2024-08,opo,1,0.02259010449051857,0.9697871208190918,0.007622850127518177,opo,True
157508,2024-08,gov,0,0.9351283311843872,0.047470077872276306,0.01740157976746559,gov,True
157509,2024-08,opo,1,0.21561700105667114,0.7727000713348389,0.01168296579271555,opo,True
157510,2024-08,gov,0,0.9733630418777466,0.016516804695129395,0.010120123624801636,gov,True
157511,2024-08,gov,0,0.9742447733879089,0.011483415961265564,0.014271899126470089,gov,True
157513,2024-08,uncertain,2,0.07354419678449631,0.0006828671903349459,0.9257729053497314,uncertain,True
157514,2024-08,gov,0,0.7326800227165222,0.0068307481706142426,0.26048916578292847,gov,True
157515,2024-08,uncertain,2,0.025435231626033783,0.047516368329524994,0.92704838514328,uncertain,True
158229,2024-08,gov,0,0.5216560959815979,0.3947213292121887,0.08362258225679398,gov,True
158231,2024-08,gov,0,0.991641640663147,0.005660850089043379,0.002697467105463147,gov,True
158233,2024-08,gov,0,0.9815976619720459,0.00027038363623432815,0.01813194900751114,gov,True
158235,2024-08,opo,1,0.058242592960596085,0.9315471053123474,0.010210223495960236,opo,True
158236,2024-08,opo,1,0.00932805985212326,0.9894418716430664,0.0012301091337576509,opo,True
158237,2024-08,opo,1,0.033004485070705414,0.9624831080436707,0.0045124441385269165,opo,True
158238,2024-08,gov,0,0.8976539969444275,0.07769312709569931,0.024652831256389618,gov,True
158946,2024-08,gov,0,0.9161412715911865,0.06693849712610245,0.016920270398259163,gov,True
158947,2024-08,opo,1,0.02806594781577587,0.9694601893424988,0.0024738721549510956,opo,True
158949,2024-08,gov,0,0.9254207611083984,0.034781672060489655,0.03979760780930519,gov,True
158950,2024-08,gov,0,0.975922703742981,0.00040315804653801024,0.023674197494983673,gov,True
158951,2024-08,gov,0,0.9948086142539978,0.0030195473227649927,0.002171839354559779,gov,True
158952,2024-08,gov,0,0.9605184197425842,0.012377581559121609,0.027103973552584648,gov,True
158953,2024-08,gov,0,0.9310142397880554,0.002478003269061446,0.0665077194571495,gov,True
158954,2024-08,gov,0,0.9282002449035645,0.033410731703042984,0.03838903829455376,gov,True
158955,2024-08,gov,0,0.8858055472373962,0.1070132851600647,0.007181227672845125,gov,True
158956,2024-08,gov,0,0.9492945075035095,0.048831354826688766,0.0018741678213700652,gov,True
158957,2024-08,gov,0,0.9935339689254761,0.006145999766886234,0.00032002097577787936,gov,True
158958,2024-08,gov,0,0.9883236885070801,0.0068284692242741585,0.004847774747759104,gov,True
158960,2024-08,gov,0,0.9502617120742798,0.008975274860858917,0.0407630056142807,gov,True
159665,2024-08,uncertain,2,0.06107896938920021,0.12599046528339386,0.8129305839538574,uncertain,True
159666,2024-08,opo,1,0.005344990640878677,0.9907428622245789,0.003912140615284443,opo,True
159667,2024-08,opo,1,0.0003616333706304431,0.99936443567276,0.00027388602029532194,opo,True
159668,2024-08,opo,1,0.052621424198150635,0.9416090846061707,0.0057695042341947556,opo,True
159670,2024-08,gov,0,0.9444882869720459,0.0001501068618381396,0.055361635982990265,gov,True
159671,2024-08,gov,0,0.9972646236419678,0.0016968636773526669,0.0010385527275502682,gov,True
159672,2024-08,gov,0,0.9988827109336853,0.0007098218193277717,0.00040745100704953074,gov,True
159673,2024-08,gov,0,0.9973342418670654,0.000662660866510123,0.0020031160674989223,gov,True
159674,2024-08,gov,0,0.9982750415802002,0.0009692471940070391,0.0007557119242846966,gov,True
159675,2024-08,gov,0,0.9881979823112488,0.009233863092958927,0.0025681941770017147,gov,True
159676,2024-08,gov,0,0.9892488718032837,0.008534562774002552,0.002216573338955641,gov,True
159679,2024-08,gov,0,0.9789329767227173,0.006837909575551748,0.01422914769500494,gov,True
159680,2024-08,gov,0,0.9108662605285645,0.013730799779295921,0.0754028707742691,gov,True
160386,2024-08,opo,1,0.02465682290494442,0.9730556607246399,0.0022875098511576653,opo,True
160388,2024-08,gov,0,0.6483571529388428,0.2065599113702774,0.14508293569087982,gov,True
160389,2024-08,uncertain,2,0.017147095873951912,0.005872522015124559,0.976980447769165,uncertain,True
160390,2024-08,uncertain,2,0.0021379515528678894,0.003729850286617875,0.9941322207450867,uncertain,True
160391,2024-08,opo,1,0.04267324507236481,0.9318854212760925,0.025441307574510574,opo,True
160392,2024-08,gov,0,0.9852702617645264,0.006425847299396992,0.008303828537464142,gov,True
160393,2024-08,gov,0,0.9763893485069275,0.002579483902081847,0.021031180396676064,gov,True
160394,2024-08,gov,0,0.9600160717964172,0.004076950252056122,0.03590704873204231,gov,True
160396,2024-08,gov,0,0.9840446710586548,0.005831314250826836,0.010124022141098976,gov,True
160397,2024-08,gov,0,0.9922423362731934,0.0038820039480924606,0.003875656286254525,gov,True
160399,2024-08,gov,0,0.9812615513801575,0.004980877041816711,0.01375746913254261,gov,True
160400,2024-08,gov,0,0.962113618850708,0.011711367405951023,0.026175035163760185,gov,True
161107,2024-08,opo,1,0.017970828339457512,0.9785131216049194,0.0035160519182682037,opo,True
161109,2024-08,uncertain,2,0.0040946160443127155,0.00015746508142910898,0.9957478642463684,uncertain,True
161110,2024-08,uncertain,2,0.030684297904372215,0.0024214875884354115,0.9668942093849182,uncertain,True
161111,2024-08,gov,0,0.5507960915565491,0.4305493235588074,0.018654603511095047,gov,True
161112,2024-08,gov,0,0.9914262294769287,0.007192680146545172,0.0013810800155624747,gov,True
161113,2024-08,gov,0,0.9815125465393066,0.009305588901042938,0.009181872941553593,gov,True
161116,2024-08,gov,0,0.9749634265899658,0.0009831476490944624,0.024053344503045082,gov,True
161117,2024-08,gov,0,0.9410151243209839,0.027595873922109604,0.03138899430632591,gov,True
161118,2024-08,gov,0,0.8391237854957581,0.13058923184871674,0.030286988243460655,gov,True
161119,2024-08,gov,0,0.9415415525436401,0.04495624080300331,0.013502216897904873,gov,True
161120,2024-08,gov,0,0.9570820927619934,0.024660969153046608,0.01825694553554058,gov,True
161827,2024-08,opo,1,0.009604692459106445,0.9879844188690186,0.002410913584753871,opo,True
161829,2024-08,uncertain,2,0.01640447974205017,0.0008273326093330979,0.9827681183815002,uncertain,True
161830,2024-08,uncertain,2,0.020995598286390305,0.0043327705934643745,0.9746716618537903,uncertain,True
161831,2024-08,gov,0,0.7449150085449219,0.17811492085456848,0.07697006314992905,gov,True
161832,2024-08,gov,0,0.8284187316894531,0.15321281552314758,0.018368447199463844,gov,True
161833,2024-08,opo,1,0.4355102777481079,0.5313467383384705,0.03314296901226044,gov,True
161834,2024-08,opo,1,0.00824702251702547,0.9363932609558105,0.05535973981022835,opo,True
161837,2024-08,opo,1,0.04021015763282776,0.9565991163253784,0.0031907062511891127,opo,True
161839,2024-08,opo,1,0.03636009246110916,0.9623039960861206,0.0013359127333387733,opo,True
162547,2024-08,opo,1,0.01284254901111126,0.986486554145813,0.0006709137815050781,opo,True
162548,2024-08,uncertain,2,0.1737838238477707,0.1952664852142334,0.6309497356414795,gov,True
162549,2024-08,uncertain,2,0.06285464763641357,0.01913033239543438,0.9180150032043457,uncertain,True
162550,2024-08,opo,1,0.06220658868551254,0.9116353988647461,0.02615799568593502,opo,True
162551,2024-08,gov,0,0.41567808389663696,0.3136507570743561,0.27067112922668457,gov,True
162552,2024-08,opo,1,0.207967147231102,0.7478248476982117,0.04420800879597664,opo,True
162553,2024-08,opo,1,0.010982038453221321,0.9812012910842896,0.007816603407263756,opo,True
162554,2024-08,uncertain,2,0.009402166120707989,0.32664555311203003,0.6639523506164551,uncertain,True
162555,2024-08,opo,1,0.005738318897783756,0.9827935695648193,0.011468115262687206,opo,True
162556,2024-08,opo,1,0.015118720941245556,0.9809290766716003,0.003952252212911844,opo,True
162558,2024-08,opo,1,0.0022689844481647015,0.9976836442947388,4.730013824882917e-05,opo,True
162559,2024-08,opo,1,0.02450980618596077,0.9747751355171204,0.0007149803568609059,opo,True
163267,2024-08,opo,1,0.004028679803013802,0.9944398403167725,0.0015314770862460136,opo,True
163268,2024-08,uncertain,2,0.012665364891290665,0.1037321537733078,0.8836025595664978,uncertain,True
163269,2024-08,uncertain,2,0.0608668215572834,0.07633468508720398,0.8627985119819641,uncertain,True
163271,2024-08,gov,0,0.8428861498832703,0.007513131946325302,0.14960068464279175,gov,True
163272,2024-08,uncertain,2,0.019236981868743896,0.0009314290946349502,0.9798316359519958,uncertain,True
163274,2024-08,uncertain,2,0.006351463962346315,0.01983211189508438,0.9738163352012634,uncertain,True
163275,2024-08,uncertain,2,0.049548860639333725,0.02029470168054104,0.930156409740448,uncertain,True
163276,2024-08,uncertain,2,0.02807074971497059,0.014077071100473404,0.9578521847724915,uncertain,True
163278,2024-08,opo,1,0.01968170516192913,0.9786654114723206,0.0016528766136616468,opo,True
163988,2024-08,opo,1,0.041152119636535645,0.9426394701004028,0.016208462417125702,opo,True
163989,2024-08,gov,0,0.9735535979270935,0.015049471519887447,0.011396913789212704,gov,True
163992,2024-08,gov,0,0.9801242351531982,0.005269631277769804,0.014606175944209099,gov,True
163993,2024-08,uncertain,2,0.09521323442459106,0.004709259606897831,0.9000775218009949,uncertain,True
163996,2024-08,gov,0,0.918459951877594,0.014257866889238358,0.06728219985961914,gov,True
163998,2024-08,gov,0,0.9672612547874451,0.02897000126540661,0.0037688366137444973,gov,True
164709,2024-08,gov,0,0.9666727185249329,0.002928904490545392,0.03039848618209362,gov,True
164710,2024-08,gov,0,0.9988309741020203,0.0008352953009307384,0.0003337039961479604,gov,True
164711,2024-08,gov,0,0.917883574962616,0.08167524635791779,0.00044120618258602917,gov,True
164712,2024-08,gov,0,0.9847197532653809,0.014976833947002888,0.0003034958499483764,gov,True
164713,2024-08,gov,0,0.9507533311843872,0.010199242271482944,0.03904740884900093,gov,True
164714,2024-08,gov,0,0.8308779001235962,0.02400432527065277,0.14511774480342865,gov,True
164715,2024-08,opo,1,0.3666267693042755,0.43516039848327637,0.19821275770664215,gov,True
164716,2024-08,opo,1,0.04008198902010918,0.955623984336853,0.00429399311542511,opo,True
165430,2024-08,gov,0,0.9971511960029602,0.0023539995308965445,0.0004948607529513538,gov,True
165433,2024-08,gov,0,0.9649801254272461,0.016526971012353897,0.018492843955755234,gov,True
165435,2024-08,opo,1,0.03294972702860832,0.954526960849762,0.012523350305855274,opo,True
165436,2024-08,opo,1,0.012446249835193157,0.9869819283485413,0.000571827869862318,opo,True
166150,2024-08,gov,0,0.9904848337173462,0.006401399150490761,0.003113760147243738,gov,True
166152,2024-08,opo,1,0.02548559382557869,0.970683753490448,0.003830678528174758,opo,True
166154,2024-08,gov,0,0.9779196977615356,0.017720069736242294,0.004360196180641651,gov,True
166155,2024-08,gov,0,0.8699072599411011,0.09660781919956207,0.03348499536514282,gov,True
166156,2024-08,opo,1,0.06252378225326538,0.9363860487937927,0.0010901563800871372,opo,True
166157,2024-08,gov,0,0.8187965154647827,0.17414669692516327,0.007056788075715303,gov,True
166873,2024-08,opo,1,0.020894883200526237,0.9740696549415588,0.00503546791151166,opo,True
166876,2024-08,opo,1,0.16883565485477448,0.8236992955207825,0.0074650379829108715,opo,True
166877,2024-08,gov,0,0.8808414340019226,0.0855361744761467,0.033622413873672485,gov,True
167591,2024-08,gov,0,0.9797580242156982,0.009768215008080006,0.010473695583641529,gov,True
167592,2024-08,gov,0,0.9477539658546448,0.02348598837852478,0.02876010350883007,gov,True
167594,2024-08,gov,0,0.9375967979431152,0.0183147881180048,0.044088490307331085,gov,True
167597,2024-08,gov,0,0.7504594326019287,0.22716061770915985,0.02237996831536293,gov,True
168313,2024-08,gov,0,0.996240496635437,0.00037937439628876746,0.0033802115358412266,gov,True
168316,2024-08,opo,1,0.15473659336566925,0.834204912185669,0.011058419942855835,opo,True
169035,2024-08,gov,0,0.9728338122367859,0.011802956461906433,0.01536321546882391,gov,True
169036,2024-08,gov,0,0.9806450009346008,0.013426247984170914,0.005928855389356613,gov,True
169037,2024-08,gov,0,0.9889633655548096,0.003693775273859501,0.007342927157878876,gov,True
169756,2024-08,gov,0,0.9890217781066895,0.0031603591050952673,0.007817861624062061,gov,True
143838,2024-09,gov,0,0.9209955334663391,0.016287721693515778,0.06271668523550034,gov,True
145998,2024-09,gov,0,0.9293928742408752,0.03724690154194832,0.033360183238983154,gov,True
147437,2024-09,gov,0,0.9663328528404236,0.0134426886215806,0.020224474370479584,gov,True
147438,2024-09,gov,0,0.9172402620315552,0.012153000570833683,0.0706067830324173,gov,True
147439,2024-09,gov,0,0.868995189666748,0.00774659588932991,0.12325815856456757,gov,True
148158,2024-09,gov,0,0.8950983881950378,0.010617307387292385,0.0942843034863472,gov,True
149597,2024-09,uncertain,2,0.0829138234257698,0.005142006557434797,0.9119442105293274,uncertain,True
150307,2024-09,gov,0,0.9581040143966675,0.007263855077326298,0.03463210538029671,gov,True
150317,2024-09,gov,0,0.7946071624755859,0.020733360201120377,0.1846594363451004,gov,True
151756,2024-09,gov,0,0.9271952509880066,0.016720451414585114,0.056084323674440384,gov,True
151757,2024-09,uncertain,2,0.12503741681575775,0.00942396279424429,0.8655385971069336,uncertain,True
152476,2024-09,gov,0,0.9918572902679443,0.0030017048120498657,0.00514103751629591,gov,True
153190,2024-09,gov,0,0.9434154033660889,0.010907263495028019,0.04567733034491539,gov,True
153191,2024-09,gov,0,0.9290564656257629,0.00746469059959054,0.06347886472940445,gov,True
153192,2024-09,gov,0,0.9223583936691284,0.0032284646295011044,0.07441310584545135,gov,True
153193,2024-09,gov,0,0.9667338728904724,0.004567176569253206,0.028698911890387535,gov,True
153196,2024-09,gov,0,0.9584493041038513,0.013292861171066761,0.02825784496963024,gov,True
153197,2024-09,uncertain,2,0.09764771163463593,0.004368073306977749,0.8979841470718384,uncertain,True
153910,2024-09,gov,0,0.9681747555732727,0.0059751649387180805,0.02585011161863804,gov,True
153911,2024-09,gov,0,0.9693584442138672,0.005504003260284662,0.025137603282928467,gov,True
153912,2024-09,gov,0,0.9514927864074707,0.0052929772064089775,0.04321427643299103,gov,True
153913,2024-09,gov,0,0.9913785457611084,0.0008879623492248356,0.007733386941254139,gov,True
153914,2024-09,gov,0,0.9952055215835571,0.001517541822977364,0.0032769760582596064,gov,True
153915,2024-09,gov,0,0.9767153859138489,0.01250667218118906,0.010777909308671951,gov,True
153916,2024-09,gov,0,0.9770722389221191,0.010480405762791634,0.012447350658476353,gov,True
153917,2024-09,gov,0,0.9143887758255005,0.012614605948328972,0.07299672067165375,gov,True
153918,2024-09,gov,0,0.9413808584213257,0.030934082344174385,0.027685098350048065,gov,True
154630,2024-09,gov,0,0.9907001852989197,0.0037789405323565006,0.005520877428352833,gov,True
154631,2024-09,gov,0,0.9920823574066162,0.002877939958125353,0.005039634183049202,gov,True
154632,2024-09,gov,0,0.9905106425285339,0.0011748495744541287,0.00831441767513752,gov,True
154633,2024-09,gov,0,0.9947916269302368,0.0011748496908694506,0.004033513832837343,gov,True
154634,2024-09,gov,0,0.9958773851394653,0.002586477668955922,0.0015361143741756678,gov,True
154635,2024-09,gov,0,0.9869471788406372,0.007292103487998247,0.005760672967880964,gov,True
154636,2024-09,gov,0,0.9806215167045593,0.007185246329754591,0.012193323113024235,gov,True
155350,2024-09,gov,0,0.9403802156448364,0.043735869228839874,0.015883920714259148,gov,True
155351,2024-09,gov,0,0.9876912832260132,0.004200098104774952,0.008108704350888729,gov,True
155352,2024-09,gov,0,0.9691486954689026,0.008356906473636627,0.022494496777653694,gov,True
155354,2024-09,gov,0,0.9756211042404175,0.0038808523677289486,0.020498020574450493,gov,True
156069,2024-09,opo,1,0.17522947490215302,0.8094163537025452,0.015354142524302006,opo,True
156071,2024-09,gov,0,0.9904618859291077,0.007125937379896641,0.002412224654108286,gov,True
156072,2024-09,gov,0,0.9832419157028198,0.006218916270881891,0.010539183393120766,gov,True
156073,2024-09,gov,0,0.984807014465332,0.002051645889878273,0.013141370378434658,gov,True
156074,2024-09,gov,0,0.9491663575172424,0.012255328707396984,0.038578249514102936,gov,True
156075,2024-09,uncertain,2,0.05012816563248634,0.03385845571756363,0.9160134196281433,uncertain,True
156788,2024-09,gov,0,0.9528716802597046,0.021193571388721466,0.025934722274541855,gov,True
156789,2024-09,opo,1,0.44025880098342896,0.5279271602630615,0.03181401267647743,gov,True
156791,2024-09,gov,0,0.9899889230728149,0.007246337365359068,0.0027647700626403093,gov,True
156792,2024-09,gov,0,0.9910852313041687,0.0005720435292460024,0.008342698216438293,gov,True
156793,2024-09,gov,0,0.9511580467224121,0.00030409780447371304,0.04853785037994385,gov,True
156794,2024-09,gov,0,0.9751191735267639,0.012708107009530067,0.012172766961157322,gov,True
156795,2024-09,opo,1,0.022154854610562325,0.9335017204284668,0.044343430548906326,opo,True
156796,2024-09,opo,1,0.016243048012256622,0.9805934429168701,0.0031635668128728867,opo,True
157508,2024-09,gov,0,0.935084879398346,0.020942049100995064,0.04397306963801384,gov,True
157509,2024-09,opo,1,0.2660558819770813,0.7198646068572998,0.01407951582223177,opo,True
157510,2024-09,gov,0,0.8594335913658142,0.11444264650344849,0.026123762130737305,gov,True
157511,2024-09,gov,0,0.9492606520652771,0.02868868224322796,0.02205059491097927,gov,True
157513,2024-09,uncertain,2,0.1138763576745987,0.0008159489370882511,0.885307788848877,uncertain,True
157514,2024-09,gov,0,0.7909296751022339,0.007285711355507374,0.2017846554517746,gov,True
157515,2024-09,uncertain,2,0.035836361348629,0.07013397663831711,0.8940295577049255,uncertain,True
158229,2024-09,gov,0,0.6149522662162781,0.2676173746585846,0.11743035167455673,gov,True
158231,2024-09,gov,0,0.9901723861694336,0.0014726935187354684,0.008354946970939636,gov,True
158233,2024-09,gov,0,0.9370428323745728,0.000993986614048481,0.06196326017379761,gov,True
158235,2024-09,opo,1,0.08698256313800812,0.9007546901702881,0.012262734584510326,opo,True
158236,2024-09,opo,1,0.028435273095965385,0.9669132828712463,0.004651399329304695,opo,True
158237,2024-09,opo,1,0.13693979382514954,0.8574731349945068,0.005587090738117695,opo,True
158238,2024-09,gov,0,0.9729035496711731,0.02283748984336853,0.0042589884251356125,gov,True
158946,2024-09,gov,0,0.8966240286827087,0.07361683994531631,0.029759138822555542,gov,True
158947,2024-09,opo,1,0.039703112095594406,0.9542496204376221,0.006047229748219252,opo,True
158949,2024-09,gov,0,0.8828006386756897,0.0745530053973198,0.04264632612466812,gov,True
158950,2024-09,gov,0,0.9884932637214661,0.0014629686484113336,0.010043734684586525,gov,True
158951,2024-09,gov,0,0.9865899085998535,0.001295297173783183,0.012114830315113068,gov,True
158952,2024-09,gov,0,0.9072709083557129,0.001732352888211608,0.09099671244621277,gov,True
158953,2024-09,gov,0,0.9113619327545166,0.0045669046230614185,0.08407120406627655,gov,True
158954,2024-09,gov,0,0.9662283658981323,0.020851517096161842,0.012920158915221691,gov,True
158955,2024-09,gov,0,0.9675530791282654,0.030481131747364998,0.0019657511729747057,gov,True
158956,2024-09,gov,0,0.9767518043518066,0.02132539637386799,0.0019228419987484813,gov,True
158957,2024-09,gov,0,0.9925488233566284,0.00598101643845439,0.0014701334293931723,gov,True
158958,2024-09,gov,0,0.9942796230316162,0.004262160509824753,0.0014582043513655663,gov,True
158960,2024-09,gov,0,0.9600814580917358,0.009608586318790913,0.03030990995466709,gov,True
159665,2024-09,uncertain,2,0.03779364377260208,0.14795371890068054,0.8142526745796204,uncertain,True
159666,2024-09,opo,1,0.004744621925055981,0.9910795092582703,0.004175814799964428,opo,True
159667,2024-09,opo,1,0.000152229520608671,0.9996298551559448,0.00021794020722154528,opo,True
159668,2024-09,opo,1,0.04940914362668991,0.9475095272064209,0.0030813333578407764,opo,True
159670,2024-09,gov,0,0.9238768815994263,0.0008409591391682625,0.07528208941221237,gov,True
159671,2024-09,gov,0,0.9919633865356445,0.0005862228572368622,0.007450378965586424,gov,True
159672,2024-09,gov,0,0.9977625608444214,0.00044328722287900746,0.0017941707046702504,gov,True
159673,2024-09,gov,0,0.9974242448806763,0.0006397540564648807,0.0019359844736754894,gov,True
159674,2024-09,gov,0,0.9977840781211853,0.0011185643961653113,0.0010974298929795623,gov,True
159675,2024-09,gov,0,0.9910763502120972,0.00516557926312089,0.0037580940406769514,gov,True
159676,2024-09,gov,0,0.9905616641044617,0.007628381252288818,0.0018100315937772393,gov,True
159679,2024-09,gov,0,0.9901484251022339,0.006005255971103907,0.0038462786469608545,gov,True
159680,2024-09,gov,0,0.959248960018158,0.015116152353584766,0.025634998455643654,gov,True
160386,2024-09,opo,1,0.020604247227311134,0.9762189984321594,0.0031766993924975395,opo,True
160388,2024-09,opo,1,0.32107430696487427,0.4596528112888336,0.21927285194396973,gov,True
160389,2024-09,uncertain,2,0.019384803250432014,0.007575497031211853,0.9730396866798401,uncertain,True
160390,2024-09,uncertain,2,0.0016877055168151855,0.0006825720192864537,0.9976297616958618,uncertain,True
160391,2024-09,uncertain,2,0.10686752945184708,0.06204479932785034,0.8310877084732056,uncertain,True
160392,2024-09,gov,0,0.9877830147743225,0.004201056901365519,0.008015930652618408,gov,True
160393,2024-09,gov,0,0.9862198829650879,0.005265204235911369,0.008514916524291039,gov,True
160394,2024-09,gov,0,0.979407548904419,0.001793535309843719,0.01879890449345112,gov,True
160396,2024-09,gov,0,0.9834407567977905,0.011405142024159431,0.0051540774293243885,gov,True
160397,2024-09,gov,0,0.9894410371780396,0.0069658574648201466,0.0035931854508817196,gov,True
160399,2024-09,gov,0,0.9902211427688599,0.004067220725119114,0.005711623001843691,gov,True
160400,2024-09,gov,0,0.9724735021591187,0.009415250271558762,0.01811130717396736,gov,True
161107,2024-09,opo,1,0.0372951440513134,0.953209400177002,0.009495384991168976,opo,True
161109,2024-09,uncertain,2,0.0077476841397583485,0.00043664113036356866,0.9918156266212463,uncertain,True
161110,2024-09,uncertain,2,0.07015784829854965,0.007702362723648548,0.9221397042274475,uncertain,True
161111,2024-09,gov,0,0.8612604737281799,0.07618294656276703,0.06255658715963364,gov,True
161112,2024-09,gov,0,0.9838885068893433,0.015103960409760475,0.0010075492318719625,gov,True
161113,2024-09,gov,0,0.9895526766777039,0.0021983443293720484,0.008248945698142052,gov,True
161116,2024-09,gov,0,0.9890499114990234,0.001361885224469006,0.009588225744664669,gov,True
161117,2024-09,gov,0,0.9532952308654785,0.022037144750356674,0.02466762438416481,gov,True
161118,2024-09,gov,0,0.927491307258606,0.03212278336286545,0.04038580507040024,gov,True
161119,2024-09,gov,0,0.9577305912971497,0.02437092363834381,0.017898498103022575,gov,True
161120,2024-09,gov,0,0.9579309225082397,0.015062905848026276,0.02700616978108883,gov,True
161827,2024-09,opo,1,0.022388016805052757,0.9728487133979797,0.004763287026435137,opo,True
161829,2024-09,uncertain,2,0.002578503219410777,0.0021659950725734234,0.9952555298805237,uncertain,True
161830,2024-09,uncertain,2,0.012573666870594025,0.006230598781257868,0.9811956882476807,uncertain,True
161831,2024-09,gov,0,0.8365514278411865,0.030970770865678787,0.1324777752161026,gov,True
161832,2024-09,gov,0,0.9489775896072388,0.04249110817909241,0.008531211875379086,gov,True
161833,2024-09,gov,0,0.7440928816795349,0.17627955973148346,0.07962751388549805,gov,True
161834,2024-09,uncertain,2,0.0226973295211792,0.12354293465614319,0.853759765625,uncertain,True
161837,2024-09,opo,1,0.03711758553981781,0.9536750912666321,0.009207338094711304,opo,True
161839,2024-09,opo,1,0.034036800265312195,0.9649608135223389,0.0010023775976151228,opo,True
162547,2024-09,opo,1,0.04082757979631424,0.9559710621833801,0.0032013142481446266,opo,True
162548,2024-09,uncertain,2,0.1607089787721634,0.15050575137138367,0.6887853145599365,gov,True
162549,2024-09,uncertain,2,0.022646047174930573,0.0856437087059021,0.8917102217674255,uncertain,True
162550,2024-09,opo,1,0.05656726285815239,0.9113856554031372,0.03204704821109772,opo,True
162551,2024-09,gov,0,0.9314693212509155,0.047365061938762665,0.02116561494767666,gov,True
162552,2024-09,gov,0,0.9069848656654358,0.08184952288866043,0.011165519244968891,gov,True
162553,2024-09,opo,1,0.0975663959980011,0.8915860652923584,0.010847527533769608,opo,True
162554,2024-09,uncertain,2,0.008890845812857151,0.14380639791488647,0.8473027348518372,uncertain,True
162555,2024-09,opo,1,0.009356719441711903,0.9476538300514221,0.04298946261405945,opo,True
162556,2024-09,opo,1,0.11476082354784012,0.8799296617507935,0.005309466738253832,gov,True
162558,2024-09,opo,1,0.001498613622970879,0.998399555683136,0.00010184892744291574,opo,True
162559,2024-09,opo,1,0.01845640502870083,0.9806137084960938,0.0009299056837335229,opo,True
163267,2024-09,opo,1,0.043722886592149734,0.9482327103614807,0.008044389076530933,opo,True
163268,2024-09,uncertain,2,0.018694838508963585,0.05895953252911568,0.9223456382751465,uncertain,True
163269,2024-09,uncertain,2,0.04089812934398651,0.055686138570308685,0.9034157395362854,uncertain,True
163271,2024-09,gov,0,0.9898041486740112,0.0020121915731579065,0.008183756843209267,gov,True
163272,2024-09,uncertain,2,0.1663980782032013,0.0014107530005276203,0.8321911096572876,uncertain,True
163274,2024-09,uncertain,2,0.009270845912396908,0.013213494792580605,0.9775157570838928,uncertain,True
163275,2024-09,uncertain,2,0.004681966733187437,0.0026714021805673838,0.9926466941833496,uncertain,True
163276,2024-09,uncertain,2,0.04368260130286217,0.0069322409108281136,0.9493851661682129,uncertain,True
163278,2024-09,opo,1,0.042314790189266205,0.9556683301925659,0.0020169110503047705,opo,True
163988,2024-09,opo,1,0.1029125452041626,0.8625929951667786,0.03449452295899391,opo,True
163989,2024-09,gov,0,0.9478225708007812,0.042698778212070465,0.009478614665567875,gov,True
163992,2024-09,gov,0,0.9900740385055542,0.003283292753621936,0.00664277421310544,gov,True
163993,2024-09,uncertain,2,0.13636371493339539,0.025719650089740753,0.8379166126251221,uncertain,True
163996,2024-09,gov,0,0.9573948979377747,0.008230194449424744,0.034374937415122986,gov,True
163998,2024-09,gov,0,0.986485481262207,0.011447589844465256,0.0020669519435614347,gov,True
164709,2024-09,gov,0,0.9665108919143677,0.004825890064239502,0.028663260862231255,gov,True
164710,2024-09,gov,0,0.9971388578414917,0.002378038829192519,0.0004830830148421228,gov,True
164711,2024-09,gov,0,0.8861980438232422,0.11166535317897797,0.0021366376895457506,gov,True
164712,2024-09,gov,0,0.956045925617218,0.0437018908560276,0.000252269150223583,gov,True
164713,2024-09,gov,0,0.8674276471138,0.08503923565149307,0.04753308370709419,gov,True
164714,2024-09,gov,0,0.806046187877655,0.04769826680421829,0.14625556766986847,gov,True
164715,2024-09,opo,1,0.38831454515457153,0.5560934543609619,0.055591993033885956,gov,True
164716,2024-09,opo,1,0.02291155979037285,0.9743162989616394,0.0027721626684069633,opo,True
165430,2024-09,gov,0,0.9956902861595154,0.002042891923338175,0.0022667900193482637,gov,True
165433,2024-09,gov,0,0.8879072666168213,0.0944429263472557,0.01764979213476181,gov,True
165435,2024-09,opo,1,0.020628558471798897,0.9737868309020996,0.005584630183875561,opo,True
165436,2024-09,opo,1,0.011434584856033325,0.9883708953857422,0.00019455670553725213,opo,True
166150,2024-09,gov,0,0.9787308573722839,0.010349530726671219,0.0109196612611413,gov,True
166152,2024-09,opo,1,0.06373728811740875,0.9303330183029175,0.0059297410771250725,opo,True
166154,2024-09,gov,0,0.9862989783287048,0.001968184718862176,0.011732841841876507,gov,True
166155,2024-09,gov,0,0.8412546515464783,0.0887056514620781,0.07003965228796005,gov,True
166156,2024-09,opo,1,0.06276393681764603,0.9325907230377197,0.0046453410759568214,opo,True
166157,2024-09,gov,0,0.7311788201332092,0.2575210928916931,0.01130001898854971,gov,True
166873,2024-09,gov,0,0.8183684349060059,0.09557414054870605,0.08605742454528809,gov,True
166876,2024-09,opo,1,0.07274158298969269,0.9103094339370728,0.016948983073234558,opo,True
166877,2024-09,gov,0,0.7810932993888855,0.1913870871067047,0.027519654482603073,gov,True
167591,2024-09,gov,0,0.965016782283783,0.00509654963389039,0.029886644333600998,gov,True
167592,2024-09,gov,0,0.9869658946990967,0.0015960244927555323,0.01143814530223608,gov,True
167594,2024-09,gov,0,0.9843147397041321,0.0007576110656373203,0.01492761168628931,gov,True
167597,2024-09,gov,0,0.6927807331085205,0.27660518884658813,0.030614104121923447,gov,True
168313,2024-09,gov,0,0.9964016675949097,0.0007139010704122484,0.0028845134656876326,gov,True
168316,2024-09,opo,1,0.04653992876410484,0.9456893801689148,0.0077706603333354,opo,True
169035,2024-09,gov,0,0.9860353469848633,0.005013377871364355,0.008951212279498577,gov,True
169036,2024-09,gov,0,0.9799256920814514,0.014865032397210598,0.005209330935031176,gov,True
169037,2024-09,gov,0,0.9785417914390564,0.00682433508336544,0.014633923768997192,gov,True
169756,2024-09,gov,0,0.9913444519042969,0.0017702084733173251,0.00688537722453475,gov,True
143838,2024-10,gov,0,0.9163786172866821,0.01770562119781971,0.06591571867465973,gov,True
145998,2024-10,gov,0,0.966293454170227,0.0190888699144125,0.014617600478231907,gov,True
147437,2024-10,gov,0,0.9803221821784973,0.0045954640954732895,0.015082437545061111,gov,True
147438,2024-10,gov,0,0.9793703556060791,0.00715909618884325,0.013470485806465149,gov,True
147439,2024-10,gov,0,0.965796709060669,0.00569201959297061,0.02851122058928013,gov,True
148158,2024-10,gov,0,0.9292547106742859,0.033490851521492004,0.0372544564306736,gov,True
149597,2024-10,uncertain,2,0.019392196089029312,0.005936533212661743,0.9746713042259216,uncertain,True
150307,2024-10,gov,0,0.9508252143859863,0.004385074600577354,0.044789738953113556,gov,True
150317,2024-10,gov,0,0.8280678987503052,0.030786925926804543,0.14114518463611603,gov,True
151756,2024-10,gov,0,0.9434767961502075,0.005251406691968441,0.05127176269888878,gov,True
151757,2024-10,uncertain,2,0.041814714670181274,0.000831286539323628,0.9573540687561035,uncertain,True
152476,2024-10,gov,0,0.9970000386238098,0.0007719850982539356,0.0022279368713498116,gov,True
153190,2024-10,gov,0,0.9337839484214783,0.007031074725091457,0.05918506532907486,gov,True
153191,2024-10,gov,0,0.8848997354507446,0.009425505064427853,0.10567476600408554,gov,True
153192,2024-10,gov,0,0.9307374358177185,0.004175520036369562,0.06508713215589523,gov,True
153193,2024-10,gov,0,0.9825771450996399,0.003720036009326577,0.013702798634767532,gov,True
153196,2024-10,gov,0,0.9681835174560547,0.0021653855219483376,0.029651222750544548,gov,True
153197,2024-10,uncertain,2,0.011454368941485882,0.0005515703815035522,0.9879940748214722,uncertain,True
153910,2024-10,gov,0,0.9452492594718933,0.003926003817468882,0.05082473158836365,gov,True
153911,2024-10,gov,0,0.9312238693237305,0.014348511584103107,0.0544276088476181,gov,True
153912,2024-10,gov,0,0.9484689831733704,0.007050789427012205,0.04448017105460167,gov,True
153913,2024-10,gov,0,0.9935097098350525,0.00110863137524575,0.005381621886044741,gov,True
153914,2024-10,gov,0,0.990152895450592,0.0032230401411652565,0.006624055560678244,gov,True
153915,2024-10,gov,0,0.9818555116653442,0.012786192819476128,0.005358321126550436,gov,True
153916,2024-10,gov,0,0.9410141706466675,0.04443368315696716,0.014552142471075058,gov,True
153917,2024-10,gov,0,0.7802781462669373,0.0988290011882782,0.12089282274246216,gov,True
153918,2024-10,gov,0,0.5675017833709717,0.3922174274921417,0.04028080031275749,opo,True
154630,2024-10,gov,0,0.9910517334938049,0.004702025558799505,0.004246166441589594,gov,True
154631,2024-10,gov,0,0.9808789491653442,0.008141821250319481,0.010979248210787773,gov,True
154632,2024-10,gov,0,0.9926260113716125,0.0013663506833836436,0.006007615942507982,gov,True
154633,2024-10,gov,0,0.9902219772338867,0.002046369481831789,0.007731591816991568,gov,True
154634,2024-10,gov,0,0.9930227994918823,0.003168198512867093,0.003808876732364297,gov,True
154635,2024-10,gov,0,0.9790760278701782,0.010034594684839249,0.010889407247304916,gov,True
154636,2024-10,gov,0,0.9776697754859924,0.014978952705860138,0.007351221051067114,gov,True
155350,2024-10,gov,0,0.7293139100074768,0.25811055302619934,0.01257561519742012,gov,True
155351,2024-10,gov,0,0.9702881574630737,0.011853180825710297,0.01785871759057045,gov,True
155352,2024-10,gov,0,0.9825404286384583,0.0068382383324205875,0.010621242225170135,gov,True
155354,2024-10,gov,0,0.9287524223327637,0.0054415869526565075,0.06580600142478943,gov,True
156069,2024-10,opo,1,0.17632165551185608,0.8154298067092896,0.008248534053564072,opo,True
156071,2024-10,gov,0,0.9927379488945007,0.005106976255774498,0.002155056456103921,gov,True
156072,2024-10,gov,0,0.982945442199707,0.009537879377603531,0.007516603451222181,gov,True
156073,2024-10,gov,0,0.9904295206069946,0.005666646175086498,0.0039038360118865967,gov,True
156074,2024-10,gov,0,0.9486680030822754,0.00989076029509306,0.04144125431776047,gov,True
156075,2024-10,uncertain,2,0.024680905044078827,0.010742469690740108,0.9645766019821167,uncertain,True
156788,2024-10,gov,0,0.9891764521598816,0.005781166721135378,0.005042312666773796,gov,True
156789,2024-10,opo,1,0.37794074416160583,0.6082548499107361,0.013804434798657894,gov,True
156791,2024-10,gov,0,0.9949104189872742,0.002564632799476385,0.0025249780155718327,gov,True
156792,2024-10,gov,0,0.982344925403595,0.0006897380808368325,0.016965307295322418,gov,True
156793,2024-10,gov,0,0.984408438205719,0.00039037500391714275,0.015201169066131115,gov,True
156794,2024-10,gov,0,0.9878232479095459,0.008358977735042572,0.0038176814559847116,gov,True
156795,2024-10,opo,1,0.015376207418739796,0.915108859539032,0.06951496005058289,opo,True
156796,2024-10,opo,1,0.011899642646312714,0.9850292801856995,0.0030710501596331596,opo,True
157508,2024-10,gov,0,0.9657914042472839,0.026018114760518074,0.008190524764358997,gov,True
157509,2024-10,opo,1,0.1392667293548584,0.8562284708023071,0.004504813347011805,opo,True
157510,2024-10,gov,0,0.8771030306816101,0.10486634075641632,0.018030676990747452,gov,True
157511,2024-10,gov,0,0.9555612802505493,0.028792450204491615,0.015646278858184814,gov,True
157513,2024-10,uncertain,2,0.04667748883366585,0.0005088022444397211,0.9528136849403381,uncertain,True
157514,2024-10,gov,0,0.8938446640968323,0.008218223229050636,0.09793704748153687,gov,True
157515,2024-10,uncertain,2,0.019591761752963066,0.06764582544565201,0.9127624034881592,uncertain,True
158229,2024-10,opo,1,0.19487054646015167,0.7481451630592346,0.0569843128323555,opo,True
158231,2024-10,gov,0,0.991955578327179,0.0021553784608840942,0.005889059044420719,gov,True
158233,2024-10,gov,0,0.9687698483467102,0.0002739610499702394,0.030956188216805458,gov,True
158235,2024-10,opo,1,0.0604989267885685,0.933961808681488,0.005539251025766134,opo,True
158236,2024-10,opo,1,0.008706239983439445,0.9901572465896606,0.0011365829268470407,opo,True
158237,2024-10,opo,1,0.061340369284152985,0.9316598176956177,0.006999857258051634,opo,True
158238,2024-10,gov,0,0.9689929485321045,0.01829257234930992,0.012714513577520847,gov,True
158946,2024-10,gov,0,0.8341277837753296,0.08763664215803146,0.07823558151721954,gov,True
158947,2024-10,opo,1,0.025067420676350594,0.9689083695411682,0.006024189759045839,opo,True
158949,2024-10,gov,0,0.8774623870849609,0.06740223616361618,0.05513530224561691,gov,True
158950,2024-10,gov,0,0.9785922169685364,0.00152690673712641,0.019880900159478188,gov,True
158951,2024-10,gov,0,0.9930368065834045,0.002087470144033432,0.0048757027834653854,gov,True
158952,2024-10,gov,0,0.9657291173934937,0.0022843354381620884,0.03198656439781189,gov,True
158953,2024-10,gov,0,0.9695333242416382,0.0028583332896232605,0.0276083592325449,gov,True
158954,2024-10,gov,0,0.9615393877029419,0.029741201549768448,0.008719365112483501,gov,True
158955,2024-10,gov,0,0.9147061109542847,0.08150408416986465,0.0037897895090281963,gov,True
158956,2024-10,gov,0,0.9611755013465881,0.03758770227432251,0.001236813492141664,gov,True
158957,2024-10,gov,0,0.9929699301719666,0.006411755923181772,0.0006182449869811535,gov,True
158958,2024-10,gov,0,0.9840817451477051,0.013434803113341331,0.0024835006333887577,gov,True
158960,2024-10,gov,0,0.9543727040290833,0.014206069521605968,0.03142130374908447,gov,True
159665,2024-10,uncertain,2,0.08145485073328018,0.16989818215370178,0.7486469149589539,uncertain,True
159666,2024-10,opo,1,0.007445112802088261,0.9867283701896667,0.005826537497341633,opo,True
159667,2024-10,opo,1,0.00024197080347221345,0.9996634721755981,9.461572335567325e-05,opo,True
159668,2024-10,opo,1,0.02096541039645672,0.9770740866661072,0.00196053390391171,opo,True
159670,2024-10,gov,0,0.8793651461601257,0.00031741955899633467,0.12031741440296173,gov,True
159671,2024-10,gov,0,0.9936501383781433,0.0013144186232239008,0.005035400856286287,gov,True
159672,2024-10,gov,0,0.9978132247924805,0.0007928671548143029,0.001393897458910942,gov,True
159673,2024-10,gov,0,0.9978468418121338,0.0009771594777703285,0.001175984158180654,gov,True
159674,2024-10,gov,0,0.9972667694091797,0.0013271532952785492,0.0014061341062188148,gov,True
159675,2024-10,gov,0,0.9872673153877258,0.008641714230179787,0.004090932663530111,gov,True
159676,2024-10,gov,0,0.9855656027793884,0.01196399424225092,0.0024704125244170427,gov,True
159679,2024-10,gov,0,0.964652419090271,0.020667986944317818,0.014679504558444023,gov,True
159680,2024-10,gov,0,0.8866783976554871,0.030139442533254623,0.08318212628364563,gov,True
160386,2024-10,opo,1,0.02668788656592369,0.9693644046783447,0.003947773016989231,opo,True
160388,2024-10,opo,1,0.3461794853210449,0.5647437572479248,0.08907680213451385,gov,True
160389,2024-10,uncertain,2,0.019277451559901237,0.00918584130704403,0.9715366363525391,uncertain,True
160390,2024-10,uncertain,2,0.0030824332498013973,0.00032129217288456857,0.9965962767601013,uncertain,True
160391,2024-10,uncertain,2,0.22737450897693634,0.1036795824766159,0.668945848941803,uncertain,True
160392,2024-10,gov,0,0.9912109375,0.0025157833006232977,0.006273266393691301,gov,True
160393,2024-10,gov,0,0.9827940464019775,0.006716200150549412,0.010489720851182938,gov,True
160394,2024-10,gov,0,0.9753564596176147,0.003488645888864994,0.021154962480068207,gov,True
160396,2024-10,gov,0,0.997684121131897,0.0007457959582097828,0.0015699882060289383,gov,True
160397,2024-10,gov,0,0.9936700463294983,0.004178964998573065,0.0021510738879442215,gov,True
160399,2024-10,gov,0,0.9852200746536255,0.0050971959717571735,0.009682700037956238,gov,True
160400,2024-10,gov,0,0.9569477438926697,0.015609337948262691,0.027442889288067818,gov,True
161107,2024-10,opo,1,0.008935334160923958,0.9878673553466797,0.003197338664904237,opo,True
161109,2024-10,uncertain,2,0.005085489246994257,0.0002518206893000752,0.9946626424789429,uncertain,True
161110,2024-10,uncertain,2,0.08770053088665009,0.0029466471169143915,0.9093528389930725,uncertain,True
161111,2024-10,gov,0,0.9776221513748169,0.015123018994927406,0.007254788652062416,gov,True
161112,2024-10,gov,0,0.9983709454536438,0.0006501819007098675,0.0009788882452994585,gov,True
161113,2024-10,gov,0,0.9952536821365356,0.0006933576660230756,0.004053009208291769,gov,True
161116,2024-10,gov,0,0.9874080419540405,0.0001693825179245323,0.012422582134604454,gov,True
161117,2024-10,gov,0,0.9683110117912292,0.007643704768270254,0.0240453090518713,gov,True
161118,2024-10,gov,0,0.8914205431938171,0.0795370414853096,0.02904236875474453,gov,True
161119,2024-10,gov,0,0.9606167674064636,0.02909664809703827,0.010286652483046055,gov,True
161120,2024-10,gov,0,0.9704266786575317,0.015337330289185047,0.0142359659075737,gov,True
161827,2024-10,opo,1,0.011746000498533249,0.986375093460083,0.0018788797315210104,opo,True
161829,2024-10,uncertain,2,0.00843039806932211,0.0012206978863105178,0.9903489351272583,uncertain,True
161830,2024-10,uncertain,2,0.018062222748994827,0.002686551306396723,0.9792512655258179,uncertain,True
161831,2024-10,gov,0,0.881127119064331,0.05399017408490181,0.06488267332315445,gov,True
161832,2024-10,gov,0,0.9499274492263794,0.03569512441754341,0.014377480372786522,gov,True
161833,2024-10,gov,0,0.8582303524017334,0.06693639606237411,0.0748332291841507,gov,True
161834,2024-10,uncertain,2,0.007245349697768688,0.12014322727918625,0.872611403465271,uncertain,True
161837,2024-10,opo,1,0.047267526388168335,0.9285684823989868,0.02416400983929634,opo,True
161839,2024-10,opo,1,0.016906213015317917,0.9824787378311157,0.0006150532281026244,opo,True
162547,2024-10,opo,1,0.05504729226231575,0.9429827928543091,0.0019699260592460632,opo,True
162548,2024-10,uncertain,2,0.16695564985275269,0.11696473509073257,0.716079592704773,gov,True
162549,2024-10,uncertain,2,0.03384054824709892,0.020041843876242638,0.946117639541626,uncertain,True
162550,2024-10,opo,1,0.062360044568777084,0.8984364867210388,0.039203424006700516,opo,True
162551,2024-10,gov,0,0.6857731938362122,0.23583774268627167,0.07838904112577438,gov,True
162552,2024-10,gov,0,0.7795447707176208,0.19330385327339172,0.027151307091116905,gov,True
162553,2024-10,opo,1,0.11440034955739975,0.8370356559753418,0.048564035445451736,opo,True
162554,2024-10,uncertain,2,0.003513539442792535,0.05843132361769676,0.938055157661438,uncertain,True
162555,2024-10,opo,1,0.019147474318742752,0.9116155505180359,0.06923691183328629,opo,True
162556,2024-10,opo,1,0.3613351881504059,0.6237432956695557,0.014921522699296474,gov,True
162558,2024-10,opo,1,0.0006593550788238645,0.9992801547050476,6.0477635997813195e-05,opo,True
162559,2024-10,opo,1,0.01006848644465208,0.9895732998847961,0.0003582575300242752,opo,True
163267,2024-10,opo,1,0.03374902158975601,0.9577391147613525,0.008511843159794807,opo,True
163268,2024-10,uncertain,2,0.016726411879062653,0.035296838730573654,0.94797682762146,uncertain,True
163269,2024-10,uncertain,2,0.03188653662800789,0.022575512528419495,0.9455379843711853,uncertain,True
163271,2024-10,gov,0,0.9406149387359619,0.0036941617727279663,0.05569089949131012,gov,True
163272,2024-10,uncertain,2,0.022048037499189377,0.000523801427334547,0.9774282574653625,uncertain,True
163274,2024-10,uncertain,2,0.013604582287371159,0.027397023513913155,0.9589983820915222,uncertain,True
163275,2024-10,uncertain,2,0.014563974924385548,0.007755206432193518,0.9776806831359863,uncertain,True
163276,2024-10,uncertain,2,0.03508801385760307,0.002025846391916275,0.9628860950469971,uncertain,True
163278,2024-10,opo,1,0.015617314726114273,0.9827995300292969,0.0015831748023629189,opo,True
163988,2024-10,opo,1,0.03602373227477074,0.9539988040924072,0.009977475740015507,opo,True
163989,2024-10,gov,0,0.9510266780853271,0.042243409901857376,0.006729895249009132,gov,True
163992,2024-10,gov,0,0.9934878349304199,0.0042151836678385735,0.002297001425176859,gov,True
163993,2024-10,uncertain,2,0.3522198498249054,0.07616739720106125,0.5716127753257751,uncertain,True
163996,2024-10,gov,0,0.8943494558334351,0.005367234814912081,0.10028330236673355,gov,True
163998,2024-10,gov,0,0.9533016085624695,0.043692074716091156,0.0030062920413911343,gov,True
164709,2024-10,gov,0,0.9862449765205383,0.007497068960219622,0.006257981061935425,gov,True
164710,2024-10,gov,0,0.9874304533004761,0.012259711511433125,0.00030977220740169287,gov,True
164711,2024-10,opo,1,0.2395196110010147,0.7597344517707825,0.0007458946784026921,opo,True
164712,2024-10,gov,0,0.9673267006874084,0.032517511397600174,0.00015581553452648222,gov,True
164713,2024-10,gov,0,0.9785909652709961,0.009633182547986507,0.011775882914662361,gov,True
164714,2024-10,gov,0,0.9027810096740723,0.010518666356801987,0.08670024573802948,gov,True
164715,2024-10,gov,0,0.6045328378677368,0.34731942415237427,0.048147644847631454,gov,True
164716,2024-10,opo,1,0.06091815605759621,0.9329334497451782,0.006148467771708965,opo,True
165430,2024-10,gov,0,0.9878947138786316,0.0038816744927316904,0.008223571814596653,gov,True
165433,2024-10,gov,0,0.986473798751831,0.011469495482742786,0.0020567812025547028,gov,True
165435,2024-10,opo,1,0.005802848841995001,0.9916480779647827,0.0025491188280284405,opo,True
165436,2024-10,opo,1,0.005909793544560671,0.9938981533050537,0.00019205852004233748,opo,True
166150,2024-10,gov,0,0.9810242652893066,0.008803015574812889,0.01017279177904129,gov,True
166152,2024-10,opo,1,0.058629777282476425,0.9373319149017334,0.0040383366867899895,opo,True
166154,2024-10,gov,0,0.9950761198997498,0.0025056046433746815,0.0024182056076824665,gov,True
166155,2024-10,gov,0,0.8739750981330872,0.10383368283510208,0.02219121716916561,gov,True
166156,2024-10,opo,1,0.02113863080739975,0.9782713055610657,0.0005900360993109643,opo,True
166157,2024-10,opo,1,0.36680206656455994,0.6317687630653381,0.0014291848056018353,gov,True
166873,2024-10,opo,1,0.38684380054473877,0.5688164830207825,0.044339731335639954,gov,True
166876,2024-10,opo,1,0.010863684117794037,0.9839858412742615,0.005150450859218836,opo,True
166877,2024-10,opo,1,0.08683910220861435,0.9059250950813293,0.007235788274556398,opo,True
167591,2024-10,gov,0,0.9720144271850586,0.0038235450629144907,0.02416197396814823,gov,True
167592,2024-10,gov,0,0.9839361906051636,0.00271497736684978,0.013348779641091824,gov,True
167594,2024-10,gov,0,0.9079596400260925,0.0019753570668399334,0.09006500989198685,gov,True
167597,2024-10,opo,1,0.05424492433667183,0.9415380954742432,0.004217043519020081,opo,True
168313,2024-10,gov,0,0.9968173503875732,0.0004022034408990294,0.002780417213216424,gov,True
168316,2024-10,opo,1,0.004738938063383102,0.9944577217102051,0.0008033833000808954,opo,True
169035,2024-10,gov,0,0.968220055103302,0.011425035074353218,0.020354941487312317,gov,True
169036,2024-10,gov,0,0.9668235778808594,0.026961399242281914,0.006214987486600876,gov,True
169037,2024-10,gov,0,0.9794824719429016,0.006552499253302813,0.013965053483843803,gov,True
169756,2024-10,gov,0,0.9941241145133972,0.0010259113041684031,0.004849915858358145,gov,True
143838,2024-11,gov,0,0.9280163645744324,0.014436301775276661,0.057547323405742645,gov,True
145998,2024-11,gov,0,0.9690380692481995,0.01497202180325985,0.015989936888217926,gov,True
147437,2024-11,gov,0,0.9611069560050964,0.004798113834112883,0.034094955772161484,gov,True
147438,2024-11,gov,0,0.9740611910820007,0.005007452331483364,0.020931439474225044,gov,True
147439,2024-11,gov,0,0.9668197631835938,0.004619568586349487,0.028560569509863853,gov,True
148158,2024-11,gov,0,0.9680432677268982,0.011618346907198429,0.020338358357548714,gov,True
149597,2024-11,uncertain,2,0.026385601609945297,0.004322482272982597,0.9692919254302979,uncertain,True
150307,2024-11,gov,0,0.9579811692237854,0.004282110370695591,0.03773663938045502,gov,True
150317,2024-11,gov,0,0.9277717471122742,0.013700583949685097,0.05852765589952469,gov,True
151756,2024-11,gov,0,0.9099069833755493,0.014337287284433842,0.07575579732656479,gov,True
151757,2024-11,uncertain,2,0.05596822872757912,0.0010762575548142195,0.9429555535316467,uncertain,True
152476,2024-11,gov,0,0.996607780456543,0.0008834512555040419,0.0025087555404752493,gov,True
153190,2024-11,gov,0,0.9647186994552612,0.004891553893685341,0.030389755964279175,gov,True
153191,2024-11,gov,0,0.9174779057502747,0.01833665557205677,0.06418541818857193,gov,True
153192,2024-11,gov,0,0.948137104511261,0.006668871734291315,0.04519391432404518,gov,True
153193,2024-11,gov,0,0.9844385981559753,0.005898311268538237,0.009663088247179985,gov,True
153196,2024-11,gov,0,0.9420063495635986,0.009969030506908894,0.04802457243204117,gov,True
153197,2024-11,uncertain,2,0.0463368259370327,0.0037012777756899595,0.9499619007110596,uncertain,True
153910,2024-11,gov,0,0.958023190498352,0.00815748330205679,0.033819422125816345,gov,True
153911,2024-11,gov,0,0.8838618993759155,0.02136107161641121,0.09477701038122177,gov,True
153912,2024-11,gov,0,0.9239585995674133,0.02162023074924946,0.05442114919424057,gov,True
153913,2024-11,gov,0,0.9883968234062195,0.0030312640592455864,0.008571847341954708,gov,True
153914,2024-11,gov,0,0.9876696467399597,0.004416912794113159,0.007913448847830296,gov,True
153915,2024-11,gov,0,0.9805466532707214,0.013606877066195011,0.005846546497195959,gov,True
153916,2024-11,gov,0,0.9203417897224426,0.07124597579240799,0.008412259630858898,gov,True
153917,2024-11,gov,0,0.8964108228683472,0.07806018739938736,0.025529000908136368,gov,True
153918,2024-11,gov,0,0.9227752089500427,0.05989018455147743,0.017334623262286186,gov,True
154630,2024-11,gov,0,0.9858142733573914,0.0075742159970104694,0.006611532066017389,gov,True
154631,2024-11,gov,0,0.967971682548523,0.009138793684542179,0.022889573127031326,gov,True
154632,2024-11,gov,0,0.9843161702156067,0.0029774713329970837,0.012706403620541096,gov,True
154633,2024-11,gov,0,0.9829657673835754,0.0032005917746573687,0.013833670876920223,gov,True
154634,2024-11,gov,0,0.9933966398239136,0.0011858526850119233,0.005417423788458109,gov,True
154635,2024-11,gov,0,0.9877086877822876,0.004636295605450869,0.007654952816665173,gov,True
154636,2024-11,gov,0,0.9869711399078369,0.009315607137978077,0.003713261103257537,gov,True
155350,2024-11,gov,0,0.670158326625824,0.3176093101501465,0.012232355773448944,gov,True
155351,2024-11,gov,0,0.9847760796546936,0.007776646874845028,0.007447298150509596,gov,True
155352,2024-11,gov,0,0.9820297360420227,0.0028959973715245724,0.015074275434017181,gov,True
155354,2024-11,gov,0,0.9648371934890747,0.00046674031182192266,0.03469613194465637,gov,True
156069,2024-11,opo,1,0.04536205530166626,0.9528976082801819,0.0017403655219823122,opo,True
156071,2024-11,gov,0,0.9955829977989197,0.001245293766260147,0.0031716732773929834,gov,True
156072,2024-11,gov,0,0.994918167591095,0.001474890043027699,0.003606978338211775,gov,True
156073,2024-11,gov,0,0.9923386573791504,0.001500482321716845,0.006160894874483347,gov,True
156074,2024-11,gov,0,0.9408645629882812,0.005713285878300667,0.053422193974256516,gov,True
156075,2024-11,uncertain,2,0.02303990162909031,0.006168967112898827,0.9707911014556885,uncertain,True
156788,2024-11,gov,0,0.918864369392395,0.061820026487112045,0.019315609708428383,gov,True
156789,2024-11,opo,1,0.045250944793224335,0.9417484998703003,0.013000578619539738,opo,True
156791,2024-11,gov,0,0.9920011758804321,0.0015453503001481295,0.0064534712582826614,gov,True
156792,2024-11,gov,0,0.9779300689697266,0.0006198682240210474,0.02145005576312542,gov,True
156793,2024-11,gov,0,0.9847924709320068,0.0008047109586186707,0.01440281793475151,gov,True
156794,2024-11,gov,0,0.9755902886390686,0.012748521752655506,0.011661229655146599,gov,True
156795,2024-11,opo,1,0.03617065027356148,0.9149197936058044,0.0489095039665699,opo,True
156796,2024-11,opo,1,0.03303711861371994,0.9591980576515198,0.007764849346131086,opo,True
157508,2024-11,gov,0,0.8725322484970093,0.11191404610872269,0.015553745441138744,gov,True
157509,2024-11,opo,1,0.15196864306926727,0.8449913859367371,0.003039970528334379,opo,True
157510,2024-11,gov,0,0.9207236170768738,0.06734591722488403,0.011930477805435658,gov,True
157511,2024-11,gov,0,0.9657865166664124,0.009734224528074265,0.02447928488254547,gov,True
157513,2024-11,uncertain,2,0.04475399851799011,0.000627099652774632,0.9546188116073608,uncertain,True
157514,2024-11,gov,0,0.8715837001800537,0.0064514572732150555,0.12196492403745651,gov,True
157515,2024-11,uncertain,2,0.03165987879037857,0.06101790815591812,0.9073222279548645,uncertain,True
158229,2024-11,opo,1,0.14006860554218292,0.8254796266555786,0.03445173799991608,opo,True
158231,2024-11,gov,0,0.9766327142715454,0.008067150600254536,0.015300150960683823,gov,True
158233,2024-11,gov,0,0.9106664657592773,0.0012097569415345788,0.08812377601861954,gov,True
158235,2024-11,opo,1,0.0828511193394661,0.8937373161315918,0.023411531001329422,opo,True
158236,2024-11,opo,1,0.00953549426048994,0.9886348247528076,0.0018296678317710757,opo,True
158237,2024-11,opo,1,0.024555902928113937,0.9646012187004089,0.010842851363122463,opo,True
158238,2024-11,gov,0,0.9426209330558777,0.013263655826449394,0.04411550983786583,gov,True
158946,2024-11,gov,0,0.8332896828651428,0.14601492881774902,0.020695440471172333,gov,True
158947,2024-11,opo,1,0.028959859162569046,0.9612699747085571,0.009770168922841549,opo,True
158949,2024-11,gov,0,0.9165111780166626,0.04542326554656029,0.03806556016206741,gov,True
158950,2024-11,gov,0,0.9868099689483643,0.001633283100090921,0.011556721292436123,gov,True
158951,2024-11,gov,0,0.9942411184310913,0.001649124315008521,0.0041097188368439674,gov,True
158952,2024-11,gov,0,0.9862344264984131,0.002724314108490944,0.011041334830224514,gov,True
158953,2024-11,gov,0,0.9532423615455627,0.012909352779388428,0.03384838625788689,gov,True
158954,2024-11,gov,0,0.9539863467216492,0.033718839287757874,0.012294824235141277,gov,True
158955,2024-11,gov,0,0.953206479549408,0.032780688256025314,0.014012792147696018,gov,True
158956,2024-11,gov,0,0.9896652102470398,0.008322843350470066,0.0020119876135140657,gov,True
158957,2024-11,gov,0,0.9978213310241699,0.0019971902947872877,0.0001814915012801066,gov,True
158958,2024-11,gov,0,0.9931430816650391,0.004045042674988508,0.0028117753099650145,gov,True
158960,2024-11,gov,0,0.9399314522743225,0.03865090757608414,0.0214176494628191,gov,True
159665,2024-11,opo,1,0.13932903110980988,0.6817876696586609,0.17888332903385162,opo,True
159666,2024-11,opo,1,0.0031734423246234655,0.9958523511886597,0.0009742024703882635,opo,True
159667,2024-11,opo,1,0.0004737851268146187,0.9993682503700256,0.00015801454719621688,opo,True
159668,2024-11,opo,1,0.14476832747459412,0.8480579853057861,0.007173716090619564,opo,True
159670,2024-11,gov,0,0.9477307200431824,0.0004571844474412501,0.0518120639026165,gov,True
159671,2024-11,gov,0,0.9935725927352905,0.0007887588581070304,0.005638763774186373,gov,True
159672,2024-11,gov,0,0.9926769733428955,0.001733344979584217,0.005589631851762533,gov,True
159673,2024-11,gov,0,0.9921214580535889,0.004525147378444672,0.003353431820869446,gov,True
159674,2024-11,gov,0,0.9954724907875061,0.0018556055147200823,0.0026718464214354753,gov,True
159675,2024-11,gov,0,0.9843118786811829,0.0030770571902394295,0.01261098962277174,gov,True
159676,2024-11,gov,0,0.9875702261924744,0.0019963348750025034,0.01043351087719202,gov,True
159679,2024-11,gov,0,0.9328120350837708,0.04864611476659775,0.018541771918535233,gov,True
159680,2024-11,gov,0,0.8763388395309448,0.059808023273944855,0.06385322660207748,gov,True
160386,2024-11,opo,1,0.025794656947255135,0.9668570160865784,0.007348300889134407,opo,True
160388,2024-11,opo,1,0.4368758499622345,0.4411921203136444,0.12193197011947632,gov,True
160389,2024-11,uncertain,2,0.038182441145181656,0.016692982986569405,0.9451245665550232,uncertain,True
160390,2024-11,uncertain,2,0.015848562121391296,0.001033626962453127,0.9831178188323975,uncertain,True
160391,2024-11,uncertain,2,0.30643561482429504,0.0296619962900877,0.6639024019241333,uncertain,True
160392,2024-11,gov,0,0.9559500813484192,0.005430181976407766,0.03861972317099571,gov,True
160393,2024-11,gov,0,0.9723153710365295,0.014663416892290115,0.01302117109298706,gov,True
160394,2024-11,gov,0,0.9644906520843506,0.0032199500128626823,0.03228949010372162,gov,True
160396,2024-11,gov,0,0.9936510920524597,0.0005343512166291475,0.00581462262198329,gov,True
160397,2024-11,gov,0,0.9948475360870361,0.002479013055562973,0.002673431532457471,gov,True
160399,2024-11,gov,0,0.9865849018096924,0.0067480020225048065,0.006667035166174173,gov,True
160400,2024-11,gov,0,0.937217652797699,0.02153974026441574,0.04124259203672409,gov,True
161107,2024-11,opo,1,0.06656312197446823,0.9230166673660278,0.010420206002891064,opo,True
161109,2024-11,uncertain,2,0.03964369371533394,0.0006977826706133783,0.9596586227416992,uncertain,True
161110,2024-11,gov,0,0.6302603483200073,0.004100417252629995,0.36563920974731445,gov,True
161111,2024-11,gov,0,0.9864118099212646,0.009842880070209503,0.003745348658412695,gov,True
161112,2024-11,gov,0,0.986099898815155,0.0055222767405211926,0.00837782584130764,gov,True
161113,2024-11,gov,0,0.9736008048057556,0.003954619634896517,0.022444525733590126,gov,True
161116,2024-11,gov,0,0.9976305961608887,0.00015626319509465247,0.002213119762018323,gov,True
161117,2024-11,gov,0,0.9836492538452148,0.0040416838601231575,0.012309066951274872,gov,True
161118,2024-11,gov,0,0.933454155921936,0.03622020408511162,0.030325619503855705,gov,True
161119,2024-11,gov,0,0.9631009101867676,0.029470626264810562,0.007428443059325218,gov,True
161120,2024-11,gov,0,0.9505735039710999,0.027038203552365303,0.022388331592082977,gov,True
161827,2024-11,opo,1,0.013007145375013351,0.9851750731468201,0.0018178358441218734,opo,True
161829,2024-11,uncertain,2,0.0115461191162467,0.001544914790429175,0.9869088530540466,uncertain,True
161830,2024-11,uncertain,2,0.05838412791490555,0.01304619200527668,0.9285696148872375,uncertain,True
161831,2024-11,gov,0,0.8962916731834412,0.0775982066988945,0.0261100921779871,gov,True
161832,2024-11,gov,0,0.9429351091384888,0.019811775535345078,0.037253085523843765,gov,True
161833,2024-11,gov,0,0.8623204231262207,0.023914221674203873,0.11376543343067169,gov,True
161834,2024-11,uncertain,2,0.014784152619540691,0.025989098474383354,0.9592267870903015,uncertain,True
161837,2024-11,opo,1,0.08512170612812042,0.9031676054000854,0.01171068474650383,opo,True
161839,2024-11,opo,1,0.014173859730362892,0.9854614734649658,0.00036460006958805025,opo,True
162547,2024-11,opo,1,0.012798544950783253,0.9863669276237488,0.0008344791713170707,opo,True
162548,2024-11,uncertain,2,0.053299546241760254,0.09643691778182983,0.8502635359764099,uncertain,True
162549,2024-11,uncertain,2,0.011751978658139706,0.010355562902987003,0.9778924584388733,uncertain,True
162550,2024-11,opo,1,0.028454836457967758,0.9545901417732239,0.016954950988292694,opo,True
162551,2024-11,gov,0,0.8733483552932739,0.10077469795942307,0.025876998901367188,gov,True
162552,2024-11,gov,0,0.9189474582672119,0.024498043581843376,0.05655459314584732,gov,True
162553,2024-11,opo,1,0.18440426886081696,0.791239321231842,0.024356359615921974,opo,True
162554,2024-11,uncertain,2,0.004366999492049217,0.005978522356599569,0.9896544218063354,uncertain,True
162555,2024-11,uncertain,2,0.03844737261533737,0.013076051138341427,0.9484766125679016,uncertain,True
162556,2024-11,gov,0,0.8313068747520447,0.060952622443437576,0.10774052143096924,gov,True
162558,2024-11,opo,1,0.0009292742470279336,0.9988982677459717,0.00017238932196050882,opo,True
162559,2024-11,opo,1,0.0060837469063699245,0.9936072826385498,0.00030895756208337843,opo,True
163267,2024-11,opo,1,0.021312406286597252,0.9735478162765503,0.0051397220231592655,opo,True
163268,2024-11,uncertain,2,0.01104411855340004,0.02524522878229618,0.9637106657028198,uncertain,True
163269,2024-11,uncertain,2,0.05509645491838455,0.032350920140743256,0.9125525951385498,uncertain,True
163271,2024-11,gov,0,0.9867557287216187,0.0024399133399128914,0.010804353281855583,gov,True
163272,2024-11,uncertain,2,0.020694248378276825,0.0013543716631829739,0.9779514074325562,uncertain,True
163274,2024-11,uncertain,2,0.01866423524916172,0.01712689734995365,0.9642088413238525,uncertain,True
163275,2024-11,uncertain,2,0.007801834959536791,0.001051784143783152,0.9911463856697083,uncertain,True
163276,2024-11,uncertain,2,0.013502267189323902,0.000394537957618013,0.9861032962799072,uncertain,True
163278,2024-11,opo,1,0.04264219477772713,0.940240740776062,0.017117032781243324,opo,True
163988,2024-11,opo,1,0.021972984075546265,0.9706630706787109,0.0073639643378555775,opo,True
163989,2024-11,gov,0,0.9755973219871521,0.02215590327978134,0.00224684807471931,gov,True
163992,2024-11,gov,0,0.8939836621284485,0.09400936961174011,0.01200697012245655,gov,True
163993,2024-11,opo,1,0.06865707039833069,0.9258747696876526,0.005468128714710474,opo,True
163996,2024-11,gov,0,0.9109384417533875,0.023799773305654526,0.06526178121566772,gov,True
163998,2024-11,gov,0,0.9251020550727844,0.06069956347346306,0.014198431745171547,gov,True
164709,2024-11,gov,0,0.9877090454101562,0.010065454989671707,0.00222553638741374,gov,True
164710,2024-11,gov,0,0.9909549355506897,0.008753870613873005,0.00029122448177076876,gov,True
164711,2024-11,opo,1,0.04970733821392059,0.9498513340950012,0.0004413325514178723,opo,True
164712,2024-11,gov,0,0.7054579257965088,0.29435545206069946,0.00018662182264961302,gov,True
164713,2024-11,gov,0,0.7623897790908813,0.21042916178703308,0.0271811094135046,gov,True
164714,2024-11,gov,0,0.9585960507392883,0.02191784419119358,0.01948607712984085,gov,True
164715,2024-11,gov,0,0.5445987582206726,0.4316277801990509,0.023773526772856712,gov,True
164716,2024-11,opo,1,0.056665316224098206,0.9293991327285767,0.013935497030615807,opo,True
165430,2024-11,gov,0,0.977362871170044,0.009334452450275421,0.013302602805197239,gov,True
165433,2024-11,gov,0,0.9888834357261658,0.010645179077982903,0.00047146715223789215,gov,True
165435,2024-11,opo,1,0.057683270424604416,0.9337026476860046,0.008614059537649155,opo,True
165436,2024-11,opo,1,0.009332726709544659,0.9897640943527222,0.0009031352819874883,opo,True
166150,2024-11,gov,0,0.9651950597763062,0.0060781678184866905,0.028726762160658836,gov,True
166152,2024-11,opo,1,0.0659889504313469,0.9305399060249329,0.003471171483397484,opo,True
166154,2024-11,gov,0,0.9939063191413879,0.0023309688549488783,0.003762795589864254,gov,True
166155,2024-11,gov,0,0.8868109583854675,0.08552390336990356,0.027665192261338234,gov,True
166156,2024-11,opo,1,0.0033970733638852835,0.9958831071853638,0.0007198936655186117,opo,True
166157,2024-11,opo,1,0.006948295049369335,0.9923478364944458,0.0007038165349513292,opo,True
166873,2024-11,gov,0,0.7788082957267761,0.15816780924797058,0.06302393972873688,gov,True
166876,2024-11,opo,1,0.005922068376094103,0.9927449226379395,0.0013330798828974366,opo,True
166877,2024-11,opo,1,0.0038286312483251095,0.9929303526878357,0.003241069382056594,opo,True
167591,2024-11,gov,0,0.937462568283081,0.012077676132321358,0.05045974627137184,gov,True
167592,2024-11,gov,0,0.9692798256874084,0.00963553600013256,0.021084537729620934,gov,True
167594,2024-11,gov,0,0.9412567019462585,0.0005684979842044413,0.05817475914955139,gov,True
167597,2024-11,opo,1,0.008080238476395607,0.9894508719444275,0.002468913560733199,opo,True
168313,2024-11,gov,0,0.9923548698425293,0.0012071487726643682,0.006438022013753653,gov,True
168316,2024-11,opo,1,0.008194200694561005,0.9911137223243713,0.0006921354797668755,opo,True
169035,2024-11,gov,0,0.9929308891296387,0.0037098340690135956,0.0033593010157346725,gov,True
169036,2024-11,gov,0,0.9142943620681763,0.07327648252248764,0.012429185211658478,gov,True
169037,2024-11,gov,0,0.9448288083076477,0.027729637920856476,0.027441512793302536,gov,True
169756,2024-11,gov,0,0.9817624092102051,0.004793723113834858,0.013443886302411556,gov,True
143838,2024-12,gov,0,0.9275186061859131,0.011785497888922691,0.06069587543606758,gov,True
145998,2024-12,gov,0,0.9703401327133179,0.010549328289926052,0.019110487774014473,gov,True
147437,2024-12,gov,0,0.9825724363327026,0.004084491636604071,0.013343015685677528,gov,True
147438,2024-12,gov,0,0.9811815619468689,0.004225772339850664,0.0145926708355546,gov,True
147439,2024-12,gov,0,0.9686778783798218,0.005002549383789301,0.02631966955959797,gov,True
148158,2024-12,gov,0,0.9689635634422302,0.010277770459651947,0.020758647471666336,gov,True
149597,2024-12,uncertain,2,0.046557940542697906,0.004345873836427927,0.9490962624549866,uncertain,True
150307,2024-12,gov,0,0.95917809009552,0.004046249203383923,0.03677571937441826,gov,True
150317,2024-12,gov,0,0.794633686542511,0.02528867870569229,0.18007753789424896,gov,True
151756,2024-12,gov,0,0.9442201852798462,0.006025577895343304,0.049754250794649124,gov,True
151757,2024-12,uncertain,2,0.032727260142564774,0.0010553583269938827,0.9662173390388489,uncertain,True
152476,2024-12,gov,0,0.9943879246711731,0.0014479921665042639,0.004164138808846474,gov,True
153190,2024-12,gov,0,0.9734775424003601,0.002315296558663249,0.024207212030887604,gov,True
153191,2024-12,gov,0,0.936015248298645,0.009466351009905338,0.05451836809515953,gov,True
153192,2024-12,gov,0,0.8371328115463257,0.013187355361878872,0.14967983961105347,gov,True
153193,2024-12,gov,0,0.9455157518386841,0.008797954767942429,0.045686379075050354,gov,True
153196,2024-12,gov,0,0.8808225989341736,0.027398541569709778,0.09177885204553604,gov,True
153197,2024-12,uncertain,2,0.011244077235460281,0.002903841668739915,0.9858520030975342,uncertain,True
153910,2024-12,gov,0,0.9658277630805969,0.0038565266877412796,0.030315637588500977,gov,True
153911,2024-12,gov,0,0.948396623134613,0.015901824459433556,0.03570155054330826,gov,True
153912,2024-12,gov,0,0.8428071737289429,0.012793105095624924,0.1443997472524643,gov,True
153913,2024-12,gov,0,0.9740721583366394,0.00183945766184479,0.024088390171527863,gov,True
153914,2024-12,gov,0,0.9896249175071716,0.004258455242961645,0.0061165951192379,gov,True
153915,2024-12,gov,0,0.9227468967437744,0.060742758214473724,0.016510330140590668,gov,True
153916,2024-12,gov,0,0.6172962784767151,0.36020684242248535,0.02249685674905777,opo,True
153917,2024-12,gov,0,0.6946523785591125,0.2727430462837219,0.03260459378361702,gov,True
153918,2024-12,gov,0,0.8249954581260681,0.15540826320648193,0.019596265628933907,gov,True
154630,2024-12,gov,0,0.9711922407150269,0.021129921078681946,0.007677856367081404,gov,True
154631,2024-12,gov,0,0.9713408946990967,0.012374565936625004,0.016284577548503876,gov,True
154632,2024-12,gov,0,0.9687834978103638,0.0032851845026016235,0.027931392192840576,gov,True
154633,2024-12,gov,0,0.9560811519622803,0.0047307671047747135,0.03918810188770294,gov,True
154634,2024-12,gov,0,0.9887714982032776,0.0052998182363808155,0.0059286728501319885,gov,True
154635,2024-12,gov,0,0.9537866711616516,0.02466724067926407,0.021546103060245514,gov,True
154636,2024-12,gov,0,0.9309338927268982,0.044589024037122726,0.024477116763591766,gov,True
155350,2024-12,opo,1,0.17866230010986328,0.8167164325714111,0.004621243104338646,opo,True
155351,2024-12,gov,0,0.9702547192573547,0.02063627541065216,0.009108912199735641,gov,True
155352,2024-12,gov,0,0.9628111720085144,0.008223846554756165,0.028965020552277565,gov,True
155354,2024-12,gov,0,0.9599571824073792,0.004152106121182442,0.03589067980647087,gov,True
156069,2024-12,opo,1,0.036842308938503265,0.9551512002944946,0.008006460033357143,opo,True
156071,2024-12,gov,0,0.9905726313591003,0.005107864737510681,0.0043194470927119255,gov,True
156072,2024-12,gov,0,0.9855759143829346,0.004909261595457792,0.009514833800494671,gov,True
156073,2024-12,gov,0,0.9827133417129517,0.004902662709355354,0.01238401047885418,gov,True
156074,2024-12,gov,0,0.9406661987304688,0.011043998412787914,0.04828984662890434,gov,True
156075,2024-12,uncertain,2,0.011675291694700718,0.007670953404158354,0.980653703212738,uncertain,True
156788,2024-12,gov,0,0.9429101943969727,0.0435316264629364,0.013558262959122658,gov,True
156789,2024-12,opo,1,0.06472338736057281,0.921812117099762,0.013464548625051975,opo,True
156791,2024-12,gov,0,0.992661714553833,0.00254555675201118,0.00479266420006752,gov,True
156792,2024-12,gov,0,0.9653351306915283,0.0007300277939066291,0.033934831619262695,gov,True
156793,2024-12,gov,0,0.9837114214897156,0.0005680831964127719,0.015720486640930176,gov,True
156794,2024-12,gov,0,0.9714407920837402,0.022450385615229607,0.006108845118433237,gov,True
156795,2024-12,opo,1,0.010285614989697933,0.8983173966407776,0.09139697998762131,opo,True
156796,2024-12,opo,1,0.022170230746269226,0.9692028760910034,0.008626865223050117,opo,True
157508,2024-12,gov,0,0.9130628705024719,0.07357233762741089,0.013364865444600582,gov,True
157509,2024-12,opo,1,0.11191921681165695,0.8855057954788208,0.0025750230997800827,opo,True
157510,2024-12,gov,0,0.8266655802726746,0.15643908083438873,0.016895387321710587,gov,True
157511,2024-12,gov,0,0.9516963958740234,0.016901781782507896,0.03140172362327576,gov,True
157513,2024-12,uncertain,2,0.08189567923545837,0.0007879413897171617,0.9173163175582886,uncertain,True
157514,2024-12,gov,0,0.9367191791534424,0.02552223578095436,0.03775857016444206,gov,True
157515,2024-12,uncertain,2,0.012464658357203007,0.17541077733039856,0.8121245503425598,uncertain,True
158229,2024-12,opo,1,0.18629954755306244,0.794041097164154,0.019659407436847687,opo,True
158231,2024-12,gov,0,0.9855839014053345,0.0020190714858472347,0.012397019192576408,gov,True
158233,2024-12,gov,0,0.9377946853637695,0.0012173526920378208,0.06098796799778938,gov,True
158235,2024-12,opo,1,0.02107924595475197,0.9741185307502747,0.0048022521659731865,opo,True
158236,2024-12,opo,1,0.0030319467186927795,0.9948393702507019,0.00212862272746861,opo,True
158237,2024-12,opo,1,0.07530148327350616,0.9132147431373596,0.011483794078230858,opo,True
158238,2024-12,gov,0,0.9861928820610046,0.010208346880972385,0.0035987168084830046,gov,True
158946,2024-12,gov,0,0.9199212193489075,0.06026005372405052,0.019818803295493126,gov,True
158947,2024-12,opo,1,0.012390932068228722,0.9745906591415405,0.013018332421779633,opo,True
158949,2024-12,gov,0,0.9299253225326538,0.05215122550725937,0.01792350970208645,gov,True
158950,2024-12,gov,0,0.9902639389038086,0.0012490657391026616,0.008486945182085037,gov,True
158951,2024-12,gov,0,0.9950094223022461,0.00144108512904495,0.0035494801122695208,gov,True
158952,2024-12,gov,0,0.9379569888114929,0.006074553355574608,0.05596839264035225,gov,True
158953,2024-12,gov,0,0.9762118458747864,0.0054126461036503315,0.018375471234321594,gov,True
158954,2024-12,gov,0,0.9434636235237122,0.020405428484082222,0.036130908876657486,gov,True
158955,2024-12,gov,0,0.9059985280036926,0.0833459421992302,0.01065550372004509,gov,True
158956,2024-12,gov,0,0.9456440806388855,0.05018678307533264,0.004169225227087736,gov,True
158957,2024-12,gov,0,0.9922515749931335,0.006692404393106699,0.0010560955852270126,gov,True
158958,2024-12,gov,0,0.9872433543205261,0.010690594092011452,0.002065996639430523,gov,True
158960,2024-12,gov,0,0.9537811279296875,0.01827280782163143,0.027946151793003082,gov,True
159665,2024-12,opo,1,0.1453702747821808,0.6668582558631897,0.18777146935462952,opo,True
159666,2024-12,opo,1,0.003736899234354496,0.9936932325363159,0.0025698929093778133,opo,True
159667,2024-12,opo,1,0.00023496786889154464,0.9995653033256531,0.00019972505106125027,opo,True
159668,2024-12,opo,1,0.005093275103718042,0.9938889741897583,0.0010176838841289282,opo,True
159670,2024-12,gov,0,0.9728268384933472,0.0006567545933648944,0.02651640586555004,gov,True
159671,2024-12,gov,0,0.9945907592773438,0.0005584319587796926,0.004850834142416716,gov,True
159672,2024-12,gov,0,0.9873142838478088,0.002601542742922902,0.010084174573421478,gov,True
159673,2024-12,gov,0,0.9964106678962708,0.0009883241727948189,0.002600973704829812,gov,True
159674,2024-12,gov,0,0.994248628616333,0.0014271001564338803,0.004324238747358322,gov,True
159675,2024-12,gov,0,0.9804319143295288,0.006219028495252132,0.013349096290767193,gov,True
159676,2024-12,gov,0,0.9746622443199158,0.01594359055161476,0.009394166991114616,gov,True
159679,2024-12,gov,0,0.9674230217933655,0.023479878902435303,0.009097151458263397,gov,True
159680,2024-12,gov,0,0.9017475247383118,0.048614662140607834,0.049637872725725174,gov,True
160386,2024-12,opo,1,0.041598983108997345,0.9515112638473511,0.006889802869409323,opo,True
160388,2024-12,opo,1,0.0035281802993267775,0.9905979037284851,0.005873947404325008,opo,True
160389,2024-12,opo,1,0.034417834132909775,0.6684391498565674,0.29714304208755493,opo,True
160390,2024-12,uncertain,2,0.0972476676106453,0.0037808874621987343,0.898971438407898,uncertain,True
160391,2024-12,gov,0,0.8471866250038147,0.006749134976416826,0.14606431126594543,gov,True
160392,2024-12,gov,0,0.9858710169792175,0.0018568503437563777,0.012272030115127563,gov,True
160393,2024-12,gov,0,0.986525297164917,0.005710729863494635,0.007763988804072142,gov,True
160394,2024-12,gov,0,0.9622196555137634,0.004038053099066019,0.03374221920967102,gov,True
160396,2024-12,gov,0,0.9725117087364197,0.006147019565105438,0.021341275423765182,gov,True
160397,2024-12,gov,0,0.9769136309623718,0.016538746654987335,0.006547519937157631,gov,True
160399,2024-12,gov,0,0.9812914133071899,0.009511532261967659,0.009196961298584938,gov,True
160400,2024-12,gov,0,0.9405146241188049,0.035802632570266724,0.023682689294219017,gov,True
161107,2024-12,opo,1,0.004730174783617258,0.993638813495636,0.0016309915808960795,opo,True
161109,2024-12,uncertain,2,0.009039441123604774,0.00584453484043479,0.9851160645484924,uncertain,True
161110,2024-12,gov,0,0.8717826008796692,0.0043985433876514435,0.12381882220506668,gov,True
161111,2024-12,gov,0,0.9944108128547668,0.002345649292692542,0.0032436149194836617,gov,True
161112,2024-12,gov,0,0.9874312877655029,0.004677560180425644,0.007891133427619934,gov,True
161113,2024-12,gov,0,0.9739325046539307,0.0058900644071400166,0.020177453756332397,gov,True
161116,2024-12,gov,0,0.9931803941726685,0.00023350837000180036,0.0065861111506819725,gov,True
161117,2024-12,gov,0,0.971729576587677,0.011013265699148178,0.01725708693265915,gov,True
161118,2024-12,gov,0,0.827936589717865,0.12572209537029266,0.04634135216474533,gov,True
161119,2024-12,gov,0,0.901738703250885,0.08371956646442413,0.01454184390604496,gov,True
161120,2024-12,gov,0,0.919421911239624,0.05039176717400551,0.030186299234628677,gov,True
161827,2024-12,opo,1,0.01465876866132021,0.9840601682662964,0.0012810314074158669,opo,True
161829,2024-12,uncertain,2,0.0026588605251163244,0.006278430111706257,0.9910627603530884,uncertain,True
161830,2024-12,uncertain,2,0.07296019792556763,0.020647695288062096,0.9063920974731445,uncertain,True
161831,2024-12,gov,0,0.9424768090248108,0.02434729039669037,0.033175986260175705,gov,True
161832,2024-12,gov,0,0.9153860807418823,0.05343503877520561,0.031178943812847137,gov,True
161833,2024-12,gov,0,0.8724768757820129,0.056844696402549744,0.07067838311195374,gov,True
161834,2024-12,uncertain,2,0.01888706162571907,0.01776489056646824,0.9633480906486511,uncertain,True
161837,2024-12,opo,1,0.06853806227445602,0.9197549819946289,0.011706912890076637,opo,True
161839,2024-12,opo,1,0.013277970254421234,0.9861460328102112,0.0005759414052590728,opo,True
162547,2024-12,opo,1,0.014385398477315903,0.9841089844703674,0.0015056162374094129,opo,True
162548,2024-12,opo,1,0.049056705087423325,0.7919235229492188,0.15901979804039001,opo,True
162549,2024-12,uncertain,2,0.002375253476202488,0.024918118491768837,0.9727066159248352,uncertain,True
162550,2024-12,opo,1,0.047310423105955124,0.9260607957839966,0.026628755033016205,opo,True
162551,2024-12,gov,0,0.8903943300247192,0.045282576233148575,0.06432309746742249,gov,True
162552,2024-12,gov,0,0.8595374822616577,0.043694477528333664,0.09676796942949295,gov,True
162553,2024-12,opo,1,0.12553095817565918,0.8642475605010986,0.010221474803984165,opo,True
162554,2024-12,uncertain,2,0.0050242687575519085,0.007593857124447823,0.9873818755149841,uncertain,True
162555,2024-12,uncertain,2,0.05101650208234787,0.010570809245109558,0.9384126663208008,uncertain,True
162556,2024-12,gov,0,0.8447120189666748,0.10905531793832779,0.0462326854467392,gov,True
162558,2024-12,opo,1,0.0016062828944996,0.9982659220695496,0.0001278012350667268,opo,True
162559,2024-12,opo,1,0.01525895856320858,0.9840933084487915,0.0006477071437984705,opo,True
163267,2024-12,opo,1,0.008476107381284237,0.9865086674690247,0.005015222355723381,opo,True
163268,2024-12,uncertain,2,0.01952669396996498,0.1985493302345276,0.7819238901138306,uncertain,True
163269,2024-12,uncertain,2,0.04508895426988602,0.025920601561665535,0.9289904236793518,uncertain,True
163271,2024-12,gov,0,0.986434817314148,0.001685749040916562,0.011879445053637028,gov,True
163272,2024-12,uncertain,2,0.03191298991441727,0.002465334488078952,0.9656217098236084,uncertain,True
163274,2024-12,uncertain,2,0.012535961344838142,0.043885890394449234,0.9435781836509705,uncertain,True
163275,2024-12,uncertain,2,0.007467447314411402,0.0006945576169528067,0.9918380379676819,uncertain,True
163276,2024-12,uncertain,2,0.04319797456264496,0.0045139240100979805,0.9522881507873535,uncertain,True
163278,2024-12,opo,1,0.045781154185533524,0.9496684074401855,0.004550476558506489,opo,True
163988,2024-12,opo,1,0.011675382032990456,0.9844689965248108,0.003855647286400199,opo,True
163989,2024-12,gov,0,0.9706640839576721,0.0253745149821043,0.003961378242820501,gov,True
163992,2024-12,gov,0,0.8741834163665771,0.11779670417308807,0.008019818924367428,gov,True
163993,2024-12,opo,1,0.08192648738622665,0.9095128774642944,0.008560708723962307,opo,True
163996,2024-12,gov,0,0.8898565173149109,0.077632375061512,0.0325111523270607,gov,True
163998,2024-12,gov,0,0.9353969693183899,0.05118890851736069,0.01341419480741024,gov,True
164709,2024-12,gov,0,0.9898369908332825,0.0040117669850587845,0.006151179783046246,gov,True
164710,2024-12,gov,0,0.9798967242240906,0.019811691716313362,0.00029151487979106605,gov,True
164711,2024-12,opo,1,0.07782213389873505,0.9220030903816223,0.00017479232337791473,opo,True
164712,2024-12,gov,0,0.7182588577270508,0.2815704941749573,0.00017065195424947888,gov,True
164713,2024-12,gov,0,0.7853572368621826,0.19503478705883026,0.019608015194535255,gov,True
164714,2024-12,gov,0,0.9419933557510376,0.033848077058792114,0.024158578366041183,gov,True
164715,2024-12,gov,0,0.5121957063674927,0.4601159393787384,0.027688397094607353,gov,True
164716,2024-12,opo,1,0.05669637396931648,0.9394924640655518,0.0038111035246402025,opo,True
165430,2024-12,gov,0,0.9224544763565063,0.052267927676439285,0.025277605280280113,gov,True
165433,2024-12,gov,0,0.9838027954101562,0.015196148306131363,0.0010011139092966914,gov,True
165435,2024-12,opo,1,0.07202456891536713,0.9218370914459229,0.006138355005532503,opo,True
165436,2024-12,opo,1,0.019470278173685074,0.9801235795021057,0.0004061116196680814,opo,True
166150,2024-12,gov,0,0.9826664924621582,0.011766497045755386,0.005566948093473911,gov,True
166152,2024-12,opo,1,0.0431077741086483,0.9536386728286743,0.0032535623759031296,opo,True
166154,2024-12,gov,0,0.9968582391738892,0.001637267996557057,0.001504395855590701,gov,True
166155,2024-12,gov,0,0.921177089214325,0.06877481192350388,0.010048096999526024,gov,True
166156,2024-12,opo,1,0.01239029411226511,0.9871293902397156,0.0004802799958270043,opo,True
166157,2024-12,opo,1,0.02534349076449871,0.9742982983589172,0.0003582532226573676,opo,True
166873,2024-12,gov,0,0.8584724068641663,0.07780428230762482,0.06372327357530594,gov,True
166876,2024-12,opo,1,0.003263103775680065,0.9956617951393127,0.0010750818764790893,opo,True
166877,2024-12,opo,1,0.011467332020401955,0.9852531552314758,0.0032794559374451637,opo,True
167591,2024-12,gov,0,0.9343867301940918,0.006113570649176836,0.05949965864419937,gov,True
167592,2024-12,gov,0,0.9854492545127869,0.0019303647568449378,0.012620396912097931,gov,True
167594,2024-12,gov,0,0.9556156396865845,0.0004681353457272053,0.0439162477850914,gov,True
167597,2024-12,opo,1,0.010331953875720501,0.9878599047660828,0.0018081184243783355,opo,True
168313,2024-12,gov,0,0.9914105534553528,0.0005821085069328547,0.008007429540157318,gov,True
168316,2024-12,opo,1,0.01490397285670042,0.9844115376472473,0.0006844949093647301,opo,True
168318,2024-12,opo,1,0.01750079169869423,0.9711172580718994,0.01138197910040617,opo,True
169035,2024-12,gov,0,0.9884771108627319,0.0028202265966683626,0.008702585473656654,gov,True
169036,2024-12,gov,0,0.9836918115615845,0.013162038289010525,0.003146050265058875,gov,True
169037,2024-12,gov,0,0.9788265228271484,0.013422500342130661,0.007750978693366051,gov,True
169756,2024-12,gov,0,0.9825177788734436,0.0027505517937242985,0.01473168097436428,gov,True
143838,2025-01,gov,0,0.934648334980011,0.01223671343177557,0.05311502516269684,gov,True
145998,2025-01,gov,0,0.9726564884185791,0.011609388515353203,0.015734165906906128,gov,True
147437,2025-01,gov,0,0.9638731479644775,0.009413951076567173,0.02671286277472973,gov,True
147438,2025-01,gov,0,0.9716780185699463,0.010184845887124538,0.018137136474251747,gov,True
147439,2025-01,gov,0,0.964491605758667,0.00792259257286787,0.027585791423916817,gov,True
148158,2025-01,gov,0,0.9505080580711365,0.022257814183831215,0.027234185487031937,gov,True
149597,2025-01,uncertain,2,0.0291398037225008,0.004637364763766527,0.9662227630615234,uncertain,True
150307,2025-01,gov,0,0.9588819146156311,0.004030163399875164,0.03708788380026817,gov,True
150317,2025-01,gov,0,0.9059813618659973,0.021917568519711494,0.07210113108158112,gov,True
151756,2025-01,gov,0,0.9247081875801086,0.010099786333739758,0.06519199907779694,gov,True
151757,2025-01,uncertain,2,0.047469086945056915,0.0006855750107206404,0.9518452882766724,uncertain,True
152476,2025-01,gov,0,0.9985421895980835,0.0004708192718680948,0.000986988190561533,gov,True
153190,2025-01,gov,0,0.9710111618041992,0.0029166999738663435,0.026072243228554726,gov,True
153191,2025-01,gov,0,0.9468196630477905,0.013284800574183464,0.03989558666944504,gov,True
153192,2025-01,gov,0,0.8666567206382751,0.01161341741681099,0.12172991782426834,gov,True
153193,2025-01,gov,0,0.9656757712364197,0.008142564445734024,0.026181597262620926,gov,True
153196,2025-01,gov,0,0.9634580016136169,0.004939476028084755,0.031602486968040466,gov,True
153197,2025-01,uncertain,2,0.029431086033582687,0.0009314871276728809,0.9696373343467712,uncertain,True
153910,2025-01,gov,0,0.9559486508369446,0.008186071179807186,0.03586534410715103,gov,True
153911,2025-01,gov,0,0.9200581312179565,0.027518732473254204,0.052423179149627686,gov,True
153912,2025-01,gov,0,0.8522884249687195,0.014477644115686417,0.13323381543159485,gov,True
153913,2025-01,gov,0,0.9801004528999329,0.0010438075987622142,0.018855705857276917,gov,True
153914,2025-01,gov,0,0.9901671409606934,0.003821093123406172,0.006011770106852055,gov,True
153915,2025-01,gov,0,0.9511352777481079,0.04602871462702751,0.0028359212446957827,gov,True
153916,2025-01,gov,0,0.9594730734825134,0.03673675283789635,0.003790198126807809,gov,True
153917,2025-01,gov,0,0.9108772873878479,0.04542237147688866,0.04370037093758583,gov,True
153918,2025-01,gov,0,0.8627323508262634,0.11666232347488403,0.02060539275407791,gov,True
154630,2025-01,gov,0,0.9306417107582092,0.05376216024160385,0.015596110373735428,gov,True
154631,2025-01,gov,0,0.9508488178253174,0.02802588976919651,0.02112528309226036,gov,True
154632,2025-01,gov,0,0.9886398315429688,0.001205133623443544,0.01015498023480177,gov,True
154633,2025-01,gov,0,0.9743723273277283,0.001277275732718408,0.02435043454170227,gov,True
154634,2025-01,gov,0,0.9962869882583618,0.0018169758841395378,0.001895960420370102,gov,True
154635,2025-01,gov,0,0.9825803637504578,0.014413116499781609,0.0030065563041716814,gov,True
154636,2025-01,gov,0,0.9772105813026428,0.01431767363101244,0.008471820503473282,gov,True
155350,2025-01,opo,1,0.15594732761383057,0.8378042578697205,0.006248403340578079,opo,True
155351,2025-01,gov,0,0.9597028493881226,0.02766827866435051,0.012628849595785141,gov,True
155352,2025-01,gov,0,0.9773549437522888,0.005254305899143219,0.017390714958310127,gov,True
155354,2025-01,gov,0,0.8653929829597473,0.005424133036285639,0.12918289005756378,gov,True
156069,2025-01,opo,1,0.06391215324401855,0.9331663250923157,0.0029215447138994932,opo,True
156071,2025-01,gov,0,0.9944513440132141,0.001645347336307168,0.0039033566135913134,gov,True
156072,2025-01,gov,0,0.9940915703773499,0.0024967407807707787,0.003411690006032586,gov,True
156073,2025-01,gov,0,0.9902768135070801,0.005380879156291485,0.004342310596257448,gov,True
156074,2025-01,gov,0,0.9281187057495117,0.011061886325478554,0.06081932410597801,gov,True
156075,2025-01,uncertain,2,0.013857261277735233,0.006374935153871775,0.9797677397727966,uncertain,True
156788,2025-01,gov,0,0.9262354373931885,0.06563670933246613,0.008127865381538868,gov,True
156789,2025-01,opo,1,0.034327805042266846,0.9585034251213074,0.007168849464505911,opo,True
156791,2025-01,gov,0,0.9901177287101746,0.0016331201186403632,0.008249245584011078,gov,True
156792,2025-01,gov,0,0.929972767829895,0.0004791089741047472,0.06954813003540039,gov,True
156793,2025-01,gov,0,0.9884950518608093,0.0004237407702021301,0.011081245727837086,gov,True
156794,2025-01,gov,0,0.9690969586372375,0.021508891135454178,0.009394189342856407,gov,True
156795,2025-01,opo,1,0.007911493070423603,0.946287214756012,0.0458013191819191,opo,True
156796,2025-01,opo,1,0.00867945235222578,0.9874346852302551,0.003885928774252534,opo,True
157508,2025-01,gov,0,0.8510158658027649,0.1315956860780716,0.017388466745615005,gov,True
157509,2025-01,opo,1,0.06612291187047958,0.9320482015609741,0.0018289148574694991,opo,True
157510,2025-01,gov,0,0.902284562587738,0.0863567516207695,0.01135877426713705,gov,True
157511,2025-01,gov,0,0.9909458160400391,0.003657510271295905,0.005396632011979818,gov,True
157513,2025-01,uncertain,2,0.09986711293458939,0.0007695849635638297,0.8993632793426514,uncertain,True
157514,2025-01,gov,0,0.8634406924247742,0.023974493145942688,0.11258476972579956,gov,True
157515,2025-01,uncertain,2,0.009199854917824268,0.08065567910671234,0.9101445078849792,uncertain,True
158229,2025-01,opo,1,0.11875820904970169,0.8684266209602356,0.012815170921385288,opo,True
158231,2025-01,gov,0,0.9935041069984436,0.0014866306446492672,0.0050093038007617,gov,True
158233,2025-01,gov,0,0.9181026220321655,0.0015142229385674,0.08038319647312164,gov,True
158235,2025-01,opo,1,0.03206907585263252,0.960121750831604,0.007809148635715246,opo,True
158236,2025-01,opo,1,0.004682666622102261,0.9922967553138733,0.0030206048395484686,opo,True
158237,2025-01,opo,1,0.03644197806715965,0.9579851031303406,0.005572888068854809,opo,True
158238,2025-01,gov,0,0.9722539186477661,0.023142782971262932,0.004603242035955191,gov,True
158946,2025-01,gov,0,0.8099443912506104,0.1651110202074051,0.024944569915533066,gov,True
158947,2025-01,opo,1,0.02798422798514366,0.9570865631103516,0.014929177239537239,opo,True
158949,2025-01,gov,0,0.9387593269348145,0.048057977110147476,0.013182589784264565,gov,True
158950,2025-01,gov,0,0.9971374273300171,0.000980803626589477,0.001881754375062883,gov,True
158951,2025-01,gov,0,0.991731584072113,0.004429367370903492,0.0038390890695154667,gov,True
158952,2025-01,gov,0,0.9829016923904419,0.0037100494373589754,0.013388237915933132,gov,True
158953,2025-01,gov,0,0.9735302329063416,0.009086674079298973,0.017383145168423653,gov,True
158954,2025-01,gov,0,0.9492389559745789,0.02958965115249157,0.021171387284994125,gov,True
158955,2025-01,gov,0,0.9533339738845825,0.034903448075056076,0.011762497015297413,gov,True
158956,2025-01,gov,0,0.9907181859016418,0.007900468073785305,0.0013813176192343235,gov,True
158957,2025-01,gov,0,0.998418927192688,0.0012995939468964934,0.0002814745530486107,gov,True
158958,2025-01,gov,0,0.9904599189758301,0.007110225036740303,0.00242991978302598,gov,True
158960,2025-01,gov,0,0.954857349395752,0.019185177981853485,0.02595747634768486,gov,True
159665,2025-01,opo,1,0.0883546993136406,0.801902711391449,0.10974263399839401,opo,True
159666,2025-01,opo,1,0.0028412307146936655,0.9962755441665649,0.0008831913000904024,opo,True
159667,2025-01,opo,1,0.0003965561918448657,0.9994587302207947,0.00014467064465861768,opo,True
159668,2025-01,opo,1,0.017550386488437653,0.9805866479873657,0.0018629464320838451,opo,True
159670,2025-01,gov,0,0.9783416986465454,0.0004297713458072394,0.021228574216365814,gov,True
159671,2025-01,gov,0,0.9974268078804016,0.0013532215962186456,0.0012199245393276215,gov,True
159672,2025-01,gov,0,0.995123565196991,0.001672454527579248,0.0032039808575063944,gov,True
159673,2025-01,gov,0,0.9968553781509399,0.0019307476468384266,0.0012138810707256198,gov,True
159674,2025-01,gov,0,0.996819019317627,0.0019494807347655296,0.001231403206475079,gov,True
159675,2025-01,gov,0,0.9925488233566284,0.0007039080373942852,0.006747272331267595,gov,True
159676,2025-01,gov,0,0.9934262037277222,0.000671590503770858,0.005902243312448263,gov,True
159679,2025-01,gov,0,0.9748626351356506,0.016382882371544838,0.008754527196288109,gov,True
159680,2025-01,gov,0,0.9172378778457642,0.04159190505743027,0.04117024317383766,gov,True
160386,2025-01,opo,1,0.023570982739329338,0.9716750979423523,0.00475388765335083,opo,True
160388,2025-01,opo,1,0.02485978975892067,0.9585870504379272,0.016553092747926712,opo,True
160389,2025-01,uncertain,2,0.05960279703140259,0.05737372487783432,0.8830234408378601,uncertain,True
160390,2025-01,uncertain,2,0.12287595123052597,0.0026960810646414757,0.8744279742240906,uncertain,True
160391,2025-01,gov,0,0.9096379280090332,0.006463969126343727,0.0838981494307518,gov,True
160392,2025-01,gov,0,0.9740118384361267,0.0014594405656680465,0.024528736248612404,gov,True
160393,2025-01,gov,0,0.9889683723449707,0.005619172938168049,0.0054123904556035995,gov,True
160394,2025-01,gov,0,0.985423743724823,0.003448744071647525,0.01112747099250555,gov,True
160396,2025-01,gov,0,0.982128381729126,0.0013970445143058896,0.01647447794675827,gov,True
160397,2025-01,gov,0,0.9935718774795532,0.0036857835948467255,0.0027423573192209005,gov,True
160399,2025-01,gov,0,0.9894664883613586,0.0039060574490576982,0.006627498660236597,gov,True
160400,2025-01,gov,0,0.9335598945617676,0.03623500466346741,0.030205104500055313,gov,True
161107,2025-01,opo,1,0.006992314010858536,0.99052494764328,0.0024827097076922655,opo,True
161109,2025-01,uncertain,2,0.02135392278432846,0.0009241329389624298,0.9777219295501709,uncertain,True
161110,2025-01,gov,0,0.9356591105461121,0.0011465372517704964,0.0631944090127945,gov,True
161111,2025-01,gov,0,0.9975888729095459,0.0010624382412061095,0.00134867278393358,gov,True
161112,2025-01,gov,0,0.9963605999946594,0.000812180747743696,0.0028271570336073637,gov,True
161113,2025-01,gov,0,0.9946014881134033,0.0007751620141789317,0.004623386077582836,gov,True
161116,2025-01,gov,0,0.9934746623039246,0.00015165777585934848,0.006373575422912836,gov,True
161117,2025-01,gov,0,0.9568825960159302,0.016457725316286087,0.026659760624170303,gov,True
161118,2025-01,gov,0,0.9322466254234314,0.044673752039670944,0.02307959645986557,gov,True
161119,2025-01,gov,0,0.9660993814468384,0.023243902251124382,0.010656783357262611,gov,True
161120,2025-01,gov,0,0.9459646940231323,0.03183995187282562,0.02219524048268795,gov,True
161827,2025-01,opo,1,0.02669988013803959,0.9703243374824524,0.002975812880322337,opo,True
161829,2025-01,uncertain,2,0.012960555031895638,0.0007965071708895266,0.9862428903579712,uncertain,True
161830,2025-01,uncertain,2,0.19135767221450806,0.014829745516180992,0.79381263256073,uncertain,True
161831,2025-01,gov,0,0.9629150629043579,0.008155162446200848,0.02892974205315113,gov,True
161832,2025-01,gov,0,0.9304930567741394,0.010174402967095375,0.059332478791475296,gov,True
161833,2025-01,gov,0,0.9229543805122375,0.025447996333241463,0.05159763619303703,gov,True
161834,2025-01,uncertain,2,0.04359946399927139,0.016989650204777718,0.9394108057022095,uncertain,True
161837,2025-01,opo,1,0.03202036768198013,0.9564658403396606,0.011513806879520416,opo,True
161839,2025-01,opo,1,0.04425657168030739,0.9545801877975464,0.0011632716050371528,opo,True
162547,2025-01,opo,1,0.03809846565127373,0.958854079246521,0.0030474483501166105,opo,True
162548,2025-01,uncertain,2,0.04457966983318329,0.06756415218114853,0.8878561854362488,uncertain,True
162549,2025-01,uncertain,2,0.0083782272413373,0.009408674202859402,0.9822131395339966,uncertain,True
162550,2025-01,opo,1,0.06684338301420212,0.9226444959640503,0.010512079112231731,opo,True
162551,2025-01,gov,0,0.9587224721908569,0.013858572579920292,0.02741902694106102,gov,True
162552,2025-01,gov,0,0.9058861136436462,0.017645472660660744,0.07646845281124115,gov,True
162553,2025-01,opo,1,0.14694829285144806,0.848574697971344,0.004477029666304588,opo,True
162554,2025-01,uncertain,2,0.005943106021732092,0.004368668422102928,0.9896882176399231,uncertain,True
162555,2025-01,uncertain,2,0.024050308391451836,0.003903048811480403,0.9720466732978821,uncertain,True
162556,2025-01,gov,0,0.7805578708648682,0.11088228225708008,0.10855989158153534,gov,True
162558,2025-01,opo,1,0.0015635951422154903,0.9981507658958435,0.0002856006321962923,opo,True
162559,2025-01,opo,1,0.013981067575514317,0.9854802489280701,0.0005387127166613936,opo,True
163267,2025-01,opo,1,0.0428549088537693,0.9481915235519409,0.008953523822128773,opo,True
163268,2025-01,uncertain,2,0.00861190352588892,0.013654517941176891,0.9777335524559021,uncertain,True
163269,2025-01,uncertain,2,0.058270592242479324,0.01614975556731224,0.9255796670913696,uncertain,True
163271,2025-01,gov,0,0.988943338394165,0.0013668694300577044,0.009689866565167904,gov,True
163272,2025-01,uncertain,2,0.05584535375237465,0.006659844424575567,0.937494695186615,uncertain,True
163274,2025-01,uncertain,2,0.016962377354502678,0.014230976812541485,0.9688066244125366,uncertain,True
163275,2025-01,uncertain,2,0.007084997836500406,0.0008649694500491023,0.9920499920845032,uncertain,True
163276,2025-01,uncertain,2,0.036616452038288116,0.003506907494738698,0.959876537322998,uncertain,True
163278,2025-01,opo,1,0.04471869766712189,0.9408513307571411,0.01442998368293047,opo,True
163988,2025-01,opo,1,0.012923181988298893,0.9839810729026794,0.003095693653449416,opo,True
163989,2025-01,gov,0,0.9302446842193604,0.06267721205949783,0.007078122813254595,gov,True
163992,2025-01,gov,0,0.7901046872138977,0.20384693145751953,0.006048328243196011,gov,True
163993,2025-01,opo,1,0.12335900962352753,0.8627911806106567,0.01384976226836443,opo,True
163996,2025-01,gov,0,0.940498411655426,0.051118604838848114,0.008383038453757763,gov,True
163998,2025-01,gov,0,0.9222134947776794,0.07105007022619247,0.006736455485224724,gov,True
164709,2025-01,gov,0,0.9911422729492188,0.007902523502707481,0.000955195922870189,gov,True
164710,2025-01,gov,0,0.9862062335014343,0.013554154895246029,0.00023960022372193635,gov,True
164711,2025-01,opo,1,0.09374938905239105,0.9059575796127319,0.00029301393078640103,opo,True
164712,2025-01,gov,0,0.7649414539337158,0.23483605682849884,0.00022253856877796352,gov,True
164713,2025-01,gov,0,0.9004113078117371,0.09107097238302231,0.008517730049788952,gov,True
164714,2025-01,gov,0,0.9085749387741089,0.06087746098637581,0.03054760955274105,gov,True
164715,2025-01,opo,1,0.13004906475543976,0.8616217374801636,0.00832918006926775,opo,True
164716,2025-01,opo,1,0.014257564209401608,0.9848397374153137,0.0009027327178046107,opo,True
165430,2025-01,gov,0,0.9381148815155029,0.02593967504799366,0.03594544157385826,gov,True
165433,2025-01,gov,0,0.9895646572113037,0.009731383062899113,0.0007039323099888861,gov,True
165435,2025-01,opo,1,0.02350972406566143,0.9723439812660217,0.0041463179513812065,opo,True
165436,2025-01,opo,1,0.014359388500452042,0.9845815300941467,0.0010590993333607912,opo,True
166150,2025-01,gov,0,0.953880786895752,0.02052418328821659,0.025594953447580338,gov,True
166152,2025-01,opo,1,0.04869243875145912,0.9466460347175598,0.004661557264626026,opo,True
166154,2025-01,gov,0,0.9911608099937439,0.005892322864383459,0.0029468906577676535,gov,True
166155,2025-01,gov,0,0.8491179943084717,0.13226942718029022,0.01861262507736683,gov,True
166156,2025-01,opo,1,0.007727836258709431,0.990565836429596,0.0017063305713236332,opo,True
166157,2025-01,opo,1,0.01834900863468647,0.9795381426811218,0.002112881513312459,opo,True
166873,2025-01,gov,0,0.8404995203018188,0.0670209601521492,0.09247945994138718,gov,True
166876,2025-01,opo,1,0.007248207926750183,0.9850890040397644,0.007662765681743622,opo,True
166877,2025-01,opo,1,0.006552637554705143,0.9856934547424316,0.00775391049683094,opo,True
167591,2025-01,gov,0,0.8860070109367371,0.018435988575220108,0.09555702656507492,gov,True
167592,2025-01,gov,0,0.9773919582366943,0.006752978544682264,0.01585514470934868,gov,True
167594,2025-01,gov,0,0.9798020124435425,0.0003569290565792471,0.01984107308089733,gov,True
167597,2025-01,opo,1,0.006352379452437162,0.9906046986579895,0.0030429556500166655,opo,True
168313,2025-01,gov,0,0.9795662760734558,0.001987151801586151,0.01844654604792595,gov,True
168316,2025-01,opo,1,0.013146266341209412,0.9855765700340271,0.0012771572219207883,opo,True
168318,2025-01,opo,1,0.029989205300807953,0.9548425674438477,0.01516826543956995,opo,True
169035,2025-01,gov,0,0.9848159551620483,0.003423676360398531,0.011760401539504528,gov,True
169036,2025-01,gov,0,0.9865092635154724,0.011688359081745148,0.001802337123081088,gov,True
169037,2025-01,gov,0,0.981446385383606,0.009204092435538769,0.009349463507533073,gov,True
169756,2025-01,gov,0,0.9913167953491211,0.001672048820182681,0.007011123932898045,gov,True
143838,2025-02,gov,0,0.9278243184089661,0.01384136825799942,0.058334335684776306,gov,True
145998,2025-02,gov,0,0.9724211692810059,0.011874600313603878,0.015704255551099777,gov,True
147437,2025-02,gov,0,0.9712046384811401,0.005330396816134453,0.023465080186724663,gov,True
147438,2025-02,gov,0,0.9738708734512329,0.005853853188455105,0.020275281742215157,gov,True
147439,2025-02,gov,0,0.9754138588905334,0.004375682678073645,0.020210471004247665,gov,True
148158,2025-02,gov,0,0.9696847796440125,0.0085585443302989,0.02175670489668846,gov,True
149597,2025-02,uncertain,2,0.054652098566293716,0.008574504405260086,0.9367733597755432,uncertain,True
150307,2025-02,gov,0,0.9662699699401855,0.0038703044410794973,0.029859645292162895,gov,True
150317,2025-02,gov,0,0.8735848069190979,0.0230419859290123,0.10337314009666443,gov,True
151756,2025-02,gov,0,0.9312832355499268,0.009074130095541477,0.059642691165208817,gov,True
151757,2025-02,uncertain,2,0.033029720187187195,0.0009517779108136892,0.9660184979438782,uncertain,True
152476,2025-02,gov,0,0.997614860534668,0.0005628775106742978,0.0018222645157948136,gov,True
153190,2025-02,gov,0,0.9659735560417175,0.0029684482142329216,0.03105800412595272,gov,True
153191,2025-02,gov,0,0.9358976483345032,0.006829265505075455,0.057273052632808685,gov,True
153192,2025-02,gov,0,0.8725296258926392,0.008966219611465931,0.11850424110889435,gov,True
153193,2025-02,gov,0,0.9775753021240234,0.006102185230702162,0.01632244884967804,gov,True
153196,2025-02,gov,0,0.9296325445175171,0.005603971891105175,0.06476346403360367,gov,True
153197,2025-02,uncertain,2,0.024193478748202324,0.0017532146302983165,0.9740532636642456,uncertain,True
153910,2025-02,gov,0,0.9597667455673218,0.006244436372071505,0.0339888371527195,gov,True
153911,2025-02,gov,0,0.9289147257804871,0.015259405598044395,0.0558258481323719,gov,True
153912,2025-02,gov,0,0.9076743125915527,0.010356420651078224,0.08196926862001419,gov,True
153913,2025-02,gov,0,0.9881090521812439,0.001179088489152491,0.010711852461099625,gov,True
153914,2025-02,gov,0,0.9937561750411987,0.001720399595797062,0.004523446783423424,gov,True
153915,2025-02,gov,0,0.9799492955207825,0.01588345505297184,0.00416730297729373,gov,True
153916,2025-02,gov,0,0.937031626701355,0.05629513040184975,0.006673208437860012,gov,True
153917,2025-02,gov,0,0.9234285950660706,0.06204306706786156,0.014528263360261917,gov,True
153918,2025-02,gov,0,0.9284562468528748,0.05980175733566284,0.011741986498236656,gov,True
154630,2025-02,gov,0,0.9294032454490662,0.05125908926129341,0.019337663426995277,gov,True
154631,2025-02,gov,0,0.9132769703865051,0.038833003491163254,0.047889966517686844,gov,True
154632,2025-02,gov,0,0.9850974082946777,0.0037105761002749205,0.011192088946700096,gov,True
154633,2025-02,gov,0,0.9606702327728271,0.004626526031643152,0.03470325097441673,gov,True
154634,2025-02,gov,0,0.9925633072853088,0.001919461414217949,0.005517309531569481,gov,True
154635,2025-02,gov,0,0.984718918800354,0.008836657740175724,0.006444360129535198,gov,True
154636,2025-02,gov,0,0.9814436435699463,0.01379499863833189,0.0047612786293029785,gov,True
155350,2025-02,opo,1,0.17238067090511322,0.8166900873184204,0.01092923991382122,opo,True
155351,2025-02,gov,0,0.8891721963882446,0.07096680253744125,0.03986106067895889,gov,True
155352,2025-02,gov,0,0.9489081501960754,0.01539641059935093,0.03569555655121803,gov,True
155354,2025-02,gov,0,0.8844732642173767,0.003262243466451764,0.11226450651884079,gov,True
156069,2025-02,opo,1,0.10225570201873779,0.8835366368293762,0.014207657426595688,opo,True
156071,2025-02,gov,0,0.9851104021072388,0.005336129106581211,0.009553486481308937,gov,True
156072,2025-02,gov,0,0.9786609411239624,0.009004170075058937,0.012334942817687988,gov,True
156073,2025-02,gov,0,0.9757909178733826,0.009736825712025166,0.01447224523872137,gov,True
156074,2025-02,gov,0,0.8483290672302246,0.01816541701555252,0.13350547850131989,gov,True
156075,2025-02,uncertain,2,0.023211270570755005,0.019831739366054535,0.9569570422172546,uncertain,True
156788,2025-02,gov,0,0.9775480031967163,0.016170373186469078,0.006281685549765825,gov,True
156789,2025-02,opo,1,0.11051785200834274,0.8660183548927307,0.02346380613744259,opo,True
156791,2025-02,gov,0,0.9891439080238342,0.001479421160183847,0.009376754984259605,gov,True
156792,2025-02,gov,0,0.8894736170768738,0.0013798796571791172,0.10914646089076996,gov,True
156793,2025-02,gov,0,0.9590340852737427,0.0013077680487185717,0.03965809568762779,gov,True
156794,2025-02,gov,0,0.9302557110786438,0.05391355976462364,0.01583070307970047,gov,True
156795,2025-02,opo,1,0.011716842651367188,0.9570778012275696,0.031205354258418083,opo,True
156796,2025-02,opo,1,0.01924927532672882,0.9750109314918518,0.005739842541515827,opo,True
157508,2025-02,gov,0,0.8952913880348206,0.08923003822565079,0.015478603541851044,gov,True
157509,2025-02,opo,1,0.09820474684238434,0.9004033803939819,0.0013918329495936632,opo,True
157510,2025-02,gov,0,0.9030528664588928,0.08539864420890808,0.011548513546586037,gov,True
157511,2025-02,gov,0,0.9818314909934998,0.004284974187612534,0.013883547857403755,gov,True
157513,2025-02,uncertain,2,0.08568429946899414,0.000940813566558063,0.9133748412132263,uncertain,True
157514,2025-02,gov,0,0.8927690386772156,0.031785350292921066,0.07544562220573425,gov,True
157515,2025-02,uncertain,2,0.013814829289913177,0.09462685137987137,0.8915582895278931,uncertain,True
158229,2025-02,opo,1,0.12271593511104584,0.865857720375061,0.011426292359828949,opo,True
158231,2025-02,gov,0,0.9920147657394409,0.0009804180590435863,0.007004781626164913,gov,True
158233,2025-02,gov,0,0.9135175943374634,0.0010425783693790436,0.08543982356786728,gov,True
158235,2025-02,opo,1,0.03346303850412369,0.9572370648384094,0.00929989479482174,opo,True
158236,2025-02,opo,1,0.005021117627620697,0.992771565914154,0.0022073574364185333,opo,True
158237,2025-02,opo,1,0.06098227947950363,0.9267913103103638,0.012226361781358719,opo,True
158238,2025-02,gov,0,0.9872404932975769,0.006346549838781357,0.0064128972589969635,gov,True
158946,2025-02,gov,0,0.8393657803535461,0.14823170006275177,0.012402578257024288,gov,True
158947,2025-02,opo,1,0.027730785310268402,0.9576256275177002,0.014643541537225246,opo,True
158949,2025-02,gov,0,0.9048978090286255,0.07591138780117035,0.01919078454375267,gov,True
158950,2025-02,gov,0,0.9976828098297119,0.0011046179570257664,0.0012125534703955054,gov,True
158951,2025-02,gov,0,0.9926084876060486,0.003699244000017643,0.0036921349819749594,gov,True
158952,2025-02,gov,0,0.9640259742736816,0.007973144762217999,0.02800092287361622,gov,True
158953,2025-02,gov,0,0.9434314966201782,0.021219639107584953,0.03534894436597824,gov,True
158954,2025-02,gov,0,0.9313842058181763,0.049565352499485016,0.01905047707259655,gov,True
158955,2025-02,gov,0,0.8955622315406799,0.0860675573348999,0.018370145931839943,gov,True
158956,2025-02,gov,0,0.9612664580345154,0.03399758040904999,0.004735990427434444,gov,True
158957,2025-02,gov,0,0.9916670918464661,0.007675515487790108,0.0006574147846549749,gov,True
158958,2025-02,gov,0,0.9774617552757263,0.019131721928715706,0.003406552830711007,gov,True
158960,2025-02,gov,0,0.9549494981765747,0.019973676651716232,0.02507677488029003,gov,True
159665,2025-02,opo,1,0.09233742952346802,0.8508015275001526,0.05686105415225029,opo,True
159666,2025-02,opo,1,0.002435236470773816,0.9960156083106995,0.0015491548692807555,opo,True
159667,2025-02,opo,1,0.0006835135282017291,0.9991174340248108,0.00019903275824617594,opo,True
159668,2025-02,opo,1,0.01669839397072792,0.9812240600585938,0.002077571116387844,opo,True
159670,2025-02,gov,0,0.9851284623146057,0.00026232036179862916,0.01460923533886671,gov,True
159671,2025-02,gov,0,0.9964669942855835,0.0012232422595843673,0.0023096927907317877,gov,True
159672,2025-02,gov,0,0.9930363297462463,0.002873326651751995,0.004090366419404745,gov,True
159673,2025-02,gov,0,0.9935374855995178,0.0036216063890606165,0.0028408265206962824,gov,True
159674,2025-02,gov,0,0.9947180151939392,0.003536587581038475,0.0017453540349379182,gov,True
159675,2025-02,gov,0,0.9895093441009521,0.0022629343438893557,0.008227730169892311,gov,True
159676,2025-02,gov,0,0.9879239201545715,0.003986193798482418,0.008089972659945488,gov,True
159679,2025-02,gov,0,0.9508211016654968,0.028995051980018616,0.020183725282549858,gov,True
159680,2025-02,gov,0,0.9164279103279114,0.042979318648576736,0.04059281572699547,gov,True
160386,2025-02,opo,1,0.030129067599773407,0.962396502494812,0.007474447600543499,opo,True
160388,2025-02,opo,1,0.013360874727368355,0.9691715240478516,0.017467638477683067,opo,True
160389,2025-02,uncertain,2,0.029114384204149246,0.04373294487595558,0.927152693271637,uncertain,True
160390,2025-02,uncertain,2,0.147188201546669,0.0015450159553438425,0.8512667417526245,uncertain,True
160391,2025-02,gov,0,0.9222072958946228,0.007046221289783716,0.07074643671512604,gov,True
160392,2025-02,gov,0,0.9629011750221252,0.002541271038353443,0.034557588398456573,gov,True
160393,2025-02,gov,0,0.9724429845809937,0.013319629244506359,0.014237457886338234,gov,True
160394,2025-02,gov,0,0.9727291464805603,0.005358162336051464,0.021912595257163048,gov,True
160396,2025-02,gov,0,0.9615780711174011,0.002473423257470131,0.035948511213064194,gov,True
160397,2025-02,gov,0,0.9856085777282715,0.010238596238195896,0.0041528488509356976,gov,True
160399,2025-02,gov,0,0.9845923781394958,0.004887533374130726,0.01052005123347044,gov,True
160400,2025-02,gov,0,0.9218557476997375,0.04496397823095322,0.03318024054169655,gov,True
161107,2025-02,opo,1,0.008655003271996975,0.9879823923110962,0.003362583927810192,opo,True
161109,2025-02,uncertain,2,0.010014261119067669,0.0012003385927528143,0.9887855052947998,uncertain,True
161110,2025-02,gov,0,0.9552590250968933,0.002113757422193885,0.0426272451877594,gov,True
161111,2025-02,gov,0,0.9969301819801331,0.0017273153644055128,0.0013425239594653249,gov,True
161112,2025-02,gov,0,0.9862654805183411,0.006228323560208082,0.007506110705435276,gov,True
161113,2025-02,gov,0,0.9894857406616211,0.004496690817177296,0.006017552688717842,gov,True
161116,2025-02,gov,0,0.9907734394073486,0.00016170389426406473,0.009064925834536552,gov,True
161117,2025-02,gov,0,0.9556885957717896,0.02332391031086445,0.020987527444958687,gov,True
161118,2025-02,gov,0,0.9448673725128174,0.029747212305665016,0.025385387241840363,gov,True
161119,2025-02,gov,0,0.9739975929260254,0.016387494280934334,0.009614959359169006,gov,True
161120,2025-02,gov,0,0.9529855847358704,0.024946413934230804,0.022067930549383163,gov,True
161827,2025-02,opo,1,0.011196197010576725,0.9873959422111511,0.0014078074600547552,opo,True
161829,2025-02,uncertain,2,0.0026142054703086615,0.0015499943401664495,0.9958357810974121,uncertain,True
161830,2025-02,uncertain,2,0.09311670064926147,0.03264373913407326,0.8742396235466003,uncertain,True
161831,2025-02,gov,0,0.9651764035224915,0.01762320101261139,0.017200378701090813,gov,True
161832,2025-02,gov,0,0.9365888833999634,0.03521835431456566,0.028192805126309395,gov,True
161833,2025-02,gov,0,0.8758193254470825,0.0835336372256279,0.040647029876708984,gov,True
161834,2025-02,uncertain,2,0.031164009124040604,0.031151216477155685,0.9376848340034485,uncertain,True
161837,2025-02,opo,1,0.028379017487168312,0.9615499377250671,0.010070990771055222,opo,True
161839,2025-02,opo,1,0.030665678903460503,0.9684218764305115,0.0009123716154135764,opo,True
162547,2025-02,opo,1,0.016908228397369385,0.9800783395767212,0.00301339547149837,opo,True
162548,2025-02,uncertain,2,0.0392659492790699,0.3543771803379059,0.6063569188117981,uncertain,True
162549,2025-02,uncertain,2,0.005090075545012951,0.028808627277612686,0.9661012887954712,uncertain,True
162550,2025-02,opo,1,0.028925854712724686,0.9636408090591431,0.007433362305164337,opo,True
162551,2025-02,gov,0,0.9547534584999084,0.02646617591381073,0.018780328333377838,gov,True
162552,2025-02,gov,0,0.9203381538391113,0.03825478255748749,0.041407033801078796,gov,True
162553,2025-02,opo,1,0.08084902912378311,0.9109985828399658,0.008152419701218605,opo,True
162554,2025-02,uncertain,2,0.004638475365936756,0.004188008606433868,0.9911735653877258,uncertain,True
162555,2025-02,uncertain,2,0.01761251874268055,0.002256950130686164,0.9801305532455444,uncertain,True
162556,2025-02,gov,0,0.8081421852111816,0.12062618136405945,0.07123168557882309,gov,True
162558,2025-02,opo,1,0.0012145476648584008,0.9986086487770081,0.00017685917555354536,opo,True
162559,2025-02,opo,1,0.007719955872744322,0.9919074773788452,0.0003726386639755219,opo,True
163267,2025-02,opo,1,0.027860073372721672,0.9654462337493896,0.006693716160953045,opo,True
163268,2025-02,uncertain,2,0.009123639203608036,0.048369310796260834,0.9425070881843567,uncertain,True
163269,2025-02,uncertain,2,0.04017719253897667,0.042001426219940186,0.91782146692276,uncertain,True
163271,2025-02,gov,0,0.9855802655220032,0.003773412434384227,0.010646220296621323,gov,True
163272,2025-02,uncertain,2,0.023050012066960335,0.003069051308557391,0.9738808870315552,uncertain,True
163274,2025-02,uncertain,2,0.0069918460212647915,0.013884744606912136,0.9791234731674194,uncertain,True
163275,2025-02,uncertain,2,0.002869558986276388,0.00024007797765079886,0.9968903660774231,uncertain,True
163276,2025-02,uncertain,2,0.037593357264995575,0.0018912769155576825,0.9605154395103455,uncertain,True
163278,2025-02,opo,1,0.016645364463329315,0.9788870811462402,0.004467551130801439,opo,True
163988,2025-02,opo,1,0.013348259963095188,0.9836004376411438,0.0030512844678014517,opo,True
163989,2025-02,gov,0,0.9487495422363281,0.0449991412460804,0.006251316983252764,gov,True
163992,2025-02,gov,0,0.8224784135818481,0.16774755716323853,0.009774059057235718,gov,True
163993,2025-02,opo,1,0.1212507113814354,0.8656172156333923,0.013132075779139996,opo,True
163996,2025-02,gov,0,0.9565069675445557,0.027138078585267067,0.016355019062757492,gov,True
163998,2025-02,gov,0,0.869649350643158,0.12287820875644684,0.007472476921975613,gov,True
164709,2025-02,gov,0,0.9912042021751404,0.005748665425926447,0.003047076053917408,gov,True
164710,2025-02,gov,0,0.9851227402687073,0.014707494527101517,0.0001696407562121749,gov,True
164711,2025-02,opo,1,0.05831925570964813,0.9413475394248962,0.00033319537760689855,opo,True
164712,2025-02,gov,0,0.7826558351516724,0.2170136719942093,0.0003304877318441868,gov,True
164713,2025-02,gov,0,0.7930437326431274,0.18627409636974335,0.020682238042354584,gov,True
164714,2025-02,gov,0,0.8951863050460815,0.0481392927467823,0.05667440593242645,gov,True
164715,2025-02,opo,1,0.1753876805305481,0.799604058265686,0.025008225813508034,opo,True
164716,2025-02,opo,1,0.0079481340944767,0.9909788370132446,0.0010730051435530186,opo,True
165430,2025-02,gov,0,0.94223552942276,0.027499523013830185,0.03026495687663555,gov,True
165433,2025-02,gov,0,0.9450774788856506,0.0536377914249897,0.0012847243342548609,gov,True
165435,2025-02,opo,1,0.018239464610815048,0.9786785244941711,0.003082013688981533,opo,True
165436,2025-02,opo,1,0.00564778596162796,0.9941577911376953,0.00019437208538874984,opo,True
166150,2025-02,gov,0,0.9785745143890381,0.010787143371999264,0.0106383441016078,gov,True
166152,2025-02,opo,1,0.040670786052942276,0.956075131893158,0.003254032926633954,opo,True
166154,2025-02,gov,0,0.9923011064529419,0.0026198411360383034,0.0050790379755198956,gov,True
166155,2025-02,gov,0,0.9287292957305908,0.0584835484623909,0.012787186540663242,gov,True
166156,2025-02,opo,1,0.011266461573541164,0.9878749251365662,0.0008586723124608397,opo,True
166157,2025-02,opo,1,0.01619764044880867,0.9832468628883362,0.0005554992239922285,opo,True
166873,2025-02,gov,0,0.9425988793373108,0.02350628934800625,0.03389478102326393,gov,True
166876,2025-02,opo,1,0.01587546057999134,0.9751807451248169,0.008943825028836727,opo,True
166877,2025-02,opo,1,0.006524518132209778,0.9853899478912354,0.008085468783974648,opo,True
167591,2025-02,gov,0,0.9555596709251404,0.00787253025919199,0.036567773669958115,gov,True
167592,2025-02,gov,0,0.9873542189598083,0.004082647617906332,0.008563144132494926,gov,True
167594,2025-02,gov,0,0.9807999134063721,0.00018670585996005684,0.0190134160220623,gov,True
167597,2025-02,opo,1,0.007662652060389519,0.9882439374923706,0.004093378782272339,opo,True
168313,2025-02,gov,0,0.9884994626045227,0.0011107920436188579,0.010389858856797218,gov,True
168316,2025-02,opo,1,0.015330234542489052,0.9834061861038208,0.0012636074097827077,opo,True
168318,2025-02,opo,1,0.021637430414557457,0.9609448909759521,0.01741763949394226,opo,True
169035,2025-02,gov,0,0.984176754951477,0.0062923370860517025,0.009530902840197086,gov,True
169036,2025-02,gov,0,0.979417622089386,0.01696159690618515,0.0036208450328558683,gov,True
169037,2025-02,gov,0,0.967253565788269,0.013019965030252934,0.019726475700736046,gov,True
169756,2025-02,gov,0,0.9896731376647949,0.0017928783781826496,0.008533952757716179,gov,True
143838,2025-03,gov,0,0.937358021736145,0.01264880783855915,0.049993209540843964,gov,True
145998,2025-03,gov,0,0.9679341316223145,0.011166051961481571,0.020899826660752296,gov,True
147437,2025-03,gov,0,0.9813278317451477,0.0034297972451895475,0.015242299996316433,gov,True
147438,2025-03,gov,0,0.9828792214393616,0.0034795235842466354,0.013641241937875748,gov,True
147439,2025-03,gov,0,0.9768781661987305,0.0033517286647111177,0.019770154729485512,gov,True
148158,2025-03,gov,0,0.9686482548713684,0.006417873315513134,0.02493385225534439,gov,True
149597,2025-03,uncertain,2,0.030543096363544464,0.003412619698792696,0.9660443067550659,uncertain,True
150307,2025-03,gov,0,0.9414000511169434,0.0055825491435825825,0.05301733687520027,gov,True
150317,2025-03,gov,0,0.6977047920227051,0.03875070437788963,0.2635445296764374,gov,True
151756,2025-03,gov,0,0.9698272347450256,0.008693890646100044,0.021478833630681038,gov,True
151757,2025-03,uncertain,2,0.06681900471448898,0.0033877938985824585,0.9297931790351868,uncertain,True
152476,2025-03,gov,0,0.9987505674362183,0.00046355585800483823,0.0007859239121899009,gov,True
153190,2025-03,gov,0,0.9774332642555237,0.0030498041305691004,0.019516946747899055,gov,True
153191,2025-03,gov,0,0.9466689825057983,0.010803712531924248,0.04252730309963226,gov,True
153192,2025-03,gov,0,0.8682196736335754,0.013208306394517422,0.11857197433710098,gov,True
153193,2025-03,gov,0,0.9602159857749939,0.011924522928893566,0.02785947173833847,gov,True
153196,2025-03,gov,0,0.9442082643508911,0.009501908905804157,0.046289801597595215,gov,True
153197,2025-03,uncertain,2,0.019873207435011864,0.0006454781396314502,0.9794812798500061,uncertain,True
153910,2025-03,gov,0,0.9741469025611877,0.004775635898113251,0.021077482029795647,gov,True
153911,2025-03,gov,0,0.9367543458938599,0.01680769771337509,0.046437978744506836,gov,True
153912,2025-03,gov,0,0.828036367893219,0.017184432595968246,0.15477919578552246,gov,True
153913,2025-03,gov,0,0.9801387786865234,0.0022787211928516626,0.01758243329823017,gov,True
153914,2025-03,gov,0,0.9934388995170593,0.00300857936963439,0.0035525690764188766,gov,True
153915,2025-03,gov,0,0.9660356044769287,0.029230697080492973,0.004733703564852476,gov,True
153916,2025-03,gov,0,0.9350774884223938,0.05806468427181244,0.00685786223039031,gov,True
153917,2025-03,gov,0,0.9478798508644104,0.032301902770996094,0.019818292930722237,gov,True
153918,2025-03,gov,0,0.9529197812080383,0.034694258123636246,0.012385949492454529,gov,True
154630,2025-03,gov,0,0.9469538927078247,0.0421636700630188,0.010882390663027763,gov,True
154631,2025-03,gov,0,0.9572570323944092,0.017246805131435394,0.025496136397123337,gov,True
154632,2025-03,gov,0,0.9736337065696716,0.00195600395090878,0.02441038377583027,gov,True
154633,2025-03,gov,0,0.9786294102668762,0.002781576244160533,0.018588971346616745,gov,True
154634,2025-03,gov,0,0.9943988919258118,0.0022098880726844072,0.0033912749495357275,gov,True
154635,2025-03,gov,0,0.9720767140388489,0.01909465529024601,0.008828544057905674,gov,True
154636,2025-03,gov,0,0.9377049207687378,0.031297337263822556,0.030997736379504204,gov,True
155350,2025-03,opo,1,0.18681351840496063,0.806827962398529,0.006358572747558355,opo,True
155351,2025-03,gov,0,0.9579142332077026,0.025800008326768875,0.01628575101494789,gov,True
155352,2025-03,gov,0,0.9651398062705994,0.0058515300042927265,0.029008695855736732,gov,True
155354,2025-03,gov,0,0.8407416343688965,0.005715834908187389,0.15354257822036743,gov,True
156069,2025-03,opo,1,0.09384681284427643,0.9004257917404175,0.005727424286305904,opo,True
156071,2025-03,gov,0,0.9918808341026306,0.0022088235709816217,0.005910355132073164,gov,True
156072,2025-03,gov,0,0.9883325695991516,0.0017807009862735868,0.009886691346764565,gov,True
156073,2025-03,gov,0,0.9916040301322937,0.0019442910561338067,0.006451724097132683,gov,True
156074,2025-03,gov,0,0.9279062151908875,0.009904077276587486,0.06218978762626648,gov,True
156075,2025-03,uncertain,2,0.009858159348368645,0.01725384034216404,0.9728879928588867,uncertain,True
156788,2025-03,gov,0,0.9672433137893677,0.02188401110470295,0.010872753337025642,gov,True
156789,2025-03,opo,1,0.05979884788393974,0.9229951500892639,0.017206037417054176,opo,True
156791,2025-03,gov,0,0.9890930652618408,0.0013198720989748836,0.009587039239704609,gov,True
156792,2025-03,gov,0,0.9223216772079468,0.00029277795692905784,0.07738552987575531,gov,True
156793,2025-03,gov,0,0.9698108434677124,0.00023238782887347043,0.029956763610243797,gov,True
156794,2025-03,gov,0,0.9525394439697266,0.03712759539484978,0.010333004407584667,gov,True
156795,2025-03,opo,1,0.004292776342481375,0.9566178917884827,0.039089351892471313,opo,True
156796,2025-03,opo,1,0.00531993992626667,0.9925534129142761,0.002126595238223672,opo,True
157508,2025-03,gov,0,0.8636906147003174,0.1136297732591629,0.022679593414068222,gov,True
157509,2025-03,opo,1,0.05552370473742485,0.9411373734474182,0.0033388736192137003,opo,True
157510,2025-03,gov,0,0.9220057129859924,0.06426795572042465,0.013726338744163513,gov,True
157511,2025-03,gov,0,0.9890751242637634,0.002312648808583617,0.008612291887402534,gov,True
157513,2025-03,uncertain,2,0.11265120655298233,0.00044151960173621774,0.8869072198867798,uncertain,True
157514,2025-03,gov,0,0.9017579555511475,0.04292728006839752,0.05531475320458412,gov,True
157515,2025-03,opo,1,0.01415712758898735,0.5441884398460388,0.44165441393852234,opo,True
158229,2025-03,opo,1,0.10102125257253647,0.8828132748603821,0.01616550423204899,opo,True
158231,2025-03,gov,0,0.9955765008926392,0.0003422630252316594,0.004081245977431536,gov,True
158233,2025-03,gov,0,0.8995378613471985,0.001311085419729352,0.09915109723806381,gov,True
158235,2025-03,opo,1,0.018373578786849976,0.9791678190231323,0.0024586429353803396,opo,True
158236,2025-03,opo,1,0.003515281481668353,0.9948278069496155,0.0016568962018936872,opo,True
158237,2025-03,opo,1,0.04810678958892822,0.9444764256477356,0.007416787091642618,opo,True
158238,2025-03,gov,0,0.970690131187439,0.021810196340084076,0.007499652449041605,gov,True
158946,2025-03,gov,0,0.8046597838401794,0.16542799770832062,0.02991219237446785,gov,True
158947,2025-03,opo,1,0.01789415255188942,0.970487654209137,0.011618152260780334,opo,True
158949,2025-03,gov,0,0.8988091945648193,0.05442940071225166,0.046761419624090195,gov,True
158950,2025-03,gov,0,0.9954131245613098,0.00044604361755773425,0.004140889272093773,gov,True
158951,2025-03,gov,0,0.9927201271057129,0.0031590410508215427,0.00412085372954607,gov,True
158952,2025-03,gov,0,0.9678741693496704,0.013427097350358963,0.01869872584939003,gov,True
158953,2025-03,gov,0,0.9142709374427795,0.015643443912267685,0.07008548825979233,gov,True
158954,2025-03,gov,0,0.9483997225761414,0.03785993531346321,0.01374027132987976,gov,True
158955,2025-03,gov,0,0.8854801654815674,0.1003725528717041,0.014147207140922546,gov,True
158956,2025-03,gov,0,0.9851135015487671,0.011662842705845833,0.0032236415427178144,gov,True
158957,2025-03,gov,0,0.9965016841888428,0.002727271057665348,0.000771057850215584,gov,True
158958,2025-03,gov,0,0.9880605936050415,0.010113962925970554,0.0018254201859235764,gov,True
158960,2025-03,gov,0,0.9515225887298584,0.02010504901409149,0.028372379019856453,gov,True
159665,2025-03,opo,1,0.09211771190166473,0.8238828778266907,0.08399944752454758,opo,True
159666,2025-03,opo,1,0.0032006290275603533,0.9951411485671997,0.0016582743264734745,opo,True
159667,2025-03,opo,1,0.000510481942910701,0.9993137121200562,0.00017579727864358574,opo,True
159668,2025-03,opo,1,0.030108194798231125,0.9664977788925171,0.0033940852154046297,opo,True
159670,2025-03,gov,0,0.9782505631446838,0.00012651571887545288,0.021622952073812485,gov,True
159671,2025-03,gov,0,0.9966524243354797,0.00233717099763453,0.001010516076348722,gov,True
159672,2025-03,gov,0,0.9975888729095459,0.0013638199307024479,0.0010473276488482952,gov,True
159673,2025-03,gov,0,0.9942007064819336,0.002669276436790824,0.003130098106339574,gov,True
159674,2025-03,gov,0,0.9938997030258179,0.005080149043351412,0.001020164112560451,gov,True
159675,2025-03,gov,0,0.9873239994049072,0.0038772979751229286,0.008798668161034584,gov,True
159676,2025-03,gov,0,0.9854310750961304,0.002857617102563381,0.011711264960467815,gov,True
159679,2025-03,gov,0,0.9591139554977417,0.027773480862379074,0.013112496584653854,gov,True
159680,2025-03,gov,0,0.9130132794380188,0.045280128717422485,0.04170658066868782,gov,True
160386,2025-03,opo,1,0.0402611568570137,0.9509114623069763,0.008827405981719494,opo,True
160388,2025-03,opo,1,0.01189329195767641,0.9711712002754211,0.01693553850054741,opo,True
160389,2025-03,uncertain,2,0.013776290230453014,0.055982086807489395,0.930241584777832,uncertain,True
160390,2025-03,uncertain,2,0.07167527079582214,0.0010924943489953876,0.9272322654724121,uncertain,True
160391,2025-03,gov,0,0.9664099216461182,0.007578149437904358,0.026011871173977852,gov,True
160392,2025-03,gov,0,0.991655707359314,0.0012115960707888007,0.007132713217288256,gov,True
160393,2025-03,gov,0,0.9859610795974731,0.008295180276036263,0.005743679590523243,gov,True
160394,2025-03,gov,0,0.9799189567565918,0.006588527467101812,0.013492557220160961,gov,True
160396,2025-03,gov,0,0.9765976071357727,0.0014052754268050194,0.021997058764100075,gov,True
160397,2025-03,gov,0,0.9876954555511475,0.008144552819430828,0.004159909673035145,gov,True
160399,2025-03,gov,0,0.9863802790641785,0.005225747358053923,0.008393960073590279,gov,True
160400,2025-03,gov,0,0.9249754548072815,0.04851994663476944,0.02650456689298153,gov,True
161107,2025-03,opo,1,0.01000281237065792,0.9851275086402893,0.0048696682788431644,opo,True
161109,2025-03,uncertain,2,0.003073974046856165,0.0005042694392614067,0.9964218139648438,uncertain,True
161110,2025-03,gov,0,0.9269409775733948,0.0024069228675216436,0.07065214216709137,gov,True
161111,2025-03,gov,0,0.9978833794593811,0.0014406066620722413,0.0006759886746294796,gov,True
161112,2025-03,gov,0,0.9963405132293701,0.0016927896067500114,0.0019667944870889187,gov,True
161113,2025-03,gov,0,0.99528968334198,0.0023211806546896696,0.0023890549782663584,gov,True
161116,2025-03,gov,0,0.9965685606002808,0.00010058972839033231,0.0033308423589915037,gov,True
161117,2025-03,gov,0,0.967620849609375,0.017649218440055847,0.014729907736182213,gov,True
161118,2025-03,gov,0,0.900094211101532,0.06751982867717743,0.03238590434193611,gov,True
161119,2025-03,gov,0,0.9614821672439575,0.026445021852850914,0.012072760611772537,gov,True
161120,2025-03,gov,0,0.9320791363716125,0.039746321737766266,0.02817460335791111,gov,True
161827,2025-03,opo,1,0.01831948384642601,0.9795613884925842,0.002119149314239621,opo,True
161829,2025-03,uncertain,2,0.00447579100728035,0.0010457283351570368,0.9944784641265869,uncertain,True
161830,2025-03,uncertain,2,0.12640108168125153,0.025646699592471123,0.8479523062705994,uncertain,True
161831,2025-03,gov,0,0.9860652685165405,0.00720206368714571,0.006732629146426916,gov,True
161832,2025-03,gov,0,0.9545746445655823,0.013670695945620537,0.031754691153764725,gov,True
161833,2025-03,gov,0,0.9339410662651062,0.04523799940943718,0.02082100510597229,gov,True
161834,2025-03,uncertain,2,0.05607049539685249,0.059720512479543686,0.8842090368270874,uncertain,True
161837,2025-03,opo,1,0.021888624876737595,0.9732523560523987,0.004859032109379768,opo,True
161839,2025-03,opo,1,0.030921263620257378,0.9674686193466187,0.0016100781504064798,opo,True
162547,2025-03,opo,1,0.021206941455602646,0.9774166345596313,0.0013763941824436188,opo,True
162548,2025-03,uncertain,2,0.11699303984642029,0.32157477736473083,0.5614321827888489,uncertain,True
162549,2025-03,uncertain,2,0.00790256354957819,0.010996365919709206,0.9811011552810669,uncertain,True
162550,2025-03,opo,1,0.06937805563211441,0.9120195508003235,0.018602412194013596,opo,True
162551,2025-03,gov,0,0.9583158493041992,0.014464094303548336,0.027220116928219795,gov,True
162552,2025-03,gov,0,0.9407541751861572,0.018609827384352684,0.04063602536916733,gov,True
162553,2025-03,opo,1,0.12351959943771362,0.871464192867279,0.00501622399315238,opo,True
162554,2025-03,uncertain,2,0.004608759190887213,0.005389349535107613,0.9900017976760864,uncertain,True
162555,2025-03,uncertain,2,0.01787916012108326,0.0014094418147578835,0.9807114005088806,uncertain,True
162556,2025-03,gov,0,0.8093688488006592,0.09816011041402817,0.09247099608182907,gov,True
162558,2025-03,opo,1,0.003078815992921591,0.9965019226074219,0.0004192465858068317,opo,True
162559,2025-03,opo,1,0.014130210503935814,0.9852011203765869,0.0006687155109830201,opo,True
163267,2025-03,opo,1,0.02331594005227089,0.971693754196167,0.0049902768805623055,opo,True
163268,2025-03,uncertain,2,0.010016010142862797,0.02074853889644146,0.9692354798316956,uncertain,True
163269,2025-03,uncertain,2,0.0504380539059639,0.015093136578798294,0.9344688057899475,uncertain,True
163271,2025-03,gov,0,0.9879974126815796,0.0012268552090972662,0.010775634087622166,gov,True
163272,2025-03,uncertain,2,0.04594753310084343,0.003977746237069368,0.9500747323036194,uncertain,True
163274,2025-03,uncertain,2,0.00830906257033348,0.014122037217020988,0.9775689244270325,uncertain,True
163275,2025-03,uncertain,2,0.005809835158288479,0.00017523005953989923,0.9940149188041687,uncertain,True
163276,2025-03,uncertain,2,0.07879184186458588,0.004918904975056648,0.9162892699241638,uncertain,True
163278,2025-03,opo,1,0.02678878791630268,0.9661846160888672,0.007026625331491232,opo,True
163988,2025-03,opo,1,0.020736075937747955,0.9709025621414185,0.008361353538930416,opo,True
163989,2025-03,gov,0,0.9745175242424011,0.021407095715403557,0.004075428005307913,gov,True
163992,2025-03,gov,0,0.8190776109695435,0.17401926219463348,0.006903083063662052,gov,True
163993,2025-03,opo,1,0.07822480797767639,0.9114672541618347,0.010307942517101765,opo,True
163996,2025-03,gov,0,0.930875837802887,0.0558672770857811,0.013256967067718506,gov,True
163998,2025-03,gov,0,0.7967188954353333,0.1834399700164795,0.01984112337231636,gov,True
164709,2025-03,gov,0,0.9916369318962097,0.005842910148203373,0.002520157489925623,gov,True
164710,2025-03,gov,0,0.986984133720398,0.012696389108896255,0.00031940214103087783,gov,True
164711,2025-03,opo,1,0.0508301816880703,0.9489338994026184,0.0002359245263505727,opo,True
164712,2025-03,gov,0,0.7104161381721497,0.28941723704338074,0.00016659146058373153,gov,True
164713,2025-03,gov,0,0.8019072413444519,0.1890498548746109,0.009042882360517979,gov,True
164714,2025-03,gov,0,0.8959007263183594,0.0620502345263958,0.042049068957567215,gov,True
164715,2025-03,opo,1,0.14041784405708313,0.838270902633667,0.021311238408088684,opo,True
164716,2025-03,opo,1,0.010917876847088337,0.9883309006690979,0.0007512513548135757,opo,True
165430,2025-03,gov,0,0.9445239305496216,0.02484748698771,0.03062858246266842,gov,True
165433,2025-03,gov,0,0.9407680034637451,0.05820738524198532,0.0010245668236166239,gov,True
165435,2025-03,opo,1,0.038827475160360336,0.9530325531959534,0.008139895275235176,opo,True
165436,2025-03,opo,1,0.011050707660615444,0.9887485504150391,0.0002007911098189652,opo,True
166150,2025-03,gov,0,0.9767111539840698,0.01024729572236538,0.013041519559919834,gov,True
166152,2025-03,opo,1,0.027736561372876167,0.9695799350738525,0.0026835245080292225,opo,True
166154,2025-03,gov,0,0.9917952418327332,0.0023075041826814413,0.005897208116948605,gov,True
166155,2025-03,gov,0,0.927382230758667,0.04973429813981056,0.0228834580630064,gov,True
166156,2025-03,opo,1,0.012264342978596687,0.9864174127578735,0.0013182745315134525,opo,True
166157,2025-03,opo,1,0.01520652137696743,0.9843723773956299,0.0004211094055790454,opo,True
166873,2025-03,gov,0,0.9550715088844299,0.020529411733150482,0.024399153888225555,gov,True
166876,2025-03,opo,1,0.009425092488527298,0.9863457083702087,0.004229196812957525,opo,True
166877,2025-03,opo,1,0.013192402198910713,0.9814841747283936,0.005323427729308605,opo,True
167591,2025-03,gov,0,0.9626601338386536,0.006253649480640888,0.031086232513189316,gov,True
167592,2025-03,gov,0,0.9907549023628235,0.0026827857363969088,0.0065623000264167786,gov,True
167594,2025-03,gov,0,0.9828948974609375,0.0006029890500940382,0.016502154991030693,gov,True
167597,2025-03,opo,1,0.01716022565960884,0.9757025837898254,0.007137187756597996,opo,True
168313,2025-03,gov,0,0.9872057437896729,0.002416512230411172,0.010377694852650166,gov,True
168316,2025-03,opo,1,0.021605433896183968,0.9767249226570129,0.0016696070088073611,opo,True
168318,2025-03,opo,1,0.023209014907479286,0.9490224719047546,0.027768559753894806,opo,True
169035,2025-03,gov,0,0.9827910661697388,0.00482072401791811,0.012388237752020359,gov,True
169036,2025-03,gov,0,0.9894605278968811,0.008073512464761734,0.0024659340269863605,gov,True
169037,2025-03,gov,0,0.9874027967453003,0.005596029106527567,0.007001113146543503,gov,True
169756,2025-03,gov,0,0.9884273409843445,0.002219259040430188,0.00935348216444254,gov,True
143838,2025-04,gov,0,0.9216942191123962,0.012830023653805256,0.06547575443983078,gov,True
145998,2025-04,gov,0,0.9678435921669006,0.010856015607714653,0.02130032703280449,gov,True
147437,2025-04,gov,0,0.9853794574737549,0.0021702612284570932,0.012450270354747772,gov,True
147438,2025-04,gov,0,0.9882082343101501,0.0015062240418046713,0.010285538621246815,gov,True
147439,2025-04,gov,0,0.9805688858032227,0.002087028929963708,0.017344072461128235,gov,True
148158,2025-04,gov,0,0.9775762557983398,0.004560524597764015,0.017863191664218903,gov,True
149597,2025-04,uncertain,2,0.04994085803627968,0.0046983216889202595,0.9453607797622681,uncertain,True
150307,2025-04,gov,0,0.94695645570755,0.0051378002390265465,0.04790577292442322,gov,True
150317,2025-04,gov,0,0.7911770939826965,0.02801140956580639,0.1808115392923355,gov,True
151756,2025-04,gov,0,0.9214974641799927,0.01611083187162876,0.06239169463515282,gov,True
151757,2025-04,uncertain,2,0.0489974245429039,0.0025387543719261885,0.9484637379646301,uncertain,True
152476,2025-04,gov,0,0.9980073571205139,0.0007184710120782256,0.0012741374084725976,gov,True
153190,2025-04,gov,0,0.9785906076431274,0.0051852199248969555,0.0162242092192173,gov,True
153191,2025-04,gov,0,0.9446413516998291,0.008942895568907261,0.04641576483845711,gov,True
153192,2025-04,gov,0,0.8834283351898193,0.0043012299574911594,0.11227041482925415,gov,True
153193,2025-04,gov,0,0.9613474011421204,0.006766671780496836,0.03188593313097954,gov,True
153196,2025-04,gov,0,0.979822039604187,0.0026468010619282722,0.01753116585314274,gov,True
153197,2025-04,uncertain,2,0.016748078167438507,0.00041406528907828033,0.9828379154205322,uncertain,True
153910,2025-04,gov,0,0.9726715087890625,0.008371097967028618,0.01895735040307045,gov,True
153911,2025-04,gov,0,0.949912965297699,0.010786999017000198,0.03930003568530083,gov,True
153912,2025-04,gov,0,0.9030627608299255,0.008103073574602604,0.08883417397737503,gov,True
153913,2025-04,gov,0,0.9885166883468628,0.0017737431917339563,0.009709550999104977,gov,True
153914,2025-04,gov,0,0.991919994354248,0.0019973753951489925,0.0060825892724096775,gov,True
153915,2025-04,gov,0,0.9873336553573608,0.007564689964056015,0.005101622082293034,gov,True
153916,2025-04,gov,0,0.9571282863616943,0.03429143875837326,0.008580287918448448,gov,True
153917,2025-04,gov,0,0.9189193248748779,0.041876234114170074,0.039204396307468414,gov,True
153918,2025-04,gov,0,0.8926712274551392,0.08251165598630905,0.02481713332235813,gov,True
154630,2025-04,gov,0,0.9084929823875427,0.07867899537086487,0.012828015722334385,gov,True
154631,2025-04,gov,0,0.946469783782959,0.02833075262606144,0.0251994077116251,gov,True
154632,2025-04,gov,0,0.9848264455795288,0.0024863318540155888,0.012687180191278458,gov,True
154633,2025-04,gov,0,0.9855886101722717,0.0023659944999963045,0.012045273557305336,gov,True
154634,2025-04,gov,0,0.9953762292861938,0.001388751668855548,0.0032349221874028444,gov,True
154635,2025-04,gov,0,0.9882466197013855,0.006793308537453413,0.004960101563483477,gov,True
154636,2025-04,gov,0,0.9656338691711426,0.020029492676258087,0.014336729422211647,gov,True
155350,2025-04,opo,1,0.2802653908729553,0.703597903251648,0.016136694699525833,opo,True
155351,2025-04,gov,0,0.894133448600769,0.06043364480137825,0.045432910323143005,gov,True
155352,2025-04,gov,0,0.9339483976364136,0.014172794297337532,0.05187879875302315,gov,True
155354,2025-04,gov,0,0.9503982067108154,0.00141060259193182,0.04819119721651077,gov,True
156069,2025-04,opo,1,0.05557381361722946,0.9419640302658081,0.002462120493873954,opo,True
156071,2025-04,gov,0,0.9845096468925476,0.0032435955945402384,0.012246842496097088,gov,True
156072,2025-04,gov,0,0.9830632209777832,0.004851589445024729,0.01208527758717537,gov,True
156073,2025-04,gov,0,0.9853758215904236,0.005786343012005091,0.008837764151394367,gov,True
156074,2025-04,gov,0,0.961284875869751,0.008638854138553143,0.030076198279857635,gov,True
156075,2025-04,uncertain,2,0.011910823173820972,0.003922629170119762,0.9841665029525757,uncertain,True
156788,2025-04,gov,0,0.9195026755332947,0.050555720925331116,0.029941672459244728,gov,True
156789,2025-04,opo,1,0.06552402675151825,0.9197978377342224,0.014678086154162884,opo,True
156791,2025-04,gov,0,0.9843710064888,0.0028200254309922457,0.012808936648070812,gov,True
156792,2025-04,gov,0,0.9609811305999756,0.00040188661660067737,0.03861695155501366,gov,True
156793,2025-04,gov,0,0.9703759551048279,0.0008321102941408753,0.028792021796107292,gov,True
156794,2025-04,gov,0,0.9493129849433899,0.0402347631752491,0.01045216154307127,gov,True
156795,2025-04,opo,1,0.01756482757627964,0.9477266073226929,0.03470850735902786,opo,True
156796,2025-04,opo,1,0.038052748888731,0.9535791277885437,0.008368104696273804,opo,True
157508,2025-04,gov,0,0.6883081793785095,0.28232818841934204,0.029363669455051422,gov,True
157509,2025-04,opo,1,0.04303790256381035,0.9550771713256836,0.0018849211046472192,opo,True
157510,2025-04,gov,0,0.9418278336524963,0.04741377383470535,0.010758385993540287,gov,True
157511,2025-04,gov,0,0.9829318523406982,0.0035197087563574314,0.013548440299928188,gov,True
157513,2025-04,uncertain,2,0.10551028698682785,0.0012297204229980707,0.8932600617408752,uncertain,True
157514,2025-04,gov,0,0.8050975799560547,0.027540873736143112,0.1673615276813507,gov,True
157515,2025-04,uncertain,2,0.02019968256354332,0.07777368277311325,0.9020265340805054,uncertain,True
158229,2025-04,opo,1,0.13598400354385376,0.8468157052993774,0.0172002874314785,opo,True
158231,2025-04,gov,0,0.9959967136383057,0.0005641881143674254,0.003439086489379406,gov,True
158233,2025-04,gov,0,0.9466038346290588,0.0008966226596385241,0.05249949172139168,gov,True
158235,2025-04,opo,1,0.021489039063453674,0.9695452451705933,0.00896577537059784,opo,True
158236,2025-04,opo,1,0.007615195587277412,0.9897235631942749,0.002661199541762471,opo,True
158237,2025-04,opo,1,0.024958088994026184,0.9680482149124146,0.00699375057592988,opo,True
158238,2025-04,gov,0,0.9673441052436829,0.023354293778538704,0.009301518090069294,gov,True
158946,2025-04,gov,0,0.8175976276397705,0.16898611187934875,0.013416307047009468,gov,True
158947,2025-04,opo,1,0.03858395293354988,0.9526411294937134,0.00877497810870409,opo,True
158949,2025-04,gov,0,0.952111542224884,0.0319853350520134,0.01590314321219921,gov,True
158950,2025-04,gov,0,0.9975215792655945,0.0001706910552456975,0.0023077335208654404,gov,True
158951,2025-04,gov,0,0.9979215264320374,0.001101649017073214,0.0009768501622602344,gov,True
158952,2025-04,gov,0,0.9751879572868347,0.01225848589092493,0.012553519569337368,gov,True
158953,2025-04,gov,0,0.9425175786018372,0.01727810502052307,0.04020433872938156,gov,True
158954,2025-04,gov,0,0.9186400771141052,0.05300894007086754,0.028350984677672386,gov,True
158955,2025-04,gov,0,0.8624408841133118,0.10735225677490234,0.030206922441720963,gov,True
158956,2025-04,gov,0,0.9463912844657898,0.039072632789611816,0.014536146074533463,gov,True
158957,2025-04,gov,0,0.9881172776222229,0.009757851250469685,0.0021248883567750454,gov,True
158958,2025-04,gov,0,0.9851753115653992,0.009896491654217243,0.004928169306367636,gov,True
158960,2025-04,gov,0,0.9367733001708984,0.01931185834109783,0.0439147874712944,gov,True
159665,2025-04,opo,1,0.06642419099807739,0.8753341436386108,0.058241669088602066,opo,True
159666,2025-04,opo,1,0.0026782057248055935,0.9939915537834167,0.0033301974181085825,opo,True
159667,2025-04,opo,1,0.0006084993365220726,0.9990830421447754,0.0003084770287387073,opo,True
159668,2025-04,opo,1,0.01947624981403351,0.9771634340286255,0.0033602796029299498,opo,True
159670,2025-04,gov,0,0.9707786440849304,0.0001731824886519462,0.029048265889286995,gov,True
159671,2025-04,gov,0,0.9980261921882629,0.001091279205866158,0.000882585474755615,gov,True
159672,2025-04,gov,0,0.9953994154930115,0.0028498333413153887,0.001750767114572227,gov,True
159673,2025-04,gov,0,0.9845520853996277,0.009999767877161503,0.005448196083307266,gov,True
159674,2025-04,gov,0,0.9927389025688171,0.0033820043317973614,0.003879112657159567,gov,True
159675,2025-04,gov,0,0.9683868885040283,0.0052168662659823895,0.026396185159683228,gov,True
159676,2025-04,gov,0,0.9708901047706604,0.01522930059581995,0.01388060487806797,gov,True
159679,2025-04,gov,0,0.9475916624069214,0.027276352047920227,0.025132011622190475,gov,True
159680,2025-04,gov,0,0.8519070744514465,0.05650869011878967,0.09158425033092499,gov,True
160386,2025-04,opo,1,0.019558202475309372,0.971588671207428,0.008853200823068619,opo,True
160388,2025-04,opo,1,0.0053002736531198025,0.9825886487960815,0.012111118994653225,opo,True
160389,2025-04,uncertain,2,0.008941499516367912,0.029852574691176414,0.9612059593200684,uncertain,True
160390,2025-04,uncertain,2,0.05077950283885002,0.0008642226457595825,0.9483563303947449,uncertain,True
160391,2025-04,gov,0,0.9704878926277161,0.0051355380564928055,0.024376560002565384,gov,True
160392,2025-04,gov,0,0.9891343712806702,0.0027820079121738672,0.008083571679890156,gov,True
160393,2025-04,gov,0,0.9947191476821899,0.003688652068376541,0.0015921881422400475,gov,True
160394,2025-04,gov,0,0.9698150157928467,0.006757366005331278,0.023427672684192657,gov,True
160396,2025-04,gov,0,0.9735773205757141,0.01036382932215929,0.016058795154094696,gov,True
160397,2025-04,gov,0,0.97869473695755,0.015554310753941536,0.005750969983637333,gov,True
160399,2025-04,gov,0,0.9837673902511597,0.006960527505725622,0.009272056631743908,gov,True
160400,2025-04,gov,0,0.9339666962623596,0.03774156793951988,0.028291752561926842,gov,True
161107,2025-04,opo,1,0.008258111774921417,0.9889776110649109,0.002764269942417741,opo,True
161109,2025-04,uncertain,2,0.0041770292446017265,0.0016191174509003758,0.9942038655281067,uncertain,True
161110,2025-04,gov,0,0.9523281455039978,0.007789556868374348,0.039882320910692215,gov,True
161111,2025-04,gov,0,0.9950740933418274,0.0044402373023331165,0.0004856464802287519,gov,True
161112,2025-04,gov,0,0.9970102310180664,0.002476935973390937,0.0005128345219418406,gov,True
161113,2025-04,gov,0,0.9957306981086731,0.0013149480801075697,0.0029543419368565083,gov,True
161116,2025-04,gov,0,0.9982105493545532,0.00022959834313951433,0.00155987951438874,gov,True
161117,2025-04,gov,0,0.9839650392532349,0.011214311234652996,0.004820734728127718,gov,True
161118,2025-04,gov,0,0.9455817937850952,0.016373401507735252,0.03804478049278259,gov,True
161119,2025-04,gov,0,0.9758028388023376,0.014778977259993553,0.009418228641152382,gov,True
161120,2025-04,gov,0,0.9340128898620605,0.03387428820133209,0.0321127288043499,gov,True
161827,2025-04,opo,1,0.014882194809615612,0.9845244288444519,0.0005933796055614948,opo,True
161829,2025-04,uncertain,2,0.001325415913015604,0.0016371103702113032,0.9970375299453735,uncertain,True
161830,2025-04,uncertain,2,0.08858766406774521,0.06171106547117233,0.8497012257575989,uncertain,True
161831,2025-04,gov,0,0.9502024054527283,0.045290492475032806,0.004507135599851608,gov,True
161832,2025-04,gov,0,0.9752957224845886,0.006862317211925983,0.017841992899775505,gov,True
161833,2025-04,gov,0,0.9712784886360168,0.0030288100242614746,0.0256926491856575,gov,True
161834,2025-04,uncertain,2,0.05642159283161163,0.04166251793503761,0.9019159078598022,uncertain,True
161837,2025-04,opo,1,0.014846745878458023,0.9838861227035522,0.0012671942822635174,opo,True
161839,2025-04,opo,1,0.04892544075846672,0.9494783282279968,0.0015962341567501426,opo,True
162547,2025-04,opo,1,0.012072771787643433,0.9868979454040527,0.0010293101659044623,opo,True
162548,2025-04,opo,1,0.035365715622901917,0.8983914256095886,0.06624288856983185,opo,True
162549,2025-04,uncertain,2,0.010095910169184208,0.10719117522239685,0.8827128410339355,uncertain,True
162550,2025-04,opo,1,0.02204138971865177,0.9664652347564697,0.011493395082652569,opo,True
162551,2025-04,gov,0,0.9369981288909912,0.03645814210176468,0.02654372900724411,gov,True
162552,2025-04,gov,0,0.8872591257095337,0.02889987640082836,0.08384109288454056,gov,True
162553,2025-04,opo,1,0.20321966707706451,0.779165506362915,0.017614850774407387,opo,True
162554,2025-04,uncertain,2,0.004356215707957745,0.004987951833754778,0.9906558394432068,uncertain,True
162555,2025-04,uncertain,2,0.01513697113841772,0.01008877344429493,0.9747742414474487,uncertain,True
162556,2025-04,opo,1,0.1847260743379593,0.7858730554580688,0.029400847852230072,opo,True
162558,2025-04,opo,1,0.002222609706223011,0.9975143671035767,0.0002630359085742384,opo,True
162559,2025-04,opo,1,0.017186099663376808,0.9816276431083679,0.001186211360618472,opo,True
163267,2025-04,opo,1,0.011100644245743752,0.9876201748847961,0.0012791338376700878,opo,True
163268,2025-04,uncertain,2,0.04060673341155052,0.26635685563087463,0.6930364370346069,uncertain,True
163269,2025-04,uncertain,2,0.04452024772763252,0.012868429534137249,0.9426113963127136,uncertain,True
163271,2025-04,gov,0,0.9848902821540833,0.0023451270535588264,0.012764590792357922,gov,True
163272,2025-04,uncertain,2,0.04375194385647774,0.005516027566045523,0.9507319927215576,uncertain,True
163274,2025-04,uncertain,2,0.006669103167951107,0.02127317525446415,0.9720577001571655,uncertain,True
163275,2025-04,uncertain,2,0.0012607420794665813,0.00034665814018808305,0.9983925223350525,uncertain,True
163276,2025-04,uncertain,2,0.021193712949752808,0.006691028829663992,0.9721153378486633,uncertain,True
163278,2025-04,opo,1,0.03308561071753502,0.9578191637992859,0.009095186367630959,opo,True
163988,2025-04,opo,1,0.03585903346538544,0.9588643908500671,0.005276569165289402,opo,True
163989,2025-04,gov,0,0.972722589969635,0.01952691562473774,0.007750439923256636,gov,True
163992,2025-04,gov,0,0.5610203742980957,0.421151727437973,0.017827890813350677,gov,True
163993,2025-04,opo,1,0.019153909757733345,0.97850102186203,0.002345101209357381,opo,True
163996,2025-04,gov,0,0.8520849943161011,0.12170671671628952,0.026208270341157913,gov,True
163998,2025-04,gov,0,0.9197807908058167,0.07038358598947525,0.009835567325353622,gov,True
164709,2025-04,gov,0,0.990195095539093,0.006662637460976839,0.0031422043684870005,gov,True
164710,2025-04,gov,0,0.9776118993759155,0.02205214835703373,0.0003359632391948253,gov,True
164711,2025-04,opo,1,0.05542677268385887,0.9438238143920898,0.0007493963348679245,opo,True
164712,2025-04,opo,1,0.3352906107902527,0.6644132733345032,0.00029617498512379825,gov,True
164713,2025-04,opo,1,0.2828858196735382,0.7073104977607727,0.009803714230656624,opo,True
164714,2025-04,gov,0,0.7904726266860962,0.16696040332317352,0.04256695508956909,gov,True
164715,2025-04,opo,1,0.20819462835788727,0.7689997553825378,0.022805558517575264,opo,True
164716,2025-04,opo,1,0.02509601227939129,0.9726034998893738,0.002300477586686611,opo,True
165430,2025-04,gov,0,0.9415135383605957,0.020865216851234436,0.03762118145823479,gov,True
165433,2025-04,gov,0,0.9136292934417725,0.08394117653369904,0.0024295521434396505,gov,True
165435,2025-04,opo,1,0.04362521693110466,0.9380348920822144,0.01833987794816494,opo,True
165436,2025-04,opo,1,0.01200532540678978,0.9872081875801086,0.0007864687941037118,opo,True
166150,2025-04,gov,0,0.963958740234375,0.019000571221113205,0.01704070344567299,gov,True
166152,2025-04,opo,1,0.0421379916369915,0.9546438455581665,0.0032181686256080866,opo,True
166154,2025-04,gov,0,0.9917284846305847,0.0013482959475368261,0.006923149339854717,gov,True
166155,2025-04,gov,0,0.9352996349334717,0.030272893607616425,0.034427426755428314,gov,True
166156,2025-04,opo,1,0.005453669000416994,0.9937971830368042,0.0007491933065466583,opo,True
166157,2025-04,opo,1,0.009816864505410194,0.9898596405982971,0.00032352379639633,opo,True
166873,2025-04,gov,0,0.8862242698669434,0.04582684487104416,0.06794887781143188,gov,True
166876,2025-04,opo,1,0.0018833554349839687,0.9965040683746338,0.0016125401016324759,opo,True
166877,2025-04,opo,1,0.0016414211131632328,0.9961255192756653,0.002233116189017892,opo,True
167591,2025-04,gov,0,0.8737098574638367,0.024626368656754494,0.10166376084089279,gov,True
167592,2025-04,gov,0,0.979724645614624,0.004567637108266354,0.01570778153836727,gov,True
167594,2025-04,gov,0,0.9647039175033569,0.0003270035667810589,0.03496908023953438,gov,True
167597,2025-04,opo,1,0.007732083555310965,0.9889890551567078,0.003278839634731412,opo,True
168313,2025-04,gov,0,0.9936833381652832,0.0009386088349856436,0.005378044210374355,gov,True
168316,2025-04,opo,1,0.008903156034648418,0.9904417991638184,0.000655086652841419,opo,True
168318,2025-04,opo,1,0.016364265233278275,0.9711436629295349,0.012492109090089798,opo,True
169035,2025-04,gov,0,0.9871082901954651,0.0045284703373909,0.008363254368305206,gov,True
169036,2025-04,gov,0,0.9831257462501526,0.01366871315985918,0.003205470275133848,gov,True
169037,2025-04,gov,0,0.9739132523536682,0.011462765745818615,0.014623982831835747,gov,True
169756,2025-04,gov,0,0.9898725748062134,0.0012078555300831795,0.008919555693864822,gov,True
143838,2025-05,gov,0,0.9241911768913269,0.014684014022350311,0.06112487241625786,gov,True
145998,2025-05,gov,0,0.9772477746009827,0.010106069035828114,0.01264604926109314,gov,True
147437,2025-05,gov,0,0.9770197868347168,0.005971872713416815,0.017008323222398758,gov,True
147438,2025-05,gov,0,0.9835510849952698,0.0038711880333721638,0.012577764689922333,gov,True
147439,2025-05,gov,0,0.9738513231277466,0.0028999352362006903,0.02324867434799671,gov,True
148158,2025-05,gov,0,0.9750612378120422,0.0073587303049862385,0.017580024898052216,gov,True
149597,2025-05,uncertain,2,0.02505265176296234,0.005418700631707907,0.9695286154747009,uncertain,True
150307,2025-05,gov,0,0.9472353458404541,0.0042091356590390205,0.04855545610189438,gov,True
150317,2025-05,gov,0,0.8155519962310791,0.035413581877946854,0.14903445541858673,gov,True
151756,2025-05,gov,0,0.9222432971000671,0.009755286388099194,0.06800142675638199,gov,True
151757,2025-05,uncertain,2,0.022773796692490578,0.0005548149929381907,0.9766713976860046,uncertain,True
152476,2025-05,gov,0,0.9953627586364746,0.0015255839098244905,0.003111662808805704,gov,True
153190,2025-05,gov,0,0.9614207148551941,0.005580896977335215,0.032998308539390564,gov,True
153191,2025-05,gov,0,0.9283847808837891,0.012656156904995441,0.05895908921957016,gov,True
153192,2025-05,gov,0,0.9019245505332947,0.008600890636444092,0.08947455137968063,gov,True
153193,2025-05,gov,0,0.9714623093605042,0.006177669856697321,0.02236006036400795,gov,True
153196,2025-05,gov,0,0.9552782773971558,0.002491259016096592,0.04223039746284485,gov,True
153197,2025-05,uncertain,2,0.004629065748304129,0.00014617112174164504,0.9952247142791748,uncertain,True
153910,2025-05,gov,0,0.9513570666313171,0.011640617623925209,0.03700241446495056,gov,True
153911,2025-05,gov,0,0.9264105558395386,0.024591555818915367,0.04899786040186882,gov,True
153912,2025-05,gov,0,0.9228636026382446,0.01143057644367218,0.0657057911157608,gov,True
153913,2025-05,gov,0,0.984943687915802,0.001151978736743331,0.013904337771236897,gov,True
153914,2025-05,gov,0,0.9721387028694153,0.007367605343461037,0.020493706688284874,gov,True
153915,2025-05,gov,0,0.951331377029419,0.035837817937135696,0.01283082365989685,gov,True
153916,2025-05,gov,0,0.9183955788612366,0.06115223094820976,0.02045220136642456,gov,True
153917,2025-05,gov,0,0.7528340816497803,0.0958959236741066,0.1512700319290161,gov,True
153918,2025-05,opo,1,0.2723122537136078,0.6995460391044617,0.02814168855547905,opo,True
154630,2025-05,gov,0,0.898218035697937,0.08627118170261383,0.015510848723351955,gov,True
154631,2025-05,gov,0,0.942443311214447,0.038794975727796555,0.018761616200208664,gov,True
154632,2025-05,gov,0,0.9860246777534485,0.0022604416590183973,0.011714794673025608,gov,True
154633,2025-05,gov,0,0.9406012892723083,0.0037884204648435116,0.055610258132219315,gov,True
154634,2025-05,gov,0,0.9643027782440186,0.005379279609769583,0.030317917466163635,gov,True
154635,2025-05,gov,0,0.9176676273345947,0.05084676668047905,0.03148561716079712,gov,True
154636,2025-05,gov,0,0.8871442675590515,0.09519892185926437,0.017656797543168068,gov,True
155350,2025-05,opo,1,0.1888314038515091,0.803840696811676,0.007327883969992399,opo,True
155351,2025-05,gov,0,0.9354871511459351,0.035375725477933884,0.02913707122206688,gov,True
155352,2025-05,gov,0,0.9603201746940613,0.005986478179693222,0.0336933359503746,gov,True
155354,2025-05,uncertain,2,0.31420353055000305,0.004286997020244598,0.6815094351768494,uncertain,True
156069,2025-05,opo,1,0.0963454619050026,0.892703115940094,0.010951466858386993,opo,True
156071,2025-05,gov,0,0.9781829118728638,0.006348888389766216,0.01546824723482132,gov,True
156072,2025-05,gov,0,0.9816681742668152,0.0040662032552063465,0.014265557751059532,gov,True
156073,2025-05,gov,0,0.9869703054428101,0.007419900503009558,0.00560979126021266,gov,True
156074,2025-05,gov,0,0.8692948818206787,0.015797561034560204,0.11490752547979355,gov,True
156075,2025-05,uncertain,2,0.009418807923793793,0.009865950793027878,0.980715274810791,uncertain,True
156788,2025-05,gov,0,0.942678689956665,0.041569020599126816,0.015752345323562622,gov,True
156789,2025-05,opo,1,0.05159870535135269,0.9283656477928162,0.020035656169056892,opo,True
156791,2025-05,gov,0,0.9909248352050781,0.002044292399659753,0.007030771113932133,gov,True
156792,2025-05,gov,0,0.9527746438980103,0.0005702425260096788,0.04665510356426239,gov,True
156793,2025-05,gov,0,0.9727749228477478,0.00021416186064016074,0.02701086550951004,gov,True
156794,2025-05,gov,0,0.9542635083198547,0.028922878205776215,0.01681363582611084,gov,True
156795,2025-05,opo,1,0.009882636368274689,0.9032186269760132,0.08689869940280914,opo,True
156796,2025-05,opo,1,0.009612617082893848,0.983148455619812,0.007238877471536398,opo,True
157508,2025-05,gov,0,0.7606682181358337,0.22370606660842896,0.015625683590769768,gov,True
157509,2025-05,opo,1,0.04600357264280319,0.952598512172699,0.0013979293871670961,opo,True
157510,2025-05,gov,0,0.8515847325325012,0.1347535252571106,0.01366170309484005,gov,True
157511,2025-05,gov,0,0.9697913527488708,0.00892295129597187,0.0212856475263834,gov,True
157513,2025-05,uncertain,2,0.032372988760471344,0.0001829802931752056,0.9674439430236816,uncertain,True
157514,2025-05,gov,0,0.7779994010925293,0.02567068673670292,0.19632986187934875,gov,True
157515,2025-05,uncertain,2,0.007904618047177792,0.07184530049562454,0.9202501177787781,uncertain,True
158229,2025-05,opo,1,0.06955849379301071,0.9178876280784607,0.012553851120173931,opo,True
158231,2025-05,gov,0,0.9964710474014282,0.00040135724702849984,0.0031275791116058826,gov,True
158233,2025-05,gov,0,0.9599756598472595,0.0007798389415256679,0.0392443984746933,gov,True
158235,2025-05,opo,1,0.060507893562316895,0.9341263771057129,0.005365750752389431,opo,True
158236,2025-05,opo,1,0.003992334473878145,0.9948626160621643,0.0011450841557234526,opo,True
158237,2025-05,opo,1,0.04035624489188194,0.9490800499916077,0.010563762858510017,opo,True
158238,2025-05,gov,0,0.9796302318572998,0.012309565208852291,0.008060208521783352,gov,True
158946,2025-05,gov,0,0.8919951915740967,0.08536127954721451,0.02264351397752762,gov,True
158947,2025-05,opo,1,0.02550339698791504,0.9628871083259583,0.011609513312578201,opo,True
158949,2025-05,gov,0,0.913917064666748,0.06072448566555977,0.025358466431498528,gov,True
158950,2025-05,gov,0,0.9980740547180176,0.00018956270650960505,0.0017363380175083876,gov,True
158951,2025-05,gov,0,0.9974796175956726,0.000857883773278445,0.0016625103307887912,gov,True
158952,2025-05,gov,0,0.9713379740715027,0.011282341554760933,0.01737959124147892,gov,True
158953,2025-05,gov,0,0.9555181860923767,0.014409495517611504,0.030072318390011787,gov,True
158954,2025-05,gov,0,0.9106746912002563,0.052924755960702896,0.03640052303671837,gov,True
158955,2025-05,gov,0,0.8798380494117737,0.09934502094984055,0.020816868171095848,gov,True
158956,2025-05,gov,0,0.978847086429596,0.018796281889081,0.0023565671872347593,gov,True
158957,2025-05,gov,0,0.9976637363433838,0.0017872860189527273,0.0005490401526913047,gov,True
158958,2025-05,gov,0,0.9884927868843079,0.007974092848598957,0.003533083712682128,gov,True
158960,2025-05,gov,0,0.9599248766899109,0.01935487613081932,0.02072019875049591,gov,True
159665,2025-05,opo,1,0.1100231185555458,0.8298530578613281,0.060123760253190994,opo,True
159666,2025-05,opo,1,0.0023905597627162933,0.9950000047683716,0.002609450835734606,opo,True
159667,2025-05,opo,1,0.0003145656955894083,0.9995939135551453,9.157195745501667e-05,opo,True
159668,2025-05,opo,1,0.010482466779649258,0.9885889291763306,0.0009285857086069882,opo,True
159670,2025-05,gov,0,0.9887166023254395,6.875994586152956e-05,0.011214669793844223,gov,True
159671,2025-05,gov,0,0.9966344237327576,0.001703936606645584,0.0016616497887298465,gov,True
159672,2025-05,gov,0,0.9926522970199585,0.005967868026345968,0.001379741937853396,gov,True
159673,2025-05,gov,0,0.9898390769958496,0.007255075499415398,0.0029058477375656366,gov,True
159674,2025-05,gov,0,0.9941097497940063,0.004161808639764786,0.0017284363275393844,gov,True
159675,2025-05,gov,0,0.9785172343254089,0.0027541262097656727,0.018728572875261307,gov,True
159676,2025-05,gov,0,0.9938708543777466,0.0012139648897573352,0.00491517735645175,gov,True
159679,2025-05,gov,0,0.9631741046905518,0.02155086025595665,0.015274985693395138,gov,True
159680,2025-05,gov,0,0.9106838703155518,0.044331714510917664,0.044984426349401474,gov,True
160386,2025-05,opo,1,0.04681574925780296,0.9350683689117432,0.018115883693099022,opo,True
160388,2025-05,opo,1,0.007259465288370848,0.9849323630332947,0.007808132562786341,opo,True
160389,2025-05,uncertain,2,0.01425860170274973,0.031606342643499374,0.9541351199150085,uncertain,True
160390,2025-05,uncertain,2,0.12298393994569778,0.0007213487406261265,0.876294732093811,uncertain,True
160391,2025-05,gov,0,0.9455908536911011,0.010867721401154995,0.04354139789938927,gov,True
160392,2025-05,gov,0,0.9896038770675659,0.003175906604155898,0.007220244966447353,gov,True
160393,2025-05,gov,0,0.9818140864372253,0.015304970555007458,0.002881020773202181,gov,True
160394,2025-05,gov,0,0.9823351502418518,0.00658246548846364,0.011082305572926998,gov,True
160396,2025-05,gov,0,0.96932452917099,0.003012268105521798,0.027663227170705795,gov,True
160397,2025-05,gov,0,0.989716112613678,0.007773998659104109,0.002509836573153734,gov,True
160399,2025-05,gov,0,0.9896858334541321,0.005243624560534954,0.005070555489510298,gov,True
160400,2025-05,gov,0,0.9377293586730957,0.0369722805917263,0.025298381224274635,gov,True
161107,2025-05,opo,1,0.007932447828352451,0.9861542582511902,0.005913278553634882,opo,True
161109,2025-05,uncertain,2,0.002873457735404372,0.0006779798422940075,0.9964485168457031,uncertain,True
161110,2025-05,gov,0,0.9388334155082703,0.0018003428122028708,0.059366293251514435,gov,True
161111,2025-05,gov,0,0.9972514510154724,0.0016431667609140277,0.001105305622331798,gov,True
161112,2025-05,gov,0,0.9954602122306824,0.0031253034248948097,0.001414362690411508,gov,True
161113,2025-05,gov,0,0.9961152076721191,0.0029778277967125177,0.0009069433435797691,gov,True
161116,2025-05,gov,0,0.9925419092178345,0.0003658127679955214,0.007092223968356848,gov,True
161117,2025-05,gov,0,0.9462962746620178,0.0211236160248518,0.032580070197582245,gov,True
161118,2025-05,gov,0,0.9291393160820007,0.041841186583042145,0.029019590467214584,gov,True
161119,2025-05,gov,0,0.9723244905471802,0.019815124571323395,0.007860311307013035,gov,True
161120,2025-05,gov,0,0.9511573910713196,0.02626636065542698,0.022576170042157173,gov,True
161827,2025-05,opo,1,0.005169454496353865,0.994228720664978,0.0006018245476298034,opo,True
161829,2025-05,uncertain,2,0.003631558269262314,0.0021163146011531353,0.99425208568573,uncertain,True
161830,2025-05,uncertain,2,0.04348062723875046,0.024504724889993668,0.9320146441459656,uncertain,True
161831,2025-05,gov,0,0.9809494614601135,0.013671798631548882,0.005378650967031717,gov,True
161832,2025-05,gov,0,0.9641386866569519,0.027952712029218674,0.007908593863248825,gov,True
161833,2025-05,gov,0,0.9452060461044312,0.04197303578257561,0.012821009382605553,gov,True
161834,2025-05,uncertain,2,0.24061524868011475,0.2576673924922943,0.5017173886299133,gov,True
161837,2025-05,opo,1,0.03692119941115379,0.9429500102996826,0.020128712058067322,opo,True
161839,2025-05,opo,1,0.03642164170742035,0.9624165296554565,0.0011619065189734101,opo,True
162547,2025-05,opo,1,0.0037780199199914932,0.9959368705749512,0.00028506474336609244,opo,True
162548,2025-05,opo,1,0.03166676685214043,0.9110609292984009,0.057272300124168396,opo,True
162549,2025-05,uncertain,2,0.005704535637050867,0.020143693313002586,0.9741517901420593,uncertain,True
162550,2025-05,opo,1,0.023225339129567146,0.9564594030380249,0.02031530998647213,opo,True
162551,2025-05,gov,0,0.9449473023414612,0.031895991414785385,0.02315676212310791,gov,True
162552,2025-05,gov,0,0.9356083273887634,0.028031278401613235,0.03636041656136513,gov,True
162553,2025-05,opo,1,0.08471688628196716,0.9099130630493164,0.005369992461055517,opo,True
162554,2025-05,uncertain,2,0.016874298453330994,0.01653440110385418,0.9665912985801697,uncertain,True
162555,2025-05,uncertain,2,0.010931424796581268,0.0018280704971402884,0.9872404932975769,uncertain,True
162556,2025-05,gov,0,0.7523432374000549,0.07127014547586441,0.17638671398162842,gov,True
162558,2025-05,opo,1,0.0010367572540417314,0.9987789988517761,0.0001842137280618772,opo,True
162559,2025-05,opo,1,0.006501391064375639,0.993144154548645,0.0003545033105183393,opo,True
163267,2025-05,opo,1,0.0035306946374475956,0.9954409599304199,0.0010283004958182573,opo,True
163268,2025-05,uncertain,2,0.023522652685642242,0.19439224898815155,0.782085120677948,uncertain,True
163269,2025-05,uncertain,2,0.016016783192753792,0.009636165574193,0.9743470549583435,uncertain,True
163271,2025-05,gov,0,0.9750403165817261,0.00734529597684741,0.01761438511312008,gov,True
163272,2025-05,uncertain,2,0.02810988575220108,0.002656086115166545,0.9692339897155762,uncertain,True
163274,2025-05,uncertain,2,0.014438886195421219,0.032944872975349426,0.9526162147521973,uncertain,True
163275,2025-05,uncertain,2,0.002587607130408287,0.000166285753948614,0.9972461462020874,uncertain,True
163276,2025-05,uncertain,2,0.02722480520606041,0.0009446421754546463,0.9718305468559265,uncertain,True
163278,2025-05,opo,1,0.017861923202872276,0.973019003868103,0.009119021706283092,opo,True
163988,2025-05,opo,1,0.014912478625774384,0.9788268804550171,0.006260597612708807,opo,True
163989,2025-05,gov,0,0.9251073598861694,0.04684649407863617,0.028046108782291412,gov,True
163992,2025-05,gov,0,0.7376381158828735,0.24373705685138702,0.018624791875481606,gov,True
163993,2025-05,opo,1,0.12143254280090332,0.8592537045478821,0.019313693046569824,opo,True
163996,2025-05,gov,0,0.9427523016929626,0.048600632697343826,0.008647129870951176,gov,True
163998,2025-05,gov,0,0.899977445602417,0.09041381627321243,0.009608766995370388,gov,True
164709,2025-05,gov,0,0.9755886793136597,0.020588964223861694,0.003822406055405736,gov,True
164710,2025-05,gov,0,0.9461053609848022,0.05370284616947174,0.00019184494158253074,gov,True
164711,2025-05,opo,1,0.025209899991750717,0.9746887683868408,0.00010140766244148836,opo,True
164712,2025-05,gov,0,0.7224642038345337,0.27724915742874146,0.0002866259019356221,gov,True
164713,2025-05,gov,0,0.6478571891784668,0.31722256541252136,0.03492022305727005,gov,True
164714,2025-05,gov,0,0.8237907290458679,0.11274248361587524,0.06346674263477325,gov,True
164715,2025-05,opo,1,0.06401608884334564,0.9276310205459595,0.008352904580533504,opo,True
164716,2025-05,opo,1,0.008806346915662289,0.9908341765403748,0.0003595033776946366,opo,True
165430,2025-05,gov,0,0.9285335540771484,0.05015818402171135,0.021308187395334244,gov,True
165433,2025-05,gov,0,0.9040279984474182,0.0929095670580864,0.0030624140053987503,gov,True
165435,2025-05,opo,1,0.025541983544826508,0.9682915806770325,0.006166459526866674,opo,True
165436,2025-05,opo,1,0.009862793609499931,0.9898303151130676,0.0003069366212002933,opo,True
166150,2025-05,gov,0,0.9800482988357544,0.015172351151704788,0.004779283422976732,gov,True
166152,2025-05,opo,1,0.028211412951350212,0.9675161838531494,0.004272406455129385,opo,True
166154,2025-05,gov,0,0.994703471660614,0.001557063776999712,0.0037394450046122074,gov,True
166155,2025-05,gov,0,0.9385077953338623,0.04120020940899849,0.020292019471526146,gov,True
166156,2025-05,opo,1,0.02038121223449707,0.9766154289245605,0.003003370016813278,opo,True
166157,2025-05,opo,1,0.01895127259194851,0.9797347187995911,0.00131400884129107,opo,True
166873,2025-05,gov,0,0.9161373376846313,0.02501080185174942,0.05885187163949013,gov,True
166876,2025-05,opo,1,0.0046191345900297165,0.9902312159538269,0.005149641539901495,opo,True
166877,2025-05,opo,1,0.003729103831574321,0.9900389313697815,0.0062319133430719376,opo,True
167591,2025-05,gov,0,0.9452455639839172,0.007647567894309759,0.04710680991411209,gov,True
167592,2025-05,gov,0,0.9879708886146545,0.002068019239231944,0.009961118921637535,gov,True
167594,2025-05,gov,0,0.9857264757156372,0.0002981477009598166,0.013975393958389759,gov,True
167597,2025-05,opo,1,0.004845804069191217,0.9931179285049438,0.0020362050272524357,opo,True
168313,2025-05,gov,0,0.9901190996170044,0.0016240939730778337,0.008256820961833,gov,True
168316,2025-05,opo,1,0.010309561155736446,0.9885099530220032,0.0011805561371147633,opo,True
168318,2025-05,opo,1,0.011523854918777943,0.9786891341209412,0.009786988608539104,opo,True
169035,2025-05,gov,0,0.9920415282249451,0.001587974140420556,0.006370496470481157,gov,True
169036,2025-05,gov,0,0.9867010712623596,0.010638895444571972,0.002660090569406748,gov,True
169037,2025-05,gov,0,0.9833540320396423,0.007656794972717762,0.008989148773252964,gov,True
169756,2025-05,gov,0,0.9894853234291077,0.0019325700122863054,0.008582133799791336,gov,True
143838,2025-06,gov,0,0.9076979756355286,0.018186544999480247,0.0741155594587326,gov,True
145998,2025-06,gov,0,0.9700531959533691,0.013822058215737343,0.01612471602857113,gov,True
147437,2025-06,gov,0,0.9542922973632812,0.015706371515989304,0.030001332983374596,gov,True
147438,2025-06,gov,0,0.9385994672775269,0.02390386536717415,0.03749659284949303,gov,True
147439,2025-06,gov,0,0.9285105466842651,0.012889370322227478,0.05860009416937828,gov,True
148158,2025-06,gov,0,0.919512152671814,0.024262724444270134,0.056225135922431946,gov,True
149597,2025-06,uncertain,2,0.02453036420047283,0.016984006389975548,0.9584856629371643,uncertain,True
150307,2025-06,gov,0,0.9224249124526978,0.013254358433187008,0.06432075798511505,gov,True
150317,2025-06,gov,0,0.6401196718215942,0.18006913363933563,0.17981113493442535,opo,True
151756,2025-06,gov,0,0.9364904761314392,0.01097122859209776,0.05253821611404419,gov,True
151757,2025-06,uncertain,2,0.07317396253347397,0.0025182703975588083,0.9243077039718628,uncertain,True
152476,2025-06,gov,0,0.9964220523834229,0.001099667977541685,0.002478341106325388,gov,True
153190,2025-06,gov,0,0.9678381085395813,0.008049480617046356,0.024112368002533913,gov,True
153191,2025-06,gov,0,0.9483699202537537,0.006267364602535963,0.0453626848757267,gov,True
153192,2025-06,gov,0,0.8400123715400696,0.0035818263422697783,0.15640580654144287,gov,True
153193,2025-06,gov,0,0.9728902578353882,0.00206491956487298,0.02504490688443184,gov,True
153196,2025-06,gov,0,0.909767746925354,0.012730242684483528,0.07750196009874344,gov,True
153197,2025-06,uncertain,2,0.013931137509644032,0.0010425479849800467,0.9850264191627502,uncertain,True
153910,2025-06,gov,0,0.9546509981155396,0.01287265494465828,0.032476406544446945,gov,True
153911,2025-06,gov,0,0.955506443977356,0.009230110794305801,0.03526342287659645,gov,True
153912,2025-06,gov,0,0.8766127228736877,0.006539118941873312,0.1168481707572937,gov,True
153913,2025-06,gov,0,0.9860678315162659,0.001406242372468114,0.01252596452832222,gov,True
153914,2025-06,gov,0,0.9924753308296204,0.0015141430776566267,0.006010540761053562,gov,True
153915,2025-06,gov,0,0.9597869515419006,0.018570739775896072,0.02164224535226822,gov,True
153916,2025-06,gov,0,0.6874467730522156,0.26202332973480225,0.0505298487842083,gov,True
153917,2025-06,gov,0,0.4781724512577057,0.42500343918800354,0.09682414680719376,opo,True
153918,2025-06,gov,0,0.6062131524085999,0.3774862587451935,0.01630060374736786,gov,True
154630,2025-06,gov,0,0.8708474636077881,0.10915357619524002,0.0199989415705204,gov,True
154631,2025-06,gov,0,0.9735616445541382,0.010574877262115479,0.015863558277487755,gov,True
154632,2025-06,gov,0,0.9755458831787109,0.0021002425346523523,0.02235380932688713,gov,True
154633,2025-06,gov,0,0.9612489342689514,0.004103359300643206,0.034647706896066666,gov,True
154634,2025-06,gov,0,0.9866829514503479,0.002968804445117712,0.010348251089453697,gov,True
154635,2025-06,gov,0,0.8985973000526428,0.031103286892175674,0.0702994242310524,gov,True
154636,2025-06,gov,0,0.7780303359031677,0.14316126704216003,0.07880831509828568,gov,True
155350,2025-06,opo,1,0.12725791335105896,0.8665508031845093,0.00619129091501236,opo,True
155351,2025-06,gov,0,0.9434563517570496,0.035827770829200745,0.02071588672697544,gov,True
155352,2025-06,gov,0,0.9199666380882263,0.00837005116045475,0.07166331261396408,gov,True
155354,2025-06,gov,0,0.8234833478927612,0.0038359626196324825,0.17268072068691254,gov,True
156069,2025-06,opo,1,0.05540179833769798,0.9415874481201172,0.0030107370112091303,opo,True
156071,2025-06,gov,0,0.9880673885345459,0.005911977030336857,0.006020660046488047,gov,True
156072,2025-06,gov,0,0.9859492182731628,0.002312977099791169,0.011737789958715439,gov,True
156073,2025-06,gov,0,0.9840220808982849,0.007270348723977804,0.008707648143172264,gov,True
156074,2025-06,gov,0,0.9359931945800781,0.014787032268941402,0.04921978712081909,gov,True
156075,2025-06,uncertain,2,0.011740799061954021,0.008476346731185913,0.9797828793525696,uncertain,True
156788,2025-06,gov,0,0.9430181980133057,0.032841622829437256,0.02414024993777275,gov,True
156789,2025-06,opo,1,0.0519983246922493,0.9408618807792664,0.007139789871871471,opo,True
156791,2025-06,gov,0,0.9888055324554443,0.004079608712345362,0.007114842068403959,gov,True
156792,2025-06,gov,0,0.9795571565628052,0.0005002026446163654,0.019942598417401314,gov,True
156793,2025-06,gov,0,0.9675397276878357,0.0012182368664070964,0.031242066994309425,gov,True
156794,2025-06,gov,0,0.9072377681732178,0.07581853121519089,0.016943713650107384,gov,True
156795,2025-06,opo,1,0.011026167310774326,0.9280709624290466,0.06090284138917923,opo,True
156796,2025-06,opo,1,0.0073144203051924706,0.9892603158950806,0.0034252703189849854,opo,True
157508,2025-06,gov,0,0.8062331676483154,0.14110836386680603,0.05265841260552406,gov,True
157509,2025-06,opo,1,0.03616781532764435,0.9619058966636658,0.0019263176945969462,opo,True
157510,2025-06,gov,0,0.8732833862304688,0.11359240114688873,0.013124270364642143,gov,True
157511,2025-06,gov,0,0.9683226346969604,0.008979439735412598,0.02269798330962658,gov,True
157513,2025-06,uncertain,2,0.05473310872912407,0.0005035859649069607,0.9447633624076843,uncertain,True
157514,2025-06,gov,0,0.8428662419319153,0.012241348624229431,0.1448923498392105,gov,True
157515,2025-06,uncertain,2,0.011504271999001503,0.04498984292149544,0.9435058832168579,uncertain,True
158229,2025-06,opo,1,0.10394304990768433,0.8812984824180603,0.0147583968937397,opo,True
158231,2025-06,gov,0,0.9924029111862183,0.001122696208767593,0.006474448833614588,gov,True
158233,2025-06,gov,0,0.936130166053772,0.0004332929092925042,0.06343655288219452,gov,True
158235,2025-06,opo,1,0.04159395024180412,0.9467691779136658,0.011636829003691673,opo,True
158236,2025-06,opo,1,0.002967897104099393,0.9933187961578369,0.0037132941652089357,opo,True
158237,2025-06,opo,1,0.016399402171373367,0.9746175408363342,0.008983097039163113,opo,True
158238,2025-06,gov,0,0.9502235651016235,0.034497857093811035,0.01527853962033987,gov,True
158946,2025-06,gov,0,0.8044146299362183,0.1508321315050125,0.04475322738289833,gov,True
158947,2025-06,opo,1,0.02419554814696312,0.9585124850273132,0.01729200966656208,opo,True
158949,2025-06,gov,0,0.9008071422576904,0.06979771703481674,0.029395122081041336,gov,True
158950,2025-06,gov,0,0.9971370697021484,0.0003470529045443982,0.002515882719308138,gov,True
158951,2025-06,gov,0,0.9963220357894897,0.0021938197314739227,0.0014841182855889201,gov,True
158952,2025-06,gov,0,0.9594418406486511,0.015385527163743973,0.02517264522612095,gov,True
158953,2025-06,gov,0,0.9290375709533691,0.013514271005988121,0.057448238134384155,gov,True
158954,2025-06,gov,0,0.949353039264679,0.017350032925605774,0.03329697251319885,gov,True
158955,2025-06,gov,0,0.9555210471153259,0.03569181263446808,0.00878711324185133,gov,True
158956,2025-06,gov,0,0.9771929383277893,0.0178372785449028,0.004969824571162462,gov,True
158957,2025-06,gov,0,0.9919565916061401,0.006455819122493267,0.0015876624966040254,gov,True
158958,2025-06,gov,0,0.9890927076339722,0.009213090874254704,0.0016941791400313377,gov,True
158960,2025-06,gov,0,0.9453714489936829,0.018509790301322937,0.036118701100349426,gov,True
159665,2025-06,opo,1,0.11949393898248672,0.7927364706993103,0.08776960521936417,opo,True
159666,2025-06,opo,1,0.0016179981175810099,0.9953811168670654,0.0030008582398295403,opo,True
159667,2025-06,opo,1,0.00027920148568227887,0.9995563626289368,0.00016438051534350961,opo,True
159668,2025-06,opo,1,0.014360514469444752,0.9841931462287903,0.001446372247301042,opo,True
159670,2025-06,gov,0,0.9755846858024597,0.00015888517373241484,0.02425648272037506,gov,True
159671,2025-06,gov,0,0.9972662925720215,0.0014951819321140647,0.001238559721969068,gov,True
159672,2025-06,gov,0,0.9942905902862549,0.004071192350238562,0.0016381327295675874,gov,True
159673,2025-06,gov,0,0.9908899664878845,0.005348964128643274,0.0037610442377626896,gov,True
159674,2025-06,gov,0,0.9977631568908691,0.0011669415980577469,0.0010699281701818109,gov,True
159675,2025-06,gov,0,0.9935901165008545,0.0011578667908906937,0.005252002738416195,gov,True
159676,2025-06,gov,0,0.9849483370780945,0.005421942099928856,0.00962971430271864,gov,True
159679,2025-06,gov,0,0.9691416621208191,0.01678759790956974,0.014070768840610981,gov,True
159680,2025-06,gov,0,0.8906372785568237,0.03893590718507767,0.07042679190635681,gov,True
160386,2025-06,opo,1,0.034785784780979156,0.9468227624893188,0.01839146763086319,opo,True
160388,2025-06,opo,1,0.010408936068415642,0.9727034568786621,0.016887599602341652,opo,True
160389,2025-06,uncertain,2,0.012942482717335224,0.022146107628941536,0.9649113416671753,uncertain,True
160390,2025-06,uncertain,2,0.05693337693810463,0.0006463173776865005,0.942420244216919,uncertain,True
160391,2025-06,gov,0,0.9685775637626648,0.005135755520313978,0.02628675475716591,gov,True
160392,2025-06,gov,0,0.9889203906059265,0.003955413121730089,0.007124240510165691,gov,True
160393,2025-06,gov,0,0.986459493637085,0.009843064472079277,0.003697435138747096,gov,True
160394,2025-06,gov,0,0.9673007130622864,0.003624445293098688,0.029074784368276596,gov,True
160396,2025-06,gov,0,0.9813798069953918,0.004809646401554346,0.01381054800003767,gov,True
160397,2025-06,gov,0,0.9444737434387207,0.037175554782152176,0.018350662663578987,gov,True
160399,2025-06,gov,0,0.9858576059341431,0.006467113271355629,0.007675369270145893,gov,True
160400,2025-06,gov,0,0.9387795925140381,0.028915103524923325,0.032305315136909485,gov,True
161107,2025-06,opo,1,0.008413284085690975,0.986004650592804,0.005582062527537346,opo,True
161109,2025-06,uncertain,2,0.0025036197621375322,0.0005783901433460414,0.9969179630279541,uncertain,True
161110,2025-06,gov,0,0.9373572468757629,0.0028393305838108063,0.059803422540426254,gov,True
161111,2025-06,gov,0,0.9979584217071533,0.0013205786235630512,0.0007209955947473645,gov,True
161112,2025-06,gov,0,0.9961439371109009,0.002460048533976078,0.0013959690695628524,gov,True
161113,2025-06,gov,0,0.9905946254730225,0.001242358353920281,0.008163012564182281,gov,True
161116,2025-06,gov,0,0.998350977897644,0.00014827314589638263,0.001500802580267191,gov,True
161117,2025-06,gov,0,0.9049018025398254,0.06254313141107559,0.03255506604909897,gov,True
161118,2025-06,gov,0,0.821090817451477,0.11518905311822891,0.06372008472681046,gov,True
161119,2025-06,gov,0,0.9675585627555847,0.01762736774981022,0.014814047142863274,gov,True
161120,2025-06,gov,0,0.9667497873306274,0.01437865849584341,0.018871571868658066,gov,True
161827,2025-06,opo,1,0.004384408704936504,0.9950553178787231,0.000560303102247417,opo,True
161829,2025-06,uncertain,2,0.0019766599871218204,0.001539807766675949,0.996483564376831,uncertain,True
161830,2025-06,uncertain,2,0.09584760665893555,0.07363320142030716,0.8305191397666931,uncertain,True
161831,2025-06,gov,0,0.9766157865524292,0.01803174614906311,0.005352515261620283,gov,True
161832,2025-06,gov,0,0.9792247414588928,0.011078907176852226,0.009696455672383308,gov,True
161833,2025-06,gov,0,0.8989861607551575,0.018616575747728348,0.08239728212356567,gov,True
161834,2025-06,uncertain,2,0.037373609840869904,0.034544702619314194,0.9280816316604614,uncertain,True
161837,2025-06,opo,1,0.024084357544779778,0.9710369110107422,0.0048787351697683334,opo,True
161839,2025-06,opo,1,0.04255612567067146,0.9562188982963562,0.001224944950081408,opo,True
162547,2025-06,opo,1,0.0034253294579684734,0.9963287711143494,0.00024593612761236727,opo,True
162548,2025-06,opo,1,0.034204382449388504,0.9166142344474792,0.04918140918016434,opo,True
162549,2025-06,uncertain,2,0.014124508947134018,0.145188108086586,0.8406874537467957,uncertain,True
162550,2025-06,opo,1,0.0332142673432827,0.9553000330924988,0.011485705152153969,opo,True
162551,2025-06,gov,0,0.9730510711669922,0.011509180068969727,0.015439757145941257,gov,True
162552,2025-06,gov,0,0.9789369702339172,0.008204363286495209,0.012858664616942406,gov,True
162553,2025-06,opo,1,0.16263514757156372,0.8301852941513062,0.007179558277130127,opo,True
162554,2025-06,uncertain,2,0.006613490637391806,0.01103942096233368,0.9823470115661621,uncertain,True
162555,2025-06,uncertain,2,0.020212627947330475,0.007858239114284515,0.9719290733337402,uncertain,True
162556,2025-06,gov,0,0.7798348069190979,0.1253172606229782,0.09484788775444031,gov,True
162558,2025-06,opo,1,0.0024414747022092342,0.9971543550491333,0.00040419408469460905,opo,True
162559,2025-06,opo,1,0.01847066357731819,0.9805217981338501,0.0010074966121464968,opo,True
163267,2025-06,opo,1,0.006665645632892847,0.9915627241134644,0.0017716074362397194,opo,True
163268,2025-06,uncertain,2,0.010145286098122597,0.09401020407676697,0.8958444595336914,uncertain,True
163269,2025-06,uncertain,2,0.021915869787335396,0.021054156124591827,0.9570299983024597,uncertain,True
163271,2025-06,gov,0,0.9824851155281067,0.0015183836221694946,0.01599653623998165,gov,True
163272,2025-06,uncertain,2,0.06414570659399033,0.003516402328386903,0.9323379397392273,uncertain,True
163274,2025-06,uncertain,2,0.020049700513482094,0.03751681372523308,0.9424334764480591,uncertain,True
163275,2025-06,uncertain,2,0.004380947910249233,0.00044278925633989275,0.9951763153076172,uncertain,True
163276,2025-06,uncertain,2,0.023302119225263596,0.0019118130439892411,0.9747861623764038,uncertain,True
163278,2025-06,opo,1,0.026670897379517555,0.9651435613632202,0.008185491897165775,opo,True
163988,2025-06,opo,1,0.026025881990790367,0.9672598838806152,0.006714206654578447,opo,True
163989,2025-06,gov,0,0.9848210215568542,0.011939807794988155,0.003239197190850973,gov,True
163992,2025-06,gov,0,0.7403857707977295,0.23550181090831757,0.024112412706017494,gov,True
163993,2025-06,opo,1,0.06531409174203873,0.9279060959815979,0.006779750809073448,opo,True
163996,2025-06,gov,0,0.9273393750190735,0.049823760986328125,0.022836893796920776,gov,True
163998,2025-06,gov,0,0.8901301622390747,0.10051065683364868,0.009359203279018402,gov,True
164709,2025-06,gov,0,0.9886431097984314,0.007368808146566153,0.003988080192357302,gov,True
164710,2025-06,gov,0,0.9614864587783813,0.03808920830488205,0.00042430657777003944,gov,True
164711,2025-06,opo,1,0.03420141711831093,0.9653908014297485,0.0004077695484738797,opo,True
164712,2025-06,gov,0,0.7061380743980408,0.2930924594402313,0.000769487232901156,gov,True
164713,2025-06,gov,0,0.7588303685188293,0.21778461337089539,0.023385023698210716,gov,True
164714,2025-06,gov,0,0.8548967838287354,0.10242337733507156,0.04267992824316025,gov,True
164715,2025-06,opo,1,0.08990111947059631,0.9031252264976501,0.0069736214354634285,opo,True
164716,2025-06,opo,1,0.02156246080994606,0.9772465229034424,0.001190973911434412,opo,True
165430,2025-06,gov,0,0.8857726454734802,0.032437533140182495,0.08178983628749847,gov,True
165433,2025-06,gov,0,0.9276215434074402,0.0700453668832779,0.002333020092919469,gov,True
165435,2025-06,opo,1,0.022544147446751595,0.9722822308540344,0.005173605401068926,opo,True
165436,2025-06,opo,1,0.016266753897070885,0.9833143949508667,0.00041888694977387786,opo,True
166150,2025-06,gov,0,0.9658353924751282,0.009958126582205296,0.02420644275844097,gov,True
166152,2025-06,opo,1,0.03244732320308685,0.9606369137763977,0.006915754172950983,opo,True
166154,2025-06,gov,0,0.9941440224647522,0.0012627393007278442,0.004593240097165108,gov,True
166155,2025-06,gov,0,0.9400841593742371,0.04008879140019417,0.019827069714665413,gov,True
166156,2025-06,opo,1,0.017270103096961975,0.9801905751228333,0.002539397682994604,opo,True
166157,2025-06,opo,1,0.03090113215148449,0.9674509763717651,0.0016479140613228083,opo,True
166873,2025-06,gov,0,0.9577221870422363,0.019237343221902847,0.023040559142827988,gov,True
166876,2025-06,opo,1,0.00794198364019394,0.9864212274551392,0.005636833142489195,opo,True
166877,2025-06,opo,1,0.005945324897766113,0.9888738393783569,0.005180836655199528,opo,True
167591,2025-06,gov,0,0.9378970861434937,0.008181038312613964,0.05392179265618324,gov,True
167592,2025-06,gov,0,0.9790697693824768,0.006163316313177347,0.01476694829761982,gov,True
167594,2025-06,gov,0,0.9912296533584595,0.00011354947491781786,0.008656829595565796,gov,True
167597,2025-06,opo,1,0.012036406435072422,0.9848509430885315,0.003112677251920104,opo,True
168313,2025-06,gov,0,0.9966011047363281,0.0007081960793584585,0.002690631663426757,gov,True
168316,2025-06,opo,1,0.01530610304325819,0.9833706617355347,0.0013231990160420537,opo,True
168318,2025-06,opo,1,0.022950632497668266,0.9558923244476318,0.02115708775818348,opo,True
169035,2025-06,gov,0,0.9941565990447998,0.0015732856700196862,0.004270099103450775,gov,True
169036,2025-06,gov,0,0.9904478788375854,0.0077075413428246975,0.0018446341855451465,gov,True
169037,2025-06,gov,0,0.9805579781532288,0.007746650837361813,0.01169539149850607,gov,True
169756,2025-06,gov,0,0.9901579022407532,0.0015414009103551507,0.008300593122839928,gov,True
143838,2025-07,gov,0,0.8945098519325256,0.018282828852534294,0.08720728754997253,gov,False
145998,2025-07,gov,0,0.967989981174469,0.01786964386701584,0.01414045412093401,gov,False
147437,2025-07,gov,0,0.9799102544784546,0.011016177013516426,0.009073516353964806,gov,False
147438,2025-07,gov,0,0.95921790599823,0.012819592840969563,0.027962498366832733,gov,False
147439,2025-07,gov,0,0.9089934825897217,0.006692622322589159,0.08431388437747955,gov,False
148158,2025-07,gov,0,0.9278601408004761,0.019555622711777687,0.05258422717452049,gov,False
149597,2025-07,uncertain,2,0.008554279804229736,0.005741278175264597,0.9857044219970703,uncertain,False
150307,2025-07,gov,0,0.9474483132362366,0.005238842219114304,0.047312818467617035,gov,False
150317,2025-07,gov,0,0.5828158855438232,0.08758696168661118,0.3295971751213074,gov,False
151756,2025-07,gov,0,0.8668947815895081,0.015875626355409622,0.11722960323095322,gov,False
151757,2025-07,uncertain,2,0.02519000880420208,0.0014356013853102922,0.9733744263648987,uncertain,False
152476,2025-07,gov,0,0.9941911101341248,0.002645705360919237,0.003163203364238143,gov,False
153190,2025-07,gov,0,0.9631584286689758,0.0072755650617182255,0.02956603839993477,gov,False
153191,2025-07,gov,0,0.9303908944129944,0.0167388916015625,0.05287015438079834,gov,False
153192,2025-07,gov,0,0.8853328824043274,0.00772410212084651,0.10694300383329391,gov,False
153193,2025-07,gov,0,0.9782998561859131,0.003972839098423719,0.017727287486195564,gov,False
153196,2025-07,gov,0,0.877785325050354,0.01182840671390295,0.11038623005151749,gov,False
153197,2025-07,uncertain,2,0.013237507082521915,0.0006425047176890075,0.9861199855804443,uncertain,False
153910,2025-07,gov,0,0.9551035761833191,0.013061785139143467,0.03183464705944061,gov,False
153911,2025-07,gov,0,0.9447859525680542,0.011830476112663746,0.043383583426475525,gov,False
153912,2025-07,gov,0,0.8669140338897705,0.006695901043713093,0.1263900250196457,gov,False
153913,2025-07,gov,0,0.9842849373817444,0.0014532803324982524,0.014261742122471333,gov,False
153914,2025-07,gov,0,0.987756609916687,0.001373156439512968,0.010870224796235561,gov,False
153915,2025-07,gov,0,0.943665087223053,0.005429218988865614,0.05090577155351639,gov,False
153916,2025-07,gov,0,0.7995016574859619,0.11162564158439636,0.0888727456331253,gov,False
153917,2025-07,gov,0,0.577801525592804,0.23589541018009186,0.18630312383174896,gov,False
153918,2025-07,gov,0,0.6498931050300598,0.3184957504272461,0.03161115199327469,opo,False
154630,2025-07,gov,0,0.8727405071258545,0.1098422035574913,0.017417294904589653,gov,False
154631,2025-07,gov,0,0.9327691793441772,0.03489300608634949,0.0323377326130867,gov,False
154632,2025-07,gov,0,0.9794800281524658,0.0018823437858372927,0.018637560307979584,gov,False
154633,2025-07,gov,0,0.9814914464950562,0.0015281799715012312,0.016980385407805443,gov,False
154634,2025-07,gov,0,0.98206627368927,0.0008882062393240631,0.01704544574022293,gov,False
154635,2025-07,gov,0,0.8405095338821411,0.011717286892235279,0.1477731317281723,gov,False
154636,2025-07,gov,0,0.839864194393158,0.10401693731546402,0.056118857115507126,gov,False
155350,2025-07,opo,1,0.3029738664627075,0.685615599155426,0.011410553939640522,opo,False
155351,2025-07,gov,0,0.9695806503295898,0.015432964079082012,0.01498633436858654,gov,False
155352,2025-07,gov,0,0.9659743309020996,0.0029647445771843195,0.031060976907610893,gov,False
155354,2025-07,gov,0,0.7259268760681152,0.001327497884631157,0.27274566888809204,gov,False
156069,2025-07,opo,1,0.04184161126613617,0.9553825855255127,0.0027757517527788877,opo,False
156071,2025-07,gov,0,0.9910749197006226,0.0015914100222289562,0.007333626504987478,gov,False
156072,2025-07,gov,0,0.988529622554779,0.002916792407631874,0.00855350587517023,gov,False
156073,2025-07,gov,0,0.983371376991272,0.00871323049068451,0.007915453985333443,gov,False
156074,2025-07,gov,0,0.852363109588623,0.0066372668370604515,0.14099964499473572,gov,False
156075,2025-07,uncertain,2,0.004768740851432085,0.0028830941300839186,0.9923480749130249,uncertain,False
156788,2025-07,gov,0,0.8458172082901001,0.09209346771240234,0.062089379876852036,gov,False
156789,2025-07,opo,1,0.04130632430315018,0.9432807564735413,0.015412930399179459,opo,False
156791,2025-07,gov,0,0.9935128092765808,0.0016333654057234526,0.004853862337768078,gov,False
156792,2025-07,gov,0,0.9738985300064087,0.0003710817254614085,0.025730453431606293,gov,False
156793,2025-07,gov,0,0.9710016846656799,0.00036319720675237477,0.028635066002607346,gov,False
156794,2025-07,gov,0,0.9550992250442505,0.018999915570020676,0.02590084634721279,gov,False
156795,2025-07,opo,1,0.01937852054834366,0.9023760557174683,0.07824540138244629,opo,False
156796,2025-07,opo,1,0.0047025238163769245,0.9914001226425171,0.003897380083799362,opo,False
157508,2025-07,gov,0,0.7146458029747009,0.25935792922973633,0.02599630132317543,gov,False
157509,2025-07,opo,1,0.05144285410642624,0.9399799108505249,0.008577316999435425,opo,False
157510,2025-07,gov,0,0.9369451999664307,0.042357366532087326,0.020697422325611115,gov,False
157511,2025-07,gov,0,0.9843101501464844,0.004207420162856579,0.011482378467917442,gov,False
157513,2025-07,uncertain,2,0.22309719026088715,0.0005734882433898747,0.7763292789459229,uncertain,False
157514,2025-07,gov,0,0.8546779751777649,0.007385438773781061,0.13793650269508362,gov,False
157515,2025-07,uncertain,2,0.009889014065265656,0.028872622177004814,0.9612383842468262,uncertain,False
158229,2025-07,opo,1,0.07922159135341644,0.902080774307251,0.018697677180171013,opo,False
158231,2025-07,gov,0,0.9928001165390015,0.0009409355116076767,0.00625901622697711,gov,False
158233,2025-07,gov,0,0.9749598503112793,0.00017681671306490898,0.02486344799399376,gov,False
158235,2025-07,opo,1,0.05440965294837952,0.9332787394523621,0.012311615981161594,gov,False
158236,2025-07,opo,1,0.006367920432239771,0.9891903400421143,0.004441760014742613,opo,False
158237,2025-07,opo,1,0.01030218880623579,0.9795337915420532,0.010164055973291397,opo,False
158238,2025-07,gov,0,0.9045358896255493,0.057668063789606094,0.0377960242331028,gov,False
158946,2025-07,gov,0,0.9626095294952393,0.029310360550880432,0.00807997863739729,gov,False
158947,2025-07,opo,1,0.10987778007984161,0.8742768168449402,0.01584545709192753,opo,False
158949,2025-07,gov,0,0.930859386920929,0.0446576289832592,0.024483012035489082,gov,False
158950,2025-07,gov,0,0.997562050819397,0.0003573445719666779,0.002080623060464859,gov,False
158951,2025-07,gov,0,0.9973036050796509,0.0009522264590486884,0.0017442143289372325,gov,False
158952,2025-07,gov,0,0.9778068661689758,0.012153386138379574,0.01003974862396717,gov,False
158953,2025-07,gov,0,0.9630628824234009,0.015385715290904045,0.021551361307501793,gov,False
158954,2025-07,gov,0,0.9694972634315491,0.01582201197743416,0.014680681750178337,gov,False
158955,2025-07,gov,0,0.9425261616706848,0.04898734390735626,0.008486476726830006,gov,False
158956,2025-07,gov,0,0.8922262787818909,0.0920092836022377,0.015764424577355385,gov,False
158957,2025-07,gov,0,0.9835889339447021,0.013356960378587246,0.0030540942680090666,gov,False
158958,2025-07,gov,0,0.9769607186317444,0.010433479212224483,0.012605782598257065,gov,False
158960,2025-07,gov,0,0.9208791851997375,0.027233924716711044,0.05188693106174469,gov,False
159665,2025-07,opo,1,0.2926845848560333,0.6326050758361816,0.07471033185720444,opo,False
159666,2025-07,opo,1,0.016100507229566574,0.9718719720840454,0.012027472257614136,opo,False
159667,2025-07,opo,1,0.0015880578430369496,0.9979405999183655,0.0004712811205536127,opo,False
159668,2025-07,opo,1,0.021137267351150513,0.960455060005188,0.01840769499540329,opo,False
159670,2025-07,gov,0,0.9835634231567383,0.00034256899380125105,0.016093982383608818,gov,False
159671,2025-07,gov,0,0.9964447617530823,0.0009869781788438559,0.0025682770647108555,gov,False
159672,2025-07,gov,0,0.994047999382019,0.004673756659030914,0.0012782752746716142,gov,False
159673,2025-07,gov,0,0.9753236174583435,0.018195396289229393,0.00648093456402421,gov,False
159674,2025-07,gov,0,0.9854963421821594,0.003938494250178337,0.010565157048404217,gov,False
159675,2025-07,gov,0,0.9717267751693726,0.009544175118207932,0.01872902736067772,gov,False
159676,2025-07,gov,0,0.9721864461898804,0.014215090312063694,0.013598509132862091,gov,False
159679,2025-07,gov,0,0.9908192753791809,0.00350686302408576,0.005673892796039581,gov,False
159680,2025-07,gov,0,0.91114741563797,0.036373965442180634,0.052478596568107605,gov,False
160386,2025-07,opo,1,0.02252337336540222,0.9594240188598633,0.0180526040494442,opo,False
160388,2025-07,opo,1,0.029858745634555817,0.8502868413925171,0.1198544129729271,opo,False
160389,2025-07,uncertain,2,0.0029792229179292917,0.008015792816877365,0.9890050292015076,uncertain,False
160390,2025-07,uncertain,2,0.08525147289037704,0.0021899212151765823,0.9125585556030273,uncertain,False
160391,2025-07,gov,0,0.8895329833030701,0.008360892534255981,0.10210612416267395,gov,False
160392,2025-07,gov,0,0.9901390075683594,0.0036996302660554647,0.006161386147141457,gov,False
160393,2025-07,gov,0,0.9897270798683167,0.00788087211549282,0.0023920214734971523,gov,False
160394,2025-07,gov,0,0.8393546938896179,0.023080432787537575,0.13756483793258667,gov,False
160396,2025-07,gov,0,0.9696720838546753,0.010393071919679642,0.01993481069803238,gov,False
160397,2025-07,gov,0,0.9886773824691772,0.005936495028436184,0.005386231932789087,gov,False
160399,2025-07,gov,0,0.9969868063926697,0.002225676318630576,0.0007874567527323961,gov,False
160400,2025-07,gov,0,0.9731581807136536,0.011554334312677383,0.015287496149539948,gov,False
161107,2025-07,opo,1,0.010884842835366726,0.9828929305076599,0.0062221745029091835,opo,False
161109,2025-07,uncertain,2,0.005549326539039612,0.0010647077579051256,0.9933859705924988,uncertain,False
161110,2025-07,gov,0,0.6740017533302307,0.02246718481183052,0.30353105068206787,gov,False
161111,2025-07,gov,0,0.9913825392723083,0.006102230865508318,0.0025152387097477913,gov,False
161112,2025-07,gov,0,0.9857608675956726,0.008068442344665527,0.006170669104903936,gov,False
161113,2025-07,gov,0,0.9779477715492249,0.0013544718967750669,0.020697765052318573,gov,False
161116,2025-07,gov,0,0.9979596138000488,0.00012481622979976237,0.0019155716290697455,gov,False
161117,2025-07,gov,0,0.9862386584281921,0.0018242658115923405,0.011936977505683899,gov,False
161118,2025-07,gov,0,0.9449127912521362,0.03625664860010147,0.018830494955182076,gov,False
161119,2025-07,gov,0,0.9768126010894775,0.018904438242316246,0.004283014219254255,gov,False
161120,2025-07,gov,0,0.9615508317947388,0.016854414716362953,0.021594656631350517,gov,False
161827,2025-07,opo,1,0.0025186026468873024,0.9972231388092041,0.00025824588374234736,opo,False
161829,2025-07,uncertain,2,0.0012797301169484854,0.0029071851167827845,0.9958130717277527,uncertain,False
161830,2025-07,uncertain,2,0.0328780859708786,0.2590324282646179,0.7080894112586975,uncertain,False
161831,2025-07,gov,0,0.6486269235610962,0.3196316361427307,0.03174144774675369,gov,False
161832,2025-07,gov,0,0.8807790875434875,0.0565410777926445,0.06267975270748138,gov,False
161833,2025-07,gov,0,0.7824419140815735,0.030572686344385147,0.18698538839817047,gov,False
161834,2025-07,uncertain,2,0.060335464775562286,0.19863972067832947,0.7410248517990112,gov,False
161837,2025-07,opo,1,0.06131945177912712,0.9353066086769104,0.003373898798599839,opo,False
161839,2025-07,opo,1,0.05163959041237831,0.9455934166908264,0.002766980789601803,opo,False
162547,2025-07,opo,1,0.0021066665649414062,0.9976702332496643,0.0002230711397714913,opo,False
162548,2025-07,opo,1,0.0279359333217144,0.9336970448493958,0.03836696222424507,opo,False
162549,2025-07,uncertain,2,0.02079102210700512,0.26968029141426086,0.7095286250114441,uncertain,False
162550,2025-07,opo,1,0.010103912092745304,0.975348174571991,0.014547843486070633,opo,False
162551,2025-07,gov,0,0.6109216809272766,0.2721174955368042,0.1169607862830162,gov,False
162552,2025-07,gov,0,0.7004731893539429,0.18417556583881378,0.11535118520259857,gov,False
162553,2025-07,opo,1,0.12072224915027618,0.8599976301193237,0.019280124455690384,opo,False
162554,2025-07,uncertain,2,0.029411954805254936,0.07977201044559479,0.8908160328865051,uncertain,False
162555,2025-07,uncertain,2,0.08497592806816101,0.0535869263112545,0.861437201499939,uncertain,False
162556,2025-07,gov,0,0.5221214294433594,0.37249109148979187,0.10538741201162338,gov,False
162558,2025-07,opo,1,0.003114596474915743,0.9967065453529358,0.00017890108574647456,opo,False
162559,2025-07,opo,1,0.025017112493515015,0.9726057648658752,0.002377068158239126,opo,False
163267,2025-07,opo,1,0.017031459137797356,0.9814804196357727,0.0014881639508530498,opo,False
163268,2025-07,uncertain,2,0.04748156666755676,0.2835299074649811,0.6689885258674622,uncertain,False
163269,2025-07,uncertain,2,0.04801905155181885,0.07729402184486389,0.8746869564056396,uncertain,False
163271,2025-07,gov,0,0.8717603087425232,0.017476340755820274,0.110763318836689,gov,False
163272,2025-07,uncertain,2,0.05892910435795784,0.015887167304754257,0.9251837730407715,uncertain,False
163274,2025-07,uncertain,2,0.021330224350094795,0.14362308382987976,0.8350467085838318,uncertain,False
163275,2025-07,uncertain,2,0.0020259334705770016,0.0010466458043083549,0.9969274401664734,uncertain,False
163276,2025-07,uncertain,2,0.022938594222068787,0.002610897645354271,0.9744505286216736,uncertain,False
163278,2025-07,opo,1,0.04267580434679985,0.953617513179779,0.0037067155353724957,opo,False
163988,2025-07,opo,1,0.05073803663253784,0.9195470809936523,0.02971489541232586,opo,False
163989,2025-07,gov,0,0.9220287203788757,0.061553068459033966,0.01641821675002575,gov,False
163992,2025-07,gov,0,0.6062881946563721,0.3535037338733673,0.04020805284380913,gov,False
163993,2025-07,opo,1,0.04395173117518425,0.9478018283843994,0.008246448822319508,opo,False
163996,2025-07,gov,0,0.8460533618927002,0.08046595007181168,0.07348065078258514,gov,False
163998,2025-07,gov,0,0.9499661922454834,0.04252634942531586,0.007507479749619961,gov,False
164709,2025-07,gov,0,0.969770610332489,0.021603742614388466,0.008625651709735394,gov,False
164710,2025-07,gov,0,0.9361193776130676,0.06291668862104416,0.0009639352792873979,gov,False
164711,2025-07,opo,1,0.07036824524402618,0.9284572005271912,0.001174571574665606,opo,False
164712,2025-07,opo,1,0.4950873553752899,0.5042814016342163,0.0006312017212621868,gov,False
164713,2025-07,opo,1,0.3545171022415161,0.6224945187568665,0.022988416254520416,gov,False
164714,2025-07,gov,0,0.8706765174865723,0.08033698797225952,0.04898643121123314,gov,False
164715,2025-07,opo,1,0.3665618896484375,0.5563905239105225,0.07704760134220123,opo,False
164716,2025-07,opo,1,0.047192174941301346,0.9456265568733215,0.007181273307651281,opo,False
165430,2025-07,gov,0,0.9241323471069336,0.04639354720711708,0.029474157840013504,gov,False
165433,2025-07,gov,0,0.8058672547340393,0.18104955554008484,0.013083236292004585,gov,False
165435,2025-07,opo,1,0.06742589175701141,0.9037746787071228,0.028799403458833694,opo,False
165436,2025-07,opo,1,0.023878736421465874,0.975009024143219,0.0011122439755126834,opo,False
166150,2025-07,gov,0,0.9799299240112305,0.014918588101863861,0.005151496734470129,gov,False
166152,2025-07,opo,1,0.04509543254971504,0.9506052136421204,0.004299346357584,opo,False
166154,2025-07,gov,0,0.9946740865707397,0.0008649401715956628,0.004461024422198534,gov,False
166155,2025-07,gov,0,0.9375712275505066,0.02906983159482479,0.03335896506905556,gov,False
166156,2025-07,opo,1,0.03879925608634949,0.9565266966819763,0.004674101248383522,opo,False
166157,2025-07,opo,1,0.07180044054985046,0.9261879324913025,0.0020116709638386965,opo,False
166873,2025-07,gov,0,0.8306984305381775,0.06570535153150558,0.10359615832567215,gov,False
166876,2025-07,opo,1,0.012700634077191353,0.9756435751914978,0.011655746027827263,opo,False
166877,2025-07,opo,1,0.008638260886073112,0.9839426279067993,0.00741904741153121,opo,False
167591,2025-07,gov,0,0.9264436364173889,0.009153769351541996,0.06440257281064987,gov,False
167592,2025-07,gov,0,0.9823300838470459,0.0029018742498010397,0.014768003486096859,gov,False
167594,2025-07,gov,0,0.9746190905570984,0.00043673397158272564,0.024944163858890533,gov,False
167597,2025-07,opo,1,0.019042667001485825,0.9716023802757263,0.009354976937174797,opo,False
168313,2025-07,gov,0,0.9950265288352966,0.0010100213112309575,0.003963494673371315,gov,False
168316,2025-07,opo,1,0.029108844697475433,0.9681580066680908,0.002733107889071107,opo,False
168318,2025-07,opo,1,0.03433829918503761,0.9471874237060547,0.018474331125617027,opo,False
169035,2025-07,gov,0,0.9606053233146667,0.010653099045157433,0.028741557151079178,gov,False
169036,2025-07,gov,0,0.9448665976524353,0.044318657368421555,0.010814688168466091,gov,False
169037,2025-07,gov,0,0.940971851348877,0.021493669599294662,0.037534456700086594,gov,False
169756,2025-07,gov,0,0.9599394798278809,0.0078021688386797905,0.032258328050374985,gov,False
143838,2025-08,gov,0,0.9329841732978821,0.012090805917978287,0.054925091564655304,gov,False
145998,2025-08,gov,0,0.9759917259216309,0.008932068012654781,0.015076115727424622,gov,False
147437,2025-08,gov,0,0.978917121887207,0.006546684540808201,0.014536199159920216,gov,False
147438,2025-08,gov,0,0.986770749092102,0.0027102159801870584,0.010519081726670265,gov,False
147439,2025-08,gov,0,0.9833041429519653,0.0016916287131607533,0.015004303306341171,gov,False
148158,2025-08,gov,0,0.9776152968406677,0.00531052565202117,0.017074190080165863,gov,False
149597,2025-08,uncertain,2,0.09366247802972794,0.008594514802098274,0.8977430462837219,uncertain,False
150307,2025-08,gov,0,0.9337066411972046,0.006752981338649988,0.059540458023548126,gov,False
150317,2025-08,gov,0,0.8946075439453125,0.019218701869249344,0.08617371320724487,gov,False
151756,2025-08,gov,0,0.9468069076538086,0.010120938532054424,0.04307222738862038,gov,False
151757,2025-08,uncertain,2,0.09025246649980545,0.002495739609003067,0.90725177526474,uncertain,False
152476,2025-08,gov,0,0.9958815574645996,0.0012398780090734363,0.0028785238973796368,gov,False
153190,2025-08,gov,0,0.9747937321662903,0.006482032593339682,0.018724313005805016,gov,False
153191,2025-08,gov,0,0.9612746238708496,0.012229985557496548,0.02649533562362194,gov,False
153192,2025-08,gov,0,0.9053606390953064,0.007616981863975525,0.08702240139245987,gov,False
153193,2025-08,gov,0,0.9858296513557434,0.0029074125923216343,0.011262915097177029,gov,False
153196,2025-08,gov,0,0.9129376411437988,0.005733346100896597,0.08132907748222351,gov,False
153197,2025-08,uncertain,2,0.01684820093214512,0.0006388339097611606,0.9825130701065063,uncertain,False
153910,2025-08,gov,0,0.9699787497520447,0.012504336424171925,0.017517007887363434,gov,False
153911,2025-08,gov,0,0.9560960531234741,0.014823932200670242,0.02908007800579071,gov,False
153912,2025-08,gov,0,0.8976869583129883,0.007975799031555653,0.09433728456497192,gov,False
153913,2025-08,gov,0,0.9914470911026001,0.0011316074524074793,0.007421248126775026,gov,False
153914,2025-08,gov,0,0.9914165139198303,0.0019419555319473147,0.006641550455242395,gov,False
153915,2025-08,gov,0,0.9841295480728149,0.009257260710000992,0.006613162811845541,gov,False
153916,2025-08,gov,0,0.9101046323776245,0.0523822046816349,0.0375131294131279,gov,False
153917,2025-08,gov,0,0.6176600456237793,0.1031503900885582,0.2791895866394043,gov,False
153918,2025-08,gov,0,0.5063864588737488,0.458115816116333,0.03549764305353165,opo,False
154630,2025-08,gov,0,0.9179675579071045,0.07367327064275742,0.008359197527170181,gov,False
154631,2025-08,gov,0,0.9627618789672852,0.022628087550401688,0.014610042795538902,gov,False
154632,2025-08,gov,0,0.9838410019874573,0.0017919878009706736,0.014367052353918552,gov,False
154633,2025-08,gov,0,0.9914436936378479,0.0015470231883227825,0.007009296678006649,gov,False
154634,2025-08,gov,0,0.9938786625862122,0.0014102421700954437,0.004711079876869917,gov,False
154635,2025-08,gov,0,0.9851736426353455,0.00903991051018238,0.005786402616649866,gov,False
154636,2025-08,gov,0,0.9430605173110962,0.03628324717283249,0.02065620943903923,gov,False
155350,2025-08,opo,1,0.36927080154418945,0.6218844056129456,0.008844788186252117,opo,False
155351,2025-08,gov,0,0.9454990029335022,0.03418966755270958,0.020311325788497925,gov,False
155352,2025-08,gov,0,0.9810981750488281,0.003039139322936535,0.015862708911299706,gov,False
155354,2025-08,gov,0,0.806776762008667,0.003049256280064583,0.19017402827739716,gov,False
156069,2025-08,opo,1,0.1683589369058609,0.825759768486023,0.005881291348487139,opo,False
156071,2025-08,gov,0,0.9938993453979492,0.001625702134333551,0.004474889487028122,gov,False
156072,2025-08,gov,0,0.992936909198761,0.0016135411569848657,0.0054495325312018394,gov,False
156073,2025-08,gov,0,0.994647204875946,0.0021763984113931656,0.0031763468869030476,gov,False
156074,2025-08,gov,0,0.9688559770584106,0.006416137795895338,0.024727817624807358,gov,False
156075,2025-08,uncertain,2,0.02136543020606041,0.018724700435996056,0.959909975528717,uncertain,False
156788,2025-08,gov,0,0.904391348361969,0.06142748147249222,0.0341811440885067,gov,False
156789,2025-08,opo,1,0.04548274725675583,0.9363993406295776,0.01811794936656952,opo,False
156791,2025-08,gov,0,0.9949294328689575,0.0011914350325241685,0.0038792130071669817,gov,False
156792,2025-08,gov,0,0.9760364890098572,0.0003302784461993724,0.02363324724137783,gov,False
156793,2025-08,gov,0,0.9884961843490601,0.00022095267195254564,0.011282823979854584,gov,False
156794,2025-08,gov,0,0.9565741419792175,0.027799280360341072,0.01562650315463543,gov,False
156795,2025-08,opo,1,0.01156308501958847,0.9343563318252563,0.05408063530921936,opo,False
156796,2025-08,opo,1,0.0036888383328914642,0.9930992126464844,0.0032118731178343296,opo,False
157508,2025-08,gov,0,0.7822391986846924,0.16941609978675842,0.04834470525383949,gov,False
157509,2025-08,opo,1,0.06231072545051575,0.9240117073059082,0.013677597977221012,opo,False
157510,2025-08,gov,0,0.9138227701187134,0.06055673584342003,0.02562052011489868,gov,False
157511,2025-08,gov,0,0.9733447432518005,0.004616414662450552,0.022038821130990982,gov,False
157513,2025-08,uncertain,2,0.1905641406774521,0.0003141477354802191,0.8091216683387756,uncertain,False
157514,2025-08,gov,0,0.8751503825187683,0.009426373988389969,0.11542326956987381,gov,False
157515,2025-08,uncertain,2,0.020007992163300514,0.09077504277229309,0.889216959476471,gov,False
158229,2025-08,opo,1,0.09552893787622452,0.8889814019203186,0.015489708632230759,opo,False
158231,2025-08,gov,0,0.9954847097396851,0.00037411629455164075,0.004141195211559534,gov,False
158233,2025-08,gov,0,0.9468056559562683,0.0004345707129687071,0.05275983363389969,gov,False
158235,2025-08,opo,1,0.09221300482749939,0.8935762643814087,0.01421077735722065,opo,False
158236,2025-08,opo,1,0.004435186740010977,0.9940558671951294,0.0015088868094608188,opo,False
158237,2025-08,opo,1,0.021895961835980415,0.9725950360298157,0.005508951842784882,opo,False
158238,2025-08,gov,0,0.9411602020263672,0.04925690218806267,0.009582944214344025,gov,False
158946,2025-08,gov,0,0.9545478820800781,0.027949314564466476,0.017502715811133385,gov,False
158947,2025-08,opo,1,0.09967202693223953,0.8680484294891357,0.03227951005101204,opo,False
158949,2025-08,gov,0,0.9424986243247986,0.04015892371535301,0.017342522740364075,gov,False
158950,2025-08,gov,0,0.9983999133110046,0.0001855114387581125,0.0014145042514428496,gov,False
158951,2025-08,gov,0,0.9985754489898682,0.0004027203540317714,0.001021859236061573,gov,False
158952,2025-08,gov,0,0.9856873154640198,0.007059605326503515,0.007253163494169712,gov,False
158953,2025-08,gov,0,0.9738311767578125,0.009705443866550922,0.01646338775753975,gov,False
158954,2025-08,gov,0,0.9750409722328186,0.011838102713227272,0.013120916672050953,gov,False
158955,2025-08,gov,0,0.9703904390335083,0.02478509210050106,0.004824516363441944,gov,False
158956,2025-08,gov,0,0.9517084956169128,0.046122562140226364,0.002168941078707576,gov,False
158957,2025-08,gov,0,0.9937979578971863,0.005184390116482973,0.0010176844662055373,gov,False
158958,2025-08,gov,0,0.995360791683197,0.002821272471919656,0.0018179469043388963,gov,False
158960,2025-08,gov,0,0.9561274647712708,0.018249820917844772,0.025622734799981117,gov,False
159665,2025-08,opo,1,0.3009355366230011,0.5789139866828918,0.12015046179294586,opo,False
159666,2025-08,opo,1,0.0153707480058074,0.9779647588729858,0.0066644856706261635,opo,False
159667,2025-08,opo,1,0.000903524924069643,0.9987360835075378,0.0003604506200645119,opo,False
159668,2025-08,opo,1,0.013503558933734894,0.9830993413925171,0.0033970370423048735,opo,False
159670,2025-08,gov,0,0.9863967299461365,0.00010413240670459345,0.013499041087925434,gov,False
159671,2025-08,gov,0,0.9984527826309204,0.0009146284428425133,0.000632676063105464,gov,False
159672,2025-08,gov,0,0.9943909049034119,0.005322783719748259,0.0002862544497475028,gov,False
159673,2025-08,gov,0,0.9788919687271118,0.017804307863116264,0.0033037082757800817,gov,False
159674,2025-08,gov,0,0.9919644594192505,0.004970974288880825,0.003064649412408471,gov,False
159675,2025-08,gov,0,0.9880768060684204,0.0035689384676516056,0.0083541851490736,gov,False
159676,2025-08,gov,0,0.9568811655044556,0.018403058871626854,0.024715686216950417,gov,False
159679,2025-08,gov,0,0.9900633692741394,0.005049719940871,0.004886894021183252,gov,False
159680,2025-08,gov,0,0.9318656325340271,0.030519964173436165,0.037614382803440094,gov,False
160386,2025-08,opo,1,0.05636292323470116,0.9305312633514404,0.013105821795761585,opo,False
160388,2025-08,opo,1,0.011570917442440987,0.9772486686706543,0.011180376634001732,opo,False
160389,2025-08,uncertain,2,0.02406330592930317,0.04244449734687805,0.9334922432899475,uncertain,False
160390,2025-08,uncertain,2,0.15484578907489777,0.0015160215552896261,0.8436382412910461,uncertain,False
160391,2025-08,gov,0,0.9688069820404053,0.005751926451921463,0.025441095232963562,gov,False
160392,2025-08,gov,0,0.9974122643470764,0.0018807228188961744,0.0007070101564750075,gov,False
160393,2025-08,gov,0,0.9908437728881836,0.008427261374890804,0.0007290731300599873,gov,False
160394,2025-08,gov,0,0.9779312014579773,0.006510643754154444,0.015558104030787945,gov,False
160396,2025-08,gov,0,0.9478048086166382,0.011160969734191895,0.041034162044525146,gov,False
160397,2025-08,gov,0,0.9761701822280884,0.015861481428146362,0.007968385703861713,gov,False
160399,2025-08,gov,0,0.9935519695281982,0.0034633735194802284,0.0029846751131117344,gov,False
160400,2025-08,gov,0,0.9575704336166382,0.021726094186306,0.0207035131752491,gov,False
161107,2025-08,opo,1,0.011287031695246696,0.9839252233505249,0.004787719342857599,opo,False
161109,2025-08,uncertain,2,0.013129377737641335,0.001290665240958333,0.9855799674987793,uncertain,False
161110,2025-08,gov,0,0.953786313533783,0.0022390608210116625,0.0439746230840683,gov,False
161111,2025-08,gov,0,0.9990953207015991,0.0006826632306911051,0.00022200950479600579,gov,False
161112,2025-08,gov,0,0.9983748197555542,0.0010120365768671036,0.0006131501868367195,gov,False
161113,2025-08,gov,0,0.998840868473053,0.0004349256050772965,0.0007241760613396764,gov,False
161116,2025-08,gov,0,0.9955894947052002,0.000318196602165699,0.004092313814908266,gov,False
161117,2025-08,gov,0,0.9745851159095764,0.012523441575467587,0.012891407124698162,gov,False
161118,2025-08,gov,0,0.9516944289207458,0.015205366536974907,0.03310021385550499,gov,False
161119,2025-08,gov,0,0.9786561727523804,0.012169389985501766,0.009174445644021034,gov,False
161120,2025-08,gov,0,0.9553767442703247,0.020171377807855606,0.02445196360349655,gov,False
161827,2025-08,opo,1,0.0030762425158172846,0.9966912269592285,0.00023245943884830922,opo,False
161829,2025-08,uncertain,2,0.011467358097434044,0.0025647575967013836,0.9859678745269775,uncertain,False
161830,2025-08,uncertain,2,0.19451501965522766,0.0900307223200798,0.7154542207717896,uncertain,False
161831,2025-08,gov,0,0.9796064496040344,0.014063220471143723,0.0063303387723863125,gov,False
161832,2025-08,gov,0,0.9709858298301697,0.007080005947500467,0.021934110671281815,gov,False
161833,2025-08,gov,0,0.9776711463928223,0.008445709012448788,0.01388312317430973,gov,False
161834,2025-08,uncertain,2,0.3222699463367462,0.09498737007379532,0.5827426910400391,gov,False
161837,2025-08,opo,1,0.09174470603466034,0.8914101123809814,0.01684511825442314,opo,False
161839,2025-08,opo,1,0.06970393657684326,0.9276888370513916,0.0026071835309267044,opo,False
162547,2025-08,opo,1,0.004046356771141291,0.9952808022499084,0.000672826892696321,opo,False
162548,2025-08,opo,1,0.07706195116043091,0.7625201940536499,0.1604178547859192,opo,False
162549,2025-08,uncertain,2,0.021974069997668266,0.052562493830919266,0.9254634380340576,uncertain,False
162550,2025-08,opo,1,0.16706618666648865,0.7762026190757751,0.056731171905994415,opo,False
162551,2025-08,gov,0,0.978674054145813,0.0028377727139741182,0.018488144502043724,gov,False
162552,2025-08,gov,0,0.9533385634422302,0.005727908108383417,0.040933504700660706,gov,False
162553,2025-08,opo,1,0.27483582496643066,0.7207470536231995,0.004417164251208305,opo,False
162554,2025-08,uncertain,2,0.06148839741945267,0.027632156386971474,0.9108794927597046,uncertain,False
162555,2025-08,uncertain,2,0.026448829099535942,0.00382553250528872,0.9697256684303284,uncertain,False
162556,2025-08,gov,0,0.782900333404541,0.15135040879249573,0.06574925035238266,gov,False
162558,2025-08,opo,1,0.0033484860323369503,0.9957953691482544,0.0008561844588257372,opo,False
162559,2025-08,opo,1,0.010112420655786991,0.9892091155052185,0.0006785134901292622,opo,False
163267,2025-08,opo,1,0.03714095056056976,0.9562197327613831,0.006639354396611452,opo,False
163268,2025-08,uncertain,2,0.044185470789670944,0.1766078919172287,0.7792066335678101,uncertain,False
163269,2025-08,uncertain,2,0.05883422866463661,0.014958802610635757,0.9262069463729858,uncertain,False
163271,2025-08,gov,0,0.9894351363182068,0.0005350664141587913,0.010029880329966545,gov,False
163272,2025-08,uncertain,2,0.03593580052256584,0.0008192076347768307,0.9632450342178345,uncertain,False
163274,2025-08,uncertain,2,0.03861550986766815,0.02121680974960327,0.9401677250862122,uncertain,False
163275,2025-08,uncertain,2,0.007880911231040955,0.0006744241109117866,0.9914447665214539,uncertain,False
163276,2025-08,uncertain,2,0.11574967205524445,0.007340903393924236,0.8769093751907349,uncertain,False
163278,2025-08,opo,1,0.03811659291386604,0.9448866248130798,0.016996802762150764,opo,False
163988,2025-08,opo,1,0.05982048436999321,0.902304470539093,0.03787511959671974,opo,False
163989,2025-08,gov,0,0.954713761806488,0.024017220363020897,0.02126895822584629,gov,False
163992,2025-08,gov,0,0.9318079948425293,0.04897508770227432,0.019216900691390038,gov,False
163993,2025-08,opo,1,0.4262316823005676,0.5185462832450867,0.05522199720144272,opo,False
163996,2025-08,gov,0,0.9219586849212646,0.06311378628015518,0.014927527867257595,gov,False
163998,2025-08,gov,0,0.9068695902824402,0.07160409539937973,0.02152632363140583,gov,False
164709,2025-08,gov,0,0.978539228439331,0.01366345677524805,0.00779728451743722,gov,False
164710,2025-08,gov,0,0.9817391037940979,0.017703985795378685,0.0005569866043515503,gov,False
164711,2025-08,opo,1,0.3514467477798462,0.6460280418395996,0.002525245537981391,opo,False
164712,2025-08,gov,0,0.9069948196411133,0.09253848344087601,0.0004667782341130078,gov,False
164713,2025-08,gov,0,0.8147562146186829,0.16383811831474304,0.021405600011348724,gov,False
164714,2025-08,gov,0,0.8510378003120422,0.10841991752386093,0.04054228588938713,gov,False
164715,2025-08,opo,1,0.13389697670936584,0.8530170321464539,0.013085950165987015,gov,False
164716,2025-08,opo,1,0.014309688471257687,0.9847697019577026,0.000920634891372174,opo,False
165430,2025-08,gov,0,0.9209644198417664,0.043575797230005264,0.035459864884614944,gov,False
165433,2025-08,gov,0,0.9114965796470642,0.08559358865022659,0.0029098251834511757,gov,False
165435,2025-08,opo,1,0.020189788192510605,0.9783250689506531,0.0014852028107270598,opo,False
165436,2025-08,opo,1,0.01669568195939064,0.9827792048454285,0.0005251981201581657,opo,False
166150,2025-08,gov,0,0.8249761462211609,0.0671110600233078,0.1079128310084343,gov,False
166152,2025-08,opo,1,0.10164561867713928,0.8744933605194092,0.023861078545451164,opo,False
166154,2025-08,gov,0,0.9783819913864136,0.011459041386842728,0.010159052908420563,gov,False
166155,2025-08,gov,0,0.837445080280304,0.12949375808238983,0.03306112810969353,gov,False
166156,2025-08,opo,1,0.029417552053928375,0.9654985666275024,0.00508388364687562,opo,False
166157,2025-08,opo,1,0.07527700066566467,0.9201439023017883,0.0045790476724505424,opo,False
166873,2025-08,gov,0,0.8671875596046448,0.08598234504461288,0.04683009535074234,gov,False
166876,2025-08,opo,1,0.007483094464987516,0.9873201847076416,0.005196749698370695,opo,False
166877,2025-08,opo,1,0.018422462046146393,0.9752162098884583,0.006361367646604776,opo,False
167591,2025-08,gov,0,0.7855941653251648,0.017287611961364746,0.19711820781230927,gov,False
167592,2025-08,gov,0,0.9826029539108276,0.0077682905830442905,0.009628737345337868,gov,False
167594,2025-08,gov,0,0.9763134121894836,0.0008073496283032,0.022879237309098244,gov,False
167597,2025-08,opo,1,0.009930196218192577,0.9845357537269592,0.005534008610993624,opo,False
168313,2025-08,gov,0,0.995383083820343,0.0006831209175288677,0.003933746367692947,gov,False
168316,2025-08,opo,1,0.004355681594461203,0.99498051404953,0.0006637689657509327,opo,False
168318,2025-08,opo,1,0.03419674187898636,0.9421050548553467,0.023698193952441216,opo,False
169035,2025-08,gov,0,0.9924047589302063,0.004785480443388224,0.002809773199260235,gov,False
169036,2025-08,gov,0,0.9797032475471497,0.01779484748840332,0.0025018276646733284,gov,False
169037,2025-08,gov,0,0.9673384428024292,0.013201983645558357,0.019459547474980354,gov,False
169756,2025-08,gov,0,0.9959337115287781,0.0003560760524123907,0.003710211720317602,gov,False
143838,2025-09,gov,0,0.9421806335449219,0.011222541332244873,0.046596843749284744,gov,False
145998,2025-09,gov,0,0.9675833582878113,0.011887140572071075,0.02052951045334339,gov,False
147437,2025-09,gov,0,0.9826864004135132,0.006567847449332476,0.010745752602815628,gov,False
147438,2025-09,gov,0,0.9808195233345032,0.00616451445966959,0.013015984557569027,gov,False
147439,2025-09,gov,0,0.9671466946601868,0.003670584177598357,0.029182735830545425,gov,False
148158,2025-09,gov,0,0.9570150375366211,0.011830954812467098,0.031153962016105652,gov,False
149597,2025-09,uncertain,2,0.07413817197084427,0.014603901654481888,0.9112578630447388,uncertain,False
150307,2025-09,gov,0,0.9283504486083984,0.014934426173567772,0.056715190410614014,gov,False
150317,2025-09,gov,0,0.8494873046875,0.05942347273230553,0.09108921885490417,gov,False
151756,2025-09,gov,0,0.978014349937439,0.005507167894393206,0.016478467732667923,gov,False
151757,2025-09,uncertain,2,0.17166903614997864,0.006235586479306221,0.8220953345298767,uncertain,False
152476,2025-09,gov,0,0.9990453124046326,0.00044486060505732894,0.000509789155330509,gov,False
153190,2025-09,gov,0,0.9703336358070374,0.011031798087060452,0.018634526059031487,gov,False
153191,2025-09,gov,0,0.979306697845459,0.009121153503656387,0.01157213095575571,gov,False
153192,2025-09,gov,0,0.9389313459396362,0.006944200489670038,0.05412448197603226,gov,False
153193,2025-09,gov,0,0.9827050566673279,0.003240629332140088,0.014054331928491592,gov,False
153196,2025-09,gov,0,0.9888073205947876,0.0016754562966525555,0.009517259895801544,gov,False
153197,2025-09,uncertain,2,0.06546655297279358,0.001746355788782239,0.9327871203422546,uncertain,False
153910,2025-09,gov,0,0.9611817598342896,0.021650124341249466,0.017168154940009117,gov,False
153911,2025-09,gov,0,0.9726467132568359,0.009671404026448727,0.01768186129629612,gov,False
153912,2025-09,gov,0,0.9023349285125732,0.00839355867356062,0.08927154541015625,gov,False
153913,2025-09,gov,0,0.9864686727523804,0.0020817324984818697,0.011449589394032955,gov,False
153914,2025-09,gov,0,0.9985248446464539,0.0004199758404865861,0.0010552549501881003,gov,False
153915,2025-09,gov,0,0.9980619549751282,0.000867048860527575,0.0010710310889407992,gov,False
153916,2025-09,gov,0,0.9878139495849609,0.007437341846525669,0.004748708568513393,gov,False
153917,2025-09,gov,0,0.9011125564575195,0.0427413210272789,0.056146129965782166,gov,False
153918,2025-09,gov,0,0.7839213013648987,0.18285711109638214,0.033221565186977386,gov,False
154630,2025-09,gov,0,0.9457201957702637,0.04781733453273773,0.006462571211159229,gov,False
154631,2025-09,gov,0,0.9839698672294617,0.008135534822940826,0.007894489914178848,gov,False
154632,2025-09,gov,0,0.9861897826194763,0.0029786101076751947,0.010831660591065884,gov,False
154633,2025-09,gov,0,0.9927694797515869,0.001942520379088819,0.00528795225545764,gov,False
154634,2025-09,gov,0,0.997829020023346,0.0006018935237079859,0.00156906817574054,gov,False
154635,2025-09,gov,0,0.9958711266517639,0.0023067384026944637,0.0018221144564449787,gov,False
154636,2025-09,gov,0,0.9863747358322144,0.008318132720887661,0.005307236686348915,gov,False
155350,2025-09,gov,0,0.898784875869751,0.08729316294193268,0.013922031968832016,opo,False
155351,2025-09,gov,0,0.9806419014930725,0.010195287875831127,0.009162742644548416,gov,False
155352,2025-09,gov,0,0.9556344747543335,0.0037030670791864395,0.040662411600351334,gov,False
155354,2025-09,gov,0,0.9386740326881409,0.0017477326327934861,0.05957818031311035,gov,False
156069,2025-09,opo,1,0.2428753674030304,0.7310190796852112,0.026105517521500587,opo,False
156071,2025-09,gov,0,0.9925411939620972,0.0017660806188359857,0.005692760460078716,gov,False
156072,2025-09,gov,0,0.9926659464836121,0.0005574022652581334,0.006776666734367609,gov,False
156073,2025-09,gov,0,0.9939755797386169,0.0004945577238686383,0.005529877729713917,gov,False
156074,2025-09,gov,0,0.9752897024154663,0.0035264724865555763,0.0211837999522686,gov,False
156075,2025-09,uncertain,2,0.12976107001304626,0.035790830850601196,0.8344480991363525,uncertain,False
156788,2025-09,gov,0,0.7897383570671082,0.138703852891922,0.07155775278806686,gov,False
156789,2025-09,opo,1,0.11978546530008316,0.8249462842941284,0.05526822432875633,opo,False
156791,2025-09,gov,0,0.9960810542106628,0.0009074892732314765,0.0030114243272691965,gov,False
156792,2025-09,gov,0,0.9974045157432556,6.534479325637221e-05,0.0025300721172243357,gov,False
156793,2025-09,gov,0,0.9938169121742249,0.00012534491543192416,0.006057715974748135,gov,False
156794,2025-09,gov,0,0.9567049145698547,0.013211053796112537,0.030083969235420227,gov,False
156795,2025-09,opo,1,0.06442519277334213,0.8771776556968689,0.058397114276885986,opo,False
156796,2025-09,opo,1,0.006417891941964626,0.991530179977417,0.0020519299432635307,opo,False
157508,2025-09,gov,0,0.8994512557983398,0.08203013986349106,0.0185185968875885,gov,False
157509,2025-09,opo,1,0.1318177580833435,0.8143784403800964,0.05380377545952797,opo,False
157510,2025-09,gov,0,0.9196159839630127,0.03304847702383995,0.047335512936115265,gov,False
157511,2025-09,gov,0,0.9605492353439331,0.0019263987196609378,0.03752433508634567,gov,False
157513,2025-09,gov,0,0.7273231148719788,0.0003807053726632148,0.27229616045951843,uncertain,False
157514,2025-09,gov,0,0.9170815348625183,0.0036082041915506124,0.0793103277683258,gov,False
157515,2025-09,uncertain,2,0.11250881105661392,0.11635790765285492,0.7711332440376282,uncertain,False
158229,2025-09,opo,1,0.4102020263671875,0.5652722120285034,0.024525810033082962,opo,False
158231,2025-09,gov,0,0.993221640586853,0.0005459906533360481,0.006232463289052248,gov,False
158233,2025-09,gov,0,0.9780583381652832,0.0005677123554050922,0.02137395553290844,gov,False
158235,2025-09,opo,1,0.1345020830631256,0.8565139174461365,0.008984006941318512,opo,False
158236,2025-09,opo,1,0.02120443619787693,0.9765304923057556,0.0022651117760688066,opo,False
158237,2025-09,opo,1,0.10617364197969437,0.8766602873802185,0.017166074365377426,opo,False
158238,2025-09,gov,0,0.9627484083175659,0.020641928538680077,0.0166096743196249,gov,False
158946,2025-09,gov,0,0.9208633899688721,0.06764320284128189,0.011493428610265255,gov,False
158947,2025-09,opo,1,0.23465250432491302,0.7221600413322449,0.04318750277161598,opo,False
158949,2025-09,gov,0,0.9337067008018494,0.047632280737161636,0.01866096816956997,gov,False
158950,2025-09,gov,0,0.9983515739440918,0.0005555851967073977,0.0010928681585937738,gov,False
158951,2025-09,gov,0,0.9978651404380798,0.0007832941482774913,0.0013515438186004758,gov,False
158952,2025-09,gov,0,0.9830812811851501,0.00426818709820509,0.012650543823838234,gov,False
158953,2025-09,gov,0,0.9858102202415466,0.0026973667554557323,0.011492366902530193,gov,False
158954,2025-09,gov,0,0.9913585186004639,0.003417071420699358,0.005224465858191252,gov,False
158955,2025-09,gov,0,0.9757345914840698,0.022927425801753998,0.0013380093732848763,gov,False
158956,2025-09,gov,0,0.8725374341011047,0.12570925056934357,0.0017534114886075258,gov,False
158957,2025-09,gov,0,0.9816718697547913,0.01493707112967968,0.0033909822814166546,gov,False
158958,2025-09,gov,0,0.9950377345085144,0.0023775554727762938,0.002584695117548108,gov,False
158960,2025-09,gov,0,0.9415957927703857,0.01761855185031891,0.04078574851155281,gov,False
159665,2025-09,gov,0,0.6744717955589294,0.2801003158092499,0.04542790725827217,opo,False
159666,2025-09,opo,1,0.07394029945135117,0.8975450992584229,0.02851460874080658,opo,False
159667,2025-09,opo,1,0.009911148808896542,0.987683117389679,0.0024056979455053806,opo,False
159668,2025-09,opo,1,0.04971959441900253,0.9210634231567383,0.029217025265097618,opo,False
159670,2025-09,gov,0,0.9909143447875977,0.0011573449010029435,0.007928293198347092,gov,False
159671,2025-09,gov,0,0.9958320260047913,0.0015591536648571491,0.0026088657323271036,gov,False
159672,2025-09,gov,0,0.9961573481559753,0.002759875962510705,0.0010828030062839389,gov,False
159673,2025-09,gov,0,0.9944638609886169,0.0033555040135979652,0.0021805569995194674,gov,False
159674,2025-09,gov,0,0.9964733719825745,0.001745376968756318,0.0017811964498832822,gov,False
159675,2025-09,gov,0,0.9901891350746155,0.006344838533550501,0.0034659451339393854,gov,False
159676,2025-09,gov,0,0.9179301857948303,0.07150246948003769,0.010567407123744488,gov,False
159679,2025-09,gov,0,0.9807522892951965,0.008079640567302704,0.011168011464178562,gov,False
159680,2025-09,gov,0,0.9058724641799927,0.026183193549513817,0.06794441491365433,gov,False
160386,2025-09,opo,1,0.2540464997291565,0.5571674108505249,0.18878604471683502,opo,False
160388,2025-09,opo,1,0.07077306509017944,0.8535436391830444,0.0756833478808403,opo,False
160389,2025-09,uncertain,2,0.03861014544963837,0.037935540080070496,0.9234544038772583,uncertain,False
160390,2025-09,uncertain,2,0.2539103329181671,0.00947613175958395,0.7366135120391846,uncertain,False
160391,2025-09,gov,0,0.9528717994689941,0.004284266848117113,0.04284384474158287,gov,False
160392,2025-09,gov,0,0.9930164813995361,0.00199500797316432,0.004988502245396376,gov,False
160393,2025-09,gov,0,0.9958353042602539,0.002233099192380905,0.0019316086545586586,gov,False
160394,2025-09,gov,0,0.9807095527648926,0.005834989249706268,0.013455480337142944,gov,False
160396,2025-09,gov,0,0.9465550780296326,0.02587450109422207,0.027570372447371483,gov,False
160397,2025-09,gov,0,0.9376587271690369,0.046712763607501984,0.015628546476364136,gov,False
160399,2025-09,gov,0,0.9801950454711914,0.008251817896962166,0.011553182266652584,gov,False
160400,2025-09,gov,0,0.9372555017471313,0.02818256989121437,0.03456193953752518,gov,False
161107,2025-09,opo,1,0.016553368419408798,0.9750091433525085,0.008437558077275753,opo,False
161109,2025-09,uncertain,2,0.09611780941486359,0.03053218498826027,0.8733500838279724,uncertain,False
161110,2025-09,gov,0,0.8964195251464844,0.013241589069366455,0.0903388261795044,gov,False
161111,2025-09,gov,0,0.9962167143821716,0.0013179024681448936,0.0024654234293848276,gov,False
161112,2025-09,gov,0,0.9950922727584839,0.0026722715701907873,0.00223548524081707,gov,False
161113,2025-09,gov,0,0.9926058053970337,0.001040275557897985,0.006353937089443207,opo,False
161116,2025-09,gov,0,0.9946519136428833,0.0014729717513546348,0.0038750756066292524,gov,False
161117,2025-09,gov,0,0.9153457880020142,0.06642982363700867,0.018224434927105904,gov,False
161118,2025-09,gov,0,0.9145123958587646,0.027075033634901047,0.058412566781044006,gov,False
161119,2025-09,gov,0,0.9408650398254395,0.023455025628209114,0.03567996621131897,gov,False
161120,2025-09,gov,0,0.9466413259506226,0.016595955938100815,0.03676273673772812,gov,False
161827,2025-09,opo,1,0.0007691410137340426,0.9988951086997986,0.0003357483656145632,opo,False
161829,2025-09,uncertain,2,0.01635349728167057,0.03759920224547386,0.946047306060791,uncertain,False
161830,2025-09,uncertain,2,0.2799895703792572,0.23997388780117035,0.48003655672073364,uncertain,False
161831,2025-09,gov,0,0.9156335592269897,0.02523108758032322,0.05913542956113815,gov,False
161832,2025-09,gov,0,0.9637305736541748,0.014467316679656506,0.02180212177336216,gov,False
161833,2025-09,gov,0,0.9636715650558472,0.011578106321394444,0.024750269949436188,gov,False
161834,2025-09,uncertain,2,0.2279289960861206,0.01751050539314747,0.7545605301856995,gov,False
161837,2025-09,opo,1,0.06029895320534706,0.9335517883300781,0.00614920211955905,opo,False
161839,2025-09,opo,1,0.10569462180137634,0.8884137868881226,0.005891573615372181,opo,False
162547,2025-09,opo,1,0.008640523068606853,0.9881069660186768,0.003252526978030801,opo,False
162548,2025-09,opo,1,0.0786585807800293,0.8760414123535156,0.04530008137226105,opo,False
162549,2025-09,uncertain,2,0.04149332642555237,0.4703710377216339,0.4881356358528137,uncertain,False
162550,2025-09,opo,1,0.2522764205932617,0.6898370981216431,0.05788644403219223,opo,False
162551,2025-09,gov,0,0.9187315702438354,0.011368414387106895,0.06990007311105728,gov,False
162552,2025-09,gov,0,0.9187441468238831,0.03193374350667,0.04932209849357605,gov,False
162553,2025-09,opo,1,0.40714359283447266,0.5825611352920532,0.010295222513377666,opo,False
162554,2025-09,uncertain,2,0.04465958848595619,0.009167704731225967,0.9461727738380432,uncertain,False
162555,2025-09,uncertain,2,0.0350925512611866,0.008357393555343151,0.956550121307373,uncertain,False
162556,2025-09,opo,1,0.4334760308265686,0.5440230369567871,0.02250095270574093,gov,False
162558,2025-09,opo,1,0.00945315882563591,0.9892663955688477,0.0012804993893951178,opo,False
162559,2025-09,opo,1,0.03953736647963524,0.9580487608909607,0.0024138784501701593,opo,False
163267,2025-09,opo,1,0.19981104135513306,0.7675939202308655,0.03259499743580818,opo,False
163268,2025-09,uncertain,2,0.06736242026090622,0.2833186984062195,0.6493188738822937,uncertain,False
163269,2025-09,uncertain,2,0.07998517900705338,0.038532789796590805,0.881481945514679,uncertain,False
163271,2025-09,gov,0,0.9695176482200623,0.002244040835648775,0.0282383281737566,gov,False
163272,2025-09,uncertain,2,0.03985154628753662,0.002238502725958824,0.9579099416732788,uncertain,False
163274,2025-09,uncertain,2,0.03583642467856407,0.008395932614803314,0.9557676315307617,uncertain,False
163275,2025-09,uncertain,2,0.009703323245048523,0.0004656679811887443,0.9898310303688049,uncertain,False
163276,2025-09,uncertain,2,0.26085013151168823,0.01548253558576107,0.7236674427986145,uncertain,False
163278,2025-09,opo,1,0.07339435815811157,0.9129189848899841,0.013686669059097767,opo,False
163988,2025-09,opo,1,0.10947079956531525,0.7695335149765015,0.1209956631064415,opo,False
163989,2025-09,gov,0,0.9185293316841125,0.03396724909543991,0.04750344902276993,opo,False
163992,2025-09,gov,0,0.7600206732749939,0.14598238468170166,0.09399701654911041,gov,False
163993,2025-09,gov,0,0.5750961303710938,0.24447326362133026,0.18043062090873718,opo,False
163996,2025-09,gov,0,0.9133089184761047,0.07329286634922028,0.01339828222990036,gov,False
163998,2025-09,gov,0,0.9430869817733765,0.048240162432193756,0.008672771044075489,gov,False
164709,2025-09,gov,0,0.9554140567779541,0.02045004814863205,0.024135880172252655,gov,False
164710,2025-09,gov,0,0.9842111468315125,0.014817916788160801,0.0009708707802928984,gov,False
164711,2025-09,gov,0,0.8176108598709106,0.1785062700510025,0.003882875433191657,opo,False
164712,2025-09,gov,0,0.952292799949646,0.046700723469257355,0.0010064904345199466,opo,False
164713,2025-09,gov,0,0.8690658807754517,0.10135599970817566,0.029578136280179024,opo,False
164714,2025-09,gov,0,0.8343509435653687,0.11811307817697525,0.04753599688410759,gov,False
164715,2025-09,opo,1,0.12862206995487213,0.8622857332229614,0.009092191234230995,gov,False
164716,2025-09,opo,1,0.04349507763981819,0.9548079967498779,0.001696956343948841,opo,False
165430,2025-09,gov,0,0.9129972457885742,0.06051556020975113,0.026487182825803757,gov,False
165433,2025-09,gov,0,0.8798887729644775,0.11733601242303848,0.002775198547169566,gov,False
165435,2025-09,opo,1,0.014852347783744335,0.9843887090682983,0.0007589642773382366,opo,False
165436,2025-09,opo,1,0.01738812029361725,0.9818172454833984,0.000794719613622874,opo,False
166150,2025-09,gov,0,0.9007278084754944,0.042681075632572174,0.056591060012578964,gov,False
166152,2025-09,opo,1,0.3480917811393738,0.6128826141357422,0.03902556002140045,opo,False
166154,2025-09,gov,0,0.9654198884963989,0.021869705989956856,0.012710334733128548,gov,False
166155,2025-09,gov,0,0.8319230675697327,0.09690497815608978,0.07117201387882233,gov,False
166156,2025-09,opo,1,0.18933731317520142,0.7876670360565186,0.02299564518034458,opo,False
166157,2025-09,opo,1,0.3905909061431885,0.5974978804588318,0.011911207810044289,opo,False
166873,2025-09,gov,0,0.85499507188797,0.06874381005764008,0.07626113295555115,gov,False
166876,2025-09,opo,1,0.037721436470746994,0.9475716948509216,0.014706849120557308,opo,False
166877,2025-09,opo,1,0.07540801167488098,0.9140687584877014,0.010523294098675251,opo,False
167591,2025-09,gov,0,0.9024229645729065,0.008564792573451996,0.08901232481002808,gov,False
167592,2025-09,gov,0,0.9803490042686462,0.008394190110266209,0.011256850324571133,gov,False
167594,2025-09,gov,0,0.9754694700241089,0.00363854574970901,0.020892050117254257,gov,False
167597,2025-09,opo,1,0.0499630905687809,0.9313305616378784,0.0187063105404377,opo,False
168313,2025-09,gov,0,0.9800727367401123,0.00119499652646482,0.018732348456978798,gov,False
168316,2025-09,opo,1,0.021775219589471817,0.9738849997520447,0.004339770879596472,opo,False
168318,2025-09,opo,1,0.15667490661144257,0.7964281439781189,0.04689694941043854,opo,False
169035,2025-09,gov,0,0.989262044429779,0.004055012483149767,0.006682982202619314,gov,False
169036,2025-09,gov,0,0.9736074805259705,0.022355519235134125,0.004037041682749987,gov,False
169037,2025-09,gov,0,0.9380815029144287,0.02778862603008747,0.03412988409399986,gov,False
169756,2025-09,gov,0,0.9915054440498352,0.002424689009785652,0.006069881841540337,gov,False
143838,2025-10,gov,0,0.9388240575790405,0.01224350556731224,0.04893241450190544,gov,False
145998,2025-10,gov,0,0.9688968062400818,0.009847274050116539,0.02125583589076996,gov,False
147437,2025-10,gov,0,0.9742436408996582,0.010280019603669643,0.015476329252123833,gov,False
147438,2025-10,gov,0,0.937186598777771,0.01621180586516857,0.046601615846157074,gov,False
147439,2025-10,gov,0,0.9298754334449768,0.005201191175729036,0.06492341309785843,gov,False
148158,2025-10,gov,0,0.8915359377861023,0.014975480735301971,0.09348853677511215,gov,False
149597,2025-10,uncertain,2,0.06049947440624237,0.013872351497411728,0.9256281852722168,uncertain,False
150307,2025-10,gov,0,0.947283148765564,0.008412070572376251,0.04430476576089859,gov,False
150317,2025-10,gov,0,0.6933790445327759,0.05951071158051491,0.2471102476119995,opo,False
151756,2025-10,gov,0,0.9466204643249512,0.007282507140189409,0.0460970401763916,gov,False
151757,2025-10,uncertain,2,0.06621623039245605,0.006760802119970322,0.9270229935646057,uncertain,False
152476,2025-10,gov,0,0.9948207139968872,0.0020657668355852365,0.003113547107204795,gov,False
153190,2025-10,gov,0,0.9535716772079468,0.014665720984339714,0.03176264837384224,gov,False
153191,2025-10,gov,0,0.9631341099739075,0.008722239173948765,0.028143733739852905,gov,False
153192,2025-10,gov,0,0.8984084725379944,0.0027059109415858984,0.09888559579849243,gov,False
153193,2025-10,gov,0,0.9791065454483032,0.0016025317599996924,0.019290946424007416,gov,False
153196,2025-10,gov,0,0.9194638729095459,0.014224130660295486,0.06631200015544891,gov,False
153197,2025-10,uncertain,2,0.02550607919692993,0.004140592645853758,0.9703532457351685,uncertain,False
153910,2025-10,gov,0,0.9580754637718201,0.017682889476418495,0.024241602048277855,gov,False
153911,2025-10,gov,0,0.9626070261001587,0.008838079869747162,0.02855495922267437,gov,False
153912,2025-10,gov,0,0.9313097596168518,0.0035128581803292036,0.06517747044563293,gov,False
153913,2025-10,gov,0,0.9821620583534241,0.0010834670392796397,0.016754385083913803,gov,False
153914,2025-10,gov,0,0.9942434430122375,0.0008319900371134281,0.0049245310947299,gov,False
153915,2025-10,gov,0,0.9777209162712097,0.008894153870642185,0.013384834863245487,gov,False
153916,2025-10,gov,0,0.7905765771865845,0.14822939038276672,0.0611940436065197,gov,False
153917,2025-10,gov,0,0.6561177968978882,0.24203439056873322,0.10184776782989502,gov,False
153918,2025-10,gov,0,0.7108874917030334,0.26058468222618103,0.02852783538401127,opo,False
154630,2025-10,gov,0,0.8677273392677307,0.11566407233476639,0.016608629375696182,gov,False
154631,2025-10,gov,0,0.9596641063690186,0.017504611983895302,0.02283133752644062,gov,False
154632,2025-10,gov,0,0.9752359390258789,0.0038769864477217197,0.020887117832899094,gov,False
154633,2025-10,gov,0,0.9818363785743713,0.0017651140224188566,0.016398504376411438,gov,False
154634,2025-10,gov,0,0.9954600930213928,0.0008824452525004745,0.0036574318073689938,gov,False
154635,2025-10,gov,0,0.9779541492462158,0.006648276466876268,0.015397575683891773,gov,False
154636,2025-10,gov,0,0.9047725796699524,0.04020855575799942,0.055018890649080276,gov,False
155350,2025-10,gov,0,0.5057342052459717,0.4782213866710663,0.016044387593865395,opo,False
155351,2025-10,gov,0,0.9683694839477539,0.01548732165247202,0.016143130138516426,gov,False
155352,2025-10,gov,0,0.9602928161621094,0.009781930595636368,0.029925229027867317,gov,False
155354,2025-10,gov,0,0.9452217817306519,0.003010385436937213,0.05176788195967674,gov,False
156069,2025-10,opo,1,0.16057664155960083,0.8201709985733032,0.01925233192741871,opo,False
156071,2025-10,gov,0,0.9838702082633972,0.004172751680016518,0.011957123875617981,gov,False
156072,2025-10,gov,0,0.9852006435394287,0.006157042924314737,0.008642292581498623,gov,False
156073,2025-10,gov,0,0.9788967967033386,0.009227748028934002,0.011875438503921032,gov,False
156074,2025-10,gov,0,0.9214496612548828,0.013412026688456535,0.06513826549053192,gov,False
156075,2025-10,uncertain,2,0.009383270516991615,0.0022740736603736877,0.9883427023887634,uncertain,False
156788,2025-10,gov,0,0.9462504982948303,0.037924472242593765,0.015825077891349792,gov,False
156789,2025-10,opo,1,0.15771880745887756,0.7996978163719177,0.04258333891630173,opo,False
156791,2025-10,gov,0,0.9956715106964111,0.001933082938194275,0.002395518822595477,gov,False
156792,2025-10,gov,0,0.9920045733451843,0.0003986035590060055,0.0075967926532030106,gov,False
156793,2025-10,gov,0,0.9911038875579834,0.00023546471493318677,0.008660640567541122,gov,False
156794,2025-10,gov,0,0.974760115146637,0.015125141479074955,0.010114777833223343,gov,False
156795,2025-10,opo,1,0.05694977939128876,0.7795983552932739,0.1634518951177597,opo,False
156796,2025-10,opo,1,0.03644779697060585,0.9527314305305481,0.010820728726685047,opo,False
157508,2025-10,gov,0,0.849612295627594,0.1235368624329567,0.026850877329707146,gov,False
157509,2025-10,opo,1,0.13634131848812103,0.8438959717750549,0.019762739539146423,opo,False
157510,2025-10,gov,0,0.8655043840408325,0.0825996845960617,0.05189600586891174,gov,False
157511,2025-10,gov,0,0.981631875038147,0.008959366008639336,0.009408741258084774,gov,False
157513,2025-10,uncertain,2,0.23905985057353973,0.002191193401813507,0.7587489485740662,uncertain,False
157514,2025-10,gov,0,0.9191131591796875,0.038161467760801315,0.04272538051009178,gov,False
157515,2025-10,uncertain,2,0.018305864185094833,0.1508348435163498,0.8308593034744263,uncertain,False
158229,2025-10,opo,1,0.13339202105998993,0.8302808403968811,0.03632716089487076,opo,False
158231,2025-10,gov,0,0.987414538860321,0.00348568893969059,0.009099703282117844,gov,False
158233,2025-10,gov,0,0.9387940168380737,0.0010515141766518354,0.06015447899699211,gov,False
158235,2025-10,opo,1,0.0470050647854805,0.937783420085907,0.015211489982903004,opo,False
158236,2025-10,opo,1,0.010996959172189236,0.9831820130348206,0.005821011960506439,opo,False
158237,2025-10,opo,1,0.04561343789100647,0.9359427690505981,0.018443793058395386,opo,False
158238,2025-10,gov,0,0.9462878704071045,0.03427984192967415,0.01943238079547882,gov,False
158946,2025-10,gov,0,0.9609003067016602,0.024756290018558502,0.014343379996716976,gov,False
158947,2025-10,opo,1,0.17878006398677826,0.7892720699310303,0.03194786608219147,opo,False
158949,2025-10,gov,0,0.9132698178291321,0.05076223239302635,0.035967882722616196,opo,False
158950,2025-10,gov,0,0.9901040196418762,0.0010915289167314768,0.008804429322481155,gov,False
158951,2025-10,gov,0,0.9972902536392212,0.0015333883929997683,0.0011763519141823053,gov,False
158952,2025-10,gov,0,0.9882474541664124,0.006221547722816467,0.005530939437448978,gov,False
158953,2025-10,gov,0,0.9551952481269836,0.010602784343063831,0.03420194983482361,gov,False
158954,2025-10,gov,0,0.962246835231781,0.021898886188864708,0.015854256227612495,gov,False
158955,2025-10,gov,0,0.9550144076347351,0.038197971880435944,0.0067876968532800674,gov,False
158956,2025-10,gov,0,0.9792317152023315,0.01695915311574936,0.00380907766520977,gov,False
158957,2025-10,gov,0,0.9928178787231445,0.005303435027599335,0.0018787870649248362,gov,False
158958,2025-10,gov,0,0.9892663955688477,0.007723850663751364,0.0030098496936261654,gov,False
158960,2025-10,gov,0,0.9521560668945312,0.026067623868584633,0.021776286885142326,gov,False
159665,2025-10,opo,1,0.4076877236366272,0.457754909992218,0.13455730676651,opo,False
159666,2025-10,opo,1,0.03301034867763519,0.9560989737510681,0.010890673846006393,opo,False
159667,2025-10,opo,1,0.0013913956936448812,0.9982629418373108,0.00034567294642329216,opo,False
159668,2025-10,opo,1,0.04306541383266449,0.9489979147911072,0.00793664064258337,opo,False
159670,2025-10,gov,0,0.9505264759063721,0.0004090641450602561,0.04906449839472771,gov,False
159671,2025-10,gov,0,0.9972719550132751,0.0007489632116630673,0.001979098655283451,gov,False
159672,2025-10,gov,0,0.9970548152923584,0.002395645249634981,0.0005495696095749736,gov,False
159673,2025-10,gov,0,0.9870664477348328,0.00851888582110405,0.00441462779417634,gov,False
159674,2025-10,gov,0,0.9905433058738708,0.0038837571628391743,0.005573001690208912,gov,False
159675,2025-10,gov,0,0.9764811992645264,0.009919810108840466,0.013598943129181862,gov,False
159676,2025-10,gov,0,0.9579290747642517,0.025289027020335197,0.016781816259026527,gov,False
159679,2025-10,gov,0,0.983993411064148,0.009320687502622604,0.006685895379632711,gov,False
159680,2025-10,gov,0,0.9020470976829529,0.03760119527578354,0.06035168468952179,gov,False
160386,2025-10,opo,1,0.06877916306257248,0.9161492586135864,0.015071616508066654,opo,False
160388,2025-10,opo,1,0.0735323503613472,0.8657605648040771,0.06070706248283386,opo,False
160389,2025-10,uncertain,2,0.027532903477549553,0.009933407418429852,0.9625336527824402,uncertain,False
160390,2025-10,uncertain,2,0.25864899158477783,0.0013868764508515596,0.7399641275405884,uncertain,False
160391,2025-10,gov,0,0.9522274732589722,0.002124094869941473,0.04564840346574783,gov,False
160392,2025-10,gov,0,0.9973776340484619,0.0007304687751457095,0.001891843625344336,gov,False
160393,2025-10,gov,0,0.997859537601471,0.0008409878355450928,0.0012994685675948858,gov,False
160394,2025-10,gov,0,0.9718345999717712,0.002501067239791155,0.025664325803518295,gov,False
160396,2025-10,gov,0,0.9864342212677002,0.004612728022038937,0.00895296223461628,gov,False
160397,2025-10,gov,0,0.9546631574630737,0.03626982867717743,0.009066998958587646,gov,False
160399,2025-10,gov,0,0.9900526404380798,0.004092121496796608,0.005855231545865536,gov,False
160400,2025-10,gov,0,0.9547848701477051,0.014645849354565144,0.03056931495666504,gov,False
161107,2025-10,opo,1,0.0137715432792902,0.9802815318107605,0.005946938414126635,opo,False
161109,2025-10,uncertain,2,0.018130384385585785,0.002059951890259981,0.9798096418380737,uncertain,False
161110,2025-10,gov,0,0.9699286222457886,0.0014124872395768762,0.0286589115858078,gov,False
161111,2025-10,gov,0,0.9979401230812073,0.001376901869662106,0.0006830187630839646,gov,False
161112,2025-10,gov,0,0.9957578778266907,0.0027546638157218695,0.0014874916523694992,gov,False
161113,2025-10,gov,0,0.9917816519737244,0.0008443700498901308,0.007373957894742489,gov,False
161116,2025-10,gov,0,0.9982413053512573,0.0004053977027069777,0.0013532995944842696,gov,False
161117,2025-10,gov,0,0.88559889793396,0.0990593209862709,0.015341727063059807,gov,False
161118,2025-10,gov,0,0.7446382641792297,0.11407841742038727,0.14128327369689941,gov,False
161119,2025-10,gov,0,0.9551689624786377,0.024602586403489113,0.02022845856845379,gov,False
161120,2025-10,gov,0,0.966702938079834,0.01506776548922062,0.018229296430945396,gov,False
161827,2025-10,opo,1,0.0011896928772330284,0.9983906745910645,0.00041966879507526755,opo,False
161829,2025-10,uncertain,2,0.0031250547617673874,0.0024791283067315817,0.9943957328796387,uncertain,False
161830,2025-10,uncertain,2,0.35376855731010437,0.15932735800743103,0.4869040548801422,uncertain,False
161831,2025-10,gov,0,0.9810705184936523,0.012211551889777184,0.006718045100569725,gov,False
161832,2025-10,gov,0,0.9550591111183167,0.01979844830930233,0.02514250949025154,gov,False
161833,2025-10,gov,0,0.966955840587616,0.007653438951820135,0.025390684604644775,gov,False
161834,2025-10,uncertain,2,0.2629663646221161,0.048480696976184845,0.688552975654602,gov,False
161837,2025-10,opo,1,0.036130256950855255,0.9614365696907043,0.0024331861641258,opo,False
161839,2025-10,opo,1,0.025962824001908302,0.9727849960327148,0.0012522484175860882,opo,False
162547,2025-10,opo,1,0.005325486417859793,0.9936915636062622,0.0009830062044784427,opo,False
162548,2025-10,opo,1,0.05207275599241257,0.82573401927948,0.12219321727752686,opo,False
162549,2025-10,uncertain,2,0.01370006799697876,0.05594421923160553,0.9303557872772217,uncertain,False
162550,2025-10,opo,1,0.12938432395458221,0.8446727991104126,0.025942809879779816,opo,False
162551,2025-10,gov,0,0.9683835506439209,0.007411154452711344,0.024205295369029045,gov,False
162552,2025-10,gov,0,0.9183086156845093,0.01960415206849575,0.06208716332912445,gov,False
162553,2025-10,opo,1,0.3370063900947571,0.6445631384849548,0.018430501222610474,gov,False
162554,2025-10,uncertain,2,0.030827991664409637,0.011499036103487015,0.9576729536056519,uncertain,False
162555,2025-10,uncertain,2,0.01510330755263567,0.001699772896245122,0.9831969738006592,gov,False
162556,2025-10,gov,0,0.5512704849243164,0.3071326017379761,0.14159689843654633,gov,False
162558,2025-10,opo,1,0.0013213414931669831,0.9985197186470032,0.000158943934366107,opo,False
162559,2025-10,opo,1,0.010556826367974281,0.9883806705474854,0.0010625261347740889,opo,False
163267,2025-10,opo,1,0.019419020041823387,0.97686368227005,0.0037173121236264706,opo,False
163268,2025-10,uncertain,2,0.031340859830379486,0.1884002834558487,0.7802588939666748,uncertain,False
163269,2025-10,uncertain,2,0.08721853047609329,0.04577331244945526,0.8670081496238708,gov,False
163271,2025-10,gov,0,0.9871156811714172,0.0010700314305722713,0.011814289726316929,gov,False
163272,2025-10,uncertain,2,0.030202126130461693,0.002639635233208537,0.9671581983566284,uncertain,False
163274,2025-10,uncertain,2,0.03756289184093475,0.04345419257879257,0.9189828634262085,uncertain,False
163275,2025-10,uncertain,2,0.0052344948053359985,0.00021908678172621876,0.9945464134216309,uncertain,False
163276,2025-10,uncertain,2,0.0858127623796463,0.013298348523676395,0.9008889198303223,uncertain,False
163278,2025-10,opo,1,0.011824734508991241,0.9865031242370605,0.001672097248956561,opo,False
163988,2025-10,opo,1,0.028619999065995216,0.9641005396842957,0.007279473822563887,opo,False
163989,2025-10,gov,0,0.9476035237312317,0.03958800807595253,0.01280844397842884,gov,False
163992,2025-10,gov,0,0.7499285936355591,0.21055498719215393,0.03951646760106087,gov,False
163993,2025-10,opo,1,0.07571014016866684,0.9126452207565308,0.011644662357866764,opo,False
163996,2025-10,gov,0,0.7723350524902344,0.1935705542564392,0.034094490110874176,gov,False
163998,2025-10,gov,0,0.8199349045753479,0.17451797425746918,0.005547181703150272,gov,False
164709,2025-10,gov,0,0.980205237865448,0.014118960127234459,0.005675852298736572,gov,False
164710,2025-10,gov,0,0.9924834370613098,0.00689916405826807,0.0006173966685310006,gov,False
164711,2025-10,gov,0,0.4999679923057556,0.49751168489456177,0.002520345151424408,opo,False
164712,2025-10,opo,1,0.4288142919540405,0.5708025693893433,0.0003831810608971864,opo,False
164713,2025-10,opo,1,0.294354110956192,0.6880298852920532,0.01761605776846409,opo,False
164714,2025-10,gov,0,0.8063372373580933,0.16616016626358032,0.027502549812197685,gov,False
164715,2025-10,opo,1,0.1898806393146515,0.7898824214935303,0.020236976444721222,opo,False
164716,2025-10,opo,1,0.018017854541540146,0.9800930023193359,0.0018892046064138412,opo,False
165430,2025-10,gov,0,0.9677661657333374,0.015703003853559494,0.016530802473425865,gov,False
165433,2025-10,gov,0,0.5093931555747986,0.48327186703681946,0.007335023023188114,gov,False
165435,2025-10,opo,1,0.04961155354976654,0.9423481822013855,0.008040347136557102,opo,False
165436,2025-10,opo,1,0.026985181495547295,0.9720670580863953,0.0009477870771661401,opo,False
166150,2025-10,gov,0,0.9826472401618958,0.007144817616790533,0.010208009742200375,gov,False
166152,2025-10,opo,1,0.03307659924030304,0.9625297784805298,0.004393626935780048,opo,False
166154,2025-10,gov,0,0.9882879853248596,0.006182598881423473,0.005529407411813736,gov,False
166155,2025-10,gov,0,0.855440080165863,0.10239949077367783,0.04216044023633003,gov,False
166156,2025-10,opo,1,0.03181792423129082,0.960980236530304,0.007201862055808306,opo,False
166157,2025-10,opo,1,0.09595005214214325,0.9000663757324219,0.003983608912676573,opo,False
166873,2025-10,gov,0,0.9258700609207153,0.021015550941228867,0.0531143955886364,gov,False
166876,2025-10,opo,1,0.0119838397949934,0.9741153717041016,0.013900788500905037,opo,False
166877,2025-10,opo,1,0.024959366768598557,0.9547258615493774,0.020314747467637062,opo,False
167591,2025-10,gov,0,0.900300145149231,0.0052570863626897335,0.09444280713796616,gov,False
167592,2025-10,gov,0,0.972703754901886,0.0054523758590221405,0.021843932569026947,gov,False
167594,2025-10,gov,0,0.9478553533554077,0.0009027973865158856,0.05124184489250183,gov,False
167597,2025-10,opo,1,0.029374180361628532,0.9514142274856567,0.01921156421303749,opo,False
168313,2025-10,gov,0,0.9871785640716553,0.0031089994590729475,0.00971239060163498,gov,False
168316,2025-10,opo,1,0.04067947342991829,0.9556929469108582,0.003627592930570245,opo,False
168318,2025-10,opo,1,0.13307295739650726,0.8056710958480835,0.06125595048069954,opo,False
169035,2025-10,gov,0,0.9703152179718018,0.014345772564411163,0.015338939614593983,gov,False
169036,2025-10,gov,0,0.9767144918441772,0.019327156245708466,0.003958397079259157,gov,False
169037,2025-10,gov,0,0.9656088352203369,0.0066189635545015335,0.027772268280386925,gov,False
169756,2025-10,gov,0,0.9887285232543945,0.003372468985617161,0.00789905246347189,gov,False
143838,2025-11,gov,0,0.9347285032272339,0.012185142375528812,0.05308639630675316,gov,False
145998,2025-11,gov,0,0.9682209491729736,0.011794861406087875,0.01998416893184185,gov,False
147437,2025-11,gov,0,0.9730586409568787,0.007835245691239834,0.019106101244688034,gov,False
147438,2025-11,gov,0,0.9620459675788879,0.006547207944095135,0.03140674903988838,gov,False
147439,2025-11,gov,0,0.9610641598701477,0.004538208711892366,0.03439755737781525,gov,False
148158,2025-11,gov,0,0.9548309445381165,0.007314200978726149,0.0378548763692379,gov,False
149597,2025-11,uncertain,2,0.11397715657949448,0.02418266236782074,0.8618401288986206,uncertain,False
150307,2025-11,gov,0,0.9629740118980408,0.005940526258200407,0.031085476279258728,gov,False
150317,2025-11,gov,0,0.7589894533157349,0.0399993360042572,0.20101122558116913,gov,False
151756,2025-11,gov,0,0.966202437877655,0.00987023301422596,0.02392728440463543,gov,False
151757,2025-11,uncertain,2,0.11432036757469177,0.0104229049757123,0.8752566576004028,uncertain,False
152476,2025-11,gov,0,0.9931111335754395,0.003464316949248314,0.003424599766731262,gov,False
153190,2025-11,gov,0,0.968068540096283,0.005170538555830717,0.02676096186041832,gov,False
153191,2025-11,gov,0,0.9712112545967102,0.0056519280187785625,0.023136842995882034,gov,False
153192,2025-11,gov,0,0.9133644700050354,0.004057570826262236,0.0825778916478157,gov,False
153193,2025-11,gov,0,0.9739364385604858,0.0018888848135247827,0.02417467162013054,gov,False
153196,2025-11,gov,0,0.9401834011077881,0.013393850065767765,0.04642278701066971,gov,False
153197,2025-11,uncertain,2,0.01892106793820858,0.0018952313112094998,0.9791836738586426,uncertain,False
153910,2025-11,gov,0,0.9727477431297302,0.007367066573351622,0.019885171204805374,gov,False
153911,2025-11,gov,0,0.970443844795227,0.006487536709755659,0.02306855097413063,gov,False
153912,2025-11,gov,0,0.9229444265365601,0.004908066242933273,0.07214753329753876,gov,False
153913,2025-11,gov,0,0.9820564389228821,0.0008319963235408068,0.017111605033278465,gov,False
153914,2025-11,gov,0,0.9963562488555908,0.0008502733544446528,0.002793438732624054,gov,False
153915,2025-11,gov,0,0.9805092811584473,0.009366096928715706,0.01012459211051464,gov,False
153916,2025-11,gov,0,0.9120852947235107,0.05361349880695343,0.03430119529366493,gov,False
153917,2025-11,gov,0,0.8144782781600952,0.07410120964050293,0.11142059415578842,gov,False
153918,2025-11,gov,0,0.801129162311554,0.17127908766269684,0.02759178914129734,opo,False
154630,2025-11,gov,0,0.9267643094062805,0.05943813920021057,0.013797583989799023,gov,False
154631,2025-11,gov,0,0.9521695375442505,0.01948067918419838,0.028349710628390312,gov,False
154632,2025-11,gov,0,0.963787853717804,0.004302087239921093,0.031910065561532974,gov,False
154633,2025-11,gov,0,0.9818001985549927,0.0009893107926473022,0.017210468649864197,gov,False
154634,2025-11,gov,0,0.9955260157585144,0.00040751314372755587,0.004066431429237127,gov,False
154635,2025-11,gov,0,0.98139488697052,0.008075513876974583,0.010529591701924801,gov,False
154636,2025-11,gov,0,0.9237654805183411,0.025363262742757797,0.05087129399180412,gov,False
155350,2025-11,opo,1,0.3306809365749359,0.6503000855445862,0.019018961116671562,opo,False
155351,2025-11,gov,0,0.9092624187469482,0.04038744792342186,0.050350043922662735,gov,False
155352,2025-11,gov,0,0.9491266012191772,0.01094798743724823,0.039925362914800644,gov,False
155354,2025-11,gov,0,0.8715335726737976,0.0026385218370705843,0.12582790851593018,gov,False
156069,2025-11,opo,1,0.14506925642490387,0.8387159705162048,0.016214800998568535,opo,False
156071,2025-11,gov,0,0.9773423075675964,0.0060402508825063705,0.01661744900047779,gov,False
156072,2025-11,gov,0,0.980506181716919,0.004055988974869251,0.01543774176388979,gov,False
156073,2025-11,gov,0,0.988577127456665,0.0017270110547542572,0.00969584472477436,gov,False
156074,2025-11,gov,0,0.9267805814743042,0.007591816131025553,0.06562764197587967,gov,False
156075,2025-11,uncertain,2,0.014561071060597897,0.01347700972110033,0.9719618558883667,uncertain,False
156788,2025-11,gov,0,0.910480260848999,0.050436388701200485,0.0390833243727684,gov,False
156789,2025-11,opo,1,0.21729621291160583,0.6986984014511108,0.08400541543960571,opo,False
156791,2025-11,gov,0,0.991851270198822,0.002509570214897394,0.005639166105538607,gov,False
156792,2025-11,gov,0,0.92756587266922,0.0006586450035683811,0.071775421500206,gov,False
156793,2025-11,gov,0,0.9406310319900513,0.0002621172461658716,0.05910675972700119,gov,False
156794,2025-11,gov,0,0.9696791768074036,0.008293353021144867,0.02202756144106388,gov,False
156795,2025-11,opo,1,0.02084929868578911,0.776307225227356,0.20284347236156464,opo,False
156796,2025-11,opo,1,0.010505065321922302,0.9804481863975525,0.009046734310686588,opo,False
157508,2025-11,gov,0,0.9169803857803345,0.06687251478433609,0.01614709198474884,gov,False
157509,2025-11,opo,1,0.13767382502555847,0.8442609310150146,0.018065232783555984,opo,False
157510,2025-11,gov,0,0.9017221927642822,0.050778985023498535,0.047498833388090134,gov,False
157511,2025-11,gov,0,0.9655165076255798,0.0036850208416581154,0.03079853393137455,gov,False
157513,2025-11,uncertain,2,0.40298354625701904,0.0009659825009293854,0.5960504412651062,uncertain,False
157514,2025-11,gov,0,0.949355959892273,0.009551092982292175,0.04109304025769234,gov,False
157515,2025-11,uncertain,2,0.032653987407684326,0.15191365778446198,0.8154323101043701,gov,False
158229,2025-11,opo,1,0.17683503031730652,0.7850921750068665,0.03807273879647255,opo,False
158231,2025-11,gov,0,0.9904798865318298,0.0010951844742521644,0.00842493399977684,gov,False
158233,2025-11,gov,0,0.9412204027175903,0.0018358805682510138,0.05694374442100525,gov,False
158235,2025-11,opo,1,0.08045452833175659,0.8986806869506836,0.020864758640527725,opo,False
158236,2025-11,opo,1,0.016936497762799263,0.9759269952774048,0.007136463653296232,opo,False
158237,2025-11,opo,1,0.10120128095149994,0.8834409117698669,0.015357847325503826,opo,False
158238,2025-11,gov,0,0.9767816662788391,0.015328620560467243,0.0078897001221776,gov,False
158946,2025-11,gov,0,0.9795320630073547,0.01578504405915737,0.004682896658778191,gov,False
158947,2025-11,opo,1,0.31968602538108826,0.6171661615371704,0.06314782053232193,opo,False
158949,2025-11,gov,0,0.9350737929344177,0.041045475751161575,0.023880690336227417,gov,False
158950,2025-11,gov,0,0.9966214895248413,0.0008455667411908507,0.0025329485069960356,gov,False
158951,2025-11,gov,0,0.9970105886459351,0.0014535215450450778,0.0015358389355242252,gov,False
158952,2025-11,gov,0,0.9855674505233765,0.009268505498766899,0.00516411941498518,gov,False
158953,2025-11,gov,0,0.9575818777084351,0.023919327184557915,0.018498774617910385,gov,False
158954,2025-11,gov,0,0.9647065997123718,0.02304287813603878,0.012250605039298534,gov,False
158955,2025-11,gov,0,0.9763824343681335,0.019347582012414932,0.004270046949386597,gov,False
158956,2025-11,gov,0,0.9622599482536316,0.032505106180906296,0.005234970711171627,gov,False
158957,2025-11,gov,0,0.9910590052604675,0.0066730850376188755,0.0022678417153656483,gov,False
158958,2025-11,gov,0,0.9892409443855286,0.0068951565772295,0.003863875987008214,gov,False
158960,2025-11,gov,0,0.9531554579734802,0.0264743585139513,0.02037014067173004,gov,False
159665,2025-11,gov,0,0.5874853134155273,0.33520394563674927,0.07731069624423981,opo,False
159666,2025-11,opo,1,0.06705878674983978,0.9161328673362732,0.016808317974209785,opo,False
159667,2025-11,opo,1,0.008766409009695053,0.9904357194900513,0.0007979493238963187,opo,False
159668,2025-11,opo,1,0.0411924384534359,0.9407208561897278,0.018086738884449005,opo,False
159670,2025-11,gov,0,0.981633722782135,0.000696695176884532,0.01766958460211754,gov,False
159671,2025-11,gov,0,0.9850521087646484,0.010806053876876831,0.0041418541222810745,gov,False
159672,2025-11,gov,0,0.9873619079589844,0.01144532673060894,0.0011928408639505506,gov,False
159673,2025-11,gov,0,0.977064311504364,0.01796666532754898,0.00496901897713542,gov,False
159674,2025-11,gov,0,0.9879609942436218,0.008013472892343998,0.0040254672057926655,gov,False
159675,2025-11,gov,0,0.9846748113632202,0.006691744085401297,0.00863349623978138,gov,False
159676,2025-11,gov,0,0.9674322605133057,0.014869213104248047,0.017698561772704124,gov,False
159679,2025-11,gov,0,0.9670220613479614,0.020952526479959488,0.012025502510368824,gov,False
159680,2025-11,gov,0,0.876993715763092,0.06705295294523239,0.05595334246754646,gov,False
160386,2025-11,opo,1,0.2056833952665329,0.7096884250640869,0.08462821692228317,opo,False
160388,2025-11,opo,1,0.04994071647524834,0.8954176306724548,0.05464166775345802,opo,False
160389,2025-11,uncertain,2,0.010445880703628063,0.006458804942667484,0.9830953478813171,uncertain,False
160390,2025-11,uncertain,2,0.3836429715156555,0.0029554469510912895,0.6134016513824463,uncertain,False
160391,2025-11,gov,0,0.9742014408111572,0.005342560354620218,0.02045605517923832,gov,False
160392,2025-11,gov,0,0.9970546960830688,0.0015263826353475451,0.0014189834473654628,gov,False
160393,2025-11,gov,0,0.9967278242111206,0.002124693477526307,0.001147389062680304,gov,False
160394,2025-11,gov,0,0.9901847839355469,0.003181364154443145,0.00663374550640583,gov,False
160396,2025-11,gov,0,0.9187099933624268,0.0160322617739439,0.06525769829750061,gov,False
160397,2025-11,gov,0,0.8514752984046936,0.12242531776428223,0.02609933540225029,gov,False
160399,2025-11,gov,0,0.9687729477882385,0.021081339567899704,0.010145747102797031,gov,False
160400,2025-11,gov,0,0.93876051902771,0.030355045571923256,0.030884407460689545,gov,False
161107,2025-11,opo,1,0.024680867791175842,0.9651622176170349,0.010156934149563313,opo,False
161109,2025-11,uncertain,2,0.007543536834418774,0.0007339758449234068,0.9917225241661072,uncertain,False
161110,2025-11,gov,0,0.9717960953712463,0.0049033500254154205,0.023300550878047943,gov,False
161111,2025-11,gov,0,0.9985799789428711,0.0010682977735996246,0.00035179322003386915,gov,False
161112,2025-11,gov,0,0.996861457824707,0.0018196176970377564,0.0013189042219892144,gov,False
161113,2025-11,gov,0,0.9968318343162537,0.0008530473569408059,0.0023150977212935686,gov,False
161116,2025-11,gov,0,0.9895803332328796,0.0016781321028247476,0.008741602301597595,gov,False
161117,2025-11,gov,0,0.7665668725967407,0.19714589416980743,0.03628719970583916,gov,False
161118,2025-11,gov,0,0.6094018816947937,0.3294786214828491,0.061119478195905685,gov,False
161119,2025-11,gov,0,0.9184355139732361,0.05932501330971718,0.0222394410520792,gov,False
161120,2025-11,gov,0,0.9444036483764648,0.021894223988056183,0.03370216488838196,gov,False
161827,2025-11,opo,1,0.003504971507936716,0.9960867166519165,0.0004082626837771386,opo,False
161829,2025-11,uncertain,2,0.005882509984076023,0.006434955168515444,0.9876825213432312,uncertain,False
161830,2025-11,opo,1,0.222618967294693,0.3894522488117218,0.3879288136959076,uncertain,False
161831,2025-11,gov,0,0.9720484614372253,0.018457138910889626,0.009494367055594921,gov,False
161832,2025-11,gov,0,0.9381866455078125,0.01774589531123638,0.04406752064824104,gov,False
161833,2025-11,gov,0,0.9602352976799011,0.011347727850079536,0.028416894376277924,gov,False
161834,2025-11,uncertain,2,0.20625248551368713,0.03302933648228645,0.7607181668281555,gov,False
161837,2025-11,opo,1,0.03859996423125267,0.9527319669723511,0.008668074384331703,opo,False
161839,2025-11,opo,1,0.04897511750459671,0.9480764865875244,0.002948386361822486,opo,False
162547,2025-11,opo,1,0.01694158837199211,0.9810366630554199,0.0020217024721205235,opo,False
162548,2025-11,opo,1,0.11247840523719788,0.8426451086997986,0.044876452535390854,opo,False
162549,2025-11,uncertain,2,0.04190558195114136,0.17305438220500946,0.785040020942688,uncertain,False
162550,2025-11,opo,1,0.13586369156837463,0.8237207531929016,0.04041561484336853,opo,False
162551,2025-11,gov,0,0.9677473306655884,0.006882466841489077,0.025370260700583458,gov,False
162552,2025-11,gov,0,0.8508284687995911,0.019731029868125916,0.12944044172763824,gov,False
162553,2025-11,opo,1,0.4822913706302643,0.48343247175216675,0.03427617996931076,opo,False
162554,2025-11,uncertain,2,0.043416887521743774,0.012135525234043598,0.9444475769996643,uncertain,False
162555,2025-11,uncertain,2,0.017072858288884163,0.0026266006752848625,0.9803005456924438,gov,False
162556,2025-11,gov,0,0.6640212535858154,0.18007390201091766,0.1559048593044281,gov,False
162558,2025-11,opo,1,0.003434727666899562,0.9961018562316895,0.0004634055367205292,opo,False
162559,2025-11,opo,1,0.024715779349207878,0.9714670181274414,0.003817229997366667,opo,False
163267,2025-11,opo,1,0.0779983177781105,0.9061838388442993,0.01581781730055809,opo,False
163268,2025-11,uncertain,2,0.12589013576507568,0.25587934255599976,0.6182305216789246,uncertain,False
163269,2025-11,uncertain,2,0.1579272747039795,0.0490182600915432,0.793054461479187,uncertain,False
163271,2025-11,gov,0,0.9748377799987793,0.001265001017600298,0.0238970834761858,gov,False
163272,2025-11,uncertain,2,0.027989797294139862,0.004985545761883259,0.9670246243476868,uncertain,False
163274,2025-11,uncertain,2,0.041918184608221054,0.052142009139060974,0.9059398770332336,uncertain,False
163275,2025-11,uncertain,2,0.005862636025995016,0.0002982692967634648,0.9938390851020813,uncertain,False
163276,2025-11,uncertain,2,0.06989552825689316,0.0029915240593254566,0.927112877368927,uncertain,False
163278,2025-11,opo,1,0.030226826667785645,0.9654843807220459,0.004288836382329464,opo,False
163988,2025-11,opo,1,0.047487325966358185,0.9137179851531982,0.038794681429862976,opo,False
163989,2025-11,gov,0,0.9830561876296997,0.01145088765770197,0.005492938682436943,gov,False
163992,2025-11,gov,0,0.7760118246078491,0.20036473870277405,0.023623446002602577,gov,False
163993,2025-11,opo,1,0.15929867327213287,0.8206916451454163,0.02000962756574154,opo,False
163996,2025-11,gov,0,0.8339515924453735,0.10032100975513458,0.06572737544775009,gov,False
163998,2025-11,gov,0,0.8830990195274353,0.1084040030837059,0.008496985770761967,gov,False
164709,2025-11,gov,0,0.9682835936546326,0.013594049029052258,0.01812233030796051,gov,False
164710,2025-11,gov,0,0.9760023951530457,0.022809835150837898,0.0011877528158947825,gov,False
164711,2025-11,opo,1,0.36834368109703064,0.6286467909812927,0.0030095393303781748,opo,False
164712,2025-11,gov,0,0.7662988901138306,0.232888326048851,0.0008127553737722337,opo,False
164713,2025-11,opo,1,0.4635043442249298,0.513303279876709,0.02319237031042576,opo,False
164714,2025-11,gov,0,0.8151441216468811,0.11865347623825073,0.06620239466428757,gov,False
164715,2025-11,opo,1,0.17524641752243042,0.8052623271942139,0.01949126273393631,opo,False
164716,2025-11,opo,1,0.018443478271365166,0.9802097082138062,0.0013468945398926735,opo,False
165430,2025-11,gov,0,0.8172580003738403,0.07087444514036179,0.1118675246834755,gov,False
165433,2025-11,gov,0,0.8093822598457336,0.18536297976970673,0.005254747346043587,gov,False
165435,2025-11,opo,1,0.03640696406364441,0.9610453248023987,0.0025477029848843813,opo,False
165436,2025-11,opo,1,0.018042756244540215,0.9816777110099792,0.00027956406120210886,opo,False
166150,2025-11,gov,0,0.9489506483078003,0.015930285677313805,0.03511904180049896,gov,False
166152,2025-11,opo,1,0.0909213274717331,0.9004808664321899,0.008597767911851406,opo,False
166154,2025-11,gov,0,0.9782094955444336,0.014158526435494423,0.007632024586200714,gov,False
166155,2025-11,gov,0,0.7905437350273132,0.180527001619339,0.028929315507411957,gov,False
166156,2025-11,opo,1,0.04364743083715439,0.9523738622665405,0.003978715278208256,opo,False
166157,2025-11,opo,1,0.06361197680234909,0.9351319670677185,0.001256080693565309,opo,False
166873,2025-11,gov,0,0.9546062350273132,0.014236998744308949,0.031156785786151886,gov,False
166876,2025-11,opo,1,0.023346073925495148,0.9672702550888062,0.009383611381053925,opo,False
166877,2025-11,opo,1,0.06384404003620148,0.9230474233627319,0.013108542189002037,opo,False
167591,2025-11,gov,0,0.9515140652656555,0.0028587947599589825,0.04562711343169212,gov,False
167592,2025-11,gov,0,0.9854169487953186,0.004700799938291311,0.009882250800728798,gov,False
167594,2025-11,gov,0,0.9598654508590698,0.0009578504832461476,0.039176639169454575,gov,False
167597,2025-11,opo,1,0.037720706313848495,0.939970850944519,0.022308439016342163,opo,False
168313,2025-11,gov,0,0.9804621934890747,0.004169038962572813,0.015368766151368618,gov,False
168316,2025-11,opo,1,0.023637907579541206,0.9734362363815308,0.0029258602298796177,opo,False
168318,2025-11,opo,1,0.10403294861316681,0.8573172092437744,0.03864985331892967,opo,False
169035,2025-11,gov,0,0.9622735381126404,0.014933577738702297,0.022792870178818703,gov,False
169036,2025-11,gov,0,0.9678034782409668,0.025575194507837296,0.00662121782079339,gov,False
169037,2025-11,gov,0,0.9257067441940308,0.019700903445482254,0.054592471569776535,gov,False
169756,2025-11,gov,0,0.9845601320266724,0.004410699941217899,0.011029121465981007,gov,False
143838,2025-12,gov,0,0.936826229095459,0.012033343315124512,0.051140476018190384,gov,False
145998,2025-12,gov,0,0.9636198878288269,0.008920581080019474,0.027459537610411644,gov,False
147437,2025-12,gov,0,0.9498420357704163,0.00801699049770832,0.0421409085392952,gov,False
147438,2025-12,gov,0,0.9546716213226318,0.009899021126329899,0.035429343581199646,gov,False
147439,2025-12,gov,0,0.96004319190979,0.00860772468149662,0.03134903311729431,gov,False
148158,2025-12,gov,0,0.9532575011253357,0.009591772221028805,0.037150658667087555,gov,False
149597,2025-12,uncertain,2,0.19501015543937683,0.04289238527417183,0.7620974779129028,uncertain,False
150307,2025-12,gov,0,0.9697765707969666,0.005070059560239315,0.025153346359729767,gov,False
150317,2025-12,gov,0,0.7157074213027954,0.057668253779411316,0.22662422060966492,gov,False
151756,2025-12,gov,0,0.9670522809028625,0.011184566654264927,0.021763136610388756,gov,False
151757,2025-12,uncertain,2,0.15549054741859436,0.01720740832388401,0.8273020386695862,uncertain,False
152476,2025-12,gov,0,0.9962794184684753,0.0017740885959938169,0.0019464226206764579,gov,False
153190,2025-12,gov,0,0.9763408303260803,0.006007734220474958,0.017651457339525223,gov,False
153191,2025-12,gov,0,0.9637966156005859,0.007658713031560183,0.028544701635837555,gov,False
153192,2025-12,gov,0,0.9559723734855652,0.002690598601475358,0.041336946189403534,gov,False
153193,2025-12,gov,0,0.9728517532348633,0.0015119216404855251,0.025636272504925728,gov,False
153196,2025-12,gov,0,0.9659802317619324,0.0091469157487154,0.024872848764061928,gov,False
153197,2025-12,uncertain,2,0.08019571751356125,0.005869688466191292,0.913934588432312,uncertain,False
153910,2025-12,gov,0,0.9773935079574585,0.006615090649574995,0.01599135622382164,gov,False
153911,2025-12,gov,0,0.9856762886047363,0.003795683616772294,0.010528096929192543,gov,False
153912,2025-12,gov,0,0.9560748934745789,0.0032297316938638687,0.04069528728723526,gov,False
153913,2025-12,gov,0,0.9779475331306458,0.0015789428725838661,0.020473554730415344,gov,False
153914,2025-12,gov,0,0.9959203004837036,0.0012810762273147702,0.002798686735332012,gov,False
153915,2025-12,gov,0,0.9884793162345886,0.005813064984977245,0.005707588046789169,gov,False
153916,2025-12,gov,0,0.9534898400306702,0.038070835173130035,0.008439430966973305,gov,False
153917,2025-12,gov,0,0.8581970930099487,0.10471786558628082,0.03708503395318985,gov,False
153918,2025-12,gov,0,0.8564756512641907,0.1223401203751564,0.021184181794524193,opo,False
154630,2025-12,gov,0,0.9357572197914124,0.051693230867385864,0.012549460865557194,gov,False
154631,2025-12,gov,0,0.9707919955253601,0.01674727164208889,0.012460758909583092,gov,False
154632,2025-12,gov,0,0.9856678247451782,0.004021812230348587,0.010310301557183266,gov,False
154633,2025-12,gov,0,0.9881924986839294,0.0023808421101421118,0.009426606819033623,gov,False
154634,2025-12,gov,0,0.997143566608429,0.000888800248503685,0.0019675784278661013,gov,False
154635,2025-12,gov,0,0.981573224067688,0.007699556183069944,0.010727224871516228,gov,False
154636,2025-12,gov,0,0.9252439737319946,0.05246266350150108,0.022293386980891228,gov,False
155350,2025-12,opo,1,0.3903491199016571,0.5778025388717651,0.031848348677158356,opo,False
155351,2025-12,gov,0,0.9110924005508423,0.045894134789705276,0.04301346465945244,gov,False
155352,2025-12,gov,0,0.9534269571304321,0.014266538433730602,0.03230653703212738,gov,False
155354,2025-12,gov,0,0.9525385499000549,0.0037770147901028395,0.04368436336517334,gov,False
156069,2025-12,opo,1,0.21090492606163025,0.7642966508865356,0.024798400700092316,opo,False
156071,2025-12,gov,0,0.9593556523323059,0.010791130363941193,0.029853153973817825,gov,False
156072,2025-12,gov,0,0.9787527322769165,0.007891060784459114,0.013356178067624569,gov,False
156073,2025-12,gov,0,0.9903447031974792,0.002963751321658492,0.00669157225638628,gov,False
156074,2025-12,gov,0,0.9455387592315674,0.014339499175548553,0.040121760219335556,gov,False
156075,2025-12,uncertain,2,0.020157156512141228,0.028653262183070183,0.9511896371841431,uncertain,False
156788,2025-12,gov,0,0.9445787072181702,0.019996292889118195,0.03542494401335716,gov,False
156789,2025-12,opo,1,0.25296518206596375,0.6950310468673706,0.052003707736730576,opo,False
156791,2025-12,gov,0,0.9874531626701355,0.0019073605071753263,0.010639574378728867,gov,False
156792,2025-12,gov,0,0.977676272392273,0.0004961297963745892,0.021827537566423416,gov,False
156793,2025-12,gov,0,0.9917762279510498,0.00046173782902769744,0.00776211591437459,gov,False
156794,2025-12,gov,0,0.9609453678131104,0.030535077676177025,0.008519554510712624,gov,False
156795,2025-12,opo,1,0.04061374440789223,0.878978431224823,0.08040783554315567,opo,False
156796,2025-12,opo,1,0.013997725211083889,0.9791857600212097,0.006816506385803223,opo,False
157508,2025-12,gov,0,0.9062681198120117,0.07623228430747986,0.017499638721346855,gov,False
157509,2025-12,opo,1,0.08114228397607803,0.9120088219642639,0.00684890104457736,opo,False
157510,2025-12,gov,0,0.8916841745376587,0.08693258464336395,0.021383261308073997,gov,False
157511,2025-12,gov,0,0.9493374824523926,0.006231472361832857,0.04443103447556496,gov,False
157513,2025-12,uncertain,2,0.32914671301841736,0.0015444871969521046,0.6693088412284851,uncertain,False
157514,2025-12,gov,0,0.9599120616912842,0.012179425917565823,0.027908524498343468,gov,False
157515,2025-12,uncertain,2,0.07558867335319519,0.2006860226392746,0.7237253189086914,uncertain,False
158229,2025-12,opo,1,0.14806266129016876,0.8343149423599243,0.01762240380048752,opo,False
158231,2025-12,gov,0,0.9931702613830566,0.000807825243100524,0.006021937355399132,gov,False
158233,2025-12,gov,0,0.9629448056221008,0.0011859460501000285,0.035869304090738297,gov,False
158235,2025-12,opo,1,0.20728811621665955,0.7642763257026672,0.028435587882995605,opo,False
158236,2025-12,opo,1,0.03675571456551552,0.9440596103668213,0.019184691831469536,opo,False
158237,2025-12,opo,1,0.12913356721401215,0.8237169981002808,0.04714945703744888,opo,False
158238,2025-12,gov,0,0.9713616371154785,0.013324168510735035,0.015314117074012756,gov,False
158946,2025-12,gov,0,0.9537858963012695,0.034348566085100174,0.011865534819662571,gov,False
158947,2025-12,opo,1,0.16021203994750977,0.8083763122558594,0.031411729753017426,opo,False
158949,2025-12,gov,0,0.9260292053222656,0.04543750360608101,0.028533276170492172,gov,False
158950,2025-12,gov,0,0.9951795339584351,0.0010076778708025813,0.0038128213491290808,gov,False
158951,2025-12,gov,0,0.9963975548744202,0.0017163294833153486,0.0018860639538615942,gov,False
158952,2025-12,gov,0,0.9771345257759094,0.006675486918538809,0.01619000732898712,gov,False
158953,2025-12,gov,0,0.9591230154037476,0.010149388574063778,0.030727561563253403,gov,False
158954,2025-12,gov,0,0.9552513957023621,0.027741527184844017,0.01700710691511631,gov,False
158955,2025-12,gov,0,0.9668010473251343,0.027547219768166542,0.005651718936860561,gov,False
158956,2025-12,gov,0,0.96342533826828,0.032933559268713,0.003641087096184492,gov,False
158957,2025-12,gov,0,0.9886808395385742,0.009208687581121922,0.002110469387844205,gov,False
158958,2025-12,gov,0,0.9892507791519165,0.006644502282142639,0.004104687366634607,gov,False
158960,2025-12,gov,0,0.9348916411399841,0.044377196580171585,0.020731203258037567,gov,False
159665,2025-12,gov,0,0.6790067553520203,0.24352821707725525,0.0774649903178215,opo,False
159666,2025-12,opo,1,0.07576338946819305,0.8933522701263428,0.03088437020778656,opo,False
159667,2025-12,opo,1,0.003506974084302783,0.9952900409698486,0.0012030284851789474,opo,False
159668,2025-12,opo,1,0.03148984909057617,0.9618907570838928,0.006619425490498543,opo,False
159670,2025-12,gov,0,0.9901462197303772,0.0003691883757710457,0.009484599344432354,gov,False
159671,2025-12,gov,0,0.9956242442131042,0.0017331658164039254,0.002642611041665077,gov,False
159672,2025-12,gov,0,0.995096743106842,0.0030438650865107775,0.0018593654967844486,gov,False
159673,2025-12,gov,0,0.9833049774169922,0.011947707273066044,0.004747326020151377,gov,False
159674,2025-12,gov,0,0.9760665893554688,0.016383886337280273,0.00754953920841217,gov,False
159675,2025-12,gov,0,0.9605981707572937,0.013320562429726124,0.026081353425979614,gov,False
159676,2025-12,gov,0,0.8812492489814758,0.07337936758995056,0.04537143558263779,gov,False
159679,2025-12,gov,0,0.9426248669624329,0.04134006425738335,0.016035009175539017,gov,False
159680,2025-12,gov,0,0.8519145250320435,0.08667829632759094,0.0614071860909462,gov,False
160386,2025-12,opo,1,0.1362515091896057,0.8162299990653992,0.047518521547317505,opo,False
160388,2025-12,opo,1,0.03732307627797127,0.9024138450622559,0.06026313453912735,opo,False
160389,2025-12,uncertain,2,0.021925102919340134,0.011809581890702248,0.9662653207778931,uncertain,False
160390,2025-12,gov,0,0.5542358160018921,0.0028522948268800974,0.44291186332702637,uncertain,False
160391,2025-12,gov,0,0.9588159918785095,0.0029963941778987646,0.038187649101018906,gov,False
160392,2025-12,gov,0,0.9938831329345703,0.0021734845358878374,0.003943351563066244,gov,False
160393,2025-12,gov,0,0.988735020160675,0.0064769526943564415,0.004788006190210581,gov,False
160394,2025-12,gov,0,0.951138973236084,0.007612076122313738,0.04124895855784416,gov,False
160396,2025-12,gov,0,0.9612215161323547,0.007417083717882633,0.031361375004053116,gov,False
160397,2025-12,gov,0,0.9710941910743713,0.01803770661354065,0.01086807157844305,gov,False
160399,2025-12,gov,0,0.9793516397476196,0.008154288865625858,0.012494088150560856,gov,False
160400,2025-12,gov,0,0.9324184656143188,0.031067458912730217,0.036514073610305786,gov,False
161107,2025-12,opo,1,0.012280101887881756,0.9771098494529724,0.010610113851726055,opo,False
161109,2025-12,uncertain,2,0.039630819112062454,0.0036570634692907333,0.9567121267318726,uncertain,False
161110,2025-12,gov,0,0.992638349533081,0.002321468200534582,0.005040192510932684,gov,False
161111,2025-12,gov,0,0.9990023970603943,0.0007929513812996447,0.00020467312424443662,gov,False
161112,2025-12,gov,0,0.9970352649688721,0.0026646952610462904,0.00029995854129083455,gov,False
161113,2025-12,gov,0,0.9949601888656616,0.001366787706501782,0.0036729522980749607,gov,False
161116,2025-12,gov,0,0.9907065033912659,0.0005695958388969302,0.008723863400518894,gov,False
161117,2025-12,gov,0,0.960502564907074,0.020033003762364388,0.019464408978819847,gov,False
161118,2025-12,gov,0,0.8507136106491089,0.04775059223175049,0.10153573751449585,gov,False
161119,2025-12,gov,0,0.9624044895172119,0.023513251915574074,0.014082236215472221,gov,False
161120,2025-12,gov,0,0.9610971808433533,0.02012895978987217,0.018773792311549187,gov,False
161827,2025-12,opo,1,0.0022794788237661123,0.9970136880874634,0.0007067825645208359,opo,False
161829,2025-12,uncertain,2,0.013635766692459583,0.011593126691877842,0.9747710824012756,uncertain,False
161830,2025-12,gov,0,0.48999279737472534,0.2158018946647644,0.29420527815818787,uncertain,False
161831,2025-12,gov,0,0.9939616322517395,0.0036750638391822577,0.002363245701417327,gov,False
161832,2025-12,gov,0,0.9849729537963867,0.007199868559837341,0.007827242836356163,gov,False
161833,2025-12,gov,0,0.9651946425437927,0.015869176015257835,0.018936097621917725,gov,False
161834,2025-12,uncertain,2,0.4482852816581726,0.09756916016340256,0.45414555072784424,gov,False
161837,2025-12,opo,1,0.03583946451544762,0.9494131207466125,0.014747378416359425,opo,False
161839,2025-12,opo,1,0.025183623656630516,0.9738463163375854,0.0009700648952275515,opo,False
162547,2025-12,opo,1,0.013352073729038239,0.9845624566078186,0.002085481770336628,opo,False
162548,2025-12,opo,1,0.08087441325187683,0.7290006875991821,0.19012492895126343,opo,False
162549,2025-12,uncertain,2,0.03567315265536308,0.07239802181720734,0.8919287919998169,uncertain,False
162550,2025-12,opo,1,0.42802894115448,0.548201858997345,0.023769188672304153,opo,False
162551,2025-12,gov,0,0.9924152493476868,0.0015652598813176155,0.006019517779350281,gov,False
162552,2025-12,gov,0,0.9660923480987549,0.006903359666466713,0.02700427547097206,gov,False
162553,2025-12,opo,1,0.459839403629303,0.5134783387184143,0.026682324707508087,gov,False
162554,2025-12,uncertain,2,0.0421261340379715,0.010699947364628315,0.9471739530563354,uncertain,False
162555,2025-12,uncertain,2,0.03294661268591881,0.003266553394496441,0.9637868404388428,gov,False
162556,2025-12,gov,0,0.7534193396568298,0.10914525389671326,0.13743534684181213,gov,False
162558,2025-12,opo,1,0.0016804313054308295,0.998021125793457,0.00029848163831047714,opo,False
162559,2025-12,opo,1,0.009809599258005619,0.9891988635063171,0.000991548178717494,opo,False
163267,2025-12,opo,1,0.08396100252866745,0.9040408134460449,0.011998184025287628,opo,False
163268,2025-12,uncertain,2,0.08127792924642563,0.12917889654636383,0.7895431518554688,uncertain,False
163269,2025-12,uncertain,2,0.2555101811885834,0.017597632482647896,0.7268922328948975,uncertain,False
163271,2025-12,gov,0,0.979036271572113,0.001427122508175671,0.01953664794564247,gov,False
163272,2025-12,uncertain,2,0.029253659769892693,0.0033419195096939802,0.9674043655395508,uncertain,False
163274,2025-12,uncertain,2,0.04648749530315399,0.02610805071890354,0.9274044632911682,uncertain,False
163275,2025-12,uncertain,2,0.010818826965987682,0.00035077694337815046,0.9888303875923157,uncertain,False
163276,2025-12,uncertain,2,0.1033121794462204,0.003756797406822443,0.8929309844970703,uncertain,False
163278,2025-12,opo,1,0.030204471200704575,0.9640961289405823,0.00569942919537425,opo,False
163988,2025-12,opo,1,0.06456012278795242,0.9098256826400757,0.02561420202255249,opo,False
163989,2025-12,gov,0,0.9879739284515381,0.009111651219427586,0.0029144338332116604,gov,False
163992,2025-12,gov,0,0.7350618243217468,0.24254189431667328,0.022396322339773178,gov,False
163993,2025-12,opo,1,0.15474261343479156,0.8290522694587708,0.016205158084630966,opo,False
163996,2025-12,gov,0,0.880554735660553,0.07574854791164398,0.043696701526641846,gov,False
163998,2025-12,gov,0,0.8559027910232544,0.13522280752658844,0.008874405175447464,gov,False
164709,2025-12,gov,0,0.9599897265434265,0.034401364624500275,0.005608915351331234,gov,False
164710,2025-12,gov,0,0.9514540433883667,0.04762062430381775,0.0009253086755052209,gov,False
164711,2025-12,opo,1,0.3123171031475067,0.6854404807090759,0.0022423635236918926,opo,False
164712,2025-12,gov,0,0.7309256196022034,0.2684541940689087,0.0006201791111379862,opo,False
164713,2025-12,opo,1,0.47114336490631104,0.5068612098693848,0.0219954252243042,opo,False
164714,2025-12,gov,0,0.812269389629364,0.14558948576450348,0.04214109480381012,gov,False
164715,2025-12,opo,1,0.15143057703971863,0.8337398767471313,0.014829570427536964,opo,False
164716,2025-12,opo,1,0.03714264929294586,0.9594321846961975,0.0034251848701387644,opo,False
165430,2025-12,gov,0,0.7633722424507141,0.16049732267856598,0.07613049447536469,gov,False
165433,2025-12,gov,0,0.7675760984420776,0.2285284847021103,0.0038954324554651976,gov,False
165435,2025-12,opo,1,0.08204643428325653,0.9101377129554749,0.007815907709300518,opo,False
165436,2025-12,opo,1,0.03685431554913521,0.961829423904419,0.0013162348186597228,opo,False
166150,2025-12,gov,0,0.8935206532478333,0.060085151344537735,0.046394236385822296,gov,False
166152,2025-12,opo,1,0.09992314130067825,0.889435350894928,0.010641553439199924,opo,False
166154,2025-12,gov,0,0.9858763813972473,0.009726377204060555,0.004397179931402206,gov,False
166155,2025-12,gov,0,0.8944283127784729,0.09201288223266602,0.013558749109506607,gov,False
166156,2025-12,opo,1,0.09067976474761963,0.9028653502464294,0.006454899907112122,opo,False
166157,2025-12,opo,1,0.09716783463954926,0.8987858295440674,0.004046368412673473,opo,False
166873,2025-12,gov,0,0.9679800271987915,0.012031389400362968,0.019988583400845528,gov,False
166876,2025-12,opo,1,0.03307288885116577,0.9477344751358032,0.01919264905154705,opo,False
166877,2025-12,opo,1,0.0504801906645298,0.9356147646903992,0.013905027881264687,opo,False
167591,2025-12,gov,0,0.8192814588546753,0.007953924126923084,0.1727646440267563,gov,False
167592,2025-12,gov,0,0.9804584980010986,0.006007866468280554,0.013533585704863071,gov,False
167594,2025-12,gov,0,0.9549487829208374,0.0006745524588041008,0.04437659680843353,gov,False
167597,2025-12,opo,1,0.03716842457652092,0.9513586759567261,0.011472927406430244,opo,False
168313,2025-12,gov,0,0.9794995784759521,0.0029203842859715223,0.017580002546310425,gov,False
168316,2025-12,opo,1,0.03053891472518444,0.9668652415275574,0.0025958032347261906,opo,False
168318,2025-12,opo,1,0.0478031300008297,0.930220365524292,0.021976493299007416,opo,False
169035,2025-12,gov,0,0.9781641960144043,0.00942826084792614,0.012407513335347176,gov,False
169036,2025-12,gov,0,0.9794842600822449,0.016709445044398308,0.003806243184953928,gov,False
169037,2025-12,gov,0,0.9687107801437378,0.007149350363761187,0.024139905348420143,gov,False
169756,2025-12,gov,0,0.9848850965499878,0.0032718684524297714,0.01184301357716322,gov,False
143838,2026-01,gov,0,0.9092928171157837,0.01225358061492443,0.0784536749124527,gov,False
145998,2026-01,gov,0,0.9814412593841553,0.006474791560322046,0.012083888985216618,gov,False
147437,2026-01,gov,0,0.9653428196907043,0.014836546964943409,0.019820686429739,gov,False
147438,2026-01,gov,0,0.9300705790519714,0.019575318321585655,0.05035408213734627,gov,False
147439,2026-01,gov,0,0.9370612502098083,0.011796378530561924,0.051142267882823944,gov,False
148158,2026-01,gov,0,0.967224657535553,0.007664741948246956,0.025110632181167603,gov,False
149597,2026-01,uncertain,2,0.1703139990568161,0.04224899411201477,0.7874369621276855,uncertain,False
150307,2026-01,gov,0,0.9519896507263184,0.00854396726936102,0.03946632146835327,gov,False
150317,2026-01,gov,0,0.8026049733161926,0.09940572828054428,0.09798921644687653,gov,False
151756,2026-01,gov,0,0.9186979532241821,0.03089071810245514,0.05041135475039482,gov,False
151757,2026-01,uncertain,2,0.11007814109325409,0.011660752817988396,0.878261148929596,uncertain,False
152476,2026-01,gov,0,0.9884051084518433,0.007543997373431921,0.0040509263053536415,gov,False
153190,2026-01,gov,0,0.9579129219055176,0.00903889536857605,0.03304823860526085,gov,False
153191,2026-01,gov,0,0.8941836953163147,0.015703165903687477,0.09011314809322357,gov,False
153192,2026-01,gov,0,0.7881816029548645,0.004819405730813742,0.20699897408485413,gov,False
153193,2026-01,gov,0,0.9274316430091858,0.007632751949131489,0.06493563950061798,gov,False
153196,2026-01,gov,0,0.9571653604507446,0.019250882789492607,0.02358367294073105,gov,False
153197,2026-01,uncertain,2,0.09143010526895523,0.00979827530682087,0.8987716436386108,uncertain,False
153910,2026-01,gov,0,0.9387296438217163,0.023413371294736862,0.037857022136449814,gov,False
153911,2026-01,gov,0,0.9269570112228394,0.021687140688300133,0.05135582387447357,gov,False
153912,2026-01,gov,0,0.8400627374649048,0.01141408085823059,0.14852312207221985,gov,False
153913,2026-01,gov,0,0.9740554094314575,0.002823206130415201,0.023121384903788567,gov,False
153914,2026-01,gov,0,0.9933930039405823,0.004077238496392965,0.002529732184484601,gov,False
153915,2026-01,gov,0,0.983488142490387,0.010869773104786873,0.0056420983746647835,gov,False
153916,2026-01,gov,0,0.9108924269676208,0.07872939109802246,0.010378202423453331,gov,False
153917,2026-01,gov,0,0.6742357611656189,0.21116995811462402,0.1145942285656929,gov,False
153918,2026-01,gov,0,0.6313474178314209,0.3112108111381531,0.05744173750281334,opo,False
154630,2026-01,gov,0,0.9051479697227478,0.080470971763134,0.014381056651473045,gov,False
154631,2026-01,gov,0,0.9669245481491089,0.015380876138806343,0.01769457943737507,gov,False
154632,2026-01,gov,0,0.987082839012146,0.001269605359993875,0.011647455394268036,gov,False
154633,2026-01,gov,0,0.9721612334251404,0.003448384115472436,0.024390336126089096,gov,False
154634,2026-01,gov,0,0.9955581426620483,0.0011775364400818944,0.0032643466256558895,gov,False
154635,2026-01,gov,0,0.979899525642395,0.007592047564685345,0.012508459389209747,gov,False
154636,2026-01,gov,0,0.9453787207603455,0.037075530737638474,0.01754571497440338,gov,False
155350,2026-01,opo,1,0.38625168800354004,0.6018572449684143,0.011891067028045654,opo,False
155351,2026-01,gov,0,0.978737473487854,0.0104027995839715,0.010859733447432518,gov,False
155352,2026-01,gov,0,0.9745485782623291,0.0023290447425097227,0.023122305050492287,gov,False
155354,2026-01,gov,0,0.811739444732666,0.006758015602827072,0.1815025359392166,gov,False
156069,2026-01,opo,1,0.1628066450357437,0.8306003212928772,0.006593026220798492,opo,False
156071,2026-01,gov,0,0.9891869425773621,0.0014416974736377597,0.009371329098939896,gov,False
156072,2026-01,gov,0,0.9924831986427307,0.0010264484444633126,0.006490326952189207,gov,False
156073,2026-01,gov,0,0.9902453422546387,0.0029168473556637764,0.006837897468358278,gov,False
156074,2026-01,gov,0,0.7912777066230774,0.02022472210228443,0.1884976178407669,opo,False
156075,2026-01,uncertain,2,0.006700605154037476,0.014710730873048306,0.9785885810852051,uncertain,False
156788,2026-01,gov,0,0.9606801271438599,0.023926369845867157,0.015393427573144436,gov,False
156789,2026-01,opo,1,0.12066005915403366,0.866158127784729,0.013181814923882484,opo,False
156791,2026-01,gov,0,0.992077112197876,0.0010298772249370813,0.006893097888678312,gov,False
156792,2026-01,gov,0,0.953411877155304,0.00027100255829282105,0.046317122876644135,gov,False
156793,2026-01,gov,0,0.9730255603790283,0.00020527116430457681,0.026769153773784637,gov,False
156794,2026-01,gov,0,0.9423269629478455,0.0301962923258543,0.0274767205119133,gov,False
156795,2026-01,opo,1,0.007404076401144266,0.8366622924804688,0.15593361854553223,opo,False
156796,2026-01,opo,1,0.004712569061666727,0.9924553632736206,0.0028320415876805782,opo,False
157508,2026-01,gov,0,0.8821370601654053,0.09457538276910782,0.023287585005164146,gov,False
157509,2026-01,opo,1,0.10794426500797272,0.8885828852653503,0.0034728047903627157,opo,False
157510,2026-01,gov,0,0.9458627700805664,0.04845445603132248,0.0056828102096915245,gov,False
157511,2026-01,gov,0,0.9860661625862122,0.0015495201805606484,0.012384269386529922,gov,False
157513,2026-01,uncertain,2,0.1929386556148529,0.0004805774660781026,0.8065807819366455,uncertain,False
157514,2026-01,gov,0,0.8644099831581116,0.02617819607257843,0.10941173881292343,gov,False
157515,2026-01,uncertain,2,0.016264747828245163,0.24234187602996826,0.7413933873176575,uncertain,False
158229,2026-01,opo,1,0.10751618444919586,0.87923663854599,0.013247165828943253,opo,False
158231,2026-01,gov,0,0.9955872297286987,0.00025045842630788684,0.004162318538874388,gov,False
158233,2026-01,gov,0,0.9415412545204163,0.0011642632307484746,0.057294514030218124,gov,False
158235,2026-01,opo,1,0.030171668156981468,0.9609574675559998,0.008870874531567097,opo,False
158236,2026-01,opo,1,0.004463948309421539,0.9917100071907043,0.003826119937002659,opo,False
158237,2026-01,opo,1,0.046903885900974274,0.9404220581054688,0.012674067169427872,opo,False
158238,2026-01,gov,0,0.9450033903121948,0.027413295581936836,0.027583392336964607,gov,False
158946,2026-01,gov,0,0.8295075297355652,0.1203451156616211,0.050147317349910736,opo,False
158947,2026-01,opo,1,0.03535602241754532,0.9513188600540161,0.013325080275535583,opo,False
158949,2026-01,gov,0,0.8754657506942749,0.08199439197778702,0.042539846152067184,gov,False
158950,2026-01,gov,0,0.9959954023361206,0.0006288295844569802,0.0033757563214749098,gov,False
158951,2026-01,gov,0,0.9972237348556519,0.000727816135622561,0.0020485532004386187,gov,False
158952,2026-01,gov,0,0.9872686862945557,0.005584391765296459,0.0071469745598733425,gov,False
158953,2026-01,gov,0,0.971688449382782,0.016266871243715286,0.012044643051922321,gov,False
158954,2026-01,gov,0,0.9287864565849304,0.05018378421664238,0.02102973684668541,gov,False
158955,2026-01,gov,0,0.9024245142936707,0.08668088912963867,0.010894523933529854,gov,False
158956,2026-01,gov,0,0.9639953970909119,0.02929922565817833,0.006705376785248518,gov,False
158957,2026-01,gov,0,0.9968773126602173,0.002263696165755391,0.0008589174249209464,gov,False
158958,2026-01,gov,0,0.9958957433700562,0.0017477688379585743,0.002356426091864705,gov,False
158960,2026-01,gov,0,0.9525702595710754,0.02419104613363743,0.023238757625222206,gov,False
159665,2026-01,opo,1,0.33374667167663574,0.48579004406929016,0.18046331405639648,opo,False
159666,2026-01,opo,1,0.006414674688130617,0.9892640709877014,0.004321216139942408,opo,False
159667,2026-01,opo,1,0.0006477752467617393,0.9990990161895752,0.00025321272551082075,opo,False
159668,2026-01,opo,1,0.027458811178803444,0.9689677953720093,0.0035734386183321476,opo,False
159670,2026-01,gov,0,0.9924135804176331,0.00019040360348299146,0.0073960511945188046,gov,False
159671,2026-01,gov,0,0.9978852868080139,0.001341777853667736,0.0007728334749117494,gov,False
159672,2026-01,gov,0,0.9964954257011414,0.002749763196334243,0.0007547900313511491,gov,False
159673,2026-01,gov,0,0.9918656945228577,0.006056585349142551,0.0020777343306690454,gov,False
159674,2026-01,gov,0,0.9893198013305664,0.006373317446559668,0.004306857939809561,gov,False
159675,2026-01,gov,0,0.9797497987747192,0.004922856111079454,0.0153273930773139,gov,False
159676,2026-01,gov,0,0.9820563197135925,0.004689086228609085,0.013254549354314804,gov,False
159679,2026-01,gov,0,0.9920793175697327,0.004457439761608839,0.0034633162431418896,gov,False
159680,2026-01,gov,0,0.9309307932853699,0.02826051041483879,0.040808673948049545,gov,False
160386,2026-01,opo,1,0.022997640073299408,0.9686909914016724,0.008311420679092407,opo,False
160388,2026-01,opo,1,0.037542782723903656,0.9247446060180664,0.03771263733506203,opo,False
160389,2026-01,uncertain,2,0.018321216106414795,0.022801896557211876,0.95887690782547,uncertain,False
160390,2026-01,uncertain,2,0.12692932784557343,0.0021299675572663546,0.8709407448768616,uncertain,False
160391,2026-01,gov,0,0.9466825723648071,0.009043841622769833,0.04427358880639076,gov,False
160392,2026-01,gov,0,0.9946845173835754,0.0016084578819572926,0.0037070196121931076,gov,False
160393,2026-01,gov,0,0.9915836453437805,0.0056465440429747105,0.002769804559648037,gov,False
160394,2026-01,gov,0,0.9495761394500732,0.012705708853900433,0.03771812841296196,gov,False
160396,2026-01,gov,0,0.9802770614624023,0.0031247653532773256,0.016598138958215714,gov,False
160397,2026-01,gov,0,0.9895161390304565,0.007240431383252144,0.0032433737069368362,gov,False
160399,2026-01,gov,0,0.9931769371032715,0.002833711449056864,0.0039893994107842445,gov,False
160400,2026-01,gov,0,0.9714496731758118,0.0124970106408,0.016053350642323494,gov,False
161107,2026-01,opo,1,0.011094014160335064,0.9850884079933167,0.003817554097622633,opo,False
161109,2026-01,uncertain,2,0.021573293954133987,0.0035731729585677385,0.9748535752296448,uncertain,False
161110,2026-01,gov,0,0.9607443809509277,0.0033612933475524187,0.03589425981044769,gov,False
161111,2026-01,gov,0,0.9989081621170044,0.000798325112555176,0.00029348794487304986,gov,False
161112,2026-01,gov,0,0.9981398582458496,0.001134697813540697,0.0007254682132042944,gov,False
161113,2026-01,gov,0,0.9960466027259827,0.0017971317283809185,0.002156266011297703,gov,False
161116,2026-01,gov,0,0.9958152174949646,0.00044904748210683465,0.0037356819957494736,gov,False
161117,2026-01,gov,0,0.9615845680236816,0.015567808412015438,0.022847631946206093,gov,False
161118,2026-01,gov,0,0.9056506156921387,0.05839529260993004,0.03595399111509323,gov,False
161119,2026-01,gov,0,0.9696251153945923,0.025320114567875862,0.005054847802966833,gov,False
161120,2026-01,gov,0,0.9696404933929443,0.016343984752893448,0.0140155591070652,gov,False
161827,2026-01,opo,1,0.005279769655317068,0.9940376281738281,0.0006825521704740822,opo,False
161829,2026-01,uncertain,2,0.007026352919638157,0.00501559441909194,0.9879580140113831,uncertain,False
161830,2026-01,uncertain,2,0.195557102560997,0.06797351688146591,0.7364693880081177,uncertain,False
161831,2026-01,gov,0,0.9871699810028076,0.004952418152242899,0.007877659052610397,gov,False
161832,2026-01,gov,0,0.9633224606513977,0.010011753998696804,0.02666587010025978,gov,False
161833,2026-01,gov,0,0.969925045967102,0.019189301878213882,0.010885613970458508,gov,False
161834,2026-01,uncertain,2,0.37357017397880554,0.1186857521533966,0.5077440738677979,gov,False
161837,2026-01,opo,1,0.04390284791588783,0.9492412209510803,0.0068559423089027405,opo,False
161839,2026-01,opo,1,0.01811712235212326,0.9814209342002869,0.00046200351789593697,opo,False
162547,2026-01,opo,1,0.009084689430892467,0.9899371862411499,0.000978090101853013,opo,False
162548,2026-01,opo,1,0.06676898151636124,0.7655827403068542,0.1676483005285263,opo,False
162549,2026-01,uncertain,2,0.014843178912997246,0.05756291002035141,0.9275938868522644,uncertain,False
162550,2026-01,opo,1,0.180826336145401,0.7842333912849426,0.034940287470817566,opo,False
162551,2026-01,gov,0,0.9747434258460999,0.004495757631957531,0.020760776475071907,gov,False
162552,2026-01,gov,0,0.9267545938491821,0.017531394958496094,0.05571408569812775,gov,False
162553,2026-01,opo,1,0.26504066586494446,0.7244589924812317,0.010500377044081688,opo,False
162554,2026-01,uncertain,2,0.022260632365942,0.012319925241172314,0.9654194712638855,uncertain,False
162555,2026-01,uncertain,2,0.02420167811214924,0.002642335370182991,0.9731559157371521,gov,False
162556,2026-01,gov,0,0.6734142303466797,0.21645469963550568,0.11013104766607285,gov,False
162558,2026-01,opo,1,0.001055048662237823,0.9988086223602295,0.00013636818039231002,opo,False
162559,2026-01,opo,1,0.010074093006551266,0.989370584487915,0.0005553269875235856,opo,False
163267,2026-01,opo,1,0.027819115668535233,0.9692395329475403,0.002941412851214409,opo,False
163268,2026-01,uncertain,2,0.05488236993551254,0.37030282616615295,0.5748147964477539,opo,False
163269,2026-01,uncertain,2,0.11661142110824585,0.06790119409561157,0.8154873847961426,uncertain,False
163271,2026-01,gov,0,0.9784032106399536,0.0016973244491964579,0.019899483770132065,gov,False
163272,2026-01,uncertain,2,0.018388621509075165,0.0018220985075458884,0.9797892570495605,uncertain,False
163274,2026-01,uncertain,2,0.021924326196312904,0.031770046800374985,0.9463056921958923,uncertain,False
163275,2026-01,uncertain,2,0.004152131732553244,0.0001408031239407137,0.995707094669342,uncertain,False
163276,2026-01,uncertain,2,0.09638681262731552,0.004201291594654322,0.8994119167327881,uncertain,False
163278,2026-01,opo,1,0.03836949169635773,0.9584102034568787,0.003220268292352557,opo,False
163988,2026-01,opo,1,0.012126839719712734,0.9856145977973938,0.002258598804473877,opo,False
163989,2026-01,gov,0,0.9525021910667419,0.04345174506306648,0.0040459902957081795,gov,False
163992,2026-01,gov,0,0.5986693501472473,0.38128039240837097,0.02005029283463955,opo,False
163993,2026-01,opo,1,0.07866845279932022,0.9084600210189819,0.012871499173343182,opo,False
163996,2026-01,gov,0,0.8885570764541626,0.08487620949745178,0.026566650718450546,gov,False
163998,2026-01,gov,0,0.9149906635284424,0.08121099323034286,0.0037983781658113003,gov,False
164709,2026-01,gov,0,0.9742120504379272,0.022134343162178993,0.003653589403256774,gov,False
164710,2026-01,gov,0,0.9592449069023132,0.04024210944771767,0.0005130270146764815,gov,False
164711,2026-01,opo,1,0.11696385592222214,0.8822301626205444,0.0008059703395701945,opo,False
164712,2026-01,gov,0,0.5283501744270325,0.47136738896369934,0.00028247619047760963,opo,False
164713,2026-01,opo,1,0.48717617988586426,0.4930761456489563,0.019747579470276833,opo,False
164714,2026-01,gov,0,0.8760761618614197,0.0928109660744667,0.03111281991004944,gov,False
164715,2026-01,opo,1,0.07375871390104294,0.9148293137550354,0.011411938816308975,opo,False
164716,2026-01,opo,1,0.022539397701621056,0.9760453104972839,0.001415229169651866,opo,False
165430,2026-01,gov,0,0.8145006895065308,0.13655278086662292,0.04894648864865303,gov,False
165433,2026-01,gov,0,0.8403279185295105,0.1573888510465622,0.0022831580135971308,gov,False
165435,2026-01,opo,1,0.02076820284128189,0.9774405360221863,0.0017912822077050805,opo,False
165436,2026-01,opo,1,0.033588409423828125,0.9631389379501343,0.0032726272474974394,opo,False
166150,2026-01,gov,0,0.8931297659873962,0.05938253551721573,0.04748768359422684,gov,False
166152,2026-01,opo,1,0.035180866718292236,0.9622916579246521,0.0025275403168052435,opo,False
166154,2026-01,gov,0,0.9627017974853516,0.032196689397096634,0.005101599730551243,gov,False
166155,2026-01,gov,0,0.775719940662384,0.2076776623725891,0.016602393239736557,gov,False
166156,2026-01,opo,1,0.0711226537823677,0.9190831780433655,0.009794138371944427,opo,False
166157,2026-01,opo,1,0.08208326995372772,0.9114798307418823,0.0064368355087935925,opo,False
166873,2026-01,gov,0,0.8912016153335571,0.03559410572052002,0.07320433855056763,gov,False
166876,2026-01,opo,1,0.026064494624733925,0.9374058842658997,0.03652963414788246,opo,False
166877,2026-01,opo,1,0.03712092339992523,0.9433240294456482,0.019555004313588142,opo,False
167591,2026-01,gov,0,0.8700368404388428,0.009416388347744942,0.12054675072431564,gov,False
167592,2026-01,gov,0,0.9742608666419983,0.010225625708699226,0.01551350113004446,gov,False
167594,2026-01,gov,0,0.9254072904586792,0.0008076600497588515,0.07378505915403366,gov,False
167597,2026-01,opo,1,0.023111946880817413,0.9656270742416382,0.011260941624641418,opo,False
168313,2026-01,gov,0,0.9407793879508972,0.014589576050639153,0.04463103413581848,gov,False
168316,2026-01,opo,1,0.035670652985572815,0.9597405195236206,0.004588888492435217,opo,False
168318,2026-01,opo,1,0.09094364941120148,0.8891585469245911,0.01989777199923992,opo,False
169035,2026-01,gov,0,0.9916515946388245,0.0022804385516792536,0.006067892070859671,gov,False
169036,2026-01,gov,0,0.9921183586120605,0.006211425643414259,0.0016701698768883944,gov,False
169037,2026-01,gov,0,0.9710952043533325,0.005496874451637268,0.023407859727740288,gov,False
169756,2026-01,gov,0,0.9889770150184631,0.0014620977453887463,0.00956080760806799,gov,False
143838,2026-02,gov,0,0.9339784979820251,0.011805816553533077,0.05421573296189308,gov,False
145998,2026-02,gov,0,0.9660304188728333,0.009043627418577671,0.02492597885429859,gov,False
147437,2026-02,gov,0,0.9748669266700745,0.006797513924539089,0.01833558827638626,gov,False
147438,2026-02,gov,0,0.9740865230560303,0.004496316891163588,0.021417144685983658,gov,False
147439,2026-02,gov,0,0.9743934869766235,0.0030967264901846647,0.022509729489684105,gov,False
148158,2026-02,gov,0,0.9711787700653076,0.0038580859545618296,0.024963172152638435,gov,False
149597,2026-02,uncertain,2,0.12719221413135529,0.013914991170167923,0.8588927388191223,uncertain,False
150307,2026-02,gov,0,0.9466901421546936,0.007169152144342661,0.0461406335234642,gov,False
150317,2026-02,gov,0,0.8061946630477905,0.03871862217783928,0.15508662164211273,gov,False
151756,2026-02,gov,0,0.940509021282196,0.010908748023211956,0.04858218505978584,gov,False
151757,2026-02,uncertain,2,0.04358990862965584,0.0049070692621171474,0.9515029788017273,uncertain,False
152476,2026-02,gov,0,0.9962626099586487,0.0013741214061155915,0.002363223349675536,gov,False
153190,2026-02,gov,0,0.97467041015625,0.005302514880895615,0.020027056336402893,gov,False
153191,2026-02,gov,0,0.958236038684845,0.01154173444956541,0.03022218868136406,gov,False
153192,2026-02,gov,0,0.9144277572631836,0.006639827974140644,0.0789325088262558,gov,False
153193,2026-02,gov,0,0.9718095064163208,0.005081838928163052,0.02310868725180626,gov,False
153196,2026-02,gov,0,0.9701723456382751,0.006039214786142111,0.023788392543792725,gov,False
153197,2026-02,uncertain,2,0.027483798563480377,0.0006269410951063037,0.971889317035675,uncertain,False
153910,2026-02,gov,0,0.9572370648384094,0.014608167111873627,0.028154756873846054,gov,False
153911,2026-02,gov,0,0.9142321944236755,0.02864394150674343,0.05712385103106499,gov,False
153912,2026-02,gov,0,0.8600451946258545,0.013823113404214382,0.12613175809383392,gov,False
153913,2026-02,gov,0,0.9844526648521423,0.0016710598720237613,0.013876290060579777,gov,False
153914,2026-02,gov,0,0.9908656477928162,0.00398289505392313,0.005151428282260895,gov,False
153915,2026-02,gov,0,0.9834095239639282,0.013561151921749115,0.003029374172911048,gov,False
153916,2026-02,gov,0,0.9833613038063049,0.012180782854557037,0.004457914736121893,gov,False
153917,2026-02,gov,0,0.9189832806587219,0.021750999614596367,0.059265777468681335,gov,False
153918,2026-02,gov,0,0.8893157839775085,0.08635774254798889,0.024326466023921967,opo,False
154630,2026-02,gov,0,0.9588814973831177,0.03558133915066719,0.005537130404263735,gov,False
154631,2026-02,gov,0,0.9797242879867554,0.009233620017766953,0.01104207243770361,gov,False
154632,2026-02,gov,0,0.9928773045539856,0.0006049089133739471,0.00651777908205986,gov,False
154633,2026-02,gov,0,0.9955854415893555,0.0005795842153020203,0.003834968665614724,gov,False
154634,2026-02,gov,0,0.998157799243927,0.0004875721351709217,0.001354532316327095,gov,False
154635,2026-02,gov,0,0.9900370836257935,0.006957597564905882,0.003005265025421977,gov,False
154636,2026-02,gov,0,0.9746948480606079,0.012799744494259357,0.012505355291068554,gov,False
155350,2026-02,gov,0,0.5199670791625977,0.47032150626182556,0.00971141830086708,opo,False
155351,2026-02,gov,0,0.9723691344261169,0.012477824464440346,0.015152997337281704,gov,False
155352,2026-02,gov,0,0.9883037805557251,0.0014417578931897879,0.010254519060254097,gov,False
155354,2026-02,gov,0,0.8775143623352051,0.0040189484134316444,0.11846675723791122,gov,False
156069,2026-02,opo,1,0.23030811548233032,0.7647329568862915,0.00495893694460392,opo,False
156071,2026-02,gov,0,0.9922836422920227,0.002256065374240279,0.00546039454638958,gov,False
156072,2026-02,gov,0,0.9941714406013489,0.001195258810184896,0.0046332888305187225,gov,False
156073,2026-02,gov,0,0.9980494976043701,0.0004871048731729388,0.001463470165617764,gov,False
156074,2026-02,gov,0,0.9265753030776978,0.005923135206103325,0.06750157475471497,gov,False
156075,2026-02,uncertain,2,0.010004936717450619,0.013218147680163383,0.9767768979072571,uncertain,False
156788,2026-02,gov,0,0.9474937915802002,0.01241408009082079,0.0400921069085598,gov,False
156789,2026-02,opo,1,0.36531689763069153,0.6076507568359375,0.02703234553337097,opo,False
156791,2026-02,gov,0,0.9828572273254395,0.002579891588538885,0.014562902972102165,gov,False
156792,2026-02,gov,0,0.9598991870880127,0.00043463040492497385,0.039666179567575455,gov,False
156793,2026-02,gov,0,0.9827545285224915,0.00024191796546801925,0.017003493383526802,gov,False
156794,2026-02,gov,0,0.961353063583374,0.016629647463560104,0.02201722003519535,gov,False
156795,2026-02,opo,1,0.009527390822768211,0.8230712413787842,0.16740140318870544,gov,False
156796,2026-02,opo,1,0.002334263641387224,0.9959866404533386,0.0016790525987744331,opo,False
157508,2026-02,gov,0,0.9042189121246338,0.05439773201942444,0.04138336703181267,gov,False
157509,2026-02,opo,1,0.17025983333587646,0.8167356848716736,0.013004528358578682,opo,False
157510,2026-02,gov,0,0.9581537246704102,0.03194795921444893,0.009898390620946884,gov,False
157511,2026-02,gov,0,0.9630584716796875,0.002816717838868499,0.03412478417158127,gov,False
157513,2026-02,uncertain,2,0.45530715584754944,0.000674970040563494,0.5440178513526917,uncertain,False
157514,2026-02,gov,0,0.9255260229110718,0.011168000288307667,0.06330597400665283,gov,False
157515,2026-02,uncertain,2,0.05112972483038902,0.1566469669342041,0.792223334312439,uncertain,False
158229,2026-02,opo,1,0.21079237759113312,0.7594018578529358,0.029805731028318405,opo,False
158231,2026-02,gov,0,0.9952334761619568,0.0002770211431197822,0.004489551763981581,gov,False
158233,2026-02,gov,0,0.9277316331863403,0.0004371301329229027,0.07183113694190979,gov,False
158235,2026-02,opo,1,0.11399202793836594,0.8704906105995178,0.015517329797148705,gov,False
158236,2026-02,opo,1,0.02039652317762375,0.9726002216339111,0.007003278471529484,opo,False
158237,2026-02,opo,1,0.1549702286720276,0.8314506411552429,0.013579092919826508,opo,False
158238,2026-02,gov,0,0.9278215169906616,0.05056842416524887,0.021609950810670853,gov,False
158946,2026-02,gov,0,0.9772675037384033,0.01862855814397335,0.004103960935026407,gov,False
158947,2026-02,opo,1,0.18724220991134644,0.7711387276649475,0.04161907732486725,opo,False
158949,2026-02,gov,0,0.8712400197982788,0.10583196580410004,0.022927993908524513,gov,False
158950,2026-02,gov,0,0.9975994229316711,0.0008172208326868713,0.0015833961078897119,gov,False
158951,2026-02,gov,0,0.9971204996109009,0.0008144587045535445,0.0020650385413318872,gov,False
158952,2026-02,gov,0,0.9936367273330688,0.001808908418752253,0.004554391838610172,gov,False
158953,2026-02,gov,0,0.985326886177063,0.003002065233886242,0.011671077460050583,gov,False
158954,2026-02,gov,0,0.9822918176651001,0.01239609345793724,0.005312085617333651,gov,False
158955,2026-02,gov,0,0.9838446974754333,0.0150490403175354,0.0011063319398090243,gov,False
158956,2026-02,gov,0,0.9578144550323486,0.03958067670464516,0.002604961860924959,gov,False
158957,2026-02,gov,0,0.9944156408309937,0.0043343896977603436,0.0012499624863266945,gov,False
158958,2026-02,gov,0,0.9900822043418884,0.006080524064600468,0.0038372869603335857,gov,False
158960,2026-02,gov,0,0.9479194283485413,0.01443557720631361,0.03764498606324196,gov,False
159665,2026-02,gov,0,0.5413345694541931,0.30002155900001526,0.15864388644695282,opo,False
159666,2026-02,opo,1,0.05207693949341774,0.9355937838554382,0.01232923287898302,opo,False
159667,2026-02,opo,1,0.0029110582545399666,0.9967637062072754,0.0003252122551202774,opo,False
159668,2026-02,opo,1,0.02095976658165455,0.9724277257919312,0.0066125174053013325,opo,False
159670,2026-02,gov,0,0.9949263334274292,0.00019074429292231798,0.0048829540610313416,gov,False
159671,2026-02,gov,0,0.9985016584396362,0.000652211019769311,0.0008461623801849782,gov,False
159672,2026-02,gov,0,0.9987216591835022,0.0010459282202646136,0.00023243925534188747,gov,False
159673,2026-02,gov,0,0.9965311884880066,0.0024527888745069504,0.0010160342790186405,gov,False
159674,2026-02,gov,0,0.9888063669204712,0.009056247770786285,0.002137466100975871,gov,False
159675,2026-02,gov,0,0.9919953346252441,0.004827331285923719,0.0031773787923157215,gov,False
159676,2026-02,gov,0,0.9885693192481995,0.00593109056353569,0.005499536171555519,gov,False
159679,2026-02,gov,0,0.9898842573165894,0.004746201913803816,0.005369564983993769,gov,False
159680,2026-02,gov,0,0.93067866563797,0.016644524410367012,0.052676815539598465,gov,False
160386,2026-02,opo,1,0.0458710603415966,0.9207155704498291,0.0334133617579937,opo,False
160388,2026-02,opo,1,0.028692033141851425,0.9372119307518005,0.03409603610634804,opo,False
160389,2026-02,uncertain,2,0.007432898040860891,0.012741153128445148,0.979826033115387,uncertain,False
160390,2026-02,uncertain,2,0.1534803807735443,0.0022831964306533337,0.8442363739013672,uncertain,False
160391,2026-02,gov,0,0.9070614576339722,0.004528359975665808,0.08841016888618469,gov,False
160392,2026-02,gov,0,0.9978819489479065,0.0009133957209996879,0.001204637112095952,gov,False
160393,2026-02,gov,0,0.993513822555542,0.0054707578383386135,0.0010153090115636587,gov,False
160394,2026-02,gov,0,0.9656224846839905,0.0160940233618021,0.018283413723111153,gov,False
160396,2026-02,gov,0,0.9635439515113831,0.014768866822123528,0.021687185391783714,gov,False
160397,2026-02,gov,0,0.97163987159729,0.023904139176011086,0.004456083290278912,gov,False
160399,2026-02,gov,0,0.9927324652671814,0.002432143548503518,0.004835391417145729,gov,False
160400,2026-02,gov,0,0.9680231809616089,0.011380832642316818,0.020595990121364594,gov,False
161107,2026-02,opo,1,0.008133144117891788,0.9879627823829651,0.0039040602277964354,opo,False
161109,2026-02,uncertain,2,0.019308434799313545,0.005201292224228382,0.9754902124404907,uncertain,False
161110,2026-02,gov,0,0.9242965579032898,0.007227271795272827,0.06847615540027618,gov,False
161111,2026-02,gov,0,0.9959852695465088,0.0021797367371618748,0.0018350068712607026,gov,False
161112,2026-02,gov,0,0.9974502921104431,0.0017804609378799796,0.0007691554492339492,gov,False
161113,2026-02,gov,0,0.9978494644165039,0.001283386955037713,0.0008671744144521654,gov,False
161116,2026-02,gov,0,0.99208003282547,0.0019174175104126334,0.006002567708492279,gov,False
161117,2026-02,gov,0,0.9555156826972961,0.027384672313928604,0.017099598422646523,gov,False
161118,2026-02,gov,0,0.9273147583007812,0.042229775339365005,0.03045542724430561,gov,False
161119,2026-02,gov,0,0.9582894444465637,0.02292780578136444,0.018782712519168854,gov,False
161120,2026-02,gov,0,0.962401270866394,0.016785399988293648,0.020813368260860443,gov,False
161827,2026-02,opo,1,0.005552918650209904,0.9933225512504578,0.0011245019268244505,opo,False
161829,2026-02,uncertain,2,0.007848754525184631,0.009099011309444904,0.9830522537231445,uncertain,False
161830,2026-02,uncertain,2,0.1866808980703354,0.17343777418136597,0.6398813128471375,uncertain,False
161831,2026-02,gov,0,0.9407256841659546,0.03025401011109352,0.02902032807469368,gov,False
161832,2026-02,gov,0,0.9223518371582031,0.025694405660033226,0.05195368826389313,gov,False
161833,2026-02,gov,0,0.9767850041389465,0.013849945738911629,0.009365097619593143,gov,False
161834,2026-02,uncertain,2,0.20652514696121216,0.033866479992866516,0.7596083283424377,gov,False
161837,2026-02,opo,1,0.1169203519821167,0.8671697378158569,0.015909941866993904,opo,False
161839,2026-02,opo,1,0.08882875740528107,0.9055105447769165,0.005660674534738064,opo,False
162547,2026-02,opo,1,0.04208189621567726,0.9481104016304016,0.009807727299630642,opo,False
162548,2026-02,opo,1,0.1787867248058319,0.6145500540733337,0.20666320621967316,opo,False
162549,2026-02,uncertain,2,0.02819167822599411,0.12513604760169983,0.8466722965240479,uncertain,False
162550,2026-02,opo,1,0.1692815124988556,0.7980524897575378,0.03266602382063866,opo,False
162551,2026-02,gov,0,0.9764279723167419,0.00978475995361805,0.013787264935672283,gov,False
162552,2026-02,gov,0,0.888590395450592,0.04822372645139694,0.06318587064743042,gov,False
162553,2026-02,opo,1,0.23235437273979187,0.746094822883606,0.02155078947544098,opo,False
162554,2026-02,uncertain,2,0.0416913665831089,0.0112310154363513,0.9470776915550232,uncertain,False
162555,2026-02,uncertain,2,0.1508113592863083,0.01325624156743288,0.8359323740005493,gov,False
162556,2026-02,gov,0,0.8995776176452637,0.08412229269742966,0.01630004681646824,gov,False
162558,2026-02,opo,1,0.010675756260752678,0.9869389533996582,0.002385248662903905,opo,False
162559,2026-02,opo,1,0.041477855294942856,0.9537783861160278,0.004743712954223156,opo,False
163267,2026-02,opo,1,0.27278074622154236,0.6792742609977722,0.047944944351911545,opo,False
163268,2026-02,uncertain,2,0.10422910749912262,0.07970575988292694,0.8160651326179504,uncertain,False
163269,2026-02,uncertain,2,0.10990618914365768,0.016556384041905403,0.8735374212265015,uncertain,False
163271,2026-02,gov,0,0.9709082245826721,0.0038178348913788795,0.025273948907852173,gov,False
163272,2026-02,uncertain,2,0.031467653810977936,0.005272090435028076,0.963260293006897,uncertain,False
163274,2026-02,uncertain,2,0.060696784406900406,0.02326180785894394,0.9160414338111877,uncertain,False
163275,2026-02,uncertain,2,0.03156505525112152,0.0013151767197996378,0.9671197533607483,uncertain,False
163276,2026-02,uncertain,2,0.3937714099884033,0.015406318008899689,0.5908222794532776,uncertain,False
163278,2026-02,opo,1,0.05274336785078049,0.9319289326667786,0.015327684581279755,opo,False
163988,2026-02,opo,1,0.22968663275241852,0.5849778056144714,0.18533557653427124,opo,False
163989,2026-02,gov,0,0.9645963311195374,0.010526261292397976,0.024877319112420082,gov,False
163992,2026-02,gov,0,0.8189549446105957,0.13430289924144745,0.04674217104911804,gov,False
163993,2026-02,opo,1,0.3350353538990021,0.5735015869140625,0.09146308153867722,opo,False
163996,2026-02,gov,0,0.9393351078033447,0.042786020785570145,0.017878880724310875,gov,False
163998,2026-02,gov,0,0.7660220861434937,0.2079412192106247,0.026036778464913368,gov,False
164709,2026-02,gov,0,0.927270770072937,0.03457479178905487,0.03815443441271782,gov,False
164710,2026-02,gov,0,0.9379716515541077,0.05999450013041496,0.0020337863825261593,gov,False
164711,2026-02,opo,1,0.4012066423892975,0.597154438495636,0.0016389517113566399,opo,False
164712,2026-02,gov,0,0.7392011284828186,0.26000547409057617,0.0007934183813631535,gov,False
164713,2026-02,gov,0,0.4901537597179413,0.48730847239494324,0.022537775337696075,opo,False
164714,2026-02,gov,0,0.8214803338050842,0.10884363949298859,0.06967602670192719,gov,False
164715,2026-02,opo,1,0.29173412919044495,0.6823914647102356,0.025874435901641846,opo,False
164716,2026-02,opo,1,0.025493357330560684,0.9733080267906189,0.0011986293829977512,opo,False
165430,2026-02,gov,0,0.8908319473266602,0.06501761078834534,0.04415048658847809,gov,False
165433,2026-02,gov,0,0.8520585894584656,0.1436341255903244,0.004307304043322802,gov,False
165435,2026-02,opo,1,0.02863687463104725,0.9699369072914124,0.001426204340532422,opo,False
165436,2026-02,opo,1,0.017349109053611755,0.982187032699585,0.00046380431740544736,opo,False
166150,2026-02,gov,0,0.8874796032905579,0.028963308781385422,0.08355707675218582,gov,False
166152,2026-02,opo,1,0.05902669206261635,0.9370402097702026,0.003933037165552378,opo,False
166154,2026-02,gov,0,0.9834933280944824,0.005989697761833668,0.010516914539039135,gov,False
166155,2026-02,gov,0,0.8733679056167603,0.09535341709852219,0.03127863258123398,gov,False
166156,2026-02,opo,1,0.12083757668733597,0.8633643984794617,0.015798036009073257,opo,False
166157,2026-02,opo,1,0.2834375500679016,0.7049195766448975,0.01164285372942686,opo,False
166873,2026-02,gov,0,0.9462414979934692,0.02383197657763958,0.029926445335149765,gov,False
166876,2026-02,opo,1,0.02648118883371353,0.9648717045783997,0.008647152222692966,opo,False
166877,2026-02,opo,1,0.07450691610574722,0.9141419529914856,0.011351125314831734,opo,False
167591,2026-02,gov,0,0.8316234350204468,0.011307704262435436,0.15706883370876312,gov,False
167592,2026-02,gov,0,0.9911817312240601,0.002814505249261856,0.006003705319017172,gov,False
167594,2026-02,gov,0,0.9556384682655334,0.0013636416988447309,0.04299790784716606,gov,False
167597,2026-02,opo,1,0.04122199863195419,0.9447904229164124,0.013987566344439983,opo,False
168313,2026-02,gov,0,0.9974796175956726,0.00034709900501184165,0.0021732409950345755,gov,False
168316,2026-02,opo,1,0.031402911990880966,0.9666256308555603,0.0019714515656232834,opo,False
168318,2026-02,opo,1,0.05081699416041374,0.9217438101768494,0.02743920311331749,opo,False
169035,2026-02,gov,0,0.988867461681366,0.00347618549130857,0.0076562995091080666,gov,False
169036,2026-02,gov,0,0.9861518740653992,0.011092373169958591,0.0027557893190532923,gov,False
169037,2026-02,gov,0,0.9744164347648621,0.009991087950766087,0.0155924241989851,gov,False
169756,2026-02,gov,0,0.9885440468788147,0.002003561705350876,0.009452375583350658,gov,False
143838,2026-03,gov,0,0.9221175909042358,0.016039038076996803,0.06184331327676773,gov,False
145998,2026-03,gov,0,0.9593648910522461,0.014532282017171383,0.026102842763066292,gov,False
147437,2026-03,gov,0,0.9472224712371826,0.015559696592390537,0.03721778467297554,gov,False
147438,2026-03,gov,0,0.9438667297363281,0.01695781573653221,0.03917555883526802,gov,False
147439,2026-03,gov,0,0.9404217600822449,0.010629871860146523,0.04894837364554405,gov,False
148158,2026-03,gov,0,0.9174560308456421,0.01732027344405651,0.06522365659475327,gov,False
149597,2026-03,uncertain,2,0.052536290138959885,0.017478201538324356,0.929985523223877,uncertain,False
150307,2026-03,gov,0,0.9522064328193665,0.006211039610207081,0.04158255457878113,gov,False
150317,2026-03,gov,0,0.6817991137504578,0.07551712542772293,0.2426837682723999,gov,False
151756,2026-03,gov,0,0.9087063074111938,0.008045089431107044,0.08324865251779556,gov,False
151757,2026-03,uncertain,2,0.022979212924838066,0.002067664870992303,0.9749531149864197,uncertain,False
152476,2026-03,gov,0,0.9947054982185364,0.0025348798371851444,0.002759709022939205,gov,False
153190,2026-03,gov,0,0.9795697331428528,0.005942223127931356,0.014487985521554947,gov,False
153191,2026-03,gov,0,0.971355676651001,0.005629087332636118,0.023015273734927177,gov,False
153192,2026-03,gov,0,0.8606503009796143,0.004485437646508217,0.13486427068710327,gov,False
153193,2026-03,gov,0,0.9479708075523376,0.003750877920538187,0.04827824980020523,gov,False
153196,2026-03,gov,0,0.963326632976532,0.011327598243951797,0.025345783680677414,gov,False
153197,2026-03,uncertain,2,0.07084767520427704,0.00803134124726057,0.9211209416389465,uncertain,False
153910,2026-03,gov,0,0.9791653156280518,0.0060585420578718185,0.014776179566979408,gov,False
153911,2026-03,gov,0,0.9766001105308533,0.006204510573297739,0.017195481806993484,gov,False
153912,2026-03,gov,0,0.9172746539115906,0.008754348382353783,0.07397092878818512,gov,False
153913,2026-03,gov,0,0.9796486496925354,0.003046051599085331,0.01730532757937908,gov,False
153914,2026-03,gov,0,0.9910693168640137,0.0033826043363660574,0.005548076704144478,gov,False
153915,2026-03,gov,0,0.9729841351509094,0.012759294360876083,0.014256518334150314,gov,False
153916,2026-03,gov,0,0.905953049659729,0.077445387840271,0.0166015625,gov,False
153917,2026-03,gov,0,0.8508313298225403,0.11156756430864334,0.037601131945848465,gov,False
153918,2026-03,gov,0,0.738105833530426,0.23918214440345764,0.02271202765405178,opo,False
154630,2026-03,gov,0,0.9387366771697998,0.05117163434624672,0.010091681033372879,gov,False
154631,2026-03,gov,0,0.974361002445221,0.012997346930205822,0.012641604989767075,gov,False
154632,2026-03,gov,0,0.9748998880386353,0.0037314980290830135,0.02136858180165291,gov,False
154633,2026-03,gov,0,0.9866036176681519,0.0033456278033554554,0.010050762444734573,gov,False
154634,2026-03,gov,0,0.9941621422767639,0.0017132548382505774,0.004124595783650875,gov,False
154635,2026-03,gov,0,0.9482309818267822,0.009248423390090466,0.04252061992883682,gov,False
154636,2026-03,gov,0,0.9209430813789368,0.04348427802324295,0.03557262569665909,gov,False
155350,2026-03,gov,0,0.4997912347316742,0.4909054636955261,0.009303268045186996,opo,False
155351,2026-03,gov,0,0.9716956615447998,0.011588367633521557,0.01671590283513069,gov,False
155352,2026-03,gov,0,0.9481321573257446,0.002912454539909959,0.04895540326833725,gov,False
155354,2026-03,gov,0,0.9052634239196777,0.0024790428578853607,0.09225758165121078,gov,False
156069,2026-03,opo,1,0.1732410490512848,0.8219801783561707,0.004778729751706123,opo,False
156071,2026-03,gov,0,0.9890227317810059,0.0017109676264226437,0.009266267530620098,gov,False
156072,2026-03,gov,0,0.9874730110168457,0.00119302689563483,0.011333943344652653,gov,False
156073,2026-03,gov,0,0.9935537576675415,0.001156952348537743,0.005289284512400627,gov,False
156074,2026-03,gov,0,0.9096966981887817,0.007266695611178875,0.08303652703762054,gov,False
156075,2026-03,uncertain,2,0.009484379552304745,0.013103192672133446,0.9774124622344971,uncertain,False
156788,2026-03,gov,0,0.9550130367279053,0.02613438479602337,0.01885262317955494,gov,False
156789,2026-03,opo,1,0.21755242347717285,0.7641353607177734,0.018312150612473488,opo,False
156791,2026-03,gov,0,0.9926685094833374,0.001090862788259983,0.0062406109645962715,gov,False
156792,2026-03,gov,0,0.9786027073860168,0.0005772985168732703,0.02081994339823723,gov,False
156793,2026-03,gov,0,0.9850804209709167,0.000604226952418685,0.014315431006252766,gov,False
156794,2026-03,gov,0,0.9191787242889404,0.047953926026821136,0.032867319881916046,gov,False
156795,2026-03,opo,1,0.015080641023814678,0.9204744100570679,0.06444495916366577,gov,False
156796,2026-03,opo,1,0.0033270325511693954,0.994329035282135,0.0023438967764377594,opo,False
157508,2026-03,gov,0,0.9097422957420349,0.06657131016254425,0.02368638850748539,gov,False
157509,2026-03,opo,1,0.08961669355630875,0.9047983288764954,0.005584905855357647,opo,False
157510,2026-03,gov,0,0.9266571402549744,0.052861642092466354,0.020481208339333534,gov,False
157511,2026-03,gov,0,0.9622858166694641,0.0028204594273120165,0.03489372879266739,gov,False
157513,2026-03,uncertain,2,0.49651867151260376,0.0011401285883039236,0.5023412704467773,uncertain,False
157514,2026-03,gov,0,0.9057354927062988,0.011004623025655746,0.08325988054275513,gov,False
157515,2026-03,uncertain,2,0.07451831549406052,0.21537233889102936,0.710109293460846,uncertain,False
158229,2026-03,opo,1,0.12073168158531189,0.8610297441482544,0.018238628283143044,opo,False
158231,2026-03,gov,0,0.9925891160964966,0.0002890195755753666,0.007121824659407139,gov,False
158233,2026-03,gov,0,0.9437294006347656,0.0006803906871937215,0.055590130388736725,gov,False
158235,2026-03,opo,1,0.12409765273332596,0.852657675743103,0.023244697600603104,opo,False
158236,2026-03,opo,1,0.01187569834291935,0.9820796251296997,0.006044655106961727,opo,False
158237,2026-03,opo,1,0.05700742453336716,0.9108400344848633,0.03215257450938225,opo,False
158238,2026-03,gov,0,0.8895741105079651,0.054343707859516144,0.056082118302583694,gov,False
158946,2026-03,gov,0,0.9403641819953918,0.04630054160952568,0.013335298746824265,gov,False
158947,2026-03,opo,1,0.09219935536384583,0.8754488825798035,0.032351817935705185,opo,False
158949,2026-03,gov,0,0.8306345343589783,0.12738096714019775,0.04198445752263069,gov,False
158950,2026-03,gov,0,0.9960219264030457,0.0011242474429309368,0.0028537865728139877,gov,False
158951,2026-03,gov,0,0.9979771971702576,0.0009178048931062222,0.0011049723252654076,gov,False
158952,2026-03,gov,0,0.9882059097290039,0.004705942701548338,0.0070882453583180904,gov,False
158953,2026-03,gov,0,0.9857886433601379,0.008229803293943405,0.005981542635709047,gov,False
158954,2026-03,gov,0,0.9799449443817139,0.014447146095335484,0.00560782803222537,gov,False
158955,2026-03,gov,0,0.9769266247749329,0.020985856652259827,0.002087485510855913,gov,False
158956,2026-03,gov,0,0.9039497971534729,0.08929368108510971,0.006756455171853304,gov,False
158957,2026-03,gov,0,0.9898596405982971,0.008574972860515118,0.0015653790906071663,gov,False
158958,2026-03,gov,0,0.9900127649307251,0.004747488535940647,0.005239657126367092,gov,False
158960,2026-03,gov,0,0.9436097741127014,0.02517954260110855,0.031210657209157944,gov,False
159665,2026-03,gov,0,0.6095463633537292,0.29307541251182556,0.0973782166838646,opo,False
159666,2026-03,opo,1,0.039598606526851654,0.9497207403182983,0.010680644772946835,opo,False
159667,2026-03,opo,1,0.002949476009234786,0.9964683055877686,0.000582162057980895,opo,False
159668,2026-03,opo,1,0.03041471540927887,0.9653211236000061,0.004264140967279673,opo,False
159670,2026-03,gov,0,0.9944250583648682,0.0004951222217641771,0.005079728551208973,gov,False
159671,2026-03,gov,0,0.9966502785682678,0.0025547880213707685,0.0007950001745484769,gov,False
159672,2026-03,gov,0,0.992912232875824,0.005842387210577726,0.0012454729294404387,gov,False
159673,2026-03,gov,0,0.9888522624969482,0.009726611897349358,0.0014211023226380348,gov,False
159674,2026-03,gov,0,0.9861927628517151,0.011617602780461311,0.0021896183025091887,gov,False
159675,2026-03,gov,0,0.9771068692207336,0.015444941818714142,0.007448193151503801,gov,False
159676,2026-03,gov,0,0.960383415222168,0.027231447398662567,0.012385215610265732,gov,False
159679,2026-03,gov,0,0.9899048209190369,0.0050851511768996716,0.005010081455111504,gov,False
159680,2026-03,gov,0,0.920022189617157,0.026838863268494606,0.053138960152864456,gov,False
160386,2026-03,opo,1,0.14980988204479218,0.8094890713691711,0.040701042860746384,opo,False
160388,2026-03,opo,1,0.05319489166140556,0.8963584303855896,0.05044664070010185,opo,False
160389,2026-03,uncertain,2,0.04534994438290596,0.038394879549741745,0.9162552356719971,uncertain,False
160390,2026-03,uncertain,2,0.36458203196525574,0.006644133012741804,0.6287738084793091,uncertain,False
160391,2026-03,gov,0,0.9412632584571838,0.013258244842290878,0.04547848924994469,gov,False
160392,2026-03,gov,0,0.9935746788978577,0.004131893161684275,0.0022934405133128166,gov,False
160393,2026-03,gov,0,0.9924302697181702,0.006480496376752853,0.00108924915548414,gov,False
160394,2026-03,gov,0,0.9806462526321411,0.008831789717078209,0.010521947406232357,gov,False
160396,2026-03,gov,0,0.9385663866996765,0.014492608606815338,0.046940986067056656,gov,False
160397,2026-03,gov,0,0.9871521592140198,0.009787216782569885,0.003060578368604183,gov,False
160399,2026-03,gov,0,0.9948709011077881,0.0029171970672905445,0.0022120249923318624,gov,False
160400,2026-03,gov,0,0.9674614667892456,0.013615473173558712,0.018923116847872734,gov,False
161107,2026-03,opo,1,0.014167042449116707,0.9794921875,0.006340780761092901,opo,False
161109,2026-03,uncertain,2,0.09868741780519485,0.01724926009774208,0.8840633034706116,uncertain,False
161110,2026-03,gov,0,0.9843313097953796,0.0032584171276539564,0.012410261668264866,gov,False
161111,2026-03,gov,0,0.9978616833686829,0.0014080037362873554,0.0007302596932277083,gov,False
161112,2026-03,gov,0,0.9966297745704651,0.0020298571325838566,0.0013403805205598474,gov,False
161113,2026-03,gov,0,0.9953489899635315,0.0014882959658280015,0.003162692068144679,gov,False
161116,2026-03,gov,0,0.9931311011314392,0.000744704098906368,0.006124171428382397,gov,False
161117,2026-03,gov,0,0.9711586236953735,0.014735855162143707,0.01410550158470869,gov,False
161118,2026-03,gov,0,0.9432047009468079,0.03156740590929985,0.025227917358279228,gov,False
161119,2026-03,gov,0,0.9759884476661682,0.017824221402406693,0.0061873397789895535,gov,False
161120,2026-03,gov,0,0.962130069732666,0.01840979792177677,0.019460126757621765,gov,False
161827,2026-03,opo,1,0.0026810653507709503,0.9969310760498047,0.00038788485107943416,opo,False
161829,2026-03,uncertain,2,0.05455716699361801,0.032997261732816696,0.9124455451965332,uncertain,False
161830,2026-03,gov,0,0.4316328763961792,0.15701909363269806,0.4113480746746063,uncertain,False
161831,2026-03,gov,0,0.9863386750221252,0.004946751985698938,0.00871463306248188,gov,False
161832,2026-03,gov,0,0.9474868774414062,0.010386615060269833,0.04212656989693642,gov,False
161833,2026-03,gov,0,0.9743456244468689,0.010223145596683025,0.015431301668286324,gov,False
161834,2026-03,uncertain,2,0.41857442259788513,0.0373045913875103,0.5441209077835083,gov,False
161837,2026-03,opo,1,0.09657547622919083,0.8708061575889587,0.03261839598417282,opo,False
161839,2026-03,opo,1,0.05091707780957222,0.9475146532058716,0.0015682007651776075,opo,False
162547,2026-03,opo,1,0.007878393866121769,0.9915637969970703,0.0005577580886892974,opo,False
162548,2026-03,opo,1,0.08913576602935791,0.8266017436981201,0.08426252752542496,opo,False
162549,2026-03,uncertain,2,0.05873651057481766,0.06605159491300583,0.8752119541168213,uncertain,False
162550,2026-03,gov,0,0.6369563937187195,0.3095085918903351,0.05353497341275215,opo,False
162551,2026-03,gov,0,0.968414843082428,0.003567593637853861,0.02801753580570221,gov,False
162552,2026-03,gov,0,0.8735635280609131,0.010684593580663204,0.11575187742710114,gov,False
162553,2026-03,opo,1,0.4134514331817627,0.5309305191040039,0.05561799183487892,opo,False
162554,2026-03,uncertain,2,0.05931513383984566,0.011496422812342644,0.9291884899139404,uncertain,False
162555,2026-03,uncertain,2,0.08578696846961975,0.00898794922977686,0.9052250981330872,gov,False
162556,2026-03,gov,0,0.7667354941368103,0.11895281821489334,0.11431166529655457,gov,False
162558,2026-03,opo,1,0.003567066742107272,0.9958975315093994,0.0005354747409000993,opo,False
162559,2026-03,opo,1,0.011699365451931953,0.9869599938392639,0.00134067062754184,opo,False
163267,2026-03,opo,1,0.059797078371047974,0.9360159039497375,0.004187055863440037,opo,False
163268,2026-03,uncertain,2,0.07586584240198135,0.20049045979976654,0.7236437797546387,uncertain,False
163269,2026-03,uncertain,2,0.23404759168624878,0.023954076692461967,0.7419983148574829,uncertain,False
163271,2026-03,gov,0,0.9662808775901794,0.0014694633428007364,0.03224968910217285,gov,False
163272,2026-03,uncertain,2,0.023571131750941277,0.0019938144832849503,0.974435031414032,uncertain,False
163274,2026-03,uncertain,2,0.04464683681726456,0.02279767021536827,0.9325554966926575,gov,False
163275,2026-03,uncertain,2,0.0351211279630661,0.0020985330920666456,0.9627803564071655,uncertain,False
163276,2026-03,uncertain,2,0.106845922768116,0.006213834043592215,0.8869402408599854,uncertain,False
163278,2026-03,opo,1,0.08203811198472977,0.9094558358192444,0.00850608479231596,opo,False
163988,2026-03,opo,1,0.09084054827690125,0.8808467388153076,0.02831268310546875,opo,False
163989,2026-03,gov,0,0.9861401319503784,0.009432069957256317,0.004427776206284761,gov,False
163992,2026-03,gov,0,0.7442767024040222,0.228016197681427,0.027707116678357124,gov,False
163993,2026-03,opo,1,0.16229857504367828,0.8145604133605957,0.023141007870435715,opo,False
163996,2026-03,gov,0,0.8700171709060669,0.10136749595403671,0.028615331277251244,gov,False
163998,2026-03,gov,0,0.8479024767875671,0.14099320769309998,0.011104323901236057,gov,False
164709,2026-03,gov,0,0.9609222412109375,0.03287502005696297,0.006202707067131996,gov,False
164710,2026-03,gov,0,0.9437257051467896,0.0543813593685627,0.0018928898498415947,gov,False
164711,2026-03,opo,1,0.22707527875900269,0.7694960236549377,0.0034286952577531338,opo,False
164712,2026-03,gov,0,0.60809725522995,0.39104875922203064,0.0008539754780940711,opo,False
164713,2026-03,opo,1,0.3503032326698303,0.6380921006202698,0.011604677885770798,opo,False
164714,2026-03,gov,0,0.8322516679763794,0.13870039582252502,0.02904793806374073,gov,False
164715,2026-03,opo,1,0.2311704009771347,0.7572125792503357,0.011616977863013744,opo,False
164716,2026-03,opo,1,0.04770854860544205,0.9497396945953369,0.002551795681938529,opo,False
165430,2026-03,gov,0,0.8924292325973511,0.05730395391583443,0.05026673898100853,gov,False
165433,2026-03,gov,0,0.7863573431968689,0.21016597747802734,0.0034766646567732096,gov,False
165435,2026-03,opo,1,0.07209019362926483,0.9235336184501648,0.004376254044473171,opo,False
165436,2026-03,opo,1,0.053048186004161835,0.9454850554466248,0.0014667571522295475,opo,False
166150,2026-03,gov,0,0.9583917260169983,0.02064133621752262,0.020967038348317146,gov,False
166152,2026-03,opo,1,0.07977332174777985,0.9102455377578735,0.009981191717088223,opo,False
166154,2026-03,gov,0,0.9886890053749084,0.005995152518153191,0.005315834190696478,gov,False
166155,2026-03,gov,0,0.9508224129676819,0.04031690955162048,0.00886062067002058,gov,False
166156,2026-03,opo,1,0.13210327923297882,0.8594396710395813,0.008457021787762642,opo,False
166157,2026-03,opo,1,0.13426096737384796,0.8608519434928894,0.004887119401246309,opo,False
166873,2026-03,gov,0,0.9744987487792969,0.0089058643206954,0.01659531332552433,gov,False
166876,2026-03,opo,1,0.07865363359451294,0.9017202854156494,0.019626062363386154,opo,False
166877,2026-03,opo,1,0.08647602051496506,0.8755317330360413,0.03799225017428398,opo,False
167591,2026-03,gov,0,0.8385708332061768,0.012313326820731163,0.14911581575870514,gov,False
167592,2026-03,gov,0,0.9547885656356812,0.021393772214651108,0.023817703127861023,gov,False
167594,2026-03,gov,0,0.9811784625053406,0.0009874458191916347,0.017834121361374855,gov,False
167597,2026-03,opo,1,0.12623098492622375,0.8436959981918335,0.03007301688194275,opo,False
168313,2026-03,gov,0,0.9800122380256653,0.006361999548971653,0.013625729829072952,gov,False
168316,2026-03,opo,1,0.1294657289981842,0.8588712215423584,0.011663037352263927,opo,False
168318,2026-03,opo,1,0.17200161516666412,0.761782169342041,0.06621617823839188,opo,False
169035,2026-03,gov,0,0.9880187511444092,0.006713514681905508,0.005267764441668987,gov,False
169036,2026-03,gov,0,0.9717910289764404,0.016907187178730965,0.01130171399563551,gov,False
169037,2026-03,gov,0,0.9322896599769592,0.008552197366952896,0.05915820971131325,gov,False
169756,2026-03,gov,0,0.9744544625282288,0.006009199190884829,0.019536295905709267,gov,False
